smiles,logS,logS_std,measurement_count,salt_removed,salt_record_count,maximum_original_fragment_count
Clc1ccc(-c2cc(Cl)c(Cl)cc2Cl)cc1,-7.7699,0.0,1,False,0,1
Cc1ccc(-c2nc3ccccc3s2)cc1,-4.35,0.0,1,False,0,1
NC(=O)Nc1cc(Nc2nc(N)nc(Cl)n2)ccc1N=Nc1cc2c(S(=O)(=O)[O-])cc(S(=O)(=O)[O-])cc2cc1S(=O)(=O)[O-],-1.0000005869,0.0,1,True,1,4
C=C(C)C(=O)OCC(CC)CCCC,-4.8059741607,0.0,1,False,0,1
NC(=O)NCC(=O)NCC(=O)NCC(=O)O,-1.3505,0.0,1,False,0,1
O=C(O)C(F)F,1.0176,0.0,1,False,0,1
O=N/C=C1\C=CC=CN1,-1.0004518583,0.0,1,False,0,1
O=C(O)C(I)=CBr,-1.2118,0.0,1,False,0,1
Nc1ccccc1C(=O)OCC=Cc1ccccc1,-6.04,0.0,1,False,0,1
CCOc1ccccc1NC(=O)C(=O)Nc1ccccc1CC,-6.0175466725,0.0,1,False,0,1
O=C1c2ccc3c4ccc5c6c(ccc(c7ccc(c2c37)C(=O)N1CCc1ccccc1)c64)C(=O)N(CCc1ccccc1)C5=O,-8.4761487948,0.0,1,False,0,1
COc1ccc(N/N=C2\C(=O)C=Cc3ccccc32)c([N+](=O)[O-])c1,-7.9911025111,0.0,1,False,0,1
O=C(O)c1cc([N+](=O)[O-])cc([N+](=O)[O-])c1,-2.2076497234,0.0,1,False,0,1
C=CCOC(=O)CCC1CCCCC1,-4.0624492536000005,0.0,1,False,0,1
CC(C)=CC1C(C(=O)OCc2coc(Cc3ccccc3)c2)C1(C)C,-6.0524,0.0,1,False,0,1
CCCCOCC(C)OCC(C)O,-0.6530596225,0.0,1,False,0,1
CN(C)Cc1cc(CN(C)C)c(O)c(CN(C)C)c1,0.5055163708,0.0,1,False,0,1
CSc1ccc(C(=O)c2cc(CC(=O)O)cc3ccoc23)cc1,-5.51,0.0,1,False,0,1
Clc1ccc(Oc2c(Cl)cccc2Cl)cc1Cl,-6.56,0.0,1,False,0,1
C[C@](C#N)(CCC(=O)[O-])N=N[C@](C)(C#N)CCC(=O)[O-],-2.0083,0.0,1,False,0,1
Nc1ncc2nccnc2n1,-2.2979,0.0,1,False,0,1
Cn1cnc2c(=O)n(C)c(=O)n(C)c2c1=O,-1.985,0.0,1,False,0,1
O=CC(Cl)(Cl)Cl,-0.691340871,0.0,1,False,0,1
O=C(OCc1ccccc1)C(OS(=O)(=O)O)c1ccccc1,-1.5,0.0,1,False,0,1
O=C(O)C(S)Cc1ccccc1,-1.56,0.0,1,False,0,1
CCCCCCCCCCCCCCCCCCCCCCCCCC,-8.3339,0.0,1,False,0,1
COC(=O)CCN(CCC(=O)OC)c1ccc(N=Nc2ccc([N+](=O)[O-])cc2[N+](=O)[O-])c(NC(C)=O)c1,-7.3328313355,0.0,1,False,0,1
ClC(Cl)=C(Cl)C(Cl)(Cl)Cl,-4.1651,0.0,1,False,0,1
Nc1ccc(S(=O)(=O)Nc2cccc(Cl)c2Cl)cc1,-4.73,0.0,1,False,0,1
CC(O)CN(CC(C)O)C(=O)CCCCC(=O)N(CC(C)O)CC(C)O,0.2109933627,0.0,1,False,0,1
CCCCCCCC/C=C\CCCCCCCCNC(=O)CC(C(=O)[O-])S(=O)(=O)[O-],-0.0195157831,0.0,1,True,1,3
CC1CCCCC1=O,-0.94,0.0,1,False,0,1
CCSC(CCC(SCC)C(=O)O)C(=O)O,-1.36,0.0,1,False,0,1
N#CNC(N)=NCCCCCCN=C(N)NC#N,-4.4346903729000005,0.0,1,False,0,1
CCCCOCCC(=O)OC,-1.2909,0.0,1,False,0,1
O=C(Nc1cc(S(=O)(=O)[O-])cc2c1C(=O)/C(=N/Nc1ccc3c(CNc4nc(F)nc(F)c4Cl)cccc3c1S(=O)(=O)[O-])C(S(=O)(=O)[O-])=C2)c1ccccc1,-0.8900865081,0.0,1,True,1,4
Clc1ccc(-c2ccc(Cl)c(Cl)c2Cl)cc1Cl,-7.9823,0.0,1,False,0,1
FC(F)(Br)C(F)(F)Br,-4.9376,0.0,1,False,0,1
CC(C)CCCCCCCCCCOC(=O)CCCCC(=O)OCCCCCCCCCCC(C)C,-5.708288296799999,0.0,1,False,0,1
CCCCCCCCCCCCCCCC(=O)O,-6.806908841,0.0,1,False,0,1
CCOC(=O)[C@H](C)NC(=O)CCl,-0.4628,0.0,1,False,0,1
CNC1CN(c2cc3c(cc2F)c(=O)c(C(=O)O)cn3C2CC2)C1C,-4.57,0.0,1,False,0,1
O=C([O-])[C@H](O)[C@@H](O)[C@H](O)[C@H](O)CO,-0.1798,0.0,1,True,1,3
CC(C)(C#N)N=NC(C)(C)C#N,-2.7132509977,0.0,1,False,0,1
C=Cc1ccccn1,-0.5824,0.0,1,False,0,1
O=C(O)/C=C/CBr,-0.7403,0.0,1,False,0,1
O=C1C(O)=C(C2CCC(c3ccc(Cl)cc3)CC2)C(=O)c2ccccc21,-5.931,0.0,1,False,0,1
C=C(C)C(=O)OCCCC,-2.5443674546,0.0,1,False,0,1
COC(=O)CCCC(=O)OC,-0.4337,0.0,1,False,0,1
O=S(=O)([O-])C[C@@H](O)CNc1ccccc1,0.1187844902,0.0,1,False,0,1
O=C(OCC(=O)N1CCOCC1)c1ccccc1,-1.7734,0.0,1,False,0,1
ClCCCCCCCl,-3.4346473299,0.0,1,False,0,1
CCCCCCCC(=O)OCC(O)CO,0.1794741305,0.0,1,False,0,1
Clc1cc(Cl)c(Oc2ccccc2)c(Cl)c1Cl,-7.06,0.0,1,False,0,1
NS(=O)(=O)c1nnc(NS(=O)(=O)c2ccccc2[N+](=O)[O-])s1,-1.82,0.0,1,False,0,1
CCCCCCOC(=O)c1ccccc1C(=O)OCCCCCC,-6.144,0.0,1,False,0,1
Cn1c(=O)c2c(nc(/C=C/c3ccccc3)n2C)n(C)c1=O,-5.55,0.0,1,False,0,1
O=C(O)c1cccc(C(=O)O)c1O,-2.11,0.0,1,False,0,1
O=[N+]([O-])c1cc(C(F)(F)F)ccc1O,-2.503,0.0,1,False,0,1
C=CCCCCCCO,-1.7442328638,0.0,1,False,0,1
CN(C)c1ccc(N=Nc2ccccc2)cc1,-5.25,0.0,1,False,0,1
C=C(C)C(=O)OCCOC(=O)NCCC(C)CC(C)(C)CNC(=O)OCCOC(=O)C(=C)C,-4.619923834,0.0,1,False,0,1
CC(C)CC(NC(=O)C(N)Cc1c[nH]c2ccccc12)C(=O)O,-1.76,0.0,1,False,0,1
NCc1ccncc1,0.966,0.0,1,False,0,1
O=S(=O)([O-])c1cc(S(=O)(=O)[O-])c2cc(NS(=O)(=O)c3cccc(N=Nc4ccc(N=Nc5c(O)ccc6ccccc56)cc4)c3)ccc2c1,-1.2096462437,0.0,1,True,1,3
CCCc1nc(C)c2c(=O)nc(-c3cc(S(=O)(=O)N4CCN(CC)CC4)ccc3OCC)[nH]n12,-4.8438678664,0.0,1,False,0,1
C[C@H](CCC(=O)O)[C@H]1CC[C@H]2[C@@H]3CC[C@@H]4C[C@H](O)CC[C@]4(C)[C@H]3C[C@H](O)[C@]12C,-3.9544,0.0,1,False,0,1
O=S(=O)(Nc1ccccc1Cl)c1ccccc1,-4.32,0.0,1,False,0,1
CCCCCCCC(=O)OC1C(C(O)CO)OC2OC(C)(C)OC21,-3.17,0.0,1,False,0,1
N[C@@H](Cc1cnc[nH]1)C(=O)O,-0.1076498856,0.0,1,True,1,3
O=C(CBr)Nc1ccc(Cl)cc1C(=O)c1ccccc1F,-5.5693457861,0.0,1,False,0,1
CCCC(=O)n1ncc2c(=O)[nH]cnc21,-3.27,0.0,1,False,0,1
CCCCC1(CC)C(=O)NC(=S)NC1=O,-3.14,0.0,1,False,0,1
CCCOC1=CC(=O)C2(Oc3c(Cl)c(OC)cc(OC)c3C2=O)C(C)C1,-5.22,0.0,1,False,0,1
Clc1ccc(Oc2c(Cl)c(Cl)c(Cl)c(Cl)c2Cl)c(Cl)c1Cl,-10.6,0.0,1,False,0,1
C(/C=C/c1ccccc1)=NCCCCCCN=C/C=C/c1ccccc1,-3.8937390711,0.0,1,False,0,1
CC(=O)CC(=O)C(C)(C)C,-1.63,0.0,1,False,0,1
Cc1cccc(S(N)(=O)=O)c1,-1.3409,0.0,1,False,0,1
Cc1cccc(C(=O)O)c1,-2.1428,0.0,1,False,0,1
CC(=O)c1cc2c(cc1C)C(C)(C)C(C)CC2(C)C,-5.3154,0.0,1,False,0,1
O=C(O)c1c(Cl)cccc1Cl,-1.1309,0.0,1,False,0,1
CCC1CO1,0.080542298,0.0,1,False,0,1
CC(C)(CO)C(O)C(=O)NCCC(=O)O,0.6591,0.0,1,False,0,1
CC(C)CC(NC(=O)C(N)Cc1ccc(O)cc1)C(=O)O,-2.07,0.0,1,False,0,1
C=CCS[S+]([O-])CC=C,-0.83,0.0,1,False,0,1
CC(=O)N1CCN(c2ccc(O)cc2)CC1,-1.817914488,0.0,1,False,0,1
CC(C)=CCCC(C)CCOC=O,-4.0559608323,0.0,1,False,0,1
Nc1ccc(/C=C/c2ccc(N)cc2S(=O)(=O)O)c(S(=O)(=O)O)c1,-4.0635303795999995,0.0,1,False,0,1
Cc1nc(C(F)(F)F)c(C(=O)Nc2c(Br)cc(OC(F)(F)F)cc2Br)s1,-5.5186,0.0,1,False,0,1
Cc1cccnc1,1.0309,0.0,1,False,0,1
NC(N)=NCCCCCCCCNCCCCCCCCN=C(N)N,0.3322,0.0,1,False,0,1
Cc1ccc(Br)cc1,-3.1917,0.0,1,False,0,1
CC1(CCl)CO1,-0.5504,0.0,1,False,0,1
CCCCCCCCC(=O)OC,-3.38,0.0,1,False,0,1
Cc1c(OCC(F)(F)F)ccnc1CO,-1.7920737105000002,0.0,1,False,0,1
Clc1nc(Cl)nc(Nc2ccccc2Cl)n1,-4.5371,0.0,1,False,0,1
O=C(O)CCCC(C(=O)O)(c1ccccc1)c1ccccc1,-3.1737,0.0,1,False,0,1
O=C(O)c1c(Cl)c(Cl)c(Cl)c(Cl)c1C(=O)Nc1cccc(Cl)c1Cl,-4.5051,0.0,1,False,0,1
Cc1ccc2c(ccc3c4c5c(cccc5cc32)CC4)c1,-7.92,0.0,1,False,0,1
Cc1cc(C)cc(C(=O)Cl)c1,-3.3292897203,0.0,1,False,0,1
COP(=O)(OC)SCn1c(=O)oc2cc(Cl)cnc21,-2.47,0.0,1,False,0,1
O=c1[nH]c2c(c(=O)n1C1CCCCC1)CCC2,-4.5916,0.0,1,False,0,1
Clc1ccc(Cl)c(Oc2ccccc2)c1Cl,-5.95,0.0,1,False,0,1
CCc1cc(CC)c(CC)cc1CC,-4.5881768419,0.0,1,True,1,11
O=C1C=C(O)C[C@@H](c2ccccc2)C1,-2.5113,0.0,1,False,0,1
CC(=O)CC(=O)Nc1ccccc1Cl,-2.4065360765,0.0,1,False,0,1
C=CCCC,-2.6756730859,0.0,1,False,0,1
Cc1ccc(S(=O)(=O)NC(CCC(=O)O)C(=O)O)cc1,-0.93,0.0,1,False,0,1
O=[N+]([O-])c1cc(S(=O)(=O)Nc2ccccc2)ccc1Nc1ccccc1,-6.269,0.0,1,False,0,1
CC(=O)SC1CC2=CC(=O)CCC2(C)C2CCC3(C)C(CCC34CCC(=O)O4)C12,-4.28,0.0,1,False,0,1
CC(C)=NOCCOC(=O)C(C)Oc1ccc(Oc2cnc3cc(Cl)ccc3n2)cc1,-5.8479,0.0,1,False,0,1
O=C1NCCCC1N1C(=O)c2ccccc2S1(=O)=O,-2.64,0.0,1,False,0,1
C#CC=C,-1.4648,0.0,1,False,0,1
CCNC(CC)C(=O)O,-0.4189,0.0,1,False,0,1
CNC(=O)N(C)c1nnc(C(C)(C)C)s1,-1.997,0.0,1,False,0,1
Nc1cc2c3ccccc3ccc2c2ccccc12,-6.1958,0.0,1,False,0,1
CC=C(C)C,-2.2331509446,0.0,1,False,0,1
O=C(C1CCC1)N(O)C1CCCCC1,-2.7,0.0,1,False,0,1
CCCOC(=O)n1cnc2c1c(=O)n(C)c(=O)n2C,-1.45,0.0,1,False,0,1
N#CCc1ccc(Cl)cc1F,-2.5939062498,0.0,1,False,0,1
CS/C(C)=N/OC(=O)N(C)SN(C)C(=O)O/N=C(\C)SC,-4.0055,0.0,1,False,0,1
Nc1cc(S(=O)(=O)[O-])c(O)c2c1C(=O)c1c(O)c(S(=O)(=O)O)cc(N)c1C2=O,-1.7991126191,0.0,1,True,1,2
NCCCNc1ccccc1,-1.6543,0.0,1,False,0,1
CN(C)C(=O)NC1CC2CC1C1CCCC21,-3.01,0.0,1,False,0,1
CC(CCO)CC(C)(C)C,-2.5570799155,0.0,1,False,0,1
O=C(O)c1occc1Br,-1.17,0.0,1,False,0,1
CCCCCCO[N+](=O)[O-],-3.1265,0.0,1,False,0,1
COc1ccc(NC(C)=O)cc1,-1.3,0.0,1,False,0,1
CC(C)c1ccc(C#N)cc1,-2.9887953027,0.0,1,False,0,1
Clc1cccc(Oc2ccccc2)c1,-4.2107,0.0,1,False,0,1
C=CC(OC(C)=O)OC(C)=O,-1.2449,0.0,1,False,0,1
CCC1C(=O)NC(=O)NC1=O,-0.92,0.0,1,False,0,1
COc1cc(Cl)c(OC)cc1Cl,-4.413,0.0,1,False,0,1
COC1OC(COS(=O)(=O)c2ccc(C)cc2)C2OC(C)(C)OC12,-4.1564425332,0.0,1,False,0,1
COc1ccc(Cn2cc(F)c(=O)[nH]c2=O)cc1,-2.75,0.0,1,False,0,1
COc1ccc2cc(C(C)C(=O)OCC(=O)N(C)C)ccc2c1,-4.9,0.0,1,False,0,1
CCC(C)=O,0.52,0.0,1,False,0,1
CS(=O)(=O)O,0.8747875806500001,0.20146518494837787,2,True,1,2
COC(=O)/C(C)=C/OP(=S)(OC)OC,-2.7785,0.0,1,False,0,1
COc1ccc2c(c1)[nH]c1c(C)nccc12,-4.48,0.0,1,False,0,1
CCN(CC)C(=O)Cn1cc(I)c(=O)c(I)c1,-3.18,0.0,1,False,0,1
CC(O)(CCC(C)(O)C(=O)O)C(=O)O,-0.8372,0.0,1,False,0,1
CCCCC(=O)OC1CCC2(C)C(=CCC3C4CCC(=O)C4(C)CCC32)C1,-4.76,0.0,1,False,0,1
CC(C)COP(=O)(OCC(C)C)OCC(C)C,-3.0021546468,0.0,1,False,0,1
OC1CCCCC1,-0.3774,0.0,1,False,0,1
CCCCCCCC1CCCC1=O,-3.7694416506,0.0,1,False,0,1
CC(C)c1ccccc1Br,-4.1898,0.0,1,False,0,1
CC(=O)CC(=O)c1ccccc1,-2.6268,0.0,1,False,0,1
OCC1OC(OCC2OC(OC3(CO)OC(CO)C(O)C3O)C(O)C(O)C2O)C(O)C(O)C1O,0.3,0.0,1,False,0,1
C#CC1(O)CCC2C3CCc4cc(OC)ccc4C3CCC21C,-5.49,0.0,1,False,0,1
CC(C)(C)c1ccccc1O,-2.1899589144,0.0,1,False,0,1
O=[N+]([O-])c1ccc(O)c([N+](=O)[O-])c1,-2.5976,0.0,1,False,0,1
C#CC(C)(C)N,1.0316559884,0.0,1,False,0,1
CCSCCSP(=O)(OC)OC,-1.8438,0.0,1,False,0,1
CC(C)(C)C(=O)OCCc1ccccc1,-3.6752800895,0.0,1,False,0,1
CCCCCCCCCCCCCCCCC(CO)CCCCCCCCCCCCCC,-5.66920434,0.0,1,False,0,1
CCOP(=O)(OCC)SCn1nnc2ccccc2c1=O,-1.993,0.0,1,False,0,1
NC(Cc1c[nH]c2ccccc12)C(=O)NCC(=O)O,-0.85,0.0,1,False,0,1
O=S1(=O)c2ccccc2-c2ccccc21,-4.57,0.0,1,False,0,1
C=C[Si](OC(=C)C)(OC(=C)C)OC(=C)C,0.6452233386,0.0,1,False,0,1
CCOC(=O)CN(N=O)C(N)=O,0.7566,0.0,1,False,0,1
CO[Si](OC)(C1CCCC1)C1CCCC1,-4.6327996787,0.0,1,False,0,1
Clc1ccccc1-c1ccccc1,-4.5917,0.0,1,False,0,1
c1ccc2sc(SN(C3CCCCC3)C3CCCCC3)nc2c1,-6.7886,0.0,1,False,0,1
CCOc1ccccc1/C=C/C(=O)[O-],-3.3248,0.0,1,False,0,1
CC(C)COC=O,-1.0006,0.0,1,False,0,1
CCCCI,-2.9587,0.0,1,False,0,1
Cc1c(Cl)cc(Cl)c(O)c1Cl,-3.2761,0.0,1,False,0,1
CCC(C)C(C)C,-3.7756031489,0.7144562384938012,2,True,1,4
C=CC(=O)OCCCCCCCCCCOC(=O)C=C,-4.9608754545,0.0,1,False,0,1
CCCC(=O)OCOC(=O)c1cn(CC)c2nc(C)ccc2c1=O,-2.95,0.0,1,False,0,1
CCOC(=O)OCOc1ccc(NC(C)=O)cc1,-2.43,0.0,1,False,0,1
C=C(C#N)C(=O)OCC,-6.717139790499999,0.0,1,False,0,1
CCC(O)C(Cl)(Cl)Cl,-0.9481,0.0,1,False,0,1
CC(C)C1OCCO1,-0.0651,0.0,1,False,0,1
Brc1cccc2ccccc12,-4.3468,0.0,1,False,0,1
COCC(NC(C)=O)C(=O)NCc1ccccc1,-3.3984573794,0.0,1,False,0,1
Clc1ccc(Oc2c(Cl)cc(Cl)c(Cl)c2Cl)c(Cl)c1,-8.47,0.0,1,False,0,1
O=C1NC(=O)C2=C1CCCC2,-1.974517726,0.0,1,False,0,1
CC(O)CCO,1.0452,0.0,1,False,0,1
O=c1n(Cl)c(=O)n(Cl)c(=O)n1Cl,-1.2871,0.0,1,False,0,1
CCCCCCCN(C)N=Nc1ccc(C(=O)O)cc1,-3.39,0.0,1,False,0,1
CCCCCCCC/C=C/CCCCCCCCO[P+](=O)OCCCCCCCC/C=C/CCCCCCCC,-9.5344195865,0.0,1,False,0,1
Cc1cc(C)c(C(=O)P(=O)(c2ccccc2)c2ccccc2)c(C)c1,-5.010576791,0.0,1,False,0,1
CCCCCCCCCCCCCCCO,-6.3476,0.0,1,False,0,1
CC(C)N(C(=O)SCC(Cl)=C(Cl)Cl)C(C)C,-4.8818,0.0,1,False,0,1
Clc1ccc(Oc2cc(Cl)c(Cl)cc2Cl)cc1,-7.04,0.0,1,False,0,1
C#CC(OC(=O)C1C(C=C(C)C)C1(C)C)/C(C)=C/CC,-6.3931,0.0,1,False,0,1
CCCCCCCCC(CC)(CC)C(=O)NO,-5.22,0.0,1,False,0,1
Cc1c(Cl)ccc(Cc2c(Cl)cccc2Cl)c1Cl,-7.99,0.0,1,False,0,1
C=CC(=O)OCCN(C)S(=O)(=O)C(F)(F)C(F)(F)C(F)(F)C(F)(F)F,-5.3087460931,0.0,1,False,0,1
C=C/C=C\C#N,-0.7221,0.0,1,False,0,1
Cn1nc(S(N)(=O)=O)sc1=NS(=O)(=O)c1ccccc1[N+](=O)[O-],-2.79,0.0,1,False,0,1
C/C=C\CO,0.3621,0.0,1,False,0,1
O=c1[nH]c(=O)c2nccnc2[nH]1,-2.1183,0.0,1,False,0,1
CNCCC=C1c2ccccc2CCc2ccccc21,-4.02,0.0,1,False,0,1
Nc1ccc(S(=O)(=O)N=C2CC=CN2)cc1,-1.69,0.0,1,False,0,1
CC(C)CC(C)O,-0.7945,0.0,1,False,0,1
CCOC(=O)C(C)C,-1.2554968887,0.0,1,False,0,1
CC(CO)CC(C)c1ccccc1,-2.3469160768,0.0,1,False,0,1
O=C(O)CCCOc1cc(Cl)c(Cl)cc1Cl,-3.8294,0.0,1,False,0,1
CCCCCCCCCCCCCCCCN,-3.5835100427,0.0,1,False,0,1
CC(=O)CC(CC(=O)O)c1ccccc1,-1.4463,0.0,1,False,0,1
Clc1cc(Cl)c(-c2c(Cl)cc(Cl)cc2Cl)c(Cl)c1,-8.71,0.0,1,False,0,1
O=C(O)CC1(CC(=O)O)OCOC1=O,-0.611,0.0,1,False,0,1
c1ccc(-c2cnc(-c3ccc(CN4CCOCC4)cc3)o2)cc1,-4.35,0.0,1,False,0,1
O=C1OC(=O)C2CCCCC12,-1.5647364969,0.0,1,False,0,1
CCCCCOC(=O)CCCNC(=O)NC12CC3CC(CC(C3)C1)C2,-2.32,0.0,1,False,0,1
CCC(C)(C)c1ccccc1,-4.5007459195,0.0,1,False,0,1
CNC(=O)Oc1cc(C)cc(C)c1C,-1.9851,0.0,1,False,0,1
CS(=O)(=O)NS(=O)(=O)C1CCCCC1,-0.33,0.0,1,False,0,1
CN(C)C(=O)C(c1ccccc1)c1ccccc1,-2.98,0.0,1,False,0,1
ClC1C(Cl)C(Cl)C(Cl)C(Cl)C1Cl,-4.7904,0.21269771978091392,2,True,1,3
CCC(C)NCc1cccc(S(=O)(=O)c2csc(S(N)(=O)=O)c2)c1,-1.33,0.0,1,False,0,1
Cc1cc(Oc2ccccn2)nn1C,-0.98,0.0,1,False,0,1
CC(=O)Nc1ncc2ncn(COCCOC(C)=O)c2n1,-0.73,0.0,1,False,0,1
NNC(N)=S,-0.8457609068,0.0,1,False,0,1
NP(N)(=O)c1ccccc1,-1.1482,0.0,1,False,0,1
NC(=O)NN=C[C@H](O)[C@@H](O)[C@H](O)CO,-0.1288,0.0,1,False,0,1
CCOc1ccc(C2(C(=O)OC(C#N)c3cccc(Oc4ccccc4)c3)CC2(Cl)Cl)cc1,-6.7243,0.0,1,False,0,1
CCC(C)(OOC(C)(C)C)OOC(C)(C)C,-4.4507609201,0.0,1,False,0,1
NS(=O)(=O)c1cc2c(s1)SCCC2O,-2.59,0.0,1,False,0,1
CC(C)(O)C#N,1.07,0.0,1,False,0,1
O=I(=O)c1ccccc1,-1.8416,0.0,1,False,0,1
COC(C)C(C)Cl,-1.9986,0.0,1,False,0,1
FC(F)(F)C(F)(F)C(F)(F)F,-4.518,0.0,1,False,0,1
c1ccc2c(c1)ccc1cc3ccc4ccccc4c3cc12,-8.4318,0.0,1,False,0,1
C=CC(C)CC/C=C(\C)CCC=O,-3.7935760497,0.0,1,False,0,1
N[C@@H](COP(=O)(O)O)C(=O)O,-0.8149408723,0.0,1,False,0,1
Cc1cccc(Cl)c1O,-0.7739,0.0,1,False,0,1
O=Cc1cccc2c1OC(F)(F)O2,-2.1558333574,0.0,1,False,0,1
C#C[C@]1(O)CC[C@H]2[C@@H]3CCC4=CC(=O)CC[C@]4(C)[C@H]3CC[C@@]21C,-5.6576,0.0,1,False,0,1
CCCC(=O)N(CSP(=S)(OC)OC)c1ccccc1Cl,-5.204,0.0,1,False,0,1
CC(CN1c2ccccc2Sc2ccccc21)N(C)C,-4.2597,0.0,1,False,0,1
CC(C)OC(=O)CCCCCCCCC(=O)OC(C)C,-5.1559612143,0.0,1,False,0,1
O=c1nc(-c2ccccc2)[nH]c(-c2ccccc2)n1,-5.4935852535,0.0,1,False,0,1
CCNC(=O)NC(=O)/C(C#N)=N/OC,-2.3,0.0,1,False,0,1
CN(CC(=O)O)C(=O)COC(=O)c1ccccc1,-2.254,0.0,1,False,0,1
CCC1CCC(O)O1,-0.0651,0.0,1,False,0,1
CCCOCC(O)COCCC,-0.3431,0.0,1,False,0,1
C1COCO1,1.1303,0.0,1,False,0,1
CNC(=O)CCSCCSP(=O)(OC)OC,0.5416,0.0,1,False,0,1
COc1cc(OC)nc(NC(=O)NS(=O)(=O)Nc2ccccc2C(=O)C2CC2)n1,-6.3943,0.0,1,False,0,1
CCN(CC)CC(C)OC(=O)c1ccc(N)cc1,-2.35,0.0,1,False,0,1
CCCCCCC(CCC)(CCC)C(=O)NO,-2.82,0.0,1,False,0,1
CNS(=O)(=O)c1cc(OC)c(N/N=C2\C(=O)C(C(=O)Nc3ccc4[nH]c(=O)[nH]c4c3)=Cc3ccccc32)cc1C,-8.2171679788,0.0,1,False,0,1
O=C(NC1CCCCC1)c1cccnc1,-2.319,0.0,1,False,0,1
C1=C\CCCCCC/1,-3.770339988,0.0,1,False,0,1
CCCCCCCCCC(=O)OOC(=O)CCCCCCCCC,-6.4497523604,0.0,1,False,0,1
O=C(O)c1ccncc1C(=O)O,-1.8538,0.0,1,False,0,1
CCC#CC(C)O,-0.4121,0.0,1,False,0,1
O=C(O)c1ccccc1Br,-2.05,0.0,1,False,0,1
N=C(N)NC(=O)c1nc(Cl)c(N)nc1N,-2.87,0.0,1,False,0,1
COc1ccc(C=O)c(C(=O)O)c1OC,-1.9247,0.0,1,False,0,1
C#CC1(OC(=O)C(C)(C)C)CCC2C3CCC4=CC(=O)CCC4C3CCC21C,-7.16,0.0,1,False,0,1
C=CCOc1ccc(CC(=O)O)cc1Cl,-3.13,0.0,1,False,0,1
CSc1ccc(C(=O)C(C)(C)N2CCOCC2)cc1,-4.1933811426,0.0,1,False,0,1
COCCOC,1.0451691789,0.0,1,False,0,1
CCCCOC1=CC(=O)C2(Oc3c(Cl)c(OC)cc(OC)c3C2=O)C(C)C1,-5.4,0.0,1,False,0,1
OCc1ccccc1CO,0.0569,0.0,1,False,0,1
Nc1ccc(CCc2ccc(N)cc2)cc1,-3.6457005741,0.0,1,False,0,1
NC1CN(c2cc3c(cc2F)c(=O)c(C(=O)O)cn3C2CC2)C1,-5.32,0.0,1,False,0,1
CC(=O)OCC(=O)C1(O)C(C)CC2C3CCC4=CC(=O)C=CC4(C)C3(F)C(O)CC21C,-4.9,0.0,1,False,0,1
C1CCN2C[C@@H]3C[C@@H](CN4CCCC[C@@H]34)[C@H]2C1,-1.8871,0.0,1,False,0,1
Oc1ccc(Cl)cc1,-0.6876597172,0.0,1,False,0,1
CN(C)[P+](CC1CCCCC1)(N(C)C)N(C)C,-1.5071434524,0.0,1,True,1,2
COC(=O)c1ccccc1C(=O)c1ccccc1,-3.4776,0.0,1,False,0,1
O=C(O)[C@H]1CC[C@H](C(=O)O)SS1,-1.5241,0.0,1,False,0,1
O=[N+]([O-])c1cccc(OC2OC(CO)C(O)C(O)C2O)c1,-1.28,0.0,1,False,0,1
O=C(O)Cc1ccccc1C(=O)O,-1.0515,0.0,1,False,0,1
CN(C)C(=O)Nc1ccc(Cl)cc1,-2.89,0.0,1,False,0,1
FC(F)(F)F,-3.6703396281,0.0,1,False,0,1
CCCCCC(C)CO,-2.5281270707,0.0,1,False,0,1
CN(C)C(=O)OC1=CC(=O)CC(C)(C)C1,-0.8477,0.0,1,False,0,1
CCN(CC)CCOC(=O)c1ccc(N)cc1,-1.72,0.0,1,False,0,1
O=[N+]([O-])c1cccc([N+](=O)[O-])c1,-2.4989,0.0,1,False,0,1
CCOP(=S)(OCC)SCCSCC,-4.2262,0.0,1,False,0,1
CCCCCCCCCCCCCCCC(=O)OCC(O)CO,-4.7267916006,0.0,1,False,0,1
COC(=O)c1ccc(C(C)(C)C)cc1,-3.7398163758,0.0,1,False,0,1
CCCCCCCC(=O)Oc1c(Br)cc(C#N)cc1Br,-6.7023,0.0,1,False,0,1
C1OC1C1CO1,1.065,0.0,1,False,0,1
CCOP(=S)(OCC)SCn1c(=O)oc2ccccc21,-5.1905,0.0,1,False,0,1
CCN(C#N)CCC[NH+](C)C,0.7173642943999999,0.0,1,True,1,2
O=Cc1ccccc1Cl,-1.9805722205,0.0,1,False,0,1
CC(C)=CCC1(C(C)C)C(=O)NC(=O)NC1=O,-2.59,0.0,1,False,0,1
O=C(O)c1cccc(Cl)c1Cl,-2.3316729189,0.0,1,False,0,1
Clc1cc(Cl)c(-c2cc(Cl)c(Cl)c(Cl)c2Cl)cc1Cl,-8.0115,0.0,1,False,0,1
CC1CC(C)(C)OC(Cc2ccccc2)O1,-2.7446854432,0.0,1,False,0,1
O=C1CCC(=O)N1Cl,-0.9702,0.0,1,False,0,1
O=C1CNC(=S)N1c1ccccc1,-3.2425,0.0,1,False,0,1
CC(C)(C)c1cccc(O)c1,-1.8614,0.0,1,False,0,1
Nc1nc(N)nc(NC2CC2)n1,-1.179,0.0,1,False,0,1
C=CC(=O)O[Si](C(C)C)(C(C)C)C(C)C,-4.9437379631,0.0,1,False,0,1
O=S(=O)(O)c1c(Br)c(Br)c(Br)c(Br)c1Br,-2.0061,0.0,1,False,0,1
COc1ccc(C(=O)O)cc1C(=O)O,-3.1165,0.0,1,False,0,1
CC(=O)NC(Cc1ccccc1)C(=O)O,-1.41,0.0,1,False,0,1
CC(C)CCCC(C)CCO,-3.3932597866000003,0.0,1,False,0,1
Cc1ccc(N(CC(C)O)CC(C)O)cc1,-1.5038218002,0.0,1,False,0,1
CC(C)(O)CCCC1=CCC(C=O)CC1,-1.5376,0.0,1,False,0,1
Clc1ccc(Cl)c(-c2c(Cl)cccc2Cl)c1,-6.8,0.0,1,False,0,1
CCCCN(CC)c1c([N+](=O)[O-])cc(C(F)(F)F)cc1[N+](=O)[O-],-5.53,0.0,1,False,0,1
CN1CC(C(=O)O)CC1=O,-0.954,0.0,1,False,0,1
CCC(C)C1NC(=O)C(Cc2ccccc2)NC(=O)C2CCCN2C(=O)C(Cc2ccccc2)N(C)C(=O)C2CCC=NN2C(=O)C2CCC=NN2C1=O,-4.04,0.0,1,False,0,1
C=C(OCC)C1C(C)(C)CC(=O)CC1(C)C,-3.6433442829,0.0,1,False,0,1
CCOC(=O)c1[nH]c(C=O)c(CC)c1C,-2.7186,0.0,1,False,0,1
COc1cc(OC)n2nc(S(=O)(=O)Nc3c(Cl)ccc(C)c3Cl)nc2n1,-3.3204,0.0,1,False,0,1
COc1c2c(cc3oc(=O)ccc13)OC(C)(C)C=C2,-3.81,0.0,1,False,0,1
CC1CC(O)CC(C)(C)C1,-1.9916598479,0.0,1,False,0,1
Cc1cc(O)cc(C)c1Cl,-2.67,0.0,1,False,0,1
Nc1cccc(S(=O)(=O)O)c1,-1.2051065795,0.0,1,False,0,1
O=C1CCCCCCC/C=C\CCCCCCO1,-5.629397554600001,0.0,1,False,0,1
Cc1[nH]cnc1S(=O)(=O)O,0.188,0.0,1,False,0,1
CC(C)C(C)(C)C(C)(C)C(C)(C)S,-7.7118329776,0.0,1,False,0,1
ClC(Cl)c1ccccc1,-2.8089999999999997,0.0,1,False,0,1
Clc1cc(Oc2cc(Cl)c(Cl)c(Cl)c2Cl)c(Cl)c(Cl)c1Cl,-10.1,0.0,1,False,0,1
CCOc1ccc([N+](=O)[O-])cc1N,-3.2113,0.0,1,False,0,1
NS(=O)(=O)c1nnc(NS(=O)(=O)c2cccc([N+](=O)[O-])c2)s1,-1.46,0.0,1,False,0,1
CC(C)C(C)(C)O,-0.411,0.0,1,False,0,1
CCCCC(=O)N(Cc1ccc(-c2ccccc2-c2nnn[nH]2)cc1)C(C(=O)O)C(C)C,-4.2,0.0,1,False,0,1
O=S(=O)([O-])OCCS(=O)(=O)c1ccc(N=Nc2c(S(=O)(=O)[O-])cc3cc(Nc4nc(Cl)nc(Cl)n4)ccc3c2O)cc1,-1.5783823574,0.0,1,True,1,3
CC(C)CCOCCC(C)C,-3.7601070667,0.0,1,False,0,1
OCCN1CCN(CCCN2c3ccccc3Sc3ccc(Cl)cc32)CC1,-4.1546,0.0,1,False,0,1
CCCCCCCCCCCCCCCCCC(=O)OCCCCCCCC,-6.8994921961,0.0,1,False,0,1
C#CC(C)(O)CCCC(C)CCCC(C)C,-4.953059618999999,0.0,1,False,0,1
CCCCCCCCCCCCOC(=O)c1ccc(N)cc1,-7.8,0.0,1,False,0,1
O=C(NCN1CCCCC1)c1ccccc1,-2.15,0.0,1,False,0,1
NS(=O)(=O)c1cc2c(cc1C(F)(F)F)NCNS2(=O)=O,-2.97,0.0,1,False,0,1
CC1(C)CNCC(C)(C)C1OC(=O)CCCCCCCCC(=O)OC1C(C)(C)CNCC1(C)C,-4.4077469895,0.0,1,False,0,1
COC(=O)c1ccccc1S(=O)(=O)NC(=O)Nc1nc(C)nc(OC)n1,-1.604,0.0,1,False,0,1
CCOC(=O)c1ccccc1S(=O)(=O)NC(=O)Nc1nc(Cl)cc(OC)n1,-4.58,0.0,1,False,0,1
O=CNC(N1C=CN(C(NC=O)C(Cl)(Cl)Cl)C=C1)C(Cl)(Cl)Cl,-4.19,0.0,1,False,0,1
CCOC(=S)SC(C)C(=O)O,-1.4489,0.0,1,False,0,1
OCc1cccc(O)c1,-0.2678,0.0,1,False,0,1
CCCC(=O)Oc1ccc(NC(C)=O)cc1,-2.83,0.0,1,False,0,1
O=S(=O)([O-])CCO,0.5569422141,0.0,1,True,1,2
Nc1cc(S(=O)(=O)O)cc2ccccc12,-2.34,0.0,1,False,0,1
CC(=O)N/N=C/c1ccc([N+](=O)[O-])o1,-2.5958,0.0,1,False,0,1
Nc1ccc(C(=O)O)c(S(=O)(=O)O)c1,-1.86,0.0,1,False,0,1
C=CCO,1.236,0.0,1,False,0,1
Cc1cc(=S)n(C)n1-c1ccccc1,-1.6668,0.0,1,False,0,1
O=C(c1ccc(O)c(O)c1)c1c(O)cc(O)cc1O,-1.72,0.0,1,False,0,1
O=C(O)[C@@H]1C[C@@H](C2CCCCC2)CN1,0.631268384,0.0,1,True,1,2
Cc1cc(N(C)C)nc(Cl)n1,-1.2615,0.0,1,False,0,1
CCC(O)OC(O)CC,0.8723,0.0,1,False,0,1
C=CC(C)CCCC(C)(C)O,-2.2212072407,0.0,1,False,0,1
CCC(Br)(CC)C(N)=O,-1.44,0.0,1,False,0,1
C=C(C)[C@@H]1[C@H]2OC(=O)[C@@H]1[C@]1(O)[C@H]3O[C@H]3[C@]3(CO3)[C@]1(C)[C@@H]2O,-1.19,0.0,1,False,0,1
CCCCOC(=O)c1cccnc1,-1.8367,0.0,1,False,0,1
COC(=O)NC(=S)Nc1ccccc1NC(=S)NC(=O)OC,-4.1097,0.0,1,False,0,1
C=CC(=O)OCCN(C)C,0.2243106848,0.0,1,False,0,1
Cc1ccc(S(=O)(=O)NCl)cc1,-0.36,0.0,1,False,0,1
CC(=O)OCC(=O)C1(O)CCC2C3CCC4=CC(=O)CCC4(C)C3C(=O)CC21C,-4.21,0.0,1,False,0,1
CC[NH+](CC)CC,0.5951972853999999,0.0,1,True,1,2
Cc1cncc(C)c1,-0.5115,0.0,1,False,0,1
CCOS(=O)(=O)c1ccccc1,-2.1308,0.0,1,False,0,1
O=C([O-])C1=NN(c2ccc(S(=O)(=O)[O-])cc2)C(=O)C1N=Nc1ccc(S(=O)(=O)[O-])cc1,-0.5049964012,0.0,1,True,1,4
C=C(C)C1CC=C(C)C(=O)C1,-2.0628,0.0,1,False,0,1
O=P(N1CCOCC1)(N1CCOCC1)N1CCOCC1,0.2984,0.0,1,False,0,1
O=CNCC(=O)O,0.2672,0.0,1,False,0,1
COc1cc(C=O)ccc1O,-1.2280265929,0.0,1,False,0,1
C=CCC1(C)C(=O)NC(=O)NC1=O,-1.16,0.0,1,False,0,1
Cc1cccc([N+](=O)[O-])c1C,-3.0033599893000003,0.0,1,False,0,1
O=S(=O)(CCl)CCCl,-1.5,0.0,1,False,0,1
CCOC(=O)CN(C(=O)CCl)c1c(CC)cccc1CC,-3.4727,0.0,1,False,0,1
Clc1nc(Cl)nc(Cl)n1,-2.6223388564,0.0,1,False,0,1
CCC(C)(C)OOC(C)(C)CC,-4.1004353388,0.0,1,False,0,1
CC(=O)N(O)CCCCCNC(=O)CCC(=O)N(O)CCCCCNC(=O)CCC(=O)N(O)CCCCCN,-1.6695,0.0,1,False,0,1
Nc1nc2c(ncn2COC(CO)CO)c(=O)[nH]1,-1.77,0.0,1,False,0,1
Cc1c(O)cccc1O,0.1927727267,0.0,1,False,0,1
O=c1ccc2ccc[nH]c-2c1,-2.5038,0.0,1,False,0,1
O=C1C2CC=CCC2C(=O)N1SC(Cl)(Cl)Cl,-4.7704,0.0,1,False,0,1
CCCCCCCCN,-2.75,0.0,1,False,0,1
Cc1ccc2[nH]c3cc4c(=O)c5cc(C)ccc5[nH]c4cc3c(=O)c2c1,-7.7837785588,0.0,1,False,0,1
CN(C)Cc1cc(C(C)(C)C)c(O)c(C(C)(C)C)c1,-2.7113870277,0.0,1,False,0,1
Cc1cnc2c(C(=O)O)c(Cl)ccc2c1,-2.9973,0.0,1,False,0,1
CC1(C)CCC2(CCC(C)(C)O2)O1,-1.9644,0.0,1,False,0,1
CC1=CCC(/C=C/C(C)(C)C(C)O)C1(C)C,-4.2167463336,0.0,1,False,0,1
CCCCCOC(=O)CCOCC,-2.1956,0.0,1,False,0,1
CCC1(c2ccccc2)NC(=O)NC1=O,-2.64,0.0,1,False,0,1
CCCCC(C)(C)C,-5.7568,0.0,1,False,0,1
CC(=O)Nc1ccc(NNC2=C3C(=O)C=C(S(=O)(=O)[O-])C=C3C=CC2=N)c(C(F)(F)F)c1,-1.3288181975,0.0,1,True,1,2
O=C1CC/C=C\CCCCCCCCCC1,-4.8831871131,0.0,1,False,0,1
Oc1c(O)c(Cl)c(Cl)c(Cl)c1Cl,-3.55,0.0,1,False,0,1
CC(C)CCCCCCCOC(=O)CCCCCCCC(=O)OCCCCCCCC(C)C,-6.971983320700001,0.0,1,False,0,1
CNC1(c2ccccc2Cl)CCCCC1=O,-0.1369999999999999,0.0,1,True,1,3
C#CC1(O)CCCCC1,-0.7048960629000001,0.0,1,False,0,1
ClC1=C(Cl)C2(Cl)C3C(Cl)C(Cl)CC3C1(Cl)C2(Cl)Cl,-6.8644,0.0,1,False,0,1
CC(C)c1ccc(OP(=O)(Oc2ccc(C(C)C)cc2)Oc2ccc(C(C)C)cc2)cc1,-6.1371343953999995,0.0,1,False,0,1
CCc1[nH]c(=O)[nH]c1C(=O)c1ccncc1,-1.99,0.0,1,False,0,1
COC(=O)CCl,-0.372767961,0.0,1,False,0,1
CC(C)(C)CC(=O)OCC(=O)C1(O)CCC2C3CCC4=CC(=O)CCC4(C)C3C(O)CC21C,-5.5111,0.0,1,False,0,1
O=[N+]([O-])c1cccc(CO)c1,-2.4142,0.0,1,False,0,1
N#CCCCl,-0.29,0.0,1,False,0,1
CCN(OC(=O)c1ccccc1)C(=O)c1c(OC)ccc(Cl)c1OC,-4.0837,0.0,1,False,0,1
O=CO,0.92527124735,0.3543793567210769,2,True,1,2
O=P(Oc1ccccc1)(Oc1ccccc1)Oc1ccc(-c2ccc(OP(=O)(Oc3ccccc3)Oc3ccccc3)cc2)cc1,-7.813287357,0.0,1,False,0,1
CCCO,0.62,0.0,1,False,0,1
O=C1C=CC(=NNc2ccc(N=Nc3ccccc3)c3ccccc23)C=C1,-6.0092,0.0,1,False,0,1
c1coc(CNc2ncnc3[nH]cnc23)c1,-3.95,0.0,1,False,0,1
C[C@@H]1NC(=O)[C@@H](C)NC1=O,-0.1528,0.0,1,False,0,1
O=C(Nc1ccc2c(O)c(N=Nc3ccccc3)c(S(=O)(=O)[O-])cc2c1)Nc1ccc2c(O)c(N=Nc3ccccc3)c(S(=O)(=O)[O-])cc2c1,-1.8872466915,0.0,1,True,1,3
CN(C)P(=O)(N(C)C)N(C)C,0.7467,0.0,1,False,0,1
COC(=O)Nc1cccc(OC(=O)Nc2cccc(C)c2)c1,-4.779,0.0,1,False,0,1
CN1CC(=O)N=C1N,-0.1499,0.0,1,False,0,1
C=CCC1(CC(C)C)C(=O)NC(=O)NC1=O,-2.1193,0.0,1,False,0,1
CC(C)CC(C)(C)C,-4.6704,0.0,1,False,0,1
OCCOc1ccccc1,-0.742461176,0.0,1,False,0,1
CC/C(C)=C/CC/C(C)=C/C#N,-3.5896411422,0.0,1,False,0,1
CCOc1nc(F)cc2nc(S(=O)(=O)Nc3c(Cl)cccc3C(=O)OC)nn12,-4.4292,0.0,1,False,0,1
CC(=O)NC(CC(C)C)C(=O)O,-1.13,0.0,1,False,0,1
COc1c2occc2c(OC)c2c(=O)cc(C)oc12,-3.0210000000000004,0.0,1,False,0,1
O=[N+](O)OCCCCCCCO[N+](=O)O,-3.4,0.0,1,False,0,1
COc1ccc(-c2c(Cl)ncn2-c2ccc(S(=O)(=O)NP(=O)(O)O)cc2)cc1F,-2.55,0.0,1,False,0,1
C[C@@]12C(=O)OC(=O)[C@]1(C)[C@H]1CC[C@@H]2O1,-3.8156,0.0,1,False,0,1
O=Cc1ccc([N+](=O)[O-])cc1,-1.8101,0.0,1,False,0,1
Cc1ccccc1Oc1ccccc1C,-4.8439277143,0.0,1,False,0,1
C=CCC(C(=O)NC(N)=O)C(C)C,-2.7469,0.0,1,False,0,1
CC(C)OC(=O)c1cccc([N+](=O)[O-])c1C(=O)[O-],-2.3466,0.0,1,False,0,1
CS(C)(=O)=O,0.2,0.0,1,False,0,1
Cc1noc(C)c1N=C1C=C(O)C(=O)c2ccccc21,-3.89,0.0,1,False,0,1
CC(C#N)CCC#N,-0.3155007402,0.0,1,False,0,1
CN(C)C(=O)n1cc(F)c(=O)[nH]c1=O,-1.53,0.0,1,False,0,1
CCCCC(CC)COC(=O)OOC(C)(C)CC,-6.088238680599999,0.0,1,False,0,1
CC(=O)N[C@@H](Cc1cc(Br)c(O)c(Br)c1)C(=O)O,-2.1830000000000003,0.0,1,False,0,1
CCC(C)C1NC(=O)C(Cc2ccccc2)NC(=O)C2CCCN2C(=O)C(Cc2ccccc2)N(C)C(=O)C(CCCN)NC(=O)C2CCC=NN2C1=O,-2.7,0.0,1,False,0,1
CCCCN(CC)N=O,-1.0354,0.0,1,False,0,1
CCCCCCCC/C=C/CCCCCCCCN(CCO)CCO,-4.7801182897,0.0,1,False,0,1
CC(=O)C(C)O,1.055,0.0,1,False,0,1
Cc1ccc(S(=O)(=O)Nc2cc(S(=O)(=O)[O-])cc3c2C(=O)/C(=N/Nc2ccc(Oc4ccccc4C)cc2Oc2ccccc2C)C(S(=O)(=O)[O-])=C3)cc1,-2.5669690772,0.0,1,True,1,3
O=[N+]([O-])c1ccn[nH]1,-1.2854728211,0.0,1,False,0,1
O=[N+]([O-])c1cccc([N+](=O)[O-])c1O,-2.7668,0.0,1,False,0,1
CC(C)(C)NC(N)=O,-0.7306,0.0,1,False,0,1
CCCCCCCCCCCCCCCCCCCCCC(=O)NCCCN(C)C,-6.6281415672,0.0,1,False,0,1
O=C1Cc2cc(CCCl)c(Cl)cc2N1,-4.7775740697,0.0,1,False,0,1
CC(C)CCCCCOC(=O)CS,-4.2850368969,0.0,1,False,0,1
CCc1nc2nc(N)nc(N)c2nc1CC,-3.2671,0.0,1,False,0,1
CNC(=O)O/N=C(\SC)C(=O)N(C)C,0.1062,0.0,1,False,0,1
CCSc1nnc(C(C)(C)C)c(=O)n1N,-2.7353,0.0,1,False,0,1
FC(F)=C(F)C(F)(F)F,-2.8887982833,0.0,1,False,0,1
CC(F)(Cl)Cl,-2.4448,0.0,1,False,0,1
Cc1cc(O)c(C(C)(C)C)cc1Sc1cc(C(C)(C)C)c(O)cc1C,-7.112066324,0.0,1,False,0,1
CC(=O)/C=C/c1ccccc1,-2.050971343,0.0,1,False,0,1
O=c1nc[nH]c2c1ncn2C1OC(CO)C(O)C1O,-1.2298486435,0.0,1,False,0,1
CCC#CC(C)C,-2.7448,0.0,1,False,0,1
NC(Cc1ccc(O)c(O)c1)C(=O)OCc1ccccc1,-1.81,0.0,1,False,0,1
Cc1cc2cccc3ccc4c5ccccc5cc1c4c32,-8.5224,0.0,1,False,0,1
CCCCCCCCCCCCCCCCCCSSCCCCCCCCCCCCCCCCCC,-6.057758885499999,0.0,1,False,0,1
COc1cccc([N+](=O)[O-])c1,-2.4861,0.0,1,False,0,1
Clc1ccc(Cl)c(-c2c(Cl)c(Cl)c(Cl)c(Cl)c2Cl)c1Cl,-9.1,0.0,1,False,0,1
O=C1CCCCCCCCCCC1,-3.8458299965,0.0,1,False,0,1
COc1cc(-c2ccc(N=NC(C(C)=O)C(=O)Nc3ccccc3)c(OC)c2)ccc1N=NC(C(C)=O)C(=O)Nc1ccccc1,-8.6167666964,0.0,1,False,0,1
CCCCCCCOC(=O)c1ccc(O)c(Br)c1,-4.42,0.0,1,False,0,1
CCC1(c2ccccc2)CCC(=O)N(CO)C1=O,-1.66,0.0,1,False,0,1
CC(C)(C=O)CO,-0.3279,0.0,1,False,0,1
CCCSC(=O)N(CCC)CCC,-3.3,0.0,1,False,0,1
CCC1(C)NC(=O)C(C)(CC)NC1=O,-1.92,0.0,1,False,0,1
O=C(NC(CO)C(O)c1ccc([N+](=O)[O-])cc1)C(Cl)Cl,-2.1114,0.0,1,False,0,1
Clc1ccccc1Oc1ccccc1,-4.7796,0.0,1,False,0,1
O=C(OCC1CO1)C1CC=CCC1C(=O)OCC1CO1,-1.3401088604,0.0,1,False,0,1
Nc1ccnc(=O)[nH]1,-1.1426,0.0,1,False,0,1
CCC/C(=C\C(=O)O)C(=O)O,-1.1538,0.0,1,False,0,1
Nc1c(S(=O)(=O)[O-])cc(Nc2ccc(S(=O)(=O)CCOS(=O)(=O)[O-])cc2)c2c1C(=O)c1ccccc1C2=O,-0.5639623965,0.0,1,True,1,3
O=C(c1ccccc1)c1ccc(O)c(O)c1,-2.9226200497000003,0.0,1,False,0,1
Cc1c(Cl)cccc1Cl,-3.7919361419,0.0,1,False,0,1
COc1ccc(CCN(C)CCCC(C#N)(c2ccc(OC)c(OC)c2)C(C)C)cc1OC,-3.98,0.0,1,False,0,1
CCCCCCCC/C=C\CCCCCCCCCCCC(=O)OCCCCCCCC/C=C\CCCCCCCC,-7.071179206900001,0.0,1,False,0,1
Cc1cc(S(=O)(=O)[O-])c(N/N=C2/C(=O)C(C(=O)[O-])=Cc3ccccc32)cc1Cl,-5.745185694400001,0.0,1,True,1,2
CC(=O)Nc1ccc(S(=O)(=O)c2ccc(N)cc2)cc1,-3.6116,0.0,1,False,0,1
CC1NC(C)SC(C)S1,-1.3679,0.0,1,False,0,1
OCC1OC(n2c(-c3ccco3)nc3ccccc32)C(O)C(O)C1O,-2.33,0.0,1,False,0,1
Cc1cc(Cl)cc(Cl)c1O,-2.0439,0.0,1,False,0,1
CCNC(=O)C(C)OC(=O)Nc1ccccc1,-1.83,0.0,1,False,0,1
CN(C)C1C(O)=C(C(N)=O)C(=O)C2(O)C(O)=C3C(=O)c4c(O)cccc4C(C)(O)C3C(O)C12,-3.15,0.0,1,False,0,1
O=CCc1ccc2c(c1)OCO2,-1.96,0.0,1,False,0,1
Oc1cc2ccccc2cc1O,-2.7377,0.0,1,False,0,1
C1=C\CC/C=C/CC/C=C\CC/1,-5.3651562541,0.0,1,False,0,1
O=S1OC[C@@H]2[C@H](CO1)[C@]1(Cl)C(Cl)=C(Cl)C2(Cl)C1(Cl)Cl,-5.9563,0.0,1,False,0,1
CCN(CC)c1cccc(NC(C)=O)c1,-2.4693780306,0.0,1,False,0,1
O=S(=O)([O-])c1ccc(Nc2nc(Cl)nc(NCCNc3ccc4c(c3S(=O)(=O)[O-])Oc3c(Cl)c5c(c(Cl)c3=N4)Oc3c(ccc(NCCNc4nc(Cl)nc(Nc6ccc(S(=O)(=O)[O-])cc6S(=O)(=O)[O-])n4)c3S(=O)(=O)[O-])N=5)n2)c(S(=O)(=O)[O-])c1,-0.8795540191,0.0,1,True,1,7
CCc1ccc(C)nc1,-1.0042604536,0.0,1,False,0,1
CC(C)(C)c1ccc(O)cc1,-4.442670510199999,2.9009334248752423,2,True,1,2
OCCCOCC(OCCCO)C(OCCCO)C(OCCCO)C(COCCCO)OCCCO,0.053341445,0.0,1,False,0,1
CC(C)OC(=O)CCCCC(=O)OC(C)C,-3.1070289758999996,0.0,1,False,0,1
O=NN1CCCC1,0.9995,0.0,1,False,0,1
CC(C)OC(=O)CS(=O)(=O)c1ccc(Cl)cc1,-2.41,0.0,1,False,0,1
Clc1ccc(Oc2cc(Cl)c(Cl)c(Cl)c2)cc1,-7.35,0.0,1,False,0,1
C[C@H]1CC(=O)C=C2CC[C@H]3[C@@H]4CC[C@H](O)[C@@]4(C)CC[C@@H]3[C@]21C,-3.5264225666000004,0.0,1,False,0,1
CCCCCC(=O)CCCCC,-3.5322,0.0,1,False,0,1
O=C(N=C1C=CC2=C(S(=O)(=O)[O-])C(NNc3ccc4c(S(=O)(=O)[O-])cccc4c3)=CC(=O)C2=C1)Nc1ccc2c(c1)C=C(S(=O)(=O)[O-])/C(=N\Nc1ccc3cccc(S(=O)(=O)[O-])c3c1)C2=O,-0.6872171371,0.0,1,True,1,5
CCC(=O)C(CCCCCCOc1ccc(OC)cc1Cl)C(=O)CC,-5.27,0.0,1,False,0,1
N=C1C=CC2=CC(S(=O)(=O)[O-])=CC(=O)C2=C1NNc1ccc(N)cc1S(=O)(=O)[O-],0.3165863989999999,0.0,1,True,1,3
Cc1cc(C)nc(NS(=O)(=O)c2ccc(N)cc2)n1,-2.73,0.0,1,False,0,1
CCCCC(=O)Oc1ccc([N+](=O)[O-])cc1,-4.3945,0.0,1,False,0,1
O=C(Nc1cc2c3cc(NC(=O)c4ccccc4)c4c(=O)c5ccccc5c(=O)c4c3[nH]c2c2c(=O)c3ccccc3c(=O)c12)c1ccccc1,-4.5222231174,0.0,1,False,0,1
CC(C)Cc1ncc[nH]1,-1.0488,0.0,1,False,0,1
CCOc1ccc(C=O)cc1OC,-2.1913,0.0,1,False,0,1
Oc1ccccc1O,0.6123418909,0.0,1,False,0,1
c1ccc2c(c1)OCCOCCOc1ccccc1OCCOCCO2,-4.6935,0.0,1,False,0,1
COc1ccc(C(=O)NC(Cc2ccccc2)C(O)C(=O)N2CSC(C)(C)C2C(=O)NC(C)(C)C)cc1,-4.11,0.0,1,False,0,1
OCCNCCO,0.869905835,0.12429092951494938,2,True,1,2
CC12CCC3c4ccc(O)cc4CCC3C1CC(O)C2O,-4.0,0.0,1,False,0,1
Cc1cc(C)c(O)c(C(C)(C)C)c1,-3.1719091991000004,0.0,1,False,0,1
CN(C)C(=O)SCCCCOc1ccccc1,-3.9266,0.0,1,False,0,1
CC(C)(C)c1ccc(O[P@]2OCC3(CO[P@@](Oc4ccc(C(C)(C)C)cc4C(C)(C)C)OC3)CO2)c(C(C)(C)C)c1,-6.813060611,0.0,1,False,0,1
NS(=O)(=O)c1cc(C(=O)c2ccc(CN3CCOCC3)cc2)cs1,-1.52,0.0,1,False,0,1
COc1ccc([C@@H]2CC(=O)c3c(O)cc(O[C@@H]4O[C@H](CO[C@@H]5O[C@@H](C)[C@H](O)[C@@H](O)[C@H]5O)[C@@H](O)[C@H](O)[C@H]4O)cc3O2)cc1O,-5.0104856455,0.0,1,False,0,1
c1ccc2c3c(ccc2c1)Nc1ccc2ccccc2c1S3,-6.8786,0.0,1,False,0,1
COP(=O)(OC)O/C(=C/Cl)c1cc(Cl)c(Cl)cc1Cl,-4.5221,0.0,1,False,0,1
CN(CCCCC(=O)O)S(=O)(=O)c1ccccc1,-1.5585,0.0,1,False,0,1
CCNc1nc(NCC)nc(OC)n1,-1.7898,0.0,1,False,0,1
CC(C)c1ccccc1C(C)C,-4.5502564281,2.9027339256395877,2,True,1,2
Cc1nnc(NS(=O)(=O)c2ccc(N)cc2)s1,-2.4107,0.0,1,False,0,1
C=C(C)CCl,-1.8108,0.0,1,False,0,1
NCc1ccco1,1.0127047417,0.0,1,False,0,1
CNC(=O)O/N=C/C(C)(C)[S+](C)[O-],-0.8673,0.0,1,False,0,1
O=C(Oc1ccccc1)c1ccccc1,-2.85,0.0,1,False,0,1
CCNC(C)C,1.0597,0.0,1,False,0,1
Fc1cccc(CCl)c1,-2.5436,0.0,1,False,0,1
CC(C)CC(NC(=O)OCC1c2ccccc2-c2ccccc21)C(=O)O,-3.74,0.0,1,False,0,1
O=NC1=C(NO)CCC1,-1.9937,0.0,1,False,0,1
CCN(CC)C(=O)CCl,-0.243,0.0,1,False,0,1
COC(=O)c1nc(Cl)c(Cl)nc1N,-4.5348386091,0.0,1,False,0,1
C=CCCC(=O)C1=CCCC(C)(C)C1,-3.5342474855000003,0.0,1,False,0,1
N[C@@H](C(=O)N[C@@H]1C(=O)N2C(C(=O)O)=C(Cl)CS[C@H]12)c1ccccc1,-1.5656,0.0,1,False,0,1
FC(Cl)(Cl)C(F)(Cl)Cl,-3.2301,0.0,1,False,0,1
CC(C)(C)c1ccc(CCC=O)cc1,-3.1588329056999997,0.0,1,False,0,1
Cc1c(F)c(F)c(COC(=O)C2C(C=C(Cl)C(F)(F)F)C2(C)C)c(F)c1F,-7.321000000000001,0.0,1,False,0,1
CN1c2ccccc2Sc2ccccc21,-5.5934,0.0,1,False,0,1
I/C=C/I,-3.22,0.0,1,False,0,1
COc1ccc2c3c1OC1C(OC(C)=O)C=CC4C(C2)N(C)CCC341,-1.3,0.0,1,False,0,1
Oc1c(Cl)c(Cl)c(Cl)c(Cl)c1Cl,-4.2793,0.0,1,False,0,1
c1ccc2c(c1)-c1cccc3c1c-2cc1ccccc13,-8.2259,0.0,1,False,0,1
O=C1NC(c2ccccc2)(c2ccccc2)C(=O)N1COP(=O)(O)O,-0.43,0.0,1,False,0,1
CC(=O)C1(C)CC2=C(CCCC2(C)C)CC1C,-4.9417913147000005,0.0,1,False,0,1
CCCC(=O)OCn1cc(F)c(=O)[nH]c1=O,-1.31,0.0,1,False,0,1
Clc1c(Cl)c(Cl)c(Oc2c(Cl)c(Cl)c(Cl)c(Cl)c2Cl)c(Cl)c1Cl,-12.95,0.0,1,False,0,1
CC(=O)C(N=Nc1cc(C(=O)Nc2cc(C(F)(F)F)ccc2Oc2ccc(Cl)cc2)ccc1Cl)C(=O)Nc1cc(Cl)c(NC(=O)C(N=Nc2cc(C(=O)Nc3cc(C(F)(F)F)ccc3Oc3ccc(Cl)cc3)ccc2Cl)C(C)=O)cc1C,-7.6916832495,0.0,1,False,0,1
C1=CCCCCC1,-3.18,0.0,1,False,0,1
c1ccc(Sc2ccccc2)cc1,-4.3606078686,0.0,1,False,0,1
CCCCCCCC/C=C\CCCCCCCC(=O)OCC(CC)(CO)COC(=O)CCCCCCC/C=C\CCCCCCCC,-8.7211960386,0.0,1,False,0,1
CC(=O)Nc1ccc(C(=O)Nc2ccc(OC(C)=O)cc2)cc1,-4.41,0.0,1,False,0,1
C[C@@H]1C[C@H]2[C@@H]3CCC4=CC(=O)C=C[C@]4(C)[C@@]3(F)[C@@H](O)C[C@]2(C)[C@@]1(O)C(=O)CO,-3.6444,0.0,1,False,0,1
NS(=O)(=O)c1cc2c(cc1C(F)(F)F)NC(Cc1ccccc1)NS2(=O)=O,-3.5913,0.0,1,False,0,1
CCCCOC(=O)C1(O)c2ccccc2-c2ccccc21,-3.8885,0.0,1,False,0,1
N#Cc1c[nH]cc1-c1cccc(Cl)c1Cl,-4.6937,0.0,1,False,0,1
C#CCN(C)[C@H](C)Cc1ccccc1,-2.51,0.0,1,False,0,1
Cn1c(N)c(NC=O)c(=O)n(C)c1=O,-1.1831208545999998,0.0,1,False,0,1
O=C(OCC(=O)N1CCC[C@H]1C(=O)O)c1ccccc1,-1.5917,0.0,1,False,0,1
c1ccc(-c2nc3ncncc3[nH]2)cc1,-3.06,0.0,1,False,0,1
CC1=C(C=O)C(C)(C)CC=C1,-2.4650077569,0.0,1,False,0,1
C=CCOC(=O)CCCCCC,-3.5976237668,0.0,1,False,0,1
Cc1cc(=O)n2[nH]cnc2n1,-1.3471955313,0.0,1,False,0,1
CC(=O)c1cc(O)c(O)c(O)c1,-1.4711,0.0,1,False,0,1
Nc1ccc(N)c2c1C(=O)c1ccccc1C2=O,-5.859,0.0,1,False,0,1
CCC(C)CCO,-0.72,0.0,1,False,0,1
CC=CC=CC(=O)O,-1.77,0.0,1,False,0,1
Cc1cc2ccccc2cc1C,-4.72,0.0,1,False,0,1
CC(C)CCOC(=O)C1CN2CCC1CC2C(O)c1ccnc2ccccc12,-1.41,0.0,1,False,0,1
COc1ccc(-c2cc(=O)c3c(O)cc(O[C@@H]4O[C@H](CO[C@@H]5O[C@@H](C)[C@H](O)[C@@H](O)[C@H]5O)[C@@H](O)[C@H](O)[C@H]4O)cc3o2)cc1O,-7.505541952200001,0.0,1,False,0,1
Clc1ccc2c(Cl)ccnc2c1,-2.8026246384,0.0,1,False,0,1
Cc1ccc(N=Nc2cc(C)ccc2N)cc1,-3.9031,0.0,1,False,0,1
FC1CC(F)(F)C(F)(F)C1(F)F,-2.436880918,0.0,1,False,0,1
Cc1ccc(C(=O)NC(Cc2ccccc2)C(O)C(=O)N2CSC(C)(C)C2C(=O)NC(C)(C)C)cc1,-4.11,0.0,1,False,0,1
c1ccc(P(c2ccccc2)c2ccccc2)cc1,-6.88802043225,0.47818626857793306,4,True,3,5
Oc1c(Br)cc(Br)cc1Br,-3.6745,0.0,1,False,0,1
CCOC(=O)[C@H](Cc1c[nH]c2ccccc12)N(C)C=O,-2.2709,0.0,1,False,0,1
C=CCCCCCC=O,-1.9972521926,0.0,1,False,0,1
CCCCCCC(C)=O,-2.1536963273,0.0,1,False,0,1
CCC(C)O,0.3877,0.0,1,False,0,1
CCCCCS[S+]([O-])CCCCC,-3.1711,0.0,1,False,0,1
CCCC(C)C1(CC)C(=O)NC(=S)NC1=O,-3.6,0.0,1,False,0,1
C/C=C/CCCC,-3.816,0.0,1,False,0,1
CCOC(=O)CSc1nc(C(C)(C)C)nn1C(=O)N(C)C,-2.861,0.0,1,False,0,1
CC(=O)CC(=O)O,0.991,0.0,1,False,0,1
O=c1[nH]c2ccccc2c(=O)o1,-2.7354179060000003,0.0,1,False,0,1
CC(O)CNCC(C)O,0.815044373,0.0,1,False,0,1
C1=CC(c2ccc(C3CC=CCC3)cc2)CCC1,-6.5919290491,0.0,1,False,0,1
CC[S+]([O-])CCSP(=O)(OC)OC,0.6086,0.0,1,False,0,1
CCOC(=O)C1CCn2c(C(=O)c3ccccc3)ccc21,-4.2,0.0,1,False,0,1
O=C(OCC(=O)N1CCC1)c1ccccc1,-1.6085,0.0,1,False,0,1
NC(=S)Nc1ccccc1,-1.7898,0.0,1,False,0,1
O=[N+]([O-])c1c(O)ccc2ccccc12,-2.9758,0.0,1,False,0,1
O=C(O)C1(O)c2ccccc2-c2ccccc21,-1.9657,0.0,1,False,0,1
CCN(CC)c1ccc([C+](c2ccccc2)c2ccc(N(CC)CC)cc2)cc1,-1.3526381807499999,0.996525817455144,2,True,2,2
N#CN=C1NCCN1Cc1ccc(Cl)nc1,-2.63,0.0,1,False,0,1
COc1cc(OC)cc(C(=O)N(O)c2ccccc2)c1,-3.1,0.0,1,False,0,1
CCC(C)Br,-3.1114780979,0.0,1,False,0,1
Cc1cccc2c1Cc1ccccc1-2,-5.2184,0.0,1,False,0,1
NC(=NCCCCCCN=C(N)N=C(N)Nc1ccc(Cl)cc1)N=C(N)Nc1ccc(Cl)cc1,-2.8005950876,0.0,1,False,0,1
CS(=O)(=O)c1cc(C(F)(F)F)ccc1C(=O)c1cnoc1C1CC1,-4.7631,0.0,1,False,0,1
c1ccc2c(c1)Nc1c(ccc3ccccc13)S2,-5.8957,0.0,1,False,0,1
O=C(O)CF,1.1077,0.0,1,False,0,1
Cc1ccccc1NC(=O)c1cc2ccccc2cc1O,-4.6234419541000005,0.0,1,False,0,1
CCN(CC)C(C)COC(=O)c1ccc(N)cc1,-2.38,0.0,1,False,0,1
CCC(=O)c1ccc(O)cc1,-2.639,0.0,1,False,0,1
C#CCOc1cc(-n2nc(C(C)(C)C)oc2=O)c(Cl)cc1Cl,-5.9648,0.0,1,False,0,1
Cc1cc(S(=O)(=O)[O-])c(N/N=C2\C(=O)C(C(=O)[O-])=Cc3ccccc32)cc1Cl,-6.2637704779,0.0,1,True,1,2
COP(=S)(OC)Oc1cc(Cl)c(I)cc1Cl,-6.6160000000000005,0.0,1,False,0,1
CCOP(=O)(Cc1ccc(-c2nc3ccccc3s2)cc1)OCC,-4.0017,0.0,1,False,0,1
COP(=O)(OC)O/C(C)=C/C(=O)OC(C)c1ccccc1,-2.4973,0.0,1,False,0,1
COc1ccc(C(O)(c2cncnc2)C2CC2)cc1,-2.5959,0.0,1,False,0,1
O=S(=O)(c1ccccc1)N(Br)Br,-3.28,0.0,1,False,0,1
COC(C)(C)CCCC(C)C/C=C/C(C)=C/C(=O)OC(C)C,-5.3459,0.0,1,False,0,1
CC(C)COC(C)(C)C,0.8852856245999999,0.0,1,False,0,1
CC[S+]([O-])CSP(=S)(OC(C)C)OC(C)C,-2.3074,0.0,1,False,0,1
O=C(OC[C@H]1O[C@@H](Oc2ccccc2CO)[C@H](O)[C@@H](O)[C@@H]1O)c1ccccc1,-2.8925,0.0,1,False,0,1
CC(O)COc1ccccc1,-1.0034177306,0.0,1,False,0,1
COC(N)=O,0.964,0.0,1,False,0,1
COc1ccc(C[C@@H]2NC[C@@H](O)[C@@H]2OC(C)=O)cc1,-1.6075,0.0,1,False,0,1
CN(CCCN)CCCN,0.8378838589000001,0.0,1,False,0,1
CCCCC(=O)NNC(=O)c1ccncc1,-1.01,0.0,1,False,0,1
Cc1ccc(S(=O)(=O)N=c2sc(S(N)(=O)=O)nn2C)cc1,-2.84,0.0,1,False,0,1
O=S(=O)(c1cccc(O)c1)c1ccccc1O,-2.29,0.0,1,False,0,1
CNC(=O)NC(=O)C(C)(C(=O)OC)C1=CCCCC1,-2.68,0.0,1,False,0,1
Nc1c(Br)cc(Br)c(S(=O)(=O)O)c1Br,-0.4888,0.0,1,False,0,1
CNC(=O)/C(=N\OC)c1ccccc1Oc1ccccc1,-3.3466,0.0,1,False,0,1
O=c1[nH]cnc2c1ncn2C1CCC(CO)O1,-0.94,0.0,1,False,0,1
CC1COCc2cc3c(cc21)C(C)(C)C(C)C3(C)C,-5.1693,0.0,1,False,0,1
CCOC(=O)CC,-0.66,0.0,1,False,0,1
Nc1ccc(-c2ccc(N)cc2)cc1,-2.7,0.0,1,False,0,1
O=C(O)CC(=O)C(=O)O,0.8791925338,0.0,1,False,0,1
ClCC(Cl)CCl,-1.9255,0.0,1,False,0,1
CCCCCCCCCCOc1ccc(C(CC)=NO)c(O)c1,-4.06,0.0,1,False,0,1
Cn1ccccc1=O,0.9621,0.0,1,False,0,1
CC(C)(O)CCl,0.1602,0.0,1,False,0,1
O=[N+]([O-])c1ccc(O/N=C/c2cc(Br)c(O)c(Br)c2)c([N+](=O)[O-])c1,-5.19,0.0,1,False,0,1
CNC(=O)c1cc(N2CC2)c([N+](=O)[O-])cc1[N+](=O)[O-],-2.85,0.0,1,False,0,1
CC12CCC(=O)C=C1CCC1C2CCC2(C)C(OC=O)CCC12,-4.93,0.0,1,False,0,1
CCCCCCCCC(=O)OCC(CC)(COC(=O)CCCCCCCC)COC(=O)CCCCCCCC,-6.8410879515,0.0,1,False,0,1
Clc1cc(Cl)c(Cl)c(-c2cc(Cl)c(Cl)c(Cl)c2Cl)c1,-9.1,0.0,1,False,0,1
FC(F)(F)c1cccc(Cl)c1,-3.4115138849,0.0,1,False,0,1
COC(=O)C(C)Oc1ccc(Oc2ncc(C(F)(F)F)cc2Cl)cc1,-4.6064,0.0,1,False,0,1
CCCCC(CC)COCCCN,-1.096509119,0.0,1,False,0,1
Cn1c(=O)c2[nH]c(Cl)nc2n(C)c1=O,-1.5075,0.0,1,False,0,1
CCCCS,-2.1792,0.0,1,False,0,1
CCCCCCCC/C=C\CCCCCCCC(=O)OCC(O)COB(OCC(O)COC(=O)CCCCCCC/C=C\CCCCCCCC)OCC(O)COC(=O)CCCCCCC/C=C\CCCCCCCC,-5.345705158,0.0,1,True,1,3
Cc1cc(C)c(C(=O)P(=O)(C(=O)c2c(C)cc(C)cc2C)c2ccccc2)c(C)c1,-6.6216674424,0.0,1,False,0,1
CC(=O)Nc1ccc(S(=O)(=O)CCO)cc1,-2.3069323017,0.0,1,False,0,1
CCOC(=O)CCCCCCC(=O)OCC,-2.5304,0.0,1,False,0,1
Clc1cc(Oc2cc(Cl)c(Cl)c(Cl)c2Cl)cc(Cl)c1Cl,-9.54,0.0,1,False,0,1
CCOC(=O)N1CCC(=O)CC1,0.7665063868,0.0,1,False,0,1
Cc1ccc(N2C(=O)N(c3ccc(C)c(N=C=O)c3)C2=O)cc1N=C=O,-5.0368259397,0.0,1,False,0,1
COc1cc(N=Nc2cc(S(=O)(=O)[O-])cc3cc(S(=O)(=O)[O-])cc(O)c23)c(C)cc1NC(=O)Nc1cc(C)c(N=Nc2cc(S(=O)(=O)[O-])cc3cc(S(=O)(=O)[O-])cc(O)c23)cc1OC,-2.6903136873,0.0,1,True,1,5
CC(C)=CCC/C(C)=C\CO,-2.3206011661000003,0.0,1,False,0,1
Cc1ccc2c([N+](=O)[O-])ccc(O)c2n1,-3.9598,0.0,1,False,0,1
COC(=O)C=C(C)C,-1.4140004112,0.0,1,False,0,1
C=CCOc1ccccc1OCC(O)CNC(C)C,-0.32,0.0,1,False,0,1
Brc1ccc(-c2c(Br)c(Br)c(Br)c(Br)c2Br)c(Br)c1Br,-9.351,0.0,1,False,0,1
CC[C@]12CC[C@@H]3C4=C(CC[C@H]3[C@@H]1CCC2=O)CC(OC)=CC4,-5.363817292,0.0,1,False,0,1
O=C1c2ccccc2C(=O)c2c(O)ccc(O)c21,-6.2534935167,0.0,1,False,0,1
CCCC(=O)OCCOCCOCCOC(=O)CCC,-1.5598,0.0,1,False,0,1
CCN(CC)CC(=O)OCn1ncc2c(=O)[nH]cnc21,-1.79,0.0,1,False,0,1
CC(C)C1(C(C)C)C(=O)NC(=O)NC1=O,-2.77,0.0,1,False,0,1
Cc1c(C)c(C)c(C)c(C)c1C,-5.23,0.0,1,False,0,1
CCCCCCCCCCCC(=O)N[C@@H](CCC(=O)O)C(=O)[O-],-3.6091104804,0.0,1,True,1,2
CCOC(=O)C(c1c(O)c2ccccc2oc1=O)c1c(O)c2ccccc2oc1=O,-3.66,0.0,1,False,0,1
CC(C)(c1ccc(OCCO)cc1)c1ccc(OCCO)cc1,-3.4517905533999995,0.0,1,False,0,1
CC(=O)NC(C(=O)O)C(C)C,-0.6325,0.0,1,False,0,1
C=CC(Cl)CCl,-2.0555103791,0.0,1,False,0,1
CCCC[C@H](N)C(=O)O,-1.0387,0.0,1,False,0,1
Clc1cc(-c2c(Cl)ccc(Cl)c2Cl)cc(Cl)c1Cl,-8.27,0.0,1,False,0,1
Clc1ccc(-c2ccccc2)c(Cl)c1,-5.2878,0.0,1,False,0,1
Clc1ccc(-c2ccccc2Cl)cc1Cl,-6.287000000000001,0.0,1,False,0,1
CCOC(=O)CC(O)(CC(=O)OCC)C(=O)OCC,-0.6285,0.0,1,False,0,1
CCC1O[C@]2(CCC1C)C[C@@H]1C[C@@H](C/C=C(\C)CC(C)/C=C/C=C3\CO[C@@H]4[C@H](O)C(C)=C[C@@H](C(=O)O1)[C@]34O)O2,-4.8772,0.0,1,False,0,1
CN(C)c1ccc(N=NS(=O)(=O)[O-])cc1,-1.0991,0.0,1,True,1,2
Nc1ncnc2c1ncn2[C@@H]1O[C@H](COP(=O)(O)OP(=O)([O-])OP(=O)([O-])O)[C@@H](O)[C@H]1O,0.0168879621,0.0,1,True,1,3
O=C1c2ccccc2-c2ccc3c4ccc5c6c(ccc(c7ccc1c2c73)c64)C(=O)c1ccccc1-5,-5.5133127462,0.0,1,False,0,1
C=C(F)F,-0.7061,0.0,1,False,0,1
CC(C(=O)OCC(=O)N(C)CC(N)=O)c1cccc(C(=O)c2ccccc2)c1,-2.42,0.0,1,False,0,1
CCc1ccccc1NC(C)=O,-1.5906,0.0,1,False,0,1
CCCC(=O)OC(C)C1CCCCC1,-3.9207588975,0.0,1,False,0,1
Nc1c(S(=O)(=O)[O-])cc(-c2cc(S(=O)(=O)[O-])c(N)c3c2C(=O)c2ccccc2C3=O)c2c1C(=O)c1ccccc1C2=O,-2.0301800533,0.0,1,True,1,3
CC1(C)SC2C(NC(=O)Cc3ccccc3)C(=O)N2C1C(=O)O,-1.63,0.0,1,False,0,1
CCCCCCOc1ccc(C(C)=NO)c(O)c1,-4.15,0.0,1,False,0,1
C=CCOC(C)=O,-0.5534,0.0,1,False,0,1
O=C(Nc1ccccc1)Nc1ccnc(Cl)c1,-3.8028,0.0,1,False,0,1
Clc1cc(Cl)c(Cl)c(-c2ccccc2Cl)c1,-6.23,0.0,1,False,0,1
C=COCCCCO,-0.18999534,0.0,1,False,0,1
c1ccc2[nH]ncc2c1,-2.1554,0.0,1,False,0,1
CC(O)(P(=O)(O)O)P(=O)(O)O,0.5249,0.0,1,False,0,1
CCCCNS(=O)(=O)c1ccccc1,-2.6757824138,0.0,1,False,0,1
O=C(OCCO)c1ccccc1O,-1.1567,0.0,1,False,0,1
C=CCCCC=C,-3.3396,0.0,1,False,0,1
CCCCC(CC)CNC(=O)c1ccc(N/N=C2\C(=O)N(C)C(=O)C(C#N)=C2C)cc1,-7.0248108563,0.0,1,False,0,1
CCCCOCCOP(=O)(OCCOCCCC)OCCOCCCC,-2.7785623319,0.0,1,False,0,1
CCC(C)(N)C(=O)O,0.38,0.0,1,False,0,1
CCOP(=S)(OCC)Oc1ccc(N)cc1,-2.826,0.0,1,False,0,1
CCOC(=O)c1c[nH]c(=S)[nH]c1=O,-2.0985,0.0,1,False,0,1
C[Si](C)(O)O,1.0354,0.0,1,False,0,1
O=C1CCCCCCCCCOCCCCCO1,-3.8838494997,0.0,1,False,0,1
CSc1cc(SC)c(N)c(C)c1N,-2.8569254582999997,0.0,1,False,0,1
CC12CCC(=O)C=C1CCC1C2C(O)CC2(C=O)C(C(=O)CO)CCC12,-3.85,0.0,1,False,0,1
Nc1cc([N+](=O)[O-])cc([N+](=O)[O-])c1[O-],-1.7648130029,0.0,1,True,1,2
O=S(=O)(O)c1cccc2cc(Nc3ccccc3)cc(Nc3ccccc3)c12,-4.6725029066,0.0,1,False,0,1
O=C(Nc1ccc(Cl)cc1)c1cccc([N+](=O)[O-])c1O,-4.5452,0.0,1,False,0,1
CCCN(CCC)CCC,-2.4722202552000003,0.0,1,False,0,1
CN(C)CCN(Cc1ccccc1)c1ccccn1,-2.64,0.0,1,False,0,1
O=C(O)CCCC(=O)O,1.0,0.0,1,False,0,1
CCCC(=O)OCn1cc2c(=O)n(COC(=O)CCC)cnc2n1,-3.55,0.0,1,False,0,1
C=CC(=O)OCCCOCC(C)(C)COCCCOC(=O)C=C,-3.0495421403,0.0,1,False,0,1
CC(C)C1OC(O)C(Cc2ccccc2)NC1=O,-2.28,0.0,1,False,0,1
O=C(O)CCCNC(=O)c1ccccc1,-1.2025,0.0,1,False,0,1
C/C(C=O)=C/c1ccccc1,-2.4747186153,0.0,1,False,0,1
CCC1(c2ccccc2)C(=O)NC(=O)N(CO)C1=O,-1.6,0.0,1,False,0,1
Clc1cccc(Oc2ccc(Cl)c(Cl)c2Cl)c1Cl,-7.38,0.0,1,False,0,1
CC(C)[C@@H](C(=O)O[C@@H](C#N)c1cccc(Oc2ccccc2)c1)c1ccc(Cl)cc1,-8.3221,0.0,1,False,0,1
CC1=CC(=O)C=C/C1=N\Nc1ccc(Nc2ccc(S(=O)(=O)[O-])cc2[N+](=O)[O-])cc1,-2.6993635863,0.0,1,True,1,2
CNCC(O)c1ccc(O)c(O)c1,-0.96,0.0,1,False,0,1
CCCCCCCCCC(=O)N(C)C,-2.7681111795,0.0,1,False,0,1
CCC(=O)/C=C/C1C(C)=CCCC1(C)C,-3.9923409786,0.0,1,False,0,1
O=C(Nc1cccc2c1C(=O)c1ccccc1C2=O)c1ccc(-c2ccc(N=Nc3ccc(-c4ccc(C(=O)Nc5cccc6c5C(=O)c5ccccc5C6=O)cc4)cc3)cc2)cc1,-5.716458279299999,0.0,1,False,0,1
O=C(O)COc1cc(Cl)ccc1Cl,-2.62,0.0,1,False,0,1
CCC(C)c1cc([N+](=O)[O-])cc([N+](=O)[O-])c1O,-3.6646,0.0,1,False,0,1
C=COC(=O)CCCCCCCCCCC,-5.3547996853,0.0,1,False,0,1
CCCCOP(=O)(OCC)OCC,-1.1466,0.0,1,False,0,1
O=Cc1cc(O)c(O)c([N+](=O)[O-])c1,-1.937833911,0.0,1,False,0,1
CCOP(=O)(OCC)OCC,0.4385265234,0.0,1,False,0,1
O=C1CC2OCC=C3C[N+]4(O)CCC56c7ccccc7N1C5C2C3CC64,-1.28,0.0,1,False,0,1
CC(C)CCCCCCCOC(=O)c1ccc(C(=O)OCCCCCCCC(C)C)c(C(=O)OCCCCCCCC(C)C)c1,-5.7065739478,0.0,1,False,0,1
C=CCOC(CO)CO,0.481,0.0,1,False,0,1
c1ccc2c(c1)cc1ccc3cccc4ccc2c1c34,-8.1924,0.0,1,False,0,1
Cc1nc(=O)c2cc([N+](=O)[O-])ccc2[nH]1,-2.22,0.0,1,False,0,1
CC(C)CCOC=O,-1.5206,0.0,1,False,0,1
Cc1c(N)cccc1Cl,-2.1510663204,0.0,1,False,0,1
CCCC1(CC)C(=O)NC(=O)NC1=O,-1.49,0.0,1,False,0,1
CC1(C)SC2C(NC(=O)C(N)c3ccccc3)C(=O)N2C1C(=O)O,-1.99,0.0,1,False,0,1
CC(C)COC(=O)C(C)C,-2.1590000000000003,0.0,1,False,0,1
CCSC(=O)N(CC)C1CCCCC1,-3.4037,0.0,1,False,0,1
c1ccc2[nH]ccc2c1,-1.21,0.0,1,False,0,1
COCCOCCO[Si](CCCOCC1CO1)(OCCOCCOC)OCCOCCOC,1.5823133383,0.0,1,False,0,1
CCCC(=O)OCn1ncc2c(=O)[nH]cnc21,-2.83,0.0,1,False,0,1
CC1(C)C2CCC1(C)C(O)C2,-2.3202,0.0,1,False,0,1
NCCCCCCCCCCN,1.5277010030000002,0.0,1,False,0,1
C#CC(C)(CC)OC(N)=O,-0.9456,0.0,1,False,0,1
CCOC(=O)OC,-0.3444506814,0.0,1,False,0,1
O=C1NC(=S)NC(=O)C12CCCCC2,-3.46,0.0,1,False,0,1
COC(=O)C1CC2(C(C)C)C=CC1(C)CC2,-4.2008661255,0.0,1,False,0,1
C=CCC(C)C,-3.2439,0.0,1,False,0,1
CN(C)S(=O)(=O)N(SC(F)(Cl)Cl)c1ccccc1,-5.4088,0.0,1,False,0,1
CCN(CC)C(=O)SCc1ccccc1Cl,-4.031000000000001,0.0,1,False,0,1
CCCCCCCCCCC(O)CCC,-5.837000000000001,0.0,1,False,0,1
O=C(O)[C@@H]1CC[C@H](C(=O)O)SS1,-1.1709,0.0,1,False,0,1
Clc1ccc2c(c1)Oc1cc(Cl)ccc1O2,-7.1806,0.0,1,False,0,1
CC1(C)OC(=O)c2cc3ccccc3cc21,-2.9844,0.0,1,False,0,1
O=[N+]([O-])c1ccc(Cl)cc1C(F)(F)F,-3.3533,0.0,1,False,0,1
CC(=O)OC1CC(C)OC(C)O1,0.759,0.0,1,False,0,1
ClC(Cl)(Cl)c1ccccc1,-3.5669999999999997,0.0,1,False,0,1
CCSc1nc(NC(C)C)nc(NC(C)C)n1,-4.2031,0.0,1,False,0,1
O=C1C=CC(=O)O1,0.6181158071,0.0,1,False,0,1
Cc1cn(Cc2ccccc2)c(=O)[nH]c1=O,-2.2558,0.0,1,False,0,1
COc1cc(C2c3cc4c(cc3C(OC3OC5COC(C)OC5C(O)C3O)C3COC(=O)C23)OCO4)cc(OC)c1O,-3.47,0.0,1,False,0,1
C=CC(C)(CCC=C(C)C)OC=O,-4.0405904263,0.0,1,False,0,1
C1CCC2CCCCC2C1,-4.1406777053,0.0,1,False,0,1
O=C([O-])CCCC(=O)[O-],0.3427540765999999,0.0,1,True,1,3
CCCCOP(=O)(OC)OCCCC,-1.4995,0.0,1,False,0,1
C=C(Br)C(F)(F)F,-2.2385851258,0.0,1,False,0,1
CCCCCCCCCCOS(=O)(=O)[O-],0.1029880533,0.0,1,True,1,2
CC(C(N)=O)S(=O)(=O)c1ccccc1,-1.64,0.0,1,False,0,1
CCOCCOCCOCCO,0.7490000000000001,0.0,1,False,0,1
CCCCCCCCCCCCN1CCCC1=O,-4.67,0.0,1,False,0,1
C=CCC(CC=C)(C(=O)NC(N)=O)C(=O)OC,-2.17,0.0,1,False,0,1
CC12C=CCC1C1CCC3CC(=O)CCC3(C)C1CC2,-6.07,0.0,1,False,0,1
O=C1CCCCC1C1=CCCCC1,-2.7739999999999996,0.0,1,False,0,1
CC(=O)Nc1ccc(O)cc1,-1.0333232127,0.0,1,False,0,1
CC(C)N(C(=O)CO)c1ccc(F)cc1,-1.1786398993,0.0,1,False,0,1
Nc1nccnc1C(=O)O,-1.7631595965,0.0,1,False,0,1
CCN1c2ccccc2N(C)C(=S)c2cccnc21,-4.706,0.0,1,False,0,1
CC(C)(C)S,-1.7878458675,0.0,1,False,0,1
O=C([O-])CN(CCCN(CC(=O)[O-])CC(=O)[O-])CC(=O)[O-],0.1050056219999999,0.0,1,True,1,3
O=[N+]([O-])c1ccccc1Cl,-2.5639664909,0.0,1,False,0,1
CCC(=O)OCOC(=O)c1cn(CC)c2nc(C)ccc2c1=O,-2.83,0.0,1,False,0,1
CCCCCOC(=O)CCC,-2.467,0.0,1,False,0,1
O=C1CCCN1,1.07,0.0,1,False,0,1
Cc1cc(C2(c3cc(C)c(O)c(Br)c3C(C)C)OS(=O)(=O)c3ccccc32)c(C(C)C)c(Br)c1O,-5.18,0.0,1,False,0,1
O=C1OC(c2ccc(Br)cc2)C(Br)C1=O,-3.05,0.0,1,False,0,1
COc1ccc2cc(C(C)C(=O)OCCN3CCN(C)CC3)ccc2c1,-1.49,0.0,1,False,0,1
OCC1OC(OCC2OC(O)C(O)C(O)C2O)C(O)C(O)C1O,0.4656,0.0,1,False,0,1
CC1OCCO1,0.8789,0.0,1,False,0,1
Clc1cc(Cl)cc(-c2cc(Cl)cc(Cl)c2)c1,-8.3748,0.0,1,False,0,1
Clc1cc(Cl)c(Oc2cc(Cl)c(Cl)c(Cl)c2Cl)cc1Cl,-9.5,0.0,1,False,0,1
CCCC(O)CO,0.9823448956,0.0,1,False,0,1
CC(CCC(=O)O)C1CCC2C3CC(O)C4CC(O)CCC4(C)C3CCC12C,-4.82,0.0,1,False,0,1
N#CCCN(CCO)c1ccc(N=Nc2ccc([N+](=O)[O-])cc2Cl)cc1,-6.13,0.0,1,False,0,1
Cc1ccccc1CCO,-1.042878011,0.0,1,False,0,1
C/C=C/c1ccc(OC)cc1,-3.1255398769,0.0,1,False,0,1
Cc1cccc(Br)c1,-3.523,0.0,1,False,0,1
COc1ccc(C=O)cc1O,-1.8262432451,0.0,1,False,0,1
CCN(CC)S(=O)(=O)c1ccc(OC)c(N/N=C2\C=C(S(=O)(=O)[O-])c3ccccc3C2=O)c1,-2.4667539113999997,0.0,1,True,1,2
COC1=Cc2ccccc2Nc2ccccc21,-4.5144193944,0.0,1,False,0,1
Cc1cccc(O)c1[N+](=O)[O-],-1.64,0.0,1,False,0,1
CCCCCCCCCCCCCCCCN(C)C,-4.6524349135000005,0.0,1,False,0,1
FC(F)(F)c1ccccc1,-2.511,0.0,1,False,0,1
FC(F)(Cl)CCl,-2.2007,0.0,1,False,0,1
CCCC(=O)NNC(=O)c1ccncc1,-0.32,0.0,1,False,0,1
CCC(CO)(CO)C(=O)O,0.5168038544,0.0,1,False,0,1
[NH-]S(=O)(=O)c1ccc([O-])c(N=Nc2c(S(=O)(=O)[O-])cc3cc(Nc4ccc5c(O)c(N=Nc6cc(S([NH-])(=O)=O)ccc6O)c(S(=O)(=O)[O-])cc5c4)ccc3c2[O-])c1,-2.7104892768,0.0,1,True,1,5
CN1[C@@H]2CC(OC(=O)[C@H](CO)c3ccccc3)C[C@H]1C1OC12,-0.504,0.0,1,False,0,1
CCN(/N=C/c1ccc([N+](=O)[O-])o1)C(N)=O,-2.9395,0.0,1,False,0,1
O=C(O)c1ccc(NC(=O)c2cccnc2)cc1,-3.0832,0.0,1,False,0,1
CN(C)[C@@H]1C(O)=C(C(N)=O)C(=O)[C@@]2(O)C(=O)C3=C(O)c4c(O)cccc4[C@@](C)(O)[C@H]3[C@H](O)[C@@H]12,-3.09,0.0,1,False,0,1
CCCCCCCCCOS(=O)(=O)[O-],-0.1361989598,0.0,1,True,1,2
CCNC(=O)Nc1ncc([N+](=O)[O-])s1,-2.8578,0.0,1,False,0,1
CN1C=CC=C/C1=C\[NH+]=O,-0.7405,0.0,1,True,1,2
CCCCCCOC(=O)n1cc(F)c(=O)[nH]c1=O,-2.24,0.0,1,False,0,1
CC(=O)OC(C)CC(C)C,-2.0451,0.0,1,False,0,1
O=C(OCCOCCO)c1ccccc1Nc1cccc(C(F)(F)F)c1,-5.3633,0.0,1,False,0,1
Cc1ccc(N)c([N+](=O)[O-])c1,-1.860061225,0.0,1,False,0,1
O=C(O)CSC(C(=O)O)c1ccccc1,-1.23,0.0,1,False,0,1
N#Cc1ccc(N)cc1,-1.1429743647,0.0,1,False,0,1
Oc1cc(Cl)ccc1Oc1ccc(Cl)cc1Cl,-4.4617160697000005,0.0,1,False,0,1
CC(=O)NC(Cc1c[nH]c2ccccc12)C(=O)O,-2.31,0.0,1,False,0,1
CCCCC(CC)C(=O)OCC(COC(=O)C(CC)CCCC)(COC(=O)C(CC)CCCC)COC(=O)C(CC)CCCC,-9.2047594175,0.0,1,False,0,1
CCCCCCCCCc1ccc(OCCOCCO)cc1,-0.3045102393,0.0,1,False,0,1
C[Si]1(C)O[Si](C)(C)O[Si](C)(C)O[Si](C)(C)O[Si](C)(C)O1,-7.3387,0.0,1,False,0,1
NC(=O)c1ccc[n+](C2OC(COP(=O)([O-])OP(=O)(O)OCC3OC(n4cnc5c(N)ncnc54)C(O)C3O)C(O)C2O)c1,0.1782048937999999,0.0,1,False,0,1
O=C(O)CC(CP1(=O)Oc2ccccc2-c2ccccc21)C(=O)O,-2.8135095056,0.0,1,False,0,1
CCCCCCCCCCCCCCCCCC(=O)[O-],-5.989362025666666,1.0983154249680591,3,True,2,3
c1ccc(Nc2ccccc2)cc1,-4.853816338800001,1.24921799033183,3,True,2,3
CC1CC(CC2CCC(N)C(C)C2)CCC1N,-1.8210383613,0.0,1,False,0,1
C=CCS(=O)(=O)[O-],0.6949528649,0.0,1,True,1,2
CCCCNc1cc(C(=O)O)cc(S(N)(=O)=O)c1Oc1ccccc1,-3.56,0.0,1,False,0,1
O=C(c1ccccc1)c1ccc(O)c(O)c1O,-3.3451078238,0.0,1,False,0,1
O=C1OC(c2ccccc2)(c2ccccc2)c2ccccc21,-3.85,0.0,1,False,0,1
CCCC(C)C=O,-1.3774493615,0.0,1,False,0,1
Nc1ccc(Cl)c(Cl)c1,-2.4461379538,0.0,1,False,0,1
CCOc1cc(C=O)ccc1O,-1.7642022678,0.0,1,False,0,1
CCCCCCCCCNCC(O)CO,-2.64,0.0,1,False,0,1
CC(C)=NNC(=O)Nc1ccc([N+](=O)[O-])cc1,-3.5952,0.0,1,False,0,1
N#CC(C#N)=NNc1ccc(C(=O)CCl)cc1,-3.19,0.0,1,False,0,1
COc1ccc(Cl)c(OC)c1O,-1.56,0.0,1,False,0,1
N#CCN(CC#N)CCN(CC#N)CC#N,-2.8204043469,0.0,1,False,0,1
CC(C#N)CC(C)(C)CC#N,-1.5746822213999998,0.0,1,True,1,2
CC(=O)NC(CCC(=O)O)C(=O)O,-0.71,0.0,1,False,0,1
Cc1nnc(N)nc1C,-1.0939,0.0,1,False,0,1
CCOP(=O)(Oc1ccc(Cl)cc1Cl)Oc1ccc(Cl)cc1Cl,-5.774,0.0,1,False,0,1
CC12CCC3C4CCC(=O)C=C4CCC3C1CCC2O,-3.02,0.0,1,False,0,1
OC(=S)COc1ccc(Cl)cc1Cl,-2.69,0.0,1,False,0,1
C=CBr,-1.275,0.0,1,False,0,1
CC(C)NP(=O)(F)NC(C)C,-0.3574,0.0,1,False,0,1
O=[N+]([O-])c1ccc2c(c1)Cc1ccccc1-2,-4.72,0.0,1,False,0,1
CCN(C(C)C)C(C)C,-1.2416022633,0.0,1,False,0,1
CCCCOCCC(=O)OCCCC,-2.4029,0.0,1,False,0,1
COCCOC(=O)c1ccccc1C(=O)OCCOC,-1.5213,0.0,1,False,0,1
CC(=O)CC(C)=Nc1ccc(N=C(C)CC(C)=O)cc1,-1.89,0.0,1,False,0,1
CC[N+]1(C)CCCC1,1.4101871429,0.0,1,True,1,2
C[Si](C)(C)O[Si](C)(C)O[Si](C)(C)C,-6.8424,0.0,1,False,0,1
C=CCl,-1.36,0.0,1,False,0,1
CCC(C)NCCO,0.6667009336999999,0.0,1,False,0,1
CCOCOCC,-0.1726,0.0,1,False,0,1
Clc1ccc(Oc2cc(Cl)c(Cl)c(Cl)c2Cl)cc1,-8.06,0.0,1,False,0,1
CCOC(=O)C1=NN(c2ccccc2)C(=O)C1,-3.2553454425,0.0,1,False,0,1
Cc1ccc(C(=O)Nc2ccc(S(=O)(=O)[O-])cc2)cc1[N+](=O)[O-],-1.232035998,0.0,1,True,1,2
CCCCCCCCCCCCCCCCCCNC(=O)CCc1cc(C(C)(C)C)c(O)c(C(C)(C)C)c1,-7.724189002,0.0,1,False,0,1
C[Si]1(C)O[Si](C)(C)O[Si](C)(C)O1,0.652738306,0.0,1,False,0,1
CC(C)(C)C(=O)C(Oc1ccc(Cl)cc1)n1ccnc1,-3.7030926455,0.0,1,False,0,1
CC1(C)C(=O)[C@@]2(C)CC[C@@H]1C2,-1.8507,0.0,1,False,0,1
C=CC(=O)OCc1c(Br)c(Br)c(Br)c(Br)c1Br,-7.806077004,0.0,1,False,0,1
CN1CCN(CCCN2c3ccccc3Sc3ccc(Cl)cc32)CC1,-4.3979,0.0,1,False,0,1
Nc1ccc(OCCO)c(N)c1,0.006227560949999947,0.339314715731317,2,True,1,5
O=C([O-])CCC(=O)C(=O)[O-],0.4295256052,0.0,1,True,1,3
CCOC(=O)C(SP(=S)(OC)OC)c1ccccc1,-4.4643,0.0,1,False,0,1
Clc1cc(Cl)c(Cl)c(Cl)c1,-4.68,0.0,1,False,0,1
CC(C)COP(=S)([S-])OCC(C)C,-0.9706957522999999,2.1899840640779598,2,True,2,3
CC(O)C(=O)[O-],-0.07440181016666664,0.8952237967890375,3,True,3,3
O=C(OCn1ncc2c(=O)[nH]cnc21)c1ccccc1,-4.05,0.0,1,False,0,1
O=c1[nH]c(=S)c2[nH]c(=O)[nH]c2[nH]1,-4.04,0.0,1,False,0,1
CCC(C)(O)CCCC(C)C,-2.6942897822000003,0.0,1,False,0,1
CC(C)c1ccc(CCC=O)cc1,-3.3026567858999996,0.0,1,False,0,1
CC(C)CCCCCCO,-2.487,0.0,1,False,0,1
Clc1cccc(Oc2ccc(Cl)c(Cl)c2Cl)c1,-7.09,0.0,1,False,0,1
O=c1c2ccccc2c2ccc3sc4ccccc4c4ccc1c2c34,-7.9828073074,0.0,1,False,0,1
CC(O)C([N+](=O)[O-])[N+](=O)[O-],0.0789,0.0,1,False,0,1
CCN1c2ccccc2N(C)C(=O)c2cccnc21,-3.324,0.0,1,False,0,1
O=c1oc2ccccc2c(O)c1Cc1c(O)c2ccccc2oc1=O,-4.27,0.0,1,False,0,1
CC(C)NCC(O)COc1cccc2[nH]ccc12,-3.79,0.0,1,False,0,1
CCCCC(=O)n1c(=O)[nH]cc(F)c1=O,-2.3,0.0,1,False,0,1
Cn1c(N)cc(=O)n(C)c1=O,-1.4535787311,0.0,1,False,0,1
O=P(O)(O)O[C@H]1[C@H](OP(=O)(O)O)[C@@H](OP(=O)(O)O)[C@H](OP(=O)(O)O)[C@@H](OP(=O)(O)O)[C@H]1OP(=O)(O)O,0.1804,0.0,1,False,0,1
CC(C)C=CCC(=O)O,-1.1487,0.0,1,False,0,1
CC(=O)OC(C)(C)Cc1ccccc1,-2.3946499685,0.0,1,False,0,1
CC(C)(C)c1cc(Cn2c(=O)n(Cc3cc(C(C)(C)C)c(O)c(C(C)(C)C)c3)c(=O)n(Cc3cc(C(C)(C)C)c(O)c(C(C)(C)C)c3)c2=O)cc(C(C)(C)C)c1O,-7.2923086931,0.0,1,False,0,1
Clc1cc(Cl)c(Oc2c(Cl)cccc2Cl)cc1Cl,-7.12,0.0,1,False,0,1
O=C1c2c(Cl)c(Cl)c(Cl)c(Cl)c2C2=Nc3cccc4cccc(c34)N12,-7.1336144776,0.0,1,False,0,1
C=CC=C,-1.8668457003,0.0,1,False,0,1
CC(Oc1ccc(Oc2ccc(Cl)cc2Cl)cc1)C(=O)O,-5.04,0.0,1,False,0,1
CCCCCCCCCC1(CC)C(=O)NC(=O)NC1=O,-4.46,0.0,1,False,0,1
O=[N+]([O-])OCC(CO[N+](=O)[O-])O[N+](=O)[O-],-2.1520684653999997,0.0,1,False,0,1
O=c1cc[nH]cc1,1.0218,0.0,1,False,0,1
S=P(Oc1ccccc1)(Oc1ccccc1)Oc1ccccc1,-6.9546943469,0.0,1,False,0,1
CCOC(=O)c1cncn1C(C)c1ccccc1,-4.73,0.0,1,False,0,1
Nc1ccc(S(=O)(=O)[O-])cc1,0.0379554154,0.0,1,True,1,2
C=CC(=O)OCC(C)O,0.8856,0.0,1,False,0,1
NCCN1CCNC1=O,0.6335459397,0.0,1,False,0,1
CC(C)CC(C)OC(=O)CC(C(=O)OC(C)CC(C)C)S(=O)(=O)[O-],0.1096259345,0.0,1,True,1,2
CC(C)(c1ccc(Oc2ccc(N)cc2)cc1)c1ccc(Oc2ccc(N)cc2)cc1,-7.191727219600001,0.0,1,False,0,1
Oc1ccc(Cc2ccccc2)cc1,-3.4009,0.0,1,False,0,1
CCCCC(NC(C)=O)C(=O)O,-0.6823,0.0,1,False,0,1
Oc1cc(F)c(F)c(F)c1,-0.1536096917,0.0,1,False,0,1
CC(C)CC(NC(=O)CC(O)C(CC(C)C)NC(=O)C(Cc1c[nH]cn1)NC(=O)C(Cc1ccccc1)NC(=O)OC(C)(C)C)C(=O)NCCC(N)C(=O)O,-2.22,0.0,1,False,0,1
O=C(NC(=O)c1c(F)cccc1F)Nc1ccc(OC(F)(F)C(F)OC(F)(F)F)c(Cl)c1,-6.9675,0.0,1,False,0,1
CC1(C)C(C=C(Cl)C(F)(F)F)C1C(=O)OC(C#N)c1cccc(Oc2ccccc2)c1,-8.176,0.0,1,False,0,1
c1ccc(NNc2ccccc2)cc1,-2.9210000000000003,0.0,1,False,0,1
CC(C)CC(NC(=O)CC(O)C(CC(C)C)NC(=O)C(Cc1c[nH]cn1)NC(=O)C(Cc1ccccc1)NC(=O)OC(C)(C)C)C(=O)NCCCN(CCO)CCO,-2.37,0.0,1,False,0,1
CCNc1nc(N)nc(Cl)n1,-2.4135,0.0,1,False,0,1
CC1(O)CC(c2ccc(Cl)cc2)c2c(c3ccccc3oc2=O)O1,-5.84,0.0,1,False,0,1
Cc1cc(C)nc(C(N)=O)n1,0.1216,0.0,1,False,0,1
COCCNC(=O)C(NC(=O)C(Cc1cc(OC)c(OC)c(OC)c1)CC(O)C(Cc1ccccc1)NC(=O)OC(C)(C)C)C(C)C,-4.0,0.0,1,False,0,1
OC[C@H]1O[C@@H](n2cnc3cncnc32)[C@H](O)[C@@H]1O,-0.4018,0.0,1,False,0,1
CN(C)C,1.03851699355,0.19683449537345193,2,True,1,3
O=C(O)c1cc(Cl)c(Cl)cc1Cl,-2.4446,0.0,1,False,0,1
FCC(F)(F)F,-2.0087278867,0.0,1,False,0,1
CC(C)(NC(=O)c1ccccc1)C(=O)NCC(=O)O,-0.56,0.0,1,False,0,1
CCCCCCCCCCCC(=O)NCCC[N+](C)(C)C,-0.011381165,0.0,1,True,1,2
CC(=O)OCC1=C(C(=O)O)N2C(=O)[C@@H](NC(=O)Cc3cccs3)[C@H]2SC1,-2.94,0.0,1,False,0,1
CCSC,-1.0569732819,0.0,1,False,0,1
Oc1ccc2ncccc2c1,-2.1618,0.0,1,False,0,1
OCc1cccc2ccccc12,-1.7444,0.0,1,False,0,1
CSc1nc(NC(C)C)nc(NC(C)C)n1,-3.8642,0.0,1,False,0,1
FCCl,-0.8202,0.0,1,False,0,1
CCCCCCCCCCCCCCCCC(=O)O,-4.69,0.0,1,False,0,1
CCC(C)c1cc(S(=O)(=O)[O-])cc(-n2nc3ccccc3n2)c1O,-1.5762449498,0.0,1,True,1,2
CCCCCCCCCCCC(=O)OC,-4.69,0.0,1,False,0,1
CCC(C)(CC)OC(N)=O,-1.5599,0.0,1,False,0,1
Cn1nc(S(N)(=O)=O)sc1=NS(=O)(=O)c1ccccc1C(=O)O,-2.51,0.0,1,False,0,1
O=c1n(C[C@@H]2CO2)c(=O)n(C[C@@H]2CO2)c(=O)n1C[C@@H]1CO1,-2.4688253265,0.0,1,False,0,1
CCCCBr,-2.1977641866999997,0.0,1,False,0,1
Cc1snnc1C(=O)O,-0.4598,0.0,1,False,0,1
CC(C(=O)O)N(C(=O)c1ccccc1)c1ccc(F)c(Cl)c1,-4.2474,0.0,1,False,0,1
CCOC(=O)CCc1ccccc1,-2.9086,0.0,1,False,0,1
CN(C)C(=O)Nc1cccc(C(F)(F)F)c1,-3.4365,0.0,1,False,0,1
O=c1cccc[nH]1,1.0218,0.0,1,False,0,1
CCCCCCCCOC(=O)COc1ccc(Cl)cc1Cl,-7.0217,0.0,1,False,0,1
COC1=CC(=O)CC(C)C12Oc1cc(OC)cc(OC)c1C2=O,-3.699,0.0,1,False,0,1
CC(Oc1ccc(Oc2cnc3cc(Cl)ccc3n2)cc1)C(=O)O,-6.0604,0.0,1,False,0,1
Nc1ccc(/N=N/c2ccccc2)c(N)n1,-4.19,0.0,1,False,0,1
C=C(C(=O)O)c1ccccc1,-2.0568,0.0,1,False,0,1
[N-]=[N+]=C1C=Cc2c(cccc2S(=O)(=O)Oc2ccc(C(=O)c3ccccc3)c(OS(=O)(=O)c3cccc4c3C=CC(=[N+]=[N-])C4=O)c2OS(=O)(=O)c2cccc3c2C=CC(=[N+]=[N-])C3=O)C1=O,-6.820895006900001,0.0,1,False,0,1
CCCCCCCCCCCCN(CCC(=O)[O-])CCC(=O)O,-0.0407296334,0.0,1,True,1,2
CNCCS(=O)(=O)[O-],0.1906881396,0.0,1,True,1,2
CCN1c2ncccc2C(=O)N(C)c2cccnc21,-2.62,0.0,1,False,0,1
O=[N+]([O-])c1ccc(-c2ccccc2)cc1,-5.2094,0.0,1,False,0,1
CCOCCC(=O)OCC,-0.4317085178,0.0,1,False,0,1
O=P(OCCCl)(OCCCl)OCC(CCl)(CCl)COP(=O)(OCCCl)OCCCl,-3.4001753552999996,0.0,1,False,0,1
CCC(C)N(C(=O)SCc1ccccc1)C(C)CC,-5.0484,0.0,1,False,0,1
CCOc1ccc(N)cc1,-0.8608353259999999,0.0,1,False,0,1
CC(C)Nc1nc(NC(C)C)[nH]c(=O)n1,-2.81,0.0,1,False,0,1
C1N2CN3CN1CN(C2)C3,0.7924026819,0.0,1,False,0,1
O=CCC/C=C1\CC2CC1C1CCCC21,-4.090187912699999,0.0,1,False,0,1
CCC(C)(CC)c1cc(NC(=O)c2c(OC)cccc2OC)on1,-5.3694,0.0,1,False,0,1
CCN(CC)c1ccc(N=Nc2c(C#N)cc([N+](=O)[O-])cc2C#N)c(C)c1,-7.472819969600001,0.0,1,False,0,1
Cc1cc(S(=O)(=O)c2ccccc2)ccc1NS(=O)(=O)C(F)(F)F,-3.8009,0.0,1,False,0,1
Clc1cc2c(cc1Cl)Oc1ccccc1O2,-7.23,0.0,1,False,0,1
CC(=O)OCC(COC(C)=O)(COC(C)=O)COC(C)=O,-1.5686,0.0,1,False,0,1
Clc1cc(Cl)c(-c2ccccc2)cc1Cl,-6.27,0.0,1,False,0,1
CC1(C)Cc2cccc([N+](=O)[O-])c2O1,-3.2068,0.0,1,False,0,1
CN(C)c1ccc(C(=O)O)cc1C(=O)O,-2.02,0.0,1,False,0,1
O=C(O)c1cc[n+]([O-])cc1,-1.102,0.0,1,False,0,1
C=C(Cl)Cl,-1.5885809265000002,0.0,1,False,0,1
CC(C)(c1cc(Br)c(O)c(Br)c1)c1cc(Br)c(O)c(Br)c1,-6.48381844195,1.1168214643972705,2,True,1,2
Cc1ccc(O)c(C)c1,-1.1909999999999998,0.0,1,False,0,1
Cc1occc1C(=O)Nc1ccccc1,-3.3037,0.0,1,False,0,1
COc1ccc2c(c1)CCCC2,-2.7477385243,0.0,1,False,0,1
CC(C)(C)S(=O)(=O)C(C)(C)C,-1.2177,0.0,1,False,0,1
CCOC(=O)n1cnc2c1c(=O)n(C)c(=O)n2C,-1.65,0.0,1,False,0,1
Oc1cnn(-c2ccccc2)c1,-1.9616,0.0,1,False,0,1
O=Cc1ccccc1O,-0.86,0.0,1,False,0,1
Oc1cc2ccccc2cc1C1=NCCN1,-3.3015,0.0,1,False,0,1
C1CNCCNCCNCCN1,-0.0310204156,0.0,1,False,0,1
CCCCCCC(=O)OCC(CC)(COC(=O)CCCCCC)COC(=O)CCCCCC,-6.97376589,0.0,1,False,0,1
CCCCCCCC/C=C\CCCCCCCC(=O)OCCCCCCCCCCCCCC,-6.9812258596,0.0,1,False,0,1
CC(=O)Nc1ccc(NC(=O)C2=Cc3ccccc3/C(=N/Nc3cc(C(N)=O)ccc3Cl)C2=O)cc1,-7.304443806799999,0.0,1,False,0,1
O=NN(CCCl)C(=O)NC1CCCCC1,-3.37,0.0,1,False,0,1
CC(=O)N(C)c1ccc(S(=O)(=O)N(C)C)cc1,-2.3,0.0,1,False,0,1
O=c1occo1,0.7770765429000001,0.0,1,False,0,1
CCCCCCCCOC(=O)c1ccccc1C(=O)OCc1ccccc1,-8.2876520693,0.0,1,False,0,1
CC(C)(CCC(C)(C)CC(=O)O)CC(=O)O,-3.1319,0.0,1,False,0,1
CN(C)C(=O)COC(=O)C1CCn2c(C(=O)c3ccccc3)ccc21,-3.03,0.0,1,False,0,1
COP(=O)(OC)OC=C(Cl)Cl,-1.344,0.0,1,False,0,1
CC1(C)CC(O)CC(C)(C)N1,-0.1966099864,0.0,1,False,0,1
NC(CCC(=O)O)C(=O)O,-0.33785,0.9245421164014109,2,True,1,3
CCCCOC(=O)/C=C/C(=O)OCCCC,-4.3135515372,0.0,1,False,0,1
N#CCC(=O)c1ccccc1Cl,-2.1751395948,0.0,1,False,0,1
Cc1cc(C)c(C)c(O)c1,-2.2522030039,0.0,1,False,0,1
C1CCNCC1,1.0698153477,0.0,1,False,0,1
N#CN=C(N)N,-0.3087,0.0,1,False,0,1
O=C(Nc1ccc(F)cc1F)c1cccnc1Oc1cccc(C(F)(F)F)c1,-6.8969,0.0,1,False,0,1
CC(C)(C)N(NC(=O)c1ccc(Cl)cc1)C(=O)c1ccccc1,-4.4404,0.0,1,False,0,1
C=CCOc1nc(OCC=C)nc(OCC=C)n1,-2.8742257801999997,0.0,1,False,0,1
Oc1cc(Cl)cc(Cl)c1Cl,-2.67,0.0,1,False,0,1
OCC1OC2OC3C(CO)OC(OC4C(CO)OC(OC5C(CO)OC(OC6C(CO)OC(OC7C(CO)OC(OC8C(CO)OC(OC9C(CO)OC(OC1C(O)C2O)C(O)C9O)C(O)C8O)C(O)C7O)C(O)C6O)C(O)C5O)C(O)C4O)C(O)C3O,-0.75,0.0,1,False,0,1
CCc1ccc(C(=O)O)cc1,-2.52,0.0,1,False,0,1
Nc1cccc(N)c1,0.51,0.0,1,False,0,1
NC(=O)Nc1ccc(Br)cc1,-1.6336,0.0,1,False,0,1
CCC(C)CO,-0.4681010618999999,0.0,1,False,0,1
Cc1cc(CC(C)CC(C)(C)C)n(O)c(=O)c1,-3.9054642035,0.0,1,True,1,2
Cc1ccc(O)cc1,-0.7015479053,0.0,1,False,0,1
COc1cc(C=O)c(C)cc1O,-2.7435,0.0,1,False,0,1
CCCN(CCOc1c(Cl)cc(Cl)cc1Cl)C(=O)n1ccnc1,-4.0445,0.0,1,False,0,1
O=C(Cl)OCCOCCOC(=O)Cl,-4.8865490032,0.0,1,False,0,1
NCCCC(=O)O,1.1006,0.0,1,False,0,1
Ic1ccc2c(c1)Sc1ccccc1N2,-6.9278,0.0,1,False,0,1
CC#Cc1cc(C)nc(Nc2ccccc2)n1,-4.6,0.0,1,False,0,1
CC(C)(C)OC(=O)c1cccc([N+](=O)[O-])c1C(=O)[O-],-3.0467,0.0,1,False,0,1
CC(=O)OO,1.1189,0.0,1,False,0,1
NC(=O)NCNC(N)=O,-0.6525,0.0,1,False,0,1
CCCC(O)C(C)CC,-1.8406,0.0,1,False,0,1
CC(=NNC(=O)c1nccs1)C(=O)O,-1.93,0.0,1,False,0,1
Nc1ccc(Br)cc1C(=O)O,-3.07,0.0,1,False,0,1
CCNc1nc(Cl)nc(NC(C)C)n1,-3.76,0.0,1,False,0,1
CCCc1cc(F)ccc1O,-1.887,0.0,1,False,0,1
CCc1ccccn1,0.501,0.0,1,False,0,1
CSc1ccc2c(c1)N(CCC1CCCCN1C)c1ccccc1S2,-5.82,0.0,1,False,0,1
Cn1c(=O)on(-c2ccc(Cl)c(Cl)c2)c1=O,-2.82,0.0,1,False,0,1
CC[NH+](C)CC,0.713,0.0,1,False,0,1
COc1cc(CN)ccc1O,0.0188462521,0.0,1,True,1,2
CCOC(=O)COc1ccc(Cl)cc1Cl,-3.3503,0.0,1,False,0,1
CCC(=O)OC1CCC2C3CCC4=CC(=O)CCC4(C)C3CCC12C,-5.37,0.0,1,False,0,1
CC(C)(C)c1ccc(OCC2CO2)cc1,-3.4302388798,0.0,1,False,0,1
NS(=O)(=O)c1cc2c(s1)C(O)CC[S+]2[O-],-1.57,0.0,1,False,0,1
O=C([O-])c1ccccc1O,-0.1074921693999999,0.0,1,True,1,2
ON=C1CCCCC1,-0.8495729560999999,0.0,1,False,0,1
COc1ccccc1C,-2.6890833932,0.0,1,False,0,1
O=C1OC(CN2CCOCC2)CN1/N=C/c1ccc([N+](=O)[O-])o1,-2.6359,0.0,1,False,0,1
C=CCC1(CC)C(=O)NC(=O)NC1=O,-1.61,0.0,1,False,0,1
CC(C)CC(NC(=O)CC(O)C(CC(C)C)NC(=O)C(Cc1c[nH]cn1)NC(=O)C(Cc1ccccc1)NC(=O)OC(C)(C)C)C(=O)NCc1cc[n+]([O-])cc1,-2.38,0.0,1,False,0,1
CCCCN(C(N)=O)c1ccccc1,-1.2971,0.0,1,False,0,1
Oc1ccc(Br)cc1,-1.092,0.0,1,False,0,1
CCCCC(CC)C(=O)OCCOCCOCCOC(=O)C(CC)CCCC,-5.4201521344,0.0,1,False,0,1
O=c1[nH]c(=O)n(C2CC(O)C(CO)O2)cc1I,-2.2481,0.0,1,False,0,1
O=C(O)C(O)C(Cl)(Cl)Cl,0.36,0.0,1,False,0,1
O=C(Nc1cc(Cl)c(NC(=O)C2=Cc3ccccc3/C(=N\Nc3cc(C(F)(F)F)ccc3Cl)C2=O)cc1Cl)C1=Cc2ccccc2/C(=N/Nc2cc(C(F)(F)F)ccc2Cl)C1=O,-7.6922433716,0.0,1,False,0,1
CN(C)C1C(O)=CC(=O)C2(O)C(O)=C3C(=O)c4ccccc4C(C)(O)C3CC12,-1.42,0.0,1,False,0,1
CCCCCCc1ccc(C(=O)O)cc1,-3.65,0.0,1,False,0,1
CC(C(=O)O)c1ccc(-c2ccccc2)c(F)c1,-4.29,0.0,1,False,0,1
Clc1cccc(Cl)c1-c1ccccc1,-5.21,0.0,1,False,0,1
CCc1cccc(CC)c1,-3.7476,0.0,1,False,0,1
CCCCC(=O)CC(C)=O,-1.56,0.0,1,False,0,1
CCCCCCCCCCOC(=O)C(C)O,-3.06,0.0,1,False,0,1
Cc1ncc([N+](=O)[O-])n1C,-1.16,0.0,1,False,0,1
O=C(Nc1cc(S(=O)(=O)[O-])cc2c1C(=O)/C(=N/Nc1ccc3cc(S(=O)(=O)CCOS(=O)(=O)[O-])ccc3c1S(=O)(=O)[O-])C(S(=O)(=O)[O-])=C2)c1ccccc1,-0.3893149412,0.0,1,True,1,5
ClC=C(Cl)Cl,-1.96,0.0,1,False,0,1
COC(=O)CN(CC(=O)OC)c1ccc(N=Nc2ccc([N+](=O)[O-])cc2C#N)c(NC(C)=O)c1,-5.1935197379,0.0,1,False,0,1
CCN(c1ccccc1)c1nc(Cl)nc(Nc2cc(S(=O)(=O)[O-])cc3c2C(=O)/C(=N/Nc2ccc4ccccc4c2S(=O)(=O)[O-])C(S(=O)(=O)[O-])=C3)n1,-0.4592355493,0.0,1,True,1,4
COc1cc2nc(N3CCN(C(=O)C4CCCO4)CC3)nc(N)c2cc1OC,-1.8,0.0,1,False,0,1
CC(C)CCNCc1cccc(C(=O)c2csc(S(N)(=O)=O)c2)c1,-1.5,0.0,1,False,0,1
O=[N+]([O-])c1ccc(Nc2ccc(Nc3ccccc3)c(S(=O)(=O)[O-])c2)c([N+](=O)[O-])c1,-2.1991373631,0.0,1,True,1,2
CC1(C)SCC(COC(N)=O)S1,-2.22,0.0,1,False,0,1
C=CCC1(CCCC)C(=O)NC(=O)NC1=O,-2.17,0.0,1,False,0,1
OCC1OC(OCCc2cccc3ccccc23)C(O)C(O)C1O,-1.11,0.0,1,False,0,1
CCCCCCCC/C=C\CCCCCCCCNCCCN,-6.102617030399999,3.0371297329326996,2,True,1,3
Cc1cc(Cl)ccc1OCC(O)=S,-3.16,0.0,1,False,0,1
C=CCOC(=O)C(C)OC(=O)C(C)O,-0.6826,0.0,1,False,0,1
CC(=O)CCCCn1c(=O)c2c(ncn2C)n(C)c1=O,-0.5579999999999999,0.0,1,False,0,1
CN(C)C1C(O)=C(C(N)=O)C(=O)C2(O)C(O)=C3C(=O)c4c(O)ccc(Cl)c4C(C)(O)C3CC12,-2.88,0.0,1,False,0,1
CCN(CCOC(C)OCC(C)C)c1ccc(N=Nc2ccccc2)cc1,-7.0905037661,0.0,1,False,0,1
C1O[C@@H]1[C@@H]1CO1,1.065,0.0,1,False,0,1
O=S(=O)(O)c1ccccc1N=C1C=CC(=C(c2ccc(Nc3ccccc3)cc2)c2ccc(Nc3ccccc3)cc2)C=C1,-8.3771050883,0.0,1,False,0,1
CCOC(=O)n1cc(F)c(=O)[nH]c1=O,-1.47,0.0,1,False,0,1
C=C1CCC(C)=CCCC=C(C)CC[C@@H]1C(C)=O,-5.4491260218,0.0,1,True,1,5
CCCCCCCCCCCCCCC/C=C/CC(CC(=O)O)C(=O)O,-6.9644458512,0.0,1,False,0,1
CCCCOc1cc(C(=O)NCCN(CC)CC)c2ccccc2n1,-3.7,0.0,1,False,0,1
CCCCCCCCCCCCCCCCc1c(Oc2ccccc2S(=O)(=O)[O-])cccc1S(=O)(=O)[O-],0.2227653537,0.0,1,True,1,3
COc1cc(C#N)c2c(c1OC)C(=O)OC2,-3.48,0.0,1,False,0,1
COc1ccc(O)cc1,-0.4919,0.0,1,False,0,1
CCCCCCCCCCOC(=O)c1ccccc1C(=O)OCCCCCCCCCC,-9.3076,0.0,1,False,0,1
O=Cc1ccco1,-0.0962,0.0,1,False,0,1
Cc1cccc2cc3ccccc3cc12,-5.8541,0.0,1,False,0,1
COc1ccc(C(=O)O)cc1,-2.458,0.0,1,False,0,1
CCC(N)C(=O)O,0.2868,0.0,1,False,0,1
CCCCOC(=O)c1ccccc1C(=O)OCCCC,-4.3876832538,0.0,1,False,0,1
Cn1cnc2c1c(=O)n(CC(=O)[O-])c(=O)n2C,-1.3769,0.0,1,False,0,1
CC1=CC(=C(c2ccc(N)cc2)c2ccc(N)cc2)C=CC1=N,-2.1054831912,0.0,1,True,1,3
NS(=O)(=O)c1cc(S(=O)(=O)c2cccc(O)c2)cs1,-2.72,0.0,1,False,0,1
CC(C)OP(=S)(OC(C)C)SCCNS(=O)(=O)c1ccccc1,-4.2014,0.0,1,False,0,1
O=Cc1ccccc1C=O,-1.34,0.0,1,False,0,1
CCCN(CCC)c1c([N+](=O)[O-])cc(C(C)C)cc1[N+](=O)[O-],-6.4491,0.0,1,False,0,1
CN(C(=O)COC(=O)c1ccccc1)C1CCCCC1,-3.29,0.0,1,False,0,1
Nc1ccc(S(=O)(=O)O)c2ncccc12,-2.71,0.0,1,False,0,1
CCCCCCCCCCCCCCCCCCCCCC(=O)O,-7.3281144602,0.0,1,False,0,1
CCCCCCCC/C=C\CCCCCCCC(=O)[O-],-9.39808839605,3.6781565882958898,2,True,2,3
CC(Cl)CCl,-1.6216647134,0.0,1,False,0,1
COCC(=O)O,1.0454,0.0,1,False,0,1
Nc1ccc(S(=O)(=O)Nc2ccc([N+](=O)[O-])cc2Br)cc1,-4.78,0.0,1,False,0,1
CC(=O)OCC=C(C)C,-1.4743213171,0.0,1,False,0,1
Cc1nc(C)c(C(=O)O)cc1C(=O)O,-2.8089999999999997,0.0,1,False,0,1
CCC(C)C1(CC)C(=O)NC(=O)NC1=O,-2.39,0.0,1,False,0,1
CCCCCCCCSC1C(O)C(O)OC(CO)C1O,-2.91,0.0,1,False,0,1
C=C(C)CC,-2.7307,0.0,1,False,0,1
O=C(c1ccccc1)c1ccc(OCC(O)COc2ccc(C(=O)c3ccccc3)c(O)c2)cc1O,-7.1387547034,0.0,1,False,0,1
C#CC(C)N(C(=O)CCl)c1ccccc1,-2.6468,0.0,1,False,0,1
O=C([O-])c1ccc(Cl)o1,-1.7188,0.0,1,False,0,1
CN(O)C(=O)C1CCCCCC1,-1.45,0.0,1,False,0,1
Nc1nc(O)c2ncn(C3C=CC(CO)C3)c2n1,-2.3,0.0,1,False,0,1
Cc1cc(Cl)ccc1OC(C)C(=O)O,-2.4660307863,0.0,1,False,0,1
CCCCC(CC)COC(=O)CC(CC(=O)OCC(CC)CCCC)(OC(C)=O)C(=O)OCC(CC)CCCC,-7.057520046900001,0.0,1,False,0,1
Clc1cc(Cl)c(Cl)c(Oc2ccc(Cl)c(Cl)c2)c1,-7.83,0.0,1,False,0,1
O=C(O)CN1C(=O)NC(=O)C1Cc1ccccc1,-1.79,0.0,1,False,0,1
Oc1cc(Cl)ccc1Oc1ccc(Cl)cc1,-4.2393931239,0.0,1,False,0,1
Clc1ccccc1-c1c(Cl)cc(Cl)c(Cl)c1Cl,-7.4346,0.0,1,False,0,1
C=C(C)C=O,-0.0675110058,0.0,1,False,0,1
CCCC1(CC)C(=O)NC(=S)NC1=O,-2.8,0.0,1,False,0,1
CNC(=O)N(C)c1nnc(C(C)(C)CCl)s1,-2.47,0.0,1,False,0,1
COC(=O)c1sccc1S(=O)(=O)NC(=O)Nc1nc(OC)nc(OC)n1,-3.19,0.0,1,False,0,1
CC(=O)C(N=Nc1ccc(-c2ccc(N=NC(C(C)=O)C(=O)Nc3ccc(C)cc3C)c(Cl)c2)cc1Cl)C(=O)Nc1ccc(C)cc1C,-9.2920103659,0.0,1,False,0,1
CC(C)CC1OCCO1,-0.3695,0.0,1,False,0,1
c1cc(OCC2CO2)c2ccc(OCC3CO3)cc2c1,-3.9191737976,0.0,1,False,0,1
Cc1cccc(C)c1OCC(=O)O,-2.2566445306,0.0,1,False,0,1
CN(C)CNC(=O)c1ccccc1,0.42,0.0,1,False,0,1
Nc1[nH]c(=O)[nH]c2nc(=O)[nH]c1-2,-3.46,0.0,1,False,0,1
CCOC(OCC)C(Cl)(Cl)Cl,-1.6464,0.0,1,False,0,1
CCOC(C)OCC,-0.4291,0.0,1,False,0,1
CC(=O)C=C(C)[O-],-1.8656839228999997,0.23780541775859154,2,True,2,4
C=CC(C)CCC=C(C)C,-5.9645864462,0.0,1,False,0,1
COC(=O)[C@@H]1C2CCC(C[C@@H]1OC(=O)c1ccccc1)N2C,-2.2267,0.0,1,False,0,1
NCC1CCC(C(=O)O)CC1,0.0255,0.0,1,False,0,1
CC(C)N(C(=O)COc1nnc(C(F)(F)F)s1)c1ccc(F)cc1,-3.8121,0.0,1,False,0,1
O=C(O)/C=C\C=C/C(=O)O,-2.8516,0.0,1,False,0,1
CC(=O)Nc1ccc(S(=O)(=O)Nc2nccs2)cc1,-3.43,0.0,1,False,0,1
CC1(C)[C@H](C=C(Cl)Cl)[C@H]1C(=O)OCc1c(F)c(F)cc(F)c1F,-6.8137,0.0,1,False,0,1
CCCCCCCCCCNC(=O)OCC1OC(O)C(O)C(O)C1O,-3.56,0.0,1,False,0,1
CCS[S+]([O-])CC,-0.0993,0.0,1,False,0,1
CCCCNc1ccc(NCCCC)c2c1C(=O)c1ccccc1C2=O,-7.9318570783,0.0,1,False,0,1
CC12CCC3(O)C(CCC4=CC(=O)CCC43C)C1CCC2=O,-2.68,0.0,1,False,0,1
NC(=Nc1ccc(N)cc1)N1Cc2cccc3cccc(c23)C1,-1.83,0.0,1,False,0,1
FC1(F)C(F)(F)C(F)(F)C2(F)C(F)(F)C(F)(F)C(F)(F)C(F)(F)C2(F)C1(F)F,-7.6647115323,0.0,1,False,0,1
CC(CC(=O)O)CC(C)(C)C,-2.3542209788,0.0,1,False,0,1
CC(C)(CO)[C@@H](O)C(=O)NCCCO,0.3944261529,0.0,1,False,0,1
CC(C)CCC(C)Nc1ccc(NC(C)CCC(C)C)cc1,-5.5751336546,0.0,1,False,0,1
Nc1ccc([N+](=O)[O-])cc1,-2.2782,0.0,1,False,0,1
O=C([O-])CCl,0.8486241841,0.0,1,True,1,2
CCN1C[C@]2(COC)[C@H](O)C[C@H](OC)[C@]34C1[C@H]([C@H](OC)[C@H]23)[C@]1(OC(C)=O)[C@H]2[C@@H](OC(=O)c3ccccc3)[C@](O)(C[C@H]24)[C@@H](OC)[C@@H]1O,-3.3187,0.0,1,False,0,1
CC(=O)/C(=N\Nc1cc([N+](=O)[O-])cc(S(=O)(=O)[O-])c1[O-])C(=O)[N-]c1ccccc1,-2.008645707,2.1693211276039492,2,True,2,6
CCCOC(=O)c1cccnc1,-1.2403,0.0,1,False,0,1
CC(Cl)(Cl)[N+](=O)[O-],-1.7603,0.0,1,False,0,1
CC1CN(c2cc3c(cc2F)c(=O)c(C(=O)O)cn3-c2ccc(F)cc2F)CCN1,-3.8,0.0,1,False,0,1
c1ccc(Nc2cccc3ccccc23)cc1,-4.8638916314,0.0,1,False,0,1
O=C(CS)Nc1ccc2ccccc2c1,-3.34,0.0,1,False,0,1
Cc1c(Nc2nc(Cl)nc(Nc3cccc(S(=O)(=O)[O-])c3)n2)c(C)c(S(=O)(=O)[O-])c(C)c1Nc1cc(S(=O)(=O)[O-])c(N)c2c1C(=O)c1ccccc1C2=O,-0.4244279852,0.0,1,True,1,4
C[C@H](CCC(=O)O)[C@H]1CC[C@H]2[C@@H]3[C@@H](O)C[C@@H]4C[C@H](O)CC[C@]4(C)[C@H]3CC[C@]12C,-4.2929,0.0,1,False,0,1
C#CCCC,-1.6374,0.0,1,False,0,1
O=[N+]([O-])N1CN([N+](=O)[O-])CN([N+](=O)[O-])C1,-3.5706,0.0,1,False,0,1
NS(=O)(=O)c1cc(C2(O)NC(=O)c3ccccc32)ccc1Cl,-3.4507,0.0,1,False,0,1
CCC(C)C(C)(C)C,-4.6776,0.0,1,False,0,1
CCCCCCCC/C=C\CCCCCCCCNC(=O)CCCCCCCCCCCCCCC,-7.7040784145,0.0,1,False,0,1
O=C1NC(=O)c2cccc3cccc1c23,-4.6928315029,0.0,1,False,0,1
O=c1[nH]c2cncnc2[nH]c1=O,-2.69,0.0,1,False,0,1
C=CC(C#N)OC(C)=O,-0.8986939452,0.0,1,False,0,1
CN(C=O)c1ccccc1,-1.4947809467,0.0,1,False,0,1
O=[N+]([O-])C(Br)(CO)CO,0.1271308568,0.0,1,False,0,1
CCCCC(CC)COS(=O)(=O)[O-],0.3329637961,0.0,1,True,1,2
CCC(CC)C(=O)N(CC)CC,-1.0876,0.0,1,False,0,1
Clc1ccc(Oc2c(Cl)cc(Cl)c(Cl)c2Cl)cc1,-7.77,0.0,1,False,0,1
CC(C)CC1CC(C)(O)CCO1,2.1376816201,0.0,1,False,0,1
C=C(C)C1CCC(C)CC1O,-1.7111123645,0.0,1,False,0,1
O=C(O)Cc1ccc(Cl)cc1Cl,-2.9191416399000003,0.0,1,False,0,1
O=c1cc[nH]c(O)c1,-1.2498,0.0,1,False,0,1
CC(C)NCC(O)COc1ccc(CC(N)=O)cc1,-1.3016,0.0,1,False,0,1
O=C1c2ccccc2C(=O)c2c(O)c(O)cc(O)c21,-4.6024,0.0,1,False,0,1
Clc1cc(Cl)c2c(Cl)c(Cl)c(Cl)c(Cl)c2c1Cl,-8.775,0.0,1,False,0,1
CC(CCC(=O)O)C1CCC2C3CCC4CC(O)CCC4(C)C3CCC12C,-7.34,0.0,1,False,0,1
Cc1cc(S(=O)(=O)O)c(N)cc1Cl,-2.4061778726,0.0,1,False,0,1
Clc1cc(Cl)c(Cl)c(-c2c(Cl)c(Cl)c(Cl)c(Cl)c2Cl)c1Cl,-10.4115,0.0,1,False,0,1
CCn1cc(C(=O)O)c(=O)c2cc(F)c(N3CCNC(C)C3)c(F)c21,-2.33,0.0,1,False,0,1
O=C(O)c1cc(S(=O)(=O)O)ccc1O,0.6554902722,0.0,1,False,0,1
NS(=O)(=O)c1ccc(NO)cc1,-0.84,0.0,1,False,0,1
CC(C)Oc1cccc(NC(=O)c2ccccc2C(F)(F)F)c1,-4.6947,0.0,1,False,0,1
COC(=O)c1nccnc1N,-1.6422660516999998,0.0,1,False,0,1
O=C(O)c1ccc(F)cc1,-2.0673,0.0,1,False,0,1
CCc1ccccc1,-2.9714779718999997,0.2849328803804051,2,True,1,5
CC1=C2C3OC(=O)C(C)C3CCC2(C)C=CC1=O,-3.09,0.0,1,False,0,1
CC1(C)[C@H]2CC=C(CCO)[C@@H]1C2,-2.6959998037,0.0,1,False,0,1
C=CC(F)(F)C(F)(F)C(F)(F)C(F)(F)F,-4.1979376006999995,0.0,1,False,0,1
CCOC(=O)CCCCCCCC(=O)OCC,-2.99,0.0,1,False,0,1
CCN(CC)c1nc(NC(C)C)nc(OC)n1,-4.888999999999999,0.0,1,False,0,1
CCOP(C)(=O)SCCN(C(C)C)C(C)C,-0.95,0.0,1,False,0,1
CCOCCOCCO,0.8723,0.0,1,False,0,1
CCCCCCCCCCCCCC(=O)OC,-6.6497381608,0.0,1,False,0,1
Fc1ccc(Cc2ccc(F)cc2)cc1,-6.912156136599999,0.0,1,False,0,1
O=C(OOC(=O)c1ccccc1)c1ccccc1,-4.4252,0.0,1,False,0,1
CCC(C)C(=O)OC1CC(C)C=C2C=CC(C)C(CCC3CC(O)CC(=O)O3)C21,-6.01,0.0,1,False,0,1
OCc1c(Cl)cccc1Cl,-2.1019,0.0,1,False,0,1
CCc1ccc(C)cc1,-3.1026,0.0,1,False,0,1
CNC(=O)Oc1ccccc1OC(C)C,-2.0512,0.0,1,False,0,1
C=CC(=O)OC1CCC(C(C)(C)C)CC1,-3.539328096,0.0,1,False,0,1
OCC[S-],0.9537303441,0.0,1,True,1,2
O=S(=O)([O-])c1ccc2oc3ccccc3c2c1,-0.4655,0.0,1,False,0,1
CCCC1CCC(C2CCC(c3ccc(-c4cc(F)c(F)c(F)c4)c(F)c3)CC2)CC1,-6.6360312962,0.0,1,False,0,1
CC(C)CC(C)C,-4.2605,0.0,1,False,0,1
O=C(O)CO,0.5960163257,0.0,1,False,0,1
COc1cc(S(=O)(=O)[O-])c(C)cc1NC(=O)C(N=Nc1ccc(-c2nc3ccc(C)c(S(=O)(=O)[O-])c3s2)cc1)C(C)=O,-0.76970430705,0.207382863877971,2,True,2,3
C[N+](C)(C)c1ccccc1,0.2877472964999999,0.0,1,True,1,2
CC/C=C(\C)C1(CC)C(=O)NC(=O)NC1=O,-2.31,0.0,1,False,0,1
Cc1cc(=O)n(O)c2ccc3ccccc3c12,-4.0,0.0,1,False,0,1
CN(C)NC(=N)N1Cc2cccc3cccc(c23)C1,-1.07,0.0,1,False,0,1
CCOC(=O)C1CCC(C(=O)OCC)CC1,-2.2512731137,0.0,1,False,0,1
c1ccc(C(c2ccccc2)(c2ccccc2)N2CCOCC2)cc1,-7.2168,0.0,1,False,0,1
O=c1[nH]ccc2ccccc12,-2.4842,0.0,1,False,0,1
CCCCCCCCCc1ccc(OCC(=O)O)cc1,-3.8425967597,0.0,1,False,0,1
CCCCCCCC/C=C/CCCCCCCC(=O)OCCC(C)C,-8.0701647483,0.0,1,False,0,1
COc1ccc(/C=C2/N=C(c3ccc(C4=N/C(=C/c5ccc(OC)cc5)C(=O)O4)cc3)OC2=O)cc1,-6.9835711537,0.0,1,False,0,1
CCCCCCP(=O)(OCC)OCC,-2.5687,0.0,1,False,0,1
CCCCCCCCBr,-5.0631,0.0,1,False,0,1
C=CC(=O)O,0.0059673299,0.0,1,False,0,1
O=C(O)c1ccccc1Nc1cccc(Cl)c1,-5.3,0.0,1,False,0,1
CN(C)P(=O)(OP(=O)(N(C)C)N(C)C)N(C)C,0.5433,0.0,1,False,0,1
CCCOC(C)=O,-0.72,0.0,1,False,0,1
CCCSP(=O)(OCC)SCCC,-2.5094,0.0,1,False,0,1
CCCCC(CC)C1CCON1CCOC(=O)NCCCCCCNC(=O)OCCN1OCCC1C(CC)CCCC,-5.7905608237,0.0,1,False,0,1
CSCOC(=O)c1ccccc1OC(C)=O,-2.6404,0.0,1,False,0,1
Cc1c[nH]c(=O)nc1N,-1.44,0.0,1,False,0,1
CC(C)OC(=O)c1c(C(=O)[O-])cccc1[N+](=O)[O-],-2.4897,0.0,1,False,0,1
CCCCCCCCCl,-5.1722437893,0.0,1,False,0,1
O=C1CCC(C(=O)Nc2ccccc2)N1,-1.3278,0.0,1,False,0,1
C=C(Cl)CCl,-1.7128,0.0,1,False,0,1
CC1=NN(c2cccc(S(=O)(=O)[O-])c2)C(=O)C1N=Nc1cc(Cl)c(Cl)cc1S(=O)(=O)[O-],-3.5516742176999996,0.4064588982129646,2,True,2,3
CC(=O)c1c(O)c(C)c(O)c2c1OC1=CC(=O)C(C(C)=O)C(=O)C12C,-3.537,0.0,1,False,0,1
COCCOC(C)=O,0.9276,0.0,1,False,0,1
O=C([O-])CCCCCCCC(=O)[O-],-0.017921985,0.0,1,True,1,3
O=C(O)CC1CCCCC1,-1.6935,0.0,1,False,0,1
O=C(COC(=O)c1ccccc1)NC1CCCCC1,-3.9,0.0,1,False,0,1
CNC(=O)O/N=C(/C)SC,-1.21,0.0,1,False,0,1
CCN(CC)C(C)C(C)OC(=O)c1ccc(N)cc1,-3.42,0.0,1,False,0,1
N#CC(OC1OC(COC2OC(CO)C(O)C(O)C2O)C(O)C(O)C1O)c1ccccc1,-0.77,0.0,1,False,0,1
CCC(=O)N(c1ccccc1)C1CCN(Cc2ccccc2)CC1,-3.4150433898,0.0,1,False,0,1
C(=C\c1ccccc1)/CN1CCN(C(c2ccccc2)c2ccccc2)CC1,-4.2,0.0,1,False,0,1
O=C(O)C(Cl)=C(Br)Br,-0.6873,0.0,1,False,0,1
Cc1cc(Oc2cc(C)cc(S(=O)(=O)[O-])c2)cc(S(=O)(=O)[O-])c1,-0.2207961953999999,0.0,1,True,1,3
CC(C)(C)CC(C)(C)N(c1ccccc1)c1cccc2ccccc12,-8.2900385416,0.0,1,False,0,1
CCC(=O)n1c(=O)[nH]cc(F)c1=O,-0.7,0.0,1,False,0,1
CCCCN(C)N=O,-0.6996,0.0,1,False,0,1
O=P(OCc1ccccc1)(OCc1ccccc1)OP(=O)(OCc1ccccc1)OCc1ccccc1,-7.2540426772,0.0,1,False,0,1
CCCCC(CC)COP(=O)(OCC(CC)CCCC)OCC(CC)CCCC,-8.85998044,0.0,1,False,0,1
O=C(O)/C=C/C=C/C(=O)O,-2.85,0.0,1,False,0,1
Nc1ncc2[nH]cnc2n1,-1.21,0.0,1,False,0,1
CC(C)(C)c1ccc2oc(-c3ccc(-c4nc5cc(C(C)(C)C)ccc5o4)s3)nc2c1,-5.634046793,0.0,1,False,0,1
CCCCCCOCCOCCO,-1.0490000000000002,0.0,1,False,0,1
Nc1ccn(C2CCC(CO)O2)c(=O)n1,-0.43,0.0,1,False,0,1
CC(C)CNCc1ccc(S(=O)(=O)c2csc(S(N)(=O)=O)c2)cc1,-1.16,0.0,1,False,0,1
Cc1ccccc1OP(=S)(S)Oc1ccccc1C,-1.0605299646,0.0,1,False,0,1
O=C(O)c1ccccc1C(C(=O)O)c1ccccc1C(=O)O,-2.4998,0.0,1,False,0,1
NC(=O)c1ccc(S(N)(=O)=O)cc1,-2.3015,0.0,1,False,0,1
COc1ccc(NC(=N)Nc2ccc(OC)cc2)cc1,-2.7345,0.0,1,False,0,1
COc1ccc(N)c([N+](=O)[O-])c1,-1.2257020372,0.0,1,False,0,1
Cc1ccc(O)c(CO)c1,-0.3143,0.0,1,False,0,1
CCCCCCCCCCCCCC(=O)N[C@@H](CCC(=O)O)C(=O)[O-],-0.8308225768999999,0.0,1,True,1,2
COc1cc2cc3c(C)coc3cc2oc1=O,-5.0,0.0,1,False,0,1
CCOc1ccccc1O,-1.1714515037,0.0,1,False,0,1
NC(=S)c1c(Cl)cccc1Cl,-2.3363,0.0,1,False,0,1
COc1ccc2cc(C(C)C(=O)OCCCO)ccc2c1,-3.4,0.0,1,False,0,1
O=C([O-])c1ccccc1-c1c2ccc(=O)cc-2oc2cc([O-])ccc12,-1.5755053644,0.0,1,True,1,3
O=C(NC1CC1)c1cc(N2CC2)c([N+](=O)[O-])cc1[N+](=O)[O-],-3.39,0.0,1,False,0,1
CCCCCCCCCCCCCCCC(=O)NCC(=O)O,-5.593122621900001,0.0,1,False,0,1
Oc1cccc2ccnnc12,-2.4089,0.0,1,False,0,1
O=[N+]([O-])c1ccc(-c2nc3ccc(Cl)cc3[nH]2)o1,-4.82,0.0,1,False,0,1
CC(C)=CC1C(C(=O)OCN2C(=O)C3=C(CCCC3)C2=O)C1(C)C,-5.26,0.0,1,False,0,1
CC(C)Nc1nc(N)nc(Cl)n1,-2.7063,0.0,1,False,0,1
CCC(C)CN(C)N=Nc1ccc(C(=O)O)cc1,-1.79,0.0,1,False,0,1
O=S(=O)(F)C(F)(F)C(F)(F)C(F)(F)C(F)(F)F,-6.0423843487,0.0,1,False,0,1
CC(C)CNCc1cccc(C(=O)c2csc(S(N)(=O)=O)c2)c1,-2.05,0.0,1,False,0,1
CC1=NN(c2cc(Cl)c(S(=O)(=O)[O-])cc2Cl)C(=O)C1N=Nc1cccc(S(=O)(=O)NCCc2ccccc2)c1,-2.4299809947,0.0,1,True,1,2
CCOC(=O)CCCC(=O)OCC,-1.3297,0.0,1,False,0,1
COC1(C)COC(C)(OC)CO1,-1.246,0.0,1,False,0,1
CN(C)C(=N)N=C(N)N,0.257987497,0.0,1,True,1,3
COC(=O)CS(=O)(=O)c1ccc(Br)cc1,-2.48,0.0,1,False,0,1
CC(=O)OC(C(=O)O)c1ccccc1,-1.23,0.0,1,False,0,1
c1ccc2c(c1)CCC2,-3.0351,0.0,1,False,0,1
CCC(CO)(CO)COCC(CC)(CO)CO,-1.076302279,0.0,1,False,0,1
CCOC(=O)C1=CC2(CC)CCCN3CCc4c(n1c1ccccc41)C32,-4.84,0.0,1,False,0,1
O=C(O)CC(C(=O)O)(c1ccccc1)c1ccccc1,-2.4318,0.0,1,False,0,1
O=C(O)/C=C(\CC(=O)O)C(=O)O,0.3612,0.0,1,False,0,1
Nc1ncc2ncn(CCC3COC(=O)OC3)c2n1,-1.43,0.0,1,False,0,1
CCCCCCCCCCCCCCOC(=O)OOC(=O)OCCCCCCCCCCCCCC,-4.3499005787,0.0,1,False,0,1
OCC[C@@H]1CCCC[NH2+]1,0.6427483546,0.0,1,False,0,1
O=C(O)c1cc(Nc2ccccc2)c(C(=O)O)cc1Nc1ccccc1,-4.9857232877,0.0,1,False,0,1
C=CC1(C)CCCC(C)(C)O1,-2.5359872782,0.0,1,False,0,1
Clc1cc(Cl)c(Cl)c(-c2cc(Cl)c(Cl)cc2Cl)c1,-8.5801,0.0,1,False,0,1
CC(O)C(C)Cl,-0.2122,0.0,1,False,0,1
COc1ccc(CCC(=O)c2c(O)cc(O[C@@H]3O[C@H](CO)[C@@H](O)[C@H](O)[C@H]3O[C@@H]3O[C@@H](C)[C@H](O)[C@@H](O)[C@H]3O)cc2O)cc1O,-3.1851035311,0.0,1,False,0,1
CO[SiH](CC1CCCCC1)OC,-3.0959725364999997,0.0,1,False,0,1
C=C1C2CCC3C2C(C)(C)CCCC13C,-4.412762427200001,0.0,1,False,0,1
CCOC=O,0.1514941879,0.0,1,False,0,1
O=c1ccc2nc3ccccc3sc-2c1,-3.72,0.0,1,False,0,1
CN(C)C(CSC(N)=O)CSC(N)=O,-0.07,0.0,1,False,0,1
NC(=O)c1ccc(NC(=O)c2ccc([N+](=O)[O-])cc2)cc1,-4.9367254155,0.0,1,False,0,1
O=C(O)c1cc(Br)c(O)cc1O,-2.62,0.0,1,False,0,1
CCCCC(CC)COC(=O)C(C#N)=C(c1ccccc1)c1ccccc1,-6.5580902807,0.0,1,False,0,1
CC(C)CCCCCOC(=O)CCS,-4.4543816995,0.0,1,False,0,1
Brc1ccc(I)cc1,-4.452,0.0,1,False,0,1
Nc1c2ccccc2nc2ccc(Cl)cc12,-2.42,0.0,1,False,0,1
O=C(O)COc1ccc(Cl)cc1,-2.29,0.0,1,False,0,1
Cc1cccc(I)c1O,-1.8378,0.0,1,False,0,1
Cc1ccc(S(=O)(=O)O)cc1,0.5564,0.0,1,False,0,1
CCN(CC)c1cc2[o+]c3cc(N(CC)CC)c(C)cc3c(-c3ccc(S(=O)(=O)[O-])cc3S(=O)(=O)[O-])c2cc1C,-0.8053203897,0.0,1,True,1,2
CC(C)CCCCCCCOP(=O)(Oc1ccccc1)Oc1ccccc1,-5.7165,0.0,1,False,0,1
CCNc1nc(Cl)nc(NC(C)(C)C#N)n1,-3.151,0.0,1,False,0,1
CCC#N,0.2718,0.0,1,False,0,1
CN(C)CCC=C1c2ccccc2COc2ccccc21,-3.4,0.0,1,False,0,1
CC(=O)OCC(=O)[C@H]1CC[C@H]2[C@@H]3CCC4=CC(=O)CC[C@]4(C)[C@H]3CC[C@]12C,-4.6301,0.0,1,False,0,1
O=c1[nH]c(=O)n(Cc2ccc(Cl)cc2Cl)cc1F,-3.94,0.0,1,False,0,1
CCCOC(=O)c1ccccc1C(=O)OCCC,-3.82,0.0,1,False,0,1
Nc1ccc(O)c2c1C(=O)c1ccccc1C2=O,-3.824,0.0,1,False,0,1
Clc1cc(Cl)c(-c2c(Cl)ccc(Cl)c2Cl)cc1Cl,-7.93,0.0,1,False,0,1
CCC(C)(C)C1CCC(=NO)C(=NO)C1,-3.9652,0.0,1,False,0,1
CNC(=O)N(C)C(=O)CC#N,0.1709,0.0,1,False,0,1
COC(=O)CC#N,-0.2636316857,0.0,1,False,0,1
CCOC(=O)c1nn(-c2ccc(OC)cc2)c2c1CCN(c1ccc([N+](=O)[O-])cc1)C2=O,-6.6187193264,0.0,1,False,0,1
O=c1ccc(I)c[nH]1,-1.7423,0.0,1,False,0,1
Cc1ccccc1Oc1cccnn1,-1.969,0.0,1,False,0,1
C=CC(C)C(=O)OCC,-1.5763108556999998,0.0,1,False,0,1
CC(CN/C=C1/C=CC=CC1=O)N/C=C1/C=CC=CC1=O,-3.172023424,0.0,1,False,0,1
C1=COCCC1,-1.0383982131,0.0,1,False,0,1
CCc1nc2c(c(=O)n(C)c(=O)n2C)n1C,-1.5687,0.0,1,False,0,1
CCN1C(=O)C(C(N)=O)=C(C)/C(=N/Nc2cc(Nc3nc(F)nc(Nc4cc(S(=O)(=O)[O-])ccc4Cl)n3)ccc2S(=O)(=O)[O-])C1=O,-0.9210343837,0.0,1,True,1,3
O=C(O)[C@@H](O)[C@@H](O)[C@@H](O)[C@@H](O)C(=O)O,-0.3225,0.0,1,False,0,1
CCCCOP(=O)(S)OCCCC,-1.8796973024,0.0,1,True,1,2
CC1(C2CCC3C4=CC=C5CC6(CCC5(C)C4CCC32C)OCCO6)OCCO1,-6.7001197149000005,0.0,1,False,0,1
CCN(CC)CCSc1nnc2[nH]c3ccccc3c2n1,-3.09,0.0,1,False,0,1
CC/C=C/CCCCCCC,-5.1883574821,0.0,1,False,0,1
CC(C)c1ccc2ccccc2c1,-5.297999999999999,0.0,1,False,0,1
Cc1ccc(C(=O)c2ccc(CC(=O)O)n2C)cc1,-4.09,0.0,1,False,0,1
CCOC(=O)C(C)c1ccc2cc(OC)ccc2c1,-5.24,0.0,1,False,0,1
NCC(=O)NC(Cc1ccc(O)cc1)C(=O)O,-0.73,0.0,1,False,0,1
Clc1ccc(Oc2cc(Cl)c(Cl)c(Cl)c2Cl)c(Cl)c1,-8.44,0.0,1,False,0,1
CCC(=O)N(C)c1ccc(S(=O)(=O)N(C)C)cc1,-2.48,0.0,1,False,0,1
Cc1ccccc1OP(Oc1ccccc1C)Oc1ccccc1C,-7.779843060399999,0.0,1,False,0,1
CCSC(=O)N(CC(C)C)CC(C)C,-3.684,0.0,1,False,0,1
CC1CC2C3CC(F)C4=CC(=O)C=CC4(C)C3(F)C(O)CC2(C)C1(O)C(=O)CO,-5.6129999999999995,0.0,1,False,0,1
Cc1cccc(C)n1,0.447,0.0,1,False,0,1
O=P(O)(O)OC1OC(CO)C(O)C(O)C1O,0.5848,0.0,1,False,0,1
CC(C)(C)OOC(=O)C(C)(C)C,-2.067961594,0.0,1,False,0,1
CC(=O)OCC(=O)C1(O)CCC2C3CCC4=CC(=O)C=CC4(C)C3C(O)CC21C,-4.38,0.0,1,False,0,1
NCC(O)C(=O)O,-0.8229,0.0,1,False,0,1
O=C([O-])CCCCC(=O)[O-],0.0846221527,0.0,1,True,1,3
CCN(CC)c1ccc([C+](c2ccc(N(CC)CC)cc2)c2ccc(N(CC)CC)cc2)cc1,-0.1395608978999999,0.0,1,True,1,2
NS(=O)(=O)c1cc2c(s1)SCCC2=O,-3.55,0.0,1,False,0,1
COC(=O)c1ccc(O)cc1,-1.827,0.0,1,False,0,1
CC(C)(OOC(C)(C)c1ccccc1)c1ccccc1,-5.7692,0.0,1,False,0,1
CCCCOC(=O)CCOC,-1.2135,0.0,1,False,0,1
CCCCN(CCCC)C(=S)[S-],-5.6759230824,0.0,1,True,1,3
CC[C@@H](C)[NH2+][C@@H](C)CC,-1.769,0.0,1,False,0,1
CC(O)C(=O)N(C)C,1.6302351258,0.0,1,False,0,1
CC(C)(C)c1ccc(OC(=O)c2cc(C(C)(C)C)c(O)c(C(C)(C)C)c2)c(C(C)(C)C)c1,-7.3410901182,0.0,1,False,0,1
CCC(C)C=O,-0.8212312637000001,0.0,1,False,0,1
O=C(O)C1CC1C(=O)Nc1ccc(Cl)cc1Cl,-3.8697,0.0,1,False,0,1
C1=CCC(C2OCC3(CO2)COC(C2CC=CCC2)OC3)CC1,-5.2397354439,0.0,1,False,0,1
O=C1c2ccccc2/C(=N/O)C1[N+](=O)[O-],-2.68,0.0,1,False,0,1
Cl/C=C/CCl,-1.598,0.0,1,False,0,1
FC(F)(F)C(F)(F)C(F)(F)N(C(F)(F)C(F)(F)C(F)(F)F)C(F)(F)C(F)(F)C(F)(F)F,-9.1359660934,0.0,1,False,0,1
O=C(O)CCI,-0.43,0.0,1,False,0,1
Nc1c(OCCOC(=O)Oc2ccccc2)cc(O)c2c1C(=O)c1ccccc1C2=O,-8.0544153113,0.0,1,False,0,1
O=C(O)C(=O)Nc1ccccc1,-1.3019,0.0,1,False,0,1
S=c1[nH]sc(=S)[nH]1,-1.7618,0.0,1,False,0,1
COC(=O)c1ccc(OC(C)=O)cc1,-2.5,0.0,1,False,0,1
CC(C)SC(C)C,-2.24,0.0,1,False,0,1
CC/C(N=O)=C(/CC)NO,-2.5525,0.0,1,False,0,1
CC(=O)OC(C)=O,0.0702,0.0,1,False,0,1
O=[N+]([O-])c1ccc(O)cc1-c1ccccc1,-3.63,0.0,1,False,0,1
CCN(C(=O)CNC)C1CC(C)S(=O)(=O)c2sc(S(N)(=O)=O)cc21,-1.21,0.0,1,False,0,1
CC(=O)OCCC(C)CC(C)(C)C,-3.9891678317,0.0,1,False,0,1
OCc1ccc(Cl)cc1,-1.7561,0.0,1,False,0,1
COc1ccc(C(=O)c2csc(S(N)(=O)=O)c2)cc1,-4.4733,0.0,1,False,0,1
O=C(O)c1cc(=O)c2cc3c(cc2o1)CCCC3,-1.05,0.0,1,False,0,1
Cn1c2ccccc2c(=O)c2ccccc21,-4.46,0.0,1,False,0,1
CC1CCC(C)(C)C1,-4.4784,0.0,1,False,0,1
CC(C)S[S+]([O-])C(C)C,-0.823,0.0,1,False,0,1
COc1cc(OC)c2c(c1Cl)OC1(C2=O)C(C)CC(O)CC1O,-2.34,0.0,1,False,0,1
Cc1c(Cl)ccc(Cc2ccc(Cl)cc2Cl)c1Cl,-7.4,0.0,1,False,0,1
C[C@H](NC(N)=O)C(=O)O,-0.7845,0.0,1,False,0,1
CCOCCOC(C)=O,0.2716,0.0,1,False,0,1
Cn1nc(S(N)(=O)=O)sc1=NS(=O)(=O)c1ccc(Cl)c([N+](=O)[O-])c1,-2.47,0.0,1,False,0,1
NCCCCC(N)C(=O)O,0.8351,0.0,1,False,0,1
COc1ccc(NC(N)=O)cc1,-1.5917,0.0,1,False,0,1
N[C@@H](CS)C(=O)O,0.6219271018,0.0,1,True,1,3
C[C@]12CC[C@H]3[C@@H](CCC4=CC(=O)C=C[C@@]43C)[C@@H]1CC[C@@H]2O,-3.7003596507,0.0,1,False,0,1
CC(C)(C)NC[C@@H](O)COc1ccccc1C1CCCC1,-1.6195,0.0,1,False,0,1
CCCCC(CC)C(=O)OCC(COCC(COC(=O)CCCCCC(C)C)(COC(=O)C(CC)CCCC)COC(=O)C(CC)CCCC)(COC(=O)CCCCCC(C)C)COC(=O)CCCCCC(C)C,-7.323686796,0.0,1,False,0,1
O=C(O)CCCCCn1ccccc1=O,-0.64,0.0,1,False,0,1
Cc1ncc([N+](=O)[O-])n1CCOC(=O)c1ccc(CN2CCOCC2)cc1,-2.89,0.0,1,False,0,1
COC(CN(C)C(=O)Nc1nnc(C(C)(C)C)s1)OC,-1.8678,0.0,1,False,0,1
Cc1c(N)c(=O)n(-c2ccccc2)n1C,0.31,0.0,1,False,0,1
CCC(C)C1NC(=O)C(Cc2c[nH]c3ccccc23)NC(=O)C2CCCN2C(=O)C(Cc2c[nH]cn2)NC(=O)C2CCCCN2C(=O)C2CCCCN2C1=O,-2.58,0.0,1,False,0,1
O=C(O)C(Cl)Cl,0.8896,0.0,1,False,0,1
C=C(C)C(=O)OCC1CCCO1,-0.9524550039,0.0,1,False,0,1
Nc1ccc(S(=O)(=O)Nc2ccccc2[N+](=O)[O-])cc1,-4.49,0.0,1,False,0,1
CCCCCCCCNC(=O)C(C)O,-2.2827,0.0,1,False,0,1
CSCC[C@@H](NC(C)=O)C(=O)[O-],-0.3216,0.0,1,False,0,1
CCNC1CN(CCCOC)S(=O)(=O)c2sc(S(N)(=O)=O)cc21,-2.95,0.0,1,False,0,1
O=C(NC(=O)c1ccccc1Cl)Nc1ccc(OC(F)(F)F)cc1,-7.1568,0.0,1,False,0,1
Cc1ccccc1COC1CC2(C(C)C)CCC1(C)O2,-3.6391,0.0,1,False,0,1
CC=CC=O,0.32,0.0,1,False,0,1
Cc1nn(C)c(Oc2ccccc2)c1/C=N/OCc1ccc(C(=O)OC(C)(C)C)cc1,-7.4604,0.0,1,False,0,1
Cc1cc(O)c(C(=O)O)c(O)c1,-2.0496,0.0,1,False,0,1
CCCC1CO1,-0.57344678,0.0,1,False,0,1
CN=C(SC)N(C)C,-0.4401,0.0,1,False,0,1
CCCCSP(=O)(SCCCC)SCCCC,-5.14,0.0,1,False,0,1
C=C(C)CS(=O)(=O)[O-],0.5194215084,0.0,1,True,1,2
COc1cccc(C(=O)O)c1OC,-2.14,0.0,1,False,0,1
CCN(C(=O)N(CC)c1ccccc1)c1ccccc1,-3.5256277962,0.0,1,False,0,1
O=c1c(CO)c/c(=N\Nc2ccc(S(=O)(=O)[O-])c3ccccc23)c(=O)/c1=N/Nc1ccc(S(=O)(=O)[O-])c2ccccc12,-0.8171647444,0.0,1,True,1,3
CCCCCCCCCCCCO,-4.89977832055,0.12016308315898235,2,True,1,2
CCc1nc2cncnc2nc1CC,-0.18,0.0,1,False,0,1
O=C(O)CSC1CCCCC1,-1.3381,0.0,1,False,0,1
CCOCCOCC,-0.77,0.0,1,False,0,1
CC(C)CCOCC(O)COCCC(C)C,-1.3662,0.0,1,False,0,1
NC(Cc1ccc(O)cc1)C(=O)NCC(=O)NCC(=O)O,-1.47,0.0,1,False,0,1
NC(=O)C(Br)Br,-1.0574,0.0,1,False,0,1
C=CC(=O)OCC(C)C,-1.8067597771,0.0,1,False,0,1
CC1(C)SC2C(NC(=O)COc3ccccc3)C(=O)N2C1C(=O)O,-2.81,0.0,1,False,0,1
CCc1ccccc1CC,-3.2759,0.0,1,False,0,1
O=C(O)COc1c(Cl)cc(Cl)c(Cl)c1Cl,-3.41,0.0,1,False,0,1
CC1(C)CC(O)CC(C)(CN)C1,0.488999371,0.0,1,False,0,1
CC(CO)C1CCCCCCCCCCC1,-5.451794108500001,0.0,1,False,0,1
CC(=O)NC(CSc1ccc(Cl)c(Cl)c1)C(=O)O,-2.89,0.0,1,False,0,1
Nc1ccc(S(=O)(=O)O)cc1S(=O)(=O)O,-1.7700930025,0.0,1,False,0,1
Cc1c(OCc2ccccn2)ccc2c(=O)cc(N3CCOCC3)oc12,-4.45,0.0,1,False,0,1
C[C@]12CC[C@@H]3C4=C(CC[C@H]3[C@@H]1CC[C@@H]2O)CC(=O)CC4,-4.947028744,0.0,1,False,0,1
C=C(C)C1CC=C(C)CC1,-3.8464965295,0.0,1,False,0,1
CCC(C(=O)O)C(=O)O,0.7315,0.0,1,False,0,1
COc1ccc(N(C)C(N)=O)cc1,-1.16,0.0,1,False,0,1
FC(F)CCl,-0.9229632085,0.0,1,False,0,1
COc1ccccc1NC(=O)C1=Cc2ccccc2/C(=N\Nc2cc(Cl)ccc2Cl)C1=O,-8.4645677849,0.0,1,False,0,1
CC1COC(=O)O1,0.371232292,0.0,1,False,0,1
c1ccnnc1,1.0964,0.0,1,False,0,1
Cc1cccc(C(C)C)c1,-3.4994,0.0,1,False,0,1
C=CCCCCCCCCC(=O)OC,-5.3975153521,0.0,1,False,0,1
O=C(OC(=O)c1ccccc1)c1ccccc1,-4.3546,0.0,1,False,0,1
COc1ccccc1NC(=O)CC(C)=O,-1.8059055211,0.0,1,False,0,1
c1ccc2c(c1)ccc1c3ccc4ccccc4c3[nH]c21,-7.41,0.0,1,False,0,1
CC(C)OC(=O)[C@@H](C)N(C(=O)c1ccccc1)c1ccc(F)c(Cl)c1,-4.4817,0.0,1,False,0,1
Clc1ccc(-c2cccc(Cl)c2Cl)c(Cl)c1,-6.6813,0.0,1,False,0,1
CC(C)(S)C(N)C(=O)O,-0.13,0.0,1,False,0,1
CCCCCCCCCCCCCCC1CO1,-6.6820204584,0.0,1,False,0,1
O=C([O-])C(O)C(O)C1OB(O)OC1CO,0.3169727848,0.0,1,True,1,3
O=P(O)(O)CN(CCCCCCN(CP(=O)(O)O)CP(=O)(O)O)CCCCCCN(CP(=O)(O)O)CP(=O)(O)O,-0.0877655775,0.0,1,False,0,1
CC(=O)C1CC(CC(=O)O)C1(C)C,-0.5752,0.0,1,False,0,1
N=C(N)c1cccc(NC(=O)Nc2cccc(C(=N)N)c2)c1,-1.77,0.0,1,False,0,1
Cl/C=C\CCl,-1.706753006,0.0,1,False,0,1
CCCCOC(=O)c1ccccc1C(=O)OCC(CC)CCCC,-7.22,0.0,1,False,0,1
CCCCOC(=O)CCC,-2.3610477790999997,0.0,1,False,0,1
Cc1cc2cc3c(C)cc(=O)oc3cc2o1,-5.23,0.0,1,False,0,1
O=C(c1ccccc1)n1c(=O)[nH]cc(F)c1=O,-2.26,0.0,1,False,0,1
CC(C)COC(=O)n1cc(F)c(=O)[nH]c1=O,-1.89,0.0,1,False,0,1
COP(=O)(CCC(=O)NCO)OC,1.5784906741,0.0,1,False,0,1
O=C1C(Cl)C(CCl)CN1c1cccc(C(F)(F)F)c1,-4.05,0.0,1,False,0,1
CC(C)(NC(N)=O)C(=O)O,-1.1648,0.0,1,False,0,1
O=C(O)CCCCCCCCCCC(=O)O,-1.7417188284499998,2.8546221234971827,2,True,1,3
COc1nsc(N)n1,-1.2427,0.0,1,False,0,1
CCC(C)(CCC(C)C)C(=O)OCC1CO1,-3.5134687407,0.0,1,False,0,1
Nc1cnn(-c2ccccc2)c(=O)c1Br,-3.1239999999999997,0.0,1,False,0,1
C=CC(C)(CCC=C(C)C)OC(=O)C(C)C,-4.8105849842,0.0,1,False,0,1
C=CCCCO,-0.1793,0.0,1,False,0,1
OCC1CCC(CO)O1,0.8789,0.0,1,False,0,1
CCCCN(CCCC)C(=O)COC(=O)c1ccccc1,-3.5614,0.0,1,False,0,1
CCCCC(=O)n1cnc2c1c(=O)n(C)c(=O)n2C,-2.12,0.0,1,False,0,1
NC(=O)C=Cc1ccccc1[N+](=O)[O-],-1.2837,0.0,1,False,0,1
CC(C)c1ccc(C=O)cc1,-2.7852565820999997,0.0,1,False,0,1
C=CCCCOC(=O)C(CC)N(Cc1ccco1)C(=O)n1ccnc1,-2.8919,0.0,1,False,0,1
CCN(CC)C(=O)n1cnc(S(=O)(=O)c2c(C)cc(C)cc2C)n1,-5.1467,0.0,1,False,0,1
CCC(O)CO,1.0451691789,0.0,1,False,0,1
Cc1cc(N/N=C2/C(=O)C(C(=O)[O-])=Cc3ccccc32)c(S(=O)(=O)[O-])cc1Cl,-3.9441003714,0.0,1,True,1,2
CCOP(=O)(O/C=C/Cl)OCC,-1.3316,0.0,1,False,0,1
Cc1c2c(cc3c1ccc1ccccc13)CCCC2,-6.75,0.0,1,False,0,1
CC(=NNC(=O)c1ccncc1)C(=O)O,-3.31,0.0,1,False,0,1
CC1N(c2cc3c(cc2F)c(=O)c(C(=O)O)cn3C2CC2)CC1(C)N,-5.42,0.0,1,False,0,1
CCOC(=O)C(CC)(CC)C(=O)NC(N)=O,-2.08,0.0,1,False,0,1
NS(=O)(=O)c1ccc(SCCCCCO)cc1,-2.6618,0.0,1,False,0,1
CCc1ccc2cc3ccccc3cc2c1,-6.8863,0.0,1,False,0,1
CC(c1ccccc1)c1ccc(Nc2ccc(C(C)c3ccccc3)cc2)cc1,-5.9641687617,0.0,1,False,0,1
Clc1ccccc1-c1c(Cl)c(Cl)c(Cl)c(Cl)c1Cl,-8.0133,0.0,1,False,0,1
COC(=O)c1ccc([N+](=O)[O-])cc1C(=O)[O-],-2.0558,0.0,1,False,0,1
CCS(=O)(=O)Oc1ccc2c(c1)C(C)(C)CO2,-2.9921,0.0,1,False,0,1
C=C1CCOC1=O,0.1844,0.0,1,False,0,1
CC(=O)Nc1ccc(N/N=C2\C=C(C)C=CC2=O)cc1,-5.358,0.0,1,False,0,1
Nc1cc([N+](=O)[O-])cc(C(=O)O)c1O,-2.4907790333,0.0,1,False,0,1
CCCCCCCC(=O)N(C)C,-1.6002483409,0.0,1,False,0,1
COc1ncc2[nH]cnc2n1,-1.48,0.0,1,False,0,1
COC(=O)c1cc(Cl)cc(N)c1Cl,-3.2634,0.0,1,False,0,1
CC(C)N(C(=O)SC/C(Cl)=C/Cl)C(C)C,-4.2856,0.0,1,False,0,1
O=[N+]([O-])c1ccc(-c2nc3ccc(F)cc3[nH]2)o1,-4.0,0.0,1,False,0,1
O=C([O-])C(Cl)=C(Cl)Cl,-0.4659,0.0,1,False,0,1
OC[C@H]1O[C@H](OC[C@H]2O[C@H](O[C@]3(CO)O[C@H](CO)[C@@H](O)[C@@H]3O)[C@H](O)[C@@H](O)[C@@H]2O)[C@H](O)[C@@H](O)[C@H]1O,-0.3962,0.0,1,False,0,1
C=C(C)c1cccc(C(=C)C)c1,-4.4511392251999995,0.0,1,False,0,1
O=S1(=O)OC2(c3cc(O)ccc3Oc3ccc(O)cc32)c2ccccc21,-3.5,0.0,1,False,0,1
CC(=O)N1C[C@@H](O)C[C@H]1C(=O)[O-],0.3449927217,0.0,1,False,0,1
CC(=O)Nc1ccc(Cl)cc1,-2.84,0.0,1,False,0,1
CCC1OC(=O)C(C)C(OC2CC(C)(OC)C(O)C(C)O2)C(C)C(OC2OC(C)CC(N(C)C)C2O)C(C)(OC)CC(C)C(=O)C(C)C(O)C1(C)O,-2.2,0.0,1,False,0,1
CCCCCOC(=O)c1ccc(O)c(Br)c1,-4.1,0.0,1,False,0,1
CC1=NN(c2ccc(S(=O)(=O)CCOS(=O)(=O)[O-])cc2)C(O)C1N=Nc1ccc2c(S(=O)(=O)[O-])cccc2c1S(=O)(=O)O,-0.3928398265,0.0,1,True,1,3
COc1ccc(Cl)c(Cl)c1Cl,-4.2918,0.0,1,False,0,1
CCCC(O)(CCC)C(O)c1ccccc1,-2.648,0.0,1,False,0,1
CCOP(=S)(OCC)Oc1cnccn1,-2.338,0.0,1,False,0,1
CN1C2CCC1CC(OC(=O)C(CO)c1ccccc1)C2,-1.91,0.0,1,False,0,1
O=C(Nc1ccccc1)C(Cl)Cl,-3.3555,0.0,1,False,0,1
O=Cc1ccc(Cl)cc1,-2.1770779444,0.0,1,False,0,1
CNC(=O)O/N=C/C(C)(C)SC,-1.4991,0.0,1,False,0,1
Nc1ncnc2c1ncn2[C@]1(CO)O[C@H](CO)[C@@H](O)[C@H]1O,-1.5701,0.0,1,False,0,1
C=C(C)C(=O)OCCCCCCCC(C)C,-6.0559466089,0.0,1,False,0,1
CC=O,1.3561,0.0,1,False,0,1
O=S(=O)(O)C(Cl)(S(=O)(=O)O)S(=O)(=O)O,0.5366,0.0,1,False,0,1
C=CC(=O)OCC(CC)(COCC(CC)(COC(=O)C=C)COC(=O)C=C)COC(=O)C=C,-4.4927855243,0.0,1,False,0,1
COc1ccc(CN(CCN(C)C)c2ncccn2)cc1,-2.99,0.0,1,False,0,1
CC(C)C(NC(=O)CN)C(=O)O,0.4579,0.0,1,False,0,1
CC12CCC(=O)C=C1C=CC1C2CCC2(C)C1CCC21CCC(=O)O1,-4.1007061575,0.0,1,False,0,1
CCNC(=S)OC(C)C,-1.7447887835,0.0,1,False,0,1
C=C[C@]1(C)CC[C@@H](C(C)(C)O)C[C@H]1C(=C)C,-3.0592783722,0.0,1,False,0,1
C#CC,-1.0417,0.0,1,False,0,1
CC(C)CN(CC(C)C)C(=O)COC(=O)c1ccccc1,-3.56,0.0,1,False,0,1
CC(CN(C)C)CN1c2ccccc2CCc2ccccc21,-4.79,0.0,1,False,0,1
CCCCC(CC)COCC(O)CO,-2.0550171187,0.0,1,False,0,1
CC12C=CC(=O)C=C1CCC1C2C(O)CC2(C)C1CC(O)C2(O)C(=O)CO,-2.6645485391,0.0,1,False,0,1
CC1(O)CC(C)(O)OO1,0.5714408419,0.0,1,False,0,1
CC12CCC3C(CC=C4CC(OC=O)CCC43C)C1CCC2=O,-4.41,0.0,1,False,0,1
CCC(O)COC1CCCCC1C(C)(C)C,-3.698734262,0.0,1,False,0,1
Cc1cc(C2CCCCC2)n(O)c(=O)c1,-0.9331685906,0.0,1,True,1,2
Oc1cccc(O)c1,1.0034883278,0.0,1,False,0,1
Ic1ccccc1I,-4.217,0.0,1,False,0,1
CC1=C(C(=O)O)CCC1(C)C,-2.8871,0.0,1,False,0,1
Nc1ccc2cc(S(=O)(=O)O)ccc2c1,-3.2696160575,0.0,1,False,0,1
Cc1nc(NS(=O)(=O)c2ccc(N)cc2)oc1C,-2.22,0.0,1,False,0,1
CCc1ccc(C(=O)NN(C(=O)c2cc(C)cc(C)c2)C(C)(C)C)cc1,-5.6281,0.0,1,False,0,1
CNC(N)=O,1.1302814392,0.0,1,False,0,1
CC(C)c1nc([N+](=O)[O-])c[nH]1,-1.15,0.0,1,False,0,1
Clc1ccc(-c2cc(Cl)ccc2Cl)c(Cl)c1,-7.26,0.0,1,False,0,1
CC(C)CCCCCCCCCCCCCCCO,-6.256077615900001,0.0,1,False,0,1
O=C(O)c1ccc([N+](=O)[O-])c(C(=O)O)c1,-1.3391,0.0,1,False,0,1
CCN(CC)S(=O)(=O)c1ccc(N)cc1,-2.63,0.0,1,False,0,1
O=C(N=NNc1cc(Cl)c(-c2ccc(-c3cc(Cl)c(NN=NC(=O)c4cc5ccccc5cc4O)cc3Cl)cc2)cc1Cl)c1cc2ccccc2cc1O,-8.0871707055,0.0,1,False,0,1
CN1C2CCC1CC(OC(=O)C(O)c1ccccc1)C2,-1.44,0.0,1,False,0,1
CCOC(=O)C(C)Oc1ccc(Oc2nc3ccc(Cl)cc3s2)cc1,-5.67,0.0,1,False,0,1
CCCCNCc1ccc(C(=O)c2csc(S(N)(=O)=O)c2)cc1,-2.21,0.0,1,False,0,1
C=CC(C)(O)/C=C/C1=C(C)CCCC1(C)C,-3.164147933,0.0,1,False,0,1
COc1ccccc1N/N=C1\C(=O)C=Cc2ccccc21,-8.9260164319,0.0,1,False,0,1
CCCCCCCC(CC)CCCC(CC)CCCC,-6.2691310175,0.0,1,True,1,3
C=CC(=O)OCCOc1ccc(C(C)(C)c2ccc(OCCOC(=O)C=C)cc2)cc1,-5.999481603,0.0,1,False,0,1
O=NN(CCCl)C(=O)NCCCl,-1.7285,0.0,1,False,0,1
O=C1OC(C(O)C(O)CO)C(O)C1O,0.3348,0.0,1,False,0,1
Oc1cccc2cncnc12,-2.0361,0.0,1,False,0,1
CCCC,-2.977604072,0.0,1,False,0,1
O=C([O-])C(Br)(Br)Br,-0.1713,0.0,1,False,0,1
CC(=O)Nc1cc(Cl)ccc1[N+](=O)[O-],-0.99,0.0,1,False,0,1
CNC(Cc1ccc(O)c(O)c1)C(=O)O,-1.02,0.0,1,False,0,1
CCc1nc2ncnc(N)c2nc1CC,-2.93,0.0,1,False,0,1
c1ccc(-c2ccccc2)cc1,-4.32,0.0,1,False,0,1
C1COC1,1.236,0.0,1,False,0,1
CCCC#N,-0.321,0.0,1,False,0,1
Clc1cccc(-c2ccc(Cl)c(Cl)c2Cl)c1Cl,-7.0502,0.0,1,False,0,1
COC(=O)c1cc(C(=O)OC)cc(S(=O)(=O)[O-])c1,-0.9664819924,0.0,1,True,1,2
ClCC(Br)CBr,-2.374,0.0,1,False,0,1
CCCCCCCCCc1ccc(O)cc1,-4.4980268403,0.0,1,False,0,1
Clc1cc(Cl)c(-c2cc(Cl)cc(Cl)c2Cl)c(Cl)c1,-8.71,0.0,1,False,0,1
CC(C)(C)C(=O)C1C(=O)c2ccccc2C1=O,-4.107,0.0,1,False,0,1
O=CC1CC2C3C1C1(Cl)C(Cl)(Cl)C3(Cl)C3(Cl)C2C13Cl,-7.2006,0.0,1,False,0,1
CN1CC[C@]23c4c5ccc(OCc6ccccc6)c4O[C@H]2[C@@H](O)C=C[C@H]3[C@H]1C5,-2.9730000000000003,0.0,1,False,0,1
ICI,-2.3345,0.0,1,False,0,1
CC1=NN(c2ccccc2)C(=O)C1,-1.9250852844,0.0,1,False,0,1
CN(CC(=O)O)C(=N)N,-0.9387416733,0.0,1,False,0,1
OC1CCCCCC1,-0.88,0.0,1,False,0,1
CCn1c(=O)c2c(ncn2C)n(C)c1=O,-0.7190000000000001,0.0,1,False,0,1
CC1=C(CC(=O)O)c2cc(F)ccc2/C1=C/c1ccc([S+](C)[O-])cc1,-4.5,0.0,1,False,0,1
CCOP(=S)(OCC)Oc1cc(Cl)c(Cl)c(SC)c1,-6.0807,0.0,1,False,0,1
CC1CCCCC1C,-4.3,0.0,1,False,0,1
CC(C)N1C(=O)N(c2ccccc2)CSC1=NC(C)(C)C,-5.5307,0.0,1,False,0,1
CC(C)(C)NCC(O)COc1cccc2c1CC(O)C(O)C2,-1.01,0.0,1,False,0,1
O=c1c(Cl)c(Cl)cnn1-c1ccccc1,-3.3822,0.0,1,False,0,1
CCn1c(O)c(N=Nc2ccc(Cl)cc2[N+](=O)[O-])c(C)c(C#N)c1=O,-6.69,0.0,1,False,0,1
CC(=O)C(N=Nc1ccc(C)cc1[N+](=O)[O-])C(=O)Nc1ccc(Cl)cc1,-7.6052980935,0.0,1,False,0,1
CCc1ccc(CC)cc1,-3.6448702103999997,0.14867597426175022,2,True,1,9
CCCCC1=NC(=O)C2(CCCC2)N1,-1.019613944,0.0,1,True,1,4
CCCCCCCCCCCCCCCCCCCCCCCCO,-5.549815883300001,0.0,1,False,0,1
COc1ccc2cc(C(C)C(=O)OCCN3CCNCC3)ccc2c1,-1.52,0.0,1,False,0,1
C=C(C)C(=O)OC(=O)C(=C)C,-0.1967597116,0.0,1,False,0,1
CC/C=C\CCOC(=O)C/C=C\CC,-4.5097094839,0.0,1,False,0,1
CC(O)(CCl)CCl,-0.1822,0.0,1,False,0,1
O=C1OCCCN1/N=C/c1ccc([N+](=O)[O-])o1,-3.4757,0.0,1,False,0,1
COc1ccc(O)c(C(C)(C)C)c1,-2.9274884417,0.0,1,False,0,1
NCCNCCS(=O)(=O)[O-],0.2445359542,0.0,1,True,1,2
Nc1ccc(S(=O)(=O)NC(CO)(CO)CO)cc1,-1.4,0.0,1,False,0,1
Oc1ccc(Cl)c(Cl)c1Cl,-2.67,0.0,1,False,0,1
N#Cc1c(Cl)cccc1Cl,-3.9803,0.0,1,False,0,1
CC(C)N(c1n[n+](C)c(N=Nc2ccc(N(C)C)cc2)s1)C(C)C,-1.2596984381,0.0,1,True,1,2
CCCCCC(C)(C)O,-1.7168,0.0,1,False,0,1
CCOCCC(=O)OC,-0.0719,0.0,1,False,0,1
O=C(O)c1cc(-c2ccc(F)cc2F)ccc1O,-4.61,0.0,1,False,0,1
CCC(=O)CC,-0.253,0.0,1,False,0,1
CNCC(=O)O,0.5273,0.0,1,False,0,1
CN(C)[C@@H]1C(=O)/C(=C(\N)O)C(=O)[C@@]2(O)C(=O)C3=C(O)c4c(O)cccc4[C@@](C)(O)[C@H]3C[C@@H]12,-3.284,0.0,1,False,0,1
CC1CCC(C(C)C)C(OO)C1,-2.5888216416,0.0,1,False,0,1
O=c1cc[nH]c(=S)[nH]1,-2.2573,0.0,1,False,0,1
CCCCOC(=O)c1ccccc1C(=O)OCc1ccccc1,-5.64,0.0,1,False,0,1
OCC(CO)(CBr)CBr,-1.1304017512,0.0,1,False,0,1
CC(=O)CC(C)C,-0.8514795392,0.0,1,False,0,1
CC1(C)S[C@@H]2[C@H](N)C(=O)N2[C@H]1C(=O)O,-1.9440451079,0.0,1,False,0,1
COP(=S)(OC)SCCSC(C)C,-3.4288,0.0,1,False,0,1
CCCCCCCCOC(=O)c1cccnc1,-3.0929,0.0,1,False,0,1
OCCCO,1.1186438786,0.0,1,False,0,1
COP(=S)(OC)Oc1cc(Cl)c(Br)cc1Cl,-6.0864,0.0,1,False,0,1
Clc1ccc2oc3ccc(Cl)cc3c2c1,-7.2135,0.0,1,False,0,1
O=[N+]([O-])c1cccc2ccccc12,-3.71,0.0,1,False,0,1
COc1cc(C(=O)[O-])c([N+](=O)[O-])cc1OC,-0.7543,0.0,1,False,0,1
CN=C1CN(O)C(c2ccccc2)=c2cc(Cl)ccc2=N1,-2.1757,0.0,1,False,0,1
Clc1ccc(Cl)c(-c2cc(Cl)c(Cl)c(Cl)c2Cl)c1,-7.6794,0.0,1,False,0,1
CCOC(=O)c1ccc(O)cc1,-2.2,0.0,1,False,0,1
S=c1nc[nH]c2nccnc12,-2.6471,0.0,1,False,0,1
C=CF,-0.276,0.0,1,False,0,1
Cc1nn(-c2cccc(S(=O)(=O)[O-])c2)c([O-])c1N=Nc1cc(Cl)cc(S(=O)(=O)[O-])c1[O-],-1.1331674849,0.0,1,True,1,3
CCOC(=O)N1CC(C)NCC1C,0.65,0.0,1,False,0,1
COc1cnc2cncnc2n1,-0.91,0.0,1,False,0,1
CCCCCCCCCCCCCC(=O)OC(C)C,-6.733128222,0.0,1,False,0,1
CC(=O)C(C)C,-0.1513,0.0,1,False,0,1
CC(C)C(=O)OCCOc1ccccc1,-3.0263435366,0.0,1,False,0,1
Cc1ccc2c(c1)Oc1ncc(N)cc1C(=O)N2C,-3.043,0.0,1,False,0,1
CCCCCC1=C(OC(C)=O)CCC1CC(=O)OC,-3.7219886724,0.0,1,False,0,1
C=CCCN=C=S,-2.391,0.0,1,False,0,1
Clc1ccc(Cl)c(Cl)c1Cl,-4.5619,0.0,1,False,0,1
CC1=C(C(=O)Nc2ccccc2)S(=O)(=O)CCO1,-2.43,0.0,1,False,0,1
NC(=O)OCC1CSC2(CCCCC2)O1,-2.82,0.0,1,False,0,1
CCCCc1nc(C=O)c(Cl)[nH]1,-2.1991273723,0.0,1,False,0,1
CC(C)OC(=O)COc1ccc(Cl)cc1Cl,-3.848,0.0,1,False,0,1
C=C(F)C(F)(F)F,-2.7599573667,0.0,1,False,0,1
CCCCCNC(=O)C(C)O,-0.3825,0.0,1,False,0,1
O=C1OCCC1N(C(=O)C1CC1)c1cccc(Cl)c1,-2.6878,0.0,1,False,0,1
CCC(C)c1ccccc1,-3.7586078484,0.0,1,False,0,1
CCOP(=S)(OCC)Oc1cc(C)nc(N(CC)CC)n1,-4.9242,0.0,1,False,0,1
Cc1ccc(O)c(-n2nc3ccccc3n2)c1,-5.3526667277,0.0,1,False,0,1
N#CC(C#N)=NNc1ccc(N=Nc2ccccc2)cc1,-4.92,0.0,1,False,0,1
CCC(C(=O)O)C(C(=O)O)c1ccccc1,-2.3256,0.0,1,False,0,1
NC(=O)Nc1cc(Nc2nc(Cl)nc(Nc3cc(N)c(S(=O)(=O)[O-])cc3N=Nc3ccc(S(=O)(=O)CCOS(=O)(=O)[O-])cc3)n2)ccc1N=Nc1cc2c(S(=O)(=O)[O-])cc(S(=O)(=O)[O-])cc2cc1S(=O)(=O)[O-],-0.5105575438000001,0.0,1,True,1,6
COC(C)COC(C)COCCC[Si](C)(O[Si](C)(C)C)O[Si](C)(C)O[Si](C)(C)C,-6.2877399393,0.0,1,False,0,1
Cc1cc(C)nc(N)n1,-0.4884,0.0,1,False,0,1
OCc1ccc(CO)cc1,-0.3861,0.0,1,False,0,1
c1ccc2c(c1)Oc1ccccc1O2,-5.3106,0.0,1,False,0,1
CCOc1ccc2c3c1O[C@H]1[C@@H](O)C=C[C@H]4[C@@H](C2)N(C)CC[C@@]341,-2.079,0.0,1,False,0,1
O=C(O)COc1ccc(Cl)cc1CO,-2.0347,0.0,1,False,0,1
CC(=O)OC1C2C(CC(C)C3C=CC(=O)C31C)OC(=O)C2C,-2.19,0.0,1,False,0,1
Cc1nccc2c1[nH]c1ccccc12,-3.79,0.0,1,False,0,1
O=S(=O)(Nc1cccc(Cl)c1Cl)c1ccccc1,-4.73,0.0,1,False,0,1
Nc1ccc(Cl)cc1,-1.628640918,0.0,1,False,0,1
O=C(OCc1ccccc1)c1sc(Cl)nc1C(F)(F)F,-5.8085,0.0,1,False,0,1
CCCCCCC(O)CCCCCCCCCCC(=O)O,-5.4883700889,0.0,1,False,0,1
CN(CC(N)=O)C(=O)COC(=O)c1ccccc1,-0.92,0.0,1,False,0,1
CN(CC(=O)Nc1nnc(S(N)(=O)=O)s1)C(=N)N,-1.14,0.0,1,False,0,1
C=CC(=O)OC1C=CC2C3CCC(C3)C12,-3.7081424715,0.0,1,False,0,1
COC(=O)C1=CO[C@@H](O[C@@H]2O[C@H](CO)[C@@H](O)[C@H](O)[C@H]2O)[C@H]2[C@@H]1C(=O)C[C@@H]2C,-0.265,0.0,1,False,0,1
COC(OC)OC,-1.0258013338,0.0,1,False,0,1
CCOCCOCCOC,0.8291459354999999,0.0,1,False,0,1
CCCC(C)C(=O)Nc1ccc(C)c(Cl)c1,-4.4503,0.0,1,False,0,1
O=C1C=Cc2ccccc2/C1=N\Nc1ccc(S(=O)(=O)[O-])c2ccccc12,-2.4263930478,0.0,1,True,1,2
O=C(O)C1CCCCC1C(=O)O,-1.935,0.0,1,False,0,1
O=[N+]([O-])c1c(O)cccc1-c1ccccc1,-3.95,0.0,1,False,0,1
Nc1ccccc1C=Nc1ccccc1O,-3.64,0.0,1,False,0,1
O=S(=O)([O-])c1ccc(S(=O)(=O)[O-])c(Nc2nc(Nc3ccc(/C=C/c4ccc(Nc5nc(Nc6cc(S(=O)(=O)[O-])ccc6S(=O)(=O)[O-])nc(N(CCO)CCO)n5)cc4S(=O)(=O)[O-])c(S(=O)(=O)[O-])c3)nc(N(CCO)CCO)n2)c1,-0.6924056004000001,0.0,1,True,1,7
Oc1cncc2cccnc12,-1.6576,0.0,1,False,0,1
CCC(CC)CO,-1.17,0.0,1,False,0,1
CCCCCCCOC(=O)c1ccccc1C(=O)OCCCCCCC,-8.56,0.0,1,False,0,1
Cc1ccc(OP(=O)(Oc2ccccc2)Oc2ccccc2C)cc1,-6.3733,0.0,1,False,0,1
CC(C)CC(NC(=S)Nc1ccccc1)C(=O)NC1CCOC1O,-2.37,0.0,1,False,0,1
CC(=O)OCCN(CCOC(C)=O)c1ccc(N=Nc2sc([N+](=O)[O-])cc2[N+](=O)[O-])cc1,-7.547293505,0.0,1,False,0,1
O=C=Nc1ccc(C(c2ccc(N=C=O)cc2)c2ccc(N=C=O)cc2)cc1,-6.5650965952,0.0,1,False,0,1
CONC(=O)c1cn(C)c(=O)c(C)c1Nc1ccc(Br)cc1F,-3.28,0.0,1,False,0,1
O=C(CCCN1CCC(O)(c2ccc(Cl)cc2)CC1)c1ccccc1,-3.35,0.0,1,False,0,1
CCOS(=O)(=O)OCC,-1.3429497185,0.0,1,False,0,1
CCOC(=O)C(C#N)=C(c1ccccc1)c1ccccc1,-7.7440158853,0.0,1,False,0,1
Cc1c(Cl)cccc1[N+](=O)[O-],-3.2706864295,0.0,1,False,0,1
COc1cc(Cl)c(Cl)c(Cl)c1Cl,-5.2605,0.0,1,False,0,1
N#CCCN(CCOC(=O)c1ccccc1)c1ccc(N=Nc2ccc([N+](=O)[O-])cc2)cc1,-7.1697361359,0.0,1,False,0,1
CC(=O)Oc1ccc(NC(N)=O)cc1,-2.49,0.0,1,False,0,1
CN1CCN(c2c(F)cc3c(=O)c(C(=O)O)cn(CCF)c3c2F)CC1,-2.73,0.0,1,False,0,1
CC(C)CCCO,-1.1286,0.0,1,False,0,1
C/C(Cl)=C/Cl,-1.6138,0.0,1,False,0,1
C=CCC1(CC=C)C(=O)NC(=O)NC1=O,-2.0608,0.0,1,False,0,1
CC(=O)C(N=Nc1ccccc1OCCOc1ccccc1N=NC(C(C)=O)C(=O)Nc1ccc2[nH]c(=O)[nH]c2c1)C(=O)Nc1ccc2[nH]c(=O)[nH]c2c1,-7.634485568300001,0.0,1,False,0,1
Cc1cccc2[n-]c(=S)[nH]c12,-4.0879587895,0.0,1,True,1,3
COC(=O)CCS,-0.7575876082999999,0.0,1,False,0,1
CN1C(=O)C(O)N=C(c2ccccc2)c2cc(Cl)ccc21,-2.7,0.0,1,False,0,1
N#C[S-],-0.9001627229333332,3.381060714543068,3,True,3,2
CCCCCCCCCCCCCC(=O)OCC(COC(=O)CCCCCCCCCCCCC)OC(=O)CCCCCCCCCCCCC,-8.6470570009,0.0,1,False,0,1
COC(=O)/C=C(\C)N,-0.8059235439,0.0,1,False,0,1
CCCCCC1(CC)C(=O)NC(=S)NC1=O,-3.71,0.0,1,False,0,1
C=CC(N)=O,0.9544,0.0,1,False,0,1
CC(C)CCCC(C)(C)O,-2.2869836341,0.0,1,False,0,1
COC(=O)C1C2CC3c4[nH]c5cc(OC)ccc5c4CCN3CC2CC(OC(=O)c2cc(OC)c(OC)c(OC)c2)C1OC,-5.97,0.0,1,False,0,1
OCc1cccnc1,0.9620638041,0.0,1,False,0,1
NC(N)=Nc1nc2ccccc2s1,-2.4412,0.0,1,False,0,1
O=c1[nH]cc(Br)c(=O)[nH]1,-2.3698,0.0,1,False,0,1
CC(C)CN(C=O)CC(C)C,-1.082666634,0.0,1,False,0,1
Clc1ccc(-c2c(Cl)ccc(Cl)c2Cl)c(Cl)c1,-7.43,0.0,1,False,0,1
NS(=O)(=O)c1ccc(SCCO)cc1,-1.8239,0.0,1,False,0,1
CC(C)Cc1ccc(C(C)C(=O)O)cc1,-3.992248354700001,0.0,1,False,0,1
CC1=Nc2ccc(C(=O)O)cc2C1(C)C,-2.6625890537,0.0,1,False,0,1
CC(C)(CC(=O)O)C(=O)O,-0.32,0.0,1,False,0,1
Cc1ccc(Nc2ccc(Nc3ccc(C)cc3S(=O)(=O)[O-])c3c2C(=O)c2ccccc2C3=O)c(S(=O)(=O)[O-])c1,-1.4270312571,0.0,1,True,1,3
O=C(O)c1cn(C2CC2)c2cc(N3CCNCC3)c(F)cc2c1=O,-3.6,0.0,1,False,0,1
CCOC(C)C(=O)C=O,-0.1554,0.0,1,False,0,1
CC(=O)C1CCC2C3CC=C4CC(O)CCC4(C)C3CCC12C,-4.65,0.0,1,False,0,1
C[C@@H](Oc1cc(Cl)c(Cl)cc1Cl)C(=O)O,-3.1295,0.0,1,False,0,1
O=C(NC(=O)c1cccnc1)Nc1ccccc1,-3.3825,0.0,1,False,0,1
CCCCCCCC1(CC)C(=O)NC(=O)NC1=O,-3.43,0.0,1,False,0,1
CCCCC(CC)COC(=O)/C=C\C(=O)OCC(CC)CCCC,-6.9758197173,0.0,1,False,0,1
O=C(O)c1ccccc1Nc1ccccc1,-4.96,0.0,1,False,0,1
C=C(C)C(=O)OCCOCCOCCOCCOC(=O)C(=C)C,-1.4186392601,0.0,1,False,0,1
CCS(=O)(=O)c1nc2ccccn2c1S(=O)(=O)NC(=O)Nc1nc(OC)cc(OC)n1,-4.4191,0.0,1,False,0,1
O=C(O)CCC(=O)OCn1c(=O)oc2ccc(Cl)cc21,-3.41,0.0,1,False,0,1
CCCCOCC1CO1,-0.6757271249,0.1948402684935545,2,True,1,3
FCF,-1.4374417919999998,0.0,1,False,0,1
COc1ccc(N)cc1,-0.7480293677,0.0,1,False,0,1
CCCC(O)C(C)C,-1.3093,0.0,1,False,0,1
Cc1cccc(Oc2cccc(C)c2)c1,-4.85,0.0,1,False,0,1
O=C(O)COCC(=O)O,0.4927,0.0,1,False,0,1
CCCCCCc1ccccc1,-5.2551,0.0,1,False,0,1
CC(C)(C)NC(=O)C1N(C(=O)C(O)C(Cc2ccccc2)NC(=O)Cc2ccccc2)CSC1(C)C,-3.72,0.0,1,False,0,1
C=CN1CCN(C=C)C1=O,-1.1558864442,0.0,1,False,0,1
CC(NC(=O)COC(=O)c1ccccc1)C(N)=O,-2.7172,0.0,1,False,0,1
COCC(C)OCC(C)OC(C)CO,0.6855,0.0,1,False,0,1
O=C(O)C1(O)c2ccccc2-c2ccc(Cl)cc21,-4.1610000000000005,0.0,1,False,0,1
CCOP(=S)(OCC)O/N=C(\C#N)c1ccccc1,-4.63,0.0,1,False,0,1
CCCCc1ccccc1,-4.0559,0.0,1,False,0,1
CC(C)COC(=O)[C@@H](C)O,-0.4128573351,0.0,1,False,0,1
Cc1cccc(S(=O)(=O)O)c1C,0.7779988658,0.0,1,False,0,1
C=COC1CC1,-1.1001,0.0,1,False,0,1
C#CC(C)OC(=O)Nc1cccc(Cl)c1,-2.6172,0.0,1,False,0,1
CCCCCCCCCCCCS,-7.573831768200001,0.0,1,False,0,1
CC(=O)Nc1ccc(C)cc1,-2.0946,0.0,1,False,0,1
O=c1[nH]c2ccccc2c(=O)n1CCO,-3.1128936427999996,0.0,1,False,0,1
COC(=O)C1(S(=O)(=O)c2ccc(Br)cc2)CC1,-3.6703,0.0,1,False,0,1
CCOC(=O)[C@@H](C)Oc1ccc(Oc2nc3ccc(Cl)cc3o2)cc1,-5.6042,0.0,1,False,0,1
FC(F)(Cl)Cl,-1.99,0.0,1,False,0,1
O=[N+]([O-])OCC(O)CO[N+](=O)[O-],-0.366,0.0,1,False,0,1
CCOC(=O)C(=CC=Cc1ccccc1)NC=O,-3.3483,0.0,1,False,0,1
ClC(Cl)=C(Cl)C(Cl)=C(Cl)Cl,-4.9111,0.0,1,False,0,1
COC(C)C(NC(=O)c1ccccc1)C(=O)O,-1.74,0.0,1,False,0,1
CCOC(=O)N1CCN(C(=O)OCC)CC1,-0.7288,0.0,1,False,0,1
O=C(c1ccccc1I)N(O)c1ccccc1,-3.5304,0.0,1,False,0,1
CCCCOC(=O)c1ccc(O)cc1,-2.9723,0.0,1,False,0,1
COS(=O)(=O)c1ccc(C(=O)O)cc1,-3.05,0.0,1,False,0,1
CCCCCCOC,-2.2450853258000003,0.0,1,False,0,1
CCC(=O)OCSc1ncnc2[nH]cnc12,-2.39,0.0,1,False,0,1
C=C1C(=O)O[C@@H]2/C=C(\CO)CC/C=C(\C)C[C@H](OC(=O)C(C)CO)[C@@H]12,-2.2436,0.0,1,False,0,1
O=C(O)C(S)CCC(S)C(=O)O,-2.4758,0.0,1,False,0,1
COC1CC1,-0.1176,0.0,1,False,0,1
CCOC(OCC)OCC,-2.040520296,0.0,1,False,0,1
COc1ccc(NS(=O)(=O)c2ccc(N)cc2)cc1,-4.23,0.0,1,False,0,1
C=CCC,-1.94,0.0,1,False,0,1
C1CC(COCC2CO2)CCC1COCC1CO1,-1.8357972344,0.0,1,False,0,1
COP(=S)(OC)Oc1ccc(SC)c(C)c1,-4.5695,0.0,1,False,0,1
Cc1ccc(N(C)N=CC2=[N+](C)c3ccccc3C2(C)C)cc1,-1.5027124293999998,0.24535703618747962,2,True,2,2
COc1ccsc1CN(C(=O)CCl)c1c(C)cccc1C,-4.4689,0.0,1,False,0,1
C=CC(C)(C)O,0.351057238,0.0,1,False,0,1
CCC(CC)(C(=O)O)C(CC)(CC)C(=O)O,-2.9644,0.0,1,False,0,1
C=CCc1ccc(O)c(O)c1,-0.7787,0.0,1,False,0,1
CC(C)CCCCCCCCCCOC(=O)CSCc1cc(C(C)(C)C)c(O)c(C(C)(C)C)c1,-6.7895895249,0.0,1,False,0,1
CC(C)CCCC(C)CCCC(C)CCCCC(C)CCCC(C)CCCC(C)C,-5.1490404299,0.0,1,False,0,1
CCOP(=O)(OCC)Oc1ccc([N+](=O)[O-])cc1,-2.0594,0.0,1,False,0,1
NC(=O)OC[C@H](O)[C@@H](O)[C@H](N)C(=O)N[C@H](C(=O)O)[C@H]1O[C@@H](n2cc(CO)c(=O)[nH]c2=O)C(O)C1O,0.2946,0.0,1,False,0,1
CC(Oc1ccc2ccccc2c1)C(=O)Nc1ccccc1,-5.5894,0.0,1,False,0,1
OCc1cccc(CO)c1,-0.2328,0.0,1,False,0,1
C=C(C)CC(C)(C)C,-4.688326948,0.0,1,False,0,1
C=CC(O)CCC,-0.5993,0.0,1,False,0,1
CC(=O)Nc1c(I)c(NC(C)=O)c(I)c(C(=O)O)c1I,-2.01,0.0,1,False,0,1
O=C1CNC(=O)c2ccccc2N1,-2.85,0.0,1,False,0,1
CC(C)(C)OC(N)=O,0.1,0.0,1,False,0,1
O=C1OCc2ccccc21,-0.8627210528,0.0,1,False,0,1
CC1CCC(C(C)C)C2(C1)OCC(CO)O2,-2.2793855347,0.0,1,False,0,1
CCCCCC(=O)CC,-1.693,0.0,1,False,0,1
O=C(O)CNC(Cc1ccccc1)C(=O)O,-2.16,0.0,1,False,0,1
CC12CCC(=O)C=C1CCC1C2CCC2(C)C(OC(=O)CCC(=O)O)CCC12,-5.08,0.0,1,False,0,1
CC(=O)C(N=Nc1ccc(Cl)cc1[N+](=O)[O-])C(=O)Nc1ccccc1Cl,-7.721757870399999,0.0,1,False,0,1
FC(F)=C(F)OC(F)(F)C(F)(F)F,-4.9542967929,0.0,1,False,0,1
CCC(Br)(Br)C(=O)O,-0.8722,0.0,1,False,0,1
Cc1cc([N+](=O)[O-])ccc1N,-3.0361524841,0.0,1,False,0,1
CCCCCCCC(=O)OCN1C(=O)NC(c2ccccc2)(c2ccccc2)C1=O,-6.52,0.0,1,False,0,1
CCCC(C)(COC(N)=O)COC(N)=O,-1.74,0.0,1,False,0,1
CCN1c2nc(N(C)CCO)ccc2NC(=O)c2cccnc21,-3.36,0.0,1,False,0,1
Nc1c2ccccc2nc2cccc(F)c12,-0.95,0.0,1,False,0,1
O=[N+]([O-])C12COP(=O)(OC1)OC2,-0.81,0.0,1,False,0,1
CCCC(C)=O,-0.19,0.0,1,False,0,1
COc1cccc(Cl)c1,-2.783,0.0,1,False,0,1
CC(C)(O)C(=O)c1ccc(C2(C)CC(C)(C)c3cc(C(=O)C(C)(C)O)ccc32)cc1,-5.8823096695,0.0777545793122513,2,True,1,3
Cc1ccc(C)nc1,-0.03,0.0,1,False,0,1
CCCCOC(=O)CC,-1.9385,0.0,1,False,0,1
CCC1=C(C2(CC)C(=O)NC(=O)NC2=O)CCCC1,-3.53,0.0,1,False,0,1
CCCC(c1cc(C(C)(C)C)c(O)cc1C)c1cc(C(C)(C)C)c(O)cc1C,-7.9806713528,0.0,1,False,0,1
O=C([O-])O,0.08504257427499995,0.6852039515377721,4,True,4,7
C[P+](c1ccccc1)(c1ccccc1)c1ccccc1,-0.0189230333,0.0,1,True,1,2
O=C1CN(O)C(c2ccccc2Cl)=c2cc(Cl)ccc2=N1,-4.4653328209,0.0,1,False,0,1
CCCCCC(C)C,-5.08,0.0,1,False,0,1
NC1C(O)C(O)C(O)C(O)C1O,-1.41,0.0,1,False,0,1
ClCOCCl,-0.7181,0.0,1,False,0,1
C=CCc1ccc(OCC(=O)[O-])c(OC)c1,-2.2786,0.0,1,False,0,1
C=C(Cl)C(Cl)CCl,-2.4244542069,0.0,1,False,0,1
CCCCCCCCCCCCCCCCCCCCO,-5.4750243489,0.0,1,False,0,1
CC(C)CC=O,-0.7590833569,0.0,1,False,0,1
CCCCCO[N+](=O)[O-],-2.568,0.0,1,False,0,1
CN(CCCl)CCCl,-1.1141,0.0,1,False,0,1
CC(=O)OCCN(CCC#N)c1ccc(N=Nc2c(Cl)cc([N+](=O)[O-])cc2Cl)cc1,-7.0514245951,0.0,1,False,0,1
COc1cc(N=Nc2ccc(S(=O)(=O)[O-])cc2)c(C)cc1N/N=C1/C(=O)c2ccc(Nc3ccccc3)cc2C=C1S(=O)(=O)[O-],-2.0454014741999997,0.0,1,True,1,3
CC(C)CCOC(N)=O,-1.4403,0.0,1,False,0,1
CCOC1=C(O)C(=O)O[C@@H]1[C@@H](O)CO,0.5809706515999999,0.0,1,False,0,1
O=C1CCCCCCCCCCCN1,-2.8195043204,0.0,1,False,0,1
Cc1cc(N)ccc1N=Nc1ccc(N)cc1,-7.5324148718,0.0,1,True,1,4
FC(F)(F)N=C1SC(=Nc2ccccc2)N(c2ccccc2)C1=NC(F)(F)F,-5.42,0.0,1,False,0,1
O=C(O)COc1ccc(Cl)c(Cl)c1Cl,-3.1,0.0,1,False,0,1
COc1ccc(COC(C)=O)cc1,-2.4740066421,0.0,1,False,0,1
CCCCCCCCN1CCCC1=O,-2.2577490108,0.0,1,False,0,1
Nc1ccn(C2CC(F)C(CO)O2)c(=O)n1,-1.18,0.0,1,False,0,1
CC(=O)OC[C@H]1CCC=C(CCC=C(C)C)C1,-4.9756247854,0.0,1,False,0,1
COc1ccc(S(=O)(=O)N=c2sc(S(N)(=O)=O)nn2C)cc1,-2.76,0.0,1,False,0,1
CCC1CN2CCC1CC2C(O)c1ccnc2ccccc12,-2.63,0.0,1,False,0,1
S=C=Nc1cccc2ccccc12,-4.6022,0.0,1,False,0,1
BrCCCCBr,-2.7902167817000003,0.0,1,False,0,1
C/C=C/C(O)CC,-0.4198,0.0,1,False,0,1
O=C(O)Cc1cccc2ccccc12,-2.6468,0.0,1,False,0,1
CCC(CC)CC1(CCO)C(=O)NC(=S)NC1=O,-3.14,0.0,1,False,0,1
Cc1c(F)c(F)c(COC(=O)C2C(/C=C(\Cl)C(F)(F)F)C2(C)C)c(F)c1F,-7.3209,0.0,1,False,0,1
Nc1nc2c(ncn2COCCO)c(=O)[nH]1,-2.12,0.0,1,False,0,1
CC(C)(C)c1ccc(OP(=O)(Oc2ccccc2)Oc2ccccc2)cc1,-5.0774,0.0,1,False,0,1
COP(=S)(OC)SCc1nc(N)nc(N)n1,-3.069,0.0,1,False,0,1
CCOC(=O)C(=Cc1ccc(C=C(C(=O)OCC)C(=O)OCC)cc1)C(=O)OCC,-5.6216352692,0.0,1,False,0,1
CN1C(=O)CCC(N2C(=O)c3ccccc3C2=O)C1=O,-2.99,0.0,1,False,0,1
COc1ccc(C(=O)Cc2c(CCN(C)C)cc3c(c2OC)OCO3)c(C(=O)O)c1OC,-2.535,0.0,1,False,0,1
CC(C)(O)[C@@H]1C2OC(=O)C1[C@]1(O)C[C@H]3O[C@]34C(=O)O[C@H]2[C@]14C,-2.1672,0.0,1,True,1,2
Cc1ccc(C(N)=O)cc1N,-0.5767319197,0.0,1,False,0,1
CC(C)CC(O)CC(C)C,-2.1590000000000003,0.0,1,False,0,1
CCOP(=O)(OCC)SCC(=O)NC(C)(C)C#N,-0.6237,0.0,1,False,0,1
CC(C)(S)[C@@H](N)C(=O)O,-0.1285,0.0,1,False,0,1
CC1(C)[C@@H]2CC[C@]1(C)[C@H](O)C2,-2.4205583952,0.0,1,False,0,1
Clc1nc2ccccc2s1,-2.7325883752,0.0,1,False,0,1
Clc1ccccc1-c1ccc(Cl)c(Cl)c1Cl,-6.8299,0.0,1,False,0,1
O=C1CNC(=O)CN1,-0.8312,0.0,1,False,0,1
O=C(c1ccc(Oc2ccccc2)cc1)c1ccc(C(=O)c2ccc(Oc3ccccc3)cc2)cc1,-7.973611776,0.0,1,False,0,1
COc1ccc(OC)c(Cl)c1,-2.6724024043,0.0,1,False,0,1
CNC(=O)C=C(C)OP(=O)(OC)OC,0.6509999999999999,0.0,1,False,0,1
CC(C)(C)n1cc(C(=O)O)c(=O)c2cc(F)c(N3CCNCC3)cc21,-3.43,0.0,1,False,0,1
C=COC=C,-1.261,0.0,1,False,0,1
CCC(=O)N(c1ccccc1)C1(COC)CCN(CCc2cccs2)CC1,-3.7064,0.0,1,False,0,1
CCc1nccnc1C,0.4445107882999999,0.0,1,False,0,1
COC(=O)Nc1nc2ccccc2[nH]1,-4.52,0.0,1,False,0,1
O=c1ccc2ccccc2o1,-1.8860303607,0.0,1,False,0,1
CC1(C)CC(O)CC(C)(C)N1[O],0.5627035438,0.0,1,False,0,1
NS(=O)(=O)c1nnc(NS(=O)(=O)c2ccccc2C(=O)O)s1,-2.32,0.0,1,False,0,1
CC1(C)CC(=O)CC(C)(C#N)C1,-1.5404977204,0.0,1,False,0,1
Sc1cnc2ncncc2n1,-2.71,0.0,1,False,0,1
NC(=O)N=C(N)N,-0.7814,0.0,1,True,1,3
CC1(C)OC(=O)c2ccccc21,-1.8684,0.0,1,False,0,1
ICC1CCC(CI)CC1,-5.7481975718,0.0,1,False,0,1
O=S(=O)([O-])CCCSSCCCS(=O)(=O)[O-],0.2286526355,0.0,1,True,1,3
CCN(CC)C(=S)[S-],-5.5333331166,0.0,1,True,1,3
CCCCC(CC)COC(=O)OCC(CC)CCCC,-6.979936668500001,0.0,1,False,0,1
O=C1CC(c2ccccc2)CC(=O)C1[N+](=O)[O-],-1.6688,0.0,1,False,0,1
CCOc1ccc(NC(N)=O)cc1,-2.173,0.0,1,False,0,1
Clc1cc(Cl)c(Oc2ccc(Cl)c(Cl)c2Cl)c(Cl)c1,-8.1,0.0,1,False,0,1
COC(=O)c1cc(C(=O)O)cc([N+](=O)[O-])c1,-2.0737299237,0.0,1,False,0,1
CCCCCCCCCCNC(=O)NC1CCCCC1,-2.81,0.0,1,False,0,1
C=CC(=O)OCCC(F)(F)C(F)(F)C(F)(F)C(F)(F)C(F)(F)C(F)(F)F,-6.354159334099999,0.0,1,False,0,1
FC(F)(F)C(Cl)Br,-1.7043,0.0,1,False,0,1
CC(C(=O)O)S(=O)(=O)c1ccccc1,-0.89,0.0,1,False,0,1
Fc1ccccc1Br,-2.6958,0.0,1,False,0,1
CCCC(=O)CC,-0.8334,0.0,1,False,0,1
O=[N+]([O-])c1cc([N+](=O)[O-])c(O)c([N+](=O)[O-])c1O,-3.51,0.0,1,False,0,1
CCC(C)C(C)=O,-0.6805,0.0,1,False,0,1
CCCCCCCCOP(=O)(Oc1ccccc1)Oc1ccccc1,-6.4131,0.0,1,False,0,1
CCCCC(C)(C)CCC,-4.8108,0.0,1,False,0,1
CCS(=O)(=O)C(C)(C)S(=O)(=O)CC,-1.927,0.0,1,False,0,1
N#CN,0.33920933380000007,1.1105899086163937,2,True,1,2
CCCCCCCCCCCCCCCCCCn1c(=O)c2ccc3sc4ccccc4c4ccc(c1=O)c2c34,-7.966789170299999,0.0,1,False,0,1
O=C(O)[C@@H](O)[C@H](O)C(=O)O,0.8236,0.0,1,False,0,1
CC(=O)OCn1cc(F)c(=O)[nH]c1=O,-0.67,0.0,1,False,0,1
COc1cc([N+](=O)[O-])c2c(c1OC)C(=O)OC2,-3.21,0.0,1,False,0,1
CC(=O)CC(=O)Nc1ccccc1,-1.2990810635,0.0,1,False,0,1
O=C1CN(N=Cc2ccc([N+](=O)[O-])o2)C(=O)N1,-3.38,0.0,1,False,0,1
CC1(N)CN(c2c(F)cc3c(=O)c(C(=O)O)cn(C4CC4)c3c2F)C1,-5.64,0.0,1,False,0,1
CCC(C)(O)C(C)C,-0.8504,0.0,1,False,0,1
Oc1cccc(N=C=S)c1,-1.99,0.0,1,False,0,1
CC(=O)Nc1ccccc1O,-2.13,0.0,1,False,0,1
CCCN(CCC)Cc1cccc(C(=O)OCCOCn2cnc3c(=O)[nH]c(N)nc32)c1,-0.35,0.0,1,False,0,1
COC(=O)C1(S(=O)(=O)c2ccc(Br)cc2)CCCC1,-4.0104,0.0,1,False,0,1
CC1CCC(C)C(=NO)C1=NO,-1.32,0.0,1,False,0,1
Cc1c2ccccc2cc2c1c(F)cc1ccccc12,-7.31,0.0,1,False,0,1
O=c1c2ccccc2[nH]c2cc3c(=O)c4c(Cl)c(Cl)ccc4[nH]c3cc12,-7.0666256459,0.0,1,False,0,1
Brc1ccccn1,-0.8806,0.0,1,False,0,1
CCCCCCCCCCCCNc1nc(Cl)nc(Nc2ccc3c(O)c(N=Nc4ccc(N=Nc5ccc(S(=O)(=O)[O-])cc5)cc4)c(S(=O)(=O)[O-])cc3c2)n1,-3.358911212,0.0,1,True,1,3
CN(c1ccc2c(c1)C=C(S(=O)(=O)[O-])/C(=N/Nc1ccccc1S(=O)(=O)[O-])C2=O)c1nc(Cl)nc(Nc2cccc(S(=O)(=O)[O-])c2)n1,-0.7520299872,0.0,1,True,1,4
CCCCCCCCCCCCCCCCCC(=O)O,-4.97020972445,0.01384554046218019,2,True,1,2
Nc1ccc(S(=O)(=O)Nc2ccc(Cl)c(Cl)c2)cc1,-4.94,0.0,1,False,0,1
CCOC(=O)C(C)(C)NC(=O)c1ccccc1,-1.19,0.0,1,False,0,1
C=C(Br)C(=O)Nc1ccc(N=Nc2c(N)ccc3cc(S(=O)(=O)[O-])ccc23)c(S(=O)(=O)c2ccc(C)c(S(=O)(=O)[O-])c2)c1,-1.8948362305,0.0,1,True,1,3
CCCCCCCCCCCC(=O)OCCCCCC,-6.7550878414,0.0,1,False,0,1
CC(C)(N=NC(C)(C)C(=N)N)C(=N)N,-0.1451393328,0.0,1,True,1,3
S=c1[nH]nc(SSc2n[nH]c(=S)s2)s1,-3.2522133148,0.0,1,False,0,1
CC(=O)O,1.0017178079,0.0,1,False,0,1
c1ccc2cc3c(cc4c5c(cccc53)CC4)cc2c1,-2.97,0.0,1,False,0,1
CC(F)F,-1.3147228436,0.0,1,False,0,1
O=C(O)COc1ccccc1[N+](=O)[O-],-2.016,0.0,1,False,0,1
CCCCCCCCCCCCCCCCCO,-7.506,0.0,1,False,0,1
CCCCOC(=O)N(C)SN(C)C(=O)Oc1cccc2c1OC(C)(C)C2,-4.5412,0.0,1,False,0,1
O=C1CCC2CCCCC2O1,-0.5865603256,0.0,1,False,0,1
Nc1ccccc1S(=O)(=O)O,-1.7471686412,0.0,1,False,0,1
C#CC1(O)CCC2C3CCC4=CC(=O)CCC4(O)C3CCC21C,-4.57,0.0,1,False,0,1
CCCCCCCCCCCCCO,-3.3018240282,0.0,1,False,0,1
CC#N,0.26,0.0,1,False,0,1
Nc1ccc(N=Nc2ccc(N=Nc3c(S(=O)(=O)[O-])cc4c(c3N)C(=O)/C(=N\Nc3ccc(N=Nc5ccc(N)cc5N)cc3)C(S(=O)(=O)[O-])=C4)cc2)c(N)c1,-1.5687181444,0.0,1,True,1,3
OCC(Br)CBr,-0.6222,0.0,1,False,0,1
CCCN(CCC)c1c([N+](=O)[O-])cc(C(F)(F)F)c(N)c1[N+](=O)[O-],-7.07,0.0,1,False,0,1
C=C(Br)C(=O)Nc1ccc(S(=O)(=O)[O-])c(N=NC2C(=O)N(c3cc(Cl)c(S(=O)(=O)[O-])cc3Cl)N=C2C)c1,-0.5501699754,0.0,1,True,1,3
O=S(=O)(O)c1ncc[nH]1,-0.3,0.0,1,False,0,1
Nc1cccc(S(=O)(=O)Nc2nnc(S(N)(=O)=O)s2)c1,-1.54,0.0,1,False,0,1
Nc1c2ccccc2nc2ccc(F)cc12,-2.4,0.0,1,False,0,1
Clc1cccc(-c2cccc(Cl)c2Cl)c1Cl,-7.2722,0.0,1,False,0,1
CCCCCCCCSCc1cc(C)c(O)c(CSCCCCCCCC)c1,-7.3271136165,0.0,1,False,0,1
CCCCCCOC(CO)CO,-1.0558122117,0.0,1,False,0,1
CCOP(=S)(OCC)OC(Cl)C(Cl)(Cl)Cl,-5.5263,0.0,1,False,0,1
CN(C)CC1CC2C3CC=C4CC(O)CCC4(C)C3CCC2(C)C1=O,-1.49,0.0,1,False,0,1
CC(=O)Oc1ccccc1,-1.3735951622999998,0.0,1,False,0,1
CC1(C)C(=O)N(Cl)C(=O)N1Cl,-2.5955,0.0,1,False,0,1
CCC1(c2ccccc2)C(=O)NC(=O)N(C)C1=O,-3.68,0.0,1,False,0,1
CCN(CCOc1ccc(C2CCCCC2)cc1)c1ccc(C=C(C#N)C#N)c(C)c1,-8.3860948559,0.0,1,False,0,1
CC(=O)OC[C@H]([C@@H](OC(C)=O)c1ccccc1)[N+](=O)[O-],-3.972,0.0,1,False,0,1
CCN(CC)NC(=O)Nc1c(C)cccc1C,-1.09,0.0,1,False,0,1
CCNc1nc(NCC)nc(SC)n1,-2.73,0.0,1,False,0,1
Fc1cccc(F)c1C1SCc2nc3ccccc3n21,-3.76,0.0,1,False,0,1
C[N+](C)(C)C,1.00020685745,0.056593166145075806,2,True,2,2
Nc1nc(=O)n(-c2ccccc2)[nH]1,-2.47,0.0,1,False,0,1
COC(=O)c1cc(N=NC(C(C)=O)C(=O)Nc2ccc3[nH]c(=O)[nH]c3c2)cc(C(=O)OC)c1,-6.3777384512,0.0,1,False,0,1
CCCCCCCC(C)=O,-2.9303113789,0.0,1,False,0,1
CCc1cccs1,-2.5846,0.0,1,False,0,1
CN(C)P(=O)(F)N(C)C,0.8121,0.0,1,False,0,1
CC1(C)OC(c2ccco2)CN1C(=O)C(Cl)Cl,-3.1498,0.0,1,False,0,1
COc1ccc(OC)cc1,-2.2455315279,0.0,1,False,0,1
O=C1CCC(=O)O1,-0.2016662739,0.0,1,False,0,1
FC(F)(F)c1nc2ncncc2[nH]1,-0.4505,0.0,1,False,0,1
O=C(Oc1ccccc1)n1c(=O)[nH]cc(F)c1=O,-3.22,0.0,1,False,0,1
NC(=S)NC(N)=S,-1.6996,0.0,1,False,0,1
C=C(C)C(=O)OCC(F)(F)C(F)(F)C(F)(F)C(F)F,-4.0459673488,0.0,1,False,0,1
Cc1nnc(-c2ccccc2)c(=O)n1N,-2.0506,0.0,1,False,0,1
N#CCCCCCCC#N,-1.0810922867,0.0,1,False,0,1
CCN(C=O)CC,0.995,0.0,1,False,0,1
CC/C=C/CCOC(=O)c1ccccc1O,-4.6439814041,0.0,1,False,0,1
Nc1c(Cl)cc(C(F)(F)F)cc1Cl,-3.591642752,0.0,1,False,0,1
CC1CC(C)(c2ccccc2)CO1,-2.4332379452,0.0,1,False,0,1
C[C@H](CCC(=O)O)[C@H]1CC[C@H]2[C@@H]3CC[C@@H]4C[C@H](O)CC[C@]4(C)[C@H]3CC[C@]12C,-6.0,0.0,1,False,0,1
CCCCCCCCCCCCCCCCCCO,-5.432168875,0.0,1,False,0,1
CCOCCOC(C)(C)C,-0.6879152253,0.0,1,False,0,1
ClCCBr,-1.3177,0.0,1,False,0,1
CC12C=CC(=O)C=C1CCC1C2C(O)CC2(C)C1CCC2(O)C(=O)CO,-3.18,0.0,1,False,0,1
CCCCCC(=O)OCN1C(=O)NC(c2ccccc2)(c2ccccc2)C1=O,-5.886,0.0,1,False,0,1
CCCCNC(=O)Nc1c(C)n(C)n(-c2ccccc2)c1=O,-1.63,0.0,1,False,0,1
CC1COC(Cn2cncn2)(c2ccc(Oc3ccc(Cl)cc3)cc2Cl)O1,-4.91,0.0,1,False,0,1
O=C1NC(=O)C(c2ccccc2)(c2ccccc2)N1,-3.99,0.0,1,False,0,1
O=[N+]([O-])c1ccc(NS(=O)(=O)c2ccccc2)cc1,-3.93,0.0,1,False,0,1
Cc1ccc(NS(=O)(=O)c2ccc(N)cc2)c(Cl)c1,-4.32,0.0,1,False,0,1
CCc1cc(Cc2cc(CC)c(N)c(CC)c2Cl)c(Cl)c(CC)c1N,-7.2780387128,0.0,1,False,0,1
CCCCC(CC)COC(=O)[C@H](C)O,-2.6735257097,0.0,1,False,0,1
ClCCOCCOCCCl,-0.9955,0.0,1,False,0,1
Clc1cc(Cl)cc(C2(CC(Cl)(Cl)Cl)CO2)c1,-5.25,0.0,1,False,0,1
CC12CCC(=O)C=C1CCC1C2CCC2(C)C(OC(=O)CCc3ccccc3)CCC12,-5.27,0.0,1,False,0,1
Cc1ccc(S(=O)(=O)Oc2ccc(Nc3cc(S(=O)(=O)[O-])c(N)c4c3C(=O)c3ccccc3C4=O)cc2)cc1,-2.6221984752000003,0.0,1,True,1,2
CCN1c2ccccc2C(=O)N(C)c2ccccc21,-4.749,0.0,1,False,0,1
C#CC1(OC(C)=O)CCC2C3CCC4=CC(=O)CCC4C3CCC21C,-4.79,0.0,1,False,0,1
CCC(CC)(C(=O)NC(N)=O)C(=O)OC,-1.96,0.0,1,False,0,1
CCC(CC)(C(N)=O)C(N)=O,-1.1992,0.0,1,False,0,1
CNc1cccc(C)c1,-2.05,0.0,1,False,0,1
C=CC(C)(O)CCCC(C)CCCC(C)CCCC(C)C,-4.7086538251,0.0,1,False,0,1
COc1ccc2cc(C(C)C(=O)OCCOC(=O)C(N)CC(C)C)ccc2c1,-3.82,0.0,1,False,0,1
Cc1cc(C)c(C)cn1,-0.7824,0.0,1,False,0,1
CC(=O)Oc1c([N+](=O)[O-])cc([N+](=O)[O-])c(C)c1C(C)(C)C,-4.4717,0.0,1,False,0,1
O=S(=O)(c1ccccc1)c1ccccc1,-4.1928799405,0.0,1,False,0,1
O=c1oc(-c2ccccc2)nc2ccccc12,-4.6084,0.0,1,False,0,1
CCc1nnc(NS(=O)(=O)c2ccc(N)cc2)s1,-3.12,0.0,1,False,0,1
CCOC(=S)SC(CC(=O)O)C(=O)O,-1.19,0.0,1,False,0,1
c1ccc(-c2cnc(-c3ccccc3)o2)cc1,-5.5532102962,0.0,1,False,0,1
NS(=O)(=O)c1cc(C(=O)O)c(NCc2ccco2)cc1Cl,-3.83,0.0,1,False,0,1
COc1ccccc1NC(=O)c1cc2ccccc2cc1[O-],-5.1765101856,0.0,1,True,1,2
NC1CONC1=O,-0.01,0.0,1,False,0,1
C=C(C)C(=O)O,0.0562733679,0.0,1,False,0,1
CC(=O)Nc1ccc(/C=N/NC(N)=S)cc1,-3.429,0.0,1,False,0,1
CC(C)CC(NC(=O)CC(O)C(CC(C)C)NC(=O)C(Cc1c[nH]cn1)NC(=O)C(Cc1ccccc1)NC(=O)OC(C)(C)C)C(=O)NCc1ccccn1,-3.42,0.0,1,False,0,1
CCCCCCCCCCCCCCCCO,-6.7697,0.0,1,False,0,1
COC(C)(C)CCCC(C)CC=CC(C)=CC(=O)OC(C)C,-5.19,0.0,1,False,0,1
CC(=O)Oc1ccccc1C(=O)OCN1C(=O)CCC1=O,-2.77,0.0,1,False,0,1
CC(=O)Nc1ccc(S(=O)(=O)Nc2ccccn2)cc1,-3.7162,0.0,1,False,0,1
CCC#CCC,-2.1675,0.0,1,False,0,1
CNC(=O)/C(C#N)=c1\[nH]c(=C2C(=O)NC(=O)NC2=O)c2ccccc12,-7.5280099033,0.0,1,False,0,1
C[N+](C)(C)c1ccc2c(c1)/C(=N/Nc1ccc(N)c([N+](=O)[O-])c1)C(=O)C=C2,-1.3972424196000002,0.0,1,True,1,2
CC(C)c1ccccc1OP(=O)(Oc1ccccc1)Oc1ccccc1,-5.2239,0.0,1,False,0,1
CCCCCCCCCCC(C)CCCCCCCC,-6.4511045339,0.0,1,False,0,1
Nc1ccc(Nc2ccccc2)cc1,-2.5631304762,0.0,1,False,0,1
CNC1=C(c2cccc(C(F)(F)F)c2)C(=O)C(c2ccccc2)O1,-3.9788,0.0,1,False,0,1
CCCC(C)CC,-4.3063,0.0,1,False,0,1
CCOCCOCCOCC,0.7899,0.0,1,False,0,1
CC(=O)CC(=O)CC(C)C,-1.6,0.0,1,False,0,1
COc1ccccc1O,-0.8221,0.0,1,False,0,1
Clc1cccc(-c2c(Cl)cc(Cl)c(Cl)c2Cl)c1Cl,-8.48,0.0,1,False,0,1
CC(CC(C)O[N+](=O)O)O[N+](=O)O,-2.22,0.0,1,False,0,1
CN(C)CCC=C1c2ccccc2CCc2ccccc21,-4.55,0.0,1,False,0,1
CC(C)Cl,-1.4037,0.0,1,False,0,1
CC1c2nc3ccccc3c(=O)n2C(C)CN1C,-2.09,0.0,1,False,0,1
CC1(C(=O)O)CCOC1=O,0.8412,0.0,1,False,0,1
Cc1cc(C)c(S(=O)(=O)O)c(C)c1Nc1ccc(Nc2c(C)cc(C)c(S(=O)(=O)O)c2C)c2c1C(=O)c1ccccc1C2=O,-2.8206093768,0.0,1,True,1,2
CC1CCCC(OC2CCCC(C)O2)O1,-1.1083,0.0,1,False,0,1
COc1ccc2cc(C(C)C(=O)OC(C)(C)C)ccc2c1,-6.5,0.0,1,False,0,1
O=[N+]([O-])c1ccc(CCc2ccc([N+](=O)[O-])cc2)cc1,-4.589885800199999,0.0,1,False,0,1
CC(C)CC(NC(=O)CN)C(=O)O,-0.43,0.0,1,False,0,1
NC(=O)NN=CCOC1CCCCC1,-1.74,0.0,1,False,0,1
O=C(O)CCCCCCC(=O)O,-1.1673,0.0,1,False,0,1
CCc1cccc(C)c1N(C(=O)CCl)C(C)COC,-2.7287,0.0,1,False,0,1
CN(C)S(=O)(=O)Nc1nnc(S(N)(=O)=O)s1,-2.68,0.0,1,False,0,1
C=Cc1ccc(C(C)(C)C)cc1,-4.5633510279000005,0.0,1,False,0,1
COC(=O)c1ccc(OC)cc1,-2.34,0.0,1,False,0,1
COc1cc2c(c3c1c(=O)c1cccnc1n3C)C=CC(C)(C)O2,-3.96,0.0,1,False,0,1
NC1CCC(CC2CCC(N)CC2)CC1,-1.6240034803,0.0,1,False,0,1
O=C(c1ccccc1)C(F)(F)F,-1.16,0.0,1,False,0,1
CNC=O,1.2286477338,0.0,1,False,0,1
CC(C=O)Cc1ccc2c(c1)OCO2,-2.3134381403,0.0,1,False,0,1
CCCCCCCCCCCCN(CCCN)CCCN,-0.1977113735,0.0,1,False,0,1
C=CCCCCCC,-4.4373,0.0,1,False,0,1
CCC1(C(C)C)C(=O)NC(=O)NC1=O,-2.148,0.0,1,False,0,1
CCCCN(CCCC)C(=S)SCSC(=S)N(CCCC)CCCC,-6.2405235691,0.0,1,False,0,1
COC(=O)c1ccccc1S(=O)(=O)NC(=O)Nc1nc(OC(F)F)cc(OC(F)F)n1,-5.152,0.0,1,False,0,1
CC1=C[C@H]2C(=O)O[C@H]3CC(C/C=C(\C)C[C@@H](C)/C=C/C=C4\CO[C@H]([C@@H]1O)[C@@]42O)O[C@@]1(CC[C@H](C)C(C)O1)C3,-5.7787,0.0,1,False,0,1
COc1cc2c(cc1OC)C13CCN4CC5=CCOC6CC(=O)N2C1C6C5CC43,-2.79,0.0,1,False,0,1
CCC(C)OP(=S)([S-])OC(C)CC(C)C,-2.9908768679000004,0.0,1,True,1,3
Brc1ccc(-c2ccccc2)cc1,-5.5526,0.0,1,False,0,1
N#Cc1ccccc1O,-0.7749656265,0.0,1,False,0,1
Cc1ccc2c(ccc3ccccc32)c1,-5.8367,0.0,1,False,0,1
S=C=Nc1cccc(Cl)c1,-3.9507,0.0,1,False,0,1
CCCCCCCCCCN1CCCCC1,-1.53,0.0,1,False,0,1
CC(C)(C)COC(N)=O,-0.8,0.0,1,False,0,1
CCCCCCOC(=O)c1ccccc1O,-5.0458782075999995,0.0,1,False,0,1
C/C(I)=C/C(=O)O,-1.16,0.0,1,False,0,1
Cc1cc[n+]([O-])cc1,0.9621,0.0,1,False,0,1
O=C(O)C(F)(F)F,0.9430113455,0.0,1,False,0,1
CN1CCCC(CN2c3ccccc3Sc3ccccc32)C1,-4.74,0.0,1,False,0,1
Clc1ccc(-c2c(Cl)cccc2Cl)c(Cl)c1Cl,-6.7798,0.0,1,False,0,1
[NH3+]CCCCCCCCCCCC(=O)[O-],-3.1963980912,0.0,1,False,0,1
CCC(C)C1CCCCC1=O,-2.427057806,0.0,1,False,0,1
Cn1nc(S(N)(=O)=O)sc1=NS(=O)(=O)c1ccc([N+](=O)[O-])cc1,-2.7,0.0,1,False,0,1
CC(C)OP(=O)(OC(C)C)SCc1ccccc1,-2.8579,0.0,1,False,0,1
O=S(=O)(NS(=O)(=O)c1ccc(Cl)cc1)c1ccc(Cl)cc1,-2.48,0.0,1,False,0,1
CCCCNC1(P(=O)(OCCCC)OCCCC)CCCCC1,-3.3105,0.0,1,False,0,1
C=C[C@H]1CN2CC[C@H]1C[C@H]2[C@@]12Nc3ccccc3[C@]1(O)CCO2,-2.6706,0.0,1,False,0,1
CC1COc2ccccc2N1C(=O)C(Cl)Cl,-3.8353901487,0.0,1,False,0,1
c1ccc2c(c1)c1ccccc1c1ccccc21,-6.7447,0.0,1,False,0,1
CC(C)CCCCCN(CCCCCC(C)C)CCCCCC(C)C,-4.0572475801,0.0,1,False,0,1
CO[Si](OC)(C(C)C)C(C)C,-6.2463311334,0.0,1,False,0,1
CN(C)c1cc[nH+]cc1,-0.2062,0.0,1,False,0,1
Cc1ccncc1C,-0.314,0.0,1,False,0,1
O=C1CC(=O)NC(=O)N1,-1.0486616392,0.0,1,False,0,1
Cc1ccccc1CCl,-3.0813269237,0.0,1,False,0,1
OC[P+](CO)(CO)CO,0.779579164675,0.793200884746699,4,True,4,3
O=S(=O)([O-])c1cc(Nc2nc(Nc3ccccc3)nc(N(CCO)CCO)n2)ccc1/C=C/c1ccc(Nc2nc(Nc3ccccc3)nc(N(CCO)CCO)n2)cc1S(=O)(=O)[O-],-1.29966008,0.0,1,True,1,3
CCC(=O)OC1C(C)CCCC1(C)C,-3.8031812605,0.0,1,False,0,1
COc1ccc(C(=O)O)cc1[N+](=O)[O-],-2.6613195143,0.0,1,False,0,1
CCCn1c(=O)c2[nH]c(C3CCC(=O)C3)nc2n(CCC)c1=O,-3.16,0.0,1,False,0,1
CCCCOC(=O)C(C)Oc1ccc(Oc2ccc(C#N)cc2F)cc1,-5.707999999999999,0.0,1,False,0,1
Cc1ccc(N)cc1S(=O)(=O)O,-1.62,0.0,1,False,0,1
Oc1ccc(-c2ccccc2)cc1O,-2.0659,0.0,1,False,0,1
CC(=O)CCl,-0.012,0.0,1,False,0,1
NC(=O)C(Cl)CCl,-0.5138,0.0,1,False,0,1
CC(=O)Oc1ccccc1C(=O)OCS(C)(=O)=O,-3.3936,0.0,1,False,0,1
CC(=O)Nc1ccc(S(=O)(=O)NC(C)=O)cc1,-2.78,0.0,1,False,0,1
CN(C(=O)CNC(=O)CN)c1ccc(Cl)cc1C(=O)c1ccccc1Cl,-2.33,0.0,1,False,0,1
NS(=O)(=O)c1ccc(SCCCCO)cc1,-2.5141,0.0,1,False,0,1
CC(=O)Oc1ccc(C(C)(C)CC(C)(C)C)cc1C1C(=O)Oc2ccc(C(C)(C)CC(C)(C)C)cc21,-6.6925825623,0.0,1,False,0,1
CNC1CN(c2c(F)cc3c(=O)c(C(=O)O)cn(C4CC4)c3c2F)C1,-5.31,0.0,1,False,0,1
C[C](C)C,-4.3765465432,0.0,1,False,0,1
COCOC,0.506,0.0,1,False,0,1
CC(=O)Nc1ccc(S(=O)(=O)Nc2nc(C)cs2)cc1,-4.15,0.0,1,False,0,1
COc1cc(C(Cl)(Cl)Cl)cc(Cl)n1,-4.3635,0.0,1,False,0,1
O=C1c2ccccc2C(=O)c2c(Nc3nc(Nc4cccc5c4C(=O)c4ccccc4C5=O)nc(-c4ccccc4)n3)cccc21,-7.77786597,0.0,1,False,0,1
CC(=O)Nc1ncc2ncn(COCCO)c2n1,-0.86,0.0,1,False,0,1
O=c1nc[nH]c2cccnc12,-2.0656,0.0,1,False,0,1
CCC1(C2=CC3CCC(C2)C3)C(=O)NC(=O)NC1=O,-2.7696,0.0,1,False,0,1
Oc1ccc(-c2ccccc2)cc1,-3.4812,0.0,1,False,0,1
N=NN=NC1=CCc2c(cccc2S(=O)(=O)Oc2ccc(C(=O)c3ccc(O)c(O)c3O)cc2)C1=O,-5.1052907305,0.0,1,False,0,1
CC(C)=CC=C(C)C,-3.537,0.0,1,False,0,1
CC(C)(c1ccccc1)c1cc(-n2nc3ccccc3n2)c(O)c(C(C)(C)c2ccccc2)c1,-7.0488126213,0.0,1,False,0,1
O=C(O)c1cccc2cccnc12,-1.7447,0.0,1,False,0,1
NC(=O)C1CCCC(C(N)=O)N1,0.2893,0.0,1,False,0,1
NS(=O)(=O)c1cc2c(s1)CC(O)CS2(=O)=O,-1.59,0.0,1,False,0,1
COC(=O)CC(=O)OC,0.0273419683,0.0,1,False,0,1
CN(C)C(=O)N(C)C,0.9349,0.0,1,False,0,1
COc1ccccc1NC(=O)C(N=Nc1ccc(Cl)cc1[N+](=O)[O-])C(C)=O,-7.3063783536,0.0,1,False,0,1
CCCCCCCS,-4.1549,0.0,1,False,0,1
Clc1ccc(-c2cc(Cl)c(Cl)c(Cl)c2)cc1,-7.96,0.0,1,False,0,1
C=C(C)C1(O)[C@H]2OC(=O)[C@@H]1[C@]1(O)[C@H]3O[C@H]3[C@]3(CO3)[C@]1(C)[C@@H]2O,-1.42,0.0,1,False,0,1
O=S(=O)(O)OCCOc1ccc(Cl)cc1Cl,-0.0601,0.0,1,False,0,1
CCCCCCCCCCCC(=O)OCCOCC(OCCO)C1OCC(OCCO)C1OCCO,-6.417202563200001,0.0,1,False,0,1
CCCCCCCCNC(=O)n1cc(F)c(=O)[nH]c1=O,-4.18,0.0,1,False,0,1
Nc1c(N=Nc2ccc(S(=O)(=O)CCOS(=O)(=O)[O-])cc2)c(S(=O)(=O)[O-])cc2c1C(=O)/C(=N\Nc1ccc(S(=O)(=O)CCOS(=O)(=O)[O-])cc1)C(S(=O)(=O)[O-])=C2,-0.2552865172,0.0,1,True,1,5
Cc1cc(C)c2ccccc2n1,-1.9424,0.0,1,False,0,1
N[C@@H](Cc1cc(I)c(O)c(I)c1)C(=O)O,-2.8583,0.0,1,False,0,1
CC(CO)(CO)[N+](=O)[O-],0.7724,0.0,1,False,0,1
CC1=C(O)C(=O)C(C)O1,0.3906698962,0.0,1,False,0,1
CCC(O)C(C)(C)C,-1.1514,0.0,1,False,0,1
C=CC1(C=C)C(=O)NC(=O)NC1=O,-2.06,0.0,1,False,0,1
NC(=O)COC(=O)c1ccccc1,-1.6405,0.0,1,False,0,1
Cc1cn(C2CC(N=[N+]=[N-])C(CO)O2)c(=O)[nH]c1=O,-1.16,0.0,1,False,0,1
COC(/C=C\C(OC)OC)OC,0.055,0.0,1,False,0,1
CCOC(=O)c1ccccc1C(=O)OCC,-2.35,0.0,1,False,0,1
Nc1ccc(F)cc1,-0.5272743845000001,0.0,1,False,0,1
CCCCC(=O)O[C@]1(C(=O)CO)[C@@H](C)C[C@H]2[C@@H]3CCC4=CC(=O)C=C[C@]4(C)[C@@]3(F)[C@@H](O)C[C@@]21C,-4.7101,0.0,1,False,0,1
C=CC(C)(CCC=C(C)C)OC(=O)CC,-4.3823578934,0.0,1,False,0,1
OCCN1CCN(CCCN2c3ccccc3Sc3ccc(C(F)(F)F)cc32)CC1,-4.1488,0.0,1,False,0,1
CCOC(=O)NS(=O)(=O)c1ccc(C)cc1,-2.2430987475,0.0,1,False,0,1
CC(C)(c1ccc(OCC2CO2)cc1)c1ccc(OCC2CO2)cc1,-4.7996200318,0.0,1,False,0,1
CCCCCCCCCC(C(=O)O)C(=O)O,-3.3016,0.0,1,False,0,1
CC(=O)C(N=Nc1ccc(S(=O)(=O)[O-])cc1[N+](=O)[O-])C(=O)Nc1ccccc1,-4.6745621224,0.0,1,True,1,3
CCCCC[N+](=O)[O-],-1.9548,0.0,1,False,0,1
COP(=O)(OC)OC,0.5526,0.0,1,False,0,1
CCCCCCCC(=O)OCn1cnc2c1c(=O)n(C)c(=O)n2C,-3.45,0.0,1,False,0,1
CCCCCCCCCCCCCCCCCCC1CC(=O)N(CCNCCNCCNCCN2C(=O)CC(CCCCCCCCCCCCCCCCCC)C2=O)C1=O,-10.2347171749,0.0,1,False,0,1
Clc1ccc(-c2ccccc2)cc1,-5.2,0.0,1,False,0,1
OCCOCCOc1ccccc1,-0.7165256146,0.0,1,False,0,1
CC(=O)c1ccc(N=C=S)cc1,-4.02,0.0,1,False,0,1
C#C[C@]1(O)CC[C@H]2[C@@H]3CCC4=CC(=O)CC[C@@H]4[C@H]3CC[C@@]21C,-4.6271,0.0,1,False,0,1
CCC1(C)Nc2cccc3cccc(c23)N1,-3.2477605654,0.0,1,False,0,1
Clc1ccc(-c2ccc(Cl)c(Cl)c2)cc1Cl,-8.53,0.0,1,False,0,1
CN1C2CCC1C(C(=O)O)C(O)C2,-0.02,0.0,1,False,0,1
Clc1ccc2c(c1)Oc1ccccc1O2,-5.8359,0.0,1,False,0,1
CCOC(=O)C(C)C1CCCCC1,-3.3274567494,0.0,1,False,0,1
Nc1cc(S(=O)(=O)O)cc2cc(S(=O)(=O)[O-])cc(O)c12,-1.476228892,0.0,1,True,1,2
CC(C)c1ccc(C(C)C)cc1,-6.6027992709,0.0,1,False,0,1
O=C(O)c1ccc(Cl)o1,-1.69,0.0,1,False,0,1
CCC(C)(C)CO,-1.04,0.0,1,False,0,1
CCC(=O)OCCc1ccccc1,-3.1174443354,0.0,1,False,0,1
C1=CC=CCC=C1,-2.1721,0.0,1,False,0,1
O=C(O)CN(CCCN(CC(=O)O)CC(=O)O)CC(=O)O,-1.4690725372,0.0,1,False,0,1
O=C(O)CCCCCCCCCC(=O)O,-1.6274,0.0,1,False,0,1
C/C=C/C#N,-0.4287,0.0,1,False,0,1
CC(=O)NC(Cc1ccc(O)cc1)C(=O)O,0.01,0.0,1,False,0,1
Cc1ccc(N/N=C2\C(=O)C=Cc3ccccc32)c(C)c1,-6.7054442976,0.0,1,False,0,1
CC(C)C1C(=O)NC(=O)NC1=O,-1.4556,0.0,1,False,0,1
CC(C)(c1cc(Br)c(OCC2CO2)c(Br)c1)c1cc(Br)c(OCC2CO2)c(Br)c1,-7.3953018986,0.0,1,False,0,1
CCC(C)C(C)(C)O,-0.89,0.0,1,False,0,1
Cc1cc(C)c(Nc2ccc(Nc3c(C)cc(C)cc3C)c3c2C(=O)c2ccccc2C3=O)c(C)c1,-7.8250730454,0.0,1,False,0,1
Cc1cc(Cc2cc(Cl)ccc2Cl)c(Cl)cc1Cl,-8.06,0.0,1,False,0,1
CCCCCCCCC(=O)OCC,-3.8007,0.0,1,False,0,1
C=CC(C)(O)CC/C=C(\C)CCC=C(C)C,-3.9853522661,0.0,1,False,0,1
COc1nn(CSP(=S)(OC)OC)c(=O)s1,-3.1,0.0,1,False,0,1
Cc1ccc2cc(C)c(C)cc2c1,-5.0007,0.0,1,False,0,1
CC12CCC(CC1=O)C(C)(C)O2,-0.9249,0.0,1,False,0,1
CCOP(=S)(OCC)Oc1nc(Cl)c(Cl)cc1Cl,-5.4956,0.0,1,False,0,1
CC(O)COc1ccc(C(C)(C)c2ccc(OCC(C)O)cc2)cc1,-3.499700952,0.0,1,False,0,1
OCCC(F)(F)C(F)(F)C(F)(F)C(F)(F)C(F)(F)C(F)(F)F,-4.2870640225,0.0,1,False,0,1
CC(=O)Nc1ccc(S(=O)(=O)N=c2sc(S(N)(=O)=O)nn2C)cc1,-1.69,0.0,1,False,0,1
Cc1cc(C)cc(N2C(=O)c3ccc4c5ccc6c7c(ccc(c8ccc(c3c48)C2=O)c75)C(=O)N(c2cc(C)cc(C)c2)C6=O)c1,-7.4761487948,0.0,1,False,0,1
CC1C(=O)NC(=O)NC1=O,-1.13,0.0,1,False,0,1
Cc1ccc(O)c(C(C)(C)C)c1,-2.6917536232,0.0,1,False,0,1
C=CC1CN2CCC1C[C@H]2[C@H](O)c1ccnc2ccc(OC)cc12,-2.79,0.0,1,False,0,1
CCCCCCCCCC(=O)Oc1ccc(C(=O)O)cc1,-5.424547549700001,0.0,1,False,0,1
CC12CCCC1C1CCC3CC(=O)C(=O)CC3(C)C1CC2,-3.76,0.0,1,False,0,1
CCC1(CO)COCOC1,0.8350942171,0.0,1,False,0,1
Clc1ccc(Oc2c(Cl)cc(Cl)cc2Cl)c(Cl)c1,-7.33,0.0,1,False,0,1
COP(=S)(OC)SCC(=O)N(c1ccc(Cl)cc1)C(C)C,-4.4321,0.0,1,False,0,1
NC(C(=O)NCC(=O)O)c1ccccc1,-1.41,0.0,1,False,0,1
CCCCCCOC(=O)CCCCC(=O)OCCCCCC,-5.082600348500001,0.0,1,False,0,1
CC(=O)Nc1ccc(NC(=O)c2cc3ccccc3cc2O)cc1,-5.2503495118,0.0,1,False,0,1
CCC(O)CN,1.0499,0.0,1,False,0,1
Clc1c(Cl)c(Cl)c2c(oc3c(Cl)c(Cl)c(Cl)c(Cl)c32)c1Cl,-11.5827,0.0,1,False,0,1
CC(C)(C)C1CCC(O)CC1,-3.1032621251999997,0.0,1,False,0,1
CO/N=C(\C)c1cccc(Oc2nc(OC)cc(OC)n2)c1C(=O)OC,-3.6037,0.0,1,False,0,1
NC(=O)OCC1CSC2(CCCCC2)S1,-3.52,0.0,1,False,0,1
C/C=C/C=C/C(=O)O,-1.77,0.0,1,False,0,1
O=C(OOC(=O)c1ccc(Cl)cc1Cl)c1ccc(Cl)cc1Cl,-8.2787650296,0.0,1,False,0,1
CC(C)CC(N)C(=O)NC(Cc1c[nH]c2ccccc12)C(=O)O,-1.12,0.0,1,False,0,1
Cc1cc(C)c(O)c(C)c1,-2.055,0.0,1,False,0,1
O=C(O)/C=C/c1cccc(Br)c1,-2.636,0.0,1,False,0,1
CC1CCCC(=O)C1,-1.8738,0.0,1,False,0,1
Clc1ccc(Oc2cc(Cl)c(Cl)c(Cl)c2Cl)cc1Cl,-8.78,0.0,1,False,0,1
Clc1ccc(-c2ccc(Cl)cc2Cl)cc1,-6.0,0.0,1,False,0,1
c1ccc2nccnc2c1,0.7051,0.0,1,False,0,1
Cl/C=C/C[N+]12CN3CN(CN(C3)C1)C2,0.0829,0.0,1,True,1,2
Nc1c2ccccc2nc2cc(Cl)ccc12,-1.73,0.0,1,False,0,1
ClC1=C(Cl)C2(Cl)C3C(Cl)C=CC3C1(Cl)C2(Cl)Cl,-6.3168,0.0,1,False,0,1
Clc1cc(Cl)ncn1,-1.4172531143,0.0,1,False,0,1
CCOCCOC(=O)/C=C/c1ccc(OC)cc1,-2.6995,0.0,1,False,0,1
Nc1ccc(S(=O)(=O)Nc2ccccn2)cc1,-2.7,0.0,1,False,0,1
Cc1ccc(N(C)C(N)=O)cc1,-0.423,0.0,1,False,0,1
CC(=O)c1ccc(O)c(C(=O)[O-])c1,-2.2304,0.0,1,False,0,1
COc1ccc2[nH]cc(CCNC(C)=O)c2c1,-5.09,0.0,1,False,0,1
Clc1ccccc1Br,-3.2030000000000003,0.0,1,False,0,1
Cn1nc(S(N)(=O)=O)sc1=NS(=O)(=O)c1ccc(F)cc1,-2.03,0.0,1,False,0,1
CN(CC(=O)[O-])C(N)=NP(=O)([O-])O,0.3126582838,0.0,1,True,1,3
CCCC[P+](CCCC)(CCCC)CCCC,0.41483097,0.0,1,True,1,2
CN1CCC23c4c5ccc(OCc6ccccc6)c4OC2CCCC3C1C5,-4.22,0.0,1,False,0,1
C=CCc1ccc(OC(C)=O)c(OC)c1,-2.7015911491000004,0.0,1,False,0,1
CC[N+](CC)(CC)CC,0.6804737910000002,0.09870653788477052,3,True,3,2
CN1CCC[C@H]1c1cccnc1,0.7898,0.0,1,False,0,1
O=P(Oc1ccccc1)(Oc1ccccc1)Oc1cccc(OP(=O)(Oc2ccccc2)Oc2ccccc2)c1,-5.7380720067999995,0.0,1,False,0,1
CC(C)N,1.2283,0.0,1,False,0,1
Nc1ncnc2nc[nH]c12,-2.1179,0.0,1,False,0,1
CC(C)C(=O)OOC(C)(C)C,-1.6070025668,0.0,1,False,0,1
COc1cc(C(=O)O)c(C(=O)O)cc1O,-1.21,0.0,1,False,0,1
CC(C)CCCCCCCOP(OCCCCCCCC(C)C)Oc1ccccc1,-6.382029914199999,0.0,1,False,0,1
O=[N+]([O-])c1ccc2c3c(cccc13)CC2,-5.3403,0.0,1,False,0,1
CC(=O)NC(COC(=O)c1ccccc1)C(=O)O,-3.22,0.0,1,False,0,1
CC(C)COc1ccc2ccccc2c1,-5.2117,0.0,1,False,0,1
CNC(=O)O/N=C(/C)C(C)SC,-0.7353,0.0,1,False,0,1
CC(=O)CC(c1ccc(Cl)cc1)c1c(O)oc2ccccc2c1=O,-5.836,0.0,1,False,0,1
O=S(=O)(CCCl)CCOCCS(=O)(=O)CCCl,-1.9408,0.0,1,False,0,1
NC(=O)NC(=O)C=CC(=O)O,-1.9202,0.0,1,False,0,1
ClC(Cl)(Cl)Cl,-2.31,0.0,1,False,0,1
CCCCCCCCCCCCCCCC[n+]1ccccc1,-0.4861495515,0.0,1,True,1,2
CCOC(=O)C1OC1(C)c1ccccc1,-2.3143750058,0.0,1,False,0,1
Cc1cccc(O)c1C(=O)O,-2.04,0.0,1,False,0,1
NC(=O)CF,1.1132,0.0,1,False,0,1
CCCCCOC(=O)c1ccc(O)c(I)c1,-4.22,0.0,1,False,0,1
COc1c(O)cc(Cl)c(Cl)c1Cl,-2.8712,0.0,1,False,0,1
Clc1ccc(Oc2ccc(Cl)cc2)cc1,-4.7999,0.0,1,False,0,1
O=C1CSC(=S)N1,-1.7723,0.0,1,False,0,1
CC(=O)Oc1ccccc1[N+](=O)[O-],-2.1855239105,0.0,1,False,0,1
CCN=C1C=CC(=C(c2ccc(NCC)c(C)c2)c2ccc(NCC)c(C)c2)C=C1C,-1.0232212865,0.0,1,True,1,2
O=S(=O)(O)CCSc1ccccc1,-1.53,0.0,1,False,0,1
N#CSCC(CSC#N)SC#N,-1.9351,0.0,1,False,0,1
CCCCC(O)CCCC,-2.49,0.0,1,False,0,1
O=[N+]([O-])c1ccc2ccc3cccc4ccc1c2c34,-7.3213,0.0,1,False,0,1
CC(C)C(=O)OCC(C)(C)C(OC(=O)C(C)C)C(C)C,-4.333139569,0.0,1,False,0,1
CCC1CCC(=NO)C(=NO)C1,-1.83,0.0,1,False,0,1
CNP(=O)(OC)Oc1ccc(C(C)(C)C)cc1Cl,-3.1639,0.0,1,False,0,1
C=C(C)C(=O)OCCN(C)C,0.5024815492,0.0,1,False,0,1
Clc1ccc(C(c2ccc(Cl)cc2)C(Cl)Cl)cc1,-7.2,0.0,1,False,0,1
CCCSP(=S)(OCC)Oc1ccc(SC)cc1,-6.0171,0.0,1,False,0,1
CNCCO,1.1242964559,0.0,1,False,0,1
CC(=O)C(N=Nc1ccc(Cl)cc1[N+](=O)[O-])C(=O)Nc1ccc2[nH]c(=O)[nH]c2c1,-7.473779876699999,0.0,1,False,0,1
Nc1ccc(S(=O)(=O)Nc2ncc(C(=O)O)s2)cc1,-2.8741,0.0,1,False,0,1
CC[C@@H]1CCCCN1,-0.3463,0.0,1,False,0,1
NS(=O)(=O)c1nnc(NS(=O)(=O)c2ccc([N+](=O)[O-])cc2)s1,-1.33,0.0,1,False,0,1
CCCCCCC1(C)CCC(=O)O1,-2.6432618238999996,0.0,1,False,0,1
C=CS(=O)(=O)CCOCCNc1nc(F)nc(Nc2ccc(N=Nc3cc4c(S(=O)(=O)[O-])cc(S(=O)(=O)[O-])cc4cc3S(=O)(=O)[O-])c(NC(N)=O)c2)n1,-0.4145597239,0.0,1,True,1,4
NC(=O)c1cc(Cl)cc(Cl)c1N,-2.0814,0.0,1,False,0,1
Cc1cc(Cc2cc(C)cc(C3CCCCC3)c2O)c(O)c(C2CCCCC2)c1,-6.9790342734,0.0,1,False,0,1
Clc1cccc2c1Oc1ccccc1O2,-5.7196,0.0,1,False,0,1
Fc1cc(F)c(F)c(F)c1,-2.3057,0.0,1,False,0,1
O=c1cnc2cncnc2[nH]1,-2.12,0.0,1,False,0,1
CC1=NN(c2ccc(S(=O)(=O)[O-])cc2)C(=O)C1N=Nc1ccccc1C(=O)[O-],-1.491314993,0.0,1,True,1,3
OCC(O)C(O)CO,0.6985,0.0,1,False,0,1
CC(=O)C1CCOC1=O,0.3975093207,0.0,1,False,0,1
NCC(=O)O,0.92,0.0,1,False,0,1
Cc1cn([C@H]2C[C@H](N=[N+]=[N-])[C@@H](CO)O2)c(=O)[nH]c1=O,-1.1221,0.0,1,False,0,1
CCc1nc2cnc(O)nc2nc1CC,-2.2644,0.0,1,False,0,1
CNCCC(Oc1ccc(C(F)(F)F)cc1)c1ccccc1,-1.59,0.0,1,False,0,1
CCC1(CC)C(=O)NC(=O)N(CO)C1=O,-3.93,0.0,1,False,0,1
CSCC(NC(=O)COc1cccc2cnccc12)C(=O)NC(Cc1ccccc1)C(O)C(=O)N1CSCC1C(=O)NC(C)(C)C,-3.95,0.0,1,False,0,1
COc1ccc(NC(=O)CC(C)=O)cc1,-1.9014771833,0.0,1,False,0,1
O=C1C=Cc2ccccc2/C1=N/Nc1ccc([N+](=O)[O-])cc1Cl,-7.9969982826,0.0,1,False,0,1
CC(=O)OCC1=C(C(=O)O)N2C(=O)C(NC(=O)Cc3cccs3)C2SC1,-2.94,0.0,1,False,0,1
CC(CC(=O)O)C(=O)O,0.48,0.0,1,False,0,1
C[S+]([O-])c1ccc2oc3ccc(C(=O)O)cc3c(=O)c2c1,-5.02,0.0,1,False,0,1
Clc1ccc(-c2c(Cl)ccc(Cl)c2Cl)c(Cl)c1Cl,-7.65,0.0,1,False,0,1
CCNc1c([N+](=O)[O-])cc([N+](=O)[O-])cc1[N+](=O)[O-],-3.4085,0.0,1,False,0,1
Nc1nc(N)c2nccnc2n1,-2.69,0.0,1,False,0,1
COC(=O)C1(S(=O)(=O)c2ccc(Cl)cc2)CC1,-3.3086,0.0,1,False,0,1
CCOC(=O)OC1CCCCC1C(C)(C)C,-4.3211402828,0.0,1,False,0,1
CNC(=O)c1cc(Oc2ccc(NC(=O)Nc3ccc(Cl)c(C(F)(F)F)c3)cc2)ccn1,-6.6672950838,0.0,1,False,0,1
CC(=O)OCC(C(OC(C)=O)c1ccccc1)[N+](=O)[O-],-3.972,0.0,1,False,0,1
Cc1ccc(N=C=S)cc1,-4.7213,0.0,1,False,0,1
Nc1cc(Cl)cc(Cl)c1,-2.3153,0.0,1,False,0,1
Cc1ccc(NS(=O)(=O)c2ccc(N)cc2)cc1Cl,-4.91,0.0,1,False,0,1
Cc1ccc(N)cc1Cl,-1.7531263116999998,0.0,1,False,0,1
Cc1ccc([N+](=O)[O-])c(O)c1,-2.7505,0.0,1,False,0,1
Cc1ccc(C(=O)OOC(=O)c2ccc(C)cc2)cc1,-6.798351882,0.0,1,False,0,1
CCCCCCC(C(=O)O)C(=O)O,-1.6566,0.0,1,False,0,1
C=COCCCCCCCCCCCCCCCCCC,-6.4720818187,0.0,1,False,0,1
CCCCCN(C)N=Nc1ccc(C(=O)O)cc1,-2.37,0.0,1,False,0,1
CCOC(=O)COc1ccc(Cl)cc1,-2.4206,0.0,1,False,0,1
CC(C)=NNC(N)=O,-0.2674,0.0,1,False,0,1
O=C([O-])CS,0.52153707365,0.6119175300423079,4,True,4,2
OCCCCO,1.0451691789,0.0,1,False,0,1
O=C(O)C=Cc1c[nH]cn1,-1.96,0.0,1,False,0,1
COc1ccc2cc(C(C)C(=O)OCC(=O)N(C)CCO)ccc2c1,-3.39,0.0,1,False,0,1
CCNC(=O)COC(=O)c1ccccc1OC(C)=O,-1.68,0.0,1,False,0,1
Nc1ccc2snnc2c1,-1.3045,0.0,1,False,0,1
CCC(=O)N(c1ccccc1)C1CC[NH2+]CC1,-0.8352255084,0.0,1,False,0,1
O=C(C(Cl)Cl)N(CCO)Cc1ccc(Oc2ccc([N+](=O)[O-])cc2)cc1,-5.1241,0.0,1,False,0,1
Cc1cccc2sc3nncn3c12,-2.0729,0.0,1,False,0,1
CCSC(=S)N[C@@H](C)C(=O)O,-0.9613,0.0,1,False,0,1
OCc1ccc(O)cc1,-1.2678,0.0,1,False,0,1
Cc1c(C(=O)O)c(O)cc2c1C(=O)c1c(O)c([C@H]3O[C@H](CO)[C@@H](O)[C@H](O)[C@H]3O)c(O)c(O)c1C2=O,-2.5784,0.0,1,False,0,1
Cc1ccccc1CO,-1.09,0.0,1,False,0,1
CN(C(=S)SSC(=S)N(C)c1ccccc1)c1ccccc1,-6.2607699922,0.0,1,False,0,1
C#CCCCCCCC,-4.093999999999999,0.0,1,False,0,1
COc1cc(NS(=O)(=O)c2ccc(N)cc2)nc(C)n1,-2.543,0.0,1,False,0,1
C[C@]12CCC(=O)C=C1CC[C@@H]1[C@@H]2CC[C@@]2(C)[C@H]1CC[C@@]21CCC(=O)O1,-4.2250037793,0.0,1,False,0,1
Clc1ccc(Oc2c(Cl)cc(Cl)cc2Cl)cc1,-6.83,0.0,1,False,0,1
N#CCCN(CCC#N)C(CCC(=O)O)C(=O)O,-0.2275,0.0,1,False,0,1
CC1CO1,0.8325704879000001,0.0,1,False,0,1
CCCCCCCCCCC,-7.5505,0.0,1,False,0,1
C[C@]12CC[C@H]3C(=CCc4cc(O)ccc43)[C@@H]1CCC2=O,-5.2795,0.0,1,False,0,1
O=C(O)c1cccc(I)c1,-3.2706,0.0,1,False,0,1
Cc1ccc2cc3c(ccc4ccccc43)c3c2c1CC3,-7.9663,0.0,1,False,0,1
Oc1ccc(N=Nc2ccccc2)c(O)c1,-3.08,0.0,1,False,0,1
CCCCCCCCCC(=O)OCC,-4.1006,0.0,1,False,0,1
CNC(=O)OCc1cccc(Cl)c1Cl,-3.1389,0.0,1,False,0,1
CCCCCCCOC(=O)c1cccnc1,-2.7429,0.0,1,False,0,1
O=Cc1ccc(O)c(O)c1,-1.3402,0.0,1,False,0,1
Cc1nc2c(=O)[nH]cnc2[nH]c1=O,-2.15,0.0,1,False,0,1
Clc1cc(Cl)c(Cl)c(Oc2cc(Cl)c(Cl)cc2Cl)c1,-8.41,0.0,1,False,0,1
CS(=O)(=O)Oc1ccc(Nc2ccc(O)c3c2C(=O)c2ccccc2C3=O)cc1,-6.214227984500001,0.0,1,False,0,1
CC(=O)/C(=N\O)c1ccccc1,-2.3676,0.0,1,False,0,1
Nc1c(Cl)cc([N+](=O)[O-])cc1Cl,-4.4709,0.0,1,False,0,1
NC(CO)(CO)CO,0.6710216421000001,0.16914945533303488,2,True,1,3
OCC1OC(O)(CO)C(O)C1O,0.64,0.0,1,False,0,1
[CH2-]C(C)(C)c1ccc(S(=O)(=O)Nc2ccc3cc(S(=O)(=O)c4cc5c(c(S(=O)(=O)[O-])c4N)Oc4c(Cl)c6c(c(Cl)c4=N5)Oc4c(ccc(N)c4S(=O)(=O)[O-])N=6)ccc3c2)cc1,-2.1807658975999997,0.0,1,True,1,4
Nc1ccc(S(=O)(=O)Nc2nncs2)cc1,-2.8684,0.0,1,False,0,1
CO[C@]1(C)CCC23C[C@@H]1C(C)(C)[C@@H]2CC[C@H]3C,-4.7401771795,0.0,1,False,0,1
O=C(O)c1ccc2ccccc2n1,-1.0911,0.0,1,False,0,1
CCC(O)C(C)C,-0.7062,0.0,1,False,0,1
CNC1=Nc2ccc(Cl)cc2C(c2ccccc2)=[N+]([O-])C1,-4.48,0.0,1,False,0,1
CC(C)(N)CO,1.0499,0.0,1,False,0,1
Clc1cccc(C(Cl)(Cl)Cl)n1,-3.5061083639999997,0.0,1,False,0,1
S=C=NCCc1ccccc1,-3.1714,0.0,1,False,0,1
Cc1c(-c2ccc(-c3ccccc3F)cc2)nc2ccc(F)cc2c1C(=O)O,-6.39,0.0,1,False,0,1
O=C(Cc1ccccc1)OCCc1ccccc1,-4.1887477927,0.0,1,False,0,1
c1ccc(CN2CCC(Nc3ccccc3)CC2)cc1,-3.9542229462,0.0,1,False,0,1
Clc1ccccc1-c1ccccc1Cl,-5.0813,0.0,1,False,0,1
CC(=O)OCCOCCOCCOC(C)=O,0.6303241084000001,0.0,1,False,0,1
CC(C)C1(C)N=C(c2ncccc2C(=O)O)NC1=O,-1.3640293861,0.0,1,False,0,1
CNCCCN1c2ccccc2CCc2ccccc21,-3.6576170412,0.0,1,False,0,1
CCCCCCCCCCCCCCCCCCOC(=O)CCSCCC(=O)OCCCCCCCCCCCCCCCCCC,-8.2324757883,0.0,1,False,0,1
[O-][n+]1ccccc1,1.0218,0.0,1,False,0,1
O=C(CCCN1CCC(O)(c2ccccc2)CC1)c1ccc(F)cc1,-4.1183,0.0,1,False,0,1
NC(=O)NCO,-0.3463,0.0,1,False,0,1
CCCCCCC(=O)OCC(COC(=O)CCCCCC)(COC(=O)CCCCCC)COC(=O)CCCCCC,-7.0680633512,0.0,1,False,0,1
CC(C)CCCCCCCCCCOC(=O)c1ccc(C(=O)OCCCCCCCCCCC(C)C)c(C(=O)OCCCCCCCCCCC(C)C)c1,-7.180237159600001,0.0,1,False,0,1
CCCCOC(=O)/C=C\C(=O)OCCCC,-3.1280341619,0.0,1,False,0,1
C1=NC=NC2N=C(c3ccccc3)N=C12,-3.07,0.0,1,False,0,1
CCn1cc(C(=O)O)c(=O)c2cc(F)c(N3CCNCC3)nc21,-2.92,0.0,1,False,0,1
CN1CCN(C)CC1,0.9423643206,0.0,1,False,0,1
COc1ccc2c(c1)N(CC(C)CN(C)C)c1ccccc1S2,-4.37,0.0,1,False,0,1
Cc1cccc(C)c1NC(=O)C1CCCCN1C,-1.99,0.0,1,False,0,1
O=NC1=C(NO)CCCCC1,-1.4249,0.0,1,False,0,1
CCCCC(CC)CCCCCC(C)CCCC(=O)O,-5.0561178370999995,0.0,1,False,0,1
Nc1cc(Cl)cc(C(=O)O)c1Cl,-2.4688,0.0,1,False,0,1
CC1=C(C#N)C(=O)N(C)C(=O)/C1=N/Nc1ccc(Cl)c(Cl)c1,-6.9257837823,0.0,1,False,0,1
C[C@H](C[C@H](C)C(=O)[O-])C(=O)[O-],-0.4564,0.0,1,False,0,1
O=C1OC([C@@H](O)C[O-])C(=O)C1O,0.5110430921,0.0,1,True,1,2
c1ccc2nc3ccccc3nc2c1,-3.7,0.0,1,False,0,1
CC(C)=CCC[C@@H](C)CC=O,-3.2437509469999997,0.0,1,False,0,1
CCCCCCCCOC(=O)c1ccc(O)c(Br)c1,-4.52,0.0,1,False,0,1
Cn1nc(S(N)(=O)=O)sc1=NS(=O)(=O)c1cccc(N)c1,-2.45,0.0,1,False,0,1
CCc1cccc(CC)c1N(COC)C(=O)CCl,-3.17,0.0,1,False,0,1
Clc1cc(Cl)c(-c2ccc(Cl)c(Cl)c2Cl)c(Cl)c1,-8.2399,0.0,1,False,0,1
Oc1cc(O)c2ccccc2c1,-1.9493,0.0,1,False,0,1
CCCCCOC(=O)c1ccc(O)cc1,-3.8135,0.0,1,False,0,1
NC=O,1.3463919758,0.0,1,False,0,1
c1ncc2n[nH]nc2n1,-0.2319,0.0,1,False,0,1
COC(=O)c1ccc(C)cc1C1=NC(C)(C(C)C)C(=O)N1,-2.4599,0.0,1,False,0,1
Cc1ccc(OCC(=O)NC2C(=O)N3C2SC(C)(C)C3C(=O)O)cc1,-3.15,0.0,1,False,0,1
CC(C)(C)C(=O)OCC(=O)C1(O)CCC2C3CCC4=CC(=O)C=CC4(C)C3C(O)CC21C,-4.5835,0.0,1,False,0,1
O=C(O)c1ccccc1CC(=O)c1ccccc1C(=O)O,-2.7910000000000004,0.0,1,False,0,1
COc1cc2c3c(cccc3c1)CN(C(N)=NO)C2,-1.21,0.0,1,False,0,1
Cc1ccccc1N=C(N)Nc1ccccc1C,-3.5338845835000003,0.0,1,False,0,1
C=C(C)C(=O)OCCOC(=O)CC(C)=O,-1.0636822045,0.0,1,False,0,1
CC1=Nc2ccccc2N=C(C)C1,-1.37,0.0,1,False,0,1
CC[n+]1c(-c2ccccc2)c2cc(N)ccc2c2ccc(N)cc21,-1.2948,0.0,1,True,1,2
CN(C)c1ccc(C(c2ccc(N(C)C)cc2)c2ccc(N(C)C)cc2)cc1,-5.458398412699999,0.0,1,False,0,1
Cc1ccc(S(=O)(=O)NC(=O)Nc2nccc(Nc3ccc(S(N)(=O)=O)cc3)n2)cc1,-4.3,0.0,1,False,0,1
CC(C)(C)CCCCC(=O)O,-2.4750431492,0.0,1,False,0,1
COP(=S)(OC)Oc1ccc(C#N)cc1,-3.7232,0.0,1,False,0,1
NS(=O)(=O)c1ccc(Nc2ccnc(NC(=O)c3cccnc3)n2)cc1,-1.27,0.0,1,False,0,1
N#CCCl,-0.092,0.0,1,False,0,1
O=C1C=C2CC3(O)COc4c(ccc(O)c4O)C3=C2C=C1O,-2.6994,0.0,1,False,0,1
Cc1ccc2c(c1)C(=O)N(C)c1cc(N)ccc1O2,-3.928,0.0,1,False,0,1
Cn1cncc1C[C@H](N)C(=O)O,0.0727,0.0,1,False,0,1
O=S(=O)([O-])c1ccc(Nc2nc(Cl)nc(Cl)n2)cc1,-1.3810309201,0.0,1,True,1,2
CN(C)C(CSS(=O)(=O)c1ccccc1)CSS(=O)(=O)c1ccccc1,-5.76,0.0,1,False,0,1
COc1ccc2c(c1OC)C(=O)OC2,-1.8903,0.0,1,False,0,1
Oc1cccc2ccccc12,-2.0619739225,0.0,1,False,0,1
CCCCc1ccc2cc3ccc4ccccc4c3cc2c1,-7.52,0.0,1,False,0,1
Cc1cnc2cncnc2n1,-0.01,0.0,1,False,0,1
CCOC(=O)CNC(=O)OCC,-0.2435,0.0,1,False,0,1
CC(O)c1ccccc1,-1.7969,0.0,1,False,0,1
CC(=O)N(C)N(C(=O)C(=O)N(C)C)c1ccccc1,-0.5345,0.0,1,False,0,1
O=C(O)c1cncc(C(=O)O)c1,-2.2230000000000003,0.0,1,False,0,1
CNC[C@H](O)c1ccc(O)c(O)c1,-1.50385,2.1267650657747788,2,True,1,2
Clc1ccc(Oc2c(Cl)c(Cl)cc(Cl)c2Cl)cc1,-7.76,0.0,1,False,0,1
CCCCC(CC)CNC(=O)CCCCCC(C)C,-5.731545252999999,0.0,1,False,0,1
COCc1ccccc1,-1.6098,0.0,1,False,0,1
COP(=O)(NC(C)=O)SC,0.54,0.0,1,False,0,1
CCCCCCCCCCCCc1ccccc1S(=O)(=O)O,0.2137915766,0.0,1,True,1,2
CCCCCc1ccc(O)cc1O,-1.9548,0.0,1,False,0,1
CC(C)CC(NC(=O)C(C)NC(=O)CN)C(=O)NC(C(=O)O)C(C)C,-2.13,0.0,1,False,0,1
O=C(O)c1c2ccccc2cc2ccccc12,-3.4174,0.0,1,False,0,1
O=C(O)c1cccc(C(=O)O)c1,-3.2204,0.0,1,False,0,1
C[Si]1O[Si](C)O[Si](C)O[Si](C)O[Si](C)O1,0.5292955703,0.0,1,False,0,1
CCCCN,1.1359,0.0,1,False,0,1
CC(C)NC(=O)c1cc(N2CC2)c([N+](=O)[O-])cc1[N+](=O)[O-],-3.5,0.0,1,False,0,1
CC1(C)C(=O)NC(=O)N1CO,0.8009,0.0,1,False,0,1
COc1cccc(CC(C)NC(C)Cc2ccccc2OC)c1,-3.0,0.0,1,False,0,1
CNC(=O)NC(=O)C(C)(C(=O)OCOC)C1=CCCCC1,-2.42,0.0,1,False,0,1
CCNC(=O)n1cc(F)c(=O)[nH]c1=O,-2.13,0.0,1,False,0,1
OC(CCN1CCCCC1)(c1ccccc1)C1CCCCC1,-5.2,0.0,1,False,0,1
O=C1OC(CO)C(O)C(O)C1O,0.5201,0.0,1,False,0,1
COc1c(O)ccc(C=O)c1N,-0.2232,0.0,1,False,0,1
O=C(CC(=O)c1ccccc1)c1ccccc1,-5.6579029620000005,0.0,1,False,0,1
ClCCCl,-1.08,0.0,1,False,0,1
CC1(C)CON(Cc2ccccc2Cl)C1=O,-2.3383,0.0,1,False,0,1
CCC1(CC)C(=O)NC(=O)N(C)C1=O,-2.1,0.0,1,False,0,1
O=C(O)c1ccccn1,0.892,0.0,1,False,0,1
COC(=O)CNC(=O)c1ccccc1,-1.0556,0.0,1,False,0,1
C/C=C/C(CCC)(C(=O)O)C(CCC)(CCC)C(=O)O,-3.4953596006,0.0,1,False,0,1
O=C([O-])c1ccccc1C(=O)O,0.11504275130000002,0.7156870750847606,2,True,2,2
COC(=O)C1(O)c2ccccc2-c2ccc(Cl)cc21,-4.1836,0.0,1,False,0,1
CN1C(=O)C(Cc2ccc(O)cc2)N(CC(=O)O)C1=O,-0.05,0.0,1,False,0,1
CCCCOCC(C)O,-0.4052379668,0.0,1,False,0,1
CC(C)(C)OC(=O)C1(S(=O)(=O)c2ccc(Cl)cc2)CC1,-4.1206,0.0,1,False,0,1
CC(Oc1ccc(Oc2cnc3cc(Cl)ccc3n2)cc1)C(=O)OC1CCCO1,-5.02,0.0,1,False,0,1
C=CCCCCCCCC,-5.51,0.0,1,False,0,1
Nc1ccccc1[N+](=O)[O-],-1.96,0.0,1,False,0,1
CC(=O)OC1CCC2C3CCC4=CC(=O)CCC4(C)C3CCC12C,-5.184,0.0,1,False,0,1
CCCCOC(=O)/C=C\C(=O)O,-0.6677809794,0.0,1,False,0,1
CC(=O)OCCN1CCN(CCCN2c3ccccc3Sc3ccc(Cl)cc32)CC1,-4.7,0.0,1,False,0,1
CC(=O)CCCCCl,-1.4155738757,0.0,1,False,0,1
CCCCCCC(C/C=C\CCCCCCCC(=O)O)OS(=O)(=O)O,-0.5781,0.0,1,False,0,1
c1ccc2c(c1)ccc1c2ccc2c3ccccc3ccc21,-7.87,0.0,1,False,0,1
O=C(O)/C=C/c1cnc[nH]1,-1.964,0.0,1,False,0,1
OCC1CN2CCN1CC2,0.8470942954,0.0,1,False,0,1
N#CCN(CC#N)CC#N,-1.6475578342,0.0,1,False,0,1
Cc1nn(-c2ccccc2)c(N)c1C,-1.6704,0.0,1,False,0,1
CC(C)OC(=O)C(O)(c1ccc(Br)cc1)c1ccc(Br)cc1,-4.933,0.0,1,False,0,1
CCCCCC(=O)O,-1.0522193787,0.0,1,False,0,1
O=C(/C=C/c1ccccc1)OCc1ccccc1,-4.8207960263,0.0,1,False,0,1
O=C(OCC(=O)N1CCCCC1)c1ccccc1,-2.5011,0.0,1,False,0,1
C=C(CC(=O)O)C(=O)O,-0.2250282975,0.0,1,False,0,1
Nc1ccc(S(=O)(=O)Nc2nccs2)cc1,-2.4248,0.0,1,False,0,1
C=C(OC(C)=O)c1ccccc1,-2.1135953878,0.0,1,False,0,1
O=C(OCC(=O)N1CCCCCC1)c1ccccc1,-2.5421,0.0,1,False,0,1
CCOc1ccccc1NC(=O)c1cc2ccccc2cc1O,-5.1866018088,0.0,1,False,0,1
CCCCCCCCCCOC(=O)c1cccnc1,-3.1901,0.0,1,False,0,1
OCCS,1.1071488253,0.0,1,False,0,1
Cc1cc(O)ccc1S(=O)(=O)O,-0.29,0.0,1,False,0,1
CCOC(=O)[C@@H](C)Oc1ccc(Oc2cnc3cc(Cl)ccc3n2)cc1,-5.9694,0.0,1,False,0,1
COC(=O)C(=O)c1ccccc1,-1.9142373478,0.0,1,False,0,1
CC1=C(CC(=O)O)c2cc(F)ccc2/C1=C\c1ccc([S+](C)[O-])cc1,-4.552,0.0,1,False,0,1
C=C1C(O)CC2CC1C2(C)C,-2.09612479,0.0,1,False,0,1
CCCCCC(CO)Cc1ccccc1,-3.8432685623,0.0,1,False,0,1
N#C/C=C/c1ccccc1,-2.0829703418000003,0.0,1,False,0,1
Nc1ccc2ccc(S(=O)(=O)O)cc2c1,-3.05,0.0,1,False,0,1
CCCCCCCCCCCCCC(=O)O,-5.3293,0.0,1,False,0,1
COC(=O)c1ccc(C)cc1,-2.5767203524,0.0,1,False,0,1
CCCCc1ccc2[n-]nnc2c1,0.4040256561999999,0.0,1,True,1,2
CCCOCCC(=O)OCCC,-1.6848,0.0,1,False,0,1
CCCCCCC(CCCC)COS(=O)(=O)[O-],0.142087324,0.0,1,True,1,2
Cc1cc(=O)oc2c1cc(C)c1oc3c(c12)CCCC3,-5.09,0.0,1,False,0,1
NS(=O)(=O)c1nnc(NS(=O)(=O)c2ccc([N+](=O)[O-])cc2[N+](=O)[O-])s1,-2.91,0.0,1,False,0,1
C=C(C)[C@@H]1CC=C(C)C(=O)C1,-2.0608,0.0,1,False,0,1
CCOC(=O)CCCCCC(=O)OCC,-2.0408,0.0,1,False,0,1
C=C1CCO[C@]2(C(O)C(C)(O)CO)NC(=O)[C@@]1(O)NC2=O,-0.1971,0.0,1,False,0,1
CC(=O)Nc1cccc(O)c1,-1.06,0.0,1,False,0,1
O=c1ncc2nccnc2[nH]1,-2.0,0.0,1,False,0,1
Cc1cc(N)nc(C)n1,-1.2843,0.0,1,False,0,1
CCN(CC)Cc1cc(Nc2ccnc3cc(Cl)ccc23)ccc1O,-5.79,0.0,1,False,0,1
COP(N)(=O)SC,0.8504,0.0,1,False,0,1
Nc1ccc2ccccc2c1N=Nc1ccccc1,-5.916,0.0,1,False,0,1
CC1C(c2ccc(Cl)cc2)SC(=O)N1C(=O)NC1CCCCC1,-5.85,0.0,1,False,0,1
C#CC1(OC(=O)CCCCCC)CCC2C3CCC4=CC(=O)CCC4C3CCC21C,-6.89,0.0,1,False,0,1
COC(=O)/C=C(\C)OP(=O)(OC)OC,0.4276,0.0,1,False,0,1
Cc1cccc(O)c1,-0.662918503,0.0,1,False,0,1
COc1coc(CSP(=O)(OC)OC)cc1=O,0.7286,0.0,1,False,0,1
NC(CSCCCCCSCC(N)C(=O)O)C(=O)O,-2.91,0.0,1,False,0,1
CC(Cc1cccc(CC(C)c2ccc(O)cc2)c1)c1ccc(O)cc1,-6.238635640399999,0.0,1,False,0,1
COc1ccc2c3c1CCCC3CN(C(N)=NO)C2,-1.78,0.0,1,False,0,1
c1cnc2ncncc2n1,0.02,0.0,1,False,0,1
CNC(=O)NC,0.9386362339,0.0,1,False,0,1
CC(C)CN1CCOCC1,-0.7089,0.0,1,False,0,1
Clc1ccc(Oc2ccc(Cl)c(Cl)c2Cl)c(Cl)c1,-7.44,0.0,1,False,0,1
COC(=O)c1c(Cl)c(Cl)c(Cl)c(Cl)c1C#N,-6.73876742745,0.6122125100024938,2,True,2,4
CC(NC(=O)Cc1ccccc1)c1ccccc1,-3.19,0.0,1,False,0,1
CCCCCCCC/C=C\CCCCCCCCOCCO,-2.4949028287,0.0,1,False,0,1
O=C(O)c1cc(C(=O)O)cc(C(=O)O)c1,-1.9422995529,0.0,1,False,0,1
CCCCCCCN,-1.85,0.0,1,False,0,1
CC(CCC(=O)O)C1CCC2C3C(O)CC4CC(O)CCC4(C)C3CCC12C,-4.57,0.0,1,False,0,1
Clc1ccc(-c2cc(Cl)c(Cl)cc2Cl)c(Cl)c1,-7.9503,0.0,1,False,0,1
CC1(C)[C@H](C(=O)O[C@H](C#N)c2cccc(Oc3ccccc3)c2)[C@@H]1C=C(Br)Br,-8.4024,0.0,1,False,0,1
Nc1nc(N)nc(N)n1,-2.800779546025,1.5670681252699463,4,True,3,2
COC(=O)COCO,0.9204425284,0.0,1,False,0,1
CC(=O)OC(OC(C)=O)C(OC(C)=O)OC(C)=O,-2.1,0.0,1,False,0,1
COc1cc(OC)nc(NC(=O)NS(=O)(=O)c2c(Cl)nc3ccccn23)n1,-4.7886,0.0,1,False,0,1
COc1ccc2c3c1OC1C(O)CCC4C(C2)N(C)CCC341,-1.0,0.0,1,False,0,1
COP(=S)(OC)SCN1C(=O)c2ccccc2C1=O,-4.1,0.0,1,False,0,1
CCCCCCCC/C=C\CCCCCCCC(=O)OCC(COC(=O)CCCCCCC/C=C\CCCCCCCC)(COC(=O)CCCCCCC/C=C\CCCCCCCC)COC(=O)CCCCCCC/C=C\CCCCCCCC,-7.378019409199999,0.0,1,False,0,1
C1CC2C3CC(C2C1)C1(CCCO1)C3,-5.941561120199999,0.0,1,False,0,1
CCN1c2ncccc2C(=S)N(C)c2cccnc21,-4.6339999999999995,0.0,1,False,0,1
CC1(C)CC(NCCCCCCNC2CC(C)(C)NC(C)(C)C2)CC(C)(C)N1,-2.350745656,0.0,1,False,0,1
Nc1nc(Cl)nc(Nc2ccc(S(=O)(=O)[O-])c(N/N=C3/C(=O)c4c(cc(S(=O)(=O)[O-])c(N=Nc5cc(S(=O)(=O)[O-])ccc5S(=O)(=O)[O-])c4N)C=C3S(=O)(=O)[O-])c2)n1,-0.5908005839,0.0,1,True,1,6
O=S1(=O)CCCO1,-0.0868756938,0.0,1,False,0,1
Nc1cc(=O)nc(N)[nH]1,-1.378146596,0.0,1,False,0,1
CC(C)=CC1CC(C)CCO1,-2.2244457918,0.0,1,False,0,1
COc1cc(NC(=O)c2cc3ccccc3cc2O)c(OC)cc1Cl,-5.0622701457999995,0.0,1,False,0,1
CCOC(=O)CCSP(=S)(OC(C)C)OC(C)C,-4.2747784981,0.0,1,False,0,1
C=CC(c1ccc(O)cc1)C(C=C)c1ccc(O)cc1,-4.95,0.0,1,False,0,1
CC(=O)OC(C)C,-0.5467680909,0.0,1,False,0,1
COCC(F)F,-0.2836,0.0,1,False,0,1
c1cc(OCC2CO2)cc(N(CC2CO2)CC2CO2)c1,-2.1925611891999996,0.0,1,False,0,1
CCC1(CC)OC(=O)c2cc([N+](=O)[O-])ccc21,-3.66,0.0,1,False,0,1
CCCCCCCCCCCCOC(=O)/C=C/C(=O)OCCCCCCCCCCCC,-6.4797384219000005,0.0,1,False,0,1
O=C(O)CCl,0.9277,0.0,1,False,0,1
Clc1cc(Cl)c(-c2c(Cl)c(Cl)c(Cl)c(Cl)c2Cl)c(Cl)c1Cl,-10.1035,0.0,1,False,0,1
CC(C)C(NCCC#N)C(=O)O,-1.12,0.0,1,False,0,1
CN(C)C(=O)C(CCN1CCC(O)(c2ccc(Cl)cc2)CC1)(c1ccccc1)c1ccccc1,-4.6731215617,0.0,1,True,1,3
CCCCOP(=O)(OCCCC)Oc1ccccc1,-3.4746,0.0,1,False,0,1
O=C(C(F)(F)C(F)(F)F)C(F)(C(F)(F)F)C(F)(F)F,-1.4997434273,0.0,1,False,0,1
c1ccc(N=Nc2ccccc2)cc1,-4.4544,0.0,1,False,0,1
COc1ccc(N)cc1NS(=O)(=O)c1ccc(N)cc1,-5.08,0.0,1,False,0,1
CC(=O)Nc1c(I)c(C(=O)NC2C(O)[C@H](O)C(CO)O[C@@H]2O)c(I)c(N(C)C(C)=O)c1I,-0.1982,0.0,1,False,0,1
Oc1c2ccccc2cc2ccccc12,-4.7329,0.0,1,False,0,1
CC=CC(=O)Nc1ccc(O)cc1,-2.6464,0.0,1,False,0,1
CNC(=O)CSP(=S)(OC)OC,-0.9624,0.0,1,False,0,1
O=c1nc(-c2ccccc2)oc2ccccc12,-4.61,0.0,1,False,0,1
COC(=O)C(NC(=O)C(Cl)Cl)C(C)O,-0.62,0.0,1,False,0,1
Cc1cccc2[nH]c(=S)[nH]c12,-3.13627918,0.0,1,False,0,1
Nc1nc2c(O)cccc2s1,-1.9196,0.0,1,False,0,1
CCCCCCCCOC(N)=O,-3.3,0.0,1,False,0,1
Cc1ccc(C(=O)O)cc1,-2.53,0.0,1,False,0,1
CCCCCCCCc1ccccc1,-6.46,0.0,1,False,0,1
Clc1cc(-c2c(Cl)cc(Cl)c(Cl)c2Cl)cc(Cl)c1Cl,-9.1,0.0,1,False,0,1
CC(C)C(N)C(=O)NC(C(=O)O)C(C)C,-0.4,0.0,1,False,0,1
N=C(N)N,0.716639812725,0.6209775343210567,4,True,4,3
O=C1NC(=O)C(O)(C2(O)C(=O)NC(=O)NC2=O)C(=O)N1,-1.9942,0.0,1,False,0,1
Cc1ncc(CO)c(C=NC(C(=O)O)C(C)C)c1O,-1.6,0.0,1,False,0,1
Cc1ccc(-c2ccc(C)cc2)cc1,-6.0177,0.0,1,False,0,1
CCOP(=S)(OCC)ON=C(C#N)c1ccccc1,-4.862,0.0,1,False,0,1
CCOP(=S)(OCC)SC(CCl)N1C(=O)c2ccccc2C1=O,-5.85,0.0,1,False,0,1
NCCCC[C@H](N)C(=O)O,0.4373479501,0.0,1,True,1,3
CCOC(=O)OCn1cnc2c1c(=O)n(C)c(=O)n2C,-1.86,0.0,1,False,0,1
CC1(C)[C@H](C(=O)O[C@H](C#N)c2cccc(Oc3ccccc3)c2)[C@@H]1/C=C\C(=O)OC(C(F)(F)F)C(F)(F)F,-7.4325,0.0,1,False,0,1
O=[N+]([O-])c1cc(Cl)cc(Cl)c1O,-4.0876,0.0,1,False,0,1
O=[N+]([O-])c1cc(Cl)ccc1Cl,-3.3642253983,0.0,1,False,0,1
CN(C)CCCNC1CC(C)(C)NC(C)(C)C1,0.316191362,0.0,1,False,0,1
O=C([O-])c1cc2ccccc2c(N=Nc2ccc3ccccc3c2S(=O)(=O)[O-])c1[O-],-7.6770043618,0.0,1,True,1,3
Clc1cc(Cl)c(Cl)cc1Cl,-5.47,0.0,1,False,0,1
O=C(Nc1ccc(NC(=O)C2=Cc3ccccc3/C(=N\Nc3cc(Cl)ccc3Cl)C2=O)c(Cl)c1)C1=Cc2ccccc2/C(=N\Nc2cc(Cl)ccc2Cl)C1=O,-7.869298263099999,0.0,1,False,0,1
Ic1cccc(I)c1,-4.518,0.0,1,False,0,1
NCCS(=O)(=O)O,-0.1906,0.0,1,False,0,1
CC(C(=O)O)c1ccc2c(c1)[nH]c1ccc(Cl)cc12,-4.7,0.0,1,False,0,1
CC(=O)C(=O)O,1.0552,0.0,1,False,0,1
COC(=O)/C=C\C(=O)OC,-0.2672048758999999,0.0,1,False,0,1
CCOP(=S)(OCC)SCSC(C)(C)C,-4.755,0.0,1,False,0,1
CN1c2ccccc2Sc2ccc(CC(=O)O)cc21,-3.9422,0.0,1,False,0,1
CC(C)(C)CC(C)(C)c1ccc(O)cc1,-4.4694622333,0.0,1,False,0,1
CC(=O)OC1C(=O)C2(C)C(O)CC3OCC3(OC(C)=O)C2C(OC(=O)c2ccccc2)C2(O)CC(OC(=O)C(O)C(NC(=O)c3ccccc3)c3ccccc3)C(C)=C1C2(C)C,-6.33,0.0,1,False,0,1
CC(=O)OCCC(C)C,-1.8135,0.0,1,False,0,1
C1CCCCCC1,-3.5149,0.0,1,False,0,1
C(=C\CSc1nnc(-c2ccccc2)c(-c2ccccc2)n1)/CSc1nnc(-c2ccccc2)c(-c2ccccc2)n1,-7.025125554700001,0.0,1,False,0,1
CC12CCC3C(=CCc4cc(O)ccc43)C1CCC2O,-4.4,0.0,1,False,0,1
Nc1nc(N)c2nc(N)[nH]c2n1,-1.52,0.0,1,False,0,1
CCc1nc2[nH]c(=O)[nH]c(=O)c2nc1CC,-2.39,0.0,1,False,0,1
O=C(O)C1CCNCC1,0.3840315922999999,0.0,1,True,1,3
O=C(OCc1ccccc1)c1ccccc1,-4.1776244939,0.0,1,False,0,1
Clc1cc(Cl)c(-c2cc(Cl)c(Cl)c(Cl)c2Cl)c(Cl)c1,-8.68,0.0,1,False,0,1
Cc1ccc(N/N=C2\C(=O)C(C(=O)[O-])=Cc3ccccc32)c(S(=O)(=O)[O-])c1,-5.129839827266667,0.8917939707839836,3,True,3,2
CCCCCC1(CC)C(=O)NC(=O)NC1=O,-2.51,0.0,1,False,0,1
NS(=O)(=O)c1cc2c(cc1Cl)NC(C(Cl)Cl)NS2(=O)=O,-3.18,0.0,1,False,0,1
CCC(C)OC(=O)Nc1cccc(Cl)c1,-3.1727,0.0,1,False,0,1
O=C(O)COc1cccc(Cl)c1Cl,-2.8097,0.0,1,False,0,1
CCCCC(=O)OCn1c(=O)[nH]cc(F)c1=O,-1.66,0.0,1,False,0,1
Nc1c(S(=O)(=O)[O-])cc(NC2CCCCC2)c2c1C(=O)c1ccccc1C2=O,-1.2963650985,0.0,1,True,1,2
CC(C)(C)Cl,-1.507,0.0,1,False,0,1
O=C(Cn1cnc([N+](=O)[O-])n1)Nc1cc(C(F)(F)F)ccc1Cl,-5.968106766699999,0.0,1,False,0,1
O=C(O)CCP(=O)(O)c1ccccc1,-0.8283051545000001,0.0,1,False,0,1
CCCCCCCCCC[N+](C)(C)CCCCCCCCCC,-2.9677471262,0.0,1,True,1,2
COC(=O)c1cccnc1,-0.4595508588,0.0,1,False,0,1
CCNP(=S)(OC)OC(C)=CC(=O)OC(C)C,-3.408,0.0,1,False,0,1
O=C(OCC(=O)N(CCO)CCO)c1ccccc1,0.43,0.0,1,False,0,1
CCCCC(CC)C1OCCO1,-3.1195968677,0.0,1,False,0,1
Cc1cccc2c1c(C)cc1cc3ccccc3cc12,-7.9743,0.0,1,False,0,1
COc1ccc2c3c1OC1C(O)C=CC4C(C2)N(C)CCC341,-1.52,0.0,1,False,0,1
N#C[O-],0.56853850025,0.5620390034771184,2,True,2,2
Cc1cc(OC(=O)N(C)C)n(-c2ccccc2)n1,-2.0886,0.0,1,False,0,1
Clc1cccc(-c2cc(Cl)c(Cl)c(Cl)c2Cl)c1Cl,-8.4206,0.0,1,False,0,1
O=C([O-])Cc1ccccc1Nc1c(Cl)cccc1Cl,-1.1742318477,0.0,1,True,1,2
Cc1cccc(N)c1,-0.9508352475,0.0,1,False,0,1
OCc1ccncc1,0.9621,0.0,1,False,0,1
CCC(=O)OCC(=O)C1(OC(=O)CC)C(C)CC2C3CCC4=CC(=O)C=CC4(C)C3(F)C(O)CC21C,-3.77,0.0,1,False,0,1
COc1ccc(N/N=C2/C(=O)c3ccc(Nc4nc(Nc5ccc6c(c5)C=C(S(=O)(=O)[O-])/C(=N/Nc5ccc(OC)cc5S(=O)(=O)[O-])C6=O)nc(N5CCOCC5)n4)cc3C=C2S(=O)(=O)[O-])c(S(=O)(=O)[O-])c1,-1.8252827514,0.0,1,True,1,5
OCC1CC2CC1C1CCC(CO)C21,-1.2515054899,0.0,1,False,0,1
CN=C(NC)N1Cc2cccc3cccc(c23)C1,-1.15,0.0,1,False,0,1
CC(=O)Oc1ccccc1C(=O)OCC(=O)NCC(N)=O,-2.52,0.0,1,False,0,1
C[C@]12CCC(=O)C=C1CC[C@@H]1[C@@H]2C(=O)C[C@]2(C)C(=O)CC[C@@H]12,-3.4843,0.0,1,False,0,1
CC(=O)O[C@@H]1C[C@@H]2CC[C@@]1(C)C2(C)C,-3.4963238418,0.0,1,False,0,1
CCC(Cl)Cl,-1.6217,0.0,1,False,0,1
CN(C)C(=O)Nc1ccc(Cl)c(Cl)c1,-3.7443,0.0,1,False,0,1
CCCCCCCc1ccn(CCC(=O)O)c(=O)c1,-4.4,0.0,1,False,0,1
CCOC(=O)C1=NN(c2ccccc2)C(=O)C1N=Nc1ccc(-c2ccc(N=NC3C(=O)N(c4ccccc4)N=C3C(=O)OCC)c(Cl)c2)cc1Cl,-8.5265601286,0.0,1,False,0,1
O=c1c2ccc3c4c(ccc(c24)c2nc4ccccc4n12)c(=O)n1c2ccccc2nc31,-7.7579945848,0.0,1,False,0,1
Cc1cc(C)c(S(=O)(=O)Nc2nnc(S(N)(=O)=O)s2)c(C)c1,-2.7,0.0,1,False,0,1
COc1cc(-c2ccc(N)c(OC)c2)ccc1N,-3.6098,0.0,1,False,0,1
CCCCCCC(=O)N(C)S(=O)(=O)c1ccc(N(C)C)cc1,-3.68,0.0,1,False,0,1
CC(=O)O[C@H]1CC[C@@]2(C)C(=CC[C@@H]3[C@@H]2CC[C@]2(C)C(=O)CC[C@@H]32)C1,-4.4584,0.0,1,False,0,1
O=C1CN(/N=C/c2ccc([N+](=O)[O-])o2)C(=O)N1,-3.38,0.0,1,False,0,1
CC1(C)OC(=O)c2cc([N+](=O)[O-])ccc21,-3.0516,0.0,1,False,0,1
OCCCCl,0.4223,0.0,1,False,0,1
CCOP(=S)(OCC)Oc1cc(-c2ccccc2)on1,-5.2172,0.0,1,False,0,1
O=C(O)C(=O)C(c1ccccc1)c1ccccc1,-2.3354,0.0,1,False,0,1
CCCCCCOCCO,-1.1694,0.0,1,False,0,1
CCCCC(CC)COC(=O)c1c(Br)c(Br)c(Br)c(Br)c1C(=O)OCC(CC)CCCC,-5.949075231,0.0,1,False,0,1
NCCO,0.9211781660666668,0.25678876871077927,3,True,2,3
CC(C)C1OCC2(CO1)COC(C(C)C)OC2,-3.11,0.0,1,False,0,1
c1ccc(C2=[NH+]CCN2)cc1,-1.1265180752,0.0,1,False,0,1
CON(C)C(=O)Nc1ccc(Br)cc1,-2.895,0.0,1,False,0,1
Cc1ccc(C(=O)O)cc1C,-3.16,0.0,1,False,0,1
COc1cc(N=Nc2c(Br)cc([N+](=O)[O-])cc2[N+](=O)[O-])c(NC(C)=O)cc1N(CCOC(C)=O)CCOC(C)=O,-5.4951202425,0.0,1,False,0,1
CCCCc1ccc(C(=O)O)c(C(=O)O)c1CCCC,-4.4,0.0,1,False,0,1
CCCN(CCC)c1c([N+](=O)[O-])cc(S(=O)(=O)N=S(C)C)cc1[N+](=O)[O-],-4.86,0.0,1,False,0,1
CCC1OC(=O)c2cc(C#N)ccc21,-2.31,0.0,1,False,0,1
Clc1cc(Cl)c(Oc2c(Cl)c(Cl)c(Cl)c(Cl)c2Cl)cc1Cl,-10.1,0.0,1,False,0,1
Cc1cc(C)c(N)cc1C,-1.9549,0.0,1,False,0,1
Clc1cc(Cl)c(-c2ccccc2)c(Cl)c1,-6.06,0.0,1,False,0,1
CN=C(NCC1CCOC1)N[N+](=O)[O-],-0.5694147178,0.0,1,False,0,1
c1cc2ccc3ccc4ccc5ccc6ccc1c1c2c3c4c5c61,-8.83,0.0,1,False,0,1
CC1(C)[C@@H](C(=O)[O-])CC[C@@]1(C)C(=O)[O-],-1.4207,0.0,1,False,0,1
O=C(c1ccccc1)c1ccccc1,-3.882202908,0.0,1,False,0,1
CN1C(=O)CN=C(c2ccccc2)c2cc(Cl)ccc21,-3.71,0.0,1,False,0,1
CCCCCCCCC(=O)OC1CCC2C3CCC4=CC(=O)CCC4C3CCC12C,-5.72,0.0,1,False,0,1
C=COC(=O)C(CC)CCCC,-4.1519109764,0.0,1,False,0,1
CC(C)CNCc1cc2cc(S(N)(=O)=O)oc2s1,-1.33,0.0,1,False,0,1
COc1cc(N=Nc2ccc3cc(S(=O)(=O)[O-])cc(S(=O)(=O)[O-])c3c2)ccc1NC(=O)c1ccc(N=Nc2c([O-])nc(NC#N)nc2O)cc1,-0.8216489824,0.0,1,True,1,4
O=C(C1CCCC1)N(O)C1CCCCC1,-3.16,0.0,1,False,0,1
Cc1ccc2[nH]c(=O)c(=O)[nH]c2c1,-3.0418,0.0,1,False,0,1
Cc1ccc(C2(O)CCN(CCCC(=O)c3ccc(F)cc3)CC2)cc1,-4.35,0.0,1,False,0,1
Cc1c(Cl)cc(-c2ccc(=O)[nH]n2)cc1Cl,-5.5375,0.0,1,False,0,1
CCCCCCNC(=O)C(C)O,-0.9487,0.0,1,False,0,1
Oc1ccc(Cl)c(O)c1,-1.070567643,0.0,1,False,0,1
CCOC(=O)c1c(C)oc(C)c(C(=O)OCC)c1=O,-1.5255,0.0,1,False,0,1
CN(C)C(=O)COC(=O)c1ccccc1O,-1.71,0.0,1,False,0,1
Clc1cccc(Oc2cc(Cl)c(Cl)cc2Cl)c1,-7.27,0.0,1,False,0,1
CCCOC(=O)c1ccccc1,-2.6701,0.0,1,False,0,1
Cc1c(Cl)ccc(OC(C)C(=O)Nc2ccccc2)c1Cl,-7.0057,0.0,1,False,0,1
CCCCCCCC,-5.2382,0.0,1,False,0,1
Cc1cc(O)n(CCC(=O)O)c(=O)c1C(N)=O,-1.6024488726,0.0,1,False,0,1
CC(C)CC(N)C(=O)NC(C(=O)O)C(C)C,-0.17,0.0,1,False,0,1
CCCCCCS(=O)(=O)NS(=O)(=O)CCCCCC,-2.2,0.0,1,False,0,1
C[C@H](N)c1ccccc1,-0.4601924093,0.0,1,False,0,1
CC(=O)C(N=Nc1ccc(-c2ccc(N=NC(C(C)=O)C(=O)Nc3ccccc3C)c(Cl)c2)cc1Cl)C(=O)Nc1ccccc1C,-8.9148440789,0.0,1,False,0,1
CCCCCCCCC(=O)O,-5.635367695766667,3.0275047980601615,3,True,2,4
CCC(C)(C)c1ccc(O)c(C(C)(C)CC)c1,-4.8928048539999995,0.0,1,False,0,1
Clc1cc(Cl)c2nsnc2c1Cl,-4.98,0.0,1,False,0,1
O=C([O-])CSSCC(=O)[O-],0.4596030518,0.0,1,True,1,3
CCCCC1(CCCC)C(=O)NC(=O)NC1=O,-2.8756,0.0,1,False,0,1
CNn1cc(C(=O)O)c(=O)c2cc(F)c(N3CCN(C)CC3)cc21,-3.73,0.0,1,False,0,1
CN(C)c1ccc(C(=O)c2ccc(N(C)C)cc2)cc1,-2.8267,0.0,1,False,0,1
O=C(O)c1ccccc1[N+](=O)[O-],-1.35,0.0,1,False,0,1
Cc1ccccc1NC(=O)C1=Cc2ccccc2/C(=N\Nc2cc(Cl)c(Cl)cc2Cl)C1=O,-7.69430966,0.0,1,False,0,1
CCCC1CC(=O)C=C(C)C1,-1.7725870938,0.0,1,False,0,1
CNC1CN(c2cc3c(cc2F)c(=O)c(C(=O)O)cn3C2CC2)C1,-5.41,0.0,1,False,0,1
CCCCCCCCSc1nc(Nc2cc(C(C)(C)C)c(O)c(C(C)(C)C)c2)nc(SCCCCCCCC)n1,-7.469064653099999,0.0,1,False,0,1
Clc1cnc2cncnc2n1,-0.8749,0.0,1,False,0,1
NC(=O)C(Cl)(Cl)Cl,-1.0966,0.0,1,False,0,1
CC(C)=NNC(=O)NC1c2ccccc2Oc2ccccc21,-4.17,0.0,1,False,0,1
CON(C)C(=O)Nc1ccc(Br)c(Cl)c1,-3.9236,0.0,1,False,0,1
CC(=O)c1c(C)c([N+](=O)[O-])c(C(C)(C)C)c([N+](=O)[O-])c1C,-5.1901,0.0,1,False,0,1
CCCN(CCC)c1c([N+](=O)[O-])cc(C)cc1[N+](=O)[O-],-2.9663,0.0,1,False,0,1
C/C(=C/C(=O)O)C(=O)O,0.7795,0.0,1,False,0,1
CC(=O)OCCS,-1.5,0.0,1,False,0,1
CCCC(=O)OCN1C(=O)NC(c2ccccc2)(c2ccccc2)C1=O,-4.68,0.0,1,False,0,1
O=c1[nH]c2cc(Cl)ccc2o1,-2.66,0.0,1,False,0,1
O=C(O)CC(O)(CC(=O)O)C(=O)Nc1ccccc1,-0.4874,0.0,1,False,0,1
CN1/C(=C(/O)Nc2ccccn2)C(=O)c2ccccc2S1(=O)=O,-4.1586,0.0,1,False,0,1
CC(=O)O[C@]1(C(C)=O)CC[C@H]2[C@@H]3CCC4=CC(=O)CC[C@@H]4[C@H]3CC[C@@]21C,-4.9957539374,0.0,1,False,0,1
COC12C(COC(N)=O)C3=C(C(=O)C(C)=C(N)C3=O)N1CC1NC12,-2.56,0.0,1,False,0,1
CCN1c2cc(OC)cc(C)c2NC(=O)c2cccnc21,-5.153,0.0,1,False,0,1
O=C(O)COc1c(Cl)cccc1Cl,-2.15,0.0,1,False,0,1
CCCCCCCC(C(=O)O)C(=O)O,-2.0411,0.0,1,False,0,1
C[Si](C)(C)O[Si](C)(O[Si](C)(C)C)O[Si](C)(C)C,-5.9360261722,0.0,1,False,0,1
COc1ccc(S(=O)(=O)Nc2nnc(S(N)(=O)=O)s2)cc1,-2.25,0.0,1,False,0,1
O=Nc1c(O)ccc2ccccc12,-2.9374,0.0,1,False,0,1
CN(C)CCOC(c1ccccc1)c1ccccc1,-2.95,0.0,1,False,0,1
CN(C)N=O,1.1303,0.0,1,False,0,1
Cc1ccc(C(C)C)c(O)c1,-2.19,0.0,1,False,0,1
CCCC(=O)OCCC(C)C,-2.9328521233,0.0,1,False,0,1
CC(C)(C)NCc1ccc(S(=O)(=O)c2csc(S(N)(=O)=O)c2)cc1,-1.98,0.0,1,False,0,1
Nc1cccc2cccc(S(=O)(=O)O)c12,-3.07,0.0,1,False,0,1
C=C(C)CCC,-3.033,0.0,1,False,0,1
CC(Cl)C(Cl)(Cl)C(O)O,-0.8666,0.0,1,False,0,1
CCCCNCc1ccc(S(=O)(=O)c2csc(S(N)(=O)=O)c2)cc1,-1.68,0.0,1,False,0,1
CCCCC1CCC(C2CCC(=O)CC2)CC1,-6.3736456351,0.0,1,False,0,1
FC(F)F,-1.2334,0.0,1,False,0,1
O=C1OC2(c3ccc(O)cc3Oc3cc(O)ccc32)c2ccccc21,-3.8226,0.0,1,False,0,1
COC[C@H](N)C(=O)O,0.6524,0.0,1,False,0,1
CCc1ccccc1[N+](=O)[O-],-2.7993,0.0,1,False,0,1
Cc1cc(O)c(C)c(C)c1O,-1.6383266335,0.0,1,False,0,1
COc1ccc2cc(C(C)C(=O)OCCOC(=O)CN3CCOCC3)ccc2c1,-4.3,0.0,1,False,0,1
CN1C(C)(C)CC(OC(=O)CCCCCCCCC(=O)OC2CC(C)(C)N(C)C(C)(C)C2)CC1(C)C,-4.6112212345,0.0,1,True,1,2
COc1cccc(C(=O)O)c1,-1.93,0.0,1,False,0,1
O=[N+]([O-])C(CO)(CO)CO,0.821,0.0,1,False,0,1
CC1CCCCN1CCCOC(=O)c1ccc(Cl)c(Cl)c1,-4.2178,0.0,1,False,0,1
C[C@H](NC(N)=O)C(=O)[O-],-0.9656,0.0,1,False,0,1
Cc1cc2c3ccccc3ccc2c2ccccc12,-6.5715,0.0,1,False,0,1
Clc1ccc(-c2c(Cl)cc(Cl)c(Cl)c2Cl)c(Cl)c1,-7.4721,0.0,1,False,0,1
CC1(C)CC2(CC(C)(C)N1)OC1(CCCCCCCCCCC1)NC2=O,-5.0846644385,0.0,1,False,0,1
N#CCCCCC#N,-0.1309124421,0.0,1,False,0,1
Nc1ccc(-c2ccc(N)c(Cl)c2)cc1Cl,-4.087434765099999,1.1661113382569375,2,True,1,5
NC(Cc1ccccc1)C(=O)O,-1.0657,0.0,1,False,0,1
C=Cc1ccc(O)c(C=C)c1,-3.3940626837,0.0,1,False,0,1
O=[N+]([O-])c1cccc(Br)c1,-1.3054,0.0,1,False,0,1
CC(C)(C)Cc1ccccc1,-4.15,0.0,1,False,0,1
CNC(=S)NC1C(=O)NC(=O)NC1=O,-0.46,0.0,1,False,0,1
Cc1ccc(P(=O)(O)O)c(C)c1,-1.0938,0.0,1,False,0,1
O=C1NCC(=O)N(CC(O)C(O)C(O)CO)c2ccccc21,-1.46,0.0,1,False,0,1
CN(C)c1ccc(O)c2c1CC1CC3C(N(C)C)C(O)=C(C(N)=O)C(=O)C3(O)C(O)=C1C2=O,-0.94,0.0,1,False,0,1
C/C=C\C(=O)O,1.065,0.0,1,False,0,1
C1CC[C@@H]2NCCC[C@H]2C1,-1.0831,0.0,1,False,0,1
O=C(Oc1cccc(N=C=S)c1)c1cccnc1,-4.3,0.0,1,False,0,1
O=C(O)Cc1ccccc1Oc1ccc(Cl)cc1Cl,-4.86,0.0,1,False,0,1
CCCCCCCCCC(C)O,-2.9418,0.0,1,False,0,1
Clc1cc(Cl)c(-c2c(Cl)cc(Cl)c(Cl)c2Cl)c(Cl)c1Cl,-9.1,0.0,1,False,0,1
CCC1(CC)C(=O)NC(=S)NC1=O,-2.32,0.0,1,False,0,1
CC(C)=CC1C(C(=O)OC(C#N)c2cccc(Oc3ccccc3)c2)C1(C)C,-7.5746,0.0,1,False,0,1
O=C(O)c1cccc(Cl)c1[N+](=O)[O-],-2.63,0.0,1,False,0,1
NCCN1CCNCC1,-0.1112860428999999,0.0,1,False,0,1
OC[C@H]1OC2(COC3(CO2)O[C@H](CO)[C@@H](O)[C@@H]3O)[C@@H](O)[C@@H]1O,-0.0058,0.0,1,False,0,1
Nc1nc2c(ncn2C2OC(CO)C(O)C2O)c(=O)[nH]1,-2.74,0.0,1,False,0,1
Clc1ccccc1-c1c(Cl)cccc1Cl,-5.9003,0.0,1,False,0,1
C[C@H]1O[C@@H](O[C@H]2[C@@H](O)C[C@H](O[C@H]3[C@@H](O)C[C@H](O[C@H]4CC[C@@]5(C)[C@H](CC[C@@H]6[C@@H]5C[C@@H](O)[C@]5(C)[C@@H](C7=CC(=O)OC7)CC[C@]65O)C4)O[C@@H]3C)O[C@@H]2C)C[C@H](O)[C@@H]1O,-4.0811,0.0,1,False,0,1
CC[C@@H](C)c1cccc([C@@H](C)CC)c1O,-5.0593,0.0,1,False,0,1
CCCCCOC(N)=O,-1.47,0.0,1,False,0,1
CCOC1=CC(=O)CC(C)C12Oc1c(Cl)c(OC)cc(OC)c1C2=O,-5.0,0.0,1,False,0,1
O=C(O)c1ccccc1CO,-1.5508,0.0,1,False,0,1
CCc1cc(CC)cc(OC(=O)NC)c1,-3.32,0.0,1,False,0,1
CCc1nc2cnc(N)nc2nc1CC,-3.04,0.0,1,False,0,1
O=[N+]([O-])c1cc(Cl)cc(Cl)c1,-3.5843334863,0.0,1,False,0,1
CCOC(=O)C1=C(C)NC(C)=C(C(=O)OC)C1c1cccc(Cl)c1Cl,-5.68,0.0,1,False,0,1
c1ccc2c(c1)c1cccc3ccc4cccc2c4c31,-7.66,0.0,1,False,0,1
CC(=O)OC1(C(C)=O)CCC2C3CCC4=CC(=O)CCC4(C)C3CCC21C,-5.5668107327,0.0,1,False,0,1
Clc1cc(Cl)nc(-c2ccccc2)n1,-4.9544,0.0,1,False,0,1
Nc1ccc([N+](=O)[O-])cc1S(=O)(=O)[O-],-1.7677385178999998,0.0,1,True,1,2
CCCC(CCC)C(=O)NCCCC(=O)O,-1.5,0.0,1,False,0,1
CCNCC(O)c1cccc(O)c1,-3.4541026398000003,0.0,1,False,0,1
CCCCC(CC)C(=O)O,-1.95095608355,0.13145975406149635,2,True,1,2
COC(=O)N(C)C(=O)CSP(C)(=S)OC,-1.9563,0.0,1,False,0,1
CN(C)c1cccc(S(=O)(=O)O)c1,0.2983,0.0,1,False,0,1
CCC(CC)(C(=O)NC(N)=O)C(=O)OCC(=O)OC,-2.01,0.0,1,False,0,1
NNCCO,1.1186,0.0,1,False,0,1
CCCCCC1CCC(c2ccc(CCC)cc2)CC1,-6.7725704235,0.0,1,False,0,1
O=C(O)c1ccccc1C1OC(=O)c2ccccc21,-3.1042,0.0,1,False,0,1
O=C(O)C1CN2CCC1CC2C(O)c1ccnc2ccccc12,-1.94,0.0,1,False,0,1
O=C(O)c1cccc(N=Nc2ccc(O)cc2)c1,-3.85,0.0,1,False,0,1
CC#CCCCC,-2.7695,0.0,1,False,0,1
OC(O)C(Cl)(Cl)Cl,1.0371672978,0.0,1,False,0,1
CCCC(O)CC(C)C,-1.9079,0.0,1,False,0,1
O=C(O)c1ccncc1,-1.3759670992,0.0,1,False,0,1
CCCCNC(=S)N(CCCC)CCCC,-4.1840665057,0.0,1,False,0,1
Cc1cccc2n[n-]nc12,0.6051674279,0.0,1,True,1,2
CC(O)C#N,1.1482586908,0.0,1,False,0,1
Nc1nc(=O)[nH]n1-c1ccccc1,-1.7,0.0,1,False,0,1
CNNC,1.2211,0.0,1,False,0,1
CC(C)N(C)C,1.0597,0.0,1,False,0,1
c1ccc2cc3c(ccc4ccccc43)cc2c1,-7.3854,0.0,1,False,0,1
O=C(O)CCC1CCCC1,-1.7691,0.0,1,False,0,1
CC(=O)Nc1ccc(OC(C)=O)cc1,-1.9076,0.0,1,False,0,1
Cc1ccc([N+](=O)[O-])c([N+](=O)[O-])c1,-3.2604,0.0,1,False,0,1
Cc1cnc(C(=O)NCCc2ccc(S(=O)(=O)NC(=O)NC3CCCCC3)cc2)cn1,-5.49,0.0,1,False,0,1
CC(=O)[c-]1c(=O)cc(C)oc1=O,0.0845613317,0.0,1,True,1,2
NCC(O)CO,1.0404339534,0.0,1,False,0,1
c1ccc2c(c1)Cc1ccccc1-2,-4.91,0.0,1,False,0,1
O=c1cc(-c2ccc(O)c(O)c2)oc2cc(O)cc(O)c12,-3.61,0.0,1,False,0,1
CCCN1Cn2c(nc3ccccc3c2=O)C1C,-2.67,0.0,1,False,0,1
NC(Cc1cccs1)C(=O)O,-0.8356,0.0,1,False,0,1
Nc1ccccc1,-2.3104034809000003,2.0557296303939085,3,True,2,2
C1OCOCO1,0.3717171259,0.0,1,False,0,1
COc1ccc2cc(C(C)C(=O)OCC(N)=O)ccc2c1,-3.93,0.0,1,False,0,1
CC(C)C(CC(=O)O)C(=O)O,-0.4073,0.0,1,False,0,1
CCCCCCCCNC(=O)c1cccnc1,-3.0081,0.0,1,False,0,1
CCCCC(=O)OCn1cnc2c1c(=O)n(C)c(=O)n2C,-2.37,0.0,1,False,0,1
CCI,-1.6009,0.0,1,False,0,1
Brc1ccccc1Br,-3.5,0.0,1,False,0,1
Cc1c(Cl)c(O)c(Cl)c(Cl)c1Cl,-4.6021,0.0,1,False,0,1
CCNC(=S)N1CCN(C(=O)OCC)CC1,-1.79,0.0,1,False,0,1
CCCOc1ccc2c(c1)C(c1ccc(OC)cc1OCC(=O)O)C(C(=O)O)C2c1ccc2c(c1)OCO2,-6.77,0.0,1,False,0,1
O=S(=O)([O-])c1cc(Nc2nc(NCCO)nc(Nc3ccccc3)n2)ccc1/C=C/c1ccc(Nc2nc(NCCO)nc(Nc3ccccc3)n2)cc1S(=O)(=O)[O-],-1.4592143997,0.0,1,True,1,3
CC(C)NC(=O)N1CC(=O)N(c2cc(Cl)cc(Cl)c2)C1=O,-4.3757,0.0,1,False,0,1
COC(=O)C1CC(=O)C(C(=O)OC)CC1=O,-4.1541956574,0.0,1,False,0,1
[N-]=[N+]=NCC(=O)N[C@H](CO)[C@H](O)c1ccc([N+](=O)[O-])cc1,-1.1692,0.0,1,False,0,1
CCCCOP(=O)(OCC)OCCCC,-1.8456,0.0,1,False,0,1
CC1(N)CN(c2cc3c(cc2F)c(=O)c(C(=O)O)cn3C2CC2)C1,-5.62,0.0,1,False,0,1
O=[N+]([O-])c1ccc(C=NO)o1,-2.19,0.0,1,False,0,1
CC12CCCC(C)(CC1)C2=NO,-3.0741522070999996,0.0,1,False,0,1
COc1ccccc1OCC(O)CO,-0.73,0.0,1,False,0,1
CC(C)NC(C)C,0.0362422138,0.0,1,False,0,1
CC(=O)C1=C(C)C2CC3(C1)C(C)CCC3C2(C)C,-4.6134788775999995,0.0,1,False,0,1
O=C1CCc2cccc3c2N1CC3,-1.6365,0.0,1,False,0,1
Cc1ccccc1N,-0.8539252345,0.0,1,False,0,1
CC(=O)OCC1=C(C(=O)O)N2C(=O)[C@@H](N)[C@H]2SC1,-2.6489777216999997,0.0,1,False,0,1
COc1ccc2c(c1O)C13CCN(C)C(C2)C1C=CC(=O)C3,-1.87,0.0,1,False,0,1
CCCCC(CC)CNS(=O)(=O)c1ccc(N=Nc2c(C)c(C#N)c(=O)n(CCCC)c2O)cc1,-8.797313426799999,0.0,1,False,0,1
CCCCCCCCSC(=O)Oc1cc(Cl)nnc1-c1ccccc1,-5.4025,0.0,1,False,0,1
CCCCCCCC/C=C\CCCCCCCCO,-6.785897843300001,0.0,1,True,1,2
CCCCC(=O)[O-],-1.2722,0.0,1,True,1,3
Nc1ccc(S(=O)(=O)Nc2ncc3c(n2)CCCC3)cc1,-3.65,0.0,1,False,0,1
Cc1cc(C)cc(OP(=O)(Oc2cc(C)cc(C)c2)Oc2cc(C)cc(C)c2)c1,-7.312230264299999,0.0,1,False,0,1
O=C(O)c1ccccc1F,-1.39,0.0,1,False,0,1
CCC(CC)c1cccc(OC(=O)NC)c1,-3.947,0.0,1,True,1,2
Nc1ccc2ccccc2c1S(=O)(=O)O,-1.7,0.0,1,False,0,1
CC(c1cc2ccccc2s1)N(O)C(N)=O,-3.37,0.0,1,False,0,1
OC(c1ccc(F)cc1)(c1cncnc1)c1ccccc1Cl,-4.083,0.0,1,False,0,1
COc1cc2nc(N3CCN(C(=O)c4ccco4)CC3)nc(N)c2cc1OC,-5.09,0.0,1,False,0,1
C=CCOC(=O)COc1ccccc1,-2.5363732086,0.0,1,False,0,1
O=C(CCCCl)c1ccc(F)cc1,-2.7226339225,0.0,1,False,0,1
O=C(O)c1ccc(Br)c([N+](=O)[O-])c1,-2.9677,0.0,1,False,0,1
O=C(OCC(=O)N1CCCC1C(=O)O)c1ccccc1,-1.59,0.0,1,False,0,1
CCCCCCCCCCNC(=O)NC12CC3CC(CC(C3)C1)C2,-5.83,0.0,1,False,0,1
O=C1c2cccc(S(=O)(=O)O)c2C(=O)c2c1cccc2S(=O)(=O)O,1.2572,0.0,1,False,0,1
CC(=O)N(C)CCOC(=O)c1ccccc1,-0.8494,0.0,1,False,0,1
CCCCOC1=CC(=O)CC(C)C12Oc1c(Cl)c(OC)cc(OC)c1C2=O,-4.7,0.0,1,False,0,1
CCC(C)c1ccccc1O,-2.0123777928999997,0.0,1,False,0,1
C[N+](CCO)(CCO)CCO,0.3926664196,0.0,1,True,1,2
O=C1C=Cc2cc(S(=O)(=O)[O-])ccc2/C1=N\Nc1ccc(S(=O)(=O)[O-])cc1,-1.3767469152,0.0,1,True,1,3
CCCC(Cl)CCCC(Cl)CCC(Cl)CCC(Cl)CCC(Cl)CCCC(Cl)CCC,-7.9658105639,0.0,1,False,0,1
Cn1cc(I)ccc1=O,-0.0094,0.0,1,False,0,1
FC(F)OC(Cl)C(F)(F)F,-1.6157,0.0,1,False,0,1
Cc1cc(O)c(C(=O)O)cc1Cl,-3.1248,0.0,1,False,0,1
Cc1ncc([N+](=O)[O-])n1CCO,-1.21,0.0,1,False,0,1
C[C@]12CC[C@@H]3c4ccc(O)cc4CC[C@H]3[C@@H]1CC[C@H]2O,-4.8441,0.0,1,False,0,1
COc1cc(NS(=O)(=O)c2ccccc2)c2c(c1N)C(=O)c1ccccc1C2=O,-2.3558504459000003,0.0,1,False,0,1
O=C1Nc2ccc(Cl)cc2C(c2ccccc2)=NC1O,-3.952,0.0,1,False,0,1
CC(C)=CCl,-1.9569,0.0,1,False,0,1
CC1CCCO1,0.2069,0.0,1,False,0,1
Cc1ccc2ccc(C)nc2c1,-1.9424,0.0,1,False,0,1
Clc1cc(Cl)c(-c2ccccc2Cl)cc1Cl,-7.2505,0.0,1,False,0,1
COc1ccc2cc([C@H](C)C(=O)O)ccc2c1,-4.5,0.0,1,False,0,1
O=S(=O)(CCCl)CCS(=O)(=O)CCCl,-1.4486,0.0,1,False,0,1
O=C1NCCN1CCO,0.8776773261,0.0,1,False,0,1
O=[N+]([O-])c1ccc([N+](=O)[O-])c(O)c1,-2.6796,0.0,1,False,0,1
COP(=O)(OC)OC1=C(Cl)CC2C=CC12,-2.0566,0.0,1,False,0,1
CN(C)CCCN1c2ccccc2Sc2ccc(Cl)cc21,-5.07,0.0,1,False,0,1
CCCCn1c(=O)c2c(ncn2C)n(C)c1=O,-1.6252,0.0,1,False,0,1
O=c1nc([N+](=O)[O-])[nH][nH]1,-0.8786253202,0.0,1,False,0,1
CCNc1nc(Cl)nc(NCC(=O)OCC)n1,-2.9374,0.0,1,False,0,1
COC1=C(OC)C2C(=O)OCC2C=C1,-1.899,0.0,1,False,0,1
O=C(COC(=O)c1ccccc1)NC(CO)(CO)CO,-1.27,0.0,1,False,0,1
Fc1ccc(I)cc1,-3.1257,0.0,1,False,0,1
COC(=O)C1=C(C)NC(C)=C(C(=O)OC)C1c1ccccc1[N+](=O)[O-],-4.76,0.0,1,False,0,1
CC(CC=O)CC(C)(C)C,-2.6759065954,0.0,1,False,0,1
O=c1[nH]cncc1Br,-0.4471,0.0,1,False,0,1
Cc1cc(C(C)(C)C)c(O)c(C(C)(C)C)c1,-5.4623112879999995,0.0,1,False,0,1
COc1cccc(OC)c1O,-0.9525,0.0,1,False,0,1
O=C1CCCO1,1.0650472922,0.0,1,False,0,1
CC(C)(C)N(CC(=O)c1ccc(O)c(CO)c1)Cc1ccccc1,-1.3487765491,0.0,1,True,1,3
C[C@@H]1C[NH2+][C@@H](C)C[NH2+]1,0.4864,0.0,1,False,0,1
O=c1cnc2c(=O)[nH]c(=O)[nH]c2[nH]1,-3.34,0.0,1,False,0,1
CCC1CCC(CCC(=O)O)C1,-3.2861163139999996,0.0,1,False,0,1
Cc1ncc(CO)c(CO)c1O,-0.1117125827999999,0.0,1,True,1,3
CC/C=C/CCOC(=O)OC,-3.0698306477,0.0,1,False,0,1
O=C(Nc1ccccc1)C(O)COc1ccccc1,-2.41,0.0,1,False,0,1
OCC(O)CO,1.0357686635,0.0,1,False,0,1
O=c1c2ccccc2c(=O)c2c1ccc1[nH]c3c(ccc4c(=O)c5ccccc5c(=O)c43)[nH]c12,-7.946874563300001,0.0,1,False,0,1
COc1ccc2cc(C(C)C(=O)OCC(=O)N(CCO)CCO)ccc2c1,-2.96,0.0,1,False,0,1
C1CCCCCCC1,-4.1524,0.0,1,False,0,1
CC(=O)Nc1ccc2c(c1)C=C(S(=O)(=O)[O-])/C(=N/Nc1ccc(S(=O)(=O)CCOS(=O)(=O)[O-])cc1)C2=O,-0.3963934895,0.0,1,True,1,3
COC(C)OC,1.0452,0.0,1,False,0,1
O=C1NCCN1/N=C/c1ccc([N+](=O)[O-])o1,-3.3572,0.0,1,False,0,1
Cc1ccccc1C,-2.8191677601,0.0,1,False,0,1
CCOc1ccc(C(=O)OCCNC(C)c2ccccc2)cc1,-1.49,0.0,1,False,0,1
CCCCC(CC)COC(=O)OOC(C)(C)C,-4.6599585126,0.0,1,False,0,1
O=C(CC(CP1(=O)Oc2ccccc2-c2ccccc21)C(=O)OCCO)OCCO,-4.4617795617,0.0,1,False,0,1
NCCCCCCNCCCCCCCCCCC(=O)O,-2.3017,0.0,1,False,0,1
COc1cc(O)c(C(=O)c2ccccc2)cc1S(=O)(=O)[O-],-0.022384851,0.0,1,True,1,2
Cc1cc(O)ccc1OP(=O)(Oc1cc(O)ccc1C)Oc1c(C)cccc1O,-6.7,0.0,1,False,0,1
CCCCC(=O)OC,-1.3606,0.0,1,False,0,1
Clc1ccc(-c2cc(Cl)c(Cl)c(Cl)c2)c(Cl)c1,-8.55,0.0,1,False,0,1
C=C(C)C(=O)NCOC,0.7919653131000001,0.0,1,False,0,1
CCOC(=S)SSC(=S)OCC,-4.9432,0.0,1,False,0,1
O=[N+]([O-])C(Cl)([N+](=O)[O-])[N+](=O)[O-],-1.9259,0.0,1,False,0,1
CCCCCCCCCCCCC(=O)O,-3.8126,0.0,1,False,0,1
COC(C)COC(C)CO,0.8292,0.0,1,False,0,1
Cc1c(Nc2nc(Cl)nc(Nc3ccccc3S(=O)(=O)[O-])n2)c(C)c(S(=O)(=O)[O-])c(C)c1Nc1cc(S(=O)(=O)[O-])c(N)c2c1C(=O)c1ccccc1C2=O,-0.4244279852,0.0,1,True,1,4
CC(=O)O[C@H]1CC[C@H]2[C@@H]3CC[C@H]4CC(=O)C[C@H](C)[C@]4(C)[C@H]3CC[C@]12C,-5.0925589945,0.0,1,False,0,1
N[C@@H](CCO)C(=O)O,0.924,0.0,1,False,0,1
Clc1ccccn1,-0.7541456686,0.0,1,False,0,1
O=C(O)c1ccc(I)cc1,-3.9631,0.0,1,False,0,1
COCCOCCOC,0.8454562496,0.0,1,False,0,1
CCCOCC(=Nc1ccc(Cl)cc1C(F)(F)F)n1ccnc1,-4.44,0.0,1,False,0,1
c1ccc2cnncc2c1,-0.4155,0.0,1,False,0,1
CCCCOC(=O)C(C)OC(=O)C(C)O,-1.3752,0.0,1,False,0,1
COC(=O)C1C(OC(=O)c2ccccc2)CC2CCC1N2C,-2.23,0.0,1,False,0,1
CCC(SC(CC)C(=O)O)C(=O)O,-0.71,0.0,1,False,0,1
CN(CC(=O)O)C(=S)SCc1ccccc1,-3.23,0.0,1,False,0,1
O=NN(c1ccccc1)c1ccccc1,-3.7531,0.0,1,False,0,1
CCOC(=O)c1ccc(N=CN(C)c2ccccc2)cc1,-5.4507770249,0.0,1,False,0,1
C/C=C/CC,-2.5449048057,0.0,1,False,0,1
Cc1cc(C2(c3ccc(NNC4=C(S(=O)(=O)[O-])C=C5C=CC(=O)C=C5C4=O)c(C)c3)CCCCC2)ccc1NNC1=C(S(=O)(=O)[O-])C=C2C=CC(=O)C=C2C1=O,-0.8547884607999999,0.0,1,True,1,3
CCC(C)C(NCCC#N)C(=O)O,-0.98,0.0,1,False,0,1
O=C(O)CC(CC(=O)O)C(=O)O,0.275,0.0,1,False,0,1
CCF,-1.3477,0.0,1,False,0,1
CC(O)CN(CCCN(C)C)CCCN(C)C,0.6101059749000001,0.0,1,False,0,1
O=C1/C(=N/Nc2ccc(S(=O)(=O)CCOS(=O)(=O)[O-])cc2)C(S(=O)(=O)[O-])=Cc2cc(S(=O)(=O)[O-])cc(Nc3nc(Cl)nc(Nc4cccc(S(=O)(=O)[O-])c4)n3)c21,-0.903187957,0.0,1,True,1,5
C/C(=C\C(=O)O)C(=O)O,-0.6940000000000001,0.0,1,False,0,1
O=C1CC=CS1,-0.2225,0.0,1,False,0,1
COCC(C)OC(=O)Oc1ccc(NC(C)=O)cc1,-2.48,0.0,1,False,0,1
O=c1cccc2n1CC1CNCC2C1,0.36,0.0,1,False,0,1
C=CCCCCCCCCC(=O)N(CCO)CCO,-2.7615135856,0.0,1,False,0,1
O=S(=O)(Nc1ccc(Br)cc1Br)c1ccccc1,-5.01,0.0,1,False,0,1
CC(=O)CCCC(C)CCCC(C)CCCC(C)C,-5.4746775177,0.0,1,False,0,1
Cc1nnc(SCC2=C(C(=O)O)N3C(=O)C(NC(=O)Cn4cnnn4)C3SC2)s1,-2.62,0.0,1,False,0,1
COc1cc(NC(=O)c2cccnc2)c2ncccc2c1,-4.4461,0.0,1,False,0,1
CCCCCCCCCCCCCC[N+](C)(C)CCCCCCCCCCCCCC,-3.3750249603,0.0,1,True,1,2
O=[N+]([O-])NC1=NCCN1Cc1ccc(Cl)nc1,-2.6223,0.0,1,False,0,1
Clc1ccc(Oc2cccc(Cl)c2Cl)c(Cl)c1,-6.65,0.0,1,False,0,1
Cc1[nH]c(C)c(Cl)c(=O)c1Cl,-4.2834,0.0,1,False,0,1
C=C[C@H]1CN2CC[C@H]1C[C@@H]2[C@@H](O)c1ccnc2ccc(OC)cc12,-2.8121429702999996,0.0,1,False,0,1
O=Cc1cccc([N+](=O)[O-])c1,-1.98,0.0,1,False,0,1
COc1ccc(Cc2nccc3cc(OC)c(OC)cc23)cc1OC,-3.87,0.0,1,False,0,1
CC(CCOS(=O)(=O)c1ccccc1)[N-]c1ccc([N-]C(C)CCOS(=O)(=O)c2ccccc2)c2c1C(=O)c1ccccc1C2=O,-0.4376461111999999,0.0,1,True,1,3
O=c1cc[nH]c2ccccc12,-1.481,0.0,1,False,0,1
N#Cc1c[nH]cc1-c1cccc2c1OC(F)(F)O2,-5.1395,0.0,1,False,0,1
CCCCC(CC)COCC1CO1,-3.1148651614999996,0.0,1,False,0,1
Clc1cc(Oc2c(Cl)ccc(Cl)c2Cl)c(Cl)c(Cl)c1Cl,-8.89,0.0,1,False,0,1
CC(O)(C(=O)O)c1ccccc1,-0.8949,0.0,1,False,0,1
O=C1NC(=O)C2(CCCCC2)C(=O)N1,-3.06,0.0,1,False,0,1
ClC(Cl)=CC(Cl)=C(Cl)Cl,-4.23,0.0,1,False,0,1
c1ccc(-c2ccc(-c3ccccc3)cc2)cc1,-6.183335848,0.0,1,False,0,1
CCCCCCCCCCC(CO)CCCCCCCC,-6.4750243489,0.0,1,False,0,1
CS(=O)(=O)Nc1ccc([N+](=O)[O-])cc1Oc1ccccc1,-4.49,0.0,1,False,0,1
C#CCCCC#C,-1.747,0.0,1,False,0,1
CCC(C)CC(O)CC,-1.8602,0.0,1,False,0,1
CCCCC(CC)COC(=O)CCC(=O)OCC(CC)CCCC,-7.835715931,0.0,1,False,0,1
NCCNCCN,0.9864,0.0,1,False,0,1
Cn1ccc(=O)[nH]c1=O,-0.7998,0.0,1,False,0,1
CCCC=O,-0.1590074228,0.0,1,False,0,1
O=C(O)CCC(=O)C(=O)O,0.6148800726,0.0,1,False,0,1
CC(C(=O)O)C(C)(C)CCC(=O)O,-1.5265,0.0,1,False,0,1
C/C=C/C(=O)C1=C(C)C=CCC1(C)C,-3.0052489876,0.0,1,False,0,1
Cc1ccc(Cl)cc1N,-2.0718850743,0.0,1,False,0,1
N#Cc1ccccc1,-1.7123,0.0,1,False,0,1
CCCCCCCC(OC)OC,-2.9180054187,0.0,1,False,0,1
CN(C)C(=S)[S-],-2.5409109191,4.18296527511264,2,True,2,3
CC(C)(O)CC(C)(O)c1cccc2ccccc12,-3.2419,0.0,1,False,0,1
CNS#CNCO,-0.0798,0.0,1,False,0,1
OC(=S)c1cccnc1,-1.3801,0.0,1,False,0,1
Cc1cc(C(C)(C)C)c(O)c(C)c1Cn1c(=O)n(Cc2c(C)cc(C(C)(C)C)c(O)c2C)c(=O)n(Cc2c(C)cc(C(C)(C)C)c(O)c2C)c1=O,-7.5440264742,0.0,1,False,0,1
C=CN(C)N=O,-0.4579,0.0,1,False,0,1
ClCCN(Cl)CCCl,-1.9203,0.0,1,False,0,1
CCOC(=O)COC(=O)c1cc(Oc2ccc(C(F)(F)F)cc2Cl)ccc1[N+](=O)[O-],-5.8729,0.0,1,False,0,1
COc1ccc(C(=O)c2cccc(C)c2)cc1C,-5.0797,0.0,1,False,0,1
Clc1ccc(Oc2ccc(Cl)c(Cl)c2Cl)cc1Cl,-7.67,0.0,1,False,0,1
OCC(S)CS,-0.1547,0.0,1,False,0,1
FC(F)(F)C(F)(F)F,-2.4239072122,0.0,1,False,0,1
NC(=O)CNC(=O)CNC(=O)OCc1ccccc1,-2.35,0.0,1,False,0,1
NS(=O)(=O)c1nc2ccc(O)cc2s1,-2.5,0.0,1,False,0,1
CCC(C)[N+](=O)[O-],-0.62,0.0,1,False,0,1
CCCNC(=O)NS(=O)(=O)c1ccc(Cl)cc1,-3.25,0.0,1,False,0,1
CCC(=O)Nc1ccc(Cl)c(Cl)c1,-2.9864,0.0,1,False,0,1
C1CCN2CC3CC(CN4CCCCC34)C2C1,-1.89,0.0,1,False,0,1
c1ccc2c(c1)CC1COCOC21,-1.6560932729,0.0,1,False,0,1
CC(=O)Nc1ccc(OC(=O)c2ccccc2OC(C)=O)cc1,-4.1949,0.0,1,False,0,1
C[C@@H]1CO1,0.8380333836,0.0,1,False,0,1
N#CC1CCCC1=O,-0.3567,0.0,1,False,0,1
CC1CC2C(C(O)CC3(C)C2CCC3(O)C(=O)COC(=O)CCC(=O)O)C2(C)C=CC(=O)C=C12,-4.2,0.0,1,False,0,1
Clc1ccc2cccc(Cl)c2c1,-5.92,0.0,1,False,0,1
O=C([O-])CCC(=O)[O-],0.0914,0.0,1,True,1,3
CC(=O)C(N=Nc1cc(C(=O)Nc2cccc(Cl)c2C)ccc1Cl)C(=O)Nc1cc(Cl)c(NC(=O)C(N=Nc2cc(C(=O)Nc3cccc(Cl)c3C)ccc2Cl)C(C)=O)cc1C,-7.9717711074,0.0,1,False,0,1
O=[N+]([O-])c1ccccc1,-1.8,0.0,1,False,0,1
Nc1ccc(Cl)cc1C(F)(F)F,-2.2934813757,0.0,1,False,0,1
C/C(Br)=C/C(=O)O,-0.6,0.0,1,False,0,1
CCCCCCCCCCCCC1CO1,-5.9846848009,0.0,1,False,0,1
CCCCCCCCCCCCCCCC[N+](C)(C)C,-3.1249455224,0.0,1,True,1,2
O=C1Cc2c(ccc3ccccc23)O1,-2.7078,0.0,1,False,0,1
CCCCCOC(=O)CC,-2.2505224040000003,0.0,1,False,0,1
CC1OC(C)OC(C)O1,-0.0719,0.0,1,False,0,1
COc1ccccc1N,-0.9443240129,0.0,1,False,0,1
C/C=C/C,-3.304654308,1.9306691303528007,2,True,1,2
NS(=O)(=O)c1cc2c(cc1Cl)CN(C1CCCCC1)C2=O,-4.3128,0.0,1,False,0,1
OCCOc1ccc2ccccc2c1,-2.7142946902,0.0,1,False,0,1
CCCC(CC)COC(=O)CCc1cc(C(C)(C)C)c(O)c(C(C)(C)C)c1,-7.098737149600001,0.0,1,False,0,1
C#CC1(O)CCC2C3CCC4=CC(=O)CCC4(C)C3CCC21C,-5.66,0.0,1,False,0,1
CC(C)CC(NC(=O)CNC(=O)CN)C(=O)O,-0.11,0.0,1,False,0,1
CON(C(=O)c1cc(C)oc1C)C1CCCCC1,-2.92,0.0,1,False,0,1
CCC1CCCCN1,-1.5,0.0,1,False,0,1
CC(=O)C=C(C)C,-0.560826234,0.0,1,False,0,1
Cc1ccc(C(=O)OCCCl)cc1N/N=C1/C(=O)C(C(=O)Nc2cc(C)c(NC(=O)C3=Cc4ccccc4/C(=N/Nc4c(C)cccc4C(=O)OCCCl)C3=O)cc2C)=Cc2ccccc21,-7.814241028500001,0.0,1,False,0,1
CC(=O)N1CCN(C(=O)/C=C/c2ccc(Sc3ccc4[nH]ccc4c3)c(Cl)c2)CC1,-2.74,0.0,1,False,0,1
Cc1cc(OC(=O)N(C)C)n(C(C)C)n1,0.6752,0.0,1,False,0,1
CCN(CC)C(=O)COC(=O)c1ccccc1,-2.0706,0.0,1,False,0,1
c1ccc(Cc2ccccc2)cc1,-4.17,0.0,1,False,0,1
NC(CCCC(=O)O)C(=O)O,-1.8648,0.0,1,False,0,1
CCCCCCOc1ccc(-c2nc(-c3ccccc3)nc(-c3ccccc3)n2)c(O)c1,-9.1518109699,0.0,1,False,0,1
CNC(=O)Oc1cccc2c1OC(C)(C)O2,-2.9338,0.0,1,False,0,1
CC1(C)S[C@@H]2[C@H](NC(=O)[C@H](N)c3ccccc3)C(=O)N2[C@H]1C(=O)O,-1.5390164423,0.0,1,False,0,1
Cc1ccc(C(=O)O)cc1[N+](=O)[O-],-2.8480980227,0.0,1,False,0,1
CCCCC,-3.006984006,0.0,1,False,0,1
CC(O)C(N)=O,0.9435,0.0,1,False,0,1
CCCCCCCCC(C)C=O,-4.0270844645,0.0,1,False,0,1
CCCCCCCC(=O)OCSc1ncnc2[nH]cnc12,-4.62,0.0,1,False,0,1
CCOC(N)=O,0.7314,0.0,1,False,0,1
O=C(O)c1cc(=O)[nH]c(=O)[nH]1,-1.93,0.0,1,False,0,1
NC(=O)N/N=C/c1ccc([N+](=O)[O-])o1,-2.98,0.0,1,False,0,1
NS(=O)(=O)c1ccc(NC(=S)Nc2ccc(F)cc2)cc1,-2.9899599683999996,0.0,1,False,0,1
C=CCCCC,-3.2261,0.0,1,False,0,1
C=CCCCCC=C,-4.0232731502,0.0,1,False,0,1
CC(=O)CC(=O)Nc1ccc2[nH]c(=O)[nH]c2c1,-2.522680786,0.0,1,False,0,1
CCNc1nc(NC(C)(C)C)nc(SC)n1,-3.9847,0.0,1,False,0,1
C=C[Si](C)(OC)OC,0.5776235848,0.0,1,False,0,1
CC12CCC(=O)C=C1C=CC1C2CCC2(C)C1CCC2(O)CCC(=O)O,-5.17,0.0,1,False,0,1
Nc1c(S(=O)(=O)O)cc(Nc2ccc(S(=O)(=O)O)c(Nc3nc(Cl)nc(Cl)n3)c2)c2c1C(=O)c1ccccc1C2=O,0.1956,0.0,1,False,0,1
COc1ccc([N+](=O)[O-])cc1N,-1.8832793564,0.0,1,False,0,1
O=C(O)c1ccccc1C(=O)Nc1cccc2ccccc12,-3.1633,0.0,1,False,0,1
O=C1OCC(CO)O1,0.9277942328,0.0,1,False,0,1
CCN1C(=O)c2cccnc2N(CC)c2ncccc21,-2.86,0.0,1,False,0,1
CCC(CC)COC(C)=O,-1.3528,0.0,1,False,0,1
CN(C(=O)NC(C)(C)c1ccccc1)c1ccccc1,-3.3495,0.0,1,False,0,1
Cc1ccc(O)c(I)c1,-2.4662,0.0,1,False,0,1
Cc1cccc(Nc2ccccc2C(=O)O)c1C,-4.0815,0.0,1,False,0,1
CC(C)CC(NC=O)C(=O)O,-0.7328,0.0,1,False,0,1
COc1cc(OC)c(NC(=O)C2=Cc3ccccc3/C(=N\Nc3cc(C(=O)Nc4ccc(C(N)=O)cc4)ccc3OC)C2=O)cc1Cl,-7.8662401992,0.0,1,False,0,1
CC(C)OC(=O)C1(S(=O)(=O)c2ccc([N+](=O)[O-])cc2)CC1,-4.2605,0.0,1,False,0,1
Nc1ccc(O)c(C(=O)O)c1,-2.26,0.0,1,False,0,1
NCC(O)c1ccccc1,-0.4764,0.0,1,False,0,1
Cc1onc(-c2ccccc2)c1-c1ccc(S(N)(=O)=O)cc1,-4.52,0.0,1,False,0,1
CC(C)OCCO,-0.0176551044,0.0,1,False,0,1
Cc1ccc2ccccc2c1[N+](=O)[O-],-4.27,0.0,1,False,0,1
OCc1cncs1,0.5257355357,0.0,1,False,0,1
CC(C)CC(CC(C)C)(CC(C)C)C(=O)NO,-4.0,0.0,1,False,0,1
CCOC(=O)CC1(C)CCC(=O)O1,-0.7472,0.0,1,False,0,1
CCCCCCCCCCCCCCCCCC(=O)NCCNCCNC(=O)CCCCCCCCCCCCCCCCC,-7.138082494500001,0.0,1,True,1,4
O=C1C=C/C(=N\Nc2cc(S(=O)(=O)[O-])cc3cc(S(=O)(=O)[O-])cc(O)c23)C(O)=C1,-1.3075465248,0.0,1,True,1,6
CCC(C)(C)NC(N)=O,-1.0142,0.0,1,False,0,1
CCC(CC)(C(=O)NC(N)=O)C(=O)OC(C)C,-2.77,0.0,1,False,0,1
O=[N+]([O-])O[C@H]1CO[C@H]2[C@@H]1OC[C@H]2O[N+](=O)[O-],-2.6328,0.0,1,False,0,1
CCCCCC1COCCC1OC(C)=O,-2.9987958882999997,0.0,1,False,0,1
Cc1cc(Cl)ccc1NC(=S)N(C)C,-3.6604,0.0,1,False,0,1
C/C=C/CCC1CCCC(=O)O1,-1.4887262913,0.0,1,False,0,1
CCCCCCC(C)OC(=O)COc1nc(F)c(Cl)c(N)c1Cl,-6.43,0.0,1,False,0,1
COP(=S)(Oc1cc(Cl)c(Br)cc1Cl)c1ccccc1,-7.1379,0.0,1,False,0,1
CC1CCC2(CCC(C)O2)O1,-0.4487,0.0,1,False,0,1
CCN(c1ccccc1)c1nc(Cl)nc(Nc2cc(S(=O)(=O)[O-])cc3cc(S(=O)(=O)[O-])c(N=Nc4ccc5c(S(=O)(=O)[O-])cccc5c4S(=O)(=O)[O-])c(O)c23)n1,-0.5025263499,0.0,1,True,1,5
CCC(C)(C)c1ccc(O)cc1,-2.9902,0.0,1,False,0,1
CCOC(C)(C)C,-0.9302,0.0,1,False,0,1
COc1ccc(N=Nc2ccc(N=Nc3cccc(S(=O)(=O)[O-])c3)cc2OC)cc1,-0.8354591701,0.0,1,True,1,2
COc1ccc(C(=O)c2ccccc2O)c(O)c1,-7.2738841077,0.0,1,False,0,1
O=C([O-])C(O)C(O)C(=O)[O-],-1.3206370234500002,2.4489842649283657,2,True,2,3
NC(=O)Cc1ccc(-c2ccccc2)cc1,-3.33,0.0,1,False,0,1
CCOC(=O)C(C)Oc1cccc(Oc2nc3ccc(Cl)cc3s2)c1,-5.6739999999999995,0.0,1,False,0,1
CC(=O)OC1(C)CCC2C3CCC4=CC(=O)CCC4(C)C3CCC21C,-5.28,0.0,1,False,0,1
Clc1ccc(Oc2ccc(Cl)cc2Cl)c(Cl)c1,-6.82,0.0,1,False,0,1
NC(=O)c1ccc(Cl)c(N)c1,-1.976703976,0.0,1,False,0,1
Clc1cc(Cl)c(-c2c(Cl)c(Cl)cc(Cl)c2Cl)cc1Cl,-8.94,0.0,1,False,0,1
O=C(O)CCC(C(=O)O)N(CC(=O)O)CC(=O)O,0.0436038038999999,0.0,1,False,0,1
CNc1ncc2nccnc2n1,-1.7124,0.0,1,False,0,1
O=C(O)CNC(=S)SCC(=O)O,-1.3011,0.0,1,False,0,1
CN(C)NC(=O)CCC(=O)O,-0.2046,0.0,1,False,0,1
O=c1nc[nH]c2nccnc12,-1.4716,0.0,1,False,0,1
CC/C(C)=N/O,0.0599,0.0,1,False,0,1
Clc1cc(Cl)c(Oc2ccccc2Cl)cc1Cl,-7.0,0.0,1,False,0,1
COC(=O)C1(S(=O)(=O)c2ccccc2)CCCCC1,-3.85,0.0,1,False,0,1
Clc1ccc(Oc2cc(Cl)c(Cl)c(Cl)c2Cl)c(Cl)c1Cl,-9.12,0.0,1,False,0,1
CC1(C)C2CC=C(CCC=O)C1C2,-3.4657606101,0.0,1,False,0,1
FC(F)(F)N1C(F)(F)C(F)(F)OC(F)(F)C1(F)F,-5.5960586261000005,0.0,1,False,0,1
CCCCC(CC)COP(=O)(O)OCC(CC)CCCC,-3.3623020198,0.0,1,False,0,1
C1=CCCCC1,-2.7104664382,0.0,1,False,0,1
Clc1ccc(-c2ccc(Cl)c(Cl)c2)cc1,-6.5541,0.0,1,False,0,1
CC1CCCC(C)N1C(=O)COC(=O)c1ccccc1,-3.26,0.0,1,False,0,1
O=C(O)/C(S)=C/C1CCCCC1,-2.67,0.0,1,False,0,1
CCCN(CC)CC1COC2(CCC(C(C)(C)C)CC2)O1,-2.8014,0.0,1,False,0,1
CC12CCC(=O)C=C1CCC1C2CCC2(C)C(OC(=O)C(CO)CO)CCC12,-4.25,0.0,1,False,0,1
C#CCC(NC(=O)OC(C)(C)C)C(=O)NCC(=O)OC,-1.45,0.0,1,False,0,1
CC(=O)Nc1ccc(S(N)(=O)=O)cc1,-1.6066,0.0,1,False,0,1
Clc1ccc(-c2c(Cl)cc(Cl)c(Cl)c2Cl)c(Cl)c1Cl,-8.2605,0.0,1,False,0,1
Nc1nc(N)c(N=O)c(N)n1,-3.8454729507,0.0,1,False,0,1
Cc1cc2ccccc2c2ccc3ccccc3c12,-6.5920000000000005,0.0,1,False,0,1
C=C(C)C(=O)OCc1ccccc1,-2.9682045412,0.0,1,False,0,1
CCOP(=S)(OCC)Oc1ccc2oc(=O)c(Cl)c(C)c2c1,-5.382000000000001,0.0,1,False,0,1
Clc1ccc(-c2ccc(Cl)c(Cl)c2)c(Cl)c1,-6.8995,0.0,1,False,0,1
C=Cc1cccc(C)c1,-3.1231503041,0.0,1,False,0,1
CCCCCCCCC(CO[N+](=O)O)O[N+](=O)O,-5.72,0.0,1,False,0,1
CC1(C)C(C=C(Cl)Cl)C1C(=O)OC(C#N)c1cccc(Oc2ccccc2)c1,-6.5587,0.0,1,False,0,1
CC(C)C(=O)OCCc1ccccc1,-3.0797644375,0.0,1,False,0,1
COc1cc(Br)c2c(c1OC)C(=O)OC2,-3.9311,0.0,1,False,0,1
OCC1OC(O)C(O)C(O)C1O,0.74,0.0,1,False,0,1
O=C(O)COc1cc(Cl)c(Cl)c(Cl)c1,-2.94,0.0,1,False,0,1
O=C(O)C(Cl)(Cl)Cl,0.519,0.0,1,False,0,1
FC(Cl)Cl,-0.7383,0.0,1,False,0,1
Clc1cc(Cl)c(Cl)c(-c2c(Cl)c(Cl)cc(Cl)c2Cl)c1Cl,-9.38,0.0,1,False,0,1
CCCCC(CC)C(=O)OCC,-3.423291255,0.0,1,False,0,1
Cc1c(OCc2ccccc2)ccc2c(=O)cc(N3CCOCC3)oc12,-5.16,0.0,1,False,0,1
CN(CC(=O)O)N=O,0.9278,0.0,1,False,0,1
CCC(C)C1NC(=O)C(Cc2ccccc2)NC(=O)C2CCCN2C(=O)C(Cc2ccccc2)N(C)C(=O)C2CCCCN2C(=O)C2CCCCN2C1=O,-5.57,0.0,1,False,0,1
C[n+]1ccccc1,0.4201828890999999,0.0,1,True,1,2
CCOc1ccc2nc(S(N)(=O)=O)sc2c1,-4.03,0.0,1,False,0,1
COC(=O)[C@H]1[C@H]2C[C@@H]3c4[nH]c5cc(OC)ccc5c4CCN3C[C@H]2C[C@@H](OC(=O)c2cc(OC)c(OC)c(OC)c2)[C@@H]1OC,-3.9208,0.0,1,False,0,1
CNC(=O)Oc1cc(C)cc(C)c1,-2.5813,0.0,1,False,0,1
NC(CS)C(=O)O,0.3597,0.0,1,False,0,1
CCOc1ccc(C)cc1N=Nc1ccc(N=Nc2cccc(S(=O)(=O)[O-])c2)c2ccccc12,-1.8471355444,0.0,1,True,1,2
CCOC(=O)C(C)N(C(=O)c1ccccc1)c1ccc(Cl)c(Cl)c1,-4.2627,0.0,1,False,0,1
[O-]n1ccccc1=S,0.6370124426,0.0,1,True,1,2
Nc1ccccc1-c1ccccc1,-2.8611137345,0.0,1,False,0,1
Nc1ccc(S(=O)(=O)O)c2ccccc12,-2.91,0.0,1,False,0,1
CCC/C=C(/C=O)CC,-2.2559578736000003,0.0,1,False,0,1
CCCOCC(C)OCC(C)O,-0.0700526508,0.0,1,False,0,1
CNC1CCCCC1,-0.3214680129,0.0,1,False,0,1
CN(C)c1ncnc2nccnc12,-1.0216,0.0,1,False,0,1
CCC(=O)OC(Cc1ccccc1)(c1ccccc1)C(C)CN(C)C,-2.61,0.0,1,False,0,1
CCCCC(=O)N(C)c1ccc(S(=O)(=O)N(C)C)cc1,-2.85,0.0,1,False,0,1
OC1CCN2C1=Nc1ccccc1C2O,-2.07,0.0,1,False,0,1
COC(=O)C(C)c1ccc2cc(OC)ccc2c1,-4.78,0.0,1,False,0,1
CCc1cccc(CC)c1N,-2.3478,0.0,1,False,0,1
CCCCOC(=O)C1C(C(=O)OCCCC)C2(Cl)C(Cl)=C(Cl)C1(Cl)C2(Cl)Cl,-7.5095589026,0.0,1,False,0,1
O=C1C(Cl)=C(Cl)C(=O)c2ccccc21,-5.0237764060000005,0.0,1,False,0,1
Clc1ccc(Cl)cc1,-3.35,0.0,1,False,0,1
CCCCC(C)C,-4.5961,0.0,1,False,0,1
NC1C2CN(c3nc4c(cc3F)c(=O)c(C(=O)O)cn4-c3ccc(F)cc3F)CC12,-4.53,0.0,1,False,0,1
O=C(c1ccco1)c1no[n+]([O-])c1C(=O)c1ccco1,-3.85,0.0,1,False,0,1
CCC1(CC)C(=O)NC(=O)NC1=O,-1.42,0.0,1,False,0,1
O=C1NC(=O)C2(CC2)C(=O)N1,-1.89,0.0,1,False,0,1
O=C(O)COc1c(Cl)cc(Cl)cc1Cl,-3.23,0.0,1,False,0,1
Nc1ccc(N=Nc2ccc(S(=O)(=O)Nc3ccc(N=Nc4c(S(=O)(=O)[O-])cc5cc(S(=O)(=O)[O-])c(N=Nc6ccccc6)c(O)c5c4N)cc3)cc2)c(N)c1,-0.6029811942000001,0.0,1,True,1,3
CN(Cc1cc(Br)cc(Br)c1N)C1CCCCC1,-1.9733,0.0,1,False,0,1
CCCOC(C)C,-1.3373,0.0,1,False,0,1
ClC(Cl)C(Cl)(Cl)Cl,-2.6248,0.0,1,False,0,1
COc1cc(OC)cc(C(=O)N(O)c2ccccc2C)c1,-3.65,0.0,1,False,0,1
O=C1C(Cl)=C(Cl)C(=O)C(Cl)=C1Cl,-5.0896861436,0.0,1,False,0,1
C=CCN(CCC#N)c1cc(NC(C)=O)c(N=Nc2c(Br)cc([N+](=O)[O-])cc2[N+](=O)[O-])cc1OC,-8.9,0.0,1,False,0,1
Cc1ccc(C(C)(C)C)c(O)c1,-2.672674663,0.0,1,False,0,1
Nc1c(N=Nc2ccc(S(=O)(=O)CCOS(=O)(=O)[O-])cc2)c(S(=O)(=O)[O-])cc2c1C(=O)/C(=N/Nc1cc(Nc3nc(F)nc(F)c3Cl)ccc1S(=O)(=O)[O-])C(S(=O)(=O)[O-])=C2,-0.9138010179,0.0,1,True,1,5
CC(C)CCCCCCc1ccc(O)cc1,-4.587250024599999,0.0,1,False,0,1
CNC(=O)Oc1cccc2ccccc12,-3.224,0.0,1,False,0,1
CN(C)Cc1ccccc1,-1.2279188258,0.0,1,False,0,1
CCCCCC(C)OC(=O)COc1ccc(Cl)c2cccnc12,-5.7479695323,0.0,1,False,0,1
COC(=O)c1cc(Oc2ccc(Cl)cc2Cl)ccc1[N+](=O)[O-],-5.9343,0.0,1,False,0,1
C/C=C(/C)C(=O)O[C@H]1CC[C@@]2(C)[C@@H]3CC[C@H]4[C@]5(O)C[C@H](O)[C@@]6(O)[C@@H](CN7C[C@@H](C)CC[C@H]7[C@@]6(C)O)[C@]5(O)C[C@@]42O[C@]13O,-3.0163,0.0,1,False,0,1
CCCCc1c2ccccc2cc2ccc3ccccc3c12,-7.5245,0.0,1,False,0,1
N#Cc1nn(-c2c(Cl)cc(C(F)(F)F)cc2Cl)c(N)c1[S+]([O-])C(F)(F)F,-5.3619,0.0,1,False,0,1
CCc1cccc(C)c1N(COC(C)C)C(=O)CCl,-3.1882,0.0,1,False,0,1
CCC1(CC)CCC(=O)NC1=O,-4.53,0.0,1,False,0,1
CCN1CCOCC1,0.9386,0.0,1,False,0,1
COP(=O)(OC)O/C(C)=C/C(=O)N(C)C,0.6249,0.0,1,False,0,1
COc1ccc2cc(C(C)C(=O)OCCCCN3CCN(C)CC3)ccc2c1,-1.29,0.0,1,False,0,1
Oc1cccc(O)c1O,0.6043,0.0,1,False,0,1
CC(C)C[C@H](N)C(=O)N[C@@H](C)C(=O)NCC(=O)O,-0.8953,0.0,1,False,0,1
COC(=O)COc1nc(F)c(Cl)c(N)c1Cl,-3.9512810281,0.0,1,False,0,1
O=S(=O)(O)C(Cl)S(=O)(=O)O,0.6765,0.0,1,False,0,1
CCCOP(=O)(OC)OC,0.4733,0.0,1,False,0,1
CCOC(=O)N1CCN(C)CC1,1.13,0.0,1,False,0,1
C#CC(C)(C)NC(=O)c1cc(Cl)cc(Cl)c1,-4.2324,0.0,1,False,0,1
O=C(O)COc1ccc(Cl)c(Cl)c1,-2.6846,0.0,1,False,0,1
CC(=O)OCC(=O)[C@@]1(O)[C@H](C)C[C@H]2[C@@H]3CCC4=CC(=O)C=C[C@]4(C)[C@@]3(F)[C@@H](O)C[C@@]21C,-4.9,0.0,1,False,0,1
CCCCC(=O)OCSc1ncnc2c1ncn2COC(=O)CCCC,-4.33,0.0,1,False,0,1
C=CCN(CC=C)c1cc(NC(C)=O)c(N=Nc2c(Cl)cc([N+](=O)[O-])cc2[N+](=O)[O-])cc1OC,-4.3881793818,0.0,1,False,0,1
CCCCCCCCOC(=O)C(C)O,-1.2726,0.0,1,False,0,1
CCCCCCCCCCCC(=O)N(C)C,-3.9093070505,0.0,1,False,0,1
CC(C)CCC[C@@H](C)[C@H]1CC[C@H]2[C@@H]3CC=C4C[C@@H](O)CC[C@]4(C)[C@H]3CC[C@]12C,-7.1001953639,0.0,1,False,0,1
C/C=C/C(=O)O,0.0381751458,0.0,1,False,0,1
CC12CCC(=O)C=C1CCC1C2CCC2(C)C(OC(=O)Cc3ccccc3)CCC12,-4.66,0.0,1,False,0,1
CCC(COC(=O)CCCCCCCCCCCCCCC(C)C)(COC(=O)CCCCCCCCCCCCCCC(C)C)COC(=O)CCCCCCCCCCCCCCC(C)C,-7.2711824653,0.0,1,False,0,1
CCCCCCCC[Si](OC)(OC)OC,-4.2461281993,0.0,1,False,0,1
C(CCOCC1CO1)COCC1CO1,-0.5608137387,0.0,1,False,0,1
CN1C2CCCC1CC(=O)C2,0.4167,0.0,1,False,0,1
CN1CSC(=S)N(C)C1,-1.7331,0.0,1,False,0,1
CCCCCCOC(C)=O,-2.451,0.0,1,False,0,1
CNC1CCC(c2ccc(Cl)c(Cl)c2)c2ccccc21,-5.23,0.0,1,False,0,1
Clc1cc(Cl)cc(-c2c(Cl)ccc(Cl)c2Cl)c1,-7.95,0.0,1,False,0,1
FC(Br)C(F)(F)F,-1.901,0.0,1,False,0,1
CN1C(=O)c2cccnc2Oc2ccccc21,-3.672,0.0,1,False,0,1
Clc1cc(Cl)c(-c2cc(Cl)c(Cl)cc2Cl)c(Cl)c1,-8.1199,0.0,1,False,0,1
CCCCCOC(=O)C(N)Cc1ccc(O)c(O)c1,-0.99,0.0,1,False,0,1
O=C(OCCCO)c1ccccc1,-1.2558,0.0,1,False,0,1
Cc1cc(C(C)(C)C)c(O)c(C)c1CC#N,-4.2579024627,0.0,1,False,0,1
O=C(OCCOCCOC(=O)c1ccccc1)c1ccccc1,-3.937488879,0.0,1,False,0,1
CN(C)C(=S)SSC(=S)N(C)C,-4.1161961212,0.0,1,False,0,1
COc1ccc([C@@H]2CC(=O)c3c(O)cc(O[C@@H]4O[C@H](CO)[C@@H](O)[C@H](O)[C@H]4O[C@@H]4O[C@@H](C)[C@H](O)[C@@H](O)[C@H]4O)cc3O2)cc1O,-5.1858488331,0.0,1,False,0,1
O=C(O)CN(CC(=O)O)CC(=O)O,-0.5101,0.0,1,False,0,1
Clc1cc(Cl)c(Oc2ccc(Cl)c(Cl)c2)c(Cl)c1,-7.62,0.0,1,False,0,1
CCCCCCCl,-3.1223887332,0.0,1,False,0,1
O=C1C=CC=C/C1=C/NNC(=O)c1ccncc1,-3.6835,0.0,1,False,0,1
C=CC1(C)OC(=O)N(c2cc(Cl)cc(Cl)c2)C1=O,-4.925,0.0,1,False,0,1
CCN(CCO)c1ccc(N=Nc2sc3cc(OC)ccc3[n+]2C)cc1,-0.7312864200333333,0.4389188577442537,3,True,3,2
O=C1NC(=O)C2CC=CCC12,-1.0930914177,0.0,1,False,0,1
Nc1c(S(=O)(=O)[O-])cc(NC2CCC(Nc3nc(F)nc(Nc4cc(S(=O)(=O)[O-])ccc4S(=O)(=O)[O-])n3)CC2)c2c1C(=O)c1ccccc1C2=O,-0.7569465698000001,0.0,1,True,1,3
CCN(CC)C1=C[C@@H]2Oc3cc(N(CC)CC)c(C)cc3C(c3ccccc3C(=O)OC)=C2C=C1C,-7.6872220822,0.0,1,False,0,1
CCCCCC(CO)CCC,-3.5181985232,0.0,1,False,0,1
CC(=O)C(N=Nc1ccc(S(=O)(=O)[O-])cc1[N+](=O)[O-])C(=O)Nc1ccccc1Cl,-5.4514607628,0.0,1,True,1,2
Clc1ccccc1Cl,-3.0533857998,0.0,1,False,0,1
CNC(=O)COC(=O)c1ccccc1,-1.7178,0.0,1,False,0,1
CC(=O)c1ccc(-c2ccccc2)cc1,-3.3104,0.0,1,False,0,1
C=CC(=O)OCCCCCC(C)C,-4.1706554664999995,0.0,1,False,0,1
CCCCOC=O,-1.1307,0.0,1,False,0,1
CC(C)Cc1ccc(C(C)C(=O)NO)cc1,-3.0439999999999996,0.0,1,False,0,1
CCC(C)(C(=O)O)N1C(=O)c2ccccc2C1=O,-1.91,0.0,1,False,0,1
CCC(Cl)CC,-2.6307,0.0,1,False,0,1
CC(=O)c1c(C)ncc(C(=O)O)c1C(=O)O,-1.35,0.0,1,False,0,1
COCCOCCCn1c(=O)c2c(N)c3c(=O)c4ccccc4c(=O)c3c(N)c2c1=O,-8.2650486602,0.0,1,False,0,1
CCOC(=O)CN=C(c1ccccc1)c1ccccc1,-3.4270444492000003,0.0,1,False,0,1
CCCCCCCCCCCC(CC)CCCCCCC(CC)CCCCCCC,-5.4050532611,0.0,1,True,1,7
CCCCOC(=O)c1ccc(C(=O)OCCCC)c(C(=O)OCCCC)c1,-4.807173711,0.0,1,False,0,1
N#CC(C#N)=NNc1ccccc1[N+](=O)[O-],-3.93,0.0,1,False,0,1
Cc1ccc2cc3ccccc3cc2c1,-6.9555,0.0,1,False,0,1
COC(=O)C(N)CO,0.5774207675,0.0,1,True,1,3
CC(C)C(NC(N)=O)NC(N)=O,-1.8096943587,0.0,1,False,0,1
CC1(C)CC(=O)CC(=O)C1,-1.5276,0.0,1,False,0,1
CCCCCCCC/C=C\CCCCCCCC(=O)OCC,-7.355606282999999,0.0,1,True,1,4
CCOc1ccc(N(CC)C(N)=O)cc1,-1.85,0.0,1,False,0,1
CCCC(C)(C)O,-0.4988,0.0,1,False,0,1
O=P(OC(Cl)CCCl)(OC(Cl)CCCl)OC(Cl)CCCl,-3.6344,0.0,1,False,0,1
CC12CC(C)(NC(=O)N1)NC(=O)N2,-2.09,0.0,1,False,0,1
Nc1c2ccccc2nc2c(F)cccc12,-1.66,0.0,1,False,0,1
O=c1nc(-c2ccccc2)[nH]cc1Br,-3.4792,0.0,1,False,0,1
C=CC(=O)OC(C)(C)C,-1.8045937153,0.0,1,False,0,1
CC(C)(C)c1ccc(C=O)cc1,-3.1309552762,0.0,1,False,0,1
Cn1nc(S(N)(=O)=O)sc1=NS(=O)(=O)c1ccc(Cl)cc1,-2.44,0.0,1,False,0,1
C[C@@H]1C[C@@H]([C@H](O)CC2CC(=O)NC(=O)C2)C(=O)[C@@H](C)C1,-1.127,0.0,1,False,0,1
O=C(Nc1ccc(Cl)cc1)c1cc([N+](=O)[O-])ccc1O,-5.122000000000001,0.0,1,False,0,1
Cc1cccc(CN2CCN(C(c3ccccc3)c3ccc(Cl)cc3)CC2)c1,-4.63,0.0,1,False,0,1
Clc1ccc(Cl)c(-c2c(Cl)ccc(Cl)c2Cl)c1Cl,-7.9032,0.0,1,False,0,1
CCOc1cc(OP(=S)(OC)OC)nc(CC)n1,-3.8638,0.0,1,False,0,1
CCc1cc(C)cc(O)c1,-1.7696,0.0,1,False,0,1
FC(F)(Cl)C(Cl)(Cl)Cl,-3.3093,0.0,1,False,0,1
Cc1cc(O)c(C(C)(C)C)cc1C(C)CC(c1cc(C(C)(C)C)c(O)cc1C)c1cc(C(C)(C)C)c(O)cc1C,-7.1341930504999995,0.0,1,False,0,1
C1=CCCC1,-2.27958977805,0.24702817296828808,2,True,1,3
CC12C=CC(=O)C=C1CCC1C2CCC2(C)C(=O)CCC12,-2.8204596094,0.0,1,False,0,1
CC(C)(C)NC(=O)C1CCC2C3CC=C4C=C(C(=O)O)CCC4(C)C3CCC12C,-8.76,0.0,1,False,0,1
NC(=O)c1cn(Cc2c(F)cccc2F)nn1,-3.5,0.0,1,False,0,1
CCCCOCC,-1.5499606595,0.0,1,False,0,1
CC(C)OC(=O)Nc1ccccc1,-3.0005,0.0,1,False,0,1
CCC(C)C(N)C(=O)OCCOC(=O)C(C)c1ccc2cc(OC)ccc2c1,-3.82,0.0,1,False,0,1
O=[N+]([O-])c1cc(Cl)ccc1O,-3.0902,0.0,1,False,0,1
CC(C)CC(c1ccc(O)cc1)c1ccc(O)cc1,-3.3674,0.0,1,False,0,1
ClCCCCl,-1.6137,0.0,1,False,0,1
O/N=C1/C=CCCC1,-0.7034,0.0,1,False,0,1
OCC(CO)(CO)COCC(CO)(CO)CO,-1.9582,0.0,1,False,0,1
Cc1ccccc1N(C)C(N)=O,-0.4032,0.0,1,False,0,1
CC(=O)C=C(C)NC1CCCCC1NC(C)=CC(C)=O,-2.11,0.0,1,False,0,1
O=[N+]([O-])c1cc2cccnc2c2ncccc12,-3.9172,0.0,1,False,0,1
Clc1cccc(Cl)c1Oc1ccccc1,-5.0605,0.0,1,False,0,1
CCN(CC)CC,-0.1376829835,0.0,1,False,0,1
CC(COS)(COS)COC(=O)CCCC(=O)OCC(C)(COS)COS,-5.8419473099,0.0,1,True,1,2
C=CCCl,-1.3562,0.0,1,False,0,1
C/C=N/O,0.4958194622,0.0,1,False,0,1
Nc1c(S(=O)(=O)O)ccc2ccccc12,-2.96,0.0,1,False,0,1
CC(=O)c1ccc(OC2OC(CO)C(O)C(O)C2O)cc1,-1.17,0.0,1,False,0,1
O=C1CCCCCCCCN1,-1.0737,0.0,1,False,0,1
O=C1c2c(O)ccc(Nc3ccccc3)c2C(=O)c2c([N+](=O)[O-])ccc(O)c21,-8.6461429905,0.0,1,False,0,1
CCCN(CCC)C(=O)COC(=O)c1ccccc1OC(C)=O,-2.65,0.0,1,False,0,1
Nc1c(I)c(C(=O)[O-])c(I)c(C(=O)[O-])c1I,-1.569622787,0.0,1,False,0,1
Oc1ccc(F)cc1,-0.21,0.0,1,False,0,1
COCCNC(=O)CSP(=S)(OC)OC,-1.1356,0.0,1,False,0,1
CCCC(C)(COC(N)=O)COC(=O)NC(C)C,-2.9384,0.0,1,False,0,1
CC(C)(C)NC(=O)C1N(C(=O)C(O)C(Cc2ccccc2)NC(=O)c2ccccc2)CSC1(C)C,-3.62,0.0,1,False,0,1
CCOC(=O)C1(c2ccccc2)CCN(C)CC1,-1.76145,0.17628172054980643,2,True,1,3
OCC(O)C1OC2OC(C(Cl)(Cl)Cl)OC2C1O,-1.84,0.0,1,False,0,1
CC(Oc1ccc(Cl)cc1)C(=O)O,-2.1351,0.0,1,False,0,1
Cc1ccc2nc(-c3ccc(NC(=O)/C(C#N)=C/c4ccc(N(C)CCS(=O)(=O)[O-])cc4)cc3)sc2c1S(=O)(=O)[O-],-0.415949942,0.0,1,True,1,3
CCCCCCCCC(O)CO,-2.4785789552,0.0,1,False,0,1
NC(=O)NCl,0.3256,0.0,1,False,0,1
C/C=C/CCl,-1.9569,0.0,1,False,0,1
CCOC(=O)CCCCC(=O)OCC,-1.6795,0.0,1,False,0,1
O=P(OCCCl)(OCCCl)OCCCl,-1.6105,0.0,1,False,0,1
CCCC(C)CC1(CCO)C(=O)NC(=S)NC1=O,-3.09,0.0,1,False,0,1
CCCCCC/C=C/CCCCCCCc1cccc(OCC2CO2)c1,-6.0798516889,0.0,1,True,1,3
COc1ccc(Cl)cc1,-2.7793254939999996,0.0,1,False,0,1
CCCOCC,-0.6806,0.0,1,False,0,1
CCN(CC)c1nc(Nc2ccc(/C=C/c3ccc(Nc4nc(Nc5cc(S(=O)(=O)[O-])ccc5S(=O)(=O)[O-])nc(N(CC)CC)n4)cc3S(=O)(=O)[O-])c(S(=O)(=O)[O-])c2)nc(Nc2cc(S(=O)(=O)[O-])ccc2S(=O)(=O)[O-])n1,-0.8122490226000001,0.0,1,True,1,7
Cc1cc(C)nc(C)c1,-0.5394,0.0,1,False,0,1
O=C(O)CBr,1.1002,0.0,1,False,0,1
O=[N+]([O-])c1ccc(Oc2ccc(Cl)cc2Cl)cc1,-5.4535,0.0,1,False,0,1
CN1C(=O)CCS(=O)(=O)C1c1ccc(Cl)cc1,-2.0394,0.0,1,False,0,1
Cc1ccc(-c2nc3ccc(C)cn3c2CC(=O)N(C)C)cc1,-1.3,0.0,1,False,0,1
CC1(C)C2CCC1(CS(=O)(=O)O)C(=O)C2,-0.3,0.0,1,False,0,1
CCOP(=O)(OCC)Oc1ccc2c(C)c(Cl)c(=O)oc2c1,-3.18,0.0,1,False,0,1
COc1ccc(S(=O)(=O)c2coc(S(N)(=O)=O)c2)cc1,-3.02,0.0,1,False,0,1
O=C([O-])C1=Cc2ccccc2/C(=N/Nc2ccc3ccccc3c2S(=O)(=O)[O-])C1=O,-6.2793954063,0.0,1,True,1,2
Clc1cc(Cl)c(-c2cc(Cl)c(Cl)c(Cl)c2)cc1Cl,-8.21,0.0,1,False,0,1
NS(=O)(=O)c1nnc(NS(=O)(=O)c2c(F)c(F)c(F)c(F)c2F)s1,-1.21,0.0,1,False,0,1
C=C(C)[C@H]1CC=C(C)C(=O)C1,-1.9026536597,0.0,1,False,0,1
OCC(O)C(O)C(OC1OC(CO)C(O)C(O)C1O)C(O)CO,0.2872,0.0,1,False,0,1
Clc1cc(Cl)c(-c2c(Cl)c(Cl)c(Cl)c(Cl)c2Cl)c(Cl)c1,-9.48,0.0,1,False,0,1
CCCc1ncnc2c(O)cccc12,-2.9206,0.0,1,False,0,1
CCN(C(N)=O)c1ccc(OC)cc1,-1.27,0.0,1,False,0,1
O=C(CCCN1CCC(O)(c2ccc(Cl)cc2)CC1)c1ccc(F)cc1,-4.4289,0.0,1,False,0,1
CCCCOc1ccc(C(=O)OCCN(CC)CC)cc1,-3.84,0.0,1,False,0,1
CN1CCOCC1,0.995,0.0,1,False,0,1
C1CN1,1.3658352118,0.0,1,False,0,1
CC(C)(C)c1cc(C(C)(C)C)c(O)c(C(C)(C)C)c1,-3.875,0.0,1,False,0,1
O=C(O)CCP(=O)(O)O,0.5007,0.0,1,False,0,1
CCCCCC(=O)OCC,-2.35,0.0,1,False,0,1
CCN,1.346,0.0,1,False,0,1
C=C(C)OC,1.142,0.0,1,False,0,1
CC1(C)COP(=S)(OP2(=S)OCC(C)(C)CO2)OC1,-5.393383394500001,0.0,1,False,0,1
C[C@]12CC[C@H]3[C@@H](CCC4=CC(=O)CC[C@@]43C)[C@@H]1CC[C@@H]2C(=O)CO,-3.7446,0.0,1,False,0,1
CC1=CC(=O)N(Cc2cccc(CN3C(=O)C=C(C)C3=O)c2)C1=O,-3.9003349932,0.0,1,False,0,1
CCCCCCOC(=O)c1ccc(O)c(Br)c1,-4.22,0.0,1,False,0,1
CCCCCCC(=O)OCN1C(=O)NC(c2ccccc2)(c2ccccc2)C1=O,-6.301,0.0,1,False,0,1
CN(CCO)C(=O)COC(=O)c1ccccc1,-1.09,0.0,1,False,0,1
Cn1c(=O)ncc2[nH]c(=O)[nH]c21,-0.794,0.0,1,False,0,1
CCCCCCCCCCCCOS(=O)(=O)[O-],-0.08745920914999997,0.27778293798907894,2,True,2,2
COC1=CC(=N/N(O)c2ccc(N/N=C3/C(=O)c4c(O)cc(S(=O)(=O)[O-])cc4C=C3S(=O)(=O)[O-])c(OC)c2)/C=CC/1=N/N=C1\C(=O)c2c(O)cc(S(=O)(=O)[O-])cc2C=C1S(=O)(=O)[O-],-0.9094796777,0.0,1,True,1,5
CCOCCc1ccc(OCCNc2ncnc(CC)c2Cl)c(C)c1C,-5.2409,0.0,1,False,0,1
CC1=CC(=O)CC(C)(C)C1=O,-0.8779041501,0.0,1,False,0,1
O=C(CCS)OCC(COC(=O)CCS)(COC(=O)CCS)COC(=O)CCS,-5.1231687481,0.0,1,False,0,1
C=CC(=O)OCC1CC2CC1C1CCC(COC(=O)C=C)C21,-4.4930858187,0.0,1,False,0,1
CCc1ccc2ccccc2c1,-4.2901,0.0,1,False,0,1
CCCCOC(=O)c1ccc(N)cc1,-3.06,0.0,1,False,0,1
CCCCCCCCN(C)N=Nc1ccc(C(=O)O)cc1,-3.77,0.0,1,False,0,1
CCCCC/C=C/CCC=O,-3.301742894,0.0,1,False,0,1
Clc1ccc(COC(Cn2ccnc2)c2ccc(Cl)cc2Cl)c(Cl)c1,-5.08,0.0,1,False,0,1
COc1nc(C)nc(NC(=O)NS(=O)(=O)c2ccccc2OCCCl)n1,-4.0989,0.0,1,False,0,1
O=C(O)c1ccccc1C(=O)c1ccc(-c2ccccc2)cc1,-4.8282334666,0.0,1,False,0,1
COc1ccc(C(=O)CC(=O)c2ccc(C(C)(C)C)cc2)cc1,-7.060548154299999,0.0,1,False,0,1
CCOC(/C=C(\C)CCC=C(C)C)OCC,-2.3547996853,0.0,1,False,0,1
O=C(O)c1occ(Br)c1Br,-2.0887,0.0,1,False,0,1
COC(=O)C1(S(=O)(=O)c2ccc(Br)cc2)CCCCC1,-4.4786,0.0,1,False,0,1
CC[S+]([O-])CCSP(=S)(OC)OC,-0.9137,0.0,1,False,0,1
C=C(C)C(=O)OCC(F)(F)F,-2.2684756839,0.0,1,False,0,1
COc1ccc2c(c1)N(C[C@H](C)CN(C)C)c1ccccc1S2,-4.2155,0.0,1,False,0,1
OCC1CCCCO1,0.9349,0.0,1,False,0,1
Clc1c(Cl)c(Cl)c2c(c1Cl)Oc1ccccc1O2,-8.77,0.0,1,False,0,1
C=C(C)C(=O)OCCOCCOCCOCC,-0.6030114261,0.0,1,False,0,1
CCCCCCOC(N)=O,-1.92,0.0,1,False,0,1
CCC1OCCO1,0.2919,0.0,1,False,0,1
C=C(C)C1CC=C(C)C(O)C1,-1.72,0.0,1,False,0,1
COc1ccc(CCC(=O)O)cc1,-2.2144,0.0,1,False,0,1
CCCCCCCCCCCCCCCC[Si](OC)(OC)OC,-5.5398636413,0.0,1,False,0,1
NC(=O)c1ccc[n+](Cc2ccccc2)c1,0.2936103731,0.0,1,True,1,2
Clc1ccc(Oc2ccccc2)cc1Cl,-4.7206,0.0,1,False,0,1
C[C@H]1CO1,0.8380333836,0.0,1,False,0,1
O=C(O)[C@@H](O)[C@H](O)[C@H](O)[C@H](O)C(=O)O,0.1999,0.0,1,False,0,1
Clc1cc2c(Cl)cccc2c(Cl)c1Cl,-7.8566,0.0,1,False,0,1
Oc1cc(Cl)c(Cl)c(Cl)c1Cl,-3.15,0.0,1,False,0,1
Nc1ccccc1C(=O)O,-1.52,0.0,1,False,0,1
COc1ccc(NC(=O)c2cc3ccccc3cc2O)cc1,-5.2632246549,0.0,1,False,0,1
Oc1ccccc1-c1ccccc1,-2.5067117536000003,0.0,1,False,0,1
C=C(C)C(=O)OCCO,-0.53733826565,0.5980955963119617,2,True,1,2
CN1CCC23CCCCC2C1Cc1ccc(O)cc13,-2.72,0.0,1,False,0,1
OCc1cc(Cl)c(Cl)c(Cl)c1,-3.0948,0.0,1,False,0,1
NC(=O)C(=NO)C(N)=O,-0.0384,0.0,1,False,0,1
O=C(NC(=O)c1c(F)cccc1F)Nc1ccc(Cl)cc1,-6.54,0.0,1,False,0,1
O=C(c1cccc2ccccc12)N(O)c1ccccc1,-3.9433,0.0,1,False,0,1
CCOc1ccccc1OS(=O)(=O)NC(=O)Nc1nc(OC)cc(OC)n1,-4.1853,0.0,1,False,0,1
CCCCCCC[C@H]1CCC(=O)O1,-3.0668187599000003,0.0,1,False,0,1
CC(C)CCCCCCCCCCCCCCC(=O)[O-],-8.1469015236,0.0,1,True,1,2
CCOC(=O)[C@H](Cc1ccccc1)NC(C)=O,-1.7557,0.0,1,False,0,1
CCc1cccc2c(CCO)c[nH]c12,-1.9153264103,0.0,1,False,0,1
Cc1ccc(C)c2ccccc12,-4.1369,0.0,1,False,0,1
Clc1cc(Cl)c(-c2cccc(Cl)c2Cl)cc1Cl,-7.21,0.0,1,False,0,1
Clc1ccc(-c2c(Cl)c(Cl)c(Cl)c(Cl)c2Cl)cc1Cl,-8.9,0.0,1,False,0,1
C#CCC1=C(C)C(OC(=O)[C@H]2[C@H](C=C(C)C)C2(C)C)CC1=O,-4.5746,0.0,1,False,0,1
CC(=O)OC1CCCCC1,-1.67,0.0,1,False,0,1
OCC1OC2OC(C(Cl)(Cl)Cl)OC2C1O,-2.12,0.0,1,False,0,1
Clc1cccc(-c2ccccc2)c1,-4.88,0.0,1,False,0,1
CN1C2CCC1CC(OC(=O)c1ccccc1)C2,-2.369,0.0,1,False,0,1
CN(C1CCCCC1)S(=O)(=O)c1ccccc1NNC1=C2C(=O)C=C(S(=O)(=O)[O-])C=C2C=CC1=N,-2.7116859388999996,0.0,1,True,1,2
CNC(=O)ON=C(SC)C(=O)N(C)C,0.106,0.0,1,False,0,1
CC1=NNC(=O)N(/N=C/c2cccnc2)C1,-2.8745,0.0,1,False,0,1
c1ccc(CCNCc2ccccc2)cc1,-2.7229,0.0,1,False,0,1
Cc1ccc(S(=O)(=O)NC(=O)NC2CCCCC2)cc1,-4.207,0.0,1,False,0,1
CCC1(c2ccccc2)C(=O)NC(=O)NC1=O,-2.29,0.0,1,False,0,1
CCOC(=O)NCC(C)C,-0.768,0.0,1,False,0,1
CCC(C)S,-1.8346,0.0,1,False,0,1
O=P(O)(O)OC1C(O)C(O)C(O)C(O)C1O,0.1076,0.0,1,False,0,1
Cc1ccccc1C(=O)NNC(=O)c1ccncc1,-2.73,0.0,1,False,0,1
COP(=O)(Oc1cc(Cl)c(Br)cc1Cl)c1ccccc1,-4.99,0.0,1,False,0,1
O=[N+]([O-])c1cccc(Cl)c1,-2.7612722995,0.0,1,False,0,1
COC,0.8843659201,0.0,1,False,0,1
c1ccc(-c2cccc(-c3ccccc3)c2)cc1,-5.183,0.0,1,False,0,1
Cc1cc2nc3c(C)c(N)ccc3[n+](-c3ccccc3)c2cc1N,-0.8462,0.0,1,True,1,2
O=C([O-])CF,1.0452,0.0,1,True,1,2
C[C@@H]1CCCC[C@@H]1C,-4.2719,0.0,1,False,0,1
NCC(=O)NCC(=O)OCCOc1ccc2nc(S(N)(=O)=O)sc2c1,-1.3,0.0,1,False,0,1
CC(C)(c1cc(Br)c(OCC(Br)CBr)c(Br)c1)c1cc(Br)c(OCC(Br)CBr)c(Br)c1,-9.8164351053,0.0,1,False,0,1
O=C(O)c1cccnc1,-0.835,0.0,1,False,0,1
Cc1ccc(NCCO)cc1O,-0.6550553282,0.0,1,False,0,1
CC(C)(C)C(O)(CCc1ccc(Cl)cc1)Cn1cncn1,-3.932,0.0,1,False,0,1
CCNC(=O)Nc1c(C)n(C)n(-c2ccccc2)c1=O,-1.83,0.0,1,False,0,1
CN(C)C(C)(C)CO,0.8134589559000001,0.0,1,True,1,3
Cc1cc2c(cc1NNC1C(=O)NC(=O)NC1=O)=NC(=O)N=2,-6.4891402338,0.0,1,False,0,1
O=C1C=CC(=O)N1c1ccc(Cc2ccc(N3C(=O)C=CC3=O)cc2)cc1,-5.9980085438,0.0,1,False,0,1
CC=Cc1ccc(O)c(O)c1,-1.3505,0.0,1,False,0,1
CCCCCCCCCCCCCCCCCC,-5.57867150655,2.897537539113872,2,True,1,3
CC(C)(C)NC(=O)COC(=O)c1ccccc1,-2.8665,0.0,1,False,0,1
O=Cc1ccc(O)c(Br)c1,-2.1794,0.0,1,False,0,1
O=C(O)CC(SC(CC(=O)O)C(=O)O)C(=O)O,-0.4908,0.0,1,False,0,1
Clc1ccc(C2(Cn3cncn3)CC(Br)CO2)c(Cl)c1,-3.8775,0.0,1,False,0,1
COC1CCCC1,-0.9037886388,0.0,1,False,0,1
Clc1ccc(Cl)c(-c2ccccc2)c1Cl,-6.29,0.0,1,False,0,1
O=C1C=CC(=O)C=C1,-0.89,0.0,1,False,0,1
CN(C(=O)N(C)c1ccccc1)c1ccccc1,-3.4975575811,0.0,1,False,0,1
CCCCCC(N)C(=O)O,-0.94,0.0,1,False,0,1
CCOC(=O)CO[N+](=O)[O-],-1.7111,0.0,1,False,0,1
Cc1nc(N(C)C)nc(OC(=O)N(C)C)c1C,-1.9457,0.0,1,False,0,1
O=C([O-])C(Cl)(Cl)Cl,0.7319628929,0.0,1,True,1,2
Clc1ccc(Cl)c(-c2cc(Cl)cc(Cl)c2Cl)c1,-7.8201,0.0,1,False,0,1
C[C@H]1C(c2ccc(Cl)cc2)SC(=O)N1C(=O)NC1CCCCC1,-5.8487,0.0,1,False,0,1
CC(=O)/C(C)=C\C1C(C)=CCCC1(C)C,-3.9923409786,0.0,1,False,0,1
CCC1(c2ccccc2)C(=O)NC(=S)NC1=O,-3.58,0.0,1,False,0,1
COc1cccc(N(C)C(=S)Oc2cccc(C(C)(C)C)c2)n1,-6.013999999999999,0.0,1,False,0,1
Clc1ccc(-c2c(Cl)cccc2Cl)cc1,-6.2095,0.0,1,False,0,1
CCNc1nc(NC(C)C)nc(SC)n1,-3.0470399572000004,0.0,1,False,0,1
O=C1Nc2cccc3cccc1c23,-3.2547670983,0.0,1,False,0,1
CCCCC(CC)C(=O)[O-],-2.621416136166667,2.976998368784506,9,True,8,4
O=NN(CCO)CCO,0.8724,0.0,1,False,0,1
CCN(N=O)C(N)=O,-0.9547,0.0,1,False,0,1
CCC(=O)C(C)CC=C(C)C,-2.7010952437,0.0,1,False,0,1
O=[N+]([O-])C([N+](=O)[O-])([N+](=O)[O-])[N+](=O)[O-],-2.3381,0.0,1,False,0,1
CCCCN(CCCC)C(=O)N(CCCC)CCCC,-4.8205954965,0.0,1,False,0,1
CSc1ncnc2nccnc12,-1.76,0.0,1,False,0,1
CCCCCCC,-4.4694,0.0,1,False,0,1
CCOP(=S)(OCC)OCCSCC,-3.634,0.0,1,False,0,1
C[C@@H]1CC[C@@]2(OC1)O[C@H]1C[C@H]3[C@@H]4CC=C5C[C@@H](O)CC[C@]5(C)[C@H]4CC[C@]3(C)[C@H]1[C@@H]2C,-7.3166,0.0,1,False,0,1
CC(Cl)C(Cl)Cl,-1.8898,0.0,1,False,0,1
CCOC(=O)N1CC(C)N(C(N)=O)CC1C,-0.55,0.0,1,False,0,1
O=C(O)CC1(O)CC(=O)N(c2ccccc2)C1=O,-0.68,0.0,1,False,0,1
O=C(O)c1ccccc1-c1ccccc1,-2.73,0.0,1,False,0,1
Cc1cc(Cc2cc(C)cc(C3(C)CCCCC3)c2O)c(O)c(C2(C)CCCCC2)c1,-8.146786216599999,0.0,1,False,0,1
NCCN,1.2211,0.0,1,False,0,1
Clc1cc2ccccc2cc1Cl,-5.36,0.0,1,False,0,1
CCCC(=O)OCC(O)CO,-1.335,0.0,1,False,0,1
OCC1OC(OC2C(CO)OC(O)C(O)C2O)C(O)C(O)C1O,0.3577,0.0,1,False,0,1
CCC(CC)O[N+](=O)[O-],-2.4522,0.0,1,False,0,1
COCC(C)C,-0.9007,0.0,1,False,0,1
CCC(=O)O[C@H]1CC[C@H]2[C@@H]3CCC4=CC(=O)CC[C@]4(C)[C@H]3CC[C@]12C,-5.3669,0.0,1,False,0,1
CCC(=O)O[C@](Cc1ccccc1)(c1ccccc1)[C@H](C)CN(C)C,-5.0097,0.0,1,False,0,1
CCCCN(CCO)CCCC,-1.6367385713999998,0.0,1,False,0,1
Cc1cc(O)ccc1N,-1.7894220529,0.0,1,False,0,1
CCCSc1nc(Cl)c([N+](=O)[O-])c(Cl)n1,-4.3869446244,0.0,1,False,0,1
Sc1ccccc1Cl,-1.7800351331,0.0,1,False,0,1
NC1[C@H]2CN(c3nc4c(cc3F)c(=O)c(C(=O)O)cn4-c3ccc(F)cc3F)C[C@@H]12,-4.5296,0.0,1,False,0,1
NNC(=O)c1cccnc1,-0.1372,0.0,1,False,0,1
C[C@]12CC[C@@H]3c4ccc(O)cc4CC[C@H]3[C@@H]1CCC2=O,-5.5511481213,0.0,1,False,0,1
CCCCCCCCCCCO,-4.4804406676,0.0,1,False,0,1
C#CCCCC,-2.36,0.0,1,False,0,1
CCCCCCC(C)(C)S,-3.9901601094,0.0,1,False,0,1
CCN(CC)CCCC(C)Nc1c2ccc(Cl)cc2nc2ccc(OC)cc12,-2.64,0.0,1,False,0,1
CCN(CC)CC(C)O,0.1021113643,0.0,1,False,0,1
S=C=NCc1ccccc1,-3.1364,0.0,1,False,0,1
O=C1NC(=O)C2(CCCCCC2)C(=O)N1,-2.98,0.0,1,False,0,1
CN1CCN=C(c2ccccc2)c2cc(Cl)ccc21,-4.43,0.0,1,False,0,1
CC1=NN(c2cc(Cl)c(S(=O)(=O)[O-])cc2Cl)C(=O)C1N=Nc1ccc(S(=O)(=O)[O-])cc1,-0.6605427703,0.0,1,True,1,3
O=C(Oc1ccccc1)c1ccccc1O,-3.1547687558999997,0.0,1,False,0,1
CCCC(=O)n1cnc2c1c(=O)n(C)c(=O)n2C,-1.53,0.0,1,False,0,1
Clc1cc(-c2cccc(Cl)c2Cl)cc(Cl)c1Cl,-7.4052,0.0,1,False,0,1
COc1cccc(C(=O)NCO)c1,-1.29,0.0,1,False,0,1
O=C([O-])CN(CCN(CC(=O)[O-])CC(=O)O)CC(=O)O,-0.09135984394999999,0.5855677122134171,2,True,2,3
S=C=Nc1cccc(Br)c1,-4.0851,0.0,1,False,0,1
Cc1cc2cc3c(C)cc(=O)oc3c(C)c2o1,-5.28,0.0,1,False,0,1
CCCCCCCC1N(CCO)C=CN1CCC(=O)[O-],0.2127067575,0.0,1,True,1,2
O=C([O-])CC(O)(CC(=O)[O-])C(=O)O,0.3454130072,0.0,1,True,1,3
CNN,1.3365535082,0.0,1,False,0,1
O=S(=O)([O-])c1cc(Nc2nc(Nc3ccccc3)nc(N(CC[O-])CC[O-])n2)ccc1/C=C/c1ccc(Nc2nc(Nc3ccccc3)nc(N(CCO)CCO)n2)cc1S(=O)(=O)[O-],-1.8879601369,0.0,1,True,1,5
CCCCOCCOCCOCCCC,-1.862006084,0.0,1,False,0,1
Cc1ccc([N+](=O)[O-])c(C)c1,-3.0555996074,0.0,1,False,0,1
Cc1cc(O)c(C2CCCCC2)cc1C(C[C@H](C)c1cc(C2CCCCC2)c(O)cc1C)c1cc(C2CCCCC2)c(O)cc1C,-7.3965020268,0.0,1,False,0,1
Cc1cc(C)cc(C)c1,-3.3826570589999996,0.0,1,False,0,1
Fc1ccc2c(c1)CC[C@@H]([C@@H]1CO1)O2,-3.0521011765,0.0,1,True,1,4
O=[N+]([O-])Cc1ccc2ccccc2n1,-2.0545,0.0,1,False,0,1
CC1=CCC(C(C)C)CC1,-5.25279968635,0.342884209288945,2,True,1,2
O=C(O)CSc1nc2ccccc2s1,-3.2288979848,0.0,1,False,0,1
CC(=O)OC1CCC2(C)C(=CCC3C4CCC(=O)C4(C)CCC32)C1,-4.53,0.0,1,False,0,1
C=CC(=C)CCC=C(C)C,-4.3861,0.0,1,False,0,1
c1ccc(Oc2ccccc2)cc1,-3.96,0.0,1,False,0,1
NC1=NC(N)C(=O)C(=O)N1,-1.6978,0.0,1,False,0,1
Cn1c(=O)c2c(ncn2CC(O)CO)n(C)c1=O,-0.17,0.0,1,False,0,1
CC(C)C(Br)C(=O)O,-1.103,0.0,1,False,0,1
CC1(N)CN(c2c(F)cc3c(=O)c(C(=O)O)cn(C4CC4)c3c2Cl)C1,-5.33,0.0,1,False,0,1
O=C(O)c1ccccc1C(=O)c1ccc(Cl)cc1,-2.7171,0.0,1,False,0,1
Cc1c2ccccc2cc2ccccc12,-5.89,0.0,1,False,0,1
O=S(=O)(O)c1ccc2nc(-c3ccccc3)[nH]c2c1,-2.9611061362,0.0,1,False,0,1
CCCOP(=O)(OCC)OCCC,-0.9802,0.0,1,False,0,1
COC1COC2C(OC)COC12,1.0599918174,0.0,1,False,0,1
O=[N+]([O-])c1ccc(N=Nc2c(O)c(N=Nc3cc([N+](=O)[O-])cc([N+](=O)[O-])c3O)cc(N=Nc3cc(S(=O)(=O)[O-])cc4cc(S(=O)(=O)[O-])cc(O)c34)c2O)cc1,-0.9675670249,0.0,1,True,1,3
CCC(Cc1c(I)cc(I)c(N)c1I)C(=O)O,-4.58,0.0,1,False,0,1
CCNc1nc(NC(C)C)nc(OC)n1,-2.0696,0.0,1,False,0,1
Nc1ccc(N=Nc2ccc(NS(=O)(=O)c3ccc(N=Nc4c(S(=O)(=O)[O-])cc5cc(S(=O)(=O)[O-])c(N=Nc6ccc([N+](=O)[O-])cc6)c(N)c5c4O)cc3)cc2)c(N)c1,-0.5256786207,0.0,1,True,1,3
Nc1cccc2nc3ccccc3cc12,-4.2219999999999995,0.0,1,False,0,1
CCCCCl,-2.03,0.0,1,False,0,1
O=P(O)(O)CN(CCCCCCN(CP(=O)(O)O)CP(=O)(O)O)CP(=O)(O)O,-1.5161,0.0,1,False,0,1
CCCN(CCC)N=O,-1.0006,0.0,1,False,0,1
O=S(=O)([O-])c1cc(O)c2ccc3c(S(=O)(=O)[O-])cc(S(=O)(=O)[O-])c4ccc1c2c34,-0.242535631,0.0,1,True,1,4
CC(C)(C)O,1.1300470117,0.0,1,False,0,1
O=C(c1ccccc1)N(O)c1ccccc1,-2.73,0.0,1,False,0,1
c1cc[n+]2c(c1)-c1cccc[n+]1CC2,-1.55585,2.6433772801096707,2,True,1,3
O=C(c1ccccc1)c1c(O)cc(O)cc1O,-1.8708,0.0,1,False,0,1
Cc1cc(NS(=O)(=O)c2ccc(N)cc2)nc(C)n1,-2.3,0.0,1,False,0,1
NCc1ccccc1,-1.53,0.0,1,False,0,1
N#Cc1ccccc1C#N,-2.38,0.0,1,False,0,1
CCN(CC)C(=O)CSc1ccc(Cl)nn1,-1.7156,0.0,1,False,0,1
CCCC(=O)OC1CCC2C3CCC4=CC(=O)CCC4(C)C3CCC12C,-5.93,0.0,1,False,0,1
COc1ccc(C)cc1S(N)(=O)=O,-1.53,0.0,1,False,0,1
O=C1CCCCCCCCCCC(=O)OCCO1,-3.533758505,0.0,1,False,0,1
CCCCCC1CCCC1,-6.0863,0.0,1,False,0,1
CCNc1cccc2ccccc12,-3.1922,0.0,1,False,0,1
Cc1cc(C)c(O)c(C(c2cc(C)cc(C)c2O)C(C)C)c1,-6.1673406199,0.0,1,False,0,1
O=C(O)c1cc(Oc2ccc(C(F)(F)F)cc2Cl)ccc1[N+](=O)[O-],-3.4791,0.0,1,False,0,1
FC(F)=C(F)Cl,-2.1609542979,0.0,1,False,0,1
CC(NC(=O)c1cccc([N+](=O)[O-])c1)C(=O)O,-1.8,0.0,1,False,0,1
Cc1nn(-c2ccccc2)c(O)c1N=Nc1cc(Cl)c(S([NH-])(=O)=O)cc1O,-2.6924708964999997,0.0,1,True,1,4
CC1C(NC(=O)/C(=N\OC(C)(C)C(=O)O)c2csc(N)n2)C(=O)N1S(=O)(=O)O,-1.64,0.0,1,False,0,1
CC/C(=C(\c1ccccc1)c1ccc(OCCN(C)C)cc1)c1ccccc1,-8.49,0.0,1,False,0,1
O=C(c1ccccc1O)N1CCOCC1,-1.7037,0.0,1,False,0,1
CCCCN(CC)C(=O)SCCC,-3.41,0.0,1,False,0,1
COC(=O)C1(S(=O)(=O)c2ccc([N+](=O)[O-])cc2)CC1,-3.3797,0.0,1,False,0,1
O=C(Cc1ccccc1)OCc1ccccc1,-3.863274879700001,0.0,1,False,0,1
Cc1ccc(-n2ccc(=O)c(O)c2C)cc1,-3.22,0.0,1,False,0,1
CC(C)c1cccc(C(C)C)c1,-6.6027992709,0.0,1,False,0,1
CC(O)C1(O)CCC2C3CCC4=CC(=O)CCC4(C)C3CCC21C,-4.16,0.0,1,False,0,1
C1CSCCS1,-1.6029,0.0,1,False,0,1
CSC[S+]([O-])CC(CO)NC(=O)C=Cc1c(C)[nH]c(=O)[nH]c1=O,-1.981,0.0,1,False,0,1
NS(=O)(=O)c1cc2c(s1)C(O)CCS2(=O)=O,-1.28,0.0,1,False,0,1
C=CCCCC(C)C,-4.458990177,0.0,1,False,0,1
O=P(OCC(Br)CBr)(OCC(Br)CBr)OCC(Br)CBr,-4.9405,0.0,1,False,0,1
CCCCl,-1.4534068203,0.0,1,False,0,1
COc1c2occc2c(CN)c2ccc(=O)oc12,-0.9,0.0,1,False,0,1
COc1cc([N+](=O)[O-])ccc1N,-3.2045127381,0.0,1,False,0,1
CCCCOCOCCCC,-2.8068769998,0.0,1,False,0,1
CP(=O)(Oc1ccccc1)Oc1ccccc1,-2.2017086736,0.0,1,False,0,1
OCNC(=S)c1ccccc1,-1.14,0.0,1,False,0,1
Brc1cc2oc3cc(Br)c(Br)cc3c2cc1Br,-6.8395,0.0,1,False,0,1
CCCN1CCn2c(nc3ccccc3c2=O)C1C,-2.31,0.0,1,False,0,1
CCC(OCCCOC)OC(C)=O,-0.0168484647,0.0,1,False,0,1
CCCCCN(N=Cc1ccc([N+](=O)[O-])o1)C(N)=O,-2.8971,0.0,1,False,0,1
COc1ccc(/C=C/C(=O)OCCC(C)C)cc1,-5.4919252104,0.0,1,False,0,1
CC(C)OP(=O)(F)OC(C)C,-1.0777,0.0,1,False,0,1
O=S(=O)([O-])CCN1CCN(CCS(=O)(=O)O)CC1,-2.7475939424,0.0,1,True,1,2
O=C(O)Cc1ccccc1Nc1c(Cl)cccc1Cl,-4.6202577876,0.0,1,False,0,1
CCOC(=O)C(c1c(O)oc2ccccc2c1=O)c1c(O)oc2ccccc2c1=O,-3.4264,0.0,1,False,0,1
CCCCOC(=O)n1cnc2c1c(=O)n(C)c(=O)n2C,-1.93,0.0,1,False,0,1
CN(c1ccccc1)S(=O)(=O)C1=CC(=O)C2=C(NNc3ccc(NC(=O)CCl)cc3S(=O)(=O)[O-])C(=N)C=CC2=C1,-4.3588570696,0.0,1,True,1,2
CC(=O)Oc1ccccc1C(=O)OC[S+](C)[O-],-1.7824,0.0,1,False,0,1
CCCCC(CC)CC(CC)(CC)C(=O)NO,-3.35,0.0,1,False,0,1
CC1(C)COC(=O)C2CC=CCC2C(=O)OC1,-3.0041810563,0.0,1,False,0,1
N#Cc1ccccc1/C=C/c1ccc(/C=C/c2ccccc2C#N)cc1,-4.2206388586,0.0,1,False,0,1
Oc1ccc2cc(O)ccc2c1,-2.205,0.0,1,False,0,1
Cc1nc2n(c(=O)c1CCCl)CCCC2,0.57976692,0.0,1,True,1,2
Clc1cc(-c2c(Cl)c(Cl)cc(Cl)c2Cl)cc(Cl)c1Cl,-9.1,0.0,1,False,0,1
O=C(O)COC1CCCC1,-0.8471,0.0,1,False,0,1
ClC(Br)Br,-1.9,0.0,1,False,0,1
Nc1c(N=Nc2ccc([N+](=O)[O-])cc2)c(S(=O)(=O)[O-])cc2c1C(=O)/C(=N/Nc1ccccc1)C(S(=O)(=O)[O-])=C2,-1.2800595004000002,0.0,1,True,1,3
CC(C)(C)NC(=O)C1N(C(=O)C(O)C(Cc2ccccc2)NC(=O)c2ccc(Cl)cc2)CSC1(C)C,-4.28,0.0,1,False,0,1
CCCCCOC(=O)C(C)c1ccc2cc(OC)ccc2c1,-6.97,0.0,1,False,0,1
Ic1cccc2ccccc12,-4.55,0.0,1,False,0,1
O=c1nc[nH]c2nc[nH]c12,-2.2888,0.0,1,False,0,1
O=[N+]([O-])OC1CCCCCC1O[N+](=O)[O-],-3.02,0.0,1,False,0,1
Nc1ccc(N)c2c1C(=O)c1c(N)ccc(N)c1C2=O,-6.9515,0.0,1,False,0,1
CCOC(=O)c1ccccc1C(=O)c1ccccc1,-3.4053,0.0,1,False,0,1
C1CCCNCC1,-0.49,0.0,1,False,0,1
CNCc1cccc2ccccc12,-1.7150988877000002,0.0,1,False,0,1
CC(=O)C(N=Nc1cc(C(=O)Nc2cc(Cl)ccc2C)ccc1Cl)C(=O)Nc1cc(C)c(NC(=O)C(N=Nc2cc(C(=O)Nc3cc(Cl)ccc3C)ccc2Cl)C(C)=O)cc1C,-7.263233538400001,0.0,1,False,0,1
Nc1cccc(Cl)c1,-1.3733684129,0.0,1,False,0,1
CCCCCOC(=O)c1ccc(N)cc1,-3.3499,0.0,1,False,0,1
CCCCCCCCCCN,-2.4564,0.0,1,False,0,1
CCCSCCC,-2.58,0.0,1,False,0,1
O=C1c2cccc(S(=O)(=O)O)c2C(=O)c2cccc(S(=O)(=O)O)c21,0.2572,0.0,1,False,0,1
CCc1ccccc1Br,-3.6702,0.0,1,False,0,1
c1cncc([C@@H]2CCCCN2)c1,0.7898,0.0,1,False,0,1
CCC(=O)OCN1C(=O)NC(c2ccccc2)(c2ccccc2)C1=O,-4.91,0.0,1,False,0,1
CN1C2CC(OC(=O)C(CO)c3ccccc3)CC1C1OC12,-1.24,0.0,1,False,0,1
Clc1cc(Cl)c(-c2c(Cl)c(Cl)c(Cl)c(Cl)c2Cl)cc1Cl,-9.5,0.0,1,False,0,1
CCN(CC)c1nc(C)cc(OP(=S)(OC)OC)n1,-4.133,0.0,1,False,0,1
CC(=O)Oc1ccccc1C(=O)OCC(=O)N(C(C)C)C(C)C,-3.25,0.0,1,False,0,1
O=C(O)Cc1cccc(O)c1,0.8177,0.0,1,False,0,1
CC(=O)CCCC(C)CCCC(C)C,-4.0051761335,0.0,1,False,0,1
Oc1cccc(Cl)c1Cl,-1.6559,0.0,1,False,0,1
CCOC(=O)CC(NC1CCC(CC2CCC(NC(CC(=O)OCC)C(=O)OCC)C(C)C2)CC1C)C(=O)OCC,-5.0665338896,0.0,1,False,0,1
CCCCCCC(C)O,-2.0655,0.0,1,False,0,1
CCCC(Cl)Cl,-2.4036,0.0,1,False,0,1
CCOC(CC(C)O)OCC,0.0909,0.0,1,False,0,1
Brc1ccc(Br)c(Br)c1,-4.808,0.0,1,False,0,1
Nc1c2ccccc2nc2cccc([N+](=O)[O-])c12,-1.84,0.0,1,False,0,1
O=C1C=CC(=NNc2ccccc2)C=C1,-3.3429,0.0,1,False,0,1
CCOCOCOCC,-0.1277,0.0,1,False,0,1
O=C1NC(=O)C2(CCCCCCCCCC2)C(=O)N1,-4.59,0.0,1,False,0,1
CC(NC(=O)c1ccccc1)C(=O)O,-1.6839,0.0,1,False,0,1
CCCCCCC(=O)O,-4.167734504049999,3.53996676407156,2,True,1,2
CCC(=O)c1ccc(N)cc1,-2.627,0.0,1,False,0,1
CCN1CCN(c2cc3c(cc2F)c(=O)c(C(=O)O)cn3C2CC2)CC1,-3.18,0.0,1,False,0,1
CCOC(=O)C(Cl)Cc1cc(-n2nc(C)n(C(F)F)c2=O)c(F)cc1Cl,-4.2727,0.0,1,False,0,1
O=C(O)c1ccc(O)cc1O,-1.41,0.0,1,False,0,1
O=C1NC(=O)C(c2ccccc2)(c2ccccc2)C(=O)N1,-4.2,0.0,1,False,0,1
Cc1cc(Cl)c(O)c(Cl)c1,-1.4202,0.0,1,False,0,1
N#CCC(=O)Nc1ccccc1,-2.7275,0.0,1,False,0,1
CCN1C=CC(=CC=Cc2cc[n+](CC)c3ccccc23)c2ccccc21,-2.6816,0.0,1,True,1,2
NC(CSCCSCC(N)C(=O)O)C(=O)O,-2.85,0.0,1,False,0,1
CCCCCCNC(=O)COC(=O)c1ccccc1,-3.902,0.0,1,False,0,1
c1ccc(OCC2CO2)cc1,-1.7963921827,0.0,1,False,0,1
Nc1ccc(S(N)(=O)=O)cc1,-1.34,0.0,1,False,0,1
CCOC(=O)CCC(=O)OCC,-0.96,0.0,1,False,0,1
CCC(C)C,-3.1630000000000003,0.0,1,False,0,1
Cc1ccc(C(C)C)cc2c(C)ccc1-2,-5.4752,0.0,1,False,0,1
CC(C)CCCCCCCO,-1.6216565388500002,2.4080124864490466,2,True,1,4
CC(=O)N(c1onc(C)c1C)[S+]([O-])c1ccc(N)cc1,-3.59,0.0,1,False,0,1
CC[N+](CC)(CC(=O)Nc1c(C)cccc1C)Cc1ccccc1,-1.020958606,0.0,1,True,1,2
c1cc2c3c(cccc3c1)CC2,-4.63,0.0,1,False,0,1
Clc1cc(Cl)c(Cl)c(-c2c(Cl)c(Cl)c(Cl)c(Cl)c2Cl)c1,-9.42,0.0,1,False,0,1
Clc1ccc(-c2cc(Cl)c(Cl)c(Cl)c2Cl)c(Cl)c1,-8.32,0.0,1,False,0,1
CCOC(=O)C(C)OC(=O)c1cc(Oc2ccc(C(F)(F)F)cc2Cl)ccc1[N+](=O)[O-],-6.6230386723,0.0,1,False,0,1
O=C(O)c1c(O)ccc2ccccc12,-3.1284,0.0,1,False,0,1
NCC(CC(=O)O)c1ccc(Cl)cc1,-1.7,0.0,1,False,0,1
Cc1[nH]c(=O)[nH]c(=O)c1CC(=O)O,-2.31,0.0,1,False,0,1
Cc1ccc(N)c(S(=O)(=O)O)c1,-1.4942009905000002,0.0,1,False,0,1
CC(=O)C1CCC2C3CCC4=CC(=O)CC(O)C4(C)C3CCC12C,-3.82,0.0,1,False,0,1
Cc1ccn[nH]1,1.0856251051,0.0,1,False,0,1
Cc1ccnc2c1ccc1c(C)ccnc12,-3.9686,0.0,1,False,0,1
CCOC(=O)C(=O)OCC,-0.6085,0.0,1,False,0,1
CC1(C)C(C=C(Cl)Cl)C1C(=O)OCc1cccc(Oc2ccccc2)c1,-6.29,0.0,1,False,0,1
Nc1ccc(Cl)cc1[N+](=O)[O-],-2.5380000000000003,0.0,1,False,0,1
[NH3+]c1cc([N+](=O)[O-])cc(Cl)c1O,-2.6990298363,0.0,1,True,1,2
O=S(=O)([O-])CS(=O)(=O)[O-],0.1255,0.0,1,True,1,2
CNC(=O)Oc1cc(C)c(SC)c(C)c1,-3.9214,0.0,1,False,0,1
Clc1cc(-c2ccccc2)c(Cl)c(Cl)c1Cl,-7.16,0.0,1,False,0,1
CC1CCCCC1NC(=O)Nc1ccccc1,-4.1108,0.0,1,False,0,1
Nc1cnc2cncnc2n1,-2.31,0.0,1,False,0,1
CC(Cl)C(C)(C)O,-0.2926,0.0,1,False,0,1
CC1CCCCC1O,-0.864495868,0.0,1,False,0,1
CCOc1no[n+]([O-])c1S(=O)(=O)c1ccccc1,-4.24,0.0,1,False,0,1
Cc1ccc2cc3c(ccc4ccccc43)cc2c1,-6.8162,0.0,1,False,0,1
CC(C)OC(C)C,-1.5165927583,0.0,1,False,0,1
[O-][S+](CCCl)CC[S+]([O-])CCCl,-2.04,0.0,1,False,0,1
CCCCN(CCCC)SN(C)C(=O)Oc1cccc2c1OC(C)(C)C2,-6.1033,0.0,1,False,0,1
Nc1cnn(CCO)c1N,0.4442593444,0.0,1,True,1,2
C=CC(=C)CC/C=C(\C)CCC=C(C)C,-6.3103895185,0.0,1,False,0,1
COc1cc([C@@H]2c3cc4c(cc3[C@H](O)[C@H]3COC(=O)[C@@H]23)OCO4)cc(OC)c1OC,-3.6174,0.0,1,False,0,1
CC(C)COC(=O)c1ccc(N)cc1,-2.9437,0.0,1,False,0,1
Clc1cccc(-c2c(Cl)cccc2Cl)c1,-6.8245,0.0,1,False,0,1
O=c1[nH]c(=O)[nH]c(=O)[nH]1,-1.8076460763,0.0,1,False,0,1
CCCCCCCc1ccccc1,-5.5959,0.0,1,False,0,1
O=C(Nc1ccccc1)n1cc(F)c(=O)[nH]c1=O,-1.6184,0.0,1,False,0,1
COc1cc(N=Nc2cccc(S(=O)(=O)[O-])c2)ccc1NC(=O)Nc1ccc(N=Nc2cccc(S(=O)(=O)[O-])c2)cc1OC,-0.714875651,0.0,1,True,1,3
OC(=S)CCCCCCCC(O)=S,-2.39,0.0,1,False,0,1
CC(Oc1cc(Cl)c(Cl)cc1Cl)C(=O)O,-3.55,0.0,1,False,0,1
O=C(O)/C(S)=C/c1ccccc1,-2.96,0.0,1,False,0,1
Clc1ccc(Oc2ccccc2)cc1,-4.7925,0.0,1,False,0,1
CC(c1ccccc1)c1cc(C(=O)[O-])c(O)c(C(C)c2ccccc2)c1,-3.9244090954,0.0,1,True,1,3
CC(C)(O)C(=O)c1ccc(Cc2ccc(C(=O)C(C)(C)O)cc2)cc1,-4.536378597,0.0,1,False,0,1
CC1(C)[C@H](C(=O)OCc2cccc(Oc3ccccc3)c2)[C@@H]1C=C(Cl)Cl,-6.99,0.0,1,False,0,1
CCCCC(CC)COC(=O)/C=C/C(=O)OCC(CC)CCCC,-5.4565752567,0.0,1,False,0,1
CCCCCCCCOC(=O)CCCCCCC,-6.709998828,0.0,1,False,0,1
CC1=CS(=O)(=O)c2ccccc21,-2.67,0.0,1,False,0,1
CC1=CCC(CCC(C)CO)C1(C)C,-3.8427464064,0.0,1,False,0,1
NS(=O)(=O)c1cccc(S(N)(=O)=O)c1,-2.1693,0.0,1,False,0,1
CCOC(=O)CC(C)=O,-0.073,0.0,1,False,0,1
CCCCCCOC(=O)CCOCC,-2.8289,0.0,1,False,0,1
CN(C)CC(O)c1ccc(Cl)c2ccccc12,-1.22,0.0,1,False,0,1
CO/N=C(\C(=O)OC)c1ccccc1COc1ccccc1C,-5.19,0.0,1,False,0,1
CC1CCC(C(C)C)CC1,-5.3545731075,0.0,1,False,0,1
COc1ccc(C(=O)Nc2ccccc2)cc1N,-3.86580004,0.0,1,False,0,1
C=CC(=O)OCCCO,0.8855791863,0.0,1,False,0,1
CCCCCCC#CC(=O)OC,-3.6518876662,0.0,1,False,0,1
Clc1cc(Cl)c(Oc2cc(Cl)c(Cl)cc2Cl)cc1Cl,-8.36,0.0,1,False,0,1
Cc1[nH]c(=O)n(C(C)(C)C)c(=O)c1Cl,-2.4845,0.0,1,False,0,1
CCOP(=O)(N=C1SCC(C)S1)OCC,-3.6744,0.0,1,False,0,1
O=C(C1CC1)N(O)C1CCCCC1,-2.04,0.0,1,False,0,1
O=c1oc2ccc(Cl)cc2n1CO,-2.7,0.0,1,False,0,1
O=C(O)CC(=O)c1ccccc1[N+](=O)[O-],-1.8434,0.0,1,False,0,1
ClC1=C(Cl)C(Cl)(Cl)C(Cl)(Cl)C1(Cl)Cl,-6.5362,0.0,1,False,0,1
CC(C)OC(=O)C(F)(F)F,-1.336078753,0.0,1,False,0,1
NC1CCCCC1,1.0035890328,0.0,1,False,0,1
CC(C)CCC1(CCO)C(=O)NC(=S)NC1=O,-2.56,0.0,1,False,0,1
CC(Br)CCl,-1.8476,0.0,1,False,0,1
CCCC1CCCC1,-4.7404,0.0,1,False,0,1
Cc1ccccc1Br,-2.23,0.0,1,False,0,1
Ic1ccccc1,-3.01,0.0,1,False,0,1
COCCc1ccc(OCC(O)CNC(C)C)cc1,-1.1992,0.0,1,False,0,1
CCCCCCCC/C=C/CCCCCCCC(=O)NCCCN(C)C,-4.1492593891,0.0,1,False,0,1
NS(=O)(=O)c1cc2c(s1)C(=O)CCS2,-3.49,0.0,1,False,0,1
Cc1ncc([N+](=O)[O-])[nH]1,-1.63,0.0,1,False,0,1
CC(CCC(=O)O)C1CCC2C3C(O)CC4CC(O)CCC4(C)C3CC(O)C12C,-3.63,0.0,1,False,0,1
COC(=O)c1ccccc1,-1.8117983509,0.0,1,False,0,1
CN(O)C(=O)c1ccc([N+](=O)[O-])cc1,-2.87,0.0,1,False,0,1
CCCOC(=O)C(C)c1ccc2cc(OC)ccc2c1,-5.82,0.0,1,False,0,1
FC(F)(F)/C(=N/OCC1OCCO1)c1ccc(Cl)cc1,-4.0138,0.0,1,False,0,1
CCCn1c(=O)c2c(ncn2C)n(C)c1=O,-1.2082,0.0,1,False,0,1
O=c1[nH]cc(F)c(=O)[nH]1,-1.0689,0.0,1,False,0,1
COc1ccc(C(=O)Nc2ccccc2)cc1N/N=C1\C(=O)C(C(=O)Nc2cc(Cl)ccc2C)=Cc2ccccc21,-7.7520707385,0.0,1,False,0,1
C=C(C)C(=C)C,-2.4014,0.0,1,False,0,1
Cn1nc(S(N)(=O)=O)sc1=NS(=O)(=O)c1ccc(N)cc1,-2.5,0.0,1,False,0,1
CCNC(C)C(=O)O,0.6522,0.0,1,False,0,1
CCOP(=S)(OCC)Oc1ccc([S+](C)[O-])cc1,-2.3,0.0,1,False,0,1
COCCOCCOCCOC,0.7490240663,0.0,1,False,0,1
CCNCC,1.1358509819,0.0,1,False,0,1
Clc1ccc(N=Nc2ccccc2)cc1,-5.7023,0.0,1,False,0,1
O=C(O)CC(O)CCC1=CCCC1=O,-0.4,0.0,1,False,0,1
CON(C)C(=O)Nc1ccc(Cl)cc1,-2.47,0.0,1,False,0,1
CC12CCC3C(CCC4CC(O)CCC43C)C1CCC2=O,-4.4,0.0,1,False,0,1
C=CCC(CC)(C(=O)NC(N)=O)C(=O)OC,-1.92,0.0,1,False,0,1
Clc1ccc(Oc2c(Cl)c(Cl)cc(Cl)c2Cl)c(Cl)c1Cl,-9.09,0.0,1,False,0,1
CCCN(CC1CC1)c1c([N+](=O)[O-])cc(C(F)(F)F)cc1[N+](=O)[O-],-6.5407,0.0,1,False,0,1
CCCCC(CC)COC(=O)C(C)O,-2.6735257097,0.0,1,False,0,1
S=C=Nc1ccc2ccccc2c1Br,-4.32,0.0,1,False,0,1
CCC(=O)c1cccc(Cl)c1,-1.8467055699,0.0,1,False,0,1
CC(C)(C)NC(=O)[C@@H]1C[C@@H]2CCCC[C@H]2C[NH2+]1,-2.1616093611,0.0,1,False,0,1
CCC(=O)Nc1cccc(Nc2cc(S(=O)(=O)[O-])c(N)c3c2C(=O)c2ccccc2C3=O)c1,-2.6879470025,0.0,1,True,1,2
CC(=O)Nc1ccc2c(c1)C(=O)/C(=N/Nc1ccc(S(=O)(=O)CCOS(=O)(=O)[O-])cc1)C(S(=O)(=O)[O-])=C2,-0.6794075026,0.0,1,True,1,3
CN(Cc1cnc2nc(N)nc(N)c2n1)c1ccc(C(=O)NC(CCC(=O)O)C(=O)O)cc1,-4.0,0.0,1,False,0,1
O=C(c1ccccc1)c1cccc(N=C=S)c1,-5.4,0.0,1,False,0,1
O=C([O-])C(=O)O,-0.7096904801,0.0,1,True,1,2
Cc1ccnc2c1NC(=O)c1cccnc1N2C1CC1,-3.19,0.0,1,False,0,1
O=c1[nH]c(=O)n(C2CC(O)C(CO)O2)cc1C(F)(F)F,-0.71,0.0,1,False,0,1
c1ccc2c(c1)-c1ccc3ccc4cccc5cc-2c1c3c45,-9.1627,0.0,1,False,0,1
CC(=O)OCC(=O)[C@@]1(O)[C@H](OC(C)=O)C[C@H]2[C@@H]3CCC4=CC(=O)C=C[C@]4(C)[C@@]3(F)[C@@H](O)C[C@@]21C,-4.1297,0.0,1,False,0,1
CCC1(CC)CCC(=O)N(CO)C1=O,-3.96,0.0,1,False,0,1
CC(=O)Nc1ccc([N+](=O)[O-])cc1,-2.69,0.0,1,False,0,1
O=C(O)C(S)CS,-0.2374,0.0,1,False,0,1
CCCCOCCCC,-2.6376,0.0,1,False,0,1
CCC(C)n1c(=O)[nH]c(C)c(Br)c1=O,-2.5057,0.0,1,False,0,1
O=C1c2ccccc2C(=O)C1c1ccc2cc(S(=O)(=O)[O-])cc(S(=O)(=O)[O-])c2n1,-0.3778369537,0.0,1,True,1,3
CCCCCCCCOC(=O)/C=C/C(=O)OCCCCCCCC,-6.356030959,0.0,1,False,0,1
O=C(O)CCCCCCCC(=O)O,-1.8944614494,0.0,1,False,0,1
NC(=O)N(CCO)/N=C/c1ccc([N+](=O)[O-])o1,-2.6852,0.0,1,False,0,1
CC(C)C,-2.977604072,0.0,1,False,0,1
COc1c(Cl)c(Cl)c(Cl)c(Cl)c1OC,-5.2394,0.0,1,False,0,1
Clc1ccc(-c2c(Cl)cc(Cl)c(Cl)c2Cl)cc1,-7.95,0.0,1,False,0,1
COc1cc2c(cc1OC)[C@@]13CCN4CC5=CCOC6CC(=O)N2C1[C@H]6[C@H]5C[C@H]43,-2.0909,0.0,1,False,0,1
CN(C)CC[C@@H](c1ccc(Cl)cc1)c1ccccn1,-2.67,0.0,1,False,0,1
COC1=CC=C2[C@H]3Cc4ccc(OC)c5c4[C@@]2(CCN3C)[C@H]1O5,-2.661,0.0,1,False,0,1
CCOCCNCc1cc2cc(S(N)(=O)=O)oc2s1,-0.92,0.0,1,False,0,1
O=C(NCCO)c1cc(O)ccc1O,-0.5436,0.0,1,False,0,1
Nc1ccc2ccccc2c1,-2.8795,0.0,1,False,0,1
CC(C)(c1ccccc1)c1ccc(O[P@]2OCC3(CO[P@@](Oc4ccc(C(C)(C)c5ccccc5)cc4C(C)(C)c4ccccc4)OC3)CO2)c(C(C)(C)c2ccccc2)c1,-7.2319734263,0.0,1,False,0,1
ClCCSCCCl,-2.3666,0.0,1,False,0,1
Cc1ccc(C(N)=O)c(O)c1,-2.9170001587,0.0,1,False,0,1
COc1cc(N=Nc2c(Cl)cc([N+](=O)[O-])cc2[N+](=O)[O-])c(NC(C)=O)cc1N(CCOC(C)=O)CCOC(C)=O,-5.4630997896,0.0,1,False,0,1
C#CC(C)(O)CC,0.0167319924,0.0,1,False,0,1
Clc1cc(Cl)c(-c2c(Cl)ccc(Cl)c2Cl)c(Cl)c1Cl,-8.1501,0.0,1,False,0,1
Nc1cccc2ccc(S(=O)(=O)O)cc12,-1.6822793230000002,0.0,1,False,0,1
C/C=C\C,-1.9302,0.0,1,False,0,1
Clc1ccc(Oc2c(Cl)c(Cl)c(Cl)c(Cl)c2Cl)cc1,-8.94,0.0,1,False,0,1
CC(C)c1ccc(S(=O)(=O)O)cc1,0.6127511139,0.0,1,False,0,1
CC(C)c1ccc2c(c1)CC[C@H]1[C@](C)(C(=O)O)CCC[C@]21C,-4.6582,0.0,1,False,0,1
[O-][S+](Cc1ccccc1)Cc1ccccc1,-2.8588087212,0.0,1,False,0,1
O=[N+]([O-])c1ccc(Cl)cc1,-2.8118286729000004,0.0,1,False,0,1
Cc1ccc(Sc2ccc(C(=O)c3ccccc3)cc2)cc1,-7.6154082599,0.0,1,False,0,1
OCCNc1ccc2c(c1)OCO2,0.2728975009,0.0,1,True,1,3
Cn1c(=O)[nH]c2c(=O)[nH]c(=O)[nH]c21,-3.94,0.0,1,False,0,1
CCOC(=O)C(CC(=O)O)=C(c1ccccc1)c1ccccc1,-2.1908,0.0,1,False,0,1
S=c1[nH]c2cncnc2[nH]1,-2.5243,0.0,1,False,0,1
Cc1cc(N(CCO)CCO)ccc1N=Nc1ccc([N+](=O)[O-])cc1Cl,-6.57,0.0,1,False,0,1
CCCCCCCC(=O)CC(=O)c1ccccc1,-5.8836966949,0.0,1,False,0,1
C=CC(C)CCCC(C)(C)OC(C)=O,-4.0301641261,0.0,1,False,0,1
NC(Cc1ccc(O)c(O)c1)C(=O)OC1CCCCC1,-1.27,0.0,1,False,0,1
CCOC(=O)C1=C(COCCN2C(=O)c3ccccc3C2=O)NC(C)=C(C(=O)OC)C1c1ccccc1Cl,-4.5011269518,0.0,1,False,0,1
CC(C)c1ccc(S(=O)(=O)[O-])cc1,0.3334549741,0.01777350031760534,2,True,2,2
CCCCCC1CC(=O)C=C(C)C1C(=O)OCC,-3.187166345,0.0,1,False,0,1
O=C1OC(=O)C2C1C1(Cl)C(Cl)=C(Cl)C2(Cl)C1(Cl)Cl,-5.1712348525,0.0,1,False,0,1
O=C(O)CCC(=O)OOC(=O)CCC(=O)O,-0.8471,0.0,1,False,0,1
O=C(O)CC(Br)C(=O)O,-0.215,0.0,1,False,0,1
CNc1ccc(/C=C/c2ccc(Nc3nc(Nc4ccc(S(=O)(=O)[O-])cc4)nc(N4CCOCC4)n3)cc2S(=O)(=O)[O-])c(S(=O)(=O)[O-])c1,-0.4843358104999999,0.0,1,True,1,6
CC(=O)Oc1ccccc1C(=O)OCC(=O)N(C)C,-1.55,0.0,1,False,0,1
CC(C)=CCC/C(C)=C/C=O,-2.4116682055000003,0.0,1,False,0,1
CCCCCCCCCCCC(=O)N(CCCC)CCCC,-7.016412076799999,0.0,1,False,0,1
CCC(C)n1ccc(NS(=O)(=O)c2ccc(N)cc2)nc1=O,-2.76,0.0,1,False,0,1
Cc1c(C)c2c(c(C)c1O)CC[C@@](C)(CCC[C@H](C)CCC[C@H](C)CCCC(C)C)O2,-8.520248661,0.0,1,False,0,1
Clc1cc(-c2ccc(Cl)c(Cl)c2Cl)cc(Cl)c1Cl,-9.1,0.0,1,False,0,1
CC=CCC1(C)C(=O)NC(=O)N(C)C1=O,-1.5445,0.0,1,False,0,1
Cc1cc(C(=O)CC(C)C)ccc1O,-1.98,0.0,1,False,0,1
CC(C)N(N=O)C(C)C,-1.0006,0.0,1,False,0,1
CN1C(=O)c2ccc3c4ccc5c6c(ccc(c7ccc(c2c37)C1=O)c64)C(=O)N(C)C5=O,-7.7185099927,0.0,1,False,0,1
CC[C@H](C)[C@H](N)C(=O)O,-0.5029538568,0.0,1,False,0,1
CCC1(C/C=C2\CCCc3cc(OC)ccc32)C(=O)CCC1=O,-4.172504242,0.0,1,False,0,1
COc1cc([N+](=O)[O-])c(OC)cc1Cl,-3.1793123652999995,0.0,1,False,0,1
C=CC(=C)CCCC(C)(C)OC(C)=O,-3.5974164985000003,0.0,1,False,0,1
COc1ccc(C2Sc3ccccc3N(CCN(C)C)C(=O)C2OC(C)=O)cc1,-2.95,0.0,1,False,0,1
NC(=O)C(N)C(O)C(=O)O,-1.1494,0.0,1,False,0,1
O=S1(=O)CCCC1,-0.079806903,0.0,1,False,0,1
CC1CCCC(C)(C)C1,-4.8532,0.0,1,False,0,1
COc1ccccc1OCCNCC(O)COc1cccc2[nH]c3ccccc3c12,-4.26,0.0,1,False,0,1
CC1=CC[C@H]2C[C@@H]1C2(C)C,-4.7725704235,0.0,1,False,0,1
O=CC1CO1,1.1423,0.0,1,False,0,1
O=C(O)C(Br)=C(Cl)Br,-1.0071,0.0,1,False,0,1
C1CCC(NCCNC2CCCCC2)CC1,-0.98,0.0,1,False,0,1
NCC(=O)NCC(=O)Nc1ccc(S(=O)(=O)Nc2nnc(S(N)(=O)=O)s2)cc1,-1.29,0.0,1,False,0,1
CCN(CC)C(=O)c1cccnc1,0.7490000000000001,0.0,1,False,0,1
CCCCOCCOCCOCCO,0.6855,0.0,1,False,0,1
Cc1occc(=O)c1O,-1.063,0.0,1,False,0,1
CC(C)CCCC(C)C1CCC2C3CCC4CC(C)(CCC=C(c5cc(Cl)c(O)c(C(=O)O)c5)c5cc(Cl)c(O)c(C(=O)O)c5)CCC4(C)C3CCC12C,-8.46,0.0,1,False,0,1
Clc1ccc(-c2cc(Cl)c(Cl)c(Cl)c2)cc1Cl,-8.39,0.0,1,False,0,1
C=CC(=O)OCCn1c(=O)n(CCOC(=O)C=C)c(=O)n(CCOC(=O)C=C)c1=O,-2.4514194624,0.0,1,False,0,1
COP(=O)(OC)OC(Br)C(Cl)(Cl)Br,-2.2797,0.0,1,False,0,1
COC(=O)c1ccccc1S(=O)(=O)NC(=O)N(C)c1nc(C)nc(OC)n1,-3.8981,0.0,1,False,0,1
CCCCNC(=O)OCC(C)(CCC)COC(N)=O,-2.74,0.0,1,False,0,1
CCCn1c(=O)c2[nH]c(C3CCCC3)nc2n(CCC)c1=O,-4.96,0.0,1,False,0,1
CCCCCCCCOC(=O)c1ccc(N)cc1,-5.3999,0.0,1,False,0,1
O=C(OCc1ccccc1)c1ccccc1O,-4.4139224059,0.0,1,False,0,1
Oc1c(Cl)cc(Cl)cc1Cl,-2.3924,0.0,1,False,0,1
O=C(O)C(O)c1ccccc1,-0.0321269405,0.0,1,False,0,1
C=C(C)C(=O)OCCC(F)(F)C(F)(F)C(F)(F)C(F)(F)C(F)(F)C(F)(F)F,-6.058168845700001,0.0,1,False,0,1
Nc1ccc(O)cc1[N+](=O)[O-],-1.8337646505,0.0,1,False,0,1
C1CCOCC1,-0.031,0.0,1,False,0,1
CCC(C(=O)NC(N)=O)(C(=O)OC)c1ccccc1,-2.75,0.0,1,False,0,1
CO/N=C(/C)c1cccc(Oc2nc(OC)cc(OC)n2)c1C(=O)OC,-3.31,0.0,1,False,0,1
CC(Sc1ccccc1)S(=O)(=O)O,-0.49,0.0,1,False,0,1
CCSC(=S)N[C@@H](CC(=O)O)C(=O)O,-1.3863,0.0,1,False,0,1
O=NN1CCCC1=O,0.0523,0.0,1,False,0,1
CC(C)[C@@]12CC[C@@](C)(O1)[C@@H](O)C2,-0.288092629,0.0,1,False,0,1
Brc1cc(Br)cc(Br)c1,-5.6004,0.0,1,False,0,1
CCCCOC(=O)C(C)Oc1ccc(Oc2ccc(C(F)(F)F)cn2)cc1,-5.5836,0.0,1,False,0,1
CC(C)(C)CCCCCCCC(=O)O,-2.1113969493,0.0,1,False,0,1
CNC(=O)c1cccc(NCC(=O)NCCc2ccc(OC)c(OC)c2)c1,-1.85,0.0,1,False,0,1
CCCCC(CC)COC(=O)c1ccc(Nc2nc(Nc3ccc(C(=O)NC(C)(C)C)cc3)nc(Nc3ccc(C(=O)OCC(CC)CCCC)cc3)n2)cc1,-8.1852587653,0.0,1,False,0,1
Clc1ccc(Oc2cc(Cl)ccc2Cl)c(Cl)c1,-6.77,0.0,1,False,0,1
CCCCOC(=O)c1ccccc1N,-3.3830205262,0.0,1,False,0,1
CCCOCCN(C(=O)CCl)c1c(CC)cccc1CC,-3.795,0.0,1,False,0,1
O=S(=O)(NS(=O)(=O)C(F)(F)F)C(F)(F)F,0.4541441757,0.0,1,False,0,1
CCCCCCCC(=O)OCCCOC(=O)CCCCCCC,-7.516526119400001,0.0,1,False,0,1
CCC(C)CCCOC(=O)CCc1cc(-n2nc3ccccc3n2)c(O)c(C(C)(C)C)c1,-6.1639401792,0.0,1,False,0,1
Nc1ccc(Cl)cc1C(=O)c1ccccc1Cl,-7.4250889383,0.0,1,False,0,1
CCCCCCOC(=O)C(C)c1ccc2cc(OC)ccc2c1,-7.54,0.0,1,False,0,1
CCO[Si](CC(C)CC(C)(C)C)(OCC)OCC,-6.4416841407000005,0.0,1,False,0,1
CC(C)C1=CC2=CC[C@@H]3[C@](C)(CCC[C@@]3(C)C(=O)O)[C@H]2CC1,-3.7959,0.0,1,False,0,1
CC(=O)CC(=O)OCCOC(=O)CC(C)=O,-0.0337559002999999,0.0,1,False,0,1
Cc1cc(Cl)c(Cl)c(Cl)c1Cc1ccc(Cl)cc1,-7.44,0.0,1,False,0,1
CCN1C(=O)C(C#N)=C(C)/C(=N/Nc2ccccc2[N+](=O)[O-])C1=O,-6.815976001,0.0,1,False,0,1
CC(C)(c1ccccc1)c1ccc(O)cc1,-4.0964847072,0.0,1,False,0,1
CC1=CCC(C(C)(C)O)CC1,-1.91,0.0,1,False,0,1
C=C(C)C(=O)OCCOCCOCCCC,-2.0159485066,0.0,1,False,0,1
Cc1cc2ccccc2cn1,-2.19,0.0,1,False,0,1
Cc1ccccc1Oc1ccccc1N/N=C1/C(=O)c2c(cc(S(=O)(=O)[O-])cc2NC(=O)c2ccccc2)C=C1S(=O)(=O)[O-],-2.0506714672,0.0,1,True,1,3
CCCCCCCCCCCC(=O)NCCC[N+](C)(C)CC(=O)[O-],-3.1367509983999997,0.0,1,False,0,1
CCN(CC)C(=O)CCC(=O)OCn1cnc2c1c(=O)n(C)c(=O)n2C,-1.14,0.0,1,False,0,1
O=C(c1ccc(F)cc1)c1ccc(F)cc1,-4.396652184700001,0.0,1,False,0,1
COC(=O)C1(S(=O)(=O)c2ccc(C)cc2)CCCCC1,-4.61,0.0,1,False,0,1
Oc1c(-c2ccccc2)cccc1-c1ccccc1,-5.6839101049,0.0,1,False,0,1
CCOP(=S)(OCC)Oc1ccc([N+](=O)[O-])cc1,-4.29,0.0,1,False,0,1
Cc1cccc2c(C)cccc12,-4.74,0.0,1,False,0,1
CC(C)(C)c1cc(CCC(=O)NCCCCCCNC(=O)CCc2cc(C(C)(C)C)c(O)c(C(C)(C)C)c2)cc(C(C)(C)C)c1O,-7.8041135239,0.0,1,False,0,1
CCCCCC(O)/C=C/C1C(O)CC(=O)C1CCCCCCC(=O)O,-3.67,0.0,1,False,0,1
NC1CN(c2c(F)cc3c(=O)c(C(=O)O)cn(C4CC4)c3c2F)C1,-5.27,0.0,1,False,0,1
Cn1c(=O)c2c(ncn2CO)n(C)c1=O,-0.41,0.0,1,False,0,1
CC(=O)O[C@@H]1C[C@H](C)CC[C@H]1C(C)C,-3.9751165598,0.0,1,False,0,1
O=C1Cc2ccc(Cl)cc2N1,-2.9689885527,0.0,1,False,0,1
CCCC(=O)N(C)N=O,-1.5347,0.0,1,False,0,1
O=C(O)c1ccc(O)cc1,-1.41,0.0,1,False,0,1
COC1(OC)CCCCCCCCCCC1,-4.125654351600001,0.0,1,False,0,1
CCOC(=O)Cc1[nH]nc2ccc(Cl)cc12,-3.0256,0.0,1,False,0,1
Cc1ccc2cc(C)ccc2c1,-4.8927,0.0,1,False,0,1
CCC(Cl)(Cl)Cl,-1.8898,0.0,1,False,0,1
C/C(=C\C(C)CC(C)CC(C)C)C1CC(=O)OC1=O,-4.4255032449,0.0,1,False,0,1
Nc1ccc(S(=O)(=O)Nc2cc(Cl)c(Cl)cc2Cl)cc1,-4.83,0.0,1,False,0,1
c1ccc2ocnc2c1,-1.1548,0.0,1,False,0,1
CCCCCCCCCCNC(=O)C(C)O,-3.3605,0.0,1,False,0,1
CC[C@H](C)[C@H](NCCC#N)C(=O)O,-0.9818,0.0,1,False,0,1
Cc1cc(N=Nc2ccccc2C)ccc1N,-4.05,0.0,1,False,0,1
O=C(Cl)c1ccc(C(=O)Cl)cc1,-4.0287937791,0.0,1,False,0,1
CCCCCCC(O)CCCCCCCCCCCO,-5.1560946306,0.0,1,False,0,1
CCNc1nc(NC(C)C(C)C)nc(SC)n1,-3.7082,0.0,1,False,0,1
O=Cc1cccc(C(=O)O)c1O,-2.4423,0.0,1,False,0,1
CNCC(C)c1ccccc1,-1.0947,0.0,1,False,0,1
O=C1CNC(=O)N1,-0.4016,0.0,1,False,0,1
CCNCNC(=O)c1ccccc1,-0.0749,0.0,1,False,0,1
CCCOC(=O)c1ccc(O)c(Cl)c1,-3.38,0.0,1,False,0,1
CCNc1nc(NC(C)CC)nc(OC)n1,-2.575,0.0,1,False,0,1
O=C(O)c1cc(N=Nc2ccc(S(=O)(=O)Nc3ccccn3)cc2)ccc1O,-6.14,0.0,1,False,0,1
O=C(O)CS,-1.9643492148,0.0,1,False,0,1
COC(=O)CCCNC(=O)NC12CC3CC(CC(C3)C1)C2,-2.25,0.0,1,False,0,1
CC12CCC3C(CCC4C(C)(C)CCCC43C)(CO1)O2,-5.6453848366,0.0,1,False,0,1
Fc1cccc(Br)c1,-2.6656,0.0,1,False,0,1
Cc1nc2c(=O)[nH]c(=O)n(C)c2nc1C,-2.1129,0.0,1,False,0,1
COc1ccc2c(c1OC)C(=O)O[C@@H]2[C@H]1c2c(cc3c(c2OC)OCO3)CCN1C,-3.1393,0.0,1,False,0,1
CCCI,-2.29,0.0,1,False,0,1
CC(CC(=O)Nc1ccccc1)C(=O)O,0.39,0.0,1,False,0,1
NC(=O)CNC(=O)COC(=O)c1ccccc1,-1.4983,0.0,1,False,0,1
NN=C(N)N,-1.6153792849000002,0.0,1,True,1,2
CNC(=S)NC,0.9823,0.0,1,False,0,1
COC1OC(CNC(=O)N(CCCl)N=O)C(O)C(O)C1O,-1.5613,0.0,1,False,0,1
O=C(c1ccc(F)cc1)C1CCNCC1,0.5890195686999999,0.0,1,True,1,3
COC(=O)C(C)OC(C)=O,-0.2617,0.0,1,False,0,1
CCC(=O)OC(C)C(=O)OC,-0.8622,0.0,1,False,0,1
c1ccc(CCOC2CCCCC2)cc1,-2.4180900548,0.0,1,False,0,1
Cc1cc(C)c(C)cc1C,-3.84,0.0,1,False,0,1
COc1cc(C(=O)CO)ccc1O,-1.78,0.0,1,False,0,1
C=CCc1ccc(OC)cc1,-2.9209,0.0,1,False,0,1
NC(=O)NN=C[C@@H](O)[C@@H](O)[C@H](O)[C@H](O)CO,-0.53,0.0,1,False,0,1
O=C(O)c1cccnc1C(=O)O,-1.48,0.0,1,False,0,1
CC(C)(OC1CCCCC1)C(=O)O,-1.0798,0.0,1,False,0,1
Cc1cccc2c1ccc1ccccc12,-5.8541,0.0,1,False,0,1
O=C1NC(=O)C2C=CC=CC12,-2.932,0.0,1,False,0,1
CC(C)NCc1cccc(S(=O)(=O)c2csc(S(N)(=O)=O)c2)c1,-1.56,0.0,1,False,0,1
CCO,1.2336682179,0.0,1,False,0,1
CCN(CCO)c1ccccc1,-1.9171,0.0,1,False,0,1
N#Cc1cccc(C(=O)O)c1,-2.63,0.0,1,False,0,1
CCCCCCCOC(=O)c1ccc(O)c(I)c1,-4.56,0.0,1,False,0,1
CCN(CC)C(=O)/C(Cl)=C(\C)OP(=O)(OC)OC,0.5233,0.0,1,False,0,1
NS(=O)(=O)c1ccc(Nc2ccnc(NS(=O)(=O)Cc3ccccc3)n2)cc1,-2.7,0.0,1,False,0,1
NS(=O)(=O)c1ccc(Nc2ccnc(NS(=O)(=O)c3ccccc3)n2)cc1,-2.55,0.0,1,False,0,1
C=C(C)C(=O)OCCCOc1ccc(C(C)(C)c2ccc(OCCCOC(=O)C(=C)C)cc2)cc1,-7.4564753884,0.0,1,False,0,1
CC(C)(C)c1cc(CCC(=O)OCC(COC(=O)CCc2cc(C(C)(C)C)c(O)c(C(C)(C)C)c2)(COC(=O)CCc2cc(C(C)(C)C)c(O)c(C(C)(C)C)c2)COC(=O)CCc2cc(C(C)(C)C)c(O)c(C(C)(C)C)c2)cc(C(C)(C)C)c1O,-7.0710180803,0.0,1,False,0,1
CCCCCCCCNC(=O)OCC1OC(O)C(O)C(O)C1O,-2.35,0.0,1,False,0,1
Nc1nc(N)nc(-c2ccccc2)n1,-2.4941685135,0.0,1,False,0,1
CCN(CCO)c1ccc(N=Nc2ccc([N+](=O)[O-])cc2)cc1,-6.292999999999999,0.0,1,False,0,1
CC12CC(O)C3C(CCC4C[C@@H](O)CCC43C)C1CCC2=O,-3.5932,0.0,1,False,0,1
FC(F)(F)C(F)(F)C(F)(F)C(F)(F)C(F)(F)C(F)(F)C(F)(F)C(F)(F)Br,-7.3970339946,0.0,1,False,0,1
CCCCC(CC)CN(CC(CC)CCCC)CC(CC)CCCC,-8.2475792783,0.0,1,False,0,1
CC(=O)C(N=Nc1ccc(N=Nc2c(S(=O)(=O)[O-])cc3c(c2N)C(=O)/C(=N/Nc2ccc(S(=O)(=O)[O-])c4ccccc24)C(S(=O)(=O)[O-])=C3)cc1)C(=O)Nc1ccccc1,-2.2180283184,0.0,1,True,1,4
Nc1ccn(C2OC(COP(=O)(O)O)C(O)C2O)c(=O)n1,-1.1987753523,0.0,1,False,0,1
F[N+]12CC[N+](CCl)(CC1)CC2,-0.3038119023,0.0,1,True,1,3
CC(=O)c1cc2ccccc2o1,-2.5484883965000003,0.0,1,False,0,1
Clc1cc(Oc2ccccc2)cc(Cl)c1Cl,-6.77,0.0,1,False,0,1
CCCCCCCC(=O)O,-2.75000039055,0.6363966553889997,2,True,1,2
c1ccc2c(c1)-c1cccc3cccc-2c13,-5.93,0.0,1,False,0,1
CC(C)=CCC(C)(C)C(=O)C(C)C,-3.4892158636,0.0,1,False,0,1
CC=C(CCCC)C(N)=O,-1.3717,0.0,1,False,0,1
N#CCC[NH2+][C@@H](Cc1ccccc1)C(=O)[O-],-1.4939,0.0,1,False,0,1
O=C(O)c1cccnc1Nc1cccc(C(F)(F)F)c1,-4.1718,0.0,1,False,0,1
COc1c(Cl)ccc(Cl)c1C(=O)O,-1.7,0.0,1,False,0,1
CCC(=O)NCCNC(=O)CC,0.3746,0.0,1,False,0,1
CC(C)(C)c1cc(C(=O)O)c(O)c(C(C)(C)C)c1,-4.8694711025999995,0.0,1,True,1,4
COCCOCCOc1cc(Nc2c(C)cc(C)c(S(=O)(=O)[O-])c2C)c2c(c1N)C(=O)c1ccccc1C2=O,0.2391231023999999,0.0,1,True,1,2
CC(C)C1(C)CCCC(O)C1,-0.6,0.0,1,False,0,1
CC(CCC(=O)O)C(=O)O,0.8352249534999999,0.0,1,False,0,1
IC(I)I,-3.5952,0.0,1,False,0,1
CC(C)OC(=O)C(O)(c1ccc(Cl)cc1)c1cccc(Cl)c1,-4.53,0.0,1,False,0,1
S=c1[nH][nH]c(=S)s1,-0.7552,0.0,1,False,0,1
C=CC(=C)Cl,-2.5509254551,0.0,1,False,0,1
C/C=C/C(=O)C1C(C)C=CCC1(C)C,-3.3963665007,0.0,1,False,0,1
C=C(C)CCO,0.0190678934,0.0,1,False,0,1
CC(C)OP(C)(=O)F,0.8536,0.0,1,False,0,1
COc1c([N+](=O)[O-])cc([N+](=O)[O-])cc1[N+](=O)[O-],-3.085,0.0,1,False,0,1
C=CC(=O)OCC1(CC)COCOC1,-1.3330548746,0.0,1,False,0,1
Nc1cc(N2CCCCC2)nc(N)[n+]1[O-],-1.94,0.0,1,False,0,1
Cc1ccc2c(c1)C=CS2(=O)=O,-2.65,0.0,1,False,0,1
COC(=O)c1cc2cc3c(C)cc(=O)oc3c(C)c2o1,-5.16,0.0,1,False,0,1
CCCCCCCCOC(=O)c1ccccc1C(=O)OCCCCCCCC,-7.2493,0.0,1,False,0,1
O=C(Nc1ccccn1)c1cccnc1,-2.9771,0.0,1,False,0,1
Cc1nc(Cl)ncc1N(C)C,-1.26,0.0,1,False,0,1
Cc1cc(-c2ccc(N=C=O)c(C)c2)ccc1N=C=O,-2.308127519,0.0,1,False,0,1
CC(=O)O[C@H]1C[C@@H](C)CC[C@@H]1C(C)C,-4.0668869332,0.0,1,False,0,1
Nc1c(S(=O)(=O)[O-])cc(Nc2ccccc2)c2c1C(=O)c1ccccc1C2=O,-2.1738960877,0.0,1,True,1,2
C[C@@H]1O[C@@H](O[C@H]2[C@@H](OS(=O)(=O)O)[C@H](OS(=O)(=O)O)[C@H](O)O[C@H]2C)[C@@H](OS(=O)(=O)O)[C@H](O[C@@H]2O[C@@H](C)[C@@H](O[C@@H]3O[C@@H](C)[C@@H](O)[C@@H](O[C@@H]4O[C@@H](C)[C@@H](O)[C@@H](OS(=O)(=O)O)[C@@H]4OS(=O)(=O)O)[C@@H]3OS(=O)(=O)O)[C@@H](OS(=O)(=O)O)[C@@H]2OS(=O)(=O)O)[C@@H]1O,-0.5892058636,0.0,1,True,1,3
Cc1ccccc1OCC1CO1,-2.2911044462,0.0,1,False,0,1
O=S(=O)(c1ccc(Cl)cc1)c1ccc(Cl)cc1,-5.5236360799,0.0,1,False,0,1
CCCCC(O)CC,-1.4631,0.0,1,False,0,1
CC12CCC(C(O)C1=O)C2(C)C,-0.9249,0.0,1,False,0,1
NC(=O)OCC(Cl)(Cl)Cl,-1.2843,0.0,1,False,0,1
CCCCCCOC(=O)CCCCCCCCC(=O)OCCCCCC,-4.57,0.0,1,False,0,1
CCCCCCCCCO,-3.0130118711,0.0,1,False,0,1
CCOc1ccc(C(=O)O)c2ccccc12,-4.1122,0.0,1,False,0,1
O=C1CCCCCCCCCN1,-1.8862,0.0,1,False,0,1
CCNc1cc(C#N)c(N)c2c1C(=O)c1ccccc1C2=O,-7.6382805905,0.0,1,False,0,1
O=c1ccnc[nH]1,0.586,0.0,1,False,0,1
O=CNc1ccccc1,-0.6785,0.0,1,False,0,1
O=C1CCN(c2ccccc2)N1,-1.1448233011,0.0,1,False,0,1
CCO[Si](CCCSSCCC[Si](OCC)(OCC)OCC)(OCC)OCC,-5.676541808600001,0.0,1,False,0,1
CCOc1ccc(N(C)C(N)=O)cc1,-1.66,0.0,1,False,0,1
CC(=O)Nc1ccc(N)cc1,-0.98,0.0,1,False,0,1
CCC1(C)C(=O)NC(=O)NC1=O,-1.23,0.0,1,False,0,1
CC(=O)Nc1ccc(Br)cc1C,-1.756,0.0,1,False,0,1
CCCCCCCCN(CCO)CCO,-2.1910376032,0.0,1,False,0,1
C/C(Cl)=C\C(=O)O,-0.605,0.0,1,False,0,1
Cc1ccc([N+](=O)[O-])cc1N/N=C1\C(=O)C(C(=O)Nc2ccccc2)=Cc2ccccc21,-7.5579677799,0.0,1,False,0,1
CCC(=O)/C=C/C1=C(C)CCCC1(C)C,-4.187455475,0.0,1,False,0,1
O=C(NO)c1ccccc1N=Cc1ccccn1,-3.21,0.0,1,False,0,1
O=C(CC(C(=O)OC1CCCCC1)S(=O)(=O)[O-])OC1CCCCC1,-0.7147015973999999,0.0,1,True,1,2
O=[N+]([O-])c1cc(Cl)c(Cl)cc1Cl,-3.8866,0.0,1,False,0,1
CCc1nc2ncnc(O)c2nc1CC,-1.9122,0.0,1,False,0,1
CC(=O)OCCN(CCOC(C)=O)c1ccc(N=Nc2ccc([N+](=O)[O-])cc2C#N)cc1,-7.300465045499999,0.0,1,False,0,1
CCC(C)CCCC(C)(C)O,-2.7493446847000005,0.0,1,False,0,1
OC[C@H]1O[C@@](CO)(O[C@H]2O[C@H](CO)[C@@H](O)[C@H](O)[C@H]2O)[C@@H](O)[C@@H]1O,0.7878,0.0,1,False,0,1
CCN(CC)C(=O)C(Cl)=CCOP(=O)(OC)OC,0.523,0.0,1,False,0,1
CC(C)=NNC(=N)N1Cc2cccc3cccc(c23)C1,-2.48,0.0,1,False,0,1
CN(C)N,1.2211,0.0,1,False,0,1
CC(C)(CO)CO,0.901422988,0.0,1,False,0,1
CNC(=O)Oc1cc(C)c(N(C)C)c(C)c1,-3.3469,0.0,1,False,0,1
CCN(CC)C(=O)Nc1ccc(OCC(O)CNC(C)(C)C)c(C(C)=O)c1,-1.9,0.0,1,False,0,1
C=CC(O)CC,0.0193,0.0,1,False,0,1
O=C(OCC1CO1)c1ccc(C(=O)OCC2CO2)cc1,-3.5579600556,0.0,1,False,0,1
CC(C)CCCCCCCCCCOC(=O)c1ccccc1C(=O)OCCCCCCCCCCC(C)C,-5.724958731699999,0.0,1,False,0,1
CC(C)COC(=O)Cc1ccccc1,-3.2710471955,0.0,1,False,0,1
Clc1ccc(Cl)c(-c2c(Cl)ccc(Cl)c2Cl)c1,-7.1895,0.0,1,False,0,1
Cc1cc(Cc2c(Cl)cccc2Cl)c(Cl)cc1Cl,-8.36,0.0,1,False,0,1
CC(C)(C)C(=O)OCn1cc(F)c(=O)[nH]c1=O,-2.03,0.0,1,False,0,1
Cc1ccc(C(=O)COc2c(C(=O)c3ccc(Cl)c(C)c3Cl)c(C)nn2C)cc1,-6.5209,0.0,1,False,0,1
CCCCCOC(=O)C(C)O,-1.2047,0.0,1,False,0,1
O=C(OCCCc1ccccc1)c1ccccc1,-4.8009737888,0.0,1,False,0,1
CCN(CC)c1ccc(N=Nc2c(C#N)cc([N+](=O)[O-])cc2C#N)c(NC(C)=O)c1,-8.1027530485,0.0,1,False,0,1
CCN1CC(=O)N=C1N,-0.165,0.0,1,False,0,1
CC(=O)OCc1ccccc1,-1.6853,0.0,1,False,0,1
O=C(O)C1(O)CC(O)C(O)C(O)C1,0.179,0.0,1,False,0,1
Nc1ccncc1,-0.0529,0.0,1,False,0,1
CC1(C)CC(N=C=O)CC(C)(CN=C=O)C1,-4.1708247593,0.0,1,False,0,1
CCCCCCCCCC(=O)Oc1ccc(NC(C)=O)cc1,-4.53,0.0,1,False,0,1
O=C1CCO1,0.7104893861,0.0,1,False,0,1
CCS(=O)(=O)NS(=O)(=O)CC,0.5413,0.0,1,False,0,1
CCCOC(C)OCCc1ccccc1,-3.3841929036,0.0,1,False,0,1
C[Si](Cn1cncn1)(c1ccc(F)cc1)c1ccc(F)cc1,-3.7665,0.0,1,False,0,1
O=C1NC(=O)C(c2ccc(O)cc2)N1,-2.1731049195,0.0,1,False,0,1
Clc1cc(Cl)c(-c2c(Cl)c(Cl)cc(Cl)c2Cl)c(Cl)c1,-8.4901,0.0,1,False,0,1
O=C(CCCN1CCC(O)(c2ccc(F)cc2)CC1)c1ccc(F)cc1,-2.83,0.0,1,False,0,1
CC1=CCCC2(C)C(OC=O)C(C)CCC12C,-5.0311421132,0.0,1,False,0,1
O=C1CCC/C=C\CCCCCCCCCC1,-5.560732278400001,0.0,1,False,0,1
NS(=O)(=O)c1cc2c(cc1C(F)(F)F)NC=NS2(=O)=O,-0.8186,0.0,1,False,0,1
CCCCCCCc1ccc(O)cc1,-3.6597017052,0.0,1,False,0,1
CCCCC(=O)O,-0.490652149,0.0,1,False,0,1
CCCCCCc1ccc(O)cc1O,-2.5895,0.0,1,False,0,1
COC(Cc1ccccc1)OC,-1.6296186709,0.0,1,False,0,1
O=C1OCc2ccc(Br)cc21,-2.6472,0.0,1,False,0,1
NC(=S)SCC(=O)O,-0.7482,0.0,1,False,0,1
BrC1CC(Br)CC(Br)CC(Br)CC(Br)CC(Br)C1,-6.9904281999,0.0,1,False,0,1
CCCCCCCCCCCCC(O)CCC,-6.7708,0.0,1,False,0,1
CCCCOC(=O)C(C)OC(C)=O,-0.7536,0.0,1,False,0,1
COC(=O)C1(S(=O)(=O)c2ccc(Br)cc2)CCC1,-3.55,0.0,1,False,0,1
CC12CCC3C(CC=C4CC(O)CCC43C)C1CCC2=O,-4.01,0.0,1,False,0,1
Clc1ccc(-c2c(Cl)c(Cl)cc(Cl)c2Cl)cc1Cl,-8.48,0.0,1,False,0,1
C[C@@H]1O[C@@H](O[C@H]2[C@H](Oc3cc(O)c4c(c3)O[C@H](c3ccc(O)cc3)CC4=O)O[C@H](CO)[C@@H](O)[C@@H]2O)[C@H](O)[C@H](O)[C@H]1O,-2.7224387152999996,0.0,1,False,0,1
CC(CCC(=O)O)CC(=O)O,0.09,0.0,1,False,0,1
CC(C)(C)c1cc(CCC(=O)OCCCCCCOC(=O)CCc2cc(C(C)(C)C)c(O)c(C(C)(C)C)c2)cc(C(C)(C)C)c1O,-8.1064832759,0.0,1,False,0,1
O=C(OCN1C(=O)NC(c2ccccc2)(c2ccccc2)C1=O)C(CO)CO,-2.21,0.0,1,False,0,1
FC(F)Cl,-1.4597341592,0.0,1,False,0,1
CC1CC2C3CCC4=CC(=O)C=CC4(C)C3(F)C(O)CC2(C)C1(O)C(=O)CO,-3.77,0.0,1,False,0,1
CCCCCCCCCCSC(=N)N,-2.71,0.0,1,False,0,1
COc1cc(O)c(CC=C(C)C)c2c1C(=O)CC(c1ccc(O)cc1)O2,-5.44,0.0,1,False,0,1
Cn1nc(S(N)(=O)=O)sc1=NS(=O)(=O)c1cccc([N+](=O)[O-])c1,-2.67,0.0,1,False,0,1
N[C@@H](CS/C(Cl)=C/Cl)C(=O)O,-1.4895,0.0,1,False,0,1
CCC(C)(C)C(=O)OC1CC(C)C=C2C=CC(C)C(CCC3CC(O)CC(=O)O3)C21,-5.48,0.0,1,False,0,1
CC(C)C[C@H](N)C(=O)N[C@@H](CCC(=O)O)C(=O)O,-0.8969,0.0,1,False,0,1
O=C(OCC(=O)N1CCCC1)c1ccccc1,-1.57,0.0,1,False,0,1
CC1(N)CN(c2c(F)c(N)c3c(=O)c(C(=O)O)cn(C4CC4)c3c2F)C1,-4.38,0.0,1,False,0,1
CCCCOP(=O)(CCCC)OCCCC,-2.6995,0.0,1,False,0,1
Clc1ccc(Oc2cccc(Cl)c2)cc1,-5.3873553168,0.0,1,False,0,1
Cn1c(=O)c2[nH]c(/C=C/c3ccccc3)nc2n(C)c1=O,-6.66,0.0,1,False,0,1
CCN(CC)c1ccc([C+](c2ccc(N(CC)Cc3cccc(S(=O)(=O)[O-])c3)cc2)c2ccc(N(CC)Cc3cccc(S(=O)(=O)[O-])c3)cc2)c(C)c1,-0.6229779303,0.0,1,True,1,2
CC1=NN(c2cc(S(=O)(=O)[O-])ccc2Cl)C(=O)C1N=Nc1cc(Cl)ccc1Oc1ccccc1Cl,-2.3162215849,0.0,1,True,1,2
CCOC(C)C,-0.5607,0.0,1,False,0,1
O=C1C=CC(=NNc2ccc([N+](=O)[O-])cc2)C=C1,-4.796,0.0,1,False,0,1
Nc1ncnc2c1ncn2C1OC(COP(=O)(O)OP(=O)(O)OP(=O)(O)O)C(O)C1O,0.2948,0.0,1,False,0,1
O=C(Oc1ccccc1)n1cc(F)c(=O)[nH]c1=O,-2.44,0.0,1,False,0,1
CCCCC(CC)CCl,-4.6808820955,0.0,1,False,0,1
Cc1ccc(OCC(=O)O)cc1,-2.1414,0.0,1,False,0,1
CC(C)(C)[C@@H](O)[C@H](Oc1ccc(Cl)cc1)n1cncn1,-3.6786,0.0,1,False,0,1
C[C@]12CC[C@H]3[C@@H](CCC4=CC(=O)CC[C@@H]43)[C@@H]1CCC2=O,-3.1565006620999996,0.0,1,False,0,1
Clc1cc2c(oc3cc(Cl)c(Cl)c(Cl)c32)c(Cl)c1Cl,-10.3,0.0,1,False,0,1
CC1(C)C2CCC1(C)C(N)(C(=O)O)C2,-1.5961,0.0,1,False,0,1
Clc1ccc(Cl)c(Cl)c1,-3.7024520783,0.0,1,False,0,1
Clc1ccc(-c2ccc(Cl)c(Cl)c2Cl)c(Cl)c1,-7.62,0.0,1,False,0,1
CCc1cccc2ccccc12,-4.1644,0.0,1,False,0,1
OCC1OC(n2c(-c3ccco3)nc3ccccc32)C(O)C1O,-2.92,0.0,1,False,0,1
CCOP(=S)(Oc1ccc([N+](=O)[O-])cc1)c1ccccc1,-5.0169,0.0,1,False,0,1
CNC(=O)Oc1ccccc1OC(CCl)OC,-2.3005,0.0,1,False,0,1
CC(C)=CC=O,0.1165037469,0.0,1,False,0,1
CSc1ncc2nccnc2n1,-1.7561,0.0,1,False,0,1
[NH3+][C@@H]1CCCC[C@@H]1[NH3+],0.8890064826,0.0,1,False,0,1
CC1(C)OC(=O)c2cc(C#N)ccc21,-2.91,0.0,1,False,0,1
CCC(C)C(=O)OC1CCC=C2C=CC(C)C(CCC3CC(O)CC(=O)O3)C21,-5.42,0.0,1,False,0,1
NNP(=S)(NN)c1ccccc1,-1.425,0.0,1,False,0,1
O=[N+]([O-])c1ccc(-c2nc3ccccc3[nH]2)o1,-3.89,0.0,1,False,0,1
CCOP(=O)(SC(C)CC)N1CCSC1=O,-1.4589,0.0,1,False,0,1
Clc1ccc(-c2c(Cl)c(Cl)c(Cl)c(Cl)c2Cl)c(Cl)c1Cl,-9.29,0.0,1,False,0,1
COc1cc2nccnc2c(N)c1OC,-1.7102,0.0,1,False,0,1
CCCCOCCOCCCC,-1.9402,0.0,1,False,0,1
C=CC(=O)OCCC(F)(F)C(F)(F)C(F)(F)C(F)(F)C(F)(F)C(F)(F)C(F)(F)C(F)(F)C(F)(F)C(F)(F)C(F)(F)C(F)(F)F,-6.4814770266999995,0.0,1,True,1,4
O=C(O)C=Cc1ccccc1,-2.48,0.0,1,False,0,1
CC(CCC(=O)O)C1CCC2C3C(O)C(O)C4CC(O)CCC4(C)C3CCC12C,-4.35,0.0,1,False,0,1
CCC[C@H]1CCCCN1,-0.8493,0.0,1,False,0,1
Clc1cc(Cl)cc(-c2ccccc2Cl)c1,-6.2999,0.0,1,False,0,1
CCCCC(Cc1cc(C(C)(C)C)c(O)c(C(C)(C)C)c1)(C(=O)OC1CC(C)(C)N(C)C(C)(C)C1)C(=O)OC1CC(C)(C)N(C)C(C)(C)C1,-5.8357203688,0.0,1,False,0,1
Cc1ncoc1C#N,-0.324555733,0.0,1,False,0,1
Nc1nc2c(ncn2COCCOC(=O)c2ccc(CN3CCOCC3)cc2)c(=O)[nH]1,-2.75,0.0,1,False,0,1
O=[N+]([O-])c1ccc(/C=N/O)o1,-2.1934,0.0,1,False,0,1
Cc1c2ccccc2c(C)c2c1ccc1ccccc12,-6.78,0.0,1,False,0,1
CCCCCCCCOc1ccc(C(=O)c2ccccc2)c(O)c1,-5.5137980476,0.0,1,False,0,1
c1ccc2cnccc2c1,-1.456,0.0,1,False,0,1
CCc1ccc2c(c1)C(=O)c1ccccc1C2=O,-5.9842424969,0.0,1,False,0,1
CC(=O)OCCN(CCC#N)c1ccc(N=Nc2nc3ccc([N+](=O)[O-])cc3s2)cc1,-4.3409088982999995,0.0,1,False,0,1
COc1cccc(Nc2ccccc2C(=O)O)c1,-4.8,0.0,1,False,0,1
O=C(O)c1ccc(N=C=S)cc1,-3.98,0.0,1,False,0,1
CC1(C)SC2C(NC(=O)C(N)c3ccc(O)cc3)C(=O)N2C1C(=O)O,-2.17,0.0,1,False,0,1
CC1(C)CCC[C@]2(C)[C@H]3CCO[C@]3(C)CC[C@@H]12,-5.0994877858,0.0,1,False,0,1
CCCC(=O)OC,-0.8331,0.0,1,False,0,1
C1CCOCOC1,0.4107896597,0.0,1,False,0,1
NS(=O)(=O)c1cc2c(s1)S(=O)(=O)CCC2,-2.68,0.0,1,False,0,1
c1cc2c3c(c4ccc5ccccc5c4cc3c1)CC2,-7.8613,0.0,1,False,0,1
COP(=S)(OC)Oc1ccc([N+](=O)[O-])cc1,-3.68,0.0,1,False,0,1
Cc1ccc(CO)cc1,-1.1999,0.0,1,False,0,1
CCOC(=O)c1nn(-c2ccc(OC)cc2)c2c1CCN(c1ccc(N3CCCCC3=O)cc1)C2=O,-4.6282058436,0.0,1,False,0,1
CCCCC(CC)COCCCNC(=O)Nc1cccc2c(NC(=O)NCCCOCC(CC)CCCC)cccc12,-8.0680715196,0.0,1,False,0,1
CCCCOc1ccc(C(=O)OCC)c(N(CC)CC)c1,-3.84,0.0,1,False,0,1
C=C/C=C/CC/C=C/CC,-3.34190657,0.0,1,False,0,1
Cc1nc2c(=O)n(C)c(=O)n(C)c2nc1C,-1.3429,0.0,1,False,0,1
O=C1NC(c2ccccc2)(c2ccccc2)C(=O)N1CO,-3.3,0.0,1,False,0,1
NC(Cc1cc(I)c(Oc2ccc(O)c(I)c2)c(I)c1)C(=O)O,-5.22,0.0,1,False,0,1
Cc1nn(-c2ccccc2)c([O-])c1N=Nc1c([O-])cc(S(=O)(=O)[O-])c2ccccc12,-1.2121028981,0.0,1,True,1,6
CCC1C(N)CN1c1c(F)cc2c(=O)c(C(=O)O)cn(C3CC3)c2c1F,-3.81,0.0,1,False,0,1
CC(c1ccccc1)c1ccccc1,-4.6925039386,0.0,1,False,0,1
O=C(O)[C@H](O)[C@H](O)[C@H](O)[C@@H](O)C(=O)O,0.1999,0.0,1,False,0,1
N=C(N)c1ccc(CCc2ccc(C(=N)N)o2)o1,-1.02,0.0,1,False,0,1
CCCCC(CC)COC(=O)OOC(=O)OCC(CC)CCCC,-2.5951754429,0.0,1,False,0,1
O=S(=O)(C1CCCCC1)C1CCCCC1,-2.06,0.0,1,False,0,1
CC(=O)[O-],0.0015205721000000258,0.7774422457175612,14,True,14,10
OCc1ccc(Cl)cc1Cl,-2.248,0.0,1,False,0,1
OC(=S)CCCCCCC(O)=S,-2.24,0.0,1,False,0,1
NC(=O)N=NC(N)=O,-3.5462434596,0.0,1,False,0,1
O=C(O)CC(=O)O,0.8652,0.0,1,False,0,1
O=C(O)CN(CCN(CC(=O)O)CC(=O)O)CC(=O)O,-2.7667755992000003,0.0,1,False,0,1
O=C([O-])/C=C\C(=O)[O-],-2.0840678994,0.0,1,True,1,2
O=C(O)c1ccnc(C(=O)O)c1,-1.8268,0.0,1,False,0,1
Nc1ncn[nH]1,0.8326929954000001,0.0,1,False,0,1
O=C(O)c1cc(C(=O)O)cc(S(=O)(=O)[O-])c1,0.1093959475,0.0,1,True,1,2
CSSC,-1.4969,0.0,1,False,0,1
C1=CCC=CC1,-2.0587,0.0,1,False,0,1
c1ccc2c(c1)Nc1ccccc1S2,-5.59,0.0,1,False,0,1
CNC(=O)/C=C(\C)OP(=O)(OC)OC,0.6514,0.0,1,False,0,1
CCCCN(CCCC)CCCC,-3.1157,0.0,1,False,0,1
Cc1ccccc1NC(=O)C1=Cc2ccccc2/C(=N/Nc2ccc(Cl)cc2[N+](=O)[O-])C1=O,-7.5632144901,0.0,1,False,0,1
CCCCOC(=O)CCC(C)(OOC(C)(C)C)OOC(C)(C)C,-5.1898813447,0.0,1,False,0,1
CCCCN(C)N=Nc1ccc(C(=O)O)cc1,-1.81,0.0,1,False,0,1
OCCOCCOCCOCCO,0.7116903978,0.0,1,False,0,1
Clc1ccc(Oc2ccc(Cl)c(Cl)c2)cc1,-5.6603,0.0,1,False,0,1
O=C1C(O)=C(O)OC1C(O)CO,0.2769999999999999,0.0,1,False,0,1
NC(Cc1c[nH]c2ccccc12)C(=O)O,-1.77,0.0,1,False,0,1
CNC(=S)NN,-0.465572855,0.0,1,False,0,1
CCCCOC(C)=O,-1.2199585633,0.0,1,False,0,1
Brc1c(Br)c(Br)c(CCc2c(Br)c(Br)c(Br)c(Br)c2Br)c(Br)c1Br,-9.1299878036,0.0,1,False,0,1
CCN(CC)c1cc(NC(C)=O)c(N=Nc2c(Cl)cc([N+](=O)[O-])cc2[N+](=O)[O-])cc1OC,-4.6673277833,0.0,1,False,0,1
O=C(O)c1ccc(Cl)c([N+](=O)[O-])c1,-2.76,0.0,1,False,0,1
CCOP(=O)([O-])C(N)=O,0.7693,0.0,1,True,1,2
CCN(CC)C(=O)/C(C#N)=C\c1cc(OC(=O)NC(C)(C)C)c(O)c([N+](=O)[O-])c1,-3.53,0.0,1,False,0,1
O=C1CCC(=O)N1,0.39,0.0,1,False,0,1
CCC(=O)C(C)=O,-0.1764,0.0,1,False,0,1
CC(C)CC(NC(=O)CC(O)C(CC1CCCCC1)NC(=O)C(Cc1c[nH]cn1)NC(=O)C(Cc1ccccc1)NC(=O)OC(C)(C)C)C(=O)NCc1cccc(CN)c1,-4.7,0.0,1,False,0,1
COCCOCCOCCOCCOC,0.6530976581,0.0,1,False,0,1
O=CNC(Nc1ccc(Cl)c(Cl)c1)C(Cl)(Cl)Cl,-3.3228,0.0,1,False,0,1
Cc1cc(S(=O)(=O)[O-])ccc1N/N=C1/C(=O)C=Cc2ccccc21,-0.4366004304,0.0,1,True,1,2
O=c1nccc[nH]1,0.6749,0.0,1,False,0,1
Cc1c[nH]c(=S)[nH]c1=O,-2.4461,0.0,1,False,0,1
CCCCCCCCCCCC[n+]1ccccc1,-0.4539105371,0.0,1,True,1,2
C1=Cc2cccc3cccc1c23,-3.9756,0.0,1,False,0,1
CCN(CC)C(=O)COC(=O)c1ccccc1O,-2.56,0.0,1,False,0,1
O=C1CC2CCC1C2,-1.7565,0.0,1,False,0,1
CC1(C)C(C=C(Cl)Cl)C1C(=O)OC(C#N)c1ccc(F)c(Oc2ccccc2)c1,-7.337000000000001,0.0,1,False,0,1
O=c1ccc2ccccc2[nH]1,-2.1394,0.0,1,False,0,1
Nc1nccs1,-0.36,0.0,1,False,0,1
COC(C)(C)CC(C)=O,0.3326,0.0,1,False,0,1
Cc1c[nH]c(=O)[nH]c1=O,-1.5187,0.0,1,False,0,1
O=C(O)C1CCNCC1C(=O)O,-0.5395,0.0,1,False,0,1
CC1(C(=O)O)CCCC=C1C(=O)O,-1.9642,0.0,1,False,0,1
CCC1(CC)C(=O)N(c2ccccc2)N=C1OC(C)=O,-3.54,0.0,1,False,0,1
C[C@@H](CCl)[N+](=O)[O-],-1.1887,0.0,1,False,0,1
O=C([O-])CC(O)(CC(=O)[O-])C(=O)[O-],-0.9241155101111109,1.6917712332306505,9,True,9,8
Clc1ccc(C(c2ccccc2Cl)C(Cl)(Cl)Cl)cc1,-7.13,0.0,1,False,0,1
CC1=C(C(=O)O)N2C(=O)C(NC(=O)C(N)C3=CCC=CC3)C2SC1,-1.22,0.0,1,False,0,1
Nc1ccc(N/N=C2\C=Cc3c(cccc3S(=O)(=O)[O-])C2=O)cc1,-1.2915600389,0.0,1,True,1,2
O=C(O)COc1cc(Cl)cc(Cl)c1Cl,-3.0,0.0,1,False,0,1
Cn1c(=O)c2[nH]c(-c3ccccc3)nc2n(C)c1=O,-5.0,0.0,1,False,0,1
Clc1ccc(Cl)c(Oc2ccc(Cl)c(Cl)c2)c1,-7.07,0.0,1,False,0,1
COCCN(C(=O)CCl)c1c(C)cccc1C,-2.09,0.0,1,False,0,1
Oc1ccc(O)cc1,-0.9636183054499999,1.0845344931682712,2,True,1,2
CNC(=O)Oc1c(C(C)(C)C)cc(C)cc1C(C)(C)C,-4.598,0.0,1,False,0,1
CC(C)(C)c1ccc(OC(=O)c2cc(C(C)(C)C)c(O)c(C(C)(C)C)c2)c(C2C(=O)Oc3ccc(C(C)(C)C)cc32)c1,-8.848512616699999,0.0,1,False,0,1
CC(C)(SC(=O)N1CCCCC1)c1ccccc1,-4.1196,0.0,1,False,0,1
O=[N+]([O-])c1c(O)cccc1O,-2.0734,0.0,1,False,0,1
CC(C)CC(=O)O,-0.3279248515,0.0,1,False,0,1
Clc1ccc(C(c2ccccc2Cl)C(Cl)Cl)cc1,-6.5052,0.0,1,False,0,1
O=c1cccc2n1C[C@@H]1CNC[C@@H]2C1,0.363,0.0,1,False,0,1
COC(=O)C1CC1S(=O)(=O)c1ccc([N+](=O)[O-])cc1,-3.38,0.0,1,False,0,1
Cc1cc(O)ccc1O,-0.2074175173999999,0.0,1,False,0,1
Nc1ccccc1C(F)(F)F,-1.6756867087,0.0,1,False,0,1
O=[N+]([O-])c1c(Cl)c(Cl)c(Cl)c(Cl)c1Cl,-5.8269,0.0,1,False,0,1
CC(C)COC(=O)C1CCCCC1C(=O)OCC(C)C,-4.1912351395,0.0,1,False,0,1
COc1ccccc1[N+](=O)[O-],-1.9572,0.0,1,False,0,1
Cc1nc(C)c(C(=O)Nc2ccccc2)s1,-1.73,0.0,1,False,0,1
Nc1nc(N)c2nc[nH]c2n1,-1.8,0.0,1,False,0,1
COC=O,0.6985937788,0.0,1,False,0,1
O=C(O)c1nc(Cl)ccc1Cl,-1.3884,0.0,1,False,0,1
CC(CCO)CCO,0.927470714,0.0,1,False,0,1
CC1OC(n2ccc(NC(=O)c3ccc(NC(=O)C(C)(N)CO)cc3)nc2=O)CCC1OC1OC(C)C(N(C)C)C(O)C1O,-2.4904,0.0,1,False,0,1
CN1C(=O)C23CC4=CC=CC(O)C4N2C(=O)C1(CO)SS3,-3.67,0.0,1,False,0,1
CN(C)Cc1ccccc1Cl,-1.8493554218,0.0,1,False,0,1
O=C1NC(=O)C2C3C(C(O)(c4ccccc4)c4ccccn4)=CC(C3=C(c3ccccc3)c3ccccn3)C12,-3.931,0.0,1,False,0,1
C[Si](C)(C)CCN,-1.807,0.0,1,False,0,1
CN(C)C(=O)CCC(=O)N(C)C,0.5035,0.0,1,False,0,1
CC(=O)N(C)C,1.0598721633,0.0,1,False,0,1
CCn1cc(C(=O)O)c(=O)c2cnc(N3CCNCC3)nc21,-2.974,0.0,1,False,0,1
Cn1nc(S(N)(=O)=O)sc1=NS(=O)(=O)C(F)(F)F,-1.16,0.0,1,False,0,1
CC12CCC(CC1=O)C2(C)C,-1.9784,0.0,1,False,0,1
CCNC(=S)NCC,-1.46,0.0,1,False,0,1
CCN(CC[N+](C)(C)CC(C)O)c1ccc(N=Nc2ccc([N+](=O)[O-])cc2Cl)cc1,-0.5625201448499999,0.015027206686053144,2,True,2,2
CCC(C)(C)c1ccccc1O,-2.4912242204,0.0,1,False,0,1
Nc1ncnc2c1ccn2C1OC(CO)C(O)C1O,-1.9515,0.0,1,False,0,1
CC(C)(C)NCC(O)COc1cccc2c1C[C@H](O)[C@H](O)C2,-1.5699,0.0,1,False,0,1
O=C1c2ccccc2C(=O)C1C(=O)C(c1ccccc1)c1ccc(Cl)cc1,-3.5738,0.0,1,False,0,1
CSc1nnc(C(C)(C)C)c(=O)n1N,-2.245,0.0,1,False,0,1
CCCCCCCCCCCCCCCC(=O)N1C(=O)CC[C@H]1C(=O)[O-],-4.0223191177999995,0.0,1,True,1,2
CCC(NC=O)C(=O)O,-0.5918,0.0,1,False,0,1
CC(C)(N)C(=O)O,0.2453,0.0,1,False,0,1
CC1=CCC2C(=O)OC(=O)C2C1,-1.0999943697,0.0,1,False,0,1
C1CCCCCCCCCCC1,-7.0220260604,0.0,1,False,0,1
Cc1[nH]c(=O)n(C(C)C)c(=O)c1Br,-2.0604,0.0,1,False,0,1
CCCCCCCCC(=O)NNC(=O)c1ccncc1,-3.52,0.0,1,False,0,1
C=COC1CCCCC1,-2.5825419737,0.0,1,False,0,1
C[C@H]1CCC2(O)C(C)(C)C3CC[C@@]2(C)C1C3,-3.7259038203,0.0,1,False,0,1
CC(=O)N[C@@H](CSc1ccc(Cl)c(Cl)c1)C(=O)O,-2.8868,0.0,1,False,0,1
CCC(O)(CC)CC,-0.85,0.0,1,False,0,1
CC(C)Cc1ccc(C(C)C(=O)OCC(=O)N(C)CC(N)=O)cc1,-3.41,0.0,1,False,0,1
CC1(C)COC(=O)C1O,0.6515307225,0.0,1,False,0,1
O=NN([O-])c1ccccc1,-6.1946491089,0.0,1,True,1,4
CC[P+](c1ccccc1)(c1ccccc1)c1ccccc1,-1.3321733612,0.5585504807877155,2,True,2,2
CCN(Cc1cccc(S(=O)(=O)[O-])c1)c1ccc(N=Nc2ccc(N=Nc3cccc(S(=O)(=O)[O-])c3)c3ccccc23)cc1,0.1715437669999999,0.0,1,True,1,3
CN1[C@@H]2CC[C@H]1C[C@@H](OC(=O)C(CO)c1ccccc1)C2,-2.0,0.0,1,False,0,1
O=C1CCCCCCCCCCCCCCN1,-2.8739999999999997,0.0,1,False,0,1
FCCCl,-0.5291,0.0,1,False,0,1
NC(=S)NS(=O)(=O)c1ccc(N)cc1,-2.24,0.0,1,False,0,1
COC(C)(C)CCO,-0.072529286,0.0,1,False,0,1
CC1CCC(C(C)C)C(=O)C1,-2.49,0.0,1,False,0,1
COC(=O)C(=O)OC,-0.2919,0.0,1,False,0,1
CC1(O)CCC(C(C)(C)O)CC1,-1.6557,0.030688434303496236,2,True,1,2
O=C(O)CC(Cl)C(=O)O,0.0767,0.0,1,False,0,1
CCN(CC)C(C#N)c1ccccc1,-0.9738,0.0,1,False,0,1
CCC(CO[N+](=O)O)O[N+](=O)O,-1.89,0.0,1,False,0,1
CC(C)CNC(=O)c1cc(N2CC2)c([N+](=O)[O-])cc1[N+](=O)[O-],-3.85,0.0,1,False,0,1
C=C1CC23CC1(O)CCC2C12C=CC(O)C(C)(C(=O)O1)C2C3C(=O)O,-1.84,0.0,1,False,0,1
COc1cc(CC(C(C)=O)C(C)=O)ccc1O,-1.7863659491,0.0,1,False,0,1
CCCCCCCCCCc1ccccc1,-7.959,0.0,1,False,0,1
CCCC(Br)(CCC)C(N)=O,-1.8281,0.0,1,False,0,1
CC(=O)COc1c(C)cccc1C,-1.9185447839,0.0,1,False,0,1
CN1CCCC1c1cccnc1,0.79,0.0,1,False,0,1
CC(=O)Oc1ccccc1C(=O)OCC(N)=O,-1.79,0.0,1,False,0,1
Nc1cccc(Nc2ccccc2C(=O)O)c1,-4.09,0.0,1,False,0,1
CS(=O)(=O)c1ccc(C(=O)C2C(=O)CCCC2=O)c(Cl)c1,-3.2994,0.0,1,False,0,1
O=C1c2ccccc2C(=O)c2c(NCCCOCCOCCO)ccc(NCCCOCCOCCO)c21,0.0571886956,0.0,1,False,0,1
CCCNC(=O)c1cc(N2CC2)c([N+](=O)[O-])cc1[N+](=O)[O-],-3.89,0.0,1,False,0,1
N=C(N)NC(=N)Nc1cccc2ccccc12,-2.3151,0.0,1,False,0,1
S=C(Nc1ccccc1)Nc1ccccc1,-3.9716884266,0.0,1,False,0,1
CCOC(=O)N(C)C(=O)CSP(=S)(OCC)OCC,-2.5177,0.0,1,False,0,1
CC(C)C(O)C(C)(C)CO,-0.6667259261999999,0.0,1,False,0,1
Oc1cccc(Br)c1,-0.8764,0.0,1,False,0,1
CC(C)CC(NC(=O)CC(O)C(CC(C)C)NC(=O)C(Cc1c[nH]cn1)NC(=O)C(Cc1ccccc1)NC(=O)OC(C)(C)C)C(=O)NC(Cc1cccc(CN)c1)C(=O)O,-2.82,0.0,1,False,0,1
CC(=O)C(N=Nc1ccccc1C(=O)O)C(=O)Nc1ccc2[nH]c(=O)[nH]c2c1,-7.330901470700001,0.0,1,False,0,1
Cc1ccc(C2(O)CCN(CCCC(=O)c3ccccc3)CC2)cc1,-1.62,0.0,1,False,0,1
CC(C)N(C(=O)SCC(Cl)=CCl)C(C)C,-4.08,0.0,1,False,0,1
NCCCCC(=O)O,0.9313,0.0,1,False,0,1
Oc1c(Cl)cc(Cl)c(Cl)c1Cc1c(O)c(Cl)cc(Cl)c1Cl,-3.4634,0.0,1,False,0,1
O=S(=O)([O-])CCN1CCOCC1,0.1885297454,0.0,1,True,1,2
COc1cc(NS(=O)(=O)c2ccc(C)cc2)c2c(c1N)C(=O)c1ccccc1C2=O,-5.1125700507,0.0,1,False,0,1
CCC(C)Cl,-2.0012638712,0.0,1,False,0,1
OCCCCCCCl,-1.0824421952,0.0,1,False,0,1
OCC(O)CCl,0.9565,0.0,1,False,0,1
CC(C)(C)CC(C)(C)c1ccc([O-])c(Sc2cc(C(C)(C)CC(C)(C)C)ccc2[O-])c1,-6.4460405944,0.0,1,True,1,3
CCCC(=O)n1c(=O)[nH]cc(F)c1=O,-1.28,0.0,1,False,0,1
O=C(NCCCCCCNC(=O)OCCO)OCCO,-0.92,0.0,1,False,0,1
COc1ccc2nccc(C(O)C3CC4CCN3CC4C(=O)O)c2c1,-2.03,0.0,1,False,0,1
CCCCCCCC[Si](OCC)(OCC)OCC,-6.327740788400001,0.0,1,False,0,1
Cc1cc(Cc2ccc(Cl)cc2Cl)c(Cl)cc1Cl,-7.49,0.0,1,False,0,1
NN=c1nc[nH]c2nccnc12,-1.8632,0.0,1,False,0,1
Cc1cc(C)c(S(=O)(=O)[O-])c(C)c1Nc1ccc(Nc2c(C)cc(C)c(S(=O)(=O)[O-])c2C)c2c1C(=O)c1ccccc1C2=O,-1.7922611704,0.0,1,True,1,3
Nc1cnn(-c2ccccc2)c(=O)c1Cl,-2.7436,0.0,1,False,0,1
NNP(=O)(Oc1ccccc1)Oc1ccccc1,-2.2373,0.0,1,False,0,1
C#CC1(O)CCC2C3CCc4cc(O)ccc4C3CCC21C,-4.47,0.0,1,False,0,1
N#CCO/N=C(\C#N)c1ccccc1,-3.2899,0.0,1,False,0,1
Brc1cccc(Nc2ncnc3cc4[nH]ncc4cc23)c1,-3.96,0.0,1,False,0,1
CCC(C)(O)C(O)c1ccccc1,-1.7244,0.0,1,False,0,1
Nc1cccc2cc(S(=O)(=O)O)ccc12,-2.24,0.0,1,False,0,1
Clc1cc(Cl)c(-c2ccc(Cl)c(Cl)c2Cl)cc1Cl,-8.3813,0.0,1,False,0,1
O=C1C=CC=C2C(=O)C(NNc3cc(S(=O)(=O)[O-])ccc3O)=CC=C12,-0.9011960035,0.0,1,True,1,2
COC(C)(C)CCOC(C)=O,-0.4390291979,0.0,1,False,0,1
COc1ccc2c(c1)C13CCCCC1C(C2)N(C)CC3,-3.48,0.0,1,False,0,1
Nc1ccc(O)cc1,-0.8,0.0,1,False,0,1
CCCCO[P+](=O)OCCCC,-1.4249,0.0,1,False,0,1
CCC(CC)CO[Si](OCC(CC)CC)(OCC(CC)CC)OCC(CC)CC,-8.1906449159,0.0,1,False,0,1
ClC1(Cl)C2(Cl)C3(Cl)C4(Cl)C(Cl)(Cl)C5(Cl)C3(Cl)C1(Cl)C5(Cl)C24Cl,-6.8074,0.0,1,False,0,1
NC(Cc1ccc(O)c(O)c1)C(=O)O,-1.5959,0.0,1,False,0,1
CCCC(=O)OCSc1ncnc2c1ncn2COC(=O)CCC,-3.71,0.0,1,False,0,1
CCCCC(O)CN(/N=C\c1ccc([N+](=O)[O-])o1)C(N)=O,-3.5716,0.0,1,False,0,1
Cc1ccc(OP(=O)(Oc2cccc(C)c2)Oc2ccccc2C)cc1,-6.01,0.0,1,False,0,1
O=S(=O)(O)c1cccc(Nc2nc(NCCO)nc(Nc3ccc(/C=C/c4ccc(Nc5nc(NCCO)nc(Nc6cccc(S(=O)(=O)O)c6)n5)cc4S(=O)(=O)O)c(S(=O)(=O)O)c3)n2)c1,-0.8876904267,0.0,1,True,1,5
O=C(O)CCCCc1ccccc1,-2.4657,0.0,1,False,0,1
CC(C)(C)c1cc(CCC(=O)OCCSCCOC(=O)CCc2cc(C(C)(C)C)c(O)c(C(C)(C)C)c2)cc(C(C)(C)C)c1O,-5.8081724723,0.0,1,False,0,1
Oc1ccc(Br)cc1Br,-2.1225,0.0,1,False,0,1
O=C(O)C(I)=C(Br)I,-1.2891,0.0,1,False,0,1
Nc1c(Cl)c(Cl)nc(C(=O)O)c1Cl,-2.7494,0.0,1,False,0,1
O=S(=O)([O-])c1ccc(O)cc1,-8.3631893131,0.0,1,True,1,2
CNc1ccc(O)cc1,-0.838079267,0.0,1,True,1,3
C[C@@H]1C[C@H]2[C@@H]3C[C@H](F)C4=CC(=O)C=C[C@]4(C)[C@@]3(F)[C@@H](O)C[C@]2(C)[C@@]1(O)C(=O)CO,-5.6133,0.0,1,False,0,1
Cc1cc(Cl)c(Cl)c(Cl)c1Cc1ccccc1Cl,-7.24,0.0,1,False,0,1
Clc1ccc(Oc2c(Cl)ccc(Cl)c2Cl)c(Cl)c1,-7.24,0.0,1,False,0,1
CCNC(=O)[C@H](C)OC(=O)Nc1ccccc1,-1.8293,0.0,1,False,0,1
CCC(=O)Oc1ccc([N+](=O)[O-])cc1,-3.8925,0.0,1,False,0,1
CO[P+](=O)OC,-0.0375898256999999,0.0,1,False,0,1
CCC(C)c1cc(C(C)CC)c(O)c(C(C)CC)c1,-5.5497933448,0.0,1,False,0,1
COc1ccccc1CC(C)NC(C)Cc1ccccc1OC,-2.0,0.0,1,False,0,1
Clc1cc2c(oc3c(Cl)c(Cl)c(Cl)c(Cl)c32)c(Cl)c1Cl,-11.4817,0.0,1,False,0,1
NC(=O)NN=C[C@H](O)[C@@H](O)[C@H](O)[C@H](O)CO,-1.0041,0.0,1,False,0,1
O=[N+]([O-])c1ccc(N=Nc2ccc(Nc3ccccc3)cc2)cc1,-7.5229,0.0,1,False,0,1
CCOP(=O)(OCC)SCCSCC,-3.0231500000000002,1.2896920582061437,2,True,1,2
CC1=C(C(=O)O)N2C(=O)C(N)C2SC1,-3.0453554133,0.0,1,False,0,1
O=C1OC(C(O)CO)C(O)=C1O,0.28,0.0,1,False,0,1
O=C1C(=C2Nc3ccccc3C=C2O)C(=O)c2ccccc21,-7.0463600735,0.0,1,False,0,1
OCC1=C[C@H](N[C@H]2C[C@H](CO)[C@@H](O[C@@H]3O[C@H](CO)[C@@H](O)[C@H](O)[C@H]3O)[C@H](O)[C@H]2O)[C@H](O)[C@@H](O)[C@@H]1O,0.3032,0.0,1,False,0,1
CN(/C(N)=N/[N+](=O)[O-])[N+](=O)[O-],-0.6104,0.0,1,False,0,1
C=CC(C)(CCC=C(C)C)OC(C)=O,-3.8157769203,0.0,1,False,0,1
C=C(C)C(=O)OCCOc1ccc(C(C)(C)c2ccc(OCCOC(=O)C(=C)C)cc2)cc1,-5.3792018861,0.0,1,False,0,1
CC12C=CC(=O)C=C1CCC1C3CC(O)C(O)(C(=O)CO)C3(C)CC(O)C12F,-3.68,0.0,1,False,0,1
C=C[C@H]1CN2CCC1C[C@H]2[C@H](O)c1ccnc2ccc(OC)cc12,-2.8121429702999996,0.0,1,False,0,1
O=C(O)CCCOc1ccc(Cl)cc1,-3.29,0.0,1,False,0,1
CCOC(=O)CCl,-0.8005,0.0,1,False,0,1
Cc1cnc2c(ccc3c(C)c(C)cnc32)c1C,-5.1939,0.0,1,False,0,1
Cc1c2ccccc2c(CN2CCOCC2)c2ccccc12,-4.4,0.0,1,False,0,1
Cc1cc(N)ccc1S(=O)(=O)Nc1ccccc1[N+](=O)[O-],-4.51,0.0,1,False,0,1
CCN(C(=O)Oc1cccc(NC(=O)OC(C)C)c1)c1ccccc1,-5.0574,0.0,1,False,0,1
CC(=O)OC(C)(C)C,-1.1443,0.0,1,False,0,1
CN1C[C@@H]2C[C@@H](C1)c1cccc(=O)n1C2,0.6484,0.0,1,False,0,1
Clc1ccc(-c2ccccc2)c(Cl)c1Cl,-6.1799,0.0,1,False,0,1
C/C=C/C(C)O,0.0152,0.0,1,False,0,1
CCCCC(=O)CC,-1.4242,0.0,1,False,0,1
CC(C)CCC(C)O,-1.375,0.0,1,False,0,1
CCN(CC)CCCNc1nc(Nc2ccc(N=Nc3c(S(=O)(=O)O)cc4cc(S(=O)(=O)O)cc(Nc5nc(NCC(C)N)nc(NCC(C)N)n5)c4c3O)cc2)nc(Nc2ccc(N=Nc3c(S(=O)(=O)O)cc4cc(S(=O)(=O)O)cc(Nc5nc(NCC(C)N)nc(NCC(C)N)n5)c4c3O)cc2)n1,-0.7942190429000001,0.0,1,True,1,2
O=C(c1ccccc1)C(O)c1ccccc1,-2.8497223519,0.0,1,False,0,1
c1ccc(C[P+](c2ccccc2)(c2ccccc2)c2ccccc2)cc1,-0.7188245606999999,0.0,1,True,1,2
CO/C=C(/C(=O)OC)c1ccccc1Oc1cc(Oc2ccccc2C#N)ncn1,-4.8276,0.0,1,False,0,1
CCNc1cc2[o+]c3cc(NCC)c(C)cc3c(-c3ccccc3C(=O)OC)c2cc1C,-1.3909846109,0.0,1,True,1,2
CC(C)(C)c1cc(CCC(=O)NNC(=O)CCc2cc(C(C)(C)C)c(O)c(C(C)(C)C)c2)cc(C(C)(C)C)c1O,-7.04359803,0.0,1,False,0,1
CCC(C)(C)c1cc(O)c(C(C)(C)CC)cc1O,-6.495513117200001,0.0,1,False,0,1
O=S(=O)(O)c1cc(I)c(O)c2ncccc12,-2.2,0.0,1,False,0,1
CC/C=C/CCCCCCCCCCCCCCOCC,-4.7999839607,0.0,1,False,0,1
CCOC(=O)Cc1sc(NS(=O)(=O)c2ccc(N)cc2)nc1C,-2.88,0.0,1,False,0,1
N#CCCCC#N,1.0263,0.0,1,False,0,1
CNC(=O)ON=C(CSC)C(C)(C)C,-1.62,0.0,1,False,0,1
C=CC1CN2CCC1CC2C(=O)c1ccnc2ccccc12,-3.19,0.0,1,False,0,1
Cc1ccccc1[N+](=O)[O-],-2.3243,0.0,1,False,0,1
OC1(c2ccc(Cl)cc2)CCNCC1,-1.7207775313,0.0,1,True,1,3
CC(=O)O[C@]1(C(C)=O)CC[C@H]2[C@@H]3C=C(C)C4=CC(=O)CC[C@]4(C)[C@H]3CC[C@@]21C,-5.284,0.0,1,False,0,1
CCN(CC)c1ccc(N=Nc2c(C#N)cc([N+](=O)[O-])cc2[N+](=O)[O-])c(NC(C)=O)c1,-6.327772594400001,0.0,1,False,0,1
CC(C)CC(C)OP(=S)([S-])OC(C)C,-2.3189749133,0.0,1,True,1,3
CNC(=O)N(c1ccccc1)c1ccccc1,-2.9839461582,0.0,1,False,0,1
Cc1ccc(NO)cc1,-0.7894,0.0,1,False,0,1
Cc1ccc(Nc2nc(Nc3ccc(C)cc3)c(N=Nc3ccccc3C(F)(F)F)c(C)c2C#N)cc1,-7.7171571443,0.0,1,False,0,1
Cc1cccc(CC(C)(C)CO)c1,-2.8265354685000004,0.0,1,False,0,1
C=CC(O)C(C)C,-0.515,0.0,1,False,0,1
CC(C)c1nn(C(=O)NC(C)(C)C)c(=O)n1N,-1.7188473974,0.0,1,False,0,1
CCC(C(=O)O)C(CC)C(=O)O,-0.8608,0.0,1,False,0,1
CC(=O)C(C)=O,0.3661,0.0,1,False,0,1
S=c1ncc2[nH]cnc2[nH]1,-2.5803,0.0,1,False,0,1
CCO/N=C(\OC(=O)c1ccccc1)c1c(OC)ccc(Cl)c1OC,-4.08,0.0,1,False,0,1
O=c1[nH]c(=O)n(Cc2ccc(Cl)cc2)cc1F,-3.49,0.0,1,False,0,1
Cc1cnc2nc[nH]c(=O)c2n1,-1.65,0.0,1,False,0,1
O=C(/C=C/C=C/c1ccc2c(c1)OCO2)N1CCCCC1,-3.853,0.0,1,False,0,1
O=CC(=O)c1ccccc1,-0.74,0.0,1,False,0,1
Nc1cc(Cl)c(Cl)cc1Cl,-3.4359504856,0.0,1,False,0,1
CC12CCc3c(ccc4cc(O)ccc34)C1CCC2O,-4.64,0.0,1,False,0,1
CC(C)(C)C(O)C(Oc1ccc(Cl)cc1)n1cncn1,-3.3918,0.0,1,False,0,1
C/C=C/c1ccc(OC)c(OC)c1,-2.7782267945,0.0,1,False,0,1
CCC(C)C(O)C(C)CC,-2.5108,0.0,1,False,0,1
FC(F)(Cl)C(F)(Cl)Cl,-3.0423,0.0,1,False,0,1
CN1CCCCC1,0.23,0.0,1,False,0,1
CC(C)(C)CCCO,-1.5402,0.0,1,False,0,1
Cc1cccc(N(c2ccccc2)c2ccc(-c3ccc(N(c4ccccc4)c4cccc(C)c4)cc3)cc2)c1,-6.4121983796,0.0,1,False,0,1
CCCCCCCCCCC(C)(C)C(=O)NO,-4.8,0.0,1,False,0,1
CC(=O)CCc1ccc(O)cc1,-1.5520409413,0.0,1,False,0,1
CN(C)C(=O)N(C(=O)c1ccccc1)c1ccc(Cl)c(Cl)c1,-4.3238,0.0,1,False,0,1
CC(=O)OCn1c(=O)[nH]cc(F)c1=O,-1.2,0.0,1,False,0,1
CCCCCCCCC(C)=O,-3.3085,0.0,1,False,0,1
[O-]c1ccccc1N=Cc1c([O-])ccc2ccccc12,-7.432469538099999,0.0,1,True,1,2
CC(=O)OCC(S)CS,-1.2208,0.0,1,False,0,1
CCCCCCOC(=O)c1cccnc1,-2.6538,0.0,1,False,0,1
CCC(C)OC(C)=O,-1.2727,0.0,1,False,0,1
O=C(O)CN1CCCCS1(=O)=O,-0.59,0.0,1,False,0,1
Nc1c(N=Nc2ccc(S(=O)(=O)CCOS(=O)(=O)[O-])cc2S(=O)(=O)[O-])cc(S(=O)(=O)[O-])c(N)c1N=Nc1ccc(S(=O)(=O)CCOS(=O)(=O)[O-])cc1,-0.2891446213,0.0,1,True,1,5
O=C(O)C1C(C(=O)O)C2(Cl)C(Cl)=C(Cl)C1(Cl)C2(Cl)Cl,-2.0457,0.0,1,False,0,1
COP(=O)(OC)OC1=C(Cl)C2C=CCC12,-2.0011,0.0,1,False,0,1
CCOP(=S)(OCC)SCSP(=S)(OCC)OCC,-5.2838,0.0,1,False,0,1
O=S1OCCO1,0.2214,0.0,1,False,0,1
CC(O)C(Cl)(Cl)Cl,-0.7574,0.0,1,False,0,1
CC(NC(N)=O)NC(N)=O,-0.5916,0.0,1,False,0,1
ON=C1C=CC(=NO)c2ncccc21,-3.7998,0.0,1,False,0,1
OC1CCCCCCCCCCC1,-3.9891177261,0.0,1,False,0,1
c1ccc2nc(-c3ccc4ccccc4n3)ccc2c1,-5.4002,0.0,1,False,0,1
NCCc1ccccc1,-0.2823811698,0.0,1,False,0,1
CCOC,-0.0799,0.0,1,False,0,1
CCCCNP(N)(N)=S,-0.7730339165000001,0.0,1,False,0,1
OC(C(F)(F)F)C(F)(F)F,0.020110333,0.0,1,False,0,1
CC(=O)[C@@]1(O)CC[C@H]2[C@@H]3C[C@H](C)C4=CC(=O)C=C[C@]4(C)[C@@]3(F)[C@@H](O)C[C@@]21C,-4.0986,0.0,1,False,0,1
CC1(C)C2CCC1(C)[C@@H](O)C2,-2.319,0.0,1,False,0,1
CN1CCC23c4c5ccc(O)c4OC2C(=O)CCC3C1C5,-2.1,0.0,1,False,0,1
C=COCCCl,-2.3951,0.0,1,False,0,1
Oc1ccc(Sc2ccccc2)cc1,-2.7745,0.0,1,False,0,1
CO[Si](CC(C)C)(OC)C(C)C,-4.0243009096,0.0,1,False,0,1
FC(F)(F)Br,-2.6677709688,0.0,1,False,0,1
Nc1ccc(C(=O)O)c(O)c1,-1.9572,0.0,1,False,0,1
OC(CI)CI,-1.3971,0.0,1,False,0,1
c1ccc2ccccc2c1,-4.3112256046,0.0,1,False,0,1
C[C@@H](Cl)[C@@H](C)Cl,-2.3541,0.0,1,False,0,1
Cn1cncc1CC(N)C(=O)O,0.08,0.0,1,False,0,1
O=C(O)c1cccc(F)c1,-1.9704,0.0,1,False,0,1
C[C@H](N)[C@@H](O)c1ccccc1,-0.8786,0.0,1,False,0,1
O=C1CCC(N2C(=O)c3ccccc3C2=O)C(=O)N1,-2.6758,0.0,1,False,0,1
C[C@]12CC[C@H](O)CC1=CC[C@@H]1[C@@H]2CC[C@]2(C)C(=O)CC[C@@H]12,-4.122,0.0,1,False,0,1
CCCOCCC(=O)OC,-0.6334,0.0,1,False,0,1
CC(C)CCCCCCCCCCO,-5.0007940326,0.0,1,False,0,1
C=C(C)C(=O)OCCCCCCOC(=O)C(=C)C,-4.0436629248,0.0,1,False,0,1
CCCOC(N)=O,-0.1302,0.0,1,False,0,1
Clc1cccc(-c2cc(Cl)c(Cl)cc2Cl)c1,-7.1299,0.0,1,False,0,1
CCCCCCCCCCCCCCCCOC(=O)OOC(=O)OCCCCCCCCCCCCCCCC,-5.7565570001,0.0,1,False,0,1
CONC(=O)c1ccc([N+](=O)[O-])cc1,-2.28,0.0,1,False,0,1
Nc1cccc2cccc(N)c12,-2.3071228572,0.0,1,False,0,1
CCOC(=O)C(Cl)C(=O)OCC,-1.7209723549,0.0,1,False,0,1
O=C[O-],0.20945919926666667,0.6235345887997061,6,True,6,4
CCC(O)CC,-0.2334,0.0,1,False,0,1
O=C(Nc1cc(Cl)c(NC(=O)C2=Cc3ccccc3/C(=N\Nc3cc(Cl)ccc3Cl)C2=O)cc1Cl)C1=Cc2ccccc2/C(=N/Nc2cc(Cl)ccc2Cl)C1=O,-8.1508681249,0.0,1,False,0,1
CCN(CC)c1ccc2cc(-c3n(C)c4ccccc4[n+]3C)c(=O)oc2c1,-1.4505613752000002,0.0,1,True,1,2
C=C(C)C(=O)OC1CC2CCC1(C)C2(C)C,-4.5442204359,0.0,1,False,0,1
CC(C)c1cccc(C(C)CC=O)c1,-3.6773468456,0.0,1,False,0,1
OCc1ccccc1OC1OC(CO)C(O)C(O)C1O,-0.85,0.0,1,False,0,1
CC(C)OC(=O)C1(S(=O)(=O)c2ccc([N+](=O)[O-])cc2)CCCCCC1,-5.0706,0.0,1,False,0,1
O=C([O-])c1ccccc1-c1c2cc(Br)c(=O)c(Br)c-2oc2c(Br)c([O-])c(Br)cc12,-3.9917901483500002,4.457279490745693,2,True,2,5
CC(=O)OCSc1ncnc2c1ncn2COC(C)=O,-2.54,0.0,1,False,0,1
O=C1c2cc(CCCCO)ccc2OCc2ccsc21,-3.92,0.0,1,False,0,1
CCn1nc2cc(-c3cc4c5c(n(CC)nc5c3)-c3ccccc3C4=O)cc3c2c1-c1ccccc1C3=O,-4.3931837232,0.0,1,False,0,1
CC(=O)C1(O)CCC2C3CCC4=CC(=O)CCC4(C)C3CCC21C,-4.71,0.0,1,False,0,1
CCCn1c(=O)c2[nH]c(C34CC5CC(CC3C5)C4)nc2n(CCC)c1=O,-5.85,0.0,1,False,0,1
COc1cc(/C=C/C(=O)O)cc(OC)c1OC,-2.8304701939999997,0.0,1,False,0,1
CC12CC1(C)C(=O)N(c1cc(Cl)cc(Cl)c1)C2=O,-4.8003,0.0,1,False,0,1
Nc1ccc(N=Nc2ccc(S(=O)(=O)[O-])cc2)cc1S(=O)(=O)[O-],-0.5243236254,0.0,1,True,1,3
COc1ccc(CC(C)C=O)cc1,-2.24666187,0.0,1,False,0,1
CCOC(=O)Nc1ccc2c(c1)N(C(=O)CCN1CCOCC1)c1ccccc1S2,-3.9,0.0,1,False,0,1
Cc1cccc(C)c1,-2.8328690377999997,0.0,1,False,0,1
Cc1c(NC(=O)Nc2ccccc2)c(=O)n(-c2ccccc2)n1C,-2.3,0.0,1,False,0,1
CCCCC(CC)COC(=O)c1ccccc1,-5.767784581,0.0,1,False,0,1
CCCC1C[C@@](C)(OC(C)=O)CCO1,-2.2047232328,0.0,1,True,1,2
Cc1ccc(N)cc1,-1.0477452605,0.0,1,False,0,1
CC/C(CC(C)CC)=N\O,-2.1307281267,0.0,1,False,0,1
CCCCCCCCCCCCCCCCCC(=O)OC,-8.39909949195,0.8467456522553737,2,True,1,5
CCC(C)CC,-3.6826,0.0,1,False,0,1
Clc1ccc(Cl)c(Oc2ccc(Cl)c(Cl)c2Cl)c1,-7.7,0.0,1,False,0,1
CCN(CC)c1c([N+](=O)[O-])cc(C(F)(F)F)c(N)c1[N+](=O)[O-],-5.4668,0.0,1,False,0,1
CC(=O)CC(=O)Nc1ccc(C)cc1C,-1.9900786823,0.0,1,False,0,1
Cc1ccc2ccccc2c1,-3.762,0.0,1,False,0,1
C=Cc1ccncc1,-0.5579,0.0,1,False,0,1
Clc1cccc(Cl)c1,-3.0721598006999997,0.0,1,False,0,1
CCCCCCCCl,-3.9957,0.0,1,False,0,1
CCC(C)(O)C(C)(C)C,-1.2708,0.0,1,False,0,1
Oc1ccccc1Oc1ccccc1,-3.2286,0.0,1,False,0,1
O=C(c1ccccc1)c1ccc2n1CCC2C(=O)O,-3.26,0.0,1,False,0,1
CC1(c2ccccc2)C(=O)NC(=O)NC1=O,-2.4581,0.0,1,False,0,1
OC(c1ccc(Cl)cc1)(c1cncnc1)c1ccccc1Cl,-4.374,0.0,1,False,0,1
Nc1ccc(S(=O)(=O)Nc2ccc(Cl)cc2)c(Cl)c1,-4.59,0.0,1,False,0,1
C=C(C)C(=O)OCCCCCC,-3.7554210341,0.0,1,False,0,1
CCCCCCCCCC(=O)OC,-4.6267485225,0.0,1,False,0,1
COC1=CC2OC3C=CC(O)=CC3C(=O)C2C(O)=C1,-2.943,0.0,1,False,0,1
CCCCCCC1(CC)C(=O)NC(=O)NC1=O,-3.05,0.0,1,False,0,1
CCCCNC(=O)n1cc(F)c(=O)[nH]c1=O,-2.4464,0.0,1,False,0,1
CCCOC(=O)CC,-0.82,0.0,1,False,0,1
CN1CC(O)C2=CC(=NNC(N)=O)C(=O)C=C21,-2.72,0.0,1,False,0,1
COc1ccc2c(c1)c(CC(=O)O)c(C)n2C(=O)C=Cc1ccccc1,-5.54,0.0,1,False,0,1
COc1ccc(C(=O)Nc2ccccc2)cc1[N+](=O)[O-],-4.9878258088,0.0,1,False,0,1
CCC(C)C(C)(COC(N)=O)COC(N)=O,-2.366,0.0,1,False,0,1
Cc1cccc([N+](=O)[O-])c1,-2.46,0.0,1,False,0,1
CNC(=O)Oc1cc(C)cc(C(C)C)c1,-3.3575,0.0,1,False,0,1
COCCOCCOCCO,0.7846,0.0,1,False,0,1
C=CCCBr,-2.2473,0.0,1,False,0,1
CCC(=O)OCc1ccc(Cl)cc1Cl,-3.0665,0.0,1,False,0,1
COc1cncnc1N1CCN(CCc2c[nH]c3ccc(CS(=O)(=O)N(C)C)cc23)CC1,-3.76,0.0,1,False,0,1
NC(=O)OC(CCl)CCl,-1.3605,0.0,1,False,0,1
CCCC(C)O,-0.2541408245,0.0,1,False,0,1
BrC1CCC(Br)C(Br)CCC(Br)C(Br)CCC1Br,-7.8728,0.0,1,False,0,1
CCN(CC)C(=S)SSC(=S)N(CC)CC,-4.8603775493,0.0,1,False,0,1
O=S(=O)(Nc1ncccc1Cl)c1ccccc1,-3.17,0.0,1,False,0,1
COC(=O)c1ccc(NC(=O)c2cc(Cl)ccc2Cl)cc1N,-5.7900649855,0.0,1,False,0,1
CN(C)C(=O)c1ccc([N+](=O)[O-])cc1,-1.27,0.0,1,False,0,1
C[C@]12CCC(=O)C[C@@H]1CC[C@@H]1[C@@H]2CC[C@]2(C)[C@@H](O)CC[C@@H]12,-4.9189988506999995,0.0,1,False,0,1
COc1ccc(OC)c(N)c1,-1.8588690394,0.0,1,False,0,1
CCC1(C2=CCCCCC2)C(=O)NC(=O)NC1=O,-3.0,0.0,1,False,0,1
CC1(C)C(C=C(Cl)Cl)C1C(=O)OCc1c(F)c(F)cc(F)c1F,-6.81,0.0,1,False,0,1
c1ccc(COc2ccc3ccccc3c2)cc1,-6.4776739787,0.0,1,False,0,1
CCC(C)(S(=O)(=O)CC)S(=O)(=O)CC,-1.91,0.0,1,False,0,1
CC(=O)c1cccc(N)c1,-1.28,0.0,1,False,0,1
NNC(=O)C(O)C(O)C(O)C(O)CO,-0.4985,0.0,1,False,0,1
CC(C)(C)C(O)C(Cc1ccc(Cl)cc1)n1cncn1,-4.05,0.0,1,False,0,1
CC1=CC(C)(C)Nc2ccccc21,-5.238695803500001,0.0,1,False,0,1
CCOC(=O)[C@@H](N)CC(C)C,-0.5606,0.0,1,False,0,1
O=Cc1c(O)ccc2ccccc12,-3.8935675896,0.0,1,False,0,1
Cc1ccc(C)c(O)c1,-1.5375827569,0.0,1,False,0,1
OCCOCCO,-0.2155208986,1.6825175439607762,2,True,1,2
CN1C(=O)NC(=O)C(C)(C2=CCCCC2)C1=O,-2.91,0.0,1,False,0,1
O=[N+]([O-])c1ccc(Cl)c(Cl)c1,-3.2005181203,0.0,1,False,0,1
CCOC(=O)C(O)(c1ccc(Cl)cc1)c1ccc(Cl)cc1,-4.512,0.0,1,False,0,1
O=c1[nH]c2nc[nH]c(=O)c2[nH]1,-2.96,0.0,1,False,0,1
CCCCCCCCCCCCCCCCCCOC(=O)/C=C/C(=O)OCCCCCCCCCCCCCCCCCC,-7.094152366,0.0,1,False,0,1
CC(=O)Nc1cc(NS(=O)(=O)C(F)(F)F)c(C)cc1C,-3.2365,0.0,1,False,0,1
CCCCC(CC)COC(=O)CC(C)CC(C)(C)C,-5.9549769717,0.0,1,False,0,1
CC(OP(C)(=O)F)C(C)(C)C,-0.9383,0.0,1,False,0,1
O=C(O)COc1cc(Cl)cc(Cl)c1,-2.3617,0.0,1,False,0,1
CCCCCCC(=O)NNC(=O)c1ccncc1,-2.1,0.0,1,False,0,1
Cc1cc(N)ccc1N,-1.07426623205,0.80197463104288,2,True,1,2
COCCC(=O)OC,0.8026937067000001,0.0,1,False,0,1
NC(Cc1cc(Cl)c(O)c(Cl)c1)C(=O)O,-1.7546,0.0,1,False,0,1
CC(C)(C)CO,-0.4012,0.0,1,False,0,1
O=C(O)c1ccccc1C(c1ccc(O)cc1)c1ccc(O)cc1,-3.2626,0.0,1,False,0,1
CNC(=O)N(C)c1nnc(C(F)(F)F)s1,-2.0584,0.0,1,False,0,1
CCC(C)OC(=O)c1cccc([N+](=O)[O-])c1C(=O)[O-],-2.7193,0.0,1,False,0,1
O=C1NCN(c2ccccc2)C12CCN(CCCC(c1ccc(F)cc1)c1ccc(F)cc1)CC2,-4.6772,0.0,1,False,0,1
COP(=S)(OC)Oc1ccc([N+](=O)[O-])cc1Cl,-4.68,0.0,1,False,0,1
CCCCC(=O)OC1(C(=O)CO)C(C)CC2C3CCC4=CC(=O)C=CC4(C)C3(F)C(O)CC21C,-4.71,0.0,1,False,0,1
O=C1c2ccc3c4ccc5c6c(ccc(c7ccc(c2c37)C(=O)N1c1ccc(N=Nc2ccccc2)cc1)c64)C(=O)N(c1ccc(N=Nc2ccccc2)cc1)C5=O,-7.8755092242,0.0,1,False,0,1
CCC(C)C(N)C(=O)O,-0.5033,0.0,1,False,0,1
CC(O)CC=O,1.055,0.0,1,False,0,1
C=Cc1ccccc1,-2.7582717736,0.2870884043274989,2,True,1,3
CNC(=O)Oc1ccccc1C(C)C,-2.6841,0.0,1,False,0,1
NC(=O)NCCCCCC(=O)O,-2.16,0.0,1,False,0,1
Nc1ccc([N+](=O)[O-])c(N)c1,-2.1850914787,0.0,1,False,0,1
C=C1CC2C(CCC3(C)C2CCC3(OC(C)=O)C(C)=O)C2(C)CCC(=O)C=C12,-6.1077931611,0.0,1,False,0,1
Nc1ccc(S(=O)(=O)Nc2cc[nH]c(=O)n2)cc1,-3.55,0.0,1,False,0,1
Oc1c(Cl)cc(Cl)c(Cl)c1Cl,-3.1,0.0,1,False,0,1
CCN(c1ccccc1)c1nc(Cl)nc(Nc2cc(S(=O)(=O)[O-])cc3c2C(=O)/C(=N/Nc2ccccc2S(=O)(=O)[O-])C(S(=O)(=O)[O-])=C3)n1,-0.2667452841,0.0,1,True,1,4
O=C(C1CCCCC1)N1CC(=O)N2CCc3ccccc3C2C1,-2.8927,0.0,1,False,0,1
O=[N+]([O-])c1cc([N+](=O)[O-])c(O)c([N+](=O)[O-])c1,-1.97,0.0,1,False,0,1
Cc1ccc2c(c1N)C(=O)c1ccccc1C2=O,-5.8541,0.0,1,False,0,1
CCCCCCCOC(N)=O,-2.62,0.0,1,False,0,1
C#CCOC(=O)C(C)Oc1ccc(Oc2ncc(Cl)cc2F)cc1,-5.15,0.0,1,False,0,1
OCCSCCO,0.9129678895,0.0,1,False,0,1
COc1cc(S(=O)(=O)CCOS(=O)(=O)[O-])c(C)cc1N=NC1C(=O)N(c2ccc(S(=O)(=O)[O-])cc2)N=C1C,-0.2390039262,0.0,1,True,1,3
Cc1nc2c(c(=O)n(C)c(=O)n2C)n1C,-1.4493,0.0,1,False,0,1
CC(C)OC(=O)Nc1cccc(Cl)c1,-3.3804,0.0,1,False,0,1
CCCc1c(O)n2c(N(C)C)nc3ccc(C)cc3n2c1=O,-3.63,0.0,1,False,0,1
Clc1cc(Cl)cc(Oc2ccc(Cl)c(Cl)c2Cl)c1,-7.86,0.0,1,False,0,1
CCN(CC)C(=O)N(CC)CC,-0.6341,0.0,1,False,0,1
CCCCC(CC)CCCCCc1ccc(S(=O)(=O)[O-])cc1,-0.0969056512,0.0,1,True,1,2
Clc1ccc(Oc2c(Cl)c(Cl)cc(Cl)c2Cl)c(Cl)c1,-8.42,0.0,1,False,0,1
CC(C)OC(=O)C(C(=O)OC(C)C)=C1SCCS1,-3.7306,0.0,1,False,0,1
COP(=S)(OC)SCSc1ccc(Cl)cc1,-5.2939,0.0,1,False,0,1
O=[N+]([O-])c1ccc(OP(=S)(Oc2ccc([N+](=O)[O-])cc2)Oc2ccc([N+](=O)[O-])cc2)cc1,-5.6788341975,0.0,1,False,0,1
CNC(=O)N(C)c1nc2ccccc2s1,-3.5741,0.0,1,False,0,1
CC[NH+](CCO)CCO,0.8755,0.0,1,False,0,1
CCN(CC)CC(OC(=O)c1ccc([N+](=O)[O-])cc1)c1ccccc1,-2.84,0.0,1,False,0,1
Cc1cc(O)c(Cc2ccccc2)c(C)c1Cl,-4.3009,0.0,1,False,0,1
CC1CCCC(=NO)C1=NO,-1.5916,0.0,1,False,0,1
Cc1nc2ncncc2[nH]1,-0.41,0.0,1,False,0,1
C=COC(=O)CCCCCC(C)(C)C,-4.581332510899999,0.0,1,False,0,1
OCC(CBr)(CBr)CBr,-2.2261095189,0.0,1,False,0,1
O=C(O)c1ccc([N+](=O)[O-])cc1[N+](=O)[O-],-1.0665,0.0,1,False,0,1
O=Cc1cc(Br)ccc1Br,-3.8003,0.0,1,False,0,1
CCCCCCCCCCCCCCCCCc1ncc[nH]1,-7.214642713,0.0,1,False,0,1
Cn1ccc(=O)c2ccccc21,-0.9818,0.0,1,False,0,1
O=C(Nc1ccc2[nH]c(=O)[nH]c2c1)C1=Cc2ccccc2/C(=N/Nc2cc(Cl)ccc2Cl)C1=O,-7.461800321799999,0.0,1,False,0,1
N#CCc1ccccc1,-3.0687460001,0.0,1,False,0,1
Clc1cc(-c2cc(Cl)c(Cl)c(Cl)c2Cl)c(Cl)c(Cl)c1Cl,-9.16,0.0,1,False,0,1
N#CCCC#N,0.1752408894,0.0,1,False,0,1
NC(N)=N[N+](=O)[O-],-1.4858424644,0.0,1,False,0,1
CN(C)c1ccc(C(O)(c2ccc(N(C)C)cc2)c2ccc(Nc3ccccc3)c3ccccc23)cc1,-6.9891355524000005,0.0,1,False,0,1
COC1=CCC2=C(CC[C@@H]3[C@@H]2CC[C@]2(C)[C@@H](O)CC[C@@H]32)C1,-4.7610719313,0.0,1,False,0,1
Cc1ccc(S(C)(=O)=O)cc1,-1.9873,0.0,1,False,0,1
C=CC(=O)OC(C)COCC(C)OCC(C)OC(=O)C=C,-1.8755690909,0.0,1,False,0,1
CC12CCC(O)CC1CCC1C2CCC2(C)C(C3=CC(=O)OC3)CCC12O,-4.57,0.0,1,False,0,1
Nc1ccccc1O,-0.7369,0.0,1,False,0,1
CC(Oc1ccc(Cl)cc1Cl)C(=O)O,-2.8271,0.0,1,False,0,1
CCN(CC)CCC(C)(O)c1ccc(OC)c2ccccc12,-1.68,0.0,1,False,0,1
CCN(CC)C(=O)SCc1ccc(Cl)cc1,-3.9641,0.0,1,False,0,1
COc1cc2ncnc(N3CCN(C(=O)Nc4ccc([N+](=O)[O-])cc4)CC3)c2cc1OC,-6.95,0.0,1,False,0,1
N#CCCN(CCC#N)c1ccc(N=Nc2c(Cl)cc([N+](=O)[O-])cc2Cl)cc1,-7.115252612100001,0.0,1,False,0,1
CCC(CC)CC1(C#N)CCCCC1,-6.5873382321000005,0.0,1,False,0,1
CC[C@H]1[C@@H]2C[C@H]3[C@@H]4N(C)c5ccccc5[C@]45C[C@@H](C2C5O)N3[C@@H]1O,-2.8266,0.0,1,False,0,1
CS(=O)(=O)F,-0.5145,0.0,1,False,0,1
Clc1c(Cl)c(Cl)c(Cl)c(Cl)c1Cl,-7.56,0.0,1,False,0,1
COCCO,1.1186,0.0,1,False,0,1
Clc1ccc(Oc2ccccc2Cl)cc1,-5.52,0.0,1,False,0,1
O=c1ccc(Br)ccc1O,-3.5629,0.0,1,False,0,1
CCN(CC[n+]1ccccc1)c1ccc(N=Nc2ccc([N+](=O)[O-])cc2Cl)cc1,-1.5218900849,0.0,1,True,1,2
Clc1ccc(Cl)c(-c2c(Cl)c(Cl)cc(Cl)c2Cl)c1,-7.4254,0.0,1,False,0,1
O=C(O)CCSSCCC(=O)O,-0.9301,0.0,1,False,0,1
Nc1c([N+](=O)[O-])ccc(Oc2ccccc2)c1Cl,-5.0248,0.0,1,False,0,1
Nc1ccc(C#Cc2ccc(N)cc2)cc1,-2.4326,0.0,1,False,0,1
C[Si](C)(C)O[Si](C)(C)O[Si](C)(C)O[Si](C)(C)C,-7.6637,0.0,1,False,0,1
CC(C)(C1CCC(O)CC1)C1CCC(O)CC1,-3.0976097488,0.0,1,False,0,1
N#Cc1c(Cl)c(Cl)c(Cl)c(C#N)c1Cl,-5.6466,0.0,1,False,0,1
O=C(O)CSC(=S)OCc1ccccc1,-2.68,0.0,1,False,0,1
CC(C)CCCCCOP(=S)([S-])OCCCCCC(C)C,-4.3707014658,0.0,1,True,1,3
O=c1c2ccccc2c(=O)c2c1ccc1c2[nH]c2c3c(=O)c4ccccc4c(=O)c3c3[nH]c4c(ccc5c(=O)c6ccccc6c(=O)c54)c3c12,-4.5096151077,0.0,1,False,0,1
NC(CCC(=O)O)C(=O)[O-],0.3919616292,0.0,1,True,1,2
O=[N+]([O-])c1ccc(Oc2c(Cl)cc(Cl)cc2Cl)cc1,-5.6201,0.0,1,False,0,1
NC(=O)CCC(N)C(=O)O,-0.54,0.0,1,False,0,1
Clc1cc(Cl)c(Cl)c(-c2c(Cl)c(Cl)cc(Cl)c2Cl)c1,-8.5901,0.0,1,False,0,1
O=S(=O)(Nc1cccnc1Cl)c1ccccc1,-3.76,0.0,1,False,0,1
CC(=O)OC1CCCCC1C,-2.5502978569,0.0,1,False,0,1
CCC(C)C1(CC)C(=O)[N-]C(=O)NC1=O,0.1528,0.0,1,True,1,2
CCCCC(CC)C(=O)OCC(C)(C)COC(=O)C(CC)CCCC,-5.0206378696,0.0,1,False,0,1
Clc1ccc(Cl)c(-c2cc(Cl)ccc2Cl)c1,-7.04,0.0,1,False,0,1
CC(O)C(NC(=O)c1ccccc1)C(=O)O,-1.23,0.0,1,False,0,1
COc1ccc2cc(C(C)C(=O)OC(C)OC(=O)CN)ccc2c1,-2.44,0.0,1,False,0,1
Cc1ccc(Nc2ccc(O)c3c2C(=O)c2ccccc2C3=O)c(S(=O)(=O)[O-])c1,-2.4023932811,0.0,1,True,1,2
CC(=O)OC(C)(C)C1CC=C(C)CC1,-3.4762647016,0.6433337220110573,2,True,1,2
c1ccc2c(c1)[nH]c1cnccc12,-3.73,0.0,1,False,0,1
C=COCC(C)C,-1.5236,0.0,1,False,0,1
C1CN(SSN2CCOCC2)CCO1,-3.2596343038,0.0,1,False,0,1
CC(CCN)CC(C)(C)CN,0.4781562172999999,0.0,1,False,0,1
CC1=CC[C@H](C(C)(C)O)CC1,-2.3369999999999997,0.0,1,False,0,1
CCCCCCOC1O[C@H](CO)[C@@H](O)[C@H](O)[C@H]1O,-0.6586987459,0.0,1,False,0,1
Clc1ccc(Cl)c(Oc2cc(Cl)c(Cl)cc2Cl)c1,-7.56,0.0,1,False,0,1
CC(=O)OCCC(C)CCC=C(C)C,-4.095938730199999,0.0,1,False,0,1
CC(=O)/C=C/C=C(\C)CCC=C(C)C,-3.2972120668,0.0,1,False,0,1
Nc1nc(=O)c2nccnc2[nH]1,-3.97,0.0,1,False,0,1
FC1(F)C(F)(F)C(F)(F)C1(F)F,-3.638,0.0,1,False,0,1
CC1=C(CCC(=O)O)C(=O)NC1=O,-0.6608,0.0,1,False,0,1
C/C=C\C=O,0.4120163187,0.0,1,False,0,1
COCCOCCO,0.9203,0.0,1,False,0,1
NS(=O)(=O)c1ccc(CNC(=S)NC(C(=O)O)C(O)c2ccccc2)cc1,-1.29,0.0,1,False,0,1
O=c1c2cnn(CO)c2ncn1CO,-1.72,0.0,1,False,0,1
NS(=O)(=O)c1ccc(Nc2ccnc(NC(=O)NS(=O)(=O)c3ccc(Cl)cc3)n2)cc1,-4.0,0.0,1,False,0,1
CNCl,0.2806,0.0,1,False,0,1
CC(=O)OC1N=C(c2ccccc2Cl)c2cc(Cl)ccc2NC1=O,-5.028666922799999,0.0,1,False,0,1
CC(C)CCOC(=O)c1ccccc1O,-3.1572,0.0,1,False,0,1
CNC(=O)O/N=C1/C2CC(C[C@@H]2C#N)[C@@H]1Cl,-2.0822,0.0,1,False,0,1
CO[Si](CCCN=C=O)(OC)OC,-3.2569810012,0.0,1,False,0,1
Cc1cc(N/N=C2\C=CC(=O)C(C(=O)[O-])=C2)c(OCCCS(=O)(=O)[O-])cc1N=Nc1ccc([N+](=O)[O-])cc1S(=O)(=O)[O-],0.1614506128999999,0.0,1,True,1,4
O=P(Oc1ccccc1)(Oc1ccccc1)N1CCOCC1,-2.1425,0.0,1,False,0,1
Clc1ccc2ccccc2c1Cl,-6.1611,0.0,1,False,0,1
Nc1ccc(S(=O)(=O)CCOS(=O)(=O)O)cc1,-1.9051186702,0.0,1,False,0,1
N#CCCN(CCC#N)CC(=O)O,0.4578,0.0,1,False,0,1
O=c1c2ccc3c(=O)n4c5ccccc5nc4c4ccc(c2c34)c2nc3ccccc3n12,-5.633055848200001,0.0,1,False,0,1
CCCCCCCC/C=C/CCCCCCCC(=O)N(CCO)CCO,-5.567720212,0.0,1,False,0,1
CC1(C)OC2CC3C4CCC5=CC(=O)C=CC5(C)C4(F)C(O)CC3(C)C2(C(=O)CO)O1,-4.31,0.0,1,False,0,1
CCCCC(CC)CN,-1.7134804626,0.0,1,False,0,1
CCCCOC(=O)Oc1ccc(NC(C)=O)cc1,-3.37,0.0,1,False,0,1
OCC(Cl)(Cl)Cl,-0.2537,0.0,1,False,0,1
Oc1cccc2nccnc12,-1.3468,0.0,1,False,0,1
NC(=O)[C@@H]1CCC[NH2+]1,0.7853597575,0.0,1,False,0,1
Nc1ccc(N=Nc2ccccc2)c(N)c1,-3.5461827802499997,0.7757204913656329,2,True,1,3
CNc1ccccc1C(=O)O,-2.8784,0.0,1,False,0,1
CCCCNC(=O)NS(=O)(=O)c1ccc(C)cc1,-3.17,0.0,1,False,0,1
O=C1OCc2ccc(Cl)cc21,-2.4817,0.0,1,False,0,1
O=C(O)c1cc(Br)co1,-1.1841,0.0,1,False,0,1
Clc1cc2c(Cl)ccc(Cl)c2cc1Cl,-7.5163,0.0,1,False,0,1
Nc1ccc(N=Nc2cccc(N=Nc3ccc(N)cc3N)c2)c(N)c1,-4.197152695,0.0,1,False,0,1
CC1CCCC1,-3.3019,0.0,1,False,0,1
CC1=CCC(C)C(C)C1=O,-1.8852669619,0.0,1,False,0,1
Nc1cccnc1N,-1.75,0.0,1,False,0,1
O=C([O-])c1cc2ccccc2c(Cc2c(O)c(C(=O)O)cc3ccccc23)c1O,-0.9807588825,0.0,1,True,1,2
NS(=O)(=O)c1cc(C(=O)c2ccc(O)cc2)cs1,-2.8612,0.0,1,False,0,1
COCc1ccc([N+](=O)[O-])o1,-1.1548,0.0,1,False,0,1
C=CCOc1ccccc1C(N)=O,-2.2273,0.0,1,False,0,1
CC(C)CNCc1ccc(C(=O)c2csc(S(N)(=O)=O)c2)cc1,-2.05,0.0,1,False,0,1
Nc1ccc(-c2ccc(N)c3c2C(=O)c2ccccc2C3=O)c2c1C(=O)c1ccccc1C2=O,-6.293710562799999,0.0,1,False,0,1
CCCCC(=O)OC1CCC2C3CCC4=CC(=O)CCC4(C)C3CCC12C,-6.19,0.0,1,False,0,1
CC12C=CC(=O)C=C1CCC1C2C(=O)CC2(C)C1CCC2(O)C(=O)CO,-3.48,0.0,1,False,0,1
CCOC(=O)CN(C)C(=O)COC(=O)c1ccccc1OC(C)=O,-2.55,0.0,1,False,0,1
CCCCCC(C)=O,-1.4333383705,0.0,1,False,0,1
Cc1ccnc(NS(=O)(=O)c2ccc(N)cc2)n1,-2.63,0.0,1,False,0,1
Clc1cc(Oc2c(Cl)c(Cl)cc(Cl)c2Cl)c(Cl)c(Cl)c1Cl,-10.1,0.0,1,False,0,1
CC1(C)[C@H]2C[C@@H]3O[C@]3(C)[C@@H]1C2,-2.5936884915,0.0,1,False,0,1
Sc1ccccc1,-2.1204,0.0,1,False,0,1
Cc1cc(C2(c3ccc(O)c(C)c3)CCCCC2)ccc1O,-5.3715223063,0.0,1,False,0,1
c1ccc2c(c1)CCN2,-1.0427,0.0,1,False,0,1
Cc1ccc(Cl)c(Cl)c1,-3.7755457257,0.0,1,False,0,1
CC1CCCCC1,-3.8459348013,0.0,1,False,0,1
O=[N+]([O-])c1c2ccccc2cc2ccccc12,-6.2918,0.0,1,False,0,1
Cc1cc(C(C)(C)c2cc(C)c(O)c(C)c2)cc(C)c1O,-4.952868802799999,0.0,1,False,0,1
C=CCCCCCCCCC(=O)NCCC[N+](C)(C)C,0.0940632128999999,0.0,1,True,1,2
Cc1c(CNC(=O)CCl)c(C)c(Nc2cc(S(=O)(=O)[O-])c(N)c3c2C(=O)c2ccccc2C3=O)c(C)c1CNC(=O)CCl,-1.0175519333,0.0,1,True,1,2
CC(=O)Nc1nnc(S(N)(=O)=O)s1,-2.44,0.0,1,False,0,1
CCCCc1c(C)[nH]c(N(C)C)nc1=O,-2.2416,0.0,1,False,0,1
CNCC(=O)Nc1cc(Cl)c(S(N)(=O)=O)cc1S(N)(=O)=O,-1.27,0.0,1,False,0,1
ClCc1ccccc1,-2.3822,0.0,1,False,0,1
O=C1CCCCCCCCCCCCCCO1,-5.9037897228,0.0,1,False,0,1
CCC(=C(CC)c1ccc(O)cc1)c1ccc(O)cc1,-4.35,0.0,1,False,0,1
O=S(=O)(c1ccc(O)cc1)c1ccc(O)cc1,-2.3570247849,0.0,1,False,0,1
Cc1cc(=O)c2ccccc2[nH]1,-1.2019,0.0,1,False,0,1
O=S(=O)(O)c1ccc2oc3ccccc3c2c1,-0.47,0.0,1,False,0,1
C=CC(=O)OCCCOCC(COCCCOC(=O)C=C)OCCCOC(=O)C=C,-2.5527472821,0.0,1,False,0,1
CC1=CCCC(C)(C)C1C(C)CCC=O,-4.6532020914,0.0,1,False,0,1
COc1cc(OC)cc(C(=O)N(O)c2cccc(C)c2)c1,-3.61,0.0,1,False,0,1
Cc1ccc(C(C)C)cc1,-3.77,0.0,1,False,0,1
S=C1NCCN1,-0.7083,0.0,1,False,0,1
CC(C)C(C)C,-3.5832,0.0,1,False,0,1
Nc1cccc(N)n1,-0.08,0.0,1,False,0,1
O=C(O)C(Oc1ccccc1Cl)Oc1ccccc1Cl,-2.83,0.0,1,False,0,1
CC[C@H](C)[C@@H](NC(C)=O)C(=O)O,-0.5912,0.0,1,False,0,1
CC1(C)CC/C(=C\c2ccc(Cl)cc2)C1=O,-5.6715911936,0.0,1,False,0,1
OCC1OC(OC2(CO)OC(CO)C(O)C2O)C(O)C(O)C1O,0.79,0.0,1,False,0,1
CC(=O)n1ncc2c(=O)[nH]cnc21,-2.38,0.0,1,False,0,1
O=C(Nc1ccc(Cl)cc1)c1cc2ccccc2cc1O,-5.4738386427,0.0,1,False,0,1
CC(C)CC(=O)Oc1ccc([N+](=O)[O-])cc1,-4.3945,0.0,1,False,0,1
NC(=O)CCNCCO,-0.1211098882,0.0,1,False,0,1
C=CCC1(C(C)CCC)C(=O)NC(=S)NC1=O,-3.4585,0.0,1,False,0,1
CCCCCCC(CO)CCCC,-5.2703037605,0.0,1,False,0,1
O=[N+]([O-])OCCO[N+](=O)[O-],-1.3495,0.0,1,False,0,1
CC(CCl)OP(=O)(OC(C)CCl)OC(C)CCl,-2.4361,0.0,1,False,0,1
OCCBr,0.9032,0.0,1,False,0,1
CC(C)(C)c1nnc(NS(=O)(=O)c2ccc(N)cc2)s1,-3.74,0.0,1,False,0,1
CCCC(Br)C(=O)NC(N)=O,-1.4278,0.0,1,False,0,1
CC(C)(O)c1ccccc1,-1.7593061432,0.0,1,True,1,3
ClC=CCl,-1.3,0.0,1,False,0,1
N#CI,-0.6333,0.0,1,False,0,1
CSc1ccccc1,-2.39,0.0,1,False,0,1
O=[p+]1oc2ccccc2c2ccccc21,-1.7796231349,0.0,1,False,0,1
O=C(O[C@@H]1Cc2c(O)cc(O)cc2O[C@@H]1c1cc(O)c(O)c(O)c1)c1cc(O)c(O)c(O)c1,-1.0591609316,0.0,1,False,0,1
O=C1NC2C(O)C(O)C(O)C(O)C2c2cc3c(c(O)c21)OCO3,-3.8,0.0,1,False,0,1
CC(=O)OC1CC2CCC1(C)C2(C)C,-3.93,0.0,1,False,0,1
CCCCCCCCCCCC1=NCCN1CCO,-3.8986556211,0.0,1,False,0,1
COc1ccc(C(c2ccc(OC)cc2)C(C)[N+](=O)[O-])cc1,-4.5446,0.0,1,False,0,1
COc1c(Cl)cccc1NS(=O)(=O)c1ccc(N)cc1,-4.15,0.0,1,False,0,1
CS(=O)(=O)N(SC(Cl)(Cl)C(F)(Cl)Cl)c1ccccc1,-5.1485,0.0,1,False,0,1
C=CCOCC1CO1,0.049756882,0.0,1,False,0,1
COc1cc2c3c(ccc4c5ccc6c7c(cc(OC)c(c1c34)c75)-c1ccccc1C6=O)C(=O)c1ccccc1-2,-5.5991706951,0.0,1,False,0,1
CC(C)(C)[C@H](O)[C@H](Oc1ccc(Cl)cc1)n1cncn1,-3.9524,0.0,1,False,0,1
[NH3+][C@H](CC(=O)[O-])c1cccc2ccccc12,-1.5902,0.0,1,False,0,1
CN(C=O)c1ccc(S(=O)(=O)N(C)C)cc1,-2.37,0.0,1,False,0,1
Clc1cc(Cl)c(Cl)c(Oc2ccccc2)c1Cl,-7.02,0.0,1,False,0,1
O=[N+]([O-])c1ccc(F)cc1O,-2.05,0.0,1,False,0,1
CCCCOC(=O)c1ccc(O)c(Br)c1,-3.67,0.0,1,False,0,1
O=C(Cl)Cl,-1.1608458422,0.0,1,False,0,1
CCCCCCCCCCCC(=O)OCC(O)CO,-4.6602344394,0.0,1,False,0,1
CCO[Si](OCC)(OCC)OCC,-2.1455655454,0.0,1,False,0,1
CCCCCCOc1ccc(C(=NO)c2ccccc2)c(O)c1,-3.47,0.0,1,False,0,1
NS(=O)(=O)c1nnc(NS(=O)(=O)Cc2ccccc2)s1,-2.7,0.0,1,False,0,1
Cc1cccc(C)c1NC(=O)c1cc(S(N)(=O)=O)c(Cl)cc1O,-3.9,0.0,1,False,0,1
N#CCCOCCN(CCC#N)c1ccc(N=Nc2ccc([N+](=O)[O-])cc2)cc1,-4.5937500267,0.0,1,False,0,1
c1ccc2c(c1)[nH]c1ccccc12,-5.2104276195,0.0,1,False,0,1
CCCC1C(=O)N2C(N(C)C)=Nc3ccc(C)cc3N2C1=O,-3.5380000000000003,0.0,1,False,0,1
CCCCCCC(O)CC,-2.6608,0.0,1,False,0,1
O=S(=O)([O-])c1ccc(Nc2nc(Nc3ccc(/C=C/c4ccc(Nc5nc(Nc6ccc(S(=O)(=O)[O-])cc6)nc(N(CCO)CCO)n5)c(S(=O)(=O)[O-])c4)cc3S(=O)(=O)[O-])nc(N(CCO)CCO)n2)cc1,-0.4642868095,0.0,1,True,1,5
CCCCCCCCCCCC,-6.41,0.0,1,False,0,1
COc1cc(OC)nc(NC(=O)NS(=O)(=O)c2ncccc2C(=O)N(C)C)n1,-3.97,0.0,1,False,0,1
Nc1c(Oc2ccccc2)cc(O)c2c1C(=O)c1ccccc1C2=O,-4.2192268325,0.0,1,False,0,1
CCC[N+](=O)[O-],-0.8,0.0,1,False,0,1
O=S(=O)([O-])c1ccccc1/C=C\c1ccc(-c2ccc(/C=C\c3ccccc3S(=O)(=O)[O-])cc2)cc1,-1.504668533,0.0,1,True,1,3
O=CC(O)CO,-0.489,0.0,1,False,0,1
CCCC(CCC)CCCC1COCCN1CCO,0.9642581623,0.0,1,False,0,1
CCCCC(C)(C)O,-1.0784,0.0,1,False,0,1
CCCCCCCCP(=O)(O)O,-3.0148095518,0.0,1,False,0,1
O=C(O)c1ccc(C(=O)O)o1,-2.2396237358,0.0,1,False,0,1
COP(=O)(OC)OC(=CCl)c1cc(Cl)c(Cl)cc1Cl,-4.52,0.0,1,False,0,1
CC(C)(C)CC(C)(C)c1cc(Cc2cc(C(C)(C)CC(C)(C)C)cc(-n3nc4ccccc4n3)c2O)c(O)c(-n2nc3ccccc3n2)c1,-7.973715535399999,0.0,1,False,0,1
CCc1c2ccccc2cc2c1ccc1ccccc12,-6.796,0.0,1,False,0,1
OCC(O)C(O)C(O)C(O)CO,1.09,0.0,1,False,0,1
CC1CCC(O)CC1,-0.8815,0.0,1,False,0,1
Clc1cc(Cl)c(Cl)c(-c2cc(Cl)cc(Cl)c2Cl)c1,-8.56,0.0,1,False,0,1
CCC1(c2ccccc2)C(=O)NCNC1=O,-2.64,0.0,1,False,0,1
COCC(=O)c1ccccc1,-0.7616,0.0,1,False,0,1
CC1=NN(c2ccc(C)cc2)C(=O)C1N=Nc1ccc(-c2ccc(N=NC3C(=O)N(c4ccc(C)cc4)N=C3C)c(Cl)c2)cc1Cl,-8.2698850372,0.0,1,False,0,1
NC(=O)NS(=O)(=O)c1ccc(N)cc1,-1.97,0.0,1,False,0,1
O=C1OC(=O)c2ccccc21,-1.3644249332,0.0,1,False,0,1
OCc1ccc(Br)cc1,-1.9295,0.0,1,False,0,1
C=C(Br)C(=O)Nc1ccc(Nc2cc(S(=O)(=O)[O-])c(N)c3c2C(=O)c2ccccc2C3=O)c(S(=O)(=O)[O-])c1,-1.0618038915,0.0,1,True,1,3
CC(=O)c1cccc2ccccc12,-2.8846346488,0.0,1,False,0,1
CC12CCC(=O)CC1CCC1C2CCC2(C)C(OC=O)CCC12,-5.32,0.0,1,False,0,1
Nc1cccc(S(=O)(=O)c2cccc(N)c2)c1,-3.5118956043000003,0.0,1,False,0,1
COc1ccc(CC2NCC(O)C2OC(C)=O)cc1,-1.61,0.0,1,False,0,1
CC(C)CCCCCCCOC(=O)CCCCC(=O)OCCCCCCCC(C)C,-6.6301043221,0.0,1,False,0,1
CCC(=O)CC(C)CC,-1.630817582,0.0,1,False,0,1
CC(=O)CC(C)(C)C1CCCCC1,-3.5481536429,0.0,1,False,0,1
CC(C)(C)OOC(C)(C)C#CC(C)(C)OOC(C)(C)C,-5.1145685291000005,0.0,1,False,0,1
CCOC(=O)CC(C)CC(C)(C)C,-3.8230431676,0.0,1,False,0,1
NCCNCCN(CCN)CCN,0.4218033311999999,0.0,1,True,1,2
COc1cc(/C=C/CO)ccc1OC1OC(CO)C(O)C(O)C1O,-1.87,0.0,1,False,0,1
CC/C(C)=C/CCC(C)=O,-2.1925860364,0.0,1,False,0,1
NC(=O)c1c(Cl)cccc1Cl,-1.8427,0.0,1,False,0,1
CCCCC(C)C(C)O,-2.0578,0.0,1,False,0,1
CCCN,1.2283,0.0,1,False,0,1
NS(=O)(=O)c1cc2c(s1)S(=O)(=O)CCC2O,-1.65,0.0,1,False,0,1
CC(C(=O)O)c1cccc(C(=O)c2ccccc2)c1,-3.47,0.0,1,False,0,1
Cc1ccccc1N(O)C(=O)CCc1ccccc1,-2.79,0.0,1,False,0,1
CCC(C)(C)c1cc(-n2nc3ccccc3n2)c(O)c(C(C)(C)CC)c1,-8.545917916,0.0,1,False,0,1
NC(N)=O,0.9578400994,0.0,1,False,0,1
CCCCC(=O)OCC1OC(n2cc(I)c(=O)[nH]c2=O)CC1O,-3.4,0.0,1,False,0,1
C=C(C)c1ccccc1,-3.0080823215,0.0,1,False,0,1
CCCCC(CC)C(=O)OOC(C)(C)CC,-4.116871778,0.0,1,False,0,1
CCC(C)C(=O)OC1CC(O)C=C2C=CC(C)C(CCC3CC(O)CC(=O)O3)C21,-3.35,0.0,1,False,0,1
O=C(O)c1cc(Cl)ccc1N=Nc1ccc(O)cc1,-3.86,0.0,1,False,0,1
CCCC(C)C1(CC)C(=O)NC(=O)NC1=O,-2.39,0.0,1,False,0,1
C[C@H](CCC(=O)O)[C@H]1CC[C@H]2[C@@H]3[C@H](O)[C@H](O)[C@@H]4C[C@H](O)CC[C@]4(C)[C@H]3CC[C@]12C,-4.3465,0.0,1,False,0,1
COc1cc(Cl)c(Cl)c(Cl)c1OC,-4.3701,0.0,1,False,0,1
CC=CCC1(CC=CC)C(=O)NC(=O)NC1=O,-2.2,0.0,1,False,0,1
CCCCCCCCCNC(=O)OCC1OC(O)C(O)C(O)C1O,-2.96,0.0,1,False,0,1
O=Cc1ccc(Br)o1,-1.544,0.0,1,False,0,1
Cc1ccc(C(=O)N(O)c2ccc(Cl)cc2)cc1,-4.42,0.0,1,False,0,1
c1cc2ccc3cccc4ccc(c1)c2c34,-6.1787966156,0.0,1,False,0,1
Clc1ccc(-c2cc(Cl)cc(Cl)c2Cl)c(Cl)c1,-7.82,0.0,1,False,0,1
CCOC(=O)Oc1ccc(NC(C)=O)cc1,-2.67,0.0,1,False,0,1
CC(C)CCOC(=O)CC(C)C,-3.5540595352999995,0.0,1,False,0,1
Nc1nc(C(F)(F)F)c2[nH]cnc2n1,-3.1346,0.0,1,False,0,1
CCCC(=O)OCn1cnc2c1c(=O)n(C)c(=O)n2C,-1.86,0.0,1,False,0,1
Fc1ccc(CCl)cc1,-2.5442,0.0,1,False,0,1
O=C(Nc1ccc(Cl)cc1C(O)c1ccccc1)c1ccncc1,-5.5299,0.0,1,False,0,1
O=C(O)CCCCCCCCCCCC(=O)O,-3.79,0.0,1,False,0,1
O=C(O)c1cc(-c2ccccc2)nc2ccccc12,-3.1926,0.0,1,False,0,1
C[Si]1(C)O[Si](C)(C)O[Si](C)(C)O[Si](C)(C)O1,-6.953686490700001,0.0,1,False,0,1
c1cc[nH]c1,-0.1734,0.0,1,False,0,1
C=CC1(C(C)CCC)C(=O)NC(=O)NC1=O,-2.36,0.0,1,False,0,1
Cn1c(=O)c2c(ncn2C)n(C)c1=O,-0.91,0.0,1,False,0,1
CC(C)C(C)C(C)C,-4.6961,0.0,1,False,0,1
Cc1ccc2c(c1)C(=O)c1ccccc1C2=O,-6.1171462485,0.0,1,False,0,1
O=C1C=Cc2ccccc2C1=NO,-2.94,0.0,1,False,0,1
CCN(CCCl)CCCl,-3.0265,0.0,1,False,0,1
C=CC(=O)NC(C)(C)CC(C)(C)C,-2.2588292445,0.0,1,False,0,1
ClCc1ccc(Cl)cc1Cl,-3.5129421932,0.0,1,False,0,1
COc1ccc(C(=O)c2coc(S(N)(=O)=O)c2)cc1,-4.1481,0.0,1,False,0,1
O=C1NC(=O)C2(CCCC2)C(=O)N1,-2.349,0.0,1,False,0,1
O=C1CCCCCCCN1,0.6329,0.0,1,False,0,1
ClC1=C(Cl)C2(Cl)C3CC=CC3C1(Cl)C2(Cl)Cl,-5.64,0.0,1,False,0,1
Cc1ccc(NS(=O)(=O)c2cc(NNC3=C4C(=O)C=C(S(=O)(=O)[O-])C=C4C=CC3=N)ccc2Cl)c(C)c1,-0.6308713175,0.0,1,True,1,2
COc1cc(NC(=O)C(N=Nc2ccc(-c3ccc(N=NC(C(C)=O)C(=O)Nc4cc(OC)c(Cl)cc4OC)c(Cl)c3)cc2Cl)C(C)=O)c(OC)cc1Cl,-8.52843673285,0.7409123248271948,2,True,1,3
CCC1C(N)CN1c1cc2c(cc1F)c(=O)c(C(=O)O)cn2C1CC1,-3.91,0.0,1,False,0,1
Brc1cc(Br)c(OCCOc2c(Br)cc(Br)cc2Br)c(Br)c1,-6.5363,0.0,1,False,0,1
CC1CC1(C(=O)O)C(=O)O,0.8412,0.0,1,False,0,1
CC(CN)CCCN,-1.3272487005,0.0,1,False,0,1
CC(=O)CC(C)=Nc1ccc(O)cc1,-3.59,0.0,1,False,0,1
O=C(Nc1ccc([N+](=O)[O-])cc1Cl)c1cc(Cl)ccc1O,-4.44985,1.2172843238126412,2,True,1,2
CCCCCC(=O)N(C)c1ccc(S(=O)(=O)N(C)C)cc1,-2.95,0.0,1,False,0,1
CC(C)CCC(C)Nc1ccc(Nc2ccccc2)cc1,-5.6248375610000005,0.0,1,False,0,1
CC(O)C1C(=O)N2C(C(=O)O)=C(SCC(=N)N(C)C)C(C)C12,-0.28,0.0,1,False,0,1
CCC1CCCCN1C(=O)COC(=O)c1ccccc1,-2.72,0.0,1,False,0,1
CCN1C(=O)C(C(N)=O)=C(C)/C(=N/Nc2cc(Nc3nc(Cl)nc(Nc4ccc(S(=O)(=O)[O-])c(Nc5nc(N)nc(Cl)n5)c4)n3)c(S(=O)(=O)[O-])cc2S(=O)(=O)[O-])C1=O,-0.7590012125,0.0,1,True,1,4
CCC(C)OC(=S)S,0.4688768793,0.0,1,True,1,2
C=CC1CN2CCC1CC2C(O)c1ccnc2ccc(OC)cc12,-2.19120302075,0.8468268091633906,2,True,1,2
COc1cc(OC)c(NC(=O)c2cc3ccccc3cc2O)cc1Cl,-5.3775405806,0.0,1,False,0,1
CCOc1ccc(NC(C)=O)c2cccnc12,-1.5171,0.0,1,False,0,1
C[C@H]1CCCC[C@@H]1C,-4.3341,0.0,1,False,0,1
CCOP(=O)(OCC)OP(=O)(OCC)OCC,0.5373,0.0,1,False,0,1
CC(C)N(C(=O)CCl)c1ccccc1,-2.4806,0.0,1,False,0,1
CCN(CC)CCOC(=O)c1ccc(NC(C)=O)cc1,-1.65,0.0,1,False,0,1
C=C(C)C(=O)OCC[N+](C)(C)CCCS(=O)(=O)[O-],0.9627399696,0.0,1,False,0,1
Clc1cccc(-c2c(Cl)cc(Cl)cc2Cl)c1,-7.1547,0.0,1,False,0,1
CN1C2CCC1[C@@H](C(=O)O)[C@@H](O)C2,-0.0173,0.0,1,False,0,1
CCc1cccc(C)c1N,-1.7061271762,0.0,1,False,0,1
COC(=O)c1ccc(C(=O)OC)c(N=NC(C(C)=O)C(=O)Nc2ccc3[nH]c(=O)[nH]c3c2)c1,-6.3140693713,0.0,1,False,0,1
CCCOC(=O)c1ccc(O)c(I)c1,-3.6865,0.0,1,False,0,1
Nc1ccc2c(c1)C(=O)c1ccccc1C2=O,-6.1366,0.0,1,False,0,1
CCCC1(CCC)C(=O)NC(=O)NC1=O,-2.53,0.0,1,False,0,1
CC(C)CC1NC(=O)CNC1=O,-1.25,0.0,1,False,0,1
O=c1ccc2nc3ccc(O)cc3oc-2c1,-1.0277,0.0,1,False,0,1
NCC(=O)NCC(=O)NCC(=O)O,-0.53,0.0,1,False,0,1
C=C[C@H]1CN2CC[C@H]1C[C@@H]2[C@@H](O)c1ccnc2ccccc12,-3.0887236136,0.0,1,False,0,1
CCn1cc(C(=O)O)c(=O)c2cc(F)c(N3CCN(C)CC3)cc21,-1.47,0.0,1,False,0,1
Clc1cc(Cl)c(Cl)c(-c2cccc(Cl)c2Cl)c1,-6.96,0.0,1,False,0,1
O=C1Nc2ccc(Cl)cc2C(c2ccccc2Cl)=NC1O,-3.6036,0.0,1,False,0,1
Clc1cc(Cl)c2cc(Cl)ccc2c1,-6.5557,0.0,1,False,0,1
COC(=O)C(C)N(C(=O)c1ccccc1)c1ccc(F)c(Cl)c1,-3.982,0.0,1,False,0,1
CC(=O)C(N=Nc1ccc(-c2ccc(N=NC(C(C)=O)C(=O)NN)c(Cl)c2)c(Cl)c1)C(=O)NN,-8.7052973925,0.0,1,False,0,1
Clc1cc(Cl)cc(-c2c(Cl)c(Cl)c(Cl)c(Cl)c2Cl)c1,-9.1,0.0,1,False,0,1
O[Si](O)(c1ccccc1)c1ccccc1,-2.7330206214999997,0.0,1,False,0,1
Cc1cccc(C(=O)O)c1O,-2.04,0.0,1,False,0,1
N#Cc1ccc2c(c1)C(=O)OC2,-2.7021,0.0,1,False,0,1
CCCC[NH+](C)C,-0.6670324644,0.0,1,False,0,1
Nc1ccc(N)cc1,-0.4658,0.0,1,False,0,1
CCCCCCCCCCCCCC(=O)[O-],-6.7070311388,0.0,1,True,1,2
O=c1[nH]c2ccccc2[nH]1,-2.3927519971,0.0,1,False,0,1
COC(=O)c1ccc(NC(C)=O)cc1,-1.9,0.0,1,False,0,1
CCCC(C)C(=O)OCC,-2.4896905423,0.0,1,False,0,1
O=C(O)CNC(Cc1ccc(O)cc1)C(=O)O,-2.59,0.0,1,False,0,1
COc1ccc2c3c1OC1C(OC(C)=O)CCC4C(C2)N(C)CCC341,-1.75,0.0,1,False,0,1
O=C(O)C1=CC(O)C(O)C(O)C1,0.01,0.0,1,False,0,1
c1cnoc1,0.3827,0.0,1,False,0,1
CCONC(=O)c1cn(C)c(=O)c(F)c1Nc1ccc(Br)cc1F,-4.19,0.0,1,False,0,1
CCOC(=O)c1ccc(O)c(OC)c1,-1.72,0.0,1,False,0,1
CC=CCCCC,-3.82,0.0,1,False,0,1
CC(=O)CC(=O)N(C)C,0.8888753261,0.0,1,False,0,1
FC(F)(F)C(Cl)(Cl)Cl,-4.3331923932,0.0,1,False,0,1
CCCCCCOC(=O)c1ccc(O)cc1,-3.949,0.0,1,False,0,1
OC(Cn1cncn1)(c1ccc(F)cc1)c1ccccc1F,-3.3651,0.0,1,False,0,1
NC(Cc1ccc(O)cc1)C(=O)O,-2.6561,0.0,1,False,0,1
O=C([O-])CNS(=O)(=O)c1ccc2ccccc2c1,-2.8497,0.0,1,False,0,1
CCOP(=O)(OCC)OP(=O)(OCC)OP(=O)(OCC)OP(=O)(OCC)OCC,0.2956,0.0,1,False,0,1
CCCCCCCC(=O)OC1C(O)C(O)OC(CO)C1O,-2.63,0.0,1,False,0,1
CCN(CC)c1ccc(N=Nc2c(C#N)cc(C)cc2C#N)c(NS(C)(=O)=O)c1,-7.2331050936,0.0,1,False,0,1
ClCCCCCl,-0.92,0.0,1,False,0,1
COC1=CC(=O)CC(C)C12Oc1c(Cl)c(OC)cc(OC)c1C2=O,-3.97,0.0,1,False,0,1
Cc1ccc(OCCCS(=O)(=O)[O-])c([N+](=O)[O-])c1,0.1703103591,0.0,1,True,1,2
CN1CCN(C2=Nc3cc(Cl)ccc3Nc3ccccc32)CC1,-4.64,0.0,1,False,0,1
Cc1cc(N=Nc2ccc(Nc3nc(N)nc(Cl)n3)c3c(S(=O)(=O)[O-])cccc23)c(C)cc1N=Nc1cc(S(=O)(=O)[O-])ccc1S(=O)(=O)[O-],-0.3869456913,0.0,1,True,1,4
CCOCC,-0.0889,0.0,1,False,0,1
CCC(Br)(CC)C(=O)NC(N)=O,-2.68,0.0,1,False,0,1
O=C(O)C(F)(F)Cl,0.8845,0.0,1,False,0,1
CCC(C)Nc1c([N+](=O)[O-])cc(C(C)(C)C)cc1[N+](=O)[O-],-5.4703,0.0,1,False,0,1
COC(=O)c1ccc(O)c(I)c1,-3.3138,0.0,1,False,0,1
C=CCNC(=O)CN(CC=C)C(=O)C(Cl)Cl,-1.0397,0.0,1,False,0,1
C=CCNC(N)=S,-0.294,0.0,1,False,0,1
COc1ccc2cc(C(C)C(=O)OC(C)C)ccc2c1,-5.48,0.0,1,False,0,1
CCCCOC(=O)C(C)O,-0.5629,0.0,1,False,0,1
CC(C)C1C(C)CCCC1O,-0.29,0.0,1,False,0,1
CCOC(=O)c1ccc(NS(=O)(=O)c2ccccc2)nc1,-4.24,0.0,1,False,0,1
Clc1ccc(Cl)c(-c2ccc(Cl)c(Cl)c2Cl)c1,-7.91,0.0,1,False,0,1
OCC(CO)(CO)CO,-0.3416163866,0.0,1,False,0,1
O=C(O)c1cc2ccccc2cc1O,-3.4172455835,0.0,1,False,0,1
CC(=O)Nc1cc(N(CCOC(C)=O)CCOC(C)=O)ccc1N=Nc1ccc([N+](=O)[O-])cc1Cl,-6.963714866599999,0.0,1,False,0,1
O=C1/C(=N\Nc2ccc(N=Nc3ccc(S(=O)(=O)[O-])cc3)cc2)C(S(=O)(=O)[O-])=Cc2cc(Nc3nc(NCCO)nc(NCCO)n3)ccc21,-0.2836980196999999,0.0,1,True,1,3
NNC(=O)c1ccc([N+](=O)[O-])cc1,-2.16,0.0,1,False,0,1
C[n+]1ccc(-c2cc[n+](C)cc2)cc1,0.4349,0.0,1,True,1,3
Cc1ccc(S(N)(=O)=O)cc1,-1.7421953353,0.0,1,False,0,1
CC(=O)C(N=Nc1ccc(C(=O)Nc2ccc(C(N)=O)cc2)cc1)C(=O)Nc1ccc2[nH]c(=O)[nH]c2c1,-6.672808805599999,0.0,1,False,0,1
O=C(O)COc1ccccc1,-1.1031,0.0,1,False,0,1
CCC(=O)OC/C=C(C)/C=C/C=C(C)/C=C/C1=C(C)CCCC1(C)C,-7.534689739199999,0.0,1,False,0,1
Nc1nc(=O)c(O[C@@H]2O[C@H](CO)[C@@H](O)[C@H](O)[C@H]2O)c(N)[nH]1,-1.4832,0.0,1,False,0,1
C=CC(=O)OC(C)COCC(C)OC(=O)C=C,-1.6682980883,0.0,1,False,0,1
NC(=O)C(Br)(Br)Br,-1.2668,0.0,1,False,0,1
CCOc1nsc(N)n1,-0.6514,0.0,1,False,0,1
C=CC(=O)OCC(C)CC,-2.6532064055,0.0,1,False,0,1
Nc1ccc2c(c1)C=C(S(=O)(=O)O)/C(=N/Nc1ccc(N=Nc3ccc(S(=O)(=O)O)cc3)cc1)C2=O,-0.6359046156,0.0,1,True,1,3
CCC(=O)OOC(=O)CC,-0.9634,0.0,1,False,0,1
O=C(O)c1ccccc1C(=O)O,-1.4245732761,0.0,1,False,0,1
CC(CC(=O)O)CC(C)(C)C(=O)O,-0.2790374966,0.0,1,False,0,1
CC1(C)CC(N(C=O)CCCCCCN(C=O)C2CC(C)(C)NC(C)(C)C2)CC(C)(C)N1,-1.5399557687999998,0.0,1,False,0,1
CCN(CC)C(=O)C(C)OC(=O)c1ccccc1OC(C)=O,-1.6,0.0,1,False,0,1
CC(=O)Oc1ccc(NC(=O)Nc2ccccc2)cc1,-4.44,0.0,1,False,0,1
CCCCCCCCCCCCCCC(C)c1cc(C)cc(C)c1O,-7.335707322699999,0.0,1,False,0,1
Clc1cccc2c(Cl)cccc12,-5.7,0.0,1,False,0,1
OCc1ccc(I)cc1,-2.7460000000000004,0.0,1,False,0,1
O=C(O)c1ccccc1C(=O)c1ccc(O)cc1,-2.73,0.0,1,False,0,1
NNC(=O)c1ccc([N+](=O)[O-])s1,-1.97,0.0,1,False,0,1
C=CC(=O)CCC,-0.83,0.0,1,False,0,1
CCOC(=O)C(=Cc1ccoc1)NC=O,-2.7477,0.0,1,False,0,1
O=C(NC(CO)C(=O)O)c1ccccc1,-0.91,0.0,1,False,0,1
CC(C)=CCCC(C)=CC=O,-2.06,0.0,1,False,0,1
Nc1ccc(N=Nc2ccccc2)cc1,-3.7597030757,0.0,1,False,0,1
Clc1ccc(Oc2c(Cl)c(Cl)c(Cl)c(Cl)c2Cl)c(Cl)c1,-9.64,0.0,1,False,0,1
COc1c(Cl)c(Cl)cc(Cl)c1Cl,-5.1307,0.0,1,False,0,1
CCN(CC)c1ccc(C(c2ccc(N(CC)CC)cc2)c2c(S(=O)(=O)O)ccc3ccc(S(=O)(=O)O)cc23)cc1,-0.6984761494,0.0,1,False,0,1
CC(C)[C@H]1CC[C@@H](C)CC1O,-2.8302608531,0.0,1,False,0,1
ClCc1ccccc1Cl,-3.2069094899,0.0,1,False,0,1
O=[N+]([O-])c1cc(C2CCCCC2)c(O)c([N+](=O)[O-])c1,-4.2492,0.0,1,False,0,1
CCCC(Cn1cncn1)c1ccc(Cl)cc1Cl,-3.5903,0.0,1,False,0,1
CCCCOCCOCCOC(=O)CCCCC(=O)OCCOCCOCCCC,-2.8821848863999997,0.0,1,False,0,1
CC1=NN(c2ccccc2)C(=O)C1N=Nc1ccccc1,-7.5414466266,0.0,1,False,0,1
O=S1(=O)OC(c2ccc(O)cc2)(c2ccc(O)cc2)c2ccccc21,-3.07,0.0,1,False,0,1
CC(=O)N[C@@H](Cc1c[nH]c2ccccc12)C(=O)[O-],-2.3122,0.0,1,False,0,1
COc1cccc(C(N)=O)c1,-1.72,0.0,1,False,0,1
OCC(O)C(O)C(O)C(O)C(O)CO,0.3722,0.0,1,False,0,1
CCCOP(=O)(OCC)OCC,0.4063,0.0,1,False,0,1
C=CCn1c(=O)n(CC=C)c(=O)n(CC=C)c1=O,-1.8526019693,0.0,1,False,0,1
Cn1cnc2nc(Cl)nc(Cl)c21,-1.1522,0.0,1,False,0,1
CCCC(C)C(O)CC,-1.9636,0.0,1,False,0,1
C[C@H](CCC(=O)O)[C@H]1CC[C@H]2[C@@H]3[C@H](O)C[C@@H]4C[C@H](O)CC[C@]4(C)[C@H]3CC[C@]12C,-3.6402,0.0,1,False,0,1
COc1ccc2c(c1)c(CC(=O)O)c(C)n2C(=O)c1ccc(Cl)cc1,-4.77,0.0,1,False,0,1
O=S(=O)(O)c1ccc(O)cc1,0.7590091939,0.0,1,False,0,1
CN/C(=C\[N+](=O)[O-])NCCSCc1ccc(CN(C)C)o1,-2.5,0.0,1,False,0,1
CC(Cl)C(C)Cl,-2.3541,0.0,1,False,0,1
C=CC(=O)NCOCCCC,-0.6536630282,0.0,1,False,0,1
NC(=O)CBr,0.0643,0.0,1,False,0,1
NC1=CC(=O)C(=O)c2ccccc21,-3.84,0.0,1,False,0,1
CCc1cccnc1,0.5379999999999999,0.0,1,False,0,1
c1ccccc1,-1.6423088751,0.0,1,False,0,1
C/C=C/CC(C)C(O)C1C(=O)NC(CC)C(=O)N(C)CC(=O)N(C)C(CC(C)C)C(=O)NC(C(C)C)C(=O)N(C)C(CC(C)C)C(=O)NC(C)C(=O)NC(C)C(=O)N(C)C(CC(C)C)C(=O)N(C)C(CC(C)C)C(=O)N(C)C(C(C)C)C(=O)N1C,-4.64,0.0,1,False,0,1
CC(Cl)(Cl)Cl,-2.14,0.0,1,False,0,1
CCCCCCCCCCCCCC[N+](C)(C)C,-2.8980709963,0.0,1,True,1,3
O=C1C=Cc2ccccc2/C1=N/Nc1ccc(N=Nc2ccc(S(=O)(=O)O)cc2)cc1,-4.65844166,0.0,1,True,1,2
C=CC(=O)OCCOCCOCC,-0.181251006,0.0,1,False,0,1
S=C=Nc1ccccc1,-3.1772,0.0,1,False,0,1
CCCCS(=O)(=O)C(S(=O)(=O)CCCC)S(=O)(=O)CCCC,-2.97,0.0,1,False,0,1
Cc1ncc[nH]1,0.5121363664999999,0.0,1,False,0,1
CCOc1ccc(NC(C)=O)c(C)c1,-1.839,0.0,1,False,0,1
CCCSP(=O)(OCC)Oc1ccc(Br)cc1Cl,-4.365622838,0.0,1,False,0,1
CCCCCN1C(=O)CCC(N2C(=O)c3ccccc3C2=O)C1=O,-4.7,0.0,1,False,0,1
COC1=CC(=O)C2(Oc3c(Cl)c(OC)cc(OC)c3C2=O)C(C)C1,-4.4,0.0,1,False,0,1
CC(C(=O)O)N(CCC#N)CCC#N,-0.17,0.0,1,False,0,1
N=C1C=CC2=CC(S(=O)(=O)[O-])=CC(=O)C2=C1NNc1ccccc1S(=O)(=O)c1ccccc1,-2.0888316761000003,0.0,1,True,1,2
ClC(Cl)=C(c1ccc(Cl)cc1)c1ccccc1Cl,-6.3563,0.0,1,False,0,1
Clc1cccc(-c2ccccc2Cl)c1,-5.5851,0.0,1,False,0,1
S=c1[nH]c2ccccc2[nH]1,-2.176687281,0.0,1,False,0,1
FC(F)(F)C(F)(F)C(F)(F)C(F)(F)C(F)(F)C(F)(F)C(F)(F)C(F)(F)F,-7.6415256675,0.0,1,False,0,1
NC(=O)CNC(=O)OCc1ccccc1,-1.88,0.0,1,False,0,1
CC(=O)OC1(C(C)=O)CCC2C3C=C(C)C4=CC(=O)CCC4(C)C3CCC21C,-5.35,0.0,1,False,0,1
CCOC(=O)CNc1nc(Cl)nc(NC(C)C)n1,-2.5622,0.0,1,False,0,1
C#CC1CN2CCC1CC2C(O)c1ccnc2ccc(OC)cc12,-2.12,0.0,1,False,0,1
CCC(C)(C)CC,-4.2286,0.0,1,False,0,1
O=C(O)CCNC(=O)Nc1ccc([N+](=O)[O-])cc1,-2.7,0.0,1,False,0,1
c1ccc2c(c1)ccc1ccccc12,-5.1903,0.0,1,False,0,1
OCC(O)C(O)C(O)CO,0.6252744890999999,0.0,1,False,0,1
O=C([O-])CN(CCN(CC(=O)[O-])CC(=O)[O-])CCN(CC(=O)[O-])CC(=O)[O-],0.2012984367,0.0,1,True,1,6
Nc1c(N=Nc2cc(Nc3nc(Cl)nc(Nc4cccc(S(=O)(=O)[O-])c4)n3)ccc2S(=O)(=O)[O-])c(S(=O)(=O)[O-])cc2c1C(=O)/C(=N\Nc1cc(Nc3nc(Cl)nc(Nc4cccc(S(=O)(=O)[O-])c4)n3)ccc1S(=O)(=O)[O-])C(S(=O)(=O)[O-])=C2,-0.9572055168,0.0,1,True,1,7
CC(=O)Nc1ccc(C)cc1F,-1.7403,0.0,1,False,0,1
CCC(C)C(=O)O,-0.3559535751,0.0,1,False,0,1
CCOP(=O)(Sc1ccccc1)Sc1ccccc1,-3.3305,0.0,1,False,0,1
CCOC(=O)CC(NC1CCC(CC2CCC(NC(CC(=O)OCC)C(=O)OCC)CC2)CC1)C(=O)OCC,-3.7440777388,0.0,1,False,0,1
N#Cc1cc(Br)c(O)c(Br)c1,-3.3284,0.0,1,False,0,1
O=Cc1cc(O)cc(Br)c1,-3.2502,0.0,1,False,0,1
O=c1cc(Br)c2ccccc2o1,-1.6533,0.0,1,False,0,1
CCN(CC)C(=O)C(C)OC(=O)c1ccccc1,-2.28,0.0,1,False,0,1
c1ccc2c(c1)Cc1cc3ccccc3cc1-2,-7.733,0.0,1,False,0,1
ClCCOCCCl,-1.12,0.0,1,False,0,1
C=CC(C)(CCC=C(C)C)OC(C)OCC,-3.9764017843,0.0,1,False,0,1
C=CC(=O)OCCCCCCCCCCCCCC,-4.428848848,0.0,1,False,0,1
O=C(O)CSC(SCC(=O)O)SCC(=O)O,-1.4243,0.0,1,False,0,1
BrCCc1ccccc1,-3.6757,0.0,1,False,0,1
O=C(O)Cc1cc(O)ccc1O,0.7037,0.0,1,False,0,1
CCOc1ccccc1C(=O)N(O)c1ccccc1,-3.37,0.0,1,False,0,1
CCCCC(CC)COC(=O)C1CCC(C(=O)OCC(CC)CCCC)CC1,-6.926267992300001,0.0,1,False,0,1
CCC1(CCO)C(=O)NC(=S)NC1=O,-1.47,0.0,1,False,0,1
Cn1nc(S(N)(=O)=O)sc1=NS(=O)(=O)c1ccc([N+](=O)[O-])cc1[N+](=O)[O-],-2.74,0.0,1,False,0,1
O=C(OCCOC(=O)c1ccccc1)c1ccccc1,-5.0700925015,0.0,1,False,0,1
O=C([O-])c1cc(S(=O)(=O)[O-])ccc1NN/C(=N\Nc1cc(S(=O)(=O)[O-])cc([N-]c2nc(Cl)nc(N=C3C=C(S(=O)(=O)[O-])C(=Nc4nc(Cl)nc(Nc5cccc(S(=O)(=O)[O-])c5)n4)C=C3S(=O)(=O)[O-])n2)c1[O-])c1ccccc1,-0.8254112341,0.0,1,True,1,8
CCCN(CCC)C(=O)COC(=O)c1ccccc1,-2.3791,0.0,1,False,0,1
Cc1cccc(Cl)c1,-3.5228,0.0,1,False,0,1
CC(C)COC(=O)[C@H](C)Cl,-2.5175442498,0.0,1,False,0,1
O=C(NCCc1c[nH]cn1)c1ccccc1,-0.634,0.0,1,False,0,1
O=C1c2ccccc2C(=O)c2ccccc21,-6.0397604981,0.0,1,False,0,1
O=C1/C(=N/Nc2ccccc2)C(S(=O)(=O)[O-])=Cc2cc(S(=O)(=O)[O-])cc(Nc3nc(Nc4ccc(/C=C/c5ccc(Nc6nc(Nc7cc(S(=O)(=O)[O-])cc8c7C(=O)/C(=N/Nc7ccccc7)C(S(=O)(=O)[O-])=C8)nc(N7CCOCC7)n6)cc5S(=O)(=O)[O-])c(S(=O)(=O)[O-])c4)nc(N4CCOCC4)n3)c21,-1.144796153,0.0,1,True,1,7
NC(=O)c1ccccc1O,-1.76,0.0,1,False,0,1
CCOC(=O)/C=C/c1ccccc1,-3.0130467638,0.0,1,False,0,1
O=[N+]([O-])c1cc([N+](=O)[O-])cc([N+](=O)[O-])c1,-2.8846,0.0,1,False,0,1
Cc1cc(=O)oc2c3c4c(cc12)CCCN4CCC3,-3.89,0.0,1,False,0,1
c1ccc(CNc2ncnc3[nH]cnc23)cc1,-3.6,0.0,1,False,0,1
Cc1cc([N+](=O)[O-])ccc1N/N=C1\C(=O)C(C(=O)Nc2ccccc2C)=Cc2ccccc21,-7.981147656799999,0.0,1,False,0,1
Oc1ccc(Cl)cc1Cc1ccccc1,-3.1666,0.0,1,False,0,1
CN[C@@H](CC(C)C)C(=O)O,-0.5146,0.0,1,False,0,1
O=C([O-])c1ccccc1-c1c2cc(I)c(=O)c(I)c-2oc2c(I)c([O-])c(I)cc12,-1.0993150407,0.0,1,True,1,3
Cc1ccc(C=O)cc1,-1.7237015325,0.0,1,False,0,1
CCC(CC)(Cc1ccc(C)cc1)C(=O)NO,-3.35,0.0,1,False,0,1
Cc1cccc(C)c1OCC(=O)NC(Cc1ccccc1)C(O)C(=O)N1CSC(C)(C)C1C(=O)NC(C)(C)C,-5.01,0.0,1,False,0,1
COC(=O)C1CCC(C(=O)OC)CC1,-1.3871946661,0.0,1,False,0,1
CCC1(CC=C2CCCc3cc(OC)ccc32)C(=O)CCC1O,-4.1227687236,0.0,1,False,0,1
NCc1ccccn1,0.966,0.0,1,False,0,1
CN1CC[C@]23c4c5ccc(OCCN6CCOCC6)c4O[C@H]2[C@@H](O)C=CC3[C@H]1C5,-1.2994,0.0,1,False,0,1
O=C(c1ccccc1)C1CCCCC1,-4.014709734599999,0.0,1,False,0,1
C=CC=C(C)C=CC=CC,-2.09,0.0,1,False,0,1
C/C=C\CC,-2.5384,0.0,1,False,0,1
O=[N+]([O-])C(Cl)(Cl)Cl,-2.0063,0.0,1,False,0,1
O=c1c2cc(Cl)ccc2[nH]c2cc3c(=O)c4cc(Cl)ccc4[nH]c3cc12,-7.4198053963,0.0,1,False,0,1
Nc1ccccn1,0.9757,0.0,1,False,0,1
Oc1ccccc1,-2.03737838055,2.824719594964619,2,True,1,3
Clc1ncnc2nc[nH]c12,-1.4901,0.0,1,False,0,1
C=C(C)C(=O)OC,-0.8,0.0,1,False,0,1
CC1=CCC2CC1C2(C)C,-3.7725704235,0.0,1,False,0,1
Clc1cc(Cl)c(Cl)nc1Cl,-3.8614246907,0.0,1,False,0,1
CCCCCCCCCCCCCCO,-5.787142557,0.0,1,False,0,1
Cc1oc([C@H](O)[C@H](O)[C@H](O)CO)cc1C(=O)[O-],-1.2774,0.0,1,False,0,1
CC(=O)OCC1OC(OC(C)=O)C(OC(C)=O)C(OC(C)=O)C1OC(C)=O,-2.4153529113,0.0,1,False,0,1
C[C@]12CCC(=O)C=C1CC[C@@H]1[C@@H]2CC[C@]2(C)C(=O)CC(O)[C@@H]12,-2.2130969417,0.0,1,False,0,1
O=C1Nc2ccc(Cl)cc2C(=O)N2CCCC12,-4.7,0.0,1,False,0,1
Ic1ccc(I)cc1,-5.3723,0.0,1,False,0,1
O=C1C(=O)c2ccccc2-c2ccccc21,-4.4435,0.0,1,False,0,1
COC(=O)[C@@H]1C2C=CC(C2)[C@@H]1C(=O)OC,-1.202,0.0,1,False,0,1
CCC(C)C(NC(C)=O)C(=O)O,-0.69,0.0,1,False,0,1
Clc1ccc(Oc2ccc(Cl)c(Cl)c2Cl)c(Cl)c1Cl,-8.14,0.0,1,False,0,1
O=C(O)c1ccccc1-c1c2ccc(=O)cc-2oc2cc(O)ccc12,-3.82,0.0,1,False,0,1
CN(C)c1ccc(C=O)cc1,-2.2827688499,0.0,1,False,0,1
COc1ccc(S(=O)(=O)CCOS(=O)(=O)[O-])cc1N/N=C1/C(=O)c2c(cc(S(=O)(=O)[O-])c(N=Nc3ccc(S(=O)(=O)CCOS(=O)(=O)[O-])cc3)c2N)C=C1S(=O)(=O)[O-],-0.4161044822999999,0.0,1,True,1,5
CN=C(NC#N)NCCSCc1nc[nH]c1C,-1.4298,0.0,1,False,0,1
CCN(CC)c1cccc(O)c1,-2.0112787971,0.0,1,False,0,1
O=[N+]([O-])CCl,-0.281,0.0,1,False,0,1
Cc1cnc2c(=O)[nH]cnc2n1,-1.56,0.0,1,False,0,1
CC(SC(=S)SC(C)C(=O)O)C(=O)O,-1.41,0.0,1,False,0,1
O=C(O)CC(C(=O)O)C(CC(=O)O)C(=O)O,-0.18,0.0,1,False,0,1
CC(C)OC=O,-0.6301,0.0,1,False,0,1
CCCCCCCCCCCCCCCCCCCCCC(=O)[O-],-6.82983341615,0.06667072867112427,2,True,2,2
O=C(O)c1ccc(Cl)c(N=Nc2ccc(O)cc2)c1,-4.08,0.0,1,False,0,1
Clc1cc(-c2c(Cl)cc(Cl)c(Cl)c2Cl)c(Cl)c(Cl)c1Cl,-9.42,0.0,1,False,0,1
Cn1c(C(N)=O)c(C(N)=O)c2ccccc21,-1.8184,0.0,1,False,0,1
Clc1ccccc1I,-3.54,0.0,1,False,0,1
CC1C(=O)CCC2C(O)CCC(O)C12,-0.3,0.0,1,False,0,1
CC(=O)NNC(C)=O,0.3286681761,0.0,1,False,0,1
Cc1cc(C(O)(c2ccc(N)cc2)c2ccc(N)cc2)ccc1N,-3.0272,0.0,1,False,0,1
CC(C)NCC(O)COc1cccc2ccccc12,-3.6202,0.0,1,False,0,1
CCCCCc1c2ccccc2cc2c1ccc1ccccc12,-8.57,0.0,1,False,0,1
CN(CCO)S(=O)(=O)C(F)(F)C(F)(F)C(F)(F)C(F)(F)F,-3.4036850425,0.0,1,False,0,1
CCS(=O)(=O)CCSP(=S)(OC)OC,-2.5415,0.0,1,False,0,1
O=Cc1ccc(B(O)O)cc1,-2.2673846672,0.0,1,False,0,1
N=C(c1ccccc1)c1ccccc1,-2.7811280063,0.0,1,False,0,1
CCCCCOC(C)=O,-1.8841,0.0,1,False,0,1
CC(=O)Nc1ccc2c(c1)C(=O)OC2,-2.6,0.0,1,False,0,1
CC(C)CCCCCCCOC(=O)CC(C(=O)OCCCCCCCC(C)C)S(=O)(=O)[O-],-0.4691061177,0.0,1,True,1,2
CC(C)CCCC(C)CC#N,-3.5877591379,0.0,1,False,0,1
CC1c2nc3ccccc3c(=O)n2CN1Cc1ccccc1,-4.0,0.0,1,False,0,1
Cc1c[nH]c2ccccc12,-2.4206,0.0,1,False,0,1
CC(CCCCO[N+](=O)O)O[N+](=O)O,-2.84,0.0,1,False,0,1
Cc1ccc(Cl)cc1,-3.1023856768,0.0,1,False,0,1
C=Cc1ccc(S(=O)(=O)[O-])cc1,-0.0332510813,0.0,1,True,1,2
NC(=NO)N1Cc2cccc3c(Cl)ccc(c23)C1,-2.0,0.0,1,False,0,1
C=CC(=O)OCCCS(=O)(=O)[O-],1.1562683245,0.0,1,True,1,2
Clc1cc2c(c(Cl)c1Cl)Oc1c(Cl)c(Cl)c(Cl)c(Cl)c1O2,-11.4795,0.0,1,False,0,1
CC(=O)OCC(=O)C1(O)CCC2C3CCC4=CC(=O)CCC4(C)C3C(O)CC21C,-4.61,0.0,1,False,0,1
CCCOP(=O)(OCCC)Oc1ccc(SC)cc1,-3.3865,0.0,1,False,0,1
CCc1c[nH]c(=O)nc1N,-1.0197,0.0,1,False,0,1
CC(C)(CO)COC(=O)C(C)(C)CO,0.0682018165,0.0,1,False,0,1
CSC,-0.9312189022,0.0,1,False,0,1
CCSS(=O)(=O)CC,-1.109,0.0,1,False,0,1
COc1ccc(C(=O)Nc2ccc(C(N)=O)cc2)cc1[N+](=O)[O-],-4.6536052692,0.0,1,False,0,1
NS(=O)(=O)c1ccc(CCCO)cc1,-1.032,0.0,1,False,0,1
CC1NC(=O)c2ccccc2NC1=O,-2.38,0.0,1,False,0,1
CO[Si](CCC(F)(F)C(F)(F)C(F)(F)C(F)(F)C(F)(F)C(F)(F)F)(OC)OC,-2.8923562141000003,0.0,1,False,0,1
C=CC1CC=CCC1,-3.3351930306999997,0.0,1,False,0,1
O=C(O)c1cccc([N+](=O)[O-])c1O,-2.149,0.0,1,False,0,1
COc1cc(Oc2ccc(Cl)cc2Cl)ccc1[N+](=O)[O-],-5.91,0.0,1,False,0,1
CC12CCC3C(CCC4CCCCC43C)C1CCC2=O,-6.7,0.0,1,False,0,1
COc1ccc2ccc(=O)oc2c1,-3.1221,0.0,1,False,0,1
CC(=O)CC(=O)Nc1ccc(S(=O)(=O)[O-])cc1,0.4217473345,0.0,1,True,1,2
O=C1CC(C(=O)O)Cc2ccccc21,-2.1031,0.0,1,False,0,1
Clc1ccc(Oc2c(Cl)ccc(Cl)c2Cl)cc1,-6.64,0.0,1,False,0,1
S=c1ncc2nccnc2[nH]1,-2.68,0.0,1,False,0,1
Clc1ccc(Cl)c(-c2cc(Cl)c(Cl)c(Cl)c2)c1,-7.3149,0.0,1,False,0,1
NC(=O)C1CCCN1C(=O)COC(=O)c1ccccc1,-2.27,0.0,1,False,0,1
CC12CCC3c4ccc(O)cc4CCC3C1CCC2=O,-5.11,0.0,1,False,0,1
Cc1c(Cl)cccc1Nc1ccccc1C(=O)O,-5.06,0.0,1,False,0,1
Nc1nc(Cl)nc(Nc2cc(S(=O)(=O)[O-])cc3cc(S(=O)(=O)[O-])c(N=Nc4cc(S(=O)(=O)[O-])c5cccc(S(=O)(=O)[O-])c5c4[O-])c([O-])c23)n1,-0.5907814418999999,0.0,1,True,1,6
Clc1ccccc1,-2.4493202347,0.0,1,False,0,1
CCCCC(CC)CO[N+](=O)[O-],-4.1466934911,0.0,1,False,0,1
O=C1c2ccccc2Cc2ccccc2N1CCF,-3.535,0.0,1,False,0,1
O=C(O)CN(CP(=O)(O)O)CP(=O)(O)O,-0.0256,0.0,1,False,0,1
CCn1c(O)c(N=Nc2ccc(S(=O)(=O)c3ccc(N=Nc4c(C)c(CS(=O)(=O)[O-])c(=O)n(CC)c4O)cc3)cc2)c(C)c(CS(=O)(=O)[O-])c1=O,-2.1021873796,0.0,1,True,1,3
CCOP(=S)(OCC)SC[S+]([O-])C(C)(C)C,-2.4421,0.0,1,False,0,1
CC1(C)[C@H]2CC[C@@]1(C)C(=O)C2,-3.1825,0.0,1,False,0,1
O=C(O)c1cc(Cl)cc(Cl)c1,-3.1137,0.0,1,False,0,1
CN(C)c1ccc(N=Nc2ccc(S(=O)(=O)O)cc2)cc1,-3.86,0.0,1,False,0,1
CCCC(=O)NNC(=O)CCC,-1.0,0.0,1,False,0,1
Nc1ncc2ncn(COCCO)c2n1,-1.0775,0.0,1,False,0,1
CCCCCCCCCCCCCCCCCCCCCCOC(=O)CCCCCCCCC(=O)OCCCCCCCCCCCCCCCCCCCCCC,-6.4056602279999995,0.0,1,False,0,1
Cc1cc(N)ccc1S(=O)(=O)Nc1ccccc1Cl,-5.05,0.0,1,False,0,1
CCCn1c(=O)c2[nH]c(C(C3CC3)C3CC3)nc2n(CCC)c1=O,-4.59,0.0,1,False,0,1
CC(=O)OC(C)C#N,0.2475,0.0,1,False,0,1
C=CCOCC=C,-0.0206,0.0,1,False,0,1
CCN(CCC#N)c1ccc(N=Nc2ccc([N+](=O)[O-])cc2)cc1,-7.208650928200001,0.0,1,False,0,1
CCOc1ccc(NS(=O)(=O)c2ccc([N+](=O)[O-])cc2)cc1,-4.72,0.0,1,False,0,1
CCN(CC)CCSCCN(CC)CC,-2.3663,0.0,1,False,0,1
O=C1CCCCCO1,0.9425469123,0.0,1,False,0,1
Cc1cccc2n[nH]nc12,-1.5169635388,0.0,1,False,0,1
NCc1ccc(CN)cc1,1.1750718055,0.0,1,False,0,1
O=C1OCc2ccc(I)cc21,-3.2109,0.0,1,False,0,1
N[C@H](Cc1ccc(O)cc1)C(=O)O,-2.6049,0.0,1,False,0,1
CCCCCCCCCCCC(=O)OCCC(C)C,-6.733128222,0.0,1,False,0,1
CCCC(C(=O)O)C(=O)O,0.6803,0.0,1,False,0,1
Cc1cc(N(CCO)CCO)ccc1N=Nc1ccccc1,-4.1254,0.0,1,False,0,1
CC(C)(C)C(=O)C(Oc1ccc(Cl)cc1)n1cncn1,-3.6137,0.0,1,False,0,1
CC1=C(/C=C/C(C)=C/C=C/C(C)=C/CO)C(C)(C)CCC1,-3.81,0.0,1,False,0,1
CCCC(C(C)=O)C(C)=O,-0.88,0.0,1,False,0,1
O=C(O)CC(O)(CC(=O)O)C(=O)[O-],0.4252480461999999,0.0,1,True,1,2
Clc1ccc(Oc2c(Cl)ccc(Cl)c2Cl)c(Cl)c1Cl,-7.96,0.0,1,False,0,1
C=C(C)C(=O)NCNC(=O)C(=C)C,-1.1892367555,0.0,1,False,0,1
COC(C)=O,0.46,0.0,1,False,0,1
Clc1ccc(CSC(Cn2cncn2)=Nc2ccc(Cl)cc2Cl)cc1,-5.3842,0.0,1,False,0,1
CC(C)(C)c1cc(-c2cc(C(C)(C)C)cc(C(C)(C)C)c2O)c(O)c(C(C)(C)C)c1,-6.889187496900001,0.0,1,False,0,1
Cc1ccc(N(SC(F)(Cl)Cl)S(=O)(=O)N(C)C)cc1,-5.5864,0.0,1,False,0,1
O=CC1CC=CCC1,-0.9775501681,0.0,1,False,0,1
CC[C@H]1OC[C@@H](COc2ccc(Oc3ccccc3)cc2)O1,-4.7874,0.0,1,False,0,1
O=C1C=Cc2cc(S(=O)(=O)[O-])cc(S(=O)(=O)[O-])c2/C1=N/Nc1ccc(S(=O)(=O)[O-])c2ccccc12,-0.8783,0.0,1,True,1,4
NC(=O)NN=Cc1ccc([N+](=O)[O-])o1,-2.92,0.0,1,False,0,1
c1ccc2sc(SNC3CCCCC3)nc2c1,-5.9171426801,0.0,1,False,0,1
O=C(O)CCCCCCCCCCBr,-3.699,0.0,1,False,0,1
O=C(O)c1cc(/N=N/c2ccc(S(=O)(=O)Nc3ccccn3)cc2)ccc1O,-6.14,0.0,1,False,0,1
Cc1c([N+](=O)[O-])cccc1[N+](=O)[O-],-3.0003,0.0,1,False,0,1
O=C([O-])C(F)(F)F,0.6610693015,0.0,1,True,1,2
Cc1ccccc1N=C(N)N=C(N)N,-1.8422414993,0.0,1,False,0,1
Cc1ccc(N)cc1C,-1.5036,0.0,1,False,0,1
CCCCCCCCCCCCC(CCCCCCCCCC)C(=O)O,-5.867639521599999,0.0,1,False,0,1
O=C1CC=NC=N1,0.586,0.0,1,False,0,1
FC(F)(F)C(Cl)Cl,-1.8623,0.0,1,False,0,1
C[C@H]1CC(=O)C[C@@H]2CC[C@H]3[C@@H]4CC[C@H](O)[C@@]4(C)CC[C@@H]3[C@]21C,-5.0064289581,0.0,1,False,0,1
O=C(OCc1ccccc1)n1cc(F)c(=O)[nH]c1=O,-2.82,0.0,1,False,0,1
O=C1C=Cc2cc(S(=O)(=O)[O-])ccc2/C1=N\Nc1ccc(N=Nc2ccc(Nc3ccccc3)c(S(=O)(=O)[O-])c2)c2ccccc12,-1.0156300044,0.0,1,True,1,3
O=C(O)COc1ccc2ccccc2c1,-3.36,0.0,1,False,0,1
CCOC(=O)CN(C)C(=O)COC(=O)c1ccccc1,-1.67,0.0,1,False,0,1
CCCCCCCCCNC(=O)c1cccnc1,-3.1398,0.0,1,False,0,1
O=c1[nH]c2nc[nH]c(=O)c2[nH]c1=O,-3.69,0.0,1,False,0,1
Cc1cc(NS(=O)(=O)c2ccc(N)cc2)sn1,-1.0762,0.0,1,False,0,1
CCOP(=O)(N=C1SCCS1)OCC,-2.5941,0.0,1,False,0,1
CCCCCOC(=O)c1ccc(O)c(Cl)c1,-3.95,0.0,1,False,0,1
CCCCCCNCCCCCC,-3.1574,0.0,1,False,0,1
CC1(C)CC(=O)CC(C)(C)N1[O],0.1034125496,0.0,1,False,0,1
C[C@]12CC[C@@H]3C4=C(CC[C@H]3[C@@H]1CCC2=O)CC(=O)CC4,-4.0549767292,0.0,1,False,0,1
C=C[C@@H](COC(C)=O)OC(C)=O,-0.8176814122,0.0,1,False,0,1
CCCCC/C(C=O)=C/c1ccccc1,-3.0466584175,0.0,1,False,0,1
CCOP(=S)(OCC)SCSc1ccc(Cl)cc1,-6.05,0.0,1,False,0,1
C=CCc1ccccc1OCC(O)CNC(C)C,-2.88,0.0,1,False,0,1
c1ccc2c(c1)ccc1ccc3ccccc3c12,-7.8207,0.0,1,False,0,1
Nc1ccc2cccc(S(=O)(=O)O)c2c1,-2.54,0.0,1,False,0,1
C=C(C)C(=O)OC(C)(C)C,-2.4863755076,0.0,1,False,0,1
CS(=O)(=O)NS(C)(=O)=O,0.0402,0.0,1,False,0,1
CN(C)CCCNC=O,0.8854190372,0.0,1,False,0,1
Nc1ccc(-c2ccc(N)cc2S(=O)(=O)O)c(S(=O)(=O)O)c1,-2.6919272706,0.0,1,False,0,1
C=CC(=O)OCCOC(=O)NCCCC,-1.6348405969,0.0,1,False,0,1
CC(C)CN(C)Cc1cc(C(=O)c2csc(S(N)(=O)=O)c2)ccc1O,-1.42,0.0,1,False,0,1
C=C(C)C(=O)OCCCCCCCCCCCCCCCCCC,-8.5296561698,0.0,1,False,0,1
O=C([O-])C(F)(F)C(F)F,-0.8829,0.0,1,True,1,2
OC(c1ccccc1)(c1ccccc1)C1CCNCC1,-1.39,0.0,1,False,0,1
CC(N)CC(=O)O,0.9867,0.0,1,False,0,1
CC(O)CC(C)(C)O,0.9275,0.0,1,False,0,1
O=C1OC(c2ccc(O)cc2)(c2ccc(O)cc2)c2ccccc21,-2.9008,0.0,1,False,0,1
COC(OC(C)=O)C(OC(C)=O)C(OC(C)=O)C(COC(C)=O)OC(C)=O,-1.82,0.0,1,False,0,1
Cc1ccc(S(=O)(=O)NC(=O)NN2CCCCCC2)cc1,-3.6778,0.0,1,False,0,1
CCCC(=O)O,-0.1669,0.0,1,False,0,1
N=c1nc(N2CCCCC2)cc(N)n1O,-1.9782,0.0,1,False,0,1
Cc1ccccc1OCC(=O)O,-2.4424,0.0,1,False,0,1
NCC(F)F,0.5225303771,0.0,1,False,0,1
C=C1C=CC(=O)O1,-0.9827,0.0,1,False,0,1
Nc1ccc(S(=O)(=O)Nc2ccn(Cc3ccccc3)c(=O)n2)cc1,-4.8,0.0,1,False,0,1
CC(C)c1ncc([N+](=O)[O-])n1C,-1.26,0.0,1,False,0,1
c1cc2ccc3ccc4ccc5cccc6c(c1)c2c3c4c56,-9.0265,0.0,1,False,0,1
Nc1ccc(S(=O)(=O)Nc2ccc([N+](=O)[O-])cc2)cc1,-3.94,0.0,1,False,0,1
Cc1cc(N/N=C2\C(=O)C=Cc3ccccc32)c(S(=O)(=O)[O-])cc1Cl,-6.88967344165,1.0368813624155755,2,True,2,3
CN1CCCC1=O,1.0037817508,0.0,1,False,0,1
CCN(CCC#N)c1ccc(N=Nc2ccc([N+](=O)[O-])cc2Cl)cc1,-4.2526115544,0.0,1,False,0,1
CCCC(C)O[N+](=O)[O-],-2.4809,0.0,1,False,0,1
CCCCCC=O,-3.35611095695,2.907780001062613,2,True,1,3
CC(C)OC(=O)C1(S(=O)(=O)c2ccc(Cl)cc2)CC1,-3.5401,0.0,1,False,0,1
O=C(O)COc1ccc(Cl)cc1Cl,-1.03196138955,2.095777681502729,2,True,1,2
CCCCCCCC(=O)NCC(=O)O,-2.1115375925,0.0,1,False,0,1
CC(=O)c1cccc(Nc2ccccc2C(=O)O)c1,-4.86,0.0,1,False,0,1
Nc1cccc(C(=O)O)c1,-1.3663,0.0,1,False,0,1
COC(=O)c1ccccc1OC(C)=O,-1.84,0.0,1,False,0,1
CC(SSC(C)C(=O)O)C(=O)O,-0.62,0.0,1,False,0,1
CN1C(CCl)Nc2cc(Cl)c(S(N)(=O)=O)cc2S1(=O)=O,-3.78,0.0,1,False,0,1
Clc1ccc(Oc2ccc(Cl)c(Cl)c2Cl)cc1,-7.01,0.0,1,False,0,1
CCOC1CC1,-0.6407,0.0,1,False,0,1
NS(=O)(=O)c1ccc(SCCCO)cc1,-2.2472,0.0,1,False,0,1
C/C=C/CC1(C/C=C/C)C(=O)NC(=O)NC1=O,-2.1973,0.0,1,False,0,1
C=C(C)C(=O)[O-],-3.2935842284000003,1.3157505421441433,2,True,1,2
OC[C@@H](O)[C@@H](O)C(O)[C@H](O)[C@@H](O)CO,-0.517,0.0,1,False,0,1
C=CC(=O)NCNC(=O)C=C,-0.6552426764,0.0,1,False,0,1
COc1ccc2cc(C(C)C(=O)OCCOC(=O)CN)ccc2c1,-1.98,0.0,1,False,0,1
c1ccc2c(c1)ccc1c3ccccc3ccc21,-8.0575,0.0,1,False,0,1
Nc1ccn([C@H]2CC[C@@H](CO)O2)c(=O)n1,-0.4416,0.0,1,False,0,1
O=c1cc(O)nc[nH]1,-1.5871611222,0.0,1,False,0,1
CN[C@@H](Cc1ccc(O)cc1)C(=O)O,-2.1325,0.0,1,False,0,1
Fc1ccc(F)cc1,-1.9709,0.0,1,False,0,1
CN(C)CCNC(=O)NC1CCCCC1,-0.66,0.0,1,False,0,1
C=C(C)C(=O)NC(C)C,-0.6201428843,0.0,1,False,0,1
OCC1=C[C@@H](O)[C@@H]2C=CO[C@@H](O[C@@H]3O[C@H](CO)[C@@H](O)[C@H](O)[C@H]3O)[C@H]12,0.0119,0.0,1,False,0,1
CCCC(CCC)C(=O)O,-1.8579774272,0.0,1,False,0,1
Nc1ccc(S(=O)(=O)Nc2ccc(I)cc2)cc1,-4.52,0.0,1,False,0,1
OCC1OC(Oc2ccccc2)C(O)C(O)C1O,-1.46,0.0,1,False,0,1
C[C@H](O)C(=O)Nc1c(I)c(C(=O)NC(CO)CO)c(I)c(C(=O)NC(CO)CO)c1I,-0.7443,0.0,1,False,0,1
OCCCBr,0.0093,0.0,1,False,0,1
CCCCCCCCCCCCCCNC(=O)C(C)O,-3.9784,0.0,1,False,0,1
CCCCCCCCCCCC(=O)OC(C)C(=O)[O-],-4.0857316668,0.0,1,True,1,12
CC1CCCCCCCCCCCCC(=O)C1,-5.7438651202,0.0,1,False,0,1
CC(=O)/C=C/[C@H]1C(C)=CC[C@@H](C)C1(C)C,-3.8026769123,0.0,1,False,0,1
N[C@@H](CCC(=O)[O-])C(=O)[O-],0.3719654625999999,0.0,1,True,1,3
CCCC(=O)NCCNC(=O)CCC,-0.6222,0.0,1,False,0,1
CCCCC(CC)CNS(=O)(=O)c1ccc(N)cc1,-5.453967766799999,0.0,1,False,0,1
O=C(Nc1cccc2c(=O)c3c(ccc4c5cc(NC(=O)c6ccccc6)c6c(=O)c7ccccc7c(=O)c6c5[nH]c43)c(=O)c12)c1ccccc1,-5.647161854,0.0,1,False,0,1
CN(C)C(=S)SC(=S)N(C)C,-2.8302990647,0.0,1,False,0,1
O=C(O)C=Cc1ccc2c(c1)OCO2,-3.19,0.0,1,False,0,1
Nc1nc(Cl)nc(Nc2cc(S(=O)(=O)[O-])cc3cc(S(=O)(=O)[O-])c(N=Nc4cc([N+](=O)[O-])ccc4[O-])c([O-])c23)n1,-0.4949751746,0.0,1,True,1,8
CCC(C)c1cc([N+](=O)[O-])cc([N+](=O)[O-])c1OC(=O)C=C(C)C,-5.5083,0.0,1,False,0,1
O=C(OCC1CCC2OC2C1)C1CCC2OC2C1,-1.2604846902,0.0,1,False,0,1
Clc1cccc(Cl)c1-c1c(Cl)cccc1Cl,-7.3898,0.0,1,False,0,1
CCN(C(=O)SCc1ccccc1)C(C)C(C)C,-4.7337,0.0,1,False,0,1
C[C@]12C[C@H](O)[C@H]3[C@@H](CCC4=CC(=O)CC[C@@]43C)[C@@H]1CC[C@@H]2C(=O)CO,-3.2408,0.0,1,False,0,1
CCOC(=O)C1C(C=C(C)C)C1(C)C,-4.7652682741,0.0,1,False,0,1
NNc1ccc(S(N)(=O)=O)cc1,-0.1912743698,0.0,1,True,1,3
CCOc1nc(OCC)nc(OCC)n1,-1.4838,0.0,1,False,0,1
O=c1oc(=O)c2cc3c(=O)oc(=O)c3cc12,-1.4062217243,0.0,1,False,0,1
CC(C)N(CCC(C(N)=O)(c1ccccc1)c1ccccn1)C(C)C,-1.7,0.0,1,False,0,1
CCC(O)CCC(C)C,-1.9272,0.0,1,False,0,1
CCOC(=O)C1(S(=O)(=O)c2ccc(C)cc2)CCC1,-2.9594,0.0,1,False,0,1
CC(C)=CC1C(C(=O)OCc2cccc(Oc3ccccc3)c2)C1(C)C,-5.24,0.0,1,False,0,1
CCCCC(CC)CN(CCC(=O)[O-])CCC(=O)O,0.4104692649,0.0,1,True,1,2
CCCCCCC(O)CCCCCCCCCCC(=O)OCC(O)CO,-3.3974324562,0.0,1,False,0,1
NS(=O)(=O)c1ccc(Nc2ccnc(NS(=O)(=O)c3ccc(Br)cc3)n2)cc1,-2.62,0.0,1,False,0,1
CCCCCC1(C)CCC(C)(C)C1=O,-4.0165337106,0.0,1,False,0,1
S=c1[nH]cnc2[nH]cnc12,-2.95,0.0,1,False,0,1
O=C1CCCC1,0.5536775573,0.0,1,False,0,1
CCO[Si](CCCCl)(OCC)OCC,-3.3285834497000004,0.0,1,False,0,1
c1ccc(-c2cccnc2)nc1,-0.5916,0.0,1,False,0,1
CCCCCCCCCCCCCCCCCOS(=O)(=O)[O-],-2.3669926669,0.0,1,True,1,2
C#CC1(O)CCC2C3CCC4=Cc5oncc5CC4(C)C3CCC21C,-5.51,0.0,1,False,0,1
c1ccc2c(c1)ccc1cc3c(ccc4ccccc43)cc12,-8.6679,0.0,1,False,0,1
CC(O)CN(CC(C)O)c1nc(Nc2ccc(S(=O)(=O)[O-])cc2)nc(Nc2ccc(/C=C/c3ccc(Nc4nc(Nc5ccc(S(=O)(=O)[O-])cc5)nc(N(CC(C)O)CC(C)O)n4)cc3S(=O)(=O)[O-])c(S(=O)(=O)[O-])c2)n1,-0.0867739927999999,0.0,1,True,1,5
CCCCCCC1(CC)C(=O)NC(=S)NC1=O,-4.08,0.0,1,False,0,1
Clc1c(Cl)c(Cl)c2ccccc2c1Cl,-7.7954,0.0,1,False,0,1
O=C(O)c1ccccc1Cl,-1.89,0.0,1,False,0,1
O=c1ccc2cc3ccoc3c(O)c2o1,-3.22,0.0,1,False,0,1
CCC1OC(=O)C(C)C(OC2CC(C)(OC)C(O)C(C)O2)C(C)C(OC2OC(C)CC(N(C)C)C2O)C(C)(O)CC(C)C(=O)C(C)C(O)C1(C)O,-1.27,0.0,1,False,0,1
CCCC(CO[N+](=O)O)O[N+](=O)O,-2.5,0.0,1,False,0,1
c1ccncc1,0.5795435647,0.25520393821876297,2,True,1,3
CCN(CC)c1ccc2cc(-c3nc4cc(S(N)(=O)=O)ccc4o3)c(=O)oc2c1,-7.8310984133,0.0,1,False,0,1
OC[C@H]1O[C@@H](O[C@H]2[C@H](O)[C@@H](O)[C@H](O)O[C@@H]2CO)[C@H](O)[C@@H](O)[C@H]1O,-0.8167,0.0,1,False,0,1
O=C1Nc2ccccc2C(=O)N2CC(O)CC12,-2.37,0.0,1,False,0,1
O=S(=O)(c1cccc(O)c1)c1cccc(O)c1,-2.33,0.0,1,False,0,1
CC(=O)CC(N)=O,0.9952273665,0.0,1,False,0,1
CCCCCCCCCCCCCCCCCCNC(=O)Nc1ccc(Cc2ccc(NC(=O)NCCCCCCCCCCCCCCCCCC)cc2)cc1,-5.9429946413,0.0,1,False,0,1
O=S(=O)([O-])C(F)(F)C(F)(F)C(F)(F)C(F)(F)F,-0.8645162178,0.0,1,True,1,2
COc1cc2c(c(OC)c1OC)-c1ccc(OC)c(=O)cc1C(NC(C)=O)CC2,-0.94,0.0,1,False,0,1
O=C/C=C/c1ccccc1,-1.9688182578,0.0,1,False,0,1
CSc1nc(N(C)C)nc(N(C)C)n1,-2.676,0.0,1,False,0,1
ICCI,-3.2196,0.0,1,False,0,1
C#CC1(OC(=O)c2ccc(-c3ccccc3)cc2)CCC2C3CCC4=CC(=O)CCC4C3CCC21C,-8.11,0.0,1,False,0,1
Cc1ccc2nc3ccccc3c(N)c2c1,-2.39,0.0,1,False,0,1
CN(C)CCOCCO,-0.1244748796,0.0,1,False,0,1
Cc1ccc(C(=O)OC(C)C)cc1N=Nc1c(O)c(C(=O)Nc2cc(Cl)c(NC(=O)c3cc4ccccc4c(N=Nc4cc(C(=O)OC(C)C)ccc4C)c3O)cc2Cl)cc2ccccc12,-7.0074879806,0.0,1,False,0,1
COC(=O)[C@@H]1CCCN1C(=O)COC(=O)c1ccccc1,-2.0841,0.0,1,False,0,1
CCOP(=S)(OCC)SCCl,-3.5924,0.0,1,False,0,1
COc1c2ccoc2cc2oc(=O)ccc12,-3.6,0.0,1,False,0,1
Fc1cc(F)c(F)cc1F,-2.3757,0.0,1,False,0,1
CC(C)(NC(=O)c1ccccc1)C(=O)O,-0.76,0.0,1,False,0,1
Clc1ccc(-c2c(Cl)cccc2Cl)c(Cl)c1,-6.65,0.0,1,False,0,1
CCCCC(=O)N(Cc1ccc(-c2ccccc2-c2nn[nH]n2)cc1)[C@H](C(=O)O)C(C)C,-2.7359260939,0.0,1,False,0,1
CC(C)(C)OOC(C)(C)c1ccc(C(C)(C)OOC(C)(C)C)cc1,-5.7371515873000005,0.0,1,False,0,1
CC(C)=CCC/C(C)=C\CCC=O,-3.5383035445999997,0.0,1,False,0,1
NS(=O)(=O)c1cc2c(cc1Cl)NCNS2(=O)=O,-2.63,0.0,1,False,0,1
CCCl,-1.0507488092,0.0,1,False,0,1
CCC(CC)(C(=O)NC(N)=O)C(=O)OCc1ccccc1,-3.66,0.0,1,False,0,1
O=C(O)c1c(Cl)ccc2cc(Cl)cnc12,-3.57,0.0,1,False,0,1
CCCCNc1ccc(C(=O)OCCN(C)C)cc1,-3.01,0.0,1,False,0,1
COc1c(O)c(Cl)c(Cl)c(Cl)c1Cl,-4.02,0.0,1,False,0,1
Clc1cccc(Oc2ccc(Cl)c(Cl)c2)c1,-5.437,0.0,1,False,0,1
CCOC(=O)n1c(-c2cscn2)nc2ccccc21,-2.92,0.0,1,False,0,1
Fc1cccc2ccccc12,-3.4527,0.0,1,False,0,1
CC(C)c1ccc(-c2ccccc2)cc1,-5.609857774299999,0.0,1,False,0,1
CCOC(=O)CCCCC(=O)O,-0.3602,0.0,1,False,0,1
CCN(CCO)C(=O)COC(=O)c1ccccc1,-1.37,0.0,1,False,0,1
CCn1cc(C(=O)OC)c(=O)c2ccc(C)nc21,-2.7,0.0,1,False,0,1
Cc1ccc(NC(=O)NC(C)(C)c2ccccc2)cc1,-5.3495,0.0,1,False,0,1
CC(C)CC(N)C(=O)O,-1.0456,0.0,1,False,0,1
c1cn[nH]c1,1.2878896498,0.0,1,False,0,1
O=C(O)c1cccc2ncccc12,-2.6774,0.0,1,False,0,1
C=CC(O)C(=O)OCC,0.3627,0.0,1,False,0,1
Cn1c(=O)c2c(ncn2COC(=O)C(C)(C)C)n(C)c1=O,-2.17,0.0,1,False,0,1
CC(C)(C)NC(=O)C1N(C(=O)C(O)C(Cc2ccccc2)NC(=O)COc2ccccc2)CSC1(C)C,-3.83,0.0,1,False,0,1
CCCCC(C)O,-0.8726,0.0,1,False,0,1
Nc1cccc2c(S(=O)(=O)O)cccc12,-2.35,0.0,1,False,0,1
CC(=O)C(N=Nc1ccc(-c2ccc(N=NC(C(C)=O)C(=O)Nc3ccccc3)c(Cl)c2)cc1Cl)C(=O)Nc1ccccc1,-9.1969385027,0.0,1,False,0,1
CC(C)OC(=O)c1ccccc1C(=O)OC(C)C,-2.8773,0.0,1,False,0,1
O=[N+]([O-])c1cc(O)ccc1NCCCO,-2.1105897103,0.0,1,False,0,1
O=C(O)c1ccccc1Nc1cccc([N+](=O)[O-])c1,-6.43,0.0,1,False,0,1
CCCCCCCC(C)O,-2.744,0.0,1,False,0,1
CCCN(CCC)c1c([N+](=O)[O-])cc(C(F)(F)F)cc1[N+](=O)[O-],-6.05,0.0,1,False,0,1
O=C(NC(CO)C(=O)O)C(Cl)Cl,-0.03,0.0,1,False,0,1
N#CC(C#N)=NNc1ccc(Cl)cc1,-4.36,0.0,1,False,0,1
CC(=O)/C=C/C1C(C)=CCCC1(C)C,-3.2586779358,0.0,1,False,0,1
COC(=O)C(F)(F)F,-0.6479837034,0.0,1,False,0,1
CC(C)=CCCC(C)CCCC(C)C=O,-5.496890424,0.0,1,False,0,1
NS(=O)(=O)c1nnc(NS(=O)(=O)c2ccc(Cl)c([N+](=O)[O-])c2)s1,-1.99,0.0,1,False,0,1
C=CCC1=C(C)C(OC(=O)C2C(C=C(C)C)C2(C)C)CC1=O,-4.8179,0.0,1,False,0,1
CC(C)c1ccc(N)cc1,-1.7858311962,0.0,1,False,0,1
N#CCCN(CCC#N)c1ccc(N=Nc2ccc([N+](=O)[O-])cc2Cl)cc1,-4.281954413,0.0,1,False,0,1
CNC(=S)N(C)c1ccc(Cl)cc1C,-3.66,0.0,1,False,0,1
Clc1cc(Cl)cc(-c2cc(Cl)c(Cl)cc2Cl)c1,-7.47,0.0,1,False,0,1
CC(C)COC(=O)c1ccccc1C(=O)OCC(C)C,-4.3838902648,0.0,1,False,0,1
CCCCCCCCCCCCCCCCCCCN,-5.8571242399,0.0,1,False,0,1
COCOC(=O)c1ccccc1O,-2.3,0.0,1,False,0,1
O=C(Oc1ccccc1)Oc1ccccc1,-4.2169166627,0.0,1,False,0,1
NC(=O)c1cccnc1,0.6121583154,0.0,1,False,0,1
CCCCCNCCOC(=O)c1ccc(N)cc1,-3.27,0.0,1,False,0,1
CCN(CC)N=O,0.0161,0.0,1,False,0,1
Cn1ccc(NS(=O)(=O)c2ccc(N)cc2)nc1=O,-2.36,0.0,1,False,0,1
N#CC(C#N)=NNc1ccccc1,-3.36,0.0,1,False,0,1
CCOP(=S)(Oc1cnc(C(C)(C)C)nc1)OC(C)C,-4.7626,0.0,1,False,0,1
Oc1ccc(C(c2ccc(O)cc2)c2ccccn2)cc1,-4.523907797200001,0.0,1,False,0,1
Nc1cccc([N+](=O)[O-])c1,-2.0611,0.0,1,False,0,1
COC1CCC=CO1,-0.853333105,0.0,1,False,0,1
CCCCCCN1CC(C(=O)OC)CC1=O,-1.246,0.0,1,False,0,1
CC(C)(C)C1CCC(CC2=C(O)C(=O)c3ccccc3C2=O)CC1,-7.04,0.0,1,False,0,1
COC(=O)CCc1cc(C(C)(C)C)c(O)c(C(C)(C)C)c1,-5.1235829068,0.0,1,False,0,1
c1cc2cccc3c4cccc5cccc(c(c1)c23)c54,-8.7,0.0,1,False,0,1
CCCCC(C)(O)CC,-1.7356,0.0,1,False,0,1
N#CCCN(CCC#N)C(CC(=O)O)C(=O)O,-1.5337,0.0,1,False,0,1
CC(COC(=O)c1ccccc1)OC(=O)c1ccccc1,-4.5673029377,0.0,1,False,0,1
Cc1cc(Cc2ccc(N)c(C)c2)ccc1N,-4.1506087086,0.0,1,False,0,1
CCC1(C2=CCCCC2)C(=O)NC(=O)NC1=O,-2.1693,0.0,1,False,0,1
CO[Si](CCCCCC[Si](OC)(OC)OC)(OC)OC,-2.7929479843,0.0,1,False,0,1
O=P1(N(CCCl)CCCl)NCCCO1,-0.8147,0.0,1,False,0,1
Cc1ccc(N)c(C)c1,-1.3352536727,0.0,1,False,0,1
O=C(O)c1cccc2cccc(-c3cccc4cccc(C(=O)O)c34)c12,-2.2334403365,0.0,1,False,0,1
CCCCCCCCCCCCN1CC(C(=O)O)CC1=O,-3.2230000000000003,0.0,1,False,0,1
CCOC(=O)c1[nH]c(C)cc1C,-2.6212,0.0,1,False,0,1
CC(C)=CCC1(C(C)(C)C)C(=O)NC(=O)NC1=O,-3.55,0.0,1,False,0,1
O=C(O)C=CCCC(=O)O,-1.2045,0.0,1,False,0,1
CC(C)C(O)C(C)C,-1.2201,0.0,1,False,0,1
NC(CSCCCCCCSCC(N)C(=O)O)C(=O)O,-2.77,0.0,1,False,0,1
Clc1c(Cl)c(Cl)c(-c2ccccc2)c(Cl)c1Cl,-7.9107,0.0,1,False,0,1
c1ccc2c(c1)sc1ccccc12,-5.0981,0.0,1,False,0,1
Cn1nc(S(N)(=O)=O)sc1=NS(C)(=O)=O,-2.05,0.0,1,False,0,1
C[C@@H](CCO)CCC=O,-1.0732,0.0,1,False,0,1
CC(O)C(=O)NCCO,1.3070323786,0.0,1,False,0,1
C[C@@H]1C[C@H]2[C@@H]3C[C@H](F)C4=CC(=O)C=C[C@]4(C)[C@H]3[C@@H](O)C[C@]2(C)[C@H]1C(=O)CO,-3.2037371554000003,0.0,1,False,0,1
COc1ccc(O)c(C(=O)C=Cc2ccccc2)c1,-6.0,0.0,1,False,0,1
CC(C)CCCCCCCOC(=O)c1ccccc1C(=O)OCCCCCCCC(C)C,-9.4195398078,0.0,1,False,0,1
CC1(C)CO1,-0.0945494336,0.0,1,False,0,1
CC1(C#N)CCCC1=O,0.9095,0.0,1,False,0,1
CCOC(=O)N[C@@H](C=O)[C@@H](O)[C@H](O)[C@H](O)CO,0.1139,0.0,1,False,0,1
CC(C)C[C@H](N)C(=O)N[C@H](CCC(N)=O)C(=O)O,-1.5687,0.0,1,False,0,1
O=C(Nc1cccc2c(NC(=O)C3=Cc4ccccc4/C(=N\Nc4cccc(Cl)c4Cl)C3=O)cccc12)C1=Cc2ccccc2/C(=N/Nc2cccc(Cl)c2Cl)C1=O,-9.227651248,0.0,1,False,0,1
Brc1ccc2c(c1)Sc1ccccc1N2,-6.1119,0.0,1,False,0,1
O=C(O)c1ccccc1C(=O)Nc1ccccc1,-4.0814,0.0,1,False,0,1
Clc1ccc(-c2cc(Cl)c(Cl)c(Cl)c2Cl)cc1Cl,-7.8306,0.0,1,False,0,1
C=CC(O)CCCCC,-1.8219317146,0.0,1,False,0,1
CCC(CC)C(=O)OCCOCCOCCOC(=O)C(CC)CC,-3.2386,0.0,1,False,0,1
O=[N+]([O-])c1ccccc1O,-1.8029142358,0.0,1,False,0,1
CCN(CC)C(=O)c1cc(N2CC2)c([N+](=O)[O-])cc1[N+](=O)[O-],-2.59,0.0,1,False,0,1
Clc1cc(-c2c(Cl)cccc2Cl)c(Cl)c(Cl)c1Cl,-8.13,0.0,1,False,0,1
NC(Cc1cnc[nH]1)C(=O)O,-0.5314,0.0,1,False,0,1
COc1cc(Nc2c(C#N)cnc3cc(OCCCN4CCN(C)CC4)c(OC)cc23)c(Cl)cc1Cl,-4.8795513261000005,0.0,1,False,0,1
CCCCCCCCOC(=O)c1ccc(O)cc1,-4.2224,0.0,1,False,0,1
CC(C)C(C)CO,-0.39,0.0,1,False,0,1
O=C(O)CN(C(=S)SCc1ccccc1)c1ccccc1,-3.92,0.0,1,False,0,1
CN(C)CCOC(C)(c1ccccc1)c1ccccn1,-2.82,0.0,1,False,0,1
CCCCOCCOC(=O)CCCCC(=O)OCCOCCCC,-4.9587331394,0.0,1,False,0,1
CC1OC(OC2C(O)CC(OC3C(O)CC(OC4CCC5(C)C(CCC6C5CC(O)C5(C)C(C7=CC(=O)OC7)CCC65O)C4)OC3C)OC2C)CC(O)C1O,-4.16,0.0,1,False,0,1
I/C=C\I,-2.7813,0.0,1,False,0,1
CCCCC(C)CCC,-6.0474,0.0,1,False,0,1
CCOC(=S)[S-],0.5443381649,0.0,1,True,1,2
CCOP(=O)([O-])Cc1cc(C(C)(C)C)c(O)c(C(C)(C)C)c1,-2.4616735699000003,0.0,1,True,1,3
CC(F)(F)Cl,-1.7233908536000002,0.0,1,False,0,1
N#CC1([NH+]2CCCCC2)CC[NH+](Cc2ccccc2)CC1,-2.2459922106,0.0,1,False,0,1
Oc1ccc(I)cc1,-1.71,0.0,1,False,0,1
O=C(O)/C=C\C(=O)Nc1ccccc1,-2.2815,0.0,1,False,0,1
Cc1cc(Cl)ccc1OCCCC(=O)O,-3.678,0.0,1,False,0,1
Nc1cc([N+](=O)[O-])cc([N+](=O)[O-])c1O,-2.4862,0.0,1,False,0,1
COc1ccc(N2CCN(c3ccc([N+](=O)[O-])cc3)CC2)cc1,-6.9290130346000005,0.0,1,False,0,1
N=C(N)NN=Cc1c(O)ccc2ccccc12,-2.46,0.0,1,False,0,1
CC(NC(=O)C(Br)C(C)C)C(=O)O,-0.4825,0.0,1,False,0,1
O=C(O)CCCCC1CCSS1,-2.3750473352,0.0,1,False,0,1
O=C1CCCCCCCCCCOCCCCO1,-4.0179591997,0.0,1,False,0,1
CCN(CC)C(=O)CC(C)C,-0.5946,0.0,1,False,0,1
C=CC(=O)OC1CC(C)CC(C)(C)C1,-4.0304470853,0.0,1,False,0,1
NNCc1ccccc1,-1.6467890106,0.0,1,True,1,5
O=C(OCc1ccccc1)c1ccc(O)cc1,-3.3249813225,0.0,1,False,0,1
Cc1ccc2ccccc2c1NS(=O)(=O)c1ccc(N)cc1,-4.5,0.0,1,False,0,1
CSC1=CC(=O)c2ccccc2C1=O,-4.4651,0.0,1,False,0,1
Cc1ccc(NC(=O)N(C)C)cc1Cl,-3.4826,0.0,1,False,0,1
COC(=O)c1ccc([N+](=O)[O-])cc1,-3.04,0.0,1,False,0,1
CN1CC2CC1CN2c1cc2c(cc1F)c(=O)c(C(=O)O)cn2C1CC1,-2.9,0.0,1,False,0,1
C/C=C/C(=O)Oc1c([N+](=O)[O-])cc([N+](=O)[O-])cc1C(C)(C)CC(C)(C)C,-4.9595,0.0,1,False,0,1
COC(=O)c1ccc([O-])cc1,0.3803001877,0.0,1,True,1,2
CN(C)C1CCC=CCCC1,-1.6004,0.0,1,False,0,1
OCCOCC#CCOCCO,0.7589618218,0.0,1,False,0,1
O=C1c2ccccc2C(=O)N1SC(Cl)(Cl)Cl,-5.569,0.0,1,False,0,1
CC(=O)CC1CCCCN1,-0.4509,0.0,1,False,0,1
Cc1ccc(NCCO)c([N+](=O)[O-])c1,-2.7474051676,0.0,1,False,0,1
NC(=O)C[C@H](NC(=O)CCl)C(=O)O,-0.3193,0.0,1,False,0,1
Clc1ccc(Oc2cc(Cl)cc(Cl)c2Cl)cc1,-7.14,0.0,1,False,0,1
COc1ccc(C=CC(=O)c2ccccc2O)cc1,-5.7,0.0,1,False,0,1
CCCCCCCCOS(=O)(=O)[O-],0.2872063056,0.0,1,True,1,2
Oc1cc(Cl)cc(Cl)c1,-1.5590000000000002,0.0,1,False,0,1
CN(C)CCCN1CN(CCCN(C)C)CN(CCCN(C)C)C1,0.1642130702,0.0,1,False,0,1
Nc1ccc(S(=O)(=O)Nc2nnc(S(N)(=O)=O)s2)cc1,-1.5,0.0,1,False,0,1
Fc1cc(Br)cc(F)c1F,-3.2102979357,0.0,1,False,0,1
C=CC(=O)OCCOCC(CC)(COCCOC(=O)C=C)COCCOC(=O)C=C,-2.687445856,0.0,1,False,0,1
Brc1cc(Br)c(-c2ccccc2)c(Br)c1,-7.3,0.0,1,False,0,1
CC(=O)c1ccc(O)c(O)c1O,-2.0216,0.0,1,False,0,1
Nc1ccc2[nH]c(=O)[nH]c2c1,-2.3347829022999997,0.0,1,False,0,1
COCCCn1c(=O)c2c(N)c3c(=O)c4ccccc4c(=O)c3c(N)c2c1=O,-7.323792769,0.0,1,False,0,1
CCC(c1ccc(O)cc1)C(CC)c1ccc(O)cc1,-4.353,0.0,1,False,0,1
CCCC(C)C(CCC)C(C)Cc1ccc(OP(=S)([S-])Oc2ccc(CC(C)C(CCC)C(C)CCC)cc2)cc1,-5.4154147676,0.0,1,True,1,3
O=C(O)[C@H](O)c1ccccc1Cl,-0.4390279004999999,0.0,1,False,0,1
CCC(N)=O,-4.23,0.0,1,False,0,1
S=C(N=Nc1ccccc1)NNc1ccccc1,-6.61,0.0,1,False,0,1
Brc1ccccc1,-2.568561457,0.0,1,False,0,1
CCCCCCCC(=O)N(C)c1ccc(S(=O)(=O)N(C)C)cc1,-3.59,0.0,1,False,0,1
Cc1ccc(C(=O)O)o1,-0.8243,0.0,1,False,0,1
CCCCOC(=O)CCC(=O)OCCCC,-3.0006,0.0,1,False,0,1
CCCCCCCCCCCCCCCCCCC(=O)O,-3.775990335,0.0,1,False,0,1
CCCCOC(=O)C(C)c1ccc2cc(OC)ccc2c1,-7.53,0.0,1,False,0,1
CN(C)C(=O)c1cc(N2CC2)c([N+](=O)[O-])cc1[N+](=O)[O-],-2.48,0.0,1,False,0,1
COc1ccc(CCC#N)cc1OC,-1.9013447833,0.0,1,False,0,1
BrCC(Br)Br,-2.7272,0.0,1,False,0,1
COC(=O)C(C)O,0.9825,0.0,1,False,0,1
CC(C)(CO)C(O)C(=O)NCCCO,0.4376764540999999,0.0,1,False,0,1
Fc1ccc(Oc2ccnc3cc(Cl)cc(Cl)c23)cc1,-6.4243,0.0,1,False,0,1
CC12CCC3C(CCC4CC(=O)CCC43C)C1CCC2O,-4.74,0.0,1,False,0,1
CCCC(=O)OC1CCC2C3CCC4=CC(=O)CCC4C3CCC12C,-5.91,0.0,1,False,0,1
O=[N+]([O-])OCCOCCO[N+](=O)[O-],-1.6904508209,0.0,1,False,0,1
CCCCCCCC/C=C/CCCCCCCCNCCCNCCCNCCCN,-3.8360757577,0.0,1,False,0,1
O=C(O)c1cccc(Cl)c1C(=O)O,-0.976,0.0,1,False,0,1
CCOC(=O)C(Cl)C(C)=O,-0.9859492465,0.0,1,False,0,1
ClC(Cl)=C(Cl)Cl,-2.74,0.0,1,False,0,1
CC(C#N)NC=O,1.0083088579,0.0,1,False,0,1
CCOC(=O)C(C)CC,-2.3364163688999997,0.0,1,False,0,1
CCCCCCCCCCCCCC(=O)OCC(O)CO,-7.397875398099999,0.0,1,False,0,1
CC(=O)Oc1ccc(CC(NC(=O)c2ccccc2)C(N)=O)cc1,-3.89,0.0,1,False,0,1
CCCCCCCC/C=C\CCCCCCCCNCCCNCCCN,-3.7183913352,0.0,1,False,0,1
NCCNc1ccc(S(=O)(=O)c2ccc(N)cc2)cc1,-2.35,0.0,1,False,0,1
CCCCCCCCCCCCCCCCCC(=O)OC1CC(C)(C)NC(C)(C)C1,-6.214524895199999,0.0,1,True,1,2
NC(=S)Nc1cccc2ccccc12,-2.5278,0.0,1,False,0,1
CCCCNC(=O)n1c(NC(=O)OC)nc2ccccc21,-4.86,0.0,1,False,0,1
Cc1ccccc1O,-0.6190130172999999,0.0,1,False,0,1
ClC1=C(Cl)C(Cl)(Cl)C(Cl)=C1Cl,-5.1805,0.0,1,False,0,1
O=C(O)CC1(CC(=O)O)CCCCC1,-1.4722340504,0.0,1,False,0,1
Clc1ccc(-c2c(Cl)cccc2Cl)cc1Cl,-7.0199,0.0,1,False,0,1
Nc1ccccc1N,-0.4396098786999999,0.0,1,False,0,1
CC(=O)N(C)c1ccccc1,-0.951,0.0,1,False,0,1
CN(C)C(=O)c1ccc(C(=O)N(C)C)cc1,0.2656,0.0,1,False,0,1
CC(C)CCl,-2.0,0.0,1,False,0,1
Oc1ccc(Cl)cc1Cc1cc(Cl)ccc1O,-3.9528,0.0,1,False,0,1
OC/C=C\CO,0.8466851642000001,0.0,1,False,0,1
CCCCCCCC/C=C\CCCCCCCC(=O)OCC(C)OC(=O)CCCCCCC/C=C\CCCCCCCC,-4.7817560925,0.0,1,False,0,1
CCOC(=O)c1ccc(O)c(I)c1,-3.4924,0.0,1,False,0,1
CC(=O)OCCOCn1cnc2c(=O)[nH]c(N)nc21,-2.7,0.0,1,False,0,1
O=Cc1ccccc1O[C@@H]1O[C@H](CO)[C@@H](O)[C@H](O)[C@H]1O,-1.1985,0.0,1,False,0,1
O=C(c1ccco1)N(O)c1ccccc1,-3.194,0.0,1,False,0,1
CCOP(=O)(OCC)SC[S+]([O-])CC,-1.5124,0.0,1,False,0,1
OCC1C(CO)C2(Cl)C(Cl)=C(Cl)C1(Cl)C2(Cl)Cl,-3.0802,0.0,1,False,0,1
N[C@@H](CC(=O)O)C(=O)[O-],0.6099273323,0.0,1,True,1,2
CCN(CCC(=O)OC)c1ccc(N=Nc2snc3ccc([N+](=O)[O-])cc23)cc1,-7.315402454199999,0.0,1,False,0,1
CCCCCC/C=C/C1CC(=O)OC1=O,-4.0217535151999995,0.0,1,False,0,1
CC(CCC(=O)NCC(=O)O)C1CCC2C3C(O)CC4CC(O)CCC4(C)C3CC(O)C12C,-5.15,0.0,1,False,0,1
C=CC1=C(C)/C(=C/c2[nH]c(Cc3[nH]c(/C=C4\NC(=O)C(C)=C4C=C)c(C)c3CCC(=O)O)c(CCC(=O)O)c2C)NC1=O,-4.8127,0.0,1,False,0,1
CC(=O)Nc1ccc2c(c1)Cc1ccccc1-2,-4.24,0.0,1,False,0,1
CC(C)CC1CC(C)CCO1,-3.0799294806999997,0.0,1,False,0,1
CCN(CC)c1ccc2cc(-c3nc4cc(Cl)ccc4o3)c(=O)oc2c1,-7.4876332175,0.0,1,False,0,1
c1cc(N(CC2CO2)CC2CO2)ccc1Cc1ccc(N(CC2CO2)CC2CO2)cc1,-4.6620645831,0.0,1,False,0,1
CC(C)CCCCCCCCCCCCCCC(=O)OC(CO)CO,-6.855595468500001,0.0,1,False,0,1
CC(=O)OC/C=C(/C)CCC=C(C)C,-3.7549532157,0.0,1,False,0,1
CC(=O)c1ccc(N)cc1,-1.6058,0.0,1,False,0,1
O=C(O)CNCP(=O)(O)O,-0.272,1.3221482594626066,2,True,1,2
O=C(O)COc1c(Cl)c(Cl)c(Cl)c(Cl)c1Cl,-3.75,0.0,1,False,0,1
CCOP(=S)(OCC)Oc1ccc(Cl)cc1Cl,-6.1094,0.0,1,False,0,1
CC(CCC(C)O[N+](=O)O)O[N+](=O)O,-2.68,0.0,1,False,0,1
CC(Cl)(Cl)C(=O)O,0.5455,0.0,1,False,0,1
CN1CCN(c2cc3c(cc2F)c(=O)c(C(=O)O)cn3-c2ccc(F)cc2)CC1,-3.82,0.0,1,False,0,1
CCCCCCCCOC(=O)[C@@H](C)Oc1ccc(Cl)cc1C,-6.5143670911000005,0.0,1,False,0,1
O=C(O)c1ccccc1C(=O)OCCOC(=O)c1ccccc1C(=O)O,-2.83,0.0,1,False,0,1
CC(C)CC(NC(=O)CC(O)C(CC(C)C)NC(=O)C(Cc1c[nH]cn1)NC(=O)C(Cc1ccccc1)NC(=O)OC(C)(C)C)C(=O)NC(C(=O)O)c1ccccc1,-3.13,0.0,1,False,0,1
O=c1[nH]c(=O)n(Cc2ccccc2)cc1F,-2.65,0.0,1,False,0,1
C=CCCC=C,-2.6867,0.0,1,False,0,1
CCCCCCO,-1.382910122,0.0,1,False,0,1
O=C(O)C(Br)=C(Br)Br,-1.3593,0.0,1,False,0,1
Nc1cccc(Cl)c1Cl,-2.1303847013,0.0,1,False,0,1
O=C(OCn1c(=O)[nH]cc(F)c1=O)Oc1ccccc1,-2.45,0.0,1,False,0,1
O=C(O)c1ccc(C(=O)O)c(Br)c1,-2.1339,0.0,1,False,0,1
COC(=O)C1(S(=O)(=O)c2ccccc2)CCC1,-3.0005,0.0,1,False,0,1
COc1ccc(/C=C/C(=O)O)cc1,-2.3984,0.0,1,False,0,1
CCCCCCOC(=O)C(C)O,-1.14,0.0,1,False,0,1
Cc1cc(C)c(N)c(C)c1N,-0.8207163555,0.0,1,False,0,1
OCCOc1ccc(OCCO)cc1,-1.23,0.0,1,False,0,1
CC(=O)CC(C)=Nc1ccccc1O,-3.55,0.0,1,False,0,1
COc1cc(-c2cc(OC)cc(C(C)(C)C)c2O)c(O)c(C(C)(C)C)c1,-6.7763112575,0.0,1,False,0,1
OC(c1ccccc1)c1ccc(Cl)cc1,-3.4886,0.0,1,False,0,1
CCCCCOC(=O)c1cccnc1,-2.3776,0.0,1,False,0,1
CCN(CC)CCCNc1nc(NCCCN(CC)CC)nc(Nc2ccc3c(O)c(N=Nc4ccc5[nH]c(=O)[nH]c5c4)c(S(=O)(=O)O)cc3c2)n1,-0.64043406,0.0,1,True,1,2
CCC(O)c1ccccc1,-2.3403675905,0.0,1,False,0,1
OCC(O)COc1ccc(Cl)cc1,-1.3067,0.0,1,False,0,1
CC(C)CC(Br)C(=O)NC(C)C(=O)NC(C)C(=O)O,-1.43,0.0,1,False,0,1
OCCNc1ccccc1,-0.4745,0.0,1,False,0,1
Cc1cc(N)c(S(=O)(=O)O)cc1Cl,-2.3456971252,0.0,1,False,0,1
Cc1ccccc1N(O)C(=O)c1cccc(F)c1,-2.53,0.0,1,False,0,1
COc1ccccc1OC,-1.3149750669,0.0,1,False,0,1
O=C(NO)c1ccc([N+](=O)[O-])cc1,-1.94,0.0,1,False,0,1
O=C1c2cccc(O)c2C(=O)c2c(O)cccc21,-5.19,0.0,1,False,0,1
O=C(O)C1=C/C(=N/Nc2ccccc2)C=CC1=O,-3.0559,0.0,1,False,0,1
Cc1ccccc1C(=O)O,-2.0621,0.0,1,False,0,1
COC(=O)n1cnc2c1c(=O)n(C)c(=O)n2C,-1.24,0.0,1,False,0,1
CN(C)CCCOC1(Cc2ccccc2)CCCCCC1,-1.62,0.0,1,False,0,1
CC1(C)O[C@@H]2C[C@H]3[C@@H]4CCC5=CC(=O)C=C[C@]5(C)[C@@]4(F)[C@@H](O)C[C@]3(C)[C@]2(C(=O)CO)O1,-4.3158,0.0,1,False,0,1
CC(=O)[C@H]1CC[C@H]2[C@@H]3CC=C4C[C@@H](O)CC[C@]4(C)[C@H]3CC[C@]12C,-4.652,0.0,1,False,0,1
CNC(CC(=O)O)C(=O)O,-0.7544,0.0,1,False,0,1
CCOC(=O)N1CCN(CN2CCN(C(=O)OCC)CC2)CC1,-0.8443,0.0,1,False,0,1
N/C(N=O)=C(\N)NO,-0.7773,0.0,1,False,0,1
O=S(=O)(c1ccccc1)N1CCCCC1,-2.5365,0.0,1,False,0,1
O=CCCCCCCCC(=O)O,-0.9574,0.0,1,False,0,1
O=C1NC(=O)c2ccc3c4ccc5c6c(ccc(c7ccc1c2c73)c64)C(=O)NC5=O,-7.591458633999999,0.0,1,False,0,1
CCOCCOC(=O)CCCCC(=O)OCCOCC,-2.065,0.0,1,False,0,1
ClCBr,-0.8891641024,0.0,1,False,0,1
CCCCn1c(O)c(C#N)c(C)cc1=O,-2.2729907436000003,0.0,1,False,0,1
Cc1ccccc1Cc1ccccc1,-4.6925039386,0.0,1,False,0,1
CCC1NC(=O)c2cc(S(N)(=O)=O)c(Cl)cc2N1,-3.2859,0.0,1,False,0,1
c1ccc(CN(CC2=NCCN2)c2ccccc2)cc1,-2.6,0.0,1,False,0,1
COc1ccc(C)cc1,-2.3395421012999997,0.0,1,False,0,1
Clc1ccc(-c2ccc(Cl)c(Cl)c2Cl)cc1,-6.8754,0.0,1,False,0,1
Nc1ccc(Nc2ccc([N+](=O)[O-])cc2S(=O)(=O)O)cc1,-1.5982895297,0.0,1,False,0,1
CCOC(=O)C1(S(=O)(=O)c2ccc(C)cc2)CC1,-3.0104,0.0,1,False,0,1
CC(C)(O)C(=O)c1ccccc1,-1.0915320913,0.0,1,False,0,1
CCOc1ccc(NC(=O)c2cc3ccccc3cc2O)cc1,-5.311540545400001,0.0,1,False,0,1
CC(C)OC(=O)C(C)N(C(=O)c1ccccc1)c1ccc(F)c(Cl)c1,-4.3056,0.0,1,False,0,1
O=COCc1ccccc1,-1.6731198028999998,0.0,1,False,0,1
CSc1ncccn1,-0.402,0.0,1,False,0,1
N#CC(c1ccccc1)c1ccccc1,-2.9437,0.0,1,False,0,1
CC1(C(=O)O)CCC(C(=O)O)C1(C)C,-1.42,0.0,1,False,0,1
CC(=O)c1ccccc1,-1.2803868403,0.0,1,False,0,1
C/C=C(/CCCC)C(=O)NC(N)=O,-2.7883,0.0,1,False,0,1
CC(C)CC1(C)OCC(CO)O1,-0.7059803773000001,0.0,1,False,0,1
O=C(Oc1ccccc1)c1ccccc1C(=O)Oc1ccccc1,-6.5891,0.0,1,False,0,1
NS(=O)(=O)c1cc2c(cc1Cl)N=CNS2(=O)=O,-2.92,0.0,1,False,0,1
CN(C)[C@@H]1C(=O)/C(=C(\N)O)C(=O)[C@@]2(O)C(=O)C3=C(O)c4c(O)ccc(Cl)c4[C@@H](O)[C@H]3C[C@@H]12,-1.0469016509,0.0,1,True,1,3
CC(=O)OCC(C)C,-1.2657,0.0,1,False,0,1
CCCCCCC(=O)OCC,-2.7369,0.0,1,False,0,1
CC1=C(C(=O)O)N2C(=O)C(NC(=O)C(N)c3ccccc3)C2SC1,-1.58,0.0,1,False,0,1
CSCCC(C(=O)O)N(CCC#N)CCC#N,-1.3279,0.0,1,False,0,1
CN(C)C(=O)c1cccc(C(=O)N(C)C)c1,0.487,0.0,1,False,0,1
Cc1cc(Cl)cc(C)c1O,-1.6763,0.0,1,False,0,1
Clc1ccc(Oc2c(Cl)cccc2Cl)c(Cl)c1Cl,-7.23,0.0,1,False,0,1
Clc1cc(-c2c(Cl)c(Cl)c(Cl)c(Cl)c2Cl)c(Cl)c(Cl)c1Cl,-9.62,0.0,1,False,0,1
CCOC(=O)CNC(=O)COC(=O)c1ccccc1OC(C)=O,-1.87,0.0,1,False,0,1
COc1cnc(NS(=O)(=O)c2ccc(N)cc2)nc1,-2.5843,0.0,1,False,0,1
O=S(=O)([O-])c1cccc(N=Nc2ccc(N=Nc3ccc(Nc4ccccc4)c4c(S(=O)(=O)[O-])cccc34)c3ccccc23)c1,-0.5325397259,0.0,1,True,1,3
CCCCCCOC(=O)n1cnc2c1c(=O)n(C)c(=O)n2C,-3.0,0.0,1,False,0,1
Clc1ccc2cc(Cl)c(Cl)cc2c1,-7.1419,0.0,1,False,0,1
Cn1c(=O)[nH]c2[nH]c(=O)[nH]c2c1=O,-1.5614,0.0,1,False,0,1
Nc1ccc(N=Nc2ccc(NC(=O)c3ccc(N=Nc4c(S(=O)(=O)[O-])cc5c(c4N)C(=O)/C(=N/Nc4ccccc4)C(S(=O)(=O)[O-])=C5)cc3)cc2)c(N)c1,-1.3406827143,0.0,1,True,1,3
O=S(=O)(O)CS(=O)(=O)O,0.754,0.0,1,False,0,1
O=C([O-])CCCCCCCCC(=O)[O-],-1.5442063091,2.1168774732837723,2,True,2,3
CC(C)(OO)c1ccccc1,-1.0393798776,0.0,1,False,0,1
CCOC(=O)C(O)c1ccccc1,-1.26,0.0,1,False,0,1
O=c1c2ccccc2c2cc3ccc4c(=O)c5c(Br)c(Br)ccc5c5cc6ccc1c2c6c3c45,-4.4504277175,0.0,1,False,0,1
CCONC(=O)c1cn(C)c(=O)c(C)c1Nc1ccc(Br)cc1F,-3.82,0.0,1,False,0,1
O=S(=O)([O-])c1cc(N=Nc2ccc3c(S(=O)(=O)[O-])cccc3c2S(=O)(=O)[O-])c2c(O)c(Nc3nc(Cl)nc(Nc4ccc(Nc5nc(Cl)nc(Nc6c(S(=O)(=O)[O-])cc7cc(S(=O)(=O)[O-])cc(N=Nc8ccc9c(S(=O)(=O)[O-])cccc9c8S(=O)(=O)[O-])c7c6O)n5)cc4)n3)c(S(=O)(=O)[O-])cc2c1,-0.634868411,0.0,1,True,1,9
Oc1c(Cl)cccc1Cl,-1.79,0.0,1,False,0,1
CC(C)=CCC/C(C)=C/CO,-2.3519095035,0.0,1,False,0,1
CCC(C)C(C)O,-0.7216,0.0,1,False,0,1
CCCCCC#CC(=O)OC,-3.0091327736,0.0,1,False,0,1
C=C(C)C(=O)OCCOCC,-0.9674738601,0.0,1,False,0,1
CN1CCN(CCCN2c3ccccc3Sc3ccc(C(F)(F)F)cc32)CC1,-4.5238,0.0,1,False,0,1
CC(C(=O)O)c1ccc(N2Cc3ccccc3C2=O)cc1,-4.72,0.0,1,False,0,1
CC(C)=C1OC(=O)N(c2cc(OC3CCCC3)c(Cl)cc2F)C1=O,-6.21,0.0,1,False,0,1
N#CCCNCC(=O)O,0.3237,0.0,1,False,0,1
CC(=O)c1ccc(S(=O)(=O)NC(=O)NC2CCCCC2)cc1,-2.06,0.0,1,False,0,1
COc1ccc(NC(=O)C2=Cc3ccccc3/C(=N/Nc3cc(C(=O)Nc4cccc(S(=O)(=O)[O-])c4)ccc3C)C2=O)cc1,-7.050931182699999,0.0,1,True,1,3
Nc1ncnc2c1ncn2C1OC(CO)C(O)C1O,-1.73,0.0,1,False,0,1
COc1cc(S(=O)(=O)Nc2ccccc2)c(OC)cc1N,-4.0576928644,0.0,1,False,0,1
CCNc1nc(OC)nc(N(CC)CC)n1,-2.9987,0.0,1,False,0,1
CCCC(C)(C)C,-4.3575,0.0,1,False,0,1
CCc1cc(Cc2cc(CC)cc(C(C)(C)C)c2O)c(O)c(C(C)(C)C)c1,-5.5665093776,0.0,1,False,0,1
CC(C)(C)C(=O)OCn1cnc2c(cnn2COC(=O)C(C)(C)C)c1=O,-4.26,0.0,1,False,0,1
ClCC(Cl)Cl,-1.5811040628,0.0,1,False,0,1
NS(=O)(=O)c1cc(S(=O)(=O)c2ccc(O)cc2)co1,-2.4,0.0,1,False,0,1
O=C(O)CNC(=O)c1ccccc1,-1.69,0.0,1,False,0,1
C=C(C)C(=O)OCCOc1ccccc1,-2.9526471698,0.0,1,False,0,1
CC(C)(C(=O)O)C(=O)O,-0.1669999999999999,0.0,1,False,0,1
CC(C)C1NC(=O)CNC1=O,-0.8926,0.0,1,False,0,1
Cn1c(=O)c2nccnc2n(C)c1=O,-1.4598,0.0,1,False,0,1
CC(=O)Oc1ccc2ccccc2c1,-3.44,0.0,1,False,0,1
CCC(Cc1ccc(C)cc1)(C(=O)c1ccc(N2CCOCC2)cc1)N(C)C,-5.1332331523,0.0,1,False,0,1
CCOC(=O)NC,0.8255,0.0,1,False,0,1
CC12CCC(c3cnc(NS(=O)(=O)c4ccc(N)cc4)nc31)C2(C)C,-4.08,0.0,1,False,0,1
O=C(Cc1ccccc1)NNC(=O)c1ccncc1,-2.47,0.0,1,False,0,1
CC(C)C(=O)c1ccccc1,-2.35661526,0.0,1,False,0,1
CC(=N/O)/C(C)=N/O,-2.16,0.0,1,False,0,1
O=Cc1ccc(O)c(C(=O)O)c1,-2.6354,0.0,1,False,0,1
CC(O)COCc1c(Cl)ccc(Cl)c1Cl,-3.5673,0.0,1,False,0,1
CC(C)CCCCCCCCCCCCCCC(=O)OCC(COC(=O)CCCCCCCCCCCCCCC(C)C)OC(=O)CCCCCCCCCCCCCCC(C)C,-8.4587601408,0.0,1,False,0,1
CCC(=O)OCC(C)C,-1.8841,0.0,1,False,0,1
Cc1ccc(O)cc1C,-1.38,0.0,1,False,0,1
CC(C)c1ccc(C(=O)O)cc1,-3.0364,0.0,1,False,0,1
CC(CN1CC(=O)NC(=O)C1)N1CC(=O)NC(=O)C1,-1.27,0.0,1,False,0,1
CCCO[N+](=O)[O-],-1.5044,0.0,1,False,0,1
CCC(CC)(CC(=O)O)C(=O)O,-0.7962,0.0,1,False,0,1
CCC(=O)OCc1ccccc1,-2.344979827,0.0,1,False,0,1
Nc1ccc(S(=O)(=O)NC(=O)c2ccccc2)cc1,-2.9501,0.0,1,False,0,1
Cc1ccccn1,1.0309150604,0.0,1,False,0,1
c1ccc2n[nH]nc2c1,-0.7794,0.0,1,False,0,1
Cc1cccc(NC(=O)c2ccccc2C(=O)O)c1,-2.407,0.0,1,False,0,1
CCCCCCCCOC(=O)c1ccc(O)c(I)c1,-4.67,0.0,1,False,0,1
CCCCCCCCSC(=N)N,0.16,0.0,1,False,0,1
CC(C)C1(O)CCN2CC3c4ccccc4CCc4cccc(c43)C2C1,-3.81,0.0,1,False,0,1
Cc1ccccc1NC(=O)C(=O)C(=O)Nc1ccccc1C,-2.2,0.0,1,False,0,1
NC(CSCC(N)C(=O)O)C(=O)O,-2.56,0.0,1,False,0,1
C=COC(=O)c1ccccc1,-2.6229591952,0.0,1,False,0,1
CCC(CC)C(=O)Oc1ccccc1C(=O)O,-1.84,0.0,1,False,0,1
Cn1c(=O)cc2c3c(c(Br)ccc31)C(=O)c1ccccc1-2,-6.6804453214,0.0,1,False,0,1
NCCNCCO,0.9823282162,0.0,1,False,0,1
Cc1cc(O)c([N+](=O)[O-])cc1Cl,-4.3901,0.0,1,False,0,1
O=C1C(Br)=CC(=CNOc2ccc([N+](=O)[O-])cc2[N+](=O)[O-])C=C1Br,-6.6637,0.0,1,False,0,1
Nc1cccc(O)c1,-0.6229628479,0.0,1,False,0,1
O=C(O)c1cc(O)c(O)c(OC(=O)c2cc(O)c(O)c(O)c2)c1,-2.8092,0.0,1,False,0,1
CC(C)C(C)(C)C,-4.36,0.0,1,False,0,1
O=C1OC(=O)c2c(Cl)c(Cl)c(Cl)c(Cl)c21,-4.5531196112,0.0,1,False,0,1
COC1CCCCCCCCCCC1,-4.6835903829,0.0,1,False,0,1
O=CC=O,1.2363,0.0,1,False,0,1
Cc1ccc(Cn2cc(F)c(=O)[nH]c2=O)cc1,-2.92,0.0,1,False,0,1
Cc1cc(C)cc(N)c1,-1.4022004623,0.0,1,False,0,1
CC1=CC(C)C(CO)C(C)C1,-2.3711973931,0.0,1,False,0,1
CCCCC(CC)(CO)CO,-1.2603343364,0.0,1,False,0,1
C=C(C)C(=O)OCCN1CCNC1=O,0.7028481462999999,0.0,1,False,0,1
CC(=O)/C=C/C1=C(C)CCCC1(C)C,-3.0798638184,0.0,1,False,0,1
O=C(O)CCn1ccccc1=O,-0.6,0.0,1,False,0,1
CCCCCCCCCCCCCCCc1cccc(O)c1,-6.5970388257,0.0,1,True,1,4
CCCC[N+](CCCC)(CCCC)CCCC,1.3320248442,0.0,1,True,1,2
Clc1ccc(-c2c(Cl)ccc(Cl)c2Cl)cc1Cl,-7.6499,0.0,1,False,0,1
O=[N+]([O-])c1cc([N+](=O)[O-])c2ccc(S(=O)(=O)O)cc2c1O,-2.54,0.0,1,False,0,1
NC(N)=S,0.188516266,0.0,1,False,0,1
CN(C)C(=O)Nc1ccccc1,-1.6101,0.0,1,False,0,1
CCOC(C)CCO,-0.3736,0.0,1,False,0,1
Oc1cc(O)cc(O)c1,-1.05,0.0,1,False,0,1
C[C@]12CCC(=O)C=C1CC[C@@H]1[C@@H]2CC[C@]2(C)C(=O)CC[C@@H]12,-3.6949,0.0,1,False,0,1
C[N+](C)(C)CCCl,0.799,0.0,1,True,1,2
CC1C(C)(C)C2=C(C(=O)CCC2)C1(C)C,-3.2653422506,0.0,1,False,0,1
CCn1cc(C(=O)O)c(=O)c2ccc(C)nc21,-3.61,0.0,1,False,0,1
O=C1C=C(O)C(N=Nc2ccc(N=Nc3ccc(Nc4ccc([N+](=O)[O-])cc4S(=O)(=O)[O-])cc3)c3c(S(=O)(=O)[O-])cccc23)=C/C1=N/Nc1ccc(Nc2ccc([N+](=O)[O-])cc2S(=O)(=O)[O-])cc1,-0.3225773366,0.0,1,True,1,4
O=C(O)CCCCCCCCCCCCC(=O)O,-3.1112,0.0,1,False,0,1
CC1CN1,1.2434,0.0,1,False,0,1
Brc1ccc(-c2ccc(Br)c(Br)c2Br)c(Br)c1Br,-7.7563,0.0,1,False,0,1
CC1=Nc2ccc(Cl)cc2S(=O)(=O)N1,-3.36,0.0,1,False,0,1
CCOC(=O)COC(=O)c1ccccc1OC(C)=O,-2.58,0.0,1,False,0,1
CCCCCCCCCCC(=O)O,-3.5525,0.0,1,False,0,1
CCCCCCCOCC(COCCCCCCC)(COCCCCCCC)COCCCCCCC,-7.94522478,0.0,1,False,0,1
COC/C(=N/OCC(=O)OC)c1cc(Oc2ccc(C(F)(F)F)cc2Cl)ccc1[N+](=O)[O-],-5.6783,0.0,1,False,0,1
CCNc1nc(Cl)nc(NC(C)(C)C)n1,-4.43,0.0,1,False,0,1
C/C=C(\C)C(=O)OC1C(OC(C)=O)C2(CO)C(O)CC3(C)C(=CCC4C5(C)CCC(OC6OC(C(=O)O)C(OC7OC(CO)C(O)C(O)C7O)C(O)C6OC6OC(CO)C(O)C(O)C6O)C(C)(CO)C5CCC43C)C2CC1(C)C,-1.1031036675,0.0,1,False,0,1
O=C(O)CN(CC(=O)O)Cc1cc2c(c(O)c1O)C(=O)c1ccccc1C2=O,-1.8077,0.0,1,False,0,1
Cc1ccccc1Nc1nc(Cl)nc(Nc2cc(S(=O)(=O)[O-])cc3c2C(=O)/C(=N\Nc2ccccc2S(=O)(=O)[O-])C(S(=O)(=O)[O-])=C3)n1,-0.4572403676,0.0,1,True,1,4
CCC(C)C(=O)N(C)c1ccccc1,-1.5805795126,0.0,1,False,0,1
CN1[C@@H]2CC[C@H]1CC(OC(=O)[C@H](CO)c1ccccc1)C2,-1.91,0.0,1,False,0,1
BrCCBr,-1.68,0.0,1,False,0,1
O=S(=O)([O-])c1cccc(N=Nc2ccc(Nc3ccccc3)cc2)c1,-1.2046860906,0.0,1,True,1,2
CN(C)c1ccc(C(=O)O)cc1,-3.3979,0.0,1,False,0,1
Cc1ccc(OP(=O)(Oc2ccc(C)cc2)Oc2ccc(C)cc2)cc1,-6.0892,0.0,1,False,0,1
CC(C)OC(=O)C1(S(=O)(=O)c2ccc(Cl)cc2)CCCCCC1,-5.52,0.0,1,False,0,1
CCC(CC)COC(=O)NS(N)(=O)=O,-1.7487,0.0,1,False,0,1
CNC(=O)ON=C1C(Cl)C2CC(C#N)C1C2,-2.08,0.0,1,False,0,1
CCCCCCCCCCCCCCCCCCOCCCN(C)C,-6.852054029800001,0.0,1,False,0,1
CCOC(=O)c1nc(C(Cl)(Cl)Cl)n(-c2ccc(Cl)cc2Cl)n1,-5.6516,0.0,1,False,0,1
NC(=O)OCc1ccccc1,-0.35,0.0,1,False,0,1
CCC(C)c1ccccc1OC(=O)NC,-2.53,0.0,1,False,0,1
C=CC(=O)OC1C[C@@H]2CC[C@@]1(C)C2(C)C,-4.5830924552,0.0,1,False,0,1
O=C1CCCCO1,0.9994921725,0.0,1,False,0,1
Clc1ccc(C2(Cn3cncn3)OCCO2)c(Cl)c1,-3.0031,0.0,1,False,0,1
C=CCOC(=O)C(=C)C,-1.7584817871,0.0,1,False,0,1
CC(=O)O[C@@H](C(=O)O)c1ccccc1,-1.2313,0.0,1,False,0,1
CCCCOC(=O)CC(O)(CC(=O)OCCCC)C(=O)OCCCC,-3.5452709716000004,0.0,1,False,0,1
Cc1cc(C)c([PH](=O)O)c(C)c1,-2.7896,0.0,1,False,0,1
CN1CCC23c4c5ccc(OCc6ccccc6)c4OC2C(O)C=CC3C1C5,-2.22,0.0,1,False,0,1
N=C(N)S(=O)O,-0.5567928158,0.0,1,False,0,1
CC1c2nc3ccccc3c(=O)n2CN1C,0.03,0.0,1,False,0,1
CCCc1cc(=O)[nH]c(=S)[nH]1,-2.1504,0.0,1,False,0,1
COC(=O)c1ccccc1C,-1.7566476759,0.0,1,False,0,1
O=c1oc2ccccc2c(O)c1C(CC(O)c1ccc(-c2ccc(Br)cc2)cc1)c1ccccc1,-4.45,0.0,1,False,0,1
CCCCCCCCCCCC(=O)OC(C)C,-5.384537990399999,0.0,1,False,0,1
Cc1nc2c([nH]1)c(=O)n(C)c(=O)n2C,-0.7276,0.0,1,False,0,1
CCN(C(N)=O)c1ccccc1C,-0.2096,0.0,1,False,0,1
C=CCOC(=O)CCCCC,-2.6105517594,0.0,1,False,0,1
OCC1CO1,1.1303,0.0,1,False,0,1
CCN(CC)c1ccc2cc3c(oc2c1)c(C#N)c(=O)n1c2ccccc2nc31,-7.2023327624,0.0,1,False,0,1
O=C1/C(=N/Nc2cc(Cl)ccc2O)C(S(=O)(=O)[O-])=Cc2cc(S(=O)(=O)[O-])cc(O)c21,-1.2898086582,0.0,1,True,1,3
CNc1ccccc1,-1.2803,0.0,1,False,0,1
CC(C)C(=O)OCC1OC(n2cc(I)c(=O)[nH]c2=O)CC1O,-2.76,0.0,1,False,0,1
CCc1c(C(=O)O)c(=O)cnn1-c1ccc(Cl)cc1,0.4,0.0,1,False,0,1
CC(C)CCCCCCCCCCCCCCCOC(=O)CCCCCCCCCCCCCCC(C)C,-7.0864973463,0.0,1,False,0,1
COC(=O)c1cc(CCc2cc(OC)ccc2OC)ccc1O,-6.39,0.0,1,False,0,1
CCOC(=O)n1c(=O)[nH]cc(F)c1=O,-0.45,0.0,1,False,0,1
CN(C)C(=O)Nc1ccc(-n2nc(C(C)(C)C)oc2=O)c(Cl)c1,-4.3258,0.0,1,False,0,1
CC/C=C\CCOC(C)=O,-2.111500803,0.0,1,False,0,1
CCCCCCCCCCCCC(CO)CCCCCCCCCC,-5.549815883300001,0.0,1,False,0,1
CC(C)CN,1.1359,0.0,1,False,0,1
O=[N+]([O-])c1ccccc1CO,-1.4861,0.0,1,False,0,1
CCCCC(C#N)c1ccccc1,-3.6623544532,0.0,1,False,0,1
CCNc1nc(=O)nc(NC(C)C)[nH]1,-4.5241,0.0,1,False,0,1
Cc1c(Cl)cc(N=Nc2c(O)c(C(=O)[O-])cc3ccccc23)cc1S(=O)(=O)[O-],-5.3065828462,0.0,1,True,1,2
O=C(O)c1c(Cl)ccc2ccccc12,-2.3152,0.0,1,False,0,1
Nc1c2ccccc2nc2cccc(Cl)c12,-1.58,0.0,1,False,0,1
CC(C)C(=O)Oc1ccc([N+](=O)[O-])cc1,-3.9588,0.0,1,False,0,1
Clc1ccc(Sc2cc(Cl)c(Cl)cc2Cl)cc1,-7.0335,0.0,1,False,0,1
CNCCC(=O)O,-0.0543,0.0,1,False,0,1
NCC1(CC(=O)O)CCCCC1,0.0190211463,0.0,1,True,1,3
CC(O)C(C)C=O,-0.4906,0.0,1,False,0,1
Oc1ccc(N=Nc2ccccc2)cc1,-3.95,0.0,1,False,0,1
CC(=O)Oc1ccc(Br)cc1,-2.4166041571,0.0,1,False,0,1
Cn1ccc2cc3c(Nc4cccc(Br)c4)ncnc3cc21,-3.31,0.0,1,False,0,1
O=C(O)CCc1nc(-c2ccccc2)c(-c2ccccc2)o1,-2.24,0.0,1,False,0,1
O=C1CCN(Cc2ccccc2)CC1,-1.0169828584,0.0,1,False,0,1
O=[N+]([O-])c1ccccc1-c1ccc(Cl)cc1,-4.9372094561,0.0,1,False,0,1
OCC(F)(F)F,0.9998306582,0.0,1,False,0,1
O=C(c1cc(N2CC2)c([N+](=O)[O-])cc1[N+](=O)[O-])N1CCCCC1,-3.17,0.0,1,False,0,1
C=CC(=O)OCCO,0.9351079333,0.0,1,False,0,1
CC1CC=CC=CC=CC=CC(OC2OC(C)C(O)C(N)C2O)CC2OC(O)(CC(O)CC3OC3C=CC(=O)O1)CC(O)C2C(=O)O,-3.21,0.0,1,False,0,1
Oc1ccc(C2CCCCC2)cc1,-3.468,0.0,1,False,0,1
CC1=C/C(=N\Nc2ccccc2[N+](=O)[O-])C(=O)C=C1,-5.7475958635,0.0,1,False,0,1
C/C=C1\CC2C=CC1C2,-3.1767964148,0.0,1,False,0,1
Cc1ccc(-c2ccccc2)cc1,-4.6185,0.0,1,False,0,1
NC(=O)c1ncn([C@@H]2O[C@H](CO)[C@@H](O)[C@H]2O)n1,-0.2355,0.0,1,False,0,1
CCOC(=O)C=Cc1ccccc1,-3.0,0.0,1,False,0,1
CSC(=O)c1cccc2nnsc12,-4.4363,0.0,1,False,0,1
CC(=O)OCCBr,-0.6737,0.0,1,False,0,1
C=CC,-1.08,0.0,1,False,0,1
COc1ccc2c(c1)Sc1ccc(Cl)cc1N2,-4.9787,0.0,1,False,0,1
Cc1ccccc1-n1c(C)nc2ccccc2c1=O,-2.92,0.0,1,False,0,1
ClC(Cl)C(Cl)Cl,-1.7536,0.0,1,False,0,1
CN1C(=O)CN=C(c2ccccc2)c2cc([N+](=O)[O-])ccc21,-3.8,0.0,1,False,0,1
CCOP(=S)(OCC)SCC[S+]([O-])CC,-1.8609,0.0,1,False,0,1
CC(=O)NC(CSc1c(Cl)cccc1Cl)C(=O)O,-2.31,0.0,1,False,0,1
Cc1cc2cccc(O)c2nc1C,-3.32,0.0,1,False,0,1
CCCCCCCCCCCC(=O)[O-],-5.29780881345,0.49112430893005643,2,True,2,3
CC(C)(C)CC(C)(C)c1ccc(O)c(-n2nc3ccccc3n2)c1,-5.5097937283,0.0,1,False,0,1
CCCCCCCCCC,-6.4372,0.0,1,False,0,1
C=C(C)[C@H]1Cc2c(ccc3c2O[C@@H]2COc4cc(OC)c(OC)cc4[C@@H]2C3=O)O1,-6.2949,0.0,1,False,0,1
Nc1nc2cncnc2[nH]1,-2.43,0.0,1,False,0,1
CNC(=O)OCc1ccc(Cl)c(Cl)c1,-3.1389,0.0,1,False,0,1
CC(=O)C(N=Nc1ccccc1C(F)(F)F)C(=O)Nc1ccc2[nH]c(=O)[nH]c2c1,-7.455526833,0.0,1,False,0,1
NC(N)=NS(=O)(=O)c1ccc(N)cc1,-1.9885,0.0,1,False,0,1
CC1=CC(=O)[C@@H](C(C)C)CC1,-1.7882436903,0.0,1,False,0,1
CCN(CC)CC(=O)Nc1c(C)cccc1C,-1.78,0.0,1,False,0,1
C=C(C)OC(C)=O,-0.5277513782,0.0,1,False,0,1
CCC(C)c1cc([N+](=O)[O-])cc([N+](=O)[O-])c1OC(C)=O,-2.25,0.0,1,False,0,1
COC(=O)C1C(C)=CCCC1(C)C,-2.9085159963,0.0,1,False,0,1
CCC(CC)(S(=O)(=O)CC)S(=O)(=O)CC,-2.0625,0.0,1,False,0,1
CCN(CC)c1ccc(N=Nc2ccccc2)cc1,-5.9821152675,0.0,1,False,0,1
CCNP(=S)(OC)O/C(C)=C\C(=O)OC(C)C,-3.4078,0.0,1,False,0,1
CC12CCC(=O)C=C1CCC1C2CCC2(C)C1CCC2(C)O,-3.97,0.0,1,False,0,1
O=[N+]([O-])c1ccc(Cl)cc1O,-2.6373771386,0.0,1,False,0,1
CCCCOCCOCCOCOCCOCCOCCCC,-1.3016357757,0.0,1,False,0,1
CC(=O)NC(=O)NC(C)=O,-0.3137,0.0,1,False,0,1
CCN(CC)C(=O)CCC(=O)OCn1ncc2c(=O)[nH]cnc21,-0.99,0.0,1,False,0,1
O=C(O)c1ccc(Cl)cc1Cl,-2.6003,0.0,1,False,0,1
O=C1CC(=O)CC(c2ccccc2)C1,-2.51,0.0,1,False,0,1
CC(C)C(=O)O,0.2777,0.0,1,False,0,1
O=C(O)C1=CC(=O)C(=O)C(=C(O)O)O1,-1.3769999999999998,0.0,1,False,0,1
c1ccc2[nH]cnc2c1,-1.769197233,0.0,1,False,0,1
CCCCCCCCCCCC(=O)O,-4.6195835711,0.0,1,False,0,1
CCCc1ccccc1,-3.3622,0.0,1,False,0,1
CC1OC(=O)c2cc([N+](=O)[O-])ccc21,-2.6157,0.0,1,False,0,1
NS(=O)(=O)c1cc2c(s1)C(=O)CCS2(=O)=O,-3.67,0.0,1,False,0,1
NNc1cccc(S(=O)(=O)O)c1,-0.8275,0.0,1,False,0,1
NCC[C@H](O)C(=O)N[C@@H]1C[C@H](N)[C@@H](O[C@H]2O[C@H](CN)[C@@H](O)[C@H](O)[C@H]2O)[C@H](O)[C@H]1O[C@H]1O[C@H](CO)[C@@H](O)[C@H](N)[C@H]1O,-0.5004,0.0,1,False,0,1
COP(C)(=O)OC,-0.0936877841,0.0,1,False,0,1
CCOP(=S)(OCC)Oc1cc(C)nc(C(C)C)n1,-3.8813,0.0,1,False,0,1
COCC(C)O,1.0451691789,0.0,1,False,0,1
COC(=O)c1sc(N)c(C#N)c1C,-4.9917376213999995,0.0,1,False,0,1
Nc1cc(Cl)ccc1Cl,-2.0750002801,0.0,1,True,1,3
C=CCN(CC=C)c1c(C)cc(OC(=O)NC)cc1C,-3.5932,0.0,1,False,0,1
CC(=O)OCC(COC(C)=O)OC(C)=O,-0.5754367043,0.0,1,False,0,1
C=CC(=O)OCCOCCOC[C@@H](CC)CCCC,-3.9942741056,0.0,1,True,1,2
O=C(O)CSCC(=O)O,0.4255,0.0,1,False,0,1
c1ccc2sc(SSc3nc4ccccc4s3)nc2c1,-4.5218,0.0,1,False,0,1
CCCCSc1cc(O)cc(O)c1,-2.5191,0.0,1,False,0,1
CC(=O)OCC1CCC(C)=CC1C,-3.2503985576999996,0.0,1,False,0,1
C1CNCCN1,0.738,0.4621649921835274,2,True,1,5
COc1cc2ncnc(N3CCN(C(=S)NCc4ccco4)CC3)c2cc1OC,-5.63,0.0,1,False,0,1
C=CC1CN2CCC1CC2C(=O)c1ccnc2ccc(OC)cc12,-5.0313,0.0,1,False,0,1
CC1C/C=C/C=C/C=C/C=C/C(OC2OC(C)C(O)C([NH3+])C2O)CC2OC(O)(CC(O)CC3OC3/C=C/C(=O)O1)CC(O)C2C(=O)[O-],-2.21,0.0,1,False,0,1
CCC1(CC)C(=O)N=C([O-])NC1=O,-0.07,0.0,1,False,0,1
C=C(C)C(=O)OCC(CC)(COC(=O)C(=C)C)COC(=O)C(=C)C,-4.2262342969,0.0,1,False,0,1
O=S(=O)([O-])CCC[NH+]1CCOCC1,0.4557825074,0.0,1,False,0,1
CS(=O)(=O)Nc1nnc(S(N)(=O)=O)s1,-1.68,0.0,1,False,0,1
CC(C)(C)NC(=O)c1cc(N2CC2)c([N+](=O)[O-])cc1[N+](=O)[O-],-3.17,0.0,1,False,0,1
CCCCOC(=O)c1ccc(NC(C)=O)cc1,-3.46,0.0,1,False,0,1
Cc1ccc(S(N)(=O)=O)cc1N,-1.9169,0.0,1,False,0,1
CC(O)C(C)Cc1ccccc1,-1.6969729899,0.0,1,False,0,1
CCOC(=O)CCCCCCCCC(=O)OCC,-3.5091,0.0,1,False,0,1
COc1cccc(Cl)c1Cl,-3.3089999999999997,0.0,1,False,0,1
CC(=O)CCC(C)C,-1.3252,0.0,1,False,0,1
Nc1ncnc2nccnc12,-2.31,0.0,1,False,0,1
C=CCc1cc(C(C)(C)c2ccc(O)c(CC=C)c2)ccc1O,-3.9963835519,0.0,1,False,0,1
CC(C)CCO[N+](=O)[O-],-2.4809,0.0,1,False,0,1
CCC(C)(O)CC,-0.38,0.0,1,False,0,1
[O-][n+]1nc(-n2ccnc2)nc2ccc(Cl)cc21,-3.63,0.0,1,False,0,1
CCCCCCCCCOC(=O)c1cccnc1,-3.0958,0.0,1,False,0,1
NC(=O)C(F)(F)F,-1.4850227408,0.0,1,False,0,1
CC1CC(=O)CC(C)(C)C1,-1.6471414632,0.0,1,False,0,1
CC12CCC(=O)C=C1CCC1C2CCC2(C)C(OC(=O)c3ccccc3)CCC12,-4.48,0.0,1,False,0,1
CC(=O)C(=Cc1ccccc1)CC(=O)O,-1.6111,0.0,1,False,0,1
Cc1ccccc1C(=O)Nc1cccc(OC(C)C)c1,-4.3265,0.0,1,False,0,1
C=C(CC(=O)c1ccc(-c2ccccc2Cl)cc1)C(=O)O,-3.2,0.0,1,False,0,1
O=[N+]([O-])N1CN([N+](=O)[O-])CN([N+](=O)[O-])CN([N+](=O)[O-])C1,-4.8251168095,0.0,1,False,0,1
OCc1ccccc1,-0.4319,0.0,1,False,0,1
COc1ncnc2nc[nH]c12,-1.53,0.0,1,False,0,1
C=CC(C)(O)CC/C=C(\C)CC,-2.4091286640000003,0.0,1,False,0,1
c1ccc(CNCCNCc2ccccc2)cc1,-1.7865,0.0,1,False,0,1
C#C[C@]1(O)CC[C@H]2[C@@H]3CCc4cc(O)ccc4[C@H]3CC[C@@]21C,-4.4192,0.0,1,False,0,1
CCCCCCCCCCCCCCCCCCN,-3.6312456144,0.0,1,False,0,1
CCSC(C(=O)O)c1ccccc1,-1.5686,0.0,1,False,0,1
CCC#CCCOC(=O)C(C)c1ccc2cc(OC)ccc2c1,-7.33,0.0,1,False,0,1
CC(O)C(=O)O,1.0454,0.0,1,False,0,1
C#CCCCCCC#C,-2.983,0.0,1,False,0,1
NC(=S)c1ccccc1,-1.92,0.0,1,False,0,1
Nc1ccc(Cc2ccc(N)cc2)cc1,-2.2929334424000003,0.0,1,False,0,1
CCC(C)(C)C,-3.55,0.0,1,False,0,1
CCCCCCCCOC(=O)c1cc(O)c(O)c(O)c1,-3.8945,0.0,1,False,0,1
O=C(O)Cc1c(Cl)ccc(Cl)c1Cl,-3.08,0.0,1,False,0,1
ClCC(Cl)(Cl)CCl,-2.5785,0.0,1,False,0,1
FC(F)(F)Cl,-3.0647,0.0,1,False,0,1
CC12CCC3C(CCC4CC5SC5CC43C)C1CCC2O,-5.407,0.0,1,False,0,1
CCOCCCNS(=O)(=O)c1ccc(Oc2cc(O)c3c(c2N)C(=O)c2ccccc2C3=O)cc1,-4.7874700957,0.0,1,False,0,1
[O-]c1ccc(N=Nc2ccccc2)cc1N=Nc1c([O-])ccc2ccccc12,-2.6916066775,0.0,1,True,1,5
CCCCCCCC(=O)Oc1ccc(NC(C)=O)cc1,-4.44,0.0,1,False,0,1
Clc1cc(Cl)c(Oc2cccc(Cl)c2Cl)cc1Cl,-7.48,0.0,1,False,0,1
Br/C=C/Br,-1.7415,0.0,1,False,0,1
Cc1cnc(NS(=O)(=O)c2ccc(N)cc2)nc1C,-3.1435,0.0,1,False,0,1
CCc1nc2nc(N)[nH]c(=O)c2nc1CC,-4.28,0.0,1,False,0,1
Cc1cccc(N(O)C(=O)CCc2ccccc2)c1,-3.41,0.0,1,False,0,1
CC(=O)OCn1cnc2c1c(=O)n(C)c(=O)n2C,-1.83,0.0,1,False,0,1
CC(=O)CC1=NCCS1,-1.156,0.0,1,False,0,1
CCCCC(O)C(C)C,-1.8122,0.0,1,False,0,1
c1ccc2c(c1)ccc1nccnc12,-2.68,0.0,1,False,0,1
COc1ccc(-c2cc(=O)c3c(O)cc(O)cc3o2)cc1O,-6.1987525576,0.0,1,False,0,1
O=C(OCC(=O)N1CCC(O)CC1)c1ccccc1,-1.3486,0.0,1,False,0,1
C=CS(=O)(=O)Nc1ccccc1,-1.4996,0.0,1,False,0,1
O=C(Nc1ccc(Cl)cc1)Nc1ccc(Cl)c(Cl)c1,-6.4577264198,0.0,1,False,0,1
S=c1[nH]c2ccccc2o1,-2.1795,0.0,1,False,0,1
c1ccc2c(c1)CCc1ccccc1-2,-4.6347,0.0,1,False,0,1
CCCCCCCCCC=O,-3.7255255026,0.0,1,False,0,1
O=c1ccc2cc3ccoc3cc2o1,-3.74,0.0,1,False,0,1
CCC1(c2ccccc2)C(=O)NC(=O)N(CC(O)CO)C1=O,-1.7872,0.0,1,False,0,1
CC(C)c1cc(Oc2ccccc2)cc(C(C)C)c1NC(=S)NC(C)(C)C,-6.8068,0.0,1,False,0,1
O=C1NC(=O)C(=c2[nH]c(=C3C(=O)NC(=O)NC3=O)c3ccccc23)C(=O)N1,-7.5649937324,0.0,1,False,0,1
CCN1CCCC1CNC(=O)c1cc(S(N)(=O)=O)ccc1OC,-2.88,0.0,1,False,0,1
C1COCCO1,1.0549945152,0.0,1,False,0,1
CC(=O)Nc1c(I)cc(I)c(C(=O)O)c1I,-2.64,0.0,1,False,0,1
C[C@H](CCC(=O)O)[C@H]1CC[C@H]2[C@@H]3[C@H](O)C[C@@H]4C[C@H](O)CC[C@]4(C)[C@H]3C[C@H](O)[C@]12C,-3.3682,0.0,1,False,0,1
CCCN(CCC)C(=O)SCc1ccccc1,-4.2798,0.0,1,False,0,1
O=C1C2(Cl)C3(Cl)C4(Cl)C(Cl)(Cl)C5(Cl)C3(Cl)C1(Cl)C5(Cl)C24Cl,-5.2594,0.0,1,False,0,1
CC1=Nn2c(nc3ccccc3c2=O)/C1=N/Nc1ccc(Cl)cc1[N+](=O)[O-],-7.5829344883,0.0,1,False,0,1
Oc1ccc(C(c2ccc(O)cc2)(C(F)(F)F)C(F)(F)F)cc1,-3.1795029693,0.0,1,False,0,1
O=c1oc(-c2ccc(-c3nc4ccccc4c(=O)o3)cc2)nc2ccccc12,-6.5170402935,0.0,1,False,0,1
COc1nc(NC(C)C)nc(NC(C)C)n1,-2.56,0.0,1,False,0,1
Cc1nc(Br)[nH]c1[N+](=O)[O-],-1.7914,0.0,1,False,0,1
CC(C)[C@@H](O)C#N,0.3048,0.0,1,False,0,1
C/C=C\COCN(C(=O)CCl)c1c(CC)cccc1CC,-4.0287,0.0,1,False,0,1
CNCC(O)c1cccc(O)c1,-0.308924931,0.0,1,True,1,2
CCCOP(=S)(OCCC)OP(=S)(OCCC)OCCC,-4.1009,0.0,1,False,0,1
O=C(OC1CCCCC1)c1ccccc1C(=O)OC1CCCCC1,-5.5126055421,0.0,1,False,0,1
Oc1ccc(Cl)c(Cl)c1,-1.2458,0.0,1,False,0,1
CS(=O)(=O)OCCCCOS(C)(=O)=O,-2.27,0.0,1,False,0,1
CC1=CCCN1C,0.1265,0.0,1,False,0,1
C=C(C)C(=O)OCCOC(=O)CCC(=O)O,-0.706708916,0.0,1,False,0,1
CCOC(=O)C(CCc1ccccc1)NC(C)C(=O)N1CCCC1C(=O)O,-1.18,0.0,1,False,0,1
CCOc1ccc(C(C)(C)COCc2cccc(Oc3ccccc3)c2)cc1,-8.5758,0.0,1,False,0,1
O=C1CCCCCN1C(=O)c1ccccc1,-2.1667,0.0,1,False,0,1
CCNC(=O)Oc1cc(/C=C(/C#N)C(=O)N(CC)CC)cc([N+](=O)[O-])c1O,-3.18,0.0,1,False,0,1
COc1cc([C@@H]2c3cc4c(c(O)c3C[C@H]3COC(=O)[C@@H]32)OCO4)cc(OC)c1OC,-4.5035,0.0,1,False,0,1
C=CC(=O)OCCCCCCOC(=O)C=C,-2.8193366955,0.0,1,False,0,1
C=COCCCC,-2.3379408202,0.0,1,False,0,1
c1ccc2[nH]c(-c3cscn3)nc2c1,-3.6048,0.0,1,False,0,1
c1ccoc1,-0.82,0.0,1,False,0,1
C/C(=C\CO)CCC[C@H](C)CCC[C@H](C)CCCC(C)C,-4.8617411072,0.0,1,False,0,1
Cn1c(=O)c2[nH]cnc2n(C)c1=O,-1.3525852601,0.0,1,False,0,1
O=C1c2ccccc2C(=O)N1SC1CCCCC1,-4.3237941723,0.0,1,False,0,1
N#Cc1ccc(O)c(O)c1,-1.0235160951,0.0,1,False,0,1
c1ccc2c(c1)ccc1nc3c(ccc4ccccc43)cc12,-6.2447,0.0,1,False,0,1
c1ccc2c(c1)Nc1ccc3ccccc3c1S2,-6.5727,0.0,1,False,0,1
O=C1NC(=S)SC1=Cc1ccc(O)c(O)c1,-3.34,0.0,1,False,0,1
C=CCN=C=S,-1.6953,0.0,1,False,0,1
CC(S(C)(=O)=O)S(C)(=O)=O,-1.4188,0.0,1,False,0,1
CC1(C)[C@@H]2CC[C@@](C)(C2)[C@@H]1O,-2.2702,0.0,1,False,0,1
COc1ccc2cc(C(C)C(=O)OCC(C)=O)ccc2c1,-4.65,0.0,1,False,0,1
CCOC(=O)OCn1c(=O)[nH]cc(F)c1=O,-1.46,0.0,1,False,0,1
CCCCNCCCC,-1.5039654481,0.0,1,False,0,1
Clc1cccc(Cl)c1Cl,-4.003482074,0.0,1,False,0,1
CCC(C)(C)OO,-0.2165945745,0.0,1,False,0,1
N#Cc1ccccc1-c1ccc(CBr)cc1,-6.6566491092,0.0,1,False,0,1
CCCCCCN(C)N=Nc1ccc(C(=O)O)cc1,-2.52,0.0,1,False,0,1
C=CCOC(=O)C(C)(C)OC(=O)c1cc(-n2c(=O)cc(C(F)(F)F)n(C)c2=O)ccc1Cl,-4.676528089,0.0,1,False,0,1
O=C(O)C1=CCC(C(=O)O)CC1,-2.93,0.0,1,False,0,1
O=C(O)c1cc(Br)cc(C(=O)O)c1C(=O)O,-1.4481,0.0,1,False,0,1
CCCCCCCCCCC=O,-3.1520232011,0.0,1,False,0,1
CN(C)[C@@H]1C(O)=C(C(N)=O)C(=O)[C@@]2(O)C(O)=C3C(=O)c4c(O)cccc4[C@@](C)(O)[C@H]3C[C@@H]12,-2.93,0.0,1,False,0,1
CCOC(=O)CC(SP(=O)(OC)OC)C(=O)OCC,-1.6223,0.0,1,False,0,1
Cc1c([N+](=O)[O-])cc([N+](=O)[O-])cc1[N+](=O)[O-],-3.2423,0.0,1,False,0,1
CC(=O)CC(=O)Nc1ccccc1C,-1.8501922609,0.0,1,False,0,1
Cc1cccc(Oc2ccc([N+](=O)[O-])cc2)c1,-4.6613,0.0,1,False,0,1
CC(=O)Oc1ccc(C(C)=O)cc1,-1.52,0.0,1,False,0,1
CN(C)CCO,1.0499,0.0,1,False,0,1
O=c1[nH]sc2ccccc12,-1.9472895459,0.0,1,False,0,1
Clc1cc(Cl)c(Cl)c(-c2c(Cl)ccc(Cl)c2Cl)c1,-7.8218,0.0,1,False,0,1
Cc1cn(C2CC(N=[N+]=[N-])C(COC(=O)c3ccncc3)O2)c(=O)[nH]c1=O,-2.72,0.0,1,False,0,1
CCN(CC)C(=O)C(C)Oc1cccc2ccccc12,-3.5702,0.0,1,False,0,1
Cc1cc(O)ccc1C(C)C,-2.8545113539999996,0.0,1,False,0,1
CC(C)(C)C(=O)O,-0.5635618856,0.0,1,False,0,1
C=CS(=O)(=O)CS(=O)(=O)C=C,-3.9198954495,0.0,1,False,0,1
C=CCN1CC[C@]23c4c5ccc(O)c4O[C@H]2C(=O)CC[C@@]3(O)[C@H]1C5,-2.9,0.0,1,False,0,1
CCCCOC(=O)COc1ccc(Cl)cc1Cl,-3.78,0.0,1,False,0,1
CCN(CC)CCO,0.9311,0.0,1,False,0,1
Cc1cc(N)ccc1S(=O)(=O)Nc1ccc(Cl)cc1,-4.42,0.0,1,False,0,1
O=C1c2ccccc2C2=Nc3cccc4cccc(c34)N12,-7.255740326000001,0.0,1,False,0,1
Clc1ccc2ccccc2c1,-4.143,0.0,1,False,0,1
COc1cc(S(=O)(=O)[O-])c(C)cc1N/N=C1/C(=O)C=Cc2cc(S(=O)(=O)[O-])ccc21,-0.4405855136,0.0,1,True,1,3
CC(C=O)(CO)CO,0.9289333763,0.0,1,False,0,1
CCCn1cnc2c1c(=O)n(CCCCC(C)=O)c(=O)n2C,-0.9811,0.0,1,False,0,1
Oc1ccc2c(c1)CCC2,-1.3285,0.0,1,False,0,1
Clc1ncc2nccnc2n1,-0.71,0.0,1,False,0,1
c1nc[nH]n1,1.0058274476,0.0,1,False,0,1
CC1(C)C(C(=O)OC(C#N)c2cccc(Oc3ccccc3)c2)C1(C)C,-6.0248,0.0,1,False,0,1
O=C(O)C(Br)Br,0.9861,0.0,1,False,0,1
CC(=O)Nc1ccc(Cl)cc1C,-2.3097,0.0,1,False,0,1
CC(=O)Nc1ccc(F)cc1,-1.78,0.0,1,False,0,1
CCCCCCCCCCCCCCCCCC[N+](C)(C)C,-3.7337919543,0.16640320377433637,2,True,2,2
CC1(C)OC(=O)C[C@@H]1C(=O)[O-],-1.2449,0.0,1,False,0,1
O=c1cccc2[nH]cccc1-2,-2.5417,0.0,1,False,0,1
CC1=C2CC(C=O)C(C1)C(C(C)C)C2,-3.8508542835,0.0,1,False,0,1
CCCCCCOC(=O)C(C)OC(=O)C(C)O,-2.4884,0.0,1,False,0,1
CCCc1nc(N)c(CC)c(CCC)n1,-2.5132,0.0,1,False,0,1
CC(=O)OCn1cc(F)c(=O)n(COC(C)=O)c1=O,-1.81,0.0,1,False,0,1
CCOC(=O)OCCOc1cc(O)c2c(c1N)C(=O)c1ccccc1C2=O,-9.2195295624,0.0,1,False,0,1
O=C(O)COc1c(Cl)ccc(Cl)c1Cl,-2.6198,0.0,1,False,0,1
Nc1ccc2c(c1)C=C(S(=O)(=O)[O-])/C(=N\Nc1ccc3c(c1)C=C(S(=O)(=O)[O-])/C(=N/Nc1ccccc1)C3=O)C2=O,-2.2101305551,0.0,1,True,1,3
Cc1c(Cc2c(C)n(C)n(-c3ccccc3)c2=O)c(=O)n(-c2ccccc2)n1C,-2.9549,0.0,1,False,0,1
C[C@H](CCC(=O)NCC(=O)O)[C@H]1CC[C@H]2[C@@H]3[C@H](O)C[C@@H]4C[C@H](O)CC[C@]4(C)[C@H]3C[C@H](O)[C@]12C,-5.1495,0.0,1,False,0,1
O=C(NNC(=O)c1ccncc1)c1ccccc1,-2.54,0.0,1,False,0,1
Cc1cccc2ccc3cc4ccccc4cc3c12,-6.644,0.0,1,False,0,1
CC(F)(F)F,-2.043101387,0.0,1,False,0,1
CCOc1ccc(NC(=O)Nc2ccc(OCC)cc2)cc1,-4.44,0.0,1,False,0,1
CCOC(F)(C(F)(F)C(F)(F)C(F)(F)F)C(F)(C(F)(F)F)C(F)(F)F,-7.2887340171,0.0,1,False,0,1
O=c1[n-]c(=O)n(Cl)c(=O)n1Cl,-0.8951600114,0.0,1,True,1,2
Clc1ccc(-c2cc(Cl)cc(Cl)c2Cl)cc1,-6.77,0.0,1,False,0,1
CCOP(=S)(OCC)Oc1ccc(S(C)(=O)=O)cc1,-3.58,0.0,1,False,0,1
CC(=O)[CH-]C(C)=O,-3.591679706833333,3.3555488338639874,3,True,3,5
O=C(O)CC1NC(=O)NC1=O,-1.1517,0.0,1,False,0,1
O=C([O-])C(O)[C@H](O)[C@@H](O)[C@H](O)[C@H](O)CO,0.7066663199,0.0,1,True,1,2
O=S(=O)([O-])CCBr,0.332748699,0.0,1,True,1,2
CCCCP(=O)(CCCC)CCCC,-0.5932,0.0,1,False,0,1
CCCCCCCC=O,-2.3598,0.0,1,False,0,1
CCN1c2ncccc2C(=O)Nc2c(C)cc(C)nc21,-4.553999999999999,0.0,1,False,0,1
Cc1c2cc(Cl)ccc2cc2c1ccc1ccccc12,-7.44,0.0,1,False,0,1
O=P(O)(O)OCC(O)CO,0.7643,0.0,1,False,0,1
CCCCCCCCCCCCN,-3.3759,0.0,1,False,0,1
CCCCCCCCN(C)C,-5.4653701933,0.0,1,True,1,5
COS(=O)(=O)OC,-0.6537,0.0,1,False,0,1
Cc1cc(O)ccc1Cl,-1.5704,0.0,1,False,0,1
CCCCCCCCn1sccc1=O,-2.6301,0.0,1,False,0,1
CC1(C)C2CCC3(C2)C1C(=O)CCC3(C)C,-4.0976122125,0.0,1,False,0,1
OCCCl,1.0941285967,0.0,1,False,0,1
CC(C)(C)N(Sc1nc2ccccc2s1)Sc1nc2ccccc2s1,-8.3629378574,0.0,1,False,0,1
O=Cc1cc(O)ccc1O,-1.0004,0.0,1,False,0,1
CCCCCCCC(=O)OCn1c(=O)[nH]cc(F)c1=O,-3.29,0.0,1,False,0,1
CC(=O)OCC(=O)[C@@]1(O)CC[C@H]2[C@@H]3CCC4=CC(=O)CC[C@]4(C)[C@H]3[C@@H](O)C[C@@]21C,-4.4577,0.0,1,False,0,1
CCCCNC1CC(C)(C)NC(C)(C)C1,0.5746150304,0.0,1,False,0,1
O=C([O-])c1cccc(Cl)c1[N+](=O)[O-],-2.6323,0.0,1,False,0,1
O=C(Nc1ccccc1)c1ccccc1I,-4.2084,0.0,1,False,0,1
Clc1ccc(Oc2cc(Cl)cc(Cl)c2)cc1,-5.5201,0.0,1,False,0,1
O=[N+]([O-])c1ccc(OP(=O)(Oc2ccccc2)Oc2ccccc2)cc1,-4.96,0.0,1,False,0,1
Cc1ccccc1N1C(=O)c2cc(S(N)(=O)=O)c(Cl)cc2NC1C,-3.783,0.0,1,False,0,1
C=CCN(CC=C)c1cc(NC(C)=O)c(N=Nc2c(Br)cc([N+](=O)[O-])cc2[N+](=O)[O-])cc1OC,-7.0093328393,0.0,1,False,0,1
CCCCOC(=O)/C=C/c1ccccc1,-1.6112,0.0,1,False,0,1
COC(=O)OC,0.1852603514,0.0,1,False,0,1
CC(C)COC(=O)C(C)(C)O,-0.7276,0.0,1,False,0,1
CCCOCC(C)O,0.9275,0.0,1,False,0,1
CCCn1cnc2c1c(=O)n(C)c(=O)n2C,0.02,0.0,1,False,0,1
OCc1nc2ncncc2[nH]1,-1.52,0.0,1,False,0,1
CNC(=O)Oc1ccccc1,-1.803,0.0,1,False,0,1
CCCC(=O)OCCC(C)CCC=C(C)C,-5.142612080899999,0.0,1,False,0,1
CCCCCCCCCCCCCCC(CO)CCCCCCCCCCCC,-5.6135997753,0.0,1,False,0,1
CCOC(=O)c1cccnc1,-0.4313,0.0,1,False,0,1
ClC(Br)CBr,-2.5546,0.0,1,False,0,1
Oc1c(I)cc(Cl)c2cccnc12,-1.8222562261,0.0,1,False,0,1
O=C(O)CCSCCC(=O)O,-0.7991431977,0.0,1,False,0,1
c1ccc(Cn2ccnc2)cc1,-2.26,0.0,1,False,0,1
CC(=O)OCCCOC(C)=O,-0.2046,0.0,1,False,0,1
Brc1ccc(-c2ccc(Br)cc2)cc1,-7.74,0.0,1,False,0,1
O=S(=O)([O-])c1cccc2c(N=Nc3ccc(N=Nc4ccc(Nc5ccccc5)c5c(S(=O)(=O)[O-])cccc45)c4ccccc34)cccc12,-1.4631185388,0.0,1,True,1,3
CCCC(=O)OCCOC(=O)CCC,-2.6069,0.0,1,False,0,1
CCC1(CC)C(=O)N(C)N(c2ccccc2)C1=O,-2.69,0.0,1,False,0,1
COP(=O)(Oc1ccccc1)Oc1ccccc1,-2.1209,0.0,1,False,0,1
COc1ccc2cc(C(C)C(=O)OC(C)OC(=O)C(N)Cc3ccccc3)ccc2c1,-3.5,0.0,1,False,0,1
CC(=O)NCC(=O)Nc1ccccc1,-1.5678,0.0,1,False,0,1
CCN(c1cccc(S(=O)(=O)CCOS(=O)(=O)[O-])c1)c1nc(Cl)nc(Nc2ccc3c(c2)C=C(S(=O)(=O)[O-])/C(=N/Nc2ccc(OC)cc2S(=O)(=O)[O-])C3=O)n1,-1.1616711076,0.0,1,True,1,4
COC(=O)CCN(CCC(=O)OC)c1ccc(N=Nc2c(Cl)cc([N+](=O)[O-])cc2Br)cc1,-7.1002216252,0.0,1,False,0,1
C=C(C)C(=O)Oc1ccccc1,-2.4948513605,0.0,1,False,0,1
CC(=O)CC(=O)Nc1ccc(-c2ccc(NC(=O)CC(C)=O)c(C)c2)cc1C,-5.3250182341,0.0,1,False,0,1
COC(=O)C1CCCN1C(=O)COC(=O)c1ccccc1,-2.08,0.0,1,False,0,1
Nc1cccc(C(F)(F)F)c1,-1.5081956214,0.0,1,False,0,1
CCC(CC)(CC)NC(N)=O,-1.8191,0.0,1,False,0,1
Clc1cc(Cl)c(Cl)c(Oc2ccc(Cl)c(Cl)c2Cl)c1,-8.55,0.0,1,False,0,1
CCCCCCCCS(=O)(=O)NS(=O)(=O)CCCCCCCC,-3.9145,0.0,1,False,0,1
CN1CCC23C=CC=CC2C1Cc1ccc(O)c(O)c13,-1.72,0.0,1,False,0,1
Brc1cc(Br)c(Br)cc1Br,-6.98,0.0,1,False,0,1
CCCCCC(=O)OCn1c(=O)[nH]cc(F)c1=O,-2.11,0.0,1,False,0,1
CC(=O)OCC(=O)[C@@]1(O)CC[C@H]2[C@@H]3CCC4=CC(=O)CC[C@]4(C)[C@H]3C(=O)C[C@@]21C,-4.3037,0.0,1,False,0,1
O=[N+]([O-])c1cc2c(cc1CO)OCO2,-3.06,0.0,1,False,0,1
CC(=O)OCCOCn1cnc2cnc(N)nc21,-0.97,0.0,1,False,0,1
O=C1C(S(=O)(=O)[O-])=Cc2cc(Nc3ccccc3)ccc2/C1=N/Nc1ccc(N=Nc2ccc(N=Nc3cc(S(=O)(=O)[O-])ccc3S(=O)(=O)[O-])c3ccc(S(=O)(=O)[O-])cc23)c2ccccc12,-2.0236334836000003,0.0,1,True,1,5
CC(C(C)(C)C)C(C)(C)SSSC(C)(C)C(C)C(C)(C)C,-9.129966133,0.0,1,False,0,1
Clc1cc(Cl)c(-c2ccccc2Cl)c(Cl)c1,-6.65,0.0,1,False,0,1
COC(=O)Cc1ccccc1,-2.2114017234,0.0,1,False,0,1
Nc1nc(=O)c2nc(CNc3ccc(C(=O)NC(CCC(=O)O)C(=O)O)cc3)cnc2[nH]1,-5.44,0.0,1,False,0,1
CC(C)C(=O)C(C)C,-1.3018,0.0,1,False,0,1
CN1CCCN(C)C1=O,0.8921966739,0.0,1,False,0,1
O=[N+]([O-])CCO,1.0406,0.0,1,False,0,1
NC(N)=Nc1nc(CSCC/C(N)=N\S(N)(=O)=O)cs1,-2.65,0.0,1,False,0,1
OCCN(CCO)c1ccccc1,-0.5833809314,0.0,1,False,0,1
C=C(C)C(=O)OCCOCCOCCOC(=O)C(=C)C,-1.9005552518,0.0,1,False,0,1
COc1c(C(=O)O)cccc1C(=O)O,-2.2926,0.0,1,False,0,1
CC1CCC(N=O)=C(NO)C1,-1.6622,0.0,1,False,0,1
CC(C)=CCC1(C)C(=O)NC(=O)NC1=O,-2.6,0.0,1,False,0,1
CCC(Cc1ccccc1)(C(=O)c1ccc(N2CCOCC2)cc1)N(C)C,-4.7932278922,0.0,1,False,0,1
C=COC(=O)CCCCC(C)(C)C,-7.1224610466,0.0,1,False,0,1
CC(C)CCOCC(O)CO,-1.2101,0.0,1,False,0,1
CCOC(=O)CC1(C)OCC(C)O1,-2.1798872233,0.0,1,False,0,1
COc1c(Cl)cc(Cl)c(OC)c1O,-2.96,0.0,1,False,0,1
CC(C)=CCCC(C)C=O,-2.4478585415,0.0,1,False,0,1
O=C(O)c1c(O)cccc1O,-1.2074,0.0,1,False,0,1
CNC(C)=O,1.1361123296,0.0,1,False,0,1
CCCOC(=O)CCC,-1.905,0.0,1,False,0,1
Clc1ccc(Oc2ccccc2)c(Cl)c1,-4.6304,0.0,1,False,0,1
CCCC(=O)OCn1c(=O)[nH]cc(F)c1=O,-1.13,0.0,1,False,0,1
CS(=O)(=O)c1ccc(C2=C(c3ccccc3)C(=O)OC2)cc1,-4.52,0.0,1,False,0,1
CC(=O)c1ccc(O[C@@H]2O[C@H](CO)[C@@H](O)[C@H](O)[C@H]2O)cc1,-1.1740000000000002,0.0,1,False,0,1
COC(=O)C(N)Cc1ccc(O)c(O)c1,0.48,0.0,1,False,0,1
Clc1ccc(I)cc1,-4.03,0.0,1,False,0,1
NC(=O)c1ccccn1,0.1685,0.0,1,False,0,1
CN1C(=O)OC(C)(C)C1=O,-0.4568,0.0,1,False,0,1
O=C(O)c1cc(O)ccc1O,-0.85,0.0,1,False,0,1
O=C1C(S(=O)(=O)[O-])=Cc2cc(S(=O)(=O)[O-])ccc2/C1=N\Nc1ccc(S(=O)(=O)[O-])c2ccccc12,-1.0824140873,0.0,1,True,1,4
OCC(O)C(O)C(O)C=NN(c1ccccc1)c1ccccc1,-3.1,0.0,1,False,0,1
CN(C)Cc1ccc(C(=O)OCCOCn2cnc3c(=O)[nH]c(N)nc32)cc1,-2.47,0.0,1,False,0,1
CC1CC(OC(=O)c2ccccc2)CC(C)(C)N1,-1.922,0.0,1,False,0,1
COc1ccc2cc(C(C)C(=O)OCC(=O)N(C)CC(N)=O)ccc2c1,-3.78,0.0,1,False,0,1
CC(C)(C)c1cc(C(C)(CC(=O)OCCOC(=O)CC(C)(c2ccc(O)c(C(C)(C)C)c2)c2ccc(O)c(C(C)(C)C)c2)c2ccc(O)c(C(C)(C)C)c2)ccc1O,-6.2014353624,0.0,1,False,0,1
CC(N)CN,1.1300235759,0.0,1,False,0,1
CCCCCCCCCCN(C)C,-4.0452878346,0.0,1,False,0,1
O=c1oc2ccccc2c(O)c1C1CCCc2ccccc21,-4.86,0.0,1,False,0,1
COc1ccc2cc(C(C)C(=O)O)ccc2c1,-3.29,0.0,1,False,0,1
CC1=CC(=O)CC(=O)O1,-1.1185,0.0,1,False,0,1
C=C(C)C1Cc2c(ccc3c2OC2COc4cc(OC)c(OC)cc4C2C3=O)O1,-4.47,0.0,1,False,0,1
CC(C)OC(C)(C)C,-2.3662,0.0,1,False,0,1
CC1=CCCCC1,-3.2671,0.0,1,False,0,1
C=COCCOCCOC=C,-1.0530702077,0.0,1,False,0,1
O=C(O)Cc1ccccc1,-0.89,0.0,1,False,0,1
CCCCN1CCCCC1C(=O)Nc1c(C)cccc1C,-3.22,0.0,1,False,0,1
CCC(O)CN(CC(O)CC)CC(O)CC,-0.5229,0.0,1,False,0,1
CC1NC(=O)c2ccccc2N(CC(O)C(O)C(O)CO)C1=O,-1.51,0.0,1,False,0,1
CCOC(=O)c1ccccc1S(=O)(=O)NN(C=O)c1nc(Cl)cc(OC)n1,-4.5760000000000005,0.0,1,False,0,1
CC(C)[N+](=O)[O-],-0.615,0.0,1,False,0,1
CCN(Cc1cccc(S(=O)(=O)[O-])c1)c1ccc([C+](c2ccc(N(CC)Cc3cccc(S(=O)(=O)[O-])c3)cc2)c2ccccc2S(=O)(=O)[O-])cc1,-0.1131580367,0.0,1,True,1,3
CCCN(CCCl)c1c([N+](=O)[O-])cc(C(F)(F)F)cc1[N+](=O)[O-],-5.5968,0.0,1,False,0,1
O=S(=O)([O-])c1ccc2c(N=Nc3ccc(-c4ccc(N=Nc5c([O-])c(S(=O)(=O)[O-])cc6cc(S(=O)(=O)[O-])ccc56)c([O-])c4)cc3[O-])c([O-])c(S(=O)(=O)[O-])cc2c1,-1.6074287478,0.0,1,True,1,7
CCCCC(O)(Cn1cncn1)c1ccc(Cl)cc1Cl,-4.2668,0.0,1,False,0,1
O=S(=O)([O-])CCNC1CCCCC1,-0.0784185571,0.0,1,True,1,2
CN(Cc1ccc(OCCN2CCOCC2)cc1)C(=O)c1ccc([N+](=O)[O-])o1,-2.29,0.0,1,False,0,1
Cn1cnc([N+](=O)[O-])c1Sc1ncnc2nc[nH]c12,-3.21,0.0,1,False,0,1
COc1cc(NC(=O)C2=Cc3ccccc3/C(=N/Nc3cc(C(=O)Nc4ccccc4)ccc3OC)C2=O)c(OC)cc1Cl,-7.8465603387,0.0,1,False,0,1
CCCCCCC(CCCC)C(=O)O,-4.959305966700001,0.0,1,False,0,1
OC(c1ccccc1)(c1ccccc1)C1CCCCN1,-1.9,0.0,1,False,0,1
C=CCc1ccc(OC)c(OC)c1,-2.5520132395,0.0,1,False,0,1
O=C(O)c1c([N+](=O)[O-])cc([N+](=O)[O-])cc1[N+](=O)[O-],-1.0977,0.0,1,False,0,1
ClCCl,-0.63,0.0,1,False,0,1
O=C1C[C@@H](c2ccc(O)c(O)c2)Oc2cc(O)cc(O)c21,-3.6147,0.0,1,False,0,1
COC(=O)C1CC(=O)N(C)C1,0.804,0.0,1,False,0,1
CCC1CN2CCC1CC2C(O)c1ccnc2ccc(OC)cc12,-3.0514,0.0,1,False,0,1
CCN(Cc1c(F)cccc1Cl)c1c([N+](=O)[O-])cc(C(F)(F)F)cc1[N+](=O)[O-],-6.625,0.0,1,False,0,1
CCc1cc(C)cc(CC)c1Nc1ccc(Nc2c(CC)cc(C)cc2CC)c2c1C(=O)c1ccccc1C2=O,-7.423828912,0.0,1,False,0,1
O=C1c2ccccc2C(=O)c2c1ccc(O)c2O,-2.7785,0.0,1,False,0,1
COc1ccc(NS(=O)(=O)c2ccc(N)cc2)nn1,-2.68,0.0,1,False,0,1
CC(O)C(F)(F)F,0.3094,0.0,1,False,0,1
Nc1nc2[nH]cc(CCc3ccc(C(=O)O)cc3)c2c(=O)[nH]1,-3.5742890364999997,0.0,1,False,0,1
CCCCC(=O)NNC(=O)CCCC,-2.16,0.0,1,False,0,1
C=CC(=O)NC(C)(C)CS(=O)(=O)[O-],0.3386928662,0.0,1,True,1,2
NC(=O)CC(N)C(=O)O,-0.74,0.0,1,False,0,1
CC(O)(P(=O)([O-])[O-])P(=O)([O-])[O-],0.4204601089999999,0.0,1,True,1,5
NC(=O)NN=C1CCCCC1,-1.4127,0.0,1,False,0,1
O=C(O)C1CCCN1,1.1291356492,0.0,1,False,0,1
FC(F)(Cl)C(F)(F)Cl,-2.74,0.0,1,False,0,1
Clc1ccc(Cl)c(-c2ccccc2)c1,-5.2993,0.0,1,False,0,1
CC1OC(O[C@@H]2C=C3CC[C@@H]4[C@H](CC[C@]5(C)[C@@H](c6ccc(=O)oc6)CC[C@]45O)[C@@]3(C)CC2)C(O)C(O)C1O,-3.955,0.0,1,False,0,1
CCCCCCOC(=O)c1ccc(N)cc1,-3.95,0.0,1,False,0,1
CCC(Cl)(CC)C(N)=O,-1.0289,0.0,1,False,0,1
Nc1ccc(-c2ccc(Cl)cc2)cc1,-4.6383,0.0,1,False,0,1
CCc1cccc(C)c1Nc1ccc(Nc2c(C)cccc2CC)c2c1C(=O)c1ccccc1C2=O,-7.3753013985,0.0,1,False,0,1
CC(C)C(C)C(C)C(O)C#CC(C)C(C)O,-2.2756,0.0,1,False,0,1
CC(C)C1CCC(=NO)C(=NO)C1,-2.3903,0.0,1,False,0,1
Cc1ccc(C(C)(C)C)cc1,-4.4720217682,0.0,1,False,0,1
CC1=CCC(/C=C\C(C)C(C)O)C1(C)C,-3.786028703399999,0.0,1,False,0,1
CCOC(=O)COc1cc(-c2nn(C)c(OC(F)F)c2Cl)c(F)cc1Cl,-5.6161,0.0,1,False,0,1
Cc1ncc2n1-c1ccc(Cl)cc1C(c1ccccc1F)=NC2,-4.13,0.0,1,False,0,1
Cc1ccc([N+](=O)[O-])cc1C,-3.1794512484,0.0,1,False,0,1
O=C(O)c1ccc([N+](=O)[O-])c2cccnc12,-3.1656,0.0,1,False,0,1
CC(C)c1ccc2ccccc2c1C(C)C,-6.2301136188,0.0,1,False,0,1
OCc1ccccc1Br,-2.158,0.0,1,False,0,1
O=c1[nH]c(=O)c2[nH]c(=O)c(=O)[nH]c2[nH]1,-4.06,0.0,1,False,0,1
CC=Cc1ccc(OC)cc1,-3.13,0.0,1,False,0,1
CCC(O)(COC(N)=O)c1ccccc1,-0.9227,0.0,1,False,0,1
C=C(CC(C)(C)c1ccccc1)c1ccccc1,-6.0118424703999995,0.0,1,False,0,1
Clc1cc(Cl)c(Oc2ccc(Cl)c(Cl)c2Cl)cc1Cl,-8.31,0.0,1,False,0,1
O=c1c2ccccc2c(=O)c2c1ccc1c3ccc4c(=O)c5c(ccc6c7ccc8c(=O)c9ccccc9c(=O)c8c7[nH]c65)c(=O)c4c3[nH]c12,-8.8106451034,0.0,1,False,0,1
CCCCCCCCCCCC[N+](C)(C)CC(O)CS(=O)(=O)[O-],0.2865181043,0.0,1,False,0,1
COc1ccc(C(N)=O)cc1,-1.72,0.0,1,False,0,1
CNC1=Nc2ccc(Cl)cc2C(c2ccccc2)=[N+](O)C1,-3.39,0.0,1,False,0,1
COP1(=S)OCc2ccccc2O1,-3.5714,0.0,1,False,0,1
CCOC1CC(C)CC(C)(C)C1,-4.1342944341,0.0,1,False,0,1
CC(=O)Nc1ccc(N)c(S(=O)(=O)O)c1,-1.2318564393,0.0,1,False,0,1
CCCCCCCCCCCCCCCCCC(=O)OCCCCCCCCCCCCCC,-8.983050454099999,0.0,1,False,0,1
CC(O)C(C)(C)C,-0.6238,0.0,1,False,0,1
CCCCOC(=O)c1ccc(C(=O)OCCCC)cc1,-6.40319542,0.0,1,False,0,1
Brc1ccc2ccccc2c1,-4.4001,0.0,1,False,0,1
CN1C(C)(C)CC(OC(=O)CC(C(=O)OC2CC(C)(C)N(C)C(C)(C)C2)C(CC(=O)OC2CC(C)(C)N(C)C(C)(C)C2)C(=O)OC2CC(C)(C)N(C)C(C)(C)C2)CC1(C)C,-4.672731896,0.0,1,False,0,1
CC(=O)OCCOC(C)=O,0.068474963,0.0,1,False,0,1
Cc1cc(C)c[n+]([O-])c1,0.9095,0.0,1,False,0,1
COc1ccc(OC)c(C=O)c1,-2.3202,0.0,1,False,0,1
CCOC(=O)[C@H](CCc1ccccc1)N[C@@H](C)C(=O)N1CCC[C@H]1C(=O)O,-1.3609,0.0,1,False,0,1
COc1ccc2cc(CCC(C)=O)ccc2c1,-1.46,0.0,1,False,0,1
Clc1ccc(C(Cn2ccnc2)OCc2cc(Cl)ccc2Cl)c(Cl)c1,-3.54,0.0,1,False,0,1
CCOP(=S)(OCC)SCS(=O)(=O)CC,-2.5309,0.0,1,False,0,1
CC(=O)Oc1ccccc1C(=O)OCC(=O)N1CCOCC1,-1.8,0.0,1,False,0,1
Nc1cc(Cl)c(Cl)cc1S(=O)(=O)O,-2.1052106917,0.0,1,False,0,1
CC(=O)S[C@@H]1CC2=CC(=O)CC[C@]2(C)[C@H]2CC[C@@]3(C)[C@@H](CC[C@@]34CCC(=O)O4)[C@H]12,-4.2773,0.0,1,False,0,1
Nc1ccc(S(=O)(=O)Nc2nc(-c3ccc(-c4ccccc4)cc3)cs2)cc1,-5.61,0.0,1,False,0,1
CC(=O)Oc1ccc(/C=N/NC(N)=O)cc1,-2.84,0.0,1,False,0,1
CC(C)CCCCCOC(=O)CCCCC(=O)OCCCCCC(C)C,-6.869904941000001,0.0,1,False,0,1
Nc1ccc2cc3ccc(N)cc3nc2c1,0.3783,0.0,1,False,0,1
CC(C)Oc1ccc(C(=O)NS(=O)(=O)c2ccc(N)cc2)cc1,-4.3,0.0,1,False,0,1
CCOP(=S)(OCC)SCSCC,-3.7166,0.0,1,False,0,1
C[S+](C)[O-],1.1072,0.0,1,False,0,1
CNC(=O)C(C)(C(C)C)C(C)C,-1.3948677058,0.0,1,False,0,1
CC[N+](=O)[O-],-0.22,0.0,1,False,0,1
CC(C)CC(NC(=O)CC(O)C(CC(C)C)NC(=O)C(Cc1c[nH]cn1)NC(=O)C(Cc1ccccc1)NC(=O)OC(C)(C)C)C(=O)NCc1ccncc1,-3.36,0.0,1,False,0,1
O=[N+]([O-])c1cc([N+](=O)[O-])c(Cl)c([N+](=O)[O-])c1,-2.6689999999999996,0.0,1,False,0,1
COCc1ccc(O)c(OC)c1,-1.8934476814,0.0,1,False,0,1
Oc1ccc(-c2ccc(O)cc2)cc1,-3.7423730992,0.0,1,False,0,1
O=C(O)CCc1ccccc1,-1.4057514128,0.0,1,False,0,1
O=C(O)C(O)C(O)c1ccccc1,-0.3063,0.0,1,False,0,1
CC(=O)[C@H]1CC[C@H]2[C@@H]3CCC4=CC(=O)CC[C@]4(C)[C@H]3CC[C@]12C,-4.5526,0.0,1,False,0,1
CCCCC(CC)COC(=O)CSCC(=O)OCC(CC)CCCC,-6.654998170599999,0.0,1,False,0,1
Nc1nc(=O)c2[nH]c(=O)cnc2[nH]1,-3.86,0.0,1,False,0,1
COP(=S)(OC)Oc1cc(Cl)c(Cl)cc1Cl,-5.5072,0.0,1,False,0,1
CC(CCN(CCC(C)CC(C)(C)C)C(=S)[S-])CC(C)(C)C,-6.1025269393,0.0,1,False,0,1
CC(C)C(N)C(=O)NCC(=O)O,0.4579,0.0,1,False,0,1
CCN(CC)CN(CC)CC,-0.1995,0.0,1,False,0,1
CC(C)CCCC(C)C1CCC2C3CC=C4CC(O)CCC4(C)C3CCC12C,-7.0,0.0,1,False,0,1
CC12CCC(C1)C(C)(C)C2=O,-1.85,0.0,1,False,0,1
CNC(=O)n1cc(F)c(=O)[nH]c1=O,-2.28,0.0,1,False,0,1
CCC(CO)NCCNC(CC)CO,0.57,0.0,1,False,0,1
CCCCCCCCN=c1ccn(CCCCCCCCCCn2ccc(=NCCCCCCCC)cc2)cc1,-1.6427862658,0.0,1,True,1,5
CC1=NN(c2cccc(S(=O)(=O)O)c2)C(=O)C1,-1.7718215434,0.0,1,False,0,1
CC(=O)OCC(C)OC(C)=O,-0.2046,0.0,1,False,0,1
Nc1c[nH]c(=O)[nH]c1=O,-2.41,0.0,1,False,0,1
COC(=O)c1ccc(O)c(Br)c1,-3.17,0.0,1,False,0,1
CCOP(=O)(Cc1cc(C(C)(C)C)c(O)c(C(C)(C)C)c1)OCC,-4.4728088442,0.0,1,False,0,1
O=C(O)c1c(Cl)c(Cl)c(Cl)c(Cl)c1C(=O)O,-1.9264,0.0,1,False,0,1
CC[C@H](C)[C@@H](N)C(=O)O,-0.7875,0.0,1,False,0,1
Br/C=C\Br,-1.3195,0.0,1,False,0,1
O=CNC(N1CCN(C(NC=O)C(Cl)(Cl)Cl)CC1)C(Cl)(Cl)Cl,-4.16,0.0,1,False,0,1
O=[N+]([O-])c1ccccc1NS(=O)(=O)c1ccccc1,-4.01,0.0,1,False,0,1
CC1CN(N=O)CC(C)O1,-0.0655,0.0,1,False,0,1
CC(=O)OC(c1ccc(Cl)c(Cl)c1)C(Cl)(Cl)Cl,-3.8279,0.0,1,False,0,1
CCCCC=O,-0.85,0.0,1,False,0,1
CCC1CCCCC1,-4.2507,0.0,1,False,0,1
O=C(Nc1ccccc1)c1ccccc1O,-3.5885,0.0,1,False,0,1
CC12CCC(=O)C=C1CCC1C2C(O)CC2(C)C(C(=O)CO)CCC12,-3.24,0.0,1,False,0,1
CC(C)c1ccccc1,-3.2924,0.0,1,False,0,1
Cc1ccc(C(C)C)cc1O,-2.0798,0.0,1,False,0,1
CC12CCC(=O)C=C1CCC1C2C(=O)CC2(C)C1CCC2(O)C(=O)CO,-3.11,0.0,1,False,0,1
COc1cc(N)c2c(c1OC)C(=O)OC2,-2.08,0.0,1,False,0,1
O[C@@H]1CO[C@H]2[C@@H]1OC[C@@H]2O,1.1774501829,0.0,1,False,0,1
Cc1c(N(C)C)c(=O)n(-c2ccccc2)n1C,-0.6286,0.0,1,False,0,1
CCCCC1OC(C)CC(C)(C)O1,-2.4532973596,0.0,1,False,0,1
CC(=O)CO,1.1303,0.0,1,False,0,1
NS(=O)(=O)c1ccccc1,-1.5630000000000002,0.0,1,False,0,1
C#CC(C)(O)CC(C)C,-1.0365979243,0.0,1,False,0,1
CC/C=C\CCOC(=O)c1ccccc1,-3.7048974167,0.0,1,False,0,1
O=C(O)C(=O)[C@@H](O)[C@H](O)[C@@H](O)CO,0.2373207652,0.0,1,False,0,1
CCOC(=O)C(C)(C)c1ccccc1,-3.045838317,0.0,1,False,0,1
Cc1ccc2cc3ccc4ccccc4c3cc2c1,-6.644,0.0,1,False,0,1
Clc1cc(Oc2ccccc2)c(Cl)c(Cl)c1Cl,-7.52,0.0,1,False,0,1
CCCC(C)CO,-1.11,0.0,1,False,0,1
CCCCCCC(C(C)O)n1cnc2c(N)ncnc21,-2.25,0.0,1,False,0,1
CC(=O)OCn1ncc2c(=O)[nH]cnc21,-2.56,0.0,1,False,0,1
CCC(C)(CCC(C)C)C(=O)[O-],-2.7160174073000003,0.0,1,True,1,3
CC(=O)Nc1cccc(N=C=S)c1,-3.53,0.0,1,False,0,1
CCc1ccccc1C,-3.2072,0.0,1,False,0,1
Nc1c(S(=O)(=O)[O-])cc(Nc2cccc(S(=O)(=O)CCOS(=O)(=O)[O-])c2)c2c1C(=O)c1ccccc1C2=O,-0.4545358261,0.0,1,True,1,3
CCCCOC(=O)n1cc(F)c(=O)[nH]c1=O,-1.59,0.0,1,False,0,1
CC(C)CCCCCCCCCCCCCCC(=O)OCC(COC(=O)CCCCCCCCCCCCCCC(C)C)(COC(=O)CCCCCCCCCCCCCCC(C)C)COC(=O)CCCCCCCCCCCCCCC(C)C,-7.3809427734,0.0,1,False,0,1
CCCOP(=O)(OCCC)OCCC,-1.5412,0.0,1,False,0,1
Nc1ccc(S(=O)(=O)c2ccc(NCCO)cc2)cc1,-2.597,0.0,1,False,0,1
CC(=O)OCC(=O)[C@@]1(O)CC[C@H]2[C@@H]3CCC4=CC(=O)C=C[C@]4(C)[C@H]3[C@@H](O)C[C@@]21C,-4.3692,0.0,1,False,0,1
CP(=O)(O)CCC(N)C(=O)[O-],0.8397,0.0,1,True,1,2
O=C(O)C1OC(c2ccccc2)OC1C1COC(c2ccccc2)O1,-2.45,0.0,1,False,0,1
O=C(O)c1ccccc1C(=O)c1ccccc1O,-2.3428,0.0,1,False,0,1
O=C(O)CN1C(=O)N(c2ccccc2)C(=O)C1Cc1ccccc1,-2.91,0.0,1,False,0,1
Cc1cc(C)c(CC(C)(C)C(=O)NO)c(C)c1,-3.52,0.0,1,False,0,1
Cc1cc(C(C)(C)C)c(OP2OCC3(CO2)COP(Oc2c(C(C)(C)C)cc(C)cc2C(C)(C)C)OC3)c(C(C)(C)C)c1,-7.801238331,0.0,1,False,0,1
COC(=O)c1ccc(C(=O)OC)cc1,-3.796856222,0.0,1,False,0,1
FC(Cl)(Cl)CCl,-3.04,0.0,1,False,0,1
O=C(O)Cc1c[nH]c2ccccc12,-2.0674,0.0,1,False,0,1
Nc1ccc(/C=C/c2ccc(N)cc2S(=O)(=O)[O-])c(S(=O)(=O)[O-])c1,-0.6173904015,0.0,1,True,1,3
Clc1cc(Cl)c(Oc2ccccc2)c(Cl)c1,-6.11,0.0,1,False,0,1
CC1(C)SC2C(NC(=O)C3(N)CCCCC3)C(=O)N2C1C(=O)O,-1.04,0.0,1,False,0,1
COc1cc(S(=O)(=O)[O-])c(C)cc1NC(=O)CC(C)=O,-0.2018762227,0.0,1,True,1,2
BrCBr,-1.2858947125,0.0,1,False,0,1
CCCCOCCO,-0.42,0.0,1,False,0,1
COc1nc(Nc2ccccc2)nc(Nc2ccc(/C=C/c3ccc(Nc4nc(Nc5ccccc5)nc(OC)n4)cc3S(=O)(=O)[O-])c(S(=O)(=O)[O-])c2)n1,-1.7615101482,0.0,1,True,1,3
Nc1nc(=O)[nH]cc1F,-0.972,0.0,1,False,0,1
CC(C)COC(=O)n1c(-c2cscn2)nc2ccccc21,-4.17,0.0,1,False,0,1
CC(=O)Nc1ccc(S(=O)(=O)Cl)cc1,-2.8772524161,0.0,1,False,0,1
COC(=O)CC(C)=O,0.6341,0.0,1,False,0,1
O=C(C(Cl)(Cl)Cl)C(Cl)(Cl)Cl,-1.1797979201,0.0,1,False,0,1
CC(=O)OOC(=O)c1ccccc1,-2.4502,0.0,1,False,0,1
CCOP(=O)(C(=O)c1c(C)cc(C)cc1C)c1ccccc1,-3.9560819473,0.0,1,False,0,1
CC1CN(C(=N)N)C(C)CN1C(=N)N,0.02,0.0,1,False,0,1
O=c1[nH]c(=O)n(C2CCCO2)cc1F,-1.01,0.0,1,False,0,1
CC1=Nc2ccccc2/C1=N/Nc1cc(Cl)c(S(=O)(=O)NCCS(=O)(=O)[O-])cc1Cl,-3.7561795168,0.0,1,True,1,2
CCC(C#N)CC#N,-0.6916,0.0,1,False,0,1
Nc1cc([N+](=O)[O-])cc(S(=O)(=O)[O-])c1O,-0.9940566873,0.0,1,True,1,6
CC(=O)Oc1ccc(NC(=O)c2ccccc2)cc1,-4.14,0.0,1,False,0,1
Nc1nc2[nH]c(=O)cnc2c(=O)[nH]1,-4.55,0.0,1,False,0,1
O=C(O)c1ccsc1,-1.4743,0.0,1,False,0,1
O=C1CCCCCCCCCCCC(=O)OCCO1,-4.2616951793,0.0,1,False,0,1
CN(C)c1nc(N(C)C)nc(N(C)C)n1,-3.3638,0.0,1,False,0,1
CCCCC(C)=O,-0.8,0.0,1,False,0,1
Cc1ccccc1N(O)C(=O)c1ccc(Cl)cc1Cl,-4.17,0.0,1,False,0,1
NCCC(=O)O,0.7865480445999999,0.0,1,False,0,1
CC(=O)CC(C)=O,0.1864485079,0.0,1,False,0,1
C=CC(C)C,-2.732,0.0,1,False,0,1
O=C(O)CNC(=O)c1ccco1,-0.7272,0.0,1,False,0,1
CN(C)C(=O)NC[C@@]1(C)C[C@H](NC(=O)N(C)C)CC(C)(C)C1,-1.8938187529,0.0,1,False,0,1
Cc1ccccc1,-2.2062982993,0.0,1,False,0,1
C/C=C/C=O,0.32,0.0,1,False,0,1
Clc1ccc(-c2ccccc2Cl)cc1,-5.2803,0.0,1,False,0,1
CC1=NN(c2ccccc2)C(=O)/C1=C/C1C(=O)N(c2ccccc2)N=C1C,-7.8822713548,0.0,1,False,0,1
O=C(O)CNc1c([N+](=O)[O-])cc([N+](=O)[O-])cc1[N+](=O)[O-],-2.3922,0.0,1,False,0,1
C=CC(=O)OCC,-0.74,0.0,1,False,0,1
CC(C)(C)c1cccc(C(C)(C)C)c1O,-4.7135873776,0.0,1,False,0,1
CCCN(CCC)S(=O)(=O)c1ccc(C(=O)O)cc1,-4.02,0.0,1,False,0,1
CC1C(N)CN1c1c(F)cc2c(=O)c(C(=O)O)cn(C3CC3)c2c1F,-4.17,0.0,1,False,0,1
CCN1CC(C)n2c(nc3ccccc3c2=O)C1C,-2.46,0.0,1,False,0,1
CCCCC(C#N)(Cn1cncn1)c1ccc(Cl)cc1,-3.31,0.0,1,False,0,1
CN(C)c1ccc(N=Nc2ccc(N)cc2)cc1,-4.593999999999999,0.0,1,False,0,1
CN(C)CCCN1c2ccccc2Sc2ccccc21,-4.3017,0.0,1,False,0,1
CCCCOCN(C(=O)CCl)c1c(CC)cccc1CC,-4.1930000000000005,0.0,1,False,0,1
O=C([O-])c1cc(Br)ccc1Cl,-1.952,0.0,1,False,0,1
NC1CC1,1.2433943163,0.0,1,False,0,1
CCn1ccc(NS(=O)(=O)c2ccc(N)cc2)nc1=O,-2.23,0.0,1,False,0,1
CCC1(C2=CCC3CCC2C3)C(=O)NC(=O)NC1=O,-2.696,0.0,1,False,0,1
CC(C)=O,1.236,0.0,1,False,0,1
CC(c1ccc(OC#N)cc1)c1ccc(OC#N)cc1,-5.2179508887,0.0,1,False,0,1
CCCN1CC(C)n2c(nc3ccccc3c2=O)C1C,-2.24,0.0,1,False,0,1
C=C(C)C(=O)OCCOC(=O)C(=C)C,-2.2613132646,0.0,1,False,0,1
COC(=O)C1C2C=CC(C2)C1C(=O)OC,-1.2,0.0,1,False,0,1
COC(=O)c1c(C)cc(O)c(C)c1O,-4.037430925,0.0,1,False,0,1
C=C(C)C(=O)OC(C)CO,-0.0449315461,0.0,1,False,0,1
[O-][S+](CCCl)CCCl,-1.1641,0.0,1,False,0,1
CN1CCC23c4c5ccc(O)c4OC2C(O)C=CC3C1C5,-3.15,0.0,1,False,0,1
CC1=NN(c2ccccc2)C(=N)/C1=N/Nc1cc(Cl)c(S(=O)(=O)[O-])cc1Cl,-1.2370685249,0.0,1,True,1,2
COP(=S)(OC)Oc1ccc([N+](=O)[O-])c(Cl)c1,-3.8717,0.0,1,False,0,1
O=C1CC(c2ccc(O)c(O)c2)Oc2cc(O)cc(O)c21,-3.62,0.0,1,False,0,1
CC(=O)Nc1ccc(S(=O)(=O)Nc2nnc(S(N)(=O)=O)s2)cc1,-1.62,0.0,1,False,0,1
OCc1cc(Br)ccc1O,-0.2072,0.0,1,False,0,1
Cc1ccc2cccc(O)c2n1,-1.7306186153,0.0,1,False,0,1
CCNc1ccccc1,-1.6520779355,0.0,1,False,0,1
Cc1cc(C)cc(OCC(=O)O)c1,-2.3527,0.0,1,False,0,1
O=C(Cc1ccccc1)NC(CSSCC(NC(=O)Cc1ccccc1)C(=O)O)C(=O)O,-1.833,0.0,1,False,0,1
c1ccc2c3c(ccc2c1)Sc1ccc2ccccc2c1N3,-7.9081,0.0,1,False,0,1
CCCCCCCOC(=O)c1ccc(O)cc1,-4.0725,0.0,1,False,0,1
CC1(C)C(=O)C(=O)C2CCC1C2,-1.52,0.0,1,False,0,1
O=[N+]([O-])c1cc(Cl)c(Cl)c(Cl)c1Cl,-4.5531,0.0,1,False,0,1
CCc1onc(C)c1N=C1C=C(O)C(=O)c2ccccc21,-2.72,0.0,1,False,0,1
CCC1C2CC3C4N(C)c5ccccc5C45CC(C2C5O)N3C1O,-2.82,0.0,1,False,0,1
C=CCOc1ccc([N+](=O)[O-])cc1N,-2.8,0.0,1,False,0,1
CCCCCCOC(=O)c1ccc(O)c(Cl)c1,-4.09,0.0,1,False,0,1
CC(=O)N(c1onc(C)c1C)S(=O)(=O)c1ccc(N)cc1,-3.59,0.0,1,False,0,1
C=C(C)[C@H]1CC=C(C)CC1,-4.346837785,0.0,1,False,0,1
CCCOC,-0.3857,0.0,1,False,0,1
NC(Cc1c[nH]c2ccc(O)cc12)C(=O)O,-1.3430000000000002,0.0,1,False,0,1
CC(C)(C)[C@H](O)/C(=C\c1ccc(Cl)cc1)n1cncn1,-4.5403,0.0,1,False,0,1
C[C@]12CCC(=O)C=C1CC[C@H]1[C@@H]3CC[C@](O)(C(=O)CO)[C@@]3(C)C[C@H](O)[C@@]12F,-3.4342,0.0,1,False,0,1
C=CCCCCC,-3.732,0.0,1,False,0,1
CCOP(=S)(OCC)Oc1cc(Cl)c(Br)cc1Cl,-5.9521,0.0,1,False,0,1
Nc1ccc(C(F)(F)F)cc1,-2.8473301434,0.0,1,False,0,1
CCCCCC(O)C=CC1C(O)CC(=O)C1CC=CCCCC(=O)O,-2.47,0.0,1,False,0,1
O=C(CCCN1CCC(O)(c2ccc(Br)cc2)CC1)c1ccc(F)cc1,-3.6693,0.0,1,False,0,1
CC(=O)OCCc1ccccc1,-2.2317574452,0.0,1,False,0,1
S=C=Nc1ccc2ccccc2c1,-4.44,0.0,1,False,0,1
O=Nc1ccc(O)cc1,-1.5462,0.0,1,False,0,1
CCC[NH2+]CC,1.0546594571,0.0,1,False,0,1
Cn1c(=O)[nH]n(-c2ccccc2)c1=O,-2.9804,0.0,1,False,0,1
CCOC(=O)Nc1cccc(OC(=O)Nc2ccccc2)c1,-4.52,0.0,1,False,0,1
O=C(O)C(Cl)(Cl)CCCl,-0.5831,0.0,1,False,0,1
Brc1cccc(Br)c1Br,-5.0402,0.0,1,False,0,1
CN(C)N=Nc1ccc(C(=O)O)cc1,-0.8,0.0,1,False,0,1
NCCc1ccc(O)cc1,-1.1161078312,0.0,1,False,0,1
CC[Si](CC)(CC)CC,-5.6475,0.0,1,False,0,1
NCc1ccc(S(N)(=O)=O)cc1,0.321,0.0,1,False,0,1
CCCCCCCCCCCCCC(=O)NCC(=O)[O-],-0.3429717,0.0,1,True,1,4
COc1ccc(NS(=O)(=O)c2ccc([N+](=O)[O-])cc2)cc1,-4.64,0.0,1,False,0,1
NC(=O)NC1(O)NC(=O)NC1(O)C(=O)O,-0.37,0.0,1,False,0,1
C/C=C(\C)C(=O)OCCC(C)CCC=C(C)C,-5.7917926889,0.0,1,False,0,1
COc1ccc(C(=O)NN)cc1,-1.15,0.0,1,False,0,1
O=C(O)c1ccc([N+](=O)[O-])c([N+](=O)[O-])c1,-1.5005,0.0,1,False,0,1
c1ccc2c(c1)-c1nc3nc(nc4[n-]c(nc5[n-]c(nc-2n1)c1ccccc51)c1ccccc41)-c1ccccc1-3,-6.9837209827999995,0.0,1,True,1,2
CCCCC(CC)CO,-1.6991305751999999,0.6524351101906486,2,True,1,2
NNC(=O)CC(=O)NN,-0.121,0.0,1,False,0,1
CCCCCCN,-1.1,0.0,1,False,0,1
CC(C)(CO)[N+](=O)[O-],1.4681,0.0,1,False,0,1
O=C(O)C(CO)c1ccccc1,-0.9305,0.0,1,False,0,1
COc1ccccc1C(=O)O,-1.6,0.0,1,False,0,1
C=NO,0.5768,0.0,1,False,0,1
c1ccc(Nc2ccc3ccccc3c2)cc1,-5.4959148461,0.0,1,False,0,1
CC(C)COC(N)=O,-0.3,0.0,1,False,0,1
CN(C)c1ncnc2[nH]cnc12,-1.3,0.0,1,False,0,1
CCCCCCCCCCCCCCCCCCN(CCO)CCO,-5.7752741916999994,0.0,1,False,0,1
CCC1(C)OC(=O)NC1=O,0.0203,0.0,1,False,0,1
COc1c(C(=O)O)oc2ccccc12,-2.8857,0.0,1,False,0,1
CCCCCOC=O,-1.6020599913,0.0,1,False,0,1
FC(F)(F)c1ccc(Cl)cc1,-3.7276952246,0.0,1,False,0,1
CC(C)N1C(=O)c2ccccc2NS1(=O)=O,-2.6817,0.0,1,False,0,1
CC(C)OC(=O)C(O)(c1ccc(Cl)cc1)c1ccc(Cl)cc1,-5.3544,0.0,1,False,0,1
O=Nc1ccc(NNC(=O)c2ccccc2)cc1,-4.6835,0.0,1,False,0,1
CCSC(=S)NC(C)C(=O)O,-1.2343,0.0,1,False,0,1
O=C(O)C(=O)c1ccc2c(c1)OCO2,-1.1912,0.0,1,False,0,1
CN(C)CCCN,0.9906298514,0.0,1,False,0,1
C=CC(=O)OCCCCCCCC(C)C,-5.1999126975,0.0,1,False,0,1
c1cc2c3c(c1)ccc1cccc(c13)C2,-5.2379,0.0,1,False,0,1
NCCc1ccc(O)c(O)c1,0.12,0.0,1,False,0,1
Cc1ccc(N/N=C2\C(=O)C=Cc3ccccc32)c([N+](=O)[O-])c1,-7.9690613395,0.0,1,False,0,1
COC(=O)CCC(=O)OC,-0.0752231636,0.0,1,False,0,1
O=C1NC(=O)C2CCCC12,0.1553573817,0.0,1,False,0,1
O=C(O)c1ccccc1O,-1.82,0.0,1,False,0,1
CCOC(=O)c1ccccc1,-2.3999022404,0.0,1,False,0,1
OC1CCOC1,1.055,0.0,1,False,0,1
Clc1cccc2ccccc12,-3.9706,0.0,1,False,0,1
COc1ccc2[nH]c(=S)[nH]c2c1,-2.7506819237,0.0,1,False,0,1
NCCOCCN,0.9823282162,0.0,1,False,0,1
CCC1(C/C=C2/CCCc3cc(OC)ccc32)C(=O)CCC1=O,-4.838817118500001,0.0,1,False,0,1
C[Si]1(C)O[Si](C)(C)O[Si](C)(C)O[Si](C)(C)O[Si](C)(C)O[Si](C)(C)O1,-7.9407,0.0,1,False,0,1
CC(O[N+](=O)O)C(C)O[N+](=O)O,-1.89,0.0,1,False,0,1
O=C1c2c(O)ccc(O)c2C(=O)c2c(NCCNCCO)ccc(NCCNCCO)c21,-1.8388,0.0,1,True,1,5
Oc1cc(Cl)c(Cl)cc1Cl,-2.2163,0.0,1,False,0,1
C=C1C2CCC(C2)C1(C)C,-4.4715404278,0.0,1,False,0,1
CC(C)CC(N)C(=O)NC(Cc1ccc(O)cc1)C(=O)O,-1.58,0.0,1,False,0,1
OC1C=CC2C1C1(Cl)C(Cl)=C(Cl)C2(Cl)C1(Cl)Cl,-5.46,0.0,1,False,0,1
O=C(O)c1ccc([N+](=O)[O-])cc1,-2.8,0.0,1,False,0,1
CCN(CC)C(=O)COC(=O)C(C)c1ccc2cc(OC)ccc2c1,-4.46,0.0,1,False,0,1
C=C(c1ccccc1)c1ccccc1,-4.4363,0.0,1,False,0,1
O=C1C=CC(=C(c2ccc(O)cc2)c2ccc(O)cc2)C=C1,-2.3837,0.0,1,False,0,1
CCCCCCCCCCCCCCCC(=O)OCC(O)[C@H]1OC[C@@H](O)[C@@H]1O,-6.9058735609,0.0,1,False,0,1
NC(=O)NN=CC(O)C(O)C(O)CO,0.02,0.0,1,False,0,1
CCOP(=O)(OCC)SCc1ccccc1,-2.4155,0.0,1,False,0,1
CCC(C)OC,-0.7306,0.0,1,False,0,1
Cn1cc(-c2ccccc2)c(=O)c(-c2cccc(C(F)(F)F)c2)c1,-4.4384,0.0,1,False,0,1
NC(=S)Nc1cccc([N+](=O)[O-])c1,-1.4499,0.0,1,False,0,1
CCOc1ccccc1,-2.3318416428,0.0,1,False,0,1
CCCOC1=CC(=O)CC(C)C12Oc1c(Cl)c(OC)cc(OC)c1C2=O,-4.52,0.0,1,False,0,1
CCOc1ccccc1NC(=O)C1=Cc2ccccc2/C(=N\Nc2ccc(C(N)=O)cc2)C1=O,-7.581973548400001,0.0,1,False,0,1
O=[N+]([O-])c1cc([N+](=O)[O-])c([O-])c([N+](=O)[O-])c1[O-],-2.8083913687999997,0.0,1,True,1,2
O=C1NC(=O)C([N+](=O)[O-])C(=O)N1,-2.2840000000000003,0.0,1,False,0,1
Cc1ncc2nccnc2n1,-0.1191,0.0,1,False,0,1
CC(CCCO[N+](=O)O)O[N+](=O)O,-2.44,0.0,1,False,0,1
C#CC(O)CCC,-0.4121,0.0,1,False,0,1
CC(C)=CCC/C(C)=C/COC=O,-3.7461507617,0.0,1,False,0,1
Cc1cc(Cl)ccc1N=CN(C)C,-2.88,0.0,1,False,0,1
COc1cc(Cl)c(OC)cc1N,-3.0061212915,0.0,1,False,0,1
CCC(C)n1ncn(-c2ccc(N3CCN(c4ccc(O)cc4)CC3)cc2)c1=O,-4.8285219563999995,0.0,1,False,0,1
CC1COC2CC3(C)C(CC4C5C=C6CC(O)CCC6(C)CC5CCC43C)OC2C1,-7.32,0.0,1,False,0,1
CC(C)OC(=O)C1(S(=O)(=O)c2ccc(Cl)cc2)CCCC1,-4.6498,0.0,1,False,0,1
O=C(NCNC(=O)NC1C(=O)NC(=O)N1CO)NC1C(=O)NC(=O)N1CO,0.4108359647999999,0.0,1,False,0,1
C/C=C/OC1CCC(O/C=C/C)CC1,-3.9037320907,0.0,1,False,0,1
C=CCC1(c2ccccc2)C(=O)NC(=O)NC1=O,-2.18,0.0,1,False,0,1
Cc1ccnc(C)c1,0.4471,0.0,1,False,0,1
O=C(O)/C=C/c1ccco1,-1.8392,0.0,1,False,0,1
NCCCCCCN,0.495134095,0.34474186499943815,2,True,1,2
CC(Oc1ccccc1Cl)C(=O)O,-2.2232,0.0,1,False,0,1
O=C(O)C(c1ccccc1)c1ccccc1,-3.2230398856,0.0,1,False,0,1
O=Cc1ccc(C=O)cc1,-2.8265,0.0,1,False,0,1
Nc1cnc2ncncc2n1,-2.34,0.0,1,False,0,1
Cc1onc(NS(=O)(=O)c2ccc(N)cc2)c1C,-2.19,0.0,1,False,0,1
COC(=O)c1cc(O)c(O)c(O)c1,-1.2399,0.0,1,False,0,1
CCCCC(CCC(=O)O)CC(=O)O,-1.3974,0.0,1,False,0,1
Fc1ccc(C(c2ccc(F)cc2)[NH+]2CC[NH2+]CC2)cc1,-2.8786010762,0.0,1,False,0,1
CCOS(C)(=O)=O,0.402,0.0,1,False,0,1
CC(C)CC(C)CO,-1.6007,0.0,1,False,0,1
O=c1[nH]c(=O)c2nc[nH]c2[nH]1,-3.87,0.0,1,False,0,1
Oc1c(Cl)cc(Cl)cc1Cc1ccccc1,-4.6399,0.0,1,False,0,1
O=P(O)(O)CCCl,0.8401,0.0,1,False,0,1
CCOC(=O)C(C)O,0.9276,0.0,1,False,0,1
CCOP(=S)(OCC)Oc1nc(Cl)n(C(C)C)n1,-3.6577,0.0,1,False,0,1
O=C1NC2C=CC1C2,0.9361608079,0.0,1,False,0,1
COC(=O)C1=CO[C@@H](O[C@@H]2O[C@H](CO)[C@@H](O)[C@H](O)[C@H]2O)[C@@H]2[C@@H](C)[C@@H](O)C[C@H]12,-0.5911,0.0,1,False,0,1
CCCCCCCC/C=C\CCCCCCCC(=O)N(C)CC(=O)O,0.7757804054999999,0.0,1,True,1,2
CC(C)CCCCCC(=O)NCCCCCC(=O)O,-2.7708536118,0.0,1,False,0,1
Cc1ccc(O)c([N+](=O)[O-])c1,-2.3837,0.0,1,False,0,1
CCCCCCCCCCCCCCCCOC(=O)C(CC)CCCC,-6.867639521599999,0.0,1,False,0,1
O=CC1CCC2C3CCC(C3)C12,-2.4199676473,0.0,1,False,0,1
CCN(CC)C(=O)/C(Cl)=C(/C)OP(=O)(OC)OC,0.5233,0.0,1,False,0,1
O=c1cc/c(=N\Nc2ccc(S(=O)(=O)[O-])c3ccccc23)c(=O)/c1=N/Nc1ccc(S(=O)(=O)[O-])c2ccccc12,-2.6038411441,0.0,1,True,1,3
O=C1NC(=O)C2(CCCCCCCCCCC2)C(=O)N1,-5.8,0.0,1,False,0,1
CCCCCCCCCCCCCCCCCCCCCC(=O)OCC(O)CO,-6.9187336597,0.0,1,False,0,1
CCCCCCCCCCCC(=O)OOC(=O)CCCCCCCCCCC,-6.6005678007,0.0,1,False,0,1
Cc1cnc(C2=NC(C)(C(C)C)C(=O)N2)c(C(=O)O)c1,-2.0911,0.0,1,False,0,1
CC[C@]12CC[C@@H]3C4=C(CC[C@H]3[C@@H]1CC[C@@H]2O)CC(OC)=CC4,-4.7025138257,0.0,1,False,0,1
CC(=O)C(N=Nc1cc(Cl)c(-c2cc(Cl)c(N=NC(C(C)=O)C(=O)Nc3ccc(C)cc3C)cc2Cl)cc1Cl)C(=O)Nc1ccc(C)cc1C,-8.4626870474,0.0,1,False,0,1
OC[C@H]1NC[C@H](O)[C@@H](O)[C@@H]1O,0.4043520428,0.0,1,False,0,1
CC1CCC(C(C)C)C(O)C1,-2.4880091207,0.0,1,False,0,1
C=C1CC/C=C(\C)CC[C@@H]2[C@@H]1CC2(C)C,-6.3372616649,0.0,1,False,0,1
O=C(O)c1ccccc1Nc1cccc(O)c1,-3.54,0.0,1,False,0,1
CC(CC=O)CCCC(C)(C)O,-2.80729375355,2.9912839793456647,2,True,1,2
NNC(=O)Nc1ccccc1,-2.33,0.0,1,False,0,1
Cc1cc(O)c(C(C)C)cc1C(=O)CCl,-2.58,0.0,1,False,0,1
NS(=O)(=O)c1cc2c(s1)S(=O)(=O)CC(O)C2,-1.54,0.0,1,False,0,1
O=C1C(O)=C(O)O[C@@H]1[C@H](O)C[O-],-0.1325447734,0.0,1,True,1,2
CSc1nc2ccccc2s1,-3.1614,0.0,1,False,0,1
O=[N+](O)OCCCCCCCCO[N+](=O)O,-4.14,0.0,1,False,0,1
C#CC1(OC(=O)c2ccccc2)CCC2C3CCC4=CC(=O)CCC4C3CCC21C,-7.75,0.0,1,False,0,1
O=S(=O)(c1ccc(Cl)cc1)c1cc(Cl)c(Cl)cc1Cl,-6.6594,0.0,1,False,0,1
CC1C(N)CN1c1cc2c(cc1F)c(=O)c(C(=O)O)cn2C1CC1,-4.63,0.0,1,False,0,1
CCCC(C)C,-3.74,0.0,1,False,0,1
CC(C)C1(Br)C(=O)NC(=O)NC1=O,-2.2088,0.0,1,False,0,1
Cc1ccc(C)c(C)c1,-3.31,0.0,1,False,0,1
Nc1ccc(OP(=S)(Oc2ccc(N)cc2)Oc2ccc(N)cc2)cc1,-5.3094071365,0.0,1,False,0,1
CC(C)C1(C)N=C(c2nc3ccccc3cc2C(=O)O)NC1=O,-3.72,0.0,1,False,0,1
O=Cc1ccccc1,-1.2095723109,0.0,1,False,0,1
CCCCC(=O)CCCC,-2.58,0.0,1,False,0,1
CCCC(O)C(CC)CO,-0.5418,0.0,1,False,0,1
CCCCCCCCOCCO,-2.125,0.0,1,False,0,1
CCCCCC(O)/C=C/C1C(O)CC(O)C1C/C=C/CCCC(=O)O,-2.33,0.0,1,False,0,1
COC(=O)Nc1nc2cc(C(=O)c3ccccc3)ccc2[nH]1,-3.88,0.0,1,False,0,1
CCS(=O)(=O)c1cccnc1S(=O)(=O)NC(=O)Nc1nc(OC)cc(OC)n1,-4.6349,0.0,1,False,0,1
OCCc1ccccc1,-0.7859239136,0.0,1,False,0,1
CC1CCc2c(N3CCC(O)CC3)c(F)cc3c(=O)c(C(=O)O)cn1c23,-3.78,0.0,1,False,0,1
CCCCC(CC)COC(=O)CCCCCCCCC(=O)OCC(CC)CCCC,-3.3290743264,0.0,1,False,0,1
CC(C)CCCCCCCCCCCCCCC(=O)O,-6.6557423758,0.0,1,True,1,2
O=C1Cc2cccc(F)c2N1,-2.2251369084,0.0,1,False,0,1
OC[C@H]1O[C@H](O)[C@H](O)[C@@H](O)[C@@H]1O,0.4433,0.0,1,False,0,1
NCC(=O)Nc1ccc(S(=O)(=O)Nc2nnc(S(N)(=O)=O)s2)cc1,-1.19,0.0,1,False,0,1
CC(C)C(C(=O)OC(C#N)c1cccc(Oc2ccccc2)c1)c1ccc(OC(F)F)cc1,-6.8765,0.0,1,False,0,1
CC(=O)Nc1ccc(OP(=O)(O)O)cc1,0.13,0.0,1,False,0,1
CC(C)OP(=S)(S)OC(C)C,-0.5528547078,0.0,1,False,0,1
O=c1n(CC2CO2)c(=O)n(CC2CO2)c(=O)n1CC1CO1,-1.495423095,0.0,1,False,0,1
CN1CC2c3ccccc3Oc3ccc(Cl)cc3C2C1,-2.13,0.0,1,False,0,1
OCc1ccc(Cl)c(Cl)c1,-2.0439,0.0,1,False,0,1
COC(=O)c1c(C(=O)O)cccc1[N+](=O)[O-],-2.0853,0.0,1,False,0,1
CCCc1ccc(O)cc1,-2.0276,0.0,1,False,0,1
Cc1cccc(C)c1O,-1.292396158,0.0,1,False,0,1
N#CSCSc1nc2ccccc2s1,-3.2803,0.0,1,False,0,1
CCOc1ccc(NC(=O)CO)cc1,-2.1058,0.0,1,False,0,1
CC(C)C1=CC2=CCC3C(C)(C(=O)O)CCCC3(C)C2CC1,-3.8,0.0,1,False,0,1
CCCCOc1ccccc1,-3.6132495633,0.0,1,False,0,1
CCN(CC)c1ccc(C=CC2=[N+](C)c3ccccc3C2(C)C)cc1,-0.9804541747,0.028334324508075107,2,True,2,2
CCSCCSP(=S)(OC)OC,-3.0905,0.0,1,False,0,1
CCC(=O)OC1C=CC2C3CCC(C3)C12,-3.5585927938,0.0,1,False,0,1
CN(C)CC/C=C1/c2ccccc2Sc2ccc(Cl)cc21,-5.87,0.0,1,False,0,1
Cc1csc(=S)n1CC(=O)O,-1.9632,0.0,1,False,0,1
CC(=O)O[C@@H]1[C@H]2OC(C)(C)O[C@H]2O[C@@H]1[C@H]1COC(C)(C)O1,-1.5229,0.0,1,False,0,1
CC(=O)Nc1ccc2nc(S(N)(=O)=O)sc2c1,-3.16,0.0,1,False,0,1
COCCO[Si](CCCl)(OCCOC)OCCOC,-1.1029,0.0,1,False,0,1
Clc1ccccc1-c1c(Cl)c(Cl)cc(Cl)c1Cl,-7.3999,0.0,1,False,0,1
Cc1c(C(N)=O)cc([N+](=O)[O-])cc1[N+](=O)[O-],-2.3525,0.0,1,False,0,1
CN1C(C(=O)Nc2ccccn2)=C(O)c2ccccc2S1(=O)=O,-4.5,0.0,1,False,0,1
CCCC(C)(O)CC,-1.001,0.0,1,False,0,1
COc1ccc(-c2ccccc2)cc1NNC(=O)OC(C)C,-4.9025,0.0,1,False,0,1
OC(=S)CCCCCCCCC(O)=S,-3.07,0.0,1,False,0,1
O=C1OCc2ccc([N+](=O)[O-])cc21,-2.6511,0.0,1,False,0,1
CCCCCCCCCCCCCCCCCCP(=O)(OC)OC,-5.529966163099999,0.0,1,False,0,1
CCN(CC)CCNC(=O)c1cc(Cl)c(N)cc1OC,-3.2028245438000003,0.03227877939693872,2,True,1,3
O=C(O)CCC(=O)c1ccc(-c2ccccc2)cc1,-5.0609,0.0,1,False,0,1
NS(=O)(=O)c1nnc(NC(=O)c2c(F)c(F)c(F)c(F)c2F)s1,-1.37,0.0,1,False,0,1
FC(F)(F)C(F)(Cl)Cl,-3.0961,0.0,1,False,0,1
CCCCC[C@H]1CCC(=O)O1,-1.8552940397,0.0,1,False,0,1
CCCCN(C)C(=O)Nc1ccc(Cl)c(Cl)c1,-4.7584,0.0,1,False,0,1
NS(=O)(=O)c1nnc(NS(=O)(=O)c2ccc(Br)cc2)s1,-2.13,0.0,1,False,0,1
Cc1ccc(S(=O)(=O)C2(C(=O)OC(C)C)CC2)cc1,-3.2307,0.0,1,False,0,1
CC(=O)Nc1nc2c(ncn2COCCO)c(=O)[nH]1,-1.92,0.0,1,False,0,1
CCCC[C@@H](CC)COC(=O)/C=C/c1ccc(OC)cc1,-6.4216084134,0.0,1,True,1,2
O=C(Nc1cccc([N+](=O)[O-])c1)c1cc2ccccc2cc1O,-6.6438656239,0.0,1,False,0,1
C#CC(C)(O)CC/C=C(\C)CC,-2.3027678878,0.0,1,False,0,1
CCCCOc1ccc([N+](=O)[O-])cc1N,-3.82,0.0,1,False,0,1
Clc1cc(-c2cc(Cl)c(Cl)c(Cl)c2Cl)cc(Cl)c1Cl,-8.7202,0.0,1,False,0,1
CC(C)Cc1nnc(NS(=O)(=O)c2ccc(N)cc2)s1,-3.8226,0.0,1,False,0,1
COC(=O)c1ccc(N)cc1,-1.5974,0.0,1,False,0,1
O=C(O)c1ccccc1N=Nc1ccc(O)cc1,-3.33,0.0,1,False,0,1
CCCCNC(=O)OCC#CI,-3.2033373627999997,0.0,1,False,0,1
Cc1ccc2nc(-c3ccc(N=Nc4ccc(-c5nc6ccc(C)c(S(=O)(=O)[O-])c6s5)cc4)cc3)sc2c1S(=O)(=O)[O-],-1.2223096235,0.0,1,True,1,3
COC(CC(=O)O)c1ccccc1,-1.6952,0.0,1,False,0,1
Cc1cc(O)c(C(C)C)cc1Cl,-2.2664,0.0,1,False,0,1
[NH-]S(=O)(=O)c1ccc(O)c(N=Nc2c(O)ccc3ccccc23)c1,-2.2022038482,0.0,1,True,1,4
COc1c(C(=O)O)cc(C(=O)O)cc1C(=O)O,-1.5354,0.0,1,False,0,1
Cn1c(=O)c2c(n(C)c1=O)n(C)c(=O)n2C,-0.9527,0.0,1,False,0,1
C[C@@H]1CN(c2c(F)c(N)c3c(=O)c(C(=O)O)cn(C4CC4)c3c2F)C[C@H](C)N1,-3.37,0.0,1,False,0,1
CC(=O)NS(=O)(=O)c1ccc(N)cc1,-1.41,0.0,1,False,0,1
CC1CC(OC(=O)c2ccccc2O)CC(C)(C)C1,-5.816819421799999,0.0,1,False,0,1
O=c1ncc2[nH]cnc2[nH]1,-1.7136,0.0,1,False,0,1
Nc1cc([N+](=O)[O-])ccc1I,-4.4216,0.0,1,False,0,1
CN(N=O)C(N)=O,-0.8548,0.0,1,False,0,1
CCCCC(NC(N)=O)C(=O)O,-2.16,0.0,1,False,0,1
CC1CCC(C(C)C)c2nc(NS(=O)(=O)c3ccc(N)cc3)ncc21,-4.18,0.0,1,False,0,1
CC(=O)Oc1c(C)c(C)c2c(c1C)CC[C@@](C)(CCC[C@H](C)CCC[C@H](C)CCCC(C)C)O2,-5.7715452251,0.0,1,False,0,1
O=C(O)c1cn(C2CC2)c2cc(N3CC4CC3CN4)c(F)cc2c1=O,-3.65,0.0,1,False,0,1
CCC=C(C)C1(CC)C(=O)NC(=O)NC1=O,-2.31,0.0,1,False,0,1
CC(Oc1ccc(Oc2ncc(Cl)cc2Cl)cc1)C(=O)N1CCCO1,-4.5922,0.0,1,False,0,1
CN(C)C=O,1.1361123296,0.0,1,False,0,1
Cn1nnnc1SCC1=C(C(=O)O)N2C(=O)C(NC(=O)C(O)c3ccccc3)C2SC1,-0.14,0.0,1,False,0,1
COc1cc([C@@H]2c3cc4c(c(O)c3C[C@H]3COC(=O)[C@@H]32)OCO4)cc(OC)c1O,-4.1254,0.0,1,False,0,1
CCN(CC)c1ccc(N=Nc2c(Cl)cc([N+](=O)[O-])cc2[N+](=O)[O-])c(NC(C)=O)c1,-7.1158852536,0.0,1,False,0,1
CCSCc1ccccc1OC(=O)NC,-2.0927,0.0,1,False,0,1
CC(=O)CC(=O)Nc1ccc(NC(=O)CC(C)=O)cc1,-3.1275010898000004,0.0,1,False,0,1
CCCCOCc1ccc(O)c(OC)c1,-2.0948968063,0.0,1,False,0,1
COC1=CC=C2C3Cc4ccc(OC)c5c4C2(CCN3C)C1O5,-2.66,0.0,1,False,0,1
CC(=O)Oc1ccc2c(c1)CC(=O)N2,-1.54,0.0,1,False,0,1
O=c1cnc2nc[nH]c(=O)c2[nH]1,-2.96,0.0,1,False,0,1
CCCCC(CO[N+](=O)O)O[N+](=O)O,-3.1,0.0,1,False,0,1
COC(=O)C(C)N(C(=O)Cc1ccccc1)c1c(C)cccc1C,-3.9442,0.0,1,False,0,1
OC1CC(O)C(O)C(O)C1O,-0.17,0.0,1,False,0,1
Clc1cc(Cl)c(-c2c(Cl)cccc2Cl)c(Cl)c1,-7.316,0.0,1,False,0,1
Cc1ccc(S(=O)(=O)[O-])cc1,0.3082500196,0.4472918943999758,2,True,2,4
CCCS,-1.6021,0.0,1,False,0,1
COc1ccc(OC)c([N+](=O)[O-])c1,-3.0173250802999996,0.0,1,False,0,1
CC1=CC(=O)c2ccccc2C1=O,-3.0319,0.0,1,False,0,1
CC(C)(O)c1cccc(C(C)(C)O)c1,-1.8635330455,0.0,1,False,0,1
COCC(C)OC(C)=O,0.0830232388,0.0,1,False,0,1
Fc1ccccc1CCl,-2.541,0.0,1,False,0,1
CCCc1nnc(NS(=O)(=O)c2ccc(N)cc2)s1,-3.3075,0.0,1,False,0,1
Clc1ccc(Cl)c(-c2cc(Cl)c(Cl)cc2Cl)c1,-7.3263,0.0,1,False,0,1
O=C(OCC(=O)N(C1CCCCC1)C1CCCCC1)c1ccccc1,-5.06,0.0,1,False,0,1
O=C(O)c1ccc(O)c(O)c1,-0.9278,0.0,1,False,0,1
CC(CCC(=O)O)=NNC(=O)c1ccncc1,-1.59,0.0,1,False,0,1
C=CCOC(Cn1ccnc1)c1ccc(Cl)cc1Cl,-3.2178,0.0,1,False,0,1
O=C(O)c1ccc(N=Nc2ccc(O)cc2)cc1Cl,-2.62,0.0,1,False,0,1
CCOc1nc2cccc(C(=O)O)c2n1Cc1ccc(-c2ccccc2-c2nn[nH]n2)cc1,-6.4977813968,0.0,1,False,0,1
Clc1ccc(-c2ccc(Cl)cc2)cc1,-6.5561,0.0,1,False,0,1
CCCN(CCC)c1c([N+](=O)[O-])cc(S(N)(=O)=O)cc1[N+](=O)[O-],-5.13,0.0,1,False,0,1
O=C1OC(=O)c2cccc3cccc1c23,-6.2970532498,0.0,1,False,0,1
NCCNCCNCCN,0.835,0.0,1,False,0,1
CCCCC(CC)COP(=S)([S-])OCC(CC)CCCC,-4.9288559714,0.0,1,True,1,3
COP(=O)(OC)O/C(=C\Cl)c1cc(Cl)c(Cl)cc1Cl,-4.52,0.0,1,False,0,1
Clc1ccc(Oc2c(Cl)c(Cl)c(Cl)c(Cl)c2Cl)cc1Cl,-9.46,0.0,1,False,0,1
CNC(=O)Oc1cccc2c1OC(C)(C)C2,-2.42,0.0,1,False,0,1
CCOC(C)C(=O)C(O)O,-0.1707,0.0,1,False,0,1
CC1(C)Nc2cccc3cccc(c23)N1,-2.9298988951,0.0,1,False,0,1
O=c1c(C2CCCc3ccccc32)c(O)oc2ccccc12,-4.8638,0.0,1,False,0,1
CCCCCCCC/C=C\CCCCCCCC(=O)OC(C)C,-6.3351890163,0.0,1,False,0,1
CCCCCCCCCCCCCCCCCCCCCC(N)=O,-6.8320079078,0.0,1,False,0,1
CC(CCO)CCc1ccccc1,-2.6600258381,0.0,1,False,0,1
CCCCOCCOC(=O)COc1ccc(Cl)cc1Cl,-4.4276,0.0,1,False,0,1
CCCCc1ccc(C(=O)O)cc1,-3.08,0.0,1,False,0,1
OC1COC(O)C(O)C1O,0.5778808511,0.0,1,False,0,1
CC/C=C\CC1=C(C)CCC1=O,-2.0452383746,0.0,1,False,0,1
CCNC(C)CC,-0.21,0.0,1,False,0,1
CCCCOC(=O)CC(CC(=O)OCCCC)(OC(C)=O)C(=O)OCCCC,-4.9058,0.0,1,False,0,1
NS(=O)(=O)c1ccc(Cl)s1,-3.2959363681,0.0,1,False,0,1
OCCOc1cccc(OCCO)c1,-1.02,0.0,1,False,0,1
COc1cc(/C=C/C(=O)O)ccc1O,-3.05,0.0,1,False,0,1
Cc1cccc(C(=O)O)c1S(=O)(=O)NC(=O)Nc1nc(OCC(F)(F)F)nc(N(C)C)n1,-5.6798,0.0,1,False,0,1
c1ccc2c(c1)-c1cccc3cc4c(ccc5ccccc54)c-2c13,-8.4806,0.0,1,False,0,1
C/C=C(/C(=C/C)c1ccc(O)cc1)c1ccc(O)cc1,-4.948,0.0,1,False,0,1
Cc1ccc(S(=O)(=O)N(Cl)Cl)cc1,-3.51,0.0,1,False,0,1
CCOC(=O)C1=C(C)C=CCC1(C)C,-3.411619706,0.0,1,False,0,1
CN(C)Cc1c[nH]c2ccc(Br)cc12,-4.06,0.0,1,False,0,1
NNC(=O)c1ccncc1,-0.04,0.0,1,False,0,1
CCCOC(=O)Oc1ccc(NC(C)=O)cc1,-2.57,0.0,1,False,0,1
CC(=O)Nc1ccccc1,-1.33,0.0,1,False,0,1
O=C(O)CCCCCCCCC(=O)O,-2.3059,0.0,1,False,0,1
CC(=O)[C@@]1(O)CC[C@H]2[C@@H]3CCC4=CC(=O)CC[C@]4(C)[C@H]3CC[C@@]21C,-4.7076,0.0,1,False,0,1
O=C(O)CCCC1CCCC2NC(=O)NC12,-0.96,0.0,1,False,0,1
CCC1(CCC(C)C)C(=O)NC(=O)NC1=O,-2.5743,0.0,1,False,0,1
C=C1CCC2CC1C2(C)C,-4.2923134549,0.0,1,False,0,1
CC(=O)Nc1ccc(S(=O)(=O)[O-])c2c1C(=O)/C(=N\Nc1ccc(N=Nc3ccc(S(=O)(=O)[O-])cc3)c3ccc(S(=O)(=O)[O-])cc13)C(S(=O)(=O)[O-])=C2,-1.4612448391,0.0,1,True,1,5
Cc1nc2ccccc2[nH]1,-1.9598,0.0,1,False,0,1
Cc1cc(N)n(-c2ccccc2)n1,-0.9376,0.0,1,False,0,1
CC1CNCCN1,0.6378,0.0,1,False,0,1
CC(=O)Nc1ccc(F)cc1C,-1.3593,0.0,1,False,0,1
N=C(NN)N[N+](=O)[O-],-1.6458,0.0,1,False,0,1
CCCCC(CC)COC(=O)CC(C(=O)OCC(CC)CCCC)S(=O)(=O)[O-],-1.7357141887,0.0,1,True,1,2
C#CCN1CC(=O)N(COC(=O)C2C(C=C(C)C)C2(C)C)C1=O,-3.5321,0.0,1,False,0,1
CCS(=O)(=O)c1nnc(N(C)C(=O)NC)s1,-1.945,0.0,1,False,0,1
CCN1C(=O)c2ccccc2Oc2ccccc21,-3.68,0.0,1,False,0,1
CCCCCCCC/C=C\CCCCCCCCOC(=O)CCCCCC/C=C\CCCCCCCCC,-7.0277066834,0.0,1,False,0,1
CCC(CCC(=O)O)C(C)=O,-0.451,0.0,1,False,0,1
O=c1[nH]c(=O)c2cc([N+](=O)[O-])cc([N+](=O)[O-])c2[nH]1,-3.2057,0.0,1,False,0,1
CCCCCCNC(=O)c1cccnc1,-2.5221,0.0,1,False,0,1
O=C(O)COc1ccccc1Cl,-2.1637,0.0,1,False,0,1
Clc1cc(Cl)c(Oc2c(Cl)ccc(Cl)c2Cl)cc1Cl,-7.88,0.0,1,False,0,1
O=S(=O)([O-])CCN1CCN(CCO)CC1,0.4318666789,0.0,1,True,1,2
Nc1ccc(C(=O)O)cc1,-1.3511,0.0,1,False,0,1
Cc1cccc(C)c1N,-1.167514488,0.0,1,False,0,1
CC1(C)SC2C(NC(=O)C(N)c3ccc(N)cc3)C(=O)N2C1c1nnn[nH]1,-1.57,0.0,1,False,0,1
CNC(=N)NS(=O)(=O)c1ccc2ccccc2c1,-3.1,0.0,1,False,0,1
CCCCC(CC)C(=O)OCC(COC(=O)C(CC)CCCC)OC(=O)C(CC)CCCC,-6.97376589,0.0,1,False,0,1
CCC(C)(C)C(=O)O[C@H]1C[C@@H](C)C=C2C=C[C@H](C)[C@H](CC[C@@H]3C[C@@H](O)CC(=O)O3)[C@H]21,-7.1447,0.0,1,False,0,1
COc1ccc2ccc(=O)oc2c1CC=C(C)C,-4.3087,0.0,1,False,0,1
CCC(C)c1ccc(O)c([N+](=O)[O-])c1,-3.8403,0.0,1,False,0,1
CC(=O)Oc1c(C(C)(C)C)cc([N+](=O)[O-])c(C)c1[N+](=O)[O-],-4.47,0.0,1,False,0,1
CC(C)(C)OO,0.8846472262999999,0.0,1,False,0,1
CCC(=O)OCC1OC(n2cc(I)c(=O)[nH]c2=O)CC1O,-2.46,0.0,1,False,0,1
C=CC(C)(C#N)Cc1ccccc1,-3.0006167172,0.0,1,False,0,1
CC(=O)OCSc1ncnc2[nH]cnc12,-2.15,0.0,1,False,0,1
COc1ccccc1OCC(O)COC(N)=O,-1.5251,0.0,1,False,0,1
Cc1cc(NS(=O)(=O)c2ccc(N)cc2)no1,-2.6183,0.0,1,False,0,1
Cc1cc(CCC(=O)OCC(C)(C)C2OCC3(CO2)COC(C(C)(C)COC(=O)CCc2cc(C)c(O)c(C(C)(C)C)c2)OC3)cc(C(C)(C)C)c1O,-8.2677435641,0.0,1,False,0,1
O=C(O)/C=C(\Cl)c1ccccc1,-2.77,0.0,1,False,0,1
C[N+](C)(C)CC1CO1,0.749634411,0.0,1,True,1,2
O=C([O-])CC(O)(CC(=O)O)C(=O)[O-],-0.954573972,0.0,1,True,1,2
CC(C)(O)CCc1ccccc1,-1.5556396769999998,0.0,1,False,0,1
Cc1cc(Cl)ccc1OCC(=O)O,-2.503,0.0,1,False,0,1
O=C1OC(=O)C2CC=CCC12,-0.7139217719,0.0,1,False,0,1
CC1=C(C)S(=O)(=O)CCS1(=O)=O,-1.66,0.0,1,False,0,1
CCOC(C)(C)CC,-1.4719350107,0.0,1,False,0,1
CCN(CC)S(=O)(=O)c1ccc(OC)c(N/N=C2/C(=O)C(C(=O)Nc3cc(Cl)c(OC)cc3OC)=Cc3ccccc32)c1,-7.9052553562,0.0,1,False,0,1
CC1=CCC(=C(C)C)CC1,-4.2873429345,0.0,1,False,0,1
CCOC1=CC(=O)C2(Oc3c(Cl)c(OC)cc(OC)c3C2=O)C(C)C1,-4.6,0.0,1,False,0,1
CC(C)=CCCC(C)CC#N,-3.104157036,0.0,1,False,0,1
CCC(=O)OC,-0.1498,0.0,1,False,0,1
CCCCC(CCCC)(CCCC)C(=O)NO,-4.16,0.0,1,False,0,1
CCC(=O)Nc1nc(C)c(Cl)s1,-3.06,0.0,1,False,0,1
CNC(=O)Sc1ccc(OS(C)(=O)=O)cc1,-2.7359,0.0,1,False,0,1
COc1cc(N=Nc2cc(S(=O)(=O)[O-])cc3cc(S(=O)(=O)[O-])cc(O)c23)c(C)cc1N=Nc1c(S(=O)(=O)[O-])cc2cc(S(=O)(=O)[O-])cc(Nc3nc(Nc4ccccc4)nc(Nc4ccc(N=Nc5ccc(O)c(C(=O)[O-])c5)cc4)n3)c2c1O,-2.4833879664,0.0,1,True,1,6
Cc1ccc([N+](=O)[O-])cc1,-2.5149437885,0.0,1,False,0,1
Clc1ccc2c(c1)Oc1c(Cl)c(Cl)c(Cl)c(Cl)c1O2,-9.4728,0.0,1,False,0,1
O=C(O)CCCOc1ccc(Cl)cc1Cl,-3.57,0.0,1,False,0,1
NC(=O)N1c2ccccc2C(O)C(O)c2ccccc21,-2.03,0.0,1,False,0,1
CC1OC(C)OC(C)OC(C)O1,-2.8997,0.0,1,False,0,1
CC(C)(C)C(O)/C(=C\c1ccc(Cl)cc1)n1cncn1,-4.5403,0.0,1,False,0,1
C=C[NH+]1C=CN(C)C1,0.6585802853,0.0,1,True,1,2
CCSC(=O)COc1ccc(Cl)cc1C,-5.027,0.0,1,False,0,1
O=C(CO)[C@@H](O)[C@H](O)[C@H](O)CO,0.6353,0.0,1,False,0,1
C#CC1(OC(N)=O)CCCCC1,-1.8253,0.0,1,False,0,1
O=C(C(=O)c1ccccc1)c1ccccc1,-2.8,0.0,1,False,0,1
CCCCCCCCC,-5.7657,0.0,1,False,0,1
COC(=O)COc1ccc(Cl)cc1Cl,-2.9596,0.0,1,False,0,1
O=[N+]([O-])c1cc(O)cc([N+](=O)[O-])c1,-1.663,0.0,1,False,0,1
Clc1cc2oc3c(Cl)c(Cl)c(Cl)c(Cl)c3c2cc1Cl,-10.66,0.0,1,False,0,1
O=C(O)c1cccc([N+](=O)[O-])c1C(=O)O,-1.0214,0.0,1,False,0,1
CSc1ccc2oc3ccc(C(=O)O)cc3c(=O)c2c1,-5.32,0.0,1,False,0,1
Cc1ccc(Oc2ccc(C)cc2)cc1,-4.85,0.0,1,False,0,1
CCCCOC(=O)c1ccc(O)c(Cl)c1,-3.51,0.0,1,False,0,1
COc1cnc2ncncc2n1,-1.14,0.0,1,False,0,1
CCCC(CCC)(C(=O)NO)c1ccccc1,-2.89,0.0,1,False,0,1
O=C([O-])[C@H](O)[C@@H](O)C(=O)[O-],0.3984,0.0,1,True,1,3
CCCCC(C)CC,-5.1591,0.0,1,False,0,1
COc1ccc(CCNC(=O)CNc2cccc(C(N)=O)c2)cc1OC,-2.69,0.0,1,False,0,1
CCCOC(=O)N1C2CN3C4=C(C(=O)C(N)=C(C)C4=O)C(COC(N)=O)C3(OC)C21,-3.48,0.0,1,False,0,1
CC12CC(O)C3C(CCC4CC(O)CCC43C)C1CCC2=O,-3.59,0.0,1,False,0,1
C=C(C)C(=O)C(=CC(=O)O)OC,-0.9299,0.0,1,False,0,1
CC(C)n1ccc(NS(=O)(=O)c2ccc(N)cc2)nc1=O,-3.17,0.0,1,False,0,1
O=C(O)c1ccc2c(c1)C(=O)OC2=O,-0.8961963145999999,0.0,1,False,0,1
CCCN(C)N=Nc1ccc(C(=O)O)cc1,-1.43,0.0,1,False,0,1
CC1=CC2OC3CC(O)C(C)(C2(CO)CC1)C31CO1,-2.61,0.0,1,False,0,1
CCCCCCC1CCCC1=O,-3.4515155375999997,0.0,1,False,0,1
O=[N+]([O-])c1c(Cl)cc(Cl)cc1Cl,-4.5591,0.0,1,False,0,1
CC(C)CC(N)C(=O)NCC(=O)NCC(=O)O,0.31,0.0,1,False,0,1
O=NN1CCCCC1,-0.1738,0.0,1,False,0,1
CC(CC(C)(C)C)CP(=O)(O)CC(C)CC(C)(C)C,-4.366128471100001,0.0,1,False,0,1
COc1ccc(NCC(O)CO)cc1,-0.295,0.0,1,False,0,1
CC1CC(C)C(=O)C(C(O)CC2CC(=O)NC(=O)C2)C1,-1.13,0.0,1,False,0,1
c1ccc2c(c1)cnc1ccccc12,-2.7763,0.0,1,False,0,1
CCC(=O)Oc1ccc(NC(C)=O)cc1,-2.72,0.0,1,False,0,1
Cc1cccc(C)c1OP(=O)(Oc1cccc(OP(=O)(Oc2c(C)cccc2C)Oc2c(C)cccc2C)c1)Oc1c(C)cccc1C,-6.8367531336,0.0,1,False,0,1
C=C(C)C(=O)OCCCCCCCCCCCC,-8.4055410062,0.0,1,False,0,1
O=[N+]([O-])c1cccc(Cl)c1Cl,-3.4881,0.0,1,False,0,1
CCN(O)CC,0.7036319098,0.0,1,False,0,1
CC1=NN(c2ccc(S(=O)(=O)[O-])cc2)C(=O)C1N/N=C1\C=C([N+](=O)[O-])C=C(Cl)C1=O,-0.8385771725,0.0,1,True,1,2
NC(=O)c1ccc(N)cc1,-1.2255453859,0.0,1,False,0,1
CCSC(=S)NCC(=O)O,-1.0882,0.0,1,False,0,1
CC12CCC(=O)C=C1CCC1C2C2CC3(C(O)O2)C(C(=O)CO)CCC13,-3.85,0.0,1,False,0,1
CC1(C)CC(N)CC(C)(CN)C1,0.1572981869,0.0,1,True,1,2
ClC(Cl)Br,-1.54,0.0,1,False,0,1
O=[N+]([O-])c1ccc(F)c([N+](=O)[O-])c1,-2.6677,0.0,1,False,0,1
Clc1c(Cl)c(Cl)c(-c2c(Cl)c(Cl)c(Cl)c(Cl)c2Cl)c(Cl)c1Cl,-11.6,0.0,1,False,0,1
CCOc1nc(C(Cl)(Cl)Cl)ns1,-3.3254,0.0,1,False,0,1
C=C(Br)C(=O)Nc1ccc(NNC2=C3C(=O)C=C(S(=O)(=O)[O-])C=C3C=CC2=N)c(S(=O)(=O)[O-])c1,-1.6785332004,0.0,1,True,1,3
Clc1ccc(Br)cc1,-3.6298,0.0,1,False,0,1
S=C=Nc1ccc(-c2ccccc2)cc1,-4.85,0.0,1,False,0,1
CC(=O)OC(C)C1CCCCC1,-3.5976237668,0.0,1,False,0,1
CCc1cc(CC)cc(CC)c1,-7.0641,0.0,1,False,0,1
C[C@]12CC[C@H]3[C@@H](CCC4=CC(=O)CC[C@@]43C)[C@@H]1CC[C@@H]2O,-4.0908,0.0,1,False,0,1
CCCC(C)CC(C)O,-1.8779,0.0,1,False,0,1
C/C(=C\N=O)NO,-0.3462,0.0,1,False,0,1
Cc1ccc(S(=O)(=O)NN)cc1,-1.48,0.0,1,False,0,1
O=C(c1ccccc1)C1(O)CCCCC1,-2.6647801935,0.0,1,False,0,1
Nc1nc(=O)c2[nH]c(=O)c(=O)[nH]c2[nH]1,-5.1655,0.0,1,False,0,1
BrC(Br)C(Br)Br,-2.72,0.0,1,False,0,1
COc1ccc2c3c1O[C@H]1[C@@H](O)C=C[C@H]4[C@@H](C2)N(C)CC[C@@]341,-1.5219999999999998,0.0,1,False,0,1
CCc1ccccc1O,-1.3594,0.0,1,False,0,1
CC(C)(C)C(C)(C)O,-0.723,0.0,1,False,0,1
CCCC1COC(Cn2cncn2)(c2ccc(Cl)cc2Cl)O1,-3.4929,0.0,1,False,0,1
O=C1c2ccccc2C(=O)C1c1nc2ccccc2c(Br)c1O,-4.8670972664,0.0,1,False,0,1
CCN(CC[N+](C)(C)C)c1ccc(N=Nc2ccc([N+](=O)[O-])cc2Cl)cc1,-3.0386996230000003,0.0,1,True,1,2
CCCNC(=O)n1cc(F)c(=O)[nH]c1=O,-1.83,0.0,1,False,0,1
NC(=O)c1cc(N2CC2)c([N+](=O)[O-])cc1[N+](=O)[O-],-2.3,0.0,1,False,0,1
Fc1ccc(C(c2ccccc2)(c2ccccc2F)n2ccnc2)cc1,-8.4,0.0,1,False,0,1
Cc1c(C)c2c3ccccc3ccc2c2ccccc12,-7.0109,0.0,1,False,0,1
CC(C1CC1)C(O)(Cn1cncn1)c1ccc(Cl)cc1,-3.3189,0.0,1,False,0,1
CC(O)CN(CC(C)O)C(=O)COC(=O)c1ccccc1,-1.18,0.0,1,False,0,1
O=[N+]([O-])c1ccc(Nc2ccccc2)c([N+](=O)[O-])c1,-3.834,0.0,1,False,0,1
CCNc1nc(Cl)nc(N(CC)CC)n1,-4.0601,0.0,1,False,0,1
OCCF,1.1934,0.0,1,False,0,1
CC(Oc1cccc(Cl)c1)C(=O)O,-2.2232,0.0,1,False,0,1
COc1ccccc1NC(=O)C1=Cc2ccccc2/C(=N/Nc2ccc(C(N)=O)cc2)C1=O,-8.1667842337,0.0,1,False,0,1
CCCCCC,-3.9441703352,0.0,1,False,0,1
CCC1COC(Cn2cncn2)(c2ccc(Cl)cc2Cl)O1,-3.613,0.0,1,False,0,1
FC(F)(F)c1cccc(C(c2ccccc2)(c2ccccc2)n2cncn2)c1,-8.402999999999999,0.0,1,False,0,1
N=C(N)NCC(=O)O,-1.51,0.0,1,False,0,1
O=C(O)c1cc(O)cc(C(=O)O)c1,-2.005111367,0.0,1,False,0,1
CCOc1ccccc1OCC,-2.41045076,0.0,1,False,0,1
Clc1cc(Cl)c(Oc2ccccc2)cc1Cl,-6.58,0.0,1,False,0,1
C=C(C)C,-2.3290690398,0.0,1,False,0,1
O=C1C=CN(C2OC(CO)C(O)C2O)C(=O)C1,-0.77,0.0,1,False,0,1
O=C(CCCCC(=O)NCCO)NCCO,0.4121,0.0,1,False,0,1
Cc1nc2cncnc2nc1C,-0.46,0.0,1,False,0,1
CCCc1ccn(CCC(=O)O)c(=O)c1,-2.11,0.0,1,False,0,1
Clc1c(Cl)c(Cl)c2c(Cl)c(Cl)c(Cl)c(Cl)c2c1Cl,-9.703,0.0,1,False,0,1
CNC(=O)Nc1nc2ccccc2s1,-4.2373,0.0,1,False,0,1
C/C(N=O)=C(\C)NO,-2.2868,0.0,1,False,0,1
O=C(Nc1ccc2c(c1)C=C(S(=O)(=O)[O-])/C(=N/Nc1ccc(N=Nc3ccc(S(=O)(=O)[O-])cc3)cc1S(=O)(=O)[O-])C2=O)Nc1ccc2c(c1)C=C(S(=O)(=O)[O-])/C(=N/Nc1ccc(N=Nc3ccc(S(=O)(=O)[O-])cc3)cc1S(=O)(=O)[O-])C2=O,-0.5694985454,0.0,1,True,1,7
ClC(Cl)=C(c1ccc(Cl)cc1)c1ccc(Cl)cc1,-6.9004,0.0,1,False,0,1
CC(C)C(Nc1ccc(C(F)(F)F)cc1Cl)C(=O)OC(C#N)c1cccc(Oc2ccccc2)c1,-8.0025,0.0,1,False,0,1
CC1=C/C(=C(\c2ccc(N)c(S(=O)(=O)[O-])c2)c2ccc(N)c(S(=O)(=O)O)c2)C=C(S(=O)(=O)[O-])C1=N,-1.7675632436000002,0.0,1,True,1,3
O=c1cnc2[nH]c(=O)[nH]c(=O)c2[nH]1,-3.13,0.0,1,False,0,1
Cc1cc(Cc2ccc(Cl)cc2)c(Cl)c(Cl)c1Cl,-8.18,0.0,1,False,0,1
O=C([O-])CN(CCO)CCN(CC(=O)[O-])CC(=O)[O-],0.1444215392,0.0,1,True,1,4
CCCCCCCCCCCCCCOC(=O)CCCCCCCCCCCCC,-7.3271074817,0.0,1,False,0,1
c1ccc2sc(SN3CCOCC3)nc2c1,-3.8109627954,0.0,1,False,0,1
N#Cc1ccncc1,-0.4154,0.0,1,False,0,1
O=[N+]([O-])c1cc([N+](=O)[O-])c(-c2ccccc2)cc1O,-4.4611,0.0,1,False,0,1
O=C(O)/C=C/c1ccccc1,-2.4335,0.0,1,False,0,1
CCCCNCCO,0.931102034,0.0,1,False,0,1
O=C([O-])c1ccc[n+](-c2nc(NCCNc3ccc4c(c3S(=O)(=O)[O-])Oc3c(Cl)c5c(c(Cl)c3=N4)Oc3c(ccc(NCCNc4nc(Nc6cc(S(=O)(=O)[O-])ccc6S(=O)(=O)[O-])nc(-[n+]6cccc(C(=O)[O-])c6)n4)c3S(=O)(=O)[O-])N=5)nc(Nc3cc(S(=O)(=O)[O-])ccc3S(=O)(=O)[O-])n2)c1,-0.9522048024,0.0,1,True,1,7
OC(c1ccccc1)C(O)c1ccccc1,-1.933,0.0,1,False,0,1
Cc1ccc(C(C)C)c(O)c1C(=O)O,-3.2883,0.0,1,False,0,1
Clc1ccc(Cl)c2ccccc12,-5.3576,0.0,1,False,0,1
CCCCCCC(=O)OCC(COC(=O)CCCCCC)OC(=O)CCCCCC,-6.9330922951,0.0,1,False,0,1
CC(=O)OCCOc1ccc(C(C)(C)c2ccc(OCCOC(C)=O)cc2)cc1,-8.0585030279,0.0,1,False,0,1
CC(CCOC(=O)CC(C)CC(C)(C)C)CC(C)(C)C,-8.2779665867,0.0,1,False,0,1
COc1cc(C=O)cc(Cl)c1O,-2.8747,0.0,1,False,0,1
COc1cc(C=O)ccc1OC(=O)C(C)C,-2.5886676064,0.0,1,False,0,1
CNC(=O)CSP(=O)(OC)OC,0.6712,0.0,1,False,0,1
N#CC(CCc1ccc(Cl)cc1)(Cn1cncn1)c1ccccc1,-6.2264,0.0,1,False,0,1
C=CC(=O)NCO,0.8101,0.0,1,False,0,1
CC1N(c2c(F)cc3c(=O)c(C(=O)O)cn(C4CC4)c3c2F)CC1(C)N,-5.04,0.0,1,False,0,1
O=C([O-])CN(CCN(CC(=O)[O-])CC(=O)[O-])CC(=O)[O-],-0.08363028119999999,0.3691394871205896,5,True,5,5
C#CC(C)(O)CCC=C(C)C,-1.7720804309,0.0,1,False,0,1
CC(=O)C(C)(C)C,-0.7219,0.0,1,False,0,1
C=C(C)CO,0.4298,0.0,1,False,0,1
Cc1cc(O)ccc1[N+](=O)[O-],-2.1103,0.0,1,False,0,1
CC(C)C(C(=O)O)N1CCCNC1=O,-1.1028619258,0.0,1,False,0,1
CN(C)CCCN1c2ccccc2CCc2ccccc21,-4.187,0.0,1,False,0,1
CCN(CC)C(=O)COC(=O)c1cn(CC)c2nc(C)ccc2c1=O,-1.43,0.0,1,False,0,1
CCOP(=S)(Oc1ccc(C#N)cc1)c1ccccc1,-5.7037,0.0,1,False,0,1
CCCCCCCC/C=C\CCCCCCCC(=O)OCC(COC(=O)CCCCCCC/C=C\CCCCCCCC)OC(=O)CCCCCCC/C=C\CCCCCCCC,-7.2481955094,0.0,1,False,0,1
Clc1ccc(Cl)c(-c2ccc(Cl)c(Cl)c2)c1,-6.8526,0.0,1,False,0,1
COc1ccc(C)cc1NC(C)=O,-1.931164755,0.0,1,False,0,1
O=c1[nH]c2ccccc2[nH]c1=O,-2.812,0.0,1,False,0,1
NC(=O)C[C@H](NC(N)=O)C(=O)O,-0.511,0.0,1,False,0,1
N[C@@H](Cc1cc(Br)c(O)c(Br)c1)C(=O)O,-1.9281,0.0,1,False,0,1
CCCC=C(C=O)CC,-2.46,0.0,1,False,0,1
CCC(NC=NN)C(=O)O,-0.8608,0.0,1,False,0,1
C=CCNCC=C,-0.0790069571,0.0,1,False,0,1
Clc1cc(Cl)c2c(c1Cl)C1=NC2N=C2[N-]C(N=C3N=C(N=c4[n-]c(c5c(Cl)c(Cl)c(Cl)c(Cl)c45)=N1)c1c(Cl)c(Cl)c(Cl)c(Cl)c13)c1c(Cl)c(Cl)c(Cl)c(Cl)c12,-9.039324078,0.0,1,False,0,1
NC(=O)SCC(=O)Nc1ccccc1,-1.3228,0.0,1,False,0,1
Cn1ccnc1,1.0856251051,0.0,1,False,0,1
CCOC(=O)CC(SP(=S)(OC)OC)C(=O)OCC,-3.3637,0.0,1,False,0,1
OCCOCC(COCCO)OCCO,0.6492617384,0.0,1,False,0,1
C[Si](C)(C)CCCN,-1.9509,0.0,1,False,0,1
O=[N+]([O-])c1ccc2ccccc2c1,-3.82,0.0,1,False,0,1
O=C(O)c1ccc(C(=O)O)cc1,-4.0444,0.0,1,False,0,1
O=C(CCCN1CCC(O)(c2ccccc2)CC1)c1ccccc1,-2.68,0.0,1,False,0,1
Fc1cccc(F)c1,-2.0003579549,0.0,1,False,0,1
CC(=O)C1C(=O)C=C(C)OC1=O,-1.226,0.0,1,False,0,1
CCOc1ccc(Nc2ccc(S(=O)(=O)N(C)C)cc2[N+](=O)[O-])cc1,-4.2617516212,0.0,1,False,0,1
CC(=O)C1(C)CCC2C3C=C(C)C4=CC(=O)CCC4(C)C3CCC21C,-5.2721,0.0,1,False,0,1
CCCCCCl,-2.7324,0.0,1,False,0,1
CC1(CCN2CCCCC2)NC(=O)NC1=O,-0.8213,0.0,1,False,0,1
O=C[C@H](O)[C@H]1OC(=O)[C@@H](O)[C@H]1O,0.1641,0.0,1,False,0,1
O=C(O)C(=O)c1ccccc1,-0.37,0.0,1,False,0,1
Cc1cccc(C)c1N(Cn1cccn1)C(=O)CCl,-2.8102,0.0,1,False,0,1
Cc1ccccc1Cl,-2.5295,0.0,1,False,0,1
ClC(Cl)Cl,-1.1738343117,0.0,1,False,0,1
Nc1ccc(N=Nc2ccc(N=Nc3ccc(N/N=C4/C(=O)c5ccc(NC(=O)c6ccccc6)cc5C=C4S(=O)(=O)[O-])c4ccc(S(=O)(=O)[O-])cc34)c3ccc(S(=O)(=O)[O-])cc23)cc1S(=O)(=O)[O-],-2.3935953584,0.0,1,True,1,5
O=C(O)CNC(=O)CNS(=O)(=O)c1ccc2ccccc2c1,-2.6954,0.0,1,False,0,1
CC(=O)NC(N)=O,-0.9,0.0,1,False,0,1
ClC1CCCCC1,-2.3752,0.0,1,False,0,1
CC12CC(=O)C3C(CCC4=CC(=O)CCC43C)C1CCC2=O,-3.48,0.0,1,False,0,1
CCNc1nc(N(CC)CC)nc(=O)[nH]1,-3.64,0.0,1,False,0,1
ClCCCN1CCOCC1,0.7860892979999999,0.0,1,False,0,1
CCc1ccc(CC(C)(C)C#N)cc1,-3.3513392636000003,0.0,1,False,0,1
C[N+](C)(C)CCO,0.6032053211,0.0,1,True,1,2
O=C(O)c1cc(O)c(O)c(O)c1,-1.1552,0.0,1,False,0,1
CCOc1ccc(C(=O)O)cc1,-2.4548997462,0.0,1,False,0,1
Cc1ccc(S(=O)(=O)Oc2c(C(=O)c3ccc(Cl)cc3Cl)c(C)nn2C)cc1,-6.8946,0.0,1,False,0,1
CCCSP(=S)(OCC)Oc1ccc(Cl)cc1Cl,-6.693,0.0,1,False,0,1
CCCCCCCC(=O)NCCCC[C@H](N)C(=O)O,0.0575708237,0.0,1,False,0,1
CSC(=O)C1(OC(C)=O)C(C)CC2C3CCC4=CC(=O)C=CC4(C)C3(F)C(O)CC21C,-6.22,0.0,1,False,0,1
CCCCc1c(C)[nH]c(NCC)nc1=O,-3.02,0.0,1,False,0,1
Clc1cc(Cl)c(-c2cc(Cl)ccc2Cl)c(Cl)c1,-7.47,0.0,1,False,0,1
C/C=C/C(=O)C1C(C)=CCCC1(C)C,-3.1378557654000003,0.0,1,False,0,1
NC(Cc1ccc(N(CCCl)CCCl)cc1)C(=O)O,-3.49,0.0,1,False,0,1
COC(=O)c1ccccc1CS(=O)(=O)NC(=O)Nc1nc(OC)cc(OC)n1,-3.534,0.0,1,False,0,1
CCC(=O)CCC1C(C)=CCCC1(C)C,-4.3219056885,0.0,1,True,1,2
O=C(O)C1C2CCC(O2)C1C(=O)O,-0.27,0.0,1,False,0,1
CCCCCCCCOC(=O)c1ccc(O)c(Cl)c1,-4.38,0.0,1,False,0,1
COC(=O)c1cc(O)c(OC)c(O)c1,-1.6,0.0,1,False,0,1
CNC(=O)O/N=C(\C)SC,-0.4466,0.0,1,False,0,1
COc1cc(C(=O)O)ccc1C(=O)O,-1.9916,0.0,1,False,0,1
O=C(Nc1ccccc1)C(O)(O)C(=O)Nc1ccccc1,-2.4568,0.0,1,False,0,1
CC[C@]12CCC3=C(CCc4cc(OC)ccc43)[C@@H]1CCC2=O,-4.772922847,0.0,1,False,0,1
CC(C)CC(C)(O)C#CC(C)(O)CC(C)C,-2.1243507639,0.0,1,False,0,1
NC(=O)c1cnc2n1CCc1ccccc1C21CCNCC1,-2.43,0.0,1,False,0,1
NC(=O)N/N=C/C(O)C(O)C(O)C(O)CO,-0.4257,0.0,1,False,0,1
O=C(O)c1ccccc1-c1ccccc1C(=O)O,-2.2839,0.0,1,False,0,1
ClC/C=C\CCl,-2.3333,0.0,1,False,0,1
c1ccsc1,-1.4450110492,0.0,1,False,0,1
N#Cc1cccnc1,0.1128,0.0,1,False,0,1
CN/C(=C/[N+](=O)[O-])NCCSCc1ccc(CN(C)C)o1,-2.5,0.0,1,False,0,1
CNC(=O)c1ccc(N)cc1,-1.24,0.0,1,False,0,1
NC(=O)c1ccccc1C(N)=O,-2.4371,0.0,1,False,0,1
CC(C)=CCC[C@@H](C)CCO,-2.7067344575,0.0,1,False,0,1
CCCCOC(=O)CCCCC(=O)OCCCC,-3.8681538696,0.0,1,False,0,1
CCCCCCC(O)CCCCCCCCCCC(=O)NCCNC(=O)CCCCCCCCCCC(O)CCCCCC,-6.7352071916,0.0,1,False,0,1
CNS(=O)(=O)c1cc(OC)c(N)cc1OC,-3.6510805625,0.0,1,False,0,1
Clc1ccc(Oc2ccc(Cl)c(Cl)c2)c(Cl)c1,-7.0,0.0,1,False,0,1
COC(=O)c1cc2cc3c(C)coc3c(C)c2oc1=O,-4.9,0.0,1,False,0,1
O=C(O)[C@H](O)c1ccccc1,-0.1416667622,0.0,1,False,0,1
O=S(=O)(O)c1ccccc1,0.8489070931,0.0,1,False,0,1
O=C1c2cccc(Sc3ccccc3)c2C(=O)c2c(Sc3ccccc3)cccc21,-5.517335043099999,0.0,1,False,0,1
CC(C)(C)CC(C)(C)C1CCC(=N/O)/C(=N\O)C1,-6.41,0.0,1,False,0,1
CCn1cnc2c1c(=O)n(C)c(=O)n2C,-0.7544,0.0,1,False,0,1
CC(=O)N[C@@H](CC(C)C)C(=O)O,-1.3301,0.0,1,False,0,1
C=C(C)C(=O)OCC(C)C,-2.039,0.0,1,False,0,1
N[C@@H](CSSC[C@H](N)C(=O)O)C(=O)O,-3.1599219868,0.0,1,False,0,1
CCCCOCCOC(C)=O,-1.2504,0.0,1,False,0,1
COCC1(C)OC(=O)N(c2cc(Cl)cc(Cl)c2)C1=O,-4.66,0.0,1,False,0,1
CN1C(=O)[C@]23CC4=CC=C[C@H](O)[C@H]4N2C(=O)[C@@]1(CO)SS3,-3.6687,0.0,1,False,0,1
C[N+](C)(C)C(Cc1cnc(S)[nH]1)C(=O)[O-],-0.46,0.0,1,False,0,1
O=C(O)c1cc(N=Nc2ccccc2)ccc1O,-3.05,0.0,1,False,0,1
CC(=O)CCC1=C(C)CCCC1(C)C,-3.6550445763,0.0,1,False,0,1
OC[C@@H]1CO[C@@](Cn2cncn2)(c2ccc(Cl)cc2Cl)O1,-2.9059550684,0.0,1,False,0,1
CC1C(N)CN1c1c(F)c(N)c2c(=O)c(C(=O)O)cn(C3CC3)c2c1F,-3.98,0.0,1,False,0,1
Cc1ccc2c(c1)OCC(=O)CO2,-1.1141554489,0.0,1,False,0,1
Clc1cccc(I)c1,-3.55,0.0,1,False,0,1
N[C@H](C(=O)O)[C@@H](O)C(=O)O,-0.8271,0.0,1,False,0,1
CCOc1ccc(NC(=O)NN)cc1,-1.6471,0.0,1,False,0,1
COC(=O)CCCCCCCCC(=O)OC,-3.2831,0.0,1,False,0,1
O=c1cnc2c(=O)[nH]cnc2[nH]1,-2.82,0.0,1,False,0,1
NNC(=O)NN,0.4145585536,0.0,1,False,0,1
NS(=O)(=O)c1cc2c(s1)[S+]([O-])CCC2O,-1.35,0.0,1,False,0,1
CC(C)COC(=O)c1cc(N)c(Cl)c(N)c1,-2.738284824,0.0,1,False,0,1
Cc1ccc([N+](=O)[O-])cc1S(=O)(=O)O,0.4924399529,0.0,1,False,0,1
CC1=CCC(C(C)C)=CC1,-4.1958,0.0,1,False,0,1
O=C([O-])c1ccccc1,-0.06944949949999998,1.0013651178227034,5,True,5,3
C=CC(=O)OCCOC,0.0439416783999999,0.0,1,False,0,1
C=CC(=O)OCC1CCCO1,-0.2954517157,0.0,1,False,0,1
O=c1c2ccccc2nc2n1CCC2O,-2.1,0.0,1,False,0,1
OC(Cc1ccccc1)c1ccccc1,-2.52,0.0,1,False,0,1
CC(CCC(=O)O)C1CCC2C3CCC4CC(O)CCC4(C)C3CC(O)C12C,-3.95,0.0,1,False,0,1
OC1[C@@H](O)[C@H](O)C[C@@H](O)[C@@H]1O,-0.1739,0.0,1,False,0,1
COC(=O)C1(S(=O)(=O)c2ccccc2)CCCC1,-2.5501,0.0,1,False,0,1
c1ccc2cc3c(cc2c1)-c1cccc2cccc-3c12,-8.4989,0.0,1,False,0,1
NC(=O)Nc1cc(Nc2nc(Cl)nc(Nc3ccc(-c4ccc(Nc5nc(Cl)nc(Nc6ccc(N=Nc7cc8c(S(=O)(=O)[O-])cc(S(=O)(=O)[O-])cc8cc7S(=O)(=O)[O-])c(NC(N)=O)c6)n5)cc4S(=O)(=O)[O-])c(S(=O)(=O)[O-])c3)n2)ccc1N=Nc1cc2c(S(=O)(=O)[O-])cc(S(=O)(=O)[O-])cc2cc1S(=O)(=O)[O-],-1.4981682805,0.0,1,True,1,9
CCOC(=O)CNC(C)=CC(C)=O,-0.59,0.0,1,False,0,1
CCOc1cc(N=Nc2cc([N+](=O)[O-])cc([N+](=O)[O-])c2Br)c(NC(C)=O)cc1N(CCOC(C)=O)CCOC(C)=O,-8.8336,0.0,1,False,0,1
Nc1cccc2c(N)cccc12,-2.7678536958,0.0,1,False,0,1
O=C1c2c(Cl)c(Cl)c(Cl)c(Cl)c2C(=O)C1c1ccc2cccc(N3C(=O)c4c(Cl)c(Cl)c(Cl)c(Cl)c4C3=O)c2n1,-7.7273960926,0.0,1,False,0,1
CCC(=O)OC(C)C,-1.2906,0.0,1,False,0,1
CC(=O)c1cccs1,-0.9549,0.0,1,False,0,1
COc1cc(C=O)cc([N+](=O)[O-])c1O,-2.4496899299,0.0,1,False,0,1
Nc1ccc2c(O)cc(S(=O)(=O)O)cc2c1,-2.6798855726,0.0,1,False,0,1
Nc1ccc(S(=O)(=O)c2ccc(N)cc2)cc1,-3.094,0.0,1,False,0,1
CCCCCCCC/C=C\CCCCCCCC(=O)O,-4.609610813,0.28216866491535125,2,True,2,2
BrC=CBr,-1.32,0.0,1,False,0,1
CC1(C)CCC(Cc2ccc(Cl)cc2)C1(O)Cn1cncn1,-4.3288,0.0,1,False,0,1
COC(=O)CC(C(C)=O)C(=O)OC,-0.5248348408,0.0,1,False,0,1
C=C(C)C(=O)OCC1CO1,-0.4537890803,0.0,1,False,0,1
NC(CO)C(=O)O,-0.02,0.0,1,False,0,1
Cc1cc(C)c(S(=O)(=O)N=c2sc(S(N)(=O)=O)nn2C)c(C)c1,-3.0,0.0,1,False,0,1
CCCCN(CCCC)c1ccc2c(c1)Oc1cc(C)c(Nc3ccccc3)cc1C21OC(=O)c2ccccc21,-7.4042503575,0.0,1,False,0,1
O=C(O)C(SCCSC(C(=O)O)c1ccccc1)c1ccccc1,-3.41,0.0,1,False,0,1
CC(C)c1ccc(C(C)CC=O)cc1,-3.4598629013999997,0.0,1,False,0,1
CC(=O)OC[C@@H](OC(C)=O)[C@@H](OC(C)=O)[C@H](OC(C)=O)[C@H](C=O)OC(C)=O,-2.4154,0.0,1,False,0,1
CCCCCC1C(=O)CCC1CC(=O)OC,-2.9076,0.0,1,False,0,1
O=C(O)Cn1ccc2cc3c(Nc4cccc(Br)c4)ncnc3cc21,-1.96,0.0,1,False,0,1
Cc1cn(C2CC(O)C(CO)O2)c(=O)[nH]c1=O,-0.7420620876999999,0.0,1,False,0,1
COc1ccc2[nH]c([S+]([O-])Cc3ncc(C)c(OC)c3C)nc2c1,-4.28,0.0,1,False,0,1
Nc1cc([N+](=O)[O-])ccc1O,-2.2056018566,0.0,1,False,0,1
NCCCCCCNC(=O)O,-0.0952988049,0.0,1,False,0,1
Cc1cccc(CO)c1,-0.3879999999999999,0.0,1,False,0,1
CCN1c2ncccc2C(=O)N(C)c2ccc(Cl)nc21,-4.114,0.0,1,False,0,1
COC(=O)Oc1ccc(NC(C)=O)cc1,-1.69,0.0,1,False,0,1
COCC(=O)N(c1c(C)cccc1C)N1CCOC1=O,-1.913,0.0,1,False,0,1
C=CCOCC(CC)(CO)COCC=C,-1.7182484471,0.0,1,False,0,1
Nc1nc(-c2ccc3ccccc3c2)cs1,-4.849542252,0.0,1,False,0,1
CCCCCC(=O)NNC(=O)c1ccncc1,-1.24,0.0,1,False,0,1
CCN(CC)c1nc(Cl)nc(N(CC)CC)n1,-4.4112,0.0,1,False,0,1
N#CCC(N)=O,0.1893,0.0,1,False,0,1
CN(C)S(=O)(=O)N=c1sc(S(N)(=O)=O)nn1C,-2.7,0.0,1,False,0,1
CC(=O)C1(C)CO1,0.3797,0.0,1,False,0,1
O=C(CO)C(O)C(O)C(O)CO,0.32,0.0,1,False,0,1
O=S(=O)(Cl)c1ccc(I)cc1,-4.2686,0.0,1,False,0,1
COP(=S)(OC)SCn1nnc2ccccc2c1=O,-4.04,0.0,1,False,0,1
CC(C)CC(NC(=O)CC(O)C(CC(C)C)NC(=O)C(Cc1c[nH]cn1)NC(=O)C(Cc1ccccc1)NC(=O)OC(C)(C)C)C(=O)NCc1cccc(CN)c1,-2.85,0.0,1,False,0,1
NCCNCCNCCNCCNCCN,0.3327787326,0.0,1,False,0,1
Oc1cccc2cccnc12,-2.3496052546,0.0,1,False,0,1
O=[N+]([O-])OC1CCCC(O[N+](=O)[O-])C1,-2.33,0.0,1,False,0,1
CCCCC(CC)COCOCC(CC)CCCC,-5.4353234735,0.0,1,False,0,1
CCCCNC(=O)COC(=O)c1ccccc1,-2.7588,0.0,1,False,0,1
O=C(O)c1ccnc(C(=O)O)c1C(=O)O,-1.245,0.0,1,False,0,1
CCC[C@@H](N)C(=O)O,-0.0687,0.0,1,False,0,1
O=c1c2ccccc2[nH]c2cc3c(=O)c4ccccc4[nH]c3cc12,-7.481773695499999,0.0,1,False,0,1
Cc1c(Nc2ccc(Br)cc2F)c(C(=O)NOCCO)cn(C)c1=O,-2.96,0.0,1,False,0,1
CCCCOC(=O)CCO,-1.2899,0.0,1,False,0,1
CC(C)=C[C@@H]1[C@@H](C(=O)OCN2C(=O)C3=C(CCCC3)C2=O)C1(C)C,-4.8580000000000005,0.0,1,False,0,1
Cc1ncnc2nccnc12,-0.4658,0.0,1,False,0,1
COc1ccc2cc(C(C)C(=O)OC3CCCCC3=O)ccc2c1,-5.59,0.0,1,False,0,1
CCOc1ccc(N=C=S)cc1,-4.26,0.0,1,False,0,1
COC(C)(C)C,-0.3235268543,0.0,1,False,0,1
CC1(C)NC(=O)N(Cc2ccccc2)C1=O,-1.8,0.0,1,False,0,1
Clc1cc(Cl)c(-c2c(Cl)cc(Cl)c(Cl)c2Cl)cc1Cl,-7.92,0.0,1,False,0,1
c1cc(N(CC2CO2)CC2CO2)ccc1OCC1CO1,-1.9192347247,0.0,1,False,0,1
CC1CCOC1,0.0901312493,0.0,1,False,0,1
C/C=C(\Cl)C(=O)O,0.9189,0.0,1,False,0,1
COP(=O)(OC)C(O)C(Cl)(Cl)Cl,-0.3315,0.0,1,False,0,1
CC(=O)OC[C@H]1O[C@H](O[C@]2(COC(C)=O)O[C@H](COC(=O)C(C)C)[C@@H](OC(=O)C(C)C)[C@@H]2OC(=O)C(C)C)[C@H](OC(=O)C(C)C)[C@@H](OC(=O)C(C)C)[C@@H]1OC(=O)C(C)C,-6.0735348087,0.0,1,False,0,1
CC(=O)Nc1cccc(C)c1,-2.0909999999999997,0.0,1,False,0,1
O=C(CO)CO,1.0138642136,0.0,1,False,0,1
CC(C)OC(=O)CCC(=O)OC(C)C,-1.7293168462,0.0,1,False,0,1
CC(C)(Sc1c(C(C)(C)C)cc(O)cc1C(C)(C)C)Sc1c(C(C)(C)C)cc(O)cc1C(C)(C)C,-8.17,0.0,1,False,0,1
C=CCCCN=C=S,-2.9004,0.0,1,False,0,1
Clc1ccc(Oc2cc(Cl)c(Cl)c(Cl)c2)c(Cl)c1,-7.89,0.0,1,False,0,1
CCCCCCCCCCCCCCCCOP(=O)([O-])O,-3.2602593536,0.0,1,True,1,2
O=[N+](O)OCCCCO[N+](=O)O,-1.68,0.0,1,False,0,1
Clc1ccccc1-c1cccc(Cl)c1Cl,-5.944,0.0,1,False,0,1
CCN(CC)c1ccc2c(C#N)c(-c3nc4ccccc4s3)c(=O)oc2c1,-8.0974343241,0.0,1,False,0,1
COC(=O)c1cc(C)ccc1C1=NC(C)(C(C)C)C(=O)N1,-2.3262,0.0,1,False,0,1
COC(=O)/C(=C/c1ccccc1)S(=O)(=O)c1ccc([N+](=O)[O-])cc1,-4.57,0.0,1,False,0,1
CC[N+](CC)(CC)Cc1ccccc1,-0.0072656636,0.0,1,True,1,2
c1ccc(-c2ncc[nH]2)cc1,-1.8893830404,0.0,1,False,0,1
CCOc1ccc(NS(=O)(=O)c2ccc(N)cc2)nn1,-2.427,0.0,1,False,0,1
COc1ccc(Oc2ccc(NC(=O)N(C)C)cc2)cc1,-4.1558,0.0,1,False,0,1
CCCCCCCCCC(=O)O,-6.279989306342857,1.3469125434544984,7,True,6,5
Clc1cccc(-c2cccc(Cl)c2)c1,-5.7983,0.0,1,False,0,1
CC1(C)C(C=C(Br)Br)C1C(=O)OC(C#N)c1cccc(Oc2ccccc2)c1,-8.402000000000001,0.0,1,False,0,1
CCCCn1ccc(NS(=O)(=O)c2ccc(N)cc2)nc1=O,-3.09,0.0,1,False,0,1
Nc1ccc2c(O)cccc2c1S(=O)(=O)O,-2.06,0.0,1,False,0,1
CCCCCCCCCOC(=O)c1ccc(C(=O)OCCCCCCCCC)c(C(=O)OCCCCCCCCC)c1,-6.757182205,0.0,1,False,0,1
CC(C)CC(=O)CC(C)C,-2.4540578458,0.0,1,False,0,1
CCc1cccc(C)n1,-0.8234,0.0,1,False,0,1
Nc1nc(=O)nc(N)[nH]1,-3.2291,0.0,1,False,0,1
O=[N+]([O-])c1cc([N+](=O)[O-])c2ccccc2c1Cl,-5.4,0.0,1,False,0,1
O=[N+]([O-])c1cc(N(CCO)CCO)ccc1NCCO,-1.7953855716,0.0,1,False,0,1
O=c1ncnc2[nH][nH]cc1-2,-2.3788,0.0,1,False,0,1
C[C@]12CCC(=O)C=C1CC[C@@H]1[C@@H]2CC[C@@]2(C)[C@H]1CC[C@]2(C)O,-3.9505,0.0,1,False,0,1
Cc1ncc(CN)c(N)n1,0.4903065627,0.0,1,False,0,1
CC(C)OC(=O)[C@H](C)N(C(=O)c1ccccc1)c1ccc(F)c(Cl)c1,-4.561,0.0,1,False,0,1
CCCCC(CC)COC(=O)CS,-4.635481621399999,0.0,1,False,0,1
c1ccc(C2CO2)cc1,-1.9065411213,0.0,1,False,0,1
Clc1cc(Cl)c(-c2c(Cl)c(Cl)cc(Cl)c2Cl)c(Cl)c1Cl,-9.1999,0.0,1,False,0,1
CC(C)(NC(=O)c1ccccc1)C(N)=O,-1.6154,0.0,1,False,0,1
COc1ccc(O)c([N+](=O)[O-])c1,-2.8409,0.0,1,False,0,1
CC(C)OC(=O)c1cc(-c2nn(C)c(C(F)(F)F)c2Br)c(F)cc1Cl,-6.9227,0.0,1,False,0,1
NC(N)=NCCS(=O)(=O)O,-0.6321,0.0,1,False,0,1
CCCC(C)(O)CCC,-1.5867,0.0,1,False,0,1
CC(=O)Oc1ccc(-c2ccccc2)cc1,-4.4,0.0,1,False,0,1
N[C@@H](Cc1cc(Cl)c(O)c(Cl)c1)C(=O)O,-0.7959999999999999,0.0,1,False,0,1
FC(F)(F)CCl,-1.1098,0.0,1,False,0,1
COC(=O)c1c(Cl)nn(C)c1S(=O)(=O)NC(=O)Nc1nc(OC)cc(OC)n1,-4.4642,0.0,1,False,0,1
N#CC(=C1CCCCC1)c1ccccc1,-4.4200239973,0.0,1,False,0,1
O=C(O)c1cccc2cccc([N+](=O)[O-])c12,-2.7501,0.0,1,False,0,1
CCc1cnc(C2=NC(C)(C(C)C)C(=O)N2)c(C(=O)O)c1,-2.3153,0.0,1,False,0,1
COc1ccc2c(c1OC)C(=O)OC2C1c2cc3c(cc2CCN1C)OCO3,-4.1065,0.0,1,False,0,1
Nc1ccc(CC(=O)c2ccccc2)cc1,-1.805,0.0,1,False,0,1
CNc1ccc(S(=O)(=O)N(C)C)cc1,-3.08,0.0,1,False,0,1
Clc1ccc(Oc2cc(Cl)cc(Cl)c2Cl)c(Cl)c1,-7.64,0.0,1,False,0,1
COc1ccc(S(=O)(=O)O)cc1N,-0.8997243446,0.0,1,False,0,1
COc1cc(O)c2c(=O)c3cc(O)ccc3oc2c1,-2.93,0.0,1,False,0,1
O=C(O)COc1cccc(Cl)c1,-2.1954,0.0,1,False,0,1
CC=CCC,-2.54,0.0,1,False,0,1
CC(C)(C)C(C)(C)C,-4.87,0.0,1,False,0,1
CC(C)(C)c1ccccc1,-3.658,0.0,1,False,0,1
CCN(CC)C(=O)CCC(=O)O,-0.7937,0.0,1,False,0,1
O=C(Nc1ccccc1)N(Cc1ccc(Cl)cc1)C1CCCC1,-5.915,0.0,1,False,0,1
C[Si](C)(C)N[Si](C)(C)C,-2.2100723772,0.0,1,False,0,1
NS(=O)(=O)c1ccc(CCCCCO)cc1,-1.9712,0.0,1,False,0,1
CN(C)c1ccccc1,-1.9220736974,0.0,1,False,0,1
Nc1c(S(=O)(=O)O)cc(S(=O)(=O)O)c2ccc(S(=O)(=O)O)cc12,-0.3188,0.0,1,False,0,1
COCCCCC(=O)c1ccc(C(F)(F)F)cc1,-3.5440597007999997,0.0,1,False,0,1
O=C1COc2ccccc2N1,-2.5716,0.0,1,False,0,1
c1ccc2c(c1)ccc1ncccc12,-3.3574,0.0,1,False,0,1
COC1=CCC2=C(CCC3C2CCC2(C)C(=O)CCC32)C1,-4.9798745042000006,0.0,1,False,0,1
CCCCCC1CCCC(=O)O1,-1.6290322311,0.0,1,False,0,1
CC(=O)CCC1C(=O)N(c2ccccc2)N(c2ccccc2)C1=O,-3.2676,0.0,1,False,0,1
CCCC(=O)OCC,-1.36,0.0,1,False,0,1
CCn1cc(C(=O)OCOC(C)=O)c(=O)c2ccc(C)nc21,-2.49,0.0,1,False,0,1
CCOc1ccc(N(C(C)=O)C(C)=O)cc1,-1.947,0.0,1,False,0,1
O=C(OCC([N+](=O)[O-])([N+](=O)[O-])[N+](=O)[O-])c1ccccc1C(=O)OCC([N+](=O)[O-])([N+](=O)[O-])[N+](=O)[O-],-3.5782,0.0,1,False,0,1
Oc1ccc2c(c1)Sc1ccccc1N2,-2.5748,0.0,1,False,0,1
C=CC(=O)OCCCCO,0.8411251015000001,0.0,1,False,0,1
NS(=O)(=O)c1cc2c(s1)S(=O)(=O)CCC2=O,-3.02,0.0,1,False,0,1
SC1CCCCC1,-3.3672139557,0.0,1,False,0,1
CN(C)c1cnc2cncnc2n1,-0.09,0.0,1,False,0,1
CC(C)CC1(CCO)C(=O)NC(=S)NC1=O,-2.62,0.0,1,False,0,1
OC(Cn1cncn1)(Cn1cncn1)c1ccc(F)cc1F,-1.8,0.0,1,False,0,1
O=c1[nH]c(CN2CCCC2)c(Cl)c(=O)[nH]1,-1.54,0.0,1,False,0,1
Cc1ccc(N=CN(C)C=Nc2ccc(C)cc2C)c(C)c1,-5.4675,0.0,1,False,0,1
COCC(C)N(C(=O)CCl)c1c(C)csc1C,-2.3614,0.0,1,False,0,1
CCCCCCCCC(CO)CCCCCC,-5.3846168146,0.0,1,False,0,1
Cc1c(NC(N)=O)c(=O)n(-c2ccccc2)n1C,-1.52,0.0,1,False,0,1
CCN1CCn2c(nc3ccccc3c2=O)C1C,-2.5,0.0,1,False,0,1
CCCCOP(=O)(OCCCC)OCCCC,-2.85,0.0,1,False,0,1
Nc1ccc(N=Nc2ccccc2)c(N)n1,-4.24,0.0,1,False,0,1
N#CC(C#N)=NNc1cccc(O)c1,-2.95,0.0,1,False,0,1
CC1OCC(c2ccccc2)O1,-1.805450609,0.0,1,False,0,1
COc1c2occc2cc2ccc(=O)oc12,-3.52,0.0,1,False,0,1
CO[C@H]1C[C@H](OC2/C(C)=C/C[C@@H]3C[C@@H](C[C@]4(C=C[C@H](C)[C@@H](C5CCCCC5)O4)O3)OC(=O)[C@@H]3C=C(C)[C@@H](O)[C@H]4OC/C(=C\C=C\[C@@H]2C)[C@]43O)O[C@@H](C)C1O[C@H]1C[C@H](OC)[C@@H](O)[C@H](C)O1,-7.5558815137,0.0,1,False,0,1
CC(C)[C@@H]1CC[C@@H](C)C[C@H]1OC(=O)[C@H](C)O,-2.9799872046,0.0,1,False,0,1
CCOP(=O)(OCC)O/C(=C\Cl)c1ccc(Cl)cc1Cl,-3.4624,0.0,1,False,0,1
CC(C)(C)OOC(=O)c1ccccc1,-2.7764329492,0.0,1,False,0,1
CCCCCCBr,-3.8078,0.0,1,False,0,1
CCCCCCCCCCCC(=O)OCCS(=O)(=O)[O-],-2.4084792453,0.0,1,True,1,2
CCCC(=O)OCC1OC(n2cc(I)c(=O)[nH]c2=O)CC1O,-2.84,0.0,1,False,0,1
Cc1ccc([N+](=O)[O-])cc1O,-2.1851,0.0,1,False,0,1
O=c1n(CCO)c(=O)n(CCO)c(=O)n1CCO,0.3403663284,0.0,1,False,0,1
NS(=O)(=O)c1cc(C(=O)c2ccc(CNCc3ccccc3)cc2)cs1,-3.37,0.0,1,False,0,1
CC(=O)CSC#N,-0.2162,0.0,1,False,0,1
O=C(Cc1ccccc1)c1ccc(O)cc1,-1.5008,0.0,1,False,0,1
O=C(/C=C/c1ccccc1)OCCc1ccccc1,-5.4019396274,0.0,1,False,0,1
C=CC(=O)OCCOc1ccccc1-c1ccccc1,-3.9515188418,0.0,1,False,0,1
Cc1cc(Cc2cc(C)c(O)c(C)c2)cc(C)c1O,-3.4088248510000003,0.0,1,False,0,1
O=C(O)/C=C/C(=O)O,-1.2196294277,0.0,1,False,0,1
CC(=O)Nc1cccc(Nc2cc(S(=O)(=O)[O-])c(N)c3c2C(=O)c2ccccc2C3=O)c1,-4.3079108614,0.0,1,True,1,2
CCCCCN,1.0597,0.0,1,False,0,1
CCOC(=O)[C@H](Cc1ccc(O)cc1)NC(C)=O,-1.8586,0.0,1,False,0,1
O=c1[nH]ccc2cccnc12,-1.1428,0.0,1,False,0,1
O=C1CCCCCN1,0.8601209136,0.0,1,False,0,1
C=CC(=O)[O-],0.7150841112,0.0,1,True,1,2
FC(F)C(F)(F)F,-1.4164957907,0.0,1,False,0,1
CC1CCC(C)CC1,-4.4657,0.0,1,False,0,1
CCCCOC(=O)CCC(C)=O,-1.306674746,0.0,1,False,0,1
Cc1cc(C)cc(O)c1,-1.6841468502999999,0.4188376540570424,2,True,1,6
CCOP(=S)(OCC)OP(=S)(OCC)OCC,-4.0312,0.0,1,False,0,1
CN(C)C(=O)CCOC(=O)c1ccccc1,-1.0994,0.0,1,False,0,1
O=C(O)C1=CC(Nc2nc(NC3(S(=O)(=O)[O-])C=C(C(=O)O)C(O)=CC3)nc(NC3(S(=O)(=O)[O-])C=C(C(=O)O)C(O)=CC3)n2)(S(=O)(=O)[O-])CC=C1O,-0.6896460114,0.0,1,True,1,4
CC(C)(C)C(O)/C(=C\c1ccc(Cl)cc1Cl)n1cncn1,-4.9115,0.0,1,False,0,1
CCOC(=O)CCN(Cc1ccccc1)SN(C)C(=O)O/N=C(/C)SC,-4.3005,0.0,1,False,0,1
C[C@]12C=CC(=O)C=C1CC[C@H]1[C@@H]3C[C@@H](O)[C@](O)(C(=O)CO)[C@@]3(C)C[C@H](O)[C@@]12F,-3.6929,0.0,1,False,0,1
O=C(O)c1cccc(N=C=S)c1,-3.25,0.0,1,False,0,1
COc1cccc(OCC(O)CO)c1OC,-3.0,0.0,1,False,0,1
Cc1cc(C)nc(NC(=O)NS(=O)(=O)c2ccccc2C(=O)OC2COC2)n1,-3.893,0.0,1,False,0,1
CCCCCBr,-3.0753,0.0,1,False,0,1
COP(=S)(OC)Oc1ccc([N+](=O)[O-])c(C)c1,-4.04,0.0,1,False,0,1
CCOC(=O)c1ccnc(C(=O)OCC)c1,-1.2184148997,0.0,1,False,0,1
CCC1(CC(C)=O)C(=O)NC(=O)NC1=O,-0.7661,0.0,1,False,0,1
N#CCCNC(Cc1ccccc1)C(=O)O,-1.49,0.0,1,False,0,1
CC(N)C(=O)O,0.2678986156,0.0,1,False,0,1
CC(=O)OC/C=C(C)/C=C/C=C(C)/C=C/C1=C(C)CCCC1(C)C,-7.5165300857,0.0,1,False,0,1
Clc1cc(-c2cc(Cl)c(Cl)c(Cl)c2)cc(Cl)c1Cl,-8.8498,0.0,1,False,0,1
Cc1ccc(C)c(C)n1,-0.5893,0.0,1,False,0,1
O=P(O)(O)c1cccc2ccccc12,-1.6194,0.0,1,False,0,1
CCCCCCCC(=O)OCC(C)(C)COC(=O)CCCCCCC,-6.8531467823000005,0.0,1,False,0,1
CNC,1.5618592959500002,0.005457868673701648,2,True,1,3
CCCC(=O)CCC,-1.48,0.0,1,False,0,1
NC(=CC(=O)[C@@H](Cc1ccccc1)N(Cc1ccccc1)Cc1ccccc1)Cc1ccccc1,-7.6633437338,0.0,1,False,0,1
Nc1ccc(S(=O)(=O)Nc2ccnn2-c2ccccc2)cc1,-2.3213,0.0,1,False,0,1
CCCCCCCC(=O)SCCC[Si](OCC)(OCC)OCC,-5.8326804614,0.0,1,False,0,1
Cn1c([N+](=O)[O-])cnc1COC(N)=O,-1.8433,0.0,1,False,0,1
Cc1ccc(C)c2c(C)cccc12,-4.92,0.0,1,False,0,1
CN(C)Cc1cc(C(=O)c2csc(S(N)(=O)=O)c2)ccc1O,-1.54,0.0,1,False,0,1
Nc1ccc2c(c1)C(=O)OC2,-2.0414,0.0,1,False,0,1
Clc1ccc(Cl)c(-c2c(Cl)cc(Cl)c(Cl)c2Cl)c1,-8.01,0.0,1,False,0,1
CCC1OC(=O)c2ccccc21,-1.747,0.0,1,False,0,1
Clc1ccccc1-c1cc(Cl)c(Cl)c(Cl)c1Cl,-7.5226,0.0,1,False,0,1
CC1OC1C,0.3972950779,0.0,1,False,0,1
COc1cc2c(N)nc(N3CCN(C(=O)OCC(C)(C)O)CC3)nc2c(OC)c1OC,-3.64,0.0,1,False,0,1
CCCCCC(=O)NCCNC(=O)CCCCC,-3.1079,0.0,1,False,0,1
Nc1c(Cl)cc(Cl)cc1Cl,-3.6912,0.0,1,False,0,1
CCCN(CCC)c1c([N+](=O)[O-])cc(S(C)(=O)=O)cc1[N+](=O)[O-],-5.7601,0.0,1,False,0,1
CC(Cl)[N+](=O)[O-],-1.4374,0.0,1,False,0,1
CC[C@@H](C)[C@H](N)C(=O)O,-0.3895,0.0,1,False,0,1
CCCCCCCCCc1cc2ccccc2c(S(=O)(=O)[O-])c1CCCCCCCCC,-4.7314485684,0.08057573836923637,2,True,2,3
O=C([O-])C(O)C(O)C(O)C(O)CO,0.4321,0.0,1,True,1,2
NC(=O)c1nc(-c2ccccc2)n(-c2ccc(Cl)c(COCC(F)(F)C(F)(F)F)c2)n1,-5.6635,0.0,1,False,0,1
C=COCC,-0.858,0.0,1,False,0,1
CCOP(=O)(Cc1ccc(-c2nc3ccccc3s2)cc1)N1CCCC1=O,-3.73,0.0,1,False,0,1
CCCCNCC,-0.4405,0.0,1,False,0,1
Nc1ccc(S(=O)(=O)O)cc1,-1.1412730253,0.0,1,False,0,1
CCN(CC)CCCC(C)Nc1ccnc2cc(Cl)ccc12,-2.83,0.0,1,False,0,1
C=CCc1ccc2cncnc2c1O,-3.62,0.0,1,False,0,1
COc1ccc(C(c2ccc(OC)cc2)C(Cl)(Cl)Cl)cc1,-6.5386,0.0,1,False,0,1
O=C(O)CCCc1c[nH]c2ccccc12,-2.9101,0.0,1,False,0,1
C=CCN(CC=C)C(=O)COC(=O)c1ccccc1,-2.5626,0.0,1,False,0,1
CC(C)(C)CC(C)(C)c1ccc(Nc2ccc(C(C)(C)CC(C)(C)C)cc2)cc1,-6.5951201849,0.0,1,False,0,1
CC(Cc1ccc(C(C)(C)C)cc1)CN1CC(C)OC(C)C1,-2.4821,0.0,1,False,0,1
CC12CCC(C(CO)C1=O)C2(C)C,-0.215,0.0,1,False,0,1
OCc1cc(O)ccc1O,0.8534,0.0,1,False,0,1
CC(C)(C)c1ccc(C(O)CCCN2CCC(C(O)(c3ccccc3)c3ccccc3)CC2)cc1,-6.69,0.0,1,False,0,1
CCCCCCCC(=O)OCC,-3.3907,0.0,1,False,0,1
Cc1ccc(OP(=O)(Oc2ccccc2)Oc2ccccc2)cc1,-6.1517,0.0,1,False,0,1
O=C1CCCCCN1C(=O)Nc1ccc(Cc2ccc(NC(=O)N3CCCCCC3=O)cc2)cc1,-7.763261261599999,0.0,1,False,0,1
OC1CSC(O)CS1,-1.4690382322,0.0,1,False,0,1
COc1cc(S(=O)(=O)CCOS(=O)(=O)[O-])c(OC)cc1N=NC1C(=O)N(c2ccc(S(=O)(=O)[O-])cc2)N=C1C,-0.0898430335,0.0,1,True,1,3
CC(=O)Nc1ccccc1[N+](=O)[O-],-1.9093,0.0,1,False,0,1
O=C1CCCCCNC(=O)CCCCCNC(=O)CCCCCNC(=O)CCCCCN1,-2.8126,0.0,1,False,0,1
COC(=O)/C=C/c1ccccc1,-2.7343475301,0.0,1,False,0,1
Oc1cc(Cl)ccc1Cl,-1.9111656018,0.0,1,False,0,1
CC(=O)C(=O)Nc1ccccc1,-1.3676,0.0,1,False,0,1
CN(C)P(=O)(N(C)C)n1nc(-c2ccccc2)nc1N,-3.0709,0.0,1,False,0,1
N#C/C(=N\OCC1OCCO1)c1ccccc1,-4.0649,0.0,1,False,0,1
O=C(O)c1ccc2ccccc2c1,-3.5639,0.0,1,False,0,1
NCC(=O)NCC(=O)Nc1c(S(N)(=O)=O)cc(S(N)(=O)=O)c(Cl)c1Cl,-1.23,0.0,1,False,0,1
NC(=O)NO,1.1189,0.0,1,False,0,1
CCOP(=S)(OCC)SCn1nnc2ccccc2c1=O,-4.5171,0.0,1,False,0,1
NC(CO)CO,0.9744271172,0.0,1,False,0,1
CC(=O)OC1c2ccccc2N(C(N)=O)c2ccccc2C1OC(C)=O,-3.55,0.0,1,False,0,1
COC(=O)c1ccc(C(F)(F)F)nc1S(=O)(=O)NC(=O)Nc1nc(OC)cc(OC)n1,-3.89,0.0,1,False,0,1
COc1ccc([N+](=O)[O-])cc1OC(C)=O,-2.9466040673,0.0,1,False,0,1
COc1ccc(C(=O)Nc2ccccc2)cc1N/N=C1\C(=O)C(C(=O)Nc2ccc3[nH]c(=O)[nH]c3c2)=Cc2ccccc21,-8.4790833317,0.0,1,False,0,1
BrC(Br)Br,-1.9113,0.0,1,False,0,1
CCCCCCCCCCCCCCCCCCOCCCCCCCCCCCCCCCCCC,-7.0195208893,0.0,1,False,0,1
Cc1cc(C(C)(C)C)cc(C)c1CC#N,-4.7018118294999995,0.0,1,False,0,1
CCCCCCCCCCNCC(O)CO,-3.11,0.0,1,False,0,1
CCCC(=O)N(C)c1ccc(S(=O)(=O)N(C)C)cc1,-2.16,0.0,1,False,0,1
CCOC(=O)C(C)Oc1ccc(Oc2nc3ccc(Cl)cc3o2)cc1,-5.6042,0.0,1,False,0,1
COC(=O)C1(S(=O)(=O)c2ccc(C)cc2)CC1,-2.8803,0.0,1,False,0,1
Nc1nc(N)nc(Nc2nc(N)nc(N)n2)n1,-4.2253369782,0.0,1,False,0,1
Clc1ccc(-c2ccc(Cl)cc2Cl)c(Cl)c1,-6.51,0.0,1,False,0,1
Clc1c(Cl)c(Cl)c2nccnc2c1Cl,-5.428,0.0,1,False,0,1
CC(C)(C)c1cc([N+](=O)[O-])cc([N+](=O)[O-])c1O,-4.7274,0.0,1,False,0,1
C=COC(=O)CCCCCCCCCCCCCCCCC,-6.15,0.0,1,False,0,1
CCN1c2cc(N(C)C)cc(C)c2NC(=O)c2cccnc21,-4.871,0.0,1,False,0,1
CCOP(=S)([S-])OCC,0.6814775579000001,0.0,1,True,1,2
CC(=O)OC/C=C(\C)CCC=C(C)C,-3.8305001771,0.0,1,False,0,1
Cc1ccc(N=c2sccn2C)c(C)c1,-3.1630000000000003,0.0,1,False,0,1
Clc1ccccc1-c1c(Cl)ccc(Cl)c1Cl,-6.3001,0.0,1,False,0,1
Cc1ccc2c3c1CCCC3CN(C(N)=NO)C2,-1.2,0.0,1,False,0,1
CN(C)c1nc2ncncc2[nH]1,-1.3885,0.0,1,False,0,1
O=C([O-])c1ccc[n+](Cc2ccccc2)c1,0.5192202667,0.0,1,True,1,3
Cn1c(=O)c2ncnnc2n(C)c1=O,-1.9849,0.0,1,False,0,1
CCC(CC)Nc1c([N+](=O)[O-])cc(C)c(C)c1[N+](=O)[O-],-5.9721,0.0,1,False,0,1
COC(=O)C1(S(=O)(=O)c2ccc(Cl)cc2)CCC1,-2.9996,0.0,1,False,0,1
O=C(O)c1cccc(C(=O)O)c1C(=O)O,-0.8370000000000001,0.0,1,False,0,1
CCCCCCCCCCCC(=O)N(C)CC(=O)O,-2.7346414392,0.0,1,False,0,1
Cc1c(COC(=O)C2C(/C=C(\Cl)C(F)(F)F)C2(C)C)cccc1-c1ccccc1,-6.6262,0.0,1,False,0,1
NC(=O)Nc1cc(Nc2nc(Cl)nc(Nc3cccc(S(=O)(=O)CCOS(=O)(=O)[O-])c3)n2)ccc1N=Nc1cc2c(S(=O)(=O)[O-])cc(S(=O)(=O)[O-])cc2cc1S(=O)(=O)[O-],-0.4261364852,0.0,1,True,1,5
O=[N+]([O-])c1ccc(Cl)c(Cl)c1Cl,-3.94,0.0,1,False,0,1
CC1(C)CCCC2(C)C1CCC1(C)OCCC12,-5.0994877858,0.0,1,False,0,1
Cc1ccc([N+](=O)[O-])cc1Cl,-3.5442781768,0.0,1,False,0,1
C=CCOC1=NS(=O)(=O)c2ccccc21,-3.1727,0.0,1,False,0,1
CCCCCCC(CC=CCCCCCCCC(=O)O)OS(=O)(=O)O,-0.5781,0.0,1,False,0,1
Cc1cc(O)c(Cl)c(C)c1Cl,-2.9801,0.0,1,False,0,1
C[Si](C)(O)O[Si](C)(C)O,-0.1796,0.0,1,False,0,1
NS(=O)(=O)c1ccc(Nc2ccnc(NS(=O)(=O)c3cccc(C(F)(F)F)c3)n2)cc1,-1.82,0.0,1,False,0,1
Nc1ccc(N)c(S(=O)(=O)c2ccccc2C(=O)O)c1,-1.8395,0.0,1,False,0,1
O=C(CC(Cl)Cl)NC1=C(Cl)C(=O)c2ccccc2C1=O,-5.03,0.0,1,False,0,1
O=C(OCCc1ccccc1)c1ccccc1O,-4.4891053349000005,0.0,1,False,0,1
CC(=O)Nc1ccc(Br)cc1,-3.08,0.0,1,False,0,1
CC(C)CCCCCCCOCCCNCCCN,-3.2048809276,0.0,1,False,0,1
C/C=C/c1ccc(O)c(OC)c1,-2.3647374971,0.0,1,False,0,1
O=C(O)CCCc1ccc(N(CCCl)CCCl)cc1,-3.4,0.0,1,False,0,1
CCCCCCCCCCCCCCCCCC(=O)NCCCN(C)C,-4.5666142382,0.0,1,False,0,1
CC(N)=S,0.3363395335,0.0,1,False,0,1
CCOC(=S)SC(CC(N)=O)C(=O)O,-1.7,0.0,1,False,0,1
Nc1cccc2ccccc12,-1.9255,0.0,1,False,0,1
CCOC(=O)C(Cc1ccccc1)NC(C)=O,-1.86,0.0,1,False,0,1
CCCCC1C(=O)N(c2ccccc2)N(c2ccc(O)cc2)C1=O,-3.7329,0.0,1,False,0,1
CC1(O)CC(c2ccccc2)c2c(c3ccccc3oc2=O)O1,-4.74,0.0,1,False,0,1
CS(=O)(=O)c1ccc(C(=N)N)cc1,-1.38,0.0,1,False,0,1
C=COC,-0.5310304973,0.0,1,False,0,1
FC(Cl)C(F)(F)F,-1.959,0.0,1,False,0,1
Cc1ccc(C(=O)O)c(C)c1,-2.97,0.0,1,False,0,1
CC1(C)C(O)C(C)(C)C1O,-0.3736775878,0.0,1,False,0,1
O=C1CC[C@@H](C(=O)[O-])N1,0.6082046329,0.0,1,True,1,2
CCCCOC(=O)c1ccccc1,-3.4801,0.0,1,False,0,1
CCCCN(CCOC(C)=O)c1ccc(N=Nc2c(C#N)cc([N+](=O)[O-])cc2C#N)c(C)c1,-8.8809,0.0,1,False,0,1
c1ccc2scnc2c1,-1.6538265258000002,0.0,1,False,0,1
Cc1ccccc1NC(=O)CC(=O)CN=Nc1ccc(S(=O)(=O)[O-])cc1[N+](=O)[O-],-7.7398036692,0.0,1,True,1,3
CCCCCCCCCCCC=O,-5.0614595476,0.0,1,False,0,1
CC(=O)Oc1ccccc1C(=O)Oc1ccccc1,-4.1077,0.0,1,False,0,1
C1CCCCC1,-3.1,0.0,1,False,0,1
COc1c(Cl)cc(Cl)c(Cl)c1Cl,-5.13,0.0,1,False,0,1
CC(=O)CC(C)(C)c1ccccc1,-2.337666283,0.0,1,False,0,1
Oc1ccc2c(c1)CCCC2,-1.9948,0.0,1,False,0,1
C=Cc1ccc(C)cc1,-3.1232,0.0,1,False,0,1
C=C(C)CN(CC)c1c([N+](=O)[O-])cc(C(F)(F)F)cc1[N+](=O)[O-],-6.124,0.0,1,False,0,1
CCCCOCCOC(N)=O,-0.5084,0.0,1,False,0,1
S=C=Nc1cccc(N=C=S)c1,-4.7,0.0,1,False,0,1
CC(C)(C)C(=O)Oc1ccc2nc(S(N)(=O)=O)sc2c1,-3.73,0.0,1,False,0,1
CCCCOP(=S)([S-])OCCCC,-2.5083839395,0.0,1,True,1,3
CC(C)(C)C(O)C(Oc1ccc(-c2ccccc2)cc1)n1cncn1,-4.8292,0.0,1,False,0,1
CCC(=O)OCCC(C)C,-2.8700736410000003,0.0,1,False,0,1
Nc1ccc(Cl)cc1O,-2.3906599281,0.0,1,False,0,1
O=C(c1ccccc1)n1ncc2c(=O)[nH]cnc21,-4.23,0.0,1,False,0,1
O=C(O)/C=C\c1ccc2c(c1)OCO2,-3.8523,0.0,1,False,0,1
CNC(=O)O/N=C/C1(C)SCC(C)S1,-2.3698,0.0,1,False,0,1
O=C(O)C(=O)O,-0.11416610784999999,0.27320246841054513,2,True,1,3
OCCOCCOCCO,0.8234052513,0.0,1,False,0,1
O=C(O)c1cccc(Cl)c1,-2.5415,0.0,1,False,0,1
C[Si]([O-])(O)O,0.8786634333,0.0,1,True,1,2
NC(CCCCNC(=O)OCC1c2ccccc2-c2ccccc21)C(=O)O,-3.0,0.0,1,False,0,1
COC(=O)c1ccccc1N,-1.7338470451,0.0,1,False,0,1
C=C(Br)C(=O)Nc1ccc(NNC2=C3C(=O)C=C(S(=O)(=O)[O-])C=C3C=CC2=NC)c(S(=O)(=O)[O-])c1,-1.9476532093,0.0,1,True,1,3
CCCCOC,-0.9907,0.0,1,False,0,1
Cc1ccc(Cl)cc1NC(=O)c1cc2ccccc2cc1O,-5.2385590319,0.0,1,False,0,1
O=[N+]([O-])c1cccc(N=C=S)c1,-3.55,0.0,1,False,0,1
CCCCOP(=O)(O)OCCCC,-1.0872511921,0.0,1,False,0,1
CC(NC(=O)C(N)c1ccccc1)c1ccccc1,-1.66,0.0,1,False,0,1
N=C(N)NN=C1C=CC(=NNC(=N)N)c2ccccc21,-3.29,0.0,1,False,0,1
CC(C)(C)Br,-2.3586,0.0,1,False,0,1
CCCCO[N+](=O)[O-],-2.0268,0.0,1,False,0,1
O=C(O)c1ccco1,-0.4802,0.0,1,False,0,1
c1ccc2sccc2c1,-3.0138,0.0,1,False,0,1
CNc1nc(Cl)nc(NC(C)C)n1,-2.8896,0.0,1,False,0,1
CN(C)c1ncc2nccnc2n1,0.3586,0.0,1,False,0,1
CC(C)(c1ccc(O)cc1)c1ccc(O)cc1,-4.23863698258,0.9724172872948705,5,True,4,3
Cc1ccc2nc(-c3ccc(N)cc3)sc2c1S(=O)(=O)O,-4.3324994616,0.0,1,False,0,1
CCOC(=O)c1ccc(O)c(O)c1,-1.8556550616,0.0,1,False,0,1
COC(C)(C)C1CC=C(C)CC1,-3.2966135776,0.0,1,False,0,1
CN(C)c1nc(=O)n(C2CCCCC2)c(=O)n1C,-0.8834,0.0,1,False,0,1
NC(=O)N1c2ccccc2C=Cc2ccccc21,-3.29,0.0,1,False,0,1
Cc1cc(C)c(C)c(C)n1,-1.3069,0.0,1,False,0,1
O=C1NC(=O)C2(CCC2)C(=O)N1,-1.66,0.0,1,False,0,1
CC(=O)Oc1ccc(Br)cc1C(=O)O,-2.5895,0.0,1,False,0,1
CCCCCCCC/C=C\CCCCCCCC(=O)NC(CO)C(O)CCCCCCCCCCCCCCC,-6.4517618811,0.0,1,False,0,1
CN(C)CCCN1c2ccccc2Sc2ccc(C(F)(F)F)cc21,-5.3,0.0,1,False,0,1
COCC(C)OCC(C)OCC(C)O,0.6855,0.0,1,False,0,1
CCCCCCCCCCCC(=O)OCC(COC(C)=O)OC(C)=O,-6.378367614400001,0.0,1,False,0,1
CCC(=O)OC1CCC2(C)C(=CCC3C4CCC(=O)C4(C)CCC32)C1,-4.69,0.0,1,False,0,1
C#CCOC(=O)[C@@H](C)Oc1ccc(Oc2ncc(Cl)cc2F)cc1,-4.9417,0.0,1,False,0,1
c1c[nH]cn1,0.9683905422,0.0,1,False,0,1
CCCC(CC)(CC)CO,-2.419,0.0,1,False,0,1
O=C1c2ccccc2C(=O)c2cc(O)ccc21,-5.3093,0.0,1,False,0,1
CCOc1ccccc1/C=C\C(=O)O,-2.5234,0.0,1,False,0,1
C[C@]12CCC(=O)C=C1CC[C@@H]1[C@@H]2CC[C@@]2(C)[C@H]1CCC2(O)C#CCO,-3.526033775,0.0,1,False,0,1
CC(CCO[N+](=O)O)O[N+](=O)O,-1.66,0.0,1,False,0,1
Cc1nn(C)c(OCC(=O)c2ccccc2)c1C(=O)c1ccc(Cl)cc1Cl,-2.6514,0.0,1,False,0,1
Clc1cc(-c2c(Cl)c(Cl)c(Cl)c(Cl)c2Cl)cc(Cl)c1Cl,-9.6997,0.0,1,False,0,1
CN(C/C=C/C#CC(C)(C)C)Cc1cccc2ccccc12,-3.0922031264,1.9407861556597787,2,True,1,3
CC(C)(C)c1ccc(CSc2cnn(C(C)(C)C)c(=O)c2Cl)cc1,-7.483,0.0,1,False,0,1
CCC(C)(C)OOC1(OOC(C)(C)CC)CCCCC1,-5.4600374185,0.0,1,False,0,1
CCCCCCCCOC(=O)CCCCC(=O)OCCCCCCCC,-5.6768,0.0,1,False,0,1
Nc1ccc(S(=O)(=O)O)c2cc(S(=O)(=O)O)ccc12,-0.2592,0.0,1,False,0,1
NNc1ccccc1,0.07,0.0,1,False,0,1
CCCCCCCCCCCCOP(=O)([O-])O,-3.7844860574,0.0,1,True,1,2
CN1C(C(=O)Nc2ccccn2)=C(O)c2sccc2S1(=O)=O,-3.88,0.0,1,False,0,1
COc1ncc2nccnc2n1,-1.113,0.0,1,False,0,1
CC1C(N)CN1c1c(F)cc2c(=O)c(C(=O)O)cn(C3CC3)c2c1Cl,-4.48,0.0,1,False,0,1
O=c1c(O)c(-c2ccc(O)c(O)c2)oc2cc(O)cc(O)c12,-1.99,0.0,1,False,0,1
S=C=Nc1ccc(Br)cc1,-4.27,0.0,1,False,0,1
C=C(C)C(=O)OCCCCCCCCCCCCOC(=O)C(=C)C,-7.484220297999999,0.0,1,False,0,1
CCOCOC1CCCCCCCCCCC1,-5.335319967699999,0.0,1,False,0,1
C[C@]1(Cn2ccnn2)[C@H](C(=O)O)N2C(=O)C[C@H]2S1(=O)=O,-1.8384616763,0.0,1,False,0,1
Clc1ccccc1-c1cc(Cl)c(Cl)c(Cl)c1,-6.9069,0.0,1,False,0,1
O=C(S)CCCCC(=O)S,-1.7326,0.0,1,False,0,1
O=C([O-])COc1ccccc1,0.1085957051,0.0,1,True,1,2
CC1(C(=O)O)NCCc2cc(O)c(O)cc21,-0.75,0.0,1,False,0,1
CNc1nc(NC(C)C)nc(OC)n1,-1.7509,0.0,1,False,0,1
CCC(Cl)(Cl)[N+](=O)[O-],-1.4996,0.0,1,False,0,1
Cn1nc(S(N)(=O)=O)sc1=NS(=O)(=O)c1ccc(I)cc1,-2.77,0.0,1,False,0,1
Cc1cc(Cl)cc2c1C(=O)/C(=C1/Sc3cc(Cl)cc(C)c3C1=O)S2,-7.9319837821,0.0,1,False,0,1
CC1=C(/C=C/C(C)=C/C=C/C(C)=C/C=C/C=C(C)/C=C/C=C(C)/C=C/C2=C(C)CCCC2(C)C)C(C)(C)CCC1,-7.5537924381,0.0,1,False,0,1
CCCCCCCCCCCCC,-7.5936,0.0,1,False,0,1
O=[N+]([O-])c1cc(-c2ccccc2)ccc1O,-4.4101,0.0,1,False,0,1
CC1(C)CN=C(NN=C(/C=C/c2ccc(C(F)(F)F)cc2)/C=C/c2ccc(C(F)(F)F)cc2)NC1,-7.916,0.0,1,False,0,1
CC(O)CN(CC(C)O)CC(C)O,0.4173208759,0.0,1,False,0,1
CCCCCCCCC(C)C(CC)CCCCCCC,-6.7521345295,0.0,1,True,1,2
O=C1C[C@@H]2OCC=C3CN4CC[C@]56c7ccccc7N1[C@H]5[C@H]2[C@H]3C[C@H]46,-3.3202,0.0,1,False,0,1
CC1=CC(=O)CC(C)(C)C1,-1.0613582209,0.0,1,False,0,1
Clc1ccc(Oc2ccc(Cl)c(Cl)c2)cc1Cl,-6.98,0.0,1,False,0,1
NCCCCCC(=O)O,0.5854,0.0,1,False,0,1
CCCCCCC(CO[N+](=O)O)O[N+](=O)O,-4.33,0.0,1,False,0,1
CC(=O)C(N=Nc1ccc([N+](=O)[O-])cc1)C(=O)Nc1ccc2[nH]c(=O)[nH]c2c1,-7.5255403409,0.0,1,False,0,1
CCCC(=O)OCSc1ncnc2[nH]cnc12,-2.69,0.0,1,False,0,1
CCc1c(C)c(CN)nc2ccccc12,-1.48,0.0,1,False,0,1
O=c1[nH]c2cncnc2[nH]1,-1.5141,0.0,1,False,0,1
Clc1c(Cl)c(Cl)c(Oc2ccccc2)c(Cl)c1Cl,-7.94,0.0,1,False,0,1
CC12CCC(C(=NO)C1=NO)C2(C)C,-2.52,0.0,1,False,0,1
NCCc1ccc(O)c([N+](=O)[O-])c1,-1.3399,0.0,1,False,0,1
C1CCNC1,1.15,0.0,1,False,0,1
O=C(O)CCC(=O)c1ccc2ccccc2c1,-3.8533,0.0,1,False,0,1
CCCCCCCCCC(C)(C)SSc1n[nH]c(=S)s1,-3.9885639112,0.0,1,False,0,1
O=C(O)c1cccc(O)c1,-1.24,0.0,1,False,0,1
CCC(C)OP(=S)([S-])OC(C)CC,-2.4221431699,0.0,1,True,1,2
CN(C)C(=O)Nc1cc(C(C)(C)C)on1,-2.4272,0.0,1,False,0,1
OCC1(O)OCC(O)C(O)C1O,0.64,0.0,1,False,0,1
CCS(=O)(=O)CC,0.0433,0.0,1,False,0,1
C1CCSC1,-1.1819174748,0.0,1,False,0,1
CCCN1C(=O)CCC(N2C(=O)c3ccccc3C2=O)C1=O,-3.72,0.0,1,False,0,1
COC(OC)C(C)(C)CC=C(C)C,-3.3397616042,0.0,1,False,0,1
C[C@]12C=CC(=O)C=C1CC[C@@H]1[C@@H]2[C@@H](O)C[C@@]2(C)[C@H]1CC[C@]2(O)C(=O)CO,-3.1784471289,0.0,1,False,0,1
Cc1cc(Nc2nc(NCCO)nc(Nc3ccc(N=Nc4cc(S(=O)(=O)[O-])c5cccc(S(=O)(=O)[O-])c5c4)c(C)c3)n2)ccc1N=Nc1cc(S(=O)(=O)[O-])c2cccc(S(=O)(=O)[O-])c2c1,-1.1748734719,0.0,1,True,1,5
CC(O)C(=O)NCCCCCCNC(=O)C(C)O,-0.7,0.0,1,False,0,1
COc1cc(OC)nc(NC(=O)NS(=O)(=O)c2c(-c3nnn(C)n3)cnn2C)n1,-2.6066,0.0,1,False,0,1
COc1ccc(CC2NC(=O)N(C(C)C(=O)O)C2=O)cc1,-0.86,0.0,1,False,0,1
Clc1ccc(Oc2c(Cl)cccc2Cl)cc1,-5.91,0.0,1,False,0,1
[S-]c1nc2ccccc2s1,-4.285895804,0.0,1,True,1,3
Cc1ccc(C(=O)O)c(O)c1,-1.1822691023,0.0,1,False,0,1
O=C([O-])[C@H](O)[C@H](O)[C@@H](O)[C@H](O)[C@H](O)CO,0.3170701984,0.0,1,True,1,2
CC(=O)OC/C=C/c1ccccc1,-2.7927245342,0.0,1,False,0,1
CNc1nc(NC(C)C)nc(SC)n1,-2.5656,0.0,1,False,0,1
CC(=O)CC(C)(C)O,0.9349,0.0,1,False,0,1
CCN(CC)c1ccc(N=Nc2c(Br)cc([N+](=O)[O-])cc2[N+](=O)[O-])c(NC(C)=O)c1,-7.379569278300001,0.0,1,False,0,1
CC(CCC(=O)O)NC(=O)c1ccccc1,-1.6917,0.0,1,False,0,1
Nc1c2ccccc2nc2cc(F)ccc12,-2.12,0.0,1,False,0,1
O=C(C=CC=Cc1ccc2c(c1)OCO2)N1CCCCC1,-3.46,0.0,1,False,0,1
CCCS[S+]([O-])CCC,-0.9199,0.0,1,False,0,1
CC(C)C(N)C(=O)O,-0.1971,0.0,1,False,0,1
Clc1cccc(-c2cc(Cl)ccc2Cl)c1,-6.0077,0.0,1,False,0,1
CC1(C)NC(=O)NC1=O,0.0384738201,0.0,1,False,0,1
COc1ccc(C(CN(C)C)C2(O)CCCCC2)cc1,0.2567187446,0.0,1,False,0,1
CCN1CCCCC1,-1.2757105223,0.0,1,False,0,1
CCCCCc1ccccc1,-4.6434,0.0,1,False,0,1
CC(C)N(CCO)C(C)C,-1.0829,0.0,1,False,0,1
O=C(O)c1cccc(C(=O)O)c1[N+](=O)[O-],-1.9901,0.0,1,False,0,1
CC1=CCC(=O)O1,-0.293,0.0,1,False,0,1
CC(=O)C(O)c1ccccc1,-1.1766034244,0.0,1,False,0,1
CCN(c1ccccc1)c1nc(Cl)nc(Nc2cc(S(=O)(=O)[O-])cc3c2C(=O)/C(=N/Nc2ccc(C)cc2S(=O)(=O)[O-])C(S(=O)(=O)[O-])=C3)n1,-0.8004343948,0.0,1,True,1,4
CN(C)C(N)=O,0.2124315669,0.0,1,False,0,1
C[C@H]1O[C@@H](O[C@H]2[C@@H](O)C[C@H](O[C@H]3[C@@H](O)C[C@H](O[C@H]4CC[C@@]5(C)[C@H](CC[C@@H]6[C@@H]5CC[C@]5(C)[C@@H](C7=CC(=O)OC7)CC[C@]65O)C4)O[C@@H]3C)O[C@@H]2C)C[C@H](O)[C@@H]1O,-5.2926,0.0,1,False,0,1
C[N+](C)=CCC(O)CC(N)=O,0.5931295033,0.0,1,True,1,2
OC(CCl)CCl,-0.115,0.0,1,False,0,1
Nc1ncccc1O,-0.3461061519,0.0,1,False,0,1
Cc1ccc(C(=O)c2cc(O)c(O)c([N+](=O)[O-])c2)cc1,-4.17,0.0,1,False,0,1
Fc1cccc(Cl)c1,-2.3457,0.0,1,False,0,1
CC(C)C1(NC(=O)C2CC3c4cccc5[nH]cc(c45)CC3N(C)C2)OC2(O)C3CCCN3C(=O)C(Cc3ccccc3)N2C1=O,-5.27,0.0,1,False,0,1
Nc1ccc(S(=O)(=O)Nc2cnccn2)cc1,-3.7,0.0,1,False,0,1
C[Si](C)(C)O[Si](C)(C)O[Si](C)(C)O[Si](C)(C)O[Si](C)(C)O[Si](C)(C)C,-5.661813631699999,0.0,1,False,0,1
CC(C[N+](C)(C)C)OC(N)=O,0.5021,0.0,1,True,1,2
CSC(=O)c1c(C(F)F)nc(C(F)(F)F)c(C(=O)SC)c1CC(C)C,-5.4575,0.0,1,False,0,1
CCN(CC)C(=O)/C(C#N)=C\c1cc(O)c(O)c([N+](=O)[O-])c1,-4.26,0.0,1,False,0,1
CCCCC(CC)COC(=O)c1ccc(N)cc1,-5.0543936585,0.0,1,False,0,1
Cc1ccc(N2C(=O)c3cccc4c(N)ccc(c34)C2=O)c(C)c1,-4.8916555333,0.0,1,False,0,1
CCCCCCCCN(CCCCCCCC)CCCCCCCC,-6.8496,0.0,1,False,0,1
Cn1cc(C(N)=O)c(Nc2ccc(Br)cc2F)c(F)c1=O,-4.14,0.0,1,False,0,1
CC(C)(C)C(=O)OCn1ncc2c(=O)[nH]cnc21,-2.68,0.0,1,False,0,1
CNC(=O)O/N=C(\C)C(C)S(C)(=O)=O,-0.0267,0.0,1,False,0,1
CCCCCCOC(=O)c1ccc(O)c(I)c1,-4.43,0.0,1,False,0,1
CC(Cl)Cl,-1.2913,0.0,1,False,0,1
N=C(N)NCCCC(N)C(=O)O,0.0,0.0,1,False,0,1
Clc1cc(Cl)c2c(Cl)ccc(Cl)c2c1,-7.51,0.0,1,False,0,1
O=C(CCl)NC(=O)CCl,-2.2304,0.0,1,False,0,1
CC(Oc1ccc(Oc2cnc3cc(Cl)ccc3n2)cc1)C(=O)OCC1CCCO1,-5.0303,0.0,1,False,0,1
Cc1ccc2nc3sc(=O)sc3nc2c1,-5.3698,0.0,1,False,0,1
COc1cc(C(=O)O)ccc1O,-2.0496,0.0,1,False,0,1
O=[N+]([O-])c1cccc(O)c1,-1.07,0.0,1,False,0,1
Nc1ccc(S(=O)(=O)c2ccc(Cl)cc2)cc1,-4.1267,0.0,1,False,0,1
CCCCCCC(=O)N(C)c1ccc(S(=O)(=O)N(C)C)cc1,-3.68,0.0,1,False,0,1
CC(=O)OC1C2(C)CCC(C2)C1(C)C,-3.8745968837,0.0,1,False,0,1
O=C(O)COc1ccc([N+](=O)[O-])cc1[N+](=O)[O-],-1.9369,0.0,1,False,0,1
CC(C)I,-2.0843,0.0,1,False,0,1
NC(CSSCC(N)C(=O)O)C(=O)O,-3.31,0.0,1,False,0,1
O=C(O)C1=CC(=NNc2ccccc2[N+](=O)[O-])C=CC1=O,-2.01,0.0,1,False,0,1
Cc1ccc(S(C)(=O)=O)cc1[N+](=O)[O-],-2.7647010816,0.0,1,False,0,1
COc1cc(Cl)c(Cl)cc1OC,-3.4588,0.0,1,False,0,1
C1CN2CCN1CC2,0.6033,0.0,1,False,0,1
CN(C)c1ccc([C+](c2ccc(N(C)C)cc2)c2ccc(N(C)C)cc2)cc1,-2.0085884627,0.0,1,True,1,2
NC(=O)C[NH+](CC(=O)[O-])CC(=O)[O-],-1.7635818574000002,0.0,1,False,0,1
ONc1ccccc1,-0.4359,0.0,1,False,0,1
NC(=Nc1ccccc1)Nc1ccccc1,-2.1575163863,0.0,1,False,0,1
C=CCCCCCCCCC=O,-3.8931862,0.0,1,False,0,1
Nc1ccc(S(=O)(=O)Nc2ccccc2C(=O)O)cc1,-0.8,0.0,1,False,0,1
CC(C(=O)O)C(=O)O,0.7597,0.0,1,False,0,1
CCOC(=O)C(=O)C(=O)OCC,0.5117,0.0,1,False,0,1
O=C(Oc1cc([N+](=O)[O-])c(Cl)cc1Cl)Oc1cc([N+](=O)[O-])c(Cl)cc1Cl,-6.8129074612,0.0,1,False,0,1
COP(=S)(OC)Oc1nc(Cl)c(Cl)cc1Cl,-4.831,0.0,1,False,0,1
O=C([O-])CO,1.7009159091,0.0,1,True,1,2
CCCCC1(CCO)C(=O)NC(=S)NC1=O,-2.17,0.0,1,False,0,1
OCCN(CCO)CCO,0.5390164108333333,0.3775091655013953,3,True,2,2
CCC1(c2ccccc2)CCC(=O)NC1=O,-2.3374,0.0,1,False,0,1
NS(=O)(=O)c1ccccc1-c1nc2ccccc2c(=O)[nH]1,-3.08,0.0,1,False,0,1
CCCCCCCCCCCCOC(=O)C(C)O,-4.6341446203,0.0,1,False,0,1
O=C1OC(=O)c2ccc3c4ccc5c6c(ccc(c7ccc1c2c73)c64)C(=O)OC5=O,-5.5936426625,0.0,1,False,0,1
ClCc1ccc(-c2ccc(CCl)cc2)cc1,-10.098913562,0.0,1,False,0,1
CCCCCCCCCCCCN=C(N)N,-2.6592,0.0,1,True,1,2
Cc1ncc2nc(C)c(C)nc2n1,-1.1442,0.0,1,False,0,1
CCCOP(=O)(OC)OCCC,-0.6592,0.0,1,False,0,1
Cc1ccc(Cl)cc1Cl,-3.8089694812,0.0,1,False,0,1
C=CC(=O)OCCCCCCCCCCCC,-4.3809109776,0.0,1,False,0,1
FC(F)(F)c1ccc(Cl)c(Cl)c1,-3.2679824907,0.0,1,False,0,1
Cc1c(C(C)C)c(=O)n(-c2ccccc2)n1C,-1.91,0.0,1,False,0,1
COc1ccc(CO)cc1,-0.7447271456,0.0,1,False,0,1
CCCCC(CC)COC(=O)c1ccc(Nc2nc(Nc3ccc(C(=O)OCC(CC)CCCC)cc3)nc(Nc3ccc(C(=O)OCC(CC)CCCC)cc3)n2)cc1,-8.2164783763,0.0,1,False,0,1
CC1=NN(c2ccc(S(=O)(=O)[O-])cc2)C(=O)C1N=Nc1ccc(C)c(S(=O)(=O)Nc2ccccc2)c1,-0.8725523685,0.0,1,True,1,2
CSc1cc(O)cc(O)c1,-1.7957,0.0,1,False,0,1
CCCC(N)=O,0.2721,0.0,1,False,0,1
O=C(O)c1cccc([N+](=O)[O-])c1,-1.7459071723,0.0,1,False,0,1
C#CC1(O)CCC2C3CCC4=CC(=O)CCC4C3CCC21C,-4.63,0.0,1,False,0,1
CC1CC(NC(N)=O)NC(=O)N1,-1.5314234319,0.0,1,False,0,1
COc1ccc(N=NC(C(C)=O)C(=O)Nc2ccccc2OC)c([N+](=O)[O-])c1,-8.3082430527,0.0,1,False,0,1
NS(=O)(=O)c1ccc(S(N)(=O)=O)cc1,-2.5283,0.0,1,False,0,1
O=[N+]([O-])c1cc(CCO)ccc1O,-1.1556,0.0,1,False,0,1
O=S(=O)(O)c1cc(Nc2nc(Nc3ccccc3)nc(N(CCO)CCO)n2)ccc1/C=C/c1ccc(Nc2nc(Nc3ccccc3)nc(N(CCO)CCO)n2)cc1S(=O)(=O)O,-1.0592793487,0.0,1,False,0,1
Clc1cc(Cl)c(-c2cccc(Cl)c2Cl)c(Cl)c1,-7.3999,0.0,1,False,0,1
COC(=O)c1ccc(-c2cc(C(=O)OC)ccc2C(=O)OC)cc1,-6.7316777727999995,0.0,1,True,1,24
COC(=O)c1cccc(C)c1S(=O)(=O)NC(=O)Nc1nc(OCC(F)(F)F)nc(N(C)C)n1,-5.69,0.0,1,False,0,1
c1ccc2c(NCCCN3CCOCC3)cccc2c1,-2.702803349,0.0,1,False,0,1
CC(=O)OCC(=O)C1(O)C(OC(C)=O)CC2C3CCC4=CC(=O)C=CC4(C)C3(F)C(O)CC21C,-4.13,0.0,1,False,0,1
O=P(OC(CCl)CCl)(OC(CCl)CCl)OC(CCl)CCl,-4.3767049743,0.0,1,False,0,1
O=C(O)c1c[nH]c(=O)[nH]c1=O,-1.9381,0.0,1,False,0,1
N#Cc1ccc(C(=O)O)cc1,-2.0885,0.0,1,False,0,1
O=C(O)O,-2.2173408965,1.7461023072472401,2,True,2,3
Clc1ccc(-c2cc(Cl)c(Cl)c(Cl)c2Cl)c(Cl)c1Cl,-8.0566,0.0,1,False,0,1
O=C(O)CSC(CC(=O)O)c1ccccc1,-1.55,0.0,1,False,0,1
CC(=O)n1c(=O)[nH]cc(F)c1=O,-0.6,0.0,1,False,0,1
O=C(Nc1ccc(Cc2ccc(NC(=O)NC3CCCCC3)cc2)cc1)NC1CCCCC1,-5.142667396,0.0,1,False,0,1
CC(=O)c1cc(Nc2nc(Nc3cc(C(C)=O)c(N)c4c3C(=O)c3ccccc3C4=O)nc(-c3ccccc3)n2)c2c(c1N)C(=O)c1ccccc1C2=O,-4.9504317948,0.0,1,False,0,1
CCc1ccc(C(c2ccc(CC)cc2)C(Cl)Cl)cc1,-7.04,0.0,1,False,0,1
C/C=C\C(=O)O[C@@H]1C[C@H]2O[C@@H]3C=C(C)C(=O)C[C@]3(C)[C@]1(C)[C@@]21CO1,-2.9196,0.0,1,False,0,1
Cc1cc(=O)[nH]c(=O)[nH]1,-1.2557,0.0,1,False,0,1
N#Cc1cccc(N)c1,-1.1693,0.0,1,False,0,1
O=C(O)c1ccc2ncccc2c1,-0.0456,0.0,1,False,0,1
CCOC(=O)C(C)(C(=O)NC(=O)NC)C1=CCCCC1,-3.0,0.0,1,False,0,1
CC(Br)C(=O)NCC(=O)NCC(=O)O,-0.9642,0.0,1,False,0,1
CCCCCCCCCCCCCCCCOc1ccccc1C(=O)CC(=O)Nc1nc(-c2ccccc2)cs1,-4.8472795348,0.0,1,False,0,1
O=C(CBr)Nc1ccc(Cl)cc1C(=O)c1ccccc1Cl,-6.8888082879,0.0,1,False,0,1
CCOC(=O)N(CC)CC,-1.0651,0.0,1,False,0,1
CC(C)c1ccc(NC(=O)N(C)C)cc1,-3.5,0.0,1,False,0,1
CCCCCCCCCc1ccccc1O,-1.4630694907,0.0,1,True,1,4
O=C1C(Cl)=C(Cl)C(=O)N1c1ccc(F)cc1,-4.6442,0.0,1,False,0,1
CC(=O)N[C@H](CC(C)C)C(=O)O,-1.3301,0.0,1,False,0,1
NCCCCCCCCCCC(=O)O,-2.4007753619,0.0,1,False,0,1
C[C@@H](Oc1ccc(Cl)cc1Cl)C(=O)O,-2.6003,0.0,1,False,0,1
ClC(Cl)C(Cl)C(Cl)Cl,-2.7223,0.0,1,False,0,1
NC(Cc1cc(I)c(O)c(I)c1)C(=O)O,-2.86,0.0,1,False,0,1
CCCCC(=O)OCC(CO)(CO)COCC(CO)(CO)CO,-6.8304564999,0.0,1,False,0,1
Nc1nc2[nH]cnc2c(=S)[nH]1,-3.31,0.0,1,False,0,1
O=C1c2ccccc2C(=O)C1c1ccc2ccccc2n1,-4.7011861265,0.0,1,False,0,1
O=c1[nH]c2cc(N=Cc3c([O-])ccc4ccccc34)c(N=Cc3c([O-])ccc4ccccc34)cc2[nH]1,-7.6266942296,0.0,1,True,1,2
COc1ccccc1C(N)=O,-1.7815,0.0,1,False,0,1
O=c1cc[nH]c(=O)[nH]1,-1.48,0.0,1,False,0,1
CCOC(=O)CC#N,-0.3276124069,0.0,1,False,0,1
CCCOCCC,-1.3192,0.0,1,False,0,1
CC(C)OC(=O)C1(S(=O)(=O)c2ccc([N+](=O)[O-])cc2)CCCCC1,-4.8796,0.0,1,False,0,1
CC(C)C(=O)OC(=O)C(C)C,0.5917902317,0.0,1,False,0,1
O=C(O)C1CCC(C(=O)O)CC1,-0.8723707236,0.0,1,False,0,1
CC12C(=O)OC(=O)C1(C)C1CCC2O1,-3.82,0.0,1,False,0,1
CNC(=O)Oc1ccc(N(C)C)c(C)c1,-2.3572,0.0,1,False,0,1
CCCCCCCCCCCCCCCC(=O)O[C@@H]1C[C@@H](C(=O)O)N(C(=O)CCCCCCCCCCCCCCC)C1,-5.7838757207,0.0,1,False,0,1
CCCCC1C(=O)N(c2ccccc2)N(c2ccccc2)C1=O,-3.8124,0.0,1,False,0,1
C1CCCC1,-2.64,0.0,1,False,0,1
S=P(N1CC1)(N1CC1)N1CC1,0.0018,0.0,1,False,0,1
CCCCCC(=O)OC,-1.87,0.0,1,False,0,1
CC1C(C=O)CC2CC1C2(C)C,-3.5580403929,0.0,1,False,0,1
O=C(O)COc1cc(Cl)c(Cl)cc1Cl,-2.98,0.0,1,False,0,1
CCCC(CC)CCCCCCCN,-3.6976259568,0.0,1,False,0,1
c1ccc2c(c1)C1=NC2=Nc2[n-]c(c3ccccc23)N=C2N=C(N=c3[n-]c(c4ccccc34)=N1)c1ccccc12,-8.1584243143,0.0,1,False,0,1
O=[N+]([O-])OCC(CO[N+](=O)[O-])(CO[N+](=O)[O-])CO[N+](=O)[O-],-3.8664,0.0,1,False,0,1
Clc1cc(Oc2c(Cl)c(Cl)c(Cl)c(Cl)c2Cl)c(Cl)c(Cl)c1Cl,-10.55,0.0,1,False,0,1
CCCCOC(=O)[C@@H](C)Oc1ccc(Oc2ccc(C(F)(F)F)cn2)cc1,-5.2826,0.0,1,False,0,1
CN1C2CCC1CC(OC(=O)C(COS(=O)(=O)O)c1ccccc1)C2,-1.5675,0.0,1,False,0,1
CC(C)(COCc1cccc(Oc2ccccc2)c1)c1ccc(OC(F)(F)Br)cc1,-9.9799,0.0,1,False,0,1
Clc1ccc(-c2c(Cl)c(Cl)cc(Cl)c2Cl)cc1,-7.88,0.0,1,False,0,1
COP(=S)(OC)Oc1ccc(Sc2ccc(OP(=S)(OC)OC)cc2)cc1,-6.2375,0.0,1,False,0,1
COc1ccc([C@@H]2Sc3ccccc3N(CCN(C)C)C(=O)[C@@H]2OC(C)=O)cc1,-3.16,0.0,1,False,0,1
CCC1(CC)C(=O)NC(=O)N=C1N,-1.3967,0.0,1,False,0,1
NC(=O)NC1NC(=O)NC1=O,-1.5087824856999998,0.0,1,False,0,1
CC(=O)NS(=O)(=O)c1ccc(NC(=O)c2ccccc2C(=O)O)cc1,-2.52,0.0,1,False,0,1
CC(N)=O,1.5808,0.0,1,False,0,1
O=C1CN(/N=C/c2ccc([N+](=O)[O-])o2)C(=O)N1CO,-2.91,0.0,1,False,0,1
C[NH+](C)C(CSC(N)=O)CSC(N)=O,-0.1364,0.0,1,True,1,2
CN(C)CC/C=C1\c2ccccc2COc2ccccc21,-3.9469,0.0,1,False,0,1
C=CCBr,-1.4995,0.0,1,False,0,1
ClCCCBr,-1.9401514115,0.0,1,False,0,1
Cc1cc(C)nc(Nc2ccccc2)n1,-3.2166,0.0,1,False,0,1
COc1cc2c(c3c1c(=O)c1ccccc1n3C)C=CC(C)(C)O2,-5.21,0.0,1,False,0,1
COc1ccccc1,-1.85,0.0,1,False,0,1
CC(=O)OC1=CCC2C3CCC(C3)C12,-3.0097265709,0.0,1,False,0,1
Nc1c(S(=O)(=O)[O-])cc(Br)c2c1C(=O)c1ccccc1C2=O,-1.3055373023,0.0,1,True,1,2
