smiles,observed_logS,predicted_logS,residual,absolute_error
Clc1ccc(-c2cc(Cl)c(Cl)cc2Cl)cc1,-7.769899851464366,-7.241251807828199,0.5286480436361671,0.5286480436361671
Cc1ccc(-c2nc3ccccc3s2)cc1,-4.349999864395942,-4.891778132159251,-0.5417782677633092,0.5417782677633092
NC(=O)Nc1cc(Nc2nc(N)nc(Cl)n2)ccc1N=Nc1cc2c(S(=O)(=O)[O-])cc(S(=O)(=O)[O-])cc2cc1S(=O)(=O)[O-],-1.000000432516694,-0.004491954573797141,0.9955084779428969,0.9955084779428969
C=C(C)C(=O)OCC(CC)CCCC,-4.80597397809116,-4.960997386508596,-0.15502340841743578,0.15502340841743578
NC(=O)NCC(=O)NCC(=O)NCC(=O)O,-1.3504999007973486,-0.625860956914539,0.7246389438828096,0.7246389438828096
O=C(O)C(F)F,1.0176003686792434,0.7081476196755387,-0.3094527490037047,0.3094527490037047
O=N/C=C1\C=CC=CN1,-1.0004516424934793,-1.214098531299447,-0.21364688880596772,0.21364688880596772
O=C(O)C(I)=CBr,-1.211799831099575,-0.9504323457460797,0.2613674853534953,0.2613674853534953
Nc1ccccc1C(=O)OCC=Cc1ccccc1,-6.040000000112892,-4.618244540662048,1.4217554594508437,1.4217554594508437
CCOc1ccccc1NC(=O)C(=O)Nc1ccccc1CC,-6.017546610157687,-4.944228910996296,1.0733176991613913,1.0733176991613913
O=C1c2ccc3c4ccc5c6c(ccc(c7ccc(c2c37)C(=O)N1CCc1ccccc1)c64)C(=O)N(CCc1ccccc1)C5=O,-8.476149331775112,-6.885849071509821,1.5903002602652911,1.5903002602652911
COc1ccc(N/N=C2\C(=O)C=Cc3ccccc32)c([N+](=O)[O-])c1,-7.991102885565265,-7.1519340406768865,0.8391688448883787,0.8391688448883787
O=C(O)c1cc([N+](=O)[O-])cc([N+](=O)[O-])c1,-2.207649580583494,-2.582640026607605,-0.3749904460241109,0.3749904460241109
C=CCOC(=O)CCC1CCCCC1,-4.062449501912957,-4.064141849886456,-0.001692347973498265,0.001692347973498265
CC(C)=CC1C(C(=O)OCc2coc(Cc3ccccc3)c2)C1(C)C,-6.05240033792702,-6.243747322704423,-0.19134698477740297,0.19134698477740297
CCCCOCC(C)OCC(C)O,-0.6530595740927168,-0.9547732921424992,-0.3017137180497824,0.3017137180497824
CN(C)Cc1cc(CN(C)C)c(O)c(CN(C)C)c1,0.5055166587518682,-0.5202974221683605,-1.0258140809202287,1.0258140809202287
CSc1ccc(C(=O)c2cc(CC(=O)O)cc3ccoc23)cc1,-5.510000396950055,-4.745655941298532,0.7643444556515231,0.7643444556515231
Clc1ccc(Oc2c(Cl)cccc2Cl)cc1Cl,-6.560000105576682,-7.089100601431847,-0.5291004958551646,0.5291004958551646
C[C@](C#N)(CCC(=O)[O-])N=N[C@](C)(C#N)CCC(=O)[O-],-2.008299933449397,-1.5014672503656528,0.5068326830837442,0.5068326830837442
Nc1ncc2nccnc2n1,-2.2978998575552887,-1.5794538361666401,0.7184460213886485,0.7184460213886485
Cn1cnc2c(=O)n(C)c(=O)n(C)c2c1=O,-1.9849998864132505,-0.7899394828960675,1.195060403517183,1.195060403517183
O=CC(Cl)(Cl)Cl,-0.6913407861519025,-0.8723318877423245,-0.18099110159042198,0.18099110159042198
O=C(OCc1ccccc1)C(OS(=O)(=O)O)c1ccccc1,-1.4999998862594417,-2.23857030049614,-0.7385704142366984,0.7385704142366984
O=C(O)C(S)Cc1ccccc1,-1.5599997710188829,-1.5934528016807157,-0.033453030661832805,0.033453030661832805
CCCCCCCCCCCCCCCCCCCCCCCCCC,-8.333901004239095,-7.306241503499466,1.0276595007396292,1.0276595007396292
COC(=O)CCN(CCC(=O)OC)c1ccc(N=Nc2ccc([N+](=O)[O-])cc2[N+](=O)[O-])c(NC(C)=O)c1,-7.3328318360744955,-6.119147392247548,1.2136844438269474,1.2136844438269474
ClC(Cl)=C(Cl)C(Cl)(Cl)Cl,-4.165100116698881,-4.435122855651113,-0.2700227389522327,0.2700227389522327
Nc1ccc(S(=O)(=O)Nc2cccc(Cl)c2Cl)cc1,-4.730000100727457,-4.494220044403159,0.23578005632429822,0.23578005632429822
CC(O)CN(CC(C)O)C(=O)CCCCC(=O)N(CC(C)O)CC(C)O,0.21099345270594805,0.013829461730430204,-0.19716399097551784,0.19716399097551784
CCCCCCCC/C=C\CCCCCCCCNC(=O)CC(C(=O)[O-])S(=O)(=O)[O-],-0.01951563188587002,-2.260012367263854,-2.240496735377984,2.240496735377984
CC1CCCCC1=O,-0.9399998576226907,-0.7405483466272087,0.19945151099548197,0.19945151099548197
CCSC(CCC(SCC)C(=O)O)C(=O)O,-1.3599998791002539,-1.1495847524222915,0.21041512667796236,0.21041512667796236
N#CNC(N)=NCCCCCCN=C(N)NC#N,-4.434690555361334,-1.9011901522165444,2.533500403144789,2.533500403144789
CCCCOCCC(=O)OC,-1.2908998800032627,-1.3378922465607266,-0.04699236655746386,0.04699236655746386
O=C(Nc1cc(S(=O)(=O)[O-])cc2c1C(=O)/C(=N/Nc1ccc3c(CNc4nc(F)nc(F)c4Cl)cccc3c1S(=O)(=O)[O-])C(S(=O)(=O)[O-])=C2)c1ccccc1,-0.8900862894902244,-0.79864525434476,0.09144103514546442,0.09144103514546442
Clc1ccc(-c2ccc(Cl)c(Cl)c2Cl)cc1Cl,-7.982300081197124,-7.7134308331522,0.26886924804492374,0.26886924804492374
FC(F)(Br)C(F)(F)Br,-4.937600168526087,-4.966425432867439,-0.028825264341351797,0.028825264341351797
CC(C)CCCCCCCCCCOC(=O)CCCCC(=O)OCCCCCCCCCCC(C)C,-5.708288203046706,-7.072341373722681,-1.3640531706759749,1.3640531706759749
CCCCCCCCCCCCCCCC(=O)O,-6.8069087197438325,-5.503462614215148,1.3034461055286846,1.3034461055286846
CCOC(=O)[C@H](C)NC(=O)CCl,-0.46279982730464875,-0.9217166747732106,-0.4589168474685619,0.4589168474685619
CNC1CN(c2cc3c(cc2F)c(=O)c(C(=O)O)cn3C2CC2)C1C,-4.5700001319817884,-3.7961406530939032,0.7738594788878852,0.7738594788878852
O=C([O-])[C@H](O)[C@@H](O)[C@H](O)[C@H](O)CO,-0.1797999360711766,0.7469762464694845,0.9267761825406611,0.9267761825406611
CC(C)(C#N)N=NC(C)(C)C#N,-2.7132510463548583,-1.9001503954850905,0.8131006508697678,0.8131006508697678
C=Cc1ccccn1,-0.5823998708850882,0.1361329004180325,0.7185327713031207,0.7185327713031207
O=C(O)/C=C/CBr,-0.7402997601578938,-0.9873321844655083,-0.24703242430761452,0.24703242430761452
O=C1C(O)=C(C2CCC(c3ccc(Cl)cc3)CC2)C(=O)c2ccccc21,-5.931000423408287,-4.7997910625481515,1.1312093608601357,1.1312093608601357
C=C(C)C(=O)OCCCC,-2.5443674757371753,-2.3352162269897505,0.20915124874742475,0.20915124874742475
COC(=O)CCCC(=O)OC,-0.43369988940753057,-0.6343255953471889,-0.20062570593965834,0.20062570593965834
O=S(=O)([O-])C[C@@H](O)CNc1ccccc1,0.11878457384654784,-0.6296282634628341,-0.7484128373093819,0.7484128373093819
O=C(OCC(=O)N1CCOCC1)c1ccccc1,-1.7733997986919414,-2.026331148170207,-0.2529313494782657,0.2529313494782657
ClCCCCCCCl,-3.4346472722234864,-3.8224378165068975,-0.3877905442834111,0.3877905442834111
CCCCCCCC(=O)OCC(O)CO,0.17947445514130544,-2.427814548782617,-2.6072890039239223,2.6072890039239223
Clc1cc(Cl)c(Oc2ccccc2)c(Cl)c1Cl,-7.0599998353732545,-7.406197832954449,-0.3461979975811946,0.3461979975811946
NS(=O)(=O)c1nnc(NS(=O)(=O)c2ccccc2[N+](=O)[O-])s1,-1.8199999617776905,-1.9063500122845047,-0.08635005050681421,0.08635005050681421
CCCCCCOC(=O)c1ccccc1C(=O)OCCCCCC,-6.144000242048709,-6.009950161004322,0.13405008104438743,0.13405008104438743
Cn1c(=O)c2c(nc(/C=C/c3ccccc3)n2C)n(C)c1=O,-5.550000320123015,-3.5185247776342035,2.0314755424888116,2.0314755424888116
O=C(O)c1cccc(C(=O)O)c1O,-2.1099998188623936,-1.129820402775356,0.9801794160870376,0.9801794160870376
O=[N+]([O-])c1cc(C(F)(F)F)ccc1O,-2.5029999474089735,-3.5408939711728156,-1.037894023763842,1.037894023763842
C=CCCCCCCO,-1.7442327797153747,-2.2957726557941305,-0.5515398760787558,0.5515398760787558
CN(C)c1ccc(N=Nc2ccccc2)cc1,-5.249999930137422,-4.889777017982612,0.3602229121548097,0.3602229121548097
C=C(C)C(=O)OCCOC(=O)NCCC(C)CC(C)(C)CNC(=O)OCCOC(=O)C(=C)C,-4.6199240521326885,-4.10763136945987,0.5122926826728182,0.5122926826728182
CC(C)CC(NC(=O)C(N)Cc1c[nH]c2ccccc12)C(=O)O,-1.7599998699778805,-1.9689321045219816,-0.20893223454410115,0.20893223454410115
NCc1ccncc1,0.966000387730515,0.9967133081264739,0.030712920395958854,0.030712920395958854
O=S(=O)([O-])c1cc(S(=O)(=O)[O-])c2cc(NS(=O)(=O)c3cccc(N=Nc4ccc(N=Nc5c(O)ccc6ccccc56)cc4)c3)ccc2c1,-1.2096460591577711,-1.02772438012364,0.18192167903413115,0.18192167903413115
CCCc1nc(C)c2c(=O)nc(-c3cc(S(=O)(=O)N4CCN(CC)CC4)ccc3OCC)[nH]n12,-4.843867748607111,-3.7223350404978106,1.1215327081093003,1.1215327081093003
C[C@H](CCC(=O)O)[C@H]1CC[C@H]2[C@@H]3CC[C@@H]4C[C@H](O)CC[C@]4(C)[C@H]3C[C@H](O)[C@]12C,-3.954400033460174,-4.413845178936122,-0.4594451454759483,0.4594451454759483
O=S(=O)(Nc1ccccc1Cl)c1ccccc1,-4.32000012905659,-4.3232884822186985,-0.003288353162108848,0.003288353162108848
CCCCCCCC(=O)OC1C(C(O)CO)OC2OC(C)(C)OC21,-3.1700000258831826,-3.894503047763961,-0.7245030218807784,0.7245030218807784
N[C@@H](Cc1cnc[nH]1)C(=O)O,-0.10764968023604604,-0.36022402310527113,-0.2525743428692251,0.2525743428692251
O=C(CBr)Nc1ccc(Cl)cc1C(=O)c1ccccc1F,-5.569345896117591,-5.804238439394862,-0.2348925432772706,0.2348925432772706
CCCC(=O)n1ncc2c(=O)[nH]cnc21,-3.2699999373357693,-2.644684020926912,0.6253159164088573,0.6253159164088573
CCCCC1(CC)C(=O)NC(=S)NC1=O,-3.140000048996734,-3.191282499033381,-0.05128245003664711,0.05128245003664711
CCCOC1=CC(=O)C2(Oc3c(Cl)c(OC)cc(OC)c3C2=O)C(C)C1,-5.219999780717332,-4.707323107174091,0.5126766735432415,0.5126766735432415
Clc1ccc(Oc2c(Cl)c(Cl)c(Cl)c(Cl)c2Cl)c(Cl)c1Cl,-10.600000903714296,-9.370818798157936,1.2291821055563599,1.2291821055563599
C(/C=C/c1ccccc1)=NCCCCCCN=C/C=C/c1ccccc1,-3.8937389997901173,-4.8972206713439,-1.003481671553783,1.003481671553783
CC(=O)CC(=O)C(C)(C)C,-1.629999843611933,-0.7610331967571109,0.8689666468548221,0.8689666468548221
Cc1cccc(S(N)(=O)=O)c1,-1.34089985298292,-1.5948350031819476,-0.2539351501990277,0.2539351501990277
Cc1cccc(C(=O)O)c1,-2.142799982228358,-1.8903370960909331,0.25246288613742474,0.25246288613742474
CC(=O)c1cc2c(cc1C)C(C)(C)C(C)CC2(C)C,-5.315400117846304,-4.440650281386917,0.8747498364593866,0.8747498364593866
O=C(O)c1c(Cl)cccc1Cl,-1.1308999112575946,-2.315956469227989,-1.1850565579703942,1.1850565579703942
CCC1CO1,0.08054256143049665,-0.41993805412903695,-0.5004806155595336,0.5004806155595336
CC(C)(CO)C(O)C(=O)NCCC(=O)O,0.659100308445582,0.12424905931027608,-0.5348512491353059,0.5348512491353059
CC(C)CC(NC(=O)C(N)Cc1ccc(O)cc1)C(=O)O,-2.0699998266759767,-1.4617269558150023,0.6082728708609744,0.6082728708609744
C=CCS[S+]([O-])CC=C,-0.8299997238297672,-0.8940196424141917,-0.06401991858442457,0.06401991858442457
CC(=O)N1CCN(c2ccc(O)cc2)CC1,-1.8179143751306348,-1.2963007350603535,0.5216136400702813,0.5216136400702813
CC(C)=CCCC(C)CCOC=O,-4.055960649718513,-4.181348506805085,-0.1253878570865723,0.1253878570865723
Nc1ccc(/C=C/c2ccc(N)cc2S(=O)(=O)O)c(S(=O)(=O)O)c1,-4.0635303906643205,-1.1335268394552624,2.930003551209058,2.930003551209058
Cc1nc(C(F)(F)F)c(C(=O)Nc2c(Br)cc(OC(F)(F)F)cc2Br)s1,-5.518600025703076,-6.164607936130689,-0.6460079104276124,0.6460079104276124
Cc1cccnc1,1.0309003659086935,0.5622744293648707,-0.4686259365438228,0.4686259365438228
NC(N)=NCCCCCCCCNCCCCCCCCN=C(N)N,0.33220040560108144,-1.455734517411169,-1.7879349230122505,1.7879349230122505
Cc1ccc(Br)cc1,-3.1916999269233455,-3.5206457681843015,-0.32894584126095605,0.32894584126095605
CC1(CCl)CO1,-0.5503997115036596,-1.6820561415332074,-1.1316564300295477,1.1316564300295477
CCCCCCCCC(=O)OC,-3.3800000711286926,-4.088893663987706,-0.7088935928590137,0.7088935928590137
Cc1c(OCC(F)(F)F)ccnc1CO,-1.7920735977036428,-2.3355681956164873,-0.5434945979128445,0.5434945979128445
Clc1nc(Cl)nc(Nc2ccccc2Cl)n1,-4.537099899104301,-5.17615994884013,-0.6390600497358294,0.6390600497358294
O=C(O)CCCC(C(=O)O)(c1ccccc1)c1ccccc1,-3.1737000443116603,-2.8021704333301223,0.371529610981538,0.371529610981538
O=C(O)c1c(Cl)c(Cl)c(Cl)c(Cl)c1C(=O)Nc1cccc(Cl)c1Cl,-4.505099739722873,-6.423419715173338,-1.9183199754504656,1.9183199754504656
Cc1ccc2c(ccc3c4c5c(cccc5cc32)CC4)c1,-7.920000253995598,-6.5747215039504985,1.3452787500450993,1.3452787500450993
Cc1cc(C)cc(C(=O)Cl)c1,-3.3292896391239486,-3.836426568029452,-0.5071369289055032,0.5071369289055032
COP(=O)(OC)SCn1c(=O)oc2cc(Cl)cnc21,-2.4699999555805157,-2.646356009930824,-0.17635605435030843,0.17635605435030843
O=c1[nH]c2c(c(=O)n1C1CCCCC1)CCC2,-4.591599963510427,-2.206264273476732,2.3853356900336955,2.3853356900336955
Clc1ccc(Cl)c(Oc2ccccc2)c1Cl,-5.949999827906448,-6.503168628592434,-0.5531688006859854,0.5531688006859854
CCc1cc(CC)c(CC)cc1CC,-4.5881767580548605,-5.565309713143851,-0.9771329550889902,0.9771329550889902
O=C1C=C(O)C[C@@H](c2ccccc2)C1,-2.5112999887485317,-1.2844990199655022,1.2268009687830295,1.2268009687830295
CC(=O)CC(=O)Nc1ccccc1Cl,-2.406536009399423,-2.801691945784765,-0.3951559363853421,0.3951559363853421
C=CCCC,-2.6756729261343066,-2.843303436680715,-0.1676305105464082,0.1676305105464082
Cc1ccc(S(=O)(=O)NC(CCC(=O)O)C(=O)O)cc1,-0.9299999458429067,-1.588763475357283,-0.6587635295143763,0.6587635295143763
O=[N+]([O-])c1cc(S(=O)(=O)Nc2ccccc2)ccc1Nc1ccccc1,-6.269000174497853,-5.368850211529456,0.9001499629683964,0.9001499629683964
CC(=O)SC1CC2=CC(=O)CCC2(C)C2CCC3(C)C(CCC34CCC(=O)O4)C12,-4.2800002058836295,-4.414592594667016,-0.13459238878338642,0.13459238878338642
CC(C)=NOCCOC(=O)C(C)Oc1ccc(Oc2cnc3cc(Cl)ccc3n2)cc1,-5.8478999405011844,-5.387612485792035,0.46028745470914956,0.46028745470914956
O=C1NCCCC1N1C(=O)c2ccccc2S1(=O)=O,-2.640000025892973,-2.843932494334186,-0.20393246844121338,0.20393246844121338
C#CC=C,-1.4647998489667826,-1.1852941090218754,0.27950573994490724,0.27950573994490724
CCNC(CC)C(=O)O,-0.4188998156936199,-0.12423002506668235,0.29466979062693754,0.29466979062693754
CNC(=O)N(C)c1nnc(C(C)(C)C)s1,-1.9969998771678301,-3.294394261733786,-1.2973943845659557,1.2973943845659557
Nc1cc2c3ccccc3ccc2c2ccccc12,-6.195799809912835,-5.155107394019339,1.0406924158934956,1.0406924158934956
CC=C(C)C,-2.2331508808193257,-2.8293592505975163,-0.5962083697781906,0.5962083697781906
O=C(C1CCC1)N(O)C1CCCCC1,-2.6999999796658702,-2.1668769137412056,0.5331230659246646,0.5331230659246646
CCCOC(=O)n1cnc2c1c(=O)n(C)c(=O)n2C,-1.4499999132797845,-1.827728226632442,-0.37772831335265744,0.37772831335265744
N#CCc1ccc(Cl)cc1F,-2.5939060937619822,-2.9493543617081035,-0.3554482679461213,0.3554482679461213
CS/C(C)=N/OC(=O)N(C)SN(C)C(=O)O/N=C(\C)SC,-4.005499804878199,-3.214495313060862,0.7910044918173371,0.7910044918173371
Nc1cc(S(=O)(=O)[O-])c(O)c2c1C(=O)c1c(O)c(S(=O)(=O)O)cc(N)c1C2=O,-1.79911255615764,-0.6672753798862443,1.1318371762713957,1.1318371762713957
NCCCNc1ccccc1,-1.6542998956287491,-0.6730816199851883,0.9812182756435608,0.9812182756435608
CN(C)C(=O)NC1CC2CC1C1CCCC21,-3.009999936363966,-2.9418004766038632,0.06819945976010278,0.06819945976010278
CC(CCO)CC(C)(C)C,-2.5570799614137996,-3.0945819138824424,-0.5375019524686429,0.5375019524686429
O=C(O)c1occc1Br,-1.1699997609344963,-1.6576459440402596,-0.48764618310576324,0.48764618310576324
CCCCCCO[N+](=O)[O-],-3.1264998437307816,-3.737161063271261,-0.6106612195404795,0.6106612195404795
COc1ccc(NC(C)=O)cc1,-1.2999998563139001,-2.032175759750811,-0.7321759034369111,0.7321759034369111
CC(C)c1ccc(C#N)cc1,-2.988795224125567,-3.7142368635177045,-0.7254416393921375,0.7254416393921375
Clc1cccc(Oc2ccccc2)c1,-4.210700067763591,-5.011000396080327,-0.8003003283167356,0.8003003283167356
C=CC(OC(C)=O)OC(C)=O,-1.2448997889193716,-1.134528914839619,0.11037087407975266,0.11037087407975266
CCC1C(=O)NC(=O)NC1=O,-0.9199998960362101,-1.788128995586311,-0.868129099550101,0.868129099550101
COc1cc(Cl)c(OC)cc1Cl,-4.413000178178129,-3.9860783830952355,0.42692179508289385,0.42692179508289385
COC1OC(COS(=O)(=O)c2ccc(C)cc2)C2OC(C)(C)OC12,-4.1564426546695445,-3.224192807875477,0.9322498467940674,0.9322498467940674
COc1ccc(Cn2cc(F)c(=O)[nH]c2=O)cc1,-2.749999935392163,-3.058351591955196,-0.30835165656303287,0.30835165656303287
COc1ccc2cc(C(C)C(=O)OCC(=O)N(C)C)ccc2c1,-4.900000119279821,-4.278965556147936,0.621034563131885,0.621034563131885
CCC(C)=O,0.5200000987286284,-0.1514685320225566,-0.671468630751185,0.671468630751185
CS(=O)(=O)O,0.8747877871251482,1.7294186827995266,0.8546308956743784,0.8546308956743784
COC(=O)/C(C)=C/OP(=S)(OC)OC,-2.778500008327792,-2.456035186233999,0.3224648220937931,0.3224648220937931
COc1ccc2c(c1)[nH]c1c(C)nccc12,-4.480000097802258,-3.7126380977908453,0.767362000011413,0.767362000011413
CCN(CC)C(=O)Cn1cc(I)c(=O)c(I)c1,-3.180000023929787,-2.784567119291258,0.395432904638529,0.395432904638529
CC(O)(CCC(C)(O)C(=O)O)C(=O)O,-0.8371997596905887,0.9194855942901135,1.7566853539807021,1.7566853539807021
CCCCC(=O)OC1CCC2(C)C(=CCC3C4CCC(=O)C4(C)CCC32)C1,-4.760000250147546,-5.192581562721454,-0.432581312573908,0.432581312573908
CC(C)COP(=O)(OCC(C)C)OCC(C)C,-3.0021545297939585,-3.2949639333081775,-0.292809403514219,0.292809403514219
OC1CCCCC1,-0.37739981603619865,-0.6974952681509472,-0.32009545211474855,0.32009545211474855
CCCCCCCC1CCCC1=O,-3.769441555311867,-3.7770803787273537,-0.007638823415486495,0.007638823415486495
CC(C)c1ccccc1Br,-4.189799756627227,-4.552029718115911,-0.36222996148868347,0.36222996148868347
CC(=O)CC(=O)c1ccccc1,-2.626799977401497,-1.9108559008412973,0.7159440765601999,0.7159440765601999
OCC1OC(OCC2OC(OC3(CO)OC(CO)C(O)C3O)C(O)C(O)C2O)C(O)C(O)C1O,0.3000001071966065,-0.11017860932587764,-0.41017871652248417,0.41017871652248417
C#CC1(O)CCC2C3CCc4cc(OC)ccc4C3CCC21C,-5.489999745229012,-5.519859383252232,-0.029859638023220114,0.029859638023220114
CC(C)(C)c1ccccc1O,-2.189958740228775,-2.9456098986138186,-0.7556511583850436,0.7556511583850436
O=[N+]([O-])c1ccc(O)c([N+](=O)[O-])c1,-2.5975999009794,-2.188273569654725,0.40932633132467533,0.40932633132467533
C#CC(C)(C)N,1.0316562012812467,0.5608640703734995,-0.4707921309077472,0.4707921309077472
CCSCCSP(=O)(OC)OC,-1.843799804263803,-1.876394859637873,-0.032595055374069926,0.032595055374069926
CC(C)(C)C(=O)OCCc1ccccc1,-3.6752800787355526,-4.5692405698825995,-0.8939604911470469,0.8939604911470469
CCCCCCCCCCCCCCCCC(CO)CCCCCCCCCCCCCC,-5.6692042264647355,-7.0334558798408064,-1.364251653376071,1.364251653376071
CCOP(=O)(OCC)SCn1nnc2ccccc2c1=O,-1.9929999262586078,-2.9646584579461743,-0.9716585316875666,0.9716585316875666
NC(Cc1c[nH]c2ccccc12)C(=O)NCC(=O)O,-0.8499999614700724,-1.6026281406855487,-0.7526281792154763,0.7526281792154763
O=S1(=O)c2ccccc2-c2ccccc21,-4.5700001319817884,-3.9025174424082127,0.6674826895735757,0.6674826895735757
C=C[Si](OC(=C)C)(OC(=C)C)OC(=C)C,0.6452236347759337,-1.8997650243455417,-2.5449886591214756,2.5449886591214756
CCOC(=O)CN(N=O)C(N)=O,0.7566003109666788,-1.282645456558268,-2.039245767524947,2.039245767524947
CO[Si](OC)(C1CCCC1)C1CCCC1,-4.632799616606367,-5.425291624459133,-0.7924920078527657,0.7924920078527657
Clc1ccccc1-c1ccccc1,-4.591700033021951,-4.400235587342056,0.19146444567989462,0.19146444567989462
c1ccc2sc(SN(C3CCCCC3)C3CCCCC3)nc2c1,-6.78860000191555,-5.764096072448257,1.0245039294672935,1.0245039294672935
CCOc1ccccc1/C=C/C(=O)[O-],-3.324799968729369,-2.6123606370232637,0.7124393317061051,0.7124393317061051
CC(C)COC=O,-1.000599883397446,-1.1956396401904237,-0.19503975679297758,0.19503975679297758
CCCCI,-2.9586998792693002,-3.436152214156611,-0.47745233488731076,0.47745233488731076
Cc1c(Cl)cc(Cl)c(O)c1Cl,-3.2760998641976697,-3.327450534035793,-0.05135066983812342,0.05135066983812342
CCC(C)C(C)C,-3.7756030076699902,-4.321670392724096,-0.5460673850541058,0.5460673850541058
C=CC(=O)OCCCCCCCCCCOC(=O)C=C,-4.960875508744906,-4.312964483248491,0.6479110254964153,0.6479110254964153
CCCC(=O)OCOC(=O)c1cn(CC)c2nc(C)ccc2c1=O,-2.94999998690441,-3.585522488827733,-0.6355225019233233,0.6355225019233233
CCOC(=O)OCOc1ccc(NC(C)=O)cc1,-2.4299999633940987,-3.26437285616918,-0.8343728927750811,0.8343728927750811
C=C(C#N)C(=O)OCC,-6.717139880642648,-1.7139400822543567,5.003199798388291,5.003199798388291
CCC(O)C(Cl)(Cl)Cl,-0.9480998289526585,-0.37902770544158404,0.5690721235110745,0.5690721235110745
CC(C)C1OCCO1,-0.06509984788256196,-0.5746046629778006,-0.5095048150952386,0.5095048150952386
Brc1cccc2ccccc12,-4.346799848457799,-5.114360055115483,-0.7675602066576843,0.7675602066576843
COCC(NC(C)=O)C(=O)NCc1ccccc1,-3.39845723690131,-1.5723388248838854,1.8261184120174248,1.8261184120174248
Clc1ccc(Oc2c(Cl)cc(Cl)c(Cl)c2Cl)c(Cl)c1,-8.470000508879478,-8.49608704322408,-0.02608653434460173,0.02608653434460173
O=C1NC(=O)C2=C1CCCC2,-1.9745175705744686,-1.7277885984338661,0.24672897214060252,0.24672897214060252
CC(O)CCO,1.0452005061457257,1.2189482314248177,0.173747725279092,0.173747725279092
O=c1n(Cl)c(=O)n(Cl)c(=O)n1Cl,-1.2870998610767181,-1.1912746771112384,0.09582518396547979,0.09582518396547979
CCCCCCCN(C)N=Nc1ccc(C(=O)O)cc1,-3.3900000519219327,-3.581449866749108,-0.1914498148271755,0.1914498148271755
CCCCCCCC/C=C/CCCCCCCCO[P+](=O)OCCCCCCCC/C=C/CCCCCCCC,-9.534420441156966,-7.03897309158509,2.495447349571876,2.495447349571876
Cc1cc(C)c(C(=O)P(=O)(c2ccccc2)c2ccccc2)c(C)c1,-5.010576791486031,-5.3675279137082255,-0.3569511222221946,0.3569511222221946
CCCCCCCCCCCCCCCO,-6.347600151897749,-5.714344547911002,0.633255603986747,0.633255603986747
CC(C)N(C(=O)SCC(Cl)=C(Cl)Cl)C(C)C,-4.881800166658547,-4.431082393843088,0.4507177728154588,0.4507177728154588
Clc1ccc(Oc2cc(Cl)c(Cl)cc2Cl)cc1,-7.04000028786751,-7.463660092928574,-0.4236598050610638,0.4236598050610638
C#CC(OC(=O)C1C(C=C(C)C)C1(C)C)/C(C)=C/CC,-6.393099895424024,-5.815523243702604,0.5775766517214205,0.5775766517214205
CCCCCCCCC(CC)(CC)C(=O)NO,-5.219999780717332,-4.890475710213413,0.3295240705039193,0.3295240705039193
Cc1c(Cl)ccc(Cc2c(Cl)cccc2Cl)c1Cl,-7.990000326588648,-7.184529372104782,0.8054709544838659,0.8054709544838659
C=CC(=O)OCCN(C)S(=O)(=O)C(F)(F)C(F)(F)C(F)(F)C(F)(F)F,-5.308745840397293,-4.550463526740389,0.7582823136569043,0.7582823136569043
C=C/C=C\C#N,-0.722099807536619,-0.79911647822385,-0.07701667068723106,0.07701667068723106
Cn1nc(S(N)(=O)=O)sc1=NS(=O)(=O)c1ccccc1[N+](=O)[O-],-2.7899998930718524,-2.3948774627195064,0.39512243035234595,0.39512243035234595
C/C=C\CO,0.3621000714289102,0.09727970483367132,-0.2648203665952389,0.2648203665952389
O=c1[nH]c(=O)c2nccnc2[nH]1,-2.118299860201952,-2.7301435908080824,-0.6118437306061306,0.6118437306061306
CNCCC=C1c2ccccc2CCc2ccccc21,-4.019999946111366,-4.011298660537327,0.008701285574038486,0.008701285574038486
Nc1ccc(S(=O)(=O)N=C2CC=CN2)cc1,-1.6899998663982867,-3.1053615741973606,-1.4153617077990739,1.4153617077990739
CC(C)CC(C)O,-0.7944998920832762,-0.8664810649506602,-0.07198117286738404,0.07198117286738404
CCOC(=O)C(C)C,-1.2554966670954835,-1.145742083179801,0.10975458391568238,0.10975458391568238
CC(CO)CC(C)c1ccccc1,-2.346915871182848,-2.472833268519018,-0.12591739733617002,0.12591739733617002
O=C(O)CCCOc1cc(Cl)c(Cl)cc1Cl,-3.829400031997575,-4.281124573112413,-0.45172454111483784,0.45172454111483784
CCCCCCCCCCCCCCCCN,-3.58351012545773,-4.908727975034505,-1.3252178495767755,1.3252178495767755
CC(=O)CC(CC(=O)O)c1ccccc1,-1.4462998258378506,-1.7027554854850506,-0.2564556596472001,0.2564556596472001
Clc1cc(Cl)c(-c2c(Cl)cc(Cl)cc2Cl)c(Cl)c1,-8.710000600024893,-8.241877357496197,0.4681232425286961,0.4681232425286961
O=C(O)CC1(CC(=O)O)OCOC1=O,-0.6109998753053274,-0.5959590826561114,0.015040792649215984,0.015040792649215984
c1ccc(-c2cnc(-c3ccc(CN4CCOCC4)cc3)o2)cc1,-4.349999864395942,-3.696846990845574,0.653152873550368,0.653152873550368
O=C1OC(=O)C2CCCCC12,-1.564736302546372,-1.120287436040376,0.444448866505996,0.444448866505996
CCCCCOC(=O)CCCNC(=O)NC12CC3CC(CC(C3)C1)C2,-2.3199998296011755,-5.665327326547958,-3.3453274969467826,3.3453274969467826
CCC(C)(C)c1ccccc1,-4.500745818796683,-4.535012380080471,-0.03426656128378802,0.03426656128378802
CNC(=O)Oc1cc(C)cc(C)c1C,-1.9850998869113177,-2.657194573230629,-0.6720946863193111,0.6720946863193111
CS(=O)(=O)NS(=O)(=O)C1CCCCC1,-0.32999971797936967,-0.5447527544616779,-0.21475303648230826,0.21475303648230826
CN(C)C(=O)C(c1ccccc1)c1ccccc1,-2.9799999594775173,-3.3478622644088274,-0.3678623049313101,0.3678623049313101
ClC1C(Cl)C(Cl)C(Cl)C(Cl)C1Cl,-4.790400125506078,-5.067268999315621,-0.2768688738095424,0.2768688738095424
CCC(C)NCc1cccc(S(=O)(=O)c2csc(S(N)(=O)=O)c2)c1,-1.329999867707077,-2.173291714497123,-0.8432918467900461,0.8432918467900461
Cc1cc(Oc2ccccn2)nn1C,-0.9799999188225639,-0.8398449074406993,0.1401550113818646,0.1401550113818646
CC(=O)Nc1ncc2ncn(COCCOC(C)=O)c2n1,-0.7299997778704528,-2.377204082769212,-1.647204304898759,1.647204304898759
NNC(N)=S,-0.8457606028812128,-0.2782180936138623,0.5675425092673505,0.5675425092673505
NP(N)(=O)c1ccccc1,-1.148199928409723,0.1551146374714003,1.3033145658811234,1.3033145658811234
NC(=O)NN=C[C@H](O)[C@@H](O)[C@H](O)CO,-0.1287998200839371,-0.07267504089141097,0.05612477919252612,0.05612477919252612
CCOc1ccc(C2(C(=O)OC(C#N)c3cccc(Oc4ccccc4)c3)CC2(Cl)Cl)cc1,-6.724300164752686,-6.467561825988796,0.2567383387638893,0.2567383387638893
CCC(C)(OOC(C)(C)C)OOC(C)(C)C,-4.450760890750482,-4.375780255048738,0.07498063570174374,0.07498063570174374
NS(=O)(=O)c1cc2c(s1)SCCC2O,-2.5899998286195824,-2.046580800441302,0.5434190281782803,0.5434190281782803
CC(C)(O)C#N,1.0700000775586829,1.308193948527832,0.23819387096914912,0.23819387096914912
O=I(=O)c1ccccc1,-1.84159979330633,-2.3116856405030917,-0.4700858471967617,0.4700858471967617
COC(C)C(C)Cl,-1.9985998851369016,-1.1986618774653364,0.7999380076715652,0.7999380076715652
FC(F)(F)C(F)(F)C(F)(F)F,-4.518000149040792,-4.994177537964523,-0.4761773889237313,0.4761773889237313
c1ccc2c(c1)ccc1cc3ccc4ccccc4c3cc12,-8.431800180590985,-7.139394019627364,1.2924061609636208,1.2924061609636208
C=CC(C)CC/C=C(\C)CCC=O,-3.7935759750337485,-3.5419963921225204,0.2515795829112282,0.2515795829112282
N[C@@H](COP(=O)(O)O)C(=O)O,-0.8149407116281084,0.34233434151285014,1.1572750531409586,1.1572750531409586
Cc1cccc(Cl)c1O,-0.7738999275083938,-1.4695581887464384,-0.6956582612380446,0.6956582612380446
O=Cc1cccc2c1OC(F)(F)O2,-2.1558331734360503,-3.3058466307132366,-1.1500134572771863,1.1500134572771863
C#C[C@]1(O)CC[C@H]2[C@@H]3CCC4=CC(=O)CC[C@]4(C)[C@H]3CC[C@@]21C,-5.657600027881594,-4.864754119025318,0.7928459088562763,0.7928459088562763
CCCC(=O)N(CSP(=S)(OC)OC)c1ccccc1Cl,-5.204000115107355,-5.369089826249462,-0.16508971114210702,0.16508971114210702
CC(CN1c2ccccc2Sc2ccccc21)N(C)C,-4.259699759708754,-4.425315077333454,-0.16561531762469972,0.16561531762469972
CC(C)OC(=O)CCCCCCCCC(=O)OC(C)C,-5.155961090472816,-4.920181724283081,0.23577936618973538,0.23577936618973538
O=c1nc(-c2ccccc2)[nH]c(-c2ccccc2)n1,-5.493585132306704,-4.628393797561098,0.8651913347456057,0.8651913347456057
CCNC(=O)NC(=O)/C(C#N)=N/OC,-2.299999868014695,-1.8321038177838853,0.4678960502308096,0.4678960502308096
CN(CC(=O)O)C(=O)COC(=O)c1ccccc1,-2.25399984594426,-1.5484881884939927,0.7055116574502671,0.7055116574502671
CCC1CCC(O)O1,-0.06509984788256196,0.21749175974389523,0.2825916076264572,0.2825916076264572
CCCOCC(O)COCCC,-0.3430998522395985,-0.6333331818467038,-0.29023332960710535,0.29023332960710535
C1COCO1,1.1303004469065185,0.8499799340974441,-0.28032051280907444,0.28032051280907444
CNC(=O)CCSCCSP(=O)(OC)OC,0.5416002063110925,-1.5066438116900192,-2.0482440180011117,2.0482440180011117
COc1cc(OC)nc(NC(=O)NS(=O)(=O)Nc2ccccc2C(=O)C2CC2)n1,-6.394300177454653,-4.4419081206400355,1.9523920568146176,1.9523920568146176
CCN(CC)CC(C)OC(=O)c1ccc(N)cc1,-2.349999806487624,-2.3937111353093394,-0.043711328821715245,0.043711328821715245
CCCCCCC(CCC)(CCC)C(=O)NO,-2.819999861331619,-4.689123292579728,-1.8691234312481089,1.8691234312481089
CNS(=O)(=O)c1cc(OC)c(N/N=C2\C(=O)C(C(=O)Nc3ccc4[nH]c(=O)[nH]c4c3)=Cc3ccccc32)cc1C,-8.217168331737804,-6.595646383877278,1.6215219478605265,1.6215219478605265
O=C(NC1CCCCC1)c1cccnc1,-2.318999893633962,-2.643335428978861,-0.3243355353448987,0.3243355353448987
C1=C\CCCCCC/1,-3.770339972484977,-3.918853893684557,-0.14851392119958007,0.14851392119958007
CCCCCCCCCC(=O)OOC(=O)CCCCCCCCC,-6.449752489529743,-6.40495889168754,0.044793597842202715,0.044793597842202715
O=C(O)c1ccncc1C(=O)O,-1.8537999230839557,-1.3756105848709586,0.47818933821299714,0.47818933821299714
CCC#CC(C)O,-0.41209978182506646,-0.45890525994307874,-0.04680547811801228,0.04680547811801228
O=C(O)c1ccccc1Br,-2.049999865089496,-2.0709146690516675,-0.02091480396217138,0.02091480396217138
N=C(N)NC(=O)c1nc(Cl)c(N)nc1N,-2.8699998192145824,-2.972055786024973,-0.10205596681039042,0.10205596681039042
COc1ccc(C=O)c(C(=O)O)c1OC,-1.9246999311461521,-2.3177099631237,-0.393010031977548,0.393010031977548
C#CC1(OC(=O)C(C)(C)C)CCC2C3CCC4=CC(=O)CCC4C3CCC21C,-7.160000333440218,-5.974896570265768,1.1851037631744497,1.1851037631744497
C=CCOc1ccc(CC(=O)O)cc1Cl,-3.130000068203494,-3.1329327432655933,-0.002932675062099488,0.002932675062099488
CSc1ccc(C(=O)C(C)(C)N2CCOCC2)cc1,-4.19338127895137,-3.7303163086830753,0.46306497026829474,0.46306497026829474
COCCOC,1.0451693120635128,0.7164976957708582,-0.3286716162926546,0.3286716162926546
CCCCOC1=CC(=O)C2(Oc3c(Cl)c(OC)cc(OC)c3C2=O)C(C)C1,-5.4000001251302185,-4.940699562845057,0.45930056228516136,0.45930056228516136
OCc1ccccc1CO,0.056900207651484624,-0.021104045594296128,-0.07800425324578075,0.07800425324578075
Nc1ccc(CCc2ccc(N)cc2)cc1,-3.645700635344598,-2.361649139871135,1.284051495473463,1.284051495473463
NC1CN(c2cc3c(cc2F)c(=O)c(C(=O)O)cn3C2CC2)C1,-5.320000278784297,-4.100785786710209,1.2192144920740882,1.2192144920740882
CC(=O)OCC(=O)C1(O)C(C)CC2C3CCC4=CC(=O)C=CC4(C)C3(F)C(O)CC21C,-4.900000119279821,-3.971070716905006,0.9289294023748149,0.9289294023748149
C1CCN2C[C@@H]3C[C@@H](CN4CCCC[C@@H]34)[C@H]2C1,-1.887099881899886,-1.029456203794097,0.857643678105789,0.857643678105789
Oc1ccc(Cl)cc1,-0.6876596083969737,-0.8882665426765395,-0.20060693427956577,0.20060693427956577
CN(C)[P+](CC1CCCCC1)(N(C)C)N(C)C,-1.5071433310861604,-0.5625557416827589,0.9445875894034015,0.9445875894034015
COC(=O)c1ccccc1C(=O)c1ccccc1,-3.477600074147856,-3.88039766350039,-0.40279758935253396,0.40279758935253396
O=C(O)[C@H]1CC[C@H](C(=O)O)SS1,-1.5240997992532115,-1.0095850213169286,0.5145147779362829,0.5145147779362829
O=[N+]([O-])c1cccc(OC2OC(CO)C(O)C(O)C2O)c1,-1.2799997567005073,-1.881055200309692,-0.6010554436091848,0.6010554436091848
O=C(O)Cc1ccccc1C(=O)O,-1.0514997918462496,-1.3000690077970356,-0.24856921595078596,0.24856921595078596
CN(C)C(=O)Nc1ccc(Cl)cc1,-2.890000040679859,-2.860611442140401,0.029388598539457966,0.029388598539457966
FC(F)(F)F,-3.6703395434314685,-2.5126459581852467,1.1576935852462218,1.1576935852462218
CCCCCC(C)CO,-2.528126884151524,-2.531362269485981,-0.0032353853344573302,0.0032353853344573302
CN(C)C(=O)OC1=CC(=O)CC(C)(C)C1,-0.8476997429741635,-1.6976309603066762,-0.8499312173325126,0.8499312173325126
CCN(CC)CCOC(=O)c1ccc(N)cc1,-1.7199998777914636,-2.3845493229419263,-0.6645494451504628,0.6645494451504628
O=[N+]([O-])c1cccc([N+](=O)[O-])c1,-2.498899857974772,-2.2198526089262813,0.27904724904849054,0.27904724904849054
CCOP(=S)(OCC)SCCSCC,-4.226200075950515,-4.596748091290831,-0.370548015340316,0.370548015340316
CCCCCCCCCCCCCCCC(=O)OCC(O)CO,-4.72679138909383,-5.348192275651346,-0.6214008865575167,0.6214008865575167
COC(=O)c1ccc(C(C)(C)C)cc1,-3.739816425012893,-4.742192846065267,-1.0023764210523738,1.0023764210523738
CCCCCCCC(=O)Oc1c(Br)cc(C#N)cc1Br,-6.702300331231778,-6.262877576715583,0.43942275451619484,0.43942275451619484
C1OC1C1CO1,1.0650001906822473,0.7417113479211528,-0.3232888427610945,0.3232888427610945
CCOP(=S)(OCC)SCn1c(=O)oc2ccccc21,-5.190499840827947,-4.9112211551540135,0.2792786856739333,0.2792786856739333
CCN(C#N)CCC[NH+](C)C,0.7173645047810178,-0.32562757750073734,-1.042992082281755,1.042992082281755
O=Cc1ccccc1Cl,-1.9805721210889025,-2.57480475638898,-0.5942326353000777,0.5942326353000777
CC(C)=CCC1(C(C)C)C(=O)NC(=O)NC1=O,-2.5899998286195824,-2.9431214114093334,-0.3531215827897509,0.3531215827897509
O=C(O)c1cccc(Cl)c1Cl,-2.331672800093443,-2.423770498274868,-0.09209769818142499,0.09209769818142499
Clc1cc(Cl)c(-c2cc(Cl)c(Cl)c(Cl)c2Cl)cc1Cl,-8.011501054794152,-8.984744273463509,-0.9732432186693565,0.9732432186693565
CC1CC(C)(C)OC(Cc2ccccc2)O1,-2.744685347155351,-2.915419082267549,-0.17073373511219803,0.17073373511219803
O=C1CCC(=O)N1Cl,-0.9701998700120014,-0.7316425741823824,0.23855729582961893,0.23855729582961893
O=C1CNC(=S)N1c1ccccc1,-3.2425000074077226,-3.002335508956221,0.24016449845150145,0.24016449845150145
CC(C)(C)c1cccc(O)c1,-1.8613998919235888,-2.973355982286848,-1.1119560903632593,1.1119560903632593
Nc1nc(N)nc(NC2CC2)n1,-1.178999805760523,-1.9068591935645174,-0.7278593878039943,0.7278593878039943
C=CC(=O)O[Si](C(C)C)(C(C)C)C(C)C,-4.943738087295639,-5.32906616244756,-0.38532807515192147,0.38532807515192147
O=S(=O)(O)c1c(Br)c(Br)c(Br)c(Br)c1Br,-2.0060998534784678,-1.46065793737811,0.5454419161003579,0.5454419161003579
COc1ccc(C(=O)O)cc1C(=O)O,-3.116499845684177,-2.0192850123167627,1.0972148333674143,1.0972148333674143
CC(=O)NC(Cc1ccccc1)C(=O)O,-1.409999852079911,-1.406469675767198,0.003530176312713129,0.003530176312713129
CC(C)CCCC(C)CCO,-3.3932597299929803,-3.710602476886095,-0.3173427468931145,0.3173427468931145
Cc1ccc(N(CC(C)O)CC(C)O)cc1,-1.5038217134381526,-1.625479186175509,-0.12165747273735628,0.12165747273735628
CC(C)(O)CCCC1=CCC(C=O)CC1,-1.5375999355057077,-2.579541184396285,-1.0419412488905775,1.0419412488905775
Clc1ccc(Cl)c(-c2c(Cl)cccc2Cl)c1,-6.800000196722096,-6.762568402282102,0.03743179443999445,0.03743179443999445
CCCCN(CC)c1c([N+](=O)[O-])cc(C(F)(F)F)cc1[N+](=O)[O-],-5.530000220509622,-5.78017675985584,-0.2501765393462172,0.2501765393462172
CN1CC(C(=O)O)CC1=O,-0.9539997893251531,-0.11453253025206722,0.8394672590730858,0.8394672590730858
CCC(C)C1NC(=O)C(Cc2ccccc2)NC(=O)C2CCCN2C(=O)C(Cc2ccccc2)N(C)C(=O)C2CCC=NN2C(=O)C2CCC=NN2C1=O,-4.039999976711302,-2.8109445453538395,1.2290554313574624,1.2290554313574624
C=C(OCC)C1C(C)(C)CC(=O)CC1(C)C,-3.6433441708818677,-2.4306745354219492,1.2126696354599185,1.2126696354599185
CCOC(=O)c1[nH]c(C=O)c(CC)c1C,-2.7185999687861413,-3.565602444823559,-0.8470024760374177,0.8470024760374177
COc1cc(OC)n2nc(S(=O)(=O)Nc3c(Cl)ccc(C)c3Cl)nc2n1,-3.3203999468144225,-5.34510544178141,-2.0247054949669874,2.0247054949669874
COc1c2c(cc3oc(=O)ccc13)OC(C)(C)C=C2,-3.8099999353725837,-4.394338111453986,-0.5843381760814021,0.5843381760814021
CC1CC(O)CC(C)(C)C1,-1.9916597539522156,-2.046080728937511,-0.05442097498529552,0.05442097498529552
Cc1cc(O)cc(C)c1Cl,-2.6700000027794215,-2.1776663394601794,0.4923336633192421,0.4923336633192421
Nc1cccc(S(=O)(=O)O)c1,-1.2051064920343422,-0.9136730184235207,0.2914334736108215,0.2914334736108215
O=C1CCCCCCC/C=C\CCCCCCO1,-5.629397540969199,-3.206021633865447,2.423375907103752,2.423375907103752
Cc1[nH]cnc1S(=O)(=O)O,0.18800010146925628,-0.5561018793106194,-0.7441019807798757,0.7441019807798757
CC(C)C(C)(C)C(C)(C)C(C)(C)S,-7.711833585721378,-5.378931973268321,2.332901612453057,2.332901612453057
ClC(Cl)c1ccccc1,-2.8089999445711653,-3.5185306437779826,-0.7095306992068173,0.7095306992068173
Clc1cc(Oc2cc(Cl)c(Cl)c(Cl)c2Cl)c(Cl)c(Cl)c1Cl,-10.100001173917724,-9.608876574591415,0.4911245993263087,0.4911245993263087
CCOc1ccc([N+](=O)[O-])cc1N,-3.21129985201083,-2.70797922920754,0.5033206228032898,0.5033206228032898
NS(=O)(=O)c1nnc(NS(=O)(=O)c2cccc([N+](=O)[O-])c2)s1,-1.4599999630864808,-1.8218917586396723,-0.3618917955531915,0.3618917955531915
CC(C)C(C)(C)O,-0.4109997073328735,-0.2356969708581671,0.1753027364747064,0.1753027364747064
CCCCC(=O)N(Cc1ccc(-c2ccccc2-c2nnn[nH]2)cc1)C(C(=O)O)C(C)C,-4.199999807430057,-4.942276658346662,-0.7422768509166051,0.7422768509166051
O=S(=O)([O-])OCCS(=O)(=O)c1ccc(N=Nc2c(S(=O)(=O)[O-])cc3cc(Nc4nc(Cl)nc(Cl)n4)ccc3c2O)cc1,-1.5783821952184112,-0.388804703757768,1.1895774914606432,1.1895774914606432
CC(C)CCOCCC(C)C,-3.760107002263528,-4.672223277419867,-0.9121162751563392,0.9121162751563392
OCCN1CCN(CCCN2c3ccccc3Sc3ccc(Cl)cc32)CC1,-4.154600133415306,-3.7088257944690928,0.445774338946213,0.445774338946213
CCCCCCCCCCCCCCCCCC(=O)OCCCCCCCC,-6.899492479697436,-7.113605347359821,-0.2141128676623847,0.2141128676623847
C#CC(C)(O)CCCC(C)CCCC(C)C,-4.953059734827664,-4.572447625193277,0.3806121096343871,0.3806121096343871
CCCCCCCCCCCCOC(=O)c1ccc(N)cc1,-7.800000760530541,-5.758239038445533,2.041761722085008,2.041761722085008
O=C(NCN1CCCCC1)c1ccccc1,-2.1500000180891794,-2.414747471967919,-0.26474745387873977,0.26474745387873977
NS(=O)(=O)c1cc2c(cc1C(F)(F)F)NCNS2(=O)=O,-2.969999970057595,-2.3234351469183103,0.6465648231392849,0.6465648231392849
CC1(C)CNCC(C)(C)C1OC(=O)CCCCCCCCC(=O)OC1C(C)(C)CNCC1(C)C,-4.4077467358635305,-4.730639855466643,-0.32289311960311284,0.32289311960311284
COC(=O)c1ccccc1S(=O)(=O)NC(=O)Nc1nc(C)nc(OC)n1,-1.6039998521414347,-3.9183463687274944,-2.3143465165860597,2.3143465165860597
CCOC(=O)c1ccccc1S(=O)(=O)NC(=O)Nc1nc(Cl)cc(OC)n1,-4.57999990573466,-4.520241153991262,0.05975875174339773,0.05975875174339773
O=CNC(N1C=CN(C(NC=O)C(Cl)(Cl)Cl)C=C1)C(Cl)(Cl)Cl,-4.190000033677186,-4.13917107106138,0.05082896261580583,0.05082896261580583
CCOC(=S)SC(C)C(=O)O,-1.4488998387875915,-1.6622334065023074,-0.2133335677147159,0.2133335677147159
OCc1cccc(O)c1,-0.2677998222624556,0.16488252601136333,0.4326823482738189,0.4326823482738189
CCCC(=O)Oc1ccc(NC(C)=O)cc1,-2.829999855064882,-3.4090736803922614,-0.5790738253273795,0.5790738253273795
O=S(=O)([O-])CCO,0.5569424497370905,1.6732649179553873,1.1163224682182968,1.1163224682182968
Nc1cc(S(=O)(=O)O)cc2ccccc12,-2.3399998256943837,-1.9129047723296422,0.4270950533647415,0.4270950533647415
CC(=O)N/N=C/c1ccc([N+](=O)[O-])o1,-2.5957998575074663,-3.368930243737085,-0.7731303862296186,0.7731303862296186
Nc1ccc(C(=O)O)c(S(=O)(=O)O)c1,-1.8599998849506514,-1.2267270275998483,0.6332728573508031,0.6332728573508031
C=CCO,1.2360000761883687,0.7001884357962656,-0.5358116403921032,0.5358116403921032
Cc1cc(=S)n(C)n1-c1ccccc1,-1.6667998888736635,-2.2562962687000767,-0.5894963798264132,0.5894963798264132
O=C(c1ccc(O)c(O)c1)c1c(O)cc(O)cc1O,-1.7199998777914636,-1.9025944380237678,-0.18259456023230425,0.18259456023230425
O=C(O)[C@@H]1C[C@@H](C2CCCCC2)CN1,0.6312685618200158,-2.0286268117780053,-2.659895373598021,2.659895373598021
Cc1cc(N(C)C)nc(Cl)n1,-1.2614998715984875,-1.3145258085796936,-0.05302593698120606,0.05302593698120606
CCC(O)OC(O)CC,0.8723002661090504,0.38077732111342266,-0.49152294499562776,0.49152294499562776
C=CC(C)CCCC(C)(C)O,-2.2212070670181117,-2.157575694192222,0.06363137282588971,0.06363137282588971
CCC(Br)(CC)C(N)=O,-1.439999863473088,-1.4049038984724131,0.0350959650006748,0.0350959650006748
C=C(C)[C@@H]1[C@H]2OC(=O)[C@@H]1[C@]1(O)[C@H]3O[C@H]3[C@]3(CO3)[C@]1(C)[C@@H]2O,-1.1899998605478892,-2.822767154272562,-1.6327672937246729,1.6327672937246729
CCCCOC(=O)c1cccnc1,-1.8366998379145048,-2.1211179556733573,-0.2844181177588525,0.2844181177588525
COC(=O)NC(=S)Nc1ccccc1NC(=S)NC(=O)OC,-4.1097002548505195,-4.104679663937217,0.005020590913302314,0.005020590913302314
C=CC(=O)OCCN(C)C,0.22431084132636636,-0.36669555292220357,-0.5910063942485699,0.5910063942485699
Cc1ccc(S(=O)(=O)NCl)cc1,-0.3599995913456344,-2.6054415894494536,-2.245441998103819,2.245441998103819
CC(=O)OCC(=O)C1(O)CCC2C3CCC4=CC(=O)CCC4(C)C3C(=O)CC21C,-4.209999995263667,-3.8583685682740443,0.3516314269896226,0.3516314269896226
CC[NH+](CC)CC,0.5951974366829118,0.5455571618370882,-0.04964027484582356,0.04964027484582356
Cc1cncc(C)c1,-0.5114998628228915,0.44627882057603996,0.9577786833989315,0.9577786833989315
CCOS(=O)(=O)c1ccccc1,-2.1307999224603225,-2.5010845479449633,-0.3702846254846408,0.3702846254846408
O=C([O-])C1=NN(c2ccc(S(=O)(=O)[O-])cc2)C(=O)C1N=Nc1ccc(S(=O)(=O)[O-])cc1,-0.5049963107622717,0.7450538076329396,1.2500501183952113,1.2500501183952113
C=C(C)C1CC=C(C)C(=O)C1,-2.062799790815155,-1.7713134528968673,0.29148633791828793,0.29148633791828793
O=P(N1CCOCC1)(N1CCOCC1)N1CCOCC1,0.2984000992275351,0.2607162676454142,-0.03768383158212085,0.03768383158212085
O=CNCC(=O)O,0.26720021988446696,0.35254998935678694,0.08534976947231998,0.08534976947231998
COc1cc(C=O)ccc1O,-1.228026412953613,-1.7230686301358704,-0.4950422171822575,0.4950422171822575
C=CCC1(C)C(=O)NC(=O)NC1=O,-1.1599998491547125,-1.774164812854172,-0.6141649636994595,0.6141649636994595
Cc1cccc([N+](=O)[O-])c1C,-3.0033599705804397,-3.096877784530609,-0.09351781395016934,0.09351781395016934
O=S(=O)(CCl)CCCl,-1.4999998862594417,-1.788403255061341,-0.2884033688018992,0.2884033688018992
CCOC(=O)CN(C(=O)CCl)c1c(CC)cccc1CC,-3.472700084249303,-4.0100184609243925,-0.5373183766750893,0.5373183766750893
Clc1nc(Cl)nc(Cl)n1,-2.622338688790789,-3.0664006831145634,-0.44406199432377447,0.44406199432377447
CCC(C)(C)OOC(C)(C)CC,-4.1004351983525975,-3.8489122064754717,0.2515229918771258,0.2515229918771258
CC(=O)N(O)CCCCCNC(=O)CCC(=O)N(O)CCCCCNC(=O)CCC(=O)N(O)CCCCCN,-1.6694998333080153,-0.6664601929413396,1.0030396403666757,1.0030396403666757
Nc1nc2c(ncn2COC(CO)CO)c(=O)[nH]1,-1.7699998507711208,-1.9699206532689182,-0.19992080249779742,0.19992080249779742
Cc1c(O)cccc1O,0.19277279604780606,-0.11455378639658376,-0.3073265824443898,0.3073265824443898
O=c1ccc2ccc[nH]c-2c1,-2.5037998478733248,-2.4697542331696343,0.0340456147036905,0.0340456147036905
O=C1C2CC=CCC2C(=O)N1SC(Cl)(Cl)Cl,-4.770400025892686,-4.6950365035358175,0.07536352235686827,0.07536352235686827
CCCCCCCCN,-2.749999935392163,-1.8871290745918685,0.8628708608002946,0.8628708608002946
Cc1ccc2[nH]c3cc4c(=O)c5cc(C)ccc5[nH]c4cc3c(=O)c2c1,-7.783778733564613,-6.567203178029577,1.2165755555350364,1.2165755555350364
CN(C)Cc1cc(C(C)(C)C)c(O)c(C(C)(C)C)c1,-2.711386837622001,-4.352202221810927,-1.640815384188926,1.640815384188926
Cc1cnc2c(C(=O)O)c(Cl)ccc2c1,-2.9972998472294154,-3.4976050047031846,-0.5003051574737691,0.5003051574737691
CC1(C)CCC2(CCC(C)(C)O2)O1,-1.9643999218383685,-2.2899165879797936,-0.32551666614142505,0.32551666614142505
CC1=CCC(/C=C/C(C)(C)C(C)O)C1(C)C,-4.216746336663279,-4.7843479214491555,-0.5676015847858764,0.5676015847858764
CCCCCOC(=O)CCOCC,-2.195599900140434,-2.31617717426099,-0.12057727412055597,0.12057727412055597
CCC1(c2ccccc2)NC(=O)NC1=O,-2.640000025892973,-2.8098733874998043,-0.16987336160683153,0.16987336160683153
CCCCC(C)(C)C,-5.756800245910198,-4.992724942737944,0.7640753031722545,0.7640753031722545
CC(=O)Nc1ccc(NNC2=C3C(=O)C=C(S(=O)(=O)[O-])C=C3C=CC2=N)c(C(F)(F)F)c1,-1.3288180812827164,-2.1717137908340427,-0.8428957095513263,0.8428957095513263
O=C1CC/C=C\CCCCCCCCCC1,-4.883187337128627,-3.4597067828193073,1.4234805543093194,1.4234805543093194
Oc1c(O)c(Cl)c(Cl)c(Cl)c1Cl,-3.5499999516541445,-2.6099977888158326,0.940002162838312,0.940002162838312
CC(C)CCCCCCCOC(=O)CCCCCCCC(=O)OCCCCCCCC(C)C,-6.971983385952482,-6.980516761787529,-0.008533375835046542,0.008533375835046542
CNC1(c2ccccc2Cl)CCCCC1=O,-0.13699999895234072,-2.294677964351523,-2.1576779653991824,2.1576779653991824
C#CC1(O)CCCCC1,-0.7048959951424649,-1.340238842099217,-0.6353428469567521,0.6353428469567521
ClC1=C(Cl)C2(Cl)C3C(Cl)C(Cl)CC3C1(Cl)C2(Cl)Cl,-6.8643999653695715,-7.022251407196109,-0.1578514418265371,0.1578514418265371
CC(C)c1ccc(OP(=O)(Oc2ccc(C(C)C)cc2)Oc2ccc(C(C)C)cc2)cc1,-6.137134783423656,-6.936596046139634,-0.7994612627159778,0.7994612627159778
CCc1[nH]c(=O)[nH]c1C(=O)c1ccncc1,-1.9899999113165987,-3.0524520284100745,-1.0624521170934758,1.0624521170934758
COC(=O)CCl,-0.3727676328545182,-0.4480643501857626,-0.07529671733124443,0.07529671733124443
CC(C)(C)CC(=O)OCC(=O)C1(O)CCC2C3CCC4=CC(=O)CCC4(C)C3C(O)CC21C,-5.5110999193345975,-4.491571722034062,1.0195281973005352,1.0195281973005352
O=[N+]([O-])c1cccc(CO)c1,-2.414199988219703,-1.6845063952829449,0.7296935929367581,0.7296935929367581
N#CCCCl,-0.28999979480640903,-0.5026791149561318,-0.2126793201497228,0.2126793201497228
CCN(OC(=O)c1ccccc1)C(=O)c1c(OC)ccc(Cl)c1OC,-4.0837001253531096,-4.352385797604479,-0.26868567225136974,0.26868567225136974
O=CO,0.9252714064060155,0.8877460297193824,-0.03752537668663303,0.03752537668663303
O=P(Oc1ccccc1)(Oc1ccccc1)Oc1ccc(-c2ccc(OP(=O)(Oc3ccccc3)Oc3ccccc3)cc2)cc1,-7.813287231122571,-6.582122230942016,1.231165000180555,1.231165000180555
CCCO,0.6200003207417679,0.8900196090211892,0.27001928827942123,0.27001928827942123
O=C1C=CC(=NNc2ccc(N=Nc3ccccc3)c3ccccc23)C=C1,-6.009200122762092,-6.5591857467932515,-0.5499856240311596,0.5499856240311596
c1coc(CNc2ncnc3[nH]cnc23)c1,-3.9500000115452276,-2.200491159836775,1.7495088517084527,1.7495088517084527
C[C@@H]1NC(=O)[C@@H](C)NC1=O,-0.15279993962000882,-0.2516793831040882,-0.0988794434840794,0.0988794434840794
O=C(Nc1ccc2c(O)c(N=Nc3ccccc3)c(S(=O)(=O)[O-])cc2c1)Nc1ccc2c(O)c(N=Nc3ccccc3)c(S(=O)(=O)[O-])cc2c1,-1.887246604507816,-1.9136893172999843,-0.026442712792168255,0.026442712792168255
CN(C)P(=O)(N(C)C)N(C)C,0.7467001926445929,1.4785094966020478,0.7318093039574549,0.7318093039574549
COC(=O)Nc1cccc(OC(=O)Nc2cccc(C)c2)c1,-4.77899979267262,-5.272611774988114,-0.4936119823154943,0.4936119823154943
CN1CC(=O)N=C1N,-0.14989971813569802,-1.3562187698607142,-1.2063190517250162,1.2063190517250162
C=CCC1(CC(C)C)C(=O)NC(=O)NC1=O,-2.119299796169165,-2.515709603533893,-0.39640980736472775,0.39640980736472775
CC(C)CC(C)(C)C,-4.6704002179602835,-5.124308344830013,-0.45390812686972914,0.45390812686972914
OCCOc1ccccc1,-0.7424609855529698,-0.8537921128626076,-0.11133112730963779,0.11133112730963779
CC/C(C)=C/CC/C(C)=C/C#N,-3.5896410738682025,-3.8449043190187835,-0.25526324515058096,0.25526324515058096
CCOc1nc(F)cc2nc(S(=O)(=O)Nc3c(Cl)cccc3C(=O)OC)nn12,-4.429200120838065,-4.578736131324307,-0.14953601048624243,0.14953601048624243
CC(=O)NC(CC(C)C)C(=O)O,-1.1299998377615357,-0.815521252821855,0.3144785849396807,0.3144785849396807
COc1c2occc2c(OC)c2c(=O)cc(C)oc12,-3.0209998531244198,-3.0203749017715933,0.000624951352826475,0.000624951352826475
O=[N+](O)OCCCCCCCO[N+](=O)O,-3.4000000672219013,-3.2959213224796295,0.10407874474227174,0.10407874474227174
COc1ccc(-c2c(Cl)ncn2-c2ccc(S(=O)(=O)NP(=O)(O)O)cc2)cc1F,-2.5499998709398937,-3.064909354085679,-0.5149094831457854,0.5149094831457854
C[C@@]12C(=O)OC(=O)[C@]1(C)[C@H]1CC[C@@H]2O1,-3.8155998942508775,-2.680458112148433,1.1351417821024445,1.1351417821024445
O=Cc1ccc([N+](=O)[O-])cc1,-1.8100998434556048,-2.7705027980341397,-0.9604029545785349,0.9604029545785349
Cc1ccccc1Oc1ccccc1C,-4.843927928340937,-4.570568112726503,0.2733598156144339,0.2733598156144339
C=CCC(C(=O)NC(N)=O)C(C)C,-2.7469000062189077,-1.863029575678836,0.8838704305400717,0.8838704305400717
CC(C)OC(=O)c1cccc([N+](=O)[O-])c1C(=O)[O-],-2.346599962086988,-2.312251826897944,0.034348135189044005,0.034348135189044005
CS(C)(=O)=O,0.20000016123729214,-0.11404253471288461,-0.31404269595017675,0.31404269595017675
Cc1noc(C)c1N=C1C=C(O)C(=O)c2ccccc21,-3.89000005777233,-3.8410620638570308,0.048937993915299405,0.048937993915299405
CC(C#N)CCC#N,-0.31550054293459073,0.27361074180609846,0.5891112847406892,0.5891112847406892
CN(C)C(=O)n1cc(F)c(=O)[nH]c1=O,-1.5299998976526186,-1.352207983838865,0.1777919138137536,0.1777919138137536
CCCCC(CC)COC(=O)OOC(C)(C)CC,-6.08823874968974,-5.814754157746456,0.27348459194328445,0.27348459194328445
CC(=O)N[C@@H](Cc1cc(Br)c(O)c(Br)c1)C(=O)O,-2.182999975410909,-2.352254545115882,-0.169254569704973,0.169254569704973
CCC(C)C1NC(=O)C(Cc2ccccc2)NC(=O)C2CCCN2C(=O)C(Cc2ccccc2)N(C)C(=O)C(CCCN)NC(=O)C2CCC=NN2C1=O,-2.6999999796658702,-2.2272631358285824,0.47273684383728787,0.47273684383728787
CCCCN(CC)N=O,-1.035399918697837,-1.416876766938697,-0.3814768482408599,0.3814768482408599
CCCCCCCC/C=C/CCCCCCCCN(CCO)CCO,-4.780118500797992,-4.7166545546169,0.06346394618109219,0.06346394618109219
CC(=O)C(C)O,1.0550004169293756,0.8097895337853078,-0.2452108831440678,0.2452108831440678
Cc1ccc(S(=O)(=O)Nc2cc(S(=O)(=O)[O-])cc3c2C(=O)/C(=N/Nc2ccc(Oc4ccccc4C)cc2Oc2ccccc2C)C(S(=O)(=O)[O-])=C3)cc1,-2.566969072089618,-1.918830405707852,0.6481386663817661,0.6481386663817661
O=[N+]([O-])c1ccn[nH]1,-1.2854726618058947,-1.4611996930094595,-0.1757270312035648,0.1757270312035648
O=[N+]([O-])c1cccc([N+](=O)[O-])c1O,-2.7667998551604547,-2.085720953976638,0.6810789011838168,0.6810789011838168
CC(C)(C)NC(N)=O,-0.7305999188857668,-0.7152587796750689,0.015341139210697907,0.015341139210697907
CCCCCCCCCCCCCCCCCCCCCC(=O)NCCCN(C)C,-6.6281415077667365,-5.716295696345336,0.9118458114214008,0.9118458114214008
O=C1Cc2cc(CCCl)c(Cl)cc2N1,-4.7775741126939675,-4.463953226988225,0.31362088570574276,0.31362088570574276
CC(C)CCCCCOC(=O)CS,-4.2850370839726,-4.091931912384463,0.19310517158813756,0.19310517158813756
CCc1nc2nc(N)nc(N)c2nc1CC,-3.2671000609187395,-1.873877524808687,1.3932225361100525,1.3932225361100525
CNC(=O)O/N=C(\SC)C(=O)N(C)C,0.10620010813121672,-1.2685876915794907,-1.3747877997107074,1.3747877997107074
CCSc1nnc(C(C)(C)C)c(=O)n1N,-2.7353000002032317,-2.9736273949568086,-0.2383273947535769,0.2383273947535769
FC(F)=C(F)C(F)(F)F,-2.8887981724180727,-3.003024211489233,-0.11422603907116047,0.11422603907116047
CC(F)(Cl)Cl,-2.444799830067641,-2.5441383510625153,-0.09933852099487428,0.09933852099487428
Cc1cc(O)c(C(C)(C)C)cc1Sc1cc(C(C)(C)C)c(O)cc1C,-7.112066623339874,-6.457901322386716,0.6541653009531583,0.6541653009531583
CC(=O)/C=C/c1ccccc1,-2.0509711604723773,-2.507513082378669,-0.45654192190629184,0.45654192190629184
O=c1nc[nH]c2c1ncn2C1OC(CO)C(O)C1O,-1.2298485062248095,-1.3729614343403869,-0.1431129281155774,0.1431129281155774
CCC#CC(C)C,-2.7448000130128656,-2.8037960970515448,-0.058996084038679175,0.058996084038679175
NC(Cc1ccc(O)c(O)c1)C(=O)OCc1ccccc1,-1.809999842957538,-1.8198867797094849,-0.009886936751946962,0.009886936751946962
Cc1cc2cccc3ccc4c5ccccc5cc1c4c32,-8.522400493812743,-7.1963003071981575,1.3261001866145854,1.3261001866145854
CCCCCCCCCCCCCCCCCCSSCCCCCCCCCCCCCCCCCC,-6.0577588187219895,-7.116156912863293,-1.0583980941413031,1.0583980941413031
COc1cccc([N+](=O)[O-])c1,-2.4860998632356566,-2.924335405144496,-0.4382355419088393,0.4382355419088393
Clc1ccc(Cl)c(-c2c(Cl)c(Cl)c(Cl)c(Cl)c2Cl)c1Cl,-9.10000061010928,-9.142313036173357,-0.04231242606407726,0.04231242606407726
O=C1CCCCCCCCCCC1,-3.845829927493645,-3.3253950717623786,0.5204348557312666,0.5204348557312666
COc1cc(-c2ccc(N=NC(C(C)=O)C(=O)Nc3ccccc3)c(OC)c2)ccc1N=NC(C(C)=O)C(=O)Nc1ccccc1,-8.61676728542132,-7.655908945551898,0.9608583398694215,0.9608583398694215
CCCCCCCOC(=O)c1ccc(O)c(Br)c1,-4.4200000750159045,-5.005260270872444,-0.5852601958565398,0.5852601958565398
CCC1(c2ccccc2)CCC(=O)N(CO)C1=O,-1.6599998550051098,-2.5756266031324104,-0.9156267481273006,0.9156267481273006
CC(C)(C=O)CO,-0.32789977653341973,0.5712878628014049,0.8991876393348246,0.8991876393348246
CCCSC(=O)N(CCC)CCC,-3.299999914222218,-3.7570984986664038,-0.4570985844441857,0.4570985844441857
CCC1(C)NC(=O)C(C)(CC)NC1=O,-1.9199998387235486,-0.5171929208536299,1.4028069178699187,1.4028069178699187
O=C(NC(CO)C(O)c1ccc([N+](=O)[O-])cc1)C(Cl)Cl,-2.111399756821875,-2.1077091932369,0.003690563584974882,0.003690563584974882
Clc1ccccc1Oc1ccccc1,-4.7796002097417585,-4.763745196336025,0.015855013405733587,0.015855013405733587
O=C(OCC1CO1)C1CC=CCC1C(=O)OCC1CO1,-1.3401086827207807,-1.573196662144736,-0.23308797942395532,0.23308797942395532
Nc1ccnc(=O)[nH]1,-1.142599900517973,-1.256760717559662,-0.11416081704168901,0.11416081704168901
CCC/C(=C\C(=O)O)C(=O)O,-1.1537998182745606,-0.8832176562461851,0.2705821620283755,0.2705821620283755
Nc1c(S(=O)(=O)[O-])cc(Nc2ccc(S(=O)(=O)CCOS(=O)(=O)[O-])cc2)c2c1C(=O)c1ccccc1C2=O,-0.5639622359205814,-0.38153234179482487,0.1824298941257565,0.1824298941257565
O=C(c1ccccc1)c1ccc(O)c(O)c1,-2.922619995893267,-2.8103033585854367,0.11231663730783037,0.11231663730783037
Cc1c(Cl)cccc1Cl,-3.7919361463004364,-4.471914343244272,-0.6799781969438357,0.6799781969438357
COc1ccc(CCN(C)CCCC(C#N)(c2ccc(OC)c(OC)c2)C(C)C)cc1OC,-3.9800000229384045,-4.168682053103761,-0.18868203016535645,0.18868203016535645
CCCCCCCC/C=C\CCCCCCCCCCCC(=O)OCCCCCCCC/C=C\CCCCCCCC,-7.071179739227537,-7.240654979458784,-0.16947524023124672,0.16947524023124672
Cc1cc(S(=O)(=O)[O-])c(N/N=C2/C(=O)C(C(=O)[O-])=Cc3ccccc32)cc1Cl,-5.745185833335536,-2.2343712457657148,3.510814587569821,3.510814587569821
CC(=O)Nc1ccc(S(=O)(=O)c2ccc(N)cc2)cc1,-3.6115999133961134,-3.530046712177527,0.08155320121858622,0.08155320121858622
CC1NC(C)SC(C)S1,-1.367899849434088,-1.2554820362427643,0.1124178131913236,0.1124178131913236
OCC1OC(n2c(-c3ccco3)nc3ccccc32)C(O)C(O)C1O,-2.3299998449011436,-2.8515895027953877,-0.521589657894244,0.521589657894244
Cc1cc(Cl)cc(Cl)c1O,-2.0438999037208676,-2.330334560163825,-0.2864346564429572,0.2864346564429572
CCNC(=O)C(C)OC(=O)Nc1ccccc1,-1.8299999425709306,-2.159234363599083,-0.32923442102815237,0.32923442102815237
CN(C)C1C(O)=C(C(N)=O)C(=O)C2(O)C(O)=C3C(=O)c4c(O)cccc4C(C)(O)C3C(O)C12,-3.1500000470433385,-2.036713394497466,1.1132866525458724,1.1132866525458724
O=CCc1ccc2c(c1)OCO2,-1.959999899923422,-1.7049977326777321,0.2550021672456899,0.2550021672456899
Oc1cc2ccccc2cc1O,-2.737699908636655,-2.470700062587169,0.2669998460494858,0.2669998460494858
C1=C\CC/C=C/CC/C=C\CC/1,-5.3651563352985825,-3.2661655152012976,2.098990820097285,2.098990820097285
O=S1OC[C@@H]2[C@H](CO1)[C@]1(Cl)C(Cl)=C(Cl)C2(Cl)C1(Cl)Cl,-5.956299928298123,-5.678420559462564,0.27787936883555897,0.27787936883555897
CCN(CC)c1cccc(NC(C)=O)c1,-2.469377902792851,-1.9997470268062383,0.4696308759866126,0.4696308759866126
O=S(=O)([O-])c1ccc(Nc2nc(Cl)nc(NCCNc3ccc4c(c3S(=O)(=O)[O-])Oc3c(Cl)c5c(c(Cl)c3=N4)Oc3c(ccc(NCCNc4nc(Cl)nc(Nc6ccc(S(=O)(=O)[O-])cc6S(=O)(=O)[O-])n4)c3S(=O)(=O)[O-])N=5)n2)c(S(=O)(=O)[O-])c1,-0.8795538698822245,0.6631428406572941,1.5426967105395186,1.5426967105395186
CCc1ccc(C)nc1,-1.0042602190885956,-0.13042770948932292,0.8738325095992727,0.8738325095992727
CC(C)(C)c1ccc(O)cc1,-4.4426703052505605,-3.1470251529993947,1.2956451522511658,1.2956451522511658
OCCCOCC(OCCCO)C(OCCCO)C(OCCCO)C(COCCCO)OCCCO,0.053341597794807516,0.17504351519797146,0.12170191740316394,0.12170191740316394
CC(C)OC(=O)CCCCC(=O)OC(C)C,-3.1070289047929776,-2.976305841699547,0.13072306309343062,0.13072306309343062
O=NN1CCCC1,0.999500347542579,0.5663727244492107,-0.4331276230933683,0.4331276230933683
CC(C)OC(=O)CS(=O)(=O)c1ccc(Cl)cc1,-2.410000001807618,-3.380348899643171,-0.970348897835553,0.970348897835553
Clc1ccc(Oc2cc(Cl)c(Cl)c(Cl)c2)cc1,-7.349999899498327,-7.572348556972525,-0.22234865747419796,0.22234865747419796
C[C@H]1CC(=O)C=C2CC[C@H]3[C@@H]4CC[C@H](O)[C@@]4(C)CC[C@@H]3[C@]21C,-3.526422470523982,-4.714080352699786,-1.1876578821758037,1.1876578821758037
CCCCCC(=O)CCCCC,-3.5322000700385936,-4.2922262157073385,-0.7600261456687449,0.7600261456687449
O=C(N=C1C=CC2=C(S(=O)(=O)[O-])C(NNc3ccc4c(S(=O)(=O)[O-])cccc4c3)=CC(=O)C2=C1)Nc1ccc2c(c1)C=C(S(=O)(=O)[O-])/C(=N\Nc1ccc3cccc(S(=O)(=O)[O-])c3c1)C2=O,-0.6872168180618479,0.10084714841274467,0.7880639664745925,0.7880639664745925
CCC(=O)C(CCCCCCOc1ccc(OC)cc1Cl)C(=O)CC,-5.270000029750815,-5.368693412956918,-0.09869338320610321,0.09869338320610321
N=C1C=CC2=CC(S(=O)(=O)[O-])=CC(=O)C2=C1NNc1ccc(N)cc1S(=O)(=O)[O-],0.3165868012652151,-0.34078624513318223,-0.6573730463983973,0.6573730463983973
Cc1cc(C)nc(NS(=O)(=O)c2ccc(N)cc2)n1,-2.729999939298955,-3.2107163777451935,-0.48071643844623857,0.48071643844623857
CCCCC(=O)Oc1ccc([N+](=O)[O-])cc1,-4.39449974096846,-4.335837475017531,0.05866226595092883,0.05866226595092883
O=C(Nc1cc2c3cc(NC(=O)c4ccccc4)c4c(=O)c5ccccc5c(=O)c4c3[nH]c2c2c(=O)c3ccccc3c(=O)c12)c1ccccc1,-4.522223082427071,-7.2543384154510075,-2.7321153330239367,2.7321153330239367
CC(C)Cc1ncc[nH]1,-1.048799847411898,-1.05995035153383,-0.01115050412193197,0.01115050412193197
CCOc1ccc(C=O)cc1OC,-2.1912998097100984,-2.1248760144185184,0.06642379529158005,0.06642379529158005
Oc1ccccc1O,0.6123420355316265,0.09755686287386256,-0.5147851726577639,0.5147851726577639
c1ccc2c(c1)OCCOCCOc1ccccc1OCCOCCO2,-4.693500125973383,-1.3528169585765757,3.3406831673968074,3.3406831673968074
COc1ccc(C(=O)NC(Cc2ccccc2)C(O)C(=O)N2CSC(C)(C)C2C(=O)NC(C)(C)C)cc1,-4.110000187331265,-4.478089667307096,-0.36808947997583097,0.36808947997583097
OCCNCCO,0.8699060512857661,1.4262464343659293,0.5563403830801632,0.5563403830801632
CC12CCC3c4ccc(O)cc4CCC3C1CC(O)C2O,-3.9999999845248846,-4.301135300798063,-0.3011353162731787,0.3011353162731787
Cc1cc(C)c(O)c(C(C)(C)C)c1,-3.1719090416024924,-3.7819681877508833,-0.6100591461483909,0.6100591461483909
CN(C)C(=O)SCCCCOc1ccccc1,-3.926599964011014,-3.281843750638916,0.6447562133720979,0.6447562133720979
CC(C)(C)c1ccc(O[P@]2OCC3(CO[P@@](Oc4ccc(C(C)(C)C)cc4C(C)(C)C)OC3)CO2)c(C(C)(C)C)c1,-6.813060855285365,-6.898654104231239,-0.08559324894587395,0.08559324894587395
NS(=O)(=O)c1cc(C(=O)c2ccc(CN3CCOCC3)cc2)cs1,-1.519999847845922,-3.317341511981721,-1.7973416641357989,1.7973416641357989
COc1ccc([C@@H]2CC(=O)c3c(O)cc(O[C@@H]4O[C@H](CO[C@@H]5O[C@@H](C)[C@H](O)[C@@H](O)[C@H]5O)[C@@H](O)[C@H](O)[C@H]4O)cc3O2)cc1O,-5.010485693723817,-2.5257767689267663,2.484708924797051,2.484708924797051
c1ccc2c3c(ccc2c1)Nc1ccc2ccccc2c1S3,-6.878600174121993,-6.582914229365629,0.29568594475636356,0.29568594475636356
COP(=O)(OC)O/C(=C/Cl)c1cc(Cl)c(Cl)cc1Cl,-4.522099962421169,-4.844946428927875,-0.32284646650670545,0.32284646650670545
CN(CCCCC(=O)O)S(=O)(=O)c1ccccc1,-1.5584999705882472,-2.291970842517724,-0.7334708719294769,0.7334708719294769
CCNc1nc(NCC)nc(OC)n1,-1.7897999493883796,-2.7097628129701645,-0.9199628635817849,0.9199628635817849
CC(C)c1ccccc1C(C)C,-4.550256210317896,-4.96346102886884,-0.4132048185509447,0.4132048185509447
Cc1nnc(NS(=O)(=O)c2ccc(N)cc2)s1,-2.4107000052940872,-2.8602724307900704,-0.4495724254959832,0.4495724254959832
C=C(C)CCl,-1.8107998469420734,-2.053455230815664,-0.24265538387359054,0.24265538387359054
NCc1ccco1,1.0127048301486168,0.871875971380192,-0.14082885876842477,0.14082885876842477
CNC(=O)O/N=C/C(C)(C)[S+](C)[O-],-0.8672998405952885,-1.0817147111421046,-0.21441487054681607,0.21441487054681607
O=C(Oc1ccccc1)c1ccccc1,-2.849999838218068,-4.373819444730534,-1.5238196065124665,1.5238196065124665
CCNC(C)C,1.0597002332981544,0.043597173829960756,-1.0161030594681937,1.0161030594681937
Fc1cccc(CCl)c1,-2.5436000115972486,-2.8466786260241155,-0.3030786144268669,0.3030786144268669
CC(C)CC(NC(=O)OCC1c2ccccc2-c2ccccc21)C(=O)O,-3.740000000806446,-4.738748522492095,-0.9987485216856493,0.9987485216856493
O=NC1=C(NO)CCC1,-1.9936999297450764,-0.7056852330278298,1.2880146967172466,1.2880146967172466
CCN(CC)C(=O)CCl,-0.24299969874184812,-0.2535891234646881,-0.010589424722839968,0.010589424722839968
COC(=O)c1nc(Cl)c(Cl)nc1N,-4.534838742224615,-3.5132520115518626,1.0215867306727522,1.0215867306727522
C=CCCC(=O)C1=CCCC(C)(C)C1,-3.5342473542174457,-3.7569987052087055,-0.22275135099125976,0.22275135099125976
N[C@@H](C(=O)N[C@@H]1C(=O)N2C(C(=O)O)=C(Cl)CS[C@H]12)c1ccccc1,-1.5655999369375453,-2.5433151585566884,-0.9777152216191431,0.9777152216191431
FC(Cl)(Cl)C(F)(Cl)Cl,-3.230099876633963,-3.8636639707700264,-0.6335640941360636,0.6335640941360636
CC(C)(C)c1ccc(CCC=O)cc1,-3.1588327342380245,-4.6729290090232025,-1.514096274785178,1.514096274785178
Cc1c(F)c(F)c(COC(=O)C2C(C=C(Cl)C(F)(F)F)C2(C)C)c(F)c1F,-7.321000445193469,-6.665071160299254,0.6559292848942153,0.6559292848942153
CN1c2ccccc2Sc2ccccc21,-5.593400122203341,-5.0927832740812224,0.5006168481221183,0.5006168481221183
I/C=C/I,-3.219999964356112,-2.8857661395457175,0.33423382481039443,0.33423382481039443
COc1ccc2c3c1OC1C(OC(C)=O)C=CC4C(C2)N(C)CCC341,-1.2999998563139001,-2.4711026870907733,-1.1711028307768732,1.1711028307768732
Oc1c(Cl)c(Cl)c(Cl)c(Cl)c1Cl,-4.279300271410617,-5.153388544878651,-0.8740882734680344,0.8740882734680344
c1ccc2c(c1)-c1cccc3c1c-2cc1ccccc13,-8.225899914219124,-7.277923902142092,0.9479760120770315,0.9479760120770315
O=C1NC(c2ccccc2)(c2ccccc2)C(=O)N1COP(=O)(O)O,-0.4299999399925092,-2.871997972282615,-2.441998032290106,2.441998032290106
CC(=O)C1(C)CC2=C(CCCC2(C)C)CC1C,-4.941791631776328,-4.294119392838445,0.6476722389378837,0.6476722389378837
CCCC(=O)OCn1cc(F)c(=O)[nH]c1=O,-1.3099997680936841,-1.9555323138348335,-0.6455325457411494,0.6455325457411494
Clc1c(Cl)c(Cl)c(Oc2c(Cl)c(Cl)c(Cl)c(Cl)c2Cl)c(Cl)c1Cl,-12.950000185865836,-10.102257085774738,2.8477431000910975,2.8477431000910975
CC(=O)C(N=Nc1cc(C(=O)Nc2cc(C(F)(F)F)ccc2Oc2ccc(Cl)cc2)ccc1Cl)C(=O)Nc1cc(Cl)c(NC(=O)C(N=Nc2cc(C(=O)Nc3cc(C(F)(F)F)ccc3Oc3ccc(Cl)cc3)ccc2Cl)C(C)=O)cc1C,-7.691683312827244,-8.15583414081575,-0.46415082798850626,0.46415082798850626
C1=CCCCCC1,-3.180000023929787,-3.8247318237917463,-0.644731799861959,0.644731799861959
c1ccc(Sc2ccccc2)cc1,-4.360608060778874,-4.58093048317837,-0.2203224223994953,0.2203224223994953
CCCCCCCC/C=C\CCCCCCCC(=O)OCC(CC)(CO)COC(=O)CCCCCCC/C=C\CCCCCCCC,-8.721196791054844,-7.239846141751851,1.4813506493029927,1.4813506493029927
CC(=O)Nc1ccc(C(=O)Nc2ccc(OC(C)=O)cc2)cc1,-4.409999887182296,-4.711326439742668,-0.3013265525603721,0.3013265525603721
C[C@@H]1C[C@H]2[C@@H]3CCC4=CC(=O)C=C[C@]4(C)[C@@]3(F)[C@@H](O)C[C@]2(C)[C@@]1(O)C(=O)CO,-3.6443998697217093,-3.7556344472060914,-0.11123457748438215,0.11123457748438215
NS(=O)(=O)c1cc2c(cc1C(F)(F)F)NC(Cc1ccccc1)NS2(=O)=O,-3.5912999503154324,-2.890385175663987,0.7009147746514452,0.7009147746514452
CCCCOC(=O)C1(O)c2ccccc2-c2ccccc21,-3.8884999812878696,-4.857994803095936,-0.9694948218080666,0.9694948218080666
N#Cc1c[nH]cc1-c1cccc(Cl)c1Cl,-4.693699850915692,-4.495488787782361,0.19821106313333114,0.19821106313333114
C#CCN(C)[C@H](C)Cc1ccccc1,-2.509999913260205,-2.0697107983213154,0.44028911493888945,0.44028911493888945
Cn1c(N)c(NC=O)c(=O)n(C)c1=O,-1.1831207372585042,-1.6980796857990375,-0.5149589485405333,0.5149589485405333
O=C(OCC(=O)N1CCC[C@H]1C(=O)O)c1ccccc1,-1.5916998598926544,-2.0279162492327343,-0.4362163893400799,0.4362163893400799
c1ccc(-c2nc3ncncc3[nH]2)cc1,-3.0599998920902594,-3.3899161315591657,-0.32991623946890636,0.32991623946890636
CC1=C(C=O)C(C)(C)CC=C1,-2.4650076946909927,-3.1987249791659136,-0.7337172844749209,0.7337172844749209
C=CCOC(=O)CCCCCC,-3.597623791336048,-3.8166546269023316,-0.21903083556628378,0.21903083556628378
Cc1cc(=O)n2[nH]cnc2n1,-1.3471953984864842,-1.4045575889490867,-0.05736219046260249,0.05736219046260249
CC(=O)c1cc(O)c(O)c(O)c1,-1.4710998113315452,-1.1329739036440047,0.3381259076875405,0.3381259076875405
Nc1ccc(N)c2c1C(=O)c1ccccc1C2=O,-5.859000340853898,-5.749287441065775,0.10971289978812315,0.10971289978812315
CCC(C)CCO,-0.7199998660906686,-1.2788584121614932,-0.5588585460708246,0.5588585460708246
CC=CC=CC(=O)O,-1.7699998507711208,-1.1267846388630236,0.6432152119080972,0.6432152119080972
Cc1cc2ccccc2cc1C,-4.719999774866936,-4.890130228851561,-0.17013045398462534,0.17013045398462534
CC(C)CCOC(=O)C1CN2CCC1CC2C(O)c1ccnc2ccccc12,-1.409999852079911,-3.2070934473473165,-1.7970935952674054,1.7970935952674054
COc1ccc(-c2cc(=O)c3c(O)cc(O[C@@H]4O[C@H](CO[C@@H]5O[C@@H](C)[C@H](O)[C@@H](O)[C@H]5O)[C@@H](O)[C@H](O)[C@H]4O)cc3o2)cc1O,-7.505542151079645,-3.0182542045286844,4.4872879465509605,4.4872879465509605
Clc1ccc2c(Cl)ccnc2c1,-2.8026246367655716,-4.25419207182143,-1.4515674350558587,1.4515674350558587
Cc1ccc(N=Nc2cc(C)ccc2N)cc1,-3.90309998499219,-4.5385333085900506,-0.6354333235978604,0.6354333235978604
FC1CC(F)(F)C(F)(F)C1(F)F,-2.436880743006433,-4.764519527314846,-2.3276387843084128,2.3276387843084128
Cc1ccc(C(=O)NC(Cc2ccccc2)C(O)C(=O)N2CSC(C)(C)C2C(=O)NC(C)(C)C)cc1,-4.110000187331265,-4.526411923165975,-0.4164117358347106,0.4164117358347106
c1ccc(P(c2ccccc2)c2ccccc2)cc1,-6.888020786950242,-5.552138080942976,1.3358827060072658,1.3358827060072658
Oc1c(Br)cc(Br)cc1Br,-3.674499950626409,-3.3855967863745438,0.28890316425186535,0.28890316425186535
CCOC(=O)[C@H](Cc1c[nH]c2ccccc12)N(C)C=O,-2.270899930117577,-3.294177835535071,-1.0232779054174936,1.0232779054174936
C=CCCCCCC=O,-1.997252121350325,-2.4910861544612164,-0.49383403311089147,0.49383403311089147
CCCCCCC(C)=O,-2.1536961717641088,-2.5304638178061434,-0.3767676460420346,0.3767676460420346
CCC(C)O,0.38770019893405294,0.3456806659781857,-0.042019532955867245,0.042019532955867245
CCCCCS[S+]([O-])CCCCC,-3.1710998588282786,-2.5346724654069837,0.636427393421295,0.636427393421295
CCCC(C)C1(CC)C(=O)NC(=S)NC1=O,-3.5999998556203456,-3.389024822772047,0.21097503284829866,0.21097503284829866
C/C=C/CCCC,-3.8159999652566015,-3.804016192664234,0.01198377259236727,0.01198377259236727
CCOC(=O)CSc1nc(C(C)(C)C)nn1C(=O)N(C)C,-2.860999996525618,-4.269785938308817,-1.408785941783199,1.408785941783199
CC(=O)CC(=O)O,0.9910000981665186,0.32206757390461194,-0.6689325242619066,0.6689325242619066
O=c1[nH]c2ccccc2c(=O)o1,-2.735417771666276,-3.0719214145451135,-0.3365036428788373,0.3365036428788373
CC(O)CNCC(C)O,0.8150447704497683,0.9007735618236645,0.08572879137389622,0.08572879137389622
C1=CC(c2ccc(C3CC=CCC3)cc2)CCC1,-6.591929043071288,-5.218201842155814,1.3737272009154742,1.3737272009154742
CC[S+]([O-])CCSP(=O)(OC)OC,0.6086001259352214,-0.7607444444562743,-1.3693445703914957,1.3693445703914957
CCOC(=O)C1CCn2c(C(=O)c3ccccc3)ccc21,-4.199999807430057,-4.123412538467445,0.07658726896261214,0.07658726896261214
O=C(OCC(=O)N1CCC1)c1ccccc1,-1.6084999435679044,-2.6565137554849896,-1.0480138119170852,1.0480138119170852
NC(=S)Nc1ccccc1,-1.7897999493883796,-1.7292761144692943,0.060523834919085306,0.060523834919085306
O=[N+]([O-])c1c(O)ccc2ccccc12,-2.975799973065433,-3.568652425507873,-0.5928524524424401,0.5928524524424401
O=C(O)C1(O)c2ccccc2-c2ccccc21,-1.965699928313239,-3.223620927870486,-1.2579209995572471,1.2579209995572471
CCN(CC)c1ccc([C+](c2ccccc2)c2ccc(N(CC)CC)cc2)cc1,-1.3526379376711335,-3.2854098829623215,-1.932771945291188,1.932771945291188
N#CN=C1NCCN1Cc1ccc(Cl)nc1,-2.6300000450997323,-3.0185555431585995,-0.38855549805886724,0.38855549805886724
COc1cc(OC)cc(C(=O)N(O)c2ccccc2)c1,-3.099999849769948,-3.2895213596168,-0.1895215098468519,0.1895215098468519
CCC(C)Br,-3.1114780297820266,-3.203032039955328,-0.09155401017330123,0.09155401017330123
Cc1cccc2c1Cc1ccccc1-2,-5.218400048802087,-5.433643080823577,-0.21524303202149042,0.21524303202149042
NC(=NCCCCCCN=C(N)N=C(N)Nc1ccc(Cl)cc1)N=C(N)Nc1ccc(Cl)cc1,-2.800594976898102,-2.4926084532785806,0.3079865236195216,0.3079865236195216
CS(=O)(=O)c1cc(C(F)(F)F)ccc1C(=O)c1cnoc1C1CC1,-4.7631001965741655,-4.54834108690771,0.2147591096664554,0.2147591096664554
c1ccc2c(c1)Nc1c(ccc3ccccc13)S2,-5.895700040550281,-6.334574000062592,-0.43887395951231056,0.43887395951231056
O=C(O)CF,1.1077004723702975,0.6549945599079701,-0.4527059124623274,0.4527059124623274
Cc1ccccc1NC(=O)c1cc2ccccc2cc1O,-4.623442220104018,-5.384745666820537,-0.7613034467165187,0.7613034467165187
CCN(CC)C(C)COC(=O)c1ccc(N)cc1,-2.38000002492117,-2.1335986251505292,0.24640139977064068,0.24640139977064068
CCC(=O)c1ccc(O)cc1,-2.6389998656320266,-1.732582273103108,0.9064175925289186,0.9064175925289186
C#CCOc1cc(-n2nc(C(C)(C)C)oc2=O)c(Cl)cc1Cl,-5.964799901620359,-6.491811774236394,-0.5270118726160353,0.5270118726160353
Cc1cc(S(=O)(=O)[O-])c(N/N=C2\C(=O)C(C(=O)[O-])=Cc3ccccc32)cc1Cl,-6.2637706108391065,-2.2343712457657148,4.029399365073392,4.029399365073392
COP(=S)(OC)Oc1cc(Cl)c(I)cc1Cl,-6.616000384494182,-5.909834824546202,0.7061655599479799,0.7061655599479799
CCOP(=O)(Cc1ccc(-c2nc3ccccc3s2)cc1)OCC,-4.001699923978567,-4.570960385211674,-0.5692604612331067,0.5692604612331067
COP(=O)(OC)O/C(C)=C/C(=O)OC(C)c1ccccc1,-2.4972998154989723,-2.053782216571248,0.44351759892772424,0.44351759892772424
COc1ccc(C(O)(c2cncnc2)C2CC2)cc1,-2.595899996032446,-3.5279042584425437,-0.9320042624100977,0.9320042624100977
O=S(=O)(c1ccccc1)N(Br)Br,-3.2799999181290094,-3.2651131635140827,0.014886754614926723,0.014886754614926723
COC(C)(C)CCCC(C)C/C=C/C(C)=C/C(=O)OC(C)C,-5.345900200743272,-4.836653910055045,0.5092462906882274,0.5092462906882274
CC(C)COC(C)(C)C,0.8852858380319488,-2.912505385905911,-3.79779122393786,3.79779122393786
CC[S+]([O-])CSP(=S)(OC(C)C)OC(C)C,-2.3073999048716503,-2.597999695931299,-0.2905997910596487,0.2905997910596487
O=C(OC[C@H]1O[C@@H](Oc2ccccc2CO)[C@H](O)[C@@H](O)[C@@H]1O)c1ccccc1,-2.8924998595703553,-2.4112064605425787,0.48129339902777657,0.48129339902777657
CC(O)COc1ccccc1,-1.003417564788114,-1.1207452713089587,-0.11732770652084468,0.11732770652084468
COC(N)=O,0.9640003777691755,0.31915741448260526,-0.6448429632865702,0.6448429632865702
COc1ccc(C[C@@H]2NC[C@@H](O)[C@@H]2OC(C)=O)cc1,-1.6074998005603223,-1.7127137131372758,-0.10521391257695356,0.10521391257695356
CN(CCCN)CCCN,0.8378840836521708,0.809099675276904,-0.028784408375266857,0.028784408375266857
CCCCC(=O)NNC(=O)c1ccncc1,-1.0099997921888282,-2.1389368159893696,-1.1289370238005414,1.1289370238005414
Cc1ccc(S(=O)(=O)N=c2sc(S(N)(=O)=O)nn2C)cc1,-2.8399998487981453,-2.391778896562011,0.44822095223613445,0.44822095223613445
O=S(=O)(c1cccc(O)c1)c1ccccc1O,-2.289999887221455,-2.604939102474695,-0.31493921525324,0.31493921525324
CNC(=O)NC(=O)C(C)(C(=O)OC)C1=CCCCC1,-2.6799999835726616,-2.5845656400631363,0.09543434350952529,0.09543434350952529
Nc1c(Br)cc(Br)c(S(=O)(=O)O)c1Br,-0.4887999568020591,-1.642985277507919,-1.1541853207058599,1.1541853207058599
CNC(=O)/C(=N\OC)c1ccccc1Oc1ccccc1,-3.346600008294511,-3.1858011225262426,0.16079888576826828,0.16079888576826828
O=c1[nH]cnc2c1ncn2C1CCC(CO)O1,-0.9399998576226907,-1.4174822910035967,-0.477482433380906,0.477482433380906
CC1COCc2cc3c(cc21)C(C)(C)C(C)C3(C)C,-5.169300149318488,-5.359417728386736,-0.19011757906824833,0.19011757906824833
CCOC(=O)CC,-0.6599998433043148,-0.5366381522789907,0.12336169102532413,0.12336169102532413
Nc1ccc(-c2ccc(N)cc2)cc1,-2.6999999796658702,-1.8512202691038004,0.8487797105620698,0.8487797105620698
O=C(O)CC(=O)C(=O)O,0.8791927780089428,0.4458559061163063,-0.4333368718926365,0.4333368718926365
ClCC(Cl)CCl,-1.9254999351306878,-2.385851054753202,-0.4603511196225143,0.4603511196225143
CCCCCCCCCCOc1ccc(C(CC)=NO)c(O)c1,-4.059999938297782,-5.021152413517626,-0.9611524752198441,0.9611524752198441
Cn1ccccc1=O,0.9621002992924468,0.6359192406079637,-0.3261810586844831,0.3261810586844831
CC(C)(O)CCl,0.16020010103355276,0.4796639419969497,0.31946384096339697,0.31946384096339697
O=[N+]([O-])c1ccc(O/N=C/c2cc(Br)c(O)c(Br)c2)c([N+](=O)[O-])c1,-5.190000045377981,-5.190371475799372,-0.00037143042139131666,0.00037143042139131666
CNC(=O)c1cc(N2CC2)c([N+](=O)[O-])cc1[N+](=O)[O-],-2.849999838218068,-3.7219226160834227,-0.8719227778653549,0.8719227778653549
CC12CCC(=O)C=C1CCC1C2CCC2(C)C(OC=O)CCC12,-4.929999854619173,-4.7090393338034415,0.2209605208157317,0.2209605208157317
CCCCCCCCC(=O)OCC(CC)(COC(=O)CCCCCCCC)COC(=O)CCCCCCCC,-6.841088048018955,-7.304840806391967,-0.4637527583730119,0.4637527583730119
Clc1cc(Cl)c(Cl)c(-c2cc(Cl)c(Cl)c(Cl)c2Cl)c1,-9.10000061010928,-8.96458019787813,0.13542041223115042,0.13542041223115042
FC(F)(F)c1cccc(Cl)c1,-3.411513754657206,-4.474618428485997,-1.0631046738287915,1.0631046738287915
COC(=O)C(C)Oc1ccc(Oc2ncc(C(F)(F)F)cc2Cl)cc1,-4.606400037224339,-5.94753825594989,-1.3411382187255514,1.3411382187255514
CCCCC(CC)COCCCN,-1.0965089877256926,-2.6531641183737555,-1.556655130648063,1.556655130648063
Cn1c(=O)c2[nH]c(Cl)nc2n(C)c1=O,-1.5074998546010077,-2.187514697690098,-0.6800148430890902,0.6800148430890902
CCCCS,-2.1791998184574517,-2.126650074324184,0.05254974413326785,0.05254974413326785
CCCCCCCC/C=C\CCCCCCCC(=O)OCC(O)COB(OCC(O)COC(=O)CCCCCCC/C=C\CCCCCCCC)OCC(O)COC(=O)CCCCCCC/C=C\CCCCCCCC,-5.345705030689073,-6.175635458273631,-0.829930427584558,0.829930427584558
Cc1cc(C)c(C(=O)P(=O)(C(=O)c2c(C)cc(C)cc2C)c2ccccc2)c(C)c1,-6.621667493465381,-5.36979514377206,1.251872349693321,1.251872349693321
CC(=O)Nc1ccc(S(=O)(=O)CCO)cc1,-2.3069321316653717,-1.985517418321466,0.3214147133439056,0.3214147133439056
CCOC(=O)CCCCCCC(=O)OCC,-2.5303999458524093,-2.845477481325284,-0.31507753547287454,0.31507753547287454
Clc1cc(Oc2cc(Cl)c(Cl)c(Cl)c2Cl)cc(Cl)c1Cl,-9.540000593173323,-9.204884500338576,0.3351160928347472,0.3351160928347472
CCOC(=O)N1CCC(=O)CC1,0.766506778526737,0.03802199078245083,-0.7284847877442862,0.7284847877442862
Cc1ccc(N2C(=O)N(c3ccc(C)c(N=C=O)c3)C2=O)cc1N=C=O,-5.0368261975873185,-6.088947931965887,-1.0521217343785683,1.0521217343785683
COc1cc(N=Nc2cc(S(=O)(=O)[O-])cc3cc(S(=O)(=O)[O-])cc(O)c23)c(C)cc1NC(=O)Nc1cc(C)c(N=Nc2cc(S(=O)(=O)[O-])cc3cc(S(=O)(=O)[O-])cc(O)c23)cc1OC,-2.6903135097508866,0.0075094854633630526,2.6978229952142496,2.6978229952142496
CC(C)=CCC/C(C)=C\CO,-2.3206011438452454,-2.660856496231271,-0.34025535238602567,0.34025535238602567
Cc1ccc2c([N+](=O)[O-])ccc(O)c2n1,-3.959799991342334,-2.8384704933548823,1.1213294979874515,1.1213294979874515
COC(=O)C=C(C)C,-1.414000286083327,-1.3234989381577935,0.09050134792553344,0.09050134792553344
C=CCOc1ccccc1OCC(O)CNC(C)C,-0.31999966817267333,-1.8719029117992376,-1.5519032436265643,1.5519032436265643
Brc1ccc(-c2c(Br)c(Br)c(Br)c(Br)c2Br)c(Br)c1Br,-9.351000341961322,-8.127002527236426,1.2239978147248962,1.2239978147248962
CC[C@]12CC[C@@H]3C4=C(CC[C@H]3[C@@H]1CCC2=O)CC(OC)=CC4,-5.363817198194033,-4.467869464575049,0.8959477336189838,0.8959477336189838
O=C1c2ccccc2C(=O)c2c(O)ccc(O)c21,-6.25349340299222,-4.59515664099033,1.6583367620018894,1.6583367620018894
CCCC(=O)OCCOCCOCCOC(=O)CCC,-1.5597999080496614,-1.9980212763199288,-0.43822136827026736,0.43822136827026736
CCN(CC)CC(=O)OCn1ncc2c(=O)[nH]cnc21,-1.789999812357601,-1.9674117380813914,-0.17741192572379028,0.17741192572379028
CC(C)C1(C(C)C)C(=O)NC(=O)NC1=O,-2.7699999142320078,-2.2840025488622295,0.4859973653697782,0.4859973653697782
Cc1c(C)c(C)c(C)c(C)c1C,-5.2300001065778545,-3.8405238969254047,1.3894762096524498,1.3894762096524498
CCCCCCCCCCCC(=O)N[C@@H](CCC(=O)O)C(=O)[O-],-3.609110598030154,-2.9310243791086226,0.6780862189215315,0.6780862189215315
CCOC(=O)C(c1c(O)c2ccccc2oc1=O)c1c(O)c2ccccc2oc1=O,-3.6600000854470682,-4.347274246955875,-0.6872741615088067,0.6872741615088067
CC(C)(c1ccc(OCCO)cc1)c1ccc(OCCO)cc1,-3.451790525309805,-3.9503331394984156,-0.4985426141886107,0.4985426141886107
CC(=O)NC(C(=O)O)C(C)C,-0.632499775349356,-0.4495972770753851,0.18290249827397087,0.18290249827397087
C=CC(Cl)CCl,-2.0555101754881564,-2.0225152561487314,0.032994919339425,0.032994919339425
CCCC[C@H](N)C(=O)O,-1.0386998661205908,-0.7415622923260354,0.2971375737945554,0.2971375737945554
Clc1cc(-c2c(Cl)ccc(Cl)c2Cl)cc(Cl)c1Cl,-8.270001169068498,-8.356964197093484,-0.08696302802498579,0.08696302802498579
Clc1ccc(-c2ccccc2)c(Cl)c1,-5.287799980379822,-5.5765136336809,-0.2887136533010777,0.2887136533010777
Clc1ccc(-c2ccccc2Cl)cc1Cl,-6.287000264149906,-6.2202874405036646,0.06671282364624176,0.06671282364624176
CCOC(=O)CC(O)(CC(=O)OCC)C(=O)OCC,-0.6284997554266774,-1.0002953960285907,-0.3717956406019134,0.3717956406019134
CCC1O[C@]2(CCC1C)C[C@@H]1C[C@@H](C/C=C(\C)CC(C)/C=C/C=C3\CO[C@@H]4[C@H](O)C(C)=C[C@@H](C(=O)O1)[C@]34O)O2,-4.877200143747466,-4.056105923043862,0.8210942207036034,0.8210942207036034
CN(C)c1ccc(N=NS(=O)(=O)[O-])cc1,-1.0990998908992122,-1.186845531517766,-0.08774564061855372,0.08774564061855372
Nc1ncnc2c1ncn2[C@@H]1O[C@H](COP(=O)(O)OP(=O)([O-])OP(=O)([O-])O)[C@@H](O)[C@H]1O,0.01688813811022838,-0.5413951117895222,-0.5582832498997505,0.5582832498997505
O=C1c2ccccc2-c2ccc3c4ccc5c6c(ccc(c7ccc1c2c73)c64)C(=O)c1ccccc1-5,-5.513312766794929,-6.695896434601944,-1.1825836678070152,1.1825836678070152
C=C(F)F,-0.706099865872817,-0.9703735078678581,-0.2642736419950411,0.2642736419950411
CC(C(=O)OCC(=O)N(C)CC(N)=O)c1cccc(C(=O)c2ccccc2)c1,-2.4199999826008587,-2.9782257787983037,-0.5582257961974451,0.5582257961974451
CCc1ccccc1NC(C)=O,-1.590599923427374,-2.2409585801621894,-0.6503586567348154,0.6503586567348154
CCCC(=O)OC(C)C1CCCCC1,-3.920758941130134,-4.507109135514258,-0.5863501943841243,0.5863501943841243
Nc1c(S(=O)(=O)[O-])cc(-c2cc(S(=O)(=O)[O-])c(N)c3c2C(=O)c2ccccc2C3=O)c2c1C(=O)c1ccccc1C2=O,-2.030179890596845,-1.1686159031103152,0.86156398748653,0.86156398748653
CC1(C)SC2C(NC(=O)Cc3ccccc3)C(=O)N2C1C(=O)O,-1.629999843611933,-3.385268972457485,-1.7552691288455522,1.7552691288455522
CCCCCCOc1ccc(C(C)=NO)c(O)c1,-4.150000110504225,-3.4820877431522055,0.6679123673520193,0.6679123673520193
C=CCOC(C)=O,-0.5533998644725808,-0.6056629267086993,-0.05226306223611843,0.05226306223611843
O=C(Nc1ccccc1)Nc1ccnc(Cl)c1,-3.8027998995117622,-4.191900664261564,-0.38910076474980215,0.38910076474980215
Clc1cc(Cl)c(Cl)c(-c2ccccc2Cl)c1,-6.2300001182786495,-7.021289635670186,-0.7912895173915366,0.7912895173915366
C=COCCCCO,-0.1899951559320714,-0.0035746277136827764,0.18642052821838861,0.18642052821838861
c1ccc2[nH]ncc2c1,-2.155399906957883,-2.1399284013283797,0.01547150562950339,0.01547150562950339
CC(O)(P(=O)(O)O)P(=O)(O)O,0.5249003301742783,1.1483684457994952,0.6234681156252169,0.6234681156252169
CCCCNS(=O)(=O)c1ccccc1,-2.675782364222512,-2.74277709058406,-0.06699472636154802,0.06699472636154802
O=C(OCCO)c1ccccc1O,-1.1566999017319588,-1.0769674135154446,0.07973248821651424,0.07973248821651424
C=CCCCC=C,-3.3396000424432795,-3.1189314830540984,0.22066855938918106,0.22066855938918106
CCCCC(CC)CNC(=O)c1ccc(N/N=C2\C(=O)N(C)C(=O)C(C#N)=C2C)cc1,-7.0248112543143275,-6.992397566303213,0.03241368801111477,0.03241368801111477
CCCCOCCOP(=O)(OCCOCCCC)OCCOCCCC,-2.7785622412119406,-2.5082316159781337,0.2703306252338069,0.2703306252338069
CCC(C)(N)C(=O)O,0.38000022959635293,0.3130936161650375,-0.06690661343131543,0.06690661343131543
CCOP(=S)(OCC)Oc1ccc(N)cc1,-2.825999908469001,-4.054837317691573,-1.2288374092225718,1.2288374092225718
CCOC(=O)c1c[nH]c(=S)[nH]c1=O,-2.098499899611605,-2.850245534748903,-0.751745635137298,0.751745635137298
C[Si](C)(O)O,1.0354003193082506,0.8237368772341287,-0.2116634420741219,0.2116634420741219
O=C1CCCCCCCCCOCCCCCO1,-3.883849371513378,-2.107888766249992,1.775960605263386,1.775960605263386
CSc1cc(SC)c(N)c(C)c1N,-2.8569254205035137,-1.9234116569588395,0.9335137635446742,0.9335137635446742
CC12CCC(=O)C=C1CCC1C2C(O)CC2(C=O)C(C(=O)CO)CCC12,-3.8499998585455444,-3.794865146395992,0.055134712149552456,0.055134712149552456
Nc1cc([N+](=O)[O-])cc([N+](=O)[O-])c1[O-],-1.7648127994014084,-2.4647949262054576,-0.6999821268040491,0.6999821268040491
O=S(=O)(O)c1cccc2cc(Nc3ccccc3)cc(Nc3ccccc3)c12,-4.672503057971395,-4.249693360664085,0.42280969730730966,0.42280969730730966
O=C(Nc1ccc(Cl)cc1)c1cccc([N+](=O)[O-])c1O,-4.545199870434269,-4.681148511659348,-0.13594864122507921,0.13594864122507921
CCCN(CCC)CCC,-2.4722200839604778,-1.899155773554006,0.5730643104064717,0.5730643104064717
CN(C)CCN(Cc1ccccc1)c1ccccn1,-2.640000025892973,-2.418528512194002,0.22147151369897067,0.22147151369897067
O=C(O)CCCC(=O)O,1.000000281019458,0.2485792851802322,-0.7514209958392257,0.7514209958392257
CCCC(=O)OCn1cc2c(=O)n(COC(=O)CCC)cnc2n1,-3.5499999516541445,-3.1969049217916754,0.3530950298624691,0.3530950298624691
C=CC(=O)OCCCOCC(C)(C)COCCCOC(=O)C=C,-3.049542127788529,-3.4302923851089098,-0.3807502573203809,0.3807502573203809
CC(C)C1OC(O)C(Cc2ccccc2)NC1=O,-2.2799999064282144,-2.1467227760935232,0.13327713033469113,0.13327713033469113
O=C(O)CCCNC(=O)c1ccccc1,-1.2024998537928036,-1.442792147911866,-0.2402922941190624,0.2402922941190624
C/C(C=O)=C/c1ccccc1,-2.4747184745959308,-2.3370383202609473,0.13768015433498348,0.13768015433498348
CCC1(c2ccccc2)C(=O)NC(=O)N(CO)C1=O,-1.599999832218756,-2.580467310472068,-0.980467478253312,0.980467478253312
Clc1cccc(Oc2ccc(Cl)c(Cl)c2Cl)c1Cl,-7.380000601026065,-7.774005876055803,-0.3940052750297376,0.3940052750297376
CC(C)[C@@H](C(=O)O[C@@H](C#N)c1cccc(Oc2ccccc2)c1)c1ccc(Cl)cc1,-8.322100255332632,-6.512385513697913,1.8097147416347195,1.8097147416347195
CC1=CC(=O)C=C/C1=N\Nc1ccc(Nc2ccc(S(=O)(=O)[O-])cc2[N+](=O)[O-])cc1,-2.6993633995456703,-2.198324413365201,0.5010389861804692,0.5010389861804692
CNCC(O)c1ccc(O)c(O)c1,-0.959999819209171,-0.9296856585632676,0.03031416064590342,0.03031416064590342
CCCCCCCCCC(=O)N(C)C,-2.7681111625887818,-3.4092641920381648,-0.641153029449383,0.641153029449383
CCC(=O)/C=C/C1C(C)=CCCC1(C)C,-3.992341009180181,-4.744936545030864,-0.7525955358506828,0.7525955358506828
O=C(Nc1cccc2c1C(=O)c1ccccc1C2=O)c1ccc(-c2ccc(N=Nc3ccc(-c4ccc(C(=O)Nc5cccc6c5C(=O)c5ccccc5C6=O)cc4)cc3)cc2)cc1,-5.7164582920481966,-6.660223931187984,-0.9437656391397873,0.9437656391397873
O=C(O)COc1cc(Cl)ccc1Cl,-2.619999805506031,-2.811501466692194,-0.19150166118616285,0.19150166118616285
CCC(C)c1cc([N+](=O)[O-])cc([N+](=O)[O-])c1O,-3.66459990131778,-3.701488697884213,-0.03688879656643307,0.03688879656643307
C=COC(=O)CCCCCCCCCCC,-5.35479990000395,-5.362073090128368,-0.007273190124418072,0.007273190124418072
CCCCOP(=O)(OCC)OCC,-1.1465999204406516,-0.8975442976504069,0.24905562279024474,0.24905562279024474
O=Cc1cc(O)c(O)c([N+](=O)[O-])c1,-1.9378338129864738,-2.223329092770053,-0.28549527978357925,0.28549527978357925
CCOP(=O)(OCC)OCC,0.4385266770654357,0.27896839443959376,-0.15955828262584193,0.15955828262584193
O=C1CC2OCC=C3C[N+]4(O)CCC56c7ccccc7N1C5C2C3CC64,-1.2799997567005073,-1.6499364508456007,-0.36993669414509345,0.36993669414509345
CC(C)CCCCCCCOC(=O)c1ccc(C(=O)OCCCCCCCC(C)C)c(C(=O)OCCCCCCCC(C)C)c1,-5.70657390879413,-7.099839923381603,-1.3932660145874731,1.3932660145874731
C=CCOC(CO)CO,0.48100031856324943,0.057940930571325655,-0.4230593879919238,0.4230593879919238
c1ccc2c(c1)cc1ccc3cccc4ccc2c1c34,-8.192400230460885,-7.0518220168646675,1.1405782135962177,1.1405782135962177
Cc1nc(=O)c2cc([N+](=O)[O-])ccc2[nH]1,-2.219999952655317,-3.134257853385165,-0.9142579007298481,0.9142579007298481
CC(C)CCOC=O,-1.520599850834324,-1.829260049306765,-0.3086601984724411,0.3086601984724411
Cc1c(N)cccc1Cl,-2.1510662069743667,-1.8895373681602223,0.26152883881414435,0.26152883881414435
CCCC1(CC)C(=O)NC(=O)NC1=O,-1.4899998364527451,-2.095180490394197,-0.6051806539414517,0.6051806539414517
CC1(C)SC2C(NC(=O)C(N)c3ccccc3)C(=O)N2C1C(=O)O,-1.9899999113165987,-2.3188660765423457,-0.32886616522574696,0.32886616522574696
CC(C)COC(=O)C(C)C,-2.1589997868613815,-2.552378592242256,-0.39337880538087466,0.39337880538087466
CCSC(=O)N(CC)C1CCCCC1,-3.403700085650379,-3.5735129052027386,-0.1698128195523596,0.1698128195523596
c1ccc2[nH]ccc2c1,-1.2099998221343697,-1.9875168761751556,-0.7775170540407859,0.7775170540407859
COCCOCCO[Si](CCCOCC1CO1)(OCCOCCOC)OCCOCCOC,1.5823134642683683,-0.6278132095641724,-2.2101266738325407,2.2101266738325407
CCCC(=O)OCn1ncc2c(=O)[nH]cnc21,-2.829999855064882,-2.7358294024259178,0.09417045263896417,0.09417045263896417
CC1(C)C2CCC1(C)C(O)C2,-2.3201998996107656,-3.2573712339949994,-0.9371713343842338,0.9371713343842338
NCCCCCCCCCCN,1.5277014600362473,-0.8589304407322267,-2.386631900768474,2.386631900768474
C#CC(C)(CC)OC(N)=O,-0.9455998855144405,-1.5435014141742394,-0.5979015286597988,0.5979015286597988
CCOC(=O)OC,-0.34445058360479264,-0.1955057423845563,0.14894484122023632,0.14894484122023632
O=C1NC(=S)NC(=O)C12CCCCC2,-3.4599999864880706,-2.8282586239976735,0.6317413624903971,0.6317413624903971
COC(=O)C1CC2(C(C)C)C=CC1(C)CC2,-4.20086620235948,-4.775463681202671,-0.5745974788431916,0.5745974788431916
C=CCC(C)C,-3.2439000143806602,-3.461588848783962,-0.2176888344033019,0.2176888344033019
CN(C)S(=O)(=O)N(SC(F)(Cl)Cl)c1ccccc1,-5.408800168960111,-4.276933938023646,1.131866230936465,1.131866230936465
CCN(CC)C(=O)SCc1ccccc1Cl,-4.031000138925644,-4.260626886479653,-0.22962674755400858,0.22962674755400858
CCCCCCCCCCC(O)CCC,-5.836999955225341,-5.62695059986536,0.21004935535998115,0.21004935535998115
O=C(O)[C@@H]1CC[C@H](C(=O)O)SS1,-1.1708998344305552,-1.0095850213169286,0.1613148131136266,0.1613148131136266
Clc1ccc2c(c1)Oc1cc(Cl)ccc1O2,-7.180600574068926,-6.022664924125001,1.1579356499439246,1.1579356499439246
CC1(C)OC(=O)c2cc3ccccc3cc21,-2.984399972765782,-5.298320943754089,-2.3139209709883066,2.3139209709883066
O=[N+]([O-])c1ccc(Cl)cc1C(F)(F)F,-3.3533000416649976,-4.4777194791279165,-1.1244194374629188,1.1244194374629188
CC(=O)OC1CC(C)OC(C)O1,0.759000322920286,-0.12037879815562036,-0.8793791210759063,0.8793791210759063
ClC(Cl)(Cl)c1ccccc1,-3.566999898298616,-4.077609963895264,-0.5106100655966479,0.5106100655966479
CCSc1nc(NC(C)C)nc(NC(C)C)n1,-4.203100167937414,-4.176230606918508,0.026869561018906474,0.026869561018906474
O=C1C=CC(=O)O1,0.618115977333058,-0.48038721648848925,-1.0985031938215473,1.0985031938215473
Cc1cn(Cc2ccccc2)c(=O)[nH]c1=O,-2.255799923922922,-2.8096555120185087,-0.5538555880955869,0.5538555880955869
COc1cc(C2c3cc4c(cc3C(OC3OC5COC(C)OC5C(O)C3O)C3COC(=O)C23)OCO4)cc(OC)c1O,-3.470000001788039,-3.0673168367459223,0.40268316504211654,0.40268316504211654
C=CC(C)(CCC=C(C)C)OC=O,-4.040590248802376,-3.8830557857802708,0.15753446302210516,0.15753446302210516
C1CCC2CCCCC2C1,-4.14067791086455,-5.023798665483037,-0.8831207546184867,0.8831207546184867
O=C([O-])CCCC(=O)[O-],0.3427542193805104,0.3412582837034228,-0.001495935677087612,0.001495935677087612
CCCCOP(=O)(OC)OCCCC,-1.499499952782563,-1.7102398567855104,-0.2107399040029474,0.2107399040029474
C=C(Br)C(F)(F)F,-2.2385851383892286,-2.9304614277195307,-0.6918762893303021,0.6918762893303021
CCCCCCCCCCOS(=O)(=O)[O-],0.10298822187860379,-1.1101195455081456,-1.2131077673867494,1.2131077673867494
CC(C(N)=O)S(=O)(=O)c1ccccc1,-1.6399998934186295,-1.8751243219088096,-0.23512442849018012,0.23512442849018012
CCOCCOCCOCCO,0.7490002731135896,0.630359792628473,-0.11864048048511666,0.11864048048511666
CCCCCCCCCCCCN1CCCC1=O,-4.670000077941103,-4.748019790201077,-0.07801971225997395,0.07801971225997395
C=CCC(CC=C)(C(=O)NC(N)=O)C(=O)OC,-2.16999997967566,-2.138711970148995,0.03128800952666477,0.03128800952666477
CC12C=CCC1C1CCC3CC(=O)CCC3(C)C1CC2,-6.070000149532981,-5.07513818964798,0.994861959885001,0.994861959885001
O=C1CCCCC1C1=CCCCC1,-2.773999856514548,-2.7128902267523607,0.06110962976218737,0.06110962976218737
CC(=O)Nc1ccc(O)cc1,-1.0333230277462655,-1.1862226160618983,-0.15289958831563277,0.15289958831563277
CC(C)N(C(=O)CO)c1ccc(F)cc1,-1.1786396935459522,-2.4296629361806343,-1.2510232426346821,1.2510232426346821
Nc1nccnc1C(=O)O,-1.763159513044133,-1.5512543858463186,0.2119051271978145,0.2119051271978145
CCN1c2ccccc2N(C)C(=S)c2cccnc21,-4.705999843164473,-4.522399756875001,0.18360008628947178,0.18360008628947178
CC(C)(C)S,-1.7878456953485162,-1.7977914315651653,-0.00994573621664907,0.00994573621664907
O=C([O-])CN(CCCN(CC(=O)[O-])CC(=O)[O-])CC(=O)[O-],0.10500562323091112,0.0841632833977739,-0.020842339833137213,0.020842339833137213
O=[N+]([O-])c1ccccc1Cl,-2.5639664346362725,-2.961565145438034,-0.39759871080176135,0.39759871080176135
CCC(=O)OCOC(=O)c1cn(CC)c2nc(C)ccc2c1=O,-2.829999855064882,-3.2241309718187017,-0.39413111675381973,0.39413111675381973
CCCCCOC(=O)CCC,-2.466999906131779,-3.6548862573544083,-1.1878863512226294,1.1878863512226294
O=C1CCCN1,1.0700000775586829,0.7102928339487709,-0.359707243609912,0.359707243609912
Cc1cc(C2(c3cc(C)c(O)c(Br)c3C(C)C)OS(=O)(=O)c3ccccc32)c(C(C)C)c(Br)c1O,-5.179999857544372,-5.0695351251641565,0.11046473238021548,0.11046473238021548
O=C1OC(c2ccc(Br)cc2)C(Br)C1=O,-3.0499998940436552,-3.756695736135887,-0.7066958420922318,0.7066958420922318
COc1ccc2cc(C(C)C(=O)OCCN3CCN(C)CC3)ccc2c1,-1.4899998364527451,-3.3650699415565297,-1.8750701051037846,1.8750701051037846
OCC1OC(OCC2OC(O)C(O)C(O)C2O)C(O)C(O)C1O,0.4656003798878494,0.2419909845953705,-0.22360939529247892,0.22360939529247892
CC1OCCO1,0.8789004370083826,0.8641583345976991,-0.014742102410683522,0.014742102410683522
Clc1cc(Cl)cc(-c2cc(Cl)cc(Cl)c2)c1,-8.374800034719728,-7.235218375431369,1.1395816592883588,1.1395816592883588
Clc1cc(Cl)c(Oc2cc(Cl)c(Cl)c(Cl)c2Cl)cc1Cl,-9.500000393946538,-9.201141762580695,0.29885863136584234,0.29885863136584234
CCCC(O)CO,0.9823452586485186,0.044703597560125985,-0.9376416610883926,0.9376416610883926
CC(CCC(=O)O)C1CCC2C3CC(O)C4CC(O)CCC4(C)C3CCC12C,-4.8200002729339,-4.4580491258083565,0.3619511471255432,0.3619511471255432
N#CCCN(CCO)c1ccc(N=Nc2ccc([N+](=O)[O-])cc2Cl)cc1,-6.130000172319335,-5.4022391977039135,0.7277609746154212,0.7277609746154212
Cc1ccccc1CCO,-1.0428779407603244,-1.1351946186383448,-0.09231667787802045,0.09231667787802045
C/C=C/c1ccc(OC)cc1,-3.1255397285278086,-3.5355574366569247,-0.4100177081291161,0.4100177081291161
Cc1cccc(Br)c1,-3.5229999552029767,-3.449985340335383,0.07301461486759386,0.07301461486759386
COc1ccc(C=O)cc1O,-1.8262431950814377,-1.8145096652813348,0.011733529800102893,0.011733529800102893
CCN(CC)S(=O)(=O)c1ccc(OC)c(N/N=C2\C=C(S(=O)(=O)[O-])c3ccccc3C2=O)c1,-2.4667538731603442,-1.8056287376807487,0.6611251354795955,0.6611251354795955
COC1=Cc2ccccc2Nc2ccccc21,-4.514419592905036,-5.019701474613996,-0.5052818817089593,0.5052818817089593
Cc1cccc(O)c1[N+](=O)[O-],-1.6399998934186295,-2.4149139324243287,-0.7749140390056992,0.7749140390056992
CCCCCCCCCCCCCCCCN(C)C,-4.652434911090166,-5.06469383121012,-0.412258920119954,0.412258920119954
FC(F)(F)c1ccccc1,-2.510999849227418,-3.471729686041353,-0.9607298368139348,0.9607298368139348
FC(F)(Cl)CCl,-2.200699925541849,-2.83388046014159,-0.6331805345997408,0.6331805345997408
CCCC(=O)NNC(=O)c1ccncc1,-0.31999966817267333,-1.899971236552736,-1.5799715683800626,1.5799715683800626
CCC(CO)(CO)C(=O)O,0.5168042235978589,0.40386563486587734,-0.11293858873198159,0.11293858873198159
[NH-]S(=O)(=O)c1ccc([O-])c(N=Nc2c(S(=O)(=O)[O-])cc3cc(Nc4ccc5c(O)c(N=Nc6cc(S([NH-])(=O)=O)ccc6O)c(S(=O)(=O)[O-])cc5c4)ccc3c2[O-])c1,-2.7104891968502742,-0.2803445362270023,2.430144660623272,2.430144660623272
CN1[C@@H]2CC(OC(=O)[C@H](CO)c3ccccc3)C[C@H]1C1OC12,-0.5039997564544132,-1.5588778882745236,-1.0548781318201104,1.0548781318201104
CCN(/N=C/c1ccc([N+](=O)[O-])o1)C(N)=O,-2.9395000295008806,-3.3518065214588777,-0.41230649195799707,0.41230649195799707
O=C(O)c1ccc(NC(=O)c2cccnc2)cc1,-3.083199921374975,-3.3844235231120265,-0.30122360173705154,0.30122360173705154
CN(C)[C@@H]1C(O)=C(C(N)=O)C(=O)[C@@]2(O)C(=O)C3=C(O)c4c(O)cccc4[C@@](C)(O)[C@H]3[C@H](O)[C@@H]12,-3.089999851723344,-1.8628664278683251,1.227133423855019,1.227133423855019
CCCCCCCCCOS(=O)(=O)[O-],-0.13619889075250535,-0.963405771300683,-0.8272068805481776,0.8272068805481776
CCNC(=O)Nc1ncc([N+](=O)[O-])s1,-2.857799941767406,-2.9557261670807944,-0.09792622531338857,0.09792622531338857
CN1C=CC=C/C1=C\[NH+]=O,-0.7404997611540276,-1.1970141121845588,-0.4565143510305312,0.4565143510305312
CCCCCCOC(=O)n1cc(F)c(=O)[nH]c1=O,-2.2399999142417975,-2.9066907779254003,-0.6666908636836029,0.6666908636836029
CC(=O)OC(C)CC(C)C,-2.045099840684215,-2.056699277338877,-0.011599436654661677,0.011599436654661677
O=C(OCCOCCO)c1ccccc1Nc1cccc(C(F)(F)F)c1,-5.363299873326186,-4.843631584559916,0.5196682887662698,0.5196682887662698
Cc1ccc(N)c([N+](=O)[O-])c1,-1.8600610308728647,-2.27649899182094,-0.4164379609480755,0.4164379609480755
O=C(O)CSC(C(=O)O)c1ccccc1,-1.2299999217477626,-1.4670775690759628,-0.23707764732820014,0.23707764732820014
N#Cc1ccc(N)cc1,-1.142974229504526,-1.0789613502926363,0.0640128792118897,0.0640128792118897
Oc1cc(Cl)ccc1Oc1ccc(Cl)cc1Cl,-4.4617162248182165,-5.046695397881017,-0.5849791730628002,0.5849791730628002
CC(=O)NC(Cc1c[nH]c2ccccc12)C(=O)O,-2.3099998488079354,-2.4509731872469622,-0.14097333843902682,0.14097333843902682
CCCCC(CC)C(=O)OCC(COC(=O)C(CC)CCCC)(COC(=O)C(CC)CCCC)COC(=O)C(CC)CCCC,-9.204760276117375,-6.955306974390783,2.249453301726591,2.249453301726591
CCCCCCCCCc1ccc(OCCOCCO)cc1,-0.3045102880580086,-5.08480435235347,-4.780294064295461,4.780294064295461
C[Si]1(C)O[Si](C)(C)O[Si](C)(C)O[Si](C)(C)O[Si](C)(C)O1,-7.33869963617639,-5.435399335257538,1.9033003009188523,1.9033003009188523
NC(=O)c1ccc[n+](C2OC(COP(=O)([O-])OP(=O)(O)OCC3OC(n4cnc5c(N)ncnc54)C(O)C3O)C(O)C2O)c1,0.17820488360062914,-1.0893673372488357,-1.2675722208494649,1.2675722208494649
O=C(O)CC(CP1(=O)Oc2ccccc2-c2ccccc21)C(=O)O,-2.813509395947635,-2.815085076673388,-0.0015756807257529815,0.0015756807257529815
CCCCCCCCCCCCCCCCCC(=O)[O-],-5.989362342797735,-5.78331852843693,0.20604381436080477,0.20604381436080477
c1ccc(Nc2ccccc2)cc1,-4.85381659042929,-3.8211594112438245,1.032657179185465,1.032657179185465
CC1CC(CC2CCC(N)C(C)C2)CCC1N,-1.8210382692265639,-0.5977313482119149,1.223306921014649,1.223306921014649
C=CCS(=O)(=O)[O-],0.6949530750071973,1.1779070332243662,0.4829539582171689,0.4829539582171689
CCCCNc1cc(C(=O)O)cc(S(N)(=O)=O)c1Oc1ccccc1,-3.559999932447385,-2.74684743521863,0.8131524972287552,0.8131524972287552
O=C(c1ccccc1)c1ccc(O)c(O)c1O,-3.3451077648373313,-2.447685041125223,0.8974227237121082,0.8974227237121082
O=C1OC(c2ccccc2)(c2ccccc2)c2ccccc21,-3.8499998585455444,-5.1728642802516624,-1.322864421706118,1.322864421706118
CCCC(C)C=O,-1.3774492413716488,-1.5739333117764591,-0.1964840704048103,0.1964840704048103
Nc1ccc(Cl)c(Cl)c1,-2.446137828450162,-2.408155375642965,0.03798245280719703,0.03798245280719703
CCOc1cc(C=O)ccc1O,-1.7642020993272922,-2.0209267044133927,-0.2567246050861005,0.2567246050861005
CCCCCCCCCNCC(O)CO,-2.640000025892973,-2.554528637457424,0.08547138843554869,0.08547138843554869
CC(C)=NNC(=O)Nc1ccc([N+](=O)[O-])cc1,-3.5952000387535,-4.004369157424899,-0.40916911867139927,0.40916911867139927
N#CC(C#N)=NNc1ccc(C(=O)CCl)cc1,-3.1900000047230272,-5.328645180364601,-2.138645175641574,2.138645175641574
COc1ccc(Cl)c(OC)c1O,-1.5599997710188829,-2.5026269641848167,-0.9426271931659338,0.9426271931659338
N#CCN(CC#N)CCN(CC#N)CC#N,-2.820404219798311,-2.2287993753641038,0.5916048444342072,0.5916048444342072
CC(C#N)CC(C)(C)CC#N,-1.5746821077764774,-1.6441212389973479,-0.06943913122087042,0.06943913122087042
CC(=O)NC(CCC(=O)O)C(=O)O,-0.7099998162839722,-0.04466689587173933,0.6653329204122329,0.6653329204122329
Cc1nnc(N)nc1C,-1.0938998649997302,-0.8341363903957673,0.259763474603963,0.259763474603963
CCOP(=O)(Oc1ccc(Cl)cc1Cl)Oc1ccc(Cl)cc1Cl,-5.7740003315777155,-6.2963769844199975,-0.522376652842282,0.522376652842282
CC12CCC3C4CCC(=O)C=C4CCC3C1CCC2O,-3.0199999257838885,-4.291316894408146,-1.2713169686242574,1.2713169686242574
OC(=S)COc1ccc(Cl)cc1Cl,-2.6899999816192657,-3.0559338607967037,-0.365933879177438,0.365933879177438
C=CBr,-1.2749998698240717,-1.395497226362321,-0.12049735653824944,0.12049735653824944
CC(C)NP(=O)(F)NC(C)C,-0.35739971642280555,-0.11750562994614944,0.2398940864766561,0.2398940864766561
O=[N+]([O-])c1ccc2c(c1)Cc1ccccc1-2,-4.719999774866936,-4.936583186235187,-0.21658341136825143,0.21658341136825143
CCN(C(C)C)C(C)C,-1.2416021879541295,0.11255873193376864,1.354160919887898,1.354160919887898
CCCCOCCC(=O)OCCCC,-2.4028998974314075,-3.2475921307684,-0.8446922333369926,0.8446922333369926
COCCOC(=O)c1ccccc1C(=O)OCCOC,-1.5212997853073364,-1.9662104898623758,-0.44491070455503934,0.44491070455503934
CC(=O)CC(C)=Nc1ccc(N=C(C)CC(C)=O)cc1,-1.889999896343828,-2.4460715065187317,-0.5560716101749037,0.5560716101749037
CC[N+]1(C)CCCC1,1.410187279156689,0.48539592361699757,-0.9247913555396914,0.9247913555396914
C[Si](C)(C)O[Si](C)(C)O[Si](C)(C)C,-6.842400131848665,-6.206868464075686,0.6355316677729785,0.6355316677729785
C=CCl,-1.3599998791002539,-1.1328825298279657,0.22711734927228822,0.22711734927228822
CCC(C)NCCO,0.6667014505139708,0.1339391006716193,-0.5327623498423515,0.5327623498423515
CCOCOCC,-0.1725999002103551,0.02769868194680658,0.20029858215716168,0.20029858215716168
Clc1ccc(Oc2cc(Cl)c(Cl)c(Cl)c2Cl)cc1,-8.060000951289348,-8.127282997922517,-0.06728204663316895,0.06728204663316895
CCOC(=O)C1=NN(c2ccccc2)C(=O)C1,-3.255345309480848,-3.068896175184855,0.18644913429599308,0.18644913429599308
Cc1ccc(C(=O)Nc2ccc(S(=O)(=O)[O-])cc2)cc1[N+](=O)[O-],-1.2320358187063378,-1.6679179068644743,-0.43588208815813645,0.43588208815813645
CCCCCCCCCCCCCCCCCCNC(=O)CCc1cc(C(C)(C)C)c(O)c(C(C)(C)C)c1,-7.724189202815873,-7.162609042085444,0.5615801607304292,0.5615801607304292
C[Si]1(C)O[Si](C)(C)O[Si](C)(C)O1,0.6527386480509563,-5.435399335257538,-6.088137983308494,6.088137983308494
CC(C)(C)C(=O)C(Oc1ccc(Cl)cc1)n1ccnc1,-3.7030925706068327,-4.987253970009331,-1.2841613994024978,1.2841613994024978
CC1(C)C(=O)[C@@]2(C)CC[C@@H]1C2,-1.85069990764388,-1.7678660927316214,0.0828338149122585,0.0828338149122585
C=CC(=O)OCc1c(Br)c(Br)c(Br)c(Br)c1Br,-7.806077257324054,-6.874947153857203,0.9311301034668507,0.9311301034668507
CN1CCN(CCCN2c3ccccc3Sc3ccc(Cl)cc32)CC1,-4.397900171983474,-4.10582376901448,0.29207640296899395,0.29207640296899395
Nc1ccc(OCCO)c(N)c1,0.006227767554391583,-0.7108714562360672,-0.7170992237904588,0.7170992237904588
O=C([O-])CCC(=O)C(=O)[O-],0.4295259421048465,0.3924270685776712,-0.037098873527175336,0.037098873527175336
CCOC(=O)C(SP(=S)(OC)OC)c1ccccc1,-4.464300226646113,-4.156914292629372,0.3073859340167413,0.3073859340167413
Clc1cc(Cl)c(Cl)c(Cl)c1,-4.6799998516939745,-7.206444733155273,-2.5264448814612983,2.5264448814612983
CC(C)COP(=S)([S-])OCC(C)C,-0.9706955246545941,-2.2392782405300746,-1.2685827158754805,1.2685827158754805
CC(O)C(=O)[O-],-0.074401757566108,0.7810048493562163,0.8554066069223243,0.8554066069223243
O=C(OCn1ncc2c(=O)[nH]cnc21)c1ccccc1,-4.050000164544911,-4.0640957488976985,-0.014095584352787682,0.014095584352787682
O=c1[nH]c(=S)c2[nH]c(=O)[nH]c2[nH]1,-4.039999976711302,-3.496800100763257,0.5431998759480448,0.5431998759480448
CCC(C)(O)CCCC(C)C,-2.6942896165109835,-2.346988404325338,0.34730121218564536,0.34730121218564536
CC(C)c1ccc(CCC=O)cc1,-3.3026568287666147,-3.86168218036113,-0.5590253515945154,0.5590253515945154
CC(C)CCCCCCO,-2.486999902224987,-3.2720192365581227,-0.7850193343331355,0.7850193343331355
Clc1cccc(Oc2ccc(Cl)c(Cl)c2Cl)c1,-7.090000536900993,-7.255960231672246,-0.16595969477125294,0.16595969477125294
O=c1c2ccccc2c2ccc3sc4ccccc4c4ccc1c2c34,-7.982807468127275,-6.80632900671156,1.1764784614157149,1.1764784614157149
CC(O)C([N+](=O)[O-])[N+](=O)[O-],0.07890031722621682,-0.6436148065547895,-0.7225151237810064,0.7225151237810064
CCN1c2ccccc2N(C)C(=O)c2cccnc21,-3.3239998267179205,-3.5081969139104485,-0.18419708719252803,0.18419708719252803
O=c1oc2ccccc2c(O)c1Cc1c(O)c2ccccc2oc1=O,-4.27000001805002,-4.189096371481403,0.0809036465686166,0.0809036465686166
CC(C)NCC(O)COc1cccc2[nH]ccc12,-3.789999973786103,-1.520324901224732,2.2696750725613715,2.2696750725613715
CCCCC(=O)n1c(=O)[nH]cc(F)c1=O,-2.299999868014695,-1.841292959479963,0.45870690853473195,0.45870690853473195
Cn1c(N)cc(=O)n(C)c1=O,-1.453578537038766,-0.6941655069151054,0.7594130301236606,0.7594130301236606
O=P(O)(O)O[C@H]1[C@H](OP(=O)(O)O)[C@@H](OP(=O)(O)O)[C@H](OP(=O)(O)O)[C@@H](OP(=O)(O)O)[C@H]1OP(=O)(O)O,0.18040006361616712,1.1042710557036695,0.9238709920875023,0.9238709920875023
CC(C)C=CCC(=O)O,-1.1486998618866018,-1.6304089553804222,-0.4817090934938204,0.4817090934938204
CC(=O)OC(C)(C)Cc1ccccc1,-2.394649890847611,-2.8672758473141124,-0.4726259564665014,0.4726259564665014
CC(C)(C)c1cc(Cn2c(=O)n(Cc3cc(C(C)(C)C)c(O)c(C(C)(C)C)c3)c(=O)n(Cc3cc(C(C)(C)C)c(O)c(C(C)(C)C)c3)c2=O)cc(C(C)(C)C)c1O,-7.2923090669571895,-6.490167873709165,0.8021411932480245,0.8021411932480245
Clc1cc(Cl)c(Oc2c(Cl)cccc2Cl)cc1Cl,-7.120000410267258,-7.931185954980204,-0.8111855447129468,0.8111855447129468
O=C1c2c(Cl)c(Cl)c(Cl)c(Cl)c2C2=Nc3cccc4cccc(c34)N12,-7.133614832803259,-8.234761794105793,-1.1011469613025344,1.1011469613025344
C=CC=C,-1.8668456057272245,-1.654925295569041,0.21192031015818347,0.21192031015818347
CC(Oc1ccc(Oc2ccc(Cl)cc2Cl)cc1)C(=O)O,-5.039999988412097,-4.7790374740197175,0.2609625143923795,0.2609625143923795
CCCCCCCCCC1(CC)C(=O)NC(=O)NC1=O,-4.459999998188865,-4.2928703873077225,0.1671296108811422,0.1671296108811422
O=[N+]([O-])OCC(CO[N+](=O)[O-])O[N+](=O)[O-],-2.152068282358723,-2.3058480682950226,-0.1537797859362997,0.1537797859362997
O=c1cc[nH]cc1,1.0218002515711437,0.13168815778345389,-0.8901120937876899,0.8901120937876899
S=P(Oc1ccccc1)(Oc1ccccc1)Oc1ccccc1,-6.954694134899524,-6.308076145518902,0.6466179893806228,0.6466179893806228
CCOC(=O)c1cncn1C(C)c1ccccc1,-4.730000100727457,-3.078243633749508,1.651756466977949,1.651756466977949
Nc1ccc(S(=O)(=O)[O-])cc1,0.03795573786447681,-0.7096893937578819,-0.7476451316223587,0.7476451316223587
C=CC(=O)OCC(C)O,0.8855999872846754,-0.040084678432364296,-0.9256846657170397,0.9256846657170397
NCCN1CCNC1=O,0.6335460058753712,0.14416468645325242,-0.4893813194221188,0.4893813194221188
CC(C)CC(C)OC(=O)CC(C(=O)OC(C)CC(C)C)S(=O)(=O)[O-],0.10962621215194579,-1.2030936455701453,-1.312719857722091,1.312719857722091
CC(C)(c1ccc(Oc2ccc(N)cc2)cc1)c1ccc(Oc2ccc(N)cc2)cc1,-7.191727199535004,-5.070271360715141,2.1214558388198625,2.1214558388198625
Oc1ccc(Cc2ccccc2)cc1,-3.400899864664135,-2.966100977208145,0.4347988874559898,0.4347988874559898
CCCCC(NC(C)=O)C(=O)O,-0.682299609305967,-1.1103372139490726,-0.4280376046431056,0.4280376046431056
Oc1cc(F)c(F)c(F)c1,-0.15360960548841573,-1.25530232520276,-1.1016927197143442,1.1016927197143442
CC(C)CC(NC(=O)CC(O)C(CC(C)C)NC(=O)C(Cc1c[nH]cn1)NC(=O)C(Cc1ccccc1)NC(=O)OC(C)(C)C)C(=O)NCCC(N)C(=O)O,-2.219999952655317,-2.610450310048286,-0.39045035739296896,0.39045035739296896
O=C(NC(=O)c1c(F)cccc1F)Nc1ccc(OC(F)(F)C(F)OC(F)(F)F)c(Cl)c1,-6.967499995782418,-6.336853652548546,0.630646343233872,0.630646343233872
CC1(C)C(C=C(Cl)C(F)(F)F)C1C(=O)OC(C#N)c1cccc(Oc2ccccc2)c1,-8.175999872724077,-6.912782262935364,1.263217609788713,1.263217609788713
c1ccc(NNc2ccccc2)cc1,-2.9209999416718335,-3.6609965707414704,-0.7399966290696369,0.7399966290696369
CC(C)CC(NC(=O)CC(O)C(CC(C)C)NC(=O)C(Cc1c[nH]cn1)NC(=O)C(Cc1ccccc1)NC(=O)OC(C)(C)C)C(=O)NCCCN(CCO)CCO,-2.369999802580833,-2.589428880296251,-0.21942907771541798,0.21942907771541798
CCNc1nc(N)nc(Cl)n1,-2.413499984733234,-2.7931028070770894,-0.37960282234385545,0.37960282234385545
CC1(O)CC(c2ccc(Cl)cc2)c2c(c3ccccc3oc2=O)O1,-5.840000108194262,-4.824520102208849,1.0154800059854132,1.0154800059854132
Cc1cc(C)nc(C(N)=O)n1,0.12160004680661674,-0.5963430735265356,-0.7179431203331523,0.7179431203331523
COCCNC(=O)C(NC(=O)C(Cc1cc(OC)c(OC)c(OC)c1)CC(O)C(Cc1ccccc1)NC(=O)OC(C)(C)C)C(C)C,-3.9999999845248846,-3.859967472027816,0.1400325124970685,0.1400325124970685
OC[C@H]1O[C@@H](n2cnc3cncnc32)[C@H](O)[C@@H]1O,-0.4017996615107129,-0.9452348043310215,-0.5434351428203086,0.5434351428203086
CN(C)C,1.038517243045101,1.419222244791564,0.3807050017464628,0.3807050017464628
O=C(O)c1cc(Cl)c(Cl)cc1Cl,-2.4446000016051475,-3.209223754714005,-0.7646237531088573,0.7646237531088573
FCC(F)(F)F,-2.0087276788510664,-2.5766296101984256,-0.5679019313473592,0.5679019313473592
CC(C)(NC(=O)c1ccccc1)C(=O)NCC(=O)O,-0.5599997593180883,-1.4125609414403424,-0.8525611821222541,0.8525611821222541
CCCCCCCCCCCC(=O)NCCC[N+](C)(C)C,-0.011380877773965903,-2.5136447899371603,-2.5022639121631944,2.5022639121631944
CC(=O)OCC1=C(C(=O)O)N2C(=O)[C@@H](NC(=O)Cc3cccs3)[C@H]2SC1,-2.9399999974844877,-3.205714385958343,-0.2657143884738553,0.2657143884738553
CCSC,-1.056973249059287,-1.4978603310896197,-0.4408870820303328,0.4408870820303328
Oc1ccc2ncccc2c1,-2.1617998008072563,-1.183517012524136,0.9782827882831202,0.9782827882831202
OCc1cccc2ccccc12,-1.7443999303063467,-2.629824388600281,-0.8854244582939343,0.8854244582939343
CSc1nc(NC(C)C)nc(NC(C)C)n1,-3.8642000672979657,-3.91460956612685,-0.050409498828884125,0.050409498828884125
FCCl,-0.8201998130461172,-1.1824143155206068,-0.3622145024744896,0.3622145024744896
CCCCCCCCCCCCCCCCC(=O)O,-4.690000039527583,-5.70472738475943,-1.0147273452318464,1.0147273452318464
CCC(C)c1cc(S(=O)(=O)[O-])cc(-n2nc3ccccc3n2)c1O,-1.5762448484791884,-1.7171254673397802,-0.14088061886059178,0.14088061886059178
CCCCCCCCCCCC(=O)OC,-4.690000039527583,-5.367470218458823,-0.6774701789312401,0.6774701789312401
CCC(C)(CC)OC(N)=O,-1.5598999775611846,-1.6529160378045678,-0.09301606024338316,0.09301606024338316
Cn1nc(S(N)(=O)=O)sc1=NS(=O)(=O)c1ccccc1C(=O)O,-2.509999913260205,-2.272312221485722,0.2376876917744828,0.2376876917744828
O=c1n(C[C@@H]2CO2)c(=O)n(C[C@@H]2CO2)c(=O)n1C[C@@H]1CO1,-2.468825243035418,-1.1911312671492074,1.2776939758862105,1.2776939758862105
CCCCBr,-2.1977640931141273,-2.9466419085848115,-0.7488778154706841,0.7488778154706841
Cc1snnc1C(=O)O,-0.45979995038955224,-1.8592172723570837,-1.3994173219675314,1.3994173219675314
CC(C(=O)O)N(C(=O)c1ccccc1)c1ccc(F)c(Cl)c1,-4.2473997674599735,-4.0953759599038095,0.15202380755616396,0.15202380755616396
CCOC(=O)CCc1ccccc1,-2.908600028721795,-2.758328651822782,0.15027137689901293,0.15027137689901293
CN(C)C(=O)Nc1cccc(C(F)(F)F)c1,-3.4365000419759744,-3.5365125138775935,-0.1000124719016191,0.1000124719016191
O=c1cccc[nH]1,1.0218002515711437,0.171246670890413,-0.8505535806807307,0.8505535806807307
CCCCCCCCOC(=O)COc1ccc(Cl)cc1Cl,-7.021700403761626,-6.285083070336034,0.7366173334255919,0.7366173334255919
COC1=CC(=O)CC(C)C12Oc1cc(OC)cc(OC)c1C2=O,-3.6989998656124468,-3.783617195273873,-0.08461732966142632,0.08461732966142632
CC(Oc1ccc(Oc2cnc3cc(Cl)ccc3n2)cc1)C(=O)O,-6.060400101718552,-4.687047229789631,1.3733528719289216,1.3733528719289216
Nc1ccc(/N=N/c2ccccc2)c(N)n1,-4.190000033677186,-3.4706752294437235,0.7193248042334623,0.7193248042334623
C=C(C(=O)O)c1ccccc1,-2.0567997609311375,-1.6684892002550873,0.3883105606760502,0.3883105606760502
[N-]=[N+]=C1C=Cc2c(cccc2S(=O)(=O)Oc2ccc(C(=O)c3ccccc3)c(OS(=O)(=O)c3cccc4c3C=CC(=[N+]=[N-])C4=O)c2OS(=O)(=O)c2cccc3c2C=CC(=[N+]=[N-])C3=O)C1=O,-6.820895262835787,-5.3607287080011465,1.4601665548346405,1.4601665548346405
CCCCCCCCCCCCN(CCC(=O)[O-])CCC(=O)O,-0.04072926411348643,-3.0865213147292496,-3.045792050615763,3.045792050615763
CNCCS(=O)(=O)[O-],0.1906883136160502,1.0838971792113736,0.8932088655953234,0.8932088655953234
CCN1c2ncccc2C(=O)N(C)c2cccnc21,-2.619999805506031,-2.6922543061667863,-0.07225450066075512,0.07225450066075512
O=[N+]([O-])c1ccc(-c2ccccc2)cc1,-5.209400280029884,-4.190873467979143,1.018526812050741,1.018526812050741
CCOCCC(=O)OCC,-0.43170843711476303,-0.5076897679317383,-0.07598133081697522,0.07598133081697522
O=P(OCCCl)(OCCCl)OCC(CCl)(CCl)COP(=O)(OCCCl)OCCCl,-3.400175292387251,-3.5882736412466025,-0.18809834885935173,0.18809834885935173
CCC(C)N(C(=O)SCc1ccccc1)C(C)CC,-5.048400030249722,-4.9874287120804865,0.06097131816923529,0.06097131816923529
CCOc1ccc(N)cc1,-0.8608352121239782,-1.1959653837037958,-0.3351301715798176,0.3351301715798176
CC(C)Nc1nc(NC(C)C)[nH]c(=O)n1,-2.8099998719116965,-3.2022470809042485,-0.39224720899255194,0.39224720899255194
C1N2CN3CN1CN(C2)C3,0.7924031117859882,0.9603603320341554,0.16795722024816717,0.16795722024816717
O=CCC/C=C1\CC2CC1C1CCCC21,-4.090188080372623,-4.251715592958329,-0.16152751258570586,0.16152751258570586
CCC(C)(CC)c1cc(NC(=O)c2c(OC)cccc2OC)on1,-5.36940011074864,-5.555561424425456,-0.18616131367681543,0.18616131367681543
CCN(CC)c1ccc(N=Nc2c(C#N)cc([N+](=O)[O-])cc2C#N)c(C)c1,-7.4728198348923005,-7.2507306680134995,0.22208916687880098,0.22208916687880098
Cc1cc(S(=O)(=O)c2ccccc2)ccc1NS(=O)(=O)C(F)(F)F,-3.800899959061946,-3.362521412645131,0.43837854641681506,0.43837854641681506
Clc1cc2c(cc1Cl)Oc1ccccc1O2,-7.229999853925619,-6.528896845072326,0.701103008853293,0.701103008853293
CC(=O)OCC(COC(C)=O)(COC(C)=O)COC(C)=O,-1.5685999518795544,-1.4657141392348234,0.10288581264473096,0.10288581264473096
Clc1cc(Cl)c(-c2ccccc2)cc1Cl,-6.27000004145161,-6.584250329878104,-0.3142502884264946,0.3142502884264946
CC1(C)Cc2cccc([N+](=O)[O-])c2O1,-3.206799933118001,-3.220826814575118,-0.01402688145711739,0.01402688145711739
CN(C)c1ccc(C(=O)O)cc1C(=O)O,-2.0199998536963193,-1.9537219528511947,0.06627790084512464,0.06627790084512464
O=C(O)c1cc[n+]([O-])cc1,-1.1019998363296981,-0.7806374351856094,0.32136240114408876,0.32136240114408876
C=C(Cl)Cl,-1.5885808657521172,-2.085815916492401,-0.4972350507402836,0.4972350507402836
CC(C)(c1cc(Br)c(O)c(Br)c1)c1cc(Br)c(O)c(Br)c1,-6.48381863573666,-5.731066784407632,0.7527518513290277,0.7527518513290277
Cc1ccc(O)c(C)c1,-1.190999865528559,-1.3170529433196634,-0.12605307779110442,0.12605307779110442
Cc1occc1C(=O)Nc1ccccc1,-3.3036999326506957,-4.025512533954081,-0.7218126013033852,0.7218126013033852
COc1ccc2c(c1)CCCC2,-2.7477385197120157,-3.9320402947650646,-1.184301775053049,1.184301775053049
CC(C)(C)S(=O)(=O)C(C)(C)C,-1.2176997914720697,-2.2144981309117724,-0.9967983394397026,0.9967983394397026
CCOC(=O)n1cnc2c1c(=O)n(C)c(=O)n2C,-1.6499998051984135,-1.5979640732870934,0.05203573191132005,0.05203573191132005
Oc1cnn(-c2ccccc2)c1,-1.9615998388790372,-1.715357066537525,0.24624277234151215,0.24624277234151215
O=Cc1ccccc1O,-0.859999735222944,-0.9576664742542751,-0.09766673903133105,0.09766673903133105
Oc1cc2ccccc2cc1C1=NCCN1,-3.301500025213407,-3.340716024537132,-0.039215999323725104,0.039215999323725104
C1CNCCNCCNCCN1,-0.031020175038225517,1.222835069279291,1.2538552443175166,1.2538552443175166
CCCCCCC(=O)OCC(CC)(COC(=O)CCCCCC)COC(=O)CCCCCC,-6.973765865499807,-6.837646761037856,0.13611910446195097,0.13611910446195097
CCCCCCCC/C=C\CCCCCCCC(=O)OCCCCCCCCCCCCCC,-6.981226220117501,-7.199227581957308,-0.21800136183980712,0.21800136183980712
CC(=O)Nc1ccc(NC(=O)C2=Cc3ccccc3/C(=N/Nc3cc(C(N)=O)ccc3Cl)C2=O)cc1,-7.304443840991773,-7.161971909857593,0.14247193113418,0.14247193113418
O=NN(CCCl)C(=O)NC1CCCCC1,-3.3699998487883556,-3.193691758790122,0.17630808999823344,0.17630808999823344
CC(=O)N(C)c1ccc(S(=O)(=O)N(C)C)cc1,-2.299999868014695,-2.8398880815057925,-0.5398882134910976,0.5398882134910976
O=c1occo1,0.7770766034280094,-0.04612998114366462,-0.8232065845716741,0.8232065845716741
CCCCCCCCOC(=O)c1ccccc1C(=O)OCc1ccccc1,-8.287652602739714,-6.2071514192462,2.0805011834935137,2.0805011834935137
CC(C)(CCC(C)(C)CC(=O)O)CC(=O)O,-3.131900025906674,-2.1599739117959675,0.9719261141107065,0.9719261141107065
CN(C)C(=O)COC(=O)C1CCn2c(C(=O)c3ccccc3)ccc21,-3.0299999152038106,-3.2283902752964093,-0.1983903600925987,0.1983903600925987
COP(=O)(OC)OC=C(Cl)Cl,-1.3439997994095396,-1.230177148303343,0.1138226511061966,0.1138226511061966
CC1(C)CC(O)CC(C)(C)N1,-0.19660968163029757,-0.033727158845112015,0.16288252278518556,0.16288252278518556
NC(CCC(=O)O)C(=O)O,-0.33784986059781064,0.23476720810560847,0.5726170687034191,0.5726170687034191
CCCCOC(=O)/C=C/C(=O)OCCCC,-4.313551373680211,-4.263287769297782,0.05026360438242872,0.05026360438242872
N#CCC(=O)c1ccccc1Cl,-2.175139549787491,-3.217755474226103,-1.0426159244386124,1.0426159244386124
Cc1cc(C)c(C)c(O)c1,-2.252202873571129,-2.036344310533586,0.2158585630375427,0.2158585630375427
C1CCNCC1,1.0698156736036553,0.625813462186334,-0.4440022114173212,0.4440022114173212
N#CN=C(N)N,-0.3086999569583875,-0.8129925997858485,-0.504292642827461,0.504292642827461
O=C(Nc1ccc(F)cc1F)c1cccnc1Oc1cccc(C(F)(F)F)c1,-6.896900334281703,-5.834083170511537,1.0628171637701662,1.0628171637701662
CC(C)(C)N(NC(=O)c1ccc(Cl)cc1)C(=O)c1ccccc1,-4.440400176621565,-5.630567181025264,-1.1901670044036994,1.1901670044036994
C=CCOc1nc(OCC=C)nc(OCC=C)n1,-2.874225789192935,-4.216782223660514,-1.3425564344675793,1.3425564344675793
Oc1cc(Cl)cc(Cl)c1Cl,-2.6700000027794215,-2.8344363807848296,-0.1644363780054081,0.1644363780054081
OCC1OC2OC3C(CO)OC(OC4C(CO)OC(OC5C(CO)OC(OC6C(CO)OC(OC7C(CO)OC(OC8C(CO)OC(OC9C(CO)OC(OC1C(O)C2O)C(O)C9O)C(O)C8O)C(O)C7O)C(O)C6O)C(O)C5O)C(O)C4O)C(O)C3O,-0.7499998774838454,0.5186410857486874,1.2686409632325328,1.2686409632325328
CCc1ccc(C(=O)O)cc1,-2.519999894053445,-2.7308312753926156,-0.21083138133917068,0.21083138133917068
Nc1cccc(N)c1,0.5100003249757568,-0.28608341919267266,-0.7960837441684294,0.7960837441684294
NC(=O)Nc1ccc(Br)cc1,-1.6335998615423437,-2.3563715428468583,-0.7227716813045146,0.7227716813045146
CCC(C)CO,-0.4681008889040412,-0.3497210032296221,0.11837988567441915,0.11837988567441915
Cc1cc(CC(C)CC(C)(C)C)n(O)c(=O)c1,-3.9054641789620175,-4.003933130408484,-0.0984689514464665,0.0984689514464665
Cc1ccc(O)cc1,-0.7015477383003552,-0.8700156581245717,-0.1684679198242165,0.1684679198242165
COc1cc(C=O)c(C)cc1O,-2.7434999202711747,-2.2856794378215333,0.45782048244964146,0.45782048244964146
CCCN(CCOc1c(Cl)cc(Cl)cc1Cl)C(=O)n1ccnc1,-4.044499861097403,-5.023825442704051,-0.9793255816066475,0.9793255816066475
O=C(Cl)OCCOCCOC(=O)Cl,-4.886548982581243,-1.7839873600514633,3.1025616225297803,3.1025616225297803
NCCCC(=O)O,1.1006003679940863,0.4208225171136659,-0.6797778508804204,0.6797778508804204
Ic1ccc2c(c1)Sc1ccccc1N2,-6.927800419170939,-5.809870765584124,1.117929653586815,1.117929653586815
CC#Cc1cc(C)nc(Nc2ccccc2)n1,-4.599999867321141,-3.813880976096734,0.7861188912244068,0.7861188912244068
CC(C)(C)OC(=O)c1cccc([N+](=O)[O-])c1C(=O)[O-],-3.0466999466209015,-2.6718502017806647,0.3748497448402368,0.3748497448402368
CC(=O)OO,1.1189002520999725,0.6709499188790518,-0.4479503332209207,0.4479503332209207
NC(=O)NCNC(N)=O,-0.6524997369358365,-0.32795360702927345,0.32454612990656306,0.32454612990656306
CCCC(O)C(C)CC,-1.8405999263525727,-1.8292828237473187,0.011317102605254092,0.011317102605254092
CC(=NNC(=O)c1nccs1)C(=O)O,-1.929999819516789,-1.946065461990915,-0.01606564247412612,0.01606564247412612
Nc1ccc(Br)cc1C(=O)O,-3.0699998728834994,-2.3495414191113917,0.7204584537721077,0.7204584537721077
CCNc1nc(Cl)nc(NC(C)C)n1,-3.7599999623929263,-3.3760024321702535,0.3839975302226728,0.3839975302226728
CCCc1cc(F)ccc1O,-1.8869998814018192,-2.2242181241131163,-0.3372182427112971,0.3372182427112971
CCc1ccccn1,0.5010001421228174,0.38923643846957434,-0.11176370365324306,0.11176370365324306
CSc1ccc2c(c1)N(CCC1CCCCN1C)c1ccccc1S2,-5.820000284634695,-4.6761359263069675,1.1438643583277273,1.1438643583277273
Cn1c(=O)on(-c2ccc(Cl)c(Cl)c2)c1=O,-2.819999861331619,-3.568996595614057,-0.748996734282438,0.748996734282438
CC[NH+](C)CC,0.7130003698633072,0.5210449624558429,-0.1919554074074643,0.1919554074074643
COc1cc(CN)ccc1O,0.01884646394400935,-0.56311281830139,-0.5819592822453994,0.5819592822453994
CCOC(=O)COc1ccc(Cl)cc1Cl,-3.3503000267229885,-4.645393882232482,-1.2950938555094935,1.2950938555094935
CCC(=O)OC1CCC2C3CCC4=CC(=O)CCC4(C)C3CCC12C,-5.3699999757101295,-5.073500500331811,0.2964994753783188,0.2964994753783188
CC(C)(C)c1ccc(OCC2CO2)cc1,-3.430238934187065,-6.0340435867332065,-2.6038046525461414,2.6038046525461414
NS(=O)(=O)c1cc2c(s1)C(O)CC[S+]2[O-],-1.5699999588524918,-1.4291872492328233,0.14081270961966852,0.14081270961966852
O=C([O-])c1ccccc1O,-0.10749205350203317,-1.3015536252673023,-1.1940615717652692,1.1940615717652692
ON=C1CCCCC1,-0.8495727681760528,-1.1461263501040502,-0.2965535819279974,0.2965535819279974
COc1ccccc1C,-2.6890832586268933,-1.977787083063028,0.7112961755638654,0.7112961755638654
O=C1OC(CN2CCOCC2)CN1/N=C/c1ccc([N+](=O)[O-])o1,-2.6358999364587707,-3.0408749003551367,-0.404974963896366,0.404974963896366
C=CCC1(CC)C(=O)NC(=O)NC1=O,-1.6099998820254526,-2.0841281234070137,-0.47412824138156107,0.47412824138156107
CC(C)CC(NC(=O)CC(O)C(CC(C)C)NC(=O)C(Cc1c[nH]cn1)NC(=O)C(Cc1ccccc1)NC(=O)OC(C)(C)C)C(=O)NCc1cc[n+]([O-])cc1,-2.38000002492117,-3.4816874651061127,-1.1016874401849428,1.1016874401849428
CCCCN(C(N)=O)c1ccccc1,-1.2970997728565021,-2.1008300699475146,-0.8037302970910125,0.8037302970910125
Oc1ccc(Br)cc1,-1.0919997865230016,-1.120251134962403,-0.028251348439401358,0.028251348439401358
CCCCC(CC)C(=O)OCCOCCOCCOC(=O)C(CC)CCCC,-5.420152330401127,-4.7009887761081295,0.7191635542929973,0.7191635542929973
O=c1[nH]c(=O)n(C2CC(O)C(CO)O2)cc1I,-2.2480999545852214,-1.8404142801553331,0.40768567442988823,0.40768567442988823
O=C(O)C(O)C(Cl)(Cl)Cl,0.36000012998296027,0.2090124904585262,-0.15098763952443406,0.15098763952443406
O=C(Nc1cc(Cl)c(NC(=O)C2=Cc3ccccc3/C(=N\Nc3cc(C(F)(F)F)ccc3Cl)C2=O)cc1Cl)C1=Cc2ccccc2/C(=N/Nc2cc(C(F)(F)F)ccc2Cl)C1=O,-7.692244254199423,-8.39574313419895,-0.7034988799995272,0.7034988799995272
CN(C)C1C(O)=CC(=O)C2(O)C(O)=C3C(=O)c4ccccc4C(C)(O)C3CC12,-1.419999763859695,-2.4919720801987495,-1.0719723163390544,1.0719723163390544
CCCCCCc1ccc(C(=O)O)cc1,-3.650000035640372,-4.3133516487379016,-0.6633516130975297,0.6633516130975297
CC(C(=O)O)c1ccc(-c2ccccc2)c(F)c1,-4.289999979636501,-3.6998039413908996,0.5901960382456011,0.5901960382456011
Clc1cccc(Cl)c1-c1ccccc1,-5.2100001449913735,-5.16648302003547,0.043517124955903874,0.043517124955903874
CCc1cccc(CC)c1,-3.7476000386595354,-4.113212487664615,-0.36561244900507983,0.36561244900507983
CCCCC(=O)CC(C)=O,-1.5599997710188829,-1.0347231727461155,0.5252765982727674,0.5252765982727674
CCCCCCCCCCOC(=O)C(C)O,-3.0599998920902594,-4.207676312192642,-1.1476764201023824,1.1476764201023824
Cc1ncc([N+](=O)[O-])n1C,-1.1599998491547125,-1.6488969701679717,-0.4888971210132591,0.4888971210132591
O=C(Nc1cc(S(=O)(=O)[O-])cc2c1C(=O)/C(=N/Nc1ccc3cc(S(=O)(=O)CCOS(=O)(=O)[O-])ccc3c1S(=O)(=O)[O-])C(S(=O)(=O)[O-])=C2)c1ccccc1,-0.3893145751723428,0.6916125476721846,1.0809271228445274,1.0809271228445274
ClC=C(Cl)Cl,-1.959999899923422,-2.9022665667940477,-0.9422666668706257,0.9422666668706257
COC(=O)CN(CC(=O)OC)c1ccc(N=Nc2ccc([N+](=O)[O-])cc2C#N)c(NC(C)=O)c1,-5.1935195936184355,-6.324889479777746,-1.1313698861593107,1.1313698861593107
CCN(c1ccccc1)c1nc(Cl)nc(Nc2cc(S(=O)(=O)[O-])cc3c2C(=O)/C(=N/Nc2ccc4ccccc4c2S(=O)(=O)[O-])C(S(=O)(=O)[O-])=C3)n1,-0.45923514426382406,-0.507547600211919,-0.04831245594809497,0.04831245594809497
COc1cc2nc(N3CCN(C(=O)C4CCCO4)CC3)nc(N)c2cc1OC,-1.7999998621642976,-2.9878872744688167,-1.187887412304519,1.187887412304519
CC(C)CCNCc1cccc(C(=O)c2csc(S(N)(=O)=O)c2)c1,-1.4999998862594417,-3.0159315997929133,-1.5159317135334716,1.5159317135334716
O=[N+]([O-])c1ccc(Nc2ccc(Nc3ccccc3)c(S(=O)(=O)[O-])c2)c([N+](=O)[O-])c1,-2.1991373228660507,-2.400639051112274,-0.20150172824622326,0.20150172824622326
CC1(C)SCC(COC(N)=O)S1,-2.219999952655317,-2.2626115520521206,-0.0426115993968037,0.0426115993968037
C=CCC1(CCCC)C(=O)NC(=O)NC1=O,-2.16999997967566,-2.7264099628264242,-0.5564099831507643,0.5564099831507643
OCC1OC(OCCc2cccc3ccccc23)C(O)C(O)C1O,-1.1099998761750551,-2.7891943852641825,-1.6791945090891274,1.6791945090891274
CCCCCCCC/C=C\CCCCCCCCNCCCN,-6.1026172892130415,-4.622066919948409,1.4805503692646322,1.4805503692646322
Cc1cc(Cl)ccc1OCC(O)=S,-3.1600000278365785,-2.829110560608017,0.3308894672285616,0.3308894672285616
C=CCOC(=O)C(C)OC(=O)C(C)O,-0.6825998178405364,-0.5434649633685589,0.1391348544719775,0.1391348544719775
CC(=O)CCCCn1c(=O)c2c(ncn2C)n(C)c1=O,-0.5580000254105739,-1.2888897940773147,-0.7308897686667408,0.7308897686667408
CN(C)C1C(O)=C(C(N)=O)C(=O)C2(O)C(O)=C3C(=O)c4c(O)ccc(Cl)c4C(C)(O)C3CC12,-2.8800000501816014,-2.5220089447775496,0.3579911054040519,0.3579911054040519
CCN(CCOC(C)OCC(C)C)c1ccc(N=Nc2ccccc2)cc1,-7.090504059077595,-5.436485607058485,1.6540184520191108,1.6540184520191108
C1O[C@@H]1[C@@H]1CO1,1.0650001906822473,0.7417113479211528,-0.3232888427610945,0.3232888427610945
O=S(=O)(O)c1ccccc1N=C1C=CC(=C(c2ccc(Nc3ccccc3)cc2)c2ccc(Nc3ccccc3)cc2)C=C1,-8.377105084157572,-4.91243606803736,3.4646690161202116,3.4646690161202116
CCOC(=O)n1cc(F)c(=O)[nH]c1=O,-1.4699998748662648,-1.528004166525565,-0.05800429165930021,0.05800429165930021
C=C1CCC(C)=CCCC=C(C)CC[C@@H]1C(C)=O,-5.449126387754094,-3.092442807300086,2.3566835804540083,2.3566835804540083
CCCCCCCCCCCCCCC/C=C/CC(CC(=O)O)C(=O)O,-6.964446564425293,-5.053368723043945,1.9110778413813483,1.9110778413813483
CCCCOc1cc(C(=O)NCCN(CC)CC)c2ccccc2n1,-3.700000008620029,-4.2076071607095065,-0.5076071520894776,0.5076071520894776
CCCCCCCCCCCCCCCCc1c(Oc2ccccc2S(=O)(=O)[O-])cccc1S(=O)(=O)[O-],0.22276576806844828,-1.2347607460118422,-1.4575265140802904,1.4575265140802904
COc1cc(C#N)c2c(c1OC)C(=O)OC2,-3.479999982581279,-3.2492963145496403,0.23070366803163855,0.23070366803163855
COc1ccc(O)cc1,-0.4918997652017665,-1.1253602011265833,-0.6334604359248168,0.6334604359248168
CCCCCCCCCCOC(=O)c1ccccc1C(=O)OCCCCCCCCCC,-9.307600263827172,-6.884291023722133,2.4233092401050396,2.4233092401050396
O=Cc1ccco1,-0.09619979574101922,-0.28026806931750725,-0.18406827357648803,0.18406827357648803
Cc1cccc2cc3ccccc3cc12,-5.854100385462074,-6.189527314903649,-0.33542692944157526,0.33542692944157526
COc1ccc(C(=O)O)cc1,-2.457999861305752,-2.2928605639953497,0.16513929731040244,0.16513929731040244
CCC(N)C(=O)O,0.2868000414517673,0.10328139104063849,-0.1835186504111288,0.1835186504111288
CCCCOC(=O)c1ccccc1C(=O)OCCCC,-4.387683419924238,-4.9268663676528295,-0.5391829477285919,0.5391829477285919
Cn1cnc2c1c(=O)n(CC(=O)[O-])c(=O)n2C,-1.3768997562332022,-0.8025262950689105,0.5743734611642917,0.5743734611642917
CC1=CC(=C(c2ccc(N)cc2)c2ccc(N)cc2)C=CC1=N,-2.1054831642064307,-2.6987164501536727,-0.593233285947242,0.593233285947242
NS(=O)(=O)c1cc(S(=O)(=O)c2cccc(O)c2)cs1,-2.7199999585057144,-1.8412643879090866,0.8787355705966278,0.8787355705966278
CC(C)OP(=S)(OC(C)C)SCCNS(=O)(=O)c1ccccc1,-4.201399814402995,-3.7316409529618175,0.4697588614411776,0.4697588614411776
O=Cc1ccccc1C=O,-1.3399999175137736,-2.058601978326942,-0.7186020608131685,0.7186020608131685
CCCN(CCC)c1c([N+](=O)[O-])cc(C(C)C)cc1[N+](=O)[O-],-6.449100174341524,-5.631462147525562,0.8176380268159615,0.8176380268159615
CN(C(=O)COC(=O)c1ccccc1)C1CCCCC1,-3.2899999334289776,-3.4528152026010743,-0.16281526917209677,0.16281526917209677
Nc1ccc(S(=O)(=O)O)c2ncccc12,-2.7099999604591103,-2.012901129589233,0.6970988308698773,0.6970988308698773
CCCCCCCCCCCCCCCCCCCCCC(=O)O,-7.328114904368574,-6.282129570463519,1.0459853339050547,1.0459853339050547
CCCCCCCC/C=C\CCCCCCCC(=O)[O-],-9.398089051303673,-5.657734190040491,3.7403548612631816,3.7403548612631816
CC(Cl)CCl,-1.6216646744231575,-1.9913511257759868,-0.3696864513528293,0.3696864513528293
COCC(=O)O,1.0454000930611222,0.37196264643081056,-0.6734374466303117,0.6734374466303117
Nc1ccc(S(=O)(=O)Nc2ccc([N+](=O)[O-])cc2Br)cc1,-4.780000211734026,-4.09936479964658,0.6806354120874465,0.6806354120874465
CC(=O)OCC=C(C)C,-1.4743212214411172,-1.537415807604505,-0.06309458616338781,0.06309458616338781
Cc1nc(C)c(C(=O)O)cc1C(=O)O,-2.8089999445711653,-1.6119301883960067,1.1970697561751587,1.1970697561751587
CCC(C)C1(CC)C(=O)NC(=O)NC1=O,-2.39000000571441,-2.350375653770214,0.03962435194419589,0.03962435194419589
CCCCCCCCSC1C(O)C(O)OC(CO)C1O,-2.9100000222155415,-3.202132035472725,-0.2921320132571834,0.2921320132571834
C=C(C)CC,-2.7306999427854235,-3.080644542878046,-0.3499446000926225,0.3499446000926225
O=C(c1ccccc1)c1ccc(OCC(O)COc2ccc(C(=O)c3ccccc3)c(O)c2)cc1O,-7.138755231076566,-4.499573832283106,2.6391813987934594,2.6391813987934594
C#CC(C)N(C(=O)CCl)c1ccccc1,-2.646799956241342,-3.284680824810783,-0.6378808685694413,0.6378808685694413
O=C([O-])c1ccc(Cl)o1,-1.71879987181466,-1.2826025301884973,0.43619734162616264,0.43619734162616264
CN(O)C(=O)C1CCCCCC1,-1.4499999132797845,-1.770831600945519,-0.32083168766573444,0.32083168766573444
Nc1nc(O)c2ncn(C3C=CC(CO)C3)c2n1,-2.299999868014695,-1.7806881027632717,0.5193117652514232,0.5193117652514232
Cc1cc(Cl)ccc1OC(C)C(=O)O,-2.466030750166041,-2.7155461060949144,-0.24951535592887364,0.24951535592887364
CCCCC(CC)COC(=O)CC(CC(=O)OCC(CC)CCCC)(OC(C)=O)C(=O)OCC(CC)CCCC,-7.057520319918078,-6.42804748149382,0.6294728384242578,0.6294728384242578
Clc1cc(Cl)c(Cl)c(Oc2ccc(Cl)c(Cl)c2)c1,-7.830000081789155,-8.052653502686034,-0.22265342089687934,0.22265342089687934
O=C(O)CN1C(=O)NC(=O)C1Cc1ccccc1,-1.789999812357601,-1.9584391606109413,-0.16843934825334017,0.16843934825334017
Oc1cc(Cl)ccc1Oc1ccc(Cl)cc1,-4.239393240349732,-4.360035939226787,-0.12064269887705503,0.12064269887705503
Clc1ccccc1-c1c(Cl)cc(Cl)c(Cl)c1Cl,-7.434600182836066,-7.5932944169899965,-0.15869423415393058,0.15869423415393058
C=C(C)C=O,-0.0675109019891651,-0.2604965422711243,-0.1929856402819592,0.1929856402819592
CCCC1(CC)C(=O)NC(=S)NC1=O,-2.7999998824917744,-2.8874184597146058,-0.0874185772228313,0.0874185772228313
CNC(=O)N(C)c1nnc(C(C)(C)CCl)s1,-2.4699999555805157,-3.571508340353289,-1.1015083847727731,1.1015083847727731
COC(=O)c1sccc1S(=O)(=O)NC(=O)Nc1nc(OC)nc(OC)n1,-3.1900000047230272,-3.891742647541958,-0.7017426428189308,0.7017426428189308
CC(=O)C(N=Nc1ccc(-c2ccc(N=NC(C(C)=O)C(=O)Nc3ccc(C)cc3C)c(Cl)c2)cc1Cl)C(=O)Nc1ccc(C)cc1C,-9.292010952227898,-8.20195776598628,1.090053186241617,1.090053186241617
CC(C)CC1OCCO1,-0.36949970767545226,-1.1601363577711212,-0.790636650095669,0.790636650095669
c1cc(OCC2CO2)c2ccc(OCC3CO3)cc2c1,-3.919173702040694,-3.8052565024994722,0.11391719954122159,0.11391719954122159
Cc1cccc(C)c1OCC(=O)O,-2.256644372573265,-2.32419926390561,-0.06755489133234516,0.06755489133234516
CN(C)CNC(=O)c1ccccc1,0.4200004288231387,-1.4699576386310564,-1.8899580674541951,1.8899580674541951
Nc1[nH]c(=O)[nH]c2nc(=O)[nH]c1-2,-3.4599999864880706,-3.9365594339054515,-0.4765594474173809,0.4765594474173809
CCOC(OCC)C(Cl)(Cl)Cl,-1.6463997872680027,-3.3524271594706905,-1.7060273722026877,1.7060273722026877
CCOC(C)OCC,-0.4290997284695379,-0.15084575459360128,0.27825397387593664,0.27825397387593664
CC(=O)C=C(C)[O-],-1.8656837641917121,0.22178274039800971,2.087466504589722,2.087466504589722
C=CC(C)CCC=C(C)C,-5.964586235959893,-4.893923622486309,1.0706626134735844,1.0706626134735844
COC(=O)[C@@H]1C2CCC(C[C@@H]1OC(=O)c1ccccc1)N2C,-2.2266999860258037,-2.4289632087479904,-0.20226322272218678,0.20226322272218678
NCC1CCC(C(=O)O)CC1,0.025500189285370123,0.2546074725543894,0.2291072832690193,0.2291072832690193
CC(C)N(C(=O)COc1nnc(C(F)(F)F)s1)c1ccc(F)cc1,-3.81209994583199,-5.760433390299596,-1.9483334444676061,1.9483334444676061
O=C(O)/C=C\C=C/C(=O)O,-2.8515998634405033,-0.6949020185199162,2.156697844920587,2.156697844920587
CC(=O)Nc1ccc(S(=O)(=O)Nc2nccs2)cc1,-3.4300000441083496,-3.145572523266087,0.28442752084226264,0.28442752084226264
CC1(C)[C@H](C=C(Cl)Cl)[C@H]1C(=O)OCc1c(F)c(F)cc(F)c1F,-6.813700195943815,-6.48856538125567,0.32513481468814476,0.32513481468814476
CCCCCCCCCCNC(=O)OCC1OC(O)C(O)C(O)C1O,-3.559999932447385,-3.1111118098765798,0.44888812257080524,0.44888812257080524
CCS[S+]([O-])CC,-0.09929960414072658,-0.5311314305800541,-0.4318318264393275,0.4318318264393275
CCCCNc1ccc(NCCCC)c2c1C(=O)c1ccccc1C2=O,-7.93185731788234,-7.042343156679365,0.8895141612029747,0.8895141612029747
CC12CCC3(O)C(CCC4=CC(=O)CCC43C)C1CCC2=O,-2.6799999835726616,-3.2449606476826216,-0.56496066410996,0.56496066410996
NC(=Nc1ccc(N)cc1)N1Cc2cccc3cccc(c23)C1,-1.8299999425709306,-2.2667961139567394,-0.43679617138580884,0.43679617138580884
FC1(F)C(F)(F)C(F)(F)C2(F)C(F)(F)C(F)(F)C(F)(F)C(F)(F)C2(F)C1(F)F,-7.664711197812391,-5.21293114647716,2.4517800513352306,2.4517800513352306
CC(CC(=O)O)CC(C)(C)C,-2.3542207729904003,-2.5166525343862665,-0.16243176139586613,0.16243176139586613
CC(C)(CO)[C@@H](O)C(=O)NCCCO,0.39442625037753576,0.32464591662909914,-0.06978033374843662,0.06978033374843662
CC(C)CCC(C)Nc1ccc(NC(C)CCC(C)C)cc1,-5.575133916664091,-5.305665355765329,0.2694685608987628,0.2694685608987628
Nc1ccc([N+](=O)[O-])cc1,-2.2781998284495533,-2.13252077299124,0.1456790554583134,0.1456790554583134
O=C([O-])CCl,0.8486245098172267,0.2755279356199707,-0.573096574197256,0.573096574197256
CCN1C[C@]2(COC)[C@H](O)C[C@H](OC)[C@]34C1[C@H]([C@H](OC)[C@H]23)[C@]1(OC(C)=O)[C@H]2[C@@H](OC(=O)c3ccccc3)[C@](O)(C[C@H]24)[C@@H](OC)[C@@H]1O,-3.3187000418674684,-2.892756598793354,0.42594344307411447,0.42594344307411447
CC(=O)/C(=N\Nc1cc([N+](=O)[O-])cc(S(=O)(=O)[O-])c1[O-])C(=O)[N-]c1ccccc1,-2.0086456908650736,-1.9853302538281896,0.02331543703688399,0.02331543703688399
CCCOC(=O)c1cccnc1,-1.2402999040352036,-1.607592554645486,-0.36729265061028227,0.36729265061028227
CC(Cl)(Cl)[N+](=O)[O-],-1.7602999404855377,-1.4366268998136507,0.32367304067188707,0.32367304067188707
CC1CN(c2cc3c(cc2F)c(=O)c(C(=O)O)cn3-c2ccc(F)cc2F)CCN1,-3.7999999545793433,-4.365386276433922,-0.5653863218545787,0.5653863218545787
c1ccc(Nc2cccc3ccccc23)cc1,-4.8638915888494445,-5.1798316027381,-0.3159400138886559,0.3159400138886559
O=C(CS)Nc1ccc2ccccc2c1,-3.339999871901907,-4.219693487297821,-0.8796936153959143,0.8796936153959143
Cc1c(Nc2nc(Cl)nc(Nc3cccc(S(=O)(=O)[O-])c3)n2)c(C)c(S(=O)(=O)[O-])c(C)c1Nc1cc(S(=O)(=O)[O-])c(N)c2c1C(=O)c1ccccc1C2=O,-0.42442779353707305,-0.3856356058480128,0.03879218768906023,0.03879218768906023
C[C@H](CCC(=O)O)[C@H]1CC[C@H]2[C@@H]3[C@@H](O)C[C@@H]4C[C@H](O)CC[C@]4(C)[C@H]3CC[C@]12C,-4.2929000630938985,-4.390991372907913,-0.0980913098140146,0.0980913098140146
C#CCCC,-1.6373998804688883,-1.8703575624874946,-0.23295768201860634,0.23295768201860634
O=[N+]([O-])N1CN([N+](=O)[O-])CN([N+](=O)[O-])C1,-3.5705999852424832,-2.596808765223989,0.9737912200184944,0.9737912200184944
NS(=O)(=O)c1cc(C2(O)NC(=O)c3ccccc32)ccc1Cl,-3.4507000091812987,-2.783352085634362,0.6673479235469366,0.6673479235469366
CCC(C)C(C)(C)C,-4.677599977767279,-5.037755118708079,-0.36015514094079926,0.36015514094079926
CCCCCCCC/C=C\CCCCCCCCNC(=O)CCCCCCCCCCCCCCC,-7.704078129564875,-6.97520741857339,0.7288707109914849,0.7288707109914849
O=C1NC(=O)c2cccc3cccc1c23,-4.692831523609496,-5.31625257205757,-0.6234210484480736,0.6234210484480736
O=c1[nH]c2cncnc2[nH]c1=O,-2.6899999816192657,-2.5879622753380582,0.10203770628120745,0.10203770628120745
C=CC(C#N)OC(C)=O,-0.8986936477503429,-1.0081229022333906,-0.10942925448304774,0.10942925448304774
CN(C=O)c1ccccc1,-1.494780812646042,-1.4945518259982944,0.0002289866477476199,0.0002289866477476199
O=[N+]([O-])C(Br)(CO)CO,0.12713106124214413,-0.052276871662524815,-0.17940793290466894,0.17940793290466894
CCCCC(CC)COS(=O)(=O)[O-],0.33296397048073123,-0.6829212825196227,-1.015885253000354,1.015885253000354
CCC(CC)C(=O)N(CC)CC,-1.0875999026349676,-1.420181821357211,-0.3325819187222434,0.3325819187222434
Clc1ccc(Oc2c(Cl)cc(Cl)c(Cl)c2Cl)cc1,-7.769999782948977,-7.948280864140438,-0.1782810811914608,0.1782810811914608
CC(C)CC1CC(C)(O)CCO1,2.1376818618310884,-1.2422874915744229,-3.379969353405511,3.379969353405511
C=C(C)C1CCC(C)CC1O,-1.71111232489908,-2.4499442656281354,-0.7388319407290553,0.7388319407290553
O=C(O)Cc1ccc(Cl)cc1Cl,-2.9191414675258547,-2.6875854078263957,0.23155605969945903,0.23155605969945903
O=c1cc[nH]c(O)c1,-1.2497998823381091,-0.4006725337436805,0.8491273485944286,0.8491273485944286
CC(C)NCC(O)COc1ccc(CC(N)=O)cc1,-1.3015998642829716,-1.6474721183507939,-0.3458722540678223,0.3458722540678223
O=C1c2ccccc2C(=O)c2c(O)c(O)cc(O)c21,-4.602399879274747,-4.009416249505392,0.5929836297693551,0.5929836297693551
Clc1cc(Cl)c2c(Cl)c(Cl)c(Cl)c(Cl)c2c1Cl,-8.775000233633858,-9.639855886928395,-0.8648556532945371,0.8648556532945371
CC(CCC(=O)O)C1CCC2C3CCC4CC(O)CCC4(C)C3CCC12C,-7.340000677853105,-5.120919922156382,2.219080755696723,2.219080755696723
Cc1cc(S(=O)(=O)O)c(N)cc1Cl,-2.406177657027986,-1.7980554770486739,0.608122179979312,0.608122179979312
Clc1cc(Cl)c(Cl)c(-c2c(Cl)c(Cl)c(Cl)c(Cl)c2Cl)c1Cl,-10.41150030992535,-9.605263582131235,0.8062367277941149,0.8062367277941149
CCn1cc(C(=O)O)c(=O)c2cc(F)c(N3CCNC(C)C3)c(F)c21,-2.3299998449011436,-3.1131429276533114,-0.7831430827521677,0.7831430827521677
O=C(O)c1cc(S(=O)(=O)O)ccc1O,0.6554903525774751,-0.7178053762096934,-1.3732957287871685,1.3732957287871685
NS(=O)(=O)c1ccc(NO)cc1,-0.8399997736364635,-1.085043092108822,-0.2450433184723586,0.2450433184723586
CC(C)Oc1cccc(NC(=O)c2ccccc2C(F)(F)F)c1,-4.694699855896362,-5.964523847795467,-1.2698239918991057,1.2698239918991057
COC(=O)c1nccnc1N,-1.6422658812402517,-1.6450583037059423,-0.0027924224656905583,0.0027924224656905583
O=C(O)c1ccc(F)cc1,-2.067299951255081,-1.9219349070225822,0.14536504423249896,0.14536504423249896
CCc1ccccc1,-2.9714779234159954,-3.0830747137120227,-0.11159679029602732,0.11159679029602732
CC1=C2C3OC(=O)C(C)C3CCC2(C)C=CC1=O,-3.089999851723344,-2.9964452277209617,0.09355462400238235,0.09355462400238235
CC1(C)[C@H]2CC=C(CCO)[C@@H]1C2,-2.695999787209551,-4.332532558625929,-1.6365327714163782,1.6365327714163782
C=CC(F)(F)C(F)(F)C(F)(F)C(F)(F)F,-4.197937547331206,-5.467818820398976,-1.26988127306777,1.26988127306777
CCOC(=O)CCCCCCCC(=O)OCC,-2.98999994889744,-3.348706506018802,-0.3587065571213621,0.3587065571213621
CCN(CC)c1nc(NC(C)C)nc(OC)n1,-4.888999926465543,-3.599818212203567,1.2891817142619755,1.2891817142619755
CCOP(C)(=O)SCCN(C(C)C)C(C)C,-0.949999907429387,-0.8005047529092293,0.1494951545201577,0.1494951545201577
CCOCCOCCO,0.8723002661090504,0.5848462464109532,-0.28745401969809725,0.28745401969809725
CCCCCCCCCCCCCC(=O)OC,-6.649738302703303,-5.9087441358840564,0.7409941668192461,0.7409941668192461
Fc1ccc(Cc2ccc(F)cc2)cc1,-6.912156448914335,-4.4540484157511155,2.458108033163219,2.458108033163219
O=C(OOC(=O)c1ccccc1)c1ccccc1,-4.425199962888474,-4.429235041646914,-0.004035078758439781,0.004035078758439781
CCC(C)C(=O)OC1CC(C)C=C2C=CC(C)C(CCC3CC(O)CC(=O)O3)C21,-6.010000402800452,-4.028045051743636,1.9819553510568166,1.9819553510568166
OCc1c(Cl)cccc1Cl,-2.1018999855593385,-1.997593392891347,0.10430659266799158,0.10430659266799158
CCc1ccc(C)cc1,-3.102600052506694,-3.593971944300014,-0.4913718917933201,0.4913718917933201
CNC(=O)Oc1ccccc1OC(C)C,-2.0511998020528437,-2.212710820422512,-0.1615110183696684,0.1615110183696684
C=CC(=O)OC1CCC(C(C)(C)C)CC1,-3.5393280558511186,-4.451166137765423,-0.9118380819143042,0.9118380819143042
OCC[S-],0.9537306233755602,0.7138310158224059,-0.23989960755315431,0.23989960755315431
O=S(=O)([O-])c1ccc2oc3ccccc3c2c1,-0.4654999097659127,-0.9357589807377942,-0.47025907097188147,0.47025907097188147
CCCC1CCC(C2CCC(c3ccc(-c4cc(F)c(F)c(F)c4)c(F)c3)CC2)CC1,-6.636031402135963,-5.701274503517686,0.9347568986182768,0.9347568986182768
CC(C)CC(C)C,-4.260499901720202,-4.448452804720564,-0.18795290300036172,0.18795290300036172
O=C(O)CO,0.5960167644351899,1.0461360525582832,0.4501192881230933,0.4501192881230933
COc1cc(S(=O)(=O)[O-])c(C)cc1NC(=O)C(N=Nc1ccc(-c2nc3ccc(C)c(S(=O)(=O)[O-])c3s2)cc1)C(C)=O,-0.7697041854238673,-0.9688592146114154,-0.19915502918754813,0.19915502918754813
C[N+](C)(C)c1ccccc1,0.28774773423262,0.681271571391747,0.393523837159127,0.393523837159127
CC/C=C(\C)C1(CC)C(=O)NC(=O)NC1=O,-2.3099998488079354,-2.4976878436565855,-0.18768799484865006,0.18768799484865006
Cc1cc(=O)n(O)c2ccc3ccccc3c12,-3.9999999845248846,-4.544208285095259,-0.5442083005703742,0.5442083005703742
CN(C)NC(=N)N1Cc2cccc3cccc(c23)C1,-1.0699999530020943,-1.8362451772649084,-0.7662452242628142,0.7662452242628142
CCOC(=O)C1CCC(C(=O)OCC)CC1,-2.2512730552754374,-1.3778844402265904,0.873388615048847,0.873388615048847
c1ccc(C(c2ccccc2)(c2ccccc2)N2CCOCC2)cc1,-7.216800064234604,-4.814668155279207,2.402131908955397,2.402131908955397
O=c1[nH]ccc2ccccc12,-2.4841999227858405,-2.6494163771403,-0.16521645435445942,0.16521645435445942
CCCCCCCCCc1ccc(OCC(=O)O)cc1,-3.8425967850965153,-4.881952686396799,-1.0393559013002838,1.0393559013002838
CCCCCCCC/C=C/CCCCCCCC(=O)OCCC(C)C,-8.070165253121855,-7.092214488576623,0.9779507645452323,0.9779507645452323
COc1ccc(/C=C2/N=C(c3ccc(C4=N/C(=C/c5ccc(OC)cc5)C(=O)O4)cc3)OC2=O)cc1,-6.983571297359955,-6.016410372614434,0.9671609247455208,0.9671609247455208
CCCCCCP(=O)(OCC)OCC,-2.568699998585144,-1.7874931056006735,0.7812068929844704,0.7812068929844704
CCCCCCCCBr,-5.0630998964251965,-5.839846898321447,-0.7767470018962506,0.7767470018962506
C=CC(=O)O,0.005967724851343448,0.05517652756886182,0.049208802717518374,0.049208802717518374
O=C(O)c1ccccc1Nc1cccc(Cl)c1,-5.300000179170905,-3.964446115242171,1.3355540639287335,1.3355540639287335
CN(C)P(=O)(OP(=O)(N(C)C)N(C)C)N(C)C,0.5433001457647748,1.1281132724519032,0.5848131266871284,0.5848131266871284
CCCOC(C)=O,-0.7199998660906686,-0.6212003401888953,0.09879952590177332,0.09879952590177332
CCCSP(=O)(OCC)SCCC,-2.5093998067516186,-2.794700710135746,-0.2853009033841274,0.2853009033841274
CCCCC(CC)C1CCON1CCOC(=O)NCCCCCCNC(=O)OCCN1OCCC1C(CC)CCCC,-5.79056080053296,-3.541690662511453,2.2488701380215073,2.2488701380215073
CSCOC(=O)c1ccccc1OC(C)=O,-2.6403998553515997,-3.0558269934597426,-0.4154271381081429,0.4154271381081429
Cc1c[nH]c(=O)nc1N,-1.439999863473088,-1.2864757033786383,0.1535241600944497,0.1535241600944497
CC(C)OC(=O)c1c(C(=O)[O-])cccc1[N+](=O)[O-],-2.4896999846862515,-2.300519815393878,0.18918016929237336,0.18918016929237336
CCCCCCCCCl,-5.172243711253307,-5.306065357757596,-0.1338216465042894,0.1338216465042894
O=C1CCC(C(=O)Nc2ccccc2)N1,-1.3277998567496039,-1.845786425614635,-0.5179865688650311,0.5179865688650311
C=C(Cl)CCl,-1.712799841930642,-1.980869776125592,-0.26806993419494995,0.26806993419494995
CC1=NN(c2cccc(S(=O)(=O)[O-])c2)C(=O)C1N=Nc1cc(Cl)c(Cl)cc1S(=O)(=O)[O-],-3.5516740800751996,-0.04241898957564727,3.5092550904995523,3.5092550904995523
CC(=O)c1c(O)c(C)c(O)c2c1OC1=CC(=O)C(C(C)=O)C(=O)C12C,-3.5369998869054395,-3.303282090679994,0.23371779622544553,0.23371779622544553
COCCOC(C)=O,0.9276004725266254,0.25146736029624783,-0.6761331122303775,0.6761331122303775
O=C([O-])CCCCCCCC(=O)[O-],-0.017921697100946155,-1.5030857539409919,-1.4851640568400457,1.4851640568400457
O=C(O)CC1CCCCC1,-1.6934999528440866,-2.4717332630402815,-0.7782333101961949,0.7782333101961949
O=C(COC(=O)c1ccccc1)NC1CCCCC1,-3.9000001075790265,-3.665652770605916,0.2343473369731104,0.2343473369731104
CNC(=O)O/N=C(/C)SC,-1.2099998221343697,-1.0270770339042694,0.18292278823010033,0.18292278823010033
CCN(CC)C(C)C(C)OC(=O)c1ccc(N)cc1,-3.4200000288083814,-2.26032140952082,1.1596786192875612,1.1596786192875612
N#CC(OC1OC(COC2OC(CO)C(O)C(O)C2O)C(O)C(O)C1O)c1ccccc1,-0.769999839070326,-1.0185397933156732,-0.24853995424534725,0.24853995424534725
CCC(=O)N(c1ccccc1)C1CCN(Cc2ccccc2)CC1,-3.415043309848813,-3.044194223305725,0.370849086543088,0.370849086543088
C(=C\c1ccccc1)/CN1CCN(C(c2ccccc2)c2ccccc2)CC1,-4.199999807430057,-3.7542485189782235,0.44575128845183354,0.44575128845183354
O=C(O)C(Cl)=C(Br)Br,-0.6872997722362277,-0.8605151277140166,-0.17321535547778888,0.17321535547778888
Cc1cc(Oc2cc(C)cc(S(=O)(=O)[O-])c2)cc(S(=O)(=O)[O-])c1,-0.22079586144434593,0.026624004406503587,0.24741986585084952,0.24741986585084952
CC(C)(C)CC(C)(C)N(c1ccccc1)c1cccc2ccccc12,-8.290038812002077,-6.4128772196007295,1.8771615924013476,1.8771615924013476
CCC(=O)n1c(=O)[nH]cc(F)c1=O,-0.6999999045041885,-0.929562538557366,-0.22956263405317756,0.22956263405317756
CCCCN(C)N=O,-0.6995997644850078,-0.6345964041494074,0.06500336033560039,0.06500336033560039
O=P(OCc1ccccc1)(OCc1ccccc1)OP(=O)(OCc1ccccc1)OCc1ccccc1,-7.254043037858374,-4.968215503894948,2.2858275339634258,2.2858275339634258
CCCCC(CC)COP(=O)(OCC(CC)CCCC)OCC(CC)CCCC,-8.859981195196122,-6.6815123740021445,2.1784688211939773,2.1784688211939773
O=C(O)/C=C/C=C/C(=O)O,-2.849999838218068,-0.6949020185199162,2.1550978196981516,2.1550978196981516
Nc1ncc2[nH]cnc2n1,-1.2099998221343697,-2.1081837297618886,-0.8981839076275189,0.8981839076275189
CC(C)(C)c1ccc2oc(-c3ccc(-c4nc5cc(C(C)(C)C)ccc5o4)s3)nc2c1,-5.634047115541847,-6.083941971905304,-0.44989485636345705,0.44989485636345705
CCCCCCOCCOCCO,-1.0489998484080318,-1.4009624019606115,-0.35196255355257966,0.35196255355257966
Nc1ccn(C2CCC(CO)O2)c(=O)n1,-0.4299999399925092,-0.8745951150256976,-0.44459517503318846,0.44459517503318846
CC(C)CNCc1ccc(S(=O)(=O)c2csc(S(N)(=O)=O)c2)cc1,-1.1599998491547125,-2.111470978708697,-0.9514711295539844,0.9514711295539844
Cc1ccccc1OP(=S)(S)Oc1ccccc1C,-1.0605297885122773,-4.696695034915766,-3.636165246403489,3.636165246403489
O=C(O)c1ccccc1C(C(=O)O)c1ccccc1C(=O)O,-2.4997998969641024,-1.9290292142684704,0.570770682695632,0.570770682695632
NC(=O)c1ccc(S(N)(=O)=O)cc1,-2.301500013512612,-1.3236132244412986,0.9778867890713132,0.9778867890713132
COc1ccc(NC(=N)Nc2ccc(OC)cc2)cc1,-2.734499858191784,-3.540276369753077,-0.8057765115612932,0.8057765115612932
COc1ccc(N)c([N+](=O)[O-])c1,-1.2257019017211135,-2.816651302555638,-1.5909494008345246,1.5909494008345246
Cc1ccc(O)c(CO)c1,-0.31429998485013755,-0.6638616982876355,-0.349561713437498,0.349561713437498
CCCCCCCCCCCCCC(=O)N[C@@H](CCC(=O)O)C(=O)[O-],-0.8308225022548563,-3.5179787431685683,-2.687156240913712,2.687156240913712
COc1cc2cc3c(C)coc3cc2oc1=O,-5.000000065239136,-4.437523833793108,0.5624762314460279,0.5624762314460279
CCOc1ccccc1O,-1.1714512519457763,-1.3490584857506773,-0.17760723380490107,0.17760723380490107
NC(=S)c1c(Cl)cccc1Cl,-2.336299807265906,-3.0789239684009533,-0.7426241611350473,0.7426241611350473
COc1ccc2cc(C(C)C(=O)OCCCO)ccc2c1,-3.4000000672219013,-4.525994529782739,-1.125994462560838,1.125994462560838
O=C([O-])c1ccccc1-c1c2ccc(=O)cc-2oc2cc([O-])ccc12,-1.575505300282304,-3.336962451666625,-1.7614571513843211,1.7614571513843211
O=C(NC1CC1)c1cc(N2CC2)c([N+](=O)[O-])cc1[N+](=O)[O-],-3.3900000519219327,-4.843338691451706,-1.4533386395297732,1.4533386395297732
CCCCCCCCCCCCCCCC(=O)NCC(=O)O,-5.593122688109324,-4.767802635454281,0.8253200526550435,0.8253200526550435
Oc1cccc2ccnnc12,-2.4088999273154257,-1.7823306230213765,0.6265693042940492,0.6265693042940492
O=[N+]([O-])c1ccc(-c2nc3ccc(Cl)cc3[nH]2)o1,-4.8200002729339,-4.042149331791908,0.7778509411419918,0.7778509411419918
CC(C)=CC1C(C(=O)OCN2C(=O)C3=C(CCCC3)C2=O)C1(C)C,-5.2600002559979435,-4.895896303118984,0.3641039528789598,0.3641039528789598
CC(C)Nc1nc(N)nc(Cl)n1,-2.7062999420306326,-3.1231498960589943,-0.41684995402836167,0.41684995402836167
CCC(C)CN(C)N=Nc1ccc(C(=O)O)cc1,-1.789999812357601,-3.0685055590226336,-1.2785057466650325,1.2785057466650325
O=S(=O)(F)C(F)(F)C(F)(F)C(F)(F)C(F)(F)F,-6.0423842769984795,-4.5108130877097405,1.531571189288739,1.531571189288739
CC(C)CNCc1cccc(C(=O)c2csc(S(N)(=O)=O)c2)c1,-2.049999865089496,-2.8629570369837767,-0.8129571718942805,0.8129571718942805
CC1=NN(c2cc(Cl)c(S(=O)(=O)[O-])cc2Cl)C(=O)C1N=Nc1cccc(S(=O)(=O)NCCc2ccccc2)c1,-2.429980915680181,-2.3558108775285036,0.07417003815167744,0.07417003815167744
CCOC(=O)CCCC(=O)OCC,-1.32969979719942,-1.3547428480859316,-0.025043050886511597,0.025043050886511597
COC1(C)COC(C)(OC)CO1,-1.2459998634115643,-0.35651744839845234,0.889482415013112,0.889482415013112
CN(C)C(=N)N=C(N)N,0.25798775164018606,-0.05212697443560854,-0.3101147260757946,0.3101147260757946
COC(=O)CS(=O)(=O)c1ccc(Br)cc1,-2.479999936373756,-3.0575562463789554,-0.5775563100051992,0.5775563100051992
CC(=O)OC(C(=O)O)c1ccccc1,-1.2299999217477626,-1.574452845074905,-0.3444529233271423,0.3444529233271423
c1ccc2c(c1)CCC2,-3.035099923351862,-4.04704914915682,-1.0119492258049578,1.0119492258049578
CCC(CO)(CO)COCC(CC)(CO)CO,-1.076302123797456,-1.2836594022570946,-0.2073572784596387,0.2073572784596387
CCOC(=O)C1=CC2(CC)CCCN3CCc4c(n1c1ccccc41)C32,-4.84000023452038,-4.692767065041384,0.14723316947899612,0.14723316947899612
O=C(O)CC(C(=O)O)(c1ccccc1)c1ccccc1,-2.4317997998256637,-2.2688812865230576,0.1629185133026061,0.1629185133026061
O=C(O)/C=C(\CC(=O)O)C(=O)O,0.36120041201358877,0.12291599538987485,-0.2382844166237139,0.2382844166237139
Nc1ncc2ncn(CCC3COC(=O)OC3)c2n1,-1.4299998136663916,-1.920225029631204,-0.4902252159648124,0.4902252159648124
CCCCCCCCCCCCCCOC(=O)OOC(=O)OCCCCCCCCCCCCCC,-4.3499007610728055,-6.871481022031865,-2.52158026095906,2.52158026095906
OCC[C@@H]1CCCC[NH2+]1,0.6427485361819558,0.6025501303088983,-0.04019840587305756,0.04019840587305756
O=C(O)c1cc(Nc2ccccc2)c(C(=O)O)cc1Nc1ccccc1,-4.985723527604132,-4.576003474511705,0.4097200530924274,0.4097200530924274
C=CC1(C)CCCC(C)(C)O1,-2.535987309774942,-1.9129863462348977,0.6230009635400444,0.6230009635400444
Clc1cc(Cl)c(Cl)c(-c2cc(Cl)c(Cl)cc2Cl)c1,-8.580100712183924,-8.469161857359458,0.1109388548244663,0.1109388548244663
CC(O)C(C)Cl,-0.2121998213910481,0.19857655166232613,0.4107763730533742,0.4107763730533742
COc1ccc(CCC(=O)c2c(O)cc(O[C@@H]3O[C@H](CO)[C@@H](O)[C@H](O)[C@H]3O[C@@H]3O[C@@H](C)[C@H](O)[C@@H](O)[C@H]3O)cc2O)cc1O,-3.185103361977101,-2.3923045030446044,0.7927988589324966,0.7927988589324966
CO[SiH](CC1CCCCC1)OC,-3.0959724832652413,-3.3356420172087127,-0.23966953394347135,0.23966953394347135
C=C1C2CCC3C2C(C)(C)CCCC13C,-4.41276263386181,-5.212241287968755,-0.7994786541069452,0.7994786541069452
CCOC=O,0.15149446761177288,0.16792739969991688,0.016432932088144003,0.016432932088144003
O=c1ccc2nc3ccccc3sc-2c1,-3.7200000392199657,-3.9951515821848584,-0.27515154296489275,0.27515154296489275
CN(C)C(CSC(N)=O)CSC(N)=O,-0.06999980327438715,-1.4040934044425315,-1.3340936011681443,1.3340936011681443
NC(=O)c1ccc(NC(=O)c2ccc([N+](=O)[O-])cc2)cc1,-4.936725630008831,-4.653904069546239,0.2828215604625921,0.2828215604625921
O=C(O)c1cc(Br)c(O)cc1O,-2.619999805506031,-1.4555978707678476,1.1644019347381835,1.1644019347381835
CCCCC(CC)COC(=O)C(C#N)=C(c1ccccc1)c1ccccc1,-6.558090365216081,-6.211293882942522,0.3467964822735592,0.3467964822735592
CC(C)CCCCCOC(=O)CCS,-4.454381474690847,-5.09687687625054,-0.6424954015596924,0.6424954015596924
Brc1ccc(I)cc1,-4.452000096370421,-4.4425921820181165,0.00940791435230448,0.00940791435230448
Nc1c2ccccc2nc2ccc(Cl)cc12,-2.4199999826008587,-3.072281078172219,-0.6522810955713605,0.6522810955713605
O=C(O)COc1ccc(Cl)cc1,-2.289999887221455,-2.4988666625023286,-0.20886677528087372,0.20886677528087372
Cc1cccc(I)c1O,-1.8377999124066977,-2.137061858410706,-0.29926194600400846,0.29926194600400846
Cc1ccc(S(=O)(=O)O)cc1,0.5564002800250032,-0.6870079833433174,-1.2434082633683206,1.2434082633683206
CCN(CC)c1cc2[o+]c3cc(N(CC)CC)c(C)cc3c(-c3ccc(S(=O)(=O)[O-])cc3S(=O)(=O)[O-])c2cc1C,-0.8053203738575503,-1.6121686989007131,-0.8068483250431628,0.8068483250431628
CC(C)CCCCCCCOP(=O)(Oc1ccccc1)Oc1ccccc1,-5.716499976175755,-6.205485710466805,-0.48898573429104975,0.48898573429104975
CCNc1nc(Cl)nc(NC(C)(C)C#N)n1,-3.1509999657571877,-3.416052045031695,-0.26505207927450725,0.26505207927450725
CCC#N,0.27180038082246005,0.26984150288102926,-0.001958877941430792,0.001958877941430792
CN(C)CCC=C1c2ccccc2COc2ccccc21,-3.4000000672219013,-3.5836154399919264,-0.18361537277002515,0.18361537277002515
CC(=O)OCC(=O)[C@H]1CC[C@H]2[C@@H]3CCC4=CC(=O)CC[C@]4(C)[C@H]3CC[C@]12C,-4.630099810198928,-4.867722663831289,-0.23762285363236124,0.23762285363236124
O=c1[nH]c(=O)n(Cc2ccc(Cl)cc2Cl)cc1F,-3.940000030751987,-3.815657106406086,0.1243429243459011,0.1243429243459011
CCCOC(=O)c1ccccc1C(=O)OCCC,-3.819999916165824,-3.8784345067246737,-0.05843459055884992,0.05843459055884992
Nc1ccc(O)c2c1C(=O)c1ccccc1C2=O,-3.823999867075046,-5.459429820714346,-1.6354299536393002,1.6354299536393002
Clc1cc(Cl)c(-c2c(Cl)ccc(Cl)c2Cl)cc1Cl,-7.93000002774847,-8.308889975596271,-0.37888994784780117,0.37888994784780117
CCC(C)(C)C1CCC(=NO)C(=NO)C1,-3.965199949224494,-2.723977100467655,1.2412228487568386,1.2412228487568386
CNC(=O)N(C)C(=O)CC#N,0.17090022334017396,-0.08092905025566832,-0.2518292735958423,0.2518292735958423
COC(=O)CC#N,-0.2636314095065928,-0.5433849077593402,-0.2797534982527474,0.2797534982527474
CCOC(=O)c1nn(-c2ccc(OC)cc2)c2c1CCN(c1ccc([N+](=O)[O-])cc1)C2=O,-6.6187192386155385,-5.160043512462225,1.4586757261533139,1.4586757261533139
O=c1ccc(I)c[nH]1,-1.7422999198469402,-1.6856540890599314,0.0566458307870088,0.0566458307870088
Cc1ccccc1Oc1cccnn1,-1.9689998757359926,-2.4840371890560666,-0.5150373133200741,0.5150373133200741
C=CC(C)C(=O)OCC,-1.576310687316425,-1.7059836589133324,-0.12967297159690738,0.12967297159690738
CC(CN/C=C1/C=CC=CC1=O)N/C=C1/C=CC=CC1=O,-3.172023483166274,-2.8819195365362225,0.29010394663005146,0.29010394663005146
C1=COCCC1,-1.0383981392899844,-0.896145670946594,0.14225246834339034,0.14225246834339034
CCc1nc2c(c(=O)n(C)c(=O)n2C)n1C,-1.568699883364165,-0.7801432988390538,0.7885565845251112,0.7885565845251112
CCN1C(=O)C(C(N)=O)=C(C)/C(=N/Nc2cc(Nc3nc(F)nc(Nc4cc(S(=O)(=O)[O-])ccc4Cl)n3)ccc2S(=O)(=O)[O-])C1=O,-0.9210341316911663,-1.102999013148893,-0.1819648814577266,0.1819648814577266
O=C(O)[C@@H](O)[C@@H](O)[C@@H](O)[C@@H](O)C(=O)O,-0.32249988766471605,0.8073975273926228,1.1298974150573389,1.1298974150573389
CCCCOP(=O)(S)OCCCC,-1.8796972225315944,-2.2997373408272233,-0.4200401182956288,0.4200401182956288
CC1(C2CCC3C4=CC=C5CC6(CCC5(C)C4CCC32C)OCCO6)OCCO1,-6.700119506015135,-5.39163320975158,1.3084862962635544,1.3084862962635544
CCN(CC)CCSc1nnc2[nH]c3ccccc3c2n1,-3.089999851723344,-4.295622229861154,-1.20562237813781,1.20562237813781
CC/C=C/CCCCCCC,-5.188357387092964,-5.893787815705257,-0.705430428612293,0.705430428612293
CC(C)c1ccc2ccccc2c1,-5.29799989315574,-5.985637272484649,-0.6876373793289083,0.6876373793289083
Cc1ccc(C(=O)c2ccc(CC(=O)O)n2C)cc1,-4.090000087717872,-2.8548260613586005,1.2351740263592714,1.2351740263592714
CCOC(=O)C(C)c1ccc2cc(OC)ccc2c1,-5.239999880330726,-5.399898537322659,-0.15989865699193295,0.15989865699193295
NCC(=O)NC(Cc1ccc(O)cc1)C(=O)O,-0.7299997778704528,-1.3732334853848176,-0.6432337075143648,0.6432337075143648
Clc1ccc(Oc2cc(Cl)c(Cl)c(Cl)c2Cl)c(Cl)c1,-8.440000083405565,-8.624450415475701,-0.18445033207013672,0.18445033207013672
CCC(=O)N(C)c1ccc(S(=O)(=O)N(C)C)cc1,-2.479999936373756,-3.0755277817134967,-0.5955278453397406,0.5955278453397406
Cc1ccccc1OP(Oc1ccccc1C)Oc1ccccc1C,-7.779842758129311,-6.773591783617671,1.00625097451164,1.00625097451164
CCSC(=O)N(CC(C)C)CC(C)C,-3.683999997942771,-4.096535247941442,-0.41253524999867075,0.41253524999867075
CC1CC2C3CC(F)C4=CC(=O)C=CC4(C)C3(F)C(O)CC2(C)C1(O)C(=O)CO,-5.612999943770641,-3.847672586774796,1.7653273569958445,1.7653273569958445
Cc1cccc(C)n1,0.4470001492204818,0.3173326987000724,-0.1296674505204094,0.1296674505204094
O=P(O)(O)OC1OC(CO)C(O)C(O)C1O,0.5848001454221965,0.6530246398135438,0.06822449439134726,0.06822449439134726
CC(C)(C)OOC(=O)C(C)(C)C,-2.06796158325989,-2.863469047815494,-0.795507464555604,0.795507464555604
CC(=O)OCC(=O)C1(O)CCC2C3CCC4=CC(=O)C=CC4(C)C3C(O)CC21C,-4.3800001518429434,-3.989695930443527,0.39030422139941656,0.39030422139941656
NCC(O)C(=O)O,-0.8228998955073816,0.48190411878594475,1.3048040142933264,1.3048040142933264
O=C([O-])CCCCC(=O)[O-],0.08462236090856878,0.034710173045227055,-0.04991218786334173,0.04991218786334173
CCN(CC)c1ccc([C+](c2ccc(N(CC)CC)cc2)c2ccc(N(CC)CC)cc2)cc1,-0.139560674232035,-3.0776719435315214,-2.9381112692994864,2.9381112692994864
NS(=O)(=O)c1cc2c(s1)SCCC2=O,-3.5499999516541445,-2.319864977307716,1.2301349743464285,1.2301349743464285
COC(=O)c1ccc(O)cc1,-1.8269999276289217,-1.7791713250224053,0.047828602606516446,0.047828602606516446
CC(C)(OOC(C)(C)c1ccccc1)c1ccccc1,-5.769200031616677,-5.066154293970709,0.7030457376459678,0.7030457376459678
CCCCOC(=O)CCOC,-1.2134999085801697,-1.3952057135232356,-0.18170580494306598,0.18170580494306598
CCCCN(CCCC)C(=S)[S-],-5.675922824454946,-4.80485996288081,0.8710628615741358,0.8710628615741358
CC[C@@H](C)[NH2+][C@@H](C)CC,-1.7689999148039073,-0.5530305044548762,1.215969410349031,1.215969410349031
CC(O)C(=O)N(C)C,1.6302353040542417,0.6506207631063883,-0.9796145409478534,0.9796145409478534
CC(C)(C)c1ccc(OC(=O)c2cc(C(C)(C)C)c(O)c(C(C)(C)C)c2)c(C(C)(C)C)c1,-7.341090538353777,-7.2497611669804805,0.09132937137329655,0.09132937137329655
CCC(C)C=O,-0.8212310121089996,-0.9945915718986815,-0.1733605597896819,0.1733605597896819
O=C(O)C1CC1C(=O)Nc1ccc(Cl)cc1Cl,-3.8696999566647365,-3.5869467885372615,0.2827531681274751,0.2827531681274751
C1=CCC(C2OCC3(CO2)COC(C2CC=CCC2)OC3)CC1,-5.239735696820304,-3.5632989136817512,1.676436783138553,1.676436783138553
O=C1c2ccccc2/C(=N/O)C1[N+](=O)[O-],-2.6799999835726616,-3.7300913248157888,-1.0500913412431272,1.0500913412431272
Cl/C=C/CCl,-1.5979999602843293,-1.7543567086759912,-0.15635674839166191,0.15635674839166191
FC(F)(F)C(F)(F)C(F)(F)N(C(F)(F)C(F)(F)C(F)(F)F)C(F)(F)C(F)(F)C(F)(F)F,-9.1359665587391,-7.4043018952850925,1.7316646634540067,1.7316646634540067
O=C(O)CCI,-0.4299999399925092,-0.7617951053138117,-0.3317951653213025,0.3317951653213025
Nc1c(OCCOC(=O)Oc2ccccc2)cc(O)c2c1C(=O)c1ccccc1C2=O,-8.054416382411793,-5.921339919806208,2.133076462605585,2.133076462605585
O=C(O)C(=O)Nc1ccccc1,-1.3018999347906288,-1.4318867795864378,-0.12998684479580902,0.12998684479580902
S=c1[nH]sc(=S)[nH]1,-1.761799947956542,-1.4970982845060066,0.2647016634505355,0.2647016634505355
COC(=O)c1ccc(OC(C)=O)cc1,-2.4999999324669644,-2.581064828976046,-0.08106489650908166,0.08106489650908166
CC(C)SC(C)C,-2.2399999142417975,-2.8092214518855947,-0.5692215376437972,0.5692215376437972
CC/C(N=O)=C(/CC)NO,-2.552499917898296,-1.0871168084414073,1.4653831094568888,1.4653831094568888
CC(=O)OC(C)=O,0.0702002048809347,0.08755129199066802,0.01735108710973332,0.01735108710973332
O=[N+]([O-])c1ccc(O)cc1-c1ccccc1,-3.6300000740538914,-3.293745017644369,0.33625505640952236,0.33625505640952236
CCN(C(=O)CNC)C1CC(C)S(=O)(=O)c2sc(S(N)(=O)=O)cc21,-1.2099998221343697,-1.8793399398687285,-0.6693401177343588,0.6693401177343588
CC(=O)OCCC(C)CC(C)(C)C,-3.989167908489965,-4.009782158850285,-0.020614250360320163,0.020614250360320163
OCc1ccc(Cl)cc1,-1.756099919566725,-1.4616180525810827,0.2944818669856424,0.2944818669856424
COc1ccc(C(=O)c2csc(S(N)(=O)=O)c2)cc1,-4.473299995418316,-3.0209676497204097,1.452332345697906,1.452332345697906
O=C(O)c1cc(=O)c2cc3c(cc2o1)CCCC3,-1.0499998533887016,-3.802193133204651,-2.752193279815949,2.752193279815949
Cn1c2ccccc2c(=O)c2ccccc21,-4.459999998188865,-4.031111181576707,0.42888881661215805,0.42888881661215805
CC1CCC(C)(C)C1,-4.478400227860099,-4.566145592424828,-0.08774536456472859,0.08774536456472859
CC(C)S[S+]([O-])C(C)C,-0.822999826991992,-0.2572233720693853,0.5657764549226068,0.5657764549226068
COc1cc(OC)c2c(c1Cl)OC1(C2=O)C(C)CC(O)CC1O,-2.3399998256943837,-3.912898584520172,-1.5728987588257883,1.5728987588257883
Cc1c(Cl)ccc(Cc2ccc(Cl)cc2Cl)c1Cl,-7.400000148531808,-7.302995662626392,0.09700448590541555,0.09700448590541555
C[C@H](NC(N)=O)C(=O)O,-0.7844997042496673,-0.11858638067059957,0.6659133235790677,0.6659133235790677
CCOCCOC(C)=O,0.27160024179941367,-0.12664190733476,-0.39824214913417366,0.39824214913417366
Cn1nc(S(N)(=O)=O)sc1=NS(=O)(=O)c1ccc(Cl)c([N+](=O)[O-])c1,-2.4699999555805157,-2.468589355042048,0.0014106005384677545,0.0014106005384677545
NCCCCC(N)C(=O)O,0.8351000808281395,0.47555957372846214,-0.35954050709967733,0.35954050709967733
COc1ccc(NC(N)=O)cc1,-1.5916998598926544,-1.839361824947934,-0.2476619650552796,0.2476619650552796
N[C@@H](CS)C(=O)O,0.6219271764395109,-0.2200579695704108,-0.8419851460099217,0.8419851460099217
C[C@]12CC[C@H]3[C@@H](CCC4=CC(=O)C=C[C@@]43C)[C@@H]1CC[C@@H]2O,-3.70035956872695,-4.443876660465337,-0.7435170917383869,0.7435170917383869
CC(C)(C)NC[C@@H](O)COc1ccccc1C1CCCC1,-1.619499860328358,-4.005393593169073,-2.3858937328407146,2.3858937328407146
CCCCC(CC)C(=O)OCC(COCC(COC(=O)CCCCCC(C)C)(COC(=O)C(CC)CCCC)COC(=O)C(CC)CCCC)(COC(=O)CCCCCC(C)C)COC(=O)CCCCCC(C)C,-7.323687001017314,-7.360096016036085,-0.03640901501877103,0.03640901501877103
O=C(O)CCCCCn1ccccc1=O,-0.6399998817178347,-1.0909045429727444,-0.4509046612549097,0.4509046612549097
Cc1ncc([N+](=O)[O-])n1CCOC(=O)c1ccc(CN2CCOCC2)cc1,-2.890000040679859,-3.235617882032992,-0.3456178413531328,0.3456178413531328
COC(CN(C)C(=O)Nc1nnc(C(C)(C)C)s1)OC,-1.8677998547864183,-3.366486270211864,-1.4986864154254458,1.4986864154254458
Cc1c(N)c(=O)n(-c2ccccc2)n1C,0.31000015700330286,-1.1374502544415337,-1.4474504114448365,1.4474504114448365
CCC(C)C1NC(=O)C(Cc2c[nH]c3ccccc23)NC(=O)C2CCCN2C(=O)C(Cc2c[nH]cn2)NC(=O)C2CCCCN2C(=O)C2CCCCN2C1=O,-2.5799998478263424,-2.6270700615624256,-0.04707021373608322,0.04707021373608322
O=C(O)C(Cl)Cl,0.8896002832611791,0.3888460983611779,-0.5007541849000012,0.5007541849000012
C=C(C)C(=O)OCC1CCCO1,-0.9524548540941475,-1.1797259653469003,-0.2272711112527528,0.2272711112527528
Nc1ccc(S(=O)(=O)Nc2ccccc2[N+](=O)[O-])cc1,-4.489999733528217,-3.7171178992611855,0.7728818342670314,0.7728818342670314
CCCCCCCCNC(=O)C(C)O,-2.282699988889479,-2.45035931255386,-0.16765932366438108,0.16765932366438108
CSCC[C@@H](NC(C)=O)C(=O)[O-],-0.3215996761417448,-1.1004495180491072,-0.7788498419073624,0.7788498419073624
CCNC1CN(CCCOC)S(=O)(=O)c2sc(S(N)(=O)=O)cc21,-2.94999998690441,-2.0039699601925167,0.9460300267118931,0.9460300267118931
O=C(NC(=O)c1ccccc1Cl)Nc1ccc(OC(F)(F)F)cc1,-7.156799765394426,-5.913385980949608,1.2434137844448188,1.2434137844448188
Cc1ccccc1COC1CC2(C(C)C)CCC1(C)O2,-3.6391000503645285,-4.875218215311657,-1.2361181649471282,1.2361181649471282
CC=CC=O,0.3200002068099992,-0.33892481419193876,-0.658925021001938,0.658925021001938
Cc1nn(C)c(Oc2ccccc2)c1/C=N/OCc1ccc(C(=O)OC(C)(C)C)cc1,-7.460399897256606,-5.634769824455413,1.825630072801193,1.825630072801193
Cc1cc(O)c(C(=O)O)c(O)c1,-2.0495997940837722,-1.2336276830875748,0.8159721109961975,0.8159721109961975
CCCC1CO1,-0.5734466171823804,-1.3594000141387645,-0.7859533969563841,0.7859533969563841
CN=C(SC)N(C)C,-0.4400996452299917,-0.5076442190506314,-0.06754457382063972,0.06754457382063972
CCCCSP(=O)(SCCCC)SCCCC,-5.139999934371412,-5.063606731247697,0.07639320312371467,0.07639320312371467
C=C(C)CS(=O)(=O)[O-],0.5194217659654807,0.6986607539293157,0.17923898796383497,0.17923898796383497
COc1cccc(C(=O)O)c1OC,-2.139999968282483,-1.967875370480297,0.17212459780218614,0.17212459780218614
CCN(C(=O)N(CC)c1ccccc1)c1ccccc1,-3.525627849589032,-3.982439855656252,-0.45681200606721983,0.45681200606721983
O=c1c(CO)c/c(=N\Nc2ccc(S(=O)(=O)[O-])c3ccccc23)c(=O)/c1=N/Nc1ccc(S(=O)(=O)[O-])c2ccccc12,-0.8171644632145223,-0.6560220457145403,0.16114241749998204,0.16114241749998204
CCCCCCCCCCCCO,-4.899778448058433,-4.894257095506777,0.0055213525516562,0.0055213525516562
CCc1nc2cncnc2nc1CC,-0.17999979904039787,-0.8051776540300812,-0.6251778549896834,0.6251778549896834
O=C(O)CSC1CCCCC1,-1.3380998390370449,-2.3249239051959503,-0.9868240661589054,0.9868240661589054
CCOCCOCC,-0.769999839070326,0.059009810981305755,0.8290096500516317,0.8290096500516317
CC(C)CCOCC(O)COCCC(C)C,-1.3661997719534933,-2.729253593276632,-1.363053821323139,1.363053821323139
NC(Cc1ccc(O)cc1)C(=O)NCC(=O)NCC(=O)O,-1.4699998748662648,-0.9872535091254142,0.4827463657408506,0.4827463657408506
NC(=O)C(Br)Br,-1.057399890245657,-0.8531716818911641,0.20422820835449285,0.20422820835449285
C=CC(=O)OCC(C)C,-1.8067597302013294,-1.893551328801058,-0.08679159859972851,0.08679159859972851
CC1(C)SC2C(NC(=O)COc3ccccc3)C(=O)N2C1C(=O)O,-2.8099998719116965,-3.393766288761656,-0.5837664168499597,0.5837664168499597
CCc1ccccc1CC,-3.275899828694808,-3.7880112820315843,-0.5121114533367765,0.5121114533367765
O=C(O)COc1c(Cl)cc(Cl)c(Cl)c1Cl,-3.4100000480151413,-4.028165963318939,-0.6181659153037975,0.6181659153037975
CC1(C)CC(O)CC(C)(CN)C1,0.48899953024713216,-0.2353115997186186,-0.7243111299657508,0.7243111299657508
CC(CO)C1CCCCCCCCCCC1,-5.451794171917847,-3.56466510406114,1.8871290678567068,1.8871290678567068
CC(=O)NC(CSc1ccc(Cl)c(Cl)c1)C(=O)O,-2.890000040679859,-3.2199007920195197,-0.32990075133966057,0.32990075133966057
Nc1ccc(S(=O)(=O)O)cc1S(=O)(=O)O,-1.770092811896653,0.5652974948012579,2.335390306697911,2.335390306697911
Cc1c(OCc2ccccn2)ccc2c(=O)cc(N3CCOCC3)oc12,-4.449999810355257,-3.5271983888122964,0.9228014215429603,0.9228014215429603
C[C@]12CC[C@@H]3C4=C(CC[C@H]3[C@@H]1CC[C@@H]2O)CC(=O)CC4,-4.947028648888346,-4.339443428105176,0.6075852207831698,0.6075852207831698
C=C(C)C1CC=C(C)CC1,-3.8464965974807583,-4.235055882653036,-0.38855928517227767,0.38855928517227767
CCC(C(=O)O)C(=O)O,0.7315001169384145,0.2317720241055352,-0.49972809283287933,0.49972809283287933
COc1ccc(N(C)C(N)=O)cc1,-1.1599998491547125,-1.5768009589094325,-0.41680110975471996,0.41680110975471996
FC(F)CCl,-0.9229629197656837,-1.4194867178261341,-0.49652379806045044,0.49652379806045044
COc1ccccc1NC(=O)C1=Cc2ccccc2/C(=N\Nc2cc(Cl)ccc2Cl)C1=O,-8.464568321713262,-7.957867661371273,0.5067006603419895,0.5067006603419895
CC1COC(=O)O1,0.37123248406397247,0.0022106322945694146,-0.36902185176940305,0.36902185176940305
c1ccnnc1,1.0964002090483613,1.0701499747855991,-0.026250234262762184,0.026250234262762184
Cc1cccc(C(C)C)c1,-3.499399837659173,-4.1167222359942865,-0.6173223983351135,0.6173223983351135
C=CCCCCCCCCC(=O)OC,-5.39751536465237,-4.44799317510212,0.9495221895502501,0.9495221895502501
O=C(OC(=O)c1ccccc1)c1ccccc1,-4.3546000253339345,-4.329507284758942,0.025092740574992334,0.025092740574992334
COc1ccccc1NC(=O)CC(C)=O,-1.8059054816402025,-2.2106709206834756,-0.4047654390432731,0.4047654390432731
c1ccc2c(c1)ccc1c3ccc4ccccc4c3[nH]c21,-7.410000198338505,-6.922817647631646,0.48718255070685856,0.48718255070685856
CC(C)OC(=O)[C@@H](C)N(C(=O)c1ccccc1)c1ccc(F)c(Cl)c1,-4.481699899229028,-5.651330569464482,-1.1696306702354544,1.1696306702354544
Clc1ccc(-c2cccc(Cl)c2Cl)c(Cl)c1,-6.681300364664628,-6.831296142796226,-0.1499957781315988,0.1499957781315988
CC(C)(S)C(N)C(=O)O,-0.12999955000691577,-0.4897506861749856,-0.35975113616806986,0.35975113616806986
CCCCCCCCCCCCCCC1CO1,-6.682020865147596,-6.665744455578165,0.016276409569431216,0.016276409569431216
O=C([O-])C(O)C(O)C1OB(O)OC1CO,0.31697300056623856,0.5196381921641957,0.20266519159795715,0.20266519159795715
O=P(O)(O)CN(CCCCCCN(CP(=O)(O)O)CP(=O)(O)O)CCCCCCN(CP(=O)(O)O)CP(=O)(O)O,-0.087765247175283,-0.18576104236588487,-0.09799579519060186,0.09799579519060186
CC(=O)C1CC(CC(=O)O)C1(C)C,-0.5751998350242666,-1.5650682572708041,-0.9898684222465375,0.9898684222465375
N=C(N)c1cccc(NC(=O)Nc2cccc(C(=N)N)c2)c1,-1.7699998507711208,-2.7888690040714557,-1.018869153300335,1.018869153300335
Cl/C=C\CCl,-1.7067528828963927,-1.7543567086759912,-0.04760382577959854,0.04760382577959854
CCCCOC(=O)c1ccccc1C(=O)OCC(CC)CCCC,-7.219999804118922,-6.035446492271305,1.1845533118476173,1.1845533118476173
CCCCOC(=O)CCC,-2.361047653093425,-2.9057301451215056,-0.5446824920280808,0.5446824920280808
Cc1cc2cc3c(C)cc(=O)oc3cc2o1,-5.2300001065778545,-4.430762999567689,0.7992371070101658,0.7992371070101658
O=C(c1ccccc1)n1c(=O)[nH]cc(F)c1=O,-2.259999875828278,-3.1575681834262888,-0.8975683075980108,0.8975683075980108
CC(C)COC(=O)n1cc(F)c(=O)[nH]c1=O,-1.889999896343828,-2.024482967812558,-0.13448307146872995,0.13448307146872995
COP(=O)(CCC(=O)NCO)OC,1.5784906709012696,0.5804605792949009,-0.9980300916063687,0.9980300916063687
O=C1C(Cl)C(CCl)CN1c1cccc(C(F)(F)F)c1,-4.050000164544911,-5.371362301335969,-1.3213621367910582,1.3213621367910582
CC(C)(NC(N)=O)C(=O)O,-1.1647998730619267,-0.24857543389700787,0.9162244391649188,0.9162244391649188
O=C(O)CCCCCCCCCCC(=O)O,-1.741718688518631,-2.6971768979722524,-0.9554582094536213,0.9554582094536213
COc1nsc(N)n1,-1.2426997779618982,-1.7937236404284758,-0.5510238624665775,0.5510238624665775
CCC(C)(CCC(C)C)C(=O)OCC1CO1,-3.5134687138044023,-5.199081802136176,-1.6856130883317735,1.6856130883317735
Nc1cnn(-c2ccccc2)c(=O)c1Br,-3.124000021066112,-2.9447797012421852,0.17922031982392683,0.17922031982392683
C=CC(C)(CCC=C(C)C)OC(=O)C(C)C,-4.8105850431552355,-4.777421592955714,0.03316345019952127,0.03316345019952127
C=CCCCO,-0.17930000259429812,-0.3795524837627027,-0.20025248116840455,0.20025248116840455
OCC1CCC(CO)O1,0.8789004370083826,1.4190566124966293,0.5401561754882467,0.5401561754882467
CCCCN(CCCC)C(=O)COC(=O)c1ccccc1,-3.5613999394203226,-4.534147503447086,-0.9727475640267631,0.9727475640267631
CCCCC(=O)n1cnc2c1c(=O)n(C)c(=O)n2C,-2.119999799655634,-1.9992092739553495,0.12079052570028459,0.12079052570028459
NC(=O)C=Cc1ccccc1[N+](=O)[O-],-1.2836998441424412,-2.8296055768761397,-1.5459057327336985,1.5459057327336985
CC(C)c1ccc(C=O)cc1,-2.785256555092243,-3.831896248709157,-1.046639693616914,1.046639693616914
C=CCCCOC(=O)C(CC)N(Cc1ccco1)C(=O)n1ccnc1,-2.8918999983830393,-3.1417299057836887,-0.24982990740064936,0.24982990740064936
CCN(CC)C(=O)n1cnc(S(=O)(=O)c2c(C)cc(C)cc2C)n1,-5.146699898728441,-4.027244771705275,1.1194551270231656,1.1194551270231656
CCC(O)CO,1.0451693120635128,0.7698246694481083,-0.2753446426154045,0.2753446426154045
Cc1cc(N/N=C2/C(=O)C(C(=O)[O-])=Cc3ccccc32)c(S(=O)(=O)[O-])cc1Cl,-3.944100396240014,-2.223525367039551,1.7205750292004627,1.7205750292004627
CCOP(=O)(O/C=C/Cl)OCC,-1.3315998756761485,-0.9298997383044709,0.40170013737167753,0.40170013737167753
Cc1c2c(cc3c1ccc1ccccc13)CCCC2,-6.75000022374244,-6.283229368901887,0.4667708548405525,0.4667708548405525
CC(=NNC(=O)c1ccncc1)C(=O)O,-3.309999895015458,-1.621957429504455,1.6880424655110031,1.6880424655110031
CC1N(c2cc3c(cc2F)c(=O)c(C(=O)O)cn3C2CC2)CC1(C)N,-5.420000224743612,-4.429360232056502,0.9906399926871101,0.9906399926871101
CCOC(=O)C(CC)(CC)C(=O)NC(N)=O,-2.0799998074692168,-1.790244948154105,0.2897548593151118,0.2897548593151118
NS(=O)(=O)c1ccc(SCCCCCO)cc1,-2.661799823911018,-1.8751672482785802,0.7866325756324377,0.7866325756324377
CCc1ccc2cc3ccccc3cc2c1,-6.886300143459692,-6.662125665987661,0.22417447747203134,0.22417447747203134
CC(c1ccccc1)c1ccc(Nc2ccc(C(C)c3ccccc3)cc2)cc1,-5.964168566522832,-6.072413136016358,-0.10824456949352612,0.10824456949352612
Clc1ccccc1-c1c(Cl)c(Cl)c(Cl)c(Cl)c1Cl,-8.013300373624794,-8.179531153252091,-0.1662307796272966,0.1662307796272966
COC(=O)c1ccc([N+](=O)[O-])cc1C(=O)[O-],-2.055799824963924,-2.3732406399783312,-0.317440815014407,0.317440815014407
CCS(=O)(=O)Oc1ccc2c(c1)C(C)(C)CO2,-2.992099942103482,-4.025074850614716,-1.0329749085112336,1.0329749085112336
C=C1CCOC1=O,0.18440035959267043,0.22977090992889648,0.045370550336226056,0.045370550336226056
CC(=O)Nc1ccc(N/N=C2\C=C(C)C=CC2=O)cc1,-5.357999915942093,-5.103184292068574,0.25481562387351886,0.25481562387351886
Nc1cc([N+](=O)[O-])cc(C(=O)O)c1O,-2.490778837540656,-2.3248905026831386,0.16588833485751753,0.16588833485751753
CCCCCCCC(=O)N(C)C,-1.600248142634246,-2.3580312474555627,-0.7577831048213166,0.7577831048213166
COc1ncc2[nH]cnc2n1,-1.4799999246729612,-1.6188813617336884,-0.1388814370607272,0.1388814370607272
COC(=O)c1cc(Cl)cc(N)c1Cl,-3.263400042490262,-3.743819895608383,-0.48041985311812097,0.48041985311812097
CC(C)N(C(=O)SC/C(Cl)=C/Cl)C(C)C,-4.285600233775379,-3.8893013655415296,0.3962988682338495,0.3962988682338495
O=[N+]([O-])c1ccc(-c2nc3ccc(F)cc3[nH]2)o1,-3.9999999845248846,-3.773325632628091,0.22667435189679352,0.22667435189679352
O=C([O-])C(Cl)=C(Cl)Cl,-0.46589963570435566,-1.1530693798538976,-0.6871697441495419,0.6871697441495419
OC[C@H]1O[C@H](OC[C@H]2O[C@H](O[C@]3(CO)O[C@H](CO)[C@@H](O)[C@@H]3O)[C@H](O)[C@@H](O)[C@@H]2O)[C@H](O)[C@@H](O)[C@H]1O,-0.3961996336189628,-0.11017860932587764,0.2860210242930852,0.2860210242930852
C=C(C)c1cccc(C(=C)C)c1,-4.451139498571321,-4.2078270375810325,0.24331246099028814,0.24331246099028814
O=S1(=O)OC2(c3cc(O)ccc3Oc3ccc(O)cc32)c2ccccc21,-3.4999999786744875,-3.606779737559682,-0.10677975888519464,0.10677975888519464
CC(=O)N1C[C@@H](O)C[C@H]1C(=O)[O-],0.344992739846556,0.30958524810449095,-0.035407491742065034,0.035407491742065034
CC(=O)Nc1ccc(Cl)cc1,-2.8399998487981453,-2.5982936587480805,0.24170619005006477,0.24170619005006477
CCC1OC(=O)C(C)C(OC2CC(C)(OC)C(O)C(C)O2)C(C)C(OC2OC(C)CC(N(C)C)C2O)C(C)(OC)CC(C)C(=O)C(C)C(O)C1(C)O,-2.1999999220553805,-2.156832281241789,0.04316764081359148,0.04316764081359148
CCCCCOC(=O)c1ccc(O)c(Br)c1,-4.099999861470743,-4.308347621054093,-0.20834775958334983,0.20834775958334983
CC1=NN(c2ccc(S(=O)(=O)CCOS(=O)(=O)[O-])cc2)C(O)C1N=Nc1ccc2c(S(=O)(=O)[O-])cccc2c1S(=O)(=O)O,-0.39283978251620777,0.9851875088296018,1.3780272913458096,1.3780272913458096
COc1ccc(Cl)c(Cl)c1Cl,-4.291799988601706,-5.510148637854021,-1.2183486492523148,1.2183486492523148
CCCC(O)(CCC)C(O)c1ccccc1,-2.6479999277114175,-2.2345927789601907,0.41340714875122675,0.41340714875122675
CCOP(=S)(OCC)Oc1cnccn1,-2.337999953759957,-2.814889665072093,-0.47688971131213576,0.47688971131213576
CN1C2CCC1CC(OC(=O)C(CO)c1ccccc1)C2,-1.9099998579303086,-1.6993349025408193,0.21066495538948926,0.21066495538948926
O=C(Nc1ccccc1)C(Cl)Cl,-3.355499949102286,-3.3174371301253176,0.038062818976968504,0.038062818976968504
O=Cc1ccc(Cl)cc1,-2.1770779307324233,-2.6202666115277893,-0.443188680795366,0.443188680795366
CNC(=O)O/N=C/C(C)(C)SC,-1.4990998127633828,-2.1434943266114166,-0.6443945138480338,0.6443945138480338
Nc1ncnc2c1ncn2[C@]1(CO)O[C@H](CO)[C@@H](O)[C@H]1O,-1.57009975231019,-1.3724646754824945,0.19763507682769554,0.19763507682769554
C=C(C)C(=O)OCCCCCCCC(C)C,-6.055946801415402,-5.774679976094599,0.28126682532080327,0.28126682532080327
CC=O,1.356100053245687,0.8771055350389374,-0.47899451820674965,0.47899451820674965
O=S(=O)(O)C(Cl)(S(=O)(=O)O)S(=O)(=O)O,0.5366000433808318,2.578037954329243,2.041437910948411,2.041437910948411
C=CC(=O)OCC(CC)(COCC(CC)(COC(=O)C=C)COC(=O)C=C)COC(=O)C=C,-4.49278553070211,-4.569791711343996,-0.07700618064188536,0.07700618064188536
COc1ccc(CN(CCN(C)C)c2ncccn2)cc1,-2.98999994889744,-2.5787078124056655,0.4112921364917743,0.4112921364917743
CC(C)C(NC(=O)CN)C(=O)O,0.4579004105501494,-0.5643053708249215,-1.022205781375071,1.022205781375071
CC12CCC(=O)C=C1C=CC1C2CCC2(C)C1CCC21CCC(=O)O1,-4.100706145181729,-4.1278607317748355,-0.027154586593106878,0.027154586593106878
CCNC(=S)OC(C)C,-1.7447886140917939,-2.264233782354096,-0.5194451682623022,0.5194451682623022
C=C[C@]1(C)CC[C@@H](C(C)(C)O)C[C@H]1C(=C)C,-3.0592784254189054,-3.099770362774643,-0.04049193735573775,0.04049193735573775
C#CC,-1.0416998810625997,-1.0558158933984292,-0.014116012335829486,0.014116012335829486
CC(C)CN(CC(C)C)C(=O)COC(=O)c1ccccc1,-3.559999932447385,-4.190290718354797,-0.630290785907412,0.630290785907412
CC(CN(C)C)CN1c2ccccc2CCc2ccccc21,-4.789999985486898,-3.815823704889408,0.9741762805974901,0.9741762805974901
CCCCC(CC)COCC(O)CO,-2.0550171433569,-2.47513307293419,-0.4201159295772898,0.4201159295772898
CC12C=CC(=O)C=C1CCC1C2C(O)CC2(C)C1CC(O)C2(O)C(=O)CO,-2.6645485608589192,-3.4898295346443766,-0.8252809737854574,0.8252809737854574
CC1(O)CC(C)(O)OO1,0.5714410726742196,0.9203134797109631,0.3488724070367435,0.3488724070367435
CC12CCC3C(CC=C4CC(OC=O)CCC43C)C1CCC2=O,-4.409999887182296,-4.452747374074402,-0.0427474868921065,0.0427474868921065
CCC(O)COC1CCCCC1C(C)(C)C,-3.698734232819445,-4.386454428295821,-0.6877201954763756,0.6877201954763756
Cc1cc(C2CCCCC2)n(O)c(=O)c1,-0.9331684916450118,-3.096666793141572,-2.16349830149656,2.16349830149656
Oc1cccc(O)c1,1.0034884971507876,0.16359749545649294,-0.8398910016942946,0.8398910016942946
Ic1ccccc1I,-4.217000030128354,-4.018795454259907,0.19820457586844675,0.19820457586844675
CC1=C(C(=O)O)CCC1(C)C,-2.887099916245721,-2.6337069476204684,0.25339296862525273,0.25339296862525273
Nc1ccc2cc(S(=O)(=O)O)ccc2c1,-3.2696160844922573,-1.6645522586313963,1.605063825860861,1.605063825860861
Cc1nc(NS(=O)(=O)c2ccc(N)cc2)oc1C,-2.219999952655317,-3.34904329168517,-1.1290433390298529,1.1290433390298529
CCc1ccc(C(=O)NN(C(=O)c2cc(C)cc(C)c2)C(C)(C)C)cc1,-5.628100087992209,-6.195804502827858,-0.5677044148356494,0.5677044148356494
CNC(N)=O,1.1302813991926013,0.5360589778840446,-0.5942224213085567,0.5942224213085567
CC(C)c1nc([N+](=O)[O-])c[nH]1,-1.149999799348016,-2.3793806291515693,-1.2293808298035533,1.2293808298035533
Clc1ccc(-c2cc(Cl)ccc2Cl)c(Cl)c1,-7.260000555453358,-6.996137543522844,0.2638630119305141,0.2638630119305141
CC(C)CCCCCCCCCCCCCCCO,-6.256077818900854,-6.091910265560799,0.1641675533400555,0.1641675533400555
O=C(O)c1ccc([N+](=O)[O-])c(C(=O)O)c1,-1.3390998440177146,-2.1575404973295482,-0.8184406533118336,0.8184406533118336
CCN(CC)S(=O)(=O)c1ccc(N)cc1,-2.6300000450997323,-2.747580737697726,-0.11758069259799386,0.11758069259799386
O=C(N=NNc1cc(Cl)c(-c2ccc(-c3cc(Cl)c(NN=NC(=O)c4cc5ccccc5cc4O)cc3Cl)cc2)cc1Cl)c1cc2ccccc2cc1O,-8.087171272950474,-7.464047120391072,0.6231241525594022,0.6231241525594022
CN1C2CCC1CC(OC(=O)C(O)c1ccccc1)C2,-1.439999863473088,-1.785131051047989,-0.345131187574901,0.345131187574901
CCOC(=O)C(C)Oc1ccc(Oc2nc3ccc(Cl)cc3s2)cc1,-5.670000089641897,-5.98984736936807,-0.3198472797261722,0.3198472797261722
CCCCNCc1ccc(C(=O)c2csc(S(N)(=O)=O)c2)cc1,-2.209999971862077,-3.048370624369145,-0.8383706525070682,0.8383706525070682
C=CC(C)(O)/C=C/C1=C(C)CCCC1(C)C,-3.1641478055690304,-4.18328847505951,-1.0191406694904797,1.0191406694904797
COc1ccccc1N/N=C1\C(=O)C=Cc2ccccc21,-8.926017134863729,-6.757904472910559,2.1681126619531703,2.1681126619531703
CCCCCCCC(CC)CCCC(CC)CCCC,-6.269131300064676,-7.257284461870251,-0.9881531618055748,0.9881531618055748
C=CC(=O)OCCOc1ccc(C(C)(C)c2ccc(OCCOC(=O)C=C)cc2)cc1,-5.9994816478567845,-5.816158719607504,0.18332292824928054,0.18332292824928054
O=NN(CCCl)C(=O)NCCCl,-1.7284998511136993,-2.053370758345247,-0.3248709072315479,0.3248709072315479
O=C1OC(C(O)C(O)CO)C(O)C1O,0.33480028052390987,0.6075712733298504,0.2727709928059405,0.2727709928059405
Oc1cccc2cncnc12,-2.0360997958581883,-1.7025208397338927,0.33357895612429567,0.33357895612429567
CCCC,-2.9776040883312835,-3.126294459685062,-0.1486903713537786,0.1486903713537786
O=C([O-])C(Br)(Br)Br,-0.17129968669511575,0.046813200889947115,0.21811288758506286,0.21811288758506286
CC(=O)Nc1cc(Cl)ccc1[N+](=O)[O-],-0.9899998306023479,-3.4521421488692603,-2.4621423182669124,2.4621423182669124
CNC(Cc1ccc(O)c(O)c1)C(=O)O,-1.0199998419955247,-1.2730611438118582,-0.25306130181633346,0.25306130181633346
CCc1nc2ncnc(N)c2nc1CC,-2.9300000037512244,-1.3267497479997163,1.603250255751508,1.603250255751508
c1ccc(-c2ccccc2)cc1,-4.32000012905659,-3.8549103039827153,0.4650898250738744,0.4650898250738744
C1COC1,1.2360000761883687,0.3652542624321211,-0.8707458137562476,0.8707458137562476
CCCC#N,-0.32099981118025545,-0.5149532961722847,-0.19395348499202925,0.19395348499202925
Clc1cccc(-c2ccc(Cl)c(Cl)c2Cl)c1Cl,-7.050199924589604,-7.55948224030198,-0.509282315712376,0.509282315712376
COC(=O)c1cc(C(=O)OC)cc(S(=O)(=O)[O-])c1,-0.966481701044537,-1.220361502451674,-0.25387980140713706,0.25387980140713706
ClCC(Br)CBr,-2.3739999950371518,-2.808428901354331,-0.4344289063171791,0.4344289063171791
CCCCCCCCCc1ccc(O)cc1,-4.498026826648413,-4.984425798573317,-0.48639897192490356,0.48639897192490356
Clc1cc(Cl)c(-c2cc(Cl)cc(Cl)c2Cl)c(Cl)c1,-8.710000600024893,-8.371937908663252,0.3380626913616407,0.3380626913616407
CC(C)(C)C(=O)C1C(=O)c2ccccc2C1=O,-4.106999896335431,-4.4263680846485025,-0.3193681883130717,0.3193681883130717
O=CC1CC2C3C1C1(Cl)C(Cl)(Cl)C3(Cl)C3(Cl)C2C13Cl,-7.200600121574668,-5.769255794489305,1.4313443270853634,1.4313443270853634
CN1CC[C@]23c4c5ccc(OCc6ccccc6)c4O[C@H]2[C@@H](O)C=C[C@H]3[C@H]1C5,-2.972999989312945,-3.2909891032970204,-0.31798911398407537,0.31798911398407537
ICI,-2.3344999708343415,-3.002609440617334,-0.6681094697829923,0.6681094697829923
CC1=NN(c2ccccc2)C(=O)C1,-1.9250851642587885,-2.5646181977168414,-0.6395330334580529,0.6395330334580529
CN(CC(=O)O)C(=N)N,-0.9387414662619225,-0.08104168021622415,0.8576997860456983,0.8576997860456983
OC1CCCCCC1,-0.8799996968094246,-1.4391438205620992,-0.5591441237526746,0.5591441237526746
CCn1c(=O)c2c(ncn2C)n(C)c1=O,-0.718999861109999,-0.5874265349825385,0.13157332612746053,0.13157332612746053
CC1=C(CC(=O)O)c2cc(F)ccc2/C1=C/c1ccc([S+](C)[O-])cc1,-4.500000059388738,-4.047764680670939,0.4522353787177993,0.4522353787177993
CCOP(=S)(OCC)Oc1cc(Cl)c(Cl)c(SC)c1,-6.0806999957857775,-6.270487552506369,-0.18978755672059133,0.18978755672059133
CC1CCCCC1C,-4.30000016747011,-4.5026563873187575,-0.2026562198486479,0.2026562198486479
CC(C)N1C(=O)N(c2ccccc2)CSC1=NC(C)(C)C,-5.530700293009548,-4.86168136390045,0.6690189291090975,0.6690189291090975
CC(C)(C)NCC(O)COc1cccc2c1CC(O)C(O)C2,-1.0099997921888282,-1.8792586420172979,-0.8692588498284697,0.8692588498284697
O=c1c(Cl)c(Cl)cnn1-c1ccccc1,-3.3821999785659815,-4.212458806681975,-0.8302588281159937,0.8302588281159937
CCn1c(O)c(N=Nc2ccc(Cl)cc2[N+](=O)[O-])c(C)c(C#N)c1=O,-6.690000200956085,-5.8308988896414125,0.8591013113146726,0.8591013113146726
CC(=O)C(N=Nc1ccc(C)cc1[N+](=O)[O-])C(=O)Nc1ccc(Cl)cc1,-7.605298341511581,-7.297673344882483,0.30762499662909804,0.30762499662909804
CCc1ccc(CC)cc1,-3.6448702654393244,-4.537551523161824,-0.8926812577224994,0.8926812577224994
CCCCC1=NC(=O)C2(CCCC2)N1,-1.0196137807214138,-2.7156150160309527,-1.6960012353095388,1.6960012353095388
CCCCCCCCCCCCCCCCCCCCCCCCO,-5.549815640114163,-6.486832039289176,-0.9370163991750129,0.9370163991750129
COc1ccc2cc(C(C)C(=O)OCCN3CCNCC3)ccc2c1,-1.519999847845922,-3.540050212657035,-2.020050364811113,2.020050364811113
C=C(C)C(=O)OC(=O)C(=C)C,-0.19675957885721385,-1.2234578601785702,-1.0266982813213563,1.0266982813213563
CC/C=C\CCOC(=O)C/C=C\CC,-4.509709424517824,-4.528169419842147,-0.01845999532432252,0.01845999532432252
CC(O)(CCl)CCl,-0.18219967197095865,0.269542260534847,0.45174193250580563,0.45174193250580563
O=C1OCCCN1/N=C/c1ccc([N+](=O)[O-])o1,-3.475699857644215,-3.4630126999060242,0.012687157738190624,0.012687157738190624
COc1ccc(O)c(C(C)(C)C)c1,-2.927488265482004,-3.884189952919838,-0.956701687437834,0.956701687437834
NCCNCCS(=O)(=O)[O-],0.2445362008608707,0.6604642903943714,0.4159280895335007,0.4159280895335007
Nc1ccc(S(=O)(=O)NC(CO)(CO)CO)cc1,-1.3999998022732147,-1.4083286222240177,-0.008328819950802924,0.008328819950802924
Oc1ccc(Cl)c(Cl)c1Cl,-2.6700000027794215,-2.692760657895094,-0.022760655115672268,0.022760655115672268
N#Cc1c(Cl)cccc1Cl,-3.980299955419149,-4.119501407876382,-0.13920145245723292,0.13920145245723292
CC(C)N(c1n[n+](C)c(N=Nc2ccc(N(C)C)cc2)s1)C(C)C,-1.259698206310333,-1.9830406634045392,-0.7233424570942062,0.7233424570942062
CCCCCC(C)(C)O,-1.7167998618533207,-1.6180824619644523,0.0987173998888684,0.0987173998888684
CCOCCC(=O)OC,-0.0718996056972907,-0.11240194683155424,-0.04050234113426354,0.04050234113426354
O=C(O)c1cc(-c2ccc(F)cc2F)ccc1O,-4.610000193181662,-3.2517864235703464,1.3582137696113157,1.3582137696113157
CCC(=O)CC,-0.25299974854854446,-0.5041366791515594,-0.2511369306030149,0.2511369306030149
CNCC(=O)O,0.5273003421278855,0.5013049055454979,-0.025995436582387565,0.025995436582387565
CN(C)[C@@H]1C(=O)/C(=C(\N)O)C(=O)[C@@]2(O)C(=O)C3=C(O)c4c(O)cccc4[C@@](C)(O)[C@H]3C[C@@H]12,-3.2839998690382317,-2.239636834448609,1.0443630345896229,1.0443630345896229
CC1CCC(C(C)C)C(OO)C1,-2.588821561881489,-3.046066610133144,-0.457245048251655,0.457245048251655
O=c1cc[nH]c(=S)[nH]1,-2.2572997933670136,-1.6335032427036316,0.623796550663382,0.623796550663382
CCCCOC(=O)c1ccccc1C(=O)OCc1ccccc1,-5.639999940221808,-5.425317021411023,0.2146829188107855,0.2146829188107855
OCC(CO)(CBr)CBr,-1.1304016341036653,-0.6984079020960388,0.4319937320076266,0.4319937320076266
CC(=O)CC(C)C,-0.8514793339176663,-1.3292610096447548,-0.4777816757270885,0.4777816757270885
CC1(C)S[C@@H]2[C@H](N)C(=O)N2[C@H]1C(=O)O,-1.9440449550330774,-1.8164686812496778,0.12757627378339964,0.12757627378339964
COP(=S)(OC)SCCSC(C)C,-3.4288000726382744,-3.8894607866254045,-0.46066071398713015,0.46066071398713015
CCCCCCCCOC(=O)c1cccnc1,-3.0928999869408345,-4.06941199345746,-0.9765120065166255,0.9765120065166255
OCCCO,1.1186443502042978,1.6744072286827882,0.5557628784784905,0.5557628784784905
COP(=S)(OC)Oc1cc(Cl)c(Br)cc1Cl,-6.086400231215963,-6.325900388884499,-0.2395001576685356,0.2395001576685356
Clc1ccc2oc3ccc(Cl)cc3c2c1,-7.213500392865676,-6.8931114955350665,0.32038889733060927,0.32038889733060927
O=[N+]([O-])c1cccc2ccccc12,-3.7099999894132694,-4.088651840837102,-0.3786518514238324,0.3786518514238324
COc1cc(C(=O)[O-])c([N+](=O)[O-])cc1OC,-0.7542996918603562,-2.5408867475658456,-1.7865870557054895,1.7865870557054895
CN=C1CN(O)C(c2ccccc2)=c2cc(Cl)ccc2=N1,-2.1756998700385646,-3.8243018699594775,-1.648601999920913,1.648601999920913
Clc1ccc(Cl)c(-c2cc(Cl)c(Cl)c(Cl)c2Cl)c1,-7.679400021834869,-8.40589860230906,-0.7264985804741908,0.7264985804741908
CCOC(=O)c1ccc(O)cc1,-2.1999999220553805,-2.224185135681042,-0.024185213625661284,0.024185213625661284
S=c1nc[nH]c2nccnc12,-2.6470998887220865,-2.6290764897751937,0.018023398946892755,0.018023398946892755
C=CF,-0.2759997250770341,-0.5850798014171352,-0.30908007634010115,0.30908007634010115
Cc1nn(-c2cccc(S(=O)(=O)[O-])c2)c([O-])c1N=Nc1cc(Cl)cc(S(=O)(=O)[O-])c1[O-],-1.1331674173752537,-0.4281854382014969,0.7049819791737568,0.7049819791737568
CCOC(=O)N1CC(C)NCC1C,0.6500001941080322,-0.12246714534092495,-0.7724673394489572,0.7724673394489572
COc1cnc2cncnc2n1,-0.9099999842564261,-0.7505387345500338,0.1594612497063923,0.1594612497063923
CCCCCCCCCCCCCC(=O)OC(C)C,-6.733128090018893,-6.496305654451804,0.23682243556708826,0.23682243556708826
CC(=O)C(C)C,-0.15129986313554777,-0.9233843159293806,-0.7720844527938329,0.7720844527938329
CC(C)C(=O)OCCOc1ccccc1,-3.0263435305330297,-3.6682681045429386,-0.6419245740099089,0.6419245740099089
Cc1ccc2c(c1)Oc1ncc(N)cc1C(=O)N2C,-3.042999928192424,-3.962656044214662,-0.9196561160222383,0.9196561160222383
CCCCCC1=C(OC(C)=O)CCC1CC(=O)OC,-3.721988661961028,-3.42051914802609,0.3014695139349377,0.3014695139349377
C=CCCN=C=S,-2.390999941681623,-2.3084213040237493,0.08257863765787388,0.08257863765787388
Clc1ccc(Cl)c(Cl)c1Cl,-4.56190016065182,-6.958249984217952,-2.3963498235661316,2.3963498235661316
CC1=C(C(=O)Nc2ccccc2)S(=O)(=O)CCO1,-2.4299999633940987,-3.1678435969233143,-0.7378436335292156,0.7378436335292156
NC(=O)OCC1CSC2(CCCCC2)O1,-2.819999861331619,-2.995698139803985,-0.17569827847236574,0.17569827847236574
CCCCc1nc(C=O)c(Cl)[nH]1,-2.1991273159148985,-3.13011716678534,-0.9309898508704415,0.9309898508704415
CC(C)OC(=O)COc1ccc(Cl)cc1Cl,-3.8480000556245737,-5.10189111792587,-1.2538910623012964,1.2538910623012964
C=C(F)C(F)(F)F,-2.7599572399894114,-2.376912776970495,0.3830444630189165,0.3830444630189165
CCCCCNC(=O)C(C)O,-0.3824996343972451,-0.897674319001931,-0.5151746846046859,0.5151746846046859
O=C1OCCC1N(C(=O)C1CC1)c1cccc(Cl)c1,-2.6877998498882443,-3.4099773080813156,-0.7221774581930713,0.7221774581930713
CCC(C)c1ccccc1,-3.7586078229539983,-3.9688941705226486,-0.21028634756865028,0.21028634756865028
CCOP(=S)(OCC)Oc1cc(C)nc(N(CC)CC)n1,-4.9242001017851145,-3.9857261384146736,0.9384739633704409,0.9384739633704409
Cc1ccc(O)c(-n2nc3ccccc3n2)c1,-5.352666832099014,-3.9116045822159924,1.4410622498830215,1.4410622498830215
N#CC(C#N)=NNc1ccc(N=Nc2ccccc2)cc1,-4.920000080866302,-6.136097373149714,-1.2160972922834121,1.2160972922834121
CCC(C(=O)O)C(C(=O)O)c1ccccc1,-2.3255998229861974,-1.1984857551250556,1.1271140678611418,1.1271140678611418
NC(=O)Nc1cc(Nc2nc(Cl)nc(Nc3cc(N)c(S(=O)(=O)[O-])cc3N=Nc3ccc(S(=O)(=O)CCOS(=O)(=O)[O-])cc3)n2)ccc1N=Nc1cc2c(S(=O)(=O)[O-])cc(S(=O)(=O)[O-])cc2cc1S(=O)(=O)[O-],-0.5105571390108867,0.6410182308075356,1.1515753698184223,1.1515753698184223
COC(C)COC(C)COCCC[Si](C)(O[Si](C)(C)C)O[Si](C)(C)O[Si](C)(C)C,-6.287739812346791,-5.6845837371570935,0.6031560751896974,0.6031560751896974
Cc1cc(C)nc(N)n1,-0.48839967875596635,-0.4437374825344125,0.044662196221553874,0.044662196221553874
OCc1ccc(CO)cc1,-0.3860999283814808,0.0745320415011328,0.46063196988261357,0.46063196988261357
c1ccc2c(c1)Oc1ccccc1O2,-5.310599817885265,-4.587604636502773,0.7229951813824922,0.7229951813824922
CCOc1ccc2c3c1O[C@H]1[C@@H](O)C=C[C@H]4[C@@H](C2)N(C)CC[C@@]341,-2.0789998715020035,-2.044344626432768,0.03465524506923545,0.03465524506923545
O=C(O)COc1ccc(Cl)cc1CO,-2.0346997888852507,-1.891397832913079,0.14330195597217177,0.14330195597217177
CC(=O)OC1C2C(CC(C)C3C=CC(=O)C31C)OC(=O)C2C,-2.1899999412621405,-3.0927644617661767,-0.9027645205040362,0.9027645205040362
Cc1nccc2c1[nH]c1ccccc12,-3.789999973786103,-3.2237699624291998,0.5662300113569034,0.5662300113569034
O=S(=O)(Nc1cccc(Cl)c1Cl)c1ccccc1,-4.730000100727457,-4.881977669267951,-0.15197756854049427,0.15197756854049427
Nc1ccc(Cl)cc1,-1.628640830631992,-1.4254417509366948,0.20319907969529716,0.20319907969529716
O=C(OCc1ccccc1)c1sc(Cl)nc1C(F)(F)F,-5.808499882289713,-5.435867246490728,0.3726326357989844,0.3726326357989844
CCCCCCC(O)CCCCCCCCCCC(=O)O,-5.488369923446852,-4.726904709188948,0.7614652142579041,0.7614652142579041
CN(CC(N)=O)C(=O)COC(=O)c1ccccc1,-0.9199998960362101,-1.6635169187611407,-0.7435170227249306,0.7435170227249306
CN(CC(=O)Nc1nnc(S(N)(=O)=O)s1)C(=N)N,-1.139999887568232,-2.0222496923691855,-0.8822498048009535,0.8822498048009535
C=CC(=O)OC1C=CC2C3CCC(C3)C12,-3.70814249223903,-3.4976021061380234,0.21054038610100667,0.21054038610100667
COC(=O)C1=CO[C@@H](O[C@@H]2O[C@H](CO)[C@@H](O)[C@H](O)[C@H]2O)[C@H]2[C@@H]1C(=O)C[C@@H]2C,-0.2649998083165803,-1.3341127936441362,-1.0691129853275558,1.0691129853275558
COC(OC)OC,-1.0258011131256206,0.45321853767998865,1.4790196508056093,1.4790196508056093
CCOCCOCCOC,0.8291461519328789,0.33753293733651146,-0.4916132145963674,0.4916132145963674
CCCC(C)C(=O)Nc1ccc(C)c(Cl)c1,-4.45030029494365,-5.367168491628217,-0.9168681966845664,0.9168681966845664
O=C1C=Cc2ccccc2/C1=N\Nc1ccc(S(=O)(=O)[O-])c2ccccc12,-2.4263929405978812,-2.255885776662463,0.17050716393541832,0.17050716393541832
O=C(O)C1CCCCC1C(=O)O,-1.9349998444201373,-0.7712757598489746,1.1637240845711627,1.1637240845711627
O=[N+]([O-])c1c(O)cccc1-c1ccccc1,-3.9500000115452276,-3.421212698754402,0.5287873127908256,0.5287873127908256
Nc1ccccc1C=Nc1ccccc1O,-3.6400000548471314,-3.7045965118448416,-0.06459645699771022,0.06459645699771022
O=S(=O)([O-])c1ccc(S(=O)(=O)[O-])c(Nc2nc(Nc3ccc(/C=C/c4ccc(Nc5nc(Nc6cc(S(=O)(=O)[O-])ccc6S(=O)(=O)[O-])nc(N(CCO)CCO)n5)cc4S(=O)(=O)[O-])c(S(=O)(=O)[O-])c3)nc(N(CCO)CCO)n2)c1,-0.6924052497006845,0.9972549257309113,1.6896601754315959,1.6896601754315959
Oc1cncc2cccnc12,-1.6575999810784152,-1.0727869924181994,0.5848129886602158,0.5848129886602158
CCC(CC)CO,-1.1699997609344963,-1.1071031053635556,0.06289665557094071,0.06289665557094071
CCCCCCCOC(=O)c1ccccc1C(=O)OCCCCCCC,-8.56000068108592,-6.332272815378296,2.2277278657076245,2.2277278657076245
Cc1ccc(OP(=O)(Oc2ccccc2)Oc2ccccc2C)cc1,-6.3733002108875025,-6.141169310074447,0.23213090081305587,0.23213090081305587
CC(C)CC(NC(=S)Nc1ccccc1)C(=O)NC1CCOC1O,-2.369999802580833,-3.427487988808565,-1.057488186227732,1.057488186227732
CC(=O)OCCN(CCOC(C)=O)c1ccc(N=Nc2sc([N+](=O)[O-])cc2[N+](=O)[O-])cc1,-7.547293911825369,-5.913980324834599,1.63331358699077,1.63331358699077
O=C=Nc1ccc(C(c2ccc(N=C=O)cc2)c2ccc(N=C=O)cc2)cc1,-6.56509661129183,-5.612814987707964,0.9522816235838665,0.9522816235838665
CONC(=O)c1cn(C)c(=O)c(C)c1Nc1ccc(Br)cc1F,-3.2799999181290094,-4.3057398785972545,-1.0257399604682451,1.0257399604682451
O=C(CCCN1CCC(O)(c2ccc(Cl)cc2)CC1)c1ccccc1,-3.349999852695147,-3.2727047127120565,0.07729513998309034,0.07729513998309034
CCOS(=O)(=O)OCC,-1.3429495526327397,-0.9183579278857552,0.42459162474698453,0.42459162474698453
CCOC(=O)C(C#N)=C(c1ccccc1)c1ccccc1,-7.744015940627236,-4.813460143741482,2.930555796885754,2.930555796885754
Cc1c(Cl)cccc1[N+](=O)[O-],-3.270686345171362,-3.4064234256463903,-0.1357370804750282,0.1357370804750282
COc1cc(Cl)c(Cl)c(Cl)c1Cl,-5.260499913420997,-6.652033690257276,-1.3915337768362788,1.3915337768362788
N#CCCN(CCOC(=O)c1ccccc1)c1ccc(N=Nc2ccc([N+](=O)[O-])cc2)cc1,-7.169736199736494,-6.498818296365967,0.670917903370527,0.670917903370527
CC(=O)Oc1ccc(NC(N)=O)cc1,-2.489999917166996,-2.3327583127463725,0.15724160442062374,0.15724160442062374
CN1CCN(c2c(F)cc3c(=O)c(C(=O)O)cn(CCF)c3c2F)CC1,-2.729999939298955,-3.3279974656763596,-0.5979975263774047,0.5979975263774047
CC(C)CCCO,-1.128599830788598,-1.0189345502852682,0.1096652805033298,0.1096652805033298
C/C(Cl)=C/Cl,-1.6137999009519972,-2.114192731395215,-0.5003928304432179,0.5003928304432179
C=CCC1(CC=C)C(=O)NC(=O)NC1=O,-2.0607999878941845,-2.1770443901926986,-0.11624440229851407,0.11624440229851407
CC(=O)C(N=Nc1ccccc1OCCOc1ccccc1N=NC(C(C)=O)C(=O)Nc1ccc2[nH]c(=O)[nH]c2c1)C(=O)Nc1ccc2[nH]c(=O)[nH]c2c1,-7.634485512417365,-7.378353111799113,0.2561324006182524,0.2561324006182524
Cc1cccc2[n-]c(=S)[nH]c12,-4.087958807709711,-1.8243206182179805,2.2636381894917306,2.2636381894917306
COC(=O)CCS,-0.7575874929148148,-1.1900086942702859,-0.43242120135547113,0.43242120135547113
CN1C(=O)C(O)N=C(c2ccccc2)c2cc(Cl)ccc21,-2.6999999796658702,-4.247877340577036,-1.5478773609111656,1.5478773609111656
N#C[S-],-0.9001625301525911,-0.20935260224111651,0.6908099279114746,0.6908099279114746
CCCCCCCCCCCCCC(=O)OCC(COC(=O)CCCCCCCCCCCCC)OC(=O)CCCCCCCCCCCCC,-8.647057015303721,-7.380646843030137,1.2664101722735843,1.2664101722735843
COC(=O)/C=C(\C)N,-0.8059232754111134,-0.37528855638342806,0.43063471902768535,0.43063471902768535
CCCCCC1(CC)C(=O)NC(=S)NC1=O,-3.7099999894132694,-3.4894921968703594,0.22050779254290997,0.22050779254290997
C=CC(N)=O,0.9544003299547468,0.18639153583161328,-0.7680087941231335,0.7680087941231335
CC(C)CCCC(C)(C)O,-2.2869836541172335,-2.0413516508632936,0.24563200325393986,0.24563200325393986
COC(=O)C1C2CC3c4[nH]c5cc(OC)ccc5c4CCN3CC2CC(OC(=O)c2cc(OC)c(OC)c(OC)c2)C1OC,-5.969999927519842,-3.4999128836927342,2.4700870438271076,2.4700870438271076
OCc1cccnc1,0.962064136241386,0.7647196060643888,-0.19734453017699716,0.19734453017699716
NC(N)=Nc1nc2ccccc2s1,-2.4411999156574145,-2.772626583629215,-0.33142666797180054,0.33142666797180054
O=c1[nH]cc(Br)c(=O)[nH]1,-2.3698000086250675,-2.0712901022535197,0.29850990637154773,0.29850990637154773
CC(C)CN(C=O)CC(C)C,-1.0826665447303307,-2.333810353873034,-1.2511438091427034,1.2511438091427034
Clc1ccc(-c2c(Cl)ccc(Cl)c2Cl)c(Cl)c1,-7.429999745844247,-7.559527513129263,-0.12952776728501547,0.12952776728501547
NS(=O)(=O)c1ccc(SCCO)cc1,-1.8238998431753897,-1.4094649977941838,0.4144348453812059,0.4144348453812059
CC(C)Cc1ccc(C(C)C(=O)O)cc1,-3.9922482550950176,-3.666193007941229,0.32605524715378875,0.32605524715378875
CC1=Nc2ccc(C(=O)O)cc2C1(C)C,-2.6625889927829265,-3.148586461672889,-0.48599746888996265,0.48599746888996265
CC(C)(CC(=O)O)C(=O)O,-0.31999966817267333,0.2517489351976372,0.5717486033703105,0.5717486033703105
Cc1ccc(Nc2ccc(Nc3ccc(C)cc3S(=O)(=O)[O-])c3c2C(=O)c2ccccc2C3=O)c(S(=O)(=O)[O-])c1,-1.4270311308335077,-0.9838173291400767,0.44321380169343105,0.44321380169343105
O=C(O)c1cn(C2CC2)c2cc(N3CCNCC3)c(F)cc2c1=O,-3.5999998556203456,-4.01517307596968,-0.41517322034933457,0.41517322034933457
CCOC(C)C(=O)C=O,-0.15539981454283724,-0.22989790815867028,-0.07449809361583304,0.07449809361583304
CC(=O)C1CCC2C3CC=C4CC(O)CCC4(C)C3CCC12C,-4.650000116354622,-4.742339430646284,-0.09233931429166198,0.09233931429166198
C[C@@H](Oc1cc(Cl)c(Cl)cc1Cl)C(=O)O,-3.1294998586727902,-3.5822885182691286,-0.4527886595963384,0.4527886595963384
O=C(NC(=O)c1cccnc1)Nc1ccccc1,-3.382499876539998,-3.675100298682092,-0.2926004221420939,0.2926004221420939
CCCCCCCC1(CC)C(=O)NC(=O)NC1=O,-3.4300000441083496,-3.67935028534321,-0.24935024123486027,0.24935024123486027
CCCCC(CC)COC(=O)/C=C\C(=O)OCC(CC)CCCC,-6.975819982010824,-6.561654220095432,0.4141657619153918,0.4141657619153918
O=C(O)c1ccccc1Nc1ccccc1,-4.960000142066175,-3.381244004170382,1.5787561378957928,1.5787561378957928
C=C(C)C(=O)OCCOCCOCCOCCOC(=O)C(=C)C,-1.4186390945568046,-1.6176099958431505,-0.19897090128634587,0.19897090128634587
CCS(=O)(=O)c1nc2ccccn2c1S(=O)(=O)NC(=O)Nc1nc(OC)cc(OC)n1,-4.419099863492933,-3.6994845471155,0.7196153163774333,0.7196153163774333
O=C(O)CCC(=O)OCn1c(=O)oc2ccc(Cl)cc21,-3.4100000480151413,-3.266073140690143,0.14392690732499824,0.14392690732499824
CCCCOCC1CO1,-0.6757269057622115,-1.3716438294341795,-0.695916923671968,0.695916923671968
FCF,-1.437441672677818,-0.8408946021098496,0.5965470705679685,0.5965470705679685
COc1ccc(N)cc1,-0.7480292672548572,-1.0220832202119812,-0.274053952957124,0.274053952957124
CCCC(O)C(C)C,-1.3092998336206716,-1.2261045262247179,0.08319530739595371,0.08319530739595371
Cc1cccc(Oc2cccc(C)c2)c1,-4.850000008273252,-4.597065691216368,0.25293431705688363,0.25293431705688363
O=C(O)COCC(=O)O,0.49270030782362806,0.4711935064339774,-0.021506801389650665,0.021506801389650665
CCCCCCc1ccccc1,-5.255099748498468,-5.194620082191365,0.060479666307102775,0.060479666307102775
CC(C)(C)NC(=O)C1N(C(=O)C(O)C(Cc2ccccc2)NC(=O)Cc2ccccc2)CSC1(C)C,-3.7200000392199657,-4.088196213999118,-0.36819617477915223,0.36819617477915223
C=CN1CCN(C=C)C1=O,-1.155886233083091,-0.8534273077330137,0.30245892535007735,0.30245892535007735
CC(NC(=O)COC(=O)c1ccccc1)C(N)=O,-2.7171999618132037,-1.812738918021568,0.9044610437916356,0.9044610437916356
COCC(C)OCC(C)OC(C)CO,0.6855001638814358,-0.012438439977125348,-0.6979386038585611,0.6979386038585611
O=C(O)C1(O)c2ccccc2-c2ccc(Cl)cc21,-4.160999751210854,-3.9188305671363537,0.24216918407450017,0.24216918407450017
CCOP(=S)(OCC)O/N=C(\C#N)c1ccccc1,-4.630000154768142,-5.470418419267979,-0.8404182644998368,0.8404182644998368
CCCCc1ccccc1,-4.055900124917406,-4.057993855152295,-0.00209373023488979,0.00209373023488979
CC(C)COC(=O)[C@@H](C)O,-0.412856997466744,-0.5108779135554107,-0.0980209160886667,0.0980209160886667
Cc1cccc(S(=O)(=O)O)c1C,0.7779991753107969,-1.0161284631552456,-1.7941276384660425,1.7941276384660425
C=COC1CC1,-1.100099895879882,-1.2035535512424147,-0.1034536553625327,0.1034536553625327
C#CC(C)OC(=O)Nc1cccc(Cl)c1,-2.6171998260668845,-3.9255114837794665,-1.308311657712582,1.308311657712582
CCCCCCCCCCCCS,-7.573832070227493,-6.212162900383282,1.3616691698442107,1.3616691698442107
CC(=O)Nc1ccc(C)cc1,-2.0945998801869936,-1.977713652745607,0.11688622744138666,0.11688622744138666
O=c1[nH]c2ccccc2c(=O)n1CCO,-3.112893530275886,-2.273035068426201,0.8398584618496852,0.8398584618496852
COC(=O)C1(S(=O)(=O)c2ccc(Br)cc2)CC1,-3.670299998721053,-3.435421430668667,0.23487856805238616,0.23487856805238616
CCOC(=O)[C@@H](C)Oc1ccc(Oc2nc3ccc(Cl)cc3o2)cc1,-5.604199899940747,-5.809318381880516,-0.20511848193976867,0.20511848193976867
FC(F)(Cl)Cl,-1.9899999113165987,-2.892752026651879,-0.9027521153352804,0.9027521153352804
O=[N+]([O-])OCC(O)CO[N+](=O)[O-],-0.36599962122965213,-0.8014571386051053,-0.43545751737545313,0.43545751737545313
CCOC(=O)C(=CC=Cc1ccccc1)NC=O,-3.3482999477481927,-3.620805756348597,-0.2725058086004042,0.2725058086004042
ClC(Cl)=C(Cl)C(Cl)=C(Cl)Cl,-4.911099967524885,-5.115137698740203,-0.2040377312153181,0.2040377312153181
COC(C)C(NC(=O)c1ccccc1)C(=O)O,-1.739999839377944,-1.4549058038288445,0.2850940355490994,0.2850940355490994
CCOC(=O)N1CCN(C(=O)OCC)CC1,-0.7287999099205615,-0.3225562026449942,0.40624370727556736,0.40624370727556736
O=C(c1ccccc1I)N(O)c1ccccc1,-3.530399992059932,-3.2717421475313877,0.25865784452854435,0.25865784452854435
CCCCOC(=O)c1ccc(O)cc1,-2.9722999944531585,-3.2023532235999195,-0.23005322914676096,0.23005322914676096
COS(=O)(=O)c1ccc(C(=O)O)cc1,-3.0499998940436552,-1.9414029128884966,1.1085969811551586,1.1085969811551586
CCCCCCOC,-2.245085170763581,-2.178216376706276,0.06686879405730517,0.06686879405730517
CCC(=O)OCSc1ncnc2[nH]cnc12,-2.39000000571441,-2.7448696475901944,-0.3548696418757844,0.3548696418757844
C=C1C(=O)O[C@@H]2/C=C(\CO)CC/C=C(\C)C[C@H](OC(=O)C(C)CO)[C@@H]12,-2.243599794145296,-2.445077988802947,-0.20147819465765116,0.20147819465765116
O=C(O)C(S)CCC(S)C(=O)O,-2.4757999499616714,-0.22193458347202366,2.2538653664896477,2.2538653664896477
COC1CC1,-0.11759976430043739,0.28386614140081967,0.40146590570125706,0.40146590570125706
CCOC(OCC)OCC,-2.040520107729264,-0.6079080724665422,1.4326120352627219,1.4326120352627219
COc1ccc(NS(=O)(=O)c2ccc(N)cc2)cc1,-4.229999956850147,-3.9977562880496222,0.23224366880052472,0.23224366880052472
C=CCC,-1.9399999383369417,-2.2920241209059284,-0.3520241825689867,0.3520241825689867
C1CC(COCC2CO2)CCC1COCC1CO1,-1.8357970728936532,-1.6792370798734149,0.15655999302023837,0.15655999302023837
COP(=S)(OC)Oc1ccc(SC)c(C)c1,-4.569499922451085,-4.9030466492913245,-0.33354672684023967,0.33354672684023967
Cc1ccc(N(C)N=CC2=[N+](C)c3ccccc3C2(C)C)cc1,-1.502712391142826,-1.0927023435073506,0.4100100476354753,0.4100100476354753
COc1ccsc1CN(C(=O)CCl)c1c(C)cccc1C,-4.468900249557194,-4.770317485799043,-0.301417236241849,0.301417236241849
C=CC(C)(C)O,0.3510576423794234,0.2884422856560471,-0.06261535672337626,0.06261535672337626
CCC(CC)(C(=O)O)C(CC)(CC)C(=O)O,-2.9643999939259373,-1.3733062255676765,1.5910937683582609,1.5910937683582609
C=CCc1ccc(O)c(O)c1,-0.7786999514156081,-1.8100926660561576,-1.0313927146405495,1.0313927146405495
CC(C)CCCCCCCCCCOC(=O)CSCc1cc(C(C)(C)C)c(O)c(C(C)(C)C)c1,-6.789589654877786,-7.337172782470915,-0.5475831275931293,0.5475831275931293
CC(C)CCCC(C)CCCC(C)CCCCC(C)CCCC(C)CCCC(C)C,-5.1490402830558715,-7.061571409798361,-1.9125311267424898,1.9125311267424898
CCOP(=O)(OCC)Oc1ccc([N+](=O)[O-])cc1,-2.0593999809212473,-2.8461897347002325,-0.7867897537789852,0.7867897537789852
NC(=O)OC[C@H](O)[C@@H](O)[C@H](N)C(=O)N[C@H](C(=O)O)[C@H]1O[C@@H](n2cc(CO)c(=O)[nH]c2=O)C(O)C1O,0.29460021832790284,-0.7215309986304299,-1.0161312169583328,1.0161312169583328
CC(Oc1ccc2ccccc2c1)C(=O)Nc1ccccc1,-5.5893998262268365,-5.847232442352596,-0.2578326161257598,0.2578326161257598
OCc1cccc(CO)c1,-0.2327997859659301,0.1970458332033025,0.4298456191692326,0.4298456191692326
C=C(C)CC(C)(C)C,-4.688326877294916,-4.481818602373731,0.20650827492118484,0.20650827492118484
C=CC(O)CCC,-0.5993000240718613,-0.6418867096109682,-0.04258668553910683,0.04258668553910683
CC(=O)Nc1c(I)c(NC(C)=O)c(I)c(C(=O)O)c1I,-2.0099998729030792,-2.6321787136458688,-0.6221788407427895,0.6221788407427895
O=C1CNC(=O)c2ccccc2N1,-2.849999838218068,-1.750498580419307,1.0995012577987608,1.0995012577987608
CC(C)(C)OC(N)=O,0.10000021527797731,-0.9608622113581322,-1.0608624266361095,1.0608624266361095
O=C1OCc2ccccc21,-0.8627207977748999,-1.789932317197415,-0.9272115194225152,0.9272115194225152
CC1CCC(C(C)C)C2(C1)OCC(CO)O2,-2.279385479627462,-3.4935648189489843,-1.214179339321522,1.214179339321522
CCCCCC(=O)CC,-1.6929998813402956,-2.369605149131422,-0.6766052677911263,0.6766052677911263
O=C(O)CNC(Cc1ccccc1)C(=O)O,-2.1599999988824194,-1.1225875165093726,1.0374124823730468,1.0374124823730468
CC12CCC(=O)C=C1CCC1C2CCC2(C)C(OC(=O)CCC(=O)O)CCC12,-5.079999911585057,-4.7626511950279795,0.31734871655707764,0.31734871655707764
CC(=O)C(N=Nc1ccc(Cl)cc1[N+](=O)[O-])C(=O)Nc1ccccc1Cl,-7.721758272833879,-7.289554601892423,0.4322036709414565,0.4322036709414565
FC(F)=C(F)OC(F)(F)C(F)(F)F,-4.95429659399009,-4.614317813029878,0.3399787809602124,0.3399787809602124
CCC(Br)(Br)C(=O)O,-0.8721997959871137,-0.3572500952497144,0.5149497007373993,0.5149497007373993
Cc1cc([N+](=O)[O-])ccc1N,-3.0361525424662195,-2.21519834143861,0.8209542010276096,0.8209542010276096
CCCCCCCC(=O)OCN1C(=O)NC(c2ccccc2)(c2ccccc2)C1=O,-6.520000182403721,-5.390327199106019,1.1296729832977022,1.1296729832977022
CCCC(C)(COC(N)=O)COC(N)=O,-1.739999839377944,-1.788391798827608,-0.04839195944966401,0.04839195944966401
CCN1c2nc(N(C)CCO)ccc2NC(=O)c2cccnc21,-3.3599998679951155,-3.3080760414030608,0.051923826592054745,0.051923826592054745
Nc1c2ccccc2nc2cccc(F)c12,-0.949999907429387,-2.469155541436901,-1.5191556340075139,1.5191556340075139
O=[N+]([O-])C12COP(=O)(OC1)OC2,-0.8099997622432866,-1.7972688616746455,-0.9872690994313589,0.9872690994313589
CCCC(C)=O,-0.18999984884709464,-0.7224143708700828,-0.5324145220229881,0.5324145220229881
COc1cccc(Cl)c1,-2.782999918593939,-2.7679797350880873,0.015020183505851659,0.015020183505851659
CC(C)(O)C(=O)c1ccc(C2(C)CC(C)(C)c3cc(C(=O)C(C)(C)O)ccc32)cc1,-5.882309497666267,-4.32094768381053,1.5613618138557364,1.5613618138557364
Cc1ccc(C)nc1,-0.029999880101426513,0.41178699937114027,0.4417868794725668,0.4417868794725668
CCCCOC(=O)CC,-1.938499930865937,-1.799886680096092,0.138613250769845,0.138613250769845
CCC1=C(C2(CC)C(=O)NC(=O)NC2=O)CCCC1,-3.529999921054208,-3.502914347917324,0.0270855731368842,0.0270855731368842
CCCC(c1cc(C(C)(C)C)c(O)cc1C)c1cc(C(C)(C)C)c(O)cc1C,-7.980671363630263,-6.53938495804143,1.4412864055888326,1.4412864055888326
O=C([O-])O,0.08504279088387845,0.28446931900820793,0.19942652812432948,0.19942652812432948
C[P+](c1ccccc1)(c1ccccc1)c1ccccc1,-0.018922944323827906,1.0129651489054896,1.0318880932293175,1.0318880932293175
O=C1CN(O)C(c2ccccc2Cl)=c2cc(Cl)ccc2=N1,-4.4653329440050324,-4.106839509063168,0.35849343494186403,0.35849343494186403
CCCCCC(C)C,-5.079999911585057,-5.277493786881321,-0.1974938752962636,0.1974938752962636
NC1C(O)C(O)C(O)C(O)C1O,-1.409999852079911,0.3639123647893232,1.7739122168692343,1.7739122168692343
ClCOCCl,-0.7180999256408525,-1.149683717718515,-0.4315837920776626,0.4315837920776626
C=CCc1ccc(OCC(=O)[O-])c(OC)c1,-2.278599899455277,-2.650727460274894,-0.37212756081961684,0.37212756081961684
C=C(Cl)C(Cl)CCl,-2.424454111065484,-2.4296425081975923,-0.005188397132108502,0.005188397132108502
CCCCCCCCCCCCCCCCCCCCO,-5.475024377336295,-6.245924283167518,-0.7708999058312234,0.7708999058312234
CC(C)CC=O,-0.7590831525380772,-1.1856434551372756,-0.4265603025991984,0.4265603025991984
CCCCCO[N+](=O)[O-],-2.5679999950986754,-3.1070351332574018,-0.5390351381587264,0.5390351381587264
CN(CCCl)CCCl,-1.1140998275823446,-1.1368012518992137,-0.022701424316869057,0.022701424316869057
CC(=O)OCCN(CCC#N)c1ccc(N=Nc2c(Cl)cc([N+](=O)[O-])cc2Cl)cc1,-7.051424499356823,-6.911299853895697,0.14012464546112646,0.14012464546112646
COc1cc(N=Nc2ccc(S(=O)(=O)[O-])cc2)c(C)cc1N/N=C1/C(=O)c2ccc(Nc3ccccc3)cc2C=C1S(=O)(=O)[O-],-2.0454014985013655,-1.4576751758001567,0.5877263227012088,0.5877263227012088
CC(C)CCOC(N)=O,-1.4402997959538326,-1.6396581387834137,-0.1993583428295811,0.1993583428295811
CCOC1=C(O)C(=O)O[C@@H]1[C@@H](O)CO,0.5809707267633009,-0.7379103762765449,-1.3188811030398457,1.3188811030398457
O=C1CCCCCCCCCCCN1,-2.819504189435662,-2.5391202446336365,0.28038394480202555,0.28038394480202555
Cc1cc(N)ccc1N=Nc1ccc(N)cc1,-7.532414886717538,-3.7570325218022544,3.7753823649152833,3.7753823649152833
FC(F)(F)N=C1SC(=Nc2ccccc2)N(c2ccccc2)C1=NC(F)(F)F,-5.420000224743612,-7.247379650633141,-1.8273794258895286,1.8273794258895286
O=C(O)COc1ccc(Cl)c(Cl)c1Cl,-3.099999849769948,-3.2872509204272515,-0.1872510706573034,0.1872510706573034
COc1ccc(COC(C)=O)cc1,-2.4740065662882635,-2.2092056269809515,0.2648009393073121,0.2648009393073121
CCCCCCCCN1CCCC1=O,-2.2577490019535684,-3.1022903718752577,-0.8445413699216893,0.8445413699216893
Nc1ccn(C2CC(F)C(CO)O2)c(=O)n1,-1.1799998107411929,-1.2798951323008734,-0.0998953215596805,0.0998953215596805
CC(=O)OC[C@H]1CCC=C(CCC=C(C)C)C1,-4.9756246505281245,-4.248043248925796,0.7275814016023281,0.7275814016023281
COc1ccc(S(=O)(=O)N=c2sc(S(N)(=O)=O)nn2C)cc1,-2.7599999161854036,-2.41329066692051,0.34670924926489377,0.34670924926489377
CCC1CN2CCC1CC2C(O)c1ccnc2ccccc12,-2.6300000450997323,-2.4078397080942016,0.22216033700553073,0.22216033700553073
S=C=Nc1cccc2ccccc12,-4.602200016305526,-4.597156236870933,0.005043779434592999,0.005043779434592999
BrCCCCBr,-2.790216612577756,-3.2850165062618513,-0.49479989368409516,0.49479989368409516
C/C=C/C(O)CC,-0.41979975116276647,-0.4770596636832467,-0.05725991252048024,0.05725991252048024
O=C(O)Cc1cccc2ccccc12,-2.646799956241342,-3.031575785716568,-0.38477582947522615,0.38477582947522615
CCC(CC)CC1(CCO)C(=O)NC(=S)NC1=O,-3.140000048996734,-2.7475650716431637,0.39243497735357025,0.39243497735357025
Cc1c(F)c(F)c(COC(=O)C2C(/C=C(\Cl)C(F)(F)F)C2(C)C)c(F)c1F,-7.320900237655033,-6.665071160299254,0.6558290773557793,0.6558290773557793
Nc1nc2c(ncn2COCCO)c(=O)[nH]1,-2.119999799655634,-2.252904947461284,-0.13290514780565,0.13290514780565
CC(C)(C)c1ccc(OP(=O)(Oc2ccccc2)Oc2ccccc2)cc1,-5.077400312716054,-6.732223737688548,-1.654823424972494,1.654823424972494
COP(=S)(OC)SCc1nc(N)nc(N)n1,-3.06899995416965,-3.054585441382293,0.014414512787357392,0.014414512787357392
CCOC(=O)C(=Cc1ccc(C=C(C(=O)OCC)C(=O)OCC)cc1)C(=O)OCC,-5.621635459520898,-4.371329025149275,1.2503064343716233,1.2503064343716233
CN1C(=O)CCC(N2C(=O)c3ccccc3C2=O)C1=O,-2.98999994889744,-3.464208047474533,-0.4742080985770931,0.4742080985770931
COc1ccc(C(=O)Cc2c(CCN(C)C)cc3c(c2OC)OCO3)c(C(=O)O)c1OC,-2.5350000032702176,-2.659680368910321,-0.12468036564010321,0.12468036564010321
CC(C)(O)[C@@H]1C2OC(=O)C1[C@]1(O)C[C@H]3O[C@]34C(=O)O[C@H]2[C@]14C,-2.167199965729785,-1.9555041563446944,0.2116958093850907,0.2116958093850907
Cc1ccc(C(N)=O)cc1N,-0.5767316576985899,-1.08725635364989,-0.5105246959513001,0.5105246959513001
CC(C)CC(O)CC(C)C,-2.1589997868613815,-2.224758085394604,-0.06575829853322235,0.06575829853322235
CCOP(=O)(OCC)SCC(=O)NC(C)(C)C#N,-0.6236997315194635,-1.4550973851833193,-0.8313976536638559,0.8313976536638559
CC(C)(S)[C@@H](N)C(=O)O,-0.1284997495762803,-0.4897506861749856,-0.36125093659870533,0.36125093659870533
CC1(C)[C@@H]2CC[C@]1(C)[C@H](O)C2,-2.420558370475158,-3.2573712339949994,-0.8368128635198415,0.8368128635198415
Clc1nc2ccccc2s1,-2.732588219961138,-3.2799888414692857,-0.5474006215081477,0.5474006215081477
Clc1ccccc1-c1ccc(Cl)c(Cl)c1Cl,-6.829899862549925,-6.881518063051097,-0.05161820050117161,0.05161820050117161
O=C1CNC(=O)CN1,-0.831199729806571,0.22186969735285045,1.0530694271594214,1.0530694271594214
O=C(c1ccc(Oc2ccccc2)cc1)c1ccc(C(=O)c2ccc(Oc3ccccc3)cc2)cc1,-7.973612115220137,-6.298156427375249,1.675455687844888,1.675455687844888
COc1ccc(OC)c(Cl)c1,-2.672402309430448,-3.043694151801934,-0.37129184237148616,0.37129184237148616
CNC(=O)C=C(C)OP(=O)(OC)OC,0.6510003371156143,0.16934742057515928,-0.48165291654045506,0.48165291654045506
CC(C)(C)n1cc(C(=O)O)c(=O)c2cc(F)c(N3CCNCC3)cc21,-3.4300000441083496,-4.080061045806476,-0.6500610016981261,0.6500610016981261
C=COC=C,-1.260999938121609,-0.13286140000956648,1.1281385381120426,1.1281385381120426
CCC(=O)N(c1ccccc1)C1(COC)CCN(CCc2cccs2)CC1,-3.706399902469402,-3.4665360783932995,0.23986382407610263,0.23986382407610263
CCc1nccnc1C,0.4445109718814346,0.2931109079426131,-0.15140006393882155,0.15140006393882155
COC(=O)Nc1nc2ccccc2[nH]1,-4.520000020975219,-4.805912694142034,-0.28591267316681446,0.28591267316681446
O=c1ccc2ccccc2o1,-1.8860301733284315,-2.9024060774958023,-1.0163759041673708,1.0163759041673708
CC1(C)CC(O)CC(C)(C)N1[O],0.5627039691164017,-0.1959982224081629,-0.7587021915245646,0.7587021915245646
NS(=O)(=O)c1nnc(NS(=O)(=O)c2ccccc2C(=O)O)s1,-2.3199998296011755,-1.9030246679098612,0.4169751616913142,0.4169751616913142
CC1(C)CC(=O)CC(C)(C#N)C1,-1.5404976725055943,-1.405634612946901,0.13486305955869327,0.13486305955869327
Sc1cnc2ncncc2n1,-2.7099999604591103,-2.3209766460605543,0.389023314398556,0.389023314398556
NC(=O)N=C(N)N,-0.7813997578230474,-0.4067956836336002,0.3746040741894472,0.3746040741894472
CC1(C)OC(=O)c2ccccc21,-1.86839985777482,-3.230912682614628,-1.362512824839808,1.362512824839808
ICC1CCC(CI)CC1,-5.748197580565103,-4.864677238035085,0.8835203425300175,0.8835203425300175
O=S(=O)([O-])CCCSSCCCS(=O)(=O)[O-],0.22865289193808547,0.9270696210213591,0.6984167290832737,0.6984167290832737
CCN(CC)C(=S)[S-],-5.533333294391364,-2.8503865982534227,2.682946696137941,2.682946696137941
CCCCC(CC)COC(=O)OCC(CC)CCCC,-6.979937048755257,-6.732046235079142,0.24789081367611487,0.24789081367611487
O=C1CC(c2ccccc2)CC(=O)C1[N+](=O)[O-],-1.6687998988350028,-2.990736296595292,-1.3219363977602892,1.3219363977602892
CCOc1ccc(NC(N)=O)cc1,-2.172999994617669,-1.8681004083882689,0.30489958622940017,0.30489958622940017
Clc1cc(Cl)c(Oc2ccc(Cl)c(Cl)c2Cl)c(Cl)c1,-8.100000598408485,-8.439544594594492,-0.3395439961860074,0.3395439961860074
COC(=O)c1cc(C(=O)O)cc([N+](=O)[O-])c1,-2.0737298659579113,-2.837445850570341,-0.7637159846124297,0.7637159846124297
CCCCCCCCCCNC(=O)NC1CCCCC1,-2.8099998719116965,-5.121499911242479,-2.3115000393307823,2.3115000393307823
C=CC(=O)OCCC(F)(F)C(F)(F)C(F)(F)C(F)(F)C(F)(F)C(F)(F)F,-6.354159466830997,-5.933064201803177,0.42109526502782035,0.42109526502782035
FC(F)(F)C(Cl)Br,-1.7042998686084063,-3.21033694176288,-1.5060370731544737,1.5060370731544737
CC(C(=O)O)S(=O)(=O)c1ccccc1,-0.8899998846430335,-1.3442773715304681,-0.45427748688743463,0.45427748688743463
Fc1ccccc1Br,-2.6957999932537855,-2.9412171058584113,-0.24541711260462584,0.24541711260462584
CCCC(=O)CC,-0.8333998787909564,-1.0413970500166936,-0.20799717122573713,0.20799717122573713
O=[N+]([O-])c1cc([N+](=O)[O-])c(O)c([N+](=O)[O-])c1O,-3.5099999594677276,-2.089541814966962,1.4204581445007656,1.4204581445007656
CCC(C)C(C)=O,-0.6804998763945864,-1.4602341947569013,-0.7797343183623149,0.7797343183623149
CCCCCCCCOP(=O)(Oc1ccccc1)Oc1ccccc1,-6.413099995037417,-5.967423241118304,0.44567675391911266,0.44567675391911266
CCCCC(C)(C)CCC,-4.810800089084827,-5.420991810082622,-0.6101917209977952,0.6101917209977952
CCS(=O)(=O)C(C)(C)S(=O)(=O)CC,-1.9269999426016926,-1.1365307191508198,0.7904692234508728,0.7904692234508728
N#CN,0.33920941221507794,0.16644057379905108,-0.17276883841602686,0.17276883841602686
CCCCCCCCCCCCCCCCCCn1c(=O)c2ccc3sc4ccccc4c4ccc(c1=O)c2c34,-7.966789720991768,-6.698035575691028,1.2687541453007398,1.2687541453007398
O=C(O)[C@@H](O)[C@H](O)C(=O)O,0.8236002305908072,0.8485612934913265,0.02496106290051925,0.02496106290051925
CC(=O)OCn1cc(F)c(=O)[nH]c1=O,-0.6699998931110116,-1.3933765808795042,-0.7233766877684926,0.7233766877684926
COc1cc([N+](=O)[O-])c2c(c1OC)C(=O)OC2,-3.209999983562872,-3.3484293479786107,-0.13842936441573883,0.13842936441573883
CC(=O)CC(=O)Nc1ccccc1,-1.2990810111577487,-2.0615801850167843,-0.7624991738590357,0.7624991738590357
O=C1CN(N=Cc2ccc([N+](=O)[O-])o2)C(=O)N1,-3.3800000711286926,-4.113788197916426,-0.7337881267877333,0.7337881267877333
CC1(N)CN(c2c(F)cc3c(=O)c(C(=O)O)cn(C4CC4)c3c2F)C1,-5.639999940221808,-4.598649826090508,1.0413501141313004,1.0413501141313004
CCC(C)(O)C(C)C,-0.8503998254354279,-0.503619906391362,0.3467799190440659,0.3467799190440659
Oc1cccc(N=C=S)c1,-1.9899999113165987,-2.2118397325780665,-0.22183982126146784,0.22183982126146784
CC(=O)Nc1ccccc1O,-2.129999987489243,-1.084473040960421,1.045526946528822,1.045526946528822
CCCN(CCC)Cc1cccc(C(=O)OCCOCn2cnc3c(=O)[nH]c(N)nc32)c1,-0.3499998175927628,-3.9002050775440087,-3.550205259951246,3.550205259951246
COC(=O)C1(S(=O)(=O)c2ccc(Br)cc2)CCCC1,-4.010399829283481,-3.5201931089249356,0.49020672035854496,0.49020672035854496
CC1CCC(C)C(=NO)C1=NO,-1.319999955927293,-1.6147064617129412,-0.29470650578564817,0.29470650578564817
Cc1c2ccccc2cc2c1c(F)cc1ccccc12,-7.309999976325365,-7.014510857946149,0.29548911837921565,0.29548911837921565
O=c1c2ccccc2[nH]c2cc3c(=O)c4c(Cl)c(Cl)ccc4[nH]c3cc12,-7.0666259553321265,-7.179407469437745,-0.11278151410561854,0.11278151410561854
Brc1ccccn1,-0.8805998378247386,-0.22684944577039312,0.6537503920543455,0.6537503920543455
CCCCCCCCCCCCNc1nc(Cl)nc(Nc2ccc3c(O)c(N=Nc4ccc(N=Nc5ccc(S(=O)(=O)[O-])cc5)cc4)c(S(=O)(=O)[O-])cc3c2)n1,-3.3589112497366553,-2.0744186202510155,1.2844926294856398,1.2844926294856398
CN(c1ccc2c(c1)C=C(S(=O)(=O)[O-])/C(=N/Nc1ccccc1S(=O)(=O)[O-])C2=O)c1nc(Cl)nc(Nc2cccc(S(=O)(=O)[O-])c2)n1,-0.7520299773120982,-0.055035477534665755,0.6969944997774324,0.6969944997774324
CCCCCCCCCCCCCCCCCC(=O)O,-4.970209578699052,-5.883153394208959,-0.912943815509907,0.912943815509907
Nc1ccc(S(=O)(=O)Nc2ccc(Cl)c(Cl)c2)cc1,-4.940000042452782,-4.629925344181597,0.31007469827118506,0.31007469827118506
CCOC(=O)C(C)(C)NC(=O)c1ccccc1,-1.1899998605478892,-2.3204463466629375,-1.1304464861150483,1.1304464861150483
C=C(Br)C(=O)Nc1ccc(N=Nc2c(N)ccc3cc(S(=O)(=O)[O-])ccc23)c(S(=O)(=O)c2ccc(C)c(S(=O)(=O)[O-])c2)c1,-1.8948360833021032,-0.6883090250200312,1.206527058282072,1.206527058282072
CCCCCCCCCCCC(=O)OCCCCCC,-6.7550878957351905,-6.7653860836727695,-0.010298187937578973,0.010298187937578973
CC(C)(N=NC(C)(C)C(=N)N)C(=N)N,-0.1451391699254434,-0.5098879845393496,-0.3647488146139062,0.3647488146139062
S=c1[nH]nc(SSc2n[nH]c(=S)s2)s1,-3.252213202783629,-2.209806458130828,1.042406744652801,1.042406744652801
CC(=O)O,1.0017181639717578,0.5941854233608592,-0.4075327406108986,0.4075327406108986
c1ccc2cc3c(cc4c5c(cccc53)CC4)cc2c1,-2.969999970057595,-6.814496335174802,-3.8444963651172066,3.8444963651172066
CC(F)F,-1.3147227729837538,-1.142573261323871,0.1721495116598828,0.1721495116598828
O=C(O)COc1ccccc1[N+](=O)[O-],-2.015999902787097,-2.3025703432051725,-0.28657044041807556,0.28657044041807556
CCCCCCCCCCCCCCCCCO,-7.505999848321316,-5.9738412164932075,1.5321586318281089,1.5321586318281089
CCCCOC(=O)N(C)SN(C)C(=O)Oc1cccc2c1OC(C)(C)C2,-4.541200126565416,-4.094261116531985,0.4469390100334305,0.4469390100334305
O=C1CCC2CCCCC2O1,-0.5865600020262036,-1.5552549578766468,-0.9686949558504432,0.9686949558504432
Nc1ccccc1S(=O)(=O)O,-1.7471685431296402,-0.8804662277734914,0.8667023153561488,0.8667023153561488
C#CC1(O)CCC2C3CCC4=CC(=O)CCC4(O)C3CCC21C,-4.5700001319817884,-3.7845985666213626,0.7854015653604258,0.7854015653604258
CCCCCCCCCCCCCO,-3.301824043390373,-5.226535355021641,-1.9247113116312677,1.9247113116312677
CC#N,0.26000018402364544,0.5737839414860741,0.3137837574624287,0.3137837574624287
Nc1ccc(N=Nc2ccc(N=Nc3c(S(=O)(=O)[O-])cc4c(c3N)C(=O)/C(=N\Nc3ccc(N=Nc5ccc(N)cc5N)cc3)C(S(=O)(=O)[O-])=C4)cc2)c(N)c1,-1.5687181029166077,-2.5080286819101105,-0.9393105789935028,0.9393105789935028
OCC(Br)CBr,-0.622199793061915,0.003482412265845003,0.62568220532776,0.62568220532776
CCCN(CCC)c1c([N+](=O)[O-])cc(C(F)(F)F)c(N)c1[N+](=O)[O-],-7.070000161233775,-5.337999264221051,1.7320008970127239,1.7320008970127239
C=C(Br)C(=O)Nc1ccc(S(=O)(=O)[O-])c(N=NC2C(=O)N(c3cc(Cl)c(S(=O)(=O)[O-])cc3Cl)N=C2C)c1,-0.5501697586675247,-0.6637692202562966,-0.11359946158877188,0.11359946158877188
O=S(=O)(O)c1ncc[nH]1,-0.29999984461310536,-0.28180403279920396,0.018195811813901397,0.018195811813901397
Nc1cccc(S(=O)(=O)Nc2nnc(S(N)(=O)=O)s2)c1,-1.5399998094324026,-1.935613788126696,-0.3956139786942934,0.3956139786942934
Nc1c2ccccc2nc2ccc(F)cc12,-2.400000021014378,-2.574468108749525,-0.17446808773514677,0.17446808773514677
Clc1cccc(-c2cccc(Cl)c2Cl)c1Cl,-7.2721999260829655,-6.656850277393984,0.6153496486889818,0.6153496486889818
CCCCCCCCSCc1cc(C)c(O)c(CSCCCCCCCC)c1,-7.327113657145691,-6.531734402338386,0.7953792548073055,0.7953792548073055
CCCCCCOC(CO)CO,-1.0558120286448807,-1.538103733736135,-0.4822917050912543,0.4822917050912543
CCOP(=S)(OCC)OC(Cl)C(Cl)(Cl)Cl,-5.526299995040777,-5.055510072563628,0.4707899224771488,0.4707899224771488
CN(C)CC1CC2C3CC=C4CC(O)CCC4(C)C3CCC2(C)C1=O,-1.4899998364527451,-3.6276930922392725,-2.1376932557865276,2.1376932557865276
CC(=O)Oc1ccccc1,-1.373594977868513,-1.8636498686233673,-0.4900548907548543,0.4900548907548543
CC1(C)C(=O)N(Cl)C(=O)N1Cl,-2.595499925026722,-3.1257535839752792,-0.5302536589485571,0.5302536589485571
CCC1(c2ccccc2)C(=O)NC(=O)N(C)C1=O,-3.6800000470335483,-2.821003049557957,0.8589969974755913,0.8589969974755913
CCN(CCOc1ccc(C2CCCCC2)cc1)c1ccc(C=C(C#N)C#N)c(C)c1,-8.386095605126641,-6.046617010295542,2.3394785948310997,2.3394785948310997
CC(=O)OC[C@H]([C@@H](OC(C)=O)c1ccccc1)[N+](=O)[O-],-3.9719998450661347,-3.0568694072092613,0.9151304378568734,0.9151304378568734
CCN(CC)NC(=O)Nc1c(C)cccc1C,-1.0899999145885748,-2.7295752304893592,-1.6395753159007844,1.6395753159007844
CCNc1nc(NCC)nc(SC)n1,-2.729999939298955,-3.106576659614349,-0.376576720315394,0.376576720315394
Fc1cccc(F)c1C1SCc2nc3ccccc3n21,-3.7599999623929263,-4.67357055811225,-0.9135705957193241,0.9135705957193241
C[N+](C)(C)C,1.0002070453343017,1.0581822133150758,0.05797516798077407,0.05797516798077407
Nc1nc(=O)n(-c2ccccc2)[nH]1,-2.4699999555805157,-2.90872439743992,-0.4387244418594043,0.4387244418594043
COC(=O)c1cc(N=NC(C(C)=O)C(=O)Nc2ccc3[nH]c(=O)[nH]c3c2)cc(C(=O)OC)c1,-6.377738604284109,-6.765784705395913,-0.3880461011118044,0.3880461011118044
CCCCCCCC(C)=O,-2.930311379525679,-3.2247155848063658,-0.2944042052806868,0.2944042052806868
CCc1cccs1,-2.584599905244151,-2.180608659152786,0.40399124609136505,0.40399124609136505
CN(C)P(=O)(F)N(C)C,0.8121001042996503,1.1913464376353864,0.3792463333357361,0.3792463333357361
CC1(C)OC(c2ccco2)CN1C(=O)C(Cl)Cl,-3.149800011540476,-2.6956573596931372,0.4541426518473388,0.4541426518473388
COc1ccc(OC)cc1,-2.245531480784974,-1.9352667884688073,0.31026469231616693,0.31026469231616693
O=C1CCC(=O)O1,-0.20166615954083644,0.99453469134043,1.1962008508812665,1.1962008508812665
FC(F)(F)c1nc2ncncc2[nH]1,-0.45049969702895565,-2.8966499756728044,-2.4461502786438487,2.4461502786438487
O=C(Oc1ccccc1)n1c(=O)[nH]cc(F)c1=O,-3.219999964356112,-3.3253538362222854,-0.10535387186617351,0.10535387186617351
NC(=S)NC(N)=S,-1.6995999142127152,-0.7904558415755272,0.909144072637188,0.909144072637188
C=C(C)C(=O)OCC(F)(F)C(F)(F)C(F)(F)C(F)F,-4.045967570270895,-4.922567243410881,-0.8765996731399861,0.8765996731399861
Cc1nnc(-c2ccccc2)c(=O)n1N,-2.0505999370913544,-2.575624843289277,-0.5250249061979226,0.5250249061979226
N#CCCCCCCC#N,-1.0810920717400618,-1.1287228127675872,-0.0476307410275254,0.0476307410275254
CCN(C=O)CC,0.9950003941430219,0.48916350621911775,-0.5058368879239041,0.5058368879239041
CC/C=C/CCOC(=O)c1ccccc1O,-4.643981452837425,-3.7371291790544863,0.9068522737829383,0.9068522737829383
Nc1c(Cl)cc(C(F)(F)F)cc1Cl,-3.591642809165948,-4.4247577246609975,-0.8331149154950497,0.8331149154950497
CC1CC(C)(c2ccccc2)CO1,-2.433237936733164,-2.6831554685781764,-0.24991753184501242,0.24991753184501242
C[C@H](CCC(=O)O)[C@H]1CC[C@H]2[C@@H]3CC[C@@H]4C[C@H](O)CC[C@]4(C)[C@H]3CC[C@]12C,-6.00000007693993,-5.120919922156382,0.8790801547835478,0.8790801547835478
CCCCCCCCCCCCCCCCCCO,-5.432168953398656,-6.079551059766579,-0.6473821063679228,0.6473821063679228
CCOCCOC(C)(C)C,-0.6879149581849986,-1.3500025898318064,-0.6620876316468078,0.6620876316468078
ClCCBr,-1.3176998754582967,-1.687562863232144,-0.3698629877738473,0.3698629877738473
CC12C=CC(=O)C=C1CCC1C2C(O)CC2(C)C1CCC2(O)C(=O)CO,-3.180000023929787,-3.743911269424422,-0.5639112454946349,0.5639112454946349
CCCCCC(=O)OCN1C(=O)NC(c2ccccc2)(c2ccccc2)C1=O,-5.886000337305067,-5.007613491702733,0.8783868456023338,0.8783868456023338
CCCCNC(=O)Nc1c(C)n(C)n(-c2ccccc2)c1=O,-1.629999843611933,-2.883011553707401,-1.253011710095468,1.253011710095468
CC1COC(Cn2cncn2)(c2ccc(Oc3ccc(Cl)cc3)cc2Cl)O1,-4.909999893032692,-4.248348978536863,0.6616509144958291,0.6616509144958291
O=C1NC(=O)C(c2ccccc2)(c2ccccc2)N1,-3.9900000037316445,-3.730026176113114,0.2599738276185306,0.2599738276185306
O=[N+]([O-])c1ccc(NS(=O)(=O)c2ccccc2)cc1,-3.930000049958747,-4.284182973438385,-0.3541829234796383,0.3541829234796383
Cc1ccc(NS(=O)(=O)c2ccc(N)cc2)c(Cl)c1,-4.32000012905659,-4.360539323376477,-0.04053919431988717,0.04053919431988717
CCc1cc(Cc2cc(CC)c(N)c(CC)c2Cl)c(Cl)c(CC)c1N,-7.2780384644794225,-5.045275100951949,2.2327633635274733,2.2327633635274733
CCCCC(CC)COC(=O)[C@H](C)O,-2.673525727724208,-2.8089256429588594,-0.13539991523465122,0.13539991523465122
ClCCOCCOCCCl,-0.9954999270094871,-1.647067147389678,-0.651567220380191,0.651567220380191
Clc1cc(Cl)cc(C2(CC(Cl)(Cl)Cl)CO2)c1,-5.249999930137422,-6.0906622262184635,-0.8406622960810415,0.8406622960810415
CC12CCC(=O)C=C1CCC1C2CCC2(C)C(OC(=O)CCc3ccccc3)CCC12,-5.270000029750815,-5.588391401604508,-0.3183913718536937,0.3183913718536937
Cc1ccc(S(=O)(=O)Oc2ccc(Nc3cc(S(=O)(=O)[O-])c(N)c4c3C(=O)c3ccccc3C4=O)cc2)cc1,-2.6221985052078365,-2.519344128192415,0.10285437701542133,0.10285437701542133
CCN1c2ccccc2C(=O)N(C)c2ccccc21,-4.749000057333268,-4.092205895805668,0.6567941615275998,0.6567941615275998
C#CC1(OC(C)=O)CCC2C3CCC4=CC(=O)CCC4C3CCC21C,-4.789999985486898,-5.247409164990815,-0.4574091795039168,0.4574091795039168
CCC(CC)(C(=O)NC(N)=O)C(=O)OC,-1.959999899923422,-1.5123074699884065,0.44769242993501557,0.44769242993501557
CCC(CC)(C(N)=O)C(N)=O,-1.19919990637005,-0.7344290614908378,0.4647708448792123,0.4647708448792123
CNc1cccc(C)c1,-2.049999865089496,-1.5154952015313417,0.5345046635581545,0.5345046635581545
C=CC(C)(O)CCCC(C)CCCC(C)CCCC(C)C,-4.708653962663893,-5.670475730382186,-0.9618217677182939,0.9618217677182939
COc1ccc2cc(C(C)C(=O)OCCOC(=O)C(N)CC(C)C)ccc2c1,-3.819999916165824,-4.490474270053205,-0.6704743538873816,0.6704743538873816
Cc1cc(C)c(C)cn1,-0.7823997628037169,0.09397754898031829,0.8763773117840352,0.8763773117840352
CC(=O)Oc1c([N+](=O)[O-])cc([N+](=O)[O-])c(C)c1C(C)(C)C,-4.4717002635030685,-4.20961586636633,0.26208439713673837,0.26208439713673837
O=S(=O)(c1ccccc1)c1ccccc1,-4.192880103232279,-3.739292474853249,0.4535876283790303,0.4535876283790303
O=c1oc(-c2ccccc2)nc2ccccc12,-4.6083999091587655,-4.920485245463549,-0.31208533630478374,0.31208533630478374
CCc1nnc(NS(=O)(=O)c2ccc(N)cc2)s1,-3.1199998286097927,-3.025927086084817,0.09407274252497588,0.09407274252497588
CCOC(=S)SC(CC(=O)O)C(=O)O,-1.1899998605478892,-1.3832027551900385,-0.19320289464214935,0.19320289464214935
c1ccc(-c2cnc(-c3ccccc3)o2)cc1,-5.553210273998854,-4.4992421536124985,1.0539681203863553,1.0539681203863553
NS(=O)(=O)c1cc(C(=O)O)c(NCc2ccco2)cc1Cl,-3.8299998969590643,-2.7454499472368443,1.08454994972222,1.08454994972222
COc1ccccc1NC(=O)c1cc2ccccc2cc1[O-],-5.17651039917083,-4.79154133201818,0.38496906715265045,0.38496906715265045
NC1CONC1=O,-0.009999780488033405,0.03741053156031615,0.04741031204834956,0.04741031204834956
C=C(C)C(=O)O,0.056273565468980546,-0.08386046582219198,-0.14013403129117252,0.14013403129117252
CC(=O)Nc1ccc(/C=N/NC(N)=S)cc1,-3.4289998665940393,-2.906975665472688,0.5220242011213512,0.5220242011213512
CC(C)CC(NC(=O)CC(O)C(CC(C)C)NC(=O)C(Cc1c[nH]cn1)NC(=O)C(Cc1ccccc1)NC(=O)OC(C)(C)C)C(=O)NCc1ccccn1,-3.4200000288083814,-3.76792022268289,-0.3479201938745087,0.3479201938745087
CCCCCCCCCCCCCCCCO,-6.769700252848175,-5.852924396168035,0.9167758566801396,0.9167758566801396
COC(C)(C)CCCC(C)CC=CC(C)=CC(=O)OC(C)C,-5.190000045377981,-4.836653910055045,0.35334613532293613,0.35334613532293613
CC(=O)Oc1ccccc1C(=O)OCN1C(=O)CCC1=O,-2.7699999142320078,-2.4391318584282393,0.33086805580376843,0.33086805580376843
CC(=O)Nc1ccc(S(=O)(=O)Nc2ccccn2)cc1,-3.716200089306877,-3.5431319395312117,0.17306814977566543,0.17306814977566543
CCC#CCC,-2.1674998982105294,-2.2946676123330896,-0.12716771412256023,0.12716771412256023
CNC(=O)/C(C#N)=c1\[nH]c(=C2C(=O)NC(=O)NC2=O)c2ccccc12,-7.528009895833744,-5.283547095153542,2.2444628006802017,2.2444628006802017
C[N+](C)(C)c1ccc2c(c1)/C(=N/Nc1ccc(N)c([N+](=O)[O-])c1)C(=O)C=C2,-1.397242300616373,-2.560520799807432,-1.1632784991910592,1.1632784991910592
CC(C)c1ccccc1OP(=O)(Oc1ccccc1)Oc1ccccc1,-5.223899869155401,-5.974362130060777,-0.7504622609053762,0.7504622609053762
CCCCCCCCCCC(C)CCCCCCCC,-6.451104877217887,-7.2117206738566,-0.7606157966387137,0.7606157966387137
Nc1ccc(Nc2ccccc2)cc1,-2.563130302107404,-2.961174762196227,-0.3980444600888231,0.3980444600888231
CNC1=C(c2cccc(C(F)(F)F)c2)C(=O)C(c2ccccc2)O1,-3.9788000169616007,-4.905163430020593,-0.9263634130589926,0.9263634130589926
CCCC(C)CC,-4.306300129834872,-4.535293816954948,-0.2289936871200764,0.2289936871200764
CCOCCOCCOCC,0.7899004078095215,0.13436229118517806,-0.6555381166243435,0.6555381166243435
CC(=O)CC(=O)CC(C)C,-1.599999832218756,-1.017953593018516,0.5820462392002401,0.5820462392002401
COc1ccccc1O,-0.8220997534959333,-1.029495127383407,-0.20739537388747364,0.20739537388747364
Clc1cccc(-c2c(Cl)cc(Cl)c(Cl)c2Cl)c1Cl,-8.4799997305247,-8.18737494663256,0.2926247838921405,0.2926247838921405
CC(CC(C)O[N+](=O)O)O[N+](=O)O,-2.219999952655317,-1.9309831232410526,0.2890168294142643,0.2890168294142643
CN(C)CCC=C1c2ccccc2CCc2ccccc21,-4.550000170395308,-4.074945768431236,0.4750544019640728,0.4750544019640728
CC(C)Cl,-1.4036998897151487,-2.0999905902660196,-0.696290700550871,0.696290700550871
CC1c2nc3ccccc3c(=O)n2C(C)CN1C,-2.0899997882624572,-2.341544277831196,-0.25154448956873887,0.25154448956873887
CC1(C(=O)O)CCOC1=O,0.8412003182505932,-0.3067300368639616,-1.1479303551145548,1.1479303551145548
Cc1cc(C)c(S(=O)(=O)O)c(C)c1Nc1ccc(Nc2c(C)cc(C)c(S(=O)(=O)O)c2C)c2c1C(=O)c1ccccc1C2=O,-2.820609267403431,-3.038955273816933,-0.2183460064135021,0.2183460064135021
CC1CCCC(OC2CCCC(C)O2)O1,-1.1082997986944605,-0.9133073851324518,0.1949924135620087,0.1949924135620087
COc1ccc2cc(C(C)C(=O)OC(C)(C)C)ccc2c1,-6.5000000827903275,-6.245736842620417,0.25426324016991053,0.25426324016991053
O=[N+]([O-])c1ccc(CCc2ccc([N+](=O)[O-])cc2)cc1,-4.589885669257852,-4.007607544844703,0.5822781244131487,0.5822781244131487
CC(C)CC(NC(=O)CN)C(=O)O,-0.4299999399925092,-0.8905526824273786,-0.46055274243486943,0.46055274243486943
NC(=O)NN=CCOC1CCCCC1,-1.739999839377944,-1.5120786213675714,0.22792121801037246,0.22792121801037246
O=C(O)CCCCCCC(=O)O,-1.1672998165001447,-1.314616354234258,-0.14731653773411324,0.14731653773411324
CCc1cccc(C)c1N(C(=O)CCl)C(C)COC,-2.728699846557264,-3.544473423093272,-0.8157735765360079,0.8157735765360079
CN(C)S(=O)(=O)Nc1nnc(S(N)(=O)=O)s1,-2.6799999835726616,-1.303292764364119,1.3767072192085426,1.3767072192085426
C=Cc1ccc(C(C)(C)C)cc1,-4.5633512375823635,-5.103194368033183,-0.5398431304508193,0.5398431304508193
COC(=O)c1ccc(OC)cc1,-2.3399998256943837,-2.551074962560934,-0.21107513686655022,0.21107513686655022
COc1cc2c(c3c1c(=O)c1cccnc1n3C)C=CC(C)(C)O2,-3.960000061351924,-4.018181510553348,-0.05818144920142432,0.05818144920142432
NC1CCC(CC2CCC(N)CC2)CC1,-1.6240034024276386,-0.6174766501449329,1.0065267522827057,1.0065267522827057
O=C(c1ccccc1)C(F)(F)F,-1.1599998491547125,-3.039444492954733,-1.8794446438000205,1.8794446438000205
CNC=O,1.2286482107238572,0.9573176667762007,-0.27133054394765654,0.27133054394765654
CC(C=O)Cc1ccc2c(c1)OCO2,-2.3134380991969596,-2.8413897970598385,-0.5279516978628789,0.5279516978628789
CCCCCCCCCCCCN(CCCN)CCCN,-0.19771113639161486,-2.606020060239514,-2.408308923847899,2.408308923847899
C=CCCCCCC,-4.437300230194945,-4.593134960803738,-0.1558347306087926,0.1558347306087926
CCC1(C(C)C)C(=O)NC(=O)NC1=O,-2.1479998701009277,-2.068314518075014,0.07968535202591376,0.07968535202591376
CCCCN(CCCC)C(=S)SCSC(=S)N(CCCC)CCCC,-6.240523566137339,-6.952600542691547,-0.7120769765542079,0.7120769765542079
COC(=O)c1ccccc1S(=O)(=O)NC(=O)Nc1nc(OC(F)F)cc(OC(F)F)n1,-5.151999994139446,-4.80076787900753,0.351232115131916,0.351232115131916
CC1=C[C@H]2C(=O)O[C@H]3CC(C/C=C(\C)C[C@@H](C)/C=C/C=C4\CO[C@H]([C@@H]1O)[C@@]42O)O[C@@]1(CC[C@H](C)C(C)O1)C3,-5.77869987189267,-3.8144684186361033,1.9642314532565663,1.9642314532565663
COc1cc2c(cc1OC)C13CCN4CC5=CCOC6CC(=O)N2C1C6C5CC43,-2.7899998930718524,-2.6164886424005074,0.17351125067134499,0.17351125067134499
CCC(C)OP(=S)([S-])OC(C)CC(C)C,-2.990876851125572,-2.704639840594555,0.2862370105310168,0.2862370105310168
Brc1ccc(-c2ccccc2)cc1,-5.552599918992019,-5.023695559379439,0.5289043596125804,0.5289043596125804
N#Cc1ccccc1O,-0.7749653572455628,-0.6806888352377247,0.09427652200783809,0.09427652200783809
Cc1ccc2c(ccc3ccccc32)c1,-5.8367001607715085,-5.874732648334468,-0.03803248756295918,0.03803248756295918
S=C=Nc1cccc(Cl)c1,-3.950700015031696,-4.224847412208546,-0.27414739717684977,0.27414739717684977
CCCCCCCCCCN1CCCCC1,-1.5299998976526186,-3.7894031454166877,-2.259403247764069,2.259403247764069
CC(C)(C)COC(N)=O,-0.7999998504635029,-1.4589007167557626,-0.6589008662922597,0.6589008662922597
CCCCCCOC(=O)c1ccccc1O,-5.04587841658625,-4.195238431058328,0.8506399855279216,0.8506399855279216
C/C(I)=C/C(=O)O,-1.1599998491547125,-1.1131293603609382,0.04687048879377431,0.04687048879377431
Cc1cc[n+]([O-])cc1,0.9621002992924468,0.20954030537171908,-0.7525599939207277,0.7525599939207277
O=C(O)C(F)(F)F,0.9430114533550209,0.5399201427328024,-0.4030913106222185,0.4030913106222185
CN1CCCC(CN2c3ccccc3Sc3ccccc32)C1,-4.739999736453416,-4.058408073916545,0.6815916625368708,0.6815916625368708
Clc1ccc(-c2c(Cl)cccc2Cl)c(Cl)c1Cl,-6.779799958085658,-7.48309152166269,-0.7032915635770323,0.7032915635770323
[NH3+]CCCCCCCCCCCC(=O)[O-],-3.1963979834489904,-2.450022457874036,0.7463755255749542,0.7463755255749542
CCC(C)C1CCCCC1=O,-2.427057643701492,-2.555234507087672,-0.12817686338617973,0.12817686338617973
Cn1nc(S(N)(=O)=O)sc1=NS(=O)(=O)c1ccc([N+](=O)[O-])cc1,-2.6999999796658702,-2.262029354535424,0.43797062513044605,0.43797062513044605
CC(C)OP(=O)(OC(C)C)SCc1ccccc1,-2.8578998387452885,-3.640046983997363,-0.7821471452520745,0.7821471452520745
O=S(=O)(NS(=O)(=O)c1ccc(Cl)cc1)c1ccc(Cl)cc1,-2.479999936373756,-3.1780937514953624,-0.6980938151216063,0.6980938151216063
CCCCNC1(P(=O)(OCCCC)OCCCC)CCCCC1,-3.3104998629990647,-3.9221118809259274,-0.6116120179268627,0.6116120179268627
C=C[C@H]1CN2CC[C@H]1C[C@H]2[C@@]12Nc3ccccc3[C@]1(O)CCO2,-2.670599867740911,-3.8503374723733867,-1.179737604632476,1.179737604632476
CC1COc2ccccc2N1C(=O)C(Cl)Cl,-3.83539005493044,-3.8980964404025746,-0.06270638547213458,0.06270638547213458
c1ccc2c(c1)c1ccccc1c1ccccc21,-6.744699990304522,-6.359788204320536,0.3849117859839861,0.3849117859839861
CC(C)CCCCCN(CCCCCC(C)C)CCCCCC(C)C,-4.0572476126501575,-6.2519886335927355,-2.194741020942578,2.194741020942578
CO[Si](OC)(C(C)C)C(C)C,-6.246331186505408,-4.834409454431764,1.411921732073644,1.411921732073644
CN(C)c1cc[nH+]cc1,-0.20619979150703038,0.19702844181233425,0.40322823331936464,0.40322823331936464
Cc1ccncc1C,-0.3139996382886556,0.10606870651056832,0.42006834479922395,0.42006834479922395
O=C1CC(=O)NC(=O)N1,-1.0486614064187147,-1.2037839181592866,-0.1551225117405719,0.1551225117405719
Cc1ccccc1CCl,-3.08132691342645,-3.305250112904374,-0.22392319947792405,0.22392319947792405
OC[P+](CO)(CO)CO,0.7795793074044761,1.1313712596932732,0.3517919522887971,0.3517919522887971
O=S(=O)([O-])c1cc(Nc2nc(Nc3ccccc3)nc(N(CCO)CCO)n2)ccc1/C=C/c1ccc(Nc2nc(Nc3ccccc3)nc(N(CCO)CCO)n2)cc1S(=O)(=O)[O-],-1.2996598960285464,-1.1473177984122822,0.15234209761626416,0.15234209761626416
CCC(=O)OC1C(C)CCCC1(C)C,-3.8031811298439373,-4.768366061310885,-0.9651849314669474,0.9651849314669474
COc1ccc(C(=O)O)cc1[N+](=O)[O-],-2.66131942124225,-2.815147050757076,-0.15382762951482576,0.15382762951482576
CCCn1c(=O)c2[nH]c(C3CCC(=O)C3)nc2n(CCC)c1=O,-3.1600000278365785,-3.3866695315380726,-0.22666950370149408,0.22666950370149408
CCCCOC(=O)C(C)Oc1ccc(Oc2ccc(C#N)cc2F)cc1,-5.708000278907344,-5.661629861617361,0.04637041728998259,0.04637041728998259
Cc1ccc(N)cc1S(=O)(=O)O,-1.619999931832149,-1.2470677776331573,0.3729321541989916,0.3729321541989916
Oc1ccc(-c2ccccc2)cc1O,-2.0659000132956,-2.363421819507676,-0.29752180621207636,0.29752180621207636
CC(=O)CCl,-0.011999790449372938,-0.28114730074978667,-0.26914751030041373,0.26914751030041373
NC(=O)C(Cl)CCl,-0.5137996672380631,-0.7709195123879522,-0.25711984514988906,0.25711984514988906
CC(=O)Oc1ccccc1C(=O)OCS(C)(=O)=O,-3.393599931825431,-2.472697173983347,0.9209027578420841,0.9209027578420841
CC(=O)Nc1ccc(S(=O)(=O)NC(C)=O)cc1,-2.77999990365193,-2.3225669576390264,0.4574329460129034,0.4574329460129034
CN(C(=O)CNC(=O)CN)c1ccc(Cl)cc1C(=O)c1ccccc1Cl,-2.3299998449011436,-3.626365204328088,-1.2963653594269444,1.2963653594269444
NS(=O)(=O)c1ccc(SCCCCO)cc1,-2.5141000026944065,-1.7857295357403538,0.7283704669540527,0.7283704669540527
CC(=O)Oc1ccc(C(C)(C)CC(C)(C)C)cc1C1C(=O)Oc2ccc(C(C)(C)CC(C)(C)C)cc21,-6.692582684487946,-6.970163087031146,-0.27758040254320004,0.27758040254320004
CNC1CN(c2c(F)cc3c(=O)c(C(=O)O)cn(C4CC4)c3c2F)C1,-5.309999952923776,-3.937517064624,1.3724828882997757,1.3724828882997757
C[C](C)C,-4.376546442439725,-3.3923368820563677,0.9842095603833574,0.9842095603833574
COCOC,0.5060003050530781,0.7614072362195152,0.2554069311664371,0.2554069311664371
CC(=O)Nc1ccc(S(=O)(=O)Nc2nc(C)cs2)cc1,-4.150000110504225,-3.2711140560663035,0.8788860544379213,0.8788860544379213
COc1cc(C(Cl)(Cl)Cl)cc(Cl)n1,-4.3635001386753505,-4.8089911083703125,-0.44549096969496205,0.44549096969496205
O=C1c2ccccc2C(=O)c2c(Nc3nc(Nc4cccc5c4C(=O)c4ccccc4C5=O)nc(-c4ccccc4)n3)cccc21,-7.777865660635436,-6.748185445897603,1.0296802147378337,1.0296802147378337
CC(=O)Nc1ncc2ncn(COCCO)c2n1,-0.859999735222944,-1.6822336441426127,-0.8222339089196686,0.8222339089196686
O=c1nc[nH]c2cccnc12,-2.0655998047610304,-1.6987205447535232,0.36687926000750726,0.36687926000750726
CCC1(C2=CC3CCC(C2)C3)C(=O)NC(=O)NC1=O,-2.769599843226284,-3.7346797534662235,-0.9650799102399397,0.9650799102399397
Oc1ccc(-c2ccccc2)cc1,-3.4811999540513545,-2.6381189433700696,0.8430810106812849,0.8430810106812849
N=NN=NC1=CCc2c(cccc2S(=O)(=O)Oc2ccc(C(=O)c3ccc(O)c(O)c3O)cc2)C1=O,-5.105290996833235,-4.501826293467309,0.6034647033659262,0.6034647033659262
CC(C)=CC=C(C)C,-3.5369998869054395,-3.741097590814215,-0.20409770390877524,0.20409770390877524
CC(C)(c1ccccc1)c1cc(-n2nc3ccccc3n2)c(O)c(C(C)(C)c2ccccc2)c1,-7.048812202011874,-6.450594453695662,0.5982177483162117,0.5982177483162117
O=C(O)c1cccc2cccnc12,-1.7446998627870913,-2.66329356841087,-0.9185937056237785,0.9185937056237785
NC(=O)C1CCCC(C(N)=O)N1,0.28930026094381,0.19435348024913512,-0.09494678069467488,0.09494678069467488
NS(=O)(=O)c1cc2c(s1)CC(O)CS2(=O)=O,-1.589999920438972,-1.441136515097079,0.14886340534189313,0.14886340534189313
COC(=O)CC(=O)OC,0.02734229645887165,-0.008263125875640931,-0.03560542233451258,0.03560542233451258
CN(C)C(=O)N(C)C,0.9349004398720577,1.2972517270167807,0.362351287144723,0.362351287144723
COc1ccccc1NC(=O)C(N=Nc1ccc(Cl)cc1[N+](=O)[O-])C(C)=O,-7.306378702250438,-7.0893294500526824,0.2170492521977554,0.2170492521977554
CCCCCCCS,-4.15490006589605,-4.21306515890835,-0.058165093012299884,0.058165093012299884
Clc1ccc(-c2cc(Cl)c(Cl)c(Cl)c2)cc1,-7.960000453222385,-7.343373779539455,0.61662667368293,0.61662667368293
C=C(C)C1(O)[C@H]2OC(=O)[C@@H]1[C@]1(O)[C@H]3O[C@H]3[C@]3(CO3)[C@]1(C)[C@@H]2O,-1.419999763859695,-2.519470767884584,-1.099471004024889,1.099471004024889
O=S(=O)(O)OCCOc1ccc(Cl)cc1Cl,-0.06009996100612636,-2.2709474113754586,-2.2108474503693323,2.2108474503693323
CCCCCCCCCCCC(=O)OCCOCC(OCCO)C1OCC(OCCO)C1OCCO,-6.417202706982955,-2.35569893770251,4.061503769280446,4.061503769280446
CCCCCCCCNC(=O)n1cc(F)c(=O)[nH]c1=O,-4.179999845843577,-3.59802883131062,0.5819710145329569,0.5819710145329569
Nc1c(N=Nc2ccc(S(=O)(=O)CCOS(=O)(=O)[O-])cc2)c(S(=O)(=O)[O-])cc2c1C(=O)/C(=N\Nc1ccc(S(=O)(=O)CCOS(=O)(=O)[O-])cc1)C(S(=O)(=O)[O-])=C2,-0.2552863023801213,0.9411221409774635,1.1964084433575848,1.1964084433575848
Cc1cc(C)c2ccccc2n1,-1.9423998812770926,-1.3333744876894638,0.6090253935876289,0.6090253935876289
N[C@@H](Cc1cc(I)c(O)c(I)c1)C(=O)O,-2.8582999054376717,-2.427569067918832,0.43073083751883967,0.43073083751883967
CC(CO)(CO)[N+](=O)[O-],0.7724005276881716,0.11357074525582123,-0.6588297824323504,0.6588297824323504
CC1=C(O)C(=O)C(C)O1,0.39066998598223623,-0.4861514964060496,-0.8768214823882858,0.8768214823882858
CCC(O)C(C)(C)C,-1.1513998063209534,-1.0641311867118124,0.08726861960914101,0.08726861960914101
C=CC1(C=C)C(=O)NC(=O)NC1=O,-2.0599998458827367,-2.2384012175283945,-0.17840137164565784,0.17840137164565784
NC(=O)COC(=O)c1ccccc1,-1.640499826895508,-1.9609280618961638,-0.32042823500065576,0.32042823500065576
Cc1cn(C2CC(N=[N+]=[N-])C(CO)O2)c(=O)[nH]c1=O,-1.1599998491547125,-1.5038095670698575,-0.3438097179151449,0.3438097179151449
COC(/C=C\C(OC)OC)OC,0.05500040522858107,-0.2176496760020572,-0.2726500812306383,0.2726500812306383
CCOC(=O)c1ccccc1C(=O)OCC,-2.349999806487624,-2.8412561525018627,-0.4912563460142385,0.4912563460142385
Nc1ccc(F)cc1,-0.5272741304848445,-0.6861293040186873,-0.15885517353384282,0.15885517353384282
CCCCC(=O)O[C@]1(C(=O)CO)[C@@H](C)C[C@H]2[C@@H]3CCC4=CC(=O)C=C[C@]4(C)[C@@]3(F)[C@@H](O)C[C@@]21C,-4.7101002086524995,-4.487498823901612,0.2226013847508872,0.2226013847508872
C=CC(C)(CCC=C(C)C)OC(=O)CC,-4.382358065588255,-4.3687044434091185,0.013653622179136349,0.013653622179136349
OCCN1CCN(CCCN2c3ccccc3Sc3ccc(C(F)(F)F)cc32)CC1,-4.148799828473597,-4.410206651497139,-0.2614068230235427,0.2614068230235427
CCOC(=O)NS(=O)(=O)c1ccc(C)cc1,-2.243098618426205,-3.11822607926468,-0.8751274608384749,0.8751274608384749
CC(C)(c1ccc(OCC2CO2)cc1)c1ccc(OCC2CO2)cc1,-4.799620185230544,-5.622462240726448,-0.8228420554959044,0.8228420554959044
CCCCCCCCCC(C(=O)O)C(=O)O,-3.3015999221912895,-2.7967669212549673,0.5048330009363222,0.5048330009363222
CC(=O)C(N=Nc1ccc(S(=O)(=O)[O-])cc1[N+](=O)[O-])C(=O)Nc1ccccc1,-4.674562005424349,-2.02704240085004,2.647519604574309,2.647519604574309
CCCCC[N+](=O)[O-],-1.9547998740239398,-2.367561315625381,-0.41276144160144135,0.41276144160144135
COP(=O)(OC)OC,0.552600399125371,1.241823707678281,0.68922330855291,0.68922330855291
CCCCCCCC(=O)OCn1cnc2c1c(=O)n(C)c(=O)n2C,-3.45000000569483,-2.97892198654468,0.47107801915015024,0.47107801915015024
CCCCCCCCCCCCCCCCCCC1CC(=O)N(CCNCCNCCNCCN2C(=O)CC(CCCCCCCCCCCCCCCCCC)C2=O)C1=O,-10.2347176488954,-5.686256623335936,4.5484610255594635,4.5484610255594635
Clc1ccc(-c2ccccc2)cc1,-5.199999819130852,-4.89976188482894,0.30023793430191237,0.30023793430191237
OCCOCCOc1ccccc1,-0.7165253146236714,-1.126598026477397,-0.4100727118537255,0.4100727118537255
CC(=O)c1ccc(N=C=S)cc1,-4.019999946111366,-3.7711123710870234,0.24888757502434222,0.24888757502434222
C#C[C@]1(O)CC[C@H]2[C@@H]3CCC4=CC(=O)CC[C@@H]4[C@H]3CC[C@@]21C,-4.627100071310744,-4.981906117286619,-0.3548060459758746,0.3548060459758746
CCC1(C)Nc2cccc3cccc(c23)N1,-3.247760489094856,-3.550037563987786,-0.30227707489292976,0.30227707489292976
Clc1ccc(-c2ccc(Cl)c(Cl)c2)cc1Cl,-8.530000255612007,-7.114198587029511,1.4158016685824961,1.4158016685824961
CN1C2CCC1C(C(=O)O)C(O)C2,-0.019999830294729737,-0.27991251199104683,-0.2599126816963171,0.2599126816963171
Clc1ccc2c(c1)Oc1ccccc1O2,-5.835899880733148,-5.52089320482645,0.31500667590669806,0.31500667590669806
CCOC(=O)C(C)C1CCCCC1,-3.327456676233397,-3.579651997201046,-0.25219532096764885,0.25219532096764885
Nc1cc(S(=O)(=O)O)cc2cc(S(=O)(=O)[O-])cc(O)c12,-1.4762287533711178,0.024659329334750346,1.5008880827058682,1.5008880827058682
CC(C)c1ccc(C(C)C)cc1,-6.602799490587868,-5.526854863228808,1.0759446273590605,1.0759446273590605
O=C(O)c1ccc(Cl)o1,-1.6899998663982867,-1.5767151061698912,0.11328476022839551,0.11328476022839551
CCC(C)(C)CO,-1.039999803582005,-0.7664190068807453,0.2735807967012598,0.2735807967012598
CCC(=O)OCCc1ccccc1,-3.1174442258191313,-3.0660111539142774,0.05143307190485391,0.05143307190485391
C1=CC=CCC=C1,-2.172099990135066,-2.1040407139579163,0.06805927617714991,0.06805927617714991
O=C(O)CN(CCCN(CC(=O)O)CC(=O)O)CC(=O)O,-1.4690724720415416,-0.5042095573613308,0.9648629146802108,0.9648629146802108
O=C(O)CCCCCCCCCC(=O)O,-1.6273999686891043,-2.396335510009127,-0.7689355413200227,0.7689355413200227
C/C=C/C#N,-0.42869972647726984,-0.46202052735697974,-0.0333208008797099,0.0333208008797099
CC(=O)NC(Cc1ccc(O)cc1)C(=O)O,0.010000319125359258,-1.3791335837842247,-1.389133902909584,1.389133902909584
Cc1ccc(N/N=C2\C(=O)C=Cc3ccccc32)c(C)c1,-6.705444584297293,-7.000325832154097,-0.2948812478568037,0.2948812478568037
CC(C)C1C(=O)NC(=O)NC1=O,-1.4555999411715344,-1.8800710684239537,-0.4244711272524193,0.4244711272524193
CC(C)(c1cc(Br)c(OCC2CO2)c(Br)c1)c1cc(Br)c(OCC2CO2)c(Br)c1,-7.395302264539804,-6.6872813468347285,0.7080209177050758,0.7080209177050758
CCC(C)C(C)(C)O,-0.8899998846430335,-0.8973641725296653,-0.007364287886631793,0.007364287886631793
Cc1cc(C)c(Nc2ccc(Nc3c(C)cc(C)cc3C)c3c2C(=O)c2ccccc2C3=O)c(C)c1,-7.825073625230141,-7.011750319697235,0.8133233055329061,0.8133233055329061
Cc1cc(Cc2cc(Cl)ccc2Cl)c(Cl)cc1Cl,-8.060000951289348,-7.26558484827709,0.7944161030122583,0.7944161030122583
CCCCCCCCC(=O)OCC,-3.8006999580658123,-4.5735551531387415,-0.7728551950729292,0.7728551950729292
C=CC(C)(O)CC/C=C(\C)CCC=C(C)C,-3.985352292522314,-3.80667459099794,0.17867770152437412,0.17867770152437412
COc1nn(CSP(=S)(OC)OC)c(=O)s1,-3.099999849769948,-3.671416222362002,-0.5714163725920538,0.5714163725920538
Cc1ccc2cc(C)c(C)cc2c1,-5.000699999712149,-4.841035574390636,0.15966442532151248,0.15966442532151248
CC12CCC(CC1=O)C(C)(C)O2,-0.9248998514280351,-1.439069424056291,-0.5141695726282558,0.5141695726282558
CCOP(=S)(OCC)Oc1nc(Cl)c(Cl)cc1Cl,-5.495600325228412,-6.1747192356288165,-0.6791189104004047,0.6791189104004047
CC(O)COc1ccc(C(C)(C)c2ccc(OCC(C)O)cc2)cc1,-3.49970101238213,-4.449415404407961,-0.9497143920258306,0.9497143920258306
OCCC(F)(F)C(F)(F)C(F)(F)C(F)(F)C(F)(F)C(F)(F)F,-4.287064147208779,-5.203266226013882,-0.9162020788051022,0.9162020788051022
CC(=O)Nc1ccc(S(=O)(=O)N=c2sc(S(N)(=O)=O)nn2C)cc1,-1.6899998663982867,-2.4461321693467517,-0.756132302948465,0.756132302948465
Cc1cc(C)cc(N2C(=O)c3ccc4c5ccc6c7c(ccc(c8ccc(c3c48)C2=O)c75)C(=O)N(c2cc(C)cc(C)c2)C6=O)c1,-7.476149044020493,-6.5212589878452265,0.9548900561752669,0.9548900561752669
CC1C(=O)NC(=O)NC1=O,-1.1299998377615357,-1.4494551210563609,-0.3194552832948252,0.3194552832948252
Cc1ccc(O)c(C(C)(C)C)c1,-2.6917535445284333,-3.5407650540365916,-0.8490115095081583,0.8490115095081583
C=CC1CN2CCC1C[C@H]2[C@H](O)c1ccnc2ccc(OC)cc12,-2.7899998930718524,-2.5866254501842927,0.20337444288755968,0.20337444288755968
CCCCCCCCCC(=O)Oc1ccc(C(=O)O)cc1,-5.42454765940105,-4.988871645423195,0.4356760139778544,0.4356760139778544
CC12CCCC1C1CCC3CC(=O)C(=O)CC3(C)C1CC2,-3.7599999623929263,-4.880244879409108,-1.1202449170161812,1.1202449170161812
CCC1(CO)COCOC1,0.8350945597516417,-0.6020179120048312,-1.437112471756473,1.437112471756473
Clc1ccc(Oc2c(Cl)cc(Cl)cc2Cl)c(Cl)c1,-7.330000351992583,-7.881023662351511,-0.5510233103589286,0.5510233103589286
COP(=S)(OC)SCC(=O)N(c1ccc(Cl)cc1)C(C)C,-4.432099790214726,-5.069246648917145,-0.6371468587024189,0.6371468587024189
NC(C(=O)NCC(=O)O)c1ccccc1,-1.409999852079911,-0.8939671921874623,0.5160326598924487,0.5160326598924487
CCCCCCOC(=O)CCCCC(=O)OCCCCCC,-5.082600200588623,-5.444999107018141,-0.3623989064295179,0.3623989064295179
CC(=O)Nc1ccc(NC(=O)c2cc3ccccc3cc2O)cc1,-5.250349690333559,-5.211208846663661,0.03914084366989812,0.03914084366989812
CCC(O)CN,1.049900322514504,0.7051369766612714,-0.34476334585323265,0.34476334585323265
Clc1c(Cl)c(Cl)c2c(oc3c(Cl)c(Cl)c(Cl)c(Cl)c32)c1Cl,-11.582700622209137,-10.12620199454583,1.456498627663306,1.456498627663306
CC(C)(C)C1CCC(O)CC1,-3.1032621330989683,-2.7857969735878783,0.31746515951109,0.31746515951109
CO/N=C(\C)c1cccc(Oc2nc(OC)cc(OC)n2)c1C(=O)OC,-3.6036998740488233,-3.7185849873135712,-0.11488511326474793,0.11488511326474793
NC(=O)OCC1CSC2(CCCCC2)S1,-3.519999940260968,-3.151086750178388,0.36891319008257994,0.36891319008257994
C/C=C/C=C/C(=O)O,-1.7699998507711208,-1.1267846388630236,0.6432152119080972,0.6432152119080972
O=C(OOC(=O)c1ccc(Cl)cc1Cl)c1ccc(Cl)cc1Cl,-8.278765325901157,-6.510292749651409,1.7684725762497475,1.7684725762497475
CC(C)CC(N)C(=O)NC(Cc1c[nH]c2ccccc12)C(=O)O,-1.1199997879548391,-2.045917581127,-0.9259177931721609,0.9259177931721609
Cc1cc(C)c(O)c(C)c1,-2.0549999590063006,-1.8045361166418281,0.2504638423644725,0.2504638423644725
O=C(O)/C=C/c1cccc(Br)c1,-2.6359998334366535,-2.9558237607345754,-0.319823927297922,0.319823927297922
CC1CCCC(=O)C1,-1.8737999536838923,-1.218841826145646,0.6549581275382463,0.6549581275382463
Clc1ccc(Oc2cc(Cl)c(Cl)c(Cl)c2Cl)cc1Cl,-8.780000120510293,-8.632743072375444,0.14725704813484874,0.14725704813484874
Clc1ccc(-c2ccc(Cl)cc2Cl)cc1,-6.00000007693993,-6.2915808252663314,-0.29158074832640146,0.29158074832640146
c1ccc2nccnc2c1,0.7051002615025608,-0.8556295271210859,-1.5607297886236466,1.5607297886236466
Cl/C=C/C[N+]12CN3CN(CN(C3)C1)C2,0.08290033714889544,-0.7272389635677121,-0.8101393007166076,0.8101393007166076
Nc1c2ccccc2nc2cc(Cl)ccc12,-1.72999992759816,-3.4251217934485068,-1.6951218658503469,1.6951218658503469
ClC1=C(Cl)C2(Cl)C3C(Cl)C=CC3C1(Cl)C2(Cl)Cl,-6.316800274546949,-6.773322355084577,-0.4565220805376278,0.4565220805376278
Clc1cc(Cl)ncn1,-1.4172530283020242,-1.7344693770500665,-0.3172163487480424,0.3172163487480424
CCOCCOC(=O)/C=C/c1ccc(OC)cc1,-2.699500011682263,-3.5906972558022376,-0.8911972441199745,0.8911972441199745
Nc1ccc(S(=O)(=O)Nc2ccccn2)cc1,-2.6999999796658702,-3.2790369733743314,-0.5790369937084612,0.5790369937084612
Cc1ccc(N(C)C(N)=O)cc1,-0.42300004315473405,-1.354100470835409,-0.9311004276806749,0.9311004276806749
CC(=O)c1ccc(O)c(C(=O)[O-])c1,-2.2304000044542813,-1.812732430756683,0.4176675736975983,0.4176675736975983
COc1ccc2[nH]cc(CCNC(C)=O)c2c1,-5.090000237445579,-3.209981833023885,1.8800184044216937,1.8800184044216937
Clc1ccccc1Br,-3.2030000177116404,-4.015475630961761,-0.812475613250121,0.812475613250121
Cn1nc(S(N)(=O)=O)sc1=NS(=O)(=O)c1ccc(F)cc1,-2.02999983448956,-2.3989458059638453,-0.36894597147428554,0.36894597147428554
CN(CC(=O)[O-])C(N)=NP(=O)([O-])O,0.3126585553370087,0.1615936207416051,-0.1510649345954036,0.1510649345954036
CCCC[P+](CCCC)(CCCC)CCCC,0.41483104489821976,0.033570346802249684,-0.3812606980959701,0.3812606980959701
CN1CCC23c4c5ccc(OCc6ccccc6)c4OC2CCCC3C1C5,-4.219999769016538,-3.9897507271277677,0.23024904188877038,0.23024904188877038
C=CCc1ccc(OC(C)=O)c(OC)c1,-2.701591171165909,-2.88463171360569,-0.18304054243978074,0.18304054243978074
CC[N+](CC)(CC)CC,0.6804740518916352,1.0890312282467063,0.40855717635507105,0.40855717635507105
CN1CCC[C@H]1c1cccnc1,0.789800200271086,0.27865617756364136,-0.5111440227074446,0.5111440227074446
O=P(Oc1ccccc1)(Oc1ccccc1)Oc1cccc(OP(=O)(Oc2ccccc2)Oc2ccccc2)c1,-5.738071926268081,-6.169756063911091,-0.4316841376430105,0.4316841376430105
CC(C)N,1.2283001068506691,1.0628552524628399,-0.1654448543878293,0.1654448543878293
Nc1ncnc2nc[nH]c12,-2.117899789196228,-1.9646572730166236,0.15324251617960427,0.15324251617960427
CC(C)C(=O)OOC(C)(C)C,-1.60700248959478,-2.3403785715421352,-0.7333760819473552,0.7333760819473552
COc1cc(C(=O)O)c(C(=O)O)cc1O,-1.2099998221343697,-1.5630218702668832,-0.3530220481325135,0.3530220481325135
CC(C)CCCCCCCOP(OCCCCCCCC(C)C)Oc1ccccc1,-6.382030137045874,-7.1428698133365724,-0.7608396762906988,0.7608396762906988
O=[N+]([O-])c1ccc2c3c(cccc13)CC2,-5.3403001728515225,-4.774035102658857,0.5662650701926655,0.5662650701926655
CC(=O)NC(COC(=O)c1ccccc1)C(=O)O,-3.219999964356112,-1.6186716988536833,1.6013282655024286,1.6013282655024286
CC(C)COc1ccc2ccccc2c1,-5.211700084445056,-6.128209135103438,-0.916509050658382,0.916509050658382
CNC(=O)O/N=C(/C)C(C)SC,-0.7352998732814582,-1.4410672255870312,-0.705767352305573,0.705767352305573
CC(=O)CC(c1ccc(Cl)cc1)c1c(O)oc2ccccc2c1=O,-5.836000088271584,-4.407973099999942,1.4280269882716423,1.4280269882716423
O=S(=O)(CCCl)CCOCCS(=O)(=O)CCCl,-1.9407998733080212,-2.138039641058472,-0.19723976775045093,0.19723976775045093
NC(=O)NC(=O)C=CC(=O)O,-1.9201999087331387,-0.9320477131159521,0.9881521956171866,0.9881521956171866
ClC(Cl)(Cl)Cl,-2.3099998488079354,-3.3381462394812162,-1.0281463906732808,1.0281463906732808
CCCCCCCCCCCCCCCC[n+]1ccccc1,-0.48614928797545076,-2.464561591709968,-1.9784123037345172,1.9784123037345172
CCOC(=O)C1OC1(C)c1ccccc1,-2.3143748188382727,-3.4805566106124446,-1.166181791774172,1.166181791774172
Cc1cccc(O)c1C(=O)O,-2.039999884296256,-1.428888973075028,0.6111109112212281,0.6111109112212281
NC(=O)CF,1.113200292723612,0.30768682595071173,-0.8055134667729003,0.8055134667729003
CCCCCOC(=O)c1ccc(O)c(I)c1,-4.219999769016538,-4.246457871809444,-0.026458102792905613,0.026458102792905613
COc1c(O)cc(Cl)c(Cl)c1Cl,-2.8712000192917317,-3.55053666930319,-0.6793366500114582,0.6793366500114582
Clc1ccc(Oc2ccc(Cl)cc2)cc1,-4.799900103808984,-5.797633299526682,-0.9977331957176983,0.9977331957176983
O=C1CSC(=S)N1,-1.772299862226661,-1.8102529153015072,-0.0379530530748462,0.0379530530748462
CC(=O)Oc1ccccc1[N+](=O)[O-],-2.1855238665184364,-2.6145830428472814,-0.42905917632884494,0.42905917632884494
CCN=C1C=CC(=C(c2ccc(NCC)c(C)c2)c2ccc(NCC)c(C)c2)C=C1C,-1.0232211140781842,-4.157937762185157,-3.134716648106973,3.134716648106973
O=S(=O)(O)CCSc1ccccc1,-1.5299998976526186,-1.2889129825986056,0.24108691505401292,0.24108691505401292
N#CSCC(CSC#N)SC#N,-1.935099844918204,-1.1196276673988854,0.8154721775193186,0.8154721775193186
CCCCC(O)CCCC,-2.489999917166996,-2.8186310570675763,-0.3286311399005801,0.3286311399005801
O=[N+]([O-])c1ccc2ccc3cccc4ccc1c2c34,-7.321299963593477,-5.764401111924762,1.5568988516687146,1.5568988516687146
CC(C)C(=O)OCC(C)(C)C(OC(=O)C(C)C)C(C)C,-4.333139462959953,-4.155380951659011,0.1777585113009419,0.1777585113009419
CCC1CCC(=NO)C(=NO)C1,-1.8299999425709306,-1.6552212252693246,0.174778717301606,0.174778717301606
CNP(=O)(OC)Oc1ccc(C(C)(C)C)cc1Cl,-3.1638998402208216,-3.5760664030829856,-0.412166562862164,0.412166562862164
C=C(C)C(=O)OCCN(C)C,0.5024817230010106,-0.4132531347054633,-0.9157348577064739,0.9157348577064739
Clc1ccc(C(c2ccc(Cl)cc2)C(Cl)Cl)cc1,-7.20000025661318,-7.03459266949171,0.16540758712146975,0.16540758712146975
CCCSP(=S)(OCC)Oc1ccc(SC)cc1,-6.017099955069012,-5.607147878736765,0.40995207633224773,0.40995207633224773
CNCCO,1.1242968283227772,1.2302852099054644,0.1059883815826872,0.1059883815826872
CC(=O)C(N=Nc1ccc(Cl)cc1[N+](=O)[O-])C(=O)Nc1ccc2[nH]c(=O)[nH]c2c1,-7.473779950095274,-7.0362674880473275,0.43751246204794647,0.43751246204794647
Nc1ccc(S(=O)(=O)Nc2ncc(C(=O)O)s2)cc1,-2.874099904335443,-2.6544508052515754,0.21964909908386776,0.21964909908386776
CC[C@@H]1CCCCN1,-0.34629959212391626,0.42293267255113687,0.7692322646750531,0.7692322646750531
NS(=O)(=O)c1nnc(NS(=O)(=O)c2ccc([N+](=O)[O-])cc2)s1,-1.329999867707077,-1.8058766340155015,-0.47587676630842446,0.47587676630842446
CCCCCCC1(C)CCC(=O)O1,-2.643261826127799,-3.1390787021027946,-0.4958168759749957,0.4958168759749957
C=CS(=O)(=O)CCOCCNc1nc(F)nc(Nc2ccc(N=Nc3cc4c(S(=O)(=O)[O-])cc(S(=O)(=O)[O-])cc4cc3S(=O)(=O)[O-])c(NC(N)=O)c2)n1,-0.41455942140485025,-0.06180321310570713,0.3527562082991431,0.3527562082991431
NC(=O)c1cc(Cl)cc(Cl)c1N,-2.0813998144421544,-2.55073938463005,-0.46933957018789574,0.46933957018789574
Cc1cc(Cc2cc(C)cc(C3CCCCC3)c2O)c(O)c(C2CCCCC2)c1,-6.979034904855512,-5.026371211077201,1.9526636937783106,1.9526636937783106
Clc1cccc2c1Oc1ccccc1O2,-5.719600336683112,-5.4436365053384765,0.27596383134463576,0.27596383134463576
Fc1cc(F)c(F)c(F)c1,-2.3056999654179684,-1.991169758413033,0.3145302070049354,0.3145302070049354
O=c1cnc2cncnc2[nH]1,-2.119999799655634,-1.282330893224804,0.83766890643083,0.83766890643083
CC1=NN(c2ccc(S(=O)(=O)[O-])cc2)C(=O)C1N=Nc1ccccc1C(=O)[O-],-1.4913148188476162,-1.0138696527330704,0.4774451661145458,0.4774451661145458
OCC(O)C(O)CO,0.6985000906032286,1.0931676187588817,0.3946675281556531,0.3946675281556531
CC(=O)C1CCOC1=O,0.3975094955477494,-0.018495613002895706,-0.4160051085506451,0.4160051085506451
NCC(=O)O,0.9200004346735362,0.48836847120342997,-0.43163196347010624,0.43163196347010624
Cc1cn([C@H]2C[C@H](N=[N+]=[N-])[C@@H](CO)O2)c(=O)[nH]c1=O,-1.1220998674277016,-1.5038095670698575,-0.38170969964215584,0.38170969964215584
CCc1nc2cnc(O)nc2nc1CC,-2.2643998977432243,-2.2095310944404987,0.05486880330272559,0.05486880330272559
CNCCC(Oc1ccc(C(F)(F)F)cc1)c1ccccc1,-1.589999920438972,-5.043653146703798,-3.4536532262648265,3.4536532262648265
CCC1(CC)C(=O)NC(=O)N(CO)C1=O,-3.930000049958747,-1.6952313624338065,2.234768687524941,2.234768687524941
CSCC(NC(=O)COc1cccc2cnccc12)C(=O)NC(Cc1ccccc1)C(O)C(=O)N1CSCC1C(=O)NC(C)(C)C,-3.9500000115452276,-3.9566917633009675,-0.006691751755739883,0.006691751755739883
COc1ccc(NC(=O)CC(C)=O)cc1,-1.9014771101675192,-2.8409195911292278,-0.9394424809617086,0.9394424809617086
O=C1C=Cc2ccccc2/C1=N/Nc1ccc([N+](=O)[O-])cc1Cl,-7.99699829104965,-7.117345048525626,0.8796532425240233,0.8796532425240233
CC(=O)OCC1=C(C(=O)O)N2C(=O)C(NC(=O)Cc3cccs3)C2SC1,-2.9399999974844877,-3.205714385958343,-0.2657143884738553,0.2657143884738553
CC(CC(=O)O)C(=O)O,0.4800001755556673,0.547423285693355,0.06742311013768765,0.06742311013768765
C[S+]([O-])c1ccc2oc3ccc(C(=O)O)cc3c(=O)c2c1,-5.020000026825617,-3.152985810706637,1.8670142161189798,1.8670142161189798
Clc1ccc(-c2c(Cl)ccc(Cl)c2Cl)c(Cl)c1Cl,-7.65000028948392,-8.153130469654762,-0.5031301801708423,0.5031301801708423
CCNc1c([N+](=O)[O-])cc([N+](=O)[O-])cc1[N+](=O)[O-],-3.4084999025172245,-3.0458527546856735,0.36264714783155094,0.36264714783155094
Nc1nc(N)c2nccnc2n1,-2.6899999816192657,-2.150862755305422,0.5391372263138439,0.5391372263138439
COC(=O)C1(S(=O)(=O)c2ccc(Cl)cc2)CC1,-3.3085999225492486,-3.6463704109372412,-0.3377704883879926,0.3377704883879926
CCOC(=O)OC1CCCCC1C(C)(C)C,-4.321140231353392,-5.242720666828857,-0.9215804354754651,0.9215804354754651
CNC(=O)c1cc(Oc2ccc(NC(=O)Nc3ccc(Cl)c(C(F)(F)F)c3)cc2)ccn1,-6.66729504991258,-5.613158674719953,1.054136375192627,1.054136375192627
CC(=O)OCC(C(OC(C)=O)c1ccccc1)[N+](=O)[O-],-3.9719998450661347,-3.0568694072092613,0.9151304378568734,0.9151304378568734
Cc1ccc(N=C=S)cc1,-4.721300126409087,-3.804415780575765,0.916884345833322,0.916884345833322
Nc1cc(Cl)cc(Cl)c1,-2.3152998752054845,-2.40661499530007,-0.09131512009458564,0.09131512009458564
Cc1ccc(NS(=O)(=O)c2ccc(N)cc2)cc1Cl,-4.909999893032692,-4.4436424287949166,0.4663574642377757,0.4663574642377757
Cc1ccc(N)cc1Cl,-1.753126129738081,-1.7980311843120835,-0.04490505457400262,0.04490505457400262
Cc1ccc([N+](=O)[O-])c(O)c1,-2.7504998861224057,-2.4169061438651145,0.3335937422572912,0.3335937422572912
Cc1ccc(C(=O)OOC(=O)c2ccc(C)cc2)cc1,-6.798351879333669,-5.577578373283506,1.220773506050163,1.220773506050163
CCCCCCC(C(=O)O)C(=O)O,-1.656599838070833,-1.7619091272442868,-0.10530928917345372,0.10530928917345372
C=COCCCCCCCCCCCCCCCCCC,-6.472081655263747,-6.46790910170051,0.004172553563236647,0.004172553563236647
CCCCCN(C)N=Nc1ccc(C(=O)O)cc1,-2.369999802580833,-3.111621198196961,-0.7416213956161282,0.7416213956161282
CCOC(=O)COc1ccc(Cl)cc1,-2.420599847562348,-3.8573205299278435,-1.4367206823654954,1.4367206823654954
CC(C)=NNC(N)=O,-0.2673998202701875,-0.4388604396100533,-0.17146061933986578,0.17146061933986578
O=C([O-])CS,0.5215371664256243,0.27143819820420223,-0.2500989682214221,0.2500989682214221
OCCCCO,1.0451693120635128,1.6853577318085864,0.6401884197450736,0.6401884197450736
O=C(O)C=Cc1c[nH]cn1,-1.959999899923422,-1.6436349701848014,0.3163649297386206,0.3163649297386206
COc1ccc2cc(C(C)C(=O)OCC(=O)N(C)CCO)ccc2c1,-3.3900000519219327,-3.590988492587498,-0.20098844066556554,0.20098844066556554
CCNC(=O)COC(=O)c1ccccc1OC(C)=O,-1.6799998165915901,-2.1056454148420105,-0.42564559825042037,0.42564559825042037
Nc1ccc2snnc2c1,-1.3044998097134575,-1.2089784229822709,0.0955213867311866,0.0955213867311866
CCC(=O)N(c1ccccc1)C1CC[NH2+]CC1,-0.8352254227349643,-1.9387875789514741,-1.1035621562165099,1.1035621562165099
O=C(C(Cl)Cl)N(CCO)Cc1ccc(Oc2ccc([N+](=O)[O-])cc2)cc1,-5.124100200246045,-5.089734949719858,0.034365250526186664,0.034365250526186664
Cc1cccc2sc3nncn3c12,-2.072899979146831,-3.085262664568021,-1.0123626854211896,1.0123626854211896
CCSC(=S)N[C@@H](C)C(=O)O,-0.9612998946974978,-1.2958074268752722,-0.3345075321777744,0.3345075321777744
OCc1ccc(O)cc1,-1.2677998339632501,0.10094901227412967,1.3687488462373798,1.3687488462373798
Cc1c(C(=O)O)c(O)cc2c1C(=O)c1c(O)c([C@H]3O[C@H](CO)[C@@H](O)[C@H](O)[C@H]3O)c(O)c(O)c1C2=O,-2.578399805350543,-2.474961160414739,0.10343864493580401,0.10343864493580401
Cc1ccccc1CO,-1.0899999145885748,-0.904563656282837,0.18543625830573784,0.18543625830573784
CN(C(=S)SSC(=S)N(C)c1ccccc1)c1ccccc1,-6.260769905762536,-5.280557156176142,0.9802127495863937,0.9802127495863937
C#CCCCCCCC,-4.093999831586725,-4.388166928198535,-0.29416709661180995,0.29416709661180995
COc1cc(NS(=O)(=O)c2ccc(N)cc2)nc(C)n1,-2.5429999050886622,-3.264981140772328,-0.7219812356836659,0.7219812356836659
C[C@]12CCC(=O)C=C1CC[C@@H]1[C@@H]2CC[C@@]2(C)[C@H]1CC[C@@]21CCC(=O)O1,-4.225003658673435,-4.1934872836201285,0.03151637505330651,0.03151637505330651
Clc1ccc(Oc2c(Cl)cc(Cl)cc2Cl)cc1,-6.830000070088361,-7.257641399465834,-0.42764132937747323,0.42764132937747323
N#CCCN(CCC#N)C(CCC(=O)O)C(=O)O,-0.22749982858183726,-0.6240014583500697,-0.39650162976823244,0.39650162976823244
CC1CO1,0.8325708756844832,0.6602578021333523,-0.1723130735511309,0.1723130735511309
CCCCCCCCCCC,-7.550500553055308,-6.418700298982992,1.1318002540723153,1.1318002540723153
C[C@]12CC[C@H]3C(=CCc4cc(O)ccc43)[C@@H]1CCC2=O,-5.279500146080633,-4.134278017015177,1.1452221290654556,1.1452221290654556
O=C(O)c1cccc(I)c1,-3.270600043844355,-2.5406207006921067,0.7299793431522485,0.7299793431522485
Cc1ccc2cc3c(ccc4ccccc43)c3c2c1CC3,-7.96630055361406,-6.735599323859322,1.2307012297547377,1.2307012297547377
Oc1ccc(N=Nc2ccccc2)c(O)c1,-3.079999870930104,-4.017032850587975,-0.9370329796578707,0.9370329796578707
CCCCCCCCCC(=O)OCC,-4.1005997264322325,-5.0334368087253,-0.9328370822930676,0.9328370822930676
CNC(=O)OCc1cccc(Cl)c1Cl,-3.1388999917579055,-3.120835374524283,0.018064617233622293,0.018064617233622293
CCCCCCCOC(=O)c1cccnc1,-2.7428998310159525,-3.5777163767943625,-0.83481654577841,0.83481654577841
O=Cc1ccc(O)c(O)c1,-1.340199780482995,-0.7878342964274445,0.5523654840555505,0.5523654840555505
Cc1nc2c(=O)[nH]cnc2[nH]c1=O,-2.1500000180891794,-2.631153035659484,-0.4811530175703047,0.4811530175703047
Clc1cc(Cl)c(Cl)c(Oc2cc(Cl)c(Cl)cc2Cl)c1,-8.4100002100393,-8.714866876850081,-0.30486666681078134,0.30486666681078134
CS(=O)(=O)Oc1ccc(Nc2ccc(O)c3c2C(=O)c2ccccc2C3=O)cc1,-6.2142283351011205,-5.3237880133156334,0.890440321785487,0.890440321785487
CC(=O)/C(=N\O)c1ccccc1,-2.3675998596406815,-1.7153160725445287,0.6522837870961529,0.6522837870961529
Nc1c(Cl)cc([N+](=O)[O-])cc1Cl,-4.470900121491621,-3.4709985229793996,0.999901598512221,0.999901598512221
NC(CO)(CO)CO,0.6710219689273487,1.1210347002740337,0.45001273134668507,0.45001273134668507
OCC1OC(O)(CO)C(O)C1O,0.6400004203551606,0.7075687348047408,0.06756831444958022,0.06756831444958022
[CH2-]C(C)(C)c1ccc(S(=O)(=O)Nc2ccc3cc(S(=O)(=O)c4cc5c(c(S(=O)(=O)[O-])c4N)Oc4c(Cl)c6c(c(Cl)c4=N5)Oc4c(ccc(N)c4S(=O)(=O)[O-])N=6)ccc3c2)cc1,-2.1807657337791495,-1.4580928452372175,0.722672888541932,0.722672888541932
Nc1ccc(S(=O)(=O)Nc2nncs2)cc1,-2.868400031225903,-2.5466086532212855,0.32179137800461755,0.32179137800461755
CO[C@]1(C)CCC23C[C@@H]1C(C)(C)[C@@H]2CC[C@H]3C,-4.740177239062821,-4.9694271041323965,-0.22924986506957534,0.22924986506957534
O=C(O)c1ccc2ccccc2n1,-1.0910998510538552,-3.0139044244098683,-1.922804573356013,1.922804573356013
CCC(O)C(C)C,-0.7061996593305153,-0.5244357450573096,0.1817639142732057,0.1817639142732057
CNC1=Nc2ccc(Cl)cc2C(c2ccccc2)=[N+]([O-])C1,-4.480000097802258,-3.2402062071632427,1.2397938906390156,1.2397938906390156
CC(C)(N)CO,1.049900322514504,1.1248111165985502,0.0749107940840461,0.0749107940840461
Clc1cccc(C(Cl)(Cl)Cl)n1,-3.506108221657863,-3.5204374165599646,-0.014329194902101605,0.014329194902101605
S=C=NCCc1ccccc1,-3.171400015602756,-3.676124872453177,-0.5047248568504208,0.5047248568504208
Cc1c(-c2ccc(-c3ccccc3F)cc2)nc2ccc(F)cc2c1C(=O)O,-6.390000087024317,-5.272374368698707,1.11762571832561,1.11762571832561
O=C(Cc1ccccc1)OCCc1ccccc1,-4.188747853527478,-4.508656003122038,-0.3199081495945597,0.3199081495945597
c1ccc(CN2CCC(Nc3ccccc3)CC2)cc1,-3.9542228759180498,-2.6593128032424778,1.294910072675572,1.294910072675572
Clc1ccccc1-c1ccccc1Cl,-5.081299849046472,-4.985846233529296,0.0954536155171759,0.0954536155171759
CC(=O)OCCOCCOCCOC(C)=O,0.6303244577388867,-0.13019886086848764,-0.7605233186073743,0.7605233186073743
CC(C)C1(C)N=C(c2ncccc2C(=O)O)NC1=O,-1.3640292987552833,-2.384888109998524,-1.0208588112432408,1.0208588112432408
CNCCCN1c2ccccc2CCc2ccccc21,-3.657617050803692,-3.523836881386592,0.13378016941710014,0.13378016941710014
CCCCCCCCCCCCCCCCCCOC(=O)CCSCCC(=O)OCCCCCCCCCCCCCCCCCC,-8.232476620543341,-7.038393930660467,1.1940826898828742,1.1940826898828742
[O-][n+]1ccccc1,1.0218002515711437,0.735861491317876,-0.2859387602532677,0.2859387602532677
O=C(CCCN1CCC(O)(c2ccccc2)CC1)c1ccc(F)cc1,-4.1183000216304535,-3.0979077413512797,1.0203922802791738,1.0203922802791738
NC(=O)NCO,-0.34629959212391626,0.3659557152011703,0.7122553073250866,0.7122553073250866
CCCCCCC(=O)OCC(COC(=O)CCCCCC)(COC(=O)CCCCCC)COC(=O)CCCCCC,-7.068063091544511,-6.8409867362652195,0.2270763552792916,0.2270763552792916
CC(C)CCCCCCCCCCOC(=O)c1ccc(C(=O)OCCCCCCCCCCC(C)C)c(C(=O)OCCCCCCCCCCC(C)C)c1,-7.180237287235368,-7.2481909728244975,-0.06795368558912962,0.06795368558912962
CCCCOC(=O)/C=C\C(=O)OCCCC,-3.1280340646227085,-4.263287769297782,-1.1352537046750735,1.1352537046750735
C1=NC=NC2N=C(c3ccccc3)N=C12,-3.0699998728834994,-4.534923076668119,-1.4649232037846196,1.4649232037846196
CCn1cc(C(=O)O)c(=O)c2cc(F)c(N3CCNCC3)nc21,-2.920000014331302,-3.153788920296703,-0.23378890596540103,0.23378890596540103
CN1CCN(C)CC1,0.9423646592433004,1.3931392991466862,0.45077463990338584,0.45077463990338584
COc1ccc2c(c1)N(CC(C)CN(C)C)c1ccccc1S2,-4.3699999640093345,-4.656468195498745,-0.28646823148941003,0.28646823148941003
Cc1cccc(C)c1NC(=O)C1CCCCN1C,-1.9899999113165987,-2.4788129739401787,-0.48881306262358004,0.48881306262358004
O=NC1=C(NO)CCCCC1,-1.4248998572784326,-1.2637611665050867,0.16113869077334586,0.16113869077334586
CCCCC(CC)CCCCCC(C)CCCC(=O)O,-5.0561180811129525,-5.511624145548067,-0.45550606443511477,0.45550606443511477
Nc1cc(Cl)cc(C(=O)O)c1Cl,-2.4687999841104404,-2.6456320932817743,-0.17683210917133385,0.17683210917133385
CC1=C(C#N)C(=O)N(C)C(=O)/C1=N/Nc1ccc(Cl)c(Cl)c1,-6.925783569926281,-7.529110522433587,-0.603326952507306,0.603326952507306
C[C@H](C[C@H](C)C(=O)[O-])C(=O)[O-],-0.45639979542836295,0.034637018781630946,0.4910368142099939,0.4910368142099939
O=C1OC([C@@H](O)C[O-])C(=O)C1O,0.5110432563261971,0.39049275942665584,-0.12055049689954123,0.12055049689954123
c1ccc2nc3ccccc3nc2c1,-3.700000008620029,-2.7347749803350165,0.9652250282850123,0.9652250282850123
CC(C)=CCC[C@@H](C)CC=O,-3.2437510143286747,-3.7092474666866146,-0.4654964523579399,0.4654964523579399
CCCCCCCCOC(=O)c1ccc(O)c(Br)c1,-4.520000020975219,-5.285735097769633,-0.7657350767944138,0.7657350767944138
Cn1nc(S(N)(=O)=O)sc1=NS(=O)(=O)c1cccc(N)c1,-2.4499999594873074,-2.349411466773324,0.10058849271398351,0.10058849271398351
CCc1cccc(CC)c1N(COC)C(=O)CCl,-3.1700000258831826,-3.3908853910450882,-0.2208853651619056,0.2208853651619056
Clc1cc(Cl)c(-c2ccc(Cl)c(Cl)c2Cl)c(Cl)c1,-8.239900260002324,-8.250284852787095,-0.010384592784770774,0.010384592784770774
Oc1cc(O)c2ccccc2c1,-1.9492999156437132,-2.1457847451965417,-0.19648482955282853,0.19648482955282853
CCCCCOC(=O)c1ccc(O)cc1,-3.8134998837914713,-3.564753096217824,0.24874678757364732,0.24874678757364732
NC=O,1.3463920683857258,0.704381693396368,-0.6420103749893578,0.6420103749893578
c1ncc2n[nH]nc2n1,-0.23189985049678397,0.17601743309218865,0.4079172835889726,0.4079172835889726
COC(=O)c1ccc(C)cc1C1=NC(C)(C(C)C)C(=O)N1,-2.459899801755568,-3.7499227555421726,-1.2900229537866044,1.2900229537866044
Cc1ccc(OCC(=O)NC2C(=O)N3C2SC(C)(C)C3C(=O)O)cc1,-3.1500000470433385,-3.836217319230184,-0.6862172721868456,0.6862172721868456
CC(C)(C)C(=O)OCC(=O)C1(O)CCC2C3CCC4=CC(=O)C=CC4(C)C3C(O)CC21C,-4.58349999218046,-4.281153420737113,0.30234657144334687,0.30234657144334687
O=C(O)c1ccccc1CC(=O)c1ccccc1C(=O)O,-2.7909998204123836,-2.51807490171902,0.27292491869336377,0.27292491869336377
COc1cc2c3c(cccc3c1)CN(C(N)=NO)C2,-1.2099998221343697,-2.222546894257223,-1.012547072122853,1.012547072122853
Cc1ccccc1N=C(N)Nc1ccccc1C,-3.533884481464626,-2.4533684372720903,1.0805160441925357,1.0805160441925357
C=C(C)C(=O)OCCOC(=O)CC(C)=O,-1.0636820471387138,-1.177785030904088,-0.1141029837653742,0.1141029837653742
CC1=Nc2ccccc2N=C(C)C1,-1.3699999289069502,-1.3616653118258246,0.008334617081125595,0.008334617081125595
CC[n+]1c(-c2ccccc2)c2cc(N)ccc2c2ccc(N)cc21,-1.2947998304144182,-1.5260549504680059,-0.23125512005358773,0.23125512005358773
CN(C)c1ccc(C(c2ccc(N(C)C)cc2)c2ccc(N(C)C)cc2)cc1,-5.458398483624552,-3.97402076610471,1.484377717519842,1.484377717519842
Cc1ccc(S(=O)(=O)NC(=O)Nc2nccc(Nc3ccc(S(N)(=O)=O)cc3)n2)cc1,-4.30000016747011,-3.0338421358588357,1.266158031611274,1.266158031611274
CC(C)(C)CCCCC(=O)O,-2.475042975867091,-2.9247223204601274,-0.4496793445930365,0.4496793445930365
COP(=S)(OC)Oc1ccc(C#N)cc1,-3.7232000551581086,-4.838816101638508,-1.1156160464803992,1.1156160464803992
NS(=O)(=O)c1ccc(Nc2ccnc(NC(=O)c3cccnc3)n2)cc1,-1.2699998449207233,-2.9876730825807467,-1.7176732376600234,1.7176732376600234
N#CCCl,-0.09199991284911935,-0.32867107092016656,-0.23667115807104722,0.23667115807104722
O=C1C=C2CC3(O)COc4c(ccc(O)c4O)C3=C2C=C1O,-2.699399873157284,-3.0856162205042508,-0.38621634734696686,0.38621634734696686
Cc1ccc2c(c1)C(=O)N(C)c1cc(N)ccc1O2,-3.9279999709839517,-4.283828106246488,-0.3558281352625361,0.3558281352625361
Cn1cncc1C[C@H](N)C(=O)O,0.07270014831915228,-0.2566320647764675,-0.3293322130956198,0.3293322130956198
O=S(=O)([O-])c1ccc(Nc2nc(Cl)nc(Cl)n2)cc1,-1.3810307636957917,-0.8326263759736103,0.5484043877221814,0.5484043877221814
CN(C)C(CSS(=O)(=O)c1ccccc1)CSS(=O)(=O)c1ccccc1,-5.760000261848341,-3.1439866112954493,2.6160136505528917,2.6160136505528917
COc1ccc2c(c1OC)C(=O)OC2,-1.890299897838029,-1.7899481902923464,0.10035170754568257,0.10035170754568257
Oc1cccc2ccccc12,-2.0619736997441676,-2.7283388544211262,-0.6663651546769587,0.6663651546769587
CCCCc1ccc2cc3ccc4ccccc4c3cc2c1,-7.51999991805069,-7.248266611572518,0.27173330647817195,0.27173330647817195
Cc1cnc2cncnc2n1,-0.009999780488033405,-0.061449588156021306,-0.0514498076679879,0.0514498076679879
CCOC(=O)CNC(=O)OCC,-0.24349990827255175,-0.8924377159706505,-0.6489378076980987,0.6489378076980987
CC(O)c1ccccc1,-1.796899915737678,-0.9479779511889688,0.8489219645487092,0.8489219645487092
CC(=O)N(C)N(C(=O)C(=O)N(C)C)c1ccccc1,-0.534499563297556,-1.142650004287191,-0.608150440989635,0.608150440989635
O=C(O)c1cncc(C(=O)O)c1,-2.222999967597326,-1.5887856976901866,0.6342142699071394,0.6342142699071394
CNC[C@H](O)c1ccc(O)c(O)c1,-1.5038498709282917,-0.9296856585632676,0.5741642123650241,0.5741642123650241
Clc1ccc(Oc2c(Cl)c(Cl)cc(Cl)c2Cl)cc1,-7.760000561303755,-7.982240453570947,-0.22223989226719176,0.22223989226719176
CCCCC(CC)CNC(=O)CCCCCC(C)C,-5.731545461739994,-6.078791359640477,-0.3472458979004829,0.3472458979004829
COCc1ccccc1,-1.6097998810293186,-1.4563708214775442,0.15342905955177444,0.15342905955177444
COP(=O)(NC(C)=O)SC,0.5400001983420211,0.14085231660837838,-0.3991478817336427,0.3991478817336427
CCCCCCCCCCCCc1ccccc1S(=O)(=O)O,0.21379181032887384,-3.338487580035695,-3.5522793903645686,3.5522793903645686
CCCCCc1ccc(O)cc1O,-1.9547998740239398,-2.6714806692293194,-0.7166807952053795,0.7166807952053795
CC(C)CC(NC(=O)C(C)NC(=O)CN)C(=O)NC(C(=O)O)C(C)C,-2.129999987489243,-1.0005623400772607,1.1294376474119823,1.1294376474119823
O=C(O)c1c2ccccc2cc2ccccc12,-3.4173998433249997,-4.332846569851743,-0.915446726526743,0.915446726526743
O=C(O)c1cccc(C(=O)O)c1,-3.220400035361836,-1.4447753185898868,1.775624716771949,1.775624716771949
C[Si]1O[Si](C)O[Si](C)O[Si](C)O[Si](C)O1,0.5292959352280264,0.364740526263998,-0.16455540896402843,0.16455540896402843
CCCCN,1.135900474798269,0.5583318286377694,-0.5775686461604996,0.5775686461604996
CC(C)NC(=O)c1cc(N2CC2)c([N+](=O)[O-])cc1[N+](=O)[O-],-3.4999999786744875,-4.31647920054701,-0.8164792218725228,0.8164792218725228
CC1(C)C(=O)NC(=O)N1CO,0.8009003245699753,-1.0907280065517262,-1.8916283311217015,1.8916283311217015
COc1cccc(CC(C)NC(C)Cc2ccccc2OC)c1,-2.999999938317362,-2.817929328244702,0.1820706100726599,0.1820706100726599
CNC(=O)NC(=O)C(C)(C(=O)OCOC)C1=CCCCC1,-2.4199999826008587,-2.536965092422708,-0.11696510982184938,0.11696510982184938
CCNC(=O)n1cc(F)c(=O)[nH]c1=O,-2.129999987489243,-1.8116500237092832,0.31834996377995983,0.31834996377995983
OC(CCN1CCCCC1)(c1ccccc1)C1CCCCC1,-5.199999819130852,-3.500923861812943,1.699075957317909,1.699075957317909
O=C1OC(CO)C(O)C(O)C1O,0.5201000302132393,0.5152751614617848,-0.004824868751454492,0.004824868751454492
COc1c(O)ccc(C=O)c1N,-0.22320001420532654,-1.7937834060815647,-1.5705833918762382,1.5705833918762382
O=C(CC(=O)c1ccccc1)c1ccccc1,-5.657903134981325,-3.871065801976844,1.786837333004481,1.786837333004481
ClCCCl,-1.0799998647818783,-1.5715315054729901,-0.4915316406911119,0.4915316406911119
CC1(C)CON(Cc2ccccc2Cl)C1=O,-2.338299886240702,-3.2709216810570823,-0.9326217948163804,0.9326217948163804
CCC1(CC)C(=O)NC(=O)N(C)C1=O,-2.0999997690556973,-1.7931070742105806,0.3068926948451167,0.3068926948451167
O=C(O)c1ccccn1,0.8920002952147863,-0.7827451061386563,-1.6747454013534426,1.6747454013534426
COC(=O)CNC(=O)c1ccccc1,-1.0555998812804515,-2.037755083605694,-0.9821552023252427,0.9821552023252427
C/C=C/C(CCC)(C(=O)O)C(CCC)(CCC)C(=O)O,-3.4953596519049728,-2.908500828348486,0.5868588235564869,0.5868588235564869
O=C([O-])c1ccccc1C(=O)O,0.11504294030396789,-1.4991449475637526,-1.6141878878677205,1.6141878878677205
COC(=O)C1(O)c2ccccc2-c2ccc(Cl)cc21,-4.1836000018009,-4.551269465882159,-0.367669464081259,0.367669464081259
CN1C(=O)C(Cc2ccc(O)cc2)N(CC(=O)O)C1=O,-0.04999970366099449,-1.9543215417588589,-1.9043218380978644,1.9043218380978644
CCCCOCC(C)O,-0.405237635845912,-0.7535664929014443,-0.3483288570555323,0.3483288570555323
CC(C)(C)OC(=O)C1(S(=O)(=O)c2ccc(Cl)cc2)CC1,-4.120600240126363,-4.221791082286259,-0.10119084215989638,0.10119084215989638
CC(Oc1ccc(Oc2cnc3cc(Cl)ccc3n2)cc1)C(=O)OC1CCCO1,-5.020000026825617,-4.873022621215382,0.14697740561023487,0.14697740561023487
C=CCCCCCCCC,-5.510000396950055,-5.543061431180542,-0.033061034230486896,0.033061034230486896
Nc1ccccc1[N+](=O)[O-],-1.959999899923422,-2.031607640979184,-0.07160774105576206,0.07160774105576206
CC(=O)OC1CCC2C3CCC4=CC(=O)CCC4(C)C3CCC12C,-5.184000015493963,-4.872709438151043,0.31129057734291976,0.31129057734291976
CCCCOC(=O)/C=C\C(=O)O,-0.6677809724665331,-1.7757550209124597,-1.1079740484459266,1.1079740484459266
CC(=O)OCCN1CCN(CCCN2c3ccccc3Sc3ccc(Cl)cc32)CC1,-4.699999813280455,-4.190436336747427,0.5095634765330272,0.5095634765330272
CC(=O)CCCCCl,-1.4155736548582964,-1.3692351217850882,0.04633853307320823,0.04633853307320823
CCCCCCC(C/C=C\CCCCCCCC(=O)O)OS(=O)(=O)O,-0.5780997804547523,-2.5749216996905497,-1.9968219192357974,1.9968219192357974
c1ccc2c(c1)ccc1c2ccc2c3ccccc3ccc21,-7.870000281015942,-6.898684470151977,0.971315810863965,0.971315810863965
O=C(O)/C=C/c1cnc[nH]1,-1.9639998508326444,-1.7233669062936658,0.24063294453897854,0.24063294453897854
OCC1CN2CCN1CC2,0.8470946195196776,0.729571328863897,-0.1175232906557806,0.1175232906557806
N#CCN(CC#N)CC#N,-1.6475576950365103,-1.6041007498144326,0.04345694522207766,0.04345694522207766
Cc1nn(-c2ccccc2)c(N)c1C,-1.670399906804074,-0.8292759107009013,0.8411239961031727,0.8411239961031727
CC(C)OC(=O)C(O)(c1ccc(Br)cc1)c1ccc(Br)cc1,-4.933000145615007,-5.0770753973641565,-0.14407525174914948,0.14407525174914948
CCCCCC(=O)O,-1.0522191881139171,-1.4248487873208278,-0.37262959920691063,0.37262959920691063
O=C(/C=C/c1ccccc1)OCc1ccccc1,-4.820795998084149,-5.090240266246322,-0.2694442681621734,0.2694442681621734
O=C(OCC(=O)N1CCCCC1)c1ccccc1,-2.501099972452429,-2.708426574430777,-0.20732660197834774,0.20732660197834774
C=C(CC(=O)O)C(=O)O,-0.2250280426337583,0.01778476093347603,0.24281280356723434,0.24281280356723434
Nc1ccc(S(=O)(=O)Nc2nccs2)cc1,-2.4247998339744323,-2.9776628705426216,-0.5528630365681892,0.5528630365681892
C=C(OC(C)=O)c1ccccc1,-2.1135953509181498,-2.0201352580974286,0.09346009282072121,0.09346009282072121
O=C(OCC(=O)N1CCCCCC1)c1ccccc1,-2.5420998660993317,-2.7783699179628116,-0.23627005186347994,0.23627005186347994
CCOc1ccccc1NC(=O)c1cc2ccccc2cc1O,-5.186601684766654,-5.311921839652671,-0.12532015488601722,0.12532015488601722
CCCCCCCCCCOC(=O)c1cccnc1,-3.19009990170091,-4.856482442216268,-1.6663825405153578,1.6663825405153578
OCCS,1.1071491928819888,0.4132158539687789,-0.6939333389132099,0.6939333389132099
Cc1cc(O)ccc1S(=O)(=O)O,-0.28999979480640903,-0.7832483522614337,-0.4932485574550247,0.4932485574550247
CCOC(=O)[C@@H](C)Oc1ccc(Oc2cnc3cc(Cl)ccc3n2)cc1,-5.969400062558352,-5.369924613015934,0.5994754495424175,0.5994754495424175
COC(=O)C(=O)c1ccccc1,-1.9142372841423938,-2.182543244357626,-0.26830596021523223,0.26830596021523223
CC1=C(CC(=O)O)c2cc(F)ccc2/C1=C\c1ccc([S+](C)[O-])cc1,-4.552000042329735,-4.047764680670939,0.5042353616587958,0.5042353616587958
C=C1C(O)CC2CC1C2(C)C,-2.0961248015156944,-3.512485272053226,-1.4163604705375317,1.4163604705375317
CCCCCC(CO)Cc1ccccc1,-3.8432686310928452,-3.9917399709899364,-0.14847133989709116,0.14847133989709116
N#C/C=C/c1ccccc1,-2.0829702846519624,-2.4806395185793018,-0.3976692339273393,0.3976692339273393
Nc1ccc2ccc(S(=O)(=O)O)cc2c1,-3.0499998940436552,-1.6770471448805502,1.372952749163105,1.372952749163105
CCCCCCCCCCCCCC(=O)O,-5.329299980037243,-4.985944232637133,0.34335574740011054,0.34335574740011054
COC(=O)c1ccc(C)cc1,-2.5767201558529904,-2.7204116582788123,-0.14369150242582185,0.14369150242582185
CCCCc1ccc2[n-]nnc2c1,0.40402574608431463,-1.627495207258692,-2.0315209533430068,2.0315209533430068
CCCOCCC(=O)OCCC,-1.6847998404988045,-1.8035609565053987,-0.11876111600659423,0.11876111600659423
CCCCCCC(CCCC)COS(=O)(=O)[O-],0.14208738142094335,-1.332196704045564,-1.4742840854665074,1.4742840854665074
Cc1cc(=O)oc2c1cc(C)c1oc3c(c12)CCCC3,-5.090000237445579,-4.293996134805631,0.796004102639948,0.796004102639948
NS(=O)(=O)c1nnc(NS(=O)(=O)c2ccc([N+](=O)[O-])cc2[N+](=O)[O-])s1,-2.9100000222155415,-1.9997971305754563,0.9102028916400853,0.9102028916400853
C=C(C)[C@@H]1CC=C(C)C(=O)C1,-2.0607999878941845,-1.7713134528968673,0.28948653499731725,0.28948653499731725
CCOC(=O)CCCCCC(=O)OCC,-2.040799957294248,-2.303452197148789,-0.2626522398545408,0.2626522398545408
C=C1CCO[C@]2(C(O)C(C)(O)CO)NC(=O)[C@@]1(O)NC2=O,-0.19709967716948018,-0.7232621321663246,-0.5261624549968444,0.5261624549968444
CC(=O)Nc1cccc(O)c1,-1.0599997651684856,-1.1447181995432785,-0.08471843437479287,0.08471843437479287
O=c1ncc2nccnc2[nH]1,-1.9999998921098392,-1.1627889589745042,0.837210933135335,0.837210933135335
Cc1cc(N)nc(C)n1,-1.284299847130843,-0.3306015153176336,0.9536983318132095,0.9536983318132095
CCN(CC)Cc1cc(Nc2ccnc3cc(Cl)ccc23)ccc1O,-5.790000135214605,-3.956775959717559,1.8332241754970457,1.8332241754970457
COP(N)(=O)SC,0.8504000880189291,0.5022666770714199,-0.34813341094750916,0.34813341094750916
Nc1ccc2ccccc2c1N=Nc1ccccc1,-5.915999934617505,-5.654608432581245,0.26139150203626027,0.26139150203626027
CC1C(c2ccc(Cl)cc2)SC(=O)N1C(=O)NC1CCCCC1,-5.849999881947134,-4.839520729026543,1.010479152920591,1.010479152920591
C#CC1(OC(=O)CCCCCC)CCC2C3CCC4=CC(=O)CCC4C3CCC21C,-6.890000092874715,-5.969919595856798,0.920080497017917,0.920080497017917
COC(=O)/C=C(\C)OP(=O)(OC)OC,0.4276001906224032,0.04177880728540018,-0.385821383337003,0.385821383337003
Cc1cccc(O)c1,-0.6629184223679809,-0.9134756399387232,-0.25055721757074223,0.25055721757074223
COc1coc(CSP(=O)(OC)OC)cc1=O,0.7286001715079289,-1.549336639924797,-2.277936811432726,2.277936811432726
NC(CSCCCCCSCC(N)C(=O)O)C(=O)O,-2.9100000222155415,-1.8013616356824875,1.108638386533054,1.108638386533054
CC(Cc1cccc(CC(C)c2ccc(O)cc2)c1)c1ccc(O)cc1,-6.238635634028906,-4.560180483349659,1.6784551506792473,1.6784551506792473
COc1ccc2c3c1CCCC3CN(C(N)=NO)C2,-1.779999831564361,-1.8999005667735636,-0.11990073520920252,0.11990073520920252
c1cnc2ncncc2n1,0.020000092878230902,0.23866122335952866,0.21866113048129776,0.21866113048129776
CNC(=O)NC,0.9386365523381399,0.695172537797986,-0.24346401454015387,0.24346401454015387
CC(C)CN1CCOCC1,-0.7088997417917793,-0.45180515556686807,0.2570945862249112,0.2570945862249112
Clc1ccc(Oc2ccc(Cl)c(Cl)c2Cl)c(Cl)c1,-7.44000007170477,-7.8639994229704495,-0.4239993512656799,0.4239993512656799
COC(=O)c1c(Cl)c(Cl)c(Cl)c(Cl)c1C#N,-6.738767869661427,-6.694195390932963,0.044572478728463594,0.044572478728463594
CC(NC(=O)Cc1ccccc1)c1ccccc1,-3.1900000047230272,-3.7301295582705363,-0.540129553547509,0.540129553547509
CCCCCCCC/C=C\CCCCCCCCOCCO,-2.4949027711239826,-5.718471000485481,-3.2235682293614984,3.2235682293614984
O=C(O)c1cc(C(=O)O)cc(C(=O)O)c1,-1.9422994666982882,-1.5609190302557718,0.3813804364425164,0.3813804364425164
CCCCCCCN,-1.8499999041574111,-1.2831775503057465,0.5668223538516646,0.5668223538516646
CC(CCC(=O)O)C1CCC2C3C(O)CC4CC(O)CCC4(C)C3CCC12C,-4.5700001319817884,-4.390991372907913,0.17900875907387537,0.17900875907387537
Clc1ccc(-c2cc(Cl)c(Cl)cc2Cl)c(Cl)c1,-7.950300473923345,-7.808433652773328,0.14186682115001759,0.14186682115001759
CC1(C)[C@H](C(=O)O[C@H](C#N)c2cccc(Oc3ccccc3)c2)[C@@H]1C=C(Br)Br,-8.402400448240035,-6.850582091164625,1.55181835707541,1.55181835707541
Nc1nc(N)nc(N)n1,-2.8007795102533604,-2.177683592824235,0.6230959174291253,0.6230959174291253
COC(=O)COCO,0.9204429489548374,0.5070650446556848,-0.41337790429915255,0.41337790429915255
CC(=O)OC(OC(C)=O)C(OC(C)=O)OC(C)=O,-2.0999997690556973,-1.3396440841334882,0.7603556849222091,0.7603556849222091
COc1cc(OC)nc(NC(=O)NS(=O)(=O)c2c(Cl)nc3ccccn23)n1,-4.788599978513961,-4.6131611475035825,0.1754388310103785,0.1754388310103785
COc1ccc2c3c1OC1C(O)CCC4C(C2)N(C)CCC341,-0.9999998804090442,-1.6010983884149121,-0.601098508005868,0.601098508005868
COP(=S)(OC)SCN1C(=O)c2ccccc2C1=O,-4.099999861470743,-5.031326377234004,-0.9313265157632609,0.9313265157632609
CCCCCCCC/C=C\CCCCCCCC(=O)OCC(COC(=O)CCCCCCC/C=C\CCCCCCCC)(COC(=O)CCCCCCC/C=C\CCCCCCCC)COC(=O)CCCCCCC/C=C\CCCCCCCC,-7.378019638778644,-7.550458040766275,-0.17243840198763039,0.17243840198763039
C1CC2C3CC(C2C1)C1(CCCO1)C3,-5.941561414587163,-5.83923074618429,0.10233066840287286,0.10233066840287286
CCN1c2ncccc2C(=S)N(C)c2cccnc21,-4.633999898636996,-3.869221486372743,0.7647784122642531,0.7647784122642531
CC1(C)CC(NCCCCCCNC2CC(C)(C)NC(C)(C)C2)CC(C)(C)N1,-2.3507456004022966,-1.4345620172034617,0.916183583198835,0.916183583198835
Nc1nc(Cl)nc(Nc2ccc(S(=O)(=O)[O-])c(N/N=C3/C(=O)c4c(cc(S(=O)(=O)[O-])c(N=Nc5cc(S(=O)(=O)[O-])ccc5S(=O)(=O)[O-])c4N)C=C3S(=O)(=O)[O-])c2)n1,-0.5908003268034503,0.9205365312014755,1.5113368580049258,1.5113368580049258
O=S1(=O)CCCO1,-0.08687552569765744,-0.18239594624045674,-0.0955204205427993,0.0955204205427993
Nc1cc(=O)nc(N)[nH]1,-1.3781465533333248,-2.3046386764881728,-0.926492123154848,0.926492123154848
CC(C)=CC1CC(C)CCO1,-2.2244457304917393,-2.4476188572207054,-0.22317312672896605,0.22317312672896605
COc1cc(NC(=O)c2cc3ccccc3cc2O)c(OC)cc1Cl,-5.062270216654485,-5.800785006045468,-0.7385147893909831,0.7385147893909831
CCOC(=O)CCSP(=S)(OC(C)C)OC(C)C,-4.274778371731981,-4.55843954990298,-0.28366117817099923,0.28366117817099923
C=CC(c1ccc(O)cc1)C(C=C)c1ccc(O)cc1,-4.949999816205654,-3.484135096344514,1.4658647198611403,1.4658647198611403
CC(=O)OC(C)C,-0.5467676713295613,-0.7073818598356132,-0.1606141885060519,0.1606141885060519
COCC(F)F,-0.28359976293012323,-0.4280374733513552,-0.144437710421232,0.144437710421232
c1cc(OCC2CO2)cc(N(CC2CO2)CC2CO2)c1,-2.1925610306225716,-2.1857475391300545,0.0068134914925170875,0.0068134914925170875
CCC1(CC)OC(=O)c2cc([N+](=O)[O-])ccc21,-3.6600000854470682,-3.7252095889764063,-0.06520950352933808,0.06520950352933808
CCCCCCCCCCCCOC(=O)/C=C/C(=O)OCCCCCCCCCCCC,-6.4797382841509386,-7.129806670288881,-0.6500683861379422,0.6500683861379422
O=C(O)CCl,0.9277004040112362,0.2777984783297036,-0.6499019256815326,0.6499019256815326
Clc1cc(Cl)c(-c2c(Cl)c(Cl)c(Cl)c(Cl)c2Cl)c(Cl)c1Cl,-10.103500984309699,-9.595547039602701,0.5079539447069976,0.5079539447069976
CC(C)C(NCCC#N)C(=O)O,-1.1199997879548391,-0.5174882984462639,0.6025114895085752,0.6025114895085752
CN(C)C(=O)C(CCN1CCC(O)(c2ccc(Cl)cc2)CC1)(c1ccccc1)c1ccccc1,-4.673121418539152,-3.9575063981382224,0.7156150204009295,0.7156150204009295
CCCCOP(=O)(OCCCC)Oc1ccccc1,-3.474600024699119,-4.109088657601473,-0.6344886329023538,0.6344886329023538
O=C(C(F)(F)C(F)(F)F)C(F)(C(F)(F)F)C(F)(F)F,-1.499743294229205,-5.053835806115661,-3.5540925118864557,3.5540925118864557
c1ccc(N=Nc2ccccc2)cc1,-4.454400108324028,-5.131333500592765,-0.6769333922687375,0.6769333922687375
COc1ccc(N)cc1NS(=O)(=O)c1ccc(N)cc1,-5.079999911585057,-3.66045136443731,1.4195485471477474,1.4195485471477474
CC(=O)Nc1c(I)c(C(=O)NC2C(O)[C@H](O)C(CO)O[C@@H]2O)c(I)c(N(C)C(C)=O)c1I,-0.19819975166167314,-2.365946883843959,-2.167747132182286,2.167747132182286
Oc1c2ccccc2cc2ccccc12,-4.732900184184855,-4.9272576739496134,-0.19435748976475864,0.19435748976475864
CC=CC(=O)Nc1ccc(O)cc1,-2.646399902488982,-2.489165337440893,0.15723456504808908,0.15723456504808908
CNC(=O)CSP(=S)(OC)OC,-0.9623998311627782,-1.8494565612165683,-0.8870567300537902,0.8870567300537902
O=c1nc(-c2ccccc2)oc2ccccc12,-4.610000193181662,-4.873845675694296,-0.2638454825126342,0.2638454825126342
COC(=O)C(NC(=O)C(Cl)Cl)C(C)O,-0.6199999201313542,-0.42497658854095777,0.19502333159039642,0.19502333159039642
Cc1cccc2[nH]c(=S)[nH]c12,-3.1362790504775644,-2.2187231347017375,0.9175559157758268,0.9175559157758268
Nc1nc2c(O)cccc2s1,-1.919599905744737,-1.6308335261631055,0.28876637958163154,0.28876637958163154
CCCCCCCCOC(N)=O,-3.299999914222218,-2.879663469398932,0.420336444823286,0.420336444823286
Cc1ccc(C(=O)O)cc1,-2.529999874846685,-2.066870342490094,0.46312953235659116,0.46312953235659116
CCCCCCCCc1ccccc1,-6.460000159617367,-5.880041439440957,0.5799587201764105,0.5799587201764105
Clc1cc(-c2c(Cl)cc(Cl)c(Cl)c2Cl)cc(Cl)c1Cl,-9.10000061010928,-8.948963833004015,0.15103677710526497,0.15103677710526497
CC(C)C(N)C(=O)NC(C(=O)O)C(C)C,-0.39999979057241974,-0.7162556100367521,-0.31625581946433234,0.31625581946433234
N=C(N)N,0.7166401395445021,0.322019264485256,-0.39462087505924615,0.39462087505924615
O=C1NC(=O)C(O)(C2(O)C(=O)NC(=O)NC2=O)C(=O)N1,-1.994199863221955,-1.1693681497831445,0.8248317134388106,0.8248317134388106
Cc1ncc(CO)c(C=NC(C(=O)O)C(C)C)c1O,-1.599999832218756,-1.9610797534729416,-0.36107992125418553,0.36107992125418553
Cc1ccc(-c2ccc(C)cc2)cc1,-6.017700372138152,-4.6499894882823645,1.3677108838557874,1.3677108838557874
CCOP(=S)(OCC)ON=C(C#N)c1ccccc1,-4.862000068041287,-5.470418419267979,-0.6084183512266916,0.6084183512266916
CCOP(=S)(OCC)SC(CCl)N1C(=O)c2ccccc2C1=O,-5.849999881947134,-5.46975754641119,0.3802423355359448,0.3802423355359448
NCCCC[C@H](N)C(=O)O,0.43734820328697355,0.47555957372846214,0.03821137044148859,0.03821137044148859
CCOC(=O)OCn1cnc2c1c(=O)n(C)c(=O)n2C,-1.8599998849506514,-1.6769520443378751,0.18304784061277624,0.18304784061277624
CC1(C)[C@H](C(=O)O[C@H](C#N)c2cccc(Oc3ccccc3)c2)[C@@H]1/C=C\C(=O)OC(C(F)(F)F)C(F)(F)F,-7.432500241390116,-6.764284628911453,0.6682156124786633,0.6682156124786633
O=[N+]([O-])c1cc(Cl)cc(Cl)c1O,-4.087600213791177,-2.850718311430758,1.2368819023604187,1.2368819023604187
O=[N+]([O-])c1cc(Cl)ccc1Cl,-3.364225354879274,-3.834255128642855,-0.47002977376358057,0.47002977376358057
CN(C)CCCNC1CC(C)(C)NC(C)(C)C1,0.3161917682417954,-0.26433369043711696,-0.5805254586789124,0.5805254586789124
O=C([O-])c1cc2ccccc2c(N=Nc2ccc3ccccc3c2S(=O)(=O)[O-])c1[O-],-7.67700442674246,-2.0231634305295767,5.6538409962128835,5.6538409962128835
Clc1cc(Cl)c(Cl)cc1Cl,-5.469999921669444,-7.211968018083702,-1.7419680964142579,1.7419680964142579
O=C(Nc1ccc(NC(=O)C2=Cc3ccccc3/C(=N\Nc3cc(Cl)ccc3Cl)C2=O)c(Cl)c1)C1=Cc2ccccc2/C(=N\Nc2cc(Cl)ccc2Cl)C1=O,-7.869298552193067,-8.411542246705144,-0.5422436945120772,0.5422436945120772
Ic1cccc(I)c1,-4.518000149040792,-4.308178814140171,0.20982133490062083,0.20982133490062083
NCCS(=O)(=O)O,-0.19059971380858398,0.800453393427476,0.99105310723606,0.99105310723606
CC(C(=O)O)c1ccc2c(c1)[nH]c1ccc(Cl)cc12,-4.699999813280455,-5.549475265748072,-0.8494754524676171,0.8494754524676171
CC(=O)C(=O)O,1.0552000038447722,0.37361262014218743,-0.6815873837025848,0.6815873837025848
COC(=O)/C=C\C(=O)OC,-0.2672049262698142,-0.7741483759507961,-0.5069434496809819,0.5069434496809819
CCOP(=S)(OCC)SCSC(C)(C)C,-4.755000087217285,-5.205015165021482,-0.45001507780419736,0.45001507780419736
CN1c2ccccc2Sc2ccc(CC(=O)O)cc21,-3.942199903682548,-4.267034647863035,-0.3248347441804871,0.3248347441804871
CC(C)(C)CC(C)(C)c1ccc(O)cc1,-4.469462433171586,-4.400381067707775,0.06908136546381094,0.06908136546381094
CC(=O)OC1C(=O)C2(C)C(O)CC3OCC3(OC(C)=O)C2C(OC(=O)c2ccccc2)C2(O)CC(OC(=O)C(O)C(NC(=O)c3ccccc3)c3ccccc3)C(C)=C1C2(C)C,-6.3300000642379635,-4.104145223732227,2.225854840505736,2.225854840505736
CC(=O)OCCC(C)C,-1.8134999294033378,-1.7997458926453973,0.013754036757940513,0.013754036757940513
C1CCCCCC1,-3.5148999148595528,-4.230281117670799,-0.7153812028112463,0.7153812028112463
C(=C\CSc1nnc(-c2ccccc2)c(-c2ccccc2)n1)/CSc1nnc(-c2ccccc2)c(-c2ccccc2)n1,-7.025125955674705,-6.09396797077154,0.931157984903165,0.931157984903165
CC12CCC3C(=CCc4cc(O)ccc43)C1CCC2O,-4.400000113429424,-4.416623522656743,-0.016623409227318753,0.016623409227318753
Nc1nc(N)c2nc(N)[nH]c2n1,-1.519999847845922,-2.5479969279066648,-1.0279970800607428,1.0279970800607428
CCc1nc2[nH]c(=O)[nH]c(=O)c2nc1CC,-2.39000000571441,-3.2558556984963447,-0.8658556927819347,0.8658556927819347
O=C(O)C1CCNCC1,0.3840317196550691,0.5017159496907615,0.1176842300356924,0.1176842300356924
O=C(OCc1ccccc1)c1ccccc1,-4.17762467873421,-4.5116016354605435,-0.33397695672633354,0.33397695672633354
Clc1cc(Cl)c(-c2cc(Cl)c(Cl)c(Cl)c2Cl)c(Cl)c1,-8.680000726658628,-8.895106835982974,-0.2151061093243456,0.2151061093243456
Cc1ccc(N/N=C2\C(=O)C(C(=O)[O-])=Cc3ccccc32)c(S(=O)(=O)[O-])c1,-5.129839911373191,-1.9395206398834737,3.190319271489717,3.190319271489717
CCCCCC1(CC)C(=O)NC(=O)NC1=O,-2.509999913260205,-2.99649554715723,-0.4864956338970252,0.4864956338970252
NS(=O)(=O)c1cc2c(cc1Cl)NC(C(Cl)Cl)NS2(=O)=O,-3.180000023929787,-1.9450781554861902,1.234921868443597,1.234921868443597
CCC(C)OC(=O)Nc1cccc(Cl)c1,-3.172699884050714,-4.704285134831159,-1.531585250780445,1.531585250780445
O=C(O)COc1cccc(Cl)c1Cl,-2.809699939430952,-2.582691855713229,0.22700808371772307,0.22700808371772307
CCCCC(=O)OCn1c(=O)[nH]cc(F)c1=O,-1.6599998550051098,-2.066920998366961,-0.40692114336185137,0.40692114336185137
Nc1c(S(=O)(=O)[O-])cc(NC2CCCCC2)c2c1C(=O)c1ccccc1C2=O,-1.2963650556015531,-2.1961397233950093,-0.8997746677934562,0.8997746677934562
CC(C)(C)Cl,-1.5069997830972166,-2.6188071494623157,-1.1118073663650991,1.1118073663650991
O=C(Cn1cnc([N+](=O)[O-])n1)Nc1cc(C(F)(F)F)ccc1Cl,-5.968106750388735,-4.955479760683576,1.0126269897051587,1.0126269897051587
O=C(O)CCP(=O)(O)c1ccccc1,-0.8283048913718454,-0.3505201790526833,0.4777847123191621,0.4777847123191621
CCCCCCCCCC[N+](C)(C)CCCCCCCCCC,-2.9677471508660886,-2.8193337348254737,0.14841341604061498,0.14841341604061498
COC(=O)c1cccnc1,-0.45955067378567493,-0.6577945873241688,-0.1982439135384939,0.1982439135384939
CCNP(=S)(OC)OC(C)=CC(=O)OC(C)C,-3.407999969040346,-2.478886162710503,0.929113806329843,0.929113806329843
O=C(OCC(=O)N(CCO)CCO)c1ccccc1,0.43000020257601035,-1.0913426403928472,-1.5213428429688576,1.5213428429688576
CCCCC(CC)C1OCCO1,-3.1195969107989994,-3.110808081655743,0.008788829143256294,0.008788829143256294
Cc1cccc2c1c(C)cc1cc3ccccc3cc12,-7.974300041351766,-6.954501449329749,1.019798592022017,1.019798592022017
COc1ccc2c3c1OC1C(O)C=CC4C(C2)N(C)CCC341,-1.519999847845922,-1.5419527522165977,-0.021952904370675652,0.021952904370675652
N#C[O-],0.5685386427593095,-0.09198058908137696,-0.6605192318406865,0.6605192318406865
Cc1cc(OC(=O)N(C)C)n(-c2ccccc2)n1,-2.0885997812895196,-2.380575321092244,-0.29197553980272417,0.29197553980272417
Clc1cccc(-c2cc(Cl)c(Cl)c(Cl)c2Cl)c1Cl,-8.420600124807486,-8.30723806950812,0.1133620552993655,0.1133620552993655
O=C([O-])Cc1ccccc1Nc1c(Cl)cccc1Cl,-1.1742318040969963,-4.24851695728931,-3.074285153192313,3.074285153192313
Cc1cccc(N)c1,-0.9508351082765965,-1.0654812279424446,-0.11464611966584815,0.11464611966584815
OCc1ccncc1,0.9621002992924468,0.7851401356530916,-0.17696016363935518,0.17696016363935518
CCC(=O)OCC(=O)C1(OC(=O)CC)C(C)CC2C3CCC4=CC(=O)C=CC4(C)C3(F)C(O)CC21C,-3.769999943186167,-4.633233573219097,-0.86323363003293,0.86323363003293
COc1ccc(N/N=C2/C(=O)c3ccc(Nc4nc(Nc5ccc6c(c5)C=C(S(=O)(=O)[O-])/C(=N/Nc5ccc(OC)cc5S(=O)(=O)[O-])C6=O)nc(N5CCOCC5)n4)cc3C=C2S(=O)(=O)[O-])c(S(=O)(=O)[O-])c1,-1.8252825967842714,-0.4170911110329305,1.408191485751341,1.408191485751341
OCC1CC2CC1C1CCC(CO)C21,-1.251505342868289,-2.029403351187425,-0.7778980083191362,0.7778980083191362
CN=C(NC)N1Cc2cccc3cccc(c23)C1,-1.149999799348016,-2.5345859570396083,-1.3845861576915923,1.3845861576915923
CC(=O)Oc1ccccc1C(=O)OCC(=O)NCC(N)=O,-2.519999894053445,-2.144391087461577,0.3756088065918681,0.3756088065918681
C[C@]12CCC(=O)C=C1CC[C@@H]1[C@@H]2C(=O)C[C@]2(C)C(=O)CC[C@@H]12,-3.4842998314645177,-2.962120695133946,0.5221791363305717,0.5221791363305717
CC(=O)O[C@@H]1C[C@@H]2CC[C@@]1(C)C2(C)C,-3.4963237698884067,-4.662697350057422,-1.1663735801690152,1.1663735801690152
CCC(Cl)Cl,-1.6216998712858313,-2.193914591539471,-0.5722147202536398,0.5722147202536398
CN(C)C(=O)Nc1ccc(Cl)c(Cl)c1,-3.744299884196413,-3.9035236585999424,-0.15922377440352964,0.15922377440352964
CCCCCCCc1ccn(CCC(=O)O)c(=O)c1,-4.400000113429424,-3.3393322357264066,1.0606678777030178,1.0606678777030178
CCOC(=O)C1=NN(c2ccccc2)C(=O)C1N=Nc1ccc(-c2ccc(N=NC3C(=O)N(c4ccccc4)N=C3C(=O)OCC)c(Cl)c2)cc1Cl,-8.526560072846209,-7.787925614122134,0.738634458724075,0.738634458724075
O=c1c2ccc3c4c(ccc(c24)c2nc4ccccc4n12)c(=O)n1c2ccccc2nc31,-7.757995306319742,-5.956608832528177,1.801386473791565,1.801386473791565
Cc1cc(C)c(S(=O)(=O)Nc2nnc(S(N)(=O)=O)s2)c(C)c1,-2.6999999796658702,-2.4366693892967506,0.26333059036911965,0.26333059036911965
COc1cc(-c2ccc(N)c(OC)c2)ccc1N,-3.6098000424578207,-2.4054144372156165,1.2043856052422042,1.2043856052422042
CCCCCCC(=O)N(C)S(=O)(=O)c1ccc(N(C)C)cc1,-3.6800000470335483,-3.970639382803613,-0.29063933577006473,0.29063933577006473
CC(=O)O[C@H]1CC[C@@]2(C)C(=CC[C@@H]3[C@@H]2CC[C@]2(C)C(=O)CC[C@@H]32)C1,-4.458399852192882,-4.606030953260459,-0.14763110106757704,0.14763110106757704
O=C1CN(/N=C/c2ccc([N+](=O)[O-])o2)C(=O)N1,-3.3800000711286926,-4.113788197916426,-0.7337881267877333,0.7337881267877333
CC1(C)OC(=O)c2cc([N+](=O)[O-])ccc21,-3.0515999192660908,-3.0408656352986387,0.010734283967452019,0.010734283967452019
OCCCCl,0.42230023323831034,0.2910529266780464,-0.13124730656026395,0.13124730656026395
CCOP(=S)(OCC)Oc1cc(-c2ccccc2)on1,-5.217199766771458,-5.4467567417212255,-0.22955697494976768,0.22955697494976768
O=C(O)C(=O)C(c1ccccc1)c1ccccc1,-2.3354000098236725,-2.796705792586118,-0.4613057827624454,0.4613057827624454
CCCCCCOCCO,-1.1693997579460946,-1.4943279463463075,-0.32492818840021287,0.32492818840021287
CCCCC(CC)COC(=O)c1c(Br)c(Br)c(Br)c(Br)c1C(=O)OCC(CC)CCCC,-5.949075323646887,-7.155269599043052,-1.2061942753961654,1.2061942753961654
NCCO,0.9211783563443485,1.4794933524339613,0.5583149960896128,0.5583149960896128
CC(C)C1OCC2(CO1)COC(C(C)C)OC2,-3.1099998478165527,-2.580495985563129,0.5295038622534238,0.5295038622534238
c1ccc(C2=[NH+]CCN2)cc1,-1.1265179708681785,-1.0321346160301075,0.09438335483807103,0.09438335483807103
CON(C)C(=O)Nc1ccc(Br)cc1,-2.8949999167729423,-2.9432434099465716,-0.048243493173629304,0.048243493173629304
Cc1ccc(C(=O)O)cc1C,-3.1600000278365785,-2.5580677855194462,0.6019322423171323,0.6019322423171323
COc1cc(N=Nc2c(Br)cc([N+](=O)[O-])cc2[N+](=O)[O-])c(NC(C)=O)cc1N(CCOC(C)=O)CCOC(C)=O,-5.4951199915731,-6.139755638437177,-0.644635646864077,0.644635646864077
CCCCc1ccc(C(=O)O)c(C(=O)O)c1CCCC,-4.400000113429424,-3.666397701852386,0.7336024115770385,0.7336024115770385
CCCN(CCC)c1c([N+](=O)[O-])cc(S(=O)(=O)N=S(C)C)cc1[N+](=O)[O-],-4.860000196106861,-4.807234577882527,0.0527656182243339,0.0527656182243339
CCC1OC(=O)c2cc(C#N)ccc21,-2.3099998488079354,-4.490728239572106,-2.1807283907641706,2.1807283907641706
Clc1cc(Cl)c(Oc2c(Cl)c(Cl)c(Cl)c(Cl)c2Cl)cc1Cl,-10.100001173917724,-9.494858063296457,0.6051431106212668,0.6051431106212668
Cc1cc(C)c(N)cc1C,-1.954899943535463,-1.302336927995432,0.652563015540031,0.652563015540031
Clc1cc(Cl)c(-c2ccccc2)c(Cl)c1,-6.060000099726285,-6.348187318383293,-0.2881872186570087,0.2881872186570087
CN=C(NCC1CCOC1)N[N+](=O)[O-],-0.5694145750160144,-1.60498550232321,-1.0355709273071956,1.0355709273071956
c1cc2ccc3ccc4ccc5ccc6ccc1c1c2c3c4c5c61,-8.8300006455976,-6.83209145386574,1.9979091917318605,1.9979091917318605
CC1(C)[C@@H](C(=O)[O-])CC[C@@]1(C)C(=O)[O-],-1.4206998363596202,-0.9681446492856838,0.4525551870739364,0.4525551870739364
O=C(c1ccccc1)c1ccccc1,-3.882202848474812,-4.031047137089331,-0.14884428861451893,0.14884428861451893
CN1C(=O)CN=C(c2ccccc2)c2cc(Cl)ccc21,-3.7099999894132694,-4.344568505391201,-0.6345685159779313,0.6345685159779313
CCCCCCCCC(=O)OC1CCC2C3CCC4=CC(=O)CCC4C3CCC12C,-5.71999978656773,-5.817694683089201,-0.09769489652147101,0.09769489652147101
C=COC(=O)C(CC)CCCC,-4.151910817053212,-3.552105897270786,0.5998049197824256,0.5998049197824256
CC(C)CNCc1cc2cc(S(N)(=O)=O)oc2s1,-1.329999867707077,-2.2415696253035873,-0.9115697575965103,0.9115697575965103
COc1cc(N=Nc2ccc3cc(S(=O)(=O)[O-])cc(S(=O)(=O)[O-])c3c2)ccc1NC(=O)c1ccc(N=Nc2c([O-])nc(NC#N)nc2O)cc1,-0.8216486815460606,-1.1180449127938696,-0.296396231247809,0.296396231247809
O=C(C1CCCC1)N(O)C1CCCCC1,-3.1600000278365785,-2.3766689524296596,0.7833310754069189,0.7833310754069189
Cc1ccc2[nH]c(=O)c(=O)[nH]c2c1,-3.0417999653490306,-3.5573211061306376,-0.5155211407816069,0.5155211407816069
Cc1ccc(C2(O)CCN(CCCC(=O)c3ccc(F)cc3)CC2)cc1,-4.349999864395942,-3.374989763220367,0.9750101011755747,0.9750101011755747
Cc1c(Cl)cc(-c2ccc(=O)[nH]n2)cc1Cl,-5.537500050824276,-4.464924108290369,1.0725759425339074,1.0725759425339074
CCCCCCNC(=O)C(C)O,-0.9486998319410602,-1.4084825222313948,-0.4597826902903346,0.4597826902903346
Oc1ccc(Cl)c(O)c1,-1.0705675196660713,-0.49390557229342846,0.5766619473726429,0.5766619473726429
CCOC(=O)c1c(C)oc(C)c(C(=O)OCC)c1=O,-1.5254999442530612,-1.9448001692845245,-0.41930022503146325,0.41930022503146325
CN(C)C(=O)COC(=O)c1ccccc1O,-1.7099999660116796,-1.7941381352465504,-0.08413816923487083,0.08413816923487083
Clc1cccc(Oc2cc(Cl)c(Cl)cc2Cl)c1,-7.26999977709858,-7.444778563413642,-0.17477878631506272,0.17477878631506272
CCCOC(=O)c1ccccc1,-2.6700998997573038,-3.3438875724245825,-0.6737876726672787,0.6737876726672787
Cc1c(Cl)ccc(OC(C)C(=O)Nc2ccccc2)c1Cl,-7.005700600124737,-5.903015190856081,1.1026854092686555,1.1026854092686555
CCCCCCCC,-5.238200285446258,-5.3435123351579605,-0.10531204971170283,0.10531204971170283
Cc1cc(O)n(CCC(=O)O)c(=O)c1C(N)=O,-1.602448705699369,-1.660667767234435,-0.05821906153506595,0.05821906153506595
CC(C)CC(N)C(=O)NC(C(=O)O)C(C)C,-0.16999974923370154,-0.9322660716914413,-0.7622663224577397,0.7622663224577397
CCCCCCS(=O)(=O)NS(=O)(=O)CCCCCC,-2.1999999220553805,-2.181725572928297,0.01827434912708359,0.01827434912708359
C[C@H](N)c1ccccc1,-0.46019222287472283,-0.4716200230637586,-0.011427800189035775,0.011427800189035775
CC(=O)C(N=Nc1ccc(-c2ccc(N=NC(C(C)=O)C(=O)Nc3ccccc3C)c(Cl)c2)cc1Cl)C(=O)Nc1ccccc1C,-8.914845236570368,-8.076198685518685,0.8386465510516832,0.8386465510516832
CCCCCCCCC(=O)O,-5.635368033093953,-3.047152761160544,2.588215271933409,2.588215271933409
CCC(C)(C)c1ccc(O)c(C(C)(C)CC)c1,-4.89280463830711,-5.813739935993803,-0.9209352976866931,0.9209352976866931
Clc1cc(Cl)c2nsnc2c1Cl,-4.980000103652655,-5.712656202717965,-0.7326560990653102,0.7326560990653102
O=C([O-])CSSCC(=O)[O-],0.4596033865959055,-0.029936939829350973,-0.48954032642525647,0.48954032642525647
CCCCC1(CCCC)C(=O)NC(=O)NC1=O,-2.875600034736667,-3.259675765831922,-0.38407573109525517,0.38407573109525517
CNn1cc(C(=O)O)c(=O)c2cc(F)c(N3CCN(C)CC3)cc21,-3.7300000200132057,-2.64227075838971,1.0877292616234957,1.0877292616234957
CN(C)c1ccc(C(=O)c2ccc(N(C)C)cc2)cc1,-2.8266999033287874,-3.8226012403712333,-0.9959013370424459,0.9959013370424459
O=C(O)c1ccccc1[N+](=O)[O-],-1.3499998292935576,-2.166450272554836,-0.8164504432612782,0.8164504432612782
Cc1ccccc1NC(=O)C1=Cc2ccccc2/C(=N\Nc2cc(Cl)c(Cl)cc2Cl)C1=O,-7.6943096889172615,-8.392884872896023,-0.6985751839787611,0.6985751839787611
CCCC1CC(=O)C=C(C)C1,-1.7725869582045481,-2.535829993601482,-0.7632430353969339,0.7632430353969339
CNC1CN(c2cc3c(cc2F)c(=O)c(C(=O)O)cn3C2CC2)C1,-5.40999989888309,-3.9307287630430046,1.4792711358400852,1.4792711358400852
CCCCCCCCSc1nc(Nc2cc(C(C)(C)C)c(O)c(C(C)(C)C)c2)nc(SCCCCCCCC)n1,-7.46906522681995,-7.3232364811750905,0.14582874564485948,0.14582874564485948
Clc1cnc2cncnc2n1,-0.8748998784483781,-0.6903164884346427,0.18458339001373547,0.18458339001373547
NC(=O)C(Cl)(Cl)Cl,-1.0965999474609944,-1.0315720183349786,0.06502792912601585,0.06502792912601585
CC(C)=NNC(=O)NC1c2ccccc2Oc2ccccc21,-4.170000072090706,-5.35072976240975,-1.180729690319044,1.180729690319044
CON(C)C(=O)Nc1ccc(Br)c(Cl)c1,-3.923599949069005,-3.859832481707444,0.06376746736156091,0.06376746736156091
CC(=O)c1c(C)c([N+](=O)[O-])c(C(C)(C)C)c([N+](=O)[O-])c1C,-5.190100252916416,-4.044438370107908,1.1456618828085077,1.1456618828085077
CCCN(CCC)c1c([N+](=O)[O-])cc(C)cc1[N+](=O)[O-],-2.9662999516291175,-4.909965248277668,-1.9436652966485508,1.9436652966485508
C/C(=C/C(=O)O)C(=O)O,0.7795003560105571,0.18066838793396167,-0.5988319680765954,0.5988319680765954
CC(=O)OCCS,-1.4999998862594417,-0.9503394536340035,0.5496604326254382,0.5496604326254382
CCCC(=O)OCN1C(=O)NC(c2ccccc2)(c2ccccc2)C1=O,-4.6799998516939745,-4.574856746923105,0.1051431047708693,0.1051431047708693
O=c1[nH]c2cc(Cl)ccc2o1,-2.660000004732817,-3.784672411019521,-1.1246724062867042,1.1246724062867042
O=C(O)CC(O)(CC(=O)O)C(=O)Nc1ccccc1,-0.48739981180220937,-0.7771804131364926,-0.2897806013342832,0.2897806013342832
CN1/C(=C(/O)Nc2ccccn2)C(=O)c2ccccc2S1(=O)=O,-4.158599877284159,-3.3954531156586563,0.7631467616255025,0.7631467616255025
CC(=O)O[C@]1(C(C)=O)CC[C@H]2[C@@H]3CCC4=CC(=O)CC[C@@H]4[C@H]3CC[C@@]21C,-4.995753805304654,-4.7346534020267415,0.2611004032779123,0.2611004032779123
COC12C(COC(N)=O)C3=C(C(=O)C(C)=C(N)C3=O)N1CC1NC12,-2.5599998517331337,-3.086868228120318,-0.5268683763871844,0.5268683763871844
CCN1c2cc(OC)cc(C)c2NC(=O)c2cccnc21,-5.152999861093204,-4.541201368807627,0.611798492285577,0.611798492285577
O=C(O)COc1c(Cl)cccc1Cl,-2.1500000180891794,-2.4923760849714784,-0.34237606688229905,0.34237606688229905
CCCCCCCC(C(=O)O)C(=O)O,-2.041099889774993,-2.1311814978597785,-0.09008160808478571,0.09008160808478571
C[Si](C)(C)O[Si](C)(O[Si](C)(C)C)O[Si](C)(C)C,-5.936026259344263,-6.44418614020463,-0.5081598808603669,0.5081598808603669
COc1ccc(S(=O)(=O)Nc2nnc(S(N)(=O)=O)s2)cc1,-2.249999895035038,-1.9895268240741908,0.26047307096084715,0.26047307096084715
O=Nc1c(O)ccc2ccccc12,-2.9374000406081797,-3.722734490382429,-0.7853344497742492,0.7853344497742492
CN(C)CCOC(c1ccccc1)c1ccccc1,-2.94999998690441,-3.391173349691178,-0.4411733627867682,0.4411733627867682
CN(C)N=O,1.1303004469065185,0.9706441651728404,-0.15965628173367818,0.15965628173367818
Cc1ccc(C(C)C)c(O)c1,-2.1899999412621405,-2.96465414460516,-0.7746542033430197,0.7746542033430197
CCCC(=O)OCCC(C)C,-2.932851967576271,-3.7989719991489035,-0.8661200315726325,0.8661200315726325
CC(C)(C)NCc1ccc(S(=O)(=O)c2csc(S(N)(=O)=O)c2)cc1,-1.9799999305233587,-2.4596499040305853,-0.4796499735072266,0.4796499735072266
Nc1cccc2cccc(S(=O)(=O)O)c12,-3.0699998728834994,-1.8097988067595605,1.260201066123939,1.260201066123939
C=C(C)CCC,-3.0329999387725017,-3.442653557786632,-0.4096536190141302,0.4096536190141302
CC(Cl)C(Cl)(Cl)C(O)O,-0.8665999061222762,-0.19780057783088,0.6687993282913962,0.6687993282913962
CCCCNCc1ccc(S(=O)(=O)c2csc(S(N)(=O)=O)c2)cc1,-1.6799998165915901,-2.2462782753947623,-0.5662784588031722,0.5662784588031722
CCCCC1CCC(C2CCC(=O)CC2)CC1,-6.373645830276267,-4.311540045512051,2.062105784764216,2.062105784764216
FC(F)F,-1.2333998006551268,-1.0671118778860789,0.1662879227690479,0.1662879227690479
O=C1OC2(c3ccc(O)cc3Oc3cc(O)ccc32)c2ccccc21,-3.8225998601021085,-4.403417797808494,-0.5808179377063856,0.5808179377063856
COC[C@H](N)C(=O)O,0.6524002060616394,0.19632671298945992,-0.4560734930721795,0.4560734930721795
CCc1ccccc1[N+](=O)[O-],-2.799299887631988,-3.147231175419584,-0.34793128778759597,0.34793128778759597
Cc1cc(O)c(C)c(C)c1O,-1.6383264551321368,-1.0602208842822236,0.5781055708499132,0.5781055708499132
COc1ccc2cc(C(C)C(=O)OCCOC(=O)CN3CCOCC3)ccc2c1,-4.30000016747011,-3.8646304352109717,0.4353697322591379,0.4353697322591379
CN1C(C)(C)CC(OC(=O)CCCCCCCCC(=O)OC2CC(C)(C)N(C)C(C)(C)C2)CC1(C)C,-4.61122131727607,-3.871421773384041,0.7397995438920288,0.7397995438920288
COc1cccc(C(=O)O)c1,-1.929999819516789,-2.059076928932668,-0.1290771094158789,0.1290771094158789
O=[N+]([O-])C(CO)(CO)CO,0.8210000796141541,0.4197591577801836,-0.40124092183397053,0.40124092183397053
CC1CCCCN1CCCOC(=O)c1ccc(Cl)c(Cl)c1,-4.217800172139802,-4.270578902920818,-0.05277873078101525,0.05277873078101525
C[C@H](NC(N)=O)C(=O)[O-],-0.9655998471009211,-0.2879534078024881,0.6776464392984329,0.6776464392984329
Cc1cc2c3ccccc3ccc2c2ccccc12,-6.571499955814014,-6.704127255444911,-0.13262729963089726,0.13262729963089726
Clc1ccc(-c2c(Cl)cc(Cl)c(Cl)c2Cl)c(Cl)c1,-7.472099610463159,-8.284283089753089,-0.8121834792899296,0.8121834792899296
CC1(C)CC2(CC(C)(C)N1)OC1(CCCCCCCCCCC1)NC2=O,-5.08466439306425,-3.4340868139455005,1.6505775791187491,1.6505775791187491
N#CCCCCC#N,-0.13091246000583245,0.25322692737610675,0.3841393873819392,0.3841393873819392
Nc1ccc(-c2ccc(N)c(Cl)c2)cc1Cl,-4.087434719523154,-3.027720780318778,1.059713939204376,1.059713939204376
NC(Cc1ccccc1)C(=O)O,-1.0656998625717586,-1.0805950368283446,-0.01489517425658593,0.01489517425658593
C=Cc1ccc(O)c(C=C)c1,-3.3940627015561335,-2.4810578091374684,0.9130048924186651,0.9130048924186651
O=[N+]([O-])c1cccc(Br)c1,-1.3053998832095164,-3.0162622691417234,-1.710862385932207,1.710862385932207
CC(C)(C)Cc1ccccc1,-4.150000110504225,-4.694093503669988,-0.5440933931657632,0.5440933931657632
CNC(=S)NC1C(=O)NC(=O)NC1=O,-0.4599998133587735,-1.9209248260773042,-1.4609250127185307,1.4609250127185307
Cc1ccc(P(=O)(O)O)c(C)c1,-1.093799795488207,-1.6640107790538716,-0.5702109835656646,0.5702109835656646
O=C1NCC(=O)N(CC(O)C(O)C(O)CO)c2ccccc21,-1.4599999630864808,-1.3233863081972377,0.13661365488924315,0.13661365488924315
CN(C)c1ccc(O)c2c1CC1CC3C(N(C)C)C(O)=C(C(N)=O)C(=O)C3(O)C(O)=C1C2=O,-0.9399998576226907,-2.5925438716563267,-1.652544014033636,1.652544014033636
C/C=C\C(=O)O,1.0650001906822473,-0.39173860380871517,-1.4567387944909624,1.4567387944909624
C1CC[C@@H]2NCCC[C@H]2C1,-1.083099811208498,-0.8096672554112048,0.2734325557972932,0.2734325557972932
O=C(Oc1cccc(N=C=S)c1)c1cccnc1,-4.30000016747011,-4.735206337837999,-0.43520617036788956,0.43520617036788956
O=C(O)Cc1ccccc1Oc1ccc(Cl)cc1Cl,-4.860000196106861,-4.255316577077126,0.6046836190297347,0.6046836190297347
CCCCCCCCCC(C)O,-2.941800053896444,-4.607471954226392,-1.6656719003299485,1.6656719003299485
Clc1cc(Cl)c(-c2c(Cl)cc(Cl)c(Cl)c2Cl)c(Cl)c1Cl,-9.10000061010928,-9.228757083007547,-0.1287564728982673,0.1287564728982673
CCC1(CC)C(=O)NC(=S)NC1=O,-2.3199998296011755,-2.696534279174633,-0.3765344495734575,0.3765344495734575
CC(C)=CC1C(C(=O)OC(C#N)c2cccc(Oc3ccccc3)c2)C1(C)C,-7.574600604075991,-6.777282623256472,0.7973179808195194,0.7973179808195194
O=C(O)c1cccc(Cl)c1[N+](=O)[O-],-2.6300000450997323,-2.6171103156141635,0.012889729485568768,0.012889729485568768
NCCN1CCNCC1,-0.11128558516369269,0.7858106703937531,0.8970962555574458,0.8970962555574458
OC[C@H]1OC2(COC3(CO2)O[C@H](CO)[C@@H](O)[C@@H]3O)[C@@H](O)[C@@H]1O,-0.00579989759613353,-0.478000731172302,-0.4722008335761685,0.4722008335761685
Nc1nc2c(ncn2C2OC(CO)C(O)C2O)c(=O)[nH]1,-2.739999937345559,-1.8523277970492653,0.8876721402962937,0.8876721402962937
Clc1ccccc1-c1c(Cl)cccc1Cl,-5.900300201488273,-5.7675047850780174,0.13279541641025538,0.13279541641025538
C[C@H]1O[C@@H](O[C@H]2[C@@H](O)C[C@H](O[C@H]3[C@@H](O)C[C@H](O[C@H]4CC[C@@]5(C)[C@H](CC[C@@H]6[C@@H]5C[C@@H](O)[C@]5(C)[C@@H](C7=CC(=O)OC7)CC[C@]65O)C4)O[C@@H]3C)O[C@@H]2C)C[C@H](O)[C@@H]1O,-4.081099974376455,-3.1103475203556394,0.9707524540208157,0.9707524540208157
CC[C@@H](C)c1cccc([C@@H](C)CC)c1O,-5.059300015525565,-4.573924375129534,0.48537564039603076,0.48537564039603076
CCCCCOC(N)=O,-1.4699998748662648,-1.6175035770936548,-0.14750370222738995,0.14750370222738995
CCOC1=CC(=O)CC(C)C12Oc1c(Cl)c(OC)cc(OC)c1C2=O,-5.000000065239136,-4.313814038894595,0.686186026344541,0.686186026344541
O=C(O)c1ccccc1CO,-1.5507998632236346,-0.8756169282585335,0.6751829349651011,0.6751829349651011
CCc1cc(CC)cc(OC(=O)NC)c1,-3.319999875808698,-3.4961249421210283,-0.17612506631233016,0.17612506631233016
CCc1nc2cnc(N)nc2nc1CC,-3.0399999046237327,-1.5545223110253847,1.485477593598348,1.485477593598348
O=[N+]([O-])c1cc(Cl)cc(Cl)c1,-3.584333386977013,-3.9568727165831836,-0.37253932960617053,0.37253932960617053
CCOC(=O)C1=C(C)NC(C)=C(C(=O)OC)C1c1cccc(Cl)c1Cl,-5.6799998633947695,-4.333891985686607,1.346107877708162,1.346107877708162
c1ccc2c(c1)c1cccc3ccc4cccc2c4c31,-7.66000006323679,-6.955615050459363,0.7043850127774274,0.7043850127774274
CC(=O)OC1(C(C)=O)CCC2C3CCC4=CC(=O)CCC4(C)C3CCC21C,-5.566810617789786,-4.505408229872189,1.061402387917597,1.061402387917597
Clc1cc(Cl)nc(-c2ccccc2)n1,-4.954400114174425,-4.2476664354548195,0.7067336787196057,0.7067336787196057
Nc1ccc([N+](=O)[O-])cc1S(=O)(=O)[O-],-1.767738348824153,-1.0385923431557955,0.7291460056683574,0.7291460056683574
CCCC(CCC)C(=O)NCCCC(=O)O,-1.4999998862594417,-1.912313879117462,-0.4123139928580204,0.4123139928580204
CCNCC(O)c1cccc(O)c1,-3.4541027176403682,-0.8297620414865357,2.6243406761538326,2.6243406761538326
CCCCC(CC)C(=O)O,-1.9509559625392374,-1.8942744517953614,0.05668151074387606,0.05668151074387606
COC(=O)N(C)C(=O)CSP(C)(=S)OC,-1.9562998814949442,-1.6817190798130148,0.27458080168192933,0.27458080168192933
CN(C)c1cccc(S(=O)(=O)O)c1,0.2983001677429242,-1.1442611924361705,-1.4425613601790948,1.4425613601790948
CCC(CC)(C(=O)NC(N)=O)C(=O)OCC(=O)OC,-2.0099998729030792,-1.8976032468428161,0.11239662606026313,0.11239662606026313
NNCCO,1.11860045764614,0.893586224438788,-0.22501423320735192,0.22501423320735192
CCCCCC1CCC(c2ccc(CCC)cc2)CC1,-6.772570660519397,-6.168472413625345,0.6040982468940523,0.6040982468940523
O=C(O)c1ccccc1C1OC(=O)c2ccccc21,-3.104199836182033,-3.7734715270745465,-0.6692716908925136,0.6692716908925136
O=C(O)C1CN2CCC1CC2C(O)c1ccnc2ccccc12,-1.9399999383369417,-2.177580762774463,-0.23758082443752127,0.23758082443752127
O=C(O)c1cccc(N=Nc2ccc(O)cc2)c1,-3.8499998585455444,-3.8400925628240117,0.009907295721532705,0.009907295721532705
CC#CCCCC,-2.769499946248401,-2.9703575891610603,-0.20085764291265917,0.20085764291265917
OC(O)C(Cl)(Cl)Cl,1.0371676158952066,0.3456734885787385,-0.6914941273164681,0.6914941273164681
CCCC(O)CC(C)C,-1.9078998474709024,-1.8451051247748027,0.06279472269609965,0.06279472269609965
O=C(O)c1ccncc1,-1.3759669703588937,-0.7340221581529476,0.6419448122059461,0.6419448122059461
CCCCNC(=S)N(CCCC)CCCC,-4.184066256711143,-5.2435460677652825,-1.05947981105414,1.05947981105414
Cc1cccc2n[n-]nc12,0.6051676726765196,0.4652243945783474,-0.1399432780981722,0.1399432780981722
CC(O)C#N,1.1482591284848387,1.13947399156149,-0.008785136923348702,0.008785136923348702
Nc1nc(=O)[nH]n1-c1ccccc1,-1.699999916204983,-2.6237869534229903,-0.9237870372180073,0.9237870372180073
CNNC,1.2211003470436723,1.1379211887964744,-0.0831791582471979,0.0831791582471979
CC(C)N(C)C,1.0597002332981544,0.7562516549858405,-0.303448578312314,0.303448578312314
c1ccc2cc3c(ccc4ccccc43)cc2c1,-7.385400213840944,-6.88914653444815,0.49625367939279386,0.49625367939279386
O=C(O)CCC1CCCC1,-1.7690998462885181,-2.663365342405342,-0.8942654961168239,0.8942654961168239
CC(=O)Nc1ccc(OC(C)=O)cc1,-1.9075999149901577,-2.3354511487947334,-0.4278512338045757,0.4278512338045757
Cc1ccc([N+](=O)[O-])c([N+](=O)[O-])c1,-3.260400027548253,-2.817750359099352,0.4426496684489014,0.4426496684489014
Cc1cnc(C(=O)NCCc2ccc(S(=O)(=O)NC(=O)NC3CCCCC3)cc2)cn1,-5.489999745229012,-3.9353234029044994,1.5546763423245125,1.5546763423245125
CC(=O)[c-]1c(=O)cc(C)oc1=O,0.08456162906709253,-0.8954036382652855,-0.979965267332378,0.979965267332378
NCC(O)CO,1.0404344368589729,1.0273757106724783,-0.013058726186494507,0.013058726186494507
c1ccc2c(c1)Cc1ccccc1-2,-4.909999893032692,-5.231154839727376,-0.3211549466946835,0.3211549466946835
O=c1cc(-c2ccc(O)c(O)c2)oc2cc(O)cc(O)c12,-3.6099998364135857,-3.086382770215882,0.5236170661977035,0.5236170661977035
CCCN1Cn2c(nc3ccccc3c2=O)C1C,-2.6700000027794215,-2.846947278155827,-0.17694727537640542,0.17694727537640542
NC(Cc1cccs1)C(=O)O,-0.8356000277753419,-1.3281031018762472,-0.4925030741009053,0.4925030741009053
Nc1ccccc1,-2.310403508513383,-0.592444089303767,1.717959419209616,1.717959419209616
C1OCOCO1,0.37171751063430714,1.0605248060731052,0.688807295438798,0.688807295438798
COc1ccc2cc(C(C)C(=O)OCC(N)=O)ccc2c1,-3.930000049958747,-3.9991452528695643,-0.06914520291081727,0.06914520291081727
CC(C)C(CC(=O)O)C(=O)O,-0.4072997579178521,-0.20452221241316426,0.20277754550468785,0.20277754550468785
CCCCCCCCNC(=O)c1cccnc1,-3.008099978660786,-3.0041668327771873,0.003933145883598499,0.003933145883598499
CCCCC(=O)OCn1cnc2c1c(=O)n(C)c(=O)n2C,-2.369999802580833,-2.166311417480915,0.20368838509991782,0.20368838509991782
CCI,-1.600899905714815,-2.2845942702358846,-0.6836943645210696,0.6836943645210696
Brc1ccccc1Br,-3.4999999786744875,-4.219337515890623,-0.7193375372161355,0.7193375372161355
Cc1c(Cl)c(O)c(Cl)c(Cl)c1Cl,-4.602099946794003,-4.653309863688159,-0.051209916894156216,0.051209916894156216
CCNC(=S)N1CCN(C(=O)OCC)CC1,-1.789999812357601,-1.9691347280294522,-0.17913491567185114,0.17913491567185114
CCCOc1ccc2c(c1)C(c1ccc(OC)cc1OCC(=O)O)C(C(=O)O)C2c1ccc2c(c1)OCO2,-6.770000047302007,-4.384448759231071,2.3855512880709364,2.3855512880709364
O=S(=O)([O-])c1cc(Nc2nc(NCCO)nc(Nc3ccccc3)n2)ccc1/C=C/c1ccc(Nc2nc(NCCO)nc(Nc3ccccc3)n2)cc1S(=O)(=O)[O-],-1.4592143139008396,-1.122583927809649,0.33663038609119056,0.33663038609119056
CC(C)NC(=O)N1CC(=O)N(c2cc(Cl)cc(Cl)c2)C1=O,-4.375700061412608,-4.495439926255354,-0.11973986484274679,0.11973986484274679
COC(=O)C1CC(=O)C(C(=O)OC)CC1=O,-4.154195852588752,-0.6785002805139846,3.4756955720747675,3.4756955720747675
[N-]=[N+]=NCC(=O)N[C@H](CO)[C@H](O)c1ccc([N+](=O)[O-])cc1,-1.1691997569499608,-1.843414295097342,-0.6742145381473812,0.6742145381473812
CCCCOP(=O)(OCC)OCCCC,-1.8455998822424646,-2.1734594171957444,-0.3278595349532798,0.3278595349532798
CC1(N)CN(c2cc3c(cc2F)c(=O)c(C(=O)O)cn3C2CC2)C1,-5.619999840608416,-4.555348437198758,1.0646514034096581,1.0646514034096581
O=[N+]([O-])c1ccc(C=NO)o1,-2.1899999412621405,-2.310161409308953,-0.12016146804681238,0.12016146804681238
CC12CCCC(C)(CC1)C2=NO,-3.074152170997334,-3.0242348675115496,0.04991730348578427,0.04991730348578427
COc1ccccc1OCC(O)CO,-0.7299997778704528,-1.3173165747224347,-0.5873167968519819,0.5873167968519819
CC(C)NC(C)C,0.036242547827200156,-0.5623583631979616,-0.5986009110251618,0.5986009110251618
CC(=O)C1=C(C)C2CC3(C1)C(C)CCC3C2(C)C,-4.61347874742912,-4.943385152480515,-0.32990640505139446,0.32990640505139446
O=C1CCc2cccc3c2N1CC3,-1.6364998069728294,-1.5431504117358898,0.09334939523693953,0.09334939523693953
Cc1ccccc1N,-0.8539250327792929,-1.0537907625390248,-0.19986572975973194,0.19986572975973194
CC(=O)OCC1=C(C(=O)O)N2C(=O)[C@@H](N)[C@H]2SC1,-2.6489776758524552,-2.212978592632657,0.4359990832197984,0.4359990832197984
COc1ccc2c(c1O)C13CCN(C)C(C2)C1C=CC(=O)C3,-1.8699998657438914,-2.2018118013350563,-0.33181193559116484,0.33181193559116484
CCCCC(CC)CNS(=O)(=O)c1ccc(N=Nc2c(C)c(C#N)c(=O)n(CCCC)c2O)cc1,-8.797314216407491,-5.736758462169247,3.060555754238244,3.060555754238244
CCCCCCCCSC(=O)Oc1cc(Cl)nnc1-c1ccccc1,-5.402500344622261,-6.051972730552263,-0.649472385930002,0.649472385930002
CCCCCCCC/C=C\CCCCCCCCO,-6.785897987077512,-5.89311645280312,0.8927815342743912,0.8927815342743912
CCCCC(=O)[O-],-1.2721998558781966,-0.8919133517302691,0.38028650414792753,0.38028650414792753
Nc1ccc(S(=O)(=O)Nc2ncc3c(n2)CCCC3)cc1,-3.650000035640372,-3.476211626928836,0.17378840871153578,0.17378840871153578
Cc1cc(C)cc(OP(=O)(Oc2cc(C)cc(C)c2)Oc2cc(C)cc(C)c2)c1,-7.312230491230489,-6.335129420358273,0.9771010708722159,0.9771010708722159
O=C(O)c1ccccc1F,-1.3899998904934308,-1.6501626769550994,-0.2601627864616687,0.2601627864616687
CCC(CC)c1cccc(OC(=O)NC)c1,-3.9469999966032185,-3.467810342848999,0.4791896537542195,0.4791896537542195
Nc1ccc2ccccc2c1S(=O)(=O)O,-1.699999916204983,-2.00652097358834,-0.3065210573833568,0.3065210573833568
CC(c1cc2ccccc2s1)N(O)C(N)=O,-3.3699998487883556,-2.907076218078405,0.46292363070995046,0.46292363070995046
OC(c1ccc(F)cc1)(c1cncnc1)c1ccccc1Cl,-4.083000190880097,-4.257438878882892,-0.1744386880027955,0.1744386880027955
COc1cc2nc(N3CCN(C(=O)c4ccco4)CC3)nc(N)c2cc1OC,-5.090000237445579,-3.299380967040083,1.7906192704054957,1.7906192704054957
C=CCOC(=O)COc1ccccc1,-2.5363730604885,-3.049626496738761,-0.513253436250261,0.513253436250261
O=C(CCCCl)c1ccc(F)cc1,-2.7226337707956407,-3.7813672185740947,-1.058733447778454,1.058733447778454
O=C(O)c1ccc(Br)c([N+](=O)[O-])c1,-2.967699945662032,-2.8773655110937146,0.09033443456831725,0.09033443456831725
O=C(OCC(=O)N1CCCC1C(=O)O)c1ccccc1,-1.589999920438972,-2.0279162492327343,-0.4379163287937622,0.4379163287937622
CCCCCCCCCCNC(=O)NC12CC3CC(CC(C3)C1)C2,-5.830000058387566,-5.982897162218775,-0.1528971038312088,0.1528971038312088
O=C1c2cccc(S(=O)(=O)O)c2C(=O)c2c1cccc2S(=O)(=O)O,1.2572001817785652,0.15110329934190148,-1.1060968824366637,1.1060968824366637
CC(=O)N(C)CCOC(=O)c1ccccc1,-0.8493998204547584,-1.8352752621511519,-0.9858754416963935,0.9858754416963935
CCCCOC1=CC(=O)CC(C)C12Oc1c(Cl)c(OC)cc(OC)c1C2=O,-4.699999813280455,-4.903576672635117,-0.20357685935466208,0.20357685935466208
CCC(C)c1ccccc1O,-2.0123776625237824,-2.667914778453011,-0.6555371159292287,0.6555371159292287
C[N+](CCO)(CCO)CCO,0.39266668329767684,0.9519953490322917,0.5593286657346148,0.5593286657346148
O=C1C=Cc2cc(S(=O)(=O)[O-])ccc2/C1=N\Nc1ccc(S(=O)(=O)[O-])cc1,-1.3767466843872997,0.6927631400143324,2.0695098244016323,2.0695098244016323
CCCC(Cl)CCCC(Cl)CCC(Cl)CCC(Cl)CCC(Cl)CCCC(Cl)CCC,-7.965811386236352,-7.303865784282451,0.6619456019539012,0.6619456019539012
Cn1cc(I)ccc1=O,-0.009399639472719379,-1.5369520371786873,-1.527552397705968,1.527552397705968
FC(F)OC(Cl)C(F)(F)F,-1.6156998414018133,-3.171658160435758,-1.5559583190339445,1.5559583190339445
Cc1cc(O)c(C(=O)O)cc1Cl,-3.1247999215304634,-2.0731933553492348,1.0516065661812286,1.0516065661812286
Cc1ncc([N+](=O)[O-])n1CCO,-1.2099998221343697,-1.3725572915407456,-0.16255746940637583,0.16255746940637583
C[C@]12CC[C@@H]3c4ccc(O)cc4CC[C@H]3[C@@H]1CC[C@H]2O,-4.844100047900757,-4.62895598117549,0.21514406672526754,0.21514406672526754
COc1cc(NS(=O)(=O)c2ccccc2)c2c(c1N)C(=O)c1ccccc1C2=O,-2.3558503532254633,-5.473724163821056,-3.1178738105955928,3.1178738105955928
O=C1Nc2ccc(Cl)cc2C(c2ccccc2)=NC1O,-3.9519998834796546,-4.126494265341622,-0.17449438186196709,0.17449438186196709
CC(C)=CCl,-1.956899884483346,-2.1173585166590714,-0.1604586321757253,0.1604586321757253
CC1CCCO1,0.20690012659045642,0.3609489269791126,0.1540488003886562,0.1540488003886562
Cc1ccc2ccc(C)nc2c1,-1.9423998812770926,-1.6073385851265856,0.33506129615050706,0.33506129615050706
Clc1cc(Cl)c(-c2ccccc2Cl)cc1Cl,-7.250500163069715,-7.054807262927044,0.19569290014267082,0.19569290014267082
COc1ccc2cc([C@H](C)C(=O)O)ccc2c1,-4.500000059388738,-4.159296085030536,0.34070397435820254,0.34070397435820254
O=S(=O)(CCCl)CCS(=O)(=O)CCCl,-1.4485999063068469,-1.7313525913401286,-0.28275268503328177,0.28275268503328177
O=C1NCCN1CCO,0.8776775185641128,0.6556283794899209,-0.22204913907419188,0.22204913907419188
O=[N+]([O-])c1ccc([N+](=O)[O-])c(O)c1,-2.6795999298203017,-2.1764813784168324,0.5031185514034693,0.5031185514034693
COP(=O)(OC)OC1=C(Cl)CC2C=CC12,-2.056599966975372,-3.133278172867353,-1.076678205891981,1.076678205891981
CN(C)CCCN1c2ccccc2Sc2ccc(Cl)cc21,-5.0700002758590985,-5.050506735014382,0.01949354084471633,0.01949354084471633
CCCCn1c(=O)c2c(ncn2C)n(C)c1=O,-1.6251999577316312,-1.2279786556419066,0.3972213020897246,0.3972213020897246
O=c1nc([N+](=O)[O-])[nH][nH]1,-0.8786252248152895,-1.731159215635792,-0.8525339908205025,0.8525339908205025
CCNc1nc(Cl)nc(NCC(=O)OCC)n1,-2.9374000406081797,-3.3930358503409934,-0.4556358097328137,0.4556358097328137
COC1=C(OC)C2C(=O)OCC2C=C1,-1.8989999411698548,-1.9039748451751382,-0.0049749040052833315,0.0049749040052833315
O=C(COC(=O)c1ccccc1)NC(CO)(CO)CO,-1.2699998449207233,-1.2356377690135227,0.03436207590720053,0.03436207590720053
Fc1ccc(I)cc1,-3.12569994326643,-3.441889509812788,-0.3161895665463583,0.3161895665463583
COC(=O)C1=C(C)NC(C)=C(C(=O)OC)C1c1ccccc1[N+](=O)[O-],-4.760000250147546,-3.5408771318894976,1.2191231182580484,1.2191231182580484
CC(CC=O)CC(C)(C)C,-2.675906588443713,-3.6228101831711346,-0.9469035947274214,0.9469035947274214
O=c1[nH]cncc1Br,-0.4470998181215915,-1.5657882056461214,-1.11868838752453,1.11868838752453
Cc1cc(C(C)(C)C)c(O)c(C(C)(C)C)c1,-5.462311270538565,-5.121435176620542,0.3408760939180224,0.3408760939180224
COc1cccc(OC)c1O,-0.9524998508676048,-1.461167946819597,-0.5086680959519922,0.5086680959519922
O=C1CCCO1,1.0650473958863036,0.8861112389683745,-0.17893615691792908,0.17893615691792908
CC(C)(C)N(CC(=O)c1ccc(O)c(CO)c1)Cc1ccccc1,-1.3487764967685505,-3.5582407794482633,-2.209464282679713,2.209464282679713
C[C@@H]1C[NH2+][C@@H](C)C[NH2+]1,0.4864002074319531,0.5480808459042468,0.06168063847229366,0.06168063847229366
O=c1cnc2c(=O)[nH]c(=O)[nH]c2[nH]1,-3.339999871901907,-3.1576660445072124,0.1823338273946944,0.1823338273946944
CCC1CCC(CCC(=O)O)C1,-3.286116304700219,-3.1340344568273713,0.15208184787284784,0.15208184787284784
Cc1ncc(CO)c(CO)c1O,-0.11171236437697507,0.06275917403098275,0.17447153840795782,0.17447153840795782
CC/C=C/CCOC(=O)OC,-3.069830600128749,-2.295065958002408,0.7747646421263408,0.7747646421263408
O=C(Nc1ccccc1)C(O)COc1ccccc1,-2.410000001807618,-2.726054336486508,-0.31605433467888977,0.31605433467888977
OCC(O)CO,1.0357691272183058,1.2356690876523237,0.19989996043401792,0.19989996043401792
O=c1c2ccccc2c(=O)c2c1ccc1[nH]c3c(ccc4c(=O)c5ccccc5c(=O)c43)[nH]c12,-7.94687519806409,-6.486014367859847,1.4608608302042425,1.4608608302042425
COc1ccc2cc(C(C)C(=O)OCC(=O)N(CCO)CCO)ccc2c1,-2.959999976324332,-3.187451700105361,-0.22745172378102918,0.22745172378102918
C1CCCCCCC1,-4.15239998443092,-4.230281117670799,-0.07788113323987922,0.07788113323987922
CC(=O)Nc1ccc2c(c1)C=C(S(=O)(=O)[O-])/C(=N/Nc1ccc(S(=O)(=O)CCOS(=O)(=O)[O-])cc1)C2=O,-0.3963934234040365,-0.33572065744642243,0.06067276595761406,0.06067276595761406
COC(C)OC,1.0452005061457257,0.3138555247217383,-0.7313449814239874,0.7313449814239874
O=C1NCCN1/N=C/c1ccc([N+](=O)[O-])o1,-3.3571998540492403,-3.751650990512906,-0.3944511364636658,0.3944511364636658
Cc1ccccc1C,-2.8191677833433038,-3.0155755593722593,-0.19640777602895554,0.19640777602895554
CCOc1ccc(C(=O)OCCNC(C)c2ccccc2)cc1,-1.4899998364527451,-4.027154226050711,-2.5371543895979656,2.5371543895979656
CCCCC(CC)COC(=O)OOC(C)(C)C,-4.6599583440068475,-5.58771203314145,-0.9277536891346028,0.9277536891346028
O=C(CC(CP1(=O)Oc2ccccc2-c2ccccc21)C(=O)OCCO)OCCO,-4.461779579171028,-2.5484875790736816,1.9132920000973468,1.9132920000973468
NCCCCCCNCCCCCCCCCCC(=O)O,-2.3017000145087456,-2.097539922435545,0.20416009207320052,0.20416009207320052
COc1cc(O)c(C(=O)c2ccccc2)cc1S(=O)(=O)[O-],-0.022384659287967956,-1.8297772361476994,-1.8073925768597314,1.8073925768597314
Cc1cc(O)ccc1OP(=O)(Oc1cc(O)ccc1C)Oc1c(C)cccc1O,-6.699999974708957,-4.360317376101263,2.339682598607694,2.339682598607694
CCCCC(=O)OC,-1.3605998820886556,-1.4039937490117456,-0.043393866923089996,0.043393866923089996
Clc1ccc(-c2cc(Cl)c(Cl)c(Cl)c2)c(Cl)c1,-8.55000090733305,-7.873420587906347,0.6765803194267033,0.6765803194267033
C=C(C)C(=O)NCOC,0.7919655664735354,-0.37750223200523303,-1.1694677984787685,1.1694677984787685
CCOC(=S)SSC(=S)OCC,-4.943200196417838,-4.593075885285211,0.35012431113262643,0.35012431113262643
O=[N+]([O-])C(Cl)([N+](=O)[O-])[N+](=O)[O-],-1.9258998681094996,-1.5302978977565889,0.3956019703529108,0.3956019703529108
CCCCCCCCCCCCC(=O)O,-3.8125998793088685,-4.689546345066374,-0.8769464657575052,0.8769464657575052
COC(C)COC(C)CO,0.8292002584825573,0.2329858327735832,-0.5962144257089741,0.5962144257089741
Cc1c(Nc2nc(Cl)nc(Nc3ccccc3S(=O)(=O)[O-])n2)c(C)c(S(=O)(=O)[O-])c(C)c1Nc1cc(S(=O)(=O)[O-])c(N)c2c1C(=O)c1ccccc1C2=O,-0.42442779353707305,-0.4919232297768823,-0.06749543623980925,0.06749543623980925
CC(=O)O[C@H]1CC[C@H]2[C@@H]3CC[C@H]4CC(=O)C[C@H](C)[C@]4(C)[C@H]3CC[C@]12C,-5.092558842321586,-5.060866897035649,0.031691945285936995,0.031691945285936995
N[C@@H](CCO)C(=O)O,0.9240001785423897,0.666637406026596,-0.25736277251579365,0.25736277251579365
Clc1ccccn1,-0.7541455157991543,-0.37580532914362497,0.3783401866555294,0.3783401866555294
O=C(O)c1ccc(I)cc1,-3.9630999387650876,-2.89054590800353,1.0725540307615575,1.0725540307615575
COCCOCCOC,0.8454565161227712,0.5483058297715333,-0.29715068635123787,0.29715068635123787
CCCOCC(=Nc1ccc(Cl)cc1C(F)(F)F)n1ccnc1,-4.440000036602385,-5.284552759237623,-0.8445527226352381,0.8445527226352381
c1ccc2cnncc2c1,-0.4154996607324306,-1.819837918182479,-1.4043382574500485,1.4043382574500485
CCCCOC(=O)C(C)OC(=O)C(C)O,-1.3751999548064324,-0.9561161559736842,0.41908379883274827,0.41908379883274827
COC(=O)C1C(OC(=O)c2ccccc2)CC2CCC1N2C,-2.2299999334485574,-2.4289632087479904,-0.19896327529943303,0.19896327529943303
CCC(SC(CC)C(=O)O)C(=O)O,-0.7099998162839722,-0.6373677084974938,0.07263210778647844,0.07263210778647844
CN(CC(=O)O)C(=S)SCc1ccccc1,-3.22999997965608,-2.9892608234079745,0.2407391562481056,0.2407391562481056
O=NN(c1ccccc1)c1ccccc1,-3.7530999280263058,-4.891798974223031,-1.138699046196725,1.138699046196725
CCOC(=O)c1ccc(N=CN(C)c2ccccc2)cc1,-5.450777189626946,-5.010743666023178,0.440033523603768,0.440033523603768
C/C=C/CC,-2.544904641973686,-2.549618813141359,-0.004714171167672809,0.004714171167672809
Cc1cc(C2(c3ccc(NNC4=C(S(=O)(=O)[O-])C=C5C=CC(=O)C=C5C4=O)c(C)c3)CCCCC2)ccc1NNC1=C(S(=O)(=O)[O-])C=C2C=CC(=O)C=C2C1=O,-0.8547883911166414,-2.322331932313859,-1.4675435411972177,1.4675435411972177
CCC(C)C(NCCC#N)C(=O)O,-0.9799999188225639,-0.8586735726481649,0.12132634617439897,0.12132634617439897
O=C(O)CC(CC(=O)O)C(=O)O,0.27500039676060295,0.4802516605901439,0.20525126382954095,0.20525126382954095
CCF,-1.3476998868514736,-1.1468326338150352,0.20086725303643838,0.20086725303643838
CC(O)CN(CCCN(C)C)CCCN(C)C,0.6101062756038296,0.41898151415546403,-0.19112476144836554,0.19112476144836554
O=C1/C(=N/Nc2ccc(S(=O)(=O)CCOS(=O)(=O)[O-])cc2)C(S(=O)(=O)[O-])=Cc2cc(S(=O)(=O)[O-])cc(Nc3nc(Cl)nc(Nc4cccc(S(=O)(=O)[O-])c4)n3)c21,-0.9031878040195773,0.8567032250026778,1.7598910290222551,1.7598910290222551
C/C(=C\C(=O)O)C(=O)O,-0.6939998746201703,0.18066838793396167,0.874668262554132,0.874668262554132
O=C1CC=CS1,-0.22249994170540166,-0.44806490229341245,-0.2255649605880108,0.2255649605880108
COCC(C)OC(=O)Oc1ccc(NC(C)=O)cc1,-2.479999936373756,-2.7703716379605883,-0.2903717015868321,0.2903717015868321
O=c1cccc2n1CC1CNCC2C1,0.36000012998296027,-0.17161162751724346,-0.5316117575002037,0.5316117575002037
C=CCCCCCCCCC(=O)N(CCO)CCO,-2.7615133985337352,-2.6285739337869787,0.13293946474675655,0.13293946474675655
O=S(=O)(Nc1ccc(Br)cc1Br)c1ccccc1,-5.010000253072745,-4.766827061237114,0.24317319183563058,0.24317319183563058
CC(=O)CCCC(C)CCCC(C)CCCC(C)C,-5.474677653732231,-5.9303610827498385,-0.4556834290176077,0.4556834290176077
Cc1nnc(SCC2=C(C(=O)O)N3C(=O)C(NC(=O)Cn4cnnn4)C3SC2)s1,-2.619999805506031,-2.4410129582045066,0.1789868473015246,0.1789868473015246
COc1cc(NC(=O)c2cccnc2)c2ncccc2c1,-4.446100274024838,-4.1330963686177284,0.31300390540710943,0.31300390540710943
CCCCCCCCCCCCCC[N+](C)(C)CCCCCCCCCCCCCC,-3.375024994589769,-4.1899223245254795,-0.8148973299357105,0.8148973299357105
O=[N+]([O-])NC1=NCCN1Cc1ccc(Cl)nc1,-2.6222998342149357,-3.4765028637140967,-0.8542030294991609,0.8542030294991609
Clc1ccc(Oc2cccc(Cl)c2Cl)c(Cl)c1,-6.650000277783125,-7.1149411718184705,-0.46494089403534566,0.46494089403534566
Cc1[nH]c(C)c(Cl)c(=O)c1Cl,-4.283400084790993,-2.4357795988056687,1.8476204859853245,1.8476204859853245
C=C[C@H]1CN2CC[C@H]1C[C@@H]2[C@@H](O)c1ccnc2ccc(OC)cc12,-2.8121430157812424,-2.5866254501842927,0.2255175655969497,0.2255175655969497
O=Cc1cccc([N+](=O)[O-])c1,-1.9799999305233587,-2.581927566192288,-0.6019276356689294,0.6019276356689294
COc1ccc(Cc2nccc3cc(OC)c(OC)cc23)cc1OC,-3.869999889145481,-3.355380969903758,0.5146189192417232,0.5146189192417232
CC(CCOS(=O)(=O)c1ccccc1)[N-]c1ccc([N-]C(C)CCOS(=O)(=O)c2ccccc2)c2c1C(=O)c1ccccc1C2=O,-0.43764607883435547,-3.900788931383654,-3.4631428525492987,3.4631428525492987
O=c1cc[nH]c2ccccc12,-1.4809997916267184,-2.4901267293928058,-1.0091269377660874,1.0091269377660874
N#Cc1c[nH]cc1-c1cccc2c1OC(F)(F)O2,-5.139500138921445,-4.256694913824809,0.8828052250966358,0.8828052250966358
CCCCC(CC)COCC1CO1,-3.1148650031730774,-4.492568966476483,-1.3777039633034058,1.3777039633034058
Clc1cc(Oc2c(Cl)ccc(Cl)c2Cl)c(Cl)c(Cl)c1Cl,-8.890000944437778,-9.048408910775297,-0.15840796633751886,0.15840796633751886
CC(O)(C(=O)O)c1ccccc1,-0.8948999780617708,-0.6519566010353626,0.24294337702640822,0.24294337702640822
O=C1NC(=O)C2(CCCCC2)C(=O)N1,-3.0599998920902594,-2.6393417237874264,0.420658168302833,0.420658168302833
ClC(Cl)=CC(Cl)=C(Cl)Cl,-4.229999956850147,-4.917712560846338,-0.6877126039961912,0.6877126039961912
c1ccc(-c2ccc(-c3ccccc3)cc2)cc1,-6.183335979718981,-5.256225219942552,0.9271107597764292,0.9271107597764292
CCCCCCCCCCC(CO)CCCCCCCC,-6.47502438903709,-6.580345824578838,-0.10532143554174844,0.10532143554174844
CS(=O)(=O)Nc1ccc([N+](=O)[O-])cc1Oc1ccccc1,-4.489999733528217,-4.410210930331425,0.07978880319679149,0.07978880319679149
C#CCCCC#C,-1.7469998742426314,-1.3654548407070233,0.3815450335356081,0.3815450335356081
CCC(C)CC(O)CC,-1.8601999549602415,-1.755392324600072,0.10480763036016949,0.10480763036016949
CCCCC(CC)COC(=O)CCC(=O)OCC(CC)CCCC,-7.83571550017971,-6.209174893782656,1.6265406063970538,1.6265406063970538
NCCNCCN,0.9864002132823506,1.1032336454297273,0.11683343214737674,0.11683343214737674
Cn1ccc(=O)[nH]c1=O,-0.7997997114404565,-0.5666744647501409,0.23312524669031554,0.23312524669031554
CCCC=O,-0.159007009872695,-0.3729095245205123,-0.2139025146478173,0.2139025146478173
O=C(O)CCC(=O)C(=O)O,0.6148803504515041,0.3208852353726015,-0.29399511507890264,0.29399511507890264
CC(C(=O)O)C(C)(C)CCC(=O)O,-1.5264998112068184,-0.8906796671868289,0.6358201440199895,0.6358201440199895
C/C=C/C(=O)C1=C(C)C=CCC1(C)C,-3.0052489637707622,-3.922722373959675,-0.9174734101889128,0.9174734101889128
Cc1ccc(Cl)cc1N,-2.071884998246161,-1.6729182078216474,0.3989667904245138,0.3989667904245138
N#Cc1ccccc1,-1.712299770426851,-1.4448055464837126,0.2674942239431384,0.2674942239431384
CCCCCCCC(OC)OC,-2.918005403594577,-3.3371641089857085,-0.41915870539113165,0.41915870539113165
CN(C)C(=S)[S-],-2.5409108677687957,-1.6994043300777797,0.841506537691016,0.841506537691016
CC(C)(O)CC(C)(O)c1cccc2ccccc12,-3.241899935405865,-2.5490600456930506,0.6928398897128143,0.6928398897128143
CNS#CNCO,-0.0797997140580371,0.5797389745966348,0.6595386886546719,0.6595386886546719
OC(=S)c1cccnc1,-1.3800999101982574,-1.345345285752061,0.03475462444619648,0.03475462444619648
Cc1cc(C(C)(C)C)c(O)c(C)c1Cn1c(=O)n(Cc2c(C)cc(C(C)(C)C)c(O)c2C)c(=O)n(Cc2c(C)cc(C(C)(C)C)c(O)c2C)c1=O,-7.544026538753952,-5.675172510158891,1.8688540285950612,1.8688540285950612
C=CN(C)N=O,-0.45789987191282355,0.0649416555705753,0.5228415274833988,0.5228415274833988
ClCCN(Cl)CCCl,-1.9202999092312059,-2.8173293942697564,-0.8970294850385505,0.8970294850385505
CCOC(=O)COC(=O)c1cc(Oc2ccc(C(F)(F)F)cc2Cl)ccc1[N+](=O)[O-],-5.872900203044837,-5.833761015697888,0.0391391873469491,0.0391391873469491
COc1ccc(C(=O)c2cccc(C)c2)cc1C,-5.079699979104313,-4.841791547790102,0.23790843131421102,0.23790843131421102
Clc1ccc(Oc2ccc(Cl)c(Cl)c2Cl)cc1Cl,-7.6700003890973125,-7.9052926583130265,-0.235292269215714,0.235292269215714
OCC(S)CS,-0.15469974204291237,0.009635928076502598,0.16433567011941497,0.16433567011941497
FC(F)(F)C(F)(F)F,-2.4239071794249174,-4.0414839040470065,-1.6175767246220891,1.6175767246220891
NC(=O)CNC(=O)CNC(=O)OCc1ccccc1,-2.349999806487624,-1.8321543356338406,0.5178454708537836,0.5178454708537836
NS(=O)(=O)c1nc2ccc(O)cc2s1,-2.4999999324669644,-2.3671492362782742,0.13285069618869016,0.13285069618869016
CCC(C)[N+](=O)[O-],-0.6199999201313542,-1.2230493005177305,-0.6030493803863763,0.6030493803863763
CCCNC(=O)NS(=O)(=O)c1ccc(Cl)cc1,-3.2499999412425606,-3.116835820442434,0.13316412080012663,0.13316412080012663
CCC(=O)Nc1ccc(Cl)c(Cl)c1,-2.986399827446845,-4.718752011578426,-1.7323521841315808,1.7323521841315808
C1CCN2CC3CC(CN4CCCCC34)C2C1,-1.889999896343828,-1.029456203794097,0.860543692549731,0.860543692549731
c1ccc2c(c1)CC1COCOC21,-1.6560931412752447,-2.5350755039913255,-0.8789823627160809,0.8789823627160809
CC(=O)Nc1ccc(OC(=O)c2ccccc2OC(C)=O)cc1,-4.194899989069011,-4.144089660086385,0.050810328982626274,0.050810328982626274
C[C@@H]1CO1,0.838033704825262,0.6602578021333523,-0.17777590269190968,0.17777590269190968
N#CC1CCCC1=O,-0.35669964392288067,0.14178510248268728,0.49848474640556795,0.49848474640556795
CC1CC2C(C(O)CC3(C)C2CCC3(O)C(=O)COC(=O)CCC(=O)O)C2(C)C=CC(=O)C=C12,-4.199999807430057,-3.752857897835332,0.4471419095947251,0.4471419095947251
Clc1ccc2cccc(Cl)c2c1,-5.92000023059401,-6.171985198547091,-0.25198496795308145,0.25198496795308145
O=C([O-])CCC(=O)[O-],0.09140003441730604,0.569510628276753,0.478110593859447,0.478110593859447
CC(=O)C(N=Nc1cc(C(=O)Nc2cccc(Cl)c2C)ccc1Cl)C(=O)Nc1cc(Cl)c(NC(=O)C(N=Nc2cc(C(=O)Nc3cccc(Cl)c3C)ccc2Cl)C(C)=O)cc1C,-7.971771940423411,-8.353758660078844,-0.3819867196554334,0.3819867196554334
O=[N+]([O-])c1ccccc1,-1.7999998621642976,-2.3610926153601537,-0.561092753195856,0.561092753195856
Nc1ccc(Cl)cc1C(F)(F)F,-2.2934812710206183,-2.918640492377121,-0.6251592213565029,0.6251592213565029
C/C(Br)=C/C(=O)O,-0.5999999585448736,-0.7305858401406975,-0.13058588159582385,0.13058588159582385
CCCCCCCCCCCCC1CO1,-5.984685162842597,-6.46259175292545,-0.47790659008285274,0.47790659008285274
CCCCCCCCCCCCCCCC[N+](C)(C)C,-3.124945591683186,-3.2695600110590766,-0.1446144193758907,0.1446144193758907
O=C1Cc2c(ccc3ccccc23)O1,-2.7077998459814525,-3.5028244923973215,-0.795024646415869,0.795024646415869
CCCCCOC(=O)CC,-2.250522257885189,-2.578808641065207,-0.32828638318001824,0.32828638318001824
CC1OC(C)OC(C)O1,-0.0718996056972907,0.20551544060480031,0.277415046302091,0.277415046302091
COc1ccccc1N,-0.9443238267088794,-0.7713939108860282,0.17292991582285122,0.17292991582285122
C/C=C/C,-3.3046543197368017,-2.141200319326568,1.1634540004102338,1.1634540004102338
NS(=O)(=O)c1cc2c(cc1Cl)CN(C1CCCCC1)C2=O,-4.312799955168856,-3.613370522628968,0.6994294325398882,0.6994294325398882
OCCOc1ccc2ccccc2c1,-2.7142945988264042,-3.3451737071947525,-0.6308791083683483,0.6308791083683483
CCCC(CC)COC(=O)CCc1cc(C(C)(C)C)c(O)c(C(C)(C)C)c1,-7.098737088351161,-7.0627363569394035,0.036000731411757414,0.036000731411757414
C#CC1(O)CCC2C3CCC4=CC(=O)CCC4(C)C3CCC21C,-5.660000039835202,-4.864754119025318,0.7952459208098839,0.7952459208098839
CC(C)CC(NC(=O)CNC(=O)CN)C(=O)O,-0.10999972644734779,-0.8664098430638383,-0.7564101166164905,0.7564101166164905
CON(C(=O)c1cc(C)oc1C)C1CCCCC1,-2.920000014331302,-3.100004335644603,-0.18000432131330113,0.18000432131330113
CCC1CCCCN1,-1.4999998862594417,0.42293267255113687,1.9229325588105786,1.9229325588105786
CC(=O)C=C(C)C,-0.5608259884159885,-1.2182143558016676,-0.6573883673856791,0.6573883673856791
Cc1ccc(C(=O)OCCCl)cc1N/N=C1/C(=O)C(C(=O)Nc2cc(C)c(NC(=O)C3=Cc4ccccc4/C(=N/Nc4c(C)cccc4C(=O)OCCCl)C3=O)cc2C)=Cc2ccccc21,-7.814240721033746,-8.289678837814419,-0.4754381167806727,0.4754381167806727
CC(=O)N1CCN(C(=O)/C=C/c2ccc(Sc3ccc4[nH]ccc4c3)c(Cl)c2)CC1,-2.739999937345559,-4.812183808882096,-2.0721838715365366,2.0721838715365366
Cc1cc(OC(=O)N(C)C)n(C(C)C)n1,0.6752003196209073,-0.9474299843465592,-1.6226303039674665,1.6226303039674665
CCN(CC)C(=O)COC(=O)c1ccccc1,-2.070599898677835,-2.213905029268993,-0.14330513059115813,0.14330513059115813
c1ccc(Cc2ccccc2)cc1,-4.170000072090706,-4.120647307303507,0.049352764787198744,0.049352764787198744
NC(CCCC(=O)O)C(=O)O,-1.8647998398444094,-0.08272174379451425,1.7820780960498952,1.7820780960498952
CCCCCCOc1ccc(-c2nc(-c3ccccc3)nc(-c3ccccc3)n2)c(O)c1,-9.151810944072576,-6.283505698780604,2.868305245291972,2.868305245291972
CNC(=O)Oc1cccc2c1OC(C)(C)O2,-2.9337999191575848,-2.5654679604033137,0.36833195875427105,0.36833195875427105
CC1(C)S[C@@H]2[C@H](NC(=O)[C@H](N)c3ccccc3)C(=O)N2[C@H]1C(=O)O,-1.5390163676812263,-2.3188660765423457,-0.7798497088611194,0.7798497088611194
Cc1ccc(C(=O)O)cc1[N+](=O)[O-],-2.848097974018159,-2.664056512169414,0.18404146184874515,0.18404146184874515
CCCCC,-3.0069839361801596,-3.5453265674390995,-0.5383426312589399,0.5383426312589399
CC(O)C(N)=O,0.9435003446789039,0.44412035571921304,-0.4993799889596908,0.4993799889596908
CCCCCCCCC(C)C=O,-4.0270843154195575,-4.976359367783074,-0.9492750523635163,0.9492750523635163
CCCCCCCC(=O)OCSc1ncnc2[nH]cnc12,-4.619999966934533,-4.051012591947701,0.5689873749868326,0.5689873749868326
CCOC(N)=O,0.7314001854538037,-0.09396044711349916,-0.8253606325673029,0.8253606325673029
O=C(O)c1cc(=O)[nH]c(=O)[nH]1,-1.929999819516789,-1.8037703433315788,0.12622947618521008,0.12622947618521008
NC(=O)N/N=C/c1ccc([N+](=O)[O-])o1,-2.9799999594775173,-3.2325937468880332,-0.25259378741051597,0.25259378741051597
NS(=O)(=O)c1ccc(NC(=S)Nc2ccc(F)cc2)cc1,-2.989959895212784,-3.061613961551036,-0.07165406633825189,0.07165406633825189
C=CCCCC,-3.2260999257247405,-3.398827287053577,-0.1727273613288367,0.1727273613288367
C=CCCCCC=C,-4.023272978286192,-3.697725808197116,0.32554717008907597,0.32554717008907597
CC(=O)CC(=O)Nc1ccc2[nH]c(=O)[nH]c2c1,-2.522680687253695,-4.677123784919342,-2.154443097665647,2.154443097665647
CCNc1nc(NC(C)(C)C)nc(SC)n1,-3.9846999773340954,-3.806793156115731,0.17790682121836454,0.17790682121836454
C=C[Si](C)(OC)OC,0.5776238501903155,-1.97766134054579,-2.5552851907361056,2.5552851907361056
CC12CCC(=O)C=C1C=CC1C2CCC2(C)C1CCC2(O)CCC(=O)O,-5.1700000837915,-4.357370915601283,0.8126291681902167,0.8126291681902167
Nc1c(S(=O)(=O)O)cc(Nc2ccc(S(=O)(=O)O)c(Nc3nc(Cl)nc(Cl)n3)c2)c2c1C(=O)c1ccccc1C2=O,0.19560013932234543,-2.051911123746133,-2.2475112630684784,2.2475112630684784
COc1ccc([N+](=O)[O-])cc1N,-1.8832792279499309,-2.592613299193287,-0.7093340712433562,0.7093340712433562
O=C(O)c1ccccc1C(=O)Nc1cccc2ccccc12,-3.1632999925126963,-4.566424268761056,-1.4031242762483593,1.4031242762483593
O=C1OCC(CO)O1,0.9277945383655242,0.39138800198077917,-0.536406536384745,0.536406536384745
CCN1C(=O)c2cccnc2N(CC)c2ncccc21,-2.85999982763799,-2.84449226247761,0.015507565160379766,0.015507565160379766
CCC(CC)COC(C)=O,-1.3527998432394324,-2.2365951353790416,-0.8837952921396093,0.8837952921396093
CN(C(=O)NC(C)(C)c1ccccc1)c1ccccc1,-3.3494998847115403,-3.5542771986304706,-0.2047773139189304,0.2047773139189304
Cc1ccc(O)c(I)c1,-2.4662000401741553,-2.170278586998432,0.2959214531757235,0.2959214531757235
Cc1cccc(Nc2ccccc2C(=O)O)c1C,-4.081500114395636,-4.135851937897796,-0.05435182350215939,0.05435182350215939
CC(C)CC(NC=O)C(=O)O,-0.7327997918163276,-0.8234860958045385,-0.09068630398821087,0.09068630398821087
COc1cc(OC)c(NC(=O)C2=Cc3ccccc3/C(=N\Nc3cc(C(=O)Nc4ccc(C(N)=O)cc4)ccc3OC)C2=O)cc1Cl,-7.866239875813269,-7.520341672685907,0.3458982031273621,0.3458982031273621
CC(C)OC(=O)C1(S(=O)(=O)c2ccc([N+](=O)[O-])cc2)CC1,-4.260499901720202,-3.4536716595928003,0.8068282421274016,0.8068282421274016
Nc1ccc(O)c(C(=O)O)c1,-2.259999875828278,-1.3327664791401401,0.9272333966881379,0.9272333966881379
NCC(O)c1ccccc1,-0.47639961898793093,-0.6556217676684475,-0.17922214868051656,0.17922214868051656
Cc1onc(-c2ccccc2)c1-c1ccc(S(N)(=O)=O)cc1,-4.520000020975219,-3.0715328860399427,1.4484671349352767,1.4484671349352767
CC(C)OCCO,-0.01765502910610106,0.3521207256590806,0.36977575476518165,0.36977575476518165
Cc1ccc2ccccc2c1[N+](=O)[O-],-4.27000001805002,-4.541515932141091,-0.27151591409107123,0.27151591409107123
OCc1cncs1,0.525735945102225,-0.2663210019225115,-0.7920569470247365,0.7920569470247365
CC(C)CC(CC(C)C)(CC(C)C)C(=O)NO,-3.9999999845248846,-4.1129964755466375,-0.11299649102175291,0.11299649102175291
CCOC(=O)CC1(C)CCC(=O)O1,-0.7471998635379706,-1.2114935493808578,-0.4642936858428872,0.4642936858428872
CCCCCCCCCCCCCCCCCC(=O)NCCNCCNC(=O)CCCCCCCCCCCCCCCCC,-7.1380827639591296,-6.404141496312036,0.7339412676470936,0.7339412676470936
O=C1C=C/C(=N\Nc2cc(S(=O)(=O)[O-])cc3cc(S(=O)(=O)[O-])cc(O)c23)C(O)=C1,-1.3075463397249605,-0.40665075537553186,0.9008955843494286,0.9008955843494286
CCC(C)(C)NC(N)=O,-1.0141998131076408,-1.0233079330061126,-0.009108119898471712,0.009108119898471712
CCC(CC)(C(=O)NC(N)=O)C(=O)OC(C)C,-2.7699999142320078,-1.9926233198279995,0.7773765944040083,0.7773765944040083
O=[N+]([O-])O[C@H]1CO[C@H]2[C@@H]1OC[C@H]2O[N+](=O)[O-],-2.6328000245388794,-2.1799719410056735,0.4528280835332059,0.4528280835332059
CCCCCC1COCCC1OC(C)=O,-2.9987959295600977,-2.4692159282110957,0.529580001349002,0.529580001349002
Cc1cc(Cl)ccc1NC(=S)N(C)C,-3.660399880398967,-4.367506921916739,-0.707107041517772,0.707107041517772
C/C=C/CCC1CCCC(=O)O1,-1.4887261241046956,-2.12571080118499,-0.6369846770802945,0.6369846770802945
CCCCCCC(C)OC(=O)COc1nc(F)c(Cl)c(N)c1Cl,-6.430000010197277,-5.477706792352766,0.9522932178445114,0.9522932178445114
COP(=S)(Oc1cc(Cl)c(Br)cc1Cl)c1ccccc1,-7.137899740273227,-7.154901619294472,-0.017001879021245614,0.017001879021245614
CC1CCC2(CCC(C)O2)O1,-0.44869982609066295,-1.830541905242649,-1.381842079151986,1.381842079151986
CCN(c1ccccc1)c1nc(Cl)nc(Nc2cc(S(=O)(=O)[O-])cc3cc(S(=O)(=O)[O-])c(N=Nc4ccc5c(S(=O)(=O)[O-])cccc5c4S(=O)(=O)[O-])c(O)c23)n1,-0.5025261811371418,0.35730087568317037,0.8598270568203121,0.8598270568203121
CCC(C)(C)c1ccc(O)cc1,-2.9901999844003018,-3.5142198562619322,-0.5240198718616305,0.5240198718616305
CCOC(C)(C)C,-0.9301998088121282,-1.1921249228919044,-0.26192511407977626,0.26192511407977626
COc1ccc(N=Nc2ccc(N=Nc3cccc(S(=O)(=O)[O-])c3)cc2OC)cc1,-0.8354591022977349,-2.6429139983084355,-1.8074548960107006,1.8074548960107006
COc1ccc(C(=O)c2ccccc2O)c(O)c1,-7.273884130468629,-3.4534202090650523,3.8204639214035763,3.8204639214035763
O=C([O-])C(O)C(O)C(=O)[O-],-1.320636812101318,0.6740919635139675,1.9947287756152854,1.9947287756152854
NC(=O)Cc1ccc(-c2ccccc2)cc1,-3.329999891108667,-2.9845540539334814,0.3454458371751854,0.3454458371751854
CCOC(=O)C(C)Oc1cccc(Oc2nc3ccc(Cl)cc3s2)c1,-5.673999833510751,-6.021491971423037,-0.34749213791228595,0.34749213791228595
CC(=O)OC1(C)CCC2C3CCC4=CC(=O)CCC4(C)C3CCC21C,-5.280000355611336,-4.7587820246182995,0.5212183309930367,0.5212183309930367
Clc1ccc(Oc2ccc(Cl)cc2Cl)c(Cl)c1,-6.82000029633549,-7.224276429974143,-0.40427613363865333,0.40427613363865333
NC(=O)c1ccc(Cl)c(N)c1,-1.9767039168676097,-1.763076834923578,0.2136270819440318,0.2136270819440318
Clc1cc(Cl)c(-c2c(Cl)c(Cl)cc(Cl)c2Cl)cc1Cl,-8.939999813202137,-8.918512887687879,0.02148692551425846,0.02148692551425846
O=C(O)CCC(C(=O)O)N(CC(=O)O)CC(=O)O,0.043604075175582846,-0.1053984612940555,-0.14900253646963835,0.14900253646963835
CNc1ncc2nccnc2n1,-1.7123998399383742,-1.3564120075381385,0.3559878324002357,0.3559878324002357
O=C(O)CNC(=S)SCC(=O)O,-1.301099930806093,-0.992780382753568,0.30831954805252515,0.30831954805252515
CN(C)NC(=O)CCC(=O)O,-0.20459978353795893,-0.12384520603478366,0.08075457750317527,0.08075457750317527
O=c1nc[nH]c2nccnc12,-1.4715998828353363,-1.3472725555305414,0.1243273273047949,0.1243273273047949
CC/C(C)=N/O,0.059900360620405824,-0.39292784368634814,-0.45282820430675397,0.45282820430675397
Clc1cc(Cl)c(Oc2ccccc2Cl)cc1Cl,-7.00000036469455,-7.3931923851561585,-0.3931920204616084,0.3931920204616084
COC(=O)C1(S(=O)(=O)c2ccccc2)CCCCC1,-3.8499998585455444,-3.24046863083053,0.6095312277150144,0.6095312277150144
Clc1ccc(Oc2cc(Cl)c(Cl)c(Cl)c2Cl)c(Cl)c1Cl,-9.120000157615022,-9.077105810088074,0.042894347526948096,0.042894347526948096
CC1(C)C2CC=C(CCC=O)C1C2,-3.4657606777059073,-4.971003785553265,-1.5052431078473574,1.5052431078473574
FC(F)(F)N1C(F)(F)C(F)(F)OC(F)(F)C1(F)F,-5.596058796590871,-5.557057360102543,0.03900143648832799,0.03900143648832799
CCCCC(CC)COP(=O)(O)OCC(CC)CCCC,-3.3623020188677986,-4.205646212364389,-0.8433441934965904,0.8433441934965904
C1=CCCCC1,-2.7104663188895364,-3.675627561487635,-0.9651612425980987,0.9651612425980987
Clc1ccc(-c2ccc(Cl)c(Cl)c2)cc1,-6.554100283231099,-6.440119867363977,0.11398041586712182,0.11398041586712182
CC1CCCC(C)N1C(=O)COC(=O)c1ccccc1,-3.259999956542529,-3.0338457676919695,0.22615418885055938,0.22615418885055938
O=C(O)/C(S)=C/C1CCCCC1,-2.6700000027794215,-2.238624683099644,0.4313753196797774,0.4313753196797774
CCCN(CC)CC1COC2(CCC(C(C)(C)C)CC2)O1,-2.80139988083803,-3.90052571406162,-1.09912583322359,1.09912583322359
CC12CCC(=O)C=C1CCC1C2CCC2(C)C(OC(=O)C(CO)CO)CCC12,-4.25000005646354,-4.77787225082485,-0.5278721943613105,0.5278721943613105
C#CCC(NC(=O)OC(C)(C)C)C(=O)NCC(=O)OC,-1.4499999132797845,-2.0830455783327015,-0.633045665052917,0.633045665052917
CC(=O)Nc1ccc(S(N)(=O)=O)cc1,-1.6065998650911757,-1.6500855199110422,-0.04348565481986655,0.04348565481986655
Clc1ccc(-c2c(Cl)cc(Cl)c(Cl)c2Cl)c(Cl)c1Cl,-8.260500500631032,-8.777300314102854,-0.5167998134718221,0.5167998134718221
Nc1nc(N)c(N=O)c(N)n1,-3.8454730589115167,-3.0514330619823076,0.7940399969292091,0.7940399969292091
Cc1cc2ccccc2c2ccc3ccccc3c12,-6.59200026495811,-6.669962558022507,-0.07796229306439706,0.07796229306439706
C=C(C)C(=O)OCc1ccccc1,-2.9682044383403623,-3.175295324858981,-0.2070908865186185,0.2070908865186185
CCOP(=S)(OCC)Oc1ccc2oc(=O)c(Cl)c(C)c2c1,-5.382000035478165,-5.72188523419174,-0.33988519871357514,0.33988519871357514
Clc1ccc(-c2ccc(Cl)c(Cl)c2)c(Cl)c1,-6.899499933150707,-7.033755398240814,-0.13425546509010644,0.13425546509010644
C=Cc1cccc(C)c1,-3.1231502928863675,-3.070155187666729,0.05299510521963846,0.05299510521963846
CCCCCCCCC(CO[N+](=O)O)O[N+](=O)O,-5.71999978656773,-5.0482788426205945,0.6717209439471352,0.6717209439471352
CC1(C)C(C=C(Cl)Cl)C1C(=O)OC(C#N)c1cccc(Oc2ccccc2)c1,-6.5587001681152675,-6.782672022079829,-0.22397185396456187,0.22397185396456187
CC(C)C(=O)OCCc1ccccc1,-3.079764310750651,-3.7917359382639337,-0.7119716275132828,0.7119716275132828
COc1cc(Br)c2c(c1OC)C(=O)OC2,-3.931099848397115,-2.8325209468140913,1.0985789015830236,1.0985789015830236
OCC1OC(O)C(O)C(O)C1O,0.740000366314475,0.7440787855234228,0.004078419208947803,0.004078419208947803
O=C(O)COc1cc(Cl)c(Cl)c(Cl)c1,-2.9399999974844877,-3.6340675201232995,-0.6940675226388118,0.6940675226388118
O=C(O)C(Cl)(Cl)Cl,0.519000231774871,0.2086787413842326,-0.3103214903906384,0.3103214903906384
FC(Cl)Cl,-0.7382998882234668,-1.6122360560339866,-0.8739361678105197,0.8739361678105197
Clc1cc(Cl)c(Cl)c(-c2c(Cl)c(Cl)cc(Cl)c2Cl)c1Cl,-9.38000034837383,-9.250134139099499,0.129866209274331,0.129866209274331
CCCCC(CC)C(=O)OCC,-3.4232911770154666,-3.6497646307411955,-0.2264734537257289,0.2264734537257289
Cc1c(OCc2ccccc2)ccc2c(=O)cc(N3CCOCC3)oc12,-5.159999895957892,-4.581121512425194,0.5788783835326976,0.5788783835326976
CN(CC(=O)O)N=O,0.9278003354958471,0.043443963957146,-0.8843563715387011,0.8843563715387011
CCC(C)C1NC(=O)C(Cc2ccccc2)NC(=O)C2CCCN2C(=O)C(Cc2ccccc2)N(C)C(=O)C2CCCCN2C(=O)C2CCCCN2C1=O,-5.5700001436825834,-2.740422247937551,2.8295778957450324,2.8295778957450324
C[n+]1ccccc1,0.42018317645521686,1.1570784960824736,0.7368953196272567,0.7368953196272567
CCOc1ccc2nc(S(N)(=O)=O)sc2c1,-4.03000020295843,-2.705616450013565,1.3243837529448648,1.3243837529448648
COC(=O)[C@H]1[C@H]2C[C@@H]3c4[nH]c5cc(OC)ccc5c4CCN3C[C@H]2C[C@@H](OC(=O)c2cc(OC)c(OC)c(OC)c2)[C@@H]1OC,-3.92079993512313,-3.4999128836927342,0.42088705143039595,0.42088705143039595
CNC(=O)Oc1cc(C)cc(C)c1,-2.581299923314669,-2.4925287427366434,0.0887711805780258,0.0887711805780258
NC(CS)C(=O)O,0.35970005947530304,-0.2200579695704108,-0.5797580290457138,0.5797580290457138
CCOc1ccc(C)cc1N=Nc1ccc(N=Nc2cccc(S(=O)(=O)[O-])c2)c2ccccc12,-1.8471354316434239,-3.6843089021728246,-1.8371734705294007,1.8371734705294007
CCOC(=O)C(C)N(C(=O)c1ccccc1)c1ccc(Cl)c(Cl)c1,-4.262700050704588,-5.757409772755558,-1.4947097220509704,1.4947097220509704
[O-]n1ccccc1=S,0.6370126898083592,-0.9557447255522926,-1.5927574153606519,1.5927574153606519
Nc1ccccc1-c1ccccc1,-2.861113722074791,-2.531447363077504,0.329666358997287,0.329666358997287
Nc1ccc(S(=O)(=O)O)c2ccccc12,-2.9100000222155415,-1.941359986518726,0.9686400356968154,0.9686400356968154
CCC/C=C(/C=O)CC,-2.2559577576973036,-2.7368123610829005,-0.48085460338559693,0.48085460338559693
CCCOCC(C)OCC(C)O,-0.07005252955494123,-0.48142959573127975,-0.4113770661763385,0.4113770661763385
CNC1CCCCC1,-0.3214679984672717,-0.8738610879053113,-0.5523930894380396,0.5523930894380396
CN(C)c1ncnc2nccnc12,-1.0215998499645962,-0.598197603122157,0.4234022468424392,0.4234022468424392
CCC(=O)OC(Cc1ccccc1)(c1ccccc1)C(C)CN(C)C,-2.609999824712791,-4.3979789853504805,-1.7879791606376894,1.7879791606376894
CCCCC(=O)N(C)c1ccc(S(=O)(=O)N(C)C)cc1,-2.849999838218068,-3.5235403995786583,-0.6735405613605905,0.6735405613605905
OC1CCN2C1=Nc1ccccc1C2O,-2.0699998266759767,-1.8256078572034498,0.24439196947252695,0.24439196947252695
COC(=O)C(C)c1ccc2cc(OC)ccc2c1,-4.780000211734026,-5.076436608813357,-0.2964363970793311,0.2964363970793311
CCc1cccc(CC)c1N,-2.3477999335570634,-1.9343708557801218,0.4134290777769416,0.4134290777769416
CCCCOC(=O)C1C(C(=O)OCCCC)C2(Cl)C(Cl)=C(Cl)C1(Cl)C2(Cl)Cl,-7.509559010285642,-6.61966803561169,0.8898909746739516,0.8898909746739516
O=C1C(Cl)=C(Cl)C(=O)c2ccccc21,-5.023776581177045,-5.619126958414109,-0.5953503772370636,0.5953503772370636
Clc1ccc(Cl)cc1,-3.349999852695147,-3.7652919142160974,-0.41529206152095055,0.41529206152095055
CCCCC(C)C,-4.596099916909985,-4.620832407243494,-0.024732490333509105,0.024732490333509105
NC1C2CN(c3nc4c(cc3F)c(=O)c(C(=O)O)cn4-c3ccc(F)cc3F)CC12,-4.530000208808827,-4.59169492602619,-0.06169471721736297,0.06169471721736297
O=C(c1ccco1)c1no[n+]([O-])c1C(=O)c1ccco1,-3.8499998585455444,-2.8459226008645575,1.0040772576809869,1.0040772576809869
CCC1(CC)C(=O)NC(=O)NC1=O,-1.419999763859695,-1.783987912159113,-0.36398814829941784,0.36398814829941784
O=C1NC(=O)C2(CC2)C(=O)N1,-1.889999896343828,-2.1437917746077373,-0.25379187826390925,0.25379187826390925
O=C(O)COc1c(Cl)cc(Cl)cc1Cl,-3.22999997965608,-3.185734369260711,0.04426561039536914,0.04426561039536914
Nc1ccc(N=Nc2ccc(S(=O)(=O)Nc3ccc(N=Nc4c(S(=O)(=O)[O-])cc5cc(S(=O)(=O)[O-])c(N=Nc6ccccc6)c(O)c5c4N)cc3)cc2)c(N)c1,-0.6029812018267902,-1.6631565304927447,-1.0601753286659545,1.0601753286659545
CN(Cc1cc(Br)cc(Br)c1N)C1CCCCC1,-1.973299897152872,-3.0974631049061996,-1.1241632077533277,1.1241632077533277
CCCOC(C)C,-1.3372998350525092,-1.1615496153276537,0.1757502197248555,0.1757502197248555
ClC(Cl)C(Cl)(Cl)Cl,-2.6247998811733377,-3.2954904024589737,-0.670690521285636,0.670690521285636
COc1cc(OC)cc(C(=O)N(O)c2ccccc2C)c1,-3.650000035640372,-3.4147603546782994,0.23523968096207248,0.23523968096207248
O=C1C(Cl)=C(Cl)C(=O)C(Cl)=C1Cl,-5.08968595016594,-5.425889280990023,-0.33620333082408305,0.33620333082408305
C=CCN(CCC#N)c1cc(NC(C)=O)c(N=Nc2c(Br)cc([N+](=O)[O-])cc2[N+](=O)[O-])cc1OC,-8.900000166083,-6.624326167852911,2.275673998230089,2.275673998230089
Cc1ccc(C(C)(C)C)c(O)c1,-2.672674584768611,-3.6898107929298254,-1.0171362081612143,1.0171362081612143
Nc1c(N=Nc2ccc(S(=O)(=O)CCOS(=O)(=O)[O-])cc2)c(S(=O)(=O)[O-])cc2c1C(=O)/C(=N/Nc1cc(Nc3nc(F)nc(F)c3Cl)ccc1S(=O)(=O)[O-])C(S(=O)(=O)[O-])=C2,-0.9138008313444455,0.35210250610663785,1.2659033374510833,1.2659033374510833
CC(C)CCCCCCc1ccc(O)cc1,-4.587250321418525,-5.0530723792629235,-0.4658220578443988,0.4658220578443988
CNC(=O)Oc1cccc2ccccc12,-3.2239999152653342,-3.055662189326282,0.16833772593905216,0.16833772593905216
CN(C)Cc1ccccc1,-1.2279187519619053,-1.418229844761403,-0.19031109279949776,0.19031109279949776
CCCCCC(C)OC(=O)COc1ccc(Cl)c2cccnc12,-5.747969836159568,-5.681315259870377,0.06665457628919036,0.06665457628919036
COC(=O)c1cc(Oc2ccc(Cl)cc2Cl)ccc1[N+](=O)[O-],-5.934300094777216,-5.628990361577484,0.3053097331997314,0.3053097331997314
C/C=C(/C)C(=O)O[C@H]1CC[C@@]2(C)[C@@H]3CC[C@H]4[C@]5(O)C[C@H](O)[C@@]6(O)[C@@H](CN7C[C@@H](C)CC[C@H]7[C@@]6(C)O)[C@]5(O)C[C@@]42O[C@]13O,-3.016299907355411,-3.649691890558336,-0.6333919832029253,0.6333919832029253
CCCCc1c2ccccc2cc2ccc3ccccc3c12,-7.524500423557898,-7.252820671521754,0.27167975203614425,0.27167975203614425
N#Cc1nn(-c2c(Cl)cc(C(F)(F)F)cc2Cl)c(N)c1[S+]([O-])C(F)(F)F,-5.3619000043801615,-4.6156322433170995,0.7462677610630619,0.7462677610630619
CCc1cccc(C)c1N(COC(C)C)C(=O)CCl,-3.1881999439977298,-4.108384168240349,-0.920184224242619,0.920184224242619
CCC1(CC)CCC(=O)NC1=O,-4.530000208808827,-1.4045143865254912,3.125485822283336,3.125485822283336
CCN1CCOCC1,0.9386003892870791,0.8786152734072696,-0.05998511587980948,0.05998511587980948
COP(=O)(OC)O/C(C)=C/C(=O)N(C)C,0.6249002761335927,0.49919475010802694,-0.12570552602556573,0.12570552602556573
COc1ccc2cc(C(C)C(=O)OCCCCN3CCN(C)CC3)ccc2c1,-1.2899998065072038,-3.5327133921259795,-2.242713585618776,2.242713585618776
Oc1cccc(O)c1O,0.6043003115587107,0.05788737612929662,-0.546412935429414,0.546412935429414
CC(C)C[C@H](N)C(=O)N[C@@H](C)C(=O)NCC(=O)O,-0.8952997040002137,-0.5098509933268143,0.3854487106733995,0.3854487106733995
COC(=O)COc1nc(F)c(Cl)c(N)c1Cl,-3.951281039319637,-3.7395892327150073,0.21169180660462983,0.21169180660462983
O=S(=O)(O)C(Cl)S(=O)(=O)O,0.6765002570823215,2.46304055617122,1.7865402990888986,1.7865402990888986
CCCOP(=O)(OC)OC,0.4733003492255494,0.3620600436243011,-0.11124030560124831,0.11124030560124831
CCOC(=O)N1CCN(C)CC1,1.1300001003450366,0.10650735603832118,-1.0234927443067154,1.0234927443067154
C#CC(C)(C)NC(=O)c1cc(Cl)cc(Cl)c1,-4.232399968803755,-4.9415591944557695,-0.709159225652015,0.709159225652015
O=C(O)COc1ccc(Cl)c(Cl)c1,-2.6846000409904702,-3.0352561525633863,-0.3506561115729161,0.3506561115729161
CC(=O)OCC(=O)[C@@]1(O)[C@H](C)C[C@H]2[C@@H]3CCC4=CC(=O)C=C[C@]4(C)[C@@]3(F)[C@@H](O)C[C@@]21C,-4.900000119279821,-3.971070716905006,0.9289294023748149,0.9289294023748149
CCCCC(=O)OCSc1ncnc2c1ncn2COC(=O)CCCC,-4.329999902809462,-4.043095782330548,0.2869041204789138,0.2869041204789138
C=CCN(CC=C)c1cc(NC(C)=O)c(N=Nc2c(Cl)cc([N+](=O)[O-])cc2[N+](=O)[O-])cc1OC,-4.388179350620655,-6.713468364771591,-2.325289014150936,2.325289014150936
CCCCCCCCOC(=O)C(C)O,-1.2725998578704645,-3.1775314298540582,-1.9049315719835938,1.9049315719835938
CCCCCCCCCCCC(=O)N(C)C,-3.90930698623142,-4.341997478093073,-0.43269049186165276,0.43269049186165276
CC(C)CCC[C@@H](C)[C@H]1CC[C@H]2[C@@H]3CC=C4C[C@@H](O)CC[C@]4(C)[C@H]3CC[C@]12C,-7.100195204654238,-5.839741997867989,1.2604532067862486,1.2604532067862486
C/C=C/C(=O)O,0.038175200655265584,-0.39173860380871517,-0.42991380446398075,0.42991380446398075
CC12CCC(=O)C=C1CCC1C2CCC2(C)C(OC(=O)Cc3ccccc3)CCC12,-4.659999890107494,-5.561870082485703,-0.9018701923782082,0.9018701923782082
CCC(COC(=O)CCCCCCCCCCCCCCC(C)C)(COC(=O)CCCCCCCCCCCCCCC(C)C)COC(=O)CCCCCCCCCCCCCCC(C)C,-7.271182391684414,-7.662481235014916,-0.39129884333050136,0.39129884333050136
CCCCCCCC[Si](OC)(OC)OC,-4.246128125515611,-5.408466695939643,-1.1623385704240317,1.1623385704240317
C(CCOCC1CO1)COCC1CO1,-0.5608135659938682,0.0768210798171336,0.6376346458110018,0.6376346458110018
CN1C2CCCC1CC(=O)C2,0.41670048140038496,0.237856250406145,-0.17884423099423996,0.17884423099423996
CN1CSC(=S)N(C)C1,-1.7330998740247796,-2.5789725480237364,-0.8458726739989568,0.8458726739989568
CCCCCCOC(C)=O,-2.4509998954545207,-2.4813213025133276,-0.030321407058806926,0.030321407058806926
CNC1CCC(c2ccc(Cl)c(Cl)c2)c2ccccc21,-5.2300001065778545,-4.769152814711825,0.46084729186602935,0.46084729186602935
Clc1cc(Cl)cc(-c2c(Cl)ccc(Cl)c2Cl)c1,-7.950000127361863,-7.722073526301905,0.22792660105995743,0.22792660105995743
FC(Br)C(F)(F)F,-1.900999882117738,-3.1699488524053936,-1.2689489702876555,1.2689489702876555
CN1C(=O)c2cccnc2Oc2ccccc21,-3.6719999381747352,-3.7948570028081576,-0.12285706463342239,0.12285706463342239
Clc1cc(Cl)c(-c2cc(Cl)c(Cl)cc2Cl)c(Cl)c1,-8.119900214429617,-8.390962986167128,-0.2710627717375118,0.2710627717375118
CCCCCOC(=O)C(N)Cc1ccc(O)c(O)c1,-0.9899998306023479,-1.8577547391928082,-0.8677549085904603,0.8677549085904603
O=C(OCCCO)c1ccccc1,-1.2557999122221268,-1.6430765132970457,-0.3872766010749189,0.3872766010749189
Cc1cc(C(C)(C)C)c(O)c(C)c1CC#N,-4.25790264930871,-4.23400867246831,0.023893976840400732,0.023893976840400732
O=C(OCCOCCOC(=O)c1ccccc1)c1ccccc1,-3.937488769106949,-4.000978388293756,-0.06348961918680729,0.06348961918680729
CN(C)C(=S)SSC(=S)N(C)C,-4.116196215430955,-3.819778590011717,0.2964176254192381,0.2964176254192381
COc1ccc([C@@H]2CC(=O)c3c(O)cc(O[C@@H]4O[C@H](CO)[C@@H](O)[C@H](O)[C@H]4O[C@@H]4O[C@@H](C)[C@H](O)[C@@H](O)[C@H]4O)cc3O2)cc1O,-5.185848747959262,-2.5372544313379226,2.648594316621339,2.648594316621339
O=C(O)CN(CC(=O)O)CC(=O)O,-0.5100999938768664,0.01859083810215978,0.5286908319790262,0.5286908319790262
Clc1cc(Cl)c(Oc2ccc(Cl)c(Cl)c2)c(Cl)c1,-7.620000416117655,-7.8830813675622515,-0.2630809514445964,0.2630809514445964
CCCCCCCl,-3.1223887811570403,-3.801171181944902,-0.6787824007878616,0.6787824007878616
O=C1C=CC=C/C1=C/NNC(=O)c1ccncc1,-3.683499995452436,-3.4518459086084237,0.23165408684401223,0.23165408684401223
C=CC1(C)OC(=O)N(c2cc(Cl)cc(Cl)c2)C1=O,-4.925000243796562,-4.615195940246858,0.30980430354970423,0.30980430354970423
CCN(CCO)c1ccc(N=Nc2sc3cc(OC)ccc3[n+]2C)cc1,-0.7312860506675349,-1.431038466182546,-0.699752415515011,0.699752415515011
O=C1NC(=O)C2CC=CCC12,-1.0930911653197104,-0.9482004505718313,0.14489071474787907,0.14489071474787907
Nc1c(S(=O)(=O)[O-])cc(NC2CCC(Nc3nc(F)nc(Nc4cc(S(=O)(=O)[O-])ccc4S(=O)(=O)[O-])n3)CC2)c2c1C(=O)c1ccccc1C2=O,-0.7569463579065041,-0.12622617027447314,0.630720187632031,0.630720187632031
CCN(CC)C1=C[C@@H]2Oc3cc(N(CC)CC)c(C)cc3C(c3ccccc3C(=O)OC)=C2C=C1C,-7.6872217309093465,-5.491366211662225,2.1958555192471216,2.1958555192471216
CCCCCC(CO)CCC,-3.5181984820131817,-3.965035352131402,-0.4468368701182204,0.4468368701182204
CC(=O)C(N=Nc1ccc(S(=O)(=O)[O-])cc1[N+](=O)[O-])C(=O)Nc1ccccc1Cl,-5.4514609749512015,-2.3038252838931297,3.147635691058072,3.147635691058072
Clc1ccccc1Cl,-3.053385676952586,-3.855034666230829,-0.801648989278243,0.801648989278243
CNC(=O)COC(=O)c1ccccc1,-1.7177998668339902,-1.811389566925498,-0.0935897000915078,0.0935897000915078
CC(=O)c1ccc(-c2ccccc2)cc1,-3.310399966021182,-4.083600469922323,-0.7732005039011409,0.7732005039011409
C=CC(=O)OCCCCCC(C)C,-4.170655285844086,-4.369044679748297,-0.19838939390421118,0.19838939390421118
CCCCOC=O,-1.1306997722345482,-1.2524142500867446,-0.12171447785219636,0.12171447785219636
CC(C)Cc1ccc(C(C)C(=O)NO)cc1,-3.043999855532955,-3.5475118095169407,-0.5035119539839856,0.5035119539839856
CCC(C)(C(=O)O)N1C(=O)c2ccccc2C1=O,-1.9099998579303086,-3.085060541408108,-1.1750606834777995,1.1750606834777995
CCC(Cl)CC,-2.6307000313328373,-3.0444403252906156,-0.41374029395777834,0.41374029395777834
CC(=O)c1c(C)ncc(C(=O)O)c1C(=O)O,-1.3499998292935576,-1.733393871348289,-0.3833940420547315,0.3833940420547315
COCCOCCCn1c(=O)c2c(N)c3c(=O)c4ccccc4c(=O)c3c(N)c2c1=O,-8.265049315557594,-4.984609236339957,3.2804400792176365,3.2804400792176365
CCOC(=O)CN=C(c1ccccc1)c1ccccc1,-3.427044370311964,-4.807704421492493,-1.3806600511805285,1.3806600511805285
CCCCCCCCCCCC(CC)CCCCCCC(CC)CCCCCCC,-5.405053290394859,-7.498540045811271,-2.0934867554164125,2.0934867554164125
CCCCOC(=O)c1ccc(C(=O)OCCCC)c(C(=O)OCCCC)c1,-4.807173708014139,-5.565538285710861,-0.7583645776967227,0.7583645776967227
N#CC(C#N)=NNc1ccccc1[N+](=O)[O-],-3.930000049958747,-4.712551980698274,-0.782551930739527,0.782551930739527
Cc1ccc2cc3ccccc3cc2c1,-6.955499936014382,-6.250887454885243,0.7046124811291392,0.7046124811291392
COC(=O)C(N)CO,0.5774209506290204,0.3255883643872788,-0.25183258624174165,0.25183258624174165
CC(C)C(NC(N)=O)NC(N)=O,-1.809694320386839,-1.0393374124291779,0.7703569079576611,0.7703569079576611
CC1(C)CC(=O)CC(=O)C1,-1.5275998856990114,-0.9624296449758665,0.5651702407231449,0.5651702407231449
CCCCCCCC/C=C\CCCCCCCC(=O)OCC,-7.3556065526818735,-6.479249392827056,0.8763571598548179,0.8763571598548179
CCOc1ccc(N(CC)C(N)=O)cc1,-1.8499999041574111,-1.9225760420308928,-0.07257613787348172,0.07257613787348172
CCCC(C)(C)O,-0.49879973055493076,-0.2465768042047931,0.25222292635013766,0.25222292635013766
O=P(OC(Cl)CCCl)(OC(Cl)CCCl)OC(Cl)CCCl,-3.6343998889284688,-4.47656502203222,-0.8421651331037516,0.8421651331037516
CC12CC(C)(NC(=O)N1)NC(=O)N2,-2.0899997882624572,-1.241729862848142,0.8482699254143153,0.8482699254143153
Nc1c2ccccc2nc2c(F)cccc12,-1.6599998550051098,-2.850048328797746,-1.1900484737926362,1.1900484737926362
O=c1nc(-c2ccccc2)[nH]cc1Br,-3.479199840569831,-3.627169694187278,-0.1479698536174472,0.1479698536174472
C=CC(=O)OC(C)(C)C,-1.8045935358374054,-1.676602146114825,0.1279913897225804,0.1279913897225804
CC(C)(C)c1ccc(C=O)cc1,-3.1309551626775263,-4.57710368703081,-1.446148524353284,1.446148524353284
Cn1nc(S(N)(=O)=O)sc1=NS(=O)(=O)c1ccc(Cl)cc1,-2.439999978694067,-2.4583794353149777,-0.018379456620910783,0.018379456620910783
C[C@@H]1C[C@@H]([C@H](O)CC2CC(=O)NC(=O)C2)C(=O)[C@@H](C)C1,-1.1269998228195266,-1.2262010070365175,-0.09920118421699087,0.09920118421699087
O=C(Nc1ccc(Cl)cc1)c1cc([N+](=O)[O-])ccc1O,-5.122000258800095,-4.792755692793878,0.3292445660062171,0.3292445660062171
Cc1cccc(CN2CCN(C(c3ccccc3)c3ccc(Cl)cc3)CC2)c1,-4.630000154768142,-4.144041902774679,0.48595825199346354,0.48595825199346354
Clc1ccc(Cl)c(-c2c(Cl)ccc(Cl)c2Cl)c1Cl,-7.903200722427998,-8.046614549212707,-0.14341382678470893,0.14341382678470893
CCOc1cc(OP(=S)(OC)OC)nc(CC)n1,-3.863800065305698,-3.9718620251940577,-0.10806195988835965,0.10806195988835965
CCc1cc(C)cc(O)c1,-1.7695999177923092,-2.1930248700618455,-0.42342495226953636,0.42342495226953636
FC(F)(Cl)C(Cl)(Cl)Cl,-3.3092998915289895,-3.8331422176478043,-0.5238423261188148,0.5238423261188148
Cc1cc(O)c(C(C)(C)C)cc1C(C)CC(c1cc(C(C)(C)C)c(O)cc1C)c1cc(C(C)(C)C)c(O)cc1C,-7.1341928895125815,-6.677030916208856,0.45716197330372577,0.45716197330372577
C1=CCCC1,-2.2795898284713383,-3.5087804916962693,-1.229190663224931,1.229190663224931
CC12C=CC(=O)C=C1CCC1C2CCC2(C)C(=O)CCC12,-2.8204595340834735,-3.834267689091887,-1.0138081550084137,1.0138081550084137
CC(C)(C)NC(=O)C1CCC2C3CC=C4C=C(C(=O)O)CCC4(C)C3CCC12C,-8.76000057300455,-5.035718669641854,3.724281903362696,3.724281903362696
NC(=O)c1cn(Cc2c(F)cccc2F)nn1,-3.4999999786744875,-2.92907795809604,0.5709220205784473,0.5709220205784473
CCCCOCC,-1.549960521569052,-1.190501726401542,0.3594587951675099,0.3594587951675099
CC(C)OC(=O)Nc1ccccc1,-3.0004999063009685,-3.261325152928921,-0.26082524662795237,0.26082524662795237
CCC(C)C(N)C(=O)OCCOC(=O)C(C)c1ccc2cc(OC)ccc2c1,-3.819999916165824,-4.637333800680211,-0.8173338845143872,0.8173338845143872
O=[N+]([O-])c1cc(Cl)ccc1O,-3.090199887226206,-2.4410779688802684,0.6491219183459376,0.6491219183459376
CC(C)CC(c1ccc(O)cc1)c1ccc(O)cc1,-3.367399904852071,-3.9071222962612286,-0.5397223914091578,0.5397223914091578
ClCCCCl,-1.6136999694673866,-1.8134493425399265,-0.19974937307253993,0.19974937307253993
O/N=C1/C=CCCC1,-0.7033997834115526,-1.0525769538709766,-0.349177170459424,0.349177170459424
OCC(CO)(CO)COCC(CO)(CO)CO,-1.9581998909582166,0.018753985912670412,1.976953876870887,1.976953876870887
Cc1ccccc1N(C)C(N)=O,-0.40319980651056264,-1.2604178786318252,-0.8572180721212626,0.8572180721212626
CC(=O)C=C(C)NC1CCCCC1NC(C)=CC(C)=O,-2.1099998188623936,-1.4692554957274448,0.6407443231349488,0.6407443231349488
O=[N+]([O-])c1cc2cccnc2c2ncccc12,-3.9172000552196318,-3.380434683369256,0.5367653718503758,0.5367653718503758
Clc1cccc(Cl)c1Oc1ccccc1,-5.060500159529281,-5.522465607413032,-0.4619654478837516,0.4619654478837516
CCN(CC)CC,-0.13768268006129736,0.890651772280191,1.0283344523414883,1.0283344523414883
CC(COS)(COS)COC(=O)CCCC(=O)OCC(C)(COS)COS,-5.841947115821222,-4.373228275464529,1.4687188403566935,1.4687188403566935
C=CCCl,-1.3561998601737093,-1.5117316217096828,-0.15553176153597348,0.15553176153597348
C/C=N/O,0.4958194399910778,0.6079853540671878,0.11216591407610998,0.11216591407610998
Nc1c(S(=O)(=O)O)ccc2ccccc12,-2.959999976324332,-1.948123305228569,1.011876671095763,1.011876671095763
CC(=O)c1ccc(OC2OC(CO)C(O)C(O)C2O)cc1,-1.1699997609344963,-2.0670910475230944,-0.897091286588598,0.897091286588598
O=C1CCCCCCCCN1,-1.0736997643902033,-1.5747109554011784,-0.5010111910109751,0.5010111910109751
O=C1c2c(O)ccc(Nc3ccccc3)c2C(=O)c2c([N+](=O)[O-])ccc(O)c21,-8.646143277143329,-5.688304942716632,2.9578383344266967,2.9578383344266967
CCCN(CCC)C(=O)COC(=O)c1ccccc1OC(C)=O,-2.650000023939577,-2.938159378413636,-0.28815935447405927,0.28815935447405927
Nc1c(I)c(C(=O)[O-])c(I)c(C(=O)[O-])c1I,-1.569622593273865,-1.7485464657965863,-0.17892387252272135,0.17892387252272135
Oc1ccc(F)cc1,-0.2099999484604873,-0.40848513304193634,-0.19848518458144904,0.19848518458144904
COCCNC(=O)CSP(=S)(OC)OC,-1.1355998656532855,-2.16730438308905,-1.0317045174357644,1.0317045174357644
CCCC(C)(COC(N)=O)COC(=O)NC(C)C,-2.938399967948711,-2.5640649168383027,0.3743350511104082,0.3743350511104082
CC(C)(C)NC(=O)C1N(C(=O)C(O)C(Cc2ccccc2)NC(=O)c2ccccc2)CSC1(C)C,-3.6199998862202825,-4.12060120631475,-0.5006013200944675,0.5006013200944675
CCOC(=O)C1(c2ccccc2)CCN(C)CC1,-1.7614499117065796,-2.143053882733802,-0.38160397102722254,0.38160397102722254
OCC(O)C1OC2OC(C(Cl)(Cl)Cl)OC2C1O,-1.8399999233641708,-1.4784911524930164,0.3615087708711544,0.3615087708711544
CC(Oc1ccc(Cl)cc1)C(=O)O,-2.1350998058502895,-2.474036104047527,-0.3389362981972375,0.3389362981972375
Cc1ccc2nc(-c3ccc(NC(=O)/C(C#N)=C/c4ccc(N(C)CCS(=O)(=O)[O-])cc4)cc3)sc2c1S(=O)(=O)[O-],-0.4159499045208288,-1.5562003041999881,-1.1402503996791593,1.1402503996791593
CCCCCCCCC(O)CO,-2.4785789493101267,-3.2359559099415716,-0.7573769606314449,0.7573769606314449
NC(=O)NCl,0.32560023470174926,-0.3788267382570627,-0.704426972958812,0.704426972958812
C/C=C/CCl,-1.956899884483346,-1.8715321715124082,0.08536771297093781,0.08536771297093781
CCOC(=O)CCCCC(=O)OCC,-1.6794998831147117,-1.7206022272373769,-0.041102344122665224,0.041102344122665224
O=P(OCCCl)(OCCCl)OCCCl,-1.6104998155023311,-2.016844834531634,-0.40634501902930276,0.40634501902930276
CCCC(C)CC1(CCO)C(=O)NC(=S)NC1=O,-3.089999851723344,-2.7423709463941885,0.34762890532915547,0.34762890532915547
CCCCCC/C=C/CCCCCCCc1cccc(OCC2CO2)c1,-6.079851682381886,-6.339441381103079,-0.259589698721193,0.259589698721193
COc1ccc(Cl)cc1,-2.7793254178908997,-3.0394000655422895,-0.26007464765138977,0.26007464765138977
CCCOCC,-0.6805998078791973,-0.5763264106836492,0.10427339719554807,0.10427339719554807
CCN(CC)c1nc(Nc2ccc(/C=C/c3ccc(Nc4nc(Nc5cc(S(=O)(=O)[O-])ccc5S(=O)(=O)[O-])nc(N(CC)CC)n4)cc3S(=O)(=O)[O-])c(S(=O)(=O)[O-])c2)nc(Nc2cc(S(=O)(=O)[O-])ccc2S(=O)(=O)[O-])n1,-0.8122487727546783,0.9181384516246425,1.7303872243793208,1.7303872243793208
Cc1cc(C)nc(C)c1,-0.5393997947432059,-0.05610021713727287,0.483299577605933,0.483299577605933
O=C(O)CBr,1.1002000899479936,0.2885430453021325,-0.8116570446458611,0.8116570446458611
O=[N+]([O-])c1ccc(Oc2ccc(Cl)cc2Cl)cc1,-5.4534999085018505,-5.250211663421114,0.20328824508073673,0.20328824508073673
CN1C(=O)CCS(=O)(=O)C1c1ccc(Cl)cc1,-2.039400019334767,-3.173344383465016,-1.1339443641302491,1.1339443641302491
Cc1ccc(-c2nc3ccc(C)cn3c2CC(=O)N(C)C)cc1,-1.2999998563139001,-3.9679924407036404,-2.66799258438974,2.66799258438974
CC1(C)C2CCC1(CS(=O)(=O)O)C(=O)C2,-0.29999984461310536,-1.4768551194997968,-1.1768552748866914,1.1768552748866914
CCOP(=O)(OCC)Oc1ccc2c(C)c(Cl)c(=O)oc2c1,-3.180000023929787,-4.007999817329873,-0.8279997934000858,0.8279997934000858
COc1ccc(S(=O)(=O)c2coc(S(N)(=O)=O)c2)cc1,-3.0199999257838885,-2.08896154982704,0.9310383759568484,0.9310383759568484
O=C([O-])C1=Cc2ccccc2/C(=N/Nc2ccc3ccccc3c2S(=O)(=O)[O-])C1=O,-6.279395809435618,-2.2682369768957606,4.0111588325398575,4.0111588325398575
Clc1cc(Cl)c(-c2cc(Cl)c(Cl)c(Cl)c2)cc1Cl,-8.21000031812067,-8.522683725037082,-0.3126834069164115,0.3126834069164115
NS(=O)(=O)c1nnc(NS(=O)(=O)c2c(F)c(F)c(F)c(F)c2F)s1,-1.2099998221343697,-2.470644299714541,-1.260644477580171,1.260644477580171
C=C(C)[C@H]1CC=C(C)C(=O)C1,-1.9026535825557507,-1.7713134528968673,0.13134012965888342,0.13134012965888342
OCC(O)C(O)C(OC1OC(CO)C(O)C(O)C1O)C(O)CO,0.28720031949786007,0.6482190948298316,0.3610187753319716,0.3610187753319716
Clc1cc(Cl)c(-c2c(Cl)c(Cl)c(Cl)c(Cl)c2Cl)c(Cl)c1,-9.480000294333145,-9.201195317022725,0.2788049773104202,0.2788049773104202
CCCc1ncnc2c(O)cccc12,-2.9205998749794504,-2.4582728095251136,0.46232706545433677,0.46232706545433677
CCN(C(N)=O)c1ccc(OC)cc1,-1.2699998449207233,-1.7721703239693305,-0.5021704790486072,0.5021704790486072
O=C(CCCN1CCC(O)(c2ccc(Cl)cc2)CC1)c1ccc(F)cc1,-4.428899774276583,-3.5652932645396804,0.8636065097369023,0.8636065097369023
CCCCOc1ccc(C(=O)OCCN(CC)CC)cc1,-3.8399998777523043,-3.82159764669084,0.018402231061464214,0.018402231061464214
CN1CCOCC1,0.9950003941430219,1.1454455879015435,0.1504451937585216,0.1504451937585216
C1CN1,1.3658353674343124,1.222835069279291,-0.14300029815502135,0.14300029815502135
CC(C)(C)c1cc(C(C)(C)C)c(O)c(C(C)(C)C)c1,-3.8749999830622857,-6.488400301068385,-2.613400318006099,2.613400318006099
O=C(O)CCP(=O)(O)O,0.5007003476689853,0.9448811659110117,0.4441808182420264,0.4441808182420264
CCCCCC(=O)OCC,-2.349999806487624,-2.5919165393392607,-0.2419167328516365,0.2419167328516365
CCN,1.346000348008205,1.4550128992425786,0.10901255123437359,0.10901255123437359
C=C(C)OC,1.142000160113072,-0.4213042445084252,-1.5633044046214972,1.5633044046214972
CC1(C)COP(=S)(OP2(=S)OCC(C)(C)CO2)OC1,-5.393383667055218,-4.693931736128602,0.6994519309266165,0.6994519309266165
C[C@]12CC[C@H]3[C@@H](CCC4=CC(=O)CC[C@@]43C)[C@@H]1CC[C@@H]2C(=O)CO,-3.7446000237175263,-4.421490903697231,-0.6768908799797049,0.6768908799797049
CC1=CC(=O)N(Cc2cccc(CN3C(=O)C=C(C)C3=O)c2)C1=O,-3.9003350298820765,-4.40604803865206,-0.5057130087699839,0.5057130087699839
CCCCCCOC(=O)c1ccc(O)c(Br)c1,-4.219999769016538,-4.690861465488157,-0.47086169647161924,0.47086169647161924
CCCCCCC(=O)OCN1C(=O)NC(c2ccccc2)(c2ccccc2)C1=O,-6.301000333879282,-5.212839220553471,1.0881611133258104,1.0881611133258104
CN(CCO)C(=O)COC(=O)c1ccccc1,-1.0899999145885748,-1.3073751863535277,-0.21737527176495286,0.21737527176495286
Cn1c(=O)ncc2[nH]c(=O)[nH]c21,-0.7939996825525726,-2.6633620642661713,-1.8693623817135987,1.8693623817135987
CCCCCCCCCCCCOS(=O)(=O)[O-],-0.08745910348347818,-1.42358873963711,-1.336129636153632,1.336129636153632
COC1=CC(=N/N(O)c2ccc(N/N=C3/C(=O)c4c(O)cc(S(=O)(=O)[O-])cc4C=C3S(=O)(=O)[O-])c(OC)c2)/C=CC/1=N/N=C1\C(=O)c2c(O)cc(S(=O)(=O)[O-])cc2C=C1S(=O)(=O)[O-],-0.9094794847695931,0.07002491070212846,0.9795043954717215,0.9795043954717215
CCOCCc1ccc(OCCNc2ncnc(CC)c2Cl)c(C)c1C,-5.240900091853697,-4.0772942963465,1.1636057955071966,1.1636057955071966
CC1=CC(=O)CC(C)(C)C1=O,-0.8779040341977602,-0.825561606486986,0.05234242771077424,0.05234242771077424
O=C(CCS)OCC(COC(=O)CCS)(COC(=O)CCS)COC(=O)CCS,-5.123168932667774,-4.536436127682349,0.5867328049854246,0.5867328049854246
C=CC(=O)OCC1CC2CC1C1CCC(COC(=O)C=C)C21,-4.493085877263592,-4.042164376725364,0.4509215005382279,0.4509215005382279
CCc1ccc2ccccc2c1,-4.290100049148023,-5.409204035705928,-1.1191039865579047,1.1191039865579047
CCCCOC(=O)c1ccc(N)cc1,-3.0599998920902594,-3.607984505464965,-0.5479846133747057,0.5479846133747057
CCCCCCCCN(C)N=Nc1ccc(C(=O)O)cc1,-3.769999943186167,-3.838691037555037,-0.06869109436887033,0.06869109436887033
CCCCC/C=C/CCC=O,-3.3017427455389425,-3.5679226772217723,-0.2661799316828297,0.2661799316828297
Clc1ccc(COC(Cn2ccnc2)c2ccc(Cl)cc2Cl)c(Cl)c1,-5.079999911585057,-5.811461111669324,-0.7314612000842668,0.7314612000842668
COc1nc(C)nc(NC(=O)NS(=O)(=O)c2ccccc2OCCCl)n1,-4.09889978697855,-4.295832720902634,-0.19693293392408417,0.19693293392408417
O=C(O)c1ccccc1C(=O)c1ccc(-c2ccccc2)cc1,-4.828233302207465,-4.4608975872005,0.3673357150069654,0.3673357150069654
COc1ccc(C(=O)CC(=O)c2ccc(C(C)(C)C)cc2)cc1,-7.060548078269489,-6.001746117382369,1.05880196088712,1.05880196088712
CCOC(/C=C(\C)CCC=C(C)C)OCC,-2.354799657861198,-3.9745255305235236,-1.6197258726623258,1.6197258726623258
O=C(O)c1occ(Br)c1Br,-2.088699919814499,-2.343710403181664,-0.2550104833671649,0.2550104833671649
COC(=O)C1(S(=O)(=O)c2ccc(Br)cc2)CCCCC1,-4.478600090829321,-3.6341851190527033,0.8444149717766178,0.8444149717766178
CC[S+]([O-])CCSP(=S)(OC)OC,-0.9136997956445352,-1.6357631573411064,-0.7220633616965713,0.7220633616965713
C=C(C)C(=O)OCC(F)(F)F,-2.2684756944408355,-2.6996171447708375,-0.43114145033000195,0.43114145033000195
COc1ccc2c(c1)N(C[C@H](C)CN(C)C)c1ccccc1S2,-4.215499815616981,-4.656468195498745,-0.4409683798817632,0.4409683798817632
OCC1CCCCO1,0.9349004398720577,0.8427848672054705,-0.09211557266658721,0.09211557266658721
Clc1c(Cl)c(Cl)c2c(c1Cl)Oc1ccccc1O2,-8.77000089886507,-7.999657241491004,0.7703436573740667,0.7703436573740667
C=C(C)C(=O)OCCOCCOCCOCC,-0.6030111536667908,-0.8499363310634349,-0.2469251773966441,0.2469251773966441
CCCCCCOC(N)=O,-1.9199998387235486,-2.0526977391201613,-0.13269790039661267,0.13269790039661267
CCC1OCCO1,0.29190013586663843,0.16202260838548677,-0.12987752748115167,0.12987752748115167
C=C(C)C1CC=C(C)C(O)C1,-1.7199998777914636,-2.1747295408440706,-0.454729663052607,0.454729663052607
COc1ccc(CCC(=O)O)cc1,-2.2143999247635673,-2.182389344350249,0.03201058041331839,0.03201058041331839
CCCCCCCCCCCCCCCC[Si](OC)(OC)OC,-5.539863623672998,-6.6514169860124674,-1.1115533623394693,1.1115533623394693
NC(=O)c1ccc[n+](Cc2ccccc2)c1,0.29361056536566643,-0.2162522915404561,-0.5098628569061225,0.5098628569061225
Clc1ccc(Oc2ccccc2)cc1Cl,-4.720600191936074,-6.058596918134361,-1.3379967261982868,1.3379967261982868
C[C@H]1CO1,0.838033704825262,0.6602578021333523,-0.17777590269190968,0.17777590269190968
O=C(O)[C@@H](O)[C@H](O)[C@H](O)[C@H](O)C(=O)O,0.1999002297526813,0.8073975273926228,0.6074972976399415,0.6074972976399415
Clc1cc2c(Cl)cccc2c(Cl)c1Cl,-7.856600076248055,-7.967082890153803,-0.11048281390574743,0.11048281390574743
Oc1cc(Cl)c(Cl)c(Cl)c1Cl,-3.1500000470433385,-3.9645247905822654,-0.8145247435389269,0.8145247435389269
Nc1ccccc1C(=O)O,-1.519999847845922,-1.3402064057747924,0.17979344207112957,0.17979344207112957
COc1ccc(NC(=O)c2cc3ccccc3cc2O)cc1,-5.263224564672677,-5.581837331693933,-0.3186127670212562,0.3186127670212562
Oc1ccccc1-c1ccccc1,-2.5067116291115528,-2.607386526672727,-0.10067489756117443,0.10067489756117443
C=C(C)C(=O)OCCO,-0.5373379487250909,-0.23730084358078685,0.30003710514430404,0.30003710514430404
CN1CCC23CCCCC2C1Cc1ccc(O)cc13,-2.7199999585057144,-3.143553655377835,-0.4235536968721205,0.4235536968721205
OCc1cc(Cl)c(Cl)c(Cl)c1,-3.0947999446440146,-2.9205496892567533,0.17425025538726135,0.17425025538726135
NC(=O)C(=NO)C(N)=O,-0.03839964588522626,-0.7202470722908592,-0.6818474264056329,0.6818474264056329
O=C(NC(=O)c1c(F)cccc1F)Nc1ccc(Cl)cc1,-6.5400000059632895,-5.502330241425443,1.0376697645378465,1.0376697645378465
O=C(c1cccc2ccccc12)N(O)c1ccccc1,-3.943299978174741,-4.125759548086673,-0.18245956991193246,0.18245956991193246
CCOc1ccccc1OS(=O)(=O)NC(=O)Nc1nc(OC)cc(OC)n1,-4.185299941254582,-4.296081169345037,-0.11078122809045432,0.11078122809045432
CCCCCCC[C@H]1CCC(=O)O1,-3.0668186631121777,-3.3180499696165766,-0.25123130650439895,0.25123130650439895
CC(C)CCCCCCCCCCCCCCC(=O)[O-],-8.14690159114991,-5.769389128486727,2.377512462663182,2.377512462663182
CCOC(=O)[C@H](Cc1ccccc1)NC(C)=O,-1.7556998485610011,-2.361552175965142,-0.605852327404141,0.605852327404141
CCc1cccc2c(CCO)c[nH]c12,-1.9153262474681347,-3.0410348217865693,-1.1257085743184345,1.1257085743184345
Cc1ccc(C)c2ccccc12,-4.136899976243996,-4.394044804265039,-0.2571448280210422,0.2571448280210422
Clc1cc(Cl)c(-c2cccc(Cl)c2Cl)cc1Cl,-7.210000306419875,-7.7187857252474465,-0.5087854188275713,0.5087854188275713
Clc1ccc(-c2c(Cl)c(Cl)c(Cl)c(Cl)c2Cl)cc1Cl,-8.900000166083,-8.822821037719821,0.07717912836317886,0.07717912836317886
C#CCC1=C(C)C(OC(=O)[C@H]2[C@H](C=C(C)C)C2(C)C)CC1=O,-4.574600292919781,-5.436021836632667,-0.8614215437128863,0.8614215437128863
CC(=O)OC1CCCCC1,-1.6699997667848938,-2.323822450434633,-0.6538226836497392,0.6538226836497392
OCC1OC2OC(C(Cl)(Cl)Cl)OC2C1O,-2.119999799655634,-1.869766255194577,0.25023354446105706,0.25023354446105706
Clc1cccc(-c2ccccc2)c1,-4.880000157693341,-4.716930884495616,0.16306927319772502,0.16306927319772502
CN1C2CCC1CC(OC(=O)c1ccccc1)C2,-2.368999866613619,-2.309945811271713,0.05905405534190633,0.05905405534190633
CN(C1CCCCC1)S(=O)(=O)c1ccccc1NNC1=C2C(=O)C=C(S(=O)(=O)[O-])C=C2C=CC1=N,-2.711685821167723,-1.6549204646271054,1.0567653565406174,1.0567653565406174
CNC(=O)ON=C(SC)C(=O)N(C)C,0.10600024516199547,-1.2685876915794907,-1.3745879367414862,1.3745879367414862
CC1=NNC(=O)N(/N=C/c2cccnc2)C1,-2.8744999710278263,-2.6366783909916007,0.23782158003622555,0.23782158003622555
c1ccc(CCNCc2ccccc2)cc1,-2.7228998349227442,-3.02416182539482,-0.3012619904720757,0.3012619904720757
Cc1ccc(S(=O)(=O)NC(=O)NC2CCCCC2)cc1,-4.206999842294746,-3.6082341271361233,0.5987657151586223,0.5987657151586223
CCC1(c2ccccc2)C(=O)NC(=O)NC1=O,-2.289999887221455,-2.869349287592873,-0.5793494003714184,0.5793494003714184
CCOC(=O)NCC(C)C,-0.7679996910820743,-1.4257416834174395,-0.6577419923353651,0.6577419923353651
CCC(C)S,-1.8345998274550985,-1.4601400604026133,0.3744597670524852,0.3744597670524852
O=P(O)(O)OC1C(O)C(O)C(O)C(O)C1O,0.10760025313106691,0.5770350273818217,0.46943477425075475,0.46943477425075475
Cc1ccccc1C(=O)NNC(=O)c1ccncc1,-2.729999939298955,-3.7156887686097217,-0.9856888293107668,0.9856888293107668
COP(=O)(Oc1cc(Cl)c(Br)cc1Cl)c1ccccc1,-4.989999877405527,-5.7577090151017405,-0.7677091376962135,0.7677091376962135
O=[N+]([O-])c1cccc(Cl)c1,-2.761272118864098,-3.002539564492908,-0.24126744562880997,0.24126744562880997
COC,0.8843660266874105,0.7220772956795662,-0.16228873100784424,0.16228873100784424
c1ccc(-c2cccc(-c3ccccc3)c2)cc1,-5.183000148540206,-5.086340039781342,0.0966601087588641,0.0966601087588641
Cc1cc2nc3c(C)c(N)ccc3[n+](-c3ccccc3)c2cc1N,-0.8461998045166155,-0.059632325826759924,0.7865674786898555,0.7865674786898555
O=C([O-])CF,1.0452005061457257,0.731806536684044,-0.31339396946168163,0.31339396946168163
C[C@@H]1CCCC[C@@H]1C,-4.271900234553661,-4.5026563873187575,-0.2307561527650961,0.2307561527650961
NCC(=O)NCC(=O)OCCOc1ccc2nc(S(N)(=O)=O)sc2c1,-1.2999998563139001,-2.5568392769852224,-1.2568394206713223,1.2568394206713223
CC(C)(c1cc(Br)c(OCC(Br)CBr)c(Br)c1)c1cc(Br)c(OCC(Br)CBr)c(Br)c1,-9.816435372343225,-8.223139928077858,1.593295444265367,1.593295444265367
O=C(O)c1cccnc1,-0.8349998867600279,-0.7527943703532229,0.08220551640680496,0.08220551640680496
Cc1ccc(NCCO)cc1O,-0.6550551671928577,-0.9346284022979507,-0.279573235105093,0.279573235105093
CC(C)(C)C(O)(CCc1ccc(Cl)cc1)Cn1cncn1,-3.931999921893174,-3.7423793087231862,0.1896206131699878,0.1896206131699878
CCNC(=O)Nc1c(C)n(C)n(-c2ccccc2)c1=O,-1.8299999425709306,-2.3166078182278205,-0.4866078756568899,0.4866078756568899
CN(C)C(C)(C)CO,0.8134591172795913,0.7778688779054481,-0.035590239374143184,0.035590239374143184
Cc1cc2c(cc1NNC1C(=O)NC(=O)NC1=O)=NC(=O)N=2,-6.489140125319095,-5.413411648104924,1.0757284772141702,1.0757284772141702
O=C1C=CC(=O)N1c1ccc(Cc2ccc(N3C(=O)C=CC3=O)cc2)cc1,-5.998008900700988,-4.671701535690822,1.326307365010166,1.326307365010166
CC=Cc1ccc(O)c(O)c1,-1.3504999007973486,-2.048959142169655,-0.6984592413723065,0.6984592413723065
CCCCCCCCCCCCCCCCCC,-5.578671546430076,-7.142377333312966,-1.56370578688289,1.56370578688289
CC(C)(C)NC(=O)COC(=O)c1ccccc1,-2.866499836288967,-2.905413287090622,-0.03891345080165509,0.03891345080165509
O=Cc1ccc(O)c(Br)c1,-2.1793998884670422,-1.7345466721210363,0.44485321634600594,0.44485321634600594
O=C(O)CC(SC(CC(=O)O)C(=O)O)C(=O)O,-0.4907996907095735,0.03855808731039012,0.5293577780199636,0.5293577780199636
Clc1ccc(C2(Cn3cncn3)CC(Br)CO2)c(Cl)c1,-3.877500064527416,-4.026812471415495,-0.1493124068880789,0.1493124068880789
COC1CCCC1,-0.903788359115629,-0.9254318071486012,-0.021643448032972135,0.021643448032972135
Clc1ccc(Cl)c(-c2ccccc2)c1Cl,-6.290000141065002,-6.20053330484825,0.08946683621675255,0.08946683621675255
O=C1C=CC(=O)C=C1,-0.8899998846430335,-0.5895110174142943,0.30048886722873913,0.30048886722873913
CN(C(=O)N(C)c1ccccc1)c1ccccc1,-3.4975575924587594,-2.732156851353017,0.7654007411057426,0.7654007411057426
CCCCCC(N)C(=O)O,-0.9399998576226907,-1.2528406152192895,-0.3128407575965988,0.3128407575965988
CCOC(=O)CO[N+](=O)[O-],-1.71109990247696,-1.5029303356375778,0.20816956683938215,0.20816956683938215
Cc1nc(N(C)C)nc(OC(=O)N(C)C)c1C,-1.9456999667267585,-1.8262429190276128,0.11945704769914567,0.11945704769914567
O=C([O-])C(Cl)(Cl)Cl,0.7319630592027577,0.060861856092503164,-0.6711012031102546,0.6711012031102546
Clc1ccc(Cl)c(-c2cc(Cl)cc(Cl)c2Cl)c1,-7.820100239520896,-7.7935968639007065,0.026503375620189118,0.026503375620189118
C[C@H]1C(c2ccc(Cl)cc2)SC(=O)N1C(=O)NC1CCCCC1,-5.848700220539545,-4.839520729026543,1.0091794915130015,1.0091794915130015
CC(=O)/C(C)=C\C1C(C)=CCCC1(C)C,-3.992341009180181,-4.162081606150604,-0.16974059697042287,0.16974059697042287
CCC1(c2ccccc2)C(=O)NC(=S)NC1=O,-3.5799998940338655,-3.4718905909145366,0.10810930311932898,0.10810930311932898
COc1cccc(N(C)C(=S)Oc2cccc(C(C)(C)C)c2)n1,-6.014000146669305,-5.238302425361468,0.7756977213078375,0.7756977213078375
Clc1ccc(-c2c(Cl)cccc2Cl)cc1,-6.209499809134552,-5.977325291817164,0.23217451731738858,0.23217451731738858
CCNc1nc(NC(C)C)nc(SC)n1,-3.0470399241596198,-3.5409386918924484,-0.4938987677328286,0.4938987677328286
O=C1Nc2cccc3cccc1c23,-3.254767149251341,-5.628494292854153,-2.3737271436028125,2.3737271436028125
CCCCC(CC)C(=O)[O-],-2.621416013387817,-1.8776337892039863,0.7437822241838308,0.7437822241838308
O=NN(CCO)CCO,0.8724001975936613,0.8198409296034344,-0.05255926799022692,0.05255926799022692
CCN(N=O)C(N)=O,-0.9546998618250782,-0.6918049706584579,0.26289489116662024,0.26289489116662024
CCC(=O)C(C)CC=C(C)C,-2.7010952749762196,-3.3676218176205555,-0.6665265426443359,0.6665265426443359
O=[N+]([O-])C([N+](=O)[O-])([N+](=O)[O-])[N+](=O)[O-],-2.33809985073784,-1.451728148250518,0.8863717024873219,0.8863717024873219
CCCCN(CCCC)C(=O)N(CCCC)CCCC,-4.820595306953454,-5.120060980680232,-0.299465673726778,0.299465673726778
CSc1ncnc2nccnc12,-1.7599998699778805,-1.2859415392274731,0.4740583307504074,0.4740583307504074
CCCCCCC,-4.4693999069802475,-4.725654461416013,-0.25625455443576595,0.25625455443576595
CCOP(=S)(OCC)OCCSCC,-3.6340000249631137,-4.321379431992661,-0.6873794070295469,0.6873794070295469
C[C@@H]1CC[C@@]2(OC1)O[C@H]1C[C@H]3[C@@H]4CC=C5C[C@@H](O)CC[C@]5(C)[C@H]4CC[C@]3(C)[C@H]1[C@@H]2C,-7.3166001472246975,-5.374526982384526,1.9420731648401715,1.9420731648401715
CC(Cl)C(Cl)Cl,-1.889799826334238,-2.0863162640500166,-0.19651643771577865,0.19651643771577865
CCOC(=O)N1CC(C)N(C(N)=O)CC1C,-0.5499997095113915,-0.6943242378644179,-0.14432452835302634,0.14432452835302634
O=C(O)CC1(O)CC(=O)N(c2ccccc2)C1=O,-0.6799999429177079,-1.7054361061516599,-1.025436163233952,1.025436163233952
O=C(O)c1ccccc1-c1ccccc1,-2.729999939298955,-2.9209565925946435,-0.19095665329568856,0.19095665329568856
Cc1cc(Cc2cc(C)cc(C3(C)CCCCC3)c2O)c(O)c(C2(C)CCCCC2)c1,-8.146787304866404,-4.981529717896379,3.165257586970025,3.165257586970025
NCCN,1.2211003470436723,1.5660884007103673,0.34498805366669494,0.34498805366669494
Clc1cc2ccccc2cc1Cl,-5.3600002019572575,-6.496308691043878,-1.1363084890866206,1.1363084890866206
CCCC(=O)OCC(O)CO,-1.3349998926104252,-0.4373581546949934,0.8976417379154318,0.8976417379154318
OCC1OC(OC2C(CO)OC(O)C(O)C2O)C(O)C(O)C1O,0.35770032556778864,0.42300527470708316,0.06530494913929452,0.06530494913929452
CCC(CC)O[N+](=O)[O-],-2.452199832417868,-2.6282261059676153,-0.1760262735497471,0.1760262735497471
COCC(C)C,-0.90069973089583,-1.031873745165585,-0.13117401426975506,0.13117401426975506
CCC(=O)O[C@H]1CC[C@H]2[C@@H]3CCC4=CC(=O)CC[C@]4(C)[C@H]3CC[C@]12C,-5.3668998912565975,-5.073500500331811,0.29339939092478673,0.29339939092478673
CCC(=O)O[C@](Cc1ccccc1)(c1ccccc1)[C@H](C)CN(C)C,-5.009699906511263,-4.3979789853504805,0.6117209211607824,0.6117209211607824
CCCCN(CCO)CCCC,-1.6367384555044482,-1.6177327017683147,0.019005753736133446,0.019005753736133446
Cc1cc(O)ccc1N,-1.7894218936751907,-0.5723371568601414,1.2170847368150493,1.2170847368150493
CCCSc1nc(Cl)c([N+](=O)[O-])c(Cl)n1,-4.38694483791574,-4.49531321754973,-0.1083683796339896,0.1083683796339896
Sc1ccccc1Cl,-1.7800350284270345,-2.5238495336550137,-0.7438145052279792,0.7438145052279792
NC1[C@H]2CN(c3nc4c(cc3F)c(=O)c(C(=O)O)cn4-c3ccc(F)cc3F)C[C@@H]12,-4.52960020681656,-4.59169492602619,-0.06209471920963061,0.06209471920963061
NNC(=O)c1cccnc1,-0.13719986192156242,-0.33574439807536294,-0.19854453615380052,0.19854453615380052
C[C@]12CC[C@@H]3c4ccc(O)cc4CC[C@H]3[C@@H]1CCC2=O,-5.55114787587309,-4.437723282681592,1.113424593191498,1.113424593191498
CCCCCCCCCCCO,-4.480440679706785,-4.492952405239257,-0.012511725532472262,0.012511725532472262
C#CCCCC,-2.3599997872808642,-2.381579673920655,-0.021579886639790935,0.021579886639790935
CCCCCCC(C)(C)S,-3.990160183963538,-4.968799357734593,-0.9786391737710547,0.9786391737710547
CCN(CC)CCCC(C)Nc1c2ccc(Cl)cc2nc2ccc(OC)cc12,-2.640000025892973,-4.600196279617551,-1.960196253724578,1.960196253724578
CCN(CC)CC(C)O,0.1021114749307479,0.5368992857270145,0.4347878107962666,0.4347878107962666
S=C=NCc1ccccc1,-3.136399927546139,-3.502430701616114,-0.3660307740699751,0.3660307740699751
O=C1NC(=O)C2(CCCCCC2)C(=O)N1,-2.9799999594775173,-2.867854318104173,0.11214564137334415,0.11214564137334415
CN1CCN=C(c2ccccc2)c2cc(Cl)ccc21,-4.429999848768776,-4.066592793770755,0.36340705499802084,0.36340705499802084
CC1=NN(c2cc(Cl)c(S(=O)(=O)[O-])cc2Cl)C(=O)C1N=Nc1ccc(S(=O)(=O)[O-])cc1,-0.660542565124052,0.304768937021608,0.96531150214566,0.96531150214566
O=C(Oc1ccccc1)c1ccccc1O,-3.154768652574607,-3.703484290984354,-0.5487156384097469,0.5487156384097469
CCCC(=O)n1cnc2c1c(=O)n(C)c(=O)n2C,-1.5299998976526186,-1.6278993500583332,-0.09789945240571463,0.09789945240571463
Clc1cc(-c2cccc(Cl)c2Cl)cc(Cl)c1Cl,-7.405200450485115,-7.793475400217755,-0.3882749497326401,0.3882749497326401
COc1cccc(C(=O)NCO)c1,-1.2899998065072038,-1.7356975405170092,-0.4456977340098054,0.4456977340098054
O=C([O-])CN(CCN(CC(=O)[O-])CC(=O)O)CC(=O)O,-0.09135974402919578,-0.35016765831829666,-0.2588079142891009,0.2588079142891009
S=C=Nc1cccc(Br)c1,-4.085100132326047,-4.148795963720048,-0.0636958313940017,0.0636958313940017
Cc1cc2cc3c(C)cc(=O)oc3c(C)c2o1,-5.280000355611336,-4.417754791231149,0.8622455643801876,0.8622455643801876
CCCCCCCC1N(CCO)C=CN1CCC(=O)[O-],0.21270691879704984,-2.1102839472616632,-2.322990866058713,2.322990866058713
O=C([O-])CC(O)(CC(=O)[O-])C(=O)O,0.34541316982186565,0.30773044245504444,-0.03768272736682121,0.03768272736682121
CNN,1.3365535100665915,1.0102225541551917,-0.3263309559113998,0.3263309559113998
O=S(=O)([O-])c1cc(Nc2nc(Nc3ccccc3)nc(N(CC[O-])CC[O-])n2)ccc1/C=C/c1ccc(Nc2nc(Nc3ccccc3)nc(N(CCO)CCO)n2)cc1S(=O)(=O)[O-],-1.8879600656182483,-0.871814976955215,1.0161450886630332,1.0161450886630332
CCCCOCCOCCOCCCC,-1.8620059680961383,-2.3668680754576226,-0.5048621073614843,0.5048621073614843
Cc1ccc([N+](=O)[O-])c(C)c1,-3.055599628628216,-3.021528668732728,0.03407095989548825,0.03407095989548825
Cc1cc(O)c(C2CCCCC2)cc1C(C[C@H](C)c1cc(C2CCCCC2)c(O)cc1C)c1cc(C2CCCCC2)c(O)cc1C,-7.396501994462783,-5.877080486115171,1.5194215083476124,1.5194215083476124
Cc1cc(C)cc(C)c1,-3.3826570201798174,-2.958135306063987,0.4245217141158304,0.4245217141158304
Fc1ccc2c(c1)CC[C@@H]([C@@H]1CO1)O2,-3.0521010777318174,-2.884277553801718,0.16782352393009958,0.16782352393009958
O=[N+]([O-])Cc1ccc2ccccc2n1,-2.054500025529422,-3.539974711935927,-1.485474686406505,1.485474686406505
CC1=CCC(C(C)C)CC1,-5.252799668029472,-4.58764231784987,0.6651573501796024,0.6651573501796024
O=C(O)CSc1nc2ccccc2s1,-3.228898007293841,-3.39561474517313,-0.16671673787928887,0.16671673787928887
CC(=O)OC1CCC2(C)C(=CCC3C4CCC(=O)C4(C)CCC32)C1,-4.530000208808827,-4.606030953260459,-0.07603074445163127,0.07603074445163127
C=CC(=C)CCC=C(C)C,-4.386099837157747,-4.331316817581106,0.05478301957664122,0.05478301957664122
c1ccc(Oc2ccccc2)cc1,-3.960000061351924,-4.16118857202708,-0.20118851067515608,0.20118851067515608
NC1=NC(N)C(=O)C(=O)N1,-1.69779990524751,-1.6284382071245216,0.06936169812298831,0.06936169812298831
Cn1c(=O)c2c(ncn2CC(O)CO)n(C)c1=O,-0.16999974923370154,-1.0922414716466942,-0.9222417224129926,0.9222417224129926
CC(C)C(Br)C(=O)O,-1.1029998413103677,-0.4298823410631054,0.6731175002472622,0.6731175002472622
CC1(N)CN(c2c(F)cc3c(=O)c(C(=O)O)cn(C4CC4)c3c2Cl)C1,-5.3300000525371685,-4.7165634568546855,0.613436595682483,0.613436595682483
O=C(O)c1ccccc1C(=O)c1ccc(Cl)cc1,-2.717099823288224,-3.7490716816000322,-1.0319718583118083,1.0319718583118083
Cc1c2ccccc2cc2ccccc12,-5.89000008117392,-6.011948514642712,-0.12194843346879214,0.12194843346879214
O=S(=O)(O)c1ccc2nc(-c3ccccc3)[nH]c2c1,-2.961106003227124,-2.2125621654378076,0.7485438377893163,0.7485438377893163
CCCOP(=O)(OCC)OCCC,-0.9801999198186977,-0.852657117561566,0.12754280225713166,0.12754280225713166
COC1COC2C(OC)COC12,1.0599920221910648,0.6713524053557438,-0.388639616835321,0.388639616835321
O=[N+]([O-])c1ccc(N=Nc2c(O)c(N=Nc3cc([N+](=O)[O-])cc([N+](=O)[O-])c3O)cc(N=Nc3cc(S(=O)(=O)[O-])cc4cc(S(=O)(=O)[O-])cc(O)c34)c2O)cc1,-0.9675668686301857,-1.641693483634339,-0.6741266150041534,0.6741266150041534
CCC(Cc1c(I)cc(I)c(N)c1I)C(=O)O,-4.57999990573466,-3.5592826065834045,1.0207172991512552,1.0207172991512552
CCNc1nc(NC(C)C)nc(OC)n1,-2.0696000317240775,-3.129997980546443,-1.0603979488223656,1.0603979488223656
Nc1ccc(N=Nc2ccc(NS(=O)(=O)c3ccc(N=Nc4c(S(=O)(=O)[O-])cc5cc(S(=O)(=O)[O-])c(N=Nc6ccc([N+](=O)[O-])cc6)c(N)c5c4O)cc3)cc2)c(N)c1,-0.5256785393769712,-1.7938591828564976,-1.2681806434795264,1.2681806434795264
Nc1cccc2nc3ccccc3cc12,-4.222000193058615,-2.6467616020130458,1.575238591045569,1.575238591045569
CCCCCl,-2.02999983448956,-2.357300325940706,-0.32730049145114615,0.32730049145114615
O=P(O)(O)CN(CCCCCCN(CP(=O)(O)O)CP(=O)(O)O)CP(=O)(O)O,-1.5160998974347666,-0.02603133031478544,1.4900685671199811,1.4900685671199811
CCCN(CCC)N=O,-1.000599883397446,-1.7744088444353763,-0.7738089610379302,0.7738089610379302
O=S(=O)([O-])c1cc(O)c2ccc3c(S(=O)(=O)[O-])cc(S(=O)(=O)[O-])c4ccc1c2c34,-0.24253537620838062,1.58174921025029,1.8242845864586705,1.8242845864586705
CC(C)(C)O,1.1300473055490934,0.8367762796528813,-0.2932710258962121,0.2932710258962121
O=C(c1ccccc1)N(O)c1ccccc1,-2.729999939298955,-2.662429623459144,0.0675703158398111,0.0675703158398111
c1cc[n+]2c(c1)-c1cccc[n+]1CC2,-1.5558498538692882,0.936265802089971,2.4921156559592594,2.4921156559592594
O=C(c1ccccc1)c1c(O)cc(O)cc1O,-1.8707998697284272,-2.4568623125068303,-0.5860624427784031,0.5860624427784031
Cc1cc(NS(=O)(=O)c2ccc(N)cc2)nc(C)n1,-2.299999868014695,-3.0775870397270033,-0.7775871717123084,0.7775871717123084
NCc1ccccc1,-1.5299998976526186,-0.14781910045749047,1.382180797195128,1.382180797195128
N#Cc1ccccc1C#N,-2.38000002492117,-2.2324877305184803,0.14751229440268965,0.14751229440268965
CCN(CC)C(=O)CSc1ccc(Cl)nn1,-1.715599855876517,-3.2750012734947855,-1.5594014176182684,1.5594014176182684
CCCC(=O)OC1CCC2C3CCC4=CC(=O)CCC4(C)C3CCC12C,-5.93000000434688,-5.326342063303531,0.6036579410433491,0.6036579410433491
COc1ccc(C)cc1S(N)(=O)=O,-1.5299998976526186,-1.9780026811002682,-0.44800278344764966,0.44800278344764966
O=C1CCCCCCCCCCC(=O)OCCO1,-3.5337583938801065,-2.1817364770543803,1.3520219168257261,1.3520219168257261
CCCCCC1CCCC1,-6.086300023677527,-5.738383314982558,0.34791670869496905,0.34791670869496905
CCNc1cccc2ccccc12,-3.192199894906952,-3.2697384453501406,-0.07753855044318847,0.07753855044318847
Cc1cc(C)c(O)c(C(c2cc(C)cc(C)c2O)C(C)C)c1,-6.167340868997115,-4.587251149579999,1.5800897194171162,1.5800897194171162
O=C(O)c1cc(Oc2ccc(C(F)(F)F)cc2Cl)ccc1[N+](=O)[O-],-3.4790999435919483,-5.121347805584964,-1.6422478619930159,1.6422478619930159
FC(F)=C(F)Cl,-2.160954109914701,-2.2404491228283523,-0.07949501291365113,0.07949501291365113
CC(NC(=O)c1cccc([N+](=O)[O-])c1)C(=O)O,-1.7999998621642976,-2.151300300617875,-0.3513004384535774,0.3513004384535774
Cc1nn(-c2ccccc2)c(O)c1N=Nc1cc(Cl)c(S([NH-])(=O)=O)cc1O,-2.692470715112137,-2.5574860710969434,0.13498464401519383,0.13498464401519383
CC1C(NC(=O)/C(=N\OC(C)(C)C(=O)O)c2csc(N)n2)C(=O)N1S(=O)(=O)O,-1.6399998934186295,-1.7429019932390288,-0.10290209982039933,0.10290209982039933
CC/C(=C(\c1ccccc1)c1ccc(OCCN(C)C)cc1)c1ccccc1,-8.490000056385222,-4.8491776439289,3.6408224124563224,3.6408224124563224
O=C(c1ccccc1O)N1CCOCC1,-1.7036998656200046,-1.8468069966052592,-0.14310713098525452,0.14310713098525452
CCCCN(CC)C(=O)SCCC,-3.4100000480151413,-3.5408021832760395,-0.13080213526089812,0.13080213526089812
COC(=O)C1(S(=O)(=O)c2ccc([N+](=O)[O-])cc2)CC1,-3.379699897100851,-3.318197451372525,0.06150244572832575,0.06150244572832575
O=C(Cc1ccccc1)OCc1ccccc1,-3.8632748038903855,-4.391252381799348,-0.5279775779089628,0.5279775779089628
Cc1ccc(-n2ccc(=O)c(O)c2C)cc1,-3.219999964356112,-2.2591708171786724,0.9608291471774395,0.9608291471774395
CC(C)c1cccc(C(C)C)c1,-6.602799490587868,-5.357344012054151,1.2454554785337173,1.2454554785337173
CC(O)C1(O)CCC2C3CCC4=CC(=O)CCC4(C)C3CCC21C,-4.159999884257097,-4.5694604467541255,-0.40946056249702867,0.40946056249702867
C1CSCCS1,-1.6028999156761543,-1.9830258945249075,-0.3801259788487532,0.3801259788487532
CSC[S+]([O-])CC(CO)NC(=O)C=Cc1c(C)[nH]c(=O)[nH]c1=O,-1.980999866490572,-1.7639389510187142,0.21706091547185768,0.21706091547185768
NS(=O)(=O)c1cc2c(s1)C(O)CCS2(=O)=O,-1.2799997567005073,-1.3373705048316815,-0.057370748131174265,0.057370748131174265
C=CCCCC(C)C,-4.458990055270499,-4.603707684270171,-0.1447176289996719,0.1447176289996719
O=P(OCC(Br)CBr)(OCC(Br)CBr)OCC(Br)CBr,-4.940499837902749,-5.506346272469965,-0.5658464345672165,0.5658464345672165
CCCCl,-1.453406693532771,-1.7827811428635996,-0.3293744493308286,0.3293744493308286
COc1c2occc2c(CN)c2ccc(=O)oc12,-0.8999996583959047,-2.7840438937729046,-1.884044235377,1.884044235377
COc1cc([N+](=O)[O-])ccc1N,-3.204512792672046,-2.7137144889667586,0.49079830370528743,0.49079830370528743
CCCCOCOCCCC,-2.8068768318572883,-2.9344369909986603,-0.12756015914137198,0.12756015914137198
CP(=O)(Oc1ccccc1)Oc1ccccc1,-2.2017084881910907,-2.779110018267346,-0.5774015300762554,0.5774015300762554
OCNC(=S)c1ccccc1,-1.139999887568232,-1.961226338053959,-0.821226450485727,0.821226450485727
Brc1cc2oc3cc(Br)c(Br)cc3c2cc1Br,-6.839500186418179,-6.949087481715976,-0.1095872952977972,0.1095872952977972
CCCN1CCn2c(nc3ccccc3c2=O)C1C,-2.3099998488079354,-2.6558242420438667,-0.3458243932359313,0.3458243932359313
CCC(OCCCOC)OC(C)=O,-0.016848399829767935,-0.9793212404940679,-0.9624728406643,0.9624728406643
CCCCCN(N=Cc1ccc([N+](=O)[O-])o1)C(N)=O,-2.897099907822314,-4.2754875540081265,-1.3783876461858124,1.3783876461858124
COc1ccc(/C=C/C(=O)OCCC(C)C)cc1,-5.491925220657631,-5.432305876095802,0.05961934456182938,0.05961934456182938
CC(C)OP(=O)(F)OC(C)C,-1.0776999223397945,-0.716928629261838,0.3607712930779565,0.3607712930779565
O=S(=O)([O-])CCN1CCN(CCS(=O)(=O)O)CC1,-2.7475938157476802,-0.2142619434629882,2.533331872284692,2.533331872284692
O=C(O)Cc1ccccc1Nc1c(Cl)cccc1Cl,-4.620257939233895,-4.281190411949649,0.3390675272842456,0.3390675272842456
CCOC(=O)C(c1c(O)oc2ccccc2c1=O)c1c(O)oc2ccccc2c1=O,-3.4263999226577546,-3.95491646115309,-0.5285165384953352,0.5285165384953352
CCCCOC(=O)n1cnc2c1c(=O)n(C)c(=O)n2C,-1.929999819516789,-2.1990406350138825,-0.2690408154970936,0.2690408154970936
CN(c1ccccc1)S(=O)(=O)C1=CC(=O)C2=C(NNc3ccc(NC(=O)CCl)cc3S(=O)(=O)[O-])C(=N)C=CC2=C1,-4.3588571893945,-2.6261552191867352,1.7327019702077644,1.7327019702077644
CC(=O)Oc1ccccc1C(=O)OC[S+](C)[O-],-1.7823999125314243,-2.062294750342516,-0.2798948378110919,0.2798948378110919
CCCCC(CC)CC(CC)(CC)C(=O)NO,-3.349999852695147,-4.507047023403658,-1.1570471707085108,1.1570471707085108
CC1(C)COC(=O)C2CC=CCC2C(=O)OC1,-3.0041810840558973,-2.0791173324044947,0.9250637516514026,0.9250637516514026
N#Cc1ccccc1/C=C/c1ccc(/C=C/c2ccccc2C#N)cc1,-4.22063869559425,-5.824271389413417,-1.6036326938191667,1.6036326938191667
Oc1ccc2cc(O)ccc2c1,-2.204999808931816,-1.9082859777584693,0.2967138311733468,0.2967138311733468
Cc1nc2n(c(=O)c1CCCl)CCCC2,0.5797671320867734,-1.254960846621369,-1.8347279787081425,1.8347279787081425
Clc1cc(-c2c(Cl)c(Cl)cc(Cl)c2Cl)cc(Cl)c1Cl,-9.10000061010928,-8.960985424970392,0.1390151851388879,0.1390151851388879
O=C(O)COC1CCCC1,-0.8470998780126742,-1.0079615487727416,-0.1608616707600674,0.1608616707600674
ClC(Br)Br,-1.8999998771370683,-2.113871542769954,-0.21387166563288562,0.21387166563288562
Nc1c(N=Nc2ccc([N+](=O)[O-])cc2)c(S(=O)(=O)[O-])cc2c1C(=O)/C(=N/Nc1ccccc1)C(S(=O)(=O)[O-])=C2,-1.2800592462997715,-1.016012520548791,0.2640467257509804,0.2640467257509804
CC(C)(C)NC(=O)C1N(C(=O)C(O)C(Cc2ccccc2)NC(=O)c2ccc(Cl)cc2)CSC1(C)C,-4.2800002058836295,-4.658292773254365,-0.37829256737073536,0.37829256737073536
CCCCCOC(=O)C(C)c1ccc2cc(OC)ccc2c1,-6.969999663166812,-6.366092721573409,0.6039069415934026,0.6039069415934026
Ic1cccc2ccccc12,-4.550000170395308,-4.962645565870111,-0.4126453954748026,0.4126453954748026
O=c1nc[nH]c2nc[nH]c12,-2.288799881244651,-2.0924929683819653,0.19630691286268576,0.19630691286268576
O=[N+]([O-])OC1CCCCCC1O[N+](=O)[O-],-3.0199999257838885,-2.923282182162396,0.09671774362149232,0.09671774362149232
Nc1ccc(N)c2c1C(=O)c1c(N)ccc(N)c1C2=O,-6.951500192145529,-5.1035165228468315,1.8479836692986975,1.8479836692986975
CCOC(=O)c1ccccc1C(=O)c1ccccc1,-3.4052998520723534,-4.278950235160654,-0.8736503830883002,0.8736503830883002
C1CCCNCC1,-0.4899996867250378,0.3527664155555019,0.8427661022805397,0.8427661022805397
CNCc1cccc2ccccc12,-1.7150986801574264,-2.5199114188025673,-0.8048127386451409,0.8048127386451409
CC(=O)C(N=Nc1cc(C(=O)Nc2cc(Cl)ccc2C)ccc1Cl)C(=O)Nc1cc(C)c(NC(=O)C(N=Nc2cc(C(=O)Nc3cc(Cl)ccc3C)ccc2Cl)C(C)=O)cc1C,-7.263233697850488,-8.290066417384566,-1.0268327195340774,1.0268327195340774
Nc1cccc(Cl)c1,-1.3733681996513645,-1.4338325449711857,-0.060464345319821255,0.060464345319821255
CCCCCOC(=O)c1ccc(N)cc1,-3.349899955717264,-3.9954981677620096,-0.6455982120447454,0.6455982120447454
CCCCCCCCCCN,-2.4563998188299525,-2.9586990252277796,-0.5022992063978271,0.5022992063978271
CCCSCCC,-2.5799998478263424,-3.1990097976997456,-0.6190099498734032,0.6190099498734032
O=C1c2cccc(S(=O)(=O)O)c2C(=O)c2cccc(S(=O)(=O)O)c21,0.25720017007777063,0.16787053261198936,-0.08932963746578126,0.08932963746578126
CCc1ccccc1Br,-3.670200067236442,-3.91511750516465,-0.24491743792820797,0.24491743792820797
c1cncc([C@@H]2CCCCN2)c1,0.789800200271086,0.25798913190931083,-0.5318110683617752,0.5318110683617752
CCC(=O)OCN1C(=O)NC(c2ccccc2)(c2ccccc2)C1=O,-4.909999893032692,-4.229415826956677,0.6805840660760154,0.6805840660760154
CN1C2CC(OC(=O)C(CO)c3ccccc3)CC1C1OC12,-1.2399998335275466,-1.5588778882745236,-0.31887805474697695,0.31887805474697695
Clc1cc(Cl)c(-c2c(Cl)c(Cl)c(Cl)c(Cl)c2Cl)cc1Cl,-9.500000393946538,-9.329980499518781,0.17001989442775667,0.17001989442775667
CCN(CC)c1nc(C)cc(OP(=S)(OC)OC)n1,-4.132999887805929,-3.6161270580974225,0.5168728297085066,0.5168728297085066
CC(=O)Oc1ccccc1C(=O)OCC(=O)N(C(C)C)C(C)C,-3.2499999412425606,-2.601576249286594,0.6484236919559665,0.6484236919559665
O=C(O)Cc1cccc(O)c1,0.817700408245225,-0.9840857914847836,-1.8017861997300086,1.8017861997300086
CC(=O)CCCC(C)CCCC(C)C,-4.005176062755058,-4.77867473929381,-0.7734986765387522,0.7734986765387522
Oc1cccc(Cl)c1Cl,-1.6558999035978206,-1.852032281429719,-0.1961323778318984,0.1961323778318984
CCOC(=O)CC(NC1CCC(CC2CCC(NC(CC(=O)OCC)C(=O)OCC)C(C)C2)CC1C)C(=O)OCC,-5.06653414403376,-3.926221080136351,1.140313063897409,1.140313063897409
CCCCCCC(C)O,-2.065499942289876,-2.6747411754618415,-0.6092412331719657,0.6092412331719657
CCCC(Cl)Cl,-2.4035999009178766,-2.982184666701073,-0.5785847657831966,0.5785847657831966
CCOC(CC(C)O)OCC,0.09090010094042755,-0.28942753522740894,-0.3803276361678365,0.3803276361678365
Brc1ccc(Br)c(Br)c1,-4.808000075138952,-5.899305579557189,-1.0913055044182371,1.0913055044182371
Nc1c2ccccc2nc2cccc([N+](=O)[O-])c12,-1.8399999233641708,-3.018797892536808,-1.1787979691726373,1.1787979691726373
O=C1C=CC(=NNc2ccccc2)C=C1,-3.342899989866033,-3.7928985389474645,-0.44999854908143133,0.44999854908143133
CCOCOCOCC,-0.12770002164556926,0.04415811520214019,0.17185813684770945,0.17185813684770945
O=C1NC(=O)C2(CCCCCCCCCC2)C(=O)N1,-4.590000231595181,-3.3937027963819313,1.1962974352132498,1.1962974352132498
CC(NC(=O)c1ccccc1)C(=O)O,-1.6838999050296581,-1.2305304971992042,0.453369407830454,0.453369407830454
CCCCCCC(=O)O,-4.167734636376733,-1.9992742846311116,2.1684603517456216,2.1684603517456216
CCC(=O)c1ccc(N)cc1,-2.6270000129043596,-1.8449690302391313,0.7820309826652283,0.7820309826652283
CCN1CCN(c2cc3c(cc2F)c(=O)c(C(=O)O)cn3C2CC2)CC1,-3.180000023929787,-3.7011938723992284,-0.5211938484694412,0.5211938484694412
CCOC(=O)C(Cl)Cc1cc(-n2nc(C)n(C(F)F)c2=O)c(F)cc1Cl,-4.27269982445746,-4.366849637759673,-0.09414981330221295,0.09414981330221295
O=C(O)c1ccc(O)cc1O,-1.409999852079911,-0.8631450925037583,0.5468547595761528,0.5468547595761528
O=C1NC(=O)C(c2ccccc2)(c2ccccc2)C(=O)N1,-4.199999807430057,-3.6220038299486266,0.5779959774814305,0.5779959774814305
Cc1cc(Cl)c(O)c(Cl)c1,-1.4201999028827414,-2.264137439569209,-0.8439375366864674,0.8439375366864674
N#CCC(=O)Nc1ccccc1,-2.7274998923405525,-2.4304345066212063,0.29706538571934615,0.29706538571934615
CCN1C=CC(=CC=Cc2cc[n+](CC)c3ccccc23)c2ccccc21,-2.681600026048461,-2.4710402299128917,0.2105597961355694,0.2105597961355694
NC(CSCCSCC(N)C(=O)O)C(=O)O,-2.849999838218068,-1.3580514912041692,1.4919483470138986,1.4919483470138986
CCCCCCNC(=O)COC(=O)c1ccccc1,-3.901999910499997,-3.635694167286473,0.26630574321352407,0.26630574321352407
c1ccc(OCC2CO2)cc1,-1.7963921147267898,-2.3316681071784195,-0.5352759924516297,0.5352759924516297
Nc1ccc(S(N)(=O)=O)cc1,-1.3399999175137736,-0.9263218046800517,0.4136781128337219,0.4136781128337219
CCOC(=O)CCC(=O)OCC,-0.959999819209171,-1.002879397856488,-0.04287957864731706,0.04287957864731706
CCC(C)C,-3.1630000600319517,-3.700593593357002,-0.5375935333250506,0.5375935333250506
Cc1ccc(C(C)C)cc2c(C)ccc1-2,-5.4752002236227515,-5.707906420606881,-0.23270619698412975,0.23270619698412975
CC(C)CCCCCCCO,-1.6216563928084107,-3.891179359712267,-2.269522966903856,2.269522966903856
CC(=O)N(c1onc(C)c1C)[S+]([O-])c1ccc(N)cc1,-3.5899998748271056,-2.593972519213597,0.9960273556135086,0.9960273556135086
CC[N+](CC)(CC(=O)Nc1c(C)cccc1C)Cc1ccccc1,-1.0209584389024606,-1.3328922216573782,-0.31193378275491757,0.31193378275491757
c1cc2c3c(cccc3c1)CC2,-4.630000154768142,-5.094741185834266,-0.46474103106612397,0.46474103106612397
Clc1cc(Cl)c(Cl)c(-c2c(Cl)c(Cl)c(Cl)c(Cl)c2Cl)c1,-9.420000547600615,-9.311890140265987,0.10811040733462818,0.10811040733462818
Clc1ccc(-c2cc(Cl)c(Cl)c(Cl)c2Cl)c(Cl)c1,-8.320000037832857,-8.396932926184233,-0.0769328883513758,0.0769328883513758
CCOC(=O)C(C)OC(=O)c1cc(Oc2ccc(C(F)(F)F)cc2Cl)ccc1[N+](=O)[O-],-6.623038928867441,-5.9106149526553455,0.7124239762120954,0.7124239762120954
O=C(O)c1c(O)ccc2ccccc12,-3.1284000429810583,-2.824894235260172,0.30350580772088653,0.30350580772088653
NCC(CC(=O)O)c1ccc(Cl)cc1,-1.699999916204983,-2.13280635067309,-0.43280643446810707,0.43280643446810707
Cc1[nH]c(=O)[nH]c(=O)c1CC(=O)O,-2.3099998488079354,-1.4009661286872477,0.9090337201206877,0.9090337201206877
Cc1ccc(N)c(S(=O)(=O)O)c1,-1.4942008235599449,-1.2779548879926232,0.21624593556732163,0.21624593556732163
CC(=O)C1CCC2C3CCC4=CC(=O)CC(O)C4(C)C3CCC12C,-3.819999916165824,-4.506836808416002,-0.6868368922501786,0.6868368922501786
Cc1ccn[nH]1,1.0856252761551946,0.6333519400364724,-0.4522733361187221,0.4522733361187221
Cc1ccnc2c1ccc1c(C)ccnc12,-3.968600035172227,-2.766623172085842,1.2019768630863847,1.2019768630863847
CCOC(=O)C(=O)OCC,-0.6084997938401973,-0.7931354960537496,-0.1846357022135523,0.1846357022135523
CC1(C)C(C=C(Cl)Cl)C1C(=O)OCc1cccc(Oc2ccccc2)c1,-6.290000141065002,-6.675763829152603,-0.385763688087601,0.385763688087601
Nc1ccc(Cl)cc1[N+](=O)[O-],-2.5380000182122266,-2.679648825854035,-0.14164880764180854,0.14164880764180854
[NH3+]c1cc([N+](=O)[O-])cc(Cl)c1O,-2.699029840258381,-2.074125727142806,0.624904113115575,0.624904113115575
O=S(=O)([O-])CS(=O)(=O)[O-],0.1255001352446845,2.721518586139575,2.5960184508948907,2.5960184508948907
CNC(=O)Oc1cc(C)c(SC)c(C)c1,-3.921400076138444,-3.2650480148114083,0.6563520613270359,0.6563520613270359
Clc1cc(-c2ccccc2)c(Cl)c(Cl)c1Cl,-7.160000333440218,-7.301424088201285,-0.1414237547610675,0.1414237547610675
CC1CCCCC1NC(=O)Nc1ccccc1,-4.110799777235063,-4.060328994457053,0.050470782778010204,0.050470782778010204
Nc1cnc2cncnc2n1,-2.3099998488079354,-1.4735350201478261,0.8364648286601093,0.8364648286601093
CC(Cl)C(C)(C)O,-0.29259966972923745,0.14955132473836086,0.4421509944675983,0.4421509944675983
CC1CCCCC1O,-0.8644958238689529,-1.0420156866382757,-0.17751986276932286,0.17751986276932286
CCOc1no[n+]([O-])c1S(=O)(=O)c1ccccc1,-4.239999730603018,-2.791870433789317,1.448129296813701,1.448129296813701
Cc1ccc2cc3c(ccc4ccccc43)cc2c1,-6.816199863328207,-6.914939899630717,-0.09874003630250971,0.09874003630250971
CC(C)OC(C)C,-1.516592653512198,-1.2237620714936006,0.29283058201859746,0.29283058201859746
[O-][S+](CCCl)CC[S+]([O-])CCCl,-2.039999884296256,-0.49969000414020615,1.54030988015605,1.54030988015605
CCCCN(CCCC)SN(C)C(=O)Oc1cccc2c1OC(C)(C)C2,-6.103300246375824,-5.0155164986286405,1.0877837477471832,1.0877837477471832
Nc1cnn(CCO)c1N,0.4442597629007832,-0.29942924135705473,-0.7436890042578379,0.7436890042578379
C=CC(=C)CC/C=C(\C)CCC=C(C)C,-6.310389752625317,-5.318444715481033,0.9919450371442844,0.9919450371442844
COc1cc([C@@H]2c3cc4c(cc3[C@H](O)[C@H]3COC(=O)[C@@H]23)OCO4)cc(OC)c1OC,-3.617399873270541,-3.4316376299043347,0.18576224336620628,0.18576224336620628
CC(C)COC(=O)c1ccc(N)cc1,-2.943700011599624,-3.6750998846013547,-0.7313998730017306,0.7313998730017306
Clc1cccc(-c2c(Cl)cccc2Cl)c1,-6.824500249735046,-5.895631579201707,0.9288686705333395,0.9288686705333395
O=c1[nH]c(=O)[nH]c(=O)[nH]1,-1.8076459319926876,-2.317975664930158,-0.5103297329374705,0.5103297329374705
CCCCCCCc1ccccc1,-5.595900065641558,-5.5937070940566205,0.0021929715849378084,0.0021929715849378084
O=C(Nc1ccccc1)n1cc(F)c(=O)[nH]c1=O,-1.6183997858361652,-3.6820757647563642,-2.063675978920199,2.063675978920199
COc1cc(N=Nc2cccc(S(=O)(=O)[O-])c2)ccc1NC(=O)Nc1ccc(N=Nc2cccc(S(=O)(=O)[O-])c2)cc1OC,-0.7148754789392067,-1.0841715901836395,-0.36929611124443285,0.36929611124443285
OC(=S)CCCCCCCC(O)=S,-2.39000000571441,-1.854051753185713,0.5359482525286969,0.5359482525286969
CC(Oc1cc(Cl)c(Cl)cc1Cl)C(=O)O,-3.5499999516541445,-3.5822885182691286,-0.03228856661498414,0.03228856661498414
O=C(O)/C(S)=C/c1ccccc1,-2.959999976324332,-1.7087608984186538,1.2512390779056781,1.2512390779056781
Clc1ccc(Oc2ccccc2)cc1,-4.792500066952028,-5.135711990309371,-0.34321192335734274,0.34321192335734274
CC(c1ccccc1)c1cc(C(=O)[O-])c(O)c(C(C)c2ccccc2)c1,-3.924409131843219,-4.619901277692135,-0.6954921458489158,0.6954921458489158
CC(C)(O)C(=O)c1ccc(Cc2ccc(C(=O)C(C)(C)O)cc2)cc1,-4.536378432432947,-3.5484526009521713,0.987925831480776,0.987925831480776
CC1(C)[C@H](C(=O)OCc2cccc(Oc3ccccc3)c2)[C@@H]1C=C(Cl)Cl,-6.9900000388340295,-6.675763829152603,0.3142362096814262,0.3142362096814262
CCCCC(CC)COC(=O)/C=C/C(=O)OCC(CC)CCCC,-5.456575424164968,-6.561654220095432,-1.1050787959304644,1.1050787959304644
CCCCCCCCOC(=O)CCCCCCC,-6.709998644246529,-6.471260395134694,0.23873824911183483,0.23873824911183483
CC1=CS(=O)(=O)c2ccccc21,-2.6700000027794215,-2.733159133777742,-0.06315913099832038,0.06315913099832038
CC1=CCC(CCC(C)CO)C1(C)C,-3.8427464752830627,-4.207666788335683,-0.36492031305261996,0.36492031305261996
NS(=O)(=O)c1cccc(S(N)(=O)=O)c1,-2.1692999761891913,-0.9515125443628802,1.217787431826311,1.217787431826311
CCOC(=O)CC(C)=O,-0.07299968018948366,-0.2092888338075669,-0.13628915361808325,0.13628915361808325
CCCCCCOC(=O)CCOCC,-2.8289000350598092,-2.974583981846832,-0.14568394678702257,0.14568394678702257
CN(C)CC(O)c1ccc(Cl)c2ccccc12,-1.219999871941066,-2.9681044896023874,-1.7481046176613213,1.7481046176613213
CO/N=C(\C(=O)OC)c1ccccc1COc1ccccc1C,-5.190000045377981,-4.224517941968538,0.9654821034094425,0.9654821034094425
CC1CCC(C(C)C)CC1,-5.354573259813715,-4.880750057908659,0.47382320190505567,0.47382320190505567
COc1ccc(C(=O)Nc2ccccc2)cc1N,-3.8658001442804935,-4.281922230639436,-0.41612208635894277,0.41612208635894277
C=CC(=O)OCCCO,0.8855792832478087,-0.13221267352107136,-1.01779195676888,1.01779195676888
CCCCCCC#CC(=O)OC,-3.651887622681524,-3.350068900658098,0.30181872202342586,0.30181872202342586
Clc1cc(Cl)c(Oc2cc(Cl)c(Cl)cc2Cl)cc1Cl,-8.360000237059642,-8.717817340130521,-0.3578171030708788,0.3578171030708788
Cc1[nH]c(=O)n(C(C)(C)C)c(=O)c1Cl,-2.484499855266585,-2.5507222347861784,-0.06622237951959331,0.06622237951959331
CCOP(=O)(N=C1SCC(C)S1)OCC,-3.674400088155255,-3.5363684827944564,0.13803160536079861,0.13803160536079861
O=C(C1CC1)N(O)C1CCCCC1,-2.039999884296256,-2.0021971425290634,0.03780274176719267,0.03780274176719267
O=c1oc2ccc(Cl)cc2n1CO,-2.6999999796658702,-2.8761194386348823,-0.17611945896901204,0.17611945896901204
O=C(O)CC(=O)c1ccccc1[N+](=O)[O-],-1.8433998712849915,-2.3157585386355417,-0.4723586673505502,0.4723586673505502
ClC1=C(Cl)C(Cl)(Cl)C(Cl)(Cl)C1(Cl)Cl,-6.536200125063656,-5.6926580354813465,0.8435420895823098,0.8435420895823098
CC(C)OC(=O)C(F)(F)F,-1.336078572931189,-2.01767589457147,-0.6815973216402809,0.6815973216402809
NC1CCCCC1,1.003589256796873,0.15218073742045313,-0.8514085193764198,0.8514085193764198
CC(C)CCC1(CCO)C(=O)NC(=S)NC1=O,-2.5599998517331337,-2.590435890142727,-0.03043603840959319,0.03043603840959319
CC(Br)CCl,-1.847599892203804,-2.227749128587304,-0.3801492363835002,0.3801492363835002
CCCC1CCCC1,-4.740399876472596,-4.909380842330373,-0.16898096585777722,0.16898096585777722
Cc1ccccc1Br,-2.2299999334485574,-3.4881431218281143,-1.2581431883795569,1.2581431883795569
Ic1ccccc1,-3.009999936363966,-3.165620017870541,-0.15562008150657514,0.15562008150657514
COCCc1ccc(OCC(O)CNC(C)C)cc1,-1.19919990637005,-1.5363242907808838,-0.3371243844108338,0.3371243844108338
CCCCCCCC/C=C/CCCCCCCC(=O)NCCCN(C)C,-4.149259596118954,-4.960432442355955,-0.8111728462370014,0.8111728462370014
NS(=O)(=O)c1cc2c(s1)C(=O)CCS2,-3.489999997881247,-2.2034798565719633,1.2865201413092837,1.2865201413092837
Cc1ncc([N+](=O)[O-])[nH]1,-1.629999843611933,-1.849391136460069,-0.21939129284813608,0.21939129284813608
CC(CCC(=O)O)C1CCC2C3C(O)CC4CC(O)CCC4(C)C3CC(O)C12C,-3.6300000740538914,-3.5740447228963923,0.055955351157499056,0.055955351157499056
COC(=O)c1ccccc1,-1.8117981955997937,-2.0845433083596507,-0.272745112759857,0.272745112759857
CN(O)C(=O)c1ccc([N+](=O)[O-])cc1,-2.8699998192145824,-2.247917068926231,0.6220827502883512,0.6220827502883512
CCCOC(=O)C(C)c1ccc2cc(OC)ccc2c1,-5.820000284634695,-5.965636344709781,-0.1456360600750859,0.1456360600750859
FC(F)(F)/C(=N/OCC1OCCO1)c1ccc(Cl)cc1,-4.013800122271582,-5.184029139172489,-1.1702290169009073,1.1702290169009073
CCCn1c(=O)c2c(ncn2C)n(C)c1=O,-1.2081998131691642,-0.8538546390539459,0.3543451741152184,0.3543451741152184
O=c1[nH]cc(F)c(=O)[nH]1,-1.0688998785099015,-1.217781365377325,-0.14888148686742353,0.14888148686742353
COc1ccc(C(=O)Nc2ccccc2)cc1N/N=C1\C(=O)C(C(=O)Nc2cc(Cl)ccc2C)=Cc2ccccc21,-7.75207063912992,-7.98900266806549,-0.23693202893556986,0.23693202893556986
C=C(C)C(=C)C,-2.4013999934805876,-2.982725180090211,-0.5813251866096234,0.5813251866096234
Cn1nc(S(N)(=O)=O)sc1=NS(=O)(=O)c1ccc(N)cc1,-2.4999999324669644,-2.3280330304122474,0.17196690205471699,0.17196690205471699
CCNC(C)C(=O)O,0.6522003430924177,0.2664946263080443,-0.3857057167843734,0.3857057167843734
CCOP(=S)(OCC)Oc1ccc([S+](C)[O-])cc1,-2.299999868014695,-3.224956269234943,-0.924956401220248,0.924956401220248
COCCOCCOCCOC,0.7490242897963548,0.6344470455598175,-0.11457724423653737,0.11457724423653737
CCNCC,1.1358513372174381,0.6388236028996479,-0.49702773431779024,0.49702773431779024
Clc1ccc(N=Nc2ccccc2)cc1,-5.702300043477159,-5.864259166218082,-0.16195912274092272,0.16195912274092272
O=C(O)CC(O)CCC1=CCCC1=O,-0.39999979057241974,-1.041000222643412,-0.6410004320709923,0.6410004320709923
CON(C)C(=O)Nc1ccc(Cl)cc1,-2.4699999555805157,-2.884206159381255,-0.41420620380073947,0.41420620380073947
CC12CCC3C(CCC4CC(O)CCC43C)C1CCC2=O,-4.400000113429424,-4.452759244388872,-0.05275913095944773,0.05275913095944773
C=CCC(CC)(C(=O)NC(N)=O)C(=O)OC,-1.9199998387235486,-1.8946411893017299,0.025358649421818757,0.025358649421818757
Clc1ccc(Oc2c(Cl)c(Cl)cc(Cl)c2Cl)c(Cl)c1Cl,-9.090000836356408,-8.98799784384368,0.1020029925127286,0.1020029925127286
CCCN(CC1CC1)c1c([N+](=O)[O-])cc(C(F)(F)F)cc1[N+](=O)[O-],-6.540700078463214,-6.2797767637139685,0.26092331474924535,0.26092331474924535
CCCCC(CC)COC(=O)C(C)O,-2.673525727724208,-2.8089256429588594,-0.13539991523465122,0.13539991523465122
S=C=Nc1ccc2ccccc2c1Br,-4.32000012905659,-5.728922950403525,-1.408922821346935,1.408922821346935
CCC(=O)c1cccc(Cl)c1,-1.846705408797699,-3.1480877531848583,-1.3013823443871593,1.3013823443871593
CC(C)(C)NC(=O)[C@@H]1C[C@@H]2CCCC[C@H]2C[NH2+]1,-2.161609323668081,-1.6936748329421554,0.46793449072592574,0.46793449072592574
CCC(=O)Nc1cccc(Nc2cc(S(=O)(=O)[O-])c(N)c3c2C(=O)c2ccccc2C3=O)c1,-2.6879469520701833,-2.52903158154915,0.15891537052103333,0.15891537052103333
CC(=O)Nc1ccc2c(c1)C(=O)/C(=N/Nc1ccc(S(=O)(=O)CCOS(=O)(=O)[O-])cc1)C(S(=O)(=O)[O-])=C2,-0.6794071173287533,-0.3324427943296602,0.3469643229990931,0.3469643229990931
CN(Cc1cnc2nc(N)nc(N)c2n1)c1ccc(C(=O)NC(CCC(=O)O)C(=O)O)cc1,-3.9999999845248846,-3.3073458100227664,0.6926541745021182,0.6926541745021182
O=C(c1ccccc1)c1cccc(N=C=S)c1,-5.4000001251302185,-5.101634111814896,0.29836601331532275,0.29836601331532275
O=C([O-])C(=O)O,-0.7096902219193564,0.2883081234971496,0.997998345416506,0.997998345416506
Cc1ccnc2c1NC(=O)c1cccnc1N2C1CC1,-3.1900000047230272,-3.5899831045572435,-0.3999830998342162,0.3999830998342162
O=c1[nH]c(=O)n(C2CC(O)C(CO)O2)cc1C(F)(F)F,-0.7099998162839722,-2.594294466986877,-1.8842946507029046,1.8842946507029046
c1ccc2c(c1)-c1ccc3ccc4cccc5cc-2c1c3c45,-9.162700163249248,-7.3151856474259525,1.8475145158232955,1.8475145158232955
CC(=O)OCC(=O)[C@@]1(O)[C@H](OC(C)=O)C[C@H]2[C@@H]3CCC4=CC(=O)C=C[C@]4(C)[C@@]3(F)[C@@H](O)C[C@@]21C,-4.1297002164370005,-3.908821683607261,0.22087853282973935,0.22087853282973935
CCC1(CC)CCC(=O)N(CO)C1=O,-3.960000061351924,-1.6760827508432916,2.2839173105086323,2.2839173105086323
CC(=O)Nc1ccc([N+](=O)[O-])cc1,-2.6899999816192657,-2.9332332669219023,-0.24323328530263666,0.24323328530263666
O=C(O)C(S)CS,-0.2373999469039232,-0.03894540429703719,0.198454542606886,0.198454542606886
CCCCOCCCC,-2.637599875912453,-2.9992529194138413,-0.36165304350138827,0.36165304350138827
CCC(C)n1c(=O)[nH]c(C)c(Br)c1=O,-2.505700029870238,-2.1548386205184222,0.35086140935181565,0.35086140935181565
O=C1c2ccccc2C(=O)C1c1ccc2cc(S(=O)(=O)[O-])cc(S(=O)(=O)[O-])c2n1,-0.3778368092410016,0.3248278360997028,0.7026646453407044,0.7026646453407044
CCCCCCCCOC(=O)/C=C/C(=O)OCCCCCCCC,-6.3560311117637625,-6.595128782955606,-0.23909767119184355,0.23909767119184355
O=C(O)CCCCCCCC(=O)O,-1.8944612712213567,-1.7104880291740878,0.18397324204726884,0.18397324204726884
NC(=O)N(CCO)/N=C/c1ccc([N+](=O)[O-])o1,-2.6851999059519596,-2.6091512007483466,0.07604870520361295,0.07604870520361295
CC(C)C,-2.9776040883312835,-3.365449308525387,-0.3878452201941034,0.3878452201941034
COc1c(Cl)c(Cl)c(Cl)c(Cl)c1OC,-5.239400015369236,-5.628369240471478,-0.3889692251022412,0.3889692251022412
Clc1ccc(-c2c(Cl)cc(Cl)c(Cl)c2Cl)cc1,-7.950000127361863,-7.7762021602866405,0.1737979670752221,0.1737979670752221
COc1cc2c(cc1OC)[C@@]13CCN4CC5=CCOC6CC(=O)N2C1[C@H]6[C@H]5C[C@H]43,-2.090899861758516,-2.6164886424005074,-0.5255887806419914,0.5255887806419914
CN(C)CC[C@@H](c1ccc(Cl)cc1)c1ccccn1,-2.6700000027794215,-3.0582953632417382,-0.3882953604623167,0.3882953604623167
COC1=CC=C2[C@H]3Cc4ccc(OC)c5c4[C@@]2(CCN3C)[C@H]1O5,-2.6609999407000307,-2.3071139131090628,0.3538860275909679,0.3538860275909679
CCOCCNCc1cc2cc(S(N)(=O)=O)oc2s1,-0.9199998960362101,-2.122322654565184,-1.2023227585289737,1.2023227585289737
O=C(NCCO)c1cc(O)ccc1O,-0.5435999536889309,-0.855689292774175,-0.31208933908524417,0.31208933908524417
Nc1ccc2ccccc2c1,-2.8794998471209095,-2.526050683334515,0.35344916378639457,0.35344916378639457
CC(C)(c1ccccc1)c1ccc(O[P@]2OCC3(CO[P@@](Oc4ccc(C(C)(C)c5ccccc5)cc4C(C)(C)c4ccccc4)OC3)CO2)c(C(C)(C)c2ccccc2)c1,-7.231973914827419,-6.95352007798226,0.27845383684515923,0.27845383684515923
ClCCSCCCl,-2.3665999581801964,-3.2904345456695414,-0.923834587489345,0.923834587489345
Cc1ccc(C(N)=O)c(O)c1,-2.9169999918409464,-1.5330932187874409,1.3839067730535055,1.3839067730535055
COc1cc(N=Nc2c(Cl)cc([N+](=O)[O-])cc2[N+](=O)[O-])c(NC(C)=O)cc1N(CCOC(C)=O)CCOC(C)=O,-5.463099956316279,-6.169563930448966,-0.7064639741326868,0.7064639741326868
C#CC(C)(O)CC,0.016732167699164968,0.28540072461339205,0.2686685569142271,0.2686685569142271
Clc1cc(Cl)c(-c2c(Cl)ccc(Cl)c2Cl)c(Cl)c1Cl,-8.150099950765103,-8.6994161442709,-0.5493161935057973,0.5493161935057973
Nc1cccc2ccc(S(=O)(=O)O)cc12,-1.6822791930237198,-1.7113901730738335,-0.0291109800501137,0.0291109800501137
C/C=C\C,-1.9301998895263792,-2.141200319326568,-0.21100042980018863,0.21100042980018863
Clc1ccc(Oc2c(Cl)c(Cl)c(Cl)c(Cl)c2Cl)cc1,-8.939999813202137,-8.5295088798037,0.410490933398437,0.410490933398437
CC(C)c1ccc(S(=O)(=O)O)cc1,0.6127514233539406,-0.9436624017444393,-1.5564138250983799,1.5564138250983799
CC(C)c1ccc2c(c1)CC[C@H]1[C@](C)(C(=O)O)CCC[C@]21C,-4.658199881142289,-4.624815449855942,0.03338443128634694,0.03338443128634694
[O-][S+](Cc1ccccc1)Cc1ccccc1,-2.858808689890311,-2.411705082763789,0.44710360712652175,0.44710360712652175
O=[N+]([O-])c1ccc(Cl)cc1,-2.8118285473412805,-2.9242178493485023,-0.11238930200722175,0.11238930200722175
Cc1ccc(Sc2ccc(C(=O)c3ccccc3)cc2)cc1,-7.615408536794408,-6.060809765594691,1.5545987711997178,1.5545987711997178
OCCNc1ccc2c(c1)OCO2,0.2728976947764039,-1.4244206278384208,-1.6973183226148247,1.6973183226148247
Cn1c(=O)[nH]c2c(=O)[nH]c(=O)[nH]c21,-3.940000030751987,-3.2092035682780597,0.7307964624739274,0.7307964624739274
CCOC(=O)C(CC(=O)O)=C(c1ccccc1)c1ccccc1,-2.19079987623322,-3.365660972795623,-1.174861096562403,1.174861096562403
S=c1[nH]c2cncnc2[nH]1,-2.524300018990509,-2.768042847893803,-0.24374282890329413,0.24374282890329413
Cc1cc(N(CCO)CCO)ccc1N=Nc1ccc([N+](=O)[O-])cc1Cl,-6.570000431437203,-4.849617811752689,1.7203826196845133,1.7203826196845133
CCCCCCCC(=O)CC(=O)c1ccccc1,-5.883696668136346,-4.581728830839956,1.3019678372963899,1.3019678372963899
C=CC(C)CCCC(C)(C)OC(C)=O,-4.030164247943873,-3.8166997617027016,0.21346448624117098,0.21346448624117098
NC(Cc1ccc(O)c(O)c1)C(=O)OC1CCCCC1,-1.2699998449207233,-2.0683788386162134,-0.7983789936954901,0.7983789936954901
CCOC(=O)C1=C(COCCN2C(=O)c3ccccc3C2=O)NC(C)=C(C(=O)OC)C1c1ccccc1Cl,-4.5011267730750335,-5.142728588403552,-0.6416018153285181,0.6416018153285181
CC(C)c1ccc(S(=O)(=O)[O-])cc1,0.3334550702352135,-0.6982665625376945,-1.031721632772908,1.031721632772908
CCCCCC1CC(=O)C=C(C)C1C(=O)OCC,-3.187166398477336,-3.687848188261759,-0.5006817897844229,0.5006817897844229
O=C1OC(=O)C2C1C1(Cl)C(Cl)=C(Cl)C2(Cl)C1(Cl)Cl,-5.171235148604065,-5.234712069314928,-0.06347692071086275,0.06347692071086275
O=C(O)CCC(=O)OOC(=O)CCC(=O)O,-0.8470998780126742,-0.3643151407901639,0.48278473722251025,0.48278473722251025
O=C(O)CC(Br)C(=O)O,-0.2149998353369229,0.5703227786295839,0.7853226139665068,0.7853226139665068
CNc1ccc(/C=C/c2ccc(Nc3nc(Nc4ccc(S(=O)(=O)[O-])cc4)nc(N4CCOCC4)n3)cc2S(=O)(=O)[O-])c(S(=O)(=O)[O-])c1,-0.484335614345913,-0.2670506121816998,0.2172850021642132,0.2172850021642132
CC(=O)Oc1ccccc1C(=O)OCC(=O)N(C)C,-1.5499998592390989,-1.7902318355974225,-0.2402319763583236,0.2402319763583236
CC(C)=CCC/C(C)=C/C=O,-2.411668195071438,-3.0302706204858447,-0.6186024254144069,0.6186024254144069
CCCCCCCCCCCC(=O)N(CCCC)CCCC,-7.016412040638178,-6.617865128081324,0.3985469125568537,0.3985469125568537
CCC(C)n1ccc(NS(=O)(=O)c2ccc(N)cc2)nc1=O,-2.7599999161854036,-3.4831802951776702,-0.7231803789922666,0.7231803789922666
Cc1c(C)c2c(c(C)c1O)CC[C@@](C)(CCC[C@H](C)CCC[C@H](C)CCCC(C)C)O2,-8.520248930301538,-5.964029159341262,2.5562197709602756,2.5562197709602756
Clc1cc(-c2ccc(Cl)c(Cl)c2Cl)cc(Cl)c1Cl,-9.10000061010928,-8.424902147614596,0.6750984624946845,0.6750984624946845
CC=CCC1(C)C(=O)NC(=O)N(C)C1=O,-1.544499900858872,-2.1704785879945656,-0.6259786871356936,0.6259786871356936
Cc1cc(C(=O)CC(C)C)ccc1O,-1.9799999305233587,-3.2408342296148707,-1.260834299091512,1.260834299091512
CC(C)N(N=O)C(C)C,-1.000599883397446,-1.223586639287882,-0.22298675589043593,0.22298675589043593
CN1C(=O)c2ccc3c4ccc5c6c(ccc(c7ccc(c2c37)C1=O)c64)C(=O)N(C)C5=O,-7.718510223530204,-5.649189219944798,2.069321003585406,2.069321003585406
CC[C@H](C)[C@H](N)C(=O)O,-0.502953512458074,-0.513280686047267,-0.010327173589192995,0.010327173589192995
CCC1(C/C=C2\CCCc3cc(OC)ccc32)C(=O)CCC1=O,-4.172504432390122,-4.216327148930181,-0.04382271654005887,0.04382271654005887
COc1cc([N+](=O)[O-])c(OC)cc1Cl,-3.1793124256120744,-3.980104854378407,-0.8007924287663326,0.8007924287663326
C=CC(=C)CCCC(C)(C)OC(C)=O,-3.5974164059000984,-3.4218813011182894,0.175535104781809,0.175535104781809
COc1ccc(C2Sc3ccccc3N(CCN(C)C)C(=O)C2OC(C)=O)cc1,-2.94999998690441,-3.877472597171839,-0.9274726102674293,0.9274726102674293
NC(=O)C(N)C(O)C(=O)O,-1.1493997963596143,0.050877541353825606,1.20027733771344,1.20027733771344
O=S1(=O)CCCC1,-0.07980661540365963,-0.3782876051370496,-0.29848098973339,0.29848098973339
CC1CCCC(C)(C)C1,-4.853200024211395,-4.741794776449773,0.11140524776162142,0.11140524776162142
COc1ccccc1OCCNCC(O)COc1cccc2[nH]c3ccccc3c12,-4.2600002442971485,-4.072867911291278,0.18713233300587095,0.18713233300587095
CC1=CC[C@H]2C[C@@H]1C2(C)C,-4.772570637117807,-5.087143356411776,-0.31457271929396846,0.31457271929396846
O=CC1CO1,1.1423002306207297,0.8162917055768037,-0.32600852504392597,0.32600852504392597
O=C(O)C(Br)=C(Cl)Br,-1.0070998467583425,-0.9690476213469039,0.0380522254114386,0.0380522254114386
C1CCC(NCCNC2CCCCC2)CC1,-0.9799999188225639,-1.8832997939598852,-0.9032998751373214,0.9032998751373214
NCC(=O)NCC(=O)Nc1ccc(S(=O)(=O)Nc2nnc(S(N)(=O)=O)s2)cc1,-1.2899998065072038,-2.101677279136107,-0.8116774726289033,0.8116774726289033
CCN(CC)C(=O)c1cccnc1,0.7490002731135896,-0.7397403370817512,-1.4887406101953409,1.4887406101953409
CCCCOCCOCCOCCO,0.6855001638814358,-0.1376697055315277,-0.8231698694129634,0.8231698694129634
Cc1occc(=O)c1O,-1.0629997801104945,-0.6413125176551939,0.4216872624553005,0.4216872624553005
CC(C)CCCC(C)C1CCC2C3CCC4CC(C)(CCC=C(c5cc(Cl)c(O)c(C(=O)O)c5)c5cc(Cl)c(O)c(C(=O)O)c5)CCC4(C)C3CCC12C,-8.460000735126606,-5.853250415735232,2.6067503193913737,2.6067503193913737
Clc1ccc(-c2cc(Cl)c(Cl)c(Cl)c2)cc1Cl,-8.390000662533556,-7.907543601201192,0.4824570613323633,0.4824570613323633
C=CC(=O)OCCn1c(=O)n(CCOC(=O)C=C)c(=O)n(CCOC(=O)C=C)c1=O,-2.451419255721259,-2.19940958095085,0.25200967477040903,0.25200967477040903
COP(=O)(OC)OC(Br)C(Cl)(Cl)Br,-2.27969997394747,-2.5521781771653846,-0.2724782032179145,0.2724782032179145
COC(=O)c1ccccc1S(=O)(=O)NC(=O)N(C)c1nc(C)nc(OC)n1,-3.8980998910753857,-3.595398314413228,0.30270157666215747,0.30270157666215747
CCCCNC(=O)OCC(C)(CCC)COC(N)=O,-2.739999937345559,-2.9000462313737168,-0.16004629402815773,0.16004629402815773
CCCn1c(=O)c2[nH]c(C3CCCC3)nc2n(CCC)c1=O,-4.960000142066175,-4.307821738517674,0.6521784035485005,0.6521784035485005
CCCCCCCCOC(=O)c1ccc(N)cc1,-5.3998999175917834,-5.033388085225207,0.3665118323665766,0.3665118323665766
O=C(OCc1ccccc1)c1ccccc1O,-4.41392233598018,-3.751785842806366,0.6621364931738141,0.6621364931738141
Oc1c(Cl)cc(Cl)cc1Cl,-2.392399948654561,-2.635476797705304,-0.24307684905074334,0.24307684905074334
O=C(O)C(O)c1ccccc1,-0.032126598768390746,-0.7874630040329653,-0.7553364052645746,0.7553364052645746
C=C(C)C(=O)OCCC(F)(F)C(F)(F)C(F)(F)C(F)(F)C(F)(F)C(F)(F)F,-6.058169034705779,-6.087301823008058,-0.029132788302279167,0.029132788302279167
Nc1ccc(O)cc1[N+](=O)[O-],-1.833764557594433,-1.8793696156549042,-0.045605058060471215,0.045605058060471215
C1CCOCC1,-0.03099974705518349,-0.7147210268241802,-0.6837212797689967,0.6837212797689967
CCC(C(=O)NC(N)=O)(C(=O)OC)c1ccccc1,-2.749999935392163,-2.484288950144368,0.26571098524779524,0.26571098524779524
CO/N=C(/C)c1cccc(Oc2nc(OC)cc(OC)n2)c1C(=O)OC,-3.309999895015458,-3.7185849873135712,-0.40858509229811313,0.40858509229811313
CC(Sc1ccccc1)S(=O)(=O)O,-0.4899996867250378,-0.7416037003997689,-0.25160401367473106,0.25160401367473106
CCSC(=S)N[C@@H](CC(=O)O)C(=O)O,-1.3862998030514968,-1.1979543515121394,0.18834545153935744,0.18834545153935744
O=NN1CCCC1=O,0.052300322767316665,0.3496439707421537,0.29734364797483703,0.29734364797483703
CC(C)[C@@]12CC[C@@](C)(O1)[C@@H](O)C2,-0.2880925389302331,-2.1132730580775894,-1.8251805191473562,1.8251805191473562
Brc1cc(Br)cc(Br)c1,-5.600400019041116,-5.765690283287006,-0.16529026424588977,0.16529026424588977
CCCCOC(=O)C(C)Oc1ccc(Oc2ccc(C(F)(F)F)cn2)cc1,-5.58360021141969,-6.089817501514295,-0.5062172900946047,0.5062172900946047
CC(C)(C)CCCCCCCC(=O)O,-2.11139692727017,-4.430400264841781,-2.319003337571611,2.319003337571611
CNC(=O)c1cccc(NCC(=O)NCCc2ccc(OC)c(OC)c2)c1,-1.8499999041574111,-2.724824482189888,-0.8748245780324768,0.8748245780324768
CCCCC(CC)COC(=O)c1ccc(Nc2nc(Nc3ccc(C(=O)NC(C)(C)C)cc3)nc(Nc3ccc(C(=O)OCC(CC)CCCC)cc3)n2)cc1,-8.185259270118591,-7.1445286207703464,1.0407306493482444,1.0407306493482444
Clc1ccc(Oc2cc(Cl)ccc2Cl)c(Cl)c1,-6.770000047302007,-7.2854148987343486,-0.5154148514323413,0.5154148514323413
CCCCOC(=O)c1ccccc1N,-3.3830205830671995,-3.546539754986042,-0.16351917191884224,0.16351917191884224
CCCOCCN(C(=O)CCl)c1c(CC)cccc1CC,-3.7950000677029077,-4.735932773478201,-0.940932705775293,0.940932705775293
O=S(=O)(NS(=O)(=O)C(F)(F)F)C(F)(F)F,0.454144422208675,-0.7203356855686494,-1.1744801077773244,1.1744801077773244
CCCCCCCC(=O)OCCCOC(=O)CCCCCCC,-7.516526608825906,-5.874505456036582,1.642021152789324,1.642021152789324
CCC(C)CCCOC(=O)CCc1cc(-n2nc3ccccc3n2)c(O)c(C(C)(C)C)c1,-6.163940161928275,-6.527490902942153,-0.36355074101387785,0.36355074101387785
Nc1ccc(Cl)cc1C(=O)c1ccccc1Cl,-7.425089300407077,-4.901397089660685,2.5236922107463915,2.5236922107463915
CCCCCCOC(=O)C(C)c1ccc2cc(OC)ccc2c1,-7.540000569771733,-6.474240672228223,1.0657598975435096,1.0657598975435096
CCO[Si](CC(C)CC(C)(C)C)(OCC)OCC,-6.441684264389638,-5.479543102395945,0.962141161993693,0.962141161993693
CC(C)C1=CC2=CC[C@@H]3[C@](C)(CCC[C@@]3(C)C(=O)O)[C@H]2CC1,-3.7959000721855105,-4.629154601902499,-0.8332545297169887,0.8332545297169887
CC(=O)CC(=O)OCCOC(=O)CC(C)=O,-0.033755868442900905,-0.6191862514824864,-0.5854303830395855,0.5854303830395855
Cc1cc(Cl)c(Cl)c(Cl)c1Cc1ccc(Cl)cc1,-7.44000007170477,-7.346143979672242,0.09385609203252798,0.09385609203252798
CCN1C(=O)C(C#N)=C(C)/C(=N/Nc2ccccc2[N+](=O)[O-])C1=O,-6.815976259730045,-6.750893533919788,0.06508272581025665,0.06508272581025665
CC(C)(c1ccccc1)c1ccc(O)cc1,-4.096484592064574,-3.9608241510326816,0.135660441031892,0.135660441031892
CC1=CCC(C(C)(C)O)CC1,-1.9099998579303086,-2.3790506758173677,-0.46905081788705916,0.46905081788705916
C=C(C)C(=O)OCCOCCOCCCC,-2.0159484187487546,-2.1139111564938258,-0.09796273774507114,0.09796273774507114
Cc1cc2ccccc2cn1,-2.1899999412621405,-1.7368228739341796,0.4531770673279609,0.4531770673279609
Cc1ccccc1Oc1ccccc1N/N=C1/C(=O)c2c(cc(S(=O)(=O)[O-])cc2NC(=O)c2ccccc2)C=C1S(=O)(=O)[O-],-2.0506715040454573,-1.752365670463961,0.2983058335814963,0.2983058335814963
CCCCCCCCCCCC(=O)NCCC[N+](C)(C)CC(=O)[O-],-3.1367508782243965,-2.1700778958677356,0.9666729823566609,0.9666729823566609
CCN(CC)C(=O)CCC(=O)OCn1cnc2c1c(=O)n(C)c(=O)n2C,-1.139999887568232,-1.6048949566686457,-0.46489506910041367,0.46489506910041367
O=C(c1ccc(F)cc1)c1ccc(F)cc1,-4.396652270668052,-4.687551856181533,-0.29089958551348083,0.29089958551348083
COC(=O)C1(S(=O)(=O)c2ccc(C)cc2)CCCCC1,-4.610000193181662,-3.4826951995938797,1.1273049935877824,1.1273049935877824
Oc1c(-c2ccccc2)cccc1-c1ccccc1,-5.683909889770533,-4.041097014611421,1.6428128751591116,1.6428128751591116
CCOP(=S)(OCC)Oc1ccc([N+](=O)[O-])cc1,-4.289999979636501,-4.982504325925159,-0.6925043462886586,0.6925043462886586
Cc1cccc2c(C)cccc12,-4.739999736453416,-4.329586236152862,0.410413500300554,0.410413500300554
CC(C)(C)c1cc(CCC(=O)NCCCCCCNC(=O)CCc2cc(C(C)(C)C)c(O)c(C(C)(C)C)c2)cc(C(C)(C)C)c1O,-7.804113962521425,-6.458495666271708,1.3456182962497172,1.3456182962497172
CCCCCC(O)/C=C/C1C(O)CC(=O)C1CCCCCCC(=O)O,-3.6700000662403083,-3.236260397310427,0.43373966892988136,0.43373966892988136
NC1CN(c2c(F)cc3c(=O)c(C(=O)O)cn(C4CC4)c3c2F)C1,-5.270000029750815,-4.1189385341274285,1.1510614956233862,1.1510614956233862
Cn1c(=O)c2c(ncn2CO)n(C)c1=O,-0.4099998403791165,-0.7899913810151471,-0.3799915406360306,0.3799915406360306
CC(=O)O[C@@H]1C[C@H](C)CC[C@H]1C(C)C,-3.9751164927491605,-3.917790120270338,0.05732637247882266,0.05732637247882266
O=C1Cc2ccc(Cl)cc2N1,-2.968988595110013,-2.9926968653664,-0.02370827025638711,0.02370827025638711
CCCC(=O)N(C)N=O,-1.5346998520483095,-0.44048446426189036,1.0942153877864191,1.0942153877864191
O=C(O)c1ccc(O)cc1,-1.409999852079911,-0.9404309156702588,0.46956893640965225,0.46956893640965225
COC1(OC)CCCCCCCCCCC1,-4.125654233552477,-3.73009422338095,0.39556001017152687,0.39556001017152687
CCOC(=O)Cc1[nH]nc2ccc(Cl)cc12,-3.0255999019155464,-5.158260342780338,-2.1326604408647913,2.1326604408647913
Cc1ccc2cc(C)ccc2c1,-4.892700289961302,-4.587351219091522,0.3053490708697799,0.3053490708697799
CCC(Cl)(Cl)Cl,-1.889799826334238,-3.0414612559325707,-1.1516614295983327,1.1516614295983327
C/C(=C\C(C)CC(C)CC(C)C)C1CC(=O)OC1=O,-4.425503208015117,-4.375742711728554,0.04976049628656298,0.04976049628656298
Nc1ccc(S(=O)(=O)Nc2cc(Cl)c(Cl)cc2Cl)cc1,-4.829999908659859,-5.253915753643509,-0.4239158449836493,0.4239158449836493
c1ccc2ocnc2c1,-1.1547999612821427,-1.6020783794932771,-0.44727841821113445,0.44727841821113445
CCCCCCCCCCNC(=O)C(C)O,-3.3605000430190906,-3.486778587771675,-0.1262785447525845,0.1262785447525845
CC[C@H](C)[C@H](NCCC#N)C(=O)O,-0.9817999277877691,-0.8586735726481649,0.12312635513960424,0.12312635513960424
Cc1cc(N=Nc2ccccc2C)ccc1N,-4.050000164544911,-4.704999286076154,-0.654999121531243,0.654999121531243
O=C(Cl)c1ccc(C(=O)Cl)cc1,-4.028793778730198,-4.338289937197867,-0.3094961584676694,0.3094961584676694
CCCCCCC(O)CCCCCCCCCCCO,-5.156094562497151,-5.1016430835642055,0.05445147893294511,0.05445147893294511
CCNc1nc(NC(C)C(C)C)nc(SC)n1,-3.7081999804480636,-3.969459942836764,-0.2612599623887002,0.2612599623887002
O=Cc1cccc(C(=O)O)c1O,-2.4422999901496074,-1.4133711594163991,1.0289288307332083,1.0289288307332083
CNCC(C)c1ccccc1,-1.094699868984266,-1.4704211330030492,-0.37572126401878325,0.37572126401878325
O=C1CNC(=O)N1,-0.4015997985414912,-0.4126679005966931,-0.011068102055201923,0.011068102055201923
CCNCNC(=O)c1ccccc1,-0.07489975866621235,-1.4955108369859678,-1.4206110783197554,1.4206110783197554
CCCOC(=O)c1ccc(O)c(Cl)c1,-3.3800000711286926,-3.3823288266887497,-0.002328755560057072,0.002328755560057072
CCNc1nc(NC(C)CC)nc(OC)n1,-2.574999960949907,-3.3686844523127473,-0.7936844913628405,0.7936844913628405
O=C(O)c1cc(N=Nc2ccc(S(=O)(=O)Nc3ccccn3)cc2)ccc1O,-6.139999946072206,-4.377072601029969,1.762927345042237,1.762927345042237
O=C(O)CS,-1.9643491279345884,0.1257516202791611,2.0901007482137492,2.0901007482137492
COC(=O)CCCNC(=O)NC12CC3CC(CC(C3)C1)C2,-2.249999895035038,-4.509964636278936,-2.2599647412438983,2.2599647412438983
CC12CCC3C(CCC4C(C)(C)CCCC43C)(CO1)O2,-5.645384922183968,-4.856490723831014,0.7888941983529545,0.7888941983529545
Fc1cccc(Br)c1,-2.665599980864475,-2.8333622380988124,-0.16776225723433758,0.16776225723433758
Cc1nc2c(=O)[nH]c(=O)n(C)c2nc1C,-2.112899902319792,-2.02057722027108,0.09232268204871197,0.09232268204871197
COc1ccc2c(c1OC)C(=O)O[C@@H]2[C@H]1c2c(cc3c(c2OC)OCO3)CCN1C,-3.1393000627636294,-2.9190368366562094,0.22026322610742,0.22026322610742
CCCI,-2.289999887221455,-2.7452880071618173,-0.45528811994036245,0.45528811994036245
CC(CC(=O)Nc1ccccc1)C(=O)O,0.39000027940304927,-1.4855350799158618,-1.875535359318911,1.875535359318911
NC(=O)CNC(=O)COC(=O)c1ccccc1,-1.498299808778847,-1.9120957965957976,-0.4137959878169506,0.4137959878169506
NN=C(N)N,-1.6153792048842017,0.06335048132390053,1.6787296862081023,1.6787296862081023
CNC(=S)NC,0.9823002618750611,-0.13003626516562639,-1.1123365270406875,1.1123365270406875
COC1OC(CNC(=O)N(CCCl)N=O)C(O)C(O)C1O,-1.5612998465072097,-0.8816814167106637,0.679618429796546,0.679618429796546
O=C(c1ccc(F)cc1)C1CCNCC1,0.5890199041894886,-2.185664032848025,-2.7746839370375134,2.7746839370375134
COC(=O)C(C)OC(C)=O,-0.2616995848400019,-0.2839299233046937,-0.0222303384646918,0.0222303384646918
CCC(=O)OC(C)C(=O)OC,-0.8621998842073295,-0.6316249607782747,0.23057492342905483,0.23057492342905483
c1ccc(CCOC2CCCCC2)cc1,-2.4180900006931623,-3.8815073998764538,-1.4634173991832915,1.4634173991832915
Cc1cc(C)c(C)cc1C,-3.8399998777523043,-3.449657491911596,0.39034238584070824,0.39034238584070824
COc1cc(C(=O)CO)ccc1O,-1.779999831564361,-1.4518549949830557,0.32814483658130533,0.32814483658130533
C=CCc1ccc(OC)cc1,-2.9209000425372804,-3.156758914385255,-0.2358588718479746,0.2358588718479746
NC(=O)NN=C[C@@H](O)[C@@H](O)[C@H](O)[C@H](O)CO,-0.5299998859518236,-0.009364028529308399,0.5206358574225152,0.5206358574225152
O=C(O)c1cccnc1C(=O)O,-1.4799999246729612,-1.2938591770061,0.18614074766686106,0.18614074766686106
CC(C)(OC1CCCCC1)C(=O)O,-1.0797998637857444,-2.331657755159986,-1.2518578913742415,1.2518578913742415
Cc1cccc2c1ccc1ccccc12,-5.854100385462074,-5.836647986598605,0.017452398863468943,0.017452398863468943
O=C1NC(=O)C2C=CC=CC12,-2.9319998605889577,-1.2590794316618386,1.6729204289271191,1.6729204289271191
CC(C)NCc1cccc(S(=O)(=O)c2csc(S(N)(=O)=O)c2)c1,-1.5599997710188829,-2.0511725417376354,-0.49117277071875254,0.49117277071875254
CCO,1.2336682495295102,1.2193559629241828,-0.014312286605327351,0.014312286605327351
CCN(CCO)c1ccccc1,-1.9170998242796067,-1.1828103147324138,0.7342895095471929,0.7342895095471929
N#Cc1cccc(C(=O)O)c1,-2.6300000450997323,-1.6520710370465748,0.9779290080531575,0.9779290080531575
CCCCCCCOC(=O)c1ccc(O)c(I)c1,-4.5599999441481796,-4.900875485958553,-0.34087554181037305,0.34087554181037305
CCN(CC)C(=O)/C(Cl)=C(\C)OP(=O)(OC)OC,0.5233000461513821,-0.26732197309156813,-0.7906220192429503,0.7906220192429503
NS(=O)(=O)c1ccc(Nc2ccnc(NS(=O)(=O)Cc3ccccc3)n2)cc1,-2.6999999796658702,-2.886106927992546,-0.18610694832667596,0.18610694832667596
NS(=O)(=O)c1ccc(Nc2ccnc(NS(=O)(=O)c3ccccc3)n2)cc1,-2.5499998709398937,-2.7828081733325054,-0.23280830239261174,0.23280830239261174
C=C(C)C(=O)OCCCOc1ccc(C(C)(C)c2ccc(OCCCOC(=O)C(=C)C)cc2)cc1,-7.456475792135771,-6.26915862939334,1.1873171627424313,1.1873171627424313
CC(C)(C)c1cc(CCC(=O)OCC(COC(=O)CCc2cc(C(C)(C)C)c(O)c(C(C)(C)C)c2)(COC(=O)CCc2cc(C(C)(C)C)c(O)c(C(C)(C)C)c2)COC(=O)CCc2cc(C(C)(C)C)c(O)c(C(C)(C)C)c2)cc(C(C)(C)C)c1O,-7.0710185237938,-7.453650657291831,-0.3826321334980314,0.3826321334980314
CCCCCCCCNC(=O)OCC1OC(O)C(O)C(O)C1O,-2.349999806487624,-2.383869264344306,-0.033869457856681606,0.033869457856681606
Nc1nc(N)nc(-c2ccccc2)n1,-2.494168433443043,-2.597358388389348,-0.10318995494630512,0.10318995494630512
CCN(CCO)c1ccc(N=Nc2ccc([N+](=O)[O-])cc2)cc1,-6.293000294033924,-4.714687671114548,1.578312622919376,1.578312622919376
CC12CC(O)C3C(CCC4C[C@@H](O)CCC43C)C1CCC2=O,-3.5931999597787048,-3.715427897745199,-0.12222793796649434,0.12222793796649434
FC(F)(F)C(F)(F)C(F)(F)C(F)(F)C(F)(F)C(F)(F)C(F)(F)C(F)(F)Br,-7.397034226237173,-6.69407447935766,0.7029597468795128,0.7029597468795128
CCCCC(CC)CN(CC(CC)CCCC)CC(CC)CCCC,-8.247580077410808,-6.971904986666212,1.2756750907445955,1.2756750907445955
CC(=O)C(N=Nc1ccc(N=Nc2c(S(=O)(=O)[O-])cc3c(c2N)C(=O)/C(=N/Nc2ccc(S(=O)(=O)[O-])c4ccccc24)C(S(=O)(=O)[O-])=C3)cc1)C(=O)Nc1ccccc1,-2.218028238211029,-0.740279746255589,1.47774849195544,1.47774849195544
Nc1ccn(C2OC(COP(=O)(O)O)C(O)C2O)c(=O)n1,-1.1987751975604544,-0.8952004626501653,0.3035747349102891,0.3035747349102891
F[N+]12CC[N+](CCl)(CC1)CC2,-0.30381159582720807,-0.2897488618795827,0.014062733947625361,0.014062733947625361
CC(=O)c1cc2ccccc2o1,-2.5484883037149717,-3.254985404306646,-0.7064971005916743,0.7064971005916743
Clc1cc(Oc2ccccc2)cc(Cl)c1Cl,-6.770000047302007,-7.042890019306476,-0.2728899720044691,0.2728899720044691
CCCCCCCC(=O)O,-2.7500004012329926,-2.5803023683116955,0.16969803292129715,0.16969803292129715
c1ccc2c(c1)-c1cccc3cccc-2c13,-5.93000000434688,-6.7455143490879514,-0.8155143447410715,0.8155143447410715
CC(C)=CCC(C)(C)C(=O)C(C)C,-3.4892157979781864,-4.025702873066344,-0.5364870750881572,0.5364870750881572
CC=C(CCCC)C(N)=O,-1.3716998683606325,-1.9872415124848262,-0.6155416441241937,0.6155416441241937
N#CCC[NH2+][C@@H](Cc1ccccc1)C(=O)[O-],-1.4938997868639006,-1.2518319145431358,0.24206787232076477,0.24206787232076477
O=C(O)c1cccnc1Nc1cccc(C(F)(F)F)c1,-4.1718000810559115,-4.1200274284397125,0.05177265261619901,0.05177265261619901
COc1c(Cl)ccc(Cl)c1C(=O)O,-1.699999916204983,-2.724857574142147,-1.0248576579371638,1.0248576579371638
CCC(=O)NCCNC(=O)CC,0.37460006467382456,-0.39094743354657613,-0.7655474982204007,0.7655474982204007
CC(C)(C)c1cc(C(=O)O)c(O)c(C(C)(C)C)c1,-4.8694710507312395,-4.7843007162451,0.08517033448613986,0.08517033448613986
COCCOCCOc1cc(Nc2c(C)cc(C)c(S(=O)(=O)[O-])c2C)c2c(c1N)C(=O)c1ccccc1C2=O,0.23912333746239733,-2.6512115206568416,-2.890334858119239,2.890334858119239
CC(C)C1(C)CCCC(O)C1,-0.5999999585448736,-2.3157807609684453,-1.7157808024235717,1.7157808024235717
CC(CCC(=O)O)C(=O)O,0.8352251332108156,0.20567168706968886,-0.6295534461411267,0.6295534461411267
IC(I)I,-3.5952000387535,-3.41478847766171,0.18041156109179024,0.18041156109179024
CC(C)OC(=O)C(O)(c1ccc(Cl)cc1)c1cccc(Cl)c1,-4.530000208808827,-4.598245683290867,-0.06824547448203955,0.06824547448203955
S=c1[nH][nH]c(=S)s1,-0.75520004141024,-1.4512501610527182,-0.6960501196424782,0.6960501196424782
C=CC(=C)Cl,-2.550925410401299,-1.8114284905148077,0.7394969198864914,0.7394969198864914
C/C=C/C(=O)C1C(C)C=CCC1(C)C,-3.396366543258494,-4.20421956619735,-0.8078530229388554,0.8078530229388554
C=C(C)CCO,0.01906813516539696,-0.47373045455505425,-0.4927985897204512,0.4927985897204512
CC(C)OP(C)(=O)F,0.8536003800108967,0.1514762480593297,-0.702124131951567,0.702124131951567
COc1c([N+](=O)[O-])cc([N+](=O)[O-])cc1[N+](=O)[O-],-3.0849999821002725,-2.723704842382856,0.36129513971741645,0.36129513971741645
C=CC(=O)OCC1(CC)COCOC1,-1.3330548173602395,-2.295534007262512,-0.9624791899022724,0.9624791899022724
Nc1cc(N2CCCCC2)nc(N)[n+]1[O-],-1.9399999383369417,-1.8017563926520825,0.1382435456848592,0.1382435456848592
Cc1ccc2c(c1)C=CS2(=O)=O,-2.650000023939577,-2.7242221327439746,-0.07422210880439772,0.07422210880439772
COC(=O)c1cc2cc3c(C)cc(=O)oc3c(C)c2o1,-5.159999895957892,-4.560431830357222,0.5995680656006694,0.5995680656006694
CCCCCCCCOC(=O)c1ccccc1C(=O)OCCCCCCCC,-7.249300433146736,-6.584876419952959,0.6644240131937771,0.6644240131937771
O=C(Nc1ccccn1)c1cccnc1,-2.9770998328867093,-1.8494076996895625,1.1276921331971468,1.1276921331971468
Cc1nc(Cl)ncc1N(C)C,-1.259999795114027,-1.2113990009458324,0.04860079416819452,0.04860079416819452
Cc1cc(-c2ccc(N=C=O)c(C)c2)ccc1N=C=O,-2.3081273067002397,-5.032870070222797,-2.7247427635225576,2.7247427635225576
CC(=O)O[C@H]1C[C@@H](C)CC[C@@H]1C(C)C,-4.066886929121177,-3.917790120270338,0.14909680885083887,0.14909680885083887
Nc1c(S(=O)(=O)[O-])cc(Nc2ccccc2)c2c1C(=O)c1ccccc1C2=O,-2.1738959963198106,-2.4024035181475245,-0.22850752182771394,0.22850752182771394
C[C@@H]1O[C@@H](O[C@H]2[C@@H](OS(=O)(=O)O)[C@H](OS(=O)(=O)O)[C@H](O)O[C@H]2C)[C@@H](OS(=O)(=O)O)[C@H](O[C@@H]2O[C@@H](C)[C@@H](O[C@@H]3O[C@@H](C)[C@@H](O)[C@@H](O[C@@H]4O[C@@H](C)[C@@H](O)[C@@H](OS(=O)(=O)O)[C@@H]4OS(=O)(=O)O)[C@@H]3OS(=O)(=O)O)[C@@H](OS(=O)(=O)O)[C@@H]2OS(=O)(=O)O)[C@@H]1O,-0.589205839910877,1.9280366492707492,2.5172424891816263,2.5172424891816263
Cc1ccccc1OCC1CO1,-2.2911044475883022,-2.913631754524925,-0.6225273069366226,0.6225273069366226
O=S(=O)(c1ccc(Cl)cc1)c1ccc(Cl)cc1,-5.523635799576748,-4.857801013310862,0.6658347862658864,0.6658347862658864
CCCCC(O)CC,-1.463099771486188,-1.402387115750877,0.06071265573531104,0.06071265573531104
CC12CCC(C(O)C1=O)C2(C)C,-0.9248998514280351,-2.5122493723590615,-1.5873495209310264,1.5873495209310264
NC(=O)OCC(Cl)(Cl)Cl,-1.284299847130843,-1.7659432398143393,-0.4816433926834962,0.4816433926834962
CCCCCCOC(=O)CCCCCCCCC(=O)OCCCCCC,-4.5700001319817884,-6.271801844766677,-1.7018017127848886,1.7018017127848886
CCCCCCCCCO,-3.0130118733805378,-3.409165261248669,-0.39615338786813137,0.39615338786813137
CCOc1ccc(C(=O)O)c2ccccc12,-4.112199784208,-3.573445617082921,0.5387541671250791,0.5387541671250791
O=C1CCCCCCCCCN1,-1.8861998084038272,-1.9713870511867424,-0.08518724278291523,0.08518724278291523
CCNc1cc(C#N)c(N)c2c1C(=O)c1ccccc1C2=O,-7.638280148294324,-6.3433627256856635,1.2949174226086608,1.2949174226086608
O=c1ccnc[nH]1,0.5860001513989999,-0.1085421622519207,-0.6945423136509206,0.6945423136509206
O=CNc1ccccc1,-0.6784997284063348,-1.6530359831914831,-0.9745362547851484,0.9745362547851484
O=C1CCN(c2ccccc2)N1,-1.1448230999967373,-1.469004148719881,-0.3241810487231438,0.3241810487231438
CCO[Si](CCCSSCCC[Si](OCC)(OCC)OCC)(OCC)OCC,-5.676542013184178,-5.091544896622759,0.5849971165614187,0.5849971165614187
CCOc1ccc(N(C)C(N)=O)cc1,-1.6599998550051098,-1.6961978268747517,-0.03619797186964191,0.03619797186964191
CC(=O)Nc1ccc(N)cc1,-0.9799999188225639,-1.4124212582049473,-0.4324213393823835,0.4324213393823835
CCC1(C)C(=O)NC(=O)NC1=O,-1.2299999217477626,-1.445451236380134,-0.21545131463237133,0.21545131463237133
CC(=O)Nc1ccc(Br)cc1C,-1.7559999190686582,-2.9016033819864737,-1.1456034629178156,1.1456034629178156
CCCCCCCCN(CCO)CCO,-2.1910375585764514,-1.8689895777582446,0.32204798081820685,0.32204798081820685
C/C(Cl)=C\C(=O)O,-0.6049998454213097,-0.6545788363180072,-0.049578990896697483,0.049578990896697483
Cc1ccc([N+](=O)[O-])cc1N/N=C1\C(=O)C(C(=O)Nc2ccccc2)=Cc2ccccc21,-7.557967809018624,-7.649850116203179,-0.09188230718455515,0.09188230718455515
CCC(=O)/C=C/C1=C(C)CCCC1(C)C,-4.187455645573161,-4.628983448531066,-0.4415278029579053,0.4415278029579053
O=C(NO)c1ccccc1N=Cc1ccccn1,-3.209999983562872,-3.3327750947170296,-0.12277511115415773,0.12277511115415773
O=C(CC(C(=O)OC1CCCCC1)S(=O)(=O)[O-])OC1CCCCC1,-0.7147014270026126,-1.4604221874116525,-0.7457207604090399,0.7457207604090399
O=[N+]([O-])c1cc(Cl)c(Cl)cc1Cl,-3.886599971824597,-4.986518700646732,-1.0999187288221348,1.0999187288221348
CCc1nc2ncnc(O)c2nc1CC,-1.9121998688877817,-2.1106666958898757,-0.19846682700209395,0.19846682700209395
CC(=O)OCCN(CCOC(C)=O)c1ccc(N=Nc2ccc([N+](=O)[O-])cc2C#N)cc1,-7.300465077213611,-6.54427552760321,0.7561895496104007,0.7561895496104007
CCC(C)CCCC(C)(C)O,-2.7493445145984143,-2.5858296560205867,0.16351485857782766,0.16351485857782766
OC[C@H]1O[C@@](CO)(O[C@H]2O[C@H](CO)[C@@H](O)[C@H](O)[C@H]2O)[C@@H](O)[C@@H]1O,0.7878001903097465,0.018752053535896263,-0.7690481367738502,0.7690481367738502
CCN(CC)C(=O)C(Cl)=CCOP(=O)(OC)OC,0.5230002516975496,-0.5657684560968468,-1.0887687077943964,1.0887687077943964
CC(C)=NNC(=N)N1Cc2cccc3cccc(c23)C1,-2.479999936373756,-2.501843903003784,-0.021843966630027634,0.021843966630027634
CN(C)N,1.2211003470436723,1.2305215119795716,0.009421164935899284,0.009421164935899284
CC(C)(CO)CO,0.9014231164736342,0.7172794802029512,-0.18414363627068298,0.18414363627068298
CNC(=O)Oc1cc(C)c(N(C)C)c(C)c1,-3.3468999407752555,-2.4018440260579257,0.9450559147173299,0.9450559147173299
CCN(CC)C(=O)Nc1ccc(OCC(O)CNC(C)(C)C)c(C(C)=O)c1,-1.8999998771370683,-2.4221245273439522,-0.5221246502068839,0.5221246502068839
C=CC(O)CC,0.019300296432130715,0.005765101343873091,-0.013535195088257623,0.013535195088257623
O=C(OCC1CO1)c1ccc(C(=O)OCC2CO2)cc1,-3.557960032708349,-3.0033866874146797,0.5545733452936692,0.5545733452936692
CC(C)CCCCCCCCCCOC(=O)c1ccccc1C(=O)OCCCCCCCCCCC(C)C,-5.724959093531907,-7.123753914124308,-1.3987948205924008,1.3987948205924008
CC(C)COC(=O)Cc1ccccc1,-3.271047078507039,-3.808362660137152,-0.537315581630113,0.537315581630113
Clc1ccc(Cl)c(-c2c(Cl)ccc(Cl)c2Cl)c1,-7.189500273329605,-7.589675351345669,-0.4001750780160638,0.4001750780160638
Cc1cc(Cc2c(Cl)cccc2Cl)c(Cl)cc1Cl,-8.360000237059642,-7.146001091872318,1.2139991451873247,1.2139991451873247
CC(C)(C)C(=O)OCn1cc(F)c(=O)[nH]c1=O,-2.02999983448956,-2.642884080975163,-0.6128842464856032,0.6128842464856032
Cc1ccc(C(=O)COc2c(C(=O)c3ccc(Cl)c(C)c3Cl)c(C)nn2C)cc1,-6.520899841819043,-5.3314567885711215,1.1894430532479214,1.1894430532479214
CCCCCOC(=O)C(C)O,-1.204699864750277,-1.4122000010642968,-0.20750013631401987,0.20750013631401987
O=C(OCCCc1ccccc1)c1ccccc1,-4.800973953187812,-4.900375138400936,-0.09940118521312424,0.09940118521312424
CCN(CC)c1ccc(N=Nc2c(C#N)cc([N+](=O)[O-])cc2C#N)c(NC(C)=O)c1,-8.102752855042652,-7.119072869415621,0.9836799856270311,0.9836799856270311
CCN1CC(=O)N=C1N,-0.16499986235726594,-1.3310848972658134,-1.1660850349085474,1.1660850349085474
CC(=O)OCc1ccccc1,-1.6852999120025955,-1.9253492787557533,-0.2400493667531578,0.2400493667531578
O=C(O)C1(O)CC(O)C(O)C(O)C1,0.17900019467014205,0.6557509473881731,0.476750752718031,0.476750752718031
Nc1ccncc1,-0.05289992514530484,0.3488086318680317,0.4017085570133365,0.4017085570133365
CC1(C)CC(N=C=O)CC(C)(CN=C=O)C1,-4.170824506838745,-3.732393889769209,0.4384306170695358,0.4384306170695358
CCCCCCCCCC(=O)Oc1ccc(NC(C)=O)cc1,-4.530000208808827,-5.353890026597108,-0.823889817788281,0.823889817788281
O=C1CCO1,0.7104896603259183,0.8109511682804516,0.10046150795453324,0.10046150795453324
CCS(=O)(=O)NS(=O)(=O)CC,0.5413004118572604,0.2636874349627223,-0.2776129768945381,0.2776129768945381
CCCOC(C)OCCc1ccccc1,-3.384192914648058,-2.790197012756189,0.5939959018918688,0.5939959018918688
C[Si](Cn1cncn1)(c1ccc(F)cc1)c1ccc(F)cc1,-3.766499994767279,-4.638276248438391,-0.8717762536711122,0.8717762536711122
O=C1NC(=O)C(c2ccc(O)cc2)N1,-2.173104895071128,-1.996324787539058,0.17678010753206985,0.17678010753206985
Clc1cc(Cl)c(-c2c(Cl)c(Cl)cc(Cl)c2Cl)c(Cl)c1,-8.490100539977481,-8.783031743615252,-0.2929312036377709,0.2929312036377709
O=C(CCCN1CCC(O)(c2ccc(F)cc2)CC1)c1ccc(F)cc1,-2.829999855064882,-3.303035850668191,-0.473035995603309,0.473035995603309
CC1=CCCC2(C)C(OC=O)C(C)CCC12C,-5.0311422493328015,-4.565590724236796,0.4655515250960054,0.4655515250960054
O=C1CCC/C=C\CCCCCCCCCC1,-5.560732464673324,-3.496073320055774,2.0646591446175497,2.0646591446175497
NS(=O)(=O)c1cc2c(cc1C(F)(F)F)NC=NS2(=O)=O,-0.8185998050770458,-2.56982395173319,-1.7512241466561442,1.7512241466561442
CCCCCCCc1ccc(O)cc1,-3.659701809289273,-4.300173115191404,-0.640471305902131,0.640471305902131
CCCCC(=O)O,-0.49065200191325653,-0.806686426210026,-0.3160344242967694,0.3160344242967694
CCCCCCc1ccc(O)cc1O,-2.589499860635976,-3.1944788227516163,-0.6049789621156405,0.6049789621156405
COC(Cc1ccccc1)OC,-1.6296184752528453,-1.6736883979930948,-0.044069922740249456,0.044069922740249456
O=C1OCc2ccc(Br)cc21,-2.6472000272470657,-2.5101527780657387,0.13704724918132705,0.13704724918132705
NC(=S)SCC(=O)O,-0.7481997304917276,-0.8442073860354609,-0.09600765554373325,0.09600765554373325
BrC1CC(Br)CC(Br)CC(Br)CC(Br)CC(Br)C1,-6.99042847437026,-6.004807554300417,0.9856209200698434,0.9856209200698434
CCCCCCCCCCCCC(O)CCC,-6.770800327340368,-6.110247692986869,0.6605526343534986,0.6605526343534986
CCCCOC(=O)C(C)OC(C)=O,-0.7535997573873439,-1.718472333951426,-0.9648725765640822,0.9648725765640822
COC(=O)C1(S(=O)(=O)c2ccc(Br)cc2)CCC1,-3.5499999516541445,-3.439177833090879,0.11082211856326563,0.11082211856326563
CC12CCC3C(CC=C4CC(O)CCC43C)C1CCC2=O,-4.01000024137195,-4.25101303597398,-0.24101279460202996,0.24101279460202996
Clc1ccc(-c2c(Cl)c(Cl)cc(Cl)c2Cl)cc1Cl,-8.4799997305247,-8.354804904075184,0.12519482644951552,0.12519482644951552
C[C@@H]1O[C@@H](O[C@H]2[C@H](Oc3cc(O)c4c(c3)O[C@H](c3ccc(O)cc3)CC4=O)O[C@H](CO)[C@@H](O)[C@@H]2O)[C@H](O)[C@H](O)[C@H]1O,-2.722438738768355,-2.3940126550995773,0.32842608366877757,0.32842608366877757
CC(CCC(=O)O)CC(=O)O,0.09000016547128098,-0.4268366392130769,-0.5168368046843579,0.5168368046843579
CC(C)(C)c1cc(CCC(=O)OCCCCCCOC(=O)CCc2cc(C(C)(C)C)c(O)c(C(C)(C)C)c2)cc(C(C)(C)C)c1O,-8.106483998539888,-7.2830245486646135,0.8234594498752745,0.8234594498752745
O=C(OCN1C(=O)NC(c2ccccc2)(c2ccccc2)C1=O)C(CO)CO,-2.209999971862077,-3.2865189982172796,-1.0765190263552027,1.0765190263552027
FC(F)Cl,-1.4597341232531102,-1.265193609802449,0.19454051345066126,0.19454051345066126
CC1CC2C3CCC4=CC(=O)C=CC4(C)C3(F)C(O)CC2(C)C1(O)C(=O)CO,-3.769999943186167,-3.7556344472060914,0.014365495980075416,0.014365495980075416
CCCCCCCCCCSC(=N)N,-2.7099999604591103,-3.2468151082647867,-0.5368151478056764,0.5368151478056764
COc1cc(O)c(CC=C(C)C)c2c1C(=O)CC(c1ccc(O)cc1)O2,-5.44000004830318,-4.0625684811114855,1.3774315671916941,1.3774315671916941
Cn1nc(S(N)(=O)=O)sc1=NS(=O)(=O)c1cccc([N+](=O)[O-])c1,-2.6700000027794215,-2.2942401429852453,0.37575985979417625,0.37575985979417625
N[C@@H](CS/C(Cl)=C/Cl)C(=O)O,-1.4894999029758667,-1.5041130882503257,-0.014613185274459095,0.014613185274459095
CCC(C)(C)C(=O)OC1CC(C)C=C2C=CC(C)C(CCC3CC(O)CC(=O)O3)C21,-5.47999997147614,-4.977037632030832,0.5029623394453075,0.5029623394453075
CC(C)C[C@H](N)C(=O)N[C@@H](CCC(=O)O)C(=O)O,-0.8968997119692852,-0.6142172826344385,0.28268242933484666,0.28268242933484666
O=C(OCC(=O)N1CCCC1)c1ccccc1,-1.5699999588524918,-2.610638923824143,-1.0406389649716514,1.0406389649716514
CC1(N)CN(c2c(F)c(N)c3c(=O)c(C(=O)O)cn(C4CC4)c3c2F)C1,-4.3800001518429434,-4.146722937522025,0.23327721432091852,0.23327721432091852
CCCCOP(=O)(CCCC)OCCCC,-2.699500011682263,-3.262535545430886,-0.5630355337486228,0.5630355337486228
Clc1ccc(Oc2cccc(Cl)c2)cc1,-5.387355479681061,-5.741732952093792,-0.35437747241273065,0.35437747241273065
Cn1c(=O)c2[nH]c(/C=C/c3ccccc3)nc2n(C)c1=O,-6.660000051535996,-4.468416327202159,2.191583724333837,2.191583724333837
CCN(CC)c1ccc([C+](c2ccc(N(CC)Cc3cccc(S(=O)(=O)[O-])c3)cc2)c2ccc(N(CC)Cc3cccc(S(=O)(=O)[O-])c3)cc2)c(C)c1,-0.6229778507673718,-2.01944457142755,-1.3964667206601784,1.3964667206601784
CC1=NN(c2cc(S(=O)(=O)[O-])ccc2Cl)C(=O)C1N=Nc1cc(Cl)ccc1Oc1ccccc1Cl,-2.3162214118864286,-3.3531274045042556,-1.036905992617827,1.036905992617827
CCOC(C)C,-0.5606998318180132,-0.48002558597788125,0.08067424584013194,0.08067424584013194
O=C1C=CC(=NNc2ccc([N+](=O)[O-])cc2)C=C1,-4.796000015370916,-4.887117377406695,-0.0911173620357788,0.0911173620357788
Nc1ncnc2c1ncn2C1OC(COP(=O)(O)OP(=O)(O)OP(=O)(O)O)C(O)C1O,0.2948003573509492,-0.5037626262188311,-0.7985629835697803,0.7985629835697803
O=C(Oc1ccccc1)n1cc(F)c(=O)[nH]c1=O,-2.439999978694067,-3.2341391652132323,-0.7941391865191654,0.7941391865191654
CCCCC(CC)CCl,-4.680881981691416,-4.780802286122249,-0.09992030443083344,0.09992030443083344
Cc1ccc(OCC(=O)O)cc1,-2.1413999752554207,-2.2294671495665166,-0.0880671743110959,0.0880671743110959
CC(C)(C)[C@@H](O)[C@H](Oc1ccc(Cl)cc1)n1cncn1,-3.678600040060611,-4.162031226327561,-0.4834311862669498,0.4834311862669498
C[C@]12CC[C@H]3[C@@H](CCC4=CC(=O)CC[C@@H]43)[C@@H]1CCC2=O,-3.1565005280051563,-3.853218370089955,-0.6967178420847988,0.6967178420847988
Clc1cc2c(oc3cc(Cl)c(Cl)c(Cl)c32)c(Cl)c1Cl,-10.300000513728703,-9.277488864715652,1.022511649013051,1.022511649013051
CC1(C)C2CCC1(C)C(N)(C(=O)O)C2,-1.5960998818076009,-1.8042299729500233,-0.20813009114242242,0.20813009114242242
Clc1ccc(Cl)c(Cl)c1,-3.7024521257330845,-5.592455466014561,-1.8900033402814769,1.8900033402814769
Clc1ccc(-c2ccc(Cl)c(Cl)c2Cl)c(Cl)c1,-7.620000416117655,-7.654954903533072,-0.03495448741541729,0.03495448741541729
CCc1cccc2ccccc12,-4.164400044198956,-4.8186329783392114,-0.6542329341402553,0.6542329341402553
OCC1OC(n2c(-c3ccco3)nc3ccccc32)C(O)C1O,-2.920000014331302,-2.9661172126237214,-0.04611719829241956,0.04611719829241956
CCOP(=S)(Oc1ccc([N+](=O)[O-])cc1)c1ccccc1,-5.0169000803989965,-5.889029199871777,-0.8721291194727803,0.8721291194727803
CNC(=O)Oc1ccccc1OC(CCl)OC,-2.300499801491574,-2.0736678918742233,0.22683190961735056,0.22683190961735056
CC(C)=CC=O,0.1165038171452939,-1.10226857472823,-1.2187723918735238,1.2187723918735238
CSc1ncc2nccnc2n1,-1.756099919566725,-1.5044095700582594,0.2516903495084657,0.2516903495084657
[NH3+][C@@H]1CCCC[C@@H]1[NH3+],0.8890067675376621,0.9380444168837476,0.049037649346085566,0.049037649346085566
CC1(C)OC(=O)c2cc(C#N)ccc21,-2.9100000222155415,-4.124697983103053,-1.214697960887511,1.214697960887511
CCC(C)C(=O)OC1CCC=C2C=CC(C)C(CCC3CC(O)CC(=O)O3)C21,-5.420000224743612,-3.8870471100074653,1.5329531147361468,1.5329531147361468
NNP(=S)(NN)c1ccccc1,-1.4249997887630432,-1.6558497998286028,-0.23085001106555958,0.23085001106555958
O=[N+]([O-])c1ccc(-c2nc3ccccc3[nH]2)o1,-3.89000005777233,-3.665524543604254,0.2244755141680761,0.2244755141680761
CCOP(=O)(SC(C)CC)N1CCSC1=O,-1.458899888594288,-2.472612080391824,-1.013712191797536,1.013712191797536
Clc1ccc(-c2c(Cl)c(Cl)c(Cl)c(Cl)c2Cl)c(Cl)c1Cl,-9.290000728275036,-9.21497923660721,0.07502149166782601,0.07502149166782601
COc1cc2nccnc2c(N)c1OC,-1.710199828980901,-1.993615871355397,-0.283416042374496,0.283416042374496
CCCCOCCOCCCC,-1.9401998703196193,-2.7772511753307105,-0.8370513050110913,0.8370513050110913
C=CC(=O)OCCC(F)(F)C(F)(F)C(F)(F)C(F)(F)C(F)(F)C(F)(F)C(F)(F)C(F)(F)C(F)(F)C(F)(F)C(F)(F)C(F)(F)F,-6.481477423247755,-6.6336727982560895,-0.15219537500833447,0.15219537500833447
O=C(O)C=Cc1ccccc1,-2.479999936373756,-2.0362020047868543,0.44379793158690184,0.44379793158690184
CC(CCC(=O)O)C1CCC2C3C(O)C(O)C4CC(O)CCC4(C)C3CCC12C,-4.349999864395942,-4.124044977780272,0.22595488661566954,0.22595488661566954
CCC[C@H]1CCCCN1,-0.8493000269970601,-0.10826058735053135,0.7410394396465287,0.7410394396465287
Clc1cc(Cl)cc(-c2ccccc2Cl)c1,-6.299900259387089,-6.337526119665982,-0.03762586027889281,0.03762586027889281
CCCCC(Cc1cc(C(C)(C)C)c(O)c(C(C)(C)C)c1)(C(=O)OC1CC(C)(C)N(C)C(C)(C)C1)C(=O)OC1CC(C)(C)N(C)C(C)(C)C1,-5.835720721800794,-5.084704144815035,0.7510165769857586,0.7510165769857586
Cc1ncoc1C#N,-0.32455538444485876,-0.9074803029697285,-0.5829249185248697,0.5829249185248697
Nc1nc2c(ncn2COCCOC(=O)c2ccc(CN3CCOCC3)cc2)c(=O)[nH]1,-2.749999935392163,-2.9549756802510982,-0.2049757448589351,0.2049757448589351
O=[N+]([O-])c1ccc(/C=N/O)o1,-2.1933998201695046,-2.310161409308953,-0.11676158913944823,0.11676158913944823
Cc1c2ccccc2c(C)c2c1ccc1ccccc12,-6.780000373162528,-6.647022209120195,0.1329781640423331,0.1329781640423331
CCCCCCCCOc1ccc(C(=O)c2ccccc2)c(O)c1,-5.513798345472912,-5.771896249324392,-0.2580979038514801,0.2580979038514801
c1ccc2cnccc2c1,-1.4559998051368899,-1.8594163071648306,-0.40341650202794077,0.40341650202794077
CCc1ccc2c(c1)C(=O)c1ccccc1C2=O,-5.984242648561295,-6.0797017851549695,-0.09545913659367411,0.09545913659367411
CC(=O)OCCN(CCC#N)c1ccc(N=Nc2nc3ccc([N+](=O)[O-])cc3s2)cc1,-4.340908997861526,-6.071131418107386,-1.7302224202458607,1.7302224202458607
COc1cccc(Nc2ccccc2C(=O)O)c1,-4.800000173320507,-3.7896972807671094,1.0103028925533977,1.0103028925533977
O=C(O)c1ccc(N=C=S)cc1,-3.9800000229384045,-3.0537809515231027,0.9262190714153018,0.9262190714153018
CC1(C)SC2C(NC(=O)C(N)c3ccc(O)cc3)C(=O)N2C1C(=O)O,-2.16999997967566,-2.225027789981523,-0.055027810305863234,0.055027810305863234
CC1(C)CCC[C@]2(C)[C@H]3CCO[C@]3(C)CC[C@@H]12,-5.0994877933263645,-4.734630627586188,0.3648571657401769,0.3648571657401769
CCCC(=O)OC,-0.8330999463102118,-0.8507551067080632,-0.01765516039785142,0.01765516039785142
C1CCOCOC1,0.41078989295563195,0.3520188617976956,-0.05877103115793636,0.05877103115793636
NS(=O)(=O)c1cc2c(s1)S(=O)(=O)CCC2,-2.6799999835726616,-1.186080448342079,1.4939195352305825,1.4939195352305825
c1cc2c3c(c4ccc5ccccc5c4cc3c1)CC2,-7.86130016867066,-6.6657491484931874,1.1955510201774722,1.1955510201774722
COP(=S)(OC)Oc1ccc([N+](=O)[O-])cc1,-3.6800000470335483,-4.471527315781774,-0.7915272687482258,0.7915272687482258
Cc1ccc(CO)cc1,-1.1998998408430626,-1.1678319102476231,0.03206793059543944,0.03206793059543944
CCOC(=O)c1nn(-c2ccc(OC)cc2)c2c1CCN(c1ccc(N3CCCCC3=O)cc1)C2=O,-4.628205804906347,-4.190464356210653,0.43774144869569387,0.43774144869569387
CCCCC(CC)COCCCNC(=O)Nc1cccc2c(NC(=O)NCCCOCC(CC)CCCC)cccc12,-8.068071660913878,-5.635947194018575,2.432124466895303,2.432124466895303
CCCCOc1ccc(C(=O)OCC)c(N(CC)CC)c1,-3.8399998777523043,-4.613489927609028,-0.7734900498567239,0.7734900498567239
C=C/C=C/CC/C=C/CC,-3.3419065066569766,-3.8216618292051274,-0.4797553225481508,0.4797553225481508
Cc1nc2c(=O)n(C)c(=O)n(C)c2nc1C,-1.3428998629442592,-1.1087242314502312,0.23417563149402798,0.23417563149402798
O=C1NC(c2ccccc2)(c2ccccc2)C(=O)N1CO,-3.299999914222218,-3.3388733652559806,-0.038873451033762496,0.038873451033762496
NC(Cc1cc(I)c(Oc2ccc(O)c(I)c2)c(I)c1)C(=O)O,-5.219999780717332,-3.5386775350127615,1.6813222457045707,1.6813222457045707
Cc1nn(-c2ccccc2)c([O-])c1N=Nc1c([O-])cc(S(=O)(=O)[O-])c2ccccc12,-1.2121028001723935,-1.937558311269232,-0.7254555110968386,0.7254555110968386
CCC1C(N)CN1c1c(F)cc2c(=O)c(C(=O)O)cn(C3CC3)c2c1F,-3.8099999353725837,-4.181391295147943,-0.3713913597753593,0.3713913597753593
CC(c1ccccc1)c1ccccc1,-4.692503985746262,-4.423199952927135,0.26930403281912696,0.26930403281912696
O=C(O)[C@H](O)[C@H](O)[C@H](O)[C@@H](O)C(=O)O,0.1999002297526813,0.8073975273926228,0.6074972976399415,0.6074972976399415
N=C(N)c1ccc(CCc2ccc(C(=N)N)o2)o1,-1.0199998419955247,-1.4849606119062624,-0.46496076991073765,0.46496076991073765
CCCCC(CC)COC(=O)OOC(=O)OCC(CC)CCCC,-2.595175423755562,-5.84897931095651,-3.2538038872009483,3.2538038872009483
O=S(=O)(C1CCCCC1)C1CCCCC1,-2.0599998458827367,-2.2512788524057603,-0.19127900652302365,0.19127900652302365
CC(=O)[O-],0.0015207737861655524,0.4290475408263097,0.42752676704014414,0.42752676704014414
OCc1ccc(Cl)cc1Cl,-2.247999816060242,-2.424450832926313,-0.1764510168660709,0.1764510168660709
OC(=S)CCCCCCC(O)=S,-2.2399999142417975,-1.5671952519915937,0.6728046622502037,0.6728046622502037
NC(=O)N=NC(N)=O,-3.5462434112050207,-1.138437146865521,2.4078062643394995,2.4078062643394995
O=C(O)CC(=O)O,0.8652001617328398,0.617988716519783,-0.2472114452130567,0.2472114452130567
O=C(O)CN(CCN(CC(=O)O)CC(=O)O)CC(=O)O,-2.7667755365438182,-0.4122300792304152,2.354545457313403,2.354545457313403
O=C([O-])/C=C\C(=O)[O-],-2.084067736632819,-0.38111605262688864,1.7029516840059302,1.7029516840059302
O=C(O)c1ccnc(C(=O)O)c1,-1.8267998576193316,-1.4806117979758333,0.3461880596434983,0.3461880596434983
Nc1ncn[nH]1,0.8326931675289102,-1.011896834073483,-1.8445900016023933,1.8445900016023933
O=C(O)c1cc(C(=O)O)cc(S(=O)(=O)[O-])c1,0.10939625931581132,-0.6966668306224477,-0.806063089938259,0.806063089938259
CSSC,-1.4968998018059096,-1.2688329654029067,0.22806683640300296,0.22806683640300296
C1=CCC=CC1,-2.0586999774347783,-2.77323621399476,-0.7145362365599817,0.7145362365599817
c1ccc2c(c1)Nc1ccccc1S2,-5.590000243295976,-5.413085352483903,0.176914890812073,0.176914890812073
CNC(=O)/C=C(\C)OP(=O)(OC)OC,0.651400339107882,0.16934742057515928,-0.4820529185327227,0.4820529185327227
CCCCN(CCCC)CCCC,-3.1156999452198257,-3.820868726566214,-0.705168781346388,0.705168781346388
Cc1ccccc1NC(=O)C1=Cc2ccccc2/C(=N/Nc2ccc(Cl)cc2[N+](=O)[O-])C1=O,-7.5632144880145145,-7.747842598747882,-0.18462811073336738,0.18462811073336738
CCCCOC(=O)CCC(C)(OOC(C)(C)C)OOC(C)(C)C,-5.189881342233278,-5.077489754155319,0.11239158807795935,0.11239158807795935
CCCCN(C)N=Nc1ccc(C(=O)O)cc1,-1.809999842957538,-2.9346024248799085,-1.1246025819223706,1.1246025819223706
OCCOCCOCCOCCO,0.7116907705180218,1.021078370819052,0.3093876003010303,0.3093876003010303
Clc1ccc(Oc2ccc(Cl)c(Cl)c2)cc1,-5.660299834289034,-6.625644876974418,-0.9653450426853842,0.9653450426853842
O=C1C(O)=C(O)OC1C(O)CO,0.27700013066811735,0.18640589063050772,-0.09059424003760963,0.09059424003760963
NC(Cc1c[nH]c2ccccc12)C(=O)O,-1.7699998507711208,-1.6078357580652152,0.1621640927059056,0.1621640927059056
CNC(=S)NN,-0.46557251192185944,-0.3926435082467097,0.07292900367514976,0.07292900367514976
CCCCOC(C)=O,-1.2199584638673324,-1.244497440469592,-0.024538976602259677,0.024538976602259677
Brc1c(Br)c(Br)c(CCc2c(Br)c(Br)c(Br)c(Br)c2Br)c(Br)c1Br,-9.129988337107248,-8.504712068928992,0.625276268178256,0.625276268178256
CCN(CC)c1cc(NC(C)=O)c(N=Nc2c(Cl)cc([N+](=O)[O-])cc2[N+](=O)[O-])cc1OC,-4.667327876916152,-6.342966864500769,-1.675638987584617,1.675638987584617
O=C(O)c1ccc(Cl)c([N+](=O)[O-])c1,-2.7599999161854036,-2.822955077913857,-0.06295516172845339,0.06295516172845339
CCOP(=O)([O-])C(N)=O,0.7693001671808144,0.4783311541303732,-0.2909690130504412,0.2909690130504412
CCN(CC)C(=O)/C(C#N)=C\c1cc(OC(=O)NC(C)(C)C)c(O)c([N+](=O)[O-])c1,-3.529999921054208,-4.697120157806099,-1.1671202367518907,1.1671202367518907
O=C1CCC(=O)N1,0.39000027940304927,0.3655140290813441,-0.02448625032170515,0.02448625032170515
CCC(=O)C(C)=O,-0.17639978110998733,0.03579589273852557,0.2121956738485129,0.2121956738485129
CC(C)CC(NC(=O)CC(O)C(CC1CCCCC1)NC(=O)C(Cc1c[nH]cn1)NC(=O)C(Cc1ccccc1)NC(=O)OC(C)(C)C)C(=O)NCc1cccc(CN)c1,-4.699999813280455,-4.027827245275796,0.6721725680046582,0.6721725680046582
COCCOCCOCCOCCOC,0.6530977940771403,0.7127171386389684,0.05961934456182805,0.05961934456182805
O=CNC(Nc1ccc(Cl)c(Cl)c1)C(Cl)(Cl)Cl,-3.3227998897545734,-5.692944855405409,-2.370144965650836,2.370144965650836
Cc1cc(S(=O)(=O)[O-])ccc1N/N=C1/C(=O)C=Cc2ccccc21,-0.43660038694566605,-1.6746903353505387,-1.2380899484048726,1.2380899484048726
O=c1nccc[nH]1,0.6749002491132501,-0.08442251140967105,-0.7593227605229211,0.7593227605229211
Cc1c[nH]c(=S)[nH]c1=O,-2.4460999055559673,-1.6527428140294482,0.7933570915265191,0.7933570915265191
CCCCCCCCCCCC[n+]1ccccc1,-0.4539103420354911,-1.5801630184427866,-1.1262526764072955,1.1262526764072955
C1=Cc2cccc3cccc1c23,-3.975600001023458,-5.382488650748224,-1.406888649724766,1.406888649724766
CCN(CC)C(=O)COC(=O)c1ccccc1O,-2.5599998517331337,-2.076867907812366,0.4831319439207675,0.4831319439207675
O=C1CC2CCC1C2,-1.7564998525455369,-1.1781236109203175,0.5783762416252194,0.5783762416252194
CC1(C)C(C=C(Cl)Cl)C1C(=O)OC(C#N)c1ccc(F)c(Oc2ccccc2)c1,-7.337000248830359,-6.966584877352902,0.3704153714774563,0.3704153714774563
O=c1ccc2ccccc2[nH]1,-2.139399896280625,-2.9232309051644227,-0.7838310088837979,0.7838310088837979
Nc1nccs1,-0.3599995913456344,-0.5207951472146397,-0.1607955558690053,0.1607955558690053
COC(C)(C)CC(C)=O,0.3326001315395244,-0.21984209547934563,-0.55244222701887,0.55244222701887
Cc1c[nH]c(=O)[nH]c1=O,-1.5186999103845078,-1.1973987931895451,0.3213011171949627,0.3213011171949627
O=C(O)C1CCNCC1C(=O)O,-0.5394997262278167,0.2952864881365831,0.8347862143643998,0.8347862143643998
CC1(C(=O)O)CCCC=C1C(=O)O,-1.9641999208422345,-1.1952661393653454,0.7689337814768891,0.7689337814768891
CCC1(CC)C(=O)N(c2ccccc2)N=C1OC(C)=O,-3.539999901847448,-4.21524294753292,-0.6752430456854714,0.6752430456854714
C[C@@H](CCl)[N+](=O)[O-],-1.1886997850595624,-1.1922676427193735,-0.0035678576598110467,0.0035678576598110467
O=C([O-])CC(O)(CC(=O)[O-])C(=O)[O-],-0.9241153064576935,0.3438581586262517,1.2679734650839452,1.2679734650839452
Clc1ccc(C(c2ccccc2Cl)C(Cl)(Cl)Cl)cc1,-7.130000460073955,-6.7998445023648575,0.33015595770909734,0.33015595770909734
CC1=C(C(=O)O)N2C(=O)C(NC(=O)C(N)C3=CCC=CC3)C2SC1,-1.219999871941066,-2.3709805873139445,-1.1509807153728784,1.1509807153728784
Nc1ccc(N/N=C2\C=Cc3c(cccc3S(=O)(=O)[O-])C2=O)cc1,-1.2915599246985783,-1.6330019289576285,-0.34144200425905025,0.34144200425905025
O=C(O)COc1cc(Cl)cc(Cl)c1Cl,-2.999999938317362,-3.384486773944655,-0.384486835627293,0.384486835627293
Cn1c(=O)c2[nH]c(-c3ccccc3)nc2n(C)c1=O,-5.000000065239136,-3.620707895267673,1.379292169971463,1.379292169971463
Clc1ccc(Cl)c(Oc2ccc(Cl)c(Cl)c2)c1,-7.070000161233775,-7.32579411986271,-0.25579395862893506,0.25579395862893506
COCCN(C(=O)CCl)c1c(C)cccc1C,-2.0899997882624572,-3.092957647683509,-1.0029578594210515,1.0029578594210515
Oc1ccc(O)cc1,-0.9636180566920245,0.2972290789023453,1.2608471355943698,1.2608471355943698
CNC(=O)Oc1c(C(C)(C)C)cc(C)cc1C(C)(C)C,-4.598000133413626,-5.078163877595704,-0.48016374418207786,0.48016374418207786
CC(C)(C)c1ccc(OC(=O)c2cc(C(C)(C)C)c(O)c(C(C)(C)C)c2)c(C2C(=O)Oc3ccc(C(C)(C)C)cc32)c1,-8.848513367202477,-7.317409260985455,1.5311041062170219,1.5311041062170219
CC(C)(SC(=O)N1CCCCC1)c1ccccc1,-4.119599821064956,-4.331860919669968,-0.21226109860501197,0.21226109860501197
O=[N+]([O-])c1c(O)cccc1O,-2.0733999126237097,-1.6576782423377718,0.41572167028593787,0.41572167028593787
CC(C)CC(=O)O,-0.327924897431485,-0.6526610903964856,-0.32473619296500056,0.32473619296500056
Clc1ccc(C(c2ccccc2Cl)C(Cl)Cl)cc1,-6.50520010868981,-6.640066756948228,-0.13486664825841732,0.13486664825841732
O=c1cccc2n1C[C@@H]1CNC[C@@H]2C1,0.36300028295188147,-0.17161162751724346,-0.5346119104691249,0.5346119104691249
COC(=O)C1CC1S(=O)(=O)c1ccc([N+](=O)[O-])cc1,-3.3800000711286926,-3.037918312130456,0.34208175899823656,0.34208175899823656
Cc1cc(O)ccc1O,-0.20741718887480198,-0.07291796825731556,0.13449922061748643,0.13449922061748643
Nc1ccccc1C(F)(F)F,-1.6756866136045723,-2.0900222866491855,-0.4143356730446133,0.4143356730446133
O=[N+]([O-])c1c(Cl)c(Cl)c(Cl)c(Cl)c1Cl,-5.826899973934034,-6.747866327676027,-0.920966353741993,0.920966353741993
CC(C)COC(=O)C1CCCCC1C(=O)OCC(C)C,-4.19123509848975,-4.081707016737392,0.10952808175235873,0.10952808175235873
COc1ccccc1[N+](=O)[O-],-1.9571999549910033,-2.66651994748929,-0.7093199924982869,0.7093199924982869
Cc1nc(C)c(C(=O)Nc2ccccc2)s1,-1.72999992759816,-3.417291147131449,-1.687291219533289,1.687291219533289
Nc1nc(N)c2nc[nH]c2n1,-1.7999998621642976,-2.3918121610479104,-0.5918122988836128,0.5918122988836128
COC=O,0.6985942249575166,0.7650994561274396,0.06650523116992302,0.06650523116992302
O=C(O)c1nc(Cl)ccc1Cl,-1.3883998825243593,-2.318596648009252,-0.9301967654848926,0.9301967654848926
CC(CCO)CCO,0.9274710032827511,0.3210555605825598,-0.6064154427001913,0.6064154427001913
CC1OC(n2ccc(NC(=O)c3ccc(NC(=O)C(C)(N)CO)cc3)nc2=O)CCC1OC1OC(C)C(N(C)C)C(O)C1O,-2.49039998817272,-1.921468514085428,0.5689314740872922,0.5689314740872922
CN1C(=O)C23CC4=CC=CC(O)C4N2C(=O)C1(CO)SS3,-3.6700000662403083,-2.8171658841386003,0.852834182101708,0.852834182101708
CN(C)Cc1ccccc1Cl,-1.8493553184762892,-2.284228360890991,-0.4348730424147018,0.4348730424147018
O=C1NC(=O)C2C3C(C(O)(c4ccccc4)c4ccccn4)=CC(C3=C(c3ccccc3)c3ccccn3)C12,-3.9309999859259603,-4.892180618635943,-0.9611806327099828,0.9611806327099828
C[Si](C)(C)CCN,-1.8069998970289851,-0.9680048280233762,0.8389950690056089,0.8389950690056089
CN(C)C(=O)CCC(=O)N(C)C,0.5035000855610354,0.8340259553954867,0.3305258698344513,0.3305258698344513
CC(=O)N(C)C,1.0598724908848864,0.9829409828026345,-0.07693150808225191,0.07693150808225191
CCn1cc(C(=O)O)c(=O)c2cnc(N3CCNCC3)nc21,-2.9739999209668175,-2.693957213199086,0.28004270776773144,0.28004270776773144
Cn1nc(S(N)(=O)=O)sc1=NS(=O)(=O)C(F)(F)F,-1.1599998491547125,-1.7629388080111321,-0.6029389588564196,0.6029389588564196
CC12CCC(CC1=O)C2(C)C,-1.978399853540831,-2.5387742456708633,-0.5603743921300324,0.5603743921300324
CCNC(=S)NCC,-1.4599999630864808,-0.9152076016360928,0.544792361450388,0.544792361450388
CCN(CC[N+](C)(C)CC(C)O)c1ccc(N=Nc2ccc([N+](=O)[O-])cc2Cl)cc1,-0.5625201307393479,-2.361137957200892,-1.7986178264615442,1.7986178264615442
CCC(C)(C)c1ccccc1O,-2.4912242158803903,-3.31839724532829,-0.8271730294478998,0.8271730294478998
Nc1ncnc2c1ccn2C1OC(CO)C(O)C1O,-1.951499926601186,-1.4135148454322553,0.5379850811689308,0.5379850811689308
CC(C)(C)NCC(O)COc1cccc2c1C[C@H](O)[C@H](O)C2,-1.5698998893409686,-1.8792586420172979,-0.3093587526763293,0.3093587526763293
O=C1c2ccccc2C(=O)C1C(=O)C(c1ccccc1)c1ccc(Cl)cc1,-3.573800070194082,-5.916235960637788,-2.3424358904437064,2.3424358904437064
CSc1nnc(C(C)(C)C)c(=O)n1N,-2.244999801118233,-2.5538984410819245,-0.3088986399636915,0.3088986399636915
CCCCCCCCCCCCCCCC(=O)N1C(=O)CC[C@H]1C(=O)[O-],-4.022319281334648,-4.3881687225483965,-0.36584944121374896,0.36584944121374896
CCC(NC=O)C(=O)O,-0.5917997796764705,-0.11818499840920715,0.4736147812672633,0.4736147812672633
CC(C)(N)C(=O)O,0.24530031784817075,0.610776810344491,0.3654764924963203,0.3654764924963203
CC1=CCC2C(=O)OC(=O)C2C1,-1.099994305291861,-1.3462405283061842,-0.2462462230143232,0.2462462230143232
C1CCCCCCCCCCC1,-7.022026423328823,-4.230281255697712,2.7917451676311114,2.7917451676311114
Cc1[nH]c(=O)n(C(C)C)c(=O)c1Br,-2.0603999168884606,-1.9284414956752762,0.13195842121318435,0.13195842121318435
CCCCCCCCC(=O)NNC(=O)c1ccncc1,-3.519999940260968,-3.483818324580451,0.036181615680517254,0.036181615680517254
C=COC1CCCCC1,-2.582541854966128,-2.332673909289412,0.2498679456767161,0.2498679456767161
C[C@H]1CCC2(O)C(C)(C)C3CC[C@@]2(C)C1C3,-3.725903726319096,-4.3032061185654875,-0.5773023922463913,0.5773023922463913
CC(=O)N[C@@H](CSc1ccc(Cl)c(Cl)c1)C(=O)O,-2.886799985921647,-3.2199007920195197,-0.33310080609787285,0.33310080609787285
CCC(O)(CC)CC,-0.8499999614700724,-0.34753990195915385,0.5024600595109185,0.5024600595109185
CC(C)Cc1ccc(C(C)C(=O)OCC(=O)N(C)CC(N)=O)cc1,-3.4100000480151413,-2.8599294684193706,0.5500705795957708,0.5500705795957708
CC1(C)COC(=O)C1O,0.6515309125670559,-0.5505231075633858,-1.2020540201304417,1.2020540201304417
O=NN([O-])c1ccccc1,-6.194649217570687,-1.6280898271975084,4.566559390373179,4.566559390373179
CC[P+](c1ccccc1)(c1ccccc1)c1ccccc1,-1.3321732394704482,0.9298171847405046,2.2619904242109525,2.2619904242109525
CCN(Cc1cccc(S(=O)(=O)[O-])c1)c1ccc(N=Nc2ccc(N=Nc3cccc(S(=O)(=O)[O-])c3)c3ccccc23)cc1,0.17154398085982114,-1.228127724707348,-1.3996717055671692,1.3996717055671692
CN1[C@@H]2CC[C@H]1C[C@@H](OC(=O)C(CO)c1ccccc1)C2,-1.9999998921098392,-1.6993349025408193,0.3006649895690199,0.3006649895690199
O=C1CCCCCCCCCCCCCCN1,-2.874000007357561,-3.0943295661797636,-0.22032955882220273,0.22032955882220273
FCCCl,-0.5290996744288523,-1.2122923111231816,-0.6831926366943293,0.6831926366943293
NC(=S)NS(=O)(=O)c1ccc(N)cc1,-2.2399999142417975,-2.1765998055077107,0.06340010873408675,0.06340010873408675
COC(C)(C)CCO,-0.07252900841804344,0.08736109090531796,0.1598900993233614,0.1598900993233614
CC1CCC(C(C)C)C(=O)C1,-2.489999917166996,-2.538886634084322,-0.048886716917325934,0.048886716917325934
COC(=O)C(=O)OC,-0.2918995972293126,-0.09594085725327117,0.1959587399760414,0.1959587399760414
CC1(O)CCC(C(C)(C)O)CC1,-1.6556999026016865,-0.2752706669254956,1.380429235676191,1.380429235676191
O=C(O)CC(Cl)C(=O)O,0.0767001682418309,0.6014829062218672,0.5247827379800363,0.5247827379800363
CCN(CC)C(C#N)c1ccccc1,-0.9737997499154996,-2.6360189329106634,-1.6622191829951638,1.6622191829951638
CCC(CO[N+](=O)O)O[N+](=O)O,-1.889999896343828,-2.2118208228910614,-0.3218209265472334,0.3218209265472334
CC(C)CNC(=O)c1cc(N2CC2)c([N+](=O)[O-])cc1[N+](=O)[O-],-3.8499998585455444,-4.5952739638659095,-0.7452741053203651,0.7452741053203651
C=C1CC23CC1(O)CCC2C12C=CC(O)C(C)(C(=O)O1)C2C3C(=O)O,-1.8399999233641708,-3.1832348571565943,-1.3432349337924234,1.3432349337924234
COc1cc(CC(C(C)=O)C(C)=O)ccc1O,-1.7863658398067288,-2.0084055930508744,-0.2220397532441456,0.2220397532441456
CCCCCCCCCCc1ccccc1,-7.959000034160978,-6.298860916736372,1.660139117424606,1.660139117424606
CCCC(Br)(CCC)C(N)=O,-1.828099864094202,-2.3227069169282464,-0.49460705283404427,0.49460705283404427
CC(=O)COc1c(C)cccc1C,-1.9185446899990892,-2.2992027625953204,-0.3806580725962312,0.3806580725962312
CN1CCCC1c1cccnc1,0.7900003392941324,0.27865617756364136,-0.511344161730491,0.511344161730491
CC(=O)Oc1ccccc1C(=O)OCC(N)=O,-1.789999812357601,-2.117928291753648,-0.32792847939604686,0.32792847939604686
Nc1cccc(Nc2ccccc2C(=O)O)c1,-4.090000087717872,-2.962336379438007,1.127663708279865,1.127663708279865
CS(=O)(=O)c1ccc(C(=O)C2C(=O)CCCC2=O)c(Cl)c1,-3.2994000492607287,-3.2125245993116893,0.0868754499490394,0.0868754499490394
O=C1c2ccccc2C(=O)c2c(NCCCOCCOCCO)ccc(NCCCOCCOCCO)c21,0.057188959952321206,-2.7736228791366124,-2.8308118390889336,2.8308118390889336
CCCNC(=O)c1cc(N2CC2)c([N+](=O)[O-])cc1[N+](=O)[O-],-3.89000005777233,-4.418427258348585,-0.5284272005762545,0.5284272005762545
N=C(N)NC(=N)Nc1cccc2ccccc12,-2.3150998742093503,-2.363242453534953,-0.04814257932560295,0.04814257932560295
S=C(Nc1ccccc1)Nc1ccccc1,-3.9716885253651135,-4.662228610662757,-0.6905400852976431,0.6905400852976431
CCOC(=O)N(C)C(=O)CSP(=S)(OCC)OCC,-2.517699882597905,-2.9125736747208437,-0.3948737921229388,0.3948737921229388
CC(C)C(O)C(C)(C)CO,-0.6667257567208851,-0.37643362764907806,0.290292129071807,0.290292129071807
Oc1cccc(Br)c1,-0.8763998169059262,-1.1644189187835763,-0.2880191018776501,0.2880191018776501
CC(C)CC(NC(=O)CC(O)C(CC(C)C)NC(=O)C(Cc1c[nH]cn1)NC(=O)C(Cc1ccccc1)NC(=O)OC(C)(C)C)C(=O)NC(Cc1cccc(CN)c1)C(=O)O,-2.819999861331619,-3.254511316369123,-0.43451145503750377,0.43451145503750377
CC(=O)C(N=Nc1ccccc1C(=O)O)C(=O)Nc1ccc2[nH]c(=O)[nH]c2c1,-7.3309016677308545,-6.026210835505734,1.3046908322251207,1.3046908322251207
Cc1ccc(C2(O)CCN(CCCC(=O)c3ccccc3)CC2)cc1,-1.619999931832149,-2.9458036366388,-1.325803704806651,1.325803704806651
CC(C)N(C(=O)SCC(Cl)=CCl)C(C)C,-4.079999899884263,-3.8893013655415296,0.19069853434273343,0.19069853434273343
NCCCCC(=O)O,0.9313001458878221,0.17365744894319102,-0.757642696944631,0.757642696944631
Oc1c(Cl)cc(Cl)c(Cl)c1Cc1c(O)c(Cl)cc(Cl)c1Cl,-3.4633998653954348,-5.175628821281039,-1.7122289558856045,1.7122289558856045
O=S(=O)([O-])CCN1CCOCC1,0.1885298487592233,-0.010581149843254867,-0.19911099860247816,0.19911099860247816
COc1cc(NS(=O)(=O)c2ccc(C)cc2)c2c(c1N)C(=O)c1ccccc1C2=O,-5.112570398168712,-5.578442697809242,-0.46587229964053023,0.46587229964053023
CCC(C)Cl,-2.001263735533649,-2.5365335167742185,-0.5352697812405696,0.5352697812405696
OCCCCCCCl,-1.0824419749437815,-1.4203734027116859,-0.3379314277679044,0.3379314277679044
OCC(O)CCl,0.9565002714006972,0.867528951799625,-0.08897131960107219,0.08897131960107219
CC(C)(C)CC(C)(C)c1ccc([O-])c(Sc2cc(C(C)(C)CC(C)(C)C)ccc2[O-])c1,-6.446040669800251,-5.65767263003754,0.7883680397627106,0.7883680397627106
CCCC(=O)n1c(=O)[nH]cc(F)c1=O,-1.2799997567005073,-1.45402008513168,-0.17402032843117277,0.17402032843117277
O=C(NCCCCCCNC(=O)OCCO)OCCO,-0.9199998960362101,-0.2543035507635074,0.6656963452727027,0.6656963452727027
COc1ccc2nccc(C(O)C3CC4CCN3CC4C(=O)O)c2c1,-2.02999983448956,-2.352118312553298,-0.32211847806373806,0.32211847806373806
CCCCCCCC[Si](OCC)(OCC)OCC,-6.327740839735052,-5.6428167934510025,0.6849240462840491,0.6849240462840491
Cc1cc(Cc2ccc(Cl)cc2Cl)c(Cl)cc1Cl,-7.490000044684427,-7.2571632742411225,0.23283677044330453,0.23283677044330453
NN=c1nc[nH]c2nccnc12,-1.863199831875338,-1.9760536030696216,-0.11285377119428364,0.11285377119428364
Cc1cc(C)c(S(=O)(=O)[O-])c(C)c1Nc1ccc(Nc2c(C)cc(C)c(S(=O)(=O)[O-])c2C)c2c1C(=O)c1ccccc1C2=O,-1.792260969237288,-1.3280433362231583,0.46421763301412966,0.46421763301412966
Nc1cnn(-c2ccccc2)c(=O)c1Cl,-2.7435998172490574,-2.8646418107304537,-0.12104199348139622,0.12104199348139622
NNP(=O)(Oc1ccccc1)Oc1ccccc1,-2.2372998317805335,-2.3548905140763154,-0.11759068229578196,0.11759068229578196
C#CC1(O)CCC2C3CCc4cc(O)ccc4C3CCC21C,-4.469999771941737,-4.792860317193512,-0.32286054525177477,0.32286054525177477
N#CCO/N=C(\C#N)c1ccccc1,-3.289900036451095,-3.53747821917052,-0.24757818271942522,0.24757818271942522
Brc1cccc(Nc2ncnc3cc4[nH]ncc4cc23)c1,-3.960000061351924,-4.081468920313423,-0.12146885896149895,0.12146885896149895
CCC(C)(O)C(O)c1ccccc1,-1.7243998997064098,-1.0392815115296372,0.6851183881767726,0.6851183881767726
Nc1cccc2cc(S(=O)(=O)O)ccc12,-2.2399999142417975,-1.668803763588551,0.5711961506532464,0.5711961506532464
Clc1cc(Cl)c(-c2ccc(Cl)c(Cl)c2Cl)cc1Cl,-8.381300550188275,-8.374390922951239,0.00690962723703592,0.00690962723703592
O=C1C=CC=C2C(=O)C(NNc3cc(S(=O)(=O)[O-])ccc3O)=CC=C12,-0.9011957996191597,-1.5139154835183999,-0.6127196838992401,0.6127196838992401
COC(C)(C)CCOC(C)=O,-0.4390291084970621,-0.7608514153134198,-0.3218223068163577,0.3218223068163577
COc1ccc2c(c1)C13CCCCC1C(C2)N(C)CC3,-3.479999982581279,-3.0823414284862904,0.3976585540949884,0.3976585540949884
Nc1ccc(O)cc1,-0.7999998504635029,-0.18160698440891654,0.6183928660545863,0.6183928660545863
CCCCO[P+](=O)OCCCC,-1.4248998572784326,-2.652142546688016,-1.2272426894095836,1.2272426894095836
CCC(CC)CO[Si](OCC(CC)CC)(OCC(CC)CC)OCC(CC)CC,-8.190645632349874,-7.692150395898961,0.4984952364509123,0.4984952364509123
ClC1(Cl)C2(Cl)C3(Cl)C4(Cl)C(Cl)(Cl)C5(Cl)C3(Cl)C1(Cl)C5(Cl)C24Cl,-6.807400371605964,-6.340709848428456,0.46669052317750825,0.46669052317750825
NC(Cc1ccc(O)c(O)c1)C(=O)O,-1.5958998808114668,-0.8026568685280839,0.7932430122833829,0.7932430122833829
CCCC(=O)OCSc1ncnc2c1ncn2COC(=O)CCC,-3.7099999894132694,-3.5950889961024375,0.11491099331083188,0.11491099331083188
CCCCC(O)CN(/N=C\c1ccc([N+](=O)[O-])o1)C(N)=O,-3.5715999212096965,-2.919718801750558,0.6518811194591385,0.6518811194591385
Cc1ccc(OP(=O)(Oc2cccc(C)c2)Oc2ccccc2C)cc1,-6.010000402800452,-6.315619868391712,-0.30561946559125985,0.30561946559125985
O=S(=O)(O)c1cccc(Nc2nc(NCCO)nc(Nc3ccc(/C=C/c4ccc(Nc5nc(NCCO)nc(Nc6cccc(S(=O)(=O)O)c6)n5)cc4S(=O)(=O)O)c(S(=O)(=O)O)c3)n2)c1,-0.8876901422901655,-0.29573315669558164,0.5919569855945839,0.5919569855945839
O=C(O)CCCCc1ccccc1,-2.465699830643452,-2.580641603955759,-0.11494177331230704,0.11494177331230704
CC(C)(C)c1cc(CCC(=O)OCCSCCOC(=O)CCc2cc(C(C)(C)C)c(O)c(C(C)(C)C)c2)cc(C(C)(C)C)c1O,-5.808172758507216,-7.260807460783516,-1.4526347022763,1.4526347022763
Oc1ccc(Br)cc1Br,-2.122499812107308,-2.156909300258934,-0.03440948815162592,0.03440948815162592
O=C(O)C(I)=C(Br)I,-1.2890998710380572,-1.4845404579847774,-0.19544058694672017,0.19544058694672017
Nc1c(Cl)c(Cl)nc(C(=O)O)c1Cl,-2.7493998288835773,-2.8570829739107295,-0.10768314502715226,0.10768314502715226
O=S(=O)([O-])c1ccc(O)cc1,-8.36319031506009,-0.3552498092345502,8.00794050582554,8.00794050582554
CNc1ccc(O)cc1,-0.8380789911228681,-0.8016343651606856,0.03644462596218245,0.03644462596218245
C[C@@H]1C[C@H]2[C@@H]3C[C@H](F)C4=CC(=O)C=C[C@]4(C)[C@@]3(F)[C@@H](O)C[C@]2(C)[C@@]1(O)C(=O)CO,-5.613300014278298,-3.847672586774796,1.7656274275035022,1.7656274275035022
Cc1cc(Cl)c(Cl)c(Cl)c1Cc1ccccc1Cl,-7.24000017978614,-7.273383920937926,-0.033383741151785884,0.033383741151785884
Clc1ccc(Oc2c(Cl)ccc(Cl)c2Cl)c(Cl)c1,-7.24000017978614,-7.796573276240688,-0.5565730964545477,0.5565730964545477
CCNC(=O)[C@H](C)OC(=O)Nc1ccccc1,-1.829299939084462,-2.159234363599083,-0.32993442451462096,0.32993442451462096
CCC(=O)Oc1ccc([N+](=O)[O-])cc1,-3.892499932197092,-3.330756830696519,0.5617431015005727,0.5617431015005727
CO[P+](=O)OC,-0.03758970396299466,0.28411127719732354,0.3217009811603182,0.3217009811603182
CCC(C)c1cc(C(C)CC)c(O)c(C(C)CC)c1,-5.549793279754347,-6.2168257255395245,-0.6670324457851775,0.6670324457851775
COc1ccccc1CC(C)NC(C)Cc1ccccc1OC,-1.9999998921098392,-2.7194597211704017,-0.7194598290605625,0.7194598290605625
Clc1cc2c(oc3c(Cl)c(Cl)c(Cl)c(Cl)c32)c(Cl)c1Cl,-11.481700809296065,-9.820174245347555,1.6615265639485095,1.6615265639485095
NC(=O)NN=C[C@H](O)[C@@H](O)[C@H](O)[C@H](O)CO,-1.0040998318163337,-0.009364028529308399,0.9947358032870253,0.9947358032870253
O=[N+]([O-])c1ccc(N=Nc2ccc(Nc3ccccc3)cc2)cc1,-7.522900139535002,-5.928383433148316,1.5945167063866865,1.5945167063866865
CCOP(=O)(OCC)SCCSCC,-3.0231499069662697,-2.586571343634614,0.4365785633316559,0.4365785633316559
CC1=C(C(=O)O)N2C(=O)C(N)C2SC1,-3.045355262559809,-2.127848976085688,0.9175062864741208,0.9175062864741208
O=C1OC(C(O)CO)C(O)=C1O,0.28000028363703855,0.08129232361890182,-0.19870796001813673,0.19870796001813673
O=C1C(=C2Nc3ccccc3C=C2O)C(=O)c2ccccc21,-7.0463602919391874,-5.798884651514915,1.2474756404242724,1.2474756404242724
OCC1=C[C@H](N[C@H]2C[C@H](CO)[C@@H](O[C@@H]3O[C@H](CO)[C@@H](O)[C@H](O)[C@H]3O)[C@H](O)[C@H]2O)[C@H](O)[C@@H](O)[C@@H]1O,0.3032001231347494,0.06098331977545568,-0.24221680335929374,0.24221680335929374
CN(/C(N)=N/[N+](=O)[O-])[N+](=O)[O-],-0.6103997342900134,-1.8858472186559845,-1.275447484365971,1.275447484365971
C=CC(C)(CCC=C(C)C)OC(C)=O,-3.8157767757391765,-3.6673184793853117,0.14845829635386476,0.14845829635386476
C=C(C)C(=O)OCCOc1ccc(C(C)(C)c2ccc(OCCOC(=O)C(=C)C)cc2)cc1,-5.379201953909064,-6.23308888452536,-0.8538869306162962,0.8538869306162962
CC12C=CC(=O)C=C1CCC1C3CC(O)C(O)(C(=O)CO)C3(C)CC(O)C12F,-3.6800000470335483,-3.5595064862353913,0.12049356079815698,0.12049356079815698
C=C[C@H]1CN2CCC1C[C@H]2[C@H](O)c1ccnc2ccc(OC)cc12,-2.8121430157812424,-2.5866254501842927,0.2255175655969497,0.2255175655969497
O=C(O)CCCOc1ccc(Cl)cc1,-3.2899999334289776,-2.917691013873089,0.37230891955588863,0.37230891955588863
CCOC(=O)CCl,-0.8004997839403813,-0.8442454814632958,-0.04374569752291446,0.04374569752291446
Cc1cnc2c(ccc3c(C)c(C)cnc32)c1C,-5.193900133816049,-3.426190742871943,1.767709390944106,1.767709390944106
Cc1c2ccccc2c(CN2CCOCC2)c2ccccc12,-4.400000113429424,-4.1987775791203505,0.20122253430907389,0.20122253430907389
Cc1cc(N)ccc1S(=O)(=O)Nc1ccccc1[N+](=O)[O-],-4.510000247222347,-3.9116228017684356,0.5983774454539117,0.5983774454539117
CCN(C(=O)Oc1cccc(NC(=O)OC(C)C)c1)c1ccccc1,-5.05740021310266,-5.24908840040763,-0.19168818730496984,0.19168818730496984
CC(=O)OC(C)(C)C,-1.1442998399716553,-0.9292276852677726,0.21507215470388275,0.21507215470388275
CN1C[C@@H]2C[C@@H](C1)c1cccc(=O)n1C2,0.6484001861389608,-0.21489079407609113,-0.8632909802150519,0.8632909802150519
Clc1ccc(-c2ccccc2)c(Cl)c1Cl,-6.179900213814381,-6.448658212167873,-0.26875799835349135,0.26875799835349135
C/C=C/C(C)O,0.015200068971016556,-0.2929588157554215,-0.30815888472643804,0.30815888472643804
CCCCC(=O)CC,-1.42419992280542,-1.5725916901874861,-0.14839176738206605,0.14839176738206605
CC(C)CCC(C)O,-1.374999815783386,-1.5335495357599864,-0.1585497199766004,0.1585497199766004
CCN(CC)CCCNc1nc(Nc2ccc(N=Nc3c(S(=O)(=O)O)cc4cc(S(=O)(=O)O)cc(Nc5nc(NCC(C)N)nc(NCC(C)N)n5)c4c3O)cc2)nc(Nc2ccc(N=Nc3c(S(=O)(=O)O)cc4cc(S(=O)(=O)O)cc(Nc5nc(NCC(C)N)nc(NCC(C)N)n5)c4c3O)cc2)n1,-0.7942188692895362,-1.5905521661156676,-0.7963332968261314,0.7963332968261314
O=C(c1ccccc1)C(O)c1ccccc1,-2.8497223178572315,-2.562178675559547,0.2875436422976847,0.2875436422976847
c1ccc(C[P+](c2ccccc2)(c2ccccc2)c2ccccc2)cc1,-0.7188244289042807,0.31504421249172143,1.033868641396002,1.033868641396002
CO/C=C(/C(=O)OC)c1ccccc1Oc1cc(Oc2ccccc2C#N)ncn1,-4.827600034733164,-4.694469350952578,0.13313068378058635,0.13313068378058635
CCNc1cc2[o+]c3cc(NCC)c(C)cc3c(-c3ccccc3C(=O)OC)c2cc1C,-1.3909845744868188,-3.3932248436908594,-2.002240269204041,2.002240269204041
CC(C)(C)c1cc(CCC(=O)NNC(=O)CCc2cc(C(C)(C)C)c(O)c(C(C)(C)C)c2)cc(C(C)(C)C)c1O,-7.043598649474973,-6.436656220023063,0.6069424294519097,0.6069424294519097
CCC(C)(C)c1cc(O)c(C(C)(C)CC)cc1O,-6.4955131039205405,-4.8775588756929125,1.617954228227628,1.617954228227628
O=S(=O)(O)c1cc(I)c(O)c2ncccc12,-2.1999999220553805,-1.818873110064483,0.3811268119908975,0.3811268119908975
CC/C=C/CCCCCCCCCCCCCCOCC,-4.799984024171751,-6.325180992616831,-1.52519696844508,1.52519696844508
CCOC(=O)Cc1sc(NS(=O)(=O)c2ccc(N)cc2)nc1C,-2.8800000501816014,-3.524621840437671,-0.6446217902560694,0.6446217902560694
N#CCCCC#N,1.0263002049707008,0.5718137453378231,-0.4544864596328777,0.4544864596328777
CNC(=O)ON=C(CSC)C(C)(C)C,-1.619999931832149,-2.8481609315435987,-1.2281609997114498,1.2281609997114498
C=CC1CN2CCC1CC2C(=O)c1ccnc2ccccc12,-3.1900000047230272,-3.140799431860164,0.04920057286286328,0.04920057286286328
Cc1ccccc1[N+](=O)[O-],-2.3242999545382395,-2.661496112943545,-0.33719615840530537,0.33719615840530537
OC1(c2ccc(Cl)cc2)CCNCC1,-1.7207773833892706,-1.7749648168387078,-0.05418743344943722,0.05418743344943722
CC(=O)O[C@]1(C(C)=O)CC[C@H]2[C@@H]3C=C(C)C4=CC(=O)CC[C@]4(C)[C@H]3CC[C@@]21C,-5.28400009948019,-4.459602894761758,0.8243972047184318,0.8243972047184318
CCN(CC)c1ccc(N=Nc2c(C#N)cc([N+](=O)[O-])cc2[N+](=O)[O-])c(NC(C)=O)c1,-6.327772861978739,-6.526545142538074,-0.1987722805593357,0.1987722805593357
CC(C)CC(C)OP(=S)([S-])OC(C)C,-2.318974910762809,-2.397721369223539,-0.07874645846073003,0.07874645846073003
CNC(=O)N(c1ccccc1)c1ccccc1,-2.9839460281307937,-2.836997159584708,0.1469488685460858,0.1469488685460858
Cc1ccc(NO)cc1,-0.7893996596414921,-1.4520421594763322,-0.6626424998348401,0.6626424998348401
Cc1ccc(Nc2nc(Nc3ccc(C)cc3)c(N=Nc3ccccc3C(F)(F)F)c(C)c2C#N)cc1,-7.717157559788236,-7.796012886976158,-0.07885532718792199,0.07885532718792199
Cc1cccc(CC(C)(C)CO)c1,-2.826535392502516,-2.8949146495694436,-0.06837925706692749,0.06837925706692749
C=CC(O)C(C)C,-0.5149999492686916,-0.4636445520088168,0.05135539725987481,0.05135539725987481
CC(C)c1nn(C(=O)NC(C)(C)C)c(=O)n1N,-1.7188472150456289,-2.9666352276261305,-1.2477880125805016,1.2477880125805016
CCC(C(=O)O)C(CC)C(=O)O,-0.8607998772343923,-0.26449766640910255,0.5963022108252898,0.5963022108252898
CC(=O)C(C)=O,0.3661003674054135,0.32126122068210394,-0.044839146723309575,0.044839146723309575
S=c1ncc2[nH]cnc2[nH]1,-2.580300021854184,-2.7049588552959456,-0.12465883344176154,0.12465883344176154
CCO/N=C(\OC(=O)c1ccccc1)c1c(OC)ccc(Cl)c1OC,-4.079999899884263,-5.229189612547973,-1.14918971266371,1.14918971266371
O=c1[nH]c(=O)n(Cc2ccc(Cl)cc2)cc1F,-3.489999997881247,-3.2186439189547884,0.27135607892645863,0.27135607892645863
Cc1cnc2nc[nH]c(=O)c2n1,-1.6499998051984135,-1.6981477330668733,-0.04814792786845978,0.04814792786845978
O=C(/C=C/C=C/c1ccc2c(c1)OCO2)N1CCCCC1,-3.8529999425010093,-3.6776115603271307,0.17538838217387864,0.17538838217387864
O=CC(=O)c1ccccc1,-0.7399998276771491,-1.8407026183754323,-1.1007027906982831,1.1007027906982831
Nc1cc(Cl)c(Cl)cc1Cl,-3.4359504878240714,-3.619799954237605,-0.1838494664135335,0.1838494664135335
CC12CCc3c(ccc4cc(O)ccc34)C1CCC2O,-4.639999928521014,-4.656833966816725,-0.01683403829571084,0.01683403829571084
CC(C)(C)C(O)C(Oc1ccc(Cl)cc1)n1cncn1,-3.3917998883534977,-4.162031226327561,-0.7702313379740633,0.7702313379740633
C/C=C/c1ccc(OC)c(OC)c1,-2.7782267840546053,-3.054055987399515,-0.2758292033449097,0.2758292033449097
CCC(C)C(O)C(C)CC,-2.510799813724556,-2.188434923115374,0.3223648906091823,0.3223648906091823
FC(F)(Cl)C(F)(Cl)Cl,-3.0422999333326373,-3.8875816882393677,-0.8452817549067304,0.8452817549067304
CN1CCCCC1,0.23000031065738114,0.6754667115619273,0.44546640090454614,0.44546640090454614
CC(C)(C)CCCO,-1.5401998104285364,-1.4483462128417717,0.0918535975867647,0.0918535975867647
Cc1cccc(N(c2ccccc2)c2ccc(-c3ccc(N(c4ccccc4)c4cccc(C)c4)cc3)cc2)c1,-6.412198679299147,-6.251045909780731,0.16115276951841562,0.16115276951841562
CCCCCCCCCCC(C)(C)C(=O)NO,-4.800000173320507,-4.987885719187595,-0.18788554586708806,0.18788554586708806
CC(=O)CCc1ccc(O)cc1,-1.5520408631934346,-1.6415340625504642,-0.0894931993570296,0.0894931993570296
CN(C)C(=O)N(C(=O)c1ccccc1)c1ccc(Cl)c(Cl)c1,-4.3238001479831345,-4.865471030808561,-0.5416708828254269,0.5416708828254269
CC(=O)OCn1c(=O)[nH]cc(F)c1=O,-1.1999999103545858,-1.1695889928430578,0.030410917511527913,0.030410917511527913
CCCCCCCCC(C)=O,-3.3084999910646378,-3.8844778770591994,-0.5759778859945617,0.5759778859945617
[O-]c1ccccc1N=Cc1c([O-])ccc2ccccc12,-7.432469875469378,-4.236742295469298,3.1957275800000797,3.1957275800000797
CC(=O)OCC(S)CS,-1.2207998759256018,-1.296777756069766,-0.07597788014416418,0.07597788014416418
CCCCCCOC(=O)c1cccnc1,-2.6537999393459373,-3.0717975871512855,-0.4179976478053482,0.4179976478053482
CCC(C)OC(C)=O,-1.272699789355075,-1.130250494634537,0.14244929472053802,0.14244929472053802
O=C(O)CN1CCCCS1(=O)=O,-0.5899997707112647,-1.4095348394118814,-0.8195350687006167,0.8195350687006167
Nc1c(N=Nc2ccc(S(=O)(=O)CCOS(=O)(=O)[O-])cc2S(=O)(=O)[O-])cc(S(=O)(=O)[O-])c(N)c1N=Nc1ccc(S(=O)(=O)CCOS(=O)(=O)[O-])cc1,-0.2891445800568948,1.0227727891962366,1.3119173692531314,1.3119173692531314
O=C(O)C1C(C(=O)O)C2(Cl)C(Cl)=C(Cl)C1(Cl)C2(Cl)Cl,-2.045699981699529,-3.1090572965381886,-1.0633573148386595,1.0633573148386595
COP(=O)(OC)OC1=C(Cl)C2C=CCC12,-2.001099966602032,-3.075277331880864,-1.0741773652788318,1.0741773652788318
CCOP(=S)(OCC)SCSP(=S)(OCC)OCC,-5.283800236510968,-4.850562191887644,0.4332380446233248,0.4332380446233248
O=S1OCCO1,0.22140012979670987,0.9470415631446127,0.7256414333479029,0.7256414333479029
CC(O)C(Cl)(Cl)Cl,-0.7573999143408008,0.017915334392649918,0.7753152487334507,0.7753152487334507
CC(NC(N)=O)NC(N)=O,-0.5915997786803362,-0.41509607004043936,0.17650370863989684,0.17650370863989684
ON=C1C=CC(=NO)c2ncccc21,-3.799799884569753,-2.6945521091917275,1.1052477753780257,1.1052477753780257
OC1CCCCCCCCCCC1,-3.9891175976803788,-3.1627737649089966,0.8263438327713821,0.8263438327713821
c1ccc2nc(-c3ccc4ccccc4n3)ccc2c1,-5.40019998809944,-3.7480373079181635,1.6521626801812768,1.6521626801812768
NCCc1ccccc1,-0.28238098529322686,-0.6634594878647686,-0.38107850257154174,0.38107850257154174
CCOC,-0.07989992159647263,0.40193546652223544,0.4818353881187081,0.4818353881187081
CCCCNP(N)(N)=S,-0.773033670605884,-0.4511768570614145,0.3218568135444695,0.3218568135444695
OC(C(F)(F)F)C(F)(F)F,0.020110514408187452,-1.1108364572913891,-1.1309469716995766,1.1309469716995766
CC(=O)[C@@]1(O)CC[C@H]2[C@@H]3C[C@H](C)C4=CC(=O)C=C[C@]4(C)[C@@]3(F)[C@@H](O)C[C@@]21C,-4.098599854497806,-3.879046518054458,0.21955333644334774,0.21955333644334774
CC1(C)C2CCC1(C)[C@@H](O)C2,-2.318999893633962,-3.2573712339949994,-0.9383713403610372,0.9383713403610372
CN1CCC23c4c5ccc(O)c4OC2C(=O)CCC3C1C5,-2.0999997690556973,-1.9649649350044651,0.13503483405123218,0.13503483405123218
C=COCCCl,-2.395100031115825,-0.9115084803825462,1.4835915507332786,1.4835915507332786
Oc1ccc(Sc2ccccc2)cc1,-2.7744998244981547,-3.4174872833740344,-0.6429874588758797,0.6429874588758797
CO[Si](CC(C)C)(OC)C(C)C,-4.024301071743544,-4.7631961252783155,-0.7388950535347716,0.7388950535347716
FC(F)(F)Br,-2.6677707818766017,-3.141231835670128,-0.47346105379352643,0.47346105379352643
Nc1ccc(C(=O)O)c(O)c1,-1.9571999549910033,-1.4207346191415564,0.5364653358494469,0.5364653358494469
OC(CI)CI,-1.3970998568427289,-0.3923746318212653,1.0047252250214636,1.0047252250214636
c1ccc2ccccc2c1,-4.311225482178587,-4.205971265743199,0.10525421643538824,0.10525421643538824
C[C@@H](Cl)[C@@H](C)Cl,-2.354099895921826,-2.145444232803538,0.20865566311828765,0.20865566311828765
Cn1cncc1CC(N)C(=O)O,0.08000011566458465,-0.2566320647764675,-0.33663218044105214,0.33663218044105214
O=C(O)c1cccc(F)c1,-1.97039988270893,-1.7580769480471423,0.21232293466178764,0.21232293466178764
C[C@H](N)[C@@H](O)c1ccccc1,-0.878599689836487,-0.8139162758839356,0.0646834139525514,0.0646834139525514
O=C1CCC(N2C(=O)c3ccccc3C2=O)C(=O)N1,-2.6758000144139413,-3.451875653408056,-0.7760756389941146,0.7760756389941146
C[C@]12CC[C@H](O)CC1=CC[C@@H]1[C@@H]2CC[C@]2(C)C(=O)CC[C@@H]12,-4.1220002470993,-4.25101303597398,-0.1290127888746797,0.1290127888746797
CCCOCCC(=O)OC,-0.6333998488454151,-0.7379354971746102,-0.10453564832919504,0.10453564832919504
CC(C)CCCCCCCCCCO,-5.0007939960395245,-5.215189956899335,-0.21439596085981094,0.21439596085981094
C=C(C)C(=O)OCCCCCCOC(=O)C(=C)C,-4.043663003927244,-3.485944353112853,0.5577186508143908,0.5577186508143908
CCCOC(N)=O,-0.13019968902996215,-0.7169233842391649,-0.5867236952092028,0.5867236952092028
Clc1cccc(-c2cc(Cl)c(Cl)cc2Cl)c1,-7.129900252535519,-7.169355245458144,-0.03945499292262511,0.03945499292262511
CCCCCCCCCCCCCCCCOC(=O)OOC(=O)OCCCCCCCCCCCCCCCC,-5.756557042490469,-6.959707824467204,-1.2031507819767349,1.2031507819767349
CONC(=O)c1ccc([N+](=O)[O-])cc1,-2.2799999064282144,-2.981299672645199,-0.7012997662169846,0.7012997662169846
Nc1cccc2cccc(N)c12,-2.3071228848583716,-1.4042485466921206,0.902874338166251,0.902874338166251
CCOC(=O)C(Cl)C(=O)OCC,-1.7209721393627315,-1.378925577227169,0.3420465621355626,0.3420465621355626
O=C[O-],0.20945942160102593,0.5772194313368493,0.36776000973582335,0.36776000973582335
CCC(O)CC,-0.23339992698124457,0.061143707047717655,0.2945436340289622,0.2945436340289622
O=C(Nc1cc(Cl)c(NC(=O)C2=Cc3ccccc3/C(=N\Nc3cc(Cl)ccc3Cl)C2=O)cc1Cl)C1=Cc2ccccc2/C(=N/Nc2cc(Cl)ccc2Cl)C1=O,-8.15086903672125,-8.538759995583465,-0.38789095886221503,0.38789095886221503
CCN(CC)c1ccc2cc(-c3n(C)c4ccccc4[n+]3C)c(=O)oc2c1,-1.4505612687327014,-2.078002765086495,-0.6274414963537938,0.6274414963537938
C=C(C)C(=O)OC1CC2CCC1(C)C2(C)C,-4.544220431463554,-5.257877402084528,-0.7136569706209741,0.7136569706209741
CC(C)c1cccc(C(C)CC=O)c1,-3.6773468937225156,-4.4215797930288465,-0.744232899306331,0.744232899306331
OCc1ccccc1OC1OC(CO)C(O)C(O)C1O,-0.8499999614700724,-0.9327861570975371,-0.0827861956274647,0.0827861956274647
CC(C)OC(=O)C1(S(=O)(=O)c2ccc([N+](=O)[O-])cc2)CCCCCC1,-5.070600140820588,-3.803253455946059,1.267346684874529,1.267346684874529
O=C([O-])c1ccccc1-c1c2cc(Br)c(=O)c(Br)c-2oc2c(Br)c([O-])c(Br)cc12,-3.991790074759154,-3.6491207351946358,0.34266933956451817,0.34266933956451817
CC(=O)OCSc1ncnc2c1ncn2COC(C)=O,-2.5399998901466536,-2.728812252224087,-0.18881236207743335,0.18881236207743335
O=C1c2cc(CCCCO)ccc2OCc2ccsc21,-3.920000069165507,-3.6578801991122694,0.26211987005323767,0.26211987005323767
CCn1nc2cc(-c3cc4c5c(n(CC)nc5c3)-c3ccccc3C4=O)cc3c2c1-c1ccccc1C3=O,-4.393183654358289,-5.755936197438287,-1.3627525430799983,1.3627525430799983
CC(=O)C1(O)CCC2C3CCC4=CC(=O)CCC4(C)C3CCC21C,-4.710000001114064,-4.510804253987344,0.19919574712672006,0.19919574712672006
CCCn1c(=O)c2[nH]c(C34CC5CC(CC3C5)C4)nc2n(CCC)c1=O,-5.849999881947134,-4.5880893870192825,1.261910494927852,1.261910494927852
COc1cc(/C=C/C(=O)O)cc(OC)c1OC,-2.8304700178620825,-2.510745327600868,0.3197246902612143,0.3197246902612143
CC12CC1(C)C(=O)N(c1cc(Cl)cc(Cl)c1)C2=O,-4.800300105801251,-4.334631119802754,0.46566898599849704,0.46566898599849704
Nc1ccc(N=Nc2ccc(S(=O)(=O)[O-])cc2)cc1S(=O)(=O)[O-],-0.5243233911505789,0.37443498448653934,0.8987583756371182,0.8987583756371182
COc1ccc(CC(C)C=O)cc1,-2.246661783170993,-2.8414412638448168,-0.5947794806738238,0.5947794806738238
CCOC(=O)Nc1ccc2c(c1)N(C(=O)CCN1CCOCC1)c1ccccc1S2,-3.9000001075790265,-4.426188511635411,-0.5261884040563847,0.5261884040563847
Cc1cccc(C)c1,-2.8328689859871643,-2.8845625966292823,-0.05169361064211797,0.05169361064211797
Cc1c(NC(=O)Nc2ccccc2)c(=O)n(-c2ccccc2)n1C,-2.299999868014695,-4.2297698659871,-1.929769997972405,1.929769997972405
CCCCC(CC)COC(=O)c1ccccc1,-5.767784703656458,-5.777622709867943,-0.009838006211484895,0.009838006211484895
CCCC1C[C@@](C)(OC(C)=O)CCO1,-2.2047229959589063,-1.9096487174650465,0.2950742784938598,0.2950742784938598
Cc1ccc(N)cc1,-1.0477450457469872,-1.0491072333459146,-0.0013621875989273668,0.0013621875989273668
CC/C(CC(C)CC)=N\O,-2.1307281484658507,-1.8848109125973416,0.2459172358685091,0.2459172358685091
CCCCCCCCCCCCCCCCCC(=O)OC,-8.399099948709631,-6.487347707834074,1.9117522408755576,1.9117522408755576
CCC(C)CC,-3.6825999909698335,-4.0746646076105835,-0.39206461664075,0.39206461664075
Clc1ccc(Cl)c(Oc2ccc(Cl)c(Cl)c2Cl)c1,-7.700000262463577,-7.92427522352787,-0.22427496106429246,0.22427496106429246
CCN(CC)c1c([N+](=O)[O-])cc(C(F)(F)F)c(N)c1[N+](=O)[O-],-5.466800181785127,-4.658816171306359,0.8079840104787674,0.8079840104787674
CC(=O)CC(=O)Nc1ccc(C)cc1C,-1.990078586656693,-3.0184477786467077,-1.0283691919900146,1.0283691919900146
Cc1ccc2ccccc2c1,-3.7620000413677217,-4.594289970007083,-0.8322899286393617,0.8322899286393617
C=Cc1ccncc1,-0.5578998178721379,-0.47423287251635715,0.08366694535578079,0.08366694535578079
Clc1cccc(Cl)c1,-3.072159718009451,-3.9016520136671775,-0.8294922956577264,0.8294922956577264
CCCCCCCCl,-3.995699894094549,-4.64616862729204,-0.6504687331974908,0.6504687331974908
CCC(C)(O)C(C)(C)C,-1.270799848905259,-0.9941540265862283,0.2766458223190307,0.2766458223190307
Oc1ccccc1Oc1ccccc1,-3.228599972683143,-2.9031604635857744,0.3254395090973685,0.3254395090973685
O=C(c1ccccc1)c1ccc2n1CCC2C(=O)O,-3.259999956542529,-3.5670397190628567,-0.30703976252032783,0.30703976252032783
CC1(c2ccccc2)C(=O)NC(=O)NC1=O,-2.4580999998307314,-2.569674744640836,-0.11157474481010476,0.11157474481010476
OC(c1ccc(Cl)cc1)(c1cncnc1)c1ccccc1Cl,-4.374000121958925,-4.439506452363479,-0.06550633040455356,0.06550633040455356
Nc1ccc(S(=O)(=O)Nc2ccc(Cl)cc2)c(Cl)c1,-4.590000231595181,-4.534262479865153,0.05573775173002815,0.05573775173002815
C=C(C)C(=O)OCCCCCC,-3.7554209195725377,-3.8811972534041885,-0.12577633383165088,0.12577633383165088
CCCCCCCCCC(=O)OC,-4.626748516764745,-4.596115651978004,0.030632864786740654,0.030632864786740654
COC1=CC2OC3C=CC(O)=CC3C(=O)C2C(O)=C1,-2.9430000167398376,-1.5150210790870906,1.427978937652747,1.427978937652747
CCCCCCC1(CC)C(=O)NC(=O)NC1=O,-3.0499998940436552,-3.3592178075091974,-0.30921791346554217,0.30921791346554217
CCCCNC(=O)n1cc(F)c(=O)[nH]c1=O,-2.4463998380367125,-2.3898875137807667,0.05651232425594577,0.05651232425594577
CCCOC(=O)CC,-0.8199998120499834,-1.0363091019701174,-0.21630928992013398,0.21630928992013398
CN1CC(O)C2=CC(=NNC(N)=O)C(=O)C=C21,-2.7199999585057144,-2.610801381500092,0.10919857700562252,0.10919857700562252
COc1ccc2c(c1)c(CC(=O)O)c(C)n2C(=O)C=Cc1ccccc1,-5.5399999942624945,-4.850256048195838,0.6897439460666561,0.6897439460666561
COc1ccc(C(=O)Nc2ccccc2)cc1[N+](=O)[O-],-4.9878259535345055,-5.336985042468399,-0.34915908893389336,0.34915908893389336
CCC(C)C(C)(COC(N)=O)COC(N)=O,-2.36599985167161,-2.0434260573304415,0.3225737943411686,0.3225737943411686
Cc1cccc([N+](=O)[O-])c1,-2.4599999402805475,-2.7589165429496165,-0.29891660266906905,0.29891660266906905
CNC(=O)Oc1cc(C)cc(C(C)C)c1,-3.357500028077082,-3.392517455764575,-0.035017427687493274,0.035017427687493274
COCCOCCOCCO,0.784600174371604,0.8010529823351402,0.01645280796353621,0.01645280796353621
C=CCCBr,-2.2472998125737735,-2.390224506487503,-0.14292469391372942,0.14292469391372942
CCC(=O)OCc1ccc(Cl)cc1Cl,-3.066499889957884,-4.746587899011365,-1.6800880090534807,1.6800880090534807
COc1cncnc1N1CCN(CCc2c[nH]c3ccc(CS(=O)(=O)N(C)C)cc23)CC1,-3.7599999623929263,-2.989940674965226,0.7700592874277001,0.7700592874277001
NC(=O)OC(CCl)CCl,-1.3604998125771326,-1.5297326775501234,-0.16923286497299084,0.16923286497299084
CCCC(C)O,-0.25414067900682147,-0.3492674467953254,-0.09512676778850393,0.09512676778850393
BrC1CCC(Br)C(Br)CCC(Br)C(Br)CCC1Br,-7.872800571015642,-5.9837609346368605,1.8890396363787811,1.8890396363787811
CCN(CC)C(=S)SSC(=S)N(CC)CC,-4.860377285631662,-5.109618692646059,-0.2492414070143969,0.2492414070143969
O=S(=O)(Nc1ncccc1Cl)c1ccccc1,-3.1700000258831826,-4.133246817952294,-0.9632467920691115,0.9632467920691115
COC(=O)c1ccc(NC(=O)c2cc(Cl)ccc2Cl)cc1N,-5.790065007863454,-5.794745500464491,-0.0046804926010368675,0.0046804926010368675
CN(C)C(=O)c1ccc([N+](=O)[O-])cc1,-1.2699998449207233,-2.774415705721701,-1.5044158608009777,1.5044158608009777
C[C@]12CCC(=O)C[C@@H]1CC[C@@H]1[C@@H]2CC[C@]2(C)[C@@H](O)CC[C@@H]12,-4.918998695616508,-4.619292026900599,0.2997066687159089,0.2997066687159089
COc1ccc(OC)c(N)c1,-1.8588689614435268,-1.4488378647039035,0.41003109673962324,0.41003109673962324
CCC1(C2=CCCCCC2)C(=O)NC(=O)NC1=O,-2.999999938317362,-3.430345974057667,-0.43034603574030506,0.43034603574030506
CC1(C)C(C=C(Cl)Cl)C1C(=O)OCc1c(F)c(F)cc(F)c1F,-6.809999970474967,-6.48856538125567,0.32143458921929735,0.32143458921929735
c1ccc(COc2ccc3ccccc3c2)cc1,-6.477674229702224,-5.9289791573024315,0.5486950723997923,0.5486950723997923
CCC(C)(S(=O)(=O)CC)S(=O)(=O)CC,-1.9099998579303086,-1.5177306854053134,0.39226917252499516,0.39226917252499516
CC(=O)c1cccc(N)c1,-1.2799997567005073,-1.1519193396193994,0.12808041708110784,0.12808041708110784
NNC(=O)C(O)C(O)C(O)C(O)CO,-0.49849993610109866,0.32434336163701794,0.8228432977381166,0.8228432977381166
CC(C)(C)C(O)C(Cc1ccc(Cl)cc1)n1cncn1,-4.050000164544911,-4.021939983379247,0.028060181165663778,0.028060181165663778
CC1=CC(C)(C)Nc2ccccc21,-5.2386958020619385,-2.9738314591201775,2.264864342941761,2.264864342941761
CCOC(=O)[C@@H](N)CC(C)C,-0.5605999003334023,-0.9346768497442193,-0.37407694941081693,0.37407694941081693
O=Cc1c(O)ccc2ccccc12,-3.89356757036486,-3.3925471315507507,0.5010204388141091,0.5010204388141091
Cc1ccc(C)c(O)c1,-1.537582682141652,-1.4210914187102288,0.11649126343142324,0.11649126343142324
OCCOCCO,-0.2155207489044937,1.5394478263392082,1.7549685752437019,1.7549685752437019
CN1C(=O)NC(=O)C(C)(C2=CCCCC2)C1=O,-2.9100000222155415,-3.184847442828062,-0.27484742061252065,0.27484742061252065
O=[N+]([O-])c1ccc(Cl)c(Cl)c1,-3.2005180867854968,-3.834034147556029,-0.6335160607705324,0.6335160607705324
CCOC(=O)C(O)(c1ccc(Cl)cc1)c1ccc(Cl)cc1,-4.512000119156774,-4.680918006715563,-0.16891788755878956,0.16891788755878956
O=c1[nH]c2nc[nH]c(=O)c2[nH]1,-2.959999976324332,-3.237773137764105,-0.27777316143977293,0.27777316143977293
CCCCCCCCCCCCCCCCCCOC(=O)/C=C/C(=O)OCCCCCCCCCCCCCCCCCC,-7.094152938535013,-7.2670744347162035,-0.1729214961811909,0.1729214961811909
CC(=O)Nc1cc(NS(=O)(=O)C(F)(F)F)c(C)cc1C,-3.236499977523705,-3.626326487779147,-0.3898265102554421,0.3898265102554421
CCCCC(CC)COC(=O)CC(C)CC(C)(C)C,-5.954977078369243,-6.7599790174046195,-0.8050019390353764,0.8050019390353764
CC(OP(C)(=O)F)C(C)(C)C,-0.9382999181690084,-1.2310443713942398,-0.29274445322523146,0.29274445322523146
O=C(O)COc1cc(Cl)cc(Cl)c1,-2.361699968281643,-3.0595484750731057,-0.6978485067914626,0.6978485067914626
CCCCCCC(=O)NNC(=O)c1ccncc1,-2.0999997690556973,-2.7675242462770164,-0.6675244772213191,0.6675244772213191
Cc1cc(N)ccc1N,-1.0742660888119684,-0.5317464785019124,0.542519610310056,0.542519610310056
COCCC(=O)OC,0.8026938462702957,0.22849278071964862,-0.5742010655506471,0.5742010655506471
NC(Cc1cc(Cl)c(O)c(Cl)c1)C(=O)O,-1.7545999120957207,-1.7561521627530858,-0.001552250657365084,0.001552250657365084
CC(C)(C)CO,-0.40119979654922355,0.009718192116320079,0.41091798866554363,0.41091798866554363
O=C(O)c1ccccc1C(c1ccc(O)cc1)c1ccc(O)cc1,-3.262599900478814,-3.504368875520677,-0.24176897504186323,0.24176897504186323
CNC(=O)N(C)c1nnc(C(F)(F)F)s1,-2.058399837913665,-3.472075305430117,-1.4136754675164518,1.4136754675164518
CCC(C)OC(=O)c1cccc([N+](=O)[O-])c1C(=O)[O-],-2.719299955019246,-2.567997786668076,0.15130216835116972,0.15130216835116972
O=C1NCN(c2ccccc2)C12CCN(CCCC(c1ccc(F)cc1)c1ccc(F)cc1)CC2,-4.6771998377481,-4.2414764805392755,0.4357233572088246,0.4357233572088246
COP(=S)(OC)Oc1ccc([N+](=O)[O-])cc1Cl,-4.6799998516939745,-4.951449650893984,-0.2714497992000098,0.2714497992000098
CCCCC(=O)OC1(C(=O)CO)C(C)CC2C3CCC4=CC(=O)C=CC4(C)C3(F)C(O)CC21C,-4.710000001114064,-4.487498823901612,0.2225011772124521,0.2225011772124521
O=C1c2ccc3c4ccc5c6c(ccc(c7ccc(c2c37)C(=O)N1c1ccc(N=Nc2ccccc2)cc1)c64)C(=O)N(c1ccc(N=Nc2ccccc2)cc1)C5=O,-7.8755097632531275,-6.910232629808666,0.9652771334444612,0.9652771334444612
CCC(C)C(N)C(=O)O,-0.5032996839544879,-0.513280686047267,-0.009981002092779079,0.009981002092779079
CC(O)CC=O,1.0550004169293756,0.8599670093743708,-0.19503340755500487,0.19503340755500487
C=Cc1ccccc1,-2.758271620827896,-2.5832280557613525,0.1750435650665434,0.1750435650665434
CNC(=O)Oc1ccccc1C(C)C,-2.6840998314597666,-2.5364511837209447,0.14764864773882191,0.14764864773882191
NC(=O)NCCCCCC(=O)O,-2.1599999988824194,-0.9600773903339654,1.199922608548454,1.199922608548454
Nc1ccc([N+](=O)[O-])c(N)c1,-2.1850914282017437,-2.1609331988374656,0.02415822936427814,0.02415822936427814
C=C1CC2C(CCC3(C)C2CCC3(OC(C)=O)C(C)=O)C2(C)CCC(=O)C=C12,-6.107793298429758,-4.270839635758428,1.8369536626713305,1.8369536626713305
Nc1ccc(S(=O)(=O)Nc2cc[nH]c(=O)n2)cc1,-3.5499999516541445,-3.343892023792509,0.20610792786163534,0.20610792786163534
Oc1c(Cl)cc(Cl)c(Cl)c1Cl,-3.099999849769948,-3.9407283987689636,-0.8407285489990155,0.8407285489990155
CCN(c1ccccc1)c1nc(Cl)nc(Nc2cc(S(=O)(=O)[O-])cc3c2C(=O)/C(=N/Nc2ccccc2S(=O)(=O)[O-])C(S(=O)(=O)[O-])=C3)n1,-0.2667450205975448,-0.27508101794779494,-0.008335997350250146,0.008335997350250146
O=C(C1CCCCC1)N1CC(=O)N2CCc3ccccc3C2C1,-2.892699892377379,-2.8678377548746794,0.02486213750269961,0.02486213750269961
O=[N+]([O-])c1cc([N+](=O)[O-])c(O)c([N+](=O)[O-])c1,-1.9699999497301184,-2.2001770105840484,-0.23017706085392997,0.23017706085392997
Cc1ccc2c(c1N)C(=O)c1ccccc1C2=O,-5.854100385462074,-6.028727342173445,-0.1746269567113714,0.1746269567113714
CCCCCCCOC(N)=O,-2.619999805506031,-2.435029422536526,0.1849703829695053,0.1849703829695053
C#CCOC(=O)C(C)Oc1ccc(Oc2ncc(Cl)cc2F)cc1,-5.15000012220502,-5.198047842535044,-0.04804772033002447,0.04804772033002447
OCCSCCO,0.9129682395382486,0.9285142106870166,0.01554597114876799,0.01554597114876799
COc1cc(S(=O)(=O)CCOS(=O)(=O)[O-])c(C)cc1N=NC1C(=O)N(c2ccc(S(=O)(=O)[O-])cc2)N=C1C,-0.23900381962654293,0.10518146951736718,0.3441852891439101,0.3441852891439101
Cc1nc2c(c(=O)n(C)c(=O)n2C)n1C,-1.449299978806772,-0.6512250583993997,0.7980749204073723,0.7980749204073723
CC(C)OC(=O)Nc1cccc(Cl)c1,-3.38039990058732,-4.3235522516483815,-0.9431523510610615,0.9431523510610615
CCCc1c(O)n2c(N(C)C)nc3ccc(C)cc3n2c1=O,-3.6300000740538914,-4.149210458538123,-0.5192103844842317,0.5192103844842317
Clc1cc(Cl)cc(Oc2ccc(Cl)c(Cl)c2Cl)c1,-7.85999995515542,-7.999716869117181,-0.13971691396176134,0.13971691396176134
CCN(CC)C(=O)N(CC)CC,-0.6340997833184274,0.07305598169943783,0.7071557650178653,0.7071557650178653
CCCCC(CC)CCCCCc1ccc(S(=O)(=O)[O-])cc1,-0.0969053893174423,-2.00505650804729,-1.9081511187298479,1.9081511187298479
Clc1ccc(Oc2c(Cl)c(Cl)cc(Cl)c2Cl)c(Cl)c1,-8.42000053589982,-8.529261535576596,-0.10926099967677594,0.10926099967677594
CC(C)OC(=O)C(C(=O)OC(C)C)=C1SCCS1,-3.730600092015064,-3.902703640713102,-0.172103548698038,0.172103548698038
COP(=S)(OC)SCSc1ccc(Cl)cc1,-5.293899941748451,-5.229025084468337,0.0648748572801141,0.0648748572801141
O=[N+]([O-])c1ccc(OP(=S)(Oc2ccc([N+](=O)[O-])cc2)Oc2ccc([N+](=O)[O-])cc2)cc1,-5.678834088092252,-5.125202483168836,0.5536316049234156,0.5536316049234156
CNC(=O)N(C)c1nc2ccccc2s1,-3.574100002674827,-3.220160593175471,0.3539394094993562,0.3539394094993562
CC[NH+](CCO)CCO,0.8755002820471933,0.6706059558132371,-0.2048943262339562,0.2048943262339562
CCN(CC)CC(OC(=O)c1ccc([N+](=O)[O-])cc1)c1ccccc1,-2.8399998487981453,-4.830495701329364,-1.990495852531219,1.990495852531219
Cc1cc(O)c(Cc2ccccc2)c(C)c1Cl,-4.300899964912343,-4.484146702305954,-0.18324673739361064,0.18324673739361064
CC1CCCC(=NO)C1=NO,-1.5915997903811312,-1.4582488156482813,0.13335097473284985,0.13335097473284985
Cc1nc2ncncc2[nH]1,-0.4099998403791165,-0.7412075631610495,-0.331207722781933,0.331207722781933
C=COC(=O)CCCCCC(C)(C)C,-4.581332693601237,-4.877102834774192,-0.2957701411729552,0.2957701411729552
OCC(CBr)(CBr)CBr,-2.2261094378809045,-2.816730253949557,-0.5906208160686526,0.5906208160686526
O=C(O)c1ccc([N+](=O)[O-])cc1[N+](=O)[O-],-1.066499728529382,-2.4808540814146984,-1.4143543528853164,1.4143543528853164
O=Cc1cc(Br)ccc1Br,-3.800299887060088,-4.2032526876756675,-0.4029528006155796,0.4029528006155796
CCCCCCCCCCCCCCCCCc1ncc[nH]1,-7.214642979646902,-5.439421163432382,1.7752218162145201,1.7752218162145201
Cn1ccc(=O)c2ccccc21,-0.9817999277877691,-1.831283799897045,-0.8494838721092759,0.8494838721092759
O=C(Nc1ccc2[nH]c(=O)[nH]c2c1)C1=Cc2ccccc2/C(=N/Nc2cc(Cl)ccc2Cl)C1=O,-7.4618000422564545,-7.6277426216905635,-0.16594257943410895,0.16594257943410895
N#CCc1ccccc1,-3.0687460364108423,-1.7478730324907634,1.320873003920079,1.320873003920079
Clc1cc(-c2cc(Cl)c(Cl)c(Cl)c2Cl)c(Cl)c(Cl)c1Cl,-9.160000356841808,-9.423474408933052,-0.26347405209124375,0.26347405209124375
N#CCCC#N,0.17524116973659387,0.7620548584927107,0.5868136887561168,0.5868136887561168
NC(N)=N[N+](=O)[O-],-1.485842327822966,-1.647502484271532,-0.16166015644856602,0.16166015644856602
CN(C)c1ccc(C(O)(c2ccc(N(C)C)cc2)c2ccc(Nc3ccccc3)c3ccccc23)cc1,-6.989135990362119,-5.649861687062234,1.3392743032998844,1.3392743032998844
COC1=CCC2=C(CC[C@@H]3[C@@H]2CC[C@]2(C)[C@@H](O)CC[C@@H]32)C1,-4.7610721671495995,-4.659588293854581,0.10148387329501851,0.10148387329501851
Cc1ccc(S(C)(=O)=O)cc1,-1.9872998978687908,-2.3995204120003573,-0.41222051413156646,0.41222051413156646
C=CC(=O)OC(C)COCC(C)OCC(C)OC(=O)C=C,-1.8755689756072536,-1.6962281927954899,0.1793407828117637,0.1793407828117637
CC12CCC(O)CC1CCC1C2CCC2(C)C(C3=CC(=O)OC3)CCC12O,-4.5700001319817884,-4.248691423306641,0.32130870867514716,0.32130870867514716
Nc1ccccc1O,-0.7368998812505296,-0.171076083096954,0.5658237981535756,0.5658237981535756
CC(Oc1ccc(Cl)cc1Cl)C(=O)O,-2.8270999743345118,-2.797161057103456,0.029938917231055573,0.029938917231055573
CCN(CC)CCC(C)(O)c1ccc(OC)c2ccccc12,-1.6799998165915901,-2.72477675938491,-1.0447769427933198,1.0447769427933198
CCN(CC)C(=O)SCc1ccc(Cl)cc1,-3.964099874732301,-4.634696796517934,-0.6705969217856333,0.6705969217856333
COc1cc2ncnc(N3CCN(C(=O)Nc4ccc([N+](=O)[O-])cc4)CC3)c2cc1OC,-6.950000115661068,-4.140558379558372,2.8094417361026958,2.8094417361026958
N#CCCN(CCC#N)c1ccc(N=Nc2c(Cl)cc([N+](=O)[O-])cc2Cl)cc1,-7.115252836586773,-6.777584074033253,0.33766876255351974,0.33766876255351974
CCC(CC)CC1(C#N)CCCCC1,-6.587338544017166,-4.772572017386932,1.8147665266302342,1.8147665266302342
CC[C@H]1[C@@H]2C[C@H]3[C@@H]4N(C)c5ccccc5[C@]45C[C@@H](C2C5O)N3[C@@H]1O,-2.8266000063509047,-2.124339641836754,0.7022603645141507,0.7022603645141507
CS(=O)(=O)F,-0.514499739737988,-0.24345077069172083,0.2710489690462672,0.2710489690462672
Clc1c(Cl)c(Cl)c(Cl)c(Cl)c1Cl,-7.560000117277477,-8.860770157027662,-1.3007700397501853,1.3007700397501853
COCCO,1.11860045764614,1.2902485175331075,0.17164805988696763,0.17164805988696763
Clc1ccc(Oc2ccccc2Cl)cc1,-5.520000170702926,-5.63640847995997,-0.11640830925704382,0.11640830925704382
O=c1ccc(Br)ccc1O,-3.5629000159047832,-1.5812284481799557,1.9816715677248276,1.9816715677248276
CCN(CC[n+]1ccccc1)c1ccc(N=Nc2ccc([N+](=O)[O-])cc2Cl)cc1,-1.521889850358042,-2.8297197251327324,-1.3078298747746904,1.3078298747746904
Clc1ccc(Cl)c(-c2c(Cl)c(Cl)cc(Cl)c2Cl)c1,-7.425400137013904,-8.321861192720275,-0.8964610557063715,0.8964610557063715
O=C(O)CCSSCCC(=O)O,-0.930099739300605,-1.4347309621442954,-0.5046312228436904,0.5046312228436904
Nc1c([N+](=O)[O-])ccc(Oc2ccccc2)c1Cl,-5.024799912705918,-4.2570435698056475,0.7677563429002703,0.7677563429002703
Nc1ccc(C#Cc2ccc(N)cc2)cc1,-2.4325999418371116,-2.4682163373111634,-0.03561639547405182,0.03561639547405182
C[Si](C)(C)O[Si](C)(C)O[Si](C)(C)O[Si](C)(C)C,-7.663700288705638,-6.275020080257263,1.388680208448375,1.388680208448375
CC(C)(C1CCC(O)CC1)C1CCC(O)CC1,-3.097609706740581,-2.687681819624739,0.4099278871158418,0.4099278871158418
N#Cc1c(Cl)c(Cl)c(Cl)c(C#N)c1Cl,-5.646599835067316,-6.953883088761993,-1.3072832536946768,1.3072832536946768
O=C(O)CSC(=S)OCc1ccccc1,-2.6799999835726616,-3.04041577108425,-0.36041578751158854,0.36041578751158854
CC(C)CCCCCOP(=S)([S-])OCCCCCC(C)C,-4.370701278751472,-4.625106272560465,-0.2544049938089925,0.2544049938089925
O=c1c2ccccc2c(=O)c2c1ccc1c2[nH]c2c3c(=O)c4ccccc4c(=O)c3c3[nH]c4c(ccc5c(=O)c6ccccc6c(=O)c54)c3c12,-4.509615014109711,-6.690325116307983,-2.1807101021982724,2.1807101021982724
NC(CCC(=O)O)C(=O)[O-],0.3919619178827287,0.15943432772330368,-0.23252759015942503,0.23252759015942503
O=[N+]([O-])c1ccc(Oc2c(Cl)cc(Cl)cc2Cl)cc1,-5.620100048146851,-5.849110160469508,-0.22901011232265756,0.22901011232265756
NC(=O)CCC(N)C(=O)O,-0.5399996597046952,0.1073501483657151,0.6473498080704103,0.6473498080704103
Clc1cc(Cl)c(Cl)c(-c2c(Cl)c(Cl)cc(Cl)c2Cl)c1,-8.590100485936796,-8.898112510028392,-0.308012024091596,0.308012024091596
O=S(=O)(Nc1cccnc1Cl)c1ccccc1,-3.7599999623929263,-3.9467832253372226,-0.18678326294429626,0.18678326294429626
CC(=O)OC1CCCCC1C,-2.5502979055505923,-2.8265060962903497,-0.27620819073975733,0.27620819073975733
CCC(C)C1(CC)C(=O)[N-]C(=O)NC1=O,0.15280020220350954,-1.6130832652225788,-1.7658834674260884,1.7658834674260884
CCCCC(CC)C(=O)OCC(C)(C)COC(=O)C(CC)CCCC,-5.020637987214941,-6.249903599053329,-1.2292656118383887,1.2292656118383887
Clc1ccc(Cl)c(-c2cc(Cl)ccc2Cl)c1,-7.04000028786751,-6.993135734230972,0.04686455363653863,0.04686455363653863
CC(O)C(NC(=O)c1ccccc1)C(=O)O,-1.2299999217477626,-0.9484709833202252,0.28152893842753746,0.28152893842753746
COc1ccc2cc(C(C)C(=O)OC(C)OC(=O)CN)ccc2c1,-2.439999978694067,-4.048042252791867,-1.6080422740978002,1.6080422740978002
Cc1ccc(Nc2ccc(O)c3c2C(=O)c2ccccc2C3=O)c(S(=O)(=O)[O-])c1,-2.402393235142547,-2.2354340529915477,0.16695918215099947,0.16695918215099947
CC(=O)OC(C)(C)C1CC=C(C)CC1,-3.4762646637699435,-3.71993709894789,-0.24367243517794668,0.24367243517794668
c1ccc2c(c1)[nH]c1cnccc12,-3.7300000200132057,-3.554271677553973,0.17572834245923286,0.17572834245923286
C=COCC(C)C,-1.5235998657763328,-1.5676510168564897,-0.04405115108015689,0.04405115108015689
C1CN(SSN2CCOCC2)CCO1,-3.259634219731276,-1.4248106918929926,1.8348235278382834,1.8348235278382834
CC(CCN)CC(C)(C)CN,0.4781566881130419,0.273673682078174,-0.2044830060348679,0.2044830060348679
CC1=CC[C@H](C(C)(C)O)CC1,-2.336999810752375,-2.3790506758173677,-0.04205086506499267,0.04205086506499267
CCCCCCOC1O[C@H](CO)[C@@H](O)[C@H](O)[C@H]1O,-0.6586986636006888,-1.8405587943326638,-1.181860130731975,1.181860130731975
Clc1ccc(Cl)c(Oc2cc(Cl)c(Cl)cc2Cl)c1,-7.560000117277477,-8.114449807710958,-0.554449690433481,0.554449690433481
CC(=O)OCCC(C)CCC=C(C)C,-4.095938695625851,-3.9733401553994394,0.12259854022641115,0.12259854022641115
CC(=O)/C=C/C=C(\C)CCC=C(C)C,-3.297212081151366,-3.7235685870143387,-0.4263565058629726,0.4263565058629726
Nc1nc(=O)c2nccnc2[nH]1,-3.9700000421451644,-2.9593555761168737,1.0106444660282907,1.0106444660282907
FC1(F)C(F)(F)C(F)(F)C1(F)F,-3.637999975872336,-4.970891293619621,-1.332891317747285,1.332891317747285
CC1=C(CCC(=O)O)C(=O)NC1=O,-0.6607998472888506,-1.4696198867763015,-0.808820039487451,0.808820039487451
C/C=C\C=O,0.41201667615345006,-0.33892481419193876,-0.7509414903453888,0.7509414903453888
COCCOCCO,0.9203002291273683,0.9111863120985739,-0.009113917028794383,0.009113917028794383
NS(=O)(=O)c1ccc(CNC(=S)NC(C(=O)O)C(O)c2ccccc2)cc1,-1.2899998065072038,-1.6784826247699862,-0.3884828182627824,0.3884828182627824
O=c1c2cnn(CO)c2ncn1CO,-1.7199998777914636,-0.5772517431046857,1.1427481346867778,1.1427481346867778
NS(=O)(=O)c1ccc(Nc2ccnc(NC(=O)NS(=O)(=O)c3ccc(Cl)cc3)n2)cc1,-3.9999999845248846,-3.1350983337617753,0.8649016507631093,0.8649016507631093
CNCl,0.2806004246523526,0.42774346255752205,0.14714303790516947,0.14714303790516947
CC(=O)OC1N=C(c2ccccc2Cl)c2cc(Cl)ccc2NC1=O,-5.028667012711912,-6.0745439954906955,-1.0458769827787835,1.0458769827787835
CC(C)CCOC(=O)c1ccccc1O,-3.1572000483974314,-3.6929194350519294,-0.535719386654498,0.535719386654498
CNC(=O)O/N=C1/C2CC(C[C@@H]2C#N)[C@@H]1Cl,-2.0821999564536027,-2.5032600936322056,-0.4210601371786029,0.4210601371786029
CO[Si](CCCN=C=O)(OC)OC,-3.2569808593798744,-2.0621365715008535,1.1948442878790209,1.1948442878790209
Cc1cc(N/N=C2\C=CC(=O)C(C(=O)[O-])=C2)c(OCCCS(=O)(=O)[O-])cc1N=Nc1ccc([N+](=O)[O-])cc1S(=O)(=O)[O-],0.16145090091413605,-0.9150681944545227,-1.0765190953686588,1.0765190953686588
O=P(Oc1ccccc1)(Oc1ccccc1)N1CCOCC1,-2.142499842707245,-3.229784347112112,-1.0872845044048671,1.0872845044048671
Clc1ccc2ccccc2c1Cl,-6.1611001201777915,-6.188497358082978,-0.027397237905186778,0.027397237905186778
Nc1ccc(S(=O)(=O)CCOS(=O)(=O)O)cc1,-1.9051186051851199,-0.9180969189943202,0.9870216861907997,0.9870216861907997
N#CCCN(CCC#N)CC(=O)O,0.45780020301171387,-0.6157794712294997,-1.0735796742412136,1.0735796742412136
O=c1c2ccc3c(=O)n4c5ccccc5nc4c4ccc(c2c34)c2nc3ccccc3n12,-5.633055806256662,-5.956608832528177,-0.32355302627151517,0.32355302627151517
CCCCCCCC/C=C/CCCCCCCC(=O)N(CCO)CCO,-5.567720491196629,-4.723177568472174,0.8445429227244547,0.8445429227244547
CC1(C)OC2CC3C4CCC5=CC(=O)C=CC5(C)C4(F)C(O)CC3(C)C2(C(=O)CO)O1,-4.309999941222981,-3.888215507821319,0.42178443340166183,0.42178443340166183
CCCCC(CC)CN,-1.7134803146089999,-1.322469533444773,0.39101078116422694,0.39101078116422694
CCCCOC(=O)Oc1ccc(NC(C)=O)cc1,-3.3699998487883556,-4.075334728270508,-0.7053348794821521,0.7053348794821521
OCC(Cl)(Cl)Cl,-0.2536998210484698,0.06101920677269135,0.3147190278211611,0.3147190278211611
Oc1cccc2nccnc12,-1.3467998133554147,-1.4278171940998865,-0.08101738074447185,0.08101738074447185
NC(=O)[C@@H]1CCC[NH2+]1,0.7853598744977055,0.3512519842721469,-0.4341078902255586,0.4341078902255586
Nc1ccc(N=Nc2ccccc2)c(N)c1,-3.5461828173904566,-3.8716453769822032,-0.32546255959174664,0.32546255959174664
CNc1ccccc1C(=O)O,-2.8784000228024955,-1.5729477996215961,1.3054522231808994,1.3054522231808994
CCCCNC(=O)NS(=O)(=O)c1ccc(C)cc1,-3.1700000258831826,-3.1314734882404887,0.03852653764269398,0.03852653764269398
O=C1OCc2ccc(Cl)cc21,-2.48169984132071,-2.5407494107879622,-0.05904956946725237,0.05904956946725237
O=C(O)c1cc(Br)co1,-1.1840999001753947,-1.794448833826466,-0.6103489336510712,0.6103489336510712
Clc1cc2c(Cl)ccc(Cl)c2cc1Cl,-7.51630052074332,-8.07537383668991,-0.5590733159465895,0.5590733159465895
Nc1ccc(N=Nc2cccc(N=Nc3ccc(N)cc3N)c2)c(N)c1,-4.197152588280126,-4.335853900220112,-0.13870131193998603,0.13870131193998603
CC1CCCC1,-3.301899854672034,-4.332319445073113,-1.0304195904010784,1.0304195904010784
CC1=CCC(C)C(C)C1=O,-1.8852668845026062,-2.0837046568396302,-0.1984377723370241,0.1984377723370241
Nc1cccnc1N,-1.7499998891846404,0.11204858446536914,1.8620484736500096,1.8620484736500096
O=C([O-])c1cc2ccccc2c(Cc2c(O)c(C(=O)O)cc3ccccc23)c1O,-0.9807587907871906,-3.820815862258747,-2.8400570714715565,2.8400570714715565
NS(=O)(=O)c1cc(C(=O)c2ccc(O)cc2)cs1,-2.861200027715139,-2.5712061877411503,0.28999383997398853,0.28999383997398853
COCc1ccc([N+](=O)[O-])o1,-1.1547999612821427,-2.232199806379118,-1.0773998450969755,1.0773998450969755
C=CCOc1ccccc1C(N)=O,-2.227299850987293,-1.6598049610047363,0.5674948899825567,0.5674948899825567
CC(C)CNCc1ccc(C(=O)c2csc(S(N)(=O)=O)c2)cc1,-2.049999865089496,-2.9398197904102665,-0.8898199253207704,0.8898199253207704
Nc1ccc(-c2ccc(N)c3c2C(=O)c2ccccc2C3=O)c2c1C(=O)c1ccccc1C2=O,-6.293710856579195,-6.530386155457616,-0.23667529887842065,0.23667529887842065
CCCCC(=O)OC1CCC2C3CCC4=CC(=O)CCC4(C)C3CCC12C,-6.1900001951056876,-5.451711631824203,0.7382885632814844,0.7382885632814844
CC12C=CC(=O)C=C1CCC1C2C(=O)CC2(C)C1CCC2(O)C(=O)CO,-3.479999982581279,-3.80270893977646,-0.32270895719518133,0.32270895719518133
CCOC(=O)CN(C)C(=O)COC(=O)c1ccccc1OC(C)=O,-2.5499998709398937,-1.864344834127532,0.6856550368123617,0.6856550368123617
CCCCCC(C)=O,-1.4333382705977176,-1.808326335657589,-0.37498806505987137,0.37498806505987137
Cc1ccnc(NS(=O)(=O)c2ccc(N)cc2)n1,-2.6300000450997323,-3.1939290960660727,-0.5639290509663404,0.5639290509663404
Clc1cc(Oc2c(Cl)c(Cl)cc(Cl)c2Cl)c(Cl)c(Cl)c1Cl,-10.100001173917724,-9.541238970631786,0.5587622032859372,0.5587622032859372
CC1(C)[C@H]2C[C@@H]3O[C@]3(C)[C@@H]1C2,-2.5936884253210555,-4.1524801780670515,-1.558791752745996,1.558791752745996
Sc1ccccc1,-2.120399870661358,-1.8210762956409425,0.2993235750204155,0.2993235750204155
Cc1cc(C2(c3ccc(O)c(C)c3)CCCCC2)ccc1O,-5.371522412554406,-3.93569869807944,1.4358237144749664,1.4358237144749664
c1ccc2c(c1)CCN2,-1.0426998860432692,-1.3321555720256553,-0.289455685982386,0.289455685982386
Cc1ccc(Cl)c(Cl)c1,-3.7755457955147818,-4.593593072126145,-0.8180472766113636,0.8180472766113636
CC1CCCCC1,-3.845934827947104,-4.29198080385701,-0.446045975909906,0.446045975909906
O=[N+]([O-])c1c2ccccc2cc2ccccc12,-6.2918000120032955,-5.750359910175478,0.5414401018278179,0.5414401018278179
Cc1cc(C(C)(C)c2cc(C)c(O)c(C)c2)cc(C)c1O,-4.952868981634664,-4.329732820733879,0.6231361609007848,0.6231361609007848
C=CCCCCCCCCC(=O)NCCC[N+](C)(C)C,0.09406340171985983,-2.0717673993167574,-2.165830801036617,2.165830801036617
Cc1c(CNC(=O)CCl)c(C)c(Nc2cc(S(=O)(=O)[O-])c(N)c3c2C(=O)c2ccccc2C3=O)c(C)c1CNC(=O)CCl,-1.0175517966763863,-3.4737154102172543,-2.456163613540868,2.456163613540868
CC(=O)Nc1nnc(S(N)(=O)=O)s1,-2.439999978694067,-2.0622322241511784,0.3777677545428886,0.3777677545428886
CCCCc1c(C)[nH]c(N(C)C)nc1=O,-2.241599922210869,-2.339690714423962,-0.09809079221309291,0.09809079221309291
CNCC(=O)Nc1cc(Cl)c(S(N)(=O)=O)cc1S(N)(=O)=O,-1.2699998449207233,-1.7594062852409076,-0.4894064403201843,0.4894064403201843
ClCc1ccccc1,-2.3821998978517303,-2.839654384689658,-0.45745448683792755,0.45745448683792755
O=C1CCCCCCCCCCCCCCO1,-5.903789521834902,-3.450825234097615,2.452964287737287,2.452964287737287
CCC(=C(CC)c1ccc(O)cc1)c1ccc(O)cc1,-4.349999864395942,-3.6995938644301574,0.6504059999657845,0.6504059999657845
O=S(=O)(c1ccc(O)cc1)c1ccc(O)cc1,-2.3570245826763676,-2.613879174607264,-0.25685459193089644,0.25685459193089644
Cc1cc(=O)c2ccccc2[nH]1,-1.2018998508044019,-2.463350681607081,-1.2614508308026793,1.2614508308026793
O=S(=O)(O)c1ccc2oc3ccccc3c2c1,-0.4699998631654698,-1.6905290615806037,-1.2205291984151339,1.2205291984151339
C=CC(=O)OCCCOCC(COCCCOC(=O)C=C)OCCCOC(=O)C=C,-2.5527471586052144,-2.4456639130462796,0.10708324555893478,0.10708324555893478
CC1=CCCC(C)(C)C1C(C)CCC=O,-4.653202064669539,-4.3224590785018115,0.3307429861677278,0.3307429861677278
COc1cc(OC)cc(C(=O)N(O)c2cccc(C)c2)c1,-3.6099998364135857,-3.460705856118318,0.14929398029526775,0.14929398029526775
Cc1ccc(C(C)C)cc1,-3.769999943186167,-4.384375466940562,-0.6143755237543953,0.6143755237543953
S=C1NCCN1,-0.7082997388033778,-0.559360694713464,0.14893904408991387,0.14893904408991387
CC(C)C(C)C,-3.5831999789854643,-3.9364011170368762,-0.35320113805141196,0.35320113805141196
Nc1cccc(N)n1,-0.07999985308108348,-0.2765965534464496,-0.19659670036536614,0.19659670036536614
O=C(O)C(Oc1ccccc1Cl)Oc1ccccc1Cl,-2.829999855064882,-4.183378054525687,-1.3533781994608054,1.3533781994608054
CC[C@H](C)[C@@H](NC(C)=O)C(=O)O,-0.5911999147149811,-0.7920144414708647,-0.20081452675588363,0.20081452675588363
CC1(C)CC/C(=C\c2ccc(Cl)cc2)C1=O,-5.671591263888573,-4.080529647174229,1.5910616167143434,1.5910616167143434
OCC1OC(OC2(CO)OC(CO)C(O)C2O)C(O)C(O)C1O,0.7900003392941324,0.01875232958972095,-0.7712480097044114,0.7712480097044114
CC(=O)n1ncc2c(=O)[nH]cnc21,-2.38000002492117,-2.4741267187155476,-0.09412669379437766,0.09412669379437766
O=C(Nc1ccc(Cl)cc1)c1cc2ccccc2cc1O,-5.473839002212211,-5.623239608297343,-0.14940060608513228,0.14940060608513228
CC(C)CC(=O)Oc1ccc([N+](=O)[O-])cc1,-4.39449974096846,-4.458263481603385,-0.06376374063492563,0.06376374063492563
NC(=O)CCNCCO,-0.1211097886839334,0.4130394555746735,0.5341492442586069,0.5341492442586069
C=CCC1(C(C)CCC)C(=O)NC(=S)NC1=O,-3.458499875496882,-3.222743904868806,0.23575597062807585,0.23575597062807585
CCCCCCC(CO)CCCC,-5.270303688958196,-4.9474383127644845,0.32286537619371103,0.32286537619371103
O=[N+]([O-])OCCO[N+](=O)[O-],-1.3494997577897665,-1.965389919867886,-0.6158901620781194,0.6158901620781194
CC(CCl)OP(=O)(OC(C)CCl)OC(C)CCl,-2.4360999247627273,-2.328471058818894,0.10762886594383314,0.10762886594383314
OCCBr,0.9032000749444613,0.9988665279606281,0.09566645301616683,0.09566645301616683
CC(C)(C)c1nnc(NS(=O)(=O)c2ccc(N)cc2)s1,-3.740000000806446,-3.8367342300172935,-0.09673422921084773,0.09673422921084773
CCCC(Br)C(=O)NC(N)=O,-1.4277999407358308,-1.7381976219821393,-0.3103976812463085,0.3103976812463085
CC(C)(O)c1ccccc1,-1.7593060777024718,-1.1472689368852764,0.6120371408171954,0.6120371408171954
ClC=CCl,-1.2999998563139001,-1.601714816605895,-0.30171496029199485,0.30171496029199485
N#CI,-0.6332999173608043,-1.1269360543859768,-0.4936361370251725,0.4936361370251725
CSc1ccccc1,-2.39000000571441,-2.7860350355051193,-0.39603502979070937,0.39603502979070937
O=[p+]1oc2ccccc2c2ccccc21,-1.779623018093384,-2.1637257593300685,-0.3841027412366844,0.3841027412366844
O=C(O[C@@H]1Cc2c(O)cc(O)cc2O[C@@H]1c1cc(O)c(O)c(O)c1)c1cc(O)c(O)c(O)c1,-1.05916083759464,-2.8523955109506147,-1.7932346733559748,1.7932346733559748
O=C1NC2C(O)C(O)C(O)C(O)C2c2cc3c(c(O)c21)OCO3,-3.7999999545793433,-2.4028672195598864,1.397132735019457,1.397132735019457
CC(=O)OC1CC2CCC1(C)C2(C)C,-3.930000049958747,-4.662697350057422,-0.7326973000986747,0.7326973000986747
CCCCCCCCCCCC1=NCCN1CCO,-3.8986556564383483,-3.8914559656448082,0.007199690793540103,0.007199690793540103
COc1ccc(C(c2ccc(OC)cc2)C(C)[N+](=O)[O-])cc1,-4.5446000054727795,-5.071549627951303,-0.5269496224785231,0.5269496224785231
COc1c(Cl)cccc1NS(=O)(=O)c1ccc(N)cc1,-4.150000110504225,-3.983259045381618,0.1667410651226069,0.1667410651226069
CS(=O)(=O)N(SC(Cl)(Cl)C(F)(Cl)Cl)c1ccccc1,-5.148500045720559,-4.6397694235772295,0.5087306221433296,0.5087306221433296
C=CCOCC1CO1,0.04975703887859062,-0.10003473547641262,-0.14979177435500324,0.14979177435500324
COc1cc2c3c(ccc4c5ccc6c7c(cc(OC)c(c1c34)c75)-c1ccccc1C6=O)C(=O)c1ccccc1-2,-5.599170751358873,-6.864549586542663,-1.2653788351837898,1.2653788351837898
CC(C)(C)[C@H](O)[C@H](Oc1ccc(Cl)cc1)n1cncn1,-3.9523999544853785,-4.162031226327561,-0.20963127184218244,0.20963127184218244
[NH3+][C@H](CC(=O)[O-])c1cccc2ccccc12,-1.5901997834081936,-2.015353729796482,-0.4251539463882885,0.4251539463882885
CN(C=O)c1ccc(S(=O)(=O)N(C)C)cc1,-2.369999802580833,-2.778199178672116,-0.4081993760912832,0.4081993760912832
Clc1cc(Cl)c(Cl)c(Oc2ccccc2)c1Cl,-7.0199999122002925,-7.440636651824969,-0.4206367396246762,0.4206367396246762
O=[N+]([O-])c1ccc(F)cc1O,-2.049999865089496,-2.2116275852136376,-0.1616277201241414,0.1616277201241414
CCCCOC(=O)c1ccc(O)c(Br)c1,-3.6700000662403083,-3.935311670616942,-0.2653116043766337,0.2653116043766337
O=C(Cl)Cl,-1.16084567807418,-1.5664655037054929,-0.4056198256313128,0.4056198256313128
CCCCCCCCCCCC(=O)OCC(O)CO,-4.6602345358586525,-4.323249006521738,0.33698552933691417,0.33698552933691417
CCO[Si](OCC)(OCC)OCC,-2.1455654204326655,-2.1063359634849768,0.03922945694768876,0.03922945694768876
CCCCCCOc1ccc(C(=NO)c2ccccc2)c(O)c1,-3.470000001788039,-4.563505965751215,-1.0935059639631763,1.0935059639631763
NS(=O)(=O)c1nnc(NS(=O)(=O)Cc2ccccc2)s1,-2.6999999796658702,-2.0996877592201137,0.6003122204457565,0.6003122204457565
Cc1cccc(C)c1NC(=O)c1cc(S(N)(=O)=O)c(Cl)cc1O,-3.9000001075790265,-3.3014938140023466,0.5985062935766798,0.5985062935766798
N#CCCOCCN(CCC#N)c1ccc(N=Nc2ccc([N+](=O)[O-])cc2)cc1,-4.593750008725596,-5.274660094368809,-0.6809100856432124,0.6809100856432124
c1ccc2c(c1)[nH]c1ccccc12,-5.210427752366131,-5.021943583779765,0.18848416858636607,0.18848416858636607
CCCC1C(=O)N2C(N(C)C)=Nc3ccc(C)cc3N2C1=O,-3.5380000989264775,-5.319205519822434,-1.7812054208959567,1.7812054208959567
CCCCCCC(O)CC,-2.6607999051971682,-3.0916807779698368,-0.4308808727726685,0.4308808727726685
O=S(=O)([O-])c1ccc(Nc2nc(Nc3ccc(/C=C/c4ccc(Nc5nc(Nc6ccc(S(=O)(=O)[O-])cc6)nc(N(CCO)CCO)n5)c(S(=O)(=O)[O-])c4)cc3S(=O)(=O)[O-])nc(N(CCO)CCO)n2)cc1,-0.46428665320551454,0.29141400508100457,0.7557006582865191,0.7557006582865191
CCCCCCCCCCCC,-6.409999910583885,-6.614416387646954,-0.2044164770630692,0.2044164770630692
COc1cc(OC)nc(NC(=O)NS(=O)(=O)c2ncccc2C(=O)N(C)C)n1,-3.9700000421451644,-3.846522822594123,0.12347721955104163,0.12347721955104163
Nc1c(Oc2ccccc2)cc(O)c2c1C(=O)c1ccccc1C2=O,-4.219226818306842,-5.753084837480983,-1.5338580191741409,1.5338580191741409
CCC[N+](=O)[O-],-0.7999998504635029,-1.2475057370263478,-0.44750588656284496,0.44750588656284496
O=S(=O)([O-])c1ccccc1/C=C\c1ccc(-c2ccc(/C=C\c3ccccc3S(=O)(=O)[O-])cc2)cc1,-1.504668370519095,-1.2399010062582354,0.26476736426085967,0.26476736426085967
O=CC(O)CO,-0.4889998197712808,1.176755612720744,1.6657554324920247,1.6657554324920247
CCCC(CCC)CCCC1COCCN1CCO,0.964258488095449,-2.621201709352881,-3.58546019744833,3.58546019744833
CCCCC(C)(C)O,-1.0783998568128068,-0.8246394486849353,0.2537604081278715,0.2537604081278715
CCCCCCCCP(=O)(O)O,-3.0148095531415953,-2.3440488451709807,0.6707607079706146,0.6707607079706146
O=C(O)c1ccc(C(=O)O)o1,-2.2396237218919266,-1.1814308737694306,1.058192848122496,1.058192848122496
COP(=O)(OC)OC(=CCl)c1cc(Cl)c(Cl)cc1Cl,-4.520000020975219,-4.844946428927875,-0.3249464079526554,0.3249464079526554
CC(C)(C)CC(C)(C)c1cc(Cc2cc(C(C)(C)CC(C)(C)C)cc(-n3nc4ccccc4n3)c2O)c(O)c(-n2nc3ccccc3n2)c1,-7.973715359350646,-6.33058226175466,1.6431330975959852,1.6431330975959852
CCc1c2ccccc2cc2c1ccc1ccccc12,-6.796000176799418,-7.078298339210015,-0.2822981624105969,0.2822981624105969
OCC(O)C(O)C(O)C(O)CO,1.090000177172076,0.9803375191800825,-0.10966265799199348,0.10966265799199348
CC1CCC(O)CC1,-0.8814997732938852,-0.8197357665664744,0.06176400672741078,0.06176400672741078
Clc1cc(Cl)c(Cl)c(-c2cc(Cl)cc(Cl)c2Cl)c1,-8.56000068108592,-8.44706154024629,0.11293914083963053,0.11293914083963053
CCC1(c2ccccc2)C(=O)NCNC1=O,-2.640000025892973,-2.0282435110421435,0.6117565148508293,0.6117565148508293
COCC(=O)c1ccccc1,-0.7615997972327011,-1.7592481063992447,-0.9976483091665436,0.9976483091665436
CC1=NN(c2ccc(C)cc2)C(=O)C1N=Nc1ccc(-c2ccc(N=NC3C(=O)N(c4ccc(C)cc4)N=C3C)c(Cl)c2)cc1Cl,-8.269885778569694,-7.003586027826067,1.2662997507436273,1.2662997507436273
NC(=O)NS(=O)(=O)c1ccc(N)cc1,-1.9699999497301184,-2.2746121639278063,-0.3046122141976879,0.3046122141976879
O=C1OC(=O)c2ccccc21,-1.3644247458594405,-3.045615762477004,-1.6811910166175634,1.6811910166175634
OCc1ccc(Br)cc1,-1.9294998860399102,-1.8067460655369973,0.12275382050291284,0.12275382050291284
C=C(Br)C(=O)Nc1ccc(Nc2cc(S(=O)(=O)[O-])c(N)c3c2C(=O)c2ccccc2C3=O)c(S(=O)(=O)[O-])c1,-1.0618037769141517,-1.090017305979543,-0.02821352906539132,0.02821352906539132
CC(=O)c1cccc2ccccc12,-2.884634668244284,-3.636654558543271,-0.7520198902989867,0.7520198902989867
CC12CCC(=O)CC1CCC1C2CCC2(C)C(OC=O)CCC12,-5.320000278784297,-4.879270133353415,0.44073014543088185,0.44073014543088185
Nc1cccc(S(=O)(=O)c2cccc(N)c2)c1,-3.5118956210832577,-3.338318531574677,0.17357708950858086,0.17357708950858086
COc1ccc(CC2NCC(O)C2OC(C)=O)cc1,-1.6099998820254526,-1.7127137131372758,-0.1027138311118232,0.1027138311118232
CC(C)CCCCCCCOC(=O)CCCCC(=O)OCCCCCCCC(C)C,-6.630104802569366,-6.844114150047416,-0.21400934747804978,0.21400934747804978
CCC(=O)CC(C)CC,-1.6308173770143493,-2.2531810012861753,-0.622363624271826,0.622363624271826
CC(=O)CC(C)(C)C1CCCCC1,-3.5481536346598137,-4.20745105227153,-0.6592974176117163,0.6592974176117163
CC(C)(C)OOC(C)(C)C#CC(C)(C)OOC(C)(C)C,-5.114568751807102,-4.273825295901542,0.8407434559055602,0.8407434559055602
CCOC(=O)CC(C)CC(C)(C)C,-3.823043064517972,-4.167864933782082,-0.3448218692641096,0.3448218692641096
NCCNCCN(CCN)CCN,0.42180333635350564,0.3946608961286935,-0.02714244022481216,0.02714244022481216
COc1cc(/C=C/CO)ccc1OC1OC(CO)C(O)C(O)C1O,-1.8699998657438914,-1.8753620042520411,-0.005362138508149705,0.005362138508149705
CC/C(C)=C/CCC(C)=O,-2.192585875466812,-2.36823537005231,-0.17564949458549783,0.17564949458549783
NC(=O)c1c(Cl)cccc1Cl,-1.8426998677985227,-2.5095533616917147,-0.666853493893192,0.666853493893192
CCCCC(C)C(C)O,-2.057799972952176,-2.1472729513665323,-0.08947297841435642,0.08947297841435642
CCCN,1.2283001068506691,1.2913886198299092,0.06308851297924001,0.06308851297924001
NS(=O)(=O)c1cc2c(s1)S(=O)(=O)CCC2O,-1.6499998051984135,-1.4302120990577332,0.21978770614068033,0.21978770614068033
CC(C(=O)O)c1cccc(C(=O)c2ccccc2)c1,-3.470000001788039,-3.3512209422828265,0.11877905950521228,0.11877905950521228
Cc1ccccc1N(O)C(=O)CCc1ccccc1,-2.7899998930718524,-3.1551412217180266,-0.3651413286461742,0.3651413286461742
CCC(C)(C)c1cc(-n2nc3ccccc3n2)c(O)c(C(C)(C)CC)c1,-8.545918071262903,-6.264498840829171,2.281419230433732,2.281419230433732
NC(N)=O,0.9578405127205456,0.3086502537995832,-0.6491902589209624,0.6491902589209624
CCCCC(=O)OCC1OC(n2cc(I)c(=O)[nH]c2=O)CC1O,-3.4000000672219013,-2.8334756444607505,0.5665244227611508,0.5665244227611508
C=C(C)c1ccccc1,-3.008082328469357,-3.1784521038667997,-0.1703697753974427,0.1703697753974427
CCCCC(CC)C(=O)OOC(C)(C)CC,-4.116871857167378,-5.27740572571118,-1.1605338685438022,1.1605338685438022
CCC(C)C(=O)OC1CC(O)C=C2C=CC(C)C(CCC3CC(O)CC(=O)O3)C21,-3.349999852695147,-3.237910612568901,0.1120892401262461,0.1120892401262461
O=C(O)c1cc(Cl)ccc1N=Nc1ccc(O)cc1,-3.8599999083522407,-4.71279104331063,-0.8527911349583892,0.8527911349583892
CCCC(C)C1(CC)C(=O)NC(=O)NC1=O,-2.39000000571441,-2.6909052656312697,-0.3009052599168598,0.3009052599168598
C[C@H](CCC(=O)O)[C@H]1CC[C@H]2[C@@H]3[C@H](O)[C@H](O)[C@@H]4C[C@H](O)CC[C@]4(C)[C@H]3CC[C@]12C,-4.346499915977054,-4.124044977780272,0.22245493819678153,0.22245493819678153
COc1cc(Cl)c(Cl)c(Cl)c1OC,-4.370100033520858,-4.966259662545591,-0.5961596290247329,0.5961596290247329
CC=CCC1(CC=CC)C(=O)NC(=O)NC1=O,-2.1999999220553805,-2.780692203511348,-0.5806922814559674,0.5806922814559674
CCCCCCCCCNC(=O)OCC1OC(O)C(O)C(O)C1O,-2.959999976324332,-2.7687557396432214,0.19124423668111046,0.19124423668111046
O=Cc1ccc(Br)o1,-1.543999829355081,-1.4594078276320885,0.08459200172299242,0.08459200172299242
Cc1ccc(C(=O)N(O)c2ccc(Cl)cc2)cc1,-4.4200000750159045,-4.029310896557676,0.3906891784582287,0.3906891784582287
c1cc2ccc3cccc4ccc(c1)c2c34,-6.178796826676289,-6.45693927480697,-0.2781424481306809,0.2781424481306809
Clc1ccc(-c2cc(Cl)cc(Cl)c2Cl)c(Cl)c1,-7.820000308036285,-7.785649274282079,0.03435103375420567,0.03435103375420567
CCOC(=O)Oc1ccc(NC(C)=O)cc1,-2.6700000027794215,-3.084864301645338,-0.4148642988659166,0.4148642988659166
CC(C)CCOC(=O)CC(C)C,-3.554059461176087,-4.399207562898161,-0.8451481017220734,0.8451481017220734
Nc1nc(C(F)(F)F)c2[nH]cnc2n1,-3.1345998668208415,-2.252287415055002,0.8823124517658396,0.8823124517658396
CCCC(=O)OCn1cnc2c1c(=O)n(C)c(=O)n2C,-1.8599998849506514,-1.8648101228493865,-0.004810237898735137,0.004810237898735137
Fc1ccc(CCl)cc1,-2.544199876558738,-3.1345967957220395,-0.5903969191633016,0.5903969191633016
O=C(Nc1ccc(Cl)cc1C(O)c1ccccc1)c1ccncc1,-5.529900012971186,-4.638803925324671,0.891096087646515,0.891096087646515
O=C(O)CCCCCCCCCCCC(=O)O,-3.789999973786103,-2.996278335930451,0.7937216378556524,0.7937216378556524
O=C(O)c1cc(-c2ccccc2)nc2ccccc12,-3.192599965912676,-4.375173350714714,-1.1825733848020383,1.1825733848020383
C[Si]1(C)O[Si](C)(C)O[Si](C)(C)O[Si](C)(C)O1,-6.953687090546319,-5.435399335257538,1.5182877552887817,1.5182877552887817
c1cc[nH]c1,-0.17339962814106613,0.9459856572644028,1.1193852854054689,1.1193852854054689
C=CC1(C(C)CCC)C(=O)NC(=O)NC1=O,-2.3599997872808642,-2.6922993719537,-0.3322995846728358,0.3322995846728358
Cn1c(=O)c2c(ncn2C)n(C)c1=O,-0.9099999842564261,-0.4524309695878972,0.45756901466852895,0.45756901466852895
CC(C)C(C)C(C)C,-4.6961002769500375,-4.447892553482947,0.24820772346709052,0.24820772346709052
Cc1ccc2c(c1)C(=O)c1ccccc1C2=O,-6.117146002017084,-5.927385498571333,0.18976050344575146,0.18976050344575146
O=C1C=Cc2ccccc2C1=NO,-2.9399999974844877,-3.4568581143867956,-0.5168581169023079,0.5168581169023079
CCN(CCCl)CCCl,-3.026499932278195,-1.7749534986318871,1.2515464336463078,1.2515464336463078
C=CC(=O)NC(C)(C)CC(C)(C)C,-2.2588292695838255,-2.651751930525795,-0.3929226609419696,0.3929226609419696
ClCc1ccc(Cl)cc1Cl,-3.512942072119966,-5.646605080089989,-2.133663007970023,2.133663007970023
COc1ccc(C(=O)c2coc(S(N)(=O)=O)c2)cc1,-4.148099894000584,-2.97969240100986,1.168407492990724,1.168407492990724
O=C1NC(=O)C2(CCCC2)C(=O)N1,-2.3489998705204105,-2.375180056125107,-0.026180185604696593,0.026180185604696593
O=C1CCCCCCCN1,0.6329003159789499,-1.093936028050791,-1.726836344029741,1.726836344029741
ClC1=C(Cl)C2(Cl)C3CC=CC3C1(Cl)C2(Cl)Cl,-5.639999940221808,-6.70405051248159,-1.0640505722597817,1.0640505722597817
Cc1ccc(NS(=O)(=O)c2cc(NNC3=C4C(=O)C=C(S(=O)(=O)[O-])C=C4C=CC3=N)ccc2Cl)c(C)c1,-0.6308710577824961,-2.3304159270287115,-1.6995448692462154,1.6995448692462154
COc1cc(NC(=O)C(N=Nc2ccc(-c3ccc(N=NC(C(C)=O)C(=O)Nc4cc(OC)c(Cl)cc4OC)c(Cl)c3)cc2Cl)C(C)=O)c(OC)cc1Cl,-8.52843723885547,-8.030453806195906,0.4979834326595647,0.4979834326595647
CCC1C(N)CN1c1cc2c(cc1F)c(=O)c(C(=O)O)cn2C1CC1,-3.910000088372267,-4.07922998576664,-0.16922989739437266,0.16922989739437266
Brc1cc(Br)c(OCCOc2c(Br)cc(Br)cc2Br)c(Br)c1,-6.536300332602092,-7.2707465026949105,-0.7344461700928182,0.7344461700928182
CC1CC1(C(=O)O)C(=O)O,0.8412003182505932,-0.4477808429075987,-1.2889811611581918,1.2889811611581918
CC(CN)CCCN,-1.3272485772612954,1.3689713388850806,2.696219916146376,2.696219916146376
CC(=O)CC(C)=Nc1ccc(O)cc1,-3.5899998748271056,-1.815716020496111,1.7742838543309947,1.7742838543309947
O=C(Nc1ccc([N+](=O)[O-])cc1Cl)c1cc(Cl)ccc1O,-4.449850051155252,-4.9237909900166255,-0.47394093886137334,0.47394093886137334
CCCCCC(=O)N(C)c1ccc(S(=O)(=O)N(C)C)cc1,-2.94999998690441,-3.684987442474408,-0.734987455569998,0.734987455569998
CC(C)CCC(C)Nc1ccc(Nc2ccccc2)cc1,-5.624837407835815,-5.22665157368192,0.3981858341538951,0.3981858341538951
CC(O)C1C(=O)N2C(C(=O)O)=C(SCC(=N)N(C)C)C(C)C12,-0.2799997449997127,-1.2876176000253021,-1.0076178550255894,1.0076178550255894
CCC1CCCCN1C(=O)COC(=O)c1ccccc1,-2.7199999585057144,-3.1555312857725983,-0.4355313272668839,0.4355313272668839
CCN1C(=O)C(C(N)=O)=C(C)/C(=N/Nc2cc(Nc3nc(Cl)nc(Nc4ccc(S(=O)(=O)[O-])c(Nc5nc(N)nc(Cl)n5)c4)n3)c(S(=O)(=O)[O-])cc2S(=O)(=O)[O-])C1=O,-0.7590010265251719,-0.6618752149637159,0.09712581156145594,0.09712581156145594
CCC(C)OC(=S)S,0.46887713878931203,-2.0687301171083883,-2.5376072558977003,2.5376072558977003
C=CC1CN2CCC1CC2C(O)c1ccnc2ccc(OC)cc12,-2.1912029838310176,-2.5866254501842927,-0.39542246635327505,0.39542246635327505
COc1cc(OC)c(NC(=O)c2cc3ccccc3cc2O)cc1Cl,-5.377540661990867,-5.820131134147693,-0.4425904721568257,0.4425904721568257
CCOc1ccc(NC(C)=O)c2cccnc12,-1.5170999024154364,-2.809838984291877,-1.2927390818764406,1.2927390818764406
C[C@H]1CCCC[C@@H]1C,-4.334099716189838,-4.5026563873187575,-0.16855667112891926,0.16855667112891926
CCOP(=O)(OCC)OP(=O)(OCC)OCC,0.5373001158807571,0.1187470305263627,-0.4185530853543944,0.4185530853543944
CC(C)N(C(=O)CCl)c1ccccc1,-2.480600042882342,-3.1344103903767815,-0.6538103474944394,0.6538103474944394
CCN(CC)CCOC(=O)c1ccc(NC(C)=O)cc1,-1.6499998051984135,-2.5362397264910777,-0.8862399212926642,0.8862399212926642
C=C(C)C(=O)OCC[N+](C)(C)CCCS(=O)(=O)[O-],0.9627401920585457,-0.4521320032955396,-1.4148721953540853,1.4148721953540853
Clc1cccc(-c2c(Cl)cc(Cl)cc2Cl)c1,-7.1546998239484765,-6.985260194660642,0.16943962928783485,0.16943962928783485
CN1C2CCC1[C@@H](C(=O)O)[C@@H](O)C2,-0.017299747833465773,-0.27991251199104683,-0.26261276415758106,0.26261276415758106
CCc1cccc(C)c1N,-1.7061270688753636,-1.523595862995872,0.18253120587949168,0.18253120587949168
COC(=O)c1ccc(C(=O)OC)c(N=NC(C(C)=O)C(=O)Nc2ccc3[nH]c(=O)[nH]c3c2)c1,-6.314069274057297,-6.791494978377187,-0.4774257043198906,0.4774257043198906
CCCOC(=O)c1ccc(O)c(I)c1,-3.6865000794079013,-3.4350782267508704,0.2514218526570309,0.2514218526570309
Nc1ccc2c(c1)C(=O)c1ccccc1C2=O,-6.136600067164842,-5.87476439452433,0.2618356726405118,0.2618356726405118
CCCC1(CCC)C(=O)NC(=O)NC1=O,-2.529999874846685,-2.421479527582093,0.10852034726459214,0.10852034726459214
CC(C)CC1NC(=O)CNC1=O,-1.249999883334243,-1.2746774389565982,-0.024677555622355296,0.024677555622355296
O=c1ccc2nc3ccc(O)cc3oc-2c1,-1.0276998113332247,-3.2675772199550646,-2.23987740862184,2.23987740862184
NCC(=O)NCC(=O)NCC(=O)O,-0.5299998859518236,-0.171892650310983,0.35810723564084057,0.35810723564084057
C=C[C@H]1CN2CC[C@H]1C[C@@H]2[C@@H](O)c1ccnc2ccccc12,-3.088723603130778,-2.466068707566963,0.6226548955638149,0.6226548955638149
CCn1cc(C(=O)O)c(=O)c2cc(F)c(N3CCN(C)CC3)cc21,-1.4699998748662648,-2.9408437775669736,-1.4708439027007087,1.4708439027007087
Clc1cc(Cl)c(Cl)c(-c2cccc(Cl)c2Cl)c1,-6.96000044152159,-7.688022839109182,-0.7280223975875924,0.7280223975875924
O=C1Nc2ccc(Cl)cc2C(c2ccccc2Cl)=NC1O,-3.6036000115776687,-4.580705775364908,-0.9771057637872396,0.9771057637872396
Clc1cc(Cl)c2cc(Cl)ccc2c1,-6.555700015146346,-7.217097098150187,-0.6613970830038411,0.6613970830038411
COC(=O)C(C)N(C(=O)c1ccccc1)c1ccc(F)c(Cl)c1,-3.9820001019132,-5.253036246157404,-1.2710361442442037,1.2710361442442037
CC(=O)C(N=Nc1ccc(-c2ccc(N=NC(C(C)=O)C(=O)NN)c(Cl)c2)c(Cl)c1)C(=O)NN,-8.70529774706404,-5.718533112596081,2.98676463446796,2.98676463446796
Clc1cc(Cl)cc(-c2c(Cl)c(Cl)c(Cl)c(Cl)c2Cl)c1,-9.10000061010928,-8.895612014482525,0.20438859562675482,0.20438859562675482
O[Si](O)(c1ccccc1)c1ccccc1,-2.733020468490826,-2.855311778063497,-0.1222913095726712,0.1222913095726712
Cc1cccc(C(=O)O)c1O,-2.039999884296256,-1.2490180979060161,0.79098178639024,0.79098178639024
N#Cc1ccc2c(c1)C(=O)OC2,-2.7020999728719124,-2.603927296193011,0.09817267667890128,0.09817267667890128
CCCC[NH+](C)C,-0.6670323144934271,-0.18194597850588368,0.48508633598754347,0.48508633598754347
Nc1ccc(N)cc1,-0.46579998027356995,-0.35647548821706865,0.1093244920565013,0.1093244920565013
CCCCCCCCCCCCCC(=O)[O-],-6.70703134168277,-5.031195113640268,1.6758362280425017,1.6758362280425017
O=c1[nH]c2ccccc2[nH]1,-2.3927518482678414,-2.817478256294829,-0.42472640802698747,0.42472640802698747
COC(=O)c1ccc(NC(C)=O)cc1,-1.8999998771370683,-2.5361422794908908,-0.6361424023538225,0.6361424023538225
CCCC(C)C(=O)OCC,-2.489690460829293,-2.314726649438097,0.174963811391196,0.174963811391196
O=C(O)CNC(Cc1ccc(O)cc1)C(=O)O,-2.5899998286195824,-1.1205858502250838,1.4694139783944986,1.4694139783944986
COc1ccc2c3c1OC1C(OC(C)=O)CCC4C(C2)N(C)CCC341,-1.7499998891846404,-2.374955693378926,-0.6249558041942858,0.6249558041942858
O=C(O)C1=CC(O)C(O)C(O)C1,0.010000319125359258,0.3124758077049301,0.30247548857957085,0.30247548857957085
c1cnoc1,0.38270031205761734,0.9859118740661175,0.6032115620085001,0.6032115620085001
CCONC(=O)c1cn(C)c(=O)c(F)c1Nc1ccc(Br)cc1F,-4.190000033677186,-4.403073696715767,-0.213073663038581,0.213073663038581
CCOC(=O)c1ccc(O)c(OC)c1,-1.7199998777914636,-2.6863114194245212,-0.9663115416330577,0.9663115416330577
CC=CCCCC,-3.819999916165824,-3.804016192664234,0.01598372350158961,0.01598372350158961
CC(=O)CC(=O)N(C)C,0.8888753659170137,0.7517309975494166,-0.13714436836759702,0.13714436836759702
FC(F)(F)C(Cl)(Cl)Cl,-4.33319232726742,-3.8785619055648612,0.4546304217025585,0.4546304217025585
CCCCCCOC(=O)c1ccc(O)cc1,-3.9489998685376455,-3.9775432129103256,-0.028543344372680135,0.028543344372680135
OC(Cn1cncn1)(c1ccc(F)cc1)c1ccccc1F,-3.3650998588898022,-3.8867446930422966,-0.5216448341524944,0.5216448341524944
NC(Cc1ccc(O)cc1)C(=O)O,-2.6560999508014773,-0.7925164453514304,1.863583505450047,1.863583505450047
O=C([O-])CNS(=O)(=O)c1ccc2ccccc2c1,-2.849699905737323,-2.3141612912047194,0.5355386145326038,0.5355386145326038
CCOP(=O)(OCC)OP(=O)(OCC)OP(=O)(OCC)OP(=O)(OCC)OCC,0.29560008528166026,-0.029912371038935515,-0.3255124563205958,0.3255124563205958
CCCCCCCC(=O)OC1C(O)C(O)OC(CO)C1O,-2.6300000450997323,-2.3219501498740343,0.30804989522569803,0.30804989522569803
CCN(CC)c1ccc(N=Nc2c(C#N)cc(C)cc2C#N)c(NS(C)(=O)=O)c1,-7.233105183401824,-6.737687394990801,0.49541778841102246,0.49541778841102246
ClCCCCCl,-0.9199998960362101,-2.179666763502256,-1.259666867466046,1.259666867466046
COC1=CC(=O)CC(C)C12Oc1c(Cl)c(OC)cc(OC)c1C2=O,-3.9700000421451644,-4.207944222429699,-0.23794418028453457,0.23794418028453457
Cc1ccc(OCCCS(=O)(=O)[O-])c([N+](=O)[O-])c1,0.17031057237020564,-1.5729120506512728,-1.7432226230214785,1.7432226230214785
CN1CCN(C2=Nc3cc(Cl)ccc3Nc3ccccc32)CC1,-4.639999928521014,-3.8917449939994695,0.7482549345215448,0.7482549345215448
Cc1cc(N=Nc2ccc(Nc3nc(N)nc(Cl)n3)c3c(S(=O)(=O)[O-])cccc23)c(C)cc1N=Nc1cc(S(=O)(=O)[O-])ccc1S(=O)(=O)[O-],-0.38694548124712336,0.051018052750695375,0.43796353399781873,0.43796353399781873
CCOCC,-0.0888998283955873,0.11494549330378101,0.2038453216993683,0.2038453216993683
CCC(Br)(CC)C(=O)NC(N)=O,-2.6799999835726616,-1.93663491122497,0.7433650723476917,0.7433650723476917
O=C(O)C(F)(F)Cl,0.8845001888463075,0.5728334881669723,-0.3116667006793352,0.3116667006793352
CCC(C)Nc1c([N+](=O)[O-])cc(C(C)(C)C)cc1[N+](=O)[O-],-5.470300268230925,-5.523392872210843,-0.053092603979917996,0.053092603979917996
COC(=O)c1ccc(O)c(I)c1,-3.313800051968915,-2.74035885907801,0.5734411928909049,0.5734411928909049
C=CCNC(=O)CN(CC=C)C(=O)C(Cl)Cl,-1.0396998711012604,-2.045343803251963,-1.0056439321507027,1.0056439321507027
C=CCNC(N)=S,-0.29399981472908765,-0.5033968549008501,-0.20939704017176242,0.20939704017176242
COc1ccc2cc(C(C)C(=O)OC(C)C)ccc2c1,-5.47999997147614,-5.734246096308908,-0.2542461248327683,0.2542461248327683
CCCCOC(=O)C(C)O,-0.5628999808023987,-0.881199702786228,-0.3182997219838293,0.3182997219838293
CC(C)C1C(C)CCCC1O,-0.28999979480640903,-2.50631883902546,-2.216319044219051,2.216319044219051
CCOC(=O)c1ccc(NS(=O)(=O)c2ccccc2)nc1,-4.239999730603018,-4.186479243194519,0.05352048740849913,0.05352048740849913
Clc1ccc(Cl)c(-c2ccc(Cl)c(Cl)c2Cl)c1,-7.9100004802427275,-7.678919136071908,0.2310813441708195,0.2310813441708195
OCC(CO)(CO)CO,-0.3416160629308065,1.1735031465558712,1.5151192094866777,1.5151192094866777
O=C(O)c1cc2ccccc2cc1O,-3.4172455982503416,-3.002911132941212,0.41433446530912965,0.41433446530912965
CC(=O)Nc1cc(N(CCOC(C)=O)CCOC(C)=O)ccc1N=Nc1ccc([N+](=O)[O-])cc1Cl,-6.96371502178933,-6.41024339005744,0.55347163173189,0.55347163173189
O=C1/C(=N\Nc2ccc(N=Nc3ccc(S(=O)(=O)[O-])cc3)cc2)C(S(=O)(=O)[O-])=Cc2cc(Nc3nc(NCCO)nc(NCCO)n3)ccc21,-0.28369776203795993,-0.4155107028854266,-0.13181294084746664,0.13181294084746664
NNC(=O)c1ccc([N+](=O)[O-])cc1,-2.1599999988824194,-2.4377544188554867,-0.27775441997306727,0.27775441997306727
C[n+]1ccc(-c2cc[n+](C)cc2)cc1,0.4349001579678351,1.2643566011350544,0.8294564431672193,0.8294564431672193
Cc1ccc(S(N)(=O)=O)cc1,-1.7421952954473063,-1.5855590425579418,0.15663625288936456,0.15663625288936456
CC(=O)C(N=Nc1ccc(C(=O)Nc2ccc(C(N)=O)cc2)cc1)C(=O)Nc1ccc2[nH]c(=O)[nH]c2c1,-6.672808672957139,-6.744749956046826,-0.0719412830896875,0.0719412830896875
O=C(O)COc1ccccc1,-1.1030997727949785,-1.4514814941579774,-0.34838172136299894,0.34838172136299894
CCC(=O)OC/C=C(C)/C=C/C=C(C)/C=C/C1=C(C)CCCC1(C)C,-7.534690398396119,-5.609913662008353,1.9247767363877664,1.9247767363877664
Nc1nc(=O)c(O[C@@H]2O[C@H](CO)[C@@H](O)[C@H](O)[C@H]2O)c(N)[nH]1,-1.4831998025841917,-1.4746882350013104,0.008511567582881296,0.008511567582881296
C=CC(=O)OC(C)COCC(C)OC(=O)C=C,-1.66829803298135,-1.6757012444572914,-0.0074032114759414736,0.0074032114759414736
NC(=O)C(Br)(Br)Br,-1.266799967009493,-1.3571069730423029,-0.09030700603280994,0.09030700603280994
CCOc1nsc(N)n1,-0.6513999384974687,-2.1035664534867524,-1.4521665149892837,1.4521665149892837
C=CC(=O)OCC(C)CC,-2.653206268342144,-2.4729454843988368,0.18026078394330725,0.18026078394330725
Nc1ccc2c(c1)C=C(S(=O)(=O)O)/C(=N/Nc1ccc(N=Nc3ccc(S(=O)(=O)O)cc3)cc1)C2=O,-0.6359043471717434,-2.0033460785482617,-1.3674417313765184,1.3674417313765184
CCC(=O)OOC(=O)CC,-0.9633998361434477,-0.1677579161217575,0.7956419200216902,0.7956419200216902
O=C(O)c1ccccc1C(=O)O,-1.4245731475766734,-1.2179425808110618,0.20663056676561165,0.20663056676561165
CC(CC(=O)O)CC(C)(C)C(=O)O,-0.2790371453123157,-0.6207271839330311,-0.34169003862071534,0.34169003862071534
CC1(C)CC(N(C=O)CCCCCCN(C=O)C2CC(C)(C)NC(C)(C)C2)CC(C)(C)N1,-1.5399556408204198,-2.4950781688229733,-0.9551225280025535,0.9551225280025535
CCN(CC)C(=O)C(C)OC(=O)c1ccccc1OC(C)=O,-1.599999832218756,-2.085037996813856,-0.4850381645951001,0.4850381645951001
CC(=O)Oc1ccc(NC(=O)Nc2ccccc2)cc1,-4.440000036602385,-4.845199294231476,-0.40519925762909104,0.40519925762909104
CCCCCCCCCCCCCCC(C)c1cc(C)cc(C)c1O,-7.335707212714565,-6.529130110554359,0.8065771021602064,0.8065771021602064
Clc1cccc2c(Cl)cccc12,-5.699999963008162,-5.626844319142776,0.07315564386538576,0.07315564386538576
OCc1ccc(I)cc1,-2.745999984482941,-2.5681434050607064,0.17785657942223443,0.17785657942223443
O=C(O)c1ccccc1C(=O)c1ccc(O)cc1,-2.729999939298955,-2.7009787457553873,0.02902119354356758,0.02902119354356758
NNC(=O)c1ccc([N+](=O)[O-])s1,-1.9699999497301184,-2.645752142188874,-0.6757521924587555,0.6757521924587555
C=CC(=O)CCC,-0.8299997238297672,-1.191527818468664,-0.3615280946388968,0.3615280946388968
CCOC(=O)C(=Cc1ccoc1)NC=O,-2.747699906683259,-2.673087889104566,0.07461201757869285,0.07461201757869285
O=C(NC(CO)C(=O)O)c1ccccc1,-0.9099999842564261,-0.993617930058289,-0.08361794580186288,0.08361794580186288
CC(C)=CCCC(C)=CC=O,-2.0599998458827367,-3.0302706204858447,-0.9702707746031081,0.9702707746031081
Nc1ccc(N=Nc2ccccc2)cc1,-3.7597031355177117,-4.263357196834742,-0.5036540613170306,0.5036540613170306
Clc1ccc(Oc2c(Cl)c(Cl)c(Cl)c(Cl)c2Cl)c(Cl)c1,-9.640001091240288,-8.978543552448794,0.6614575387914936,0.6614575387914936
COc1c(Cl)c(Cl)cc(Cl)c1Cl,-5.130700095091552,-6.46517423645731,-1.3344741413657584,1.3344741413657584
CCN(CC)c1ccc(C(c2ccc(N(CC)CC)cc2)c2c(S(=O)(=O)O)ccc3ccc(S(=O)(=O)O)cc23)cc1,-0.6984759493638744,-2.1352698550064226,-1.4367939056425483,1.4367939056425483
CC(C)[C@H]1CC[C@@H](C)CC1O,-2.8302606871093356,-2.6003041242480376,0.22995656286129806,0.22995656286129806
ClCc1ccccc1Cl,-3.206909353952842,-3.7542024179894664,-0.5472930640366243,0.5472930640366243
O=[N+]([O-])c1cc(C2CCCCC2)c(O)c([N+](=O)[O-])c1,-4.249199914452092,-3.909466821396032,0.3397330930560596,0.3397330930560596
CCCC(Cn1cncn1)c1ccc(Cl)cc1Cl,-3.590300083361675,-4.584654173222331,-0.9943540898606562,0.9943540898606562
CCCCOCCOCCOC(=O)CCCCC(=O)OCCOCCOCCCC,-2.8821849169987748,-2.6247576966982216,0.2574272203005532,0.2574272203005532
CC1=NN(c2ccccc2)C(=O)C1N=Nc1ccccc1,-7.541447091814165,-6.494377970592587,1.0470691212215781,1.0470691212215781
O=S1(=O)OC(c2ccc(O)cc2)(c2ccc(O)cc2)c2ccccc21,-3.0699998728834994,-3.4967671813446386,-0.4267673084611392,0.4267673084611392
CC(=O)N[C@@H](Cc1c[nH]c2ccccc12)C(=O)[O-],-2.312199997792321,-2.2904438507853366,0.02175614700698425,0.02175614700698425
COc1cccc(C(N)=O)c1,-1.7199998777914636,-1.1716190926713104,0.5483807851201532,0.5483807851201532
OCC(O)C(O)C(O)C(O)C(O)CO,0.3722003287740421,0.9610800043556478,0.5888796755816057,0.5888796755816057
CCCOP(=O)(OCC)OCC,0.406300429601421,-0.26448082712578413,-0.6707812567272051,0.6707812567272051
C=CCn1c(=O)n(CC=C)c(=O)n(CC=C)c1=O,-1.8526019184973825,-2.016508600972916,-0.1639066824755333,0.1639066824755333
Cn1cnc2nc(Cl)nc(Cl)c21,-1.1521998103054891,-2.1317371942092853,-0.9795373839037962,0.9795373839037962
CCCC(C)C(O)CC,-1.9635999178538328,-1.780507011454143,0.18309290639968978,0.18309290639968978
C[C@H](CCC(=O)O)[C@H]1CC[C@H]2[C@@H]3[C@H](O)C[C@@H]4C[C@H](O)CC[C@]4(C)[C@H]3CC[C@]12C,-3.640199848802897,-4.390991372907913,-0.7507915241050163,0.7507915241050163
COc1ccc2c(c1)c(CC(=O)O)c(C)n2C(=O)c1ccc(Cl)cc1,-4.770000023900417,-4.750182947972927,0.019817075927489824,0.019817075927489824
O=S(=O)(O)c1ccc(O)cc1,0.7590094326965073,-0.43146633791033295,-1.1904757706068403,1.1904757706068403
CN/C(=C\[N+](=O)[O-])NCCSCc1ccc(CN(C)C)o1,-2.4999999324669644,-2.291882505293759,0.20811742717320536,0.20811742717320536
CC(Cl)C(C)Cl,-2.354099895921826,-2.145444232803538,0.20865566311828765,0.20865566311828765
C=CC(=O)NCOCCCC,-0.6536627517001046,-1.432673947068116,-0.7790111953680114,0.7790111953680114
NC(=O)CBr,0.06430038253535253,-0.18220878174718047,-0.246509164282533,0.246509164282533
NC1=CC(=O)C(=O)c2ccccc21,-3.8399998777523043,-3.659149770652946,0.18085010709935823,0.18085010709935823
CCc1cccnc1,0.538000188380682,0.048443022672107094,-0.4895571657085749,0.4895571657085749
c1ccccc1,-1.64230866958311,-2.058458016257261,-0.41614934667415127,0.41614934667415127
C/C=C/CC(C)C(O)C1C(=O)NC(CC)C(=O)N(C)CC(=O)N(C)C(CC(C)C)C(=O)NC(C(C)C)C(=O)N(C)C(CC(C)C)C(=O)NC(C)C(=O)NC(C)C(=O)N(C)C(CC(C)C)C(=O)N(C)C(CC(C)C)C(=O)N(C)C(C(C)C)C(=O)N1C,-4.639999928521014,-1.7569876396541202,2.883012288866894,2.883012288866894
CC(Cl)(Cl)Cl,-2.139999968282483,-2.642708614262716,-0.502708645980233,0.502708645980233
CCCCCCCCCCCCCC[N+](C)(C)C,-2.898070986729393,-2.8029506822128143,0.09512030451657871,0.09512030451657871
O=C1C=Cc2ccccc2/C1=N/Nc1ccc(N=Nc2ccc(S(=O)(=O)O)cc2)cc1,-4.6584415662659815,-4.4311013035300935,0.22734026273588803,0.22734026273588803
C=CC(=O)OCCOCCOCC,-0.18125087497480674,-0.6863432457329783,-0.5050923707581716,0.5050923707581716
S=C=Nc1ccccc1,-3.177200027237276,-3.5260729173682135,-0.3488728901309375,0.3488728901309375
CCCCS(=O)(=O)C(S(=O)(=O)CCCC)S(=O)(=O)CCCC,-2.969999970057595,-1.678939907930919,1.2910600621266761,1.2910600621266761
Cc1ncc[nH]1,0.5121364294727675,0.60422522491834,0.09208879544557247,0.09208879544557247
CCOc1ccc(NC(C)=O)c(C)c1,-1.838999849370045,-2.3590162765162317,-0.5200164271461867,0.5200164271461867
CCCSP(=O)(OCC)Oc1ccc(Br)cc1Cl,-4.365622992588767,-5.245962919002208,-0.8803399264134413,0.8803399264134413
CCCCCN1C(=O)CCC(N2C(=O)c3ccccc3C2=O)C1=O,-4.699999813280455,-3.995662695841645,0.7043371174388096,0.7043371174388096
COC1=CC(=O)C2(Oc3c(Cl)c(OC)cc(OC)c3C2=O)C(C)C1,-4.400000113429424,-4.3476004045499845,0.0523997088794399,0.0523997088794399
CC(C(=O)O)N(CCC#N)CCC#N,-0.16999974923370154,-0.5732958917939897,-0.4032961425602881,0.4032961425602881
N=C1C=CC2=CC(S(=O)(=O)[O-])=CC(=O)C2=C1NNc1ccccc1S(=O)(=O)c1ccccc1,-2.088831528475516,-1.7761737945648204,0.31265773391069573,0.31265773391069573
ClC(Cl)=C(c1ccc(Cl)cc1)c1ccccc1Cl,-6.356299988189207,-6.709075244202267,-0.3527752560130599,0.3527752560130599
Clc1cccc(-c2ccccc2Cl)c1,-5.585100287904151,-5.221055134489893,0.36404515341425814,0.36404515341425814
S=c1[nH]c2ccccc2[nH]1,-2.176687107529833,-2.083963043219729,0.09272406431010394,0.09272406431010394
FC(F)(F)C(F)(F)C(F)(F)C(F)(F)C(F)(F)C(F)(F)C(F)(F)C(F)(F)F,-7.641525437059748,-6.526828097708588,1.11469733935116,1.11469733935116
NC(=O)CNC(=O)OCc1ccccc1,-1.8799998465371317,-1.8849000779827816,-0.004900231445649883,0.004900231445649883
CC(=O)OC1(C(C)=O)CCC2C3C=C(C)C4=CC(=O)CCC4(C)C3CCC21C,-5.349999876096737,-4.459602894761758,0.8903969813349786,0.8903969813349786
CCOC(=O)CNc1nc(Cl)nc(NC(C)C)n1,-2.5622000007175196,-3.8253319648070603,-1.2631319640895406,1.2631319640895406
C#CC1CN2CCC1CC2C(O)c1ccnc2ccc(OC)cc12,-2.119999799655634,-2.7750143284409785,-0.6550145287853444,0.6550145287853444
CCC(C)(C)CC,-4.2286000879041215,-4.624237531173531,-0.3956374432694094,0.3956374432694094
O=C(O)CCNC(=O)Nc1ccc([N+](=O)[O-])cc1,-2.6999999796658702,-2.8322005000834842,-0.132200520417614,0.132200520417614
c1ccc2c(c1)ccc1ccccc12,-5.190299977858725,-5.797344547225845,-0.6070445693671198,0.6070445693671198
OCC(O)C(O)C(O)CO,0.6252746051201457,1.0168795921424518,0.3916049870223062,0.3916049870223062
O=C([O-])CN(CCN(CC(=O)[O-])CC(=O)[O-])CCN(CC(=O)[O-])CC(=O)[O-],0.20129871842958202,0.062796993404993,-0.13850172502458902,0.13850172502458902
Nc1c(N=Nc2cc(Nc3nc(Cl)nc(Nc4cccc(S(=O)(=O)[O-])c4)n3)ccc2S(=O)(=O)[O-])c(S(=O)(=O)[O-])cc2c1C(=O)/C(=N\Nc1cc(Nc3nc(Cl)nc(Nc4cccc(S(=O)(=O)[O-])c4)n3)ccc1S(=O)(=O)[O-])C(S(=O)(=O)[O-])=C2,-0.9572053263397937,0.7753750076513781,1.7325803339911718,1.7325803339911718
CC(=O)Nc1ccc(C)cc1F,-1.7402999098856011,-2.221978499431771,-0.48167858954616993,0.48167858954616993
CCC(C)C(=O)O,-0.355953194380374,-0.3544613995106598,0.0014917948697141803,0.0014917948697141803
CCOP(=O)(Sc1ccccc1)Sc1ccccc1,-3.3304998590922734,-4.55344449396848,-1.2229446348762067,1.2229446348762067
CCOC(=O)CC(NC1CCC(CC2CCC(NC(CC(=O)OCC)C(=O)OCC)CC2)CC1)C(=O)OCC,-3.7440776608673754,-3.2583853522274664,0.485692308639909,0.485692308639909
N#Cc1cc(Br)c(O)c(Br)c1,-3.328399848632867,-2.700857696153172,0.6275421524796951,0.6275421524796951
O=Cc1cc(O)cc(Br)c1,-3.2501999767454226,-1.9930708030781488,1.2571291736672738,1.2571291736672738
O=c1cc(Br)c2ccccc2o1,-1.6532998906480794,-4.101139273632983,-2.4478393829849034,2.4478393829849034
CCN(CC)C(=O)C(C)OC(=O)c1ccccc1,-2.2799999064282144,-2.1628117451158526,0.11718816131236176,0.11718816131236176
c1ccc2c(c1)Cc1cc3ccccc3cc1-2,-7.733000288798763,-6.358398549366032,1.3746017394327312,1.3746017394327312
ClCCOCCCl,-1.1199997879548391,-1.7494138269143955,-0.6294140389595564,0.6294140389595564
C=CC(C)(CCC=C(C)C)OC(C)OCC,-3.9764017993578555,-3.8687608905659117,0.10764090879194388,0.10764090879194388
C=CC(=O)OCCCCCCCCCCCCCC,-4.428848704318979,-6.145759533074743,-1.7169108287557648,1.7169108287557648
O=C(O)CSC(SCC(=O)O)SCC(=O)O,-1.4242998542900307,-0.8173940019699195,0.6069058523201112,0.6069058523201112
BrCCc1ccccc1,-3.675699956603213,-3.576660470914152,0.09903948568906085,0.09903948568906085
O=C(O)Cc1cc(O)ccc1O,0.7037003925565357,-0.5902513937726535,-1.2939517863291892,1.2939517863291892
CCOc1ccccc1C(=O)N(O)c1ccccc1,-3.3699998487883556,-3.0164664368252767,0.35353341196307886,0.35353341196307886
CCCCC(CC)COC(=O)C1CCC(C(=O)OCC(CC)CCCC)CC1,-6.926268044388966,-5.770261458573385,1.1560065858155806,1.1560065858155806
CCC1(CCO)C(=O)NC(=S)NC1=O,-1.4699998748662648,-2.001826402242234,-0.5318265273759692,0.5318265273759692
Cn1nc(S(N)(=O)=O)sc1=NS(=O)(=O)c1ccc([N+](=O)[O-])cc1[N+](=O)[O-],-2.739999937345559,-2.361091442131398,0.3789084952141608,0.3789084952141608
O=C(OCCOC(=O)c1ccccc1)c1ccccc1,-5.070092753890437,-4.450288838709918,0.619803915180519,0.619803915180519
O=C([O-])c1cc(S(=O)(=O)[O-])ccc1NN/C(=N\Nc1cc(S(=O)(=O)[O-])cc([N-]c2nc(Cl)nc(N=C3C=C(S(=O)(=O)[O-])C(=Nc4nc(Cl)nc(Nc5cccc(S(=O)(=O)[O-])c5)n4)C=C3S(=O)(=O)[O-])n2)c1[O-])c1ccccc1,-0.8254111571524199,0.11075830888782612,0.936169466040246,0.936169466040246
CCCN(CCC)C(=O)COC(=O)c1ccccc1,-2.379099985931839,-3.4213469299267554,-1.0422469439949165,1.0422469439949165
Cc1cccc(Cl)c1,-3.522799954206843,-3.2814752877961424,0.2413246664107005,0.2413246664107005
CC(C)COC(=O)[C@H](C)Cl,-2.5175441882406657,-2.212038215278164,0.3055059729625018,0.3055059729625018
O=C(NCCc1c[nH]cn1)c1ccccc1,-0.6339998518338166,-2.3839123287409887,-1.749912476907172,1.749912476907172
O=C1c2ccccc2C(=O)c2ccccc21,-6.03976066144671,-5.534992377878961,0.5047682835677492,0.5047682835677492
O=C1/C(=N/Nc2ccccc2)C(S(=O)(=O)[O-])=Cc2cc(S(=O)(=O)[O-])cc(Nc3nc(Nc4ccc(/C=C/c5ccc(Nc6nc(Nc7cc(S(=O)(=O)[O-])cc8c7C(=O)/C(=N/Nc7ccccc7)C(S(=O)(=O)[O-])=C8)nc(N7CCOCC7)n6)cc5S(=O)(=O)[O-])c(S(=O)(=O)[O-])c4)nc(N4CCOCC4)n3)c21,-1.1447960467218978,-0.2866338705195064,0.8581621762023914,0.8581621762023914
NC(=O)c1ccccc1O,-1.7599998699778805,-0.9053795333623038,0.8546203366155767,0.8546203366155767
CCOC(=O)/C=C/c1ccccc1,-3.01304668204252,-3.708740769891026,-0.6956940878485063,0.6956940878485063
O=[N+]([O-])c1cc([N+](=O)[O-])cc([N+](=O)[O-])c1,-2.884599859582302,-2.2807575361506296,0.6038423234316723,0.6038423234316723
Cc1cc(=O)oc2c3c4c(cc12)CCCN4CCC3,-3.89000005777233,-3.202113022265536,0.6878870355067943,0.6878870355067943
c1ccc(CNc2ncnc3[nH]cnc23)cc1,-3.5999998556203456,-3.3760827638332973,0.22391709178704833,0.22391709178704833
Cc1cc([N+](=O)[O-])ccc1N/N=C1\C(=O)C(C(=O)Nc2ccccc2C)=Cc2ccccc21,-7.981148384639676,-7.603024762209774,0.37812362242990183,0.37812362242990183
Oc1ccc(Cl)cc1Cc1ccccc1,-3.1665999399354496,-3.5012128901676047,-0.3346129502321551,0.3346129502321551
CN[C@@H](CC(C)C)C(=O)O,-0.5145999472764236,-0.7177051686712579,-0.20310522139483433,0.20310522139483433
O=C([O-])c1ccccc1-c1c2cc(I)c(=O)c(I)c-2oc2c(I)c([O-])c(I)cc12,-1.0993149368288029,-2.2687225555737447,-1.1694076187449418,1.1694076187449418
Cc1ccc(C=O)cc1,-1.7237013455025219,-2.1982530534514666,-0.47455170794894475,0.47455170794894475
CCC(CC)(Cc1ccc(C)cc1)C(=O)NO,-3.349999852695147,-3.841640258593266,-0.49164040589811897,0.49164040589811897
Cc1cccc(C)c1OCC(=O)NC(Cc1ccccc1)C(O)C(=O)N1CSC(C)(C)C1C(=O)NC(C)(C)C,-5.010000253072745,-4.5174681933202265,0.49253205975251824,0.49253205975251824
COC(=O)C1CCC(C(=O)OC)CC1,-1.3871944934979703,-0.9846641242479315,0.4025303692500388,0.4025303692500388
CCC1(CC=C2CCCc3cc(OC)ccc32)C(=O)CCC1O,-4.12276891897471,-4.506832667608629,-0.3840637486339187,0.3840637486339187
NCc1ccccn1,0.966000387730515,0.974417544905283,0.008417157174767986,0.008417157174767986
CN1CC[C@]23c4c5ccc(OCCN6CCOCC6)c4O[C@H]2[C@@H](O)C=CC3[C@H]1C5,-1.2993998533254985,-1.3563370589246804,-0.05693720559918192,0.05693720559918192
O=C(c1ccccc1)C1CCCCC1,-4.014709926664969,-3.744420726758259,0.2702891999067094,0.2702891999067094
C=CC=C(C)C=CC=CC,-2.0899997882624572,-2.8677346832778103,-0.7777348950153531,0.7777348950153531
C/C=C\CC,-2.538399847670854,-2.549618813141359,-0.011218965470504827,0.011218965470504827
O=[N+]([O-])C(Cl)(Cl)Cl,-2.0062998544746016,-1.8169973243243451,0.18930253015025644,0.18930253015025644
O=c1c2cc(Cl)ccc2[nH]c2cc3c(=O)c4cc(Cl)ccc4[nH]c3cc12,-7.419805906252478,-6.965835667272147,0.4539702389803306,0.4539702389803306
Nc1ccccn1,0.9757003670295541,0.6265770270659838,-0.34912333996357026,0.34912333996357026
Oc1ccccc1,-2.037378201121261,-0.18263942571401115,1.8547387754072497,1.8547387754072497
Clc1ncnc2nc[nH]c12,-1.4900999059642683,-1.2921135506443984,0.19798635531986997,0.19798635531986997
C=C(C)C(=O)OC,-0.7999998504635029,-0.7312881210712217,0.0687117293922812,0.0687117293922812
CC1=CCC2CC1C2(C)C,-3.772570349363188,-5.087143356411776,-1.3145730070485877,1.3145730070485877
Clc1cc(Cl)c(Cl)nc1Cl,-3.861424691155962,-5.472719603952275,-1.6112949127963132,1.6112949127963132
CCCCCCCCCCCCCCO,-5.787142702073153,-5.519322458562817,0.26782024351033584,0.26782024351033584
Cc1oc([C@H](O)[C@H](O)[C@H](O)CO)cc1C(=O)[O-],-1.2773998817776788,-0.7460164207906606,0.5313834609870183,0.5313834609870183
CC(=O)OCC1OC(OC(C)=O)C(OC(C)=O)C(OC(C)=O)C1OC(C)=O,-2.4153527199789937,-1.603884185588805,0.8114685343901886,0.8114685343901886
C[C@]12CCC(=O)C=C1CC[C@@H]1[C@@H]2CC[C@]2(C)C(=O)CC(O)[C@@H]12,-2.2130967436697104,-3.944645050436525,-1.7315483067668147,1.7315483067668147
O=C1Nc2ccc(Cl)cc2C(=O)N2CCCC12,-4.699999813280455,-4.2202567751275115,0.47974303815294306,0.47974303815294306
Ic1ccc(I)cc1,-5.372300332232951,-4.51158852290386,0.8607118093290902,0.8607118093290902
O=C1C(=O)c2ccccc2-c2ccccc21,-4.443500123048185,-5.181923814676954,-0.7384236916287685,0.7384236916287685
COC(=O)[C@@H]1C2C=CC(C2)[C@@H]1C(=O)OC,-1.201999920315925,-2.062782399424187,-0.8607824791082619,0.8607824791082619
CCC(C)C(NC(C)=O)C(=O)O,-0.6899998546974917,-0.7920144414708647,-0.10201458677337305,0.10201458677337305
Clc1ccc(Oc2ccc(Cl)c(Cl)c2Cl)c(Cl)c1Cl,-8.14000079763527,-8.429527705504478,-0.28952690786920776,0.28952690786920776
O=C(O)c1ccccc1-c1c2ccc(=O)cc-2oc2cc(O)ccc12,-3.819999916165824,-4.326225832942456,-0.5062259167766325,0.5062259167766325
CN(C)c1ccc(C=O)cc1,-2.2827688643187893,-1.8262425049468756,0.45652635937191377,0.45652635937191377
COc1ccc(S(=O)(=O)CCOS(=O)(=O)[O-])cc1N/N=C1/C(=O)c2c(cc(S(=O)(=O)[O-])c(N=Nc3ccc(S(=O)(=O)CCOS(=O)(=O)[O-])cc3)c2N)C=C1S(=O)(=O)[O-],-0.4161044946627679,0.7384536367336079,1.1545581313963758,1.1545581313963758
CN=C(NC#N)NCCSCc1nc[nH]c1C,-1.4297999506971701,-2.2241510430336677,-0.7943510923364976,0.7943510923364976
CCN(CC)c1cccc(O)c1,-2.0112787612603453,-1.5775202171501874,0.4337585441101579,0.4337585441101579
O=[N+]([O-])CCl,-0.2809996119534697,-1.4360382150320694,-1.1550386030785997,1.1550386030785997
Cc1cnc2c(=O)[nH]cnc2n1,-1.5599997710188829,-1.6970315094259243,-0.13703173840704141,0.13703173840704141
CC(SC(=S)SC(C)C(=O)O)C(=O)O,-1.409999852079911,-1.1862066049400546,0.2237932471398565,0.2237932471398565
O=C(O)CC(C(=O)O)C(CC(=O)O)C(=O)O,-0.17999979904039787,0.4785947855331445,0.6585945845735424,0.6585945845735424
CC(C)OC=O,-0.6300999014226614,-0.6005631083476524,0.029536793075009005,0.029536793075009005
CCCCCCCCCCCCCCCCCCCCCC(=O)[O-],-6.829833609631951,-6.1486456758139845,0.6811879338179665,0.6811879338179665
O=C(O)c1ccc(Cl)c(N=Nc2ccc(O)cc2)c1,-4.079999899884263,-4.590102923618041,-0.5101030237337776,0.5101030237337776
Clc1cc(-c2c(Cl)cc(Cl)c(Cl)c2Cl)c(Cl)c(Cl)c1Cl,-9.420000547600615,-9.350124147121116,0.06987640047949917,0.06987640047949917
Cn1c(C(N)=O)c(C(N)=O)c2ccccc21,-1.8183998847951628,-2.1732227010409,-0.3548228162457372,0.3548228162457372
Clc1ccccc1I,-3.539999901847448,-3.9179789410865635,-0.37797903923911536,0.37797903923911536
CC1C(=O)CCC2C(O)CCC(O)C12,-0.29999984461310536,-0.43312128059055777,-0.1331214359774524,0.1331214359774524
CC(=O)NNC(C)=O,0.32866829691159394,0.31332881402384505,-0.01533948288774889,0.01533948288774889
Cc1cc(C(O)(c2ccc(N)cc2)c2ccc(N)cc2)ccc1N,-3.027199927137982,-3.1007786838767877,-0.07357875673880576,0.07357875673880576
CC(C)NCC(O)COc1cccc2ccccc12,-3.6201998872164163,-2.624221531156826,0.9959783560595903,0.9959783560595903
CCCCCc1c2ccccc2cc2c1ccc1ccccc12,-8.569999902731142,-7.418558971125442,1.1514409316057002,1.1514409316057002
CN(CCO)S(=O)(=O)C(F)(F)C(F)(F)C(F)(F)C(F)(F)F,-3.403685040716922,-3.714628031787576,-0.3109429910706538,0.3109429910706538
CCS(=O)(=O)CCSP(=S)(OC)OC,-2.5415000011378424,-2.506184297292554,0.03531570384528848,0.03531570384528848
O=Cc1ccc(B(O)O)cc1,-2.267384660711408,-2.245052596412244,0.022332064299164234,0.022332064299164234
N=C(c1ccccc1)c1ccccc1,-2.7811278595804367,-2.6894148165239518,0.09171304305648498,0.09171304305648498
CCCCCOC(C)=O,-1.8840998669578772,-1.8557018649240022,0.02839800203387499,0.02839800203387499
CC(=O)Nc1ccc2c(c1)C(=O)OC2,-2.599999809412823,-2.7211895434506284,-0.12118973403780542,0.12118973403780542
CC(C)CCCCCCCOC(=O)CC(C(=O)OCCCCCCCC(C)C)S(=O)(=O)[O-],-0.4691060008804713,-3.1527530973322535,-2.6836470964517822,2.6836470964517822
CC(C)CCCC(C)CC#N,-3.587759214943917,-4.381439634512841,-0.7936804195689238,0.7936804195689238
CC1c2nc3ccccc3c(=O)n2CN1Cc1ccccc1,-3.9999999845248846,-3.9204370623703104,0.07956292215457417,0.07956292215457417
Cc1c[nH]c2ccccc12,-2.420599847562348,-2.227953408417724,0.1926464391446241,0.1926464391446241
CC(CCCCO[N+](=O)O)O[N+](=O)O,-2.8399998487981453,-2.677198606611026,0.16280124218711922,0.16280124218711922
Cc1ccc(Cl)cc1,-3.1023857139650297,-3.3189553571487647,-0.21656964318373495,0.21656964318373495
C=Cc1ccc(S(=O)(=O)[O-])cc1,-0.03325096599717403,-0.7353182308608135,-0.7020672648636395,0.7020672648636395
NC(=NO)N1Cc2cccc3c(Cl)ccc(c23)C1,-1.9999998921098392,-2.630249442477158,-0.6302495503673189,0.6302495503673189
C=CC(=O)OCCCS(=O)(=O)[O-],1.1562685541602415,-0.2614279478763084,-1.41769650203655,1.41769650203655
Clc1cc2c(c(Cl)c1Cl)Oc1c(Cl)c(Cl)c(Cl)c(Cl)c1O2,-11.47950066031168,-9.300322380787732,2.179178279523949,2.179178279523949
CC(=O)OCC(=O)C1(O)CCC2C3CCC4=CC(=O)CCC4(C)C3C(O)CC21C,-4.610000193181662,-3.877354584161698,0.732645609019964,0.732645609019964
CCCOP(=O)(OCCC)Oc1ccc(SC)cc1,-3.3864998274492204,-4.586150384953244,-1.199650557504024,1.199650557504024
CCc1c[nH]c(=O)nc1N,-1.01969990951478,-1.5446522825702123,-0.5249523730554322,0.5249523730554322
CC(C)(CO)COC(=O)C(C)(C)CO,0.06820212729636932,-0.3950308217243719,-0.4632329490207412,0.4632329490207412
CSC,-0.9312187234798028,-1.1335264253745252,-0.20230770189472236,0.20230770189472236
CCSS(=O)(=O)CC,-1.1089998711943856,-1.099408519075441,0.009591352118944574,0.009591352118944574
COc1ccc(C(=O)Nc2ccc(C(N)=O)cc2)cc1[N+](=O)[O-],-4.6536055173346185,-4.983205226586559,-0.3295997092519407,0.3295997092519407
NS(=O)(=O)c1ccc(CCCO)cc1,-1.031999763736648,-1.4672012411895143,-0.4352014774528663,0.4352014774528663
CC1NC(=O)c2ccccc2NC1=O,-2.38000002492117,-2.459081440191677,-0.07908141527050727,0.07908141527050727
CO[Si](CCC(F)(F)C(F)(F)C(F)(F)C(F)(F)C(F)(F)C(F)(F)F)(OC)OC,-2.8923560932185226,-6.354999774673967,-3.4626436814554444,3.4626436814554444
C=CC1CC=CCC1,-3.335192877635614,-3.356228144585622,-0.02103526695000779,0.02103526695000779
O=C(O)c1cccc([N+](=O)[O-])c1O,-2.148999806068141,-1.9480578804720698,0.20094192559607116,0.20094192559607116
COc1cc(Oc2ccc(Cl)cc2Cl)ccc1[N+](=O)[O-],-5.909999904733487,-5.540350306566282,0.36964959816720544,0.36964959816720544
CC12CCC3C(CCC4CCCCC43C)C1CCC2=O,-6.699999974708957,-5.0258199315888925,1.6741800431200646,1.6741800431200646
COc1ccc2ccc(=O)oc2c1,-3.122100063362932,-3.442022153675649,-0.3199220903127169,0.3199220903127169
CC(=O)CC(=O)Nc1ccc(S(=O)(=O)[O-])cc1,0.4217475734808773,-1.1432353764228735,-1.5649829499037509,1.5649829499037509
O=C1CC(C(=O)O)Cc2ccccc21,-2.103099991536142,-1.6876992338216406,0.41540075771450136,0.41540075771450136
Clc1ccc(Oc2c(Cl)ccc(Cl)c2Cl)cc1,-6.639999951922603,-7.16670154003946,-0.5267015881168566,0.5267015881168566
S=c1ncc2nccnc2[nH]1,-2.6799999835726616,-2.611078643060467,0.06892134051219445,0.06892134051219445
Clc1ccc(Cl)c(-c2cc(Cl)c(Cl)c(Cl)c2)c1,-7.314899931717191,-7.862525295545527,-0.5476253638283364,0.5476253638283364
NC(=O)C1CCCN1C(=O)COC(=O)c1ccccc1,-2.269999856621518,-2.1653622064040254,0.1046376502174926,0.1046376502174926
CC12CCC3c4ccc(O)cc4CCC3C1CCC2=O,-5.11000019903206,-4.437723282681592,0.6722769163504676,0.6722769163504676
Cc1c(Cl)cccc1Nc1ccccc1C(=O)O,-5.059999949998577,-4.270438391523948,0.7895615584746292,0.7895615584746292
Nc1nc(Cl)nc(Nc2cc(S(=O)(=O)[O-])cc3cc(S(=O)(=O)[O-])c(N=Nc4cc(S(=O)(=O)[O-])c5cccc(S(=O)(=O)[O-])c5c4[O-])c([O-])c23)n1,-0.590781279089533,0.7609462263319462,1.3517275054214792,1.3517275054214792
Clc1ccccc1,-2.449320245956968,-2.713250753047669,-0.2639305070907012,0.2639305070907012
CCCCC(CC)CO[N+](=O)[O-],-4.146693675816587,-4.775662025875856,-0.6289683500592691,0.6289683500592691
O=C1c2ccccc2Cc2ccccc2N1CCF,-3.535000083984469,-4.80037395019941,-1.2653738662149414,1.2653738662149414
O=C(O)CN(CP(=O)(O)O)CP(=O)(O)O,-0.025599858186479807,0.5232175060577395,0.5488173642442193,0.5488173642442193
CCn1c(O)c(N=Nc2ccc(S(=O)(=O)c3ccc(N=Nc4c(C)c(CS(=O)(=O)[O-])c(=O)n(CC)c4O)cc3)cc2)c(C)c(CS(=O)(=O)[O-])c1=O,-2.102187288577594,-1.4320133502651504,0.6701739383124437,0.6701739383124437
CCOP(=S)(OCC)SC[S+]([O-])C(C)(C)C,-2.4420999546467455,-2.4642278426356743,-0.02212788798892884,0.02212788798892884
CC1(C)[C@H]2CC[C@@]1(C)C(=O)C2,-3.1824998293410927,-2.5387743146843196,0.6437255146567731,0.6437255146567731
O=C(O)c1cc(Cl)cc(Cl)c1,-3.1136998662450304,-2.7604988144604388,0.3532010517845916,0.3532010517845916
CN(C)c1ccc(N=Nc2ccc(S(=O)(=O)O)cc2)cc1,-3.8599999083522407,-2.1113757401391093,1.7486241682131314,1.7486241682131314
CCCC(=O)NNC(=O)CCC,-0.9999998804090442,-1.5239612202331159,-0.5239613398240717,0.5239613398240717
Nc1ncc2ncn(COCCO)c2n1,-1.0774997833167481,-1.3905791894449657,-0.3130794061282176,0.3130794061282176
CCCCCCCCCCCCCCCCCCCCCCOC(=O)CCCCCCCCC(=O)OCCCCCCCCCCCCCCCCCCCCCC,-6.4056603444565905,-7.212713639464734,-0.8070532950081439,0.8070532950081439
Cc1cc(N)ccc1S(=O)(=O)Nc1ccccc1Cl,-5.050000176245705,-4.310880414897473,0.7391197613482321,0.7391197613482321
CCCn1c(=O)c2[nH]c(C(C3CC3)C3CC3)nc2n(CCC)c1=O,-4.590000231595181,-4.717207214374333,-0.12720698277915155,0.12720698277915155
CC(=O)OC(C)C#N,0.24750019077873153,-0.32255592659116905,-0.5700561173699006,0.5700561173699006
C=CCOCC=C,-0.020599971310044207,-0.47190132191132284,-0.45130135060127863,0.45130135060127863
CCN(CCC#N)c1ccc(N=Nc2ccc([N+](=O)[O-])cc2)cc1,-7.208650955323806,-5.698809342861405,1.5098416124624015,1.5098416124624015
CCOc1ccc(NS(=O)(=O)c2ccc([N+](=O)[O-])cc2)cc1,-4.719999774866936,-4.721631252972045,-0.0016314781051089966,0.0016314781051089966
CCN(CC)CCSCCN(CC)CC,-2.3663000256994517,-1.6150948694445635,0.7512051562548883,0.7512051562548883
O=C1CCCCCO1,0.9425471308215534,-0.0842731662904046,-1.026820297111958,1.026820297111958
Cc1cccc2n[nH]nc12,-1.5169633937990274,-1.284473208932875,0.23249018486615247,0.23249018486615247
NCc1ccc(CN)cc1,1.1750722364965545,1.031970902641623,-0.1431013338549314,0.1431013338549314
O=C1OCc2ccc(I)cc21,-3.2109000225522024,-2.513641822358543,0.6972582001936596,0.6972582001936596
N[C@H](Cc1ccc(O)cc1)C(=O)O,-2.604899799311376,-0.7925164453514304,1.8123833539599454,1.8123833539599454
CCCCCCCCCCCC(=O)OCCC(C)C,-6.733128090018893,-6.747002831311766,-0.013874741292873694,0.013874741292873694
CCCC(C(=O)O)C(=O)O,0.6803001379819538,-0.29483763808763364,-0.9751377760695874,0.9751377760695874
Cc1cc(N(CCO)CCO)ccc1N=Nc1ccccc1,-4.125400126006665,-3.946666316542381,0.1787338094642834,0.1787338094642834
CC(C)(C)C(=O)C(Oc1ccc(Cl)cc1)n1cncn1,-3.6136998548420634,-4.864515056412962,-1.2508152015708989,1.2508152015708989
CC1=C(/C=C/C(C)=C/C=C/C(C)=C/CO)C(C)(C)CCC1,-3.8099999353725837,-4.64354777227852,-0.8335478369059364,0.8335478369059364
CCCC(C(C)=O)C(C)=O,-0.8799996968094246,-0.7875233217937043,0.09247637501572026,0.09247637501572026
O=C(O)CC(O)(CC(=O)O)C(=O)[O-],0.42524848808815197,0.4979646542643099,0.07271616617615795,0.07271616617615795
Clc1ccc(Oc2c(Cl)ccc(Cl)c2Cl)c(Cl)c1Cl,-7.960000453222385,-8.37721108882633,-0.41721063560394533,0.41721063560394533
C=C(C)C(=O)NCNC(=O)C(=C)C,-1.189236571722064,-1.1602924662090974,0.028944105512966667,0.028944105512966667
COC(C)=O,0.46000035199609934,0.3071805432358605,-0.15281980876023882,0.15281980876023882
Clc1ccc(CSC(Cn2cncn2)=Nc2ccc(Cl)cc2Cl)cc1,-5.384200184462551,-5.855975343040736,-0.4717751585781853,0.4717751585781853
CC(C)(C)c1cc(-c2cc(C(C)(C)C)cc(C(C)(C)C)c2O)c(O)c(C(C)(C)C)c1,-6.889187390414234,-6.983659910637744,-0.09447252022351016,0.09447252022351016
Cc1ccc(N(SC(F)(Cl)Cl)S(=O)(=O)N(C)C)cc1,-5.586400225365566,-4.621740624327387,0.9646596010381785,0.9646596010381785
O=CC1CC=CCC1,-0.9775499411266513,-1.352884867817499,-0.37533492669084767,0.37533492669084767
CC[C@H]1OC[C@@H](COc2ccc(Oc3ccccc3)cc2)O1,-4.787399834510245,-4.06074473151734,0.7266551029929049,0.7266551029929049
O=C1C=Cc2cc(S(=O)(=O)[O-])cc(S(=O)(=O)[O-])c2/C1=N/Nc1ccc(S(=O)(=O)[O-])c2ccccc12,-0.8782997573557423,0.7617605851153764,1.6400603424711186,1.6400603424711186
NC(=O)NN=Cc1ccc([N+](=O)[O-])o1,-2.920000014331302,-3.2325937468880332,-0.3125937325567314,0.3125937325567314
c1ccc2sc(SNC3CCCCC3)nc2c1,-5.917143073506381,-5.3164745193327825,0.6006685541735983,0.6006685541735983
O=C(O)CCCCCCCCCCBr,-3.6989998656124468,-4.320798062637439,-0.6217981970249924,0.6217981970249924
O=C(O)c1cc(/N=N/c2ccc(S(=O)(=O)Nc3ccccn3)cc2)ccc1O,-6.139999946072206,-4.377072601029969,1.762927345042237,1.762927345042237
Cc1c([N+](=O)[O-])cccc1[N+](=O)[O-],-3.0002998707981066,-2.4564654851335486,0.543834385664558,0.543834385664558
O=C([O-])C(F)(F)F,0.6610694003785333,0.48813161702167296,-0.1729377833568604,0.1729377833568604
Cc1ccccc1N=C(N)N=C(N)N,-1.8422414114088341,-1.5245699189170017,0.31767149249183246,0.31767149249183246
Cc1ccc(N)cc1C,-1.5035999041898525,-1.3111228930802554,0.19247701110959703,0.19247701110959703
CCCCCCCCCCCCC(CCCCCCCCCC)C(=O)O,-5.867639721357705,-6.56878413828473,-0.7011444169270256,0.7011444169270256
O=C1CC=NC=N1,0.5860001513989999,-0.3847036481351789,-0.9707037995341787,0.9707037995341787
FC(F)(F)C(Cl)Cl,-1.8622998964061914,-2.869836350060166,-1.0075364536539746,1.0075364536539746
C[C@H]1CC(=O)C[C@@H]2CC[C@H]3[C@@H]4CC[C@H](O)[C@@]4(C)CC[C@@H]3[C@]21C,-5.006429220793947,-4.803842290455347,0.2025869303386001,0.2025869303386001
O=C(OCc1ccccc1)n1cc(F)c(=O)[nH]c1=O,-2.819999861331619,-3.2750330886981045,-0.45503322736648544,0.45503322736648544
O=C1C=Cc2cc(S(=O)(=O)[O-])ccc2/C1=N\Nc1ccc(N=Nc2ccc(Nc3ccccc3)c(S(=O)(=O)[O-])c2)c2ccccc12,-1.0156299099474915,-1.5047747892685908,-0.4891448793210993,0.4891448793210993
O=C(O)COc1ccc2ccccc2c1,-3.3599998679951155,-3.559258037792989,-0.19925816979787347,0.19925816979787347
CCOC(=O)CN(C)C(=O)COC(=O)c1ccccc1,-1.6699997667848938,-1.8435143646088652,-0.17351459782397138,0.17351459782397138
CCCCCCCCCNC(=O)c1cccnc1,-3.139800013493872,-3.479177307676374,-0.3393772941825022,0.3393772941825022
O=c1[nH]c2nc[nH]c(=O)c2[nH]c1=O,-3.690000027826789,-3.111035964088191,0.578964063738598,0.578964063738598
Cc1cc(NS(=O)(=O)c2ccc(N)cc2)sn1,-1.0761998458553337,-3.1057625423780157,-2.029562696522682,2.029562696522682
CCOP(=O)(N=C1SCCS1)OCC,-2.5940999180537845,-2.987157267382255,-0.39305734932847036,0.39305734932847036
CCCCCOC(=O)c1ccc(O)c(Cl)c1,-3.9500000115452276,-4.210288747564503,-0.2602887360192754,0.2602887360192754
CCCCCCNCCCCCC,-3.157399842353197,-3.8466516017034347,-0.6892517593502379,0.6892517593502379
CC1(C)CC(=O)CC(C)(C)N1[O],0.10341279266128689,-0.8011563779628861,-0.904569170624173,0.904569170624173
C[C@]12CC[C@@H]3C4=C(CC[C@H]3[C@@H]1CCC2=O)CC(=O)CC4,-4.054976931913512,-3.8722417912708815,0.18273514064263008,0.18273514064263008
C=C[C@@H](COC(C)=O)OC(C)=O,-0.8176813740016313,-1.2197120858286166,-0.40203071182698524,0.40203071182698524
CCCCC/C(C=O)=C/c1ccccc1,-3.0466584522803477,-4.741335698938979,-1.6946772466586313,1.6946772466586313
CCOP(=S)(OCC)SCSc1ccc(Cl)cc1,-6.0500003259734125,-5.692222146491843,0.35777817948156976,0.35777817948156976
C=CCc1ccccc1OCC(O)CNC(C)C,-2.8800000501816014,-2.1004321383589337,0.7795679118226677,0.7795679118226677
c1ccc2c(c1)ccc1ccc3ccccc3c12,-7.820700380536209,-6.630037445436092,1.190662935100117,1.190662935100117
Nc1ccc2cccc(S(=O)(=O)O)c2c1,-2.5399998901466536,-1.9256391352718896,0.614360754874764,0.614360754874764
C=C(C)C(=O)OC(C)(C)C,-2.4863754684730828,-1.7926506192111222,0.6937248492619605,0.6937248492619605
CS(=O)(=O)NS(C)(=O)=O,0.04020033151466995,0.25919300263966294,0.218992671124993,0.218992671124993
CN(C)CCCNC=O,0.8854194480831965,0.2017923026684878,-0.6836271454147087,0.6836271454147087
Nc1ccc(-c2ccc(N)cc2S(=O)(=O)O)c(S(=O)(=O)O)c1,-2.691927113370834,-1.0978873244733762,1.5940397888974576,1.5940397888974576
C=CC(=O)OCCOC(=O)NCCCC,-1.6348404474314064,-1.9356155824765577,-0.3007751350451513,0.3007751350451513
CC(C)CN(C)Cc1cc(C(=O)c2csc(S(N)(=O)=O)c2)ccc1O,-1.419999763859695,-2.8269336346516503,-1.4069338707919552,1.4069338707919552
C=C(C)C(=O)OCCCCCCCCCCCCCCCCCC,-8.529656844653841,-6.8470833849879496,1.6825734596658917,1.6825734596658917
O=C([O-])C(F)(F)C(F)F,-0.8828997802668228,-0.0042037543806103805,0.8786960258862124,0.8786960258862124
OC(c1ccccc1)(c1ccccc1)C1CCNCC1,-1.3899998904934308,-2.4338415629280177,-1.043841672434587,1.043841672434587
CC(N)CC(=O)O,0.9867002837900078,0.3768769566215302,-0.6098233271684776,0.6098233271684776
CC(O)CC(C)(C)O,0.9275002649881898,0.9208815984825898,-0.006618666505600057,0.006618666505600057
O=C1OC(c2ccc(O)cc2)(c2ccc(O)cc2)c2ccccc21,-2.900799925846416,-3.9343206373855812,-1.0335207115391651,1.0335207115391651
COC(OC(C)=O)C(OC(C)=O)C(OC(C)=O)C(COC(C)=O)OC(C)=O,-1.8199999617776905,-1.507893783409128,0.3121061783685626,0.3121061783685626
Cc1ccc(S(=O)(=O)NC(=O)NN2CCCCCC2)cc1,-3.677799898049163,-3.57259930506926,0.10520059297990292,0.10520059297990292
CCCC(=O)O,-0.1668996647801695,-0.2782363131663055,-0.111336648386136,0.111336648386136
N=c1nc(N2CCCCC2)cc(N)n1O,-1.978199852544697,-1.5073552023967647,0.4708446501479324,0.4708446501479324
Cc1ccccc1OCC(=O)O,-2.4423998871274897,-1.8920058414624026,0.5503940456650871,0.5503940456650871
NCC(F)F,0.522530684141409,0.5382193751176456,0.015688690976236597,0.015688690976236597
C=C1C=CC(=O)O1,-0.9826998632569157,-0.5752970059706284,0.40740285728628733,0.40740285728628733
Nc1ccc(S(=O)(=O)Nc2ccn(Cc3ccccc3)c(=O)n2)cc1,-4.800000173320507,-4.113656658268866,0.6863435150516413,0.6863435150516413
CC(C)c1ncc([N+](=O)[O-])n1C,-1.259999795114027,-2.16589747477049,-0.9058976796564633,0.9058976796564633
c1cc2ccc3ccc4ccc5cccc6c(c1)c2c3c4c56,-9.026500175016604,-7.0091601066582765,2.017340068358328,2.017340068358328
Nc1ccc(S(=O)(=O)Nc2ccc([N+](=O)[O-])cc2)cc1,-3.940000030751987,-3.8609631981742,0.07903683257778704,0.07903683257778704
Cc1cc(N/N=C2\C(=O)C=Cc3ccccc32)c(S(=O)(=O)[O-])cc1Cl,-6.889673245146042,-2.433748187721748,4.455925057424294,4.455925057424294
CN1CCCC1=O,1.003781942366647,0.7851387553839673,-0.2186431869826797,0.2186431869826797
CCN(CCC#N)c1ccc(N=Nc2ccc([N+](=O)[O-])cc2Cl)cc1,-4.252611663673926,-6.3672885867428395,-2.114676923068913,2.114676923068913
CCCC(C)O[N+](=O)[O-],-2.4808999753630867,-2.5266478912779395,-0.04574791591485283,0.04574791591485283
CCCCCC=O,-3.356110994243684,-1.6667887086937554,1.6893222855499286,1.6893222855499286
CC(C)OC(=O)C1(S(=O)(=O)c2ccc(Cl)cc2)CC1,-3.540100040372428,-3.8480441552231004,-0.3079441148506725,0.3079441148506725
O=C(O)COc1ccc(Cl)cc1Cl,-1.0319612542280756,-2.8334697438102436,-1.801508489582168,1.801508489582168
CCCCCCCC(=O)NCC(=O)O,-2.1115375766939524,-2.141769818367319,-0.030232241673366467,0.030232241673366467
CC(=O)c1cccc(Nc2ccccc2C(=O)O)c1,-4.860000196106861,-3.628370045231363,1.2316301508754979,1.2316301508754979
Nc1cccc(C(=O)O)c1,-1.3662998414650165,-1.345841906583041,0.02045793488197556,0.02045793488197556
COC(=O)c1ccccc1OC(C)=O,-1.8399999233641708,-1.9835622671066715,-0.14356234374250065,0.14356234374250065
CC(SSC(C)C(=O)O)C(=O)O,-0.6199999201313542,-0.444178892600414,0.1758210275309402,0.1758210275309402
CN1C(CCl)Nc2cc(Cl)c(S(N)(=O)=O)cc2S1(=O)=O,-3.779999923979407,-2.0937198896066955,1.6862800343727113,1.6862800343727113
Clc1ccc(Oc2ccc(Cl)c(Cl)c2Cl)cc1,-7.0100006905550725,-7.281513153973332,-0.27151246341825974,0.27151246341825974
CCOC1CC1,-0.6406999542177596,-0.45561966731921943,0.18508028689854017,0.18508028689854017
NS(=O)(=O)c1ccc(SCCCO)cc1,-2.2471998810891627,-1.6496160903818142,0.5975837907073485,0.5975837907073485
C/C=C/CC1(C/C=C/C)C(=O)NC(=O)NC1=O,-2.197299839594116,-2.780692203511348,-0.5833923639172318,0.5833923639172318
C=C(C)C(=O)[O-],-3.2935843198115538,-0.24943009653887183,3.044154223272682,3.044154223272682
OC[C@@H](O)[C@@H](O)C(O)[C@H](O)[C@@H](O)CO,-0.516999683176206,0.9610800043556478,1.4780796875318538,1.4780796875318538
C=CC(=O)NCNC(=O)C=C,-0.6552424697130466,-0.5618291680156444,0.09341330169740214,0.09341330169740214
COc1ccc2cc(C(C)C(=O)OCCOC(=O)CN)ccc2c1,-1.9799999305233587,-4.101609669350598,-2.1216097388272392,2.1216097388272392
c1ccc2c(c1)ccc1c3ccccc3ccc21,-8.057500455743481,-6.624511123915588,1.4329893318278932,1.4329893318278932
Nc1ccn([C@H]2CC[C@@H](CO)O2)c(=O)n1,-0.44159999776827696,-0.8745951150256976,-0.4329951172574207,0.4329951172574207
O=c1cc(O)nc[nH]1,-1.5871609829037874,-0.9192512380631044,0.667909744840683,0.667909744840683
CN[C@@H](Cc1ccc(O)cc1)C(=O)O,-2.1324998619140043,-1.350978164048973,0.7815216978650312,0.7815216978650312
Fc1ccc(F)cc1,-1.970899954212721,-1.822005354788615,0.148894599424106,0.148894599424106
CN(C)CCNC(=O)NC1CCCCC1,-0.6599998433043148,-1.4579865645146344,-0.7979867212103195,0.7979867212103195
C=C(C)C(=O)NC(C)C,-0.6201427779857358,-0.9485394446687982,-0.32839666668306244,0.32839666668306244
OCC1=C[C@@H](O)[C@@H]2C=CO[C@@H](O[C@@H]3O[C@H](CO)[C@@H](O)[C@H](O)[C@H]3O)[C@H]12,0.011900121548263254,-0.14455862873169645,-0.1564587502799597,0.1564587502799597
CCCC(CCC)C(=O)O,-1.857977307589127,-1.897697381197104,-0.039720073607977024,0.039720073607977024
Nc1ccc(S(=O)(=O)Nc2ccc(I)cc2)cc1,-4.520000020975219,-3.881990079989277,0.6380099409859423,0.6380099409859423
OCC1OC(Oc2ccccc2)C(O)C(O)C1O,-1.4599999630864808,-1.364049864765238,0.0959500983212429,0.0959500983212429
C[C@H](O)C(=O)Nc1c(I)c(C(=O)NC(CO)CO)c(I)c(C(=O)NC(CO)CO)c1I,-0.744299918107485,-1.5326558115019,-0.788355893394415,0.788355893394415
OCCCBr,0.009300246625434383,0.22317708826753702,0.21387684164210263,0.21387684164210263
CCCCCCCCCCCCCCNC(=O)C(C)O,-3.978400014969333,-4.909158757028248,-0.9307587420589147,0.9307587420589147
CCCCCCCCCCCC(=O)OC(C)C(=O)[O-],-4.085731467423574,-4.035787947451107,0.04994351997246671,0.04994351997246671
CC1CCCCCCCCCCCCC(=O)C1,-5.743865191837255,-3.6361912021981904,2.1076739896390646,2.1076739896390646
CC(=O)/C=C/[C@H]1C(C)=CC[C@@H](C)C1(C)C,-3.8026769175327733,-4.181198195497432,-0.3785212779646585,0.3785212779646585
N[C@@H](CCC(=O)[O-])C(=O)[O-],0.37196568302288435,0.22813832760848785,-0.1438273554143965,0.1438273554143965
CCCC(=O)NCCNC(=O)CCC,-0.622199793061915,-1.325308332953045,-0.7031085398911301,0.7031085398911301
CCCCC(CC)CNS(=O)(=O)c1ccc(N)cc1,-5.453967543681218,-3.605959788686298,1.8480077549949199,1.8480077549949199
O=C(Nc1cccc2c(=O)c3c(ccc4c5cc(NC(=O)c6ccccc6)c6c(=O)c7ccccc7c(=O)c6c5[nH]c43)c(=O)c12)c1ccccc1,-5.647162156708619,-7.098405271653641,-1.4512431149450222,1.4512431149450222
CN(C)C(=S)SC(=S)N(C)C,-2.8302990715310186,-3.5998396063749962,-0.7695405348439777,0.7695405348439777
O=C(O)C=Cc1ccc2c(c1)OCO2,-3.1900000047230272,-3.3289829778312225,-0.1389829731081953,0.1389829731081953
Nc1nc(Cl)nc(Nc2cc(S(=O)(=O)[O-])cc3cc(S(=O)(=O)[O-])c(N=Nc4cc([N+](=O)[O-])ccc4[O-])c([O-])c23)n1,-0.4949750048110584,-0.46860192659621935,0.02637307821483903,0.02637307821483903
CCC(C)c1cc([N+](=O)[O-])cc([N+](=O)[O-])c1OC(=O)C=C(C)C,-5.508299905388723,-5.039703644631075,0.46859626075764815,0.46859626075764815
O=C(OCC1CCC2OC2C1)C1CCC2OC2C1,-1.2604845456305365,-1.2533740892358924,0.007110456394644027,0.007110456394644027
Clc1cccc(Cl)c1-c1c(Cl)cccc1Cl,-7.389800511809716,-6.469587232902025,0.9202132789076902,0.9202132789076902
CCN(C(=O)SCc1ccccc1)C(C)C(C)C,-4.733699774088653,-4.398966291855205,0.3347334822334487,0.3347334822334487
C[C@]12C[C@H](O)[C@H]3[C@@H](CCC4=CC(=O)CC[C@@]43C)[C@@H]1CC[C@@H]2C(=O)CO,-3.240799860913672,-4.008231150435132,-0.7674312895214603,0.7674312895214603
CCOC(=O)C1C(C=C(C)C)C1(C)C,-4.765268323314864,-5.024908401859101,-0.259640078544237,0.259640078544237
NNc1ccc(S(N)(=O)=O)cc1,-0.19127411330279376,-0.8542961871468595,-0.6630220738440658,0.6630220738440658
CCOc1nc(OCC)nc(OCC)n1,-1.483799943599506,-3.247985541975599,-1.764185598376093,1.764185598376093
O=c1oc(=O)c2cc3c(=O)oc(=O)c3cc12,-1.4062216414055329,-2.0762598992630426,-0.6700382578575097,0.6700382578575097
CC(C)N(CCC(C(N)=O)(c1ccccc1)c1ccccn1)C(C)C,-1.699999916204983,-2.3773915923297695,-0.6773916761247865,0.6773916761247865
CCC(O)CCC(C)C,-1.9271998745843701,-1.940965781656781,-0.013765907072410766,0.013765907072410766
CCOC(=O)C1(S(=O)(=O)c2ccc(C)cc2)CCC1,-2.959399878442428,-3.576005257160772,-0.6166053787183441,0.6166053787183441
CC(C)=CC1C(C(=O)OCc2cccc(Oc3ccccc3)c2)C1(C)C,-5.239999880330726,-6.4403986817271175,-1.2003988013963918,1.2003988013963918
CCCCC(CC)CN(CCC(=O)[O-])CCC(=O)O,0.41046939446493313,-1.7658572490478857,-2.1763266435128186,2.1763266435128186
CCCCCCC(O)CCCCCCCCCCC(=O)OCC(O)CO,-3.397432525103313,-4.518020300970009,-1.1205877758666958,1.1205877758666958
NS(=O)(=O)c1ccc(Nc2ccnc(NS(=O)(=O)c3ccc(Br)cc3)n2)cc1,-2.619999805506031,-2.653419019574315,-0.03341921406828385,0.03341921406828385
CCCCCC1(C)CCC(C)(C)C1=O,-4.016533814286027,-3.0008243558120364,1.0157094584739905,1.0157094584739905
S=c1[nH]cnc2[nH]cnc12,-2.94999998690441,-2.8677049902382707,0.08229499666613904,0.08229499666613904
O=C1CCCC1,0.553677837203923,0.5179865621298694,-0.035691275074053674,0.035691275074053674
CCO[Si](CCCCl)(OCC)OCC,-3.32858342442642,-3.7625687812604545,-0.4339853568340346,0.4339853568340346
c1ccc(-c2cccnc2)nc1,-0.5915997786803362,-0.20768302870817257,0.38391674997216363,0.38391674997216363
CCCCCCCCCCCCCCCCCOS(=O)(=O)[O-],-2.3669926102393766,-2.397966021925849,-0.030973411686472385,0.030973411686472385
C#CC1(O)CCC2C3CCC4=Cc5oncc5CC4(C)C3CCC21C,-5.510000396950055,-4.819317729851855,0.6906826670981996,0.6906826670981996
c1ccc2c(c1)ccc1cc3c(ccc4ccccc43)cc12,-8.667900735405983,-7.107833613988987,1.5600671214169957,1.5600671214169957
CC(O)CN(CC(C)O)c1nc(Nc2ccc(S(=O)(=O)[O-])cc2)nc(Nc2ccc(/C=C/c3ccc(Nc4nc(Nc5ccc(S(=O)(=O)[O-])cc5)nc(N(CC(C)O)CC(C)O)n4)cc3S(=O)(=O)[O-])c(S(=O)(=O)[O-])c2)n1,-0.08677393789009713,0.145588296028218,0.23236223391831512,0.23236223391831512
CCCCCCC1(CC)C(=O)NC(=S)NC1=O,-4.079999899884263,-3.7751005206952315,0.30489937918903154,0.30489937918903154
Clc1c(Cl)c(Cl)c2ccccc2c1Cl,-7.795400047484899,-7.811328905288791,-0.015928857803892527,0.015928857803892527
O=C(O)c1ccccc1Cl,-1.889999896343828,-1.829210773699022,0.06078912264480607,0.06078912264480607
O=c1ccc2cc3ccoc3c(O)c2o1,-3.219999964356112,-3.112861956619664,0.10713800773644788,0.10713800773644788
CCC1OC(=O)C(C)C(OC2CC(C)(OC)C(O)C(C)O2)C(C)C(OC2OC(C)CC(N(C)C)C2O)C(C)(O)CC(C)C(=O)C(C)C(O)C1(C)O,-1.2699998449207233,-1.7675471125369593,-0.497547267616236,0.497547267616236
CCCC(CO[N+](=O)O)O[N+](=O)O,-2.4999999324669644,-2.88800736878992,-0.38800743632295553,0.38800743632295553
c1ccncc1,0.5795438045424364,0.892680491839319,0.3131366872968826,0.3131366872968826
CCN(CC)c1ccc2cc(-c3nc4cc(S(N)(=O)=O)ccc4o3)c(=O)oc2c1,-7.831098776012224,-3.8693528879933914,3.9617458880188328,3.9617458880188328
OC[C@H]1O[C@@H](O[C@H]2[C@H](O)[C@@H](O)[C@H](O)O[C@@H]2CO)[C@H](O)[C@@H](O)[C@H]1O,-0.8166998646272297,0.42300499865325847,1.2397048632804881,1.2397048632804881
O=C1Nc2ccccc2C(=O)N2CC(O)CC12,-2.369999802580833,-2.3921183737531715,-0.02211857117233862,0.02211857117233862
O=S(=O)(c1cccc(O)c1)c1cccc(O)c1,-2.3299998449011436,-2.624143822005119,-0.29414397710397555,0.29414397710397555
CC(=O)CC(N)=O,0.9952275864409077,0.14741991315637337,-0.8478076732845343,0.8478076732845343
CCCCCCCCCCCCCCCCCCNC(=O)Nc1ccc(Cc2ccc(NC(=O)NCCCCCCCCCCCCCCCCCC)cc2)cc1,-5.942994686046001,-6.574612186635841,-0.6316175005898401,0.6316175005898401
O=S(=O)([O-])C(F)(F)C(F)(F)C(F)(F)C(F)(F)F,-0.8645161138250823,-0.8299204963820235,0.034595617443058835,0.034595617443058835
COc1cc2c(c(OC)c1OC)-c1ccc(OC)c(=O)cc1C(NC(C)=O)CC2,-0.9399998576226907,-3.5669720858757583,-2.6269722282530674,2.6269722282530674
O=C/C=C/c1ccccc1,-1.9688181633057575,-2.363157428956886,-0.39433926565112865,0.39433926565112865
CSc1nc(N(C)C)nc(N(C)C)n1,-2.6760000499168033,-2.959395543534709,-0.2833954936179057,0.2833954936179057
ICCI,-3.219599927857116,-3.175797725566919,0.043802202290196934,0.043802202290196934
C#CC1(OC(=O)c2ccc(-c3ccccc3)cc2)CCC2C3CCC4=CC(=O)CCC4C3CCC21C,-8.109999820053707,-5.894837372347494,2.215162447706213,2.215162447706213
Cc1ccc2nc3ccccc3c(N)c2c1,-2.39000000571441,-2.446126303202973,-0.056126297488563015,0.056126297488563015
CN(C)CCOCCO,-0.1244746087555364,0.8903820676932717,1.014856676448808,1.014856676448808
Cc1ccc(C(=O)OC(C)C)cc1N=Nc1c(O)c(C(=O)Nc2cc(Cl)c(NC(=O)c3cc4ccccc4c(N=Nc4cc(C(=O)OC(C)C)ccc4C)c3O)cc2Cl)cc2ccccc12,-7.007487772587083,-7.678554192915401,-0.6710664203283176,0.6710664203283176
COC(=O)[C@@H]1CCCN1C(=O)COC(=O)c1ccccc1,-2.084099896903419,-2.302910717571264,-0.21881082066784519,0.21881082066784519
CCOP(=S)(OCC)SCCl,-3.592400024807625,-4.424101820773055,-0.8317017959654303,0.8317017959654303
COc1c2ccoc2cc2oc(=O)ccc12,-3.5999998556203456,-3.276493447938509,0.3235064076818368,0.3235064076818368
Fc1cc(F)c(F)cc1F,-2.375699899984106,-2.0903132473806214,0.2853866526034845,0.2853866526034845
CC(C)(NC(=O)c1ccccc1)C(=O)O,-0.7599997892636297,-1.353623035745259,-0.5936232464816293,0.5936232464816293
Clc1ccc(-c2c(Cl)cccc2Cl)c(Cl)c1,-6.650000277783125,-6.740538202840456,-0.09053792505733149,0.09053792505733149
CCCCC(=O)N(Cc1ccc(-c2ccccc2-c2nn[nH]n2)cc1)[C@H](C(=O)O)C(C)C,-2.735926073024722,-4.869974020800193,-2.134047947775471,2.134047947775471
CC(C)(C)OOC(C)(C)c1ccc(C(C)(C)OOC(C)(C)C)cc1,-5.737151838869718,-5.47277233023283,0.2643795086368872,0.2643795086368872
CC(C)=CCC/C(C)=C\CCC=O,-3.53830355109349,-3.5964458006517797,-0.05814224955828973,0.05814224955828973
NS(=O)(=O)c1cc2c(cc1Cl)NCNS2(=O)=O,-2.6300000450997323,-2.1277166082766525,0.5022834368230797,0.5022834368230797
CCCl,-1.05074864938872,-1.4423183015214396,-0.39156965213271966,0.39156965213271966
CCC(CC)(C(=O)NC(N)=O)C(=O)OCc1ccccc1,-3.6600000854470682,-3.2541592097154735,0.4058408757315948,0.4058408757315948
O=C(O)c1c(Cl)ccc2cc(Cl)cnc12,-3.569999913240625,-4.082064230386802,-0.512064317146177,0.512064317146177
CCCCNc1ccc(C(=O)OCCN(C)C)cc1,-3.009999936363966,-3.1552523851426373,-0.14525244877867127,0.14525244877867127
COc1c(O)c(Cl)c(Cl)c(Cl)c1Cl,-4.019999946111366,-4.513038357592191,-0.4930384114808257,0.4930384114808257
Clc1cccc(Oc2ccc(Cl)c(Cl)c2)c1,-5.436999895334258,-6.602174504728313,-1.1651746093940547,1.1651746093940547
CCOC(=O)n1c(-c2cscn2)nc2ccccc21,-2.920000014331302,-3.843469943344647,-0.9234699290133452,0.9234699290133452
Fc1cccc2ccccc12,-3.4526998466089975,-4.047183863423367,-0.5944840168143695,0.5944840168143695
CC(C)c1ccc(-c2ccccc2)cc1,-5.609857623081901,-5.397964780279294,0.211892842802607,0.211892842802607
CCOC(=O)CCCCC(=O)O,-0.3601997303686808,-1.1831012754638495,-0.8229015450951687,0.8229015450951687
CCN(CCO)C(=O)COC(=O)c1ccccc1,-1.3699999289069502,-1.5686904975341187,-0.1986905686271685,0.1986905686271685
CCn1cc(C(=O)OC)c(=O)c2ccc(C)nc21,-2.6999999796658702,-2.7953302508834112,-0.09533027121754101,0.09533027121754101
Cc1ccc(NC(=O)NC(C)(C)c2ccccc2)cc1,-5.349500218673683,-4.821042238095953,0.5284579805777296,0.5284579805777296
CC(C)CC(N)C(=O)O,-1.0455998314737551,-0.5828567399652838,0.46274309150847137,0.46274309150847137
c1cn[nH]c1,1.2878899136532342,1.125333962542895,-0.16255595111033916,0.16255595111033916
O=C(O)c1cccc2ncccc12,-2.677400039636377,-2.2881905614396594,0.3892094781967175,0.3892094781967175
C=CC(O)C(=O)OCC,0.36270021244422423,-0.40022615470883105,-0.7629263671530553,0.7629263671530553
Cn1c(=O)c2c(ncn2COC(=O)C(C)(C)C)n(C)c1=O,-2.16999997967566,-2.36304079621587,-0.19304081654021,0.19304081654021
CC(C)(C)NC(=O)C1N(C(=O)C(O)C(Cc2ccccc2)NC(=O)COc2ccccc2)CSC1(C)C,-3.8299998969590643,-4.049930598981038,-0.21993070202197362,0.21993070202197362
CCCCC(C)O,-0.8725999360062939,-1.0356951582635587,-0.1630952222572648,0.1630952222572648
Nc1cccc2c(S(=O)(=O)O)cccc12,-2.349999806487624,-1.8053214897736445,0.5446783167139797,0.5446783167139797
CC(=O)C(N=Nc1ccc(-c2ccc(N=NC(C(C)=O)C(=O)Nc3ccccc3)c(Cl)c2)cc1Cl)C(=O)Nc1ccccc1,-9.196939119150546,-7.961617024420949,1.2353220947295966,1.2353220947295966
CC(C)OC(=O)c1ccccc1C(=O)OC(C)C,-2.8772999590936554,-3.62124751148188,-0.7439475523882244,0.7439475523882244
O=[N+]([O-])c1cc(O)ccc1NCCCO,-2.1105896078592745,-1.9482300000318897,0.1623596078273848,0.1623596078273848
O=C(O)c1ccccc1Nc1cccc([N+](=O)[O-])c1,-6.430000010197277,-3.8819428747852207,2.5480571354120567,2.5480571354120567
CCCCCCCC(C)O,-2.7439998882547814,-3.4317902531627715,-0.6877903649079902,0.6877903649079902
CCCN(CCC)c1c([N+](=O)[O-])cc(C(F)(F)F)cc1[N+](=O)[O-],-6.0500003259734125,-5.804656108831923,0.2453442171414899,0.2453442171414899
O=C(NC(CO)C(=O)O)C(Cl)Cl,-0.029999880101426513,0.03915491567980567,0.06915479578123218,0.06915479578123218
N#CC(C#N)=NNc1ccc(Cl)cc1,-4.360000190256463,-4.7683826245403775,-0.4083824342839142,0.4083824342839142
CC(=O)/C=C/C1C(C)=CCCC1(C)C,-3.2586779002683954,-4.092823014131213,-0.8341451138628173,0.8341451138628173
COC(=O)C(F)(F)F,-0.6479836343875234,-1.1503227823231392,-0.5023391479356158,0.5023391479356158
CC(C)=CCCC(C)CCCC(C)C=O,-5.496890600805955,-5.165573422682452,0.3313171781235029,0.3313171781235029
NS(=O)(=O)c1nnc(NS(=O)(=O)c2ccc(Cl)c([N+](=O)[O-])c2)s1,-1.9899999113165987,-2.093227685636914,-0.10322777432031538,0.10322777432031538
C=CCC1=C(C)C(OC(=O)C2C(C=C(C)C)C2(C)C)CC1=O,-4.817900193461037,-5.213751302390913,-0.3958511089298753,0.3958511089298753
CC(C)c1ccc(N)cc1,-1.7858311235479138,-2.460320645811615,-0.6744895222637013,0.6744895222637013
N#CCCN(CCC#N)c1ccc(N=Nc2ccc([N+](=O)[O-])cc2Cl)cc1,-4.281954252883124,-6.218202405964259,-1.9362481530811353,1.9362481530811353
CNC(=S)N(C)c1ccc(Cl)cc1C,-3.6600000854470682,-3.6708300220648447,-0.010829936617776426,0.010829936617776426
Clc1cc(Cl)cc(-c2cc(Cl)c(Cl)cc2Cl)c1,-7.469999669017209,-7.924975296027794,-0.4549756270105849,0.4549756270105849
CC(C)COC(=O)c1ccccc1C(=O)OCC(C)C,-4.383890164316403,-4.692486180274557,-0.30859601595815356,0.30859601595815356
CCCCCCCCCCCCCCCCCCCN,-5.857124279059935,-5.460683933240829,0.3964403458191059,0.3964403458191059
COCOC(=O)c1ccccc1O,-2.299999868014695,-1.8941015040740667,0.40589836394062817,0.40589836394062817
O=C(Oc1ccccc1)Oc1ccccc1,-4.216916523846324,-4.547743016296082,-0.33082649244975837,0.33082649244975837
NC(=O)c1cccnc1,0.6121584597380734,0.07452099934813727,-0.5376374603899361,0.5376374603899361
CCCCCNCCOC(=O)c1ccc(N)cc1,-3.2699999373357693,-2.6578484757283403,0.6121514616074291,0.6121514616074291
CCN(CC)N=O,0.01610000444016313,0.22070116151208463,0.2046011570719215,0.2046011570719215
Cn1ccc(NS(=O)(=O)c2ccc(N)cc2)nc1=O,-2.3599997872808642,-3.2521418428698943,-0.89214205558903,0.89214205558903
N#CC(C#N)=NNc1ccccc1,-3.3599998679951155,-3.762220263306529,-0.4022203953114136,0.4022203953114136
CCOP(=S)(Oc1cnc(C(C)(C)C)nc1)OC(C)C,-4.762599987043462,-4.626612422229073,0.13598756481438912,0.13598756481438912
Oc1ccc(C(c2ccc(O)cc2)c2ccccn2)cc1,-4.523907700893471,-3.2212065956247127,1.302701105268758,1.302701105268758
Nc1cccc([N+](=O)[O-])c1,-2.061099920374929,-2.0553410925204103,0.0057588278545188665,0.0057588278545188665
COC1CCC=CO1,-0.8533330353518132,-0.16733030874700017,0.686002726604813,0.686002726604813
CCCCCCN1CC(C(=O)OC)CC1=O,-1.2459998634115643,-2.092180751506013,-0.8461808880944486,0.8461808880944486
CC(C)(C)C1CCC(CC2=C(O)C(=O)c3ccccc3C2=O)CC1,-7.04000028786751,-4.964179873028858,2.0758204148386525,2.0758204148386525
COC(=O)CCc1cc(C(C)(C)C)c(O)c(C(C)(C)C)c1,-5.123582875378198,-5.746236218139249,-0.6226533427610503,0.6226533427610503
c1cc2cccc3c4cccc5cccc(c(c1)c23)c54,-8.700000274164372,-6.740423916556951,1.9595763576074212,1.9595763576074212
CCCCC(C)(O)CC,-1.7355998174629974,-1.1421020374447812,0.5934977800182162,0.5934977800182162
N#CCCN(CCC#N)C(CC(=O)O)C(=O)O,-1.53369984706764,-0.5487511180614071,0.9849487290062329,0.9849487290062329
CC(COC(=O)c1ccccc1)OC(=O)c1ccccc1,-4.567302672031861,-4.309348730250062,0.25795394178179887,0.25795394178179887
Cc1cc(Cc2ccc(N)c(C)c2)ccc1N,-4.150608533134286,-2.225903708767904,1.924704824366382,1.924704824366382
CCC1(C2=CCCCC2)C(=O)NC(=O)NC1=O,-2.1692999761891913,-3.284648284966174,-1.1153483087769827,1.1153483087769827
CO[Si](CCCCCC[Si](OC)(OC)OC)(OC)OC,-2.792947940881325,-4.202563657328738,-1.4096157164474126,1.4096157164474126
O=P1(N(CCCl)CCCl)NCCCO1,-0.814699716638978,-0.7525724230780098,0.062127293560968244,0.062127293560968244
Cc1ccc(N)c(C)c1,-1.3352535860755006,-1.092634986374077,0.24261859970142363,0.24261859970142363
O=C(O)c1cccc2cccc(-c3cccc4cccc(C(=O)O)c34)c12,-2.2334403232547246,-3.9449626503620627,-1.711522327107338,1.711522327107338
CCCCCCCCCCCCN1CC(C(=O)O)CC1=O,-3.223000013804849,-3.9211046985458102,-0.6981046847409611,0.6981046847409611
CCOC(=O)c1[nH]c(C)cc1C,-2.6212000012698393,-1.9544176084899214,0.6667823927799179,0.6667823927799179
CC(C)=CCC1(C(C)(C)C)C(=O)NC(=O)NC1=O,-3.5499999516541445,-3.0973887084003913,0.45261124325375324,0.45261124325375324
O=C(O)C=CCCC(=O)O,-1.2044998637541429,-0.5931231817130005,0.6113766820411424,0.6113766820411424
CC(C)C(O)C(C)C,-1.2200999414525893,-0.9725265896750999,0.2475733517774894,0.2475733517774894
NC(CSCCCCCCSCC(N)C(=O)O)C(=O)O,-2.7699999142320078,-1.935942982312879,0.8340569319191287,0.8340569319191287
Clc1c(Cl)c(Cl)c(-c2ccccc2)c(Cl)c1Cl,-7.910700000635002,-7.760283792528094,0.1504162081069076,0.1504162081069076
c1ccc2c(c1)sc1ccccc12,-5.098100208775547,-5.404443763549498,-0.30634355477395125,0.30634355477395125
Cn1nc(S(N)(=O)=O)sc1=NS(C)(=O)=O,-2.049999865089496,-1.7719585906856388,0.2780412744038574,0.2780412744038574
C[C@@H](CCO)CCC=O,-1.0731998309133248,-0.3813098424119623,0.6918899885013625,0.6918899885013625
CC(O)C(=O)NCCO,1.3070325900865138,0.9489537879896366,-0.35807880209687726,0.35807880209687726
C[C@@H]1C[C@H]2[C@@H]3C[C@H](F)C4=CC(=O)C=C[C@]4(C)[C@H]3[C@@H](O)C[C@]2(C)[C@H]1C(=O)CO,-3.203737219451013,-3.889671553720709,-0.685934334269696,0.685934334269696
COc1ccc(O)c(C(=O)C=Cc2ccccc2)c1,-6.00000007693993,-4.6596477834538454,1.3403522934860845,1.3403522934860845
CC(C)CCCCCCCOC(=O)c1ccccc1C(=O)OCCCCCCCC(C)C,-9.419540089820696,-6.883694195352717,2.535845894467979,2.535845894467979
CC1(C)CO1,-0.09454926992199253,-0.7660595848007365,-0.671510314878744,0.671510314878744
CC1(C#N)CCCC1=O,0.9095001753361363,-0.4019912428651877,-1.311491418201324,1.311491418201324
CCOC(=O)N[C@@H](C=O)[C@@H](O)[C@H](O)[C@H](O)CO,0.11390007746891673,-0.07099221677487222,-0.18489229424378895,0.18489229424378895
CC(C)C[C@H](N)C(=O)N[C@H](CCC(N)=O)C(=O)O,-1.568699883364165,-0.861720378713493,0.7069795046506719,0.7069795046506719
O=C(Nc1cccc2c(NC(=O)C3=Cc4ccccc4/C(=N\Nc4cccc(Cl)c4Cl)C3=O)cccc12)C1=Cc2ccccc2/C(=N/Nc2cccc(Cl)c2Cl)C1=O,-9.22765231560033,-8.21944522368551,1.0082070919148212,1.0082070919148212
Brc1ccc2c(c1)Sc1ccccc1N2,-6.111899875128845,-5.929295791039582,0.1826040840892631,0.1826040840892631
O=C(O)c1ccccc1C(=O)Nc1ccccc1,-4.0813999068572,-3.452428037111664,0.6289718697455364,0.6289718697455364
Clc1ccc(-c2cc(Cl)c(Cl)c(Cl)c2Cl)cc1Cl,-7.83060022280447,-8.435927737380764,-0.6053275145762935,0.6053275145762935
C=CC(O)CCCCC,-1.8219315794039128,-2.1614190535692748,-0.33948747416536196,0.33948747416536196
CCC(CC)C(=O)OCCOCCOCCOC(=O)C(CC)CC,-3.238599953476383,-3.523146746824363,-0.28454679334797994,0.28454679334797994
O=[N+]([O-])c1ccccc1O,-1.8029141623936777,-1.8638326162554455,-0.06091845386176775,0.06091845386176775
CCN(CC)C(=O)c1cc(N2CC2)c([N+](=O)[O-])cc1[N+](=O)[O-],-2.5899998286195824,-4.246989137395447,-1.6569893087758647,1.6569893087758647
Clc1cc(-c2c(Cl)cccc2Cl)c(Cl)c(Cl)c1Cl,-8.130000471774748,-8.288063370831154,-0.15806289905640547,0.15806289905640547
NC(Cc1cnc[nH]1)C(=O)O,-0.5313997548978486,-0.36022402310527113,0.1711757317925775,0.1711757317925775
COc1cc(Nc2c(C#N)cnc3cc(OCCCN4CCN(C)CC4)c(OC)cc23)c(Cl)cc1Cl,-4.87955143220098,-4.747371891874057,0.13217954032692347,0.13217954032692347
CCCCCCCCOC(=O)c1ccc(O)cc1,-4.2224001950508825,-4.707892054107192,-0.4854918590563093,0.4854918590563093
CC(C)C(C)CO,-0.39000001681954855,-1.0616865920654852,-0.6716865752459367,0.6716865752459367
O=C(O)CN(C(=S)SCc1ccccc1)c1ccccc1,-3.920000069165507,-4.094228956261385,-0.17422888709587792,0.17422888709587792
CN(C)CCOC(C)(c1ccccc1)c1ccccn1,-2.819999861331619,-2.6381914074991033,0.18180845383251576,0.18180845383251576
CCCCOCCOC(=O)CCCCC(=O)OCCOCCCC,-4.9587330550099225,-3.170245955334433,1.7884870996754896,1.7884870996754896
CC1OC(OC2C(O)CC(OC3C(O)CC(OC4CCC5(C)C(CCC6C5CC(O)C5(C)C(C7=CC(=O)OC7)CCC65O)C4)OC3C)OC2C)CC(O)C1O,-4.159999884257097,-3.1103475203556394,1.0496523639014574,1.0496523639014574
I/C=C\I,-2.7812999963936207,-2.8857661395457175,-0.10446614315209679,0.10446614315209679
CCCCC(C)CCC,-6.04740017499676,-5.413970933154156,0.6334292418426042,0.6334292418426042
CCOC(=S)[S-],0.5443383842001919,-2.0133880885363418,-2.5577264727365336,2.5577264727365336
CCOP(=O)([O-])Cc1cc(C(C)(C)C)c(O)c(C(C)(C)C)c1,-2.4616734130737683,-2.98395907167402,-0.5222856586002518,0.5222856586002518
CC(F)(F)Cl,-1.7233906469226064,-2.526743129847527,-0.8033524829249208,0.8033524829249208
N#CC1([NH+]2CCCCC2)CC[NH+](Cc2ccccc2)CC1,-2.245992076591806,-0.565299440648356,1.68069263594345,1.68069263594345
Oc1ccc(I)cc1,-1.7099999660116796,-1.9433593063455032,-0.23335934033382366,0.23335934033382366
O=C(O)/C=C\C(=O)Nc1ccccc1,-2.2814999829126754,-2.121287866802578,0.16021211611009756,0.16021211611009756
Cc1cc(Cl)ccc1OCCCC(=O)O,-3.677999968058753,-3.2007891371348123,0.4772108309239407,0.4772108309239407
Nc1cc([N+](=O)[O-])cc([N+](=O)[O-])c1O,-2.486200001760636,-2.584174540806721,-0.09797453904608533,0.09797453904608533
COc1ccc(N2CCN(c3ccc([N+](=O)[O-])cc3)CC2)cc1,-6.929013675731337,-3.849015450605981,3.079998225125356,3.079998225125356
N=C(N)NN=Cc1c(O)ccc2ccccc12,-2.4599999402805475,-3.2001010039628137,-0.7401010636822662,0.7401010636822662
CC(NC(=O)C(Br)C(C)C)C(=O)O,-0.4824998564103842,-0.6706943065075262,-0.18819445009714197,0.18819445009714197
O=C(O)CCCCC1CCSS1,-2.37504734324879,-2.5145114609204073,-0.13946411767161715,0.13946411767161715
O=C1CCCCCCCCCCOCCCCO1,-4.017959080183942,-2.275551299040087,1.7424077811438554,1.7424077811438554
CCN(CC)C(=O)CC(C)C,-0.5945997936223453,-1.1378342453119579,-0.5432344516896126,0.5432344516896126
C=CC(=O)OC1CC(C)CC(C)(C)C1,-4.0304469960740175,-4.105717902372634,-0.07527090629861632,0.07527090629861632
NNCc1ccccc1,-1.6467888851341874,-0.9479714639240839,0.6988174212101035,0.6988174212101035
O=C(OCc1ccccc1)c1ccc(O)cc1,-3.324981163558682,-3.5840475332413377,-0.25906636968265584,0.25906636968265584
Cc1ccc2ccccc2c1NS(=O)(=O)c1ccc(N)cc1,-4.500000059388738,-4.751152172952122,-0.25115211356338385,0.25115211356338385
CSC1=CC(=O)c2ccccc2C1=O,-4.465099816549912,-4.67215743858263,-0.2070576220327185,0.2070576220327185
Cc1ccc(NC(=O)N(C)C)cc1Cl,-3.4825999610242917,-3.1392323088029825,0.34336765222130916,0.34336765222130916
COC(=O)c1ccc([N+](=O)[O-])cc1,-3.0399999046237327,-3.1546576616836366,-0.11465775705990389,0.11465775705990389
CN1CC2CC1CN2c1cc2c(cc1F)c(=O)c(C(=O)O)cn2C1CC1,-2.9000000314477004,-3.1278626869575428,-0.22786265550984242,0.22786265550984242
C/C=C/C(=O)Oc1c([N+](=O)[O-])cc([N+](=O)[O-])cc1C(C)(C)CC(C)(C)C,-4.959499932535472,-5.657399612804722,-0.6978996802692503,0.6978996802692503
COC(=O)c1ccc([O-])cc1,0.38030057615783486,-1.2176205640243258,-1.5979211401821607,1.5979211401821607
CN(C)C1CCC=CCCC1,-1.600399834211024,-1.6982342759409768,-0.09783444172995281,0.09783444172995281
OCCOCC#CCOCCO,0.758962227492451,0.6584098978295283,-0.10055232966292271,0.10055232966292271
O=C1c2ccccc2C(=O)N1SC(Cl)(Cl)Cl,-5.568999724621176,-6.431897328135758,-0.8628976035145817,0.8628976035145817
CC(=O)CC1CCCCN1,-0.4508999750750484,0.3385165171146003,0.7894164921896487,0.7894164921896487
Cc1ccc(NCCO)c([N+](=O)[O-])c1,-2.7474049776780904,-2.475307400924609,0.27209757675348145,0.27209757675348145
NC(=O)C[C@H](NC(=O)CCl)C(=O)O,-0.31929987172657315,-0.6078796389225785,-0.2885797671960053,0.2885797671960053
Clc1ccc(Oc2cc(Cl)cc(Cl)c2Cl)cc1,-7.139999681719177,-7.4603706355511665,-0.3203709538319899,0.3203709538319899
COc1ccc(C=CC(=O)c2ccccc2O)cc1,-5.699999963008162,-4.847239193970511,0.8527607690376513,0.8527607690376513
CCCCCCCCOS(=O)(=O)[O-],0.28720666873583234,-0.8181938679275427,-1.105400536663375,1.105400536663375
Oc1cc(Cl)cc(Cl)c1,-1.5589999040651257,-1.920236761918762,-0.36123685785363624,0.36123685785363624
CN(C)CCCN1CN(CCCN(C)C)CN(CCCN(C)C)C1,0.16421337153982618,0.5684014440083387,0.4041880724685125,0.4041880724685125
Nc1ccc(S(=O)(=O)Nc2nnc(S(N)(=O)=O)s2)cc1,-1.4999998862594417,-1.8956707320416628,-0.3956708457822211,0.3956708457822211
Fc1cc(Br)cc(F)c1F,-3.2102977766264735,-3.2147800280745096,-0.004482251448036045,0.004482251448036045
C=CC(=O)OCCOCC(CC)(COCCOC(=O)C=C)COCCOC(=O)C=C,-2.6874458108578207,-3.2775860344707013,-0.5901402236128805,0.5901402236128805
Brc1cc(Br)c(-c2ccccc2)c(Br)c1,-7.300000478626318,-6.595250522692384,0.7047499559339343,0.7047499559339343
CC(=O)c1ccc(O)c(O)c1O,-2.021599930678847,-0.9931306950573553,1.0284692356214917,1.0284692356214917
Nc1ccc2[nH]c(=O)[nH]c2c1,-2.334782753471215,-2.9140347931092667,-0.5792520396380518,0.5792520396380518
COCCCn1c(=O)c2c(N)c3c(=O)c4ccccc4c(=O)c3c(N)c2c1=O,-7.323792729632247,-5.30391876321524,2.0198739664170073,2.0198739664170073
CCC(c1ccc(O)cc1)C(CC)c1ccc(O)cc1,-4.353000155391776,-3.9890494123856306,0.36395074300614505,0.36395074300614505
CCCC(C)C(CCC)C(C)Cc1ccc(OP(=S)([S-])Oc2ccc(CC(C)C(CCC)C(C)CCC)cc2)cc1,-5.415414970712163,-5.894531504709514,-0.47911653399735066,0.47911653399735066
O=C(O)[C@H](O)c1ccccc1Cl,-0.4390277282279378,-1.2537246775935047,-0.8146969493655669,0.8146969493655669
CCC(N)=O,-4.229999956850147,0.3128291566007917,4.542829113450939,4.542829113450939
S=C(N=Nc1ccccc1)NNc1ccccc1,-6.610000354610164,-5.4948478025017575,1.1151525521084062,1.1151525521084062
Brc1ccccc1,-2.5685614885785046,-2.891195635187141,-0.3226341466086362,0.3226341466086362
CCCCCCCC(=O)N(C)c1ccc(S(=O)(=O)N(C)C)cc1,-3.5899998748271056,-4.068940493524545,-0.47894061869743965,0.47894061869743965
Cc1ccc(C(=O)O)o1,-0.8242999024803188,-1.1288064570765295,-0.3045065545962107,0.3045065545962107
CCCCOC(=O)CCC(=O)OCCCC,-3.000600044825948,-3.4559782963401378,-0.45537825151418954,0.45537825151418954
CCCCCCCCCCCCCCCCCCC(=O)O,-3.775990242172857,-6.021873201755213,-2.2458829595823557,2.2458829595823557
CCCCOC(=O)C(C)c1ccc2cc(OC)ccc2c1,-7.530000243911212,-6.23031509569285,1.2996851482183622,1.2996851482183622
CN(C)C(=O)c1cc(N2CC2)c([N+](=O)[O-])cc1[N+](=O)[O-],-2.479999936373756,-3.893872816881734,-1.4138728805079777,1.4138728805079777
COc1ccc(CCC#N)cc1OC,-1.9013446733450274,-2.536791074992842,-0.6354464016478147,0.6354464016478147
BrCC(Br)Br,-2.727199959859808,-2.7502333734078372,-0.023033413548029458,0.023033413548029458
COC(=O)C(C)O,0.9825004008981075,0.3794790399749579,-0.6030213609231496,0.6030213609231496
CC(C)(CO)C(O)C(=O)NCCCO,0.43767670733859454,0.32464591662909914,-0.1130307907094954,0.1130307907094954
Fc1ccc(Oc2ccnc3cc(Cl)cc(Cl)c23)cc1,-6.424300326874742,-5.69282698042218,0.731473346452562,0.731473346452562
CC12CCC3C(CCC4CC(=O)CCC43C)C1CCC2O,-4.739999736453416,-4.619292026900599,0.12070770955281684,0.12070770955281684
CCCC(=O)OC1CCC2C3CCC4=CC(=O)CCC4C3CCC12C,-5.909999904733487,-5.236307660422801,0.6736922443106863,0.6736922443106863
O=[N+]([O-])OCCOCCO[N+](=O)[O-],-1.6904506622943345,-1.9827041537919963,-0.2922534914976618,0.2922534914976618
CCCCCCCC/C=C/CCCCCCCCNCCCNCCCNCCCN,-3.836075772631471,-3.5164067546627233,0.3196690179687476,0.3196690179687476
O=C(O)c1cccc(Cl)c1C(=O)O,-0.9759998988998853,-1.7427123442613284,-0.7667124453614431,0.7667124453614431
CCOC(=O)C(Cl)C(C)=O,-0.9859491548028017,-0.7391843646784193,0.24676479012438235,0.24676479012438235
ClC(Cl)=C(Cl)Cl,-2.739999937345559,-4.081257463083556,-1.3412575257379973,1.3412575257379973
CC(C#N)NC=O,1.0083092250948686,0.43799196080662073,-0.5703172642882479,0.5703172642882479
CCOC(=O)C(C)CC,-2.336416405500195,-1.7538827242586525,0.5825336812415425,0.5825336812415425
CCCCCCCCCCCCCC(=O)OCC(O)CO,-7.397875362241619,-4.922896989704714,2.4749783725369046,2.4749783725369046
CC(=O)Oc1ccc(CC(NC(=O)c2ccccc2)C(N)=O)cc1,-3.89000005777233,-3.696431115758375,0.19356894201395525,0.19356894201395525
CCCCCCCC/C=C\CCCCCCCCNCCCNCCCN,-3.718391404568866,-4.022366348511792,-0.3039749439429258,0.3039749439429258
NCCNc1ccc(S(=O)(=O)c2ccc(N)cc2)cc1,-2.349999806487624,-2.8162531984334165,-0.4662533919457923,0.4662533919457923
CCCCCCCCCCCCCCCCCC(=O)OC1CC(C)(C)NC(C)(C)C1,-6.214524816909053,-6.2805646213302095,-0.06603980442115631,0.06603980442115631
NC(=S)Nc1cccc2ccccc12,-2.527800001916124,-2.8791973180088744,-0.35139731609275016,0.35139731609275016
CCCCNC(=O)n1c(NC(=O)OC)nc2ccccc21,-4.860000196106861,-5.13749308958757,-0.2774928934807095,0.2774928934807095
Cc1ccccc1O,-0.6190128896804543,-0.6683975386844283,-0.04938464900397399,0.04938464900397399
ClC1=C(Cl)C(Cl)(Cl)C(Cl)=C1Cl,-5.180500067075076,-6.666930658863723,-1.4864305917886478,1.4864305917886478
O=C(O)CC1(CC(=O)O)CCCCC1,-1.4722338404441997,-2.285047412589444,-0.8128135721452443,0.8128135721452443
Clc1ccc(-c2c(Cl)cccc2Cl)cc1Cl,-7.019899704661858,-6.853858297958438,0.16604140670342016,0.16604140670342016
Nc1ccccc1N,-0.43960964969080907,-0.21852918348816175,0.22108046620264732,0.22108046620264732
CC(=O)N(C)c1ccccc1,-0.9509997743831442,-1.3028779934922194,-0.35187821910907524,0.35187821910907524
CN(C)C(=O)c1ccc(C(=O)N(C)C)cc1,0.2656002119153955,-1.5512730194794988,-1.8168732313948943,1.8168732313948943
CC(C)CCl,-1.9999998921098392,-2.409077464431559,-0.4090775723217197,0.4090775723217197
Oc1ccc(Cl)cc1Cc1cc(Cl)ccc1O,-3.9528000254911024,-3.0908734413055776,0.8619265841855248,0.8619265841855248
OC/C=C\CO,0.8466855077511881,1.3411691300187774,0.49448362226758924,0.49448362226758924
CCCCCCCC/C=C\CCCCCCCC(=O)OCC(C)OC(=O)CCCCCCC/C=C\CCCCCCCC,-4.781755914060337,-7.179396427284749,-2.3976405132244114,2.3976405132244114
CCOC(=O)c1ccc(O)c(I)c1,-3.492399871807942,-3.1281532336082414,0.3642466381997007,0.3642466381997007
CC(=O)OCCOCn1cnc2c(=O)[nH]c(N)nc21,-2.6999999796658702,-2.8691170745660473,-0.169117094900177,0.169117094900177
O=Cc1ccccc1O[C@@H]1O[C@H](CO)[C@@H](O)[C@H](O)[C@H]1O,-1.198499833870125,-1.5246329972159893,-0.3261331633458644,0.3261331633458644
O=C(c1ccco1)N(O)c1ccccc1,-3.1939999728856137,-2.020749615884725,1.1732503570008888,1.1732503570008888
CCOP(=O)(OCC)SC[S+]([O-])CC,-1.5123999480197452,-0.9726203099486506,0.5397796380710946,0.5397796380710946
OCC1C(CO)C2(Cl)C(Cl)=C(Cl)C1(Cl)C2(Cl)Cl,-3.080199906432966,-3.92654047441175,-0.8463405679787841,0.8463405679787841
N[C@@H](CC(=O)O)C(=O)[O-],0.6099276687791249,0.23152606014755683,-0.378401608631568,0.378401608631568
CCN(CCC(=O)OC)c1ccc(N=Nc2snc3ccc([N+](=O)[O-])cc23)cc1,-7.315402349678493,-6.117056284523994,1.1983460651544986,1.1983460651544986
CCCCCC/C=C/C1CC(=O)OC1=O,-4.021753301980164,-3.960976118663284,0.06077718331687976,0.06077718331687976
CC(CCC(=O)NCC(=O)O)C1CCC2C3C(O)CC4CC(O)CCC4(C)C3CC(O)C12C,-5.15000012220502,-3.39223853788125,1.7577615843237697,1.7577615843237697
C=CC1=C(C)/C(=C/c2[nH]c(Cc3[nH]c(/C=C4\NC(=O)C(C)=C4C=C)c(C)c3CCC(=O)O)c(CCC(=O)O)c2C)NC1=O,-4.81269989150773,-5.362215257848188,-0.549515366340458,0.549515366340458
CC(=O)Nc1ccc2c(c1)Cc1ccccc1-2,-4.239999730603018,-4.534722661591248,-0.29472293098822977,0.29472293098822977
CC(C)CC1CC(C)CCO1,-3.0799295289648487,-2.696213401109925,0.3837161278549237,0.3837161278549237
CCN(CC)c1ccc2cc(-c3nc4cc(Cl)ccc4o3)c(=O)oc2c1,-7.487633159189807,-5.463458274180988,2.0241748850088186,2.0241748850088186
c1cc(N(CC2CO2)CC2CO2)ccc1Cc1ccc(N(CC2CO2)CC2CO2)cc1,-4.66206463469077,-3.564660273119204,1.097404361571566,1.097404361571566
CC(C)CCCCCCCCCCCCCCC(=O)OC(CO)CO,-6.855595780732306,-5.537676449218382,1.3179193315139237,1.3179193315139237
CC(=O)OC/C=C(/C)CCC=C(C)C,-3.754953146366259,-3.355675139760908,0.3992780066053512,0.3992780066053512
CC(=O)c1ccc(N)cc1,-1.6057998611066402,-1.3100161932962653,0.2957836678103749,0.2957836678103749
O=C(O)CNCP(=O)(O)O,-0.27199998120818014,0.5049421907422689,0.776942171950449,0.776942171950449
O=C(O)COc1c(Cl)c(Cl)c(Cl)c(Cl)c1Cl,-3.7499999815996863,-4.777419246498203,-1.027419264898517,1.027419264898517
CCOP(=S)(OCC)Oc1ccc(Cl)cc1Cl,-6.109399931690627,-6.025586125700004,0.08381380599062282,0.08381380599062282
CC(CCC(C)O[N+](=O)O)O[N+](=O)O,-2.6799999835726616,-2.2976608639563887,0.38233911961627287,0.38233911961627287
CC(Cl)(Cl)C(=O)O,0.5455002947491603,0.3063181510868995,-0.23918214366226076,0.23918214366226076
CN1CCN(c2cc3c(cc2F)c(=O)c(C(=O)O)cn3-c2ccc(F)cc2)CC1,-3.819999916165824,-4.153052023565314,-0.3330521073994901,0.3330521073994901
CCCCCCCCOC(=O)[C@@H](C)Oc1ccc(Cl)cc1C,-6.514367304106809,-6.372849414991455,0.14151788911535412,0.14151788911535412
O=C(O)c1ccccc1C(=O)OCCOC(=O)c1ccccc1C(=O)O,-2.829999855064882,-2.918888147164777,-0.08888829209989524,0.08888829209989524
CC(C)CC(NC(=O)CC(O)C(CC(C)C)NC(=O)C(Cc1c[nH]cn1)NC(=O)C(Cc1ccccc1)NC(=O)OC(C)(C)C)C(=O)NC(C(=O)O)c1ccccc1,-3.130000068203494,-3.7080172328159855,-0.5780171646124916,0.5780171646124916
O=c1[nH]c(=O)n(Cc2ccccc2)cc1F,-2.650000023939577,-2.8077641809973564,-0.15776415705777946,0.15776415705777946
C=CCCC=C,-2.6867000341965124,-2.5240826266034064,0.16261740759310594,0.16261740759310594
CCCCCCO,-1.382910000108741,-1.3209003054771769,0.06200969463156425,0.06200969463156425
O=C(O)C(Br)=C(Br)Br,-1.359299806600329,-0.993839049172027,0.365460757428302,0.365460757428302
Nc1cccc(Cl)c1Cl,-2.130384599480773,-2.3306524361431875,-0.20026783666241466,0.20026783666241466
O=C(OCn1c(=O)[nH]cc(F)c1=O)Oc1ccccc1,-2.4499999594873074,-3.1952382123171645,-0.7452382528298571,0.7452382528298571
O=C(O)c1ccc(C(=O)O)c(Br)c1,-2.1338997998734857,-2.225434003184851,-0.0915342033113653,0.0915342033113653
COC(=O)C1(S(=O)(=O)c2ccccc2)CCC1,-3.0004999063009685,-3.081472894139725,-0.08097298783875662,0.08097298783875662
COc1ccc(/C=C/C(=O)O)cc1,-2.3983999785385786,-2.7226661898667013,-0.3242662113281227,0.3242662113281227
CCCCCCOC(=O)C(C)O,-1.139999887568232,-1.9972709620238738,-0.8572710744556418,0.8572710744556418
Cc1cc(C)c(N)c(C)c1N,-0.8207161717255769,-0.5289663404314298,0.2917498312941471,0.2917498312941471
OCCOc1ccc(OCCO)cc1,-1.2299999217477626,-0.9944140692892762,0.2355858524584864,0.2355858524584864
CC(=O)CC(C)=Nc1ccccc1O,-3.5499999516541445,-1.8408595549748832,1.7091403966792613,1.7091403966792613
COc1cc(-c2cc(OC)cc(C(C)(C)C)c2O)c(O)c(C(C)(C)C)c1,-6.776311465900503,-5.747850304853388,1.0284611610471144,1.0284611610471144
OC(c1ccccc1)c1ccc(Cl)cc1,-3.48859999090831,-3.8617587852975372,-0.3731587943892274,0.3731587943892274
CCCCCOC(=O)c1cccnc1,-2.37759987494065,-2.5631361337444547,-0.18553625880380453,0.18553625880380453
CCN(CC)CCCNc1nc(NCCCN(CC)CC)nc(Nc2ccc3c(O)c(N=Nc4ccc5[nH]c(=O)[nH]c5c4)c(S(=O)(=O)O)cc3c2)n1,-0.6404338383305643,-3.6230556640349194,-2.982621825704355,2.982621825704355
CCC(O)c1ccccc1,-2.340367460375683,-1.341980465680458,0.9983869946952251,0.9983869946952251
OCC(O)COc1ccc(Cl)cc1,-1.3066998206709306,-2.28153918255581,-0.9748393618848794,0.9748393618848794
CC(C)CC(Br)C(=O)NC(C)C(=O)NC(C)C(=O)O,-1.4299998136663916,-0.8768212130696234,0.5531786005967683,0.5531786005967683
OCCNc1ccccc1,-0.4744998165650274,-0.5514600342450682,-0.0769602176800408,0.0769602176800408
Cc1cc(N)c(S(=O)(=O)O)cc1Cl,-2.3456970590392237,-1.7838780427368062,0.5618190163024175,0.5618190163024175
Cc1ccccc1N(O)C(=O)c1cccc(F)c1,-2.529999874846685,-3.2557315777953275,-0.7257317029486425,0.7257317029486425
COc1ccccc1OC,-1.3149749481527921,-1.3623497872846433,-0.04737483913185114,0.04737483913185114
O=C(NO)c1ccc([N+](=O)[O-])cc1,-1.9399999383369417,-2.3432319328896707,-0.40323199455272896,0.40323199455272896
O=C1c2cccc(O)c2C(=O)c2c(O)cccc21,-5.190000045377981,-4.720900262443732,0.4690997829342489,0.4690997829342489
O=C(O)C1=C/C(=N/Nc2ccccc2)C=CC1=O,-3.0559000442031543,-3.885996449149928,-0.8300964049467736,0.8300964049467736
Cc1ccccc1C(=O)O,-2.062099856342143,-1.8084890693873625,0.25361078695478034,0.25361078695478034
COC(=O)n1cnc2c1c(=O)n(C)c(=O)n2C,-1.2399998335275466,-1.4609538670783935,-0.22095403355084686,0.22095403355084686
CN(C)CCCOC1(Cc2ccccc2)CCCCCC1,-1.619999931832149,-3.5741983468499443,-1.9541984150177953,1.9541984150177953
CC1(C)O[C@@H]2C[C@H]3[C@@H]4CCC5=CC(=O)C=C[C@]5(C)[C@@]4(F)[C@@H](O)C[C@]3(C)[C@]2(C(=O)CO)O1,-4.31580024616469,-3.888215507821319,0.42758473834337085,0.42758473834337085
CC(=O)[C@H]1CC[C@H]2[C@@H]3CC=C4C[C@@H](O)CC[C@]4(C)[C@H]3CC[C@]12C,-4.65199998828905,-4.742339430646284,-0.09033944235723457,0.09033944235723457
CNC(CC(=O)O)C(=O)O,-0.7543998993987922,0.33549980091618536,1.0898997003149775,1.0898997003149775
CCOC(=O)N1CCN(CN2CCN(C(=O)OCC)CC2)CC1,-0.8442998640667994,-0.5902999792458345,0.2539998848209648,0.2539998848209648
N/C(N=O)=C(\N)NO,-0.7772999444426705,-0.4883342539994673,0.2889656904432032,0.2889656904432032
O=S(=O)(c1ccccc1)N1CCCCC1,-2.536499907221038,-3.40711262852696,-0.870612721305922,0.870612721305922
O=CCCCCCCCC(=O)O,-0.9573999442863423,-1.955246736152983,-0.9978467918666407,0.9978467918666407
O=C1NC(=O)c2ccc3c4ccc5c6c(ccc(c7ccc1c2c73)c64)C(=O)NC5=O,-7.591458659054467,-5.770469603157353,1.8209890558971145,1.8209890558971145
CCOCCOC(=O)CCCCC(=O)OCCOCC,-2.0649999397995407,-1.3406192442699176,0.724380695529623,0.724380695529623
ClCBr,-0.8891639936612616,-1.5650036606757796,-0.6758396670145179,0.6758396670145179
CCCCn1c(O)c(C#N)c(C)cc1=O,-2.272990623760393,-2.666100345675455,-0.3931097219150619,0.3931097219150619
Cc1ccccc1Cc1ccccc1,-4.692503985746262,-4.407626790476615,0.2848771952696465,0.2848771952696465
CCC1NC(=O)c2cc(S(N)(=O)=O)c(Cl)cc2N1,-3.2859000855418725,-2.5464660024072727,0.7394340831345998,0.7394340831345998
c1ccc(CN(CC2=NCCN2)c2ccccc2)cc1,-2.599999809412823,-3.477586996097902,-0.8775871866850791,0.8775871866850791
COc1ccc(C)cc1,-2.3395420594392577,-2.1781185156253517,0.161423543813906,0.161423543813906
Clc1ccc(-c2ccc(Cl)c(Cl)c2Cl)cc1,-6.87540015818385,-7.096014645530081,-0.22061448734623124,0.22061448734623124
Nc1ccc(Nc2ccc([N+](=O)[O-])cc2S(=O)(=O)O)cc1,-1.598289402719728,-2.2947694761944746,-0.6964800734747465,0.6964800734747465
CCOC(=O)C1(S(=O)(=O)c2ccc(C)cc2)CC1,-3.0103999987430083,-3.5898978039253517,-0.5794978051823434,0.5794978051823434
CC(C)(O)C(=O)c1ccccc1,-1.0915320133167228,-1.0298247356503274,0.06170727766639539,0.06170727766639539
CCOc1ccc(NC(=O)c2cc3ccccc3cc2O)cc1,-5.311540609320495,-5.648744497232898,-0.33720388791240286,0.33720388791240286
CC(C)OC(=O)C(C)N(C(=O)c1ccccc1)c1ccc(F)c(Cl)c1,-4.305600195361859,-5.651330569464482,-1.3457303741026232,1.3457303741026232
O=COCc1ccccc1,-1.6731195890869057,-2.1403622199141967,-0.467242630827291,0.467242630827291
CSc1ncccn1,-0.4019998005337593,-0.9520073708439984,-0.5500075703102392,0.5500075703102392
N#CC(c1ccccc1)c1ccccc1,-2.943700011599624,-4.409459097739333,-1.465759086139709,1.465759086139709
CC1(C(=O)O)CCC(C(=O)O)C1(C)C,-1.419999763859695,-0.9920354515070982,0.4279643123525969,0.4279643123525969
CC(=O)c1ccccc1,-1.2803866461360929,-1.7229433016993696,-0.4425566555632767,0.4425566555632767
C/C=C(/CCCC)C(=O)NC(N)=O,-2.788299970871534,-2.325464142531263,0.46283582834027115,0.46283582834027115
CC(C)CC1(C)OCC(CO)O1,-0.705980058512814,-1.0757903200061072,-0.3698102614932932,0.3698102614932932
O=C(Oc1ccccc1)c1ccccc1C(=O)Oc1ccccc1,-6.5891000434738,-5.360144578107676,1.2289554653661234,1.2289554653661234
NS(=O)(=O)c1cc2c(cc1Cl)N=CNS2(=O)=O,-2.920000014331302,-2.251567604706597,0.668432409624705,0.668432409624705
CN(C)[C@@H]1C(=O)/C(=C(\N)O)C(=O)[C@@]2(O)C(=O)C3=C(O)c4c(O)ccc(Cl)c4[C@@H](O)[C@H]3C[C@@H]12,-1.0469015632850311,-2.309567203450874,-1.2626656401658427,1.2626656401658427
CC(=O)OCC(C)C,-1.2656998925173002,-1.176535335238804,0.08916455727849626,0.08916455727849626
CCCCCCC(=O)OCC,-2.7369000254256672,-3.309463556940422,-0.5725635315147546,0.5725635315147546
CC1=C(C(=O)O)N2C(=O)C(NC(=O)C(N)c3ccccc3)C2SC1,-1.5799998706322758,-2.442027663051352,-0.8620277924190762,0.8620277924190762
CSCCC(C(=O)O)N(CCC#N)CCC#N,-1.327899926261127,-1.727875831442532,-0.3999759051814049,0.3999759051814049
CN(C)C(=O)c1cccc(C(=O)N(C)C)c1,0.4870003484472676,-1.1918803392030506,-1.6788806876503182,1.6788806876503182
Cc1cc(Cl)cc(C)c1O,-1.6762998671765688,-2.0049462245442458,-0.328646357367677,0.328646357367677
Clc1ccc(Oc2c(Cl)cccc2Cl)c(Cl)c1Cl,-7.229999853925619,-7.735490294299284,-0.5054904403736646,0.5054904403736646
Clc1cc(-c2c(Cl)c(Cl)c(Cl)c(Cl)c2Cl)c(Cl)c(Cl)c1Cl,-9.620000439519245,-9.711287574657332,-0.09128713513808684,0.09128713513808684
CCOC(=O)CNC(=O)COC(=O)c1ccccc1OC(C)=O,-1.8699998657438914,-2.342224543469185,-0.47222467772529364,0.47222467772529364
COc1cnc(NS(=O)(=O)c2ccc(N)cc2)nc1,-2.5842999727634064,-3.3784221129588845,-0.7941221401954781,0.7941221401954781
O=S(=O)([O-])c1cccc(N=Nc2ccc(N=Nc3ccc(Nc4ccccc4)c4c(S(=O)(=O)[O-])cccc34)c3ccccc23)c1,-0.5325393050870009,-1.6161444260868012,-1.0836051209998003,1.0836051209998003
CCCCCCOC(=O)n1cnc2c1c(=O)n(C)c(=O)n2C,-2.999999938317362,-2.7948726399085615,0.2051272984088004,0.2051272984088004
Clc1ccc2cc(Cl)c(Cl)cc2c1,-7.1419005883573785,-7.386253772267509,-0.24435318391013006,0.24435318391013006
Cn1c(=O)[nH]c2[nH]c(=O)[nH]c2c1=O,-1.5613999160187328,-3.2687305728354614,-1.7073306568167286,1.7073306568167286
Nc1ccc(N=Nc2ccc(NC(=O)c3ccc(N=Nc4c(S(=O)(=O)[O-])cc5c(c4N)C(=O)/C(=N/Nc4ccccc4)C(S(=O)(=O)[O-])=C5)cc3)cc2)c(N)c1,-1.3406825986227302,-2.4730594256150606,-1.1323768269923304,1.1323768269923304
O=S(=O)(O)CS(=O)(=O)O,0.7540001599900252,2.649922370331002,1.8959222103409767,1.8959222103409767
O=C([O-])CCCCCCCCC(=O)[O-],-1.5442061795891875,-1.8968744647451024,-0.35266828515591486,0.35266828515591486
CC(C)(OO)c1ccccc1,-1.0393796486643863,-1.7856210465871714,-0.7462413979227851,0.7462413979227851
CCOC(=O)C(O)c1ccccc1,-1.259999795114027,-1.3820993680519469,-0.12209957293791995,0.12209957293791995
O=c1c2ccccc2c2cc3ccc4c(=O)c5c(Br)c(Br)ccc5c5cc6ccc1c2c6c3c45,-4.450427555756926,-6.776979240102915,-2.326551684345989,2.326551684345989
CCONC(=O)c1cn(C)c(=O)c(C)c1Nc1ccc(Br)cc1F,-3.819999916165824,-4.546556951037436,-0.7265570348716124,0.7265570348716124
O=S(=O)([O-])c1cc(N=Nc2ccc3c(S(=O)(=O)[O-])cccc3c2S(=O)(=O)[O-])c2c(O)c(Nc3nc(Cl)nc(Nc4ccc(Nc5nc(Cl)nc(Nc6c(S(=O)(=O)[O-])cc7cc(S(=O)(=O)[O-])cc(N=Nc8ccc9c(S(=O)(=O)[O-])cccc9c8S(=O)(=O)[O-])c7c6O)n5)cc4)n3)c(S(=O)(=O)[O-])cc2c1,-0.634868179140013,1.1692646161284865,1.8041327952684996,1.8041327952684996
Oc1c(Cl)cccc1Cl,-1.789999812357601,-1.7296200775351092,0.060379734822491926,0.060379734822491926
CC(C)=CCC/C(C)=C/CO,-2.351909305301127,-2.660856496231271,-0.308947190930144,0.308947190930144
CCC(C)C(C)O,-0.72159987405974,-0.8284339465349824,-0.10683407247524235,0.10683407247524235
CCCCCC#CC(=O)OC,-3.0091327995398895,-2.9222426152179466,0.08689018432194295,0.08689018432194295
C=C(C)C(=O)OCCOCC,-0.9674737004642848,-1.0433810488561892,-0.07590734839190438,0.07590734839190438
CN1CCN(CCCN2c3ccccc3Sc3ccc(C(F)(F)F)cc32)CC1,-4.523799901874851,-4.900652848548777,-0.3768529466739263,0.3768529466739263
CC(C(=O)O)c1ccc(N2Cc3ccccc3C2=O)cc1,-4.719999774866936,-4.417352166727545,0.30264760813939073,0.30264760813939073
CC(C)=C1OC(=O)N(c2cc(OC3CCCC3)c(Cl)cc2F)C1=O,-6.210000018665256,-4.896459728975588,1.3135402896896684,1.3135402896896684
N#CCCNCC(=O)O,0.3237001562250206,0.13728570119077954,-0.18641445503424103,0.18641445503424103
CC(=O)c1ccc(S(=O)(=O)NC(=O)NC2CCCCC2)cc1,-2.0599998458827367,-3.3685557077101635,-1.308555861827427,1.308555861827427
COc1ccc(NC(=O)C2=Cc3ccccc3/C(=N/Nc3cc(C(=O)Nc4cccc(S(=O)(=O)[O-])c4)ccc3C)C2=O)cc1,-7.050931467225567,-4.624687774961929,2.426243692263638,2.426243692263638
Nc1ncnc2c1ncn2C1OC(CO)C(O)C1O,-1.72999992759816,-1.3854001436361754,0.34459978396198454,0.34459978396198454
COc1cc(S(=O)(=O)Nc2ccccc2)c(OC)cc1N,-4.05769302549662,-3.828990230094523,0.22870279540209726,0.22870279540209726
CCNc1nc(OC)nc(N(CC)CC)n1,-2.998699845575671,-3.2424745414423763,-0.2437746958667053,0.2437746958667053
CCCC(C)(C)C,-4.357500108791333,-4.61399400189328,-0.2564938931019469,0.2564938931019469
CCc1cc(Cc2cc(CC)cc(C(C)(C)C)c2O)c(O)c(C(C)(C)C)c1,-5.566509443066829,-6.472223822983565,-0.905714379916736,0.905714379916736
CC(C)(C)C(=O)OCn1cnc2c(cnn2COC(=O)C(C)(C)C)c1=O,-4.2600002442971485,-4.031624779717918,0.22837546457923086,0.22837546457923086
ClCC(Cl)Cl,-1.5811039479049296,-2.2761689694732823,-0.6950650215683527,0.6950650215683527
NS(=O)(=O)c1cc(S(=O)(=O)c2ccc(O)cc2)co1,-2.400000021014378,-1.8931313129064855,0.5068687081078926,0.5068687081078926
O=C(O)CNC(=O)c1ccccc1,-1.6899998663982867,-1.2670528323130936,0.4229470340851931,0.4229470340851931
C=C(C)C(=O)OCCOc1ccccc1,-2.952647148984774,-3.4164263050047916,-0.4637791560200175,0.4637791560200175
CC(C)(C(=O)O)C(=O)O,-0.16699987231860502,0.5356217086254165,0.7026215809440215,0.7026215809440215
CC(C)C1NC(=O)CNC1=O,-0.8925998975927745,-0.9015371401736383,-0.008937242580863813,0.008937242580863813
Cn1c(=O)c2nccnc2n(C)c1=O,-1.4597998240634344,-0.7581378062147359,0.7016620178486985,0.7016620178486985
CC(=O)Oc1ccc2ccccc2c1,-3.44000002490159,-4.448529547683884,-1.0085295227822937,1.0085295227822937
CCC(Cc1ccc(C)cc1)(C(=O)c1ccc(N2CCOCC2)cc1)N(C)C,-5.1332331649887575,-4.318680729800521,0.8145524351882365,0.8145524351882365
CCOC(=O)NC,0.8255003090675359,0.07325722493778342,-0.7522430841297525,0.7522430841297525
CC12CCC(c3cnc(NS(=O)(=O)c4ccc(N)cc4)nc31)C2(C)C,-4.079999899884263,-3.9370037425366142,0.1429961573476488,0.1429961573476488
O=C(Cc1ccccc1)NNC(=O)c1ccncc1,-2.4699999555805157,-2.9722619550987566,-0.5022619995182409,0.5022619995182409
CC(C)C(=O)c1ccccc1,-2.3566152293607816,-2.69713272936027,-0.3405174999994882,0.3405174999994882
CC(=N/O)/C(C)=N/O,-2.1599999988824194,-0.09034248568447056,2.069657513197949,2.069657513197949
O=Cc1ccc(O)c(C(=O)O)c1,-2.635399985728528,-1.5643426497920767,1.0710573359364515,1.0710573359364515
CC(O)COCc1c(Cl)ccc(Cl)c1Cl,-3.5673000378197295,-3.7673714276790053,-0.20007138985927586,0.20007138985927586
CC(C)CCCCCCCCCCCCCCC(=O)OCC(COC(=O)CCCCCCCCCCCCCCC(C)C)OC(=O)CCCCCCCCCCCCCCC(C)C,-8.458760701345193,-7.473599963001444,0.9851607383437493,0.9851607383437493
CCC(=O)OCC(C)C,-1.8840998669578772,-1.8369319991812387,0.047167867776638506,0.047167867776638506
Cc1ccc(O)cc1C,-1.3799998406867342,-1.5882711333605888,-0.20827129267385458,0.20827129267385458
CC(C)c1ccc(C(=O)O)cc1,-3.0364000247202347,-3.146548753111088,-0.1101487283908531,0.1101487283908531
CC(CN1CC(=O)NC(=O)C1)N1CC(=O)NC(=O)C1,-1.2699998449207233,-0.5236735604467841,0.7463262844739391,0.7463262844739391
CCCO[N+](=O)[O-],-1.5043999081743882,-1.78668136932858,-0.2822814611541917,0.2822814611541917
CCC(CC)(CC(=O)O)C(=O)O,-0.7961998315369581,-0.68554986704024,0.11064996449671805,0.11064996449671805
CCC(=O)OCc1ccccc1,-2.344979664161787,-2.7536564408364925,-0.4086767766747057,0.4086767766747057
Nc1ccc(S(=O)(=O)NC(=O)c2ccccc2)cc1,-2.9500998838822925,-3.6954043335566906,-0.7453044496743981,0.7453044496743981
Cc1ccccn1,1.0309152728152378,0.6476526323811544,-0.3832626404340833,0.3832626404340833
c1ccc2n[nH]nc2c1,-0.7793998858886204,-1.136410911790817,-0.3570110259021966,0.3570110259021966
Cc1cccc(NC(=O)c2ccccc2C(=O)O)c1,-2.4069999868656096,-3.818220542224029,-1.4112205553584194,1.4112205553584194
CCCCCCCCOC(=O)c1ccc(O)c(I)c1,-4.670000077941103,-5.142150255640404,-0.4721501776993007,0.4721501776993007
CCCCCCCCSC(=N)N,0.16000023806433106,-2.6825138504756723,-2.8425140885400033,2.8425140885400033
CC(C)C1(O)CCN2CC3c4ccccc4CCc4cccc(c43)C2C1,-3.8099999353725837,-3.908204565281716,-0.09820462990913237,0.09820462990913237
Cc1ccccc1NC(=O)C(=O)C(=O)Nc1ccccc1C,-2.1999999220553805,-4.457036560378654,-2.2570366383232736,2.2570366383232736
NC(CSCC(N)C(=O)O)C(=O)O,-2.5599998517331337,-0.41169232637952646,2.1483075253536073,2.1483075253536073
C=COC(=O)c1ccccc1,-2.6229590507487766,-2.539112101045802,0.08384694970297435,0.08384694970297435
CCC(CC)C(=O)Oc1ccccc1C(=O)O,-1.8399999233641708,-2.9632079762566916,-1.1232080528925208,1.1232080528925208
Cn1c(=O)cc2c3c(c(Br)ccc31)C(=O)c1ccccc1-2,-6.680445425968939,-5.5544152489445064,1.1260301770244325,1.1260301770244325
NCCNCCO,0.9823284193652002,0.9580704655566801,-0.02425795380852014,0.02425795380852014
Cc1cc(O)c([N+](=O)[O-])cc1Cl,-4.390099995107338,-2.849672308981516,1.5404276861258221,1.5404276861258221
O=C1C(Br)=CC(=CNOc2ccc([N+](=O)[O-])cc2[N+](=O)[O-])C=C1Br,-6.663700277004843,-5.81127974430637,0.8524205326984724,0.8524205326984724
Nc1cccc(O)c1,-0.6229625297800903,-0.2491879973344422,0.37377453244564807,0.37377453244564807
O=C(O)c1cc(O)c(O)c(OC(=O)c2cc(O)c(O)c(O)c2)c1,-2.8091999800740273,-2.1734654903798925,0.6357344896941348,0.6357344896941348
CC(C)C(C)(C)C,-4.360000190256463,-4.714957099647641,-0.35495690939117797,0.35495690939117797
O=C1OC(=O)c2c(Cl)c(Cl)c(Cl)c(Cl)c21,-4.553119716643495,-6.595835480747329,-2.042715764103834,2.042715764103834
COC1CCCCCCCCCCC1,-4.6835904837943385,-3.600402756177775,1.0831877276165636,1.0831877276165636
O=CC=O,1.2363004227498506,0.866416178831487,-0.3698842439183636,0.3698842439183636
Cc1ccc(Cn2cc(F)c(=O)[nH]c2=O)cc1,-2.920000014331302,-3.058272071200263,-0.13827205686896127,0.13827205686896127
Cc1cc(C)cc(N)c1,-1.4022003653383377,-1.1514359693720142,0.2507643959663235,0.2507643959663235
CC1=CC(C)C(CO)C(C)C1,-2.3711973585799404,-2.8077865241038085,-0.43658916552386806,0.43658916552386806
CCCCC(CC)(CO)CO,-1.2603342343228832,-1.8792718926008927,-0.6189376582780095,0.6189376582780095
C=C(C)C(=O)OCCN1CCNC1=O,0.7028484904529204,-0.8897441207742713,-1.5925926112271918,1.5925926112271918
CC(=O)/C=C/C1=C(C)CCCC1(C)C,-3.07986372463434,-4.046529201777637,-0.9666654771432968,0.9666654771432968
O=C(O)CCn1ccccc1=O,-0.5999999585448736,-0.6602401481588833,-0.060240189614009676,0.060240189614009676
CCCCCCCCCCCCCCCc1cccc(O)c1,-6.597038799370031,-6.0907538760883275,0.5062849232817035,0.5062849232817035
CCCC[N+](CCCC)(CCCC)CCCC,1.3320251231230702,-0.01340462836424594,-1.3454297514873161,1.3454297514873161
Clc1ccc(-c2c(Cl)ccc(Cl)c2Cl)cc1Cl,-7.649899805891659,-7.605843271761916,0.04405653412974253,0.04405653412974253
O=[N+]([O-])c1cc([N+](=O)[O-])c2ccc(S(=O)(=O)O)cc2c1O,-2.5399998901466536,-1.6759939995385889,0.8640058906080648,0.8640058906080648
NC(N)=S,0.1885165981756285,-0.38319280555154744,-0.5717094037271759,0.5717094037271759
CN(C)C(=O)Nc1ccccc1,-1.6100999515369758,-1.5221207693825638,0.08797918215441203,0.08797918215441203
CCOC(C)CCO,-0.3735999351365664,0.24539583247158303,0.6189957676081494,0.6189957676081494
Oc1cc(O)cc(O)c1,-1.0499998533887016,-0.11757906026357023,0.9324207931251314,0.9324207931251314
C[C@]12CCC(=O)C=C1CC[C@@H]1[C@@H]2CC[C@]2(C)C(=O)CC[C@@H]12,-3.6948999832186136,-3.9103013321086797,-0.21540134889006612,0.21540134889006612
C[N+](C)(C)CCCl,0.7990002460932466,0.6328892738259544,-0.1661109722672922,0.1661109722672922
CC1C(C)(C)C2=C(C(=O)CCC2)C1(C)C,-3.265342184668558,-3.4645620519982283,-0.19921986732967012,0.19921986732967012
CCn1cc(C(=O)O)c(=O)c2ccc(C)nc21,-3.6099998364135857,-2.7272221131792556,0.8827777232343301,0.8827777232343301
O=C1C=C(O)C(N=Nc2ccc(N=Nc3ccc(Nc4ccc([N+](=O)[O-])cc4S(=O)(=O)[O-])cc3)c3c(S(=O)(=O)[O-])cccc23)=C/C1=N/Nc1ccc(Nc2ccc([N+](=O)[O-])cc2S(=O)(=O)[O-])cc1,-0.3225769066818609,-1.1091667457315324,-0.7865898390496715,0.7865898390496715
O=C(O)CCCCCCCCCCCCC(=O)O,-3.111200043580361,-3.2891847119773447,-0.1779846683969839,0.1779846683969839
CC1CN1,1.2434002510722366,0.9571746708949069,-0.2862255801773297,0.2862255801773297
Brc1ccc(-c2ccc(Br)c(Br)c2Br)c(Br)c1Br,-7.75630033583491,-7.53055483604542,0.22574549978948966,0.22574549978948966
CC1=Nc2ccc(Cl)cc2S(=O)(=O)N1,-3.3599998679951155,-3.1232963081063714,0.23670355988874414,0.23670355988874414
CCOC(=O)COC(=O)c1ccccc1OC(C)=O,-2.5799998478263424,-2.4004545781437905,0.1795452696825519,0.1795452696825519
CCCCCCCCCCC(=O)O,-3.552499964105819,-3.9417891355911094,-0.38928917148529063,0.38928917148529063
CCCCCCCOCC(COCCCCCCC)(COCCCCCCC)COCCCCCCC,-7.94522494829889,-7.481862806088099,0.46336214221079075,0.46336214221079075
COC/C(=N/OCC(=O)OC)c1cc(Oc2ccc(C(F)(F)F)cc2Cl)ccc1[N+](=O)[O-],-5.678299923941087,-5.834005047279092,-0.1557051233380049,0.1557051233380049
CCNc1nc(Cl)nc(NC(C)(C)C)n1,-4.429999848768776,-3.4831527588086373,0.9468470899601384,0.9468470899601384
C/C=C(\C)C(=O)OC1C(OC(C)=O)C2(CO)C(O)CC3(C)C(=CCC4C5(C)CCC(OC6OC(C(=O)O)C(OC7OC(CO)C(O)C(O)C7O)C(O)C6OC6OC(CO)C(O)C(O)C6O)C(C)(CO)C5CCC43C)C2CC1(C)C,-1.1031034995216145,-3.3144998829217434,-2.211396383400129,2.211396383400129
O=C(O)CN(CC(=O)O)Cc1cc2c(c(O)c1O)C(=O)c1ccccc1C2=O,-1.807699900515454,-3.1568668686841517,-1.3491669681686977,1.3491669681686977
Cc1ccccc1Nc1nc(Cl)nc(Nc2cc(S(=O)(=O)[O-])cc3c2C(=O)/C(=N\Nc2ccccc2S(=O)(=O)[O-])C(S(=O)(=O)[O-])=C3)n1,-0.4572401032713329,-0.1596115677492076,0.2976285355221253,0.2976285355221253
CCC(C)C(=O)N(C)c1ccccc1,-1.5805794456376356,-2.4370434422294784,-0.8564639965918428,0.8564639965918428
CN1[C@@H]2CC[C@H]1CC(OC(=O)[C@H](CO)c1ccccc1)C2,-1.9099998579303086,-1.6993349025408193,0.21066495538948926,0.21066495538948926
BrCCBr,-1.6799998165915901,-2.011007676404302,-0.33100785981271197,0.33100785981271197
O=S(=O)([O-])c1cccc(N=Nc2ccc(Nc3ccccc3)cc2)c1,-1.2046859240321197,-2.173177152159793,-0.9684912281276734,0.9684912281276734
CN(C)c1ccc(C(=O)O)cc1,-3.3979000567624946,-1.9809605978339813,1.4169394589285134,1.4169394589285134
Cc1ccc(OP(=O)(Oc2ccc(C)cc2)Oc2ccc(C)cc2)cc1,-6.089200245161837,-6.520711297056641,-0.43151105189480354,0.43151105189480354
CC(C)OC(=O)C1(S(=O)(=O)c2ccc(Cl)cc2)CCCCCC1,-5.520000170702926,-4.092226875896359,1.427773294806567,1.427773294806567
CCC(CC)COC(=O)NS(N)(=O)=O,-1.7486998827097697,-1.8637547690768261,-0.11505488636705641,0.11505488636705641
CNC(=O)ON=C1C(Cl)C2CC(C#N)C1C2,-2.0799998074692168,-2.5032600591254774,-0.4232602516562607,0.4232602516562607
CCCCCCCCCCCCCCCCCCOCCCN(C)C,-6.852054286212772,-5.6461984528059235,1.205855833406848,1.205855833406848
CCOC(=O)c1nc(C(Cl)(Cl)Cl)n(-c2ccc(Cl)cc2Cl)n1,-5.651599997997577,-6.641629221597113,-0.990029223599536,0.990029223599536
NC(=O)OCc1ccccc1,-0.3499998175927628,-1.5085107637077606,-1.1585109461149978,1.1585109461149978
CCC(C)c1ccccc1OC(=O)NC,-2.529999874846685,-2.764090136695365,-0.2340902618486802,0.2340902618486802
C=CC(=O)OC1C[C@@H]2CC[C@@]1(C)C2(C)C,-4.583092674761833,-4.835195655725055,-0.2521029809632225,0.2521029809632225
O=C1CCCCO1,0.9994923419816573,0.45902671015570684,-0.5404656318259504,0.5404656318259504
Clc1ccc(C2(Cn3cncn3)OCCO2)c(Cl)c1,-3.0030998588639357,-3.7022892539763985,-0.6991893951124628,0.6991893951124628
C=CCOC(=O)C(=C)C,-1.7584816429544332,-1.5327982552755441,0.22568338767888907,0.22568338767888907
CC(=O)O[C@@H](C(=O)O)c1ccccc1,-1.2312998592091768,-1.574452845074905,-0.34315298586572807,0.34315298586572807
CCCCOC(=O)CC(O)(CC(=O)OCCCC)C(=O)OCCCC,-3.5452708735799274,-3.4141351272716483,0.13113574630827918,0.13113574630827918
Cc1cc(C)c([PH](=O)O)c(C)c1,-2.789599822066128,-2.3153359002296328,0.47426392183649524,0.47426392183649524
CN1CCC23c4c5ccc(OCc6ccccc6)c4OC2C(O)C=CC3C1C5,-2.219999952655317,-3.2909891032970204,-1.0709891506417035,1.0709891506417035
N=C(N)S(=O)O,-0.5567925659804982,-0.15614460776239492,0.4006479582181033,0.4006479582181033
CC1c2nc3ccccc3c(=O)n2CN1C,0.030000142684927233,-2.36844586109379,-2.398446003778717,2.398446003778717
CCCc1cc(=O)[nH]c(=S)[nH]1,-2.1503998130410786,-2.411497490287471,-0.2610976772463922,0.2610976772463922
COC(=O)c1ccccc1C,-1.75664761035531,-2.400952717270807,-0.644305106915497,0.644305106915497
O=c1oc2ccccc2c(O)c1C(CC(O)c1ccc(-c2ccc(Br)cc2)cc1)c1ccccc1,-4.449999810355257,-5.51029411821974,-1.060294307864483,1.060294307864483
CCCCCCCCCCCC(=O)OC(C)C,-5.384538350398043,-6.1627536825888924,-0.7782153321908494,0.7782153321908494
Cc1nc2c([nH]1)c(=O)n(C)c(=O)n2C,-0.727599627889933,-1.3814412557334055,-0.6538416278434724,0.6538416278434724
CCN(C(N)=O)c1ccccc1C,-0.20959967041439453,-1.474242822154848,-1.2646431517404535,1.2646431517404535
C=CCOC(=O)CCCCC,-2.6105517598289336,-3.1545419433709148,-0.5439901835419811,0.5439901835419811
OCC1CO1,1.1303004469065185,1.51996946845486,0.3896690215483414,0.3896690215483414
CCN(CC)c1ccc2cc3c(oc2c1)c(C#N)c(=O)n1c2ccccc2nc31,-7.202332911433514,-6.426441952448251,0.7758909589852632,0.7758909589852632
O=C1/C(=N/Nc2cc(Cl)ccc2O)C(S(=O)(=O)[O-])=Cc2cc(S(=O)(=O)[O-])cc(O)c21,-1.2898085012065539,-0.7395076237073677,0.5503008774991862,0.5503008774991862
CNc1ccccc1,-1.2802998272081645,-1.1701272978015964,0.11017252940656808,0.11017252940656808
CC(C)C(=O)OCC1OC(n2cc(I)c(=O)[nH]c2=O)CC1O,-2.7599999161854036,-2.4469737884453897,0.3130261277400139,0.3130261277400139
CCc1c(C(=O)O)c(=O)cnn1-c1ccc(Cl)cc1,0.40000032920974604,-3.5215817976910526,-3.9215821269007987,3.9215821269007987
CC(C)CCCCCCCCCCCCCCCOC(=O)CCCCCCCCCCCCCCC(C)C,-7.0864976899169445,-7.363613769926678,-0.2771160800097334,0.2771160800097334
COC(=O)c1cc(CCc2cc(OC)ccc2OC)ccc1O,-6.390000087024317,-3.9528192802453885,2.4371808067789287,2.4371808067789287
CCOC(=O)n1c(=O)[nH]cc(F)c1=O,-0.44999976355207716,-1.5504281567484182,-1.100428393196341,1.100428393196341
CN(C)C(=O)Nc1ccc(-n2nc(C(C)(C)C)oc2=O)c(Cl)c1,-4.325799881890649,-4.637956578109167,-0.3121566962185174,0.3121566962185174
CC/C=C\CCOC(C)=O,-2.111500654494873,-2.056673604333162,0.054827050161710744,0.054827050161710744
CCCCCCCCCCCCC(CO)CCCCCCCCCC,-5.549815640114163,-6.791270270563726,-1.2414546304495628,1.2414546304495628
CC(C)CN,1.135900474798269,0.6744276449650357,-0.46147282983323334,0.46147282983323334
O=[N+]([O-])c1ccccc1CO,-1.48609988604159,-1.798403856975687,-0.3123039709340971,0.3123039709340971
CCCCC(C#N)c1ccccc1,-3.6623544104926555,-4.425695479504155,-0.7633410690114992,0.7633410690114992
CCNc1nc(=O)nc(NC(C)C)[nH]1,-4.524099834355596,-2.870791548054383,1.653308286301213,1.653308286301213
Cc1c(Cl)cc(N=Nc2c(O)c(C(=O)[O-])cc3ccccc23)cc1S(=O)(=O)[O-],-5.306582958679268,-2.095355370492266,3.2112275881870023,3.2112275881870023
O=C(O)c1c(Cl)ccc2ccccc12,-2.31520001273433,-3.637232063144944,-1.322032050410614,1.322032050410614
Nc1c2ccccc2nc2cccc(Cl)c12,-1.5799998706322758,-3.0198838192704756,-1.4398839486381998,1.4398839486381998
CC(C)C(=O)Oc1ccc([N+](=O)[O-])cc1,-3.9588000553751206,-3.8072318056434837,0.15156824973163685,0.15156824973163685
Clc1ccc(Sc2cc(Cl)c(Cl)cc2Cl)cc1,-7.03350004845279,-7.617386186395931,-0.583886137943141,0.583886137943141
CNCCC(=O)O,-0.0542997940913299,0.3985532550596642,0.4528530491509941,0.4528530491509941
NCC1(CC(=O)O)CCCCC1,0.019021206015165326,-1.2871960658346928,-1.3062172718498581,1.3062172718498581
CC(O)C(C)C=O,-0.49059955168652714,0.5887929879454279,1.079392539631955,1.079392539631955
Oc1ccc(N=Nc2ccccc2)cc1,-3.9500000115452276,-4.145515892172687,-0.19551588062745973,0.19551588062745973
CC(=O)Oc1ccc(Br)cc1,-2.416603968447043,-3.145538741179266,-0.7289347727322233,0.7289347727322233
Cn1ccc2cc3c(Nc4cccc(Br)c4)ncnc3cc21,-3.309999895015458,-3.9709019099910847,-0.6609020149756266,0.6609020149756266
O=C(O)CCc1nc(-c2ccccc2)c(-c2ccccc2)o1,-2.2399999142417975,-3.9733775606927124,-1.733377646450915,1.733377646450915
O=C1CCN(Cc2ccccc2)CC1,-1.0169827117163726,-1.527939431903628,-0.5109567201872554,0.5109567201872554
O=[N+]([O-])c1ccccc1-c1ccc(Cl)cc1,-4.9372096903907785,-4.453972638976183,0.48323705141459516,0.48323705141459516
OCC(F)(F)F,0.9998310600247993,0.6757411090638699,-0.3240899509609294,0.3240899509609294
O=C(c1cc(N2CC2)c([N+](=O)[O-])cc1[N+](=O)[O-])N1CCCCC1,-3.1700000258831826,-4.038919916121413,-0.8689198902382307,0.8689198902382307
C=CC(=O)OCCO,0.9351083084022007,0.1479209508485515,-0.7871873575536492,0.7871873575536492
CC1CC=CC=CC=CC=CC(OC2OC(C)C(O)C(N)C2O)CC2OC(O)(CC(O)CC3OC3C=CC(=O)O1)CC(O)C2C(=O)O,-3.209999983562872,-1.5013266009418704,1.7086733826210014,1.7086733826210014
Oc1ccc(C2CCCCC2)cc1,-3.4679998883065153,-3.68664224712772,-0.21864235882120475,0.21864235882120475
CC1=C/C(=N\Nc2ccccc2[N+](=O)[O-])C(=O)C=C1,-5.7475957832268385,-6.19051613970441,-0.4429203564775719,0.4429203564775719
C/C=C1\CC2C=CC1C2,-3.1767963847851926,-4.141583781490931,-0.9647873967057388,0.9647873967057388
Cc1ccc(-c2ccccc2)cc1,-4.61850030453081,-4.4421075695285195,0.1763927350022909,0.1763927350022909
NC(=O)c1ncn([C@@H]2O[C@H](CO)[C@@H](O)[C@H]2O)n1,-0.2354998684271945,-1.3273545819300538,-1.0918547135028593,1.0918547135028593
CCOC(=O)C=Cc1ccccc1,-2.999999938317362,-3.708740769891026,-0.7087408315736643,0.7087408315736643
CSC(=O)c1cccc2nnsc12,-4.436299811133538,-3.3795024496025974,1.0567973615309407,1.0567973615309407
CC(=O)OCCBr,-0.6736999805529456,-0.8719623896977069,-0.19826240914476134,0.19826240914476134
C=CC,-1.0799998647818783,-1.7770078911967302,-0.6970080264148519,0.6970080264148519
COc1ccc2c(c1)Sc1ccc(Cl)cc1N2,-4.978700166191241,-5.986666125090019,-1.0079659588987777,1.0079659588987777
Cc1ccccc1-n1c(C)nc2ccccc2c1=O,-2.920000014331302,-3.142342469221123,-0.22234245488982118,0.22234245488982118
ClC(Cl)C(Cl)Cl,-1.753599907115051,-2.4951460780638963,-0.7415461709488453,0.7415461709488453
CN1C(=O)CN=C(c2ccccc2)c2cc([N+](=O)[O-])ccc21,-3.7999999545793433,-4.5197445331602815,-0.7197445785809382,0.7197445785809382
CCOP(=S)(OCC)SCC[S+]([O-])CC,-1.86089995844671,-2.4709926106280977,-0.6100926521813876,0.6100926521813876
CC(=O)NC(CSc1c(Cl)cccc1Cl)C(=O)O,-2.3099998488079354,-2.8819384807299553,-0.5719386319220199,0.5719386319220199
Cc1cc2cccc(O)c2nc1C,-3.319999875808698,-1.8404936456299894,1.4795062301787087,1.4795062301787087
CCCCCCCCCCCC(=O)[O-],-5.297808587855091,-4.442242697875804,0.8555658899792871,0.8555658899792871
CC(C)(C)CC(C)(C)c1ccc(O)c(-n2nc3ccccc3n2)c1,-5.509793908689035,-5.607281488788012,-0.09748758009897696,0.09748758009897696
CCCCCCCCCC,-6.437200322111924,-6.160589420601742,0.27661090151018186,0.27661090151018186
C=C(C)[C@H]1Cc2c(ccc3c2O[C@@H]2COc4cc(OC)c(OC)cc4[C@@H]2C3=O)O1,-6.294900096456828,-4.021782080591409,2.2731180158654185,2.2731180158654185
Nc1nc2cncnc2[nH]1,-2.4299999633940987,-1.9881019722570132,0.4418979911370855,0.4418979911370855
CNC(=O)OCc1ccc(Cl)c(Cl)c1,-3.1388999917579055,-3.344412868346623,-0.20551287658871775,0.20551287658871775
CC(=O)C(N=Nc1ccccc1C(F)(F)F)C(=O)Nc1ccc2[nH]c(=O)[nH]c2c1,-7.455526719085794,-7.087808945585179,0.3677177735006154,0.3677177735006154
NC(N)=NS(=O)(=O)c1ccc(N)cc1,-1.9884999038455944,-2.576700176457414,-0.5882002726118194,0.5882002726118194
CC1=CC(=O)[C@@H](C(C)C)CC1,-1.788243557923641,-2.779808779511603,-0.9915652215879618,0.9915652215879618
CCN(CC)CC(=O)Nc1c(C)cccc1C,-1.779999831564361,-2.479941930563801,-0.6999420989994398,0.6999420989994398
C=C(C)OC(C)=O,-0.527751151494257,-0.49504539853640583,0.032705752957851164,0.032705752957851164
CCC(C)c1cc([N+](=O)[O-])cc([N+](=O)[O-])c1OC(C)=O,-2.249999895035038,-4.151132207240106,-1.9011323122050676,1.9011323122050676
COC(=O)C1C(C)=CCCC1(C)C,-2.908515866811931,-3.4915580456689352,-0.5830421788570042,0.5830421788570042
CCC(CC)(S(=O)(=O)CC)S(=O)(=O)CC,-2.062499927347867,-1.8020390717687715,0.26046085557909526,0.26046085557909526
CCN(CC)c1ccc(N=Nc2ccccc2)cc1,-5.982115377786682,-5.132742203261188,0.8493731745254944,0.8493731745254944
CCNP(=S)(OC)O/C(C)=C\C(=O)OC(C)C,-3.4077999335374836,-2.478886162710503,0.9289137708269806,0.9289137708269806
CC12CCC(=O)C=C1CCC1C2CCC2(C)C1CCC2(C)O,-3.9700000421451644,-4.62952713653919,-0.6595270943940257,0.6595270943940257
O=[N+]([O-])c1ccc(Cl)cc1O,-2.637376945195489,-2.4537015652252783,0.18367537997021088,0.18367537997021088
CCCCOCCOCCOCOCCOCCOCCCC,-1.3016356132532951,-1.499287805418134,-0.19765219216483887,0.19765219216483887
CC(=O)NC(=O)NC(C)=O,-0.3136998438348235,-0.16407949890507734,0.14962034492974619,0.14962034492974619
CCN(CC)C(=O)CCC(=O)OCn1ncc2c(=O)[nH]cnc21,-0.9899998306023479,-2.550769957591157,-1.560770126988809,1.560770126988809
O=C(O)c1ccc(Cl)cc1Cl,-2.600299983440664,-2.6733900300159097,-0.07309004657524554,0.07309004657524554
O=C1CC(=O)CC(c2ccccc2)C1,-2.509999913260205,-1.5242940031190226,0.9857059101411823,0.9857059101411823
CC(C)C(=O)O,0.2777002031680422,0.11023987980467975,-0.16746032336336247,0.16746032336336247
O=C(O)C1=CC(=O)C(=O)C(=C(O)O)O1,-1.3769998257447253,-1.015412103479652,0.3615877222650734,0.3615877222650734
c1ccc2[nH]cnc2c1,-1.7691970862483362,-1.5408104414891965,0.2283866447591396,0.2283866447591396
CCCCCCCCCCCC(=O)O,-4.619583677766597,-4.3360033833662905,0.2835802944003065,0.2835802944003065
CCCc1ccccc1,-3.362199982472773,-3.517376738789936,-0.1551767563171631,0.1551767563171631
CC1OC(=O)c2cc([N+](=O)[O-])ccc21,-2.615699922116064,-3.3656968597928585,-0.7499969376767943,0.7499969376767943
NS(=O)(=O)c1cc2c(s1)C(=O)CCS2(=O)=O,-3.6700000662403083,-1.6816263257278512,1.988373740512457,1.988373740512457
NNc1cccc(S(=O)(=O)O)c1,-0.8274999184184617,-0.8593964195886437,-0.031896501170181946,0.031896501170181946
NCC[C@H](O)C(=O)N[C@@H]1C[C@H](N)[C@@H](O[C@H]2O[C@H](CN)[C@@H](O)[C@H](O)[C@H]2O)[C@H](O)[C@H]1O[C@H]1O[C@H](CO)[C@@H](O)[C@H](N)[C@H]1O,-0.5004000145778273,-0.04374156345070279,0.45665845112712455,0.45665845112712455
COP(C)(=O)OC,-0.09368742988068135,1.3059062904809564,1.3995937203616378,1.3995937203616378
CCOP(=S)(OCC)Oc1cc(C)nc(C(C)C)n1,-3.881299945427048,-4.210966735758436,-0.32966679033138835,0.32966679033138835
COCC(C)O,1.0451693120635128,0.692094537650445,-0.3530747744130678,0.3530747744130678
COC(=O)c1sc(N)c(C#N)c1C,-4.991737912287045,-3.699562808374857,1.2921751039121876,1.2921751039121876
Nc1cc(Cl)ccc1Cl,-2.075000196646606,-2.2616005049184555,-0.1866003082718497,0.1866003082718497
C=CCN(CC=C)c1c(C)cc(OC(=O)NC)cc1C,-3.5931999597787048,-3.2725152017612684,0.32068475801743634,0.32068475801743634
CC(=O)OCC(COC(C)=O)OC(C)=O,-0.5754366892060236,-0.9085355187153765,-0.3330988295093529,0.3330988295093529
C=CC(=O)OCCOCCOC[C@@H](CC)CCCC,-3.9942741451024406,-3.6929184688635424,0.30135567623889825,0.30135567623889825
O=C(O)CSCC(=O)O,0.42550024917645324,-0.06259521152932113,-0.48809546070577436,0.48809546070577436
c1ccc2sc(SSc3nc4ccccc4s3)nc2c1,-4.521800029940424,-5.24414924537267,-0.7223492154322457,0.7223492154322457
CCCCSc1cc(O)cc(O)c1,-2.5190998550641144,-2.609142125478853,-0.09004227041473856,0.09004227041473856
CC(=O)OCC1CCC(C)=CC1C,-3.250398597472432,-3.391758135212483,-0.14135953774005072,0.14135953774005072
C1CNCCN1,0.7380000802993107,1.222835069279291,0.48483498897998034,0.48483498897998034
COc1cc2ncnc(N3CCN(C(=S)NCc4ccco4)CC3)c2cc1OC,-5.630000166468937,-4.053407358878635,1.576592807590302,1.576592807590302
C=CC1CN2CCC1CC2C(=O)c1ccnc2ccc(OC)cc12,-5.0313001521206395,-3.147947362561537,1.8833527895591025,1.8833527895591025
CC1C/C=C/C=C/C=C/C=C/C(OC2OC(C)C(O)C([NH3+])C2O)CC2OC(O)(CC(O)CC3OC3/C=C/C(=O)O1)CC(O)C2C(=O)[O-],-2.209999971862077,-1.6051417487880986,0.6048582230739783,0.6048582230739783
CCC1(CC)C(=O)N=C([O-])NC1=O,-0.06999980327438715,-1.1980404803055056,-1.1280406770311184,1.1280406770311184
C=C(C)C(=O)OCC(CC)(COC(=O)C(=C)C)COC(=O)C(=C)C,-4.2262344446517135,-4.069339529328426,0.1568949153232877,0.1568949153232877
O=S(=O)([O-])CCC[NH+]1CCOCC1,0.4557825256055814,0.08586653549735512,-0.3699159901082263,0.3699159901082263
CS(=O)(=O)Nc1nnc(S(N)(=O)=O)s1,-1.6799998165915901,-1.2299938485636148,0.4500059680279753,0.4500059680279753
CC(C)(C)NC(=O)c1cc(N2CC2)c([N+](=O)[O-])cc1[N+](=O)[O-],-3.1700000258831826,-4.705195836399476,-1.535195810516293,1.535195810516293
CCCCOC(=O)c1ccc(NC(C)=O)cc1,-3.4599999864880706,-3.949375232726042,-0.48937524623797124,0.48937524623797124
Cc1ccc(S(N)(=O)=O)cc1N,-1.9168998922969291,-1.2358869075904872,0.6810129847064419,0.6810129847064419
CC(O)C(C)Cc1ccccc1,-1.6969728479881347,-2.039596638671546,-0.3426237906834111,0.3426237906834111
CCOC(=O)CCCCCCCCC(=O)OCC,-3.5090999549851247,-3.835705515438835,-0.32660556045371036,0.32660556045371036
COc1cccc(Cl)c1Cl,-3.308999959048245,-3.6703616967509163,-0.36136173770267144,0.36136173770267144
CC(=O)CCC(C)C,-1.3251998437998627,-1.6720069541456803,-0.3468071103458177,0.3468071103458177
Nc1ncnc2nccnc12,-2.3099998488079354,-1.4739535177463616,0.8360463310615738,0.8360463310615738
C=CCc1cc(C(C)(C)c2ccc(O)c(CC=C)c2)ccc1O,-3.9963836794188055,-4.7692001579427945,-0.772816478523989,0.772816478523989
CC(C)CCO[N+](=O)[O-],-2.4808999753630867,-2.883999326052955,-0.40309935068986835,0.40309935068986835
CCC(C)(O)CC,-0.3799996909590271,0.038783899339151606,0.4187835902981787,0.4187835902981787
[O-][n+]1nc(-n2ccnc2)nc2ccc(Cl)cc21,-3.6300000740538914,-0.7984405604336029,2.8315595136202885,2.8315595136202885
CCCCCCCCCOC(=O)c1cccnc1,-3.095799863357864,-4.500319177610313,-1.4045193142524495,1.4045193142524495
NC(=O)C(F)(F)F,-1.4850225859899506,-0.6286673200983866,0.8563552658915641,0.8563552658915641
CC1CC(=O)CC(C)(C)C1,-1.6471412678416615,-2.4966449813196014,-0.84950371347794,0.84950371347794
CC12CCC(=O)C=C1CCC1C2CCC2(C)C(OC(=O)c3ccccc3)CCC12,-4.480000097802258,-5.461667513018917,-0.9816674152166591,0.9816674152166591
CC(=O)C(=Cc1ccccc1)CC(=O)O,-1.611099818490733,-2.058426408094311,-0.4473265896035781,0.4473265896035781
Cc1ccccc1C(=O)Nc1cccc(OC(C)C)c1,-4.326499954390574,-5.5228650572976505,-1.1963651029070768,1.1963651029070768
C=C(CC(=O)c1ccc(-c2ccccc2Cl)cc1)C(=O)O,-3.2000000027696314,-3.938771729258132,-0.7387717264885008,0.7387717264885008
O=[N+]([O-])N1CN([N+](=O)[O-])CN([N+](=O)[O-])CN([N+](=O)[O-])C1,-4.8251166545244395,-2.5968089722643577,2.228307682260082,2.228307682260082
OCc1ccccc1,-0.43189974241541274,-0.399198130264935,0.03270161215047773,0.03270161215047773
COc1ncnc2nc[nH]c12,-1.5299998976526186,-1.2516051363259872,0.2783947613266313,0.2783947613266313
C=CC(C)(O)CC/C=C(\C)CC,-2.409128568895892,-2.474074268488818,-0.06494569959292606,0.06494569959292606
c1ccc(CNCCNCc2ccccc2)cc1,-1.7864998639387137,-2.2754290071956604,-0.4889291432569467,0.4889291432569467
C#C[C@]1(O)CC[C@H]2[C@@H]3CCc4cc(O)ccc4[C@H]3CC[C@@]21C,-4.419199933004457,-4.792860317193512,-0.3736603841890549,0.3736603841890549
CCCCCCCCCCCCCCCCCCN,-3.6312455598983457,-5.300881066926133,-1.6696355070277868,1.6696355070277868
CCSC(C(=O)O)c1ccccc1,-1.5685999518795544,-2.1300067508079525,-0.5614067989283982,0.5614067989283982
CCC#CCCOC(=O)C(C)c1ccc2cc(OC)ccc2c1,-7.330000351992583,-6.046158760946222,1.283841591046361,1.283841591046361
CC(O)C(=O)O,1.0454000930611222,1.0133698438127805,-0.03203024924834175,0.03203024924834175
C#CCCCCCC#C,-2.9829999830462084,-2.464781744635319,0.5182182384108893,0.5182182384108893
NC(=S)c1ccccc1,-1.9199998387235486,-1.7401958375936168,0.17980400112993178,0.17980400112993178
Nc1ccc(Cc2ccc(N)cc2)cc1,-2.292933373191665,-2.0097715073764375,0.2831618658152273,0.2831618658152273
CCC(C)(C)C,-3.5499999516541445,-4.322249277594894,-0.7722493259407495,0.7722493259407495
CCCCCCCCOC(=O)c1cc(O)c(O)c(O)c1,-3.8945000111718873,-3.9007066673438366,-0.006206656171949376,0.006206656171949376
O=C(O)Cc1c(Cl)ccc(Cl)c1Cl,-3.079999870930104,-2.8993803722947145,0.1806194986353895,0.1806194986353895
ClCC(Cl)(Cl)CCl,-2.5784999438755225,-3.137408990542938,-0.5589090466674156,0.5589090466674156
FC(F)(F)Cl,-3.0646998292325867,-2.743286961998635,0.3214128672339518,0.3214128672339518
CC12CCC3C(CCC4CC5SC5CC43C)C1CCC2O,-5.407000021967994,-5.386700956062244,0.020299065905749814,0.020299065905749814
CCOCCCNS(=O)(=O)c1ccc(Oc2cc(O)c3c(c2N)C(=O)c2ccccc2C3=O)cc1,-4.787469952181767,-4.758146686740312,0.02932326544145525,0.02932326544145525
[O-]c1ccc(N=Nc2ccccc2)cc1N=Nc1c([O-])ccc2ccccc12,-2.691606683893591,-5.7358800588984415,-3.0442733750048507,3.0442733750048507
CCCCCCCC(=O)Oc1ccc(NC(C)=O)cc1,-4.440000036602385,-4.864007807509724,-0.4240077709073393,0.4240077709073393
Clc1cc(Cl)c(Oc2cccc(Cl)c2Cl)cc1Cl,-7.47999999487773,-7.96334677768772,-0.4833467828099902,0.4833467828099902
Br/C=C/Br,-1.7414999158624047,-1.6369166482484157,0.10458326761398906,0.10458326761398906
Cc1cnc(NS(=O)(=O)c2ccc(N)cc2)nc1C,-3.1435000319223496,-3.2510225481301434,-0.10752251620779374,0.10752251620779374
CCc1nc2nc(N)[nH]c(=O)c2nc1CC,-4.2800002058836295,-2.8479524591457133,1.4320477467379162,1.4320477467379162
Cc1cccc(N(O)C(=O)CCc2ccccc2)c1,-3.4100000480151413,-3.272075309991304,0.13792473802383753,0.13792473802383753
CC(=O)OCn1cnc2c1c(=O)n(C)c(=O)n2C,-1.8299999425709306,-1.3476219016459416,0.4823780409249889,0.4823780409249889
CC(=O)CC1=NCCS1,-1.155999829232034,-1.2726789472912958,-0.1166791180592619,0.1166791180592619
CCCCC(O)C(C)C,-1.812199853915011,-1.98396116488364,-0.1717613109686289,0.1717613109686289
c1ccc2c(c1)ccc1nccnc12,-2.6799999835726616,-3.009406541413998,-0.3294065578413363,0.3294065578413363
COc1ccc(-c2cc(=O)c3c(O)cc(O)cc3o2)cc1O,-6.198752481623875,-3.647973593525299,2.550778888098576,2.550778888098576
O=C(OCC(=O)N1CCC(O)CC1)c1ccccc1,-1.34859982232062,-1.873057921002584,-0.524458098681964,0.524458098681964
C=CS(=O)(=O)Nc1ccccc1,-1.4995998842671738,-2.449090500161202,-0.9494906158940284,0.9494906158940284
O=C(Nc1ccc(Cl)cc1)Nc1ccc(Cl)c(Cl)c1,-6.45772658031556,-6.523367210905923,-0.06564063059036318,0.06564063059036318
S=c1[nH]c2ccccc2o1,-2.1795000269920215,-2.6799881995250114,-0.5004881725329899,0.5004881725329899
c1ccc2c(c1)CCc1ccccc1-2,-4.634699833110009,-4.8833549018003355,-0.2486550686903266,0.2486550686903266
CCCCCCCCCC=O,-3.725525601592451,-4.265376392536911,-0.5398507909444601,0.5398507909444601
O=c1ccc2cc3ccoc3cc2o1,-3.740000000806446,-3.209087004550499,0.5309129962559469,0.5309129962559469
CCC1(c2ccccc2)C(=O)NC(=O)N(CC(O)CO)C1=O,-1.7871998674251823,-2.3589685192045255,-0.5717686517793432,0.5717686517793432
CC(C)c1cc(Oc2ccccc2)cc(C(C)C)c1NC(=S)NC(C)(C)C,-6.8067999545368245,-6.830975920359352,-0.024175965822527345,0.024175965822527345
O=C1NC(=O)C(=c2[nH]c(=C3C(=O)NC(=O)NC3=O)c3ccccc23)C(=O)N1,-7.564994483077415,-5.354469463575556,2.2105250195018593,2.2105250195018593
CCN1CCCC1CNC(=O)c1cc(S(N)(=O)=O)ccc1OC,-2.8800000501816014,-2.164801541085671,0.7151985090959303,0.7151985090959303
C1COCCO1,1.0549946197990527,0.7517434199715369,-0.3032511998275158,0.3032511998275158
CC(=O)Nc1c(I)cc(I)c(C(=O)O)c1I,-2.640000025892973,-2.6656654573810665,-0.02566543148809375,0.02566543148809375
C[C@H](CCC(=O)O)[C@H]1CC[C@H]2[C@@H]3[C@H](O)C[C@@H]4C[C@H](O)CC[C@]4(C)[C@H]3C[C@H](O)[C@]12C,-3.3682000123567906,-3.5740447228963923,-0.20584471053960174,0.20584471053960174
CCCN(CCC)C(=O)SCc1ccccc1,-4.27979992883367,-4.837513817719582,-0.5577138888859121,0.5577138888859121
O=C1C2(Cl)C3(Cl)C4(Cl)C(Cl)(Cl)C5(Cl)C3(Cl)C1(Cl)C5(Cl)C24Cl,-5.259399838928804,-5.546612035476297,-0.2872121965474932,0.2872121965474932
CC1=Nn2c(nc3ccccc3c2=O)/C1=N/Nc1ccc(Cl)cc1[N+](=O)[O-],-7.582934669049466,-6.471928997498581,1.1110056715508856,1.1110056715508856
Oc1ccc(C(c2ccc(O)cc2)(C(F)(F)F)C(F)(F)F)cc1,-3.1795029200046137,-4.390252790899416,-1.210749870894802,1.210749870894802
O=c1oc(-c2ccc(-c3nc4ccccc4c(=O)o3)cc2)nc2ccccc12,-6.517040333293234,-4.544148243388345,1.9728920899048887,1.9728920899048887
COc1nc(NC(C)C)nc(NC(C)C)n1,-2.5599998517331337,-3.603327960533238,-1.0433281088001043,1.0433281088001043
Cc1nc(Br)[nH]c1[N+](=O)[O-],-1.7913998193305387,-2.1905788951463943,-0.39917907581585554,0.39917907581585554
CC(C)[C@@H](O)C#N,0.30480013110382087,0.21041732837339966,-0.09438280273042121,0.09438280273042121
C/C=C\COCN(C(=O)CCl)c1c(CC)cccc1CC,-4.028699851416278,-4.874783706591278,-0.8460838551749994,0.8460838551749994
CNCC(O)c1cccc(O)c1,-0.3089246647718493,-0.8404819016416369,-0.5315572368697876,0.5315572368697876
CCCOP(=S)(OCCC)OP(=S)(OCCC)OCCC,-4.100900211020627,-5.545356818734515,-1.4444566077138878,1.4444566077138878
O=C(OC1CCCCC1)c1ccccc1C(=O)OC1CCCCC1,-5.5126057929493815,-4.691008326123,0.8215974668263817,0.8215974668263817
Oc1ccc(Cl)c(Cl)c1,-1.2457998624154305,-1.8035644071782098,-0.5577645447627793,0.5577645447627793
CS(=O)(=O)OCCCCOS(C)(=O)=O,-2.269999856621518,-0.7194004152099169,1.550599441411601,1.550599441411601
CC1=CCCN1C,0.12650000219844193,0.18449477000078351,0.057994767802341585,0.057994767802341585
C=C(C)C(=O)OCCOC(=O)CCC(=O)O,-0.7067087025836152,-1.2194811668040948,-0.5127724642204796,0.5127724642204796
CCOC(=O)C(CCc1ccccc1)NC(C)C(=O)N1CCCC1C(=O)O,-1.1799998107411929,-2.1274154335536957,-0.9474156228125028,0.9474156228125028
CCOc1ccc(C(C)(C)COCc2cccc(Oc3ccccc3)c2)cc1,-8.575800345699765,-6.08750279019258,2.4882975555071853,2.4882975555071853
O=C1CCCCCN1C(=O)c1ccccc1,-2.1666997561990815,-2.0274257015859023,0.1392740546131792,0.1392740546131792
CCNC(=O)Oc1cc(/C=C(/C#N)C(=O)N(CC)CC)cc([N+](=O)[O-])c1O,-3.180000023929787,-4.115547903023197,-0.9355478790934098,0.9355478790934098
COc1cc([C@@H]2c3cc4c(c(O)c3C[C@H]3COC(=O)[C@@H]32)OCO4)cc(OC)c1OC,-4.5035000078076255,-3.3314238457509133,1.1720761620567122,1.1720761620567122
C=CC(=O)OCCCCCCOC(=O)C=C,-2.8193365816305427,-2.571785831759966,0.24755074987057668,0.24755074987057668
C=COCCCC,-2.3379408437347022,-1.4216040506630523,0.91633679307165,0.91633679307165
c1ccc2[nH]c(-c3cscn3)nc2c1,-3.6047999485410163,-2.831551773594989,0.7732481749460272,0.7732481749460272
c1ccoc1,-0.8199998120499834,0.07714737543815531,0.8971471874881387,0.8971471874881387
C/C(=C\CO)CCC[C@H](C)CCC[C@H](C)CCCC(C)C,-4.861741129553539,-5.815400399750526,-0.9536592701969875,0.9536592701969875
Cn1c(=O)c2[nH]cnc2n(C)c1=O,-1.3525852113905792,-1.2042656320837224,0.1483195793068568,0.1483195793068568
O=C1c2ccccc2C(=O)N1SC1CCCCC1,-4.323794350852812,-4.99247359573038,-0.668679244877568,0.668679244877568
N#Cc1ccc(O)c(O)c1,-1.0235159395631683,-0.37938795568306727,0.6441279838801011,0.6441279838801011
c1ccc2c(c1)ccc1nc3c(ccc4ccccc43)cc12,-6.244699984454124,-6.117055732416345,0.12764425203777918,0.12764425203777918
c1ccc2c(c1)Nc1ccc3ccccc3c1S2,-6.572700237844643,-6.2715514639475,0.30114877389714323,0.30114877389714323
O=C1NC(=S)SC1=Cc1ccc(O)c(O)c1,-3.339999871901907,-2.8273411763640106,0.5126586955378962,0.5126586955378962
C=CCN=C=S,-1.6952998237823795,-1.6212552866008434,0.07404453718153614,0.07404453718153614
CC(S(C)(=O)=O)S(C)(=O)=O,-1.418799895909804,-0.046607002153077115,1.372192893756727,1.372192893756727
CC1(C)[C@@H]2CC[C@@](C)(C2)[C@@H]1O,-2.270199926631108,-3.319368713244812,-1.0491687866137038,1.0491687866137038
COc1ccc2cc(C(C)C(=O)OCC(C)=O)ccc2c1,-4.650000116354622,-4.7154973369829545,-0.06549722062833219,0.06549722062833219
CCOC(=O)OCn1c(=O)[nH]cc(F)c1=O,-1.4599999630864808,-1.6943725589845688,-0.234372595898088,0.234372595898088
CCCCNCCCC,-1.5039653994540088,-1.6342154615718518,-0.13025006211784307,0.13025006211784307
Clc1cccc(Cl)c1Cl,-4.0034818514182415,-5.392328313282658,-1.388846461864416,1.388846461864416
CCC(C)(C)OO,-0.2165943222294966,-0.48147983752740986,-0.26488551529791327,0.26488551529791327
N#Cc1ccccc1-c1ccc(CBr)cc1,-6.656649310209462,-5.067330697345485,1.5893186128639778,1.5893186128639778
CCCCCCN(C)N=Nc1ccc(C(=O)O)cc1,-2.519999894053445,-3.323445614157723,-0.803445720104278,0.803445720104278
C=CCOC(=O)C(C)(C)OC(=O)c1cc(-n2c(=O)cc(C(F)(F)F)n(C)c2=O)ccc1Cl,-4.676528060765226,-4.742241707592273,-0.06571364682704672,0.06571364682704672
O=C(O)C1=CCC(C(=O)O)CC1,-2.9300000037512244,-0.472579034051432,2.4574209696997924,2.4574209696997924
O=C(O)c1cc(Br)cc(C(=O)O)c1C(=O)O,-1.4480998348030558,-1.854814351876976,-0.40671451707392015,0.40671451707392015
CCCCCCCCCCC=O,-3.1520232627793323,-4.741960684798533,-1.5899374220192009,1.5899374220192009
CN(C)[C@@H]1C(O)=C(C(N)=O)C(=O)[C@@]2(O)C(O)=C3C(=O)c4c(O)cccc4[C@@](C)(O)[C@H]3C[C@@H]12,-2.9300000037512244,-2.242995029228415,0.6870049745228095,0.6870049745228095
CCOC(=O)CC(SP(=O)(OC)OC)C(=O)OCC,-1.622299874274233,-1.060081063019916,0.5622188112543169,0.5622188112543169
Cc1c([N+](=O)[O-])cc([N+](=O)[O-])cc1[N+](=O)[O-],-3.2422999719048606,-2.499949897711203,0.7423500741936575,0.7423500741936575
CC(=O)CC(=O)Nc1ccccc1C,-1.8501921756464481,-2.4254048749451385,-0.5752126992986903,0.5752126992986903
Cc1cccc(Oc2ccc([N+](=O)[O-])cc2)c1,-4.661300241649646,-4.581739320885301,0.07956092076434462,0.07956092076434462
CC(=O)Oc1ccc(C(C)=O)cc1,-1.519999847845922,-2.355569330431724,-0.8355694825858018,0.8355694825858018
CN(C)CCO,1.049900322514504,1.2017056334682672,0.15180531095376315,0.15180531095376315
O=c1[nH]sc2ccccc12,-1.9472894846504842,-2.775278322164395,-0.8279888375139106,0.8279888375139106
Clc1cc(Cl)c(Cl)c(-c2c(Cl)ccc(Cl)c2Cl)c1,-7.821800731082227,-8.286767022069462,-0.46496629098723474,0.46496629098723474
Cc1cn(C2CC(N=[N+]=[N-])C(COC(=O)c3ccncc3)O2)c(=O)[nH]c1=O,-2.7199999585057144,-2.4631887760387823,0.25681118246693213,0.25681118246693213
CCN(CC)C(=O)C(C)Oc1cccc2ccccc12,-3.570199914236759,-3.9368850393919113,-0.3666851251551524,0.3666851251551524
Cc1cc(O)ccc1C(C)C,-2.8545111960912655,-2.790501379351496,0.06400981673976958,0.06400981673976958
CC(C)(C)C(=O)O,-0.5635616818206639,0.033134733866571064,0.596696415687235,0.596696415687235
C=CS(=O)(=O)CS(=O)(=O)C=C,-3.919895375752417,-1.0267697859971652,2.893125589755252,2.893125589755252
C=CCN1CC[C@]23c4c5ccc(O)c4O[C@H]2C(=O)CC[C@@]3(O)[C@H]1C5,-2.9000000314477004,-3.413792613488414,-0.5137925820407134,0.5137925820407134
CCCCOC(=O)COc1ccc(Cl)cc1Cl,-3.779999923979407,-5.418878618053077,-1.6388786940736697,1.6388786940736697
CCN(CC)CCO,0.9311002829186004,0.8018066092770941,-0.12929367364150623,0.12929367364150623
Cc1cc(N)ccc1S(=O)(=O)Nc1ccc(Cl)cc1,-4.4200000750159045,-4.4482820654298685,-0.028281990413963953,0.028281990413963953
O=C1c2ccccc2C2=Nc3cccc4cccc(c34)N12,-7.255740492827632,-6.6344758388326985,0.6212646539949338,0.6212646539949338
Clc1ccc2ccccc2c1,-4.143000075639538,-5.411110463420629,-1.2681103877810909,1.2681103877810909
COc1cc(S(=O)(=O)[O-])c(C)cc1N/N=C1/C(=O)C=Cc2cc(S(=O)(=O)[O-])ccc21,-0.4405854999618004,0.01168038270364935,0.45226588266544976,0.45226588266544976
CC(C=O)(CO)CO,0.9289335364470266,0.7667397679549453,-0.16219376849208134,0.16219376849208134
CCCn1cnc2c1c(=O)n(CCCCC(C)=O)c(=O)n2C,-0.9810998552878443,-2.013051440896887,-1.0319515856090427,1.0319515856090427
Oc1ccc2c(c1)CCC2,-1.3284999292495288,-2.797044614149444,-1.468544684899915,1.468544684899915
Clc1ncc2nccnc2n1,-0.7099998162839722,-0.8463474933129325,-0.13634767702896022,0.13634767702896022
c1nc[nH]n1,1.0058277772629185,0.3619090421820852,-0.6439187350808333,0.6439187350808333
CC1(C)C(C(=O)OC(C#N)c2cccc(Oc3ccccc3)c2)C1(C)C,-6.024799924406713,-6.616954426513007,-0.5921545021062942,0.5921545021062942
O=C(O)C(Br)Br,0.9861001427746934,0.3980091529708032,-0.5880909898038902,0.5880909898038902
CC(=O)Nc1ccc(Cl)cc1C,-2.3096999163271903,-2.7532316630134406,-0.4435317466862503,0.4435317466862503
CC(=O)Nc1ccc(F)cc1,-1.779999831564361,-2.0591750660674166,-0.2791752345030556,0.2791752345030556
CCCCCCCCCCCCCCCCCC[N+](C)(C)C,-3.7337920333788284,-3.7050666315086325,0.0287254018701959,0.0287254018701959
CC1(C)OC(=O)C[C@@H]1C(=O)[O-],-1.2448997889193716,-0.7805590358993402,0.4643407530200314,0.4643407530200314
O=c1cccc2[nH]cccc1-2,-2.5416997950936073,-2.076213108139723,0.4654866869538843,0.4654866869538843
CC1=C2CC(C=O)C(C1)C(C(C)C)C2,-3.850854383160496,-4.145841359632234,-0.2949869764717379,0.2949869764717379
CCCCCCOC(=O)C(C)OC(=O)C(C)O,-2.4883999091979248,-2.027737780434942,0.4606621287629826,0.4606621287629826
CCCc1nc(N)c(CC)c(CCC)n1,-2.513199963705076,-1.7762041604855583,0.7369958032195176,0.7369958032195176
CC(=O)OCn1cc(F)c(=O)n(COC(C)=O)c1=O,-1.809999842957538,-1.0369942675634982,0.7730055753940397,0.7730055753940397
CCOC(=O)OCCOc1cc(O)c2c(c1N)C(=O)c1ccccc1C2=O,-9.219529707856722,-5.5388303542064286,3.6806993536502937,3.6806993536502937
O=C(O)COc1c(Cl)ccc(Cl)c1Cl,-2.619800011550266,-3.060738888179494,-0.4409388766292279,0.4409388766292279
Nc1ccc2c(c1)C=C(S(=O)(=O)[O-])/C(=N\Nc1ccc3c(c1)C=C(S(=O)(=O)[O-])/C(=N/Nc1ccccc1)C3=O)C2=O,-2.210130338280882,-1.091670730363731,1.118459607917151,1.118459607917151
Cc1c(Cc2c(C)n(C)n(-c3ccccc3)c2=O)c(=O)n(-c2ccccc2)n1C,-2.95489996386294,-2.383434893650839,0.5714650702121009,0.5714650702121009
C[C@H](CCC(=O)NCC(=O)O)[C@H]1CC[C@H]2[C@@H]3[C@H](O)C[C@@H]4C[C@H](O)CC[C@]4(C)[C@H]3C[C@H](O)[C@]12C,-5.149499912674317,-3.39223853788125,1.757261374793067,1.757261374793067
O=C(NNC(=O)c1ccncc1)c1ccccc1,-2.5399998901466536,-3.3792414752178903,-0.8392415850712367,0.8392415850712367
Cc1cccc2ccc3cc4ccccc4cc3c12,-6.644000247899107,-6.901575857913892,-0.25757561001478546,0.25757561001478546
CC(F)(F)F,-2.0431012109920004,-2.414496055946899,-0.3713948449548985,0.3713948449548985
CCOc1ccc(NC(=O)Nc2ccc(OCC)cc2)cc1,-4.440000036602385,-5.201214317933463,-0.7612142813310783,0.7612142813310783
CCOC(F)(C(F)(F)C(F)(F)C(F)(F)F)C(F)(C(F)(F)F)C(F)(F)F,-7.28873389387102,-6.50207021042319,0.7866636834478307,0.7866636834478307
O=c1[n-]c(=O)n(Cl)c(=O)n1Cl,-0.8951597447109938,-0.5386550015236486,0.35650474318734515,0.35650474318734515
Clc1ccc(-c2cc(Cl)cc(Cl)c2Cl)cc1,-6.770000047302007,-7.200777348130249,-0.4307773008282414,0.4307773008282414
CCOP(=S)(OCC)Oc1ccc(S(C)(=O)=O)cc1,-3.5799998940338655,-3.87542124119907,-0.2954213471652043,0.2954213471652043
CC(=O)[CH-]C(C)=O,-3.591679800378483,-0.03441480892291704,3.557264991455566,3.557264991455566
O=C(O)CC1NC(=O)NC1=O,-1.1516998768286106,-0.6016656673242693,0.5500342095043413,0.5500342095043413
O=C([O-])C(O)[C@H](O)[C@@H](O)[C@H](O)[C@H](O)CO,0.7066665909049954,0.7436624963554865,0.03699590545049114,0.03699590545049114
O=S(=O)([O-])CCBr,0.332748924551141,1.1556076813034513,0.8228587567523102,0.8228587567523102
CCCCP(=O)(CCCC)CCCC,-0.5931997866494076,-1.8095801721302465,-1.2163803854808388,1.2163803854808388
CCCCCCCC=O,-2.3597999933250993,-3.002554781960005,-0.6427547886349059,0.6427547886349059
CCN1c2ncccc2C(=O)Nc2c(C)cc(C)nc21,-4.553999914264162,-3.3421371496276735,1.2118627646364888,1.2118627646364888
Cc1c2cc(Cl)ccc2cc2c1ccc1ccccc12,-7.44000007170477,-7.240444350390391,0.19955572131437904,0.19955572131437904
O=P(O)(O)OCC(O)CO,0.7643002803043788,1.0272680496807705,0.26296776937639166,0.26296776937639166
CCCCCCCCCCCCN,-3.3758999816944906,-3.7945649378614226,-0.418664956166932,0.418664956166932
CCCCCCCCN(C)C,-5.465370222972188,-2.5368277211380965,2.928542501834092,2.928542501834092
COS(=O)(=O)OC,-0.6536998809395524,-0.2794995354690091,0.37420034547054337,0.37420034547054337
Cc1cc(O)ccc1Cl,-1.570399822817847,-1.4813165633907814,0.08908325942706563,0.08908325942706563
CCCCCCCCn1sccc1=O,-2.630099942077615,-3.434195682672692,-0.804095740595077,0.804095740595077
CC1(C)C2CCC3(C2)C1C(=O)CCC3(C)C,-4.097612409966168,-3.9943079616959896,0.10330444827017882,0.10330444827017882
OCCCl,1.094128838177154,0.825594719475649,-0.2685341187015049,0.2685341187015049
CC(C)(C)N(Sc1nc2ccccc2s1)Sc1nc2ccccc2s1,-8.362938553971787,-6.397376521279244,1.9655620326925431,1.9655620326925431
O=Cc1cc(O)ccc1O,-1.0003997443743997,-0.735377582433165,0.26502216194123474,0.26502216194123474
CCCCCCCC(=O)OCn1c(=O)[nH]cc(F)c1=O,-3.2899999334289776,-3.2405876100290585,0.04941232339991908,0.04941232339991908
CC(=O)OCC(=O)[C@@]1(O)CC[C@H]2[C@@H]3CCC4=CC(=O)CC[C@]4(C)[C@H]3[C@@H](O)C[C@@]21C,-4.457699779692956,-3.877354584161698,0.5803451955312582,0.5803451955312582
CCCCNC1CC(C)(C)NC(C)(C)C1,0.5746151395528227,-1.195063515857875,-1.7696786554106978,1.7696786554106978
O=C([O-])c1cccc(Cl)c1[N+](=O)[O-],-2.632299815008176,-2.395598515310123,0.23670129969805265,0.23670129969805265
O=C(Nc1ccccc1)c1ccccc1I,-4.20839971124077,-5.141925409800029,-0.9335256985592588,0.9335256985592588
Clc1ccc(Oc2cc(Cl)cc(Cl)c2)cc1,-5.520100102187537,-6.786752649719376,-1.266652547531839,1.266652547531839
O=[N+]([O-])c1ccc(OP(=O)(Oc2ccccc2)Oc2ccccc2)cc1,-4.960000142066175,-5.829217169740174,-0.869217027673999,0.869217027673999
Cc1ccccc1N1C(=O)c2cc(S(N)(=O)=O)c(Cl)cc2NC1C,-3.7829999389214155,-3.802254693207601,-0.019254754286185616,0.019254754286185616
C=CCN(CC=C)c1cc(NC(C)=O)c(N=Nc2c(Br)cc([N+](=O)[O-])cc2[N+](=O)[O-])cc1OC,-7.009332916352658,-6.641470214593976,0.36786270175868196,0.36786270175868196
CCCCOC(=O)/C=C/c1ccccc1,-1.6111998880022562,-4.99225634137019,-3.381056453367934,3.381056453367934
COC(=O)OC,0.1852605433110326,0.1660309099229118,-0.01922963338812078,0.01922963338812078
CC(C)COC(=O)C(C)(C)O,-0.727599627889933,-0.5693632290045847,0.15823639888534835,0.15823639888534835
CCCOCC(C)O,0.9275002649881898,-0.20657384443975824,-1.134074109427948,1.134074109427948
CCCn1cnc2c1c(=O)n(C)c(=O)n2C,0.020000092878230902,-0.9892771216887817,-1.0092772145670126,1.0092772145670126
OCc1nc2ncncc2[nH]1,-1.519999847845922,-0.9417784724164668,0.5782213754294552,0.5782213754294552
CNC(=O)Oc1ccccc1,-1.8029998771063065,-1.5967853234548064,0.2062145536515001,0.2062145536515001
CCCC(=O)OCCC(C)CCC=C(C)C,-5.142612093689447,-5.53861089141564,-0.3959987977261932,0.3959987977261932
CCCCCCCCCCCCCCC(CO)CCCCCCCCCCCC,-5.61359980873213,-6.9449817331783645,-1.3313819244462346,1.3313819244462346
CCOC(=O)c1cccnc1,-0.4312996014000987,-1.0304034824942125,-0.5991038810941138,0.5991038810941138
ClC(Br)CBr,-2.5545999283577023,-2.382707836889531,0.17189209146817142,0.17189209146817142
Oc1c(I)cc(Cl)c2cccnc12,-1.822256080675073,-3.350648234116361,-1.528392153441288,1.528392153441288
O=C(O)CCSCCC(=O)O,-0.799142841364127,-0.8374563517208253,-0.03831351035669828,0.03831351035669828
c1ccc(Cn2ccnc2)cc1,-2.259999875828278,-1.674482052739658,0.58551782308862,0.58551782308862
CC(=O)OCCCOC(C)=O,-0.20459978353795893,-0.4973474113821763,-0.2927476278442174,0.2927476278442174
Brc1ccc(-c2ccc(Br)cc2)cc1,-7.740000461690363,-5.701762566680095,2.0382378950102673,2.0382378950102673
O=S(=O)([O-])c1cccc2c(N=Nc3ccc(N=Nc4ccc(Nc5ccccc5)c5c(S(=O)(=O)[O-])cccc45)c4ccccc34)cccc12,-1.4631184051193682,-2.129563822445914,-0.6664454173265459,0.6664454173265459
CCCC(=O)OCCOC(=O)CCC,-2.6068999127928993,-2.4722724651737513,0.13462744761914802,0.13462744761914802
CCC1(CC)C(=O)N(C)N(c2ccccc2)C1=O,-2.6899999816192657,-3.4315305210202767,-0.741530539401011,0.741530539401011
COP(=O)(Oc1ccccc1)Oc1ccccc1,-2.1208998041382365,-3.403308537806498,-1.2824087336682615,1.2824087336682615
COc1ccc2cc(C(C)C(=O)OC(C)OC(=O)C(N)Cc3ccccc3)ccc2c1,-3.4999999786744875,-4.531387655332733,-1.031387676658245,1.031387676658245
CC(=O)NCC(=O)Nc1ccccc1,-1.5677999478950186,-1.5472297971332247,0.020570150761793915,0.020570150761793915
CCN(c1cccc(S(=O)(=O)CCOS(=O)(=O)[O-])c1)c1nc(Cl)nc(Nc2ccc3c(c2)C=C(S(=O)(=O)[O-])/C(=N/Nc2ccc(OC)cc2S(=O)(=O)[O-])C3=O)n1,-1.1616709409836934,-0.22829707202812433,0.9333738689555691,0.9333738689555691
COC(=O)CCN(CCC(=O)OC)c1ccc(N=Nc2c(Cl)cc([N+](=O)[O-])cc2Br)cc1,-7.1002219818752526,-6.932438399482942,0.1677835823923104,0.1677835823923104
C=C(C)C(=O)Oc1ccccc1,-2.494851252578912,-2.8657191452888213,-0.37086789270990916,0.37086789270990916
CC(=O)CC(=O)Nc1ccc(-c2ccc(NC(=O)CC(C)=O)c(C)c2)cc1C,-5.325018385213175,-4.667392197457353,0.657626187755822,0.657626187755822
COC(=O)C1CCCN1C(=O)COC(=O)c1ccccc1,-2.0799998074692168,-2.302910717571264,-0.22291091010204722,0.22291091010204722
Nc1cccc(C(F)(F)F)c1,-1.5081955102397344,-2.1824486959226004,-0.674253185682866,0.674253185682866
CCC(CC)(CC)NC(N)=O,-1.8190998882816316,-1.7086834653207716,0.11041642296085996,0.11041642296085996
Clc1cc(Cl)c(Cl)c(Oc2ccc(Cl)c(Cl)c2Cl)c1,-8.55000090733305,-8.583273674847229,-0.033272767514178625,0.033272767514178625
CCCCCCCCS(=O)(=O)NS(=O)(=O)CCCCCCCC,-3.914499972758368,-3.055531822907477,0.8589681498508908,0.8589681498508908
CN1CCC23C=CC=CC2C1Cc1ccc(O)c(O)c13,-1.7199998777914636,-2.795314412295208,-1.0753145345037445,1.0753145345037445
Brc1cc(Br)c(Br)cc1Br,-6.979999989027332,-6.861572069987383,0.11842791903994954,0.11842791903994954
CCCCCC(=O)OCn1c(=O)[nH]cc(F)c1=O,-2.1099998188623936,-2.4737684008508385,-0.36376858198844486,0.36376858198844486
CC(=O)OCC(=O)[C@@]1(O)CC[C@H]2[C@@H]3CCC4=CC(=O)CC[C@]4(C)[C@H]3C(=O)C[C@@]21C,-4.303699978858218,-3.8583685682740443,0.44533141058417414,0.44533141058417414
O=[N+]([O-])c1cc2c(cc1CO)OCO2,-3.0599998920902594,-2.7060175562211324,0.353982335869127,0.353982335869127
CC(=O)OCCOCn1cnc2cnc(N)nc21,-0.9699998690158673,-2.2494781533059927,-1.2794782842901253,1.2794782842901253
O=C1C(S(=O)(=O)[O-])=Cc2cc(Nc3ccccc3)ccc2/C1=N/Nc1ccc(N=Nc2ccc(N=Nc3cc(S(=O)(=O)[O-])ccc3S(=O)(=O)[O-])c3ccc(S(=O)(=O)[O-])cc23)c2ccccc12,-2.0236333431529983,0.10861447488371834,2.1322478180367166,2.1322478180367166
CC(C(C)(C)C)C(C)(C)SSSC(C)(C)C(C)C(C)(C)C,-9.129966252801257,-7.372681033859065,1.757285218942192,1.757285218942192
Clc1cc(Cl)c(-c2ccccc2Cl)c(Cl)c1,-6.650000277783125,-6.848956134136014,-0.19895585635288882,0.19895585635288882
COC(=O)Cc1ccccc1,-2.211401635157964,-2.013076975875689,0.19832465928227494,0.19832465928227494
Nc1nc(=O)c2nc(CNc3ccc(C(=O)NC(CCC(=O)O)C(=O)O)cc3)cnc2[nH]1,-5.44000004830318,-3.5811767114893778,1.8588233368138019,1.8588233368138019
CC(C)C(=O)C(C)C,-1.3017998652791056,-1.8403672129781892,-0.5385673476990835,0.5385673476990835
CN1CCCN(C)C1=O,0.8921968455381091,0.7037213726472276,-0.1884754728908815,0.1884754728908815
O=[N+]([O-])CCO,1.0406003452077326,-0.07288815444422747,-1.11348849965196,1.11348849965196
NC(N)=Nc1nc(CSCC/C(N)=N\S(N)(=O)=O)cs1,-2.650000023939577,-2.019551680311608,0.6304483436279691,0.6304483436279691
OCCN(CCO)c1ccccc1,-0.5833806901249279,-0.6863548399936237,-0.1029741498686958,0.1029741498686958
C=C(C)C(=O)OCCOCCOCCOC(=O)C(=C)C,-1.9005551594058376,-1.735646746613229,0.1649084127926086,0.1649084127926086
COc1c(C(=O)O)cccc1C(=O)O,-2.2925998311577396,-1.7541484260651106,0.538451405092629,0.538451405092629
CC1CCC(N=O)=C(NO)C1,-1.662199865962583,-1.2480505292497712,0.41414933671281173,0.41414933671281173
CC(C)=CCC1(C)C(=O)NC(=O)NC1=O,-2.599999809412823,-2.3408729149290597,0.25912689448376325,0.25912689448376325
CCC(Cc1ccccc1)(C(=O)c1ccc(N2CCOCC2)cc1)N(C)C,-4.793227744834443,-4.070125730621717,0.723102014212726,0.723102014212726
C=COC(=O)CCCCC(C)(C)C,-7.122460878008516,-4.357424055962575,2.765036822045941,2.765036822045941
CC(C)CCOCC(O)CO,-1.210099891645893,-0.9977897934869624,0.21231009815893054,0.21231009815893054
CCOC(=O)CC1(C)OCC(C)O1,-2.179887192481432,-0.9963688064233331,1.183518386058099,1.183518386058099
COc1c(Cl)cc(Cl)c(OC)c1O,-2.959999976324332,-3.20247655064619,-0.24247657432185798,0.24247657432185798
CC(C)=CCCC(C)C=O,-2.447858471940711,-3.1213466262079823,-0.6734881542672713,0.6734881542672713
O=C(O)c1c(O)cccc1O,-1.2073998091846285,-0.7017161311335389,0.5056836780510896,0.5056836780510896
CNC(C)=O,1.1361127601896102,0.6293557848673426,-0.5067569753222676,0.5067569753222676
CCCOC(=O)CCC,-1.9049998330269604,-1.9751910728937478,-0.07019123986678744,0.07019123986678744
Clc1ccc(Oc2ccccc2)c(Cl)c1,-4.63040015676041,-5.872263070816988,-1.2418629140565782,1.2418629140565782
CCCC(=O)OCn1c(=O)[nH]cc(F)c1=O,-1.1299998377615357,-1.7884011846576542,-0.6584013468961185,0.6584013468961185
CS(=O)(=O)c1ccc(C2=C(c3ccccc3)C(=O)OC2)cc1,-4.520000020975219,-3.879152660750129,0.6408473602250901,0.6408473602250901
CC(=O)c1ccc(O[C@@H]2O[C@H](CO)[C@@H](O)[C@H](O)[C@H]2O)cc1,-1.1739999188840875,-2.0670910475230944,-0.8930911286390069,0.8930911286390069
COC(=O)C(N)Cc1ccc(O)c(O)c1,0.4800001755556673,-0.9996255514224912,-1.4796257269781585,1.4796257269781585
Clc1ccc(I)cc1,-4.03000020295843,-4.249367341096889,-0.21936713813845898,0.21936713813845898
NC(=O)c1ccccn1,0.1685002113865668,0.0037650913825340027,-0.1647351200040328,0.1647351200040328
CN1C(=O)OC(C)(C)C1=O,-0.4567997974206306,-0.6266954676271865,-0.16989567020655594,0.16989567020655594
O=C(O)c1cc(O)ccc1O,-0.8499999614700724,-0.7232629603277991,0.12673700114227326,0.12673700114227326
O=C1C(S(=O)(=O)[O-])=Cc2cc(S(=O)(=O)[O-])ccc2/C1=N\Nc1ccc(S(=O)(=O)[O-])c2ccccc12,-1.0824138174536426,0.9843146266352951,2.0667284440889375,2.0667284440889375
OCC(O)C(O)C(O)C=NN(c1ccccc1)c1ccccc1,-3.099999849769948,-2.5200666645723406,0.5799331851976075,0.5799331851976075
CN(C)Cc1ccc(C(=O)OCCOCn2cnc3c(=O)[nH]c(N)nc32)cc1,-2.4699999555805157,-3.120872365736819,-0.6508724101563033,0.6508724101563033
CC1CC(OC(=O)c2ccccc2)CC(C)(C)N1,-1.9219999176983442,-2.6768556442403266,-0.7548557265419824,0.7548557265419824
COc1ccc2cc(C(C)C(=O)OCC(=O)N(C)CC(N)=O)ccc2c1,-3.779999923979407,-3.5107817438998206,0.2692181800795863,0.2692181800795863
CC(C)(C)c1cc(C(C)(CC(=O)OCCOC(=O)CC(C)(c2ccc(O)c(C(C)(C)C)c2)c2ccc(O)c(C(C)(C)C)c2)c2ccc(O)c(C(C)(C)C)c2)ccc1O,-6.20143572480182,-6.716121794136448,-0.514686069334628,0.514686069334628
CC(N)CN,1.1300241170278018,1.4985521085044744,0.3685279914766726,0.3685279914766726
CCCCCCCCCCN(C)C,-4.045287580686731,-3.362819240215461,0.6824683404712699,0.6824683404712699
O=c1oc2ccccc2c(O)c1C1CCCc2ccccc21,-4.860000196106861,-4.91218485905671,-0.05218466294984925,0.05218466294984925
COc1ccc2cc(C(C)C(=O)O)ccc2c1,-3.2899999334289776,-4.159296085030536,-0.8692961516015583,0.8692961516015583
CC1=CC(=O)CC(=O)O1,-1.1184998494972909,-0.10814464474407659,1.0103552047532143,1.0103552047532143
C=C(C)C1Cc2c(ccc3c2OC2COc4cc(OC)c(OC)cc4C2C3=O)O1,-4.469999771941737,-4.021782080591409,0.44821769135032774,0.44821769135032774
CC(C)OC(C)(C)C,-2.3661998871744725,-2.202415807103919,0.16378408007055345,0.16378408007055345
CC1=CCCCC1,-3.2671000609187395,-3.945643813174983,-0.6785437522562434,0.6785437522562434
C=COCCOCCOC=C,-1.0530699860022328,-0.5432165149261565,0.5098534710760763,0.5098534710760763
O=C(O)Cc1ccccc1,-0.8899998846430335,-1.4431069872991549,-0.5531071026561214,0.5531071026561214
CCCCN1CCCCC1C(=O)Nc1c(C)cccc1C,-3.219999964356112,-3.4004691171771197,-0.18046915282100784,0.18046915282100784
CCC(O)CN(CC(O)CC)CC(O)CC,-0.5228997815756129,0.1455786341443468,0.6684784157199597,0.6684784157199597
CC1NC(=O)c2ccccc2N(CC(O)C(O)C(O)CO)C1=O,-1.5099997980392257,-1.303620026173528,0.20637977186569767,0.20637977186569767
CCOC(=O)c1ccccc1S(=O)(=O)NN(C=O)c1nc(Cl)cc(OC)n1,-4.576000299892719,-4.248961541974298,0.3270387579184213,0.3270387579184213
CC(C)[N+](=O)[O-],-0.614999895228006,-0.9125231162159351,-0.29752322098792905,0.29752322098792905
CCN(Cc1cccc(S(=O)(=O)[O-])c1)c1ccc([C+](c2ccc(N(CC)Cc3cccc(S(=O)(=O)[O-])c3)cc2)c2ccccc2S(=O)(=O)[O-])cc1,-0.11315778220410744,-1.1674643445797799,-1.0543065623756724,1.0543065623756724
CCCN(CCCl)c1c([N+](=O)[O-])cc(C(F)(F)F)cc1[N+](=O)[O-],-5.596800001110704,-5.857720831375525,-0.26092083026482094,0.26092083026482094
O=S(=O)([O-])c1ccc2c(N=Nc3ccc(-c4ccc(N=Nc5c([O-])c(S(=O)(=O)[O-])cc6cc(S(=O)(=O)[O-])ccc56)c([O-])c4)cc3[O-])c([O-])c(S(=O)(=O)[O-])cc2c1,-1.6074287167004127,0.8483040113265274,2.4557327280269403,2.4557327280269403
CCCCC(O)(Cn1cncn1)c1ccc(Cl)cc1Cl,-4.266799864084965,-3.886196174092237,0.3806036899927281,0.3806036899927281
O=S(=O)([O-])CCNC1CCCCC1,-0.07841834071827991,-0.6986560744846164,-0.6202377337663365,0.6202377337663365
CN(Cc1ccc(OCCN2CCOCC2)cc1)C(=O)c1ccc([N+](=O)[O-])o1,-2.289999887221455,-3.390901678220757,-1.100901790999302,1.100901790999302
Cn1cnc([N+](=O)[O-])c1Sc1ncnc2nc[nH]c12,-3.209999983562872,-2.1511048545098514,1.0588951290530204,1.0588951290530204
COc1cc(NC(=O)C2=Cc3ccccc3/C(=N/Nc3cc(C(=O)Nc4ccccc4)ccc3OC)C2=O)c(OC)cc1Cl,-7.84656110285205,-7.91851729284828,-0.07195618999623044,0.07195618999623044
CCCCCCC(CCCC)C(=O)O,-4.959305866696573,-4.104299813874166,0.8550060528224064,0.8550060528224064
OC(c1ccccc1)(c1ccccc1)C1CCCCN1,-1.8999998771370683,-2.6989854646060296,-0.7989855874689613,0.7989855874689613
C=CCc1ccc(OC)c(OC)c1,-2.5520130624713717,-2.613467129766885,-0.061454067295513504,0.061454067295513504
O=C(O)c1c([N+](=O)[O-])cc([N+](=O)[O-])cc1[N+](=O)[O-],-1.0976998839262748,-2.29070872443032,-1.1930088405040453,1.1930088405040453
ClCCl,-0.6299996938842258,-1.5379651547160393,-0.9079654608318135,0.9079654608318135
O=C1C[C@@H](c2ccc(O)c(O)c2)Oc2cc(O)cc(O)c21,-3.6147000668631017,-2.3194245334301016,1.2952755334330002,1.2952755334330002
COC(=O)C1CC(=O)N(C)C1,0.8040004090235073,-0.12164367678127341,-0.9256440858047807,0.9256440858047807
CCC1CN2CCC1CC2C(O)c1ccnc2ccc(OC)cc12,-3.051399883763229,-2.5349867181798946,0.5164131655833342,0.5164131655833342
CCN(Cc1c(F)cccc1Cl)c1c([N+](=O)[O-])cc(C(F)(F)F)cc1[N+](=O)[O-],-6.625000015239471,-6.163346094097109,0.4616539211423616,0.4616539211423616
CCc1cc(C)cc(CC)c1Nc1ccc(Nc2c(CC)cc(C)cc2CC)c2c1C(=O)c1ccccc1C2=O,-7.423829390750273,-7.138044392477468,0.28578499827280446,0.28578499827280446
O=C1c2ccccc2C(=O)c2c1ccc(O)c2O,-2.778500008327792,-4.523801834251625,-1.7453018259238329,1.7453018259238329
COc1ccc(NS(=O)(=O)c2ccc(N)cc2)nn1,-2.6799999835726616,-3.423684588222665,-0.7436846046500034,0.7436846046500034
CC(O)C(F)(F)F,0.3094002920418135,0.5368054274265512,0.22740513538473772,0.22740513538473772
Nc1nc2[nH]cc(CCc3ccc(C(=O)O)cc3)c2c(=O)[nH]1,-3.574289030531421,-3.9984421437775657,-0.42415311324614446,0.42415311324614446
CCCCC(=O)NNC(=O)CCCC,-2.1599999988824194,-2.507301901202627,-0.34730190232020774,0.34730190232020774
C=CC(=O)NC(C)(C)CS(=O)(=O)[O-],0.33869319156253086,-0.2932188584584692,-0.631912050021,0.631912050021
NC(=O)CC(N)C(=O)O,-0.7399998276771491,0.10743075608258312,0.8474305837597322,0.8474305837597322
CC(O)(P(=O)([O-])[O-])P(=O)([O-])[O-],0.4204603344954081,0.9627973352002983,0.5423370007048902,0.5423370007048902
NC(=O)NN=C1CCCCC1,-1.4126999345411755,-1.4198181204429166,-0.00711818590174107,0.00711818590174107
O=C(O)C1CCCN1,1.1291360518731257,0.4100343336369039,-0.7191017182362218,0.7191017182362218
FC(F)(Cl)C(F)(F)Cl,-2.739999937345559,-3.933288610161224,-1.1932886728156649,1.1932886728156649
Clc1ccc(Cl)c(-c2ccccc2)c1,-5.2993003827248035,-5.529162949258726,-0.22986256653392267,0.22986256653392267
CC1OC(O[C@@H]2C=C3CC[C@@H]4[C@H](CC[C@]5(C)[C@@H](c6ccc(=O)oc6)CC[C@]45O)[C@@]3(C)CC2)C(O)C(O)C1O,-3.954999898421663,-4.334843681247921,-0.3798437828262582,0.3798437828262582
CCCCCCOC(=O)c1ccc(N)cc1,-3.9500000115452276,-4.413108667331311,-0.46310865578608373,0.46310865578608373
CCC(Cl)(CC)C(N)=O,-1.0288998173100283,-1.0808462458089958,-0.05194642849896747,0.05194642849896747
Nc1ccc(-c2ccc(Cl)cc2)cc1,-4.638299989067331,-3.404562270758971,1.23373771830836,1.23373771830836
CCc1cccc(C)c1Nc1ccc(Nc2c(C)cccc2CC)c2c1C(=O)c1ccccc1C2=O,-7.3753018888725865,-7.246217187976523,0.1290847008960636,0.1290847008960636
CC(C)C(C)C(C)C(O)C#CC(C)C(C)O,-2.275599884513268,-1.7291500958982313,0.5464497886150368,0.5464497886150368
CC(C)C1CCC(=NO)C(=NO)C1,-2.3902999381951546,-1.9287243128188776,0.46157562537627705,0.46157562537627705
Cc1ccc(C(C)(C)C)cc1,-4.472021590155243,-4.887776869994361,-0.415755279839118,0.415755279839118
CC1=CCC(/C=C\C(C)C(C)O)C1(C)C,-3.786028594447757,-4.404311936147318,-0.6182833416995606,0.6182833416995606
CCOC(=O)COc1cc(-c2nn(C)c(OC(F)F)c2Cl)c(F)cc1Cl,-5.616100028224173,-5.077905353188693,0.5381946750354798,0.5381946750354798
Cc1ncc2n1-c1ccc(Cl)cc1C(c1ccccc1F)=NC2,-4.130000148917745,-3.9232021555073366,0.20679799341040805,0.20679799341040805
Cc1ccc([N+](=O)[O-])cc1C,-3.1794511771658103,-3.242812983431693,-0.06336180626588295,0.06336180626588295
O=C(O)c1ccc([N+](=O)[O-])c2cccnc12,-3.1656000039682364,-3.1475809356157214,0.01801906835251499,0.01801906835251499
CC(C)c1ccc2ccccc2c1C(C)C,-6.230113576400679,-6.229745044544449,0.0003685318562300921,0.0003685318562300921
OCc1ccccc1Br,-2.157999919907624,-1.4605551073283378,0.6974448125792863,0.6974448125792863
O=c1[nH]c(=O)c2[nH]c(=O)c(=O)[nH]c2[nH]1,-4.059999938297782,-3.304990035694598,0.755009902603184,0.755009902603184
CC=Cc1ccc(OC)cc1,-3.130000068203494,-3.5355574366569247,-0.4055573684534308,0.4055573684534308
CCC(O)(COC(N)=O)c1ccccc1,-0.9226997024436496,-1.4804505825420966,-0.557750880098447,0.557750880098447
C=C(CC(C)(C)c1ccccc1)c1ccccc1,-6.011842233920128,-5.042850796261751,0.968991437658377,0.968991437658377
Clc1cc(Cl)c(Oc2ccc(Cl)c(Cl)c2Cl)cc1Cl,-8.310000816187635,-8.584093554707156,-0.27409273851952065,0.27409273851952065
O=c1c2ccccc2c(=O)c2c1ccc1c3ccc4c(=O)c5c(ccc6c7ccc8c(=O)c9ccccc9c(=O)c8c7[nH]c65)c(=O)c4c3[nH]c12,-8.810645407719154,-6.499085792522287,2.3115596151968667,2.3115596151968667
CCCCCCCCCCCC[N+](C)(C)CC(O)CS(=O)(=O)[O-],0.2865181904965528,-1.35871802316437,-1.6452362136609229,1.6452362136609229
COc1ccc(C(N)=O)cc1,-1.7199998777914636,-1.3898595171234733,0.33014036066799024,0.33014036066799024
CNC1=Nc2ccc(Cl)cc2C(c2ccccc2)=[N+](O)C1,-3.3900000519219327,-3.1327070347570163,0.25729301716491637,0.25729301716491637
COP1(=S)OCc2ccccc2O1,-3.5713999202135627,-3.887453599264618,-0.3160536790510555,0.3160536790510555
CCOC1CC(C)CC(C)(C)C1,-4.134294442217758,-3.904677287534164,0.22961715468359412,0.22961715468359412
CC(=O)Nc1ccc(N)c(S(=O)(=O)O)c1,-1.2318563837201582,-1.4954067646939835,-0.2635503809738253,0.2635503809738253
CCCCCCCCCCCCCCCCCC(=O)OCCCCCCCCCCCCCC,-8.983050959301623,-7.217103723441985,1.7659472358596382,1.7659472358596382
CC(O)C(C)(C)C,-0.6237998010309864,-0.5217119219671047,0.10208787906388173,0.10208787906388173
CCCCOC(=O)c1ccc(C(=O)OCCCC)cc1,-6.403195459854134,-5.414463689231587,0.9887317706225467,0.9887317706225467
Brc1ccc2ccccc2c1,-4.400100182940947,-5.536236276413923,-1.1361360934729756,1.1361360934729756
CN1C(C)(C)CC(OC(=O)CC(C(=O)OC2CC(C)(C)N(C)C(C)(C)C2)C(CC(=O)OC2CC(C)(C)N(C)C(C)(C)C2)C(=O)OC2CC(C)(C)N(C)C(C)(C)C2)CC1(C)C,-4.6727319065922295,-3.304248486107483,1.3684834204847465,1.3684834204847465
CC(=O)OCCOC(C)=O,0.06847514452918713,-0.20283441932777757,-0.2713095638569647,0.2713095638569647
Cc1cc(C)c[n+]([O-])c1,0.9095001753361363,0.52493373268709,-0.38456644264904627,0.38456644264904627
COc1ccc(OC)c(C=O)c1,-2.3201998996107656,-2.4471386615923065,-0.12693876198154097,0.12693876198154097
CCOC(=O)[C@H](CCc1ccccc1)N[C@@H](C)C(=O)N1CCC[C@H]1C(=O)O,-1.3608999525963128,-2.1274154335536957,-0.7665154809573829,0.7665154809573829
COc1ccc2cc(CCC(C)=O)ccc2c1,-1.4599999630864808,-4.328430674841865,-2.8684307117553844,2.8684307117553844
Clc1ccc(C(Cn2ccnc2)OCc2cc(Cl)ccc2Cl)c(Cl)c1,-3.539999901847448,-5.8302217296089545,-2.2902218277615063,2.2902218277615063
CCOP(=S)(OCC)SCS(=O)(=O)CC,-2.530899913836016,-3.1587240380444737,-0.6278241242084577,0.6278241242084577
CC(=O)Oc1ccccc1C(=O)OCC(=O)N1CCOCC1,-1.7999998621642976,-1.8561039373199568,-0.05610407515565918,0.05610407515565918
Nc1cc(Cl)c(Cl)cc1S(=O)(=O)O,-2.1052106990812627,-1.8963909564708048,0.20881974261045788,0.20881974261045788
CC(=O)S[C@@H]1CC2=CC(=O)CC[C@]2(C)[C@H]2CC[C@@]3(C)[C@@H](CC[C@@]34CCC(=O)O4)[C@H]12,-4.27729984736854,-4.414592594667016,-0.13729274729847596,0.13729274729847596
Nc1ccc(S(=O)(=O)Nc2nc(-c3ccc(-c4ccccc4)cc3)cs2)cc1,-5.61000034290937,-4.559703048259509,1.0502972946498605,1.0502972946498605
CC(=O)Oc1ccc(/C=N/NC(N)=O)cc1,-2.8399998487981453,-3.0282022526961168,-0.1882024038979715,0.1882024038979715
CC(C)CCCCCOC(=O)CCCCC(=O)OCCCCCC(C)C,-6.869905030745559,-6.343089984506671,0.5268150462388883,0.5268150462388883
Nc1ccc2cc3ccc(N)cc3nc2c1,0.37830029014267064,-2.3404475159849016,-2.7187478061275723,2.7187478061275723
CC(C)Oc1ccc(C(=O)NS(=O)(=O)c2ccc(N)cc2)cc1,-4.30000016747011,-4.254745559740337,0.04525460772977219,0.04525460772977219
CCOP(=S)(OCC)SCSCC,-3.7165998842587764,-4.49450617419266,-0.7779062899338833,0.7779062899338833
C[S+](C)[O-],1.1072002628395938,0.5003287792206814,-0.6068714836189124,0.6068714836189124
CNC(=O)C(C)(C(C)C)C(C)C,-1.3948675475877435,-2.016473956217892,-0.6216064086301485,0.6216064086301485
CC[N+](=O)[O-],-0.21999972221335895,-0.9234925290287381,-0.7034928068153792,0.7034928068153792
CC(C)CC(NC(=O)CC(O)C(CC(C)C)NC(=O)C(Cc1c[nH]cn1)NC(=O)C(Cc1ccccc1)NC(=O)OC(C)(C)C)C(=O)NCc1ccncc1,-3.3599998679951155,-3.80167898295579,-0.44167911496067447,0.44167911496067447
O=[N+]([O-])c1cc([N+](=O)[O-])c(Cl)c([N+](=O)[O-])c1,-2.6689998425184753,-2.549464084972507,0.11953575754596812,0.11953575754596812
COCc1ccc(O)c(OC)c1,-1.8934475325628988,-1.5154421991969627,0.3780053333659361,0.3780053333659361
Oc1ccc(-c2ccc(O)cc2)cc1,-3.7423729594852135,-1.9256685350042404,1.8167044244809731,1.8167044244809731
O=C(O)CCc1ccccc1,-1.40575138371483,-1.58436759424971,-0.17861621053487986,0.17861621053487986
O=C(O)C(O)C(O)c1ccccc1,-0.3062996689509556,-0.621704138419322,-0.3154044694683664,0.3154044694683664
CC(=O)[C@H]1CC[C@H]2[C@@H]3CCC4=CC(=O)CC[C@]4(C)[C@H]3CC[C@]12C,-4.552599907291224,-4.67441086595522,-0.12181095866399616,0.12181095866399616
CCCCC(CC)COC(=O)CSCC(=O)OCC(CC)CCCC,-6.654998508336611,-5.976048266823215,0.6789502415133963,0.6789502415133963
Nc1nc(=O)c2[nH]c(=O)cnc2[nH]1,-3.8599999083522407,-3.776134204242538,0.08386570410970284,0.08386570410970284
COP(=S)(OC)Oc1cc(Cl)c(Cl)cc1Cl,-5.50719983089653,-6.37546999395115,-0.8682701630546195,0.8682701630546195
CC(CCN(CCC(C)CC(C)(C)C)C(=S)[S-])CC(C)(C)C,-6.102527295666127,-6.595108354972565,-0.4925810593064375,0.4925810593064375
CC(C)C(N)C(=O)NCC(=O)O,0.4579004105501494,-0.2776582564569825,-0.7355586670071319,0.7355586670071319
CCN(CC)CN(CC)CC,-0.19949996517691249,0.4310514155411971,0.6305513807181096,0.6305513807181096
CC(C)CCCC(C)C1CCC2C3CC=C4CC(O)CCC4(C)C3CCC12C,-7.00000036469455,-5.839741997867989,1.160258366826561,1.160258366826561
CC12CCC(C1)C(C)(C)C2=O,-1.8499999041574111,-1.7678656786508842,0.08213422550652694,0.08213422550652694
CNC(=O)n1cc(F)c(=O)[nH]c1=O,-2.2799999064282144,-1.7514836784934324,0.5285162279347819,0.5285162279347819
CCC(CO)NCCNC(CC)CO,0.5700000717082854,-0.01626923890514531,-0.5862693106134307,0.5862693106134307
CCCCCCCCN=c1ccn(CCCCCCCCCCn2ccc(=NCCCCCCCC)cc2)cc1,-1.64278610467326,-4.3373401740133275,-2.6945540693400676,2.6945540693400676
CC1=NN(c2cccc(S(=O)(=O)O)c2)C(=O)C1,-1.7718213919346677,-1.6750556925877826,0.09676569934688506,0.09676569934688506
CC(=O)OCC(C)OC(C)=O,-0.20459978353795893,-0.44849527020641844,-0.2438954866684595,0.2438954866684595
Nc1c[nH]c(=O)[nH]c1=O,-2.410000001807618,-1.9541924865957223,0.4558075152118959,0.4558075152118959
COC(=O)c1ccc(O)c(Br)c1,-3.1700000258831826,-2.582487575882809,0.5875124500003737,0.5875124500003737
CCOP(=O)(Cc1cc(C(C)(C)C)c(O)c(C(C)(C)C)c1)OCC,-4.472808895663833,-4.7085240793392815,-0.23571518367544808,0.23571518367544808
O=C(O)c1c(Cl)c(Cl)c(Cl)c(Cl)c1C(=O)O,-1.9263998015863781,-2.6019481628021794,-0.6755483612158013,0.6755483612158013
CC[C@H](C)[C@@H](N)C(=O)O,-0.7874999952455011,-0.513280686047267,0.2742193091982341,0.2742193091982341
Br/C=C\Br,-1.319499884423502,-1.6369166482484157,-0.3174167638249137,0.3174167638249137
O=CNC(N1CCN(C(NC=O)C(Cl)(Cl)Cl)CC1)C(Cl)(Cl)Cl,-4.159999884257097,-3.5342042208073066,0.6257956634497903,0.6257956634497903
O=[N+]([O-])c1ccccc1NS(=O)(=O)c1ccccc1,-4.01000024137195,-4.1355064565359445,-0.12550621516399474,0.12550621516399474
CC1CN(N=O)CC(C)O1,-0.06549984987483004,-0.03651695879946626,0.02898289107536378,0.02898289107536378
CC(=O)OC(c1ccc(Cl)c(Cl)c1)C(Cl)(Cl)Cl,-3.8278998864996576,-5.975903062511322,-2.1480031760116645,2.1480031760116645
CCCCC=O,-0.8499999614700724,-1.0005866328138513,-0.1505866713437789,0.1505866713437789
CCC1CCCCC1,-4.250699990936552,-4.505357297941496,-0.25465730700494404,0.25465730700494404
O=C(Nc1ccccc1)c1ccccc1O,-3.5885000053830134,-3.6160506602013838,-0.02755065481837038,0.02755065481837038
CC12CCC(=O)C=C1CCC1C2C(O)CC2(C)C(C(=O)CO)CCC12,-3.2399999604493206,-4.008231150435132,-0.7682311899858116,0.7682311899858116
CC(C)c1ccccc1,-3.2923998418624003,-3.516637673687245,-0.22423783182484458,0.22423783182484458
Cc1ccc(C(C)C)cc1O,-2.079799806473083,-3.0454462740552026,-0.9656464675821197,0.9656464675821197
CC12CCC(=O)C=C1CCC1C2C(=O)CC2(C)C1CCC2(O)C(=O)CO,-3.1099998478165527,-3.7515696926614757,-0.641569844844923,0.641569844844923
COc1cc(N)c2c(c1OC)C(=O)OC2,-2.0799998074692168,-2.5500942813480068,-0.47009447387879,0.47009447387879
O[C@@H]1CO[C@H]2[C@@H]1OC[C@@H]2O,1.177450164144171,1.0859438422691192,-0.09150632187505181,0.09150632187505181
Cc1c(N(C)C)c(=O)n(-c2ccccc2)n1C,-0.6285996869112882,-1.425855555620207,-0.7972558687089188,0.7972558687089188
CCCCC1OC(C)CC(C)(C)O1,-2.453297284398724,-2.8231443645709127,-0.3698470801721885,0.3698470801721885
CC(=O)CO,1.1303004469065185,1.0685781243066668,-0.061722322599851775,0.061722322599851775
NS(=O)(=O)c1ccccc1,-1.5629997859608917,-1.130831311882109,0.4321684740787828,0.4321684740787828
C#CC(C)(O)CC(C)C,-1.036597854270954,-0.9266616269384931,0.10993622733246089,0.10993622733246089
CC/C=C\CCOC(=O)c1ccccc1,-3.704897410513974,-4.521880085549643,-0.8169826750356695,0.8169826750356695
O=C(O)C(=O)[C@@H](O)[C@H](O)[C@@H](O)CO,0.23732098203968022,0.7969825686871141,0.5596615866474339,0.5596615866474339
CCOC(=O)C(C)(C)c1ccccc1,-3.0458382963665946,-3.1023196508340605,-0.05648135446746583,0.05648135446746583
Cc1ccc2cc3ccc4ccccc4c3cc2c1,-6.644000247899107,-6.9215500084677455,-0.2775497605686388,0.2775497605686388
Clc1cc(Oc2ccccc2)c(Cl)c(Cl)c1Cl,-7.51999991805069,-7.645292467554219,-0.12529254950352886,0.12529254950352886
CCCC(C)CO,-1.1099998761750551,-0.9803538198260748,0.1296460563489803,0.1296460563489803
CCCCCCC(C(C)O)n1cnc2c(N)ncnc21,-2.249999895035038,-2.5550846443674837,-0.3050847493324458,0.3050847493324458
CC(=O)OCn1ncc2c(=O)[nH]cnc21,-2.5599998517331337,-2.446457912860124,0.11354193887300967,0.11354193887300967
CCC(C)(CCC(C)C)C(=O)[O-],-2.7160174162408244,-2.0031083962050302,0.7129090200357941,0.7129090200357941
CC(=O)Nc1cccc(N=C=S)c1,-3.529999921054208,-3.3126178859705453,0.21738203508366283,0.21738203508366283
CCc1ccccc1C,-3.2072000041237247,-3.392401064570655,-0.1852010604469303,0.1852010604469303
Nc1c(S(=O)(=O)[O-])cc(Nc2cccc(S(=O)(=O)CCOS(=O)(=O)[O-])c2)c2c1C(=O)c1ccccc1C2=O,-0.4545356039488704,-0.4321749680788298,0.022360635870040557,0.022360635870040557
CCCCOC(=O)n1cc(F)c(=O)[nH]c1=O,-1.589999920438972,-2.1027577538067326,-0.5127578333677605,0.5127578333677605
CC(C)CCCCCCCCCCCCCCC(=O)OCC(COC(=O)CCCCCCCCCCCCCCC(C)C)(COC(=O)CCCCCCCCCCCCCCC(C)C)COC(=O)CCCCCCCCCCCCCCC(C)C,-7.380942772730419,-7.63276569708829,-0.2518229243578709,0.2518229243578709
CCCOP(=O)(OCCC)OCCC,-1.5411999534361185,-1.5007606906008428,0.04043926283527566,0.04043926283527566
Nc1ccc(S(=O)(=O)c2ccc(NCCO)cc2)cc1,-2.596999794470814,-2.7287488288578183,-0.13174903438700447,0.13174903438700447
CC(=O)OCC(=O)[C@@]1(O)CC[C@H]2[C@@H]3CCC4=CC(=O)C=C[C@]4(C)[C@H]3[C@@H](O)C[C@@]21C,-4.369200236078624,-3.989695930443527,0.3795043056350975,0.3795043056350975
CP(=O)(O)CCC(N)C(=O)[O-],0.8397002417661326,0.6898927323431101,-0.14980750942302246,0.14980750942302246
O=C(O)C1OC(c2ccccc2)OC1C1COC(c2ccccc2)O1,-2.4499999594873074,-2.8564949275036184,-0.406494968016311,0.406494968016311
O=C(O)c1ccccc1C(=O)c1ccccc1O,-2.342799805133531,-2.621320585031225,-0.2785207798976943,0.2785207798976943
O=C(O)CN1C(=O)N(c2ccccc2)C(=O)C1Cc1ccccc1,-2.9100000222155415,-3.4524437376729544,-0.5424437154574129,0.5424437154574129
Cc1cc(C)c(CC(C)(C)C(=O)NO)c(C)c1,-3.519999940260968,-3.704391265826035,-0.1843913255650671,0.1843913255650671
Cc1cc(C(C)(C)C)c(OP2OCC3(CO2)COP(Oc2c(C(C)(C)C)cc(C)cc2C(C)(C)C)OC3)c(C(C)(C)C)c1,-7.8012385858813555,-6.743303710058219,1.0579348758231362,1.0579348758231362
COC(=O)c1ccc(C(=O)OC)cc1,-3.796856115594566,-2.8149712907374407,0.9818848248571252,0.9818848248571252
FC(Cl)(Cl)CCl,-3.0399999046237327,-3.001393319998502,0.03860658462523059,0.03860658462523059
O=C(O)Cc1c[nH]c2ccccc12,-2.067399882739692,-2.606695978029761,-0.5392960952900689,0.5392960952900689
Nc1ccc(/C=C/c2ccc(N)cc2S(=O)(=O)[O-])c(S(=O)(=O)[O-])c1,-0.617390245297742,-0.6811089891592097,-0.0637187438614677,0.0637187438614677
Clc1cc(Cl)c(Oc2ccccc2)c(Cl)c1,-6.110000348759766,-6.6286508270736615,-0.5186504783138952,0.5186504783138952
CC1(C)SC2C(NC(=O)C3(N)CCCCC3)C(=O)N2C1C(=O)O,-1.039999803582005,-2.689750118401011,-1.6497503148190058,1.6497503148190058
COc1cc(S(=O)(=O)[O-])c(C)cc1NC(=O)CC(C)=O,-0.20187596044775402,-1.496333063303407,-1.294457102855653,1.294457102855653
BrCBr,-1.2858946100772415,-1.7107397902623889,-0.4248451801851474,0.4248451801851474
CCCCOCCO,-0.41999989018581285,-0.35742621758999515,0.0625736725958177,0.0625736725958177
COc1nc(Nc2ccccc2)nc(Nc2ccc(/C=C/c3ccc(Nc4nc(Nc5ccccc5)nc(OC)n4)cc3S(=O)(=O)[O-])c(S(=O)(=O)[O-])c2)n1,-1.7615100224269498,-1.6093481189448837,0.15216190348206604,0.15216190348206604
Nc1nc(=O)[nH]cc1F,-0.9719998789772066,-1.691759295451233,-0.7197594164740264,0.7197594164740264
CC(C)COC(=O)n1c(-c2cscn2)nc2ccccc21,-4.170000072090706,-4.582476108543937,-0.4124760364532314,0.4124760364532314
CC(=O)Nc1ccc(S(=O)(=O)Cl)cc1,-2.8772522751087464,-2.847830719408936,0.02942155569981031,0.02942155569981031
COC(=O)CC(C)=O,0.6341003219557533,0.1747522784127109,-0.4593480435430424,0.4593480435430424
O=C(C(Cl)(Cl)Cl)C(Cl)(Cl)Cl,-1.1797977393413723,-2.4832527130991813,-1.303454973757809,1.303454973757809
CC(=O)OOC(=O)c1ccccc1,-2.4501999949901694,-2.3909726813664154,0.059227313623754,0.059227313623754
CCOP(=O)(C(=O)c1c(C)cc(C)cc1C)c1ccccc1,-3.9560818223748697,-4.283966961320408,-0.32788513894553795,0.32788513894553795
CC1CN(C(=N)N)C(C)CN1C(=N)N,0.020000092878230902,0.13828556814453696,0.11828547526630606,0.11828547526630606
O=c1[nH]c(=O)n(C2CCCO2)cc1F,-1.0099997921888282,-1.375249368441088,-0.36524957625225984,0.36524957625225984
CC1=Nc2ccccc2/C1=N/Nc1cc(Cl)c(S(=O)(=O)NCCS(=O)(=O)[O-])cc1Cl,-3.7561795844967962,-2.2110721649179554,1.5451074195788408,1.5451074195788408
CCC(C#N)CC#N,-0.6915998626665631,-0.39897949563562074,0.2926203670309424,0.2926203670309424
Nc1cc([N+](=O)[O-])cc(S(=O)(=O)[O-])c1O,-0.9940565795860417,-1.229995090805827,-0.23593851121978537,0.23593851121978537
CC(=O)Oc1ccc(NC(=O)c2ccccc2)cc1,-4.139999922670617,-4.745882305434942,-0.6058823827643254,0.6058823827643254
Nc1nc2[nH]c(=O)cnc2c(=O)[nH]1,-4.550000170395308,-3.747909771051064,0.8020903993442445,0.8020903993442445
O=C(O)c1ccsc1,-1.4742998272696881,-1.5795235397574254,-0.10522371248773732,0.10522371248773732
O=C1CCCCCCCCCCCC(=O)OCCO1,-4.261695352808895,-2.42681668321909,1.8348786695898056,1.8348786695898056
CN(C)c1nc(N(C)C)nc(N(C)C)n1,-3.3638000249485724,-2.2168821317435357,1.1469178932050368,1.1469178932050368
CCCCC(C)=O,-0.7999998504635029,-1.186285694360886,-0.3862858438973831,0.3862858438973831
Cc1ccccc1N(O)C(=O)c1ccc(Cl)cc1Cl,-4.170000072090706,-4.059574263299799,0.11042580879090647,0.11042580879090647
NCCC(=O)O,0.7865482862138635,0.4265881773003506,-0.35996010891351293,0.35996010891351293
CC(=O)CC(C)=O,0.18644867897336592,0.3973386182301417,0.2108899392567758,0.2108899392567758
C=CC(C)C,-2.7320000355271143,-2.8779606831401807,-0.14596064761306637,0.14596064761306637
O=C(O)CNC(=O)c1ccco1,-0.7271999019514901,-0.9580229977691226,-0.2308230958176325,0.2308230958176325
CN(C)C(=O)NC[C@@]1(C)C[C@H](NC(=O)N(C)C)CC(C)(C)C1,-1.8938186179170091,-1.6572698207038448,0.23654879721316435,0.23654879721316435
Cc1ccccc1,-2.206298228097194,-2.514160941576251,-0.30786271347905725,0.30786271347905725
C/C=C/C=O,0.3200002068099992,-0.33892481419193876,-0.658925021001938,0.658925021001938
Clc1ccc(-c2ccccc2Cl)cc1,-5.280300150065168,-5.350702985188736,-0.07040283512356815,0.07040283512356815
CC1=NN(c2ccccc2)C(=O)/C1=C/C1C(=O)N(c2ccccc2)N=C1C,-7.88227142564002,-5.956778605630485,1.9254928200095351,1.9254928200095351
O=C(O)CNc1c([N+](=O)[O-])cc([N+](=O)[O-])cc1[N+](=O)[O-],-2.392199913151699,-2.6991898134499057,-0.30698990029820683,0.30698990029820683
C=CC(=O)OCC,-0.7399998276771491,-0.6121043666587185,0.12789546101843063,0.12789546101843063
CC(C)(C)c1cccc(C(C)(C)C)c1O,-4.7135873205685295,-4.832794401529236,-0.11920708096070687,0.11920708096070687
CCCN(CCC)S(=O)(=O)c1ccc(C(=O)O)cc1,-4.019999946111366,-3.025545907512734,0.9944540385986316,0.9944540385986316
CC1C(N)CN1c1c(F)cc2c(=O)c(C(=O)O)cn(C3CC3)c2c1F,-4.170000072090706,-4.058633747918394,0.11136632417231151,0.11136632417231151
CCN1CC(C)n2c(nc3ccccc3c2=O)C1C,-2.4599999402805475,-2.4243867884389383,0.03561315184160918,0.03561315184160918
CCCCC(C#N)(Cn1cncn1)c1ccc(Cl)cc1,-3.309999895015458,-4.929614897560362,-1.6196150025449039,1.6196150025449039
CN(C)c1ccc(N=Nc2ccc(N)cc2)cc1,-4.5939998374371225,-4.095381204926483,0.49861863251063987,0.49861863251063987
CN(C)CCCN1c2ccccc2Sc2ccccc21,-4.301700106923792,-4.41706520877657,-0.11536510185277837,0.11536510185277837
CCCCOCN(C(=O)CCl)c1c(CC)cccc1CC,-4.19299977256537,-5.165543470842451,-0.9725436982770805,0.9725436982770805
O=C([O-])c1cc(Br)ccc1Cl,-1.951999929091521,-2.792733843886758,-0.8407339147952368,0.8407339147952368
NC1CC1,1.2433950060495635,1.6653051819684639,0.42191017591890034,0.42191017591890034
CCn1ccc(NS(=O)(=O)c2ccc(N)cc2)nc1=O,-2.2299999334485574,-3.234946277583759,-1.0049463441352016,1.0049463441352016
CCC1(C2=CCC3CCC2C3)C(=O)NC(=O)NC1=O,-2.696000028756648,-3.74119269135689,-1.045192662600242,1.045192662600242
CC(C)=O,1.2360000761883687,0.25122112028444477,-0.984778955903924,0.984778955903924
CC(c1ccc(OC#N)cc1)c1ccc(OC#N)cc1,-5.217950909228987,-5.053309095417768,0.1646418138112189,0.1646418138112189
CCCN1CC(C)n2c(nc3ccccc3c2=O)C1C,-2.2399999142417975,-2.754071487762217,-0.5140715735204195,0.5140715735204195
C=C(C)C(=O)OCCOC(=O)C(=C)C,-2.2613131328867433,-1.8962178707225978,0.36509526216414545,0.36509526216414545
COC(=O)C1C2C=CC(C2)C1C(=O)OC,-1.1999999103545858,-2.062782399424187,-0.8627824890696012,0.8627824890696012
COC(=O)c1c(C)cc(O)c(C)c1O,-4.037430743763036,-2.0035706483348115,2.033860095428224,2.033860095428224
C=C(C)C(=O)OC(C)CO,-0.04493135543598559,-0.39815354259154523,-0.35322218715555964,0.35322218715555964
[O-][S+](CCCl)CCCl,-1.1640999385889141,-0.8664807888968356,0.2976191496920786,0.2976191496920786
CN1CCC23c4c5ccc(O)c4OC2C(O)C=CC3C1C5,-3.1500000470433385,-1.6092400438724386,1.5407600031709,1.5407600031709
CC1=NN(c2ccccc2)C(=N)/C1=N/Nc1cc(Cl)c(S(=O)(=O)[O-])cc1Cl,-1.2370684179610232,-2.0953308017018504,-0.8582623837408272,0.8582623837408272
COP(=S)(OC)Oc1ccc([N+](=O)[O-])c(Cl)c1,-3.871700035639532,-4.990000981620827,-1.1183009459812947,1.1183009459812947
O=C1CC(c2ccc(O)c(O)c2)Oc2cc(O)cc(O)c21,-3.6199998862202825,-2.3194245334301016,1.3005753527901809,1.3005753527901809
CC(=O)Nc1ccc(S(=O)(=O)Nc2nnc(S(N)(=O)=O)s2)cc1,-1.619999931832149,-2.099195555250332,-0.4791956234181829,0.4791956234181829
OCc1cc(Br)ccc1O,-0.2071999345146125,-1.1623072450500684,-0.955107310535456,0.955107310535456
Cc1ccc2cccc(O)c2n1,-1.7306184261928295,-1.6566912118868722,0.07392721430595728,0.07392721430595728
CCNc1ccccc1,-1.6520778003652845,-1.3717818563466253,0.2802959440186592,0.2802959440186592
Cc1cc(C)cc(OCC(=O)O)c1,-2.352699888948888,-2.6053802019801435,-0.2526803130312554,0.2526803130312554
O=C(Cc1ccccc1)NC(CSSCC(NC(=O)Cc1ccccc1)C(=O)O)C(=O)O,-1.832999819486027,-2.8183998102291374,-0.9853999907431104,0.9853999907431104
c1ccc2c3c(ccc2c1)Sc1ccc2ccccc2c1N3,-7.908100677819823,-6.690029738715349,1.2180709391044733,1.2180709391044733
CCCCCCCOC(=O)c1ccc(O)cc1,-4.072500207596521,-4.367949436198041,-0.29544922860151956,0.29544922860151956
CC1(C)C(=O)C(=O)C2CCC1C2,-1.519999847845922,-2.211705432392257,-0.6917055845463349,0.6917055845463349
O=[N+]([O-])c1cc(Cl)c(Cl)c(Cl)c1Cl,-4.553100116821928,-5.889945974624241,-1.336845857802313,1.336845857802313
CCc1onc(C)c1N=C1C=C(O)C(=O)c2ccccc21,-2.7199999585057144,-4.046811742867414,-1.3268117843616993,1.3268117843616993
CCC1C2CC3C4N(C)c5ccccc5C45CC(C2C5O)N3C1O,-2.819999861331619,-2.124339641836754,0.6956602194948651,0.6956602194948651
C=CCOc1ccc([N+](=O)[O-])cc1N,-2.7999998824917744,-2.9786010308398336,-0.17860114834805918,0.17860114834805918
CCCCCCOC(=O)c1ccc(O)c(Cl)c1,-4.090000087717872,-4.605047235455458,-0.5150471477375858,0.5150471477375858
CC(=O)N(c1onc(C)c1C)S(=O)(=O)c1ccc(N)cc1,-3.5899998748271056,-3.3865565910169635,0.2034432838101421,0.2034432838101421
C=C(C)[C@H]1CC=C(C)CC1,-4.3468379438856335,-4.235055882653036,0.11178206123259748,0.11178206123259748
CCCOC,-0.3856999263892127,-0.2689098346923444,0.11679009169686827,0.11679009169686827
NC(Cc1c[nH]c2ccc(O)cc12)C(=O)O,-1.3429999324557824,-1.625002993327571,-0.2820030608717885,0.2820030608717885
CC(C)(C)[C@H](O)/C(=C\c1ccc(Cl)cc1)n1cncn1,-4.540299915042444,-4.262508883430851,0.277791031611593,0.277791031611593
C[C@]12CCC(=O)C=C1CC[C@H]1[C@@H]3CC[C@](O)(C(=O)CO)[C@@]3(C)C[C@H](O)[C@@]12F,-3.434199996013706,-3.66892676896913,-0.23472677295542388,0.23472677295542388
C=CCCCCC,-3.732000098988001,-3.9872705215380293,-0.2552704225500282,0.2552704225500282
CCOP(=S)(OCC)Oc1cc(Cl)c(Br)cc1Cl,-5.952099769352399,-6.736389113852336,-0.7842893444999373,0.7842893444999373
Nc1ccc(C(F)(F)F)cc1,-2.847330026784039,-2.483655510136426,0.36367451664761274,0.36367451664761274
CCCCCC(O)C=CC1C(O)CC(=O)C1CC=CCCCC(=O)O,-2.4699999555805157,-2.841610364065927,-0.37161040848541127,0.37161040848541127
O=C(CCCN1CCC(O)(c2ccc(Br)cc2)CC1)c1ccc(F)cc1,-3.6693000627538397,-3.698927194443044,-0.0296271316892045,0.0296271316892045
CC(=O)OCCc1ccccc1,-2.231757292097817,-2.199615517104219,0.03214177499359794,0.03214177499359794
S=C=Nc1ccc2ccccc2c1,-4.440000036602385,-5.144796093525077,-0.7047960569226923,0.7047960569226923
O=Nc1ccc(O)cc1,-1.5461998403125543,-1.3853630143967273,0.16083682591582704,0.16083682591582704
CCC[NH2+]CC,1.0546597665094595,0.30060604534224344,-0.754053721167216,0.754053721167216
Cn1c(=O)[nH]n(-c2ccccc2)c1=O,-2.9804000218565596,-2.2391418699405783,0.7412581519159813,0.7412581519159813
CCOC(=O)Nc1cccc(OC(=O)Nc2ccccc2)c1,-4.520000020975219,-5.22346977729622,-0.7034697563210006,0.7034697563210006
O=C(O)C(Cl)(Cl)CCCl,-0.583099943385013,-0.5767697531264249,0.006330190258588164,0.006330190258588164
Brc1cccc(Br)c1Br,-5.0402002654620555,-5.816631323755718,-0.7764310582936629,0.7764310582936629
CN(C)N=Nc1ccc(C(=O)O)cc1,-0.7999998504635029,-2.6796472040378143,-1.8796473535743115,1.8796473535743115
NCCc1ccc(O)cc1,-1.1161077050776933,-0.40751728833186673,0.7085904167458266,0.7085904167458266
CC[Si](CC)(CC)CC,-5.647500046590287,-5.993386931510829,-0.3458868849205414,0.3458868849205414
NCc1ccc(S(N)(=O)=O)cc1,0.3210003498175813,-0.5998428839185106,-0.9208432337360919,0.9208432337360919
CCCCCCCCCCCCCC(=O)NCC(=O)[O-],-0.3429714872110239,-4.134689337214265,-3.7917178500032414,3.7917178500032414
COc1ccc(NS(=O)(=O)c2ccc([N+](=O)[O-])cc2)cc1,-4.639999928521014,-4.600925337769089,0.03907459075192499,0.03907459075192499
NC(=O)NC1(O)NC(=O)NC1(O)C(=O)O,-0.36999991720615544,-0.622839823854926,-0.25283990664877054,0.25283990664877054
C/C=C(\C)C(=O)OCCC(C)CCC=C(C)C,-5.791792828753451,-5.18938651575216,0.6024063130012909,0.6024063130012909
COc1ccc(C(=O)NN)cc1,-1.149999799348016,-1.8541871575868223,-0.7041873582388063,0.7041873582388063
O=C(O)c1ccc([N+](=O)[O-])c([N+](=O)[O-])c1,-1.5004998197363202,-2.4549350427283496,-0.9544352229920294,0.9544352229920294
c1ccc2c(c1)-c1nc3nc(nc4[n-]c(nc5[n-]c(nc-2n1)c1ccccc51)c1ccccc41)-c1ccccc1-3,-6.98372119458687,-5.747797578572834,1.2359236160140359,1.2359236160140359
CCCCC(CC)CO,-1.6991303466565748,-2.5297280998560794,-0.8305977531995046,0.8305977531995046
NNC(=O)CC(=O)NN,-0.12099991926162668,-0.16252724824771203,-0.041527328986085355,0.041527328986085355
CCCCCCN,-1.0999998263683588,-0.6748428433879963,0.42515698298036253,0.42515698298036253
CC(C)(CO)[N+](=O)[O-],1.4681000589730373,-0.13234324698024524,-1.6004433059532825,1.6004433059532825
O=C(O)C(CO)c1ccccc1,-0.9304998793197852,-0.8905554429656277,0.03994443635415745,0.03994443635415745
COc1ccccc1C(=O)O,-1.599999832218756,-1.838416202570768,-0.2384163703520119,0.2384163703520119
C=NO,0.5768003816306639,0.35638934595337846,-0.22041103567728548,0.22041103567728548
c1ccc(Nc2ccc3ccccc3c2)cc1,-5.495915026588788,-5.564904742182735,-0.06898971559394695,0.06898971559394695
CC(C)COC(N)=O,-0.29999984461310536,-1.165591733458628,-0.8655918888455227,0.8655918888455227
CN(C)c1ncnc2[nH]cnc12,-1.2999998563139001,-1.1417773981467088,0.15822245816719138,0.15822245816719138
CCCCCCCCCCCCCCCCCCN(CCO)CCO,-5.775274319979591,-5.03499154386709,0.740282776112501,0.740282776112501
CCC1(C)OC(=O)NC1=O,0.020300163385888137,-0.9633436591900824,-0.9836438225759705,0.9836438225759705
COc1c(C(=O)O)oc2ccccc12,-2.885699923291142,-2.7597955328347994,0.1259043904563426,0.1259043904563426
CCCCCOC=O,-1.6020598838870093,-1.8324397752887784,-0.23037989140176918,0.23037989140176918
FC(F)(F)c1ccc(Cl)cc1,-3.72769517761573,-4.7697866342937765,-1.0420914566780466,1.0420914566780466
CC(C)N1C(=O)c2ccccc2NS1(=O)=O,-2.681699923026344,-2.9593297909642926,-0.27762986793794875,0.27762986793794875
CC(C)OC(=O)C(O)(c1ccc(Cl)cc1)c1ccc(Cl)cc1,-5.354400174065508,-4.816097700011408,0.5383024740540998,0.5383024740540998
O=Nc1ccc(NNC(=O)c2ccccc2)cc1,-4.6834998001128625,-5.255158824016995,-0.5716590239041324,0.5716590239041324
CCSC(=S)NC(C)C(=O)O,-1.2342998741511857,-1.2958074268752722,-0.06150755272408648,0.06150755272408648
O=C(O)C(=O)c1ccc2c(c1)OCO2,-1.1911998665246928,-2.392871310560563,-1.2016714440358702,1.2016714440358702
CN(C)CCCN,0.9906301860411637,0.9856532116321941,-0.004976974408969603,0.004976974408969603
C=CC(=O)OCCCCCCCC(C)C,-5.199912586122187,-5.2570495166636775,-0.05713693054149083,0.05713693054149083
c1cc2c3c(c1)ccc1cccc(c13)C2,-5.237899938884776,-6.140154536214146,-0.9022545973293701,0.9022545973293701
NCCc1ccc(O)c(O)c1,0.12000003883754529,-0.5866342605050998,-0.7066342993426451,0.7066342993426451
Cc1ccc(N/N=C2\C(=O)C=Cc3ccccc32)c([N+](=O)[O-])c1,-7.969061091862974,-7.059888585681822,0.909172506181152,0.909172506181152
COC(=O)CCC(=O)OC,-0.07522301769516027,-0.23174415613954524,-0.15652113844438498,0.15652113844438498
O=C1NC(=O)C2CCCC12,0.1553575648373049,-0.6870077072894922,-0.8423652721267971,0.8423652721267971
O=C(O)c1ccccc1O,-1.8199999617776905,-0.9005236085555492,0.9194763532221413,0.9194763532221413
CCOC(=O)c1ccccc1,-2.3999022634536384,-2.6078541618520936,-0.20795189839845518,0.20795189839845518
OC1CCOC1,1.0550004169293756,1.7622779216840176,0.707277504754642,0.707277504754642
Clc1cccc2ccccc12,-3.970599907106654,-4.921726935567911,-0.951127028461257,0.951127028461257
COc1ccc2[nH]c(=S)[nH]c2c1,-2.7506818055930093,-3.2130516550768635,-0.4623698494838542,0.4623698494838542
NCCOCCN,0.9823284193652002,1.2173526403169448,0.23502422095174458,0.23502422095174458
CCC1(C/C=C2/CCCc3cc(OC)ccc32)C(=O)CCC1=O,-4.8388172058538075,-4.216327148930181,0.6224900569236267,0.6224900569236267
C[Si]1(C)O[Si](C)(C)O[Si](C)(C)O[Si](C)(C)O[Si](C)(C)O[Si](C)(C)O1,-7.940699874001266,-5.435399335257538,2.505300538743729,2.505300538743729
CC(O[N+](=O)O)C(C)O[N+](=O)O,-1.889999896343828,-1.6499940080680906,0.24000588827573743,0.24000588827573743
O=C1c2c(O)ccc(O)c2C(=O)c2c(NCCNCCO)ccc(NCCNCCO)c21,-1.838799848373911,-2.6266924544367023,-0.7878926060627913,0.7878926060627913
Oc1cc(Cl)c(Cl)cc1Cl,-2.2162999342268392,-2.6898475999079254,-0.4735476656810862,0.4735476656810862
C=C1C2CCC(C2)C1(C)C,-4.471540428338456,-4.9093569636745205,-0.4378165353360641,0.4378165353360641
CC(C)CC(N)C(=O)NC(Cc1ccc(O)cc1)C(=O)O,-1.5799998706322758,-1.5428515834704446,0.03714828716183116,0.03714828716183116
OC1C=CC2C1C1(Cl)C(Cl)=C(Cl)C2(Cl)C1(Cl)Cl,-5.460000147916572,-5.610163766773705,-0.1501636188571327,0.1501636188571327
O=C(O)c1ccc([N+](=O)[O-])cc1,-2.7999998824917744,-2.467670371858984,0.33232951063279037,0.33232951063279037
CCN(CC)C(=O)COC(=O)C(C)c1ccc2cc(OC)ccc2c1,-4.459999998188865,-4.785753311471678,-0.32575331328281365,0.32575331328281365
C=C(c1ccccc1)c1ccccc1,-4.436299811133538,-3.985995843001593,0.4503039681319452,0.4503039681319452
O=C1C=CC(=C(c2ccc(O)cc2)c2ccc(O)cc2)C=C1,-2.3836998018025506,-3.0594722669640713,-0.6757724651615207,0.6757724651615207
CCCCCCCCCCCCCCCC(=O)OCC(O)[C@H]1OC[C@@H](O)[C@@H]1O,-6.905873739913629,-5.076845168474197,1.8290285714394319,1.8290285714394319
NC(=O)NN=CC(O)C(O)C(O)CO,0.020000092878230902,-0.07267504089141097,-0.09267513376964187,0.09267513376964187
CCOP(=O)(OCC)SCc1ccccc1,-2.4154998221609327,-2.7297641203190413,-0.3142642981581085,0.3142642981581085
CCC(C)OC,-0.7305999188857668,-0.8100665672689105,-0.07946664838314366,0.07946664838314366
Cn1cc(-c2ccccc2)c(=O)c(-c2cccc(C(F)(F)F)c2)c1,-4.438399752579489,-4.838457783773799,-0.4000580311943098,0.4000580311943098
NC(=S)Nc1cccc([N+](=O)[O-])c1,-1.4498998437682613,-2.524022101802299,-1.0741222580340377,1.0741222580340377
CCOc1ccccc1,-2.3318416070073638,-2.035790132480116,0.29605147452724756,0.29605147452724756
CCCOC1=CC(=O)CC(C)C12Oc1c(Cl)c(OC)cc(OC)c1C2=O,-4.520000020975219,-4.627133887904293,-0.10713386692907356,0.10713386692907356
CCOc1ccccc1NC(=O)C1=Cc2ccccc2/C(=N\Nc2ccc(C(N)=O)cc2)C1=O,-7.581973449631194,-6.966073349615378,0.615900100015816,0.615900100015816
O=[N+]([O-])c1cc([N+](=O)[O-])c([O-])c([N+](=O)[O-])c1[O-],-2.8083912631406434,-1.5667426617456839,1.2416486013949595,1.2416486013949595
O=C1NC(=O)C([N+](=O)[O-])C(=O)N1,-2.283999857337437,-2.541327156936732,-0.2573272995992948,0.2573272995992948
Cc1ncc2nccnc2n1,-0.11909984078489799,-0.15200021168929778,-0.03290037090439979,0.03290037090439979
CC(CCCO[N+](=O)O)O[N+](=O)O,-2.439999978694067,-2.279179198406812,0.160820780287255,0.160820780287255
C#CC(O)CCC,-0.41209978182506646,-0.376481937068434,0.03561784475663243,0.03561784475663243
CC(C)=CCC/C(C)=C/COC=O,-3.7461506870653984,-3.475054305774706,0.27109638129069236,0.27109638129069236
Cc1cc(Cl)ccc1N=CN(C)C,-2.8800000501816014,-3.4258769041797694,-0.545876853998168,0.545876853998168
COc1cc(Cl)c(OC)cc1N,-3.0061213369908297,-2.4658217774205977,0.540299559570232,0.540299559570232
CCC(C)n1ncn(-c2ccc(N3CCN(c4ccc(O)cc4)CC3)cc2)c1=O,-4.828521778454477,-3.0905168142705457,1.7380049641839315,1.7380049641839315
CC1COC2CC3(C)C(CC4C5C=C6CC(O)CCC6(C)CC5CCC43C)OC2C1,-7.320000026132062,-5.373067209758499,1.9469328163735629,1.9469328163735629
CC(C)OC(=O)C1(S(=O)(=O)c2ccc(Cl)cc2)CCCC1,-4.649799839304664,-3.9055256009380557,0.7442742383666081,0.7442742383666081
O=C(NCNC(=O)NC1C(=O)NC(=O)N1CO)NC1C(=O)NC(=O)N1CO,0.41083626999821377,-0.9358241294404686,-1.3466603994386823,1.3466603994386823
C/C=C/OC1CCC(O/C=C/C)CC1,-3.9037320792377352,-2.699096403736908,1.2046356755008274,1.2046356755008274
C=CCC1(c2ccccc2)C(=O)NC(=O)NC1=O,-2.1799999604689,-2.8818313028324414,-0.7018313423635414,0.7018313423635414
Cc1ccnc(C)c1,0.44710008070509266,0.13728928989050315,-0.3098107908145895,0.3098107908145895
O=C(O)/C=C/c1ccco1,-1.8391999193796351,-1.4922794889386997,0.34692043044093546,0.34692043044093546
NCCCCCCN,0.4951342743976972,1.3621141618747745,0.8669798874770773,0.8669798874770773
CC(Oc1ccccc1Cl)C(=O)O,-2.22319996859346,-1.9361769379294747,0.28702303066398516,0.28702303066398516
O=C(O)C(c1ccccc1)c1ccccc1,-3.2230398345690894,-2.889081787529762,0.3339580470393275,0.3339580470393275
O=Cc1ccc(C=O)cc1,-2.8264998678259254,-2.000560557428194,0.8259393103977315,0.8259393103977315
Nc1cnc2ncncc2n1,-2.3399998256943837,-1.4686135325576595,0.8713862931367242,0.8713862931367242
Cc1onc(NS(=O)(=O)c2ccc(N)cc2)c1C,-2.1899999412621405,-3.69546920620554,-1.5054692649433994,1.5054692649433994
COC(=O)c1cc(O)c(O)c(O)c1,-1.2398999020429358,-1.5824782818721521,-0.34257837982921635,0.34257837982921635
CCCCC(CCC(=O)O)CC(=O)O,-1.397399927350386,-1.596361580833598,-0.19896165348321193,0.19896165348321193
Fc1ccc(C(c2ccc(F)cc2)[NH+]2CC[NH2+]CC2)cc1,-2.8786010093970513,-2.586142563031101,0.2924584463659503,0.2924584463659503
CCOS(C)(=O)=O,0.40200006311726044,-0.5551588794447899,-0.9571589425620504,0.9571589425620504
CC(C)CC(C)CO,-1.6006999047186812,-1.4006759961172865,0.20002390860139463,0.20002390860139463
O=c1[nH]c(=O)c2nc[nH]c2[nH]1,-3.869999889145481,-3.224824073959548,0.645175815185933,0.645175815185933
Oc1c(Cl)cc(Cl)cc1Cc1ccccc1,-4.639900273090228,-4.275519162171077,0.36438111091915104,0.36438111091915104
O=P(O)(O)CCCl,0.8401002437584002,0.40866179401954295,-0.43143844973885725,0.43143844973885725
CCOC(=O)C(C)O,0.9276004725266254,0.07340601794940005,-0.8541944545772253,0.8541944545772253
CCOP(=S)(OCC)Oc1nc(Cl)n(C(C)C)n1,-3.6577000049780715,-4.152739806689361,-0.4950398017112896,0.4950398017112896
O=C1NC2C=CC1C2,0.9361611776903374,0.550976650527359,-0.38518452716297835,0.38518452716297835
COC(=O)C1=CO[C@@H](O[C@@H]2O[C@H](CO)[C@@H](O)[C@H](O)[C@H]2O)[C@@H]2[C@@H](C)[C@@H](O)C[C@H]12,-0.5910998452034577,-1.0989448866765357,-0.507845041473078,0.507845041473078
CCCCCCCC/C=C\CCCCCCCC(=O)N(C)CC(=O)O,0.7757808067739687,-4.731392792274034,-5.507173599048003,5.507173599048003
CC(C)CCCCCC(=O)NCCCCCC(=O)O,-2.7708534467785264,-3.1227319850748367,-0.35187853829631033,0.35187853829631033
Cc1ccc(O)c([N+](=O)[O-])c1,-2.3836998018025506,-2.3737019949331812,0.009997806869369352,0.009997806869369352
CCCCCCCCCCCCCCCCOC(=O)C(CC)CCCC,-6.867639733058499,-7.264548818272271,-0.396909085213772,0.396909085213772
O=CC1CCC2C3CCC(C3)C12,-2.4199675462764336,-2.9205104464802085,-0.5005429002037749,0.5005429002037749
CCN(CC)C(=O)/C(Cl)=C(/C)OP(=O)(OC)OC,0.5233000461513821,-0.26732197309156813,-0.7906220192429503,0.7906220192429503
O=c1cc/c(=N\Nc2ccc(S(=O)(=O)[O-])c3ccccc23)c(=O)/c1=N/Nc1ccc(S(=O)(=O)[O-])c2ccccc12,-2.6038409948660046,-0.6890919136674234,1.9147490811985812,1.9147490811985812
O=C1NC(=O)C2(CCCCCCCCCCC2)C(=O)N1,-5.800000185021302,-3.45678147494366,2.3432187100776423,2.3432187100776423
CCCCCCCCCCCCCCCCCCCCCC(=O)OCC(O)CO,-6.918733983400026,-6.041166879630708,0.8775671037693176,0.8775671037693176
CCCCCCCCCCCC(=O)OOC(=O)CCCCCCCCCCC,-6.600567871467444,-6.735453015332129,-0.1348851438646852,0.1348851438646852
Cc1cnc(C2=NC(C)(C(C)C)C(=O)N2)c(C(=O)O)c1,-2.0910998627546498,-2.624342580759041,-0.533242718004391,0.533242718004391
CC[C@]12CC[C@@H]3C4=C(CC[C@H]3[C@@H]1CC[C@@H]2O)CC(OC)=CC4,-4.70251369743683,-4.8817174885379915,-0.1792037911011617,0.1792037911011617
CC(=O)C(N=Nc1cc(Cl)c(-c2cc(Cl)c(N=NC(C(C)=O)C(=O)Nc3ccc(C)cc3C)cc2Cl)cc1Cl)C(=O)Nc1ccc(C)cc1C,-8.4626878430581,-8.472450762629215,-0.009762919571114637,0.009762919571114637
OC[C@H]1NC[C@H](O)[C@@H](O)[C@@H]1O,0.40435231775916103,0.8119126637525489,0.40756034599338786,0.40756034599338786
CC1CCC(C(C)C)C(O)C1,-2.4880091205020625,-2.6003040897413094,-0.11229496923924698,0.11229496923924698
C=C1CC/C=C(\C)CC[C@@H]2[C@@H]1CC2(C)C,-6.337261660101736,-5.019148262748914,1.318113397352822,1.318113397352822
O=C(O)c1ccccc1Nc1cccc(O)c1,-3.539999901847448,-2.7382433205909535,0.8017565812564946,0.8017565812564946
CC(CC=O)CCCC(C)(C)O,-2.8072935868660545,-1.4307999556778397,1.3764936311882148,1.3764936311882148
NNC(=O)Nc1ccccc1,-2.3299998449011436,-1.453212213613135,0.8767876312880087,0.8767876312880087
Cc1cc(O)c(C(C)C)cc1C(=O)CCl,-2.5799998478263424,-3.8807198183140383,-1.300719970487696,1.300719970487696
NS(=O)(=O)c1cc2c(s1)S(=O)(=O)CC(O)C2,-1.5399998094324026,-1.422346497425098,0.11765331200730444,0.11765331200730444
O=C1C(O)=C(O)O[C@@H]1[C@H](O)C[O-],-0.13254449021859127,0.01284974670589012,0.1453942369244814,0.1453942369244814
CSc1nc2ccccc2s1,-3.161400034809516,-3.4916189155373236,-0.3302188807278075,0.3302188807278075
O=[N+](O)OCCCCCCCCO[N+](=O)O,-4.139999922670617,-3.6947177876941852,0.44528213497643154,0.44528213497643154
C#CC1(OC(=O)c2ccccc2)CCC2C3CCC4=CC(=O)CCC4C3CCC21C,-7.750000235443235,-5.61977320041818,2.1302270350250545,2.1302270350250545
O=S(=O)(c1ccc(Cl)cc1)c1cc(Cl)c(Cl)cc1Cl,-6.659400186574507,-6.077674445864966,0.5817257407095404,0.5817257407095404
CC1C(N)CN1c1cc2c(cc1F)c(=O)c(C(=O)O)cn2C1CC1,-4.630000154768142,-3.9142315104136607,0.7157686443544815,0.7157686443544815
CCCC(C)C,-3.740000000806446,-4.153194329312045,-0.41319432850559945,0.41319432850559945
CC(C)C1(Br)C(=O)NC(=O)NC1=O,-2.2087999658852735,-2.2100072872884367,-0.001207321403163153,0.001207321403163153
Cc1ccc(C)c(C)c1,-3.309999895015458,-3.1893086106652224,0.12069128435023568,0.12069128435023568
Nc1ccc(OP(=S)(Oc2ccc(N)cc2)Oc2ccc(N)cc2)cc1,-5.309407265361734,-5.115132315690618,0.19427494967111603,0.19427494967111603
CC(C)C1(C)N=C(c2nc3ccccc3cc2C(=O)O)NC1=O,-3.7200000392199657,-3.6537113722756698,0.06628866694429592,0.06628866694429592
O=Cc1ccccc1,-1.2095722147596126,-1.5632950255266134,-0.35372281076700074,0.35372281076700074
CCCCC(=O)CCCC,-2.5799998478263424,-2.9066986972195017,-0.3266988493931593,0.3266988493931593
CCCC(O)C(CC)CO,-0.541799806696813,-0.8260306219354763,-0.2842308152386632,0.2842308152386632
CCCCCCCCOCCO,-2.124999893572438,-2.720454032540933,-0.5954541389684951,0.5954541389684951
CCCCCC(O)/C=C/C1C(O)CC(O)C1C/C=C/CCCC(=O)O,-2.3299998449011436,-2.724759160953573,-0.3947593160524292,0.3947593160524292
COC(=O)Nc1nc2cc(C(=O)c3ccccc3)ccc2[nH]1,-3.8800000769790897,-6.182585389369101,-2.3025853123900113,2.3025853123900113
CCS(=O)(=O)c1cccnc1S(=O)(=O)NC(=O)Nc1nc(OC)cc(OC)n1,-4.634900110159967,-3.33673726075897,1.2981628494009976,1.2981628494009976
OCCc1ccccc1,-0.7859237279053701,-0.7830240585287092,0.002899669376660974,0.002899669376660974
CC1CCc2c(N3CCC(O)CC3)c(F)cc3c(=O)c(C(=O)O)cn1c23,-3.779999923979407,-3.807051404468917,-0.027051480489510116,0.027051480489510116
CCCCC(CC)COC(=O)CCCCCCCCC(=O)OCC(CC)CCCC,-3.3290743516472614,-6.942792626346975,-3.6137182746997136,3.6137182746997136
CC(C)CCCCCCCCCCCCCCC(=O)O,-6.655742197340869,-5.860522777698176,0.7952194196426934,0.7952194196426934
O=C1Cc2cccc(F)c2N1,-2.2251369002558117,-1.9709871872213869,0.2541497130344248,0.2541497130344248
OC[C@H]1O[C@H](O)[C@H](O)[C@@H](O)[C@@H]1O,0.4433001998054604,0.7440787855234228,0.30077858571796234,0.30077858571796234
NCC(=O)Nc1ccc(S(=O)(=O)Nc2nnc(S(N)(=O)=O)s2)cc1,-1.1899998605478892,-1.8573572216849645,-0.6673573611370753,0.6673573611370753
CC(C)C(C(=O)OC(C#N)c1cccc(Oc2ccccc2)c1)c1ccc(OC(F)F)cc1,-6.876500232676043,-6.337559522178793,0.5389407104972497,0.5389407104972497
CC(=O)Nc1ccc(OP(=O)(O)O)cc1,0.13000008864424206,-1.7417185504917188,-1.8717186391359608,1.8717186391359608
CC(C)OP(=S)(S)OC(C)C,-0.5528546581684202,-2.624328571027428,-2.0714739128590076,2.0714739128590076
O=c1n(CC2CO2)c(=O)n(CC2CO2)c(=O)n1CC1CO1,-1.4954229138427397,-1.1911312671492074,0.30429164669353237,0.30429164669353237
CN1CC2c3ccccc3Oc3ccc(Cl)cc3C2C1,-2.129999987489243,-3.6109115731837464,-1.4809115856945034,1.4809115856945034
OCc1ccc(Cl)c(Cl)c1,-2.0438999037208676,-2.252925099390501,-0.2090251956696334,0.2090251956696334
COC(=O)c1c(C(=O)O)cccc1[N+](=O)[O-],-2.085299833866766,-2.378441079958551,-0.29314124609178505,0.29314124609178505
CCCc1ccc(O)cc1,-2.027599960562865,-2.2964423623733174,-0.26884240181045227,0.26884240181045227
Cc1cccc(C)c1O,-1.2923960917341748,-1.2298727989614,0.0625232927727748,0.0625232927727748
N#CSCSc1nc2ccccc2s1,-3.280299850609754,-4.229411824176216,-0.9491119735664619,0.9491119735664619
CCOc1ccc(NC(=O)CO)cc1,-2.105799797943581,-1.8859594345358028,0.21984036340777835,0.21984036340777835
CC(C)C1=CC2=CCC3C(C)(C(=O)O)CCCC3(C)C2CC1,-3.7999999545793433,-4.629154601902499,-0.8291546473231559,0.8291546473231559
CCCCOc1ccccc1,-3.6132495420402093,-3.893652111848733,-0.2804025698085235,0.2804025698085235
CCN(CC)c1ccc(C=CC2=[N+](C)c3ccccc3C2(C)C)cc1,-0.9804540273645104,-1.4733707681220156,-0.49291674075750525,0.49291674075750525
CCSCCSP(=S)(OC)OC,-3.0905000612540476,-3.877559968207417,-0.7870599069533695,0.7870599069533695
CCC(=O)OC1C=CC2C3CCC(C3)C12,-3.558592748075,-3.781159488070864,-0.22256673999586374,0.22256673999586374
CN(C)CC/C=C1/c2ccccc2Sc2ccc(Cl)cc21,-5.869999981560527,-5.375489582071923,0.494510399488604,0.494510399488604
Cc1csc(=S)n1CC(=O)O,-1.9631998468481087,-2.306842690226107,-0.34364284337799833,0.34364284337799833
CC(=O)O[C@@H]1[C@H]2OC(C)(C)O[C@H]2O[C@@H]1[C@H]1COC(C)(C)O1,-1.522899793276408,-2.7866885584288217,-1.2637887651524138,1.2637887651524138
CC(=O)Nc1ccc2nc(S(N)(=O)=O)sc2c1,-3.1600000278365785,-2.6163030652167243,0.5436969626198542,0.5436969626198542
COCCO[Si](CCCl)(OCCOC)OCCOC,-1.102899909825757,-1.709507209934248,-0.6066073001084911,0.6066073001084911
Clc1ccccc1-c1c(Cl)c(Cl)cc(Cl)c1Cl,-7.3998999409933734,-7.60749020888122,-0.20759026788784674,0.20759026788784674
Cc1c(C(N)=O)cc([N+](=O)[O-])cc1[N+](=O)[O-],-2.352499853446026,-3.0586572352994432,-0.706157381853417,0.706157381853417
CN1C(C(=O)Nc2ccccn2)=C(O)c2ccccc2S1(=O)=O,-4.500000059388738,-3.736724070066458,0.7632759893222802,0.7632759893222802
CCCC(C)(O)CC,-1.000999885389714,-0.5730767050570256,0.4279231803326884,0.4279231803326884
COc1ccc(-c2ccccc2)cc1NNC(=O)OC(C)C,-4.902500200744951,-5.321009255514276,-0.41850905476932443,0.41850905476932443
OC(=S)CCCCCCCCC(O)=S,-3.0699998728834994,-2.128386590909664,0.9416132819738352,0.9416132819738352
O=C1OCc2ccc([N+](=O)[O-])cc21,-2.651099839631309,-2.816102852619035,-0.16500301298772602,0.16500301298772602
CCCCCCCCCCCCCCCCCCP(=O)(OC)OC,-5.529966541942986,-5.754830049761948,-0.22486350781896114,0.22486350781896114
CCN(CC)CCNC(=O)c1cc(Cl)c(N)cc1OC,-3.2028245509991935,-3.0461047918277995,0.15671975917139402,0.15671975917139402
O=C(O)CCC(=O)c1ccc(-c2ccccc2)cc1,-5.060900299548461,-3.5039605919136627,1.5569397076347982,1.5569397076347982
NS(=O)(=O)c1nnc(NC(=O)c2c(F)c(F)c(F)c(F)c2F)s1,-1.3699999289069502,-3.3112320612628614,-1.9412321323559112,1.9412321323559112
FC(F)(F)C(F)(Cl)Cl,-3.0961000373857055,-3.966268622594105,-0.8701685852083996,0.8701685852083996
CCCCC[C@H]1CCC(=O)O1,-1.8552938573708126,-2.1292354564212057,-0.27394159905039306,0.27394159905039306
CCCCN(C)C(=O)Nc1ccc(Cl)c(Cl)c1,-4.758399966124649,-4.7729223296907195,-0.014522363566070062,0.014522363566070062
NS(=O)(=O)c1nnc(NS(=O)(=O)c2ccc(Br)cc2)s1,-2.129999987489243,-1.80694316796797,0.3230568195212731,0.3230568195212731
Cc1ccc(S(=O)(=O)C2(C(=O)OC(C)C)CC2)cc1,-3.230699983142549,-3.681191978435974,-0.450491995293425,0.450491995293425
CC(=O)Nc1nc2c(ncn2COCCO)c(=O)[nH]1,-1.9199998387235486,-2.2439192574341513,-0.3239194187106027,0.3239194187106027
CCCC[C@@H](CC)COC(=O)/C=C/c1ccc(OC)cc1,-6.4216085260282245,-6.150232985307111,0.27137554072111314,0.27137554072111314
O=C(Nc1cccc([N+](=O)[O-])c1)c1cc2ccccc2cc1O,-6.6438658096863845,-5.265430786841209,1.3784350228451752,1.3784350228451752
C#CC(C)(O)CC/C=C(\C)CC,-2.3027679287303386,-2.4158698378064716,-0.11310190907613293,0.11310190907613293
CCCCOc1ccc([N+](=O)[O-])cc1N,-3.819999916165824,-3.4811922245442575,0.3388076916215663,0.3388076916215663
Clc1cc(-c2cc(Cl)c(Cl)c(Cl)c2Cl)cc(Cl)c1Cl,-8.720200236746987,-9.012772018304748,-0.2925717815577613,0.2925717815577613
CC(C)Cc1nnc(NS(=O)(=O)c2ccc(N)cc2)s1,-3.8225998601021085,-3.462373566287944,0.3602262938141645,0.3602262938141645
COC(=O)c1ccc(N)cc1,-1.597399819269015,-1.9824878656201936,-0.38508804635117855,0.38508804635117855
O=C(O)c1ccccc1N=Nc1ccc(O)cc1,-3.329999891108667,-4.008691608215051,-0.6786917171063847,0.6786917171063847
CCCCNC(=O)OCC#CI,-3.2033373899923863,-2.9695406078662936,0.23379678212609267,0.23379678212609267
Cc1ccc2nc(-c3ccc(N=Nc4ccc(-c5nc6ccc(C)c(S(=O)(=O)[O-])c6s5)cc4)cc3)sc2c1S(=O)(=O)[O-],-1.2223094762670212,-0.8763668284738517,0.3459426477931695,0.3459426477931695
COC(CC(=O)O)c1ccccc1,-1.695199892297769,-1.5222411288502167,0.17295876344755223,0.17295876344755223
Cc1cc(O)c(C(C)C)cc1Cl,-2.26639997671802,-3.7603891982860236,-1.4939892215680035,1.4939892215680035
[NH-]S(=O)(=O)c1ccc(O)c(N=Nc2c(O)ccc3ccccc23)c1,-2.2022036597394896,-2.2723987643598256,-0.07019510462033596,0.07019510462033596
COc1c(C(=O)O)cc(C(=O)O)cc1C(=O)O,-1.5353999245482346,-1.7048882773361627,-0.16948835278792806,0.16948835278792806
Cn1c(=O)c2c(n(C)c1=O)n(C)c(=O)n2C,-0.9526998518637388,-0.34003040976062904,0.6126694421031098,0.6126694421031098
C[C@@H]1CN(c2c(F)c(N)c3c(=O)c(C(=O)O)cn(C4CC4)c3c2F)C[C@H](C)N1,-3.3699998487883556,-3.647721556383173,-0.2777217075948175,0.2777217075948175
CC(=O)NS(=O)(=O)c1ccc(N)cc1,-1.409999852079911,-2.2692033033097934,-0.8592034512298823,0.8592034512298823
CC1CC(OC(=O)c2ccccc2O)CC(C)(C)C1,-5.816819316410469,-4.609079967756386,1.2077393486540835,1.2077393486540835
O=c1ncc2[nH]cnc2[nH]1,-1.7135999839420903,-2.0020448988446358,-0.2884449149025454,0.2884449149025454
Nc1cc([N+](=O)[O-])ccc1I,-4.421599944958063,-2.9501699368536998,1.4714300081043636,1.4714300081043636
CN(N=O)C(N)=O,-0.8547998473503742,-0.2499054612253353,0.6048943861250389,0.6048943861250389
CCCCC(NC(N)=O)C(=O)O,-2.1599999988824194,-1.3880560574854568,0.7719439413969627,0.7719439413969627
CC1CCC(C(C)C)c2nc(NS(=O)(=O)c3ccc(N)cc3)ncc21,-4.179999845843577,-4.34217732715999,-0.16217748131641319,0.16217748131641319
CC(=O)Oc1c(C)c(C)c2c(c1C)CC[C@@](C)(CCC[C@H](C)CCC[C@H](C)CCCC(C)C)O2,-5.771545384912955,-5.96151486110415,-0.18996947619119453,0.18996947619119453
O=C(O)c1cn(C2CC2)c2cc(N3CC4CC3CN4)c(F)cc2c1=O,-3.650000035640372,-3.7946944071052964,-0.14469437146492448,0.14469437146492448
CCC=C(C)C1(CC)C(=O)NC(=O)NC1=O,-2.3099998488079354,-2.4976878436565855,-0.18768799484865006,0.18768799484865006
CC(Oc1ccc(Oc2ncc(Cl)cc2Cl)cc1)C(=O)N1CCCO1,-4.592199828471918,-4.556369560297031,0.03583026817488655,0.03583026817488655
CN(C)C=O,1.1361127601896102,1.11618333035539,-0.01992942983422008,0.01992942983422008
Cn1nnnc1SCC1=C(C(=O)O)N2C(=O)C(NC(=O)C(O)c3ccccc3)C2SC1,-0.13999987586743723,-2.532128215329871,-2.3921283394624338,2.3921283394624338
COc1cc([C@@H]2c3cc4c(c(O)c3C[C@H]3COC(=O)[C@@H]32)OCO4)cc(OC)c1O,-4.125400126006665,-3.546890688410935,0.5785094375957298,0.5785094375957298
CCN(CC)c1ccc(N=Nc2c(Cl)cc([N+](=O)[O-])cc2[N+](=O)[O-])c(NC(C)=O)c1,-7.115885275899599,-6.2974414479687795,0.8184438279308193,0.8184438279308193
CCSCc1ccccc1OC(=O)NC,-2.092699870723721,-2.5635047346141415,-0.4708048638904203,0.4708048638904203
CC(=O)CC(=O)Nc1ccc(NC(=O)CC(C)=O)cc1,-3.127500952926751,-2.8975297592127336,0.2299711937140172,0.2299711937140172
CCCCOCc1ccc(O)c(OC)c1,-2.094896707062208,-2.8706663921515227,-0.7757696850893145,0.7757696850893145
COC1=CC=C2C3Cc4ccc(OC)c5c4C2(CCN3C)C1O5,-2.660000004732817,-2.3071139131090628,0.3528860916237542,0.3528860916237542
CC(=O)Oc1ccc2c(c1)CC(=O)N2,-1.5399998094324026,-2.735869499243983,-1.1958696898115806,1.1958696898115806
O=c1cnc2nc[nH]c(=O)c2[nH]1,-2.959999976324332,-2.6424807663369965,0.3175192099873354,0.3175192099873354
CCCCC(CO[N+](=O)O)O[N+](=O)O,-3.099999849769948,-3.4200241145046033,-0.3200242647346552,0.3200242647346552
COC(=O)C(C)N(C(=O)Cc1ccccc1)c1c(C)cccc1C,-3.9442000516707996,-4.399070088093365,-0.45487003642256507,0.45487003642256507
OC1CC(O)C(O)C(O)C1O,-0.16999974923370154,0.6649374665729137,0.8349372158066153,0.8349372158066153
Clc1cc(Cl)c(-c2c(Cl)cccc2Cl)c(Cl)c1,-7.316000282263207,-7.4627692672356485,-0.14676898497244117,0.14676898497244117
Cc1ccc(S(=O)(=O)[O-])cc1,0.3082502518073156,-0.4507434525563352,-0.7589937043636508,0.7589937043636508
CCCS,-1.6020999116916186,-1.2880423088348978,0.3140576028567208,0.3140576028567208
COc1ccc(OC)c([N+](=O)[O-])c1,-3.017325102247602,-3.406175356777997,-0.3888502545303951,0.3888502545303951
CC1=CC(=O)c2ccccc2C1=O,-3.031899872906991,-3.6280750817194662,-0.5961752088124754,0.5961752088124754
CC(C)(O)c1cccc(C(C)(C)O)c1,-1.8635328908150697,-1.5259089179946381,0.33762397282043155,0.33762397282043155
COCC(C)OC(C)=O,0.08302345715479698,-0.21409962381395164,-0.2971230809687486,0.2971230809687486
Fc1ccccc1CCl,-2.5409997916071387,-2.877884509537875,-0.33688471793073616,0.33688471793073616
CCCc1nnc(NS(=O)(=O)c2ccc(N)cc2)s1,-3.3074998480570557,-3.2876076164757393,0.019892231581316366,0.019892231581316366
Clc1ccc(Cl)c(-c2cc(Cl)c(Cl)cc2Cl)c1,-7.326300126523737,-7.817634526756963,-0.4913344002332263,0.4913344002332263
O=C(OCC(=O)N(C1CCCCC1)C1CCCCC1)c1ccccc1,-5.059999949998577,-4.837506778347047,0.22249317165153037,0.22249317165153037
O=C(O)c1ccc(O)c(O)c1,-0.927799796858521,-0.9174251420114468,0.010374654847074227,0.010374654847074227
CC(CCC(=O)O)=NNC(=O)c1ccncc1,-1.589999920438972,-1.441019468275325,0.14898045216364708,0.14898045216364708
C=CCOC(Cn1ccnc1)c1ccc(Cl)cc1Cl,-3.217799849878454,-4.260496589074304,-1.0426967391958497,1.0426967391958497
O=C(O)c1ccc(N=Nc2ccc(O)cc2)cc1Cl,-2.619999805506031,-4.529756453281449,-1.9097566477754175,1.9097566477754175
CCOc1nc2cccc(C(=O)O)c2n1Cc1ccc(-c2ccccc2-c2nn[nH]n2)cc1,-6.497781438199675,-4.421800083981109,2.0759813542185652,2.0759813542185652
Clc1ccc(-c2ccc(Cl)cc2)cc1,-6.556100017138614,-5.645574847215494,0.9105251699231198,0.9105251699231198
CCCN(CCC)c1c([N+](=O)[O-])cc(S(N)(=O)=O)cc1[N+](=O)[O-],-5.13000016061854,-3.6166394139964213,1.5133607466221184,1.5133607466221184
O=C1OC(=O)c2cccc3cccc1c23,-6.297053316290982,-4.325934596157196,1.971118720133786,1.971118720133786
NCCNCCNCCN,0.8350004253973538,0.6737344738107329,-0.16126595158662083,0.16126595158662083
CCCCC(CC)COP(=S)([S-])OCC(CC)CCCC,-4.928855887568822,-4.584954795837639,0.34390109173118333,0.34390109173118333
COP(=O)(OC)O/C(=C\Cl)c1cc(Cl)c(Cl)cc1Cl,-4.520000020975219,-4.844946428927875,-0.3249464079526554,0.3249464079526554
Clc1ccc(Oc2c(Cl)c(Cl)c(Cl)c(Cl)c2Cl)cc1Cl,-9.4600007468274,-8.972975546800733,0.48702520002666816,0.48702520002666816
CNC(=O)Oc1cccc2c1OC(C)(C)C2,-2.4199999826008587,-2.681124057494256,-0.2611240748933974,0.2611240748933974
CCOC(C)C(=O)C(O)O,-0.1706998217336264,0.008305900748175166,0.17900572248180158,0.17900572248180158
CC1(C)Nc2cccc3cccc(c23)N1,-2.9298989141345513,-3.266880115033757,-0.3369812008992059,0.3369812008992059
O=c1c(C2CCCc3ccccc32)c(O)oc2ccccc12,-4.863800077006493,-4.560470201838882,0.303329875167611,0.303329875167611
CCCCCCCC/C=C\CCCCCCCC(=O)OC(C)C,-6.33518904798445,-6.719875021939674,-0.3846859739552242,0.3846859739552242
CCCCCCCCCCCCCCCCCCCCCC(N)=O,-6.832008085610622,-6.065148227506687,0.7668598581039348,0.7668598581039348
CC(CCO)CCc1ccccc1,-2.6600257640053524,-2.8908379384435374,-0.23081217443818502,0.23081217443818502
CCCCOCCOC(=O)COc1ccc(Cl)cc1Cl,-4.427599974842082,-4.810170410310249,-0.3825704354681676,0.3825704354681676
CCCCc1ccc(C(=O)O)cc1,-3.079999870930104,-3.5856518200446947,-0.5056519491145908,0.5056519491145908
OC1COC(O)C(O)C1O,0.5778811323551145,0.9554733511721003,0.3775922188169858,0.3775922188169858
CC/C=C\CC1=C(C)CCC1=O,-2.0452381436504856,-2.8395723276902087,-0.7943341840397231,0.7943341840397231
CCNC(C)CC,-0.2099999484604873,-0.34333201350633225,-0.13333206504584494,0.13333206504584494
CCCCOC(=O)CC(CC(=O)OCCCC)(OC(C)=O)C(=O)OCCCC,-4.90579987211388,-4.36350855831701,0.5422913137968699,0.5422913137968699
NS(=O)(=O)c1ccc(Cl)s1,-3.29593629839963,-1.8669586497685176,1.4289776486311125,1.4289776486311125
OCCOc1cccc(OCCO)c1,-1.0199998419955247,-0.8754630282511568,0.1445368137443679,0.1445368137443679
COc1cc(/C=C/C(=O)O)ccc1O,-3.0499998940436552,-2.3781292081498795,0.6718706858937757,0.6718706858937757
Cc1cccc(C(=O)O)c1S(=O)(=O)NC(=O)Nc1nc(OCC(F)(F)F)nc(N(C)C)n1,-5.679800000425548,-4.356755177544863,1.3230448228806848,1.3230448228806848
c1ccc2c(c1)-c1cccc3cc4c(ccc5ccccc54)c-2c13,-8.480600975755314,-7.421768648947456,1.0588323268078579,1.0588323268078579
C/C=C(/C(=C/C)c1ccc(O)cc1)c1ccc(O)cc1,-4.947999944271227,-3.6904588292837586,1.2575411149874682,1.2575411149874682
Cc1ccc(S(=O)(=O)N(Cl)Cl)cc1,-3.5099999594677276,-3.9069551456702567,-0.3969551862025291,0.3969551862025291
CCOC(=O)C1=C(C)C=CCC1(C)C,-3.4116196212990517,-3.7288013252920704,-0.3171817039930187,0.3171817039930187
CN(C)Cc1c[nH]c2ccc(Br)cc12,-4.059999938297782,-3.122128945494361,0.937870992803421,0.937870992803421
NNC(=O)c1ccncc1,-0.03999965385429771,-0.42666438162634446,-0.38666472777204675,0.38666472777204675
CCCOC(=O)Oc1ccc(NC(C)=O)cc1,-2.5699998670331023,-3.595895487351858,-1.0258956203187557,1.0258956203187557
CC(=O)Nc1ccccc1,-1.329999867707077,-1.435532760478693,-0.10553289277161593,0.10553289277161593
O=C(O)CCCCCCCCC(=O)O,-2.305900035427558,-2.075934983911145,0.2299650515164129,0.2299650515164129
CC(=O)[C@@]1(O)CC[C@H]2[C@@H]3CCC4=CC(=O)CC[C@]4(C)[C@H]3CC[C@@]21C,-4.707600127187369,-4.510804253987344,0.196795873200025,0.196795873200025
O=C(O)CCCC1CCCC2NC(=O)NC12,-0.959999819209171,-1.2700652696772228,-0.3100654504680518,0.3100654504680518
CCC1(CCC(C)C)C(=O)NC(=O)NC1=O,-2.5742999574634378,-2.808734768992311,-0.23443481152887324,0.23443481152887324
C=C1CCC2CC1C2(C)C,-4.2923135867429165,-4.860574802143372,-0.5682612154004554,0.5682612154004554
CC(=O)Nc1ccc(S(=O)(=O)[O-])c2c1C(=O)/C(=N\Nc1ccc(N=Nc3ccc(S(=O)(=O)[O-])cc3)c3ccc(S(=O)(=O)[O-])cc13)C(S(=O)(=O)[O-])=C2,-1.4612446897829168,0.8657301850766315,2.3269748748595482,2.3269748748595482
Cc1nc2ccccc2[nH]1,-1.959799898927288,-0.6411068575556498,1.3186930413716382,1.3186930413716382
Cc1cc(N)n(-c2ccccc2)n1,-0.9375998456690835,-0.9220018383743236,0.015598007294759908,0.015598007294759908
CC1CNCCN1,0.6378002713707751,1.0437780007860593,0.4059777294152842,0.4059777294152842
CC(=O)Nc1ccc(F)cc1C,-1.359299806600329,-2.2242442111995686,-0.8649444045992396,0.8649444045992396
N=C(NN)N[N+](=O)[O-],-1.6457999223065134,-1.1632467942430869,0.48255312806342654,0.48255312806342654
CCCCC(CC)COC(=O)CC(C(=O)OCC(CC)CCCC)S(=O)(=O)[O-],-1.7357141037465027,-2.25099382683156,-0.5152797230850572,0.5152797230850572
C#CCN1CC(=O)N(COC(=O)C2C(C=C(C)C)C2(C)C)C1=O,-3.5320999315136143,-4.514318695232038,-0.9822187637184241,0.9822187637184241
CCS(=O)(=O)c1nnc(N(C)C(=O)NC)s1,-1.94499996324029,-2.408587054811639,-0.46358709157134914,0.46358709157134914
CCN1C(=O)c2ccccc2Oc2ccccc21,-3.6800000470335483,-4.630189251638193,-0.9501892046046443,0.9501892046046443
CCCCCCCC/C=C\CCCCCCCCOC(=O)CCCCCC/C=C\CCCCCCCCC,-7.027706506829791,-7.2080011246200115,-0.1802946177902207,0.1802946177902207
CCC(CCC(=O)O)C(C)=O,-0.45099990655965927,-0.7066809591742138,-0.25568105261455454,0.25568105261455454
O=c1[nH]c(=O)c2cc([N+](=O)[O-])cc([N+](=O)[O-])c2[nH]1,-3.205699858625808,-3.0930217266776117,0.1126781319481962,0.1126781319481962
CCCCCCNC(=O)c1cccnc1,-2.522099904512851,-2.0997956962656463,0.4223042082472048,0.4223042082472048
O=C(O)COc1ccccc1Cl,-2.163700017310897,-2.0144905094860466,0.14920950782485054,0.14920950782485054
Clc1cc(Cl)c(Oc2c(Cl)ccc(Cl)c2Cl)cc1Cl,-7.880000606876463,-8.545085492927031,-0.6650848860505683,0.6650848860505683
O=S(=O)([O-])CCN1CCN(CCO)CC1,0.4318668785399269,-0.0897754711281431,-0.52164234966807,0.52164234966807
Nc1ccc(C(=O)O)cc1,-1.351099765758838,-1.3966625875841008,-0.045562821825262834,0.045562821825262834
Cc1cccc(C)c1N,-1.1675143103220853,-1.1701271597746838,-0.0026128494525985424,0.0026128494525985424
CC1(C)SC2C(NC(=O)C(N)c3ccc(N)cc3)C(=O)N2C1c1nnn[nH]1,-1.5699999588524918,-2.286161427799794,-0.7161614689473024,0.7161614689473024
CNC(=N)NS(=O)(=O)c1ccc2ccccc2c1,-3.099999849769948,-2.649461649967582,0.4505381998023661,0.4505381998023661
CCCCC(CC)C(=O)OCC(COC(=O)C(CC)CCCC)OC(=O)C(CC)CCCC,-6.973765865499807,-6.526591243526831,0.44717462197297575,0.44717462197297575
CCC(C)(C)C(=O)O[C@H]1C[C@@H](C)C=C2C=C[C@H](C)[C@H](CC[C@@H]3C[C@@H](O)CC(=O)O3)[C@H]21,-7.1447003262494295,-4.977037632030832,2.1676626942185973,2.1676626942185973
COc1ccc2ccc(=O)oc2c1CC=C(C)C,-4.30870014178848,-4.755285802926048,-0.4465856611375685,0.4465856611375685
CCC(C)c1ccc(O)c([N+](=O)[O-])c1,-3.8403000862868737,-3.791102808816545,0.04919727747032887,0.04919727747032887
CC(=O)Oc1c(C(C)(C)C)cc([N+](=O)[O-])c(C)c1[N+](=O)[O-],-4.469999771941737,-4.32553583640714,0.14446393553459647,0.14446393553459647
CC(C)(C)OO,0.8846473255349747,0.16234531530678487,-0.7223020102281899,0.7223020102281899
CCC(=O)OCC1OC(n2cc(I)c(=O)[nH]c2=O)CC1O,-2.4599999402805475,-2.322714301368062,0.13728563891248546,0.13728563891248546
C=CC(C)(C#N)Cc1ccccc1,-3.00061672882899,-3.8400021551963595,-0.8393854263673695,0.8393854263673695
CC(=O)OCSc1ncnc2[nH]cnc12,-2.1500000180891794,-2.6021910211546277,-0.45219100306544835,0.45219100306544835
COc1ccccc1OCC(O)COC(N)=O,-1.525099804233881,-1.3645343392279226,0.16056546500595847,0.16056546500595847
Cc1cc(NS(=O)(=O)c2ccc(N)cc2)no1,-2.6182998833057134,-3.4281553834369682,-0.8098555001312548,0.8098555001312548
Cc1cc(CCC(=O)OCC(C)(C)C2OCC3(CO2)COC(C(C)(C)COC(=O)CCc2cc(C)c(O)c(C(C)(C)C)c2)OC3)cc(C(C)(C)C)c1O,-8.267743600888537,-5.813843456178138,2.4539001447103983,2.4539001447103983
O=C(O)/C=C(\Cl)c1ccccc1,-2.7699999142320078,-1.9083457434115583,0.8616541708204495,0.8616541708204495
C[N+](C)(C)CC1CO1,0.7496346448031903,0.7104841392494206,-0.039150505553769754,0.039150505553769754
O=C([O-])CC(O)(CC(=O)O)C(=O)[O-],-0.9545738432540152,0.37957510670602,1.3341489499600352,1.3341489499600352
CC(C)(O)CCc1ccccc1,-1.5556395008547208,-1.6623990387972423,-0.10675953794252147,0.10675953794252147
Cc1cc(Cl)ccc1OCC(=O)O,-2.5029999474089735,-2.6854699383527953,-0.18246999094382188,0.18246999094382188
O=C1OC(=O)C2CC=CCC12,-0.7139215749472942,-0.7454847411239194,-0.031563166176625135,0.031563166176625135
CC1=C(C)S(=O)(=O)CCS1(=O)=O,-1.6599998550051098,-0.9835984184569377,0.6764014365481721,0.6764014365481721
CCOC(C)(C)CC,-1.471934874151842,-1.7415126143383497,-0.2695777401865076,0.2695777401865076
CCN(CC)S(=O)(=O)c1ccc(OC)c(N/N=C2/C(=O)C(C(=O)Nc3cc(Cl)c(OC)cc3OC)=Cc3ccccc32)c1,-7.905255667100491,-6.838566020274746,1.0666896468257452,1.0666896468257452
CC1=CCC(=C(C)C)CC1,-4.287343099598832,-4.172189869056658,0.11515323054217408,0.11515323054217408
CCOC1=CC(=O)C2(Oc3c(Cl)c(OC)cc(OC)c3C2=O)C(C)C1,-4.599999867321141,-4.468074296513118,0.13192557080802292,0.13192557080802292
CC(C)=CCCC(C)CC#N,-3.104156909812262,-3.943344836921286,-0.8391879271090237,0.8391879271090237
CCC(=O)OC,-0.14979978665108717,-0.16329633420386003,-0.013496547552772853,0.013496547552772853
CCCCC(CCCC)(CCCC)C(=O)NO,-4.159999884257097,-4.625053822333736,-0.46505393807663875,0.46505393807663875
CCC(=O)Nc1nc(C)c(Cl)s1,-3.0599998920902594,-3.2397018568251656,-0.1797019647349063,0.1797019647349063
CNC(=O)Sc1ccc(OS(C)(=O)=O)cc1,-2.7358998479113574,-2.2771871940063946,0.45871265390496285,0.45871265390496285
COc1cc(N=Nc2cc(S(=O)(=O)[O-])cc3cc(S(=O)(=O)[O-])cc(O)c23)c(C)cc1N=Nc1c(S(=O)(=O)[O-])cc2cc(S(=O)(=O)[O-])cc(Nc3nc(Nc4ccccc4)nc(Nc4ccc(N=Nc5ccc(O)c(C(=O)[O-])c5)cc4)n3)c2c1O,-2.483387875953194,-0.6132019566664875,1.8701859192867065,1.8701859192867065
Cc1ccc([N+](=O)[O-])cc1,-2.5149437612101875,-2.8146171309334687,-0.2996733697232812,0.2996733697232812
Clc1ccc2c(c1)Oc1c(Cl)c(Cl)c(Cl)c(Cl)c1O2,-9.472800810579972,-8.29779261183563,1.175008198744342,1.175008198744342
O=C(O)CCCOc1ccc(Cl)cc1Cl,-3.569999913240625,-3.3624226888960043,0.20757722434462078,0.20757722434462078
NC(=O)N1c2ccccc2C(O)C(O)c2ccccc21,-2.02999983448956,-2.8786570979269257,-0.8486572634373659,0.8486572634373659
CC1OC(C)OC(C)OC(C)O1,-2.8996998624071595,0.20551599271245014,3.1052158551196096,3.1052158551196096
CC(C)(C)C(O)/C(=C\c1ccc(Cl)cc1)n1cncn1,-4.540299915042444,-4.262508883430851,0.277791031611593,0.277791031611593
C=C[NH+]1C=CN(C)C1,0.6585804990933113,-0.033429020714229374,-0.6920095198075407,0.6920095198075407
CCSC(=O)COc1ccc(Cl)cc1C,-5.027000061690304,-4.619909973387619,0.40709008830268445,0.40709008830268445
O=C(CO)[C@@H](O)[C@H](O)[C@H](O)CO,0.635300051878732,1.035717505153051,0.400417453274319,0.400417453274319
C#CC1(OC(N)=O)CCCCC1,-1.825299850148327,-2.5183528189072293,-0.6930529687589022,0.6930529687589022
O=C(C(=O)c1ccccc1)c1ccccc1,-2.7999998824917744,-3.711218076915603,-0.9112181944238285,0.9112181944238285
CCCCCCCCC,-5.765699945170876,-5.833778683142682,-0.0680787379718053,0.0680787379718053
COC(=O)COc1ccc(Cl)cc1Cl,-2.9595999096319487,-4.2500439490216975,-1.2904440393897487,1.2904440393897487
O=[N+]([O-])c1cc(O)cc([N+](=O)[O-])c1,-1.6629998699471187,-2.3521871189691526,-0.6891872490220339,0.6891872490220339
Clc1cc2oc3c(Cl)c(Cl)c(Cl)c(Cl)c3c2cc1Cl,-10.660000650446825,-9.2802941236842,1.3797065267626252,1.3797065267626252
O=C(O)c1cccc([N+](=O)[O-])c1C(=O)O,-1.0213998489684621,-1.870142102477167,-0.8487422535087048,0.8487422535087048
CSc1ccc2oc3ccc(C(=O)O)cc3c(=O)c2c1,-5.320000278784297,-4.852146188734871,0.4678540900494266,0.4678540900494266
Cc1ccc(Oc2ccc(C)cc2)cc1,-4.850000008273252,-4.8201823304314155,0.02981767784183642,0.02981767784183642
CCCCOC(=O)c1ccc(O)c(Cl)c1,-3.5099999594677276,-3.8124679945940265,-0.30246803512629894,0.30246803512629894
COc1cnc2ncncc2n1,-1.139999887568232,-0.7168477454911444,0.4231521420770876,0.4231521420770876
CCCC(CCC)(C(=O)NO)c1ccccc1,-2.890000040679859,-3.579179324039375,-0.6891792833595161,0.6891792833595161
O=C([O-])[C@H](O)[C@@H](O)C(=O)[O-],0.3984003212406746,0.6740919635139675,0.2756916422732929,0.2756916422732929
CCCCC(C)CC,-5.159100098515657,-4.98257099292387,0.17652910559178725,0.17652910559178725
COc1ccc(CCNC(=O)CNc2cccc(C(N)=O)c2)cc1OC,-2.6899999816192657,-2.8417347263140402,-0.15173474469477455,0.15173474469477455
CCCOC(=O)N1C2CN3C4=C(C(=O)C(N)=C(C)C4=O)C(COC(N)=O)C3(OC)C21,-3.479999982581279,-4.079351587476505,-0.5993516048952259,0.5993516048952259
CC12CC(O)C3C(CCC4CC(O)CCC43C)C1CCC2=O,-3.5899998748271056,-3.715427897745199,-0.12542802291809352,0.12542802291809352
C=C(C)C(=O)C(=CC(=O)O)OC,-0.9298997383044709,-1.0305083829476713,-0.1006086446432004,0.1006086446432004
CC(C)n1ccc(NS(=O)(=O)c2ccc(N)cc2)nc1=O,-3.1700000258831826,-3.3660303328133274,-0.19603030693014478,0.19603030693014478
O=C(O)c1ccc2c(c1)C(=O)OC2=O,-0.8961961887965493,-2.649003573151903,-1.7528073843553535,1.7528073843553535
CCCN(C)N=Nc1ccc(C(=O)O)cc1,-1.4299998136663916,-2.8439592370484728,-1.4139594233820811,1.4139594233820811
CC1=CC2OC3CC(O)C(C)(C2(CO)CC1)C31CO1,-2.609999824712791,-3.633438186416003,-1.023438361703212,1.023438361703212
CCCCCCC1CCCC1=O,-3.4515154031665722,-3.1922557958064925,0.2592596073600797,0.2592596073600797
O=[N+]([O-])c1c(Cl)cc(Cl)cc1Cl,-4.559100146705946,-5.147785618421739,-0.5886854717157934,0.5886854717157934
CC(C)CC(N)C(=O)NCC(=O)NCC(=O)O,0.31000015700330286,-0.6219614205841211,-0.9319615775874239,0.9319615775874239
O=NN1CCCCC1,-0.1737999061871589,0.13120754807431734,0.30500745426147624,0.30500745426147624
CC(CC(C)(C)C)CP(=O)(O)CC(C)CC(C)(C)C,-4.3661284471421435,-3.147073617699027,1.2190548294431167,1.2190548294431167
COc1ccc(NCC(O)CO)cc1,-0.29499995773666976,-1.3620926431467568,-1.067092685410087,1.067092685410087
CC1CC(C)C(=O)C(C(O)CC2CC(=O)NC(=O)C2)C1,-1.1299998377615357,-1.2262010070365175,-0.09620116927498179,0.09620116927498179
c1ccc2c(c1)cnc1ccccc12,-2.776299885223452,-4.0692143389188375,-1.2929144536953854,1.2929144536953854
CCC(=O)Oc1ccc(NC(C)=O)cc1,-2.7199999585057144,-2.7898026871206953,-0.06980272861498094,0.06980272861498094
Cc1cccc(C)c1OP(=O)(Oc1cccc(OP(=O)(Oc2c(C)cccc2C)Oc2c(C)cccc2C)c1)Oc1c(C)cccc1C,-6.836753450860508,-6.554513811860787,0.28223963899972127,0.28223963899972127
C=C(C)C(=O)OCCCCCCCCCCCC,-8.405541940767302,-6.250355775218502,2.1551861655488,2.1551861655488
O=[N+]([O-])c1cccc(Cl)c1Cl,-3.488099988417975,-3.8163215679626,-0.32822157954462483,0.32822157954462483
CCN(O)CC,0.7036322072617875,0.9331960835571773,0.22956387629538977,0.22956387629538977
CC1=NN(c2ccc(S(=O)(=O)[O-])cc2)C(=O)C1N/N=C1\C=C([N+](=O)[O-])C=C(Cl)C1=O,-0.8385768541960603,-1.714191291235008,-0.8756144370389476,0.8756144370389476
NC(=O)c1ccc(N)cc1,-1.2255452411754877,-0.901510362952624,0.3240348782228637,0.3240348782228637
CCSC(=S)NCC(=O)O,-1.088199767596457,-1.3454518425284692,-0.2572520749320122,0.2572520749320122
CC12CCC(=O)C=C1CCC1C2C2CC3(C(O)O2)C(C(=O)CO)CCC13,-3.8499998585455444,-3.812712992363618,0.03728686618192656,0.03728686618192656
CC1(C)CC(N)CC(C)(CN)C1,0.1572982232262925,0.58104912604957,0.42375090282327754,0.42375090282327754
ClC(Cl)Br,-1.5399998094324026,-2.1444523714107024,-0.6044525619782999,0.6044525619782999
O=[N+]([O-])c1ccc(F)c([N+](=O)[O-])c1,-2.667699974070517,-2.4421617561967928,0.2255382178737242,0.2255382178737242
Clc1c(Cl)c(Cl)c(-c2c(Cl)c(Cl)c(Cl)c(Cl)c2Cl)c(Cl)c1Cl,-11.600000915415091,-9.918733190340935,1.6812677250741555,1.6812677250741555
CCOc1nc(C(Cl)(Cl)Cl)ns1,-3.325400075237955,-5.116798714604576,-1.7913986393666206,1.7913986393666206
C=C(Br)C(=O)Nc1ccc(NNC2=C3C(=O)C=C(S(=O)(=O)[O-])C=C3C=CC2=N)c(S(=O)(=O)[O-])c1,-1.678533004593029,-0.7677051416509149,0.910827862942114,0.910827862942114
Clc1ccc(Br)cc1,-3.6298000730577575,-4.047822513947254,-0.41802244088949614,0.41802244088949614
S=C=Nc1ccc(-c2ccccc2)cc1,-4.850000008273252,-4.78499775215295,0.06500225612030164,0.06500225612030164
CC(=O)OC(C)C1CCCCC1,-3.597623791336048,-3.2243051617822083,0.37331862955383954,0.37331862955383954
CCc1cc(CC)cc(CC)c1,-7.0640997867805435,-5.0103240642093425,2.053775722571201,2.053775722571201
C[C@]12CC[C@H]3[C@@H](CCC4=CC(=O)CC[C@@]43C)[C@@H]1CC[C@@H]2O,-4.090799815648582,-4.554045601172182,-0.46324578552359963,0.46324578552359963
CCCC(C)CC(C)O,-1.8778999050911818,-2.097051031111662,-0.21915112602048037,0.21915112602048037
C/C(=C\N=O)NO,-0.3461996606393054,0.023905702392796435,0.37010536303210184,0.37010536303210184
Cc1ccc(S(=O)(=O)NN)cc1,-1.4799999246729612,-2.129810890619192,-0.649810965946231,0.649810965946231
O=C(c1ccccc1)C1(O)CCCCC1,-2.6647800664978187,-2.0879355957868304,0.5768444707109883,0.5768444707109883
Nc1nc(=O)c2[nH]c(=O)c(=O)[nH]c2[nH]1,-5.165500268418856,-4.044906557394924,1.1205937110239317,1.1205937110239317
BrC(Br)C(Br)Br,-2.7199999585057144,-3.363201298709111,-0.6432013402033965,0.6432013402033965
COc1ccc2c3c1O[C@H]1[C@@H](O)C=C[C@H]4[C@@H](C2)N(C)CC[C@@]341,-1.5219998578072613,-1.5419527522165977,-0.01995289440933634,0.01995289440933634
CCc1ccccc1O,-1.3593998761118522,-1.287105106099391,0.0722947700124612,0.0722947700124612
CC(C)(C)C(C)(C)O,-0.7229998810326776,-0.6377514233140928,0.0852484577185848,0.0852484577185848
CCCC1COC(Cn2cncn2)(c2ccc(Cl)cc2Cl)O1,-3.492899874298277,-3.9635971117037174,-0.47069723740544056,0.47069723740544056
O=C1c2ccccc2C(=O)C1c1nc2ccccc2c(Br)c1O,-4.86709740191791,-5.242628740905168,-0.3755313389872583,0.3755313389872583
CCN(CC[N+](C)(C)C)c1ccc(N=Nc2ccc([N+](=O)[O-])cc2Cl)cc1,-3.0386995703349453,-3.078364355537806,-0.03966478520286065,0.03966478520286065
CCCNC(=O)n1cc(F)c(=O)[nH]c1=O,-1.8299999425709306,-2.046018478799998,-0.21601853622906741,0.21601853622906741
NC(=O)c1cc(N2CC2)c([N+](=O)[O-])cc1[N+](=O)[O-],-2.299999868014695,-3.9391726974387877,-1.6391728294240928,1.6391728294240928
Fc1ccc(C(c2ccccc2)(c2ccccc2F)n2ccnc2)cc1,-8.399999884178778,-5.755048408337436,2.6449514758413413,2.6449514758413413
Cc1c(C)c2c3ccccc3ccc2c2ccccc12,-7.010899797862743,-6.762347835276014,0.2485519625867294,0.2485519625867294
CC(C1CC1)C(O)(Cn1cncn1)c1ccc(Cl)cc1,-3.3189000773703303,-4.118941294665677,-0.8000412172953468,0.8000412172953468
CC(O)CN(CC(C)O)C(=O)COC(=O)c1ccccc1,-1.1799998107411929,-1.1479176633737715,0.03208214736742132,0.03208214736742132
O=[N+]([O-])c1ccc(Nc2ccccc2)c([N+](=O)[O-])c1,-3.8340001239221113,-4.336426987960587,-0.5024268640384753,0.5024268640384753
CCNc1nc(Cl)nc(N(CC)CC)n1,-4.0601000078093055,-3.4693168030781605,0.590783204731145,0.590783204731145
OCCF,1.1934002780925792,1.3421742419952083,0.1487739639026291,0.1487739639026291
CC(Oc1cccc(Cl)c1)C(=O)O,-2.22319996859346,-2.2381185384117055,-0.014918569818245686,0.014918569818245686
COc1ccccc1NC(=O)C1=Cc2ccccc2/C(=N/Nc2ccc(C(N)=O)cc2)C1=O,-8.166784643941549,-6.983678130190187,1.1831065137513619,1.1831065137513619
CCCCCC,-3.944170237857712,-4.024162630750361,-0.07999239289264892,0.07999239289264892
CCC1COC(Cn2cncn2)(c2ccc(Cl)cc2Cl)O1,-3.612999920369051,-3.8282900195676857,-0.21529009919863462,0.21529009919863462
FC(F)(F)c1cccc(C(c2ccccc2)(c2ccccc2)n2cncn2)c1,-8.403000589255349,-5.88830649095821,2.514694098297139,2.514694098297139
N=C(N)NCC(=O)O,-1.5099997980392257,-0.15967588829040746,1.3503239097488182,1.3503239097488182
O=C(O)c1cc(O)cc(C(=O)O)c1,-2.0051113737449873,-1.2367341167790795,0.7683772569659078,0.7683772569659078
CCOc1ccccc1OCC,-2.410450625170026,-1.8784747871815184,0.5319758379885076,0.5319758379885076
Clc1cc(Cl)c(Oc2ccccc2)cc1Cl,-6.57999992913625,-6.88153573049589,-0.3015358013596403,0.3015358013596403
C=C(C)C,-2.3290690604170656,-2.6978881161453576,-0.368819055728292,0.368819055728292
O=C1C=CN(C2OC(CO)C(O)C2O)C(=O)C1,-0.769999839070326,-0.7722774211525936,-0.002277582082267582,0.002277582082267582
O=C(CCCCC(=O)NCCO)NCCO,0.4121003204623923,-0.09909063139528351,-0.5111909518576758,0.5111909518576758
Cc1nc2cncnc2nc1C,-0.4599998133587735,-0.1453887225831454,0.3146110907756281,0.3146110907756281
CCCc1ccn(CCC(=O)O)c(=O)c1,-2.1099998188623936,-2.0090850995408447,0.10091471932154894,0.10091471932154894
Clc1c(Cl)c(Cl)c2c(Cl)c(Cl)c(Cl)c(Cl)c2c1Cl,-9.703000438834088,-10.042119312129763,-0.3391188732956749,0.3391188732956749
CNC(=O)Nc1nc2ccccc2s1,-4.237299924195579,-3.3034026571880153,0.9338972670075636,0.9338972670075636
C/C(N=O)=C(\C)NO,-2.2867998022698557,-0.16228735747388168,2.124512444795974,2.124512444795974
O=C(Nc1ccc2c(c1)C=C(S(=O)(=O)[O-])/C(=N/Nc1ccc(N=Nc3ccc(S(=O)(=O)[O-])cc3)cc1S(=O)(=O)[O-])C2=O)Nc1ccc2c(c1)C=C(S(=O)(=O)[O-])/C(=N/Nc1ccc(N=Nc3ccc(S(=O)(=O)[O-])cc3)cc1S(=O)(=O)[O-])C2=O,-0.5694982193249567,0.9463795860725228,1.5158778053974795,1.5158778053974795
ClC(Cl)=C(c1ccc(Cl)cc1)c1ccc(Cl)cc1,-6.900400420727504,-6.95503368110414,-0.05463326037663663,0.05463326037663663
CC(C)C(Nc1ccc(C(F)(F)F)cc1Cl)C(=O)OC(C#N)c1cccc(Oc2ccccc2)c1,-8.002500043779738,-6.987484360327793,1.0150156834519457,1.0150156834519457
CC1=C/C(=C(\c2ccc(N)c(S(=O)(=O)[O-])c2)c2ccc(N)c(S(=O)(=O)O)c2)C=C(S(=O)(=O)[O-])C1=N,-1.767563123658803,-0.6260754507364799,1.1414876729223231,1.1414876729223231
O=c1cnc2[nH]c(=O)[nH]c(=O)c2[nH]1,-3.130000068203494,-3.1161308134803893,0.013869254723104518,0.013869254723104518
Cc1cc(Cc2ccc(Cl)cc2)c(Cl)c(Cl)c1Cl,-8.180000996862056,-7.4037751845872,0.7762258122748555,0.7762258122748555
O=C([O-])CN(CCO)CCN(CC(=O)[O-])CC(=O)[O-],0.14442169256422632,0.09512041181536945,-0.04930128074885687,0.04930128074885687
CCCCCCCCCCCCCCOC(=O)CCCCCCCCCCCCC,-7.327107860015369,-7.152704506902159,0.17440335311320965,0.17440335311320965
c1ccc2sc(SN3CCOCC3)nc2c1,-3.810962673086893,-4.287198585421502,-0.4762359123346087,0.4762359123346087
N#Cc1ccncc1,-0.41539972924781976,-0.10509563024814961,0.31030409899967015,0.31030409899967015
O=[N+]([O-])c1cc([N+](=O)[O-])c(-c2ccccc2)cc1O,-4.461100072681058,-3.6352751175802878,0.8258249551007699,0.8258249551007699
O=C(O)/C=C/c1ccccc1,-2.4334999808264426,-2.0362020047868543,0.3972979760395883,0.3972979760395883
CCCCNCCO,0.9311022152953745,-0.1300227385282069,-1.0611249538235814,1.0611249538235814
O=C([O-])c1ccc[n+](-c2nc(NCCNc3ccc4c(c3S(=O)(=O)[O-])Oc3c(Cl)c5c(c(Cl)c3=N4)Oc3c(ccc(NCCNc4nc(Nc6cc(S(=O)(=O)[O-])ccc6S(=O)(=O)[O-])nc(-[n+]6cccc(C(=O)[O-])c6)n4)c3S(=O)(=O)[O-])N=5)nc(Nc3cc(S(=O)(=O)[O-])ccc3S(=O)(=O)[O-])n2)c1,-0.9522046113018834,0.07262754616320599,1.0248321574650894,1.0248321574650894
OC(c1ccccc1)C(O)c1ccccc1,-1.9329998344587977,-2.1795248718362616,-0.2465250373774639,0.2465250373774639
Cc1ccc(C(C)C)c(O)c1C(=O)O,-3.2882999939752957,-2.584275162425894,0.7040248315494018,0.7040248315494018
Clc1ccc(Cl)c2ccccc12,-5.357600190003651,-5.821487110535561,-0.46388692053190983,0.46388692053190983
CCCCCCC(=O)OCC(COC(=O)CCCCCC)OC(=O)CCCCCC,-6.93309237099411,-6.339108184136435,0.593984186857675,0.593984186857675
CC(=O)OCCOc1ccc(C(C)(C)c2ccc(OCCOC(C)=O)cc2)cc1,-8.058503635343136,-5.389264667934011,2.6692389674091253,2.6692389674091253
CC(CCOC(=O)CC(C)CC(C)(C)C)CC(C)(C)C,-8.277966978239569,-6.741996319143533,1.5359706590960354,1.5359706590960354
COc1cc(C=O)cc(Cl)c1O,-2.874700004374018,-2.4496333600078515,0.42506664436616637,0.42506664436616637
COc1cc(C=O)ccc1OC(=O)C(C)C,-2.588667558353928,-3.210367928804724,-0.621700370450796,0.621700370450796
CNC(=O)CSP(=O)(OC)OC,0.6712002996982287,0.22566405717598492,-0.4455362425222438,0.4455362425222438
N#CC(CCc1ccc(Cl)cc1)(Cn1cncn1)c1ccccc1,-6.226400100348238,-5.304370111218938,0.9220299891293005,0.9220299891293005
C=CC(=O)NCO,0.8101003703921359,0.2157705641456964,-0.5943298062464395,0.5943298062464395
CC1N(c2c(F)cc3c(=O)c(C(=O)O)cn(C4CC4)c3c2F)CC1(C)N,-5.039999988412097,-4.561523347180843,0.47847664123125355,0.47847664123125355
O=C([O-])CN(CCN(CC(=O)[O-])CC(=O)[O-])CC(=O)[O-],-0.08363023693223237,0.19435679289503405,0.2779870298272664,0.2779870298272664
C#CC(C)(O)CCC=C(C)C,-1.772080330422416,-1.985065932290856,-0.21298560186843996,0.21298560186843996
CC(=O)C(C)(C)C,-0.7218998065404847,-1.061977552796921,-0.3400777462564364,0.3400777462564364
C=C(C)CO,0.42980033960678865,0.362115806496929,-0.06768453310985967,0.06768453310985967
Cc1cc(O)ccc1[N+](=O)[O-],-2.110299958383507,-2.18910683812516,-0.07880687974165301,0.07880687974165301
CC(C)C(C(=O)O)N1CCCNC1=O,-1.1028616763710095,-0.8356499935176473,0.26721168285336216,0.26721168285336216
CN(C)CCCN1c2ccccc2CCc2ccccc21,-4.186999742681352,-3.4236121240936312,0.7633876185877209,0.7633876185877209
CCN(CC)C(=O)COC(=O)c1cn(CC)c2nc(C)ccc2c1=O,-1.4299998136663916,-2.896246108926988,-1.4662462952605964,1.4662462952605964
CCOP(=S)(Oc1ccc(C#N)cc1)c1ccccc1,-5.703700188477009,-6.084922515091318,-0.3812223266143091,0.3812223266143091
CCCCCCCC/C=C\CCCCCCCC(=O)OCC(COC(=O)CCCCCCC/C=C\CCCCCCCC)OC(=O)CCCCCCC/C=C\CCCCCCCC,-7.248195941793345,-7.3928765795804825,-0.1446806377871379,0.1446806377871379
Clc1ccc(Cl)c(-c2ccc(Cl)c(Cl)c2)c1,-6.852600320678407,-7.0439760150536,-0.19137569437519275,0.19137569437519275
COc1ccc(C)cc1NC(C)=O,-1.9311646286309188,-2.134488760708892,-0.20332413207797329,0.20332413207797329
O=c1[nH]c2ccccc2[nH]c1=O,-2.8119999681398564,-3.024612051929854,-0.21261208378999763,0.21261208378999763
NC(=O)C[C@H](NC(N)=O)C(=O)O,-0.5109996532921879,-0.5354651995770268,-0.02446554628483888,0.02446554628483888
N[C@@H](Cc1cc(Br)c(O)c(Br)c1)C(=O)O,-1.928099879066973,-2.0508637755344945,-0.1227638964675215,0.1227638964675215
CCCC=C(C=O)CC,-2.4599999402805475,-2.7368123610829005,-0.276812420802353,0.276812420802353
CCC(NC=NN)C(=O)O,-0.8607998772343923,-0.7536994128181296,0.10710046441626275,0.10710046441626275
C=CCNCC=C,-0.0790066114191239,0.07667974025878888,0.15568635167791278,0.15568635167791278
Clc1cc(Cl)c2c(c1Cl)C1=NC2N=C2[N-]C(N=C3N=C(N=c4[n-]c(c5c(Cl)c(Cl)c(Cl)c(Cl)c45)=N1)c1c(Cl)c(Cl)c(Cl)c(Cl)c13)c1c(Cl)c(Cl)c(Cl)c(Cl)c12,-9.039324531505766,-8.99103001905629,0.04829451244947691,0.04829451244947691
NC(=O)SCC(=O)Nc1ccccc1,-1.3227998318462557,-2.3043256314507454,-0.9815257996044897,0.9815257996044897
Cn1ccnc1,1.0856252761551946,0.9523426247440052,-0.13328265141118933,0.13328265141118933
CCOC(=O)CC(SP(=S)(OC)OC)C(=O)OCC,-3.363699886423593,-3.219223079879411,0.14447680654418216,0.14447680654418216
OCCOCC(COCCO)OCCO,0.649262026180272,0.8943906452845218,0.24512861910424988,0.24512861910424988
C[Si](C)(C)CCCN,-1.9508998545993284,-1.366432209274052,0.5844676453252764,0.5844676453252764
O=[N+]([O-])c1ccc2ccccc2c1,-3.819999916165824,-4.352629553131859,-0.532629636966035,0.532629636966035
O=C(O)c1ccc(C(=O)O)cc1,-4.0444002056666175,-1.7188876569309754,2.325512548735642,2.325512548735642
O=C(CCCN1CCC(O)(c2ccccc2)CC1)c1ccccc1,-2.6799999835726616,-2.6305045507180855,0.04949543285457603,0.04949543285457603
Fc1cccc(F)c1,-2.0003577268803547,-1.8362172958285945,0.16414043105176024,0.16414043105176024
CC(=O)C1C(=O)C=C(C)OC1=O,-1.2259997637981714,-1.420897076817505,-0.19489731301933366,0.19489731301933366
CCOc1ccc(Nc2ccc(S(=O)(=O)N(C)C)cc2[N+](=O)[O-])cc1,-4.261751667789174,-4.669698213083584,-0.40794654529441043,0.40794654529441043
CC(=O)C1(C)CCC2C3C=C(C)C4=CC(=O)CCC4(C)C3CCC21C,-5.272099971196765,-4.671977865569539,0.6001221056272259,0.6001221056272259
CCCCCCl,-2.7323998649857417,-2.930739931522118,-0.19834006653637637,0.19834006653637637
CC1(CCN2CCCCC2)NC(=O)NC1=O,-0.8212998875383102,-1.898988208882297,-1.0776883213439867,1.0776883213439867
O=C[C@H](O)[C@H]1OC(=O)[C@@H](O)[C@H]1O,0.16410018947162053,0.5555826085956745,0.391482419124054,0.391482419124054
O=C(O)C(=O)c1ccccc1,-0.36999991720615544,-1.30857229376517,-0.9385723765590146,0.9385723765590146
Cc1cccc(C)c1N(Cn1cccn1)C(=O)CCl,-2.8101999074145585,-3.2357523892591704,-0.4255524818446119,0.4255524818446119
Cc1ccccc1Cl,-2.5294999413698065,-3.246077906525414,-0.7165779651556075,0.7165779651556075
ClC(Cl)Cl,-1.17383414856224,-2.147720296589769,-0.9738861480275287,0.9738861480275287
Nc1ccc(N=Nc2ccc(N=Nc3ccc(N/N=C4/C(=O)c5ccc(NC(=O)c6ccccc6)cc5C=C4S(=O)(=O)[O-])c4ccc(S(=O)(=O)[O-])cc34)c3ccc(S(=O)(=O)[O-])cc23)cc1S(=O)(=O)[O-],-2.3935953652365254,-0.045217347198573066,2.3483780180379523,2.3483780180379523
O=C(O)CNC(=O)CNS(=O)(=O)c1ccc2ccccc2c1,-2.6953999222480616,-2.3803364655202564,0.3150634567278052,0.3150634567278052
CC(=O)NC(N)=O,-0.8999996583959047,-0.07506456279967244,0.8249350955962322,0.8249350955962322
ClC1CCCCC1,-2.3751999320004993,-4.014231042292238,-1.6390311102917385,1.6390311102917385
CC12CC(=O)C3C(CCC4=CC(=O)CCC43C)C1CCC2=O,-3.479999982581279,-2.962120660627218,0.517879321954061,0.517879321954061
CCNc1nc(N(CC)CC)nc(=O)[nH]1,-3.6400000548471314,-3.1813007377925837,0.4586993170545477,0.4586993170545477
ClCCCN1CCOCC1,0.7860894847568938,-0.5885627725257918,-1.3746522572826856,1.3746522572826856
CCc1ccc(CC(C)(C)C#N)cc1,-3.351339300360249,-4.872395564952141,-1.5210562645918921,1.5210562645918921
C[N+](C)(C)CCO,0.6032057581430155,1.0355607065805126,0.4323549484374971,0.4323549484374971
O=C(O)c1cc(O)c(O)c(O)c1,-1.1551998252474982,-0.8325939396491857,0.3226058855983125,0.3226058855983125
CCOc1ccc(C(=O)O)cc1,-2.4548997078387638,-2.544226826313393,-0.08932711847462915,0.08932711847462915
Cc1ccc(S(=O)(=O)Oc2c(C(=O)c3ccc(Cl)cc3Cl)c(C)nn2C)cc1,-6.894599977758882,-4.964880635663345,1.9297193420955372,1.9297193420955372
CCCSP(=S)(OCC)Oc1ccc(Cl)cc1Cl,-6.693000077871182,-6.4261057188895325,0.2668943589816495,0.2668943589816495
CCCCCCCC(=O)NCCCC[C@H](N)C(=O)O,0.05757101844597079,-2.075220004504676,-2.132791022950647,2.132791022950647
CSC(=O)C1(OC(C)=O)C(C)CC2C3CCC4=CC(=O)C=CC4(C)C3(F)C(O)CC21C,-6.219999792418127,-4.3925527333415,1.8274470590766274,1.8274470590766274
CCCCc1c(C)[nH]c(NCC)nc1=O,-3.0199999257838885,-2.621362717746249,0.39863720803763947,0.39863720803763947
Clc1cc(Cl)c(-c2cc(Cl)ccc2Cl)c(Cl)c1,-7.469999669017209,-7.697850907382971,-0.22785123836576204,0.22785123836576204
C/C=C/C(=O)C1C(C)=CCCC1(C)C,-3.1378557146450685,-4.117604227964815,-0.9797485133197466,0.9797485133197466
NC(Cc1ccc(N(CCCl)CCCl)cc1)C(=O)O,-3.489999997881247,-2.570092138024072,0.919907859857175,0.919907859857175
COC(=O)c1ccccc1CS(=O)(=O)NC(=O)Nc1nc(OC)cc(OC)n1,-3.5339998719634305,-3.9830369600794926,-0.44903708811606213,0.44903708811606213
CCC(=O)CCC1C(C)=CCCC1(C)C,-4.321905590582904,-4.407863230577635,-0.0859576399947315,0.0859576399947315
O=C(O)C1C2CCC(O2)C1C(=O)O,-0.2699996951930159,-0.7486904161654726,-0.4786907209724567,0.4786907209724567
CCCCCCCCOC(=O)c1ccc(O)c(Cl)c1,-4.3800001518429434,-5.233517860468448,-0.8535177086255041,0.8535177086255041
COC(=O)c1cc(O)c(OC)c(O)c1,-1.599999832218756,-2.0189403591163857,-0.4189405268976296,0.4189405268976296
CNC(=O)O/N=C(\C)SC,-0.446599884644713,-1.0270770339042694,-0.5804771492595564,0.5804771492595564
COc1cc(C(=O)O)ccc1C(=O)O,-1.9915999192856702,-1.9937631460709766,-0.002163226785306449,0.002163226785306449
O=C(Nc1ccccc1)C(O)(O)C(=O)Nc1ccccc1,-2.4567998898356764,-2.3062004510024967,0.15059943883317972,0.15059943883317972
CC[C@]12CCC3=C(CCc4cc(OC)ccc43)[C@@H]1CCC2=O,-4.772923019825281,-4.354775319512741,0.41814770031254067,0.41814770031254067
CC(C)CC(C)(O)C#CC(C)(O)CC(C)C,-2.12435068398975,-1.7266467017872023,0.39770398220254766,0.39770398220254766
NC(=O)c1cnc2n1CCc1ccccc1C21CCNCC1,-2.4299999633940987,-2.032237457780674,0.39776250561342463,0.39776250561342463
NC(=O)N/N=C/C(O)C(O)C(O)C(O)CO,-0.4256998495621733,-0.009364028529308399,0.41633582103286493,0.41633582103286493
O=C(O)c1ccccc1-c1ccccc1C(=O)O,-2.2838999258528263,-2.4938523863202704,-0.2099524604674441,0.2099524604674441
ClC/C=C\CCl,-2.333300033870994,-1.996894562633634,0.33640547123735987,0.33640547123735987
c1ccsc1,-1.4450109305294319,-1.6683307453595995,-0.2233198148301676,0.2233198148301676
N#Cc1cccnc1,0.11280000297672421,-0.22709734210514565,-0.33989734508186986,0.33989734508186986
CN/C(=C/[N+](=O)[O-])NCCSCc1ccc(CN(C)C)o1,-2.4999999324669644,-2.291882505293759,0.20811742717320536,0.20811742717320536
CNC(=O)c1ccc(N)cc1,-1.2399998335275466,-1.2688867958987606,-0.02888696237121402,0.02888696237121402
NC(=O)c1ccccc1C(N)=O,-2.4370998607299406,-1.169955040214864,1.2671448205150766,1.2671448205150766
CC(C)=CCC[C@@H](C)CCO,-2.7067343472308276,-3.292527240702588,-0.5857928934717602,0.5857928934717602
CCCCOC(=O)CCCCC(=O)OCCCC,-3.868153779191519,-4.128016564158987,-0.25986278496746795,0.25986278496746795
CCCCCCC(O)CCCCCCCCCCC(=O)NCCNC(=O)CCCCCCCCCCC(O)CCCCCC,-6.735207327427975,-5.901064042421748,0.8341432850062276,0.8341432850062276
CNS(=O)(=O)c1cc(OC)c(N)cc1OC,-3.6510805793244536,-2.516941976821665,1.1341386025027886,1.1341386025027886
Clc1ccc(Oc2ccc(Cl)c(Cl)c2)c(Cl)c1,-7.00000036469455,-7.269678450446406,-0.26967808575185614,0.26967808575185614
COC(=O)c1cc2cc3c(C)coc3c(C)c2oc1=O,-4.900000119279821,-4.640954108566751,0.2590460107130701,0.2590460107130701
O=C(O)[C@H](O)c1ccccc1,-0.14166641280830738,-0.7874630040329653,-0.6457965912246579,0.6457965912246579
O=S(=O)(O)c1ccccc1,0.8489074649877404,-0.22316716380016466,-1.072074628787905,1.072074628787905
O=C1c2cccc(Sc3ccccc3)c2C(=O)c2c(Sc3ccccc3)cccc21,-5.517334871023598,-6.663873086699224,-1.1465382156756263,1.1465382156756263
CC(C)(C)CC(C)(C)C1CCC(=N/O)/C(=N\O)C1,-6.409999910583885,-3.4595060916886116,2.950493818895273,2.950493818895273
CCn1cnc2c1c(=O)n(C)c(=O)n2C,-0.7543998993987922,-0.7074721294363528,0.0469277699624393,0.0469277699624393
CC(=O)N[C@@H](CC(C)C)C(=O)O,-1.3300999372186002,-0.815521252821855,0.5145786843967453,0.5145786843967453
C=C(C)C(=O)OCC(C)C,-2.0389999483290424,-2.3279308904970377,-0.2889309421679953,0.2889309421679953
N[C@@H](CSSC[C@H](N)C(=O)O)C(=O)O,-3.159921835590678,-1.0509882641087258,2.1089335714819524,2.1089335714819524
CCCCOCCOC(C)=O,-1.2503997472995985,-1.2384555884311033,0.011944158868495203,0.011944158868495203
COCC1(C)OC(=O)N(c2cc(Cl)cc(Cl)c2)C1=O,-4.659999890107494,-4.393811952863743,0.26618793724375145,0.26618793724375145
CN1C(=O)[C@]23CC4=CC=C[C@H](O)[C@H]4N2C(=O)[C@@]1(CO)SS3,-3.668699921738525,-2.8171658841386003,0.851534037599925,0.851534037599925
C[N+](C)(C)C(Cc1cnc(S)[nH]1)C(=O)[O-],-0.4599998133587735,-1.0920580338800538,-0.6320582205212804,0.6320582205212804
O=C(O)c1cc(N=Nc2ccccc2)ccc1O,-3.0499998940436552,-4.286637782076234,-1.2366378880325786,1.2366378880325786
CC(=O)CCC1=C(C)CCCC1(C)C,-3.6550445052095273,-3.7567135416075925,-0.10166903639806524,0.10166903639806524
OC[C@@H]1CO[C@@](Cn2cncn2)(c2ccc(Cl)cc2Cl)O1,-2.905955012528585,-2.9623064275980058,-0.056351415069420874,0.056351415069420874
CC1C(N)CN1c1c(F)c(N)c2c(=O)c(C(=O)O)cn(C3CC3)c2c1F,-3.9800000229384045,-3.767898000349986,0.21210202258841848,0.21210202258841848
Cc1ccc2c(c1)OCC(=O)CO2,-1.1141553144011478,-1.372820232808955,-0.25866491840780714,0.25866491840780714
Clc1cccc(I)c1,-3.5499999516541445,-4.147000509642954,-0.5970005579888094,0.5970005579888094
N[C@H](C(=O)O)[C@@H](O)C(=O)O,-0.8270999164261941,0.395056481259763,1.222156397685957,1.222156397685957
CCOc1ccc(NC(=O)NN)cc1,-1.6470998597679276,-2.0863742353532437,-0.4392743755853161,0.4392743755853161
COC(=O)CCCCCCCCC(=O)OC,-3.2830998300489007,-3.159347540114719,0.12375228993418164,0.12375228993418164
O=c1cnc2c(=O)[nH]cnc2[nH]1,-2.819999861331619,-2.5791871453658617,0.24081271596575737,0.24081271596575737
NNC(=O)NN,0.41455885582687646,0.051027990688391256,-0.3635308651384852,0.3635308651384852
NS(=O)(=O)c1cc2c(s1)[S+]([O-])CCC2O,-1.3499998292935576,-1.5252138144635612,-0.17521398517000364,0.17521398517000364
CC(C)COC(=O)c1cc(N)c(Cl)c(N)c1,-2.7382847459180515,-3.966264619813644,-1.2279798738955927,1.2279798738955927
Cc1ccc([N+](=O)[O-])cc1S(=O)(=O)O,0.49244026512058037,-1.2419642325454747,-1.734404497666055,1.734404497666055
CC1=CCC(C(C)C)=CC1,-4.195799786511245,-4.311438181650666,-0.11563839513942131,0.11563839513942131
O=C([O-])c1ccccc1,-0.06944935194755342,-1.6042084108061403,-1.5347590588585869,1.5347590588585869
C=CC(=O)OCCOC,0.04394196505725034,-0.4248788654869462,-0.46882083054419654,0.46882083054419654
C=CC(=O)OCC1CCCO1,-0.2954515817941923,-0.541115469264907,-0.24566388747071466,0.24566388747071466
O=c1c2ccccc2nc2n1CCC2O,-2.0999997690556973,-2.7839094900669106,-0.6839097210112133,0.6839097210112133
OC(Cc1ccccc1)c1ccccc1,-2.519999894053445,-2.8711585443612124,-0.3511586503077675,0.3511586503077675
CC(CCC(=O)O)C1CCC2C3CCC4CC(O)CCC4(C)C3CC(O)C12C,-3.9500000115452276,-4.413845178936122,-0.46384516739089454,0.46384516739089454
OC1[C@@H](O)[C@H](O)C[C@@H](O)[C@@H]1O,-0.17389956161794462,0.6649374665729137,0.8388370281908584,0.8388370281908584
COC(=O)C1(S(=O)(=O)c2ccccc2)CCCC1,-2.550100009464873,-3.1580283306456547,-0.6079283211807818,0.6079283211807818
c1ccc2cc3c(cc2c1)-c1cccc2cccc-3c12,-8.498901135915025,-7.364230474171485,1.1346706617435398,1.1346706617435398
NC(=O)Nc1cc(Nc2nc(Cl)nc(Nc3ccc(-c4ccc(Nc5nc(Cl)nc(Nc6ccc(N=Nc7cc8c(S(=O)(=O)[O-])cc(S(=O)(=O)[O-])cc8cc7S(=O)(=O)[O-])c(NC(N)=O)c6)n5)cc4S(=O)(=O)[O-])c(S(=O)(=O)[O-])c3)n2)ccc1N=Nc1cc2c(S(=O)(=O)[O-])cc(S(=O)(=O)[O-])cc2cc1S(=O)(=O)[O-],-1.4981681311043737,0.7824922273647319,2.2806603584691056,2.2806603584691056
CCOC(=O)CNC(C)=CC(C)=O,-0.5899997707112647,-0.5597910626264699,0.03020870808479481,0.03020870808479481
CCOc1cc(N=Nc2cc([N+](=O)[O-])cc([N+](=O)[O-])c2Br)c(NC(C)=O)cc1N(CCOC(C)=O)CCOC(C)=O,-8.833600387474187,-6.224564342412709,2.609036045061478,2.609036045061478
Nc1cccc2c(N)cccc12,-2.7678536647569323,-1.1188896374980377,1.6489640272588946,1.6489640272588946
O=C1c2c(Cl)c(Cl)c(Cl)c(Cl)c2C(=O)C1c1ccc2cccc(N3C(=O)c4c(Cl)c(Cl)c(Cl)c(Cl)c4C3=O)c2n1,-7.727396396153464,-7.6314146896692705,0.09598170648419391,0.09598170648419391
CCC(=O)OC(C)C,-1.2905998094956055,-1.1546499260283143,0.1359498834672912,0.1359498834672912
CC(=O)c1cccs1,-0.954899862821212,-1.5276399135036207,-0.5727400506824087,0.5727400506824087
COc1cc(C=O)cc([N+](=O)[O-])c1O,-2.4496897785083136,-2.8794225089165297,-0.42973273040821613,0.42973273040821613
Nc1ccc2c(O)cc(S(=O)(=O)O)cc2c1,-2.679885559262244,-1.8198987880508677,0.8599867712113765,0.8599867712113765
Nc1ccc(S(=O)(=O)c2ccc(N)cc2)cc1,-3.0940000441796633,-3.262395896702219,-0.1683958525225555,0.1683958525225555
CCCCCCCC/C=C\CCCCCCCC(=O)O,-4.609611095315477,-5.571311675404643,-0.9617005800891656,0.9617005800891656
BrC=CBr,-1.319999955927293,-1.6369166482484157,-0.31691669232112263,0.31691669232112263
CC1(C)CCC(Cc2ccc(Cl)cc2)C1(O)Cn1cncn1,-4.328800172886483,-3.471492141725034,0.8573080311614492,0.8573080311614492
COC(=O)CC(C(C)=O)C(=O)OC,-0.524834642834278,-0.291246729933444,0.23358791290083403,0.23358791290083403
C=C(C)C(=O)OCC1CO1,-0.45378887835253856,-1.189990198664018,-0.7362013203114794,0.7362013203114794
NC(CO)C(=O)O,-0.019999830294729737,0.5996035317820056,0.6196033620767354,0.6196033620767354
Cc1cc(C)c(S(=O)(=O)N=c2sc(S(N)(=O)=O)nn2C)c(C)c1,-2.999999938317362,-2.7000716673935217,0.2999282709238402,0.2999282709238402
CCCCN(CCCC)c1ccc2c(c1)Oc1cc(C)c(Nc3ccccc3)cc1C21OC(=O)c2ccccc21,-7.404250549273664,-6.570996985745062,0.8332535635286025,0.8332535635286025
O=C(O)C(SCCSC(C(=O)O)c1ccccc1)c1ccccc1,-3.4100000480151413,-2.9482641733935147,0.4617358746216267,0.4617358746216267
CC(C)c1ccc(C(C)CC=O)cc1,-3.459862925764012,-4.717521225600146,-1.2576582998361343,1.2576582998361343
CC(=O)OC[C@@H](OC(C)=O)[C@@H](OC(C)=O)[C@H](OC(C)=O)[C@H](C=O)OC(C)=O,-2.41539992518305,-1.7314563875782878,0.6839435376047622,0.6839435376047622
CCCCCC1C(=O)CCC1CC(=O)OC,-2.907599862530005,-2.786947082835833,0.1206527796941721,0.1206527796941721
O=C(O)Cn1ccc2cc3c(Nc4cccc(Br)c4)ncnc3cc21,-1.959999899923422,-4.403481152161307,-2.443481252237885,2.443481252237885
Cc1cn(C2CC(O)C(CO)O2)c(=O)[nH]c1=O,-0.7420619497490892,-1.034150499086378,-0.29208854933728867,0.29208854933728867
COc1ccc2[nH]c([S+]([O-])Cc3ncc(C)c(OC)c3C)nc2c1,-4.2800002058836295,-3.4641981440435647,0.8158020618400648,0.8158020618400648
Nc1cc([N+](=O)[O-])ccc1O,-2.2056018133104485,-1.997170754485438,0.20843105882501045,0.20843105882501045
NCCCCCCNC(=O)O,-0.09529848000274832,-0.6173761665526727,-0.5220776865499244,0.5220776865499244
Cc1cccc(CO)c1,-0.3879997308043843,-0.9400195954711703,-0.552019864666786,0.552019864666786
CCN1c2ncccc2C(=O)N(C)c2ccc(Cl)nc21,-4.113999793173206,-3.611229173109284,0.5027706200639219,0.5027706200639219
COC(=O)Oc1ccc(NC(C)=O)cc1,-1.6899998663982867,-2.731333727860646,-1.0413338614623595,1.0413338614623595
COCC(=O)N(c1c(C)cccc1C)N1CCOC1=O,-1.9129998728723174,-2.6135521198382237,-0.7005522469659062,0.7005522469659062
C=CCOCC(CC)(CO)COCC=C,-1.7182483162725266,-2.255976184290115,-0.5377278680175885,0.5377278680175885
Nc1nc(-c2ccc3ccccc3c2)cs1,-4.849542173004669,-3.0423916780960036,1.8071504949086652,1.8071504949086652
CCCCCC(=O)NNC(=O)c1ccncc1,-1.2399998335275466,-2.4520798870309526,-1.212080053503406,1.212080053503406
CCN(CC)c1nc(Cl)nc(N(CC)CC)n1,-4.411200031186011,-3.63698692734844,0.774213103837571,0.774213103837571
N#CCC(N)=O,0.18930031498449562,-0.04848223578556521,-0.23778255077006083,0.23778255077006083
CN(C)S(=O)(=O)N=c1sc(S(N)(=O)=O)nn1C,-2.6999999796658702,-1.9140998093375978,0.7859001703282724,0.7859001703282724
CC(=O)C1(C)CO1,0.3797001590886957,0.3395437133970214,-0.040156445691674314,0.040156445691674314
O=C(CO)C(O)C(O)C(O)CO,0.3200002068099992,1.035717505153051,0.7157172983430518,0.7157172983430518
O=S(=O)(Cl)c1ccc(I)cc1,-4.2686000110770825,-2.850122276716089,1.4184777343609936,1.4184777343609936
COP(=S)(OC)SCn1nnc2ccccc2c1=O,-4.039999976711302,-4.2256004870428505,-0.18560051033154856,0.18560051033154856
CC(C)CC(NC(=O)CC(O)C(CC(C)C)NC(=O)C(Cc1c[nH]cn1)NC(=O)C(Cc1ccccc1)NC(=O)OC(C)(C)C)C(=O)NCc1cccc(CN)c1,-2.849999838218068,-3.68377363380636,-0.833773795588292,0.833773795588292
NCCNCCNCCNCCNCCN,0.33277901441805424,0.43801625354321105,0.10523723912515681,0.10523723912515681
Oc1cccc2cccnc12,-2.34960522205167,-1.3411731462695626,1.0084320757821073,1.0084320757821073
O=[N+]([O-])OC1CCCC(O[N+](=O)[O-])C1,-2.3299998449011436,-2.4425926762174486,-0.11259283131630493,0.11259283131630493
CCCCC(CC)COCOCC(CC)CCCC,-5.435323420455692,-6.608888133749676,-1.1735647132939837,1.1735647132939837
CCCCNC(=O)COC(=O)c1ccccc1,-2.758799961968692,-2.863912735325551,-0.10511277335685909,0.10511277335685909
O=C(O)c1ccnc(C(=O)O)c1C(=O)O,-1.2449998584308948,-1.387130034929858,-0.1421301764989633,0.1421301764989633
CCC[C@@H](N)C(=O)O,-0.06869986581297294,-0.3120103944264869,-0.243310528613514,0.243310528613514
O=c1c2ccccc2[nH]c2cc3c(=O)c4ccccc4[nH]c3cc12,-7.481773916756483,-6.637594971000148,0.8441789457563349,0.8441789457563349
Cc1c(Nc2ccc(Br)cc2F)c(C(=O)NOCCO)cn(C)c1=O,-2.959999976324332,-3.8278756627765236,-0.8678756864521917,0.8678756864521917
CCCCOC(=O)CCO,-1.2898997369956806,-0.9314022992733557,0.3584974377223249,0.3584974377223249
CC(C)=C[C@@H]1[C@@H](C(=O)OCN2C(=O)C3=C(CCCC3)C2=O)C1(C)C,-4.857999772064784,-4.895896303118984,-0.037896531054199656,0.037896531054199656
Cc1ncnc2nccnc12,-0.46579998027356995,-0.04472928403616461,0.42107069623740534,0.42107069623740534
COc1ccc2cc(C(C)C(=O)OC3CCCCC3=O)ccc2c1,-5.590000243295976,-5.226899193962847,0.36310104933312903,0.36310104933312903
CCOc1ccc(N=C=S)cc1,-4.2600002442971485,-3.926063729456162,0.3339365148409863,0.3339365148409863
COC(C)(C)C,-0.32352653183948776,-0.636180400996635,-0.3126538691571472,0.3126538691571472
CC1(C)NC(=O)N(Cc2ccccc2)C1=O,-1.7999998621642976,-2.762895755315244,-0.9628958931509464,0.9628958931509464
Clc1cc(Cl)c(-c2c(Cl)cc(Cl)c(Cl)c2Cl)cc1Cl,-7.920000253995598,-8.905304816382117,-0.9853045623865189,0.9853045623865189
c1cc(N(CC2CO2)CC2CO2)ccc1OCC1CO1,-1.9192346175209494,-2.2822313875217253,-0.3629967700007759,0.3629967700007759
CC1CCOC1,0.09013156709192938,-0.3064575717387936,-0.396589138830723,0.396589138830723
C/C=C(\Cl)C(=O)O,0.9189003601813432,-0.5075111611070335,-1.4264115212883768,1.4264115212883768
COP(=O)(OC)C(O)C(Cl)(Cl)Cl,-0.3314997944638307,-0.08911377010987831,0.2423860243539524,0.2423860243539524
CC(=O)OC[C@H]1O[C@H](O[C@]2(COC(C)=O)O[C@H](COC(=O)C(C)C)[C@@H](OC(=O)C(C)C)[C@@H]2OC(=O)C(C)C)[C@H](OC(=O)C(C)C)[C@@H](OC(=O)C(C)C)[C@@H]1OC(=O)C(C)C,-6.073535018760717,-4.269108916303271,1.8044261024574464,1.8044261024574464
CC(=O)Nc1cccc(C)c1,-2.091000000283495,-1.856432855452315,0.23456714483118013,0.23456714483118013
O=C(CO)CO,1.013864532266986,1.3693685803390996,0.35550404807211367,0.35550404807211367
CC(C)OC(=O)CCC(=O)OC(C)C,-1.7293166943815534,-2.1054576982410844,-0.376141003859531,0.376141003859531
CC(C)(Sc1c(C(C)(C)C)cc(O)cc1C(C)(C)C)Sc1c(C(C)(C)C)cc(O)cc1C(C)(C)C,-8.170000671001535,-6.942912709760803,1.2270879612407324,1.2270879612407324
C=CCCCN=C=S,-2.900399859423617,-2.7545311863941175,0.14586867302949935,0.14586867302949935
Clc1ccc(Oc2cc(Cl)c(Cl)c(Cl)c2)c(Cl)c1,-7.889999828521685,-8.068980430105421,-0.17898060158373674,0.17898060158373674
CCCCCCCCCCCCCCCCOP(=O)([O-])O,-3.2602593436177427,-3.6401260734181946,-0.3798667298004519,0.3798667298004519
O=[N+](O)OCCCCO[N+](=O)O,-1.6799998165915901,-2.078430924568902,-0.39843110797731174,0.39843110797731174
Clc1ccccc1-c1cccc(Cl)c1Cl,-5.94399979802243,-5.870044702280159,0.07395509574227077,0.07395509574227077
CCN(CC)c1ccc2c(C#N)c(-c3nc4ccccc4s3)c(=O)oc2c1,-8.097434402052293,-6.032680985053542,2.0647534169987516,2.0647534169987516
COC(=O)c1cc(C)ccc1C1=NC(C)(C(C)C)C(=O)N1,-2.3261999294947833,-3.7532930966902738,-1.4270931671954905,1.4270931671954905
COC(=O)/C(=C/c1ccccc1)S(=O)(=O)c1ccc([N+](=O)[O-])cc1,-4.5700001319817884,-4.703744621442022,-0.13374448946023332,0.13374448946023332
CC[N+](CC)(CC)Cc1ccccc1,-0.007265467352482791,0.1165399801963547,0.12380544754883749,0.12380544754883749
c1ccc(-c2ncc[nH]2)cc1,-1.8893829850586517,-1.9140553646717904,-0.02467237961313873,0.02467237961313873
CCOc1ccc(NS(=O)(=O)c2ccc(N)cc2)nn1,-2.4269999484520897,-3.5251566947233983,-1.0981567462713087,1.0981567462713087
COc1ccc(Oc2ccc(NC(=O)N(C)C)cc2)cc1,-4.155799863338284,-4.088899599144941,0.06690026419334316,0.06690026419334316
CCCCCCCCCC(=O)O,-6.279989325159136,-3.4801547107501305,2.799834614409005,2.799834614409005
Clc1cccc(-c2cccc(Cl)c2)c1,-5.798299969513795,-5.403672193108926,0.39462777640486824,0.39462777640486824
CC1(C)C(C=C(Br)Br)C1C(=O)OC(C#N)c1cccc(Oc2ccccc2)c1,-8.402000722301592,-6.850582091164625,1.5514186311369667,1.5514186311369667
CCCCn1ccc(NS(=O)(=O)c2ccc(N)cc2)nc1=O,-3.089999851723344,-3.59508292291829,-0.5050830711949459,0.5050830711949459
Nc1ccc2c(O)cccc2c1S(=O)(=O)O,-2.0599998458827367,-1.8783175745282426,0.1816822713544941,0.1816822713544941
CCCCCCCCCOC(=O)c1ccc(C(=O)OCCCCCCCCC)c(C(=O)OCCCCCCCCC)c1,-6.757182316104643,-7.030312178882943,-0.2731298627782994,0.2731298627782994
CC(C)CC(=O)CC(C)C,-2.4540578471930288,-3.1303082477922572,-0.6762504005992285,0.6762504005992285
CCc1cccc(C)n1,-0.8233998289842601,0.24865243944382875,1.0720522684280889,1.0720522684280889
Nc1nc(=O)nc(N)[nH]1,-3.2290999406667495,-2.832062939011868,0.39703700165488165,0.39703700165488165
O=[N+]([O-])c1cc([N+](=O)[O-])c2ccccc2c1Cl,-5.4000001251302185,-4.303985280486244,1.0960148446439746,1.0960148446439746
O=[N+]([O-])c1cc(N(CCO)CCO)ccc1NCCO,-1.7953854844543229,-1.6752838510740555,0.12010163338026736,0.12010163338026736
O=c1ncnc2[nH][nH]cc1-2,-2.3787998119039973,-1.8634811997363587,0.5153186121676385,0.5153186121676385
C[C@]12CCC(=O)C=C1CC[C@@H]1[C@@H]2CC[C@@]2(C)[C@H]1CC[C@]2(C)O,-3.9505000140355624,-4.62952713653919,-0.6790271225036277,0.6790271225036277
Cc1ncc(CN)c(N)n1,0.4903069211618183,-0.06709130017532994,-0.5573982213371482,0.5573982213371482
CC(C)OC(=O)[C@H](C)N(C(=O)c1ccccc1)c1ccc(F)c(Cl)c1,-4.560999949128849,-5.651330569464482,-1.0903306203356333,1.0903306203356333
CCCCC(CC)COC(=O)CS,-4.6354818935959266,-3.9499162982228295,0.685565595373097,0.685565595373097
c1ccc(C2CO2)cc1,-1.9065409725178735,-2.3587440184314326,-0.4522030459135591,0.4522030459135591
Clc1cc(Cl)c(-c2c(Cl)c(Cl)cc(Cl)c2Cl)c(Cl)c1Cl,-9.199900072476334,-9.240319873516954,-0.040419801040620484,0.040419801040620484
CC(C)(NC(=O)c1ccccc1)C(N)=O,-1.6153997708941563,-1.8054887783915288,-0.19008900749737245,0.19008900749737245
COc1ccc(O)c([N+](=O)[O-])c1,-2.8408998791607942,-2.7497924464360293,0.09110743272476496,0.09110743272476496
CC(C)OC(=O)c1cc(-c2nn(C)c(C(F)(F)F)c2Br)c(F)cc1Cl,-6.922700324756068,-5.885855132993173,1.036845191762895,1.036845191762895
NC(N)=NCCS(=O)(=O)O,-0.6320996353301758,-0.2702652589725618,0.36183437635761395,0.36183437635761395
CCCC(C)(O)CCC,-1.5866998349893062,-1.1176952906246445,0.46900454436466177,0.46900454436466177
CC(=O)Oc1ccc(-c2ccccc2)cc1,-4.400000113429424,-4.172603397686346,0.22739671574307874,0.22739671574307874
N[C@@H](Cc1cc(Cl)c(O)c(Cl)c1)C(=O)O,-0.7959998305408242,-1.7561521627530858,-0.9601523322122616,0.9601523322122616
FC(F)(F)CCl,-1.1097998751789213,-2.7496049368754716,-1.6398050616965503,1.6398050616965503
COC(=O)c1c(Cl)nn(C)c1S(=O)(=O)NC(=O)Nc1nc(OC)cc(OC)n1,-4.464200019107677,-4.049935291896061,0.41426472721161645,0.41426472721161645
N#CC(=C1CCCCC1)c1ccccc1,-4.420023953671757,-4.502836788493324,-0.0828128348215671,0.0828128348215671
O=C(O)c1cccc2cccc([N+](=O)[O-])c12,-2.750099832370046,-3.397715307740186,-0.6476154753701402,0.6476154753701402
CCc1cnc(C2=NC(C)(C(C)C)C(=O)N2)c(C(=O)O)c1,-2.3152998752054845,-3.0554904148337436,-0.7401905396282591,0.7401905396282591
COc1ccc2c(c1OC)C(=O)OC2C1c2cc3c(cc2CCN1C)OCO3,-4.106500100885464,-2.890149529217714,1.2163505716677498,1.2163505716677498
Nc1ccc(CC(=O)c2ccccc2)cc1,-1.8049998180541895,-3.5267311677136672,-1.7217313496594777,1.7217313496594777
CNc1ccc(S(=O)(=O)N(C)C)cc1,-3.079999870930104,-2.466960292407907,0.6130395785221969,0.6130395785221969
Clc1ccc(Oc2cc(Cl)cc(Cl)c2Cl)c(Cl)c1,-7.6399999636233975,-8.044286311253572,-0.40428634763017435,0.40428634763017435
COc1ccc(S(=O)(=O)O)cc1N,-0.8997240186517508,-1.4561643332165253,-0.5564403145647745,0.5564403145647745
COc1cc(O)c2c(=O)c3cc(O)ccc3oc2c1,-2.9300000037512244,-4.225718638079904,-1.2957186343286797,1.2957186343286797
O=C(O)COc1cccc(Cl)c1,-2.1953998991443,-2.2898530956000687,-0.09445319645576866,0.09445319645576866
CC=CCC,-2.5399998901466536,-2.549618813141359,-0.009618922994705237,0.009618922994705237
CC(C)(C)C(C)(C)C,-4.869999969859732,-4.806378811025364,0.06362115883436825,0.06362115883436825
CC(C)(C)c1ccccc1,-3.6579999374588166,-4.23965273094513,-0.5816527934863132,0.5816527934863132
CCN(CC)C(=O)CCC(=O)O,-0.7936997500718279,-0.2759812294707662,0.5177185206010617,0.5177185206010617
O=C(Nc1ccccc1)N(Cc1ccc(Cl)cc1)C1CCCC1,-5.915000067663748,-5.995900677640291,-0.0809006099765428,0.0809006099765428
C[Si](C)(C)N[Si](C)(C)C,-2.210072159937286,-4.238575430893491,-2.0285032709562048,2.0285032709562048
NS(=O)(=O)c1ccc(CCCCCO)cc1,-1.9711998866934657,-1.9007774517483316,0.07042243494513412,0.07042243494513412
CN(C)c1ccccc1,-1.9220736240695904,-1.3458924244329962,0.5761811996365942,0.5761811996365942
Nc1c(S(=O)(=O)O)cc(S(=O)(=O)O)c2ccc(S(=O)(=O)O)cc12,-0.31879966219586997,1.2901485860484967,1.6089482482443667,1.6089482482443667
COCCCCC(=O)c1ccc(C(F)(F)F)cc1,-3.5440597564366723,-5.003995254219879,-1.4599354977832064,1.4599354977832064
O=C1COc2ccccc2N1,-2.571599875002174,-1.5746366969222827,0.9969631780798911,0.9969631780798911
c1ccc2c(c1)ccc1ncccc12,-3.3573998895521022,-3.723915586672227,-0.3665156971201249,0.3665156971201249
COC1=CCC2=C(CCC3C2CCC2(C)C(=O)CCC32)C1,-4.979874637189242,-4.280018977543722,0.6998556596455208,0.6998556596455208
CCCCCC1CCCC(=O)O1,-1.6290321369287757,-2.1172816356688395,-0.48824949874006385,0.48824949874006385
CC(=O)CCC1C(=O)N(c2ccccc2)N(c2ccccc2)C1=O,-3.267600028902346,-4.607840210028797,-1.3402401811264513,1.3402401811264513
CCCC(=O)OCC,-1.3599998791002539,-1.2749029749315346,0.08509690416871929,0.08509690416871929
CCn1cc(C(=O)OCOC(C)=O)c(=O)c2ccc(C)nc21,-2.489999917166996,-2.9948123089599537,-0.5048123917929574,0.5048123917929574
CCOc1ccc(N(C(C)=O)C(C)=O)cc1,-1.9469999041881727,-2.3768848265207247,-0.42988492233255204,0.42988492233255204
O=C(OCC([N+](=O)[O-])([N+](=O)[O-])[N+](=O)[O-])c1ccccc1C(=O)OCC([N+](=O)[O-])([N+](=O)[O-])[N+](=O)[O-],-3.5782000921090287,-2.958703476595706,0.6194966155133228,0.6194966155133228
Oc1ccc2c(c1)Sc1ccccc1N2,-2.574799925447045,-4.220200460147234,-1.6454005347001894,1.6454005347001894
C=CC(=O)OCCCCO,0.8411255076640476,-0.4395088900447237,-1.2806343977087713,1.2806343977087713
NS(=O)(=O)c1cc2c(s1)S(=O)(=O)CCC2=O,-3.0199999257838885,-1.7297837774532698,1.2902161483306187,1.2902161483306187
SC1CCCCC1,-3.36721391358755,-3.234527020837205,0.1326868927503453,0.1326868927503453
CN(C)c1cnc2cncnc2n1,-0.08999962683395513,-0.7659744221957574,-0.6759747953618023,0.6759747953618023
CC(C)CC1(CCO)C(=O)NC(=S)NC1=O,-2.619999805506031,-2.3402303306381684,0.27976947486786274,0.27976947486786274
OC(Cn1cncn1)(Cn1cncn1)c1ccc(F)cc1F,-1.7999998621642976,-2.3040290116158997,-0.504029149451602,0.504029149451602
O=c1[nH]c(CN2CCCC2)c(Cl)c(=O)[nH]1,-1.5399998094324026,-2.4979119993623975,-0.9579121899299949,0.9579121899299949
Cc1ccc(N=CN(C)C=Nc2ccc(C)cc2C)c(C)c1,-5.467500254285051,-4.702994307145966,0.7645059471390852,0.7645059471390852
COCC(C)N(C(=O)CCl)c1c(C)csc1C,-2.361399794253802,-3.5576460214825345,-1.1962462272287326,1.1962462272287326
CCCCCCCCC(CO)CCCCCC,-5.384617025738137,-6.191326357680467,-0.8067093319423293,0.8067093319423293
Cc1c(NC(N)=O)c(=O)n(-c2ccccc2)n1C,-1.519999847845922,-2.0235004922497692,-0.5035006444038472,0.5035006444038472
CCN1CCn2c(nc3ccccc3c2=O)C1C,-2.4999999324669644,-2.3429052922013676,0.15709464026559683,0.15709464026559683
CCCCOP(=O)(OCCCC)OCCCC,-2.849999838218068,-3.4954814606552063,-0.6454816224371385,0.6454816224371385
Nc1ccc(N=Nc2ccccc2)c(N)n1,-4.239999730603018,-3.4706752294437235,0.7693245011592946,0.7693245011592946
N#CC(C#N)=NNc1cccc(O)c1,-2.94999998690441,-2.901620790630806,0.048379196273603764,0.048379196273603764
CC1OCC(c2ccccc2)O1,-1.805450406909869,-1.5205008855381001,0.28494952137176877,0.28494952137176877
COc1c2occc2cc2ccc(=O)oc12,-3.519999940260968,-3.248499657717731,0.2715002825432369,0.2715002825432369
CO[C@H]1C[C@H](OC2/C(C)=C/C[C@@H]3C[C@@H](C[C@]4(C=C[C@H](C)[C@@H](C5CCCCC5)O4)O3)OC(=O)[C@@H]3C=C(C)[C@@H](O)[C@H]4OC/C(=C\C=C\[C@@H]2C)[C@]43O)O[C@@H](C)C1O[C@H]1C[C@H](OC)[C@@H](O)[C@H](C)O1,-7.555881946317744,-3.6844195997566063,3.8714623465611373,3.8714623465611373
CC(C)[C@@H]1CC[C@@H](C)C[C@H]1OC(=O)[C@H](C)O,-2.979987088467932,-2.938270817892072,0.041716270575860026,0.041716270575860026
CCOP(=O)(OCC)O/C(=C\Cl)c1ccc(Cl)cc1Cl,-3.462399929428221,-4.394945429868747,-0.9325455004405256,0.9325455004405256
CC(C)(C)OOC(=O)c1ccccc1,-2.776432917287004,-3.750404607493521,-0.973971690206517,0.973971690206517
CCCCCCBr,-3.807800062442023,-4.531946664328138,-0.7241466018861149,0.7241466018861149
CCCCCCCCCCCC(=O)OCCS(=O)(=O)[O-],-2.4084791177661065,-1.8662814897360585,0.542197628030048,0.542197628030048
CCCC(=O)OCC1OC(n2cc(I)c(=O)[nH]c2=O)CC1O,-2.8399998487981453,-2.6245675991330555,0.21543224966508978,0.21543224966508978
Cc1ccc([N+](=O)[O-])cc1O,-2.1850999858703153,-2.254109370299286,-0.06900938442897075,0.06900938442897075
O=c1n(CCO)c(=O)n(CCO)c(=O)n1CCO,0.3403666298490231,0.05385947477030406,-0.28650715507871904,0.28650715507871904
NS(=O)(=O)c1cc(C(=O)c2ccc(CNCc3ccccc3)cc2)cs1,-3.3699998487883556,-3.734869402443924,-0.3648695536555686,0.3648695536555686
CC(=O)CSC#N,-0.21619984131372671,-0.8296143526902187,-0.6134145113764919,0.6134145113764919
O=C(Cc1ccccc1)c1ccc(O)cc1,-1.5007998902439774,-3.1713197874598973,-1.6705198972159199,1.6705198972159199
O=C(/C=C/c1ccccc1)OCCc1ccccc1,-5.401939403250082,-5.193079287767734,0.20886011548234773,0.20886011548234773
C=CC(=O)OCCOc1ccccc1-c1ccccc1,-3.9515187906763245,-4.071958175911347,-0.12043938523502273,0.12043938523502273
Cc1cc(Cc2cc(C)c(O)c(C)c2)cc(C)c1O,-3.408824886882578,-3.6470086473803907,-0.23818376049781254,0.23818376049781254
O=C(O)/C=C/C(=O)O,-1.2196292696811493,0.1529492712689513,1.3725785409501006,1.3725785409501006
CC(=O)Nc1cccc(Nc2cc(S(=O)(=O)[O-])c(N)c3c2C(=O)c2ccccc2C3=O)c1,-4.307910903903114,-2.3994990868423844,1.9084118170607294,1.9084118170607294
CCCCCN,1.0597002332981544,-0.03463537592900545,-1.0943356092271599,1.0943356092271599
CCOC(=O)[C@H](Cc1ccc(O)cc1)NC(C)=O,-1.8585998779777138,-2.1432289008587833,-0.2846290228810695,0.2846290228810695
O=c1[nH]ccc2cccnc12,-1.1427997634871945,-1.619662732085044,-0.4768629685978496,0.4768629685978496
O=C1CCCCCN1,0.8601213234624852,0.23559923433383156,-0.6245220891286536,0.6245220891286536
C=CC(=O)[O-],0.7150843001874136,-0.06916142780819134,-0.784245727995605,0.784245727995605
FC(F)C(F)(F)F,-1.4164956746334343,-2.604892380364832,-1.1883967057313978,1.1883967057313978
CC1CCC(C)CC1,-4.465700233619051,-4.454257940604208,0.01144229301484323,0.01144229301484323
CCCCOC(=O)CCC(C)=O,-1.306674561745953,-1.5510162894223496,-0.24434172767639661,0.24434172767639661
Cc1cc(C)cc(O)c1,-1.684146697149111,-1.5843637294961614,0.09978296765294958,0.09978296765294958
CCOP(=S)(OCC)OP(=S)(OCC)OCC,-4.0311999328814085,-4.198613051040715,-0.16741311815930615,0.16741311815930615
CN(C)C(=O)CCOC(=O)c1ccccc1,-1.099399823379957,-1.926090759329412,-0.8266909359494552,0.8266909359494552
O=C(O)C1=CC(Nc2nc(NC3(S(=O)(=O)[O-])C=C(C(=O)O)C(O)=CC3)nc(NC3(S(=O)(=O)[O-])C=C(C(=O)O)C(O)=CC3)n2)(S(=O)(=O)[O-])CC=C1O,-0.6896458156670686,-1.3304300975931704,-0.6407842819261018,0.6407842819261018
CC(C)(C)C(O)/C(=C\c1ccc(Cl)cc1Cl)n1cncn1,-4.911499969517154,-4.720603366555061,0.1908966029620931,0.1908966029620931
CCOC(=O)CCN(Cc1ccccc1)SN(C)C(=O)O/N=C(/C)SC,-4.3004999629200755,-4.13637078106168,0.16412918185839587,0.16412918185839587
C[C@]12C=CC(=O)C=C1CC[C@H]1[C@@H]3C[C@@H](O)[C@](O)(C(=O)CO)[C@@]3(C)C[C@H](O)[C@@]12F,-3.692899904243818,-3.5595064862353913,0.13339341800842686,0.13339341800842686
O=C(O)c1cccc(N=C=S)c1,-3.2499999412425606,-2.8960584268327896,0.35394151440977106,0.35394151440977106
COc1cccc(OCC(O)CO)c1OC,-2.999999938317362,-1.461265807900521,1.538734130416841,1.538734130416841
Cc1cc(C)nc(NC(=O)NS(=O)(=O)c2ccccc2C(=O)OC2COC2)n1,-3.8929998656739704,-3.836250583716083,0.0567492819578872,0.0567492819578872
CCCCCBr,-3.0752999165344126,-3.63086543378147,-0.5555655172470573,0.5555655172470573
COP(=S)(OC)Oc1ccc([N+](=O)[O-])c(C)c1,-4.039999976711302,-4.620414461752608,-0.580414485041306,0.580414485041306
CCOC(=O)c1ccnc(C(=O)OCC)c1,-1.2184147708785389,-2.2170059418839996,-0.9985911710054607,0.9985911710054607
CCC1(CC(C)=O)C(=O)NC(=O)NC1=O,-0.7660997506322582,-1.465317311861542,-0.6992175612292837,0.6992175612292837
N#CCCNC(Cc1ccccc1)C(=O)O,-1.4899998364527451,-1.3953658247416727,0.09463401171107244,0.09463401171107244
CC(N)C(=O)O,0.2678989121152675,0.4279068864218578,0.1600079743065903,0.1600079743065903
CC(=O)OC/C=C(C)/C=C/C=C(C)/C=C/C1=C(C)CCCC1(C)C,-7.516530473579454,-5.076151583239157,2.4403788903402974,2.4403788903402974
Clc1cc(-c2cc(Cl)c(Cl)c(Cl)c2)cc(Cl)c1Cl,-8.849800330134121,-8.546586673626791,0.3032136565073298,0.3032136565073298
Cc1ccc(C)c(C)n1,-0.5892996982113399,0.22660512466504024,0.8159048228763801,0.8159048228763801
O=P(O)(O)c1cccc2ccccc12,-1.6193999288437473,-2.31842949741828,-0.6990295685745327,0.6990295685745327
CCCCCCCC(=O)OCC(C)(C)COC(=O)CCCCCCC,-6.853146631197868,-6.5742428266181365,0.2789038045797314,0.2789038045797314
CNC,1.5618595321668534,1.1236036571684749,-0.4382558749983785,0.4382558749983785
CCCC(=O)CCC,-1.4799999246729612,-1.7321375503912078,-0.2521376257182466,0.2521376257182466
NC(=CC(=O)[C@@H](Cc1ccccc1)N(Cc1ccccc1)Cc1ccccc1)Cc1ccccc1,-7.6633436271638775,-5.161916261610289,2.501427365553589,2.501427365553589
Nc1ccc(S(=O)(=O)Nc2ccnn2-c2ccccc2)cc1,-2.3212999050895022,-3.9258413681002122,-1.60454146301071,1.60454146301071
CCCCCCCC(=O)SCCC[Si](OCC)(OCC)OCC,-5.832680264973439,-5.463496645662649,0.3691836193107898,0.3691836193107898
Cn1c([N+](=O)[O-])cnc1COC(N)=O,-1.8432998707869244,-2.351307404442679,-0.5080075336557548,0.5080075336557548
Cc1ccc(C)c2c(C)cccc12,-4.920000080866302,-4.491053292950916,0.4289467879153861,0.4289467879153861
CN(C)Cc1cc(C(=O)c2csc(S(N)(=O)=O)c2)ccc1O,-1.5399998094324026,-2.6839306622252,-1.1439308527927976,1.1439308527927976
Nc1ccc2c(c1)C(=O)OC2,-2.0413998222557375,-1.9661991716555554,0.0752006506001821,0.0752006506001821
Clc1ccc(Cl)c(-c2c(Cl)cc(Cl)c(Cl)c2Cl)c1,-8.010000426202042,-8.308420684093955,-0.2984202578919124,0.2984202578919124
CCC1OC(=O)c2ccccc21,-1.7469998742426314,-3.8793318196824838,-2.1323319454398524,2.1323319454398524
Clc1ccccc1-c1cc(Cl)c(Cl)c(Cl)c1Cl,-7.522600621134995,-7.753892594374205,-0.2312919732392107,0.2312919732392107
CC1OC1C,0.3972952777796337,-0.16211537594097392,-0.5594106537206076,0.5594106537206076
COc1cc2c(N)nc(N3CCN(C(=O)OCC(C)(C)O)CC3)nc2c(OC)c1OC,-3.6400000548471314,-2.8747605636818534,0.765239491165278,0.765239491165278
CCCCCC(=O)NCCNC(=O)CCCCC,-3.1078998546105105,-2.945442558235842,0.16245729637466866,0.16245729637466866
Nc1c(Cl)cc(Cl)cc1Cl,-3.691199964790136,-3.485450216766297,0.20574974802383883,0.20574974802383883
CCCN(CCC)c1c([N+](=O)[O-])cc(S(C)(=O)=O)cc1[N+](=O)[O-],-5.760099917279127,-4.447977992141751,1.312121925137376,1.312121925137376
CC(Cl)[N+](=O)[O-],-1.437399850523347,-1.190419048280987,0.24698080224235985,0.24698080224235985
CC[C@@H](C)[C@H](N)C(=O)O,-0.3894998072888449,-0.513280686047267,-0.12378087875842203,0.12378087875842203
CCCCCCCCCc1cc2ccccc2c(S(=O)(=O)[O-])c1CCCCCCCCC,-4.731448693173575,-3.938654130328729,0.7927945628448461,0.7927945628448461
O=C([O-])C(O)C(O)C(O)C(O)CO,0.432100420075785,0.7469762464694845,0.3148758263936995,0.3148758263936995
NC(=O)c1nc(-c2ccccc2)n(-c2ccc(Cl)c(COCC(F)(F)C(F)(F)F)c2)n1,-5.6634998502271765,-6.028652807640724,-0.3651529574135477,0.3651529574135477
C=COCC,-0.8579998632885171,-0.2524501253831857,0.6055497379053314,0.6055497379053314
CCOP(=O)(Cc1ccc(-c2nc3ccccc3s2)cc1)N1CCCC1=O,-3.7300000200132057,-4.127815873028291,-0.3978158530150848,0.3978158530150848
CCCCNCC,-0.44049992327608445,-0.44496757837812906,-0.00446765510204461,0.00446765510204461
Nc1ccc(S(=O)(=O)O)cc1,-1.1412729097817194,-0.9901647727627205,0.15110813701899883,0.15110813701899883
CCN(CC)CCCC(C)Nc1ccnc2cc(Cl)ccc12,-2.829999855064882,-3.0820400294696007,-0.2520401744047187,0.2520401744047187
C=CCc1ccc2cncnc2c1O,-3.6199998862202825,-2.7710408786989458,0.8489590075213367,0.8489590075213367
COc1ccc(C(c2ccc(OC)cc2)C(Cl)(Cl)Cl)cc1,-6.538600137017264,-6.299284383303755,0.23931575371350888,0.23931575371350888
O=C(O)CCCc1c[nH]c2ccccc12,-2.910099919732592,-2.919167134061558,-0.009067214328966067,0.009067214328966067
C=CCN(CC=C)C(=O)COC(=O)c1ccccc1,-2.562599830176147,-3.22411016426165,-0.6615103340855031,0.6615103340855031
CC(C)(C)CC(C)(C)c1ccc(Nc2ccc(C(C)(C)CC(C)(C)C)cc2)cc1,-6.59511994923321,-6.5107112472499455,0.08440870198326422,0.08440870198326422
CC(Cc1ccc(C(C)(C)C)cc1)CN1CC(C)OC(C)C1,-2.4820999123264342,-3.9404023792017666,-1.4583024668753324,1.4583024668753324
CC12CCC(C(CO)C1=O)C2(C)C,-0.2149998353369229,-2.7287622174683253,-2.5137623821314024,2.5137623821314024
OCc1cc(O)ccc1O,0.8534002409878503,0.16827384725015593,-0.6851263937376944,0.6851263937376944
CC(C)(C)c1ccc(C(O)CCCN2CCC(C(O)(c3ccccc3)c3ccccc3)CC2)cc1,-6.690000200956085,-4.40953735899869,2.2804628419573953,2.2804628419573953
CCCCCCCC(=O)OCC,-3.3907000554084012,-4.011540759741758,-0.6208407043333564,0.6208407043333564
Cc1ccc(OP(=O)(Oc2ccccc2)Oc2ccccc2)cc1,-6.15170021138641,-5.961181388083681,0.19051882330272907,0.19051882330272907
O=C1CCCCCN1C(=O)Nc1ccc(Cc2ccc(NC(=O)N3CCCCCC3=O)cc2)cc1,-7.763261309083374,-3.7944154547152436,3.9688458543681304,3.9688458543681304
OC1CSC(O)CS1,-1.4690381033403426,0.3908496970222406,1.8598878003625832,1.8598878003625832
COc1cc(S(=O)(=O)CCOS(=O)(=O)[O-])c(OC)cc1N=NC1C(=O)N(c2ccc(S(=O)(=O)[O-])cc2)N=C1C,-0.08984282826141676,-0.11700100355424725,-0.02715817529283049,0.02715817529283049
CC(=O)Nc1ccccc1[N+](=O)[O-],-1.9092998544438398,-2.4930613885917716,-0.5837615341479319,0.5837615341479319
O=C1CCCCCNC(=O)CCCCCNC(=O)CCCCCNC(=O)CCCCCN1,-2.8125998331013458,0.23559923433383156,3.0481990674351773,3.0481990674351773
COC(=O)/C=C/c1ccccc1,-2.7343475109871718,-3.039928139255943,-0.3055806282687712,0.3055806282687712
Oc1cc(Cl)ccc1Cl,-1.9111654952059132,-1.7782181111650546,0.1329473840408586,0.1329473840408586
CC(=O)C(=O)Nc1ccccc1,-1.3675997789264307,-1.912734723173509,-0.5451349442470783,0.5451349442470783
CN(C)P(=O)(N(C)C)n1nc(-c2ccccc2)nc1N,-3.0708999118728304,-2.274302845617015,0.7965970662558153,0.7965970662558153
N#C/C(=N\OCC1OCCO1)c1ccccc1,-4.064899893689607,-3.093405165440386,0.9714947282492212,0.9714947282492212
O=C(O)c1ccc2ccccc2c1,-3.5638999518719965,-3.5827699561397397,-0.018870004267743212,0.018870004267743212
NCC(=O)NCC(=O)Nc1c(S(N)(=O)=O)cc(S(N)(=O)=O)c(Cl)c1Cl,-1.2299999217477626,-2.04173633186828,-0.8117364101205176,0.8117364101205176
NC(=O)NO,1.1189002520999725,0.044984344300040835,-1.0739159077999316,1.0739159077999316
CCOP(=S)(OCC)SCn1nnc2ccccc2c1=O,-4.517099937517821,-4.620613496560355,-0.10351355904253445,0.10351355904253445
NC(CO)CO,0.9744272067891542,1.2517743438503222,0.277347137061168,0.277347137061168
CC(=O)OC1c2ccccc2N(C(N)=O)c2ccccc2C1OC(C)=O,-3.5499999516541445,-3.6495230836444152,-0.09952313199027074,0.09952313199027074
COC(=O)c1ccc(C(F)(F)F)nc1S(=O)(=O)NC(=O)Nc1nc(OC)cc(OC)n1,-3.89000005777233,-4.485466653669673,-0.5954665958973426,0.5954665958973426
COc1ccc([N+](=O)[O-])cc1OC(C)=O,-2.9466039511838886,-3.2469294980684764,-0.3003255468845878,0.3003255468845878
COc1ccc(C(=O)Nc2ccccc2)cc1N/N=C1\C(=O)C(C(=O)Nc2ccc3[nH]c(=O)[nH]c3c2)=Cc2ccccc21,-8.47908378393371,-7.5183507725007885,0.9607330114329216,0.9607330114329216
BrC(Br)Br,-1.911299864405179,-2.1729070334921365,-0.26160716908695747,0.26160716908695747
CCCCCCCCCCCCCCCCCCOCCCCCCCCCCCCCCCCCC,-7.019521234867931,-7.262838112719418,-0.2433168778514876,0.2433168778514876
Cc1cc(C(C)(C)C)cc(C)c1CC#N,-4.701811830587043,-4.959743826089763,-0.2579319955027204,0.2579319955027204
CCCCCCCCCCNCC(O)CO,-3.1099998478165527,-3.00178226258441,0.10821758523214253,0.10821758523214253
CCCC(=O)N(C)c1ccc(S(=O)(=O)N(C)C)cc1,-2.1599999988824194,-3.3363169688105723,-1.1763169699281528,1.1763169699281528
CCOC(=O)C(C)Oc1ccc(Oc2nc3ccc(Cl)cc3o2)cc1,-5.604199899940747,-5.809318381880516,-0.20511848193976867,0.20511848193976867
COC(=O)C1(S(=O)(=O)c2ccc(C)cc2)CC1,-2.8802999805056757,-3.3682919037737515,-0.48799192326807583,0.48799192326807583
Nc1nc(N)nc(Nc2nc(N)nc(N)n2)n1,-4.225336993666991,-3.375890423330804,0.8494465703361871,0.8494465703361871
Clc1ccc(-c2ccc(Cl)cc2Cl)c(Cl)c1,-6.51000040865085,-6.972238183632857,-0.46223777498200747,0.46223777498200747
Clc1c(Cl)c(Cl)c2nccnc2c1Cl,-5.427999988535143,-5.62005422321192,-0.1920542346767764,0.1920542346767764
CC(C)(C)c1cc([N+](=O)[O-])cc([N+](=O)[O-])c1O,-4.727399811723891,-3.9564285459789335,0.7709712657449574,0.7709712657449574
C=COC(=O)CCCCCCCCCCCCCCCCC,-6.150000271932727,-6.420018179943025,-0.27001790801029735,0.27001790801029735
CCN1c2cc(N(C)C)cc(C)c2NC(=O)c2cccnc21,-4.870999836813489,-4.088139484938102,0.7828603518753869,0.7828603518753869
CCOP(=S)([S-])OCC,0.681477783598941,-1.2048351311244736,-1.8863129147234146,1.8863129147234146
CC(=O)OC/C=C(\C)CCC=C(C)C,-3.8305001064897675,-3.355675139760908,0.47482496672885954,0.47482496672885954
Cc1ccc(N=c2sccn2C)c(C)c1,-3.1630000600319517,-2.6799335408676828,0.4830665191642689,0.4830665191642689
Clc1ccccc1-c1c(Cl)ccc(Cl)c1Cl,-6.300099846302485,-6.70547826286393,-0.4053784165614447,0.4053784165614447
Cc1ccc2c3c1CCCC3CN(C(N)=NO)C2,-1.1999999103545858,-2.0998019074767065,-0.8998019971221207,0.8998019971221207
CN(C)c1nc2ncncc2[nH]1,-1.38849981400897,-1.5904289080828535,-0.2019290940738836,0.2019290940738836
O=C([O-])c1ccc[n+](Cc2ccccc2)c1,0.5192205227271347,-0.6782112521593233,-1.197431774886458,1.197431774886458
Cn1c(=O)c2ncnnc2n(C)c1=O,-1.9848998859151836,-0.48906745295837917,1.4958324329568045,1.4958324329568045
CCC(CC)Nc1c([N+](=O)[O-])cc(C)c(C)c1[N+](=O)[O-],-5.972099868965792,-5.196910638803404,0.7751892301623879,0.7751892301623879
COC(=O)C1(S(=O)(=O)c2ccc(Cl)cc2)CCC1,-2.99959987593832,-3.629462528243371,-0.629862652305051,0.629862652305051
O=C(O)c1cccc(C(=O)O)c1C(=O)O,-0.836999896721367,-1.2040721183524734,-0.3670722216311064,0.3670722216311064
CCCCCCCCCCCC(=O)N(C)CC(=O)O,-2.7346414738039533,-3.322826943029413,-0.5881854692254596,0.5881854692254596
Cc1c(COC(=O)C2C(/C=C(\Cl)C(F)(F)F)C2(C)C)cccc1-c1ccccc1,-6.626200297270099,-6.758066516505771,-0.13186621923567188,0.13186621923567188
NC(=O)Nc1cc(Nc2nc(Cl)nc(Nc3cccc(S(=O)(=O)CCOS(=O)(=O)[O-])c3)n2)ccc1N=Nc1cc2c(S(=O)(=O)[O-])cc(S(=O)(=O)[O-])cc2cc1S(=O)(=O)[O-],-0.4261362906593269,0.5052654497712168,0.9314017404305437,0.9314017404305437
O=[N+]([O-])c1ccc(Cl)c(Cl)c1Cl,-3.940000030751987,-4.829584585680309,-0.8895845549283221,0.8895845549283221
CC1(C)CCCC2(C)C1CCC1(C)OCCC12,-5.0994877933263645,-4.734630627586188,0.3648571657401769,0.3648571657401769
Cc1ccc([N+](=O)[O-])cc1Cl,-3.5442781150121614,-3.567777610936792,-0.02349949592463041,0.02349949592463041
C=CCOC1=NS(=O)(=O)c2ccccc21,-3.172699884050714,-3.448807211624202,-0.276107327573488,0.276107327573488
CCCCCCC(CC=CCCCCCCCC(=O)O)OS(=O)(=O)O,-0.5780997804547523,-2.5749216996905497,-1.9968219192357974,1.9968219192357974
Cc1cc(O)c(Cl)c(C)c1Cl,-2.9800998564554,-3.0556854813677576,-0.07558562491235765,0.07558562491235765
C[Si](C)(O)O[Si](C)(C)O,-0.17959979704813023,0.1775362812367418,0.35713607828487204,0.35713607828487204
NS(=O)(=O)c1ccc(Nc2ccnc(NS(=O)(=O)c3cccc(C(F)(F)F)c3)n2)cc1,-1.8199999617776905,-3.2178622035361517,-1.3978622417584612,1.3978622417584612
Nc1ccc(N)c(S(=O)(=O)c2ccccc2C(=O)O)c1,-1.8394998518603798,-2.8649084787252987,-1.025408626864919,1.025408626864919
O=C(CC(Cl)Cl)NC1=C(Cl)C(=O)c2ccccc2C1=O,-5.030000214659225,-6.062451457691321,-1.0324512430320958,1.0324512430320958
O=C(OCCc1ccccc1)c1ccccc1O,-4.4891051811086555,-4.005612641879123,0.48349253922953217,0.48349253922953217
CC(=O)Nc1ccc(Br)cc1,-3.079999870930104,-2.8086811455368257,0.2713187253932783,0.2713187253932783
CC(C)CCCCCCCOCCCNCCCN,-3.204880910447539,-2.9873794993379748,0.2175014111095641,0.2175014111095641
C/C=C/c1ccc(O)c(OC)c1,-2.3647374230236533,-2.755074667361873,-0.3903372443382196,0.3903372443382196
O=C(O)CCCc1ccc(N(CCCl)CCCl)cc1,-3.4000000672219013,-3.9914543933080857,-0.5914543260861844,0.5914543260861844
CCCCCCCCCCCCCCCCCC(=O)NCCCN(C)C,-4.5666141937925815,-5.223941553282959,-0.6573273594903775,0.6573273594903775
CC(N)=S,0.3363398327053302,-0.5604243301007714,-0.8967641628061016,0.8967641628061016
CCOC(=S)SC(CC(N)=O)C(=O)O,-1.699999916204983,-1.7234718067471246,-0.023471890542141605,0.023471890542141605
Nc1cccc2ccccc12,-1.9254999351306878,-2.2687447779066487,-0.3432448427759609,0.3432448427759609
CCOC(=O)C(Cc1ccccc1)NC(C)=O,-1.8599998849506514,-2.361552175965142,-0.5015522910144907,0.5015522910144907
CCCCC1C(=O)N(c2ccccc2)N(c2ccc(O)cc2)C1=O,-3.732899896430235,-4.7515941351257736,-1.0186942386955384,1.0186942386955384
CC1(O)CC(c2ccccc2)c2c(c3ccccc3oc2=O)O1,-4.739999736453416,-4.422944879192935,0.317054857260481,0.317054857260481
CS(=O)(=O)c1ccc(C(=N)N)cc1,-1.3799998406867342,-2.0192353226282824,-0.6392354819415482,0.6392354819415482
C=COC,-0.5310301188263189,0.07329366404266935,0.6043237828689882,0.6043237828689882
FC(Cl)C(F)(F)F,-1.9589998949427523,-2.768247783352057,-0.8092478884093048,0.8092478884093048
Cc1ccc(C(=O)O)c(C)c1,-2.969999970057595,-2.4830555761614805,0.48694439389611466,0.48694439389611466
CC1(C)C(O)C(C)(C)C1O,-0.37367723020753596,-1.0055006669507458,-0.6318234367432098,0.6318234367432098
O=C1CC[C@@H](C(=O)[O-])N1,0.6082048168579766,-0.004053857153694551,-0.6122586740116711,0.6122586740116711
CCCCOC(=O)c1ccccc1,-3.4800998795591616,-4.067044279801365,-0.5869444002422037,0.5869444002422037
CCCCN(CCOC(C)=O)c1ccc(N=Nc2c(C#N)cc([N+](=O)[O-])cc2C#N)c(C)c1,-8.880901106154054,-7.455887521434928,1.4250135847191263,1.4250135847191263
c1ccc2scnc2c1,-1.6538263252921477,-2.0120217601300414,-0.35819543483789373,0.35819543483789373
Cc1ccccc1NC(=O)CC(=O)CN=Nc1ccc(S(=O)(=O)[O-])cc1[N+](=O)[O-],-7.739803911367039,-2.255673353244209,5.48413055812283,5.48413055812283
CCCCCCCCCCCC=O,-5.061459584597691,-5.1405884811260805,-0.07912889652838917,0.07912889652838917
CC(=O)Oc1ccccc1C(=O)Oc1ccccc1,-4.107699830808443,-4.008830601315885,0.09886922949255794,0.09886922949255794
C1CCCCC1,-3.099999849769948,-4.230281255697712,-1.1302814059277635,1.1302814059277635
COc1c(Cl)cc(Cl)c(Cl)c1Cl,-5.13000016061854,-6.497021185965924,-1.367021025347384,1.367021025347384
CC(=O)CC(C)(C)c1ccccc1,-2.337666170178935,-2.937163203679787,-0.5994970335008518,0.5994970335008518
Oc1ccc2c(c1)CCCC2,-1.9947998662103568,-2.977863958500691,-0.9830640922903342,0.9830640922903342
C=Cc1ccc(C)cc1,-3.123199879054664,-3.2583825226757615,-0.13518264362109766,0.13518264362109766
C=C(C)CN(CC)c1c([N+](=O)[O-])cc(C(F)(F)F)cc1[N+](=O)[O-],-6.1240001424353165,-5.4961278640877795,0.627872278347537,0.627872278347537
CCCCOCCOC(N)=O,-0.5083997783693595,-1.1537273541455266,-0.6453275757761672,0.6453275757761672
S=C=Nc1cccc(N=C=S)c1,-4.699999813280455,-4.117809059902884,0.5821907533775708,0.5821907533775708
CC(C)(C)C(=O)Oc1ccc2nc(S(N)(=O)=O)sc2c1,-3.7300000200132057,-3.4743574424004957,0.25564257761271003,0.25564257761271003
CCCCOP(=S)([S-])OCCCC,-2.5083838941692895,-2.663763895115029,-0.15538000094573956,0.15538000094573956
CC(C)(C)C(O)C(Oc1ccc(-c2ccccc2)cc1)n1cncn1,-4.8291997666484106,-4.805548579147002,0.023651187501408266,0.023651187501408266
CCC(=O)OCCC(C)C,-2.8700734910791006,-2.7576398630229493,0.11243362805615131,0.11243362805615131
Nc1ccc(Cl)cc1O,-2.3906597053424443,-1.1183467776513885,1.2723129276910559,1.2723129276910559
O=C(c1ccccc1)n1ncc2c(=O)[nH]cnc21,-4.229999956850147,-4.336587789313586,-0.10658783246343884,0.10658783246343884
O=C(O)/C=C\c1ccc2c(c1)OCO2,-3.8522999390145407,-3.3289829778312225,0.5233169611833182,0.5233169611833182
CNC(=O)O/N=C/C1(C)SCC(C)S1,-2.3698000086250675,-2.6887093609744417,-0.31890935234937423,0.31890935234937423
O=C(O)C(=O)O,-0.11416593077261128,0.5227426934789259,0.6369086242515372,0.6369086242515372
OCCOCCOCCO,0.823405612644259,1.0314770423488921,0.2080714297046331,0.2080714297046331
O=C(O)c1cccc(Cl)c1,-2.5415000011378424,-2.0407502676057674,0.500749733532075,0.500749733532075
C[Si]([O-])(O)O,0.8786635828266256,0.9498642135041289,0.07120063067750326,0.07120063067750326
NC(CCCCNC(=O)OCC1c2ccccc2-c2ccccc21)C(=O)O,-2.999999938317362,-3.5076022939716323,-0.5076023556542704,0.5076023556542704
COC(=O)c1ccccc1N,-1.7338468756749361,-1.7358637249195938,-0.0020168492446577257,0.0020168492446577257
C=C(Br)C(=O)Nc1ccc(NNC2=C3C(=O)C=C(S(=O)(=O)[O-])C=C3C=CC2=NC)c(S(=O)(=O)[O-])c1,-1.9476530475378664,-0.9089712696779679,1.0386817778598985,1.0386817778598985
CCCCOC,-0.9906999031022727,-0.8590687436984972,0.13163115940377557,0.13163115940377557
Cc1ccc(Cl)cc1NC(=O)c1cc2ccccc2cc1O,-5.238559431472442,-5.76121351840874,-0.5226540869362974,0.5226540869362974
O=[N+]([O-])c1cccc(N=C=S)c1,-3.5499999516541445,-3.9168861820207304,-0.36688623036658585,0.36688623036658585
CCCCOP(=O)(O)OCCCC,-1.0872509706003046,-1.234716439372947,-0.14746546877264244,0.14746546877264244
CC(NC(=O)C(N)c1ccccc1)c1ccccc1,-1.6599998550051098,-2.0579271647519946,-0.3979273097468847,0.3979273097468847
N=C(N)NN=C1C=CC(=NNC(=N)N)c2ccccc21,-3.2899999334289776,-2.7891810139070397,0.5008189195219379,0.5008189195219379
CC(C)(C)Br,-2.3585998148146547,-3.5710598909147526,-1.2124600761000979,1.2124600761000979
CCCCO[N+](=O)[O-],-2.026799818551417,-2.495242524368968,-0.4684427058175511,0.4684427058175511
O=C(O)c1ccco1,-0.48019977594138785,-0.6814813857689885,-0.20128160982760068,0.20128160982760068
c1ccc2sccc2c1,-3.0137998517703264,-3.3701032309457775,-0.3563033791754511,0.3563033791754511
CNc1nc(Cl)nc(NC(C)C)n1,-2.889599973987476,-3.1309657389896928,-0.24136576500221674,0.24136576500221674
CN(C)c1ncc2nccnc2n1,0.3586002610369352,-0.8519367551055117,-1.210537016142447,1.210537016142447
CC(C)(c1ccc(O)cc1)c1ccc(O)cc1,-4.238636990896441,-3.24804910336878,0.9905878875276608,0.9905878875276608
Cc1ccc2nc(-c3ccc(N)cc3)sc2c1S(=O)(=O)O,-4.332499570193854,-2.4179749552616383,1.914524614932216,1.914524614932216
CCOC(=O)c1ccc(O)c(O)c1,-1.8556549357737706,-2.090598963089384,-0.2349440273156136,0.2349440273156136
COC(C)(C)C1CC=C(C)CC1,-3.2966136654724574,-3.5871754991311837,-0.29056183365872634,0.29056183365872634
CN(C)c1nc(=O)n(C2CCCCC2)c(=O)n1C,-0.8833998517706139,-1.6414529027259461,-0.7580530509553323,0.7580530509553323
NC(=O)N1c2ccccc2C=Cc2ccccc21,-3.2899999334289776,-3.835724149072015,-0.5457242156430375,0.5457242156430375
Cc1cc(C)c(C)c(C)n1,-1.3068998216670644,0.024676444671893893,1.3315762663389583,1.3315762663389583
O=C1NC(=O)C2(CCC2)C(=O)N1,-1.6599998550051098,-2.183567266021061,-0.5235674110159514,0.5235674110159514
CC(=O)Oc1ccc(Br)cc1C(=O)O,-2.589499860635976,-2.6966055355681835,-0.10710567493220768,0.10710567493220768
CCCCCCCC/C=C\CCCCCCCC(=O)NC(CO)C(O)CCCCCCCCCCCCCCC,-6.451761885321129,-6.51300221794272,-0.06124033262159134,0.06124033262159134
CN(C)CCCN1c2ccccc2Sc2ccc(C(F)(F)F)cc21,-5.300000179170905,-5.761912486693364,-0.4619123075224598,0.4619123075224598
COCC(C)OCC(C)OCC(C)O,0.6855001638814358,0.027014068461075347,-0.6584860954203604,0.6584860954203604
CCCCCCCCCCCC(=O)OCC(COC(C)=O)OC(C)=O,-6.378367454897212,-4.976563923667317,1.4018035312298949,1.4018035312298949
CCC(=O)OC1CCC2(C)C(=CCC3C4CCC(=O)C4(C)CCC32)C1,-4.690000039527583,-4.803578659052576,-0.1135786195249926,0.1135786195249926
C#CCOC(=O)[C@@H](C)Oc1ccc(Oc2ncc(Cl)cc2F)cc1,-4.941699981906464,-5.198047842535044,-0.25634786062857984,0.25634786062857984
c1c[nH]cn1,0.9683907378002505,0.8543874094656627,-0.11400332833458782,0.11400332833458782
CCCC(CC)(CC)CO,-2.4189998050865484,-2.5371178192013293,-0.11811801411478084,0.11811801411478084
O=C1c2ccccc2C(=O)c2cc(O)ccc21,-5.3092998804238505,-4.997110885907821,0.31218899451602944,0.31218899451602944
CCOc1ccccc1/C=C\C(=O)O,-2.523399980001178,-2.566988671911185,-0.04358869191000725,0.04358869191000725
C[C@]12CCC(=O)C=C1CC[C@@H]1[C@@H]2CC[C@@]2(C)[C@H]1CCC2(O)C#CCO,-3.526033855751991,-4.411174772261034,-0.8851409165090427,0.8851409165090427
CC(CCO[N+](=O)O)O[N+](=O)O,-1.6599998550051098,-2.013754964069623,-0.353755109064513,0.353755109064513
Cc1nn(C)c(OCC(=O)c2ccccc2)c1C(=O)c1ccc(Cl)cc1Cl,-2.6514000136591505,-4.9192093246849,-2.2678093110257493,2.2678093110257493
Clc1cc(-c2c(Cl)c(Cl)c(Cl)c(Cl)c2Cl)cc(Cl)c1Cl,-9.699701043518983,-9.371409553343204,0.3282914901757792,0.3282914901757792
CN(C/C=C/C#CC(C)(C)C)Cc1cccc2ccccc12,-3.092203089059896,-4.8476418184741155,-1.7554387294142195,1.7554387294142195
CC(C)(C)c1ccc(CSc2cnn(C(C)(C)C)c(=O)c2Cl)cc1,-7.483000147846651,-5.940222829590264,1.5427773182563866,1.5427773182563866
CCC(C)(C)OOC1(OOC(C)(C)CC)CCCCC1,-5.460037415182933,-5.2883926679418645,0.1716447472410687,0.1716447472410687
CCCCCCCCOC(=O)CCCCC(=O)OCCCCCCCC,-5.676799847456627,-6.260437260903542,-0.5836374134469153,0.5836374134469153
Nc1ccc(S(=O)(=O)O)c2cc(S(=O)(=O)O)ccc12,-0.259199917455609,0.053549466324950945,0.31274938378055994,0.31274938378055994
NNc1ccccc1,0.07000006585788832,-0.5751338581601178,-0.6451339240180061,0.6451339240180061
CCCCCCCCCCCCOP(=O)([O-])O,-3.784486005674263,-2.784950903121314,0.9995351025529491,0.9995351025529491
CN1C(C(=O)Nc2ccccn2)=C(O)c2sccc2S1(=O)=O,-3.8800000769790897,-3.370548298724959,0.5094517782541308,0.5094517782541308
COc1ncc2nccnc2n1,-1.1129998911170642,-0.823937719862061,0.2890621712550032,0.2890621712550032
CC1C(N)CN1c1c(F)cc2c(=O)c(C(=O)O)cn(C3CC3)c2c1Cl,-4.480000097802258,-4.175300167501711,0.3046999303005471,0.3046999303005471
O=c1c(O)c(-c2ccc(O)c(O)c2)oc2cc(O)cc(O)c12,-1.9899999113165987,-2.5417781253664207,-0.551778214049822,0.551778214049822
S=C=Nc1ccc(Br)cc1,-4.27000001805002,-4.313120039578818,-0.04312002152879835,0.04312002152879835
C=C(C)C(=O)OCCCCCCCCCCCCOC(=O)C(=C)C,-7.484220857860322,-5.652637132217694,1.831583725642628,1.831583725642628
CCOCOC1CCCCCCCCCCC1,-5.335320161850479,-3.680385073105816,1.6549350887446632,1.6549350887446632
C[C@]1(Cn2ccnn2)[C@H](C(=O)O)N2C(=O)C[C@H]2S1(=O)=O,-1.8384615444115064,-2.4289645890171148,-0.5905030446056083,0.5905030446056083
Clc1ccccc1-c1cc(Cl)c(Cl)c(Cl)c1,-6.90689983198075,-7.180252470195738,-0.27335263821498756,0.27335263821498756
O=C(S)CCCCC(=O)S,-1.7325998025209886,-0.710631013354587,1.0219687891664015,1.0219687891664015
O=C([O-])COc1ccccc1,0.10859570322362577,-1.6127764313962119,-1.7213721346198376,1.7213721346198376
CC1(C(=O)O)NCCc2cc(O)c(O)cc21,-0.7499998774838454,-1.2160128265481573,-0.4660129490643119,0.4660129490643119
CNc1nc(NC(C)C)nc(OC)n1,-1.750899893667243,-2.835550361488451,-1.084650467821208,1.084650467821208
CCC(Cl)(Cl)[N+](=O)[O-],-1.4995998842671738,-1.6672526171464856,-0.16765273287931182,0.16765273287931182
Cn1nc(S(N)(=O)=O)sc1=NS(=O)(=O)c1ccc(I)cc1,-2.7699999142320078,-2.1472960018609104,0.6227039123710973,0.6227039123710973
Cc1cc(Cl)cc2c1C(=O)/C(=C1/Sc3cc(Cl)cc(C)c3C1=O)S2,-7.931984302641791,-6.730439049710624,1.201545252931167,1.201545252931167
CC1=C(/C=C/C(C)=C/C=C/C(C)=C/C=C/C=C(C)/C=C/C=C(C)/C=C/C2=C(C)CCCC2(C)C)C(C)(C)CCC1,-7.553792218863315,-6.125118988587602,1.428673230275713,1.428673230275713
CCCCCCCCCCCCC,-7.593599732520326,-6.7462290524405955,0.8473706800797309,0.8473706800797309
O=[N+]([O-])c1cc(-c2ccccc2)ccc1O,-4.410099956693818,-3.5740982773384213,0.8360016793553968,0.8360016793553968
CC1(C)CN=C(NN=C(/C=C/c2ccc(C(F)(F)F)cc2)/C=C/c2ccc(C(F)(F)F)cc2)NC1,-7.915999681965269,-6.801227532027564,1.1147721499377052,1.1147721499377052
CC(O)CN(CC(C)O)CC(C)O,0.41732132645256614,0.812401002968782,0.3950796765162159,0.3950796765162159
CCCCCCCCC(C)C(CC)CCCCCCC,-6.752134395862676,-7.172290801832039,-0.42015640596936343,0.42015640596936343
O=C1C[C@@H]2OCC=C3CN4CC[C@]56c7ccccc7N1[C@H]5[C@H]2[C@H]3C[C@H]46,-3.32019991131156,-2.071377197235273,1.248822714076287,1.248822714076287
CC1=CC(=O)CC(C)(C)C1,-1.0613580880138644,-2.3551010741312512,-1.2937429861173868,1.2937429861173868
Clc1ccc(Oc2ccc(Cl)c(Cl)c2)cc1Cl,-6.979999989027332,-7.3696927512046155,-0.3896927621772832,0.3896927621772832
NCCCCCC(=O)O,0.5854000103836858,-0.14501715413484106,-0.7304171645185269,0.7304171645185269
CCCCCCC(CO[N+](=O)O)O[N+](=O)O,-4.329999902809462,-4.380912785788035,-0.050912882978573215,0.050912882978573215
CC(=O)C(N=Nc1ccc([N+](=O)[O-])cc1)C(=O)Nc1ccc2[nH]c(=O)[nH]c2c1,-7.525540870423914,-6.707778895440576,0.8177619749833376,0.8177619749833376
CCCC(=O)OCSc1ncnc2[nH]cnc12,-2.6899999816192657,-3.065841915666255,-0.3758419340469894,0.3758419340469894
CCc1c(C)c(CN)nc2ccccc12,-1.4799999246729612,-1.6602202839842857,-0.18022035931132452,0.18022035931132452
O=c1[nH]c2cncnc2[nH]1,-1.5140998874734275,-2.203160186242739,-0.6890602987693115,0.6890602987693115
Clc1c(Cl)c(Cl)c(Oc2ccccc2)c(Cl)c1Cl,-7.939999801501342,-8.045279000807882,-0.1052791993065405,0.1052791993065405
CC12CCC(C(=NO)C1=NO)C2(C)C,-2.519999894053445,-2.8874973248417044,-0.36749743078825947,0.36749743078825947
NCCc1ccc(O)c([N+](=O)[O-])c1,-1.3398998480022504,-1.8944997117164728,-0.5545998637142224,0.5545998637142224
C1CCNC1,1.1500001999584293,1.1196709943790695,-0.030329205579359808,0.030329205579359808
O=C(O)CCC(=O)c1ccc2ccccc2c1,-3.853300082022123,-3.6391474626089537,0.2141526194131691,0.2141526194131691
CCCCCCCCCC(C)(C)SSc1n[nH]c(=S)s1,-3.9885639717345587,-5.069048580297785,-1.0804846085632267,1.0804846085632267
O=C(O)c1cccc(O)c1,-1.2399998335275466,-0.8964081981340657,0.3435916353934809,0.3435916353934809
CCC(C)OP(=S)([S-])OC(C)CC,-2.422143126470404,-2.336661437776514,0.08548168869389006,0.08548168869389006
CN(C)C(=O)Nc1cc(C(C)(C)C)on1,-2.427199983954952,-3.2030460496869413,-0.7758460657319892,0.7758460657319892
OCC1(O)OCC(O)C(O)C1O,0.6400004203551606,0.8647877373184518,0.22478731696329124,0.22478731696329124
CCS(=O)(=O)CC,0.04330013991437731,-0.6329516754607036,-0.676251815375081,0.676251815375081
C1CCSC1,-1.1819172806088896,-1.9356992267854998,-0.7537819461766102,0.7537819461766102
CCCN1C(=O)CCC(N2C(=O)c3ccccc3C2=O)C1=O,-3.7200000392199657,-3.5180480326786157,0.20195200654135004,0.20195200654135004
COC(OC)C(C)(C)CC=C(C)C,-3.339761464917385,-3.664389686330125,-0.3246282214127403,0.3246282214127403
C[C@]12C=CC(=O)C=C1CC[C@@H]1[C@@H]2[C@@H](O)C[C@@]2(C)[C@H]1CC[C@]2(O)C(=O)CO,-3.178447203911408,-3.743911269424422,-0.5654640655130141,0.5654640655130141
Cc1cc(Nc2nc(NCCO)nc(Nc3ccc(N=Nc4cc(S(=O)(=O)[O-])c5cccc(S(=O)(=O)[O-])c5c4)c(C)c3)n2)ccc1N=Nc1cc(S(=O)(=O)[O-])c2cccc(S(=O)(=O)[O-])c2c1,-1.1748733531860442,0.39275667684459137,1.5676300300306356,1.5676300300306356
CC(O)C(=O)NCCCCCCNC(=O)C(C)O,-0.6999999045041885,-0.4243535350581773,0.2756463694460112,0.2756463694460112
COc1cc(OC)nc(NC(=O)NS(=O)(=O)c2c(-c3nnn(C)n3)cnn2C)n1,-2.606599980312155,-3.2622109751462696,-0.6556109948341144,0.6556109948341144
COc1ccc(CC2NC(=O)N(C(C)C(=O)O)C2=O)cc1,-0.859999735222944,-2.725425796433958,-1.8654260612110138,1.8654260612110138
Clc1ccc(Oc2c(Cl)cccc2Cl)cc1,-5.909999904733487,-6.2662749711385235,-0.35627506640503626,0.35627506640503626
[S-]c1nc2ccccc2s1,-4.285895887421837,-2.84821279515595,1.4376830922658872,1.4376830922658872
Cc1ccc(C(=O)O)c(O)c1,-1.1822689731818015,-1.5815432875672444,-0.3992743143854429,0.3992743143854429
O=C([O-])[C@H](O)[C@H](O)[C@@H](O)[C@H](O)[C@H](O)CO,0.31707044756642544,0.7436624963554865,0.4265920487890611,0.4265920487890611
CC(=O)OC/C=C/c1ccccc1,-2.792724544323532,-2.9782573006944335,-0.18553275637090172,0.18553275637090172
CNc1nc(NC(C)C)nc(SC)n1,-2.5655998451181556,-3.297834375486128,-0.7322345303679723,0.7322345303679723
CC(=O)CC(C)(C)O,0.9349004398720577,0.48078361631070976,-0.45411682356134797,0.45411682356134797
CCN(CC)c1ccc(N=Nc2c(Br)cc([N+](=O)[O-])cc2[N+](=O)[O-])c(NC(C)=O)c1,-7.379569404951585,-6.255517153582499,1.1240522513690863,1.1240522513690863
CC(CCC(=O)O)NC(=O)c1ccccc1,-1.6916998058519688,-1.5770804634071351,0.11461934244483363,0.11461934244483363
Nc1c2ccccc2nc2cc(F)ccc12,-2.119999799655634,-2.9003898493722504,-0.7803900497166163,0.7803900497166163
O=C(C=CC=Cc1ccc2c(c1)OCO2)N1CCCCC1,-3.4599999864880706,-3.6776115603271307,-0.21761157383906005,0.21761157383906005
CCCS[S+]([O-])CCC,-0.9198998265246869,-1.0357052342281672,-0.11580540770348025,0.11580540770348025
CC(C)C(N)C(=O)O,-0.19709967716948018,-0.2109926380147975,-0.013892960845317326,0.013892960845317326
Clc1cccc(-c2cc(Cl)ccc2Cl)c1,-6.00770004627763,-6.16539579374693,-0.15769574746929926,0.15769574746929926
CC1(C)NC(=O)NC1=O,0.03847416694762318,-1.0287333568536188,-1.067207523801242,1.067207523801242
COc1ccc(C(CN(C)C)C2(O)CCCCC2)cc1,0.2567190082609847,-2.3827101143335865,-2.639429122594571,2.639429122594571
CCN1CCCCC1,-1.2757102943424299,0.28578471548381623,1.5614950098262461,1.5614950098262461
CCCCCc1ccccc1,-4.643400221509116,-4.700083457589397,-0.05668323608028114,0.05668323608028114
CC(C)N(CCO)C(C)C,-1.0828999482392765,0.14941467809503983,1.2323146263343163,1.2323146263343163
O=C(O)c1cccc(C(=O)O)c1[N+](=O)[O-],-1.9900999118146658,-1.9175441329107699,0.07255577890389597,0.07255577890389597
CC1=CCC(=O)O1,-0.29299967172150554,0.23347279172069202,0.5264724634421976,0.5264724634421976
CC(=O)C(O)c1ccccc1,-1.1766032444797272,-0.8326755135544408,0.3439277309252864,0.3439277309252864
CCN(c1ccccc1)c1nc(Cl)nc(Nc2cc(S(=O)(=O)[O-])cc3c2C(=O)/C(=N/Nc2ccc(C)cc2S(=O)(=O)[O-])C(S(=O)(=O)[O-])=C3)n1,-0.8004342211569697,-0.34674762748171517,0.45368659367525455,0.45368659367525455
CN(C)C(N)=O,0.21243196918745788,0.7031872084960624,0.49075523930860454,0.49075523930860454
C[C@H]1O[C@@H](O[C@H]2[C@@H](O)C[C@H](O[C@H]3[C@@H](O)C[C@H](O[C@H]4CC[C@@]5(C)[C@H](CC[C@@H]6[C@@H]5CC[C@]5(C)[C@@H](C7=CC(=O)OC7)CC[C@]65O)C4)O[C@@H]3C)O[C@@H]2C)C[C@H](O)[C@@H]1O,-5.292600280340862,-3.595957461435546,1.6966428189053158,1.6966428189053158
C[N+](C)=CCC(O)CC(N)=O,0.5931295174806492,0.03418925947765672,-0.5589402580029925,0.5589402580029925
OC(CCl)CCl,-0.11499988937760852,0.40522437179199366,0.5202242611696022,0.5202242611696022
Nc1ncccc1O,-0.3461058023388426,0.15445376461461002,0.5005595669534526,0.5005595669534526
Cc1ccc(C(=O)c2cc(O)c(O)c([N+](=O)[O-])c2)cc1,-4.170000072090706,-3.8473656149215167,0.32263445716918904,0.32263445716918904
Fc1cccc(Cl)c1,-2.345699923097657,-2.7888316850450035,-0.44313176194734627,0.44313176194734627
CC(C)C1(NC(=O)C2CC3c4cccc5[nH]cc(c45)CC3N(C)C2)OC2(O)C3CCCN3C(=O)C(Cc3ccccc3)N2C1=O,-5.270000029750815,-3.208598665334266,2.0614013644165485,2.0614013644165485
Nc1ccc(S(=O)(=O)Nc2cnccn2)cc1,-3.700000008620029,-3.0541418918991483,0.6458581167208806,0.6458581167208806
C[Si](C)(C)O[Si](C)(C)O[Si](C)(C)O[Si](C)(C)O[Si](C)(C)O[Si](C)(C)C,-5.661813713464738,-6.253691333584667,-0.591877620119929,0.591877620119929
CC(C[N+](C)(C)C)OC(N)=O,0.5021002166150104,0.2842683518236866,-0.21783186479132377,0.21783186479132377
CSC(=O)c1c(C(F)F)nc(C(F)(F)F)c(C(=O)SC)c1CC(C)C,-5.45749992842453,-5.521355871036969,-0.06385594261243899,0.06385594261243899
CCN(CC)C(=O)/C(C#N)=C\c1cc(O)c(O)c([N+](=O)[O-])c1,-4.2600002442971485,-3.635156276408672,0.6248439678884767,0.6248439678884767
CCCCC(CC)COC(=O)c1ccc(N)cc1,-5.054393848922679,-5.289507649340601,-0.2351138004179223,0.2351138004179223
Cc1ccc(N2C(=O)c3cccc4c(N)ccc(c34)C2=O)c(C)c1,-4.891655426234087,-6.103633443342468,-1.2119780171083807,1.2119780171083807
CCCCCCCCN(CCCCCCCC)CCCCCCCC,-6.849599891655661,-6.469518219445803,0.3800816722098581,0.3800816722098581
Cn1cc(C(N)=O)c(Nc2ccc(Br)cc2F)c(F)c1=O,-4.139999922670617,-3.781001033175376,0.3589988894952407,0.3589988894952407
CC(C)(C)C(=O)OCn1ncc2c(=O)[nH]cnc21,-2.6799999835726616,-3.3009209678089686,-0.620920984236307,0.620920984236307
CNC(=O)O/N=C(\C)C(C)S(C)(=O)=O,-0.026699932678672766,-1.0668551478289299,-1.040155215150257,1.040155215150257
CCCCCCOC(=O)c1ccc(O)c(I)c1,-4.429999848768776,-4.6142892414590015,-0.18428939269022582,0.18428939269022582
CC(Cl)Cl,-1.2912998819955306,-1.7588104230598791,-0.46751054106434853,0.46751054106434853
N=C(N)NCCCC(N)C(=O)O,2.6931866292656537e-07,-0.1611646465680474,-0.16116491588671034,0.16116491588671034
Clc1cc(Cl)c2c(Cl)ccc(Cl)c2c1,-7.510000696405468,-7.880818830413441,-0.3708181340079726,0.3708181340079726
O=C(CCl)NC(=O)CCl,-2.2304000044542813,-1.0084621723841822,1.221937832070099,1.221937832070099
CC(Oc1ccc(Oc2cnc3cc(Cl)ccc3n2)cc1)C(=O)OCC1CCCO1,-5.03030014713997,-4.920247425093405,0.11005272204656524,0.11005272204656524
Cc1ccc2nc3sc(=O)sc3nc2c1,-5.369800112740908,-3.8641962025444174,1.5056039101964904,1.5056039101964904
COc1cc(C(=O)O)ccc1O,-2.0495997940837722,-1.7005743842145824,0.34902540986918984,0.34902540986918984
O=[N+]([O-])c1cccc(O)c1,-1.0699999530020943,-1.8518303480568108,-0.7818303950547165,0.7818303950547165
Nc1ccc(S(=O)(=O)c2ccc(Cl)cc2)cc1,-4.126699925441166,-3.999313231622011,0.12738669381915502,0.12738669381915502
CCCCCCC(=O)N(C)c1ccc(S(=O)(=O)N(C)C)cc1,-3.6800000470335483,-3.8841493730075785,-0.20414932597403013,0.20414932597403013
CC(=O)OC1C2(C)CCC(C2)C1(C)C,-3.8745968064510317,-4.399783135123059,-0.5251863286720271,0.5251863286720271
O=C(O)COc1ccc([N+](=O)[O-])cc1[N+](=O)[O-],-1.9368999228968657,-2.6569520254387333,-0.7200521025418676,0.7200521025418676
CC(C)I,-2.084299966913009,-2.7135743916506265,-0.6292744247376176,0.6292744247376176
NC(CSSCC(N)C(=O)O)C(=O)O,-3.309999895015458,-1.0509882641087258,2.2590116309067323,2.2590116309067323
O=C(O)C1=CC(=NNc2ccccc2[N+](=O)[O-])C=CC1=O,-2.0099998729030792,-4.817011438171798,-2.807011565268719,2.807011565268719
Cc1ccc(S(C)(=O)=O)cc1[N+](=O)[O-],-2.7647010610632146,-3.025945426410808,-0.26124436534759354,0.26124436534759354
COc1cc(Cl)c(Cl)cc1OC,-3.458800049524723,-4.169445756010323,-0.7106457064856002,0.7106457064856002
C1CN2CCN1CC2,0.6033001685511286,0.16723560881473887,-0.4360645597363897,0.4360645597363897
CN(C)c1ccc([C+](c2ccc(N(C)C)cc2)c2ccc(N(C)C)cc2)cc1,-2.008588409696409,-2.1572841813531367,-0.14869577165672787,0.14869577165672787
NC(=O)C[NH+](CC(=O)[O-])CC(=O)[O-],-1.7635817373693046,-0.43567450241698014,1.3279072349523244,1.3279072349523244
ONc1ccccc1,-0.43589976233809136,-0.7175936429260017,-0.28169388058791034,0.28169388058791034
NC(=Nc1ccccc1)Nc1ccccc1,-2.1575164116333267,-2.2939686440484643,-0.1364522324151376,0.1364522324151376
C=CCCCCCCCCC=O,-3.8931860639788596,-4.102661296396523,-0.2094752324176632,0.2094752324176632
Nc1ccc(S(=O)(=O)Nc2ccccc2C(=O)O)cc1,-0.7999998504635029,-2.9410443824308494,-2.1410445319673466,2.1410445319673466
CC(C(=O)O)C(=O)O,0.7597003954202108,0.7136490963518023,-0.04605129906840855,0.04605129906840855
CCOC(=O)C(=O)C(=O)OCC,0.5117002644294391,-0.771987012528808,-1.283687276958247,1.283687276958247
O=C(Oc1cc([N+](=O)[O-])c(Cl)cc1Cl)Oc1cc([N+](=O)[O-])c(Cl)cc1Cl,-6.812907921466376,-5.6430103071822515,1.1698976142841246,1.1698976142841246
COP(=S)(OC)Oc1nc(Cl)c(Cl)cc1Cl,-4.830999913640529,-5.833995109341396,-1.0029951957008674,1.0029951957008674
O=C([O-])CO,1.700916401433299,0.9425371928838575,-0.7583792085494414,0.7583792085494414
CCCCC1(CCO)C(=O)NC(=S)NC1=O,-2.16999997967566,-2.5368737876201255,-0.36687380794446556,0.36687380794446556
OCCN(CCO)CCO,0.5390166185639327,1.2700195692988792,0.7310029507349465,0.7310029507349465
CCC1(c2ccccc2)CCC(=O)NC1=O,-2.337399881758099,-2.3550197072663646,-0.017619825508265574,0.017619825508265574
NS(=O)(=O)c1ccccc1-c1nc2ccccc2c(=O)[nH]1,-3.079999870930104,-3.2467802564693944,-0.16678038553929042,0.16678038553929042
CCCCCCCCCCCCOC(=O)C(C)O,-4.634144826895064,-4.956404817050787,-0.3222599901557235,0.3222599901557235
O=C1OC(=O)c2ccc3c4ccc5c6c(ccc(c7ccc1c2c73)c64)C(=O)OC5=O,-5.59364277351542,-4.835569294577046,0.7580734789383738,0.7580734789383738
ClCc1ccc(-c2ccc(CCl)cc2)cc1,-10.098913521847651,-5.94061593023691,4.158297591610741,4.158297591610741
CCCCCCCCCCCCN=C(N)N,-2.659199879974733,-3.6019661870150483,-0.9427663070403152,0.9427663070403152
Cc1ncc2nc(C)c(C)nc2n1,-1.144199770460132,-0.25747182051178763,0.8867279499483445,0.8867279499483445
CCCOP(=O)(OC)OCCC,-0.6591998393197795,-0.4566380298792443,0.20256180944053526,0.20256180944053526
Cc1ccc(Cl)cc1Cl,-3.8089694954577196,-4.591470494266554,-0.7825009988088345,0.7825009988088345
C=CC(=O)OCCCCCCCCCCCC,-4.380910853411261,-5.773516961330331,-1.39260610791907,1.39260610791907
FC(F)(F)c1ccc(Cl)c(Cl)c1,-3.2679824324632776,-5.90464942949944,-2.636666997036162,2.636666997036162
Cc1c(C(C)C)c(=O)n(-c2ccccc2)n1C,-1.9099998579303086,-2.234770005515771,-0.3247701475854625,0.3247701475854625
COc1ccc(CO)cc1,-0.744726973374592,-0.9822333322928489,-0.2375063589182569,0.2375063589182569
CCCCC(CC)COC(=O)c1ccc(Nc2nc(Nc3ccc(C(=O)OCC(CC)CCCC)cc3)nc(Nc3ccc(C(=O)OCC(CC)CCCC)cc3)n2)cc1,-8.216478749283226,-7.040137210564657,1.1763415387185692,1.1763415387185692
CC1=NN(c2ccc(S(=O)(=O)[O-])cc2)C(=O)C1N=Nc1ccc(C)c(S(=O)(=O)Nc2ccccc2)c1,-0.8725521786945878,-1.8514636105504423,-0.9789114318558545,0.9789114318558545
CSc1cc(O)cc(O)c1,-1.795699840747418,-1.473896374604609,0.3218034661428091,0.3218034661428091
CCCC(N)=O,0.27210017527629216,-0.3797956871824324,-0.6518958624587246,0.6518958624587246
O=C(O)c1cccc([N+](=O)[O-])c1,-1.745907046163342,-2.315046181740409,-0.5691391355770672,0.5691391355770672
C#CC1(O)CCC2C3CCC4=CC(=O)CCC4C3CCC21C,-4.630000154768142,-4.981906117286619,-0.35190596251847683,0.35190596251847683
CC1CC(NC(N)=O)NC(=O)N1,-1.5314233692006718,-0.5758295137988445,0.9555938554018273,0.9555938554018273
COc1ccc(N=NC(C(C)=O)C(=O)Nc2ccccc2OC)c([N+](=O)[O-])c1,-8.308243457538374,-6.87971460341308,1.428528854125294,1.428528854125294
NS(=O)(=O)c1ccc(S(N)(=O)=O)cc1,-2.5282999698997313,-0.7727476788432965,1.7555522910564347,1.7555522910564347
O=[N+]([O-])c1cc(CCO)ccc1O,-1.155599827239766,-1.9665943427058876,-0.8109945154661216,0.8109945154661216
O=S(=O)(O)c1cc(Nc2nc(Nc3ccccc3)nc(N(CCO)CCO)n2)ccc1/C=C/c1ccc(Nc2nc(Nc3ccccc3)nc(N(CCO)CCO)n2)cc1S(=O)(=O)O,-1.0592791266586061,-2.285264114841984,-1.225984988183378,1.225984988183378
Clc1cc(Cl)c(-c2cccc(Cl)c2Cl)c(Cl)c1,-7.3998999409933734,-7.541637016845691,-0.14173707585231732,0.14173707585231732
COC(=O)c1ccc(-c2cc(C(=O)OC)ccc2C(=O)OC)cc1,-6.7316782553305625,-4.091692159637544,2.6399860956930183,2.6399860956930183
COC(=O)c1cccc(C)c1S(=O)(=O)NC(=O)Nc1nc(OCC(F)(F)F)nc(N(C)C)n1,-5.69000018925529,-4.955360229377398,0.7346399598778923,0.7346399598778923
c1ccc2c(NCCCN3CCOCC3)cccc2c1,-2.7028033062576435,-2.7376198875341644,-0.034816581276520875,0.034816581276520875
CC(=O)OCC(=O)C1(O)C(OC(C)=O)CC2C3CCC4=CC(=O)C=CC4(C)C3(F)C(O)CC21C,-4.130000148917745,-3.908821683607261,0.22117846531048357,0.22117846531048357
O=P(OC(CCl)CCl)(OC(CCl)CCl)OC(CCl)CCl,-4.376705173389038,-4.283387248288136,0.09331792510090153,0.09331792510090153
O=C(O)c1c[nH]c(=O)[nH]c1=O,-1.938099859860213,-1.8032922181068667,0.13480764175334636,0.13480764175334636
N#Cc1ccc(C(=O)O)cc1,-2.088499918818365,-1.8849464550253634,0.20355346379300165,0.20355346379300165
O=C(O)O,-2.217340864187049,0.40811741587685724,2.6254582800639064,2.6254582800639064
Clc1ccc(-c2cc(Cl)c(Cl)c(Cl)c2Cl)c(Cl)c1Cl,-8.056599968166685,-8.876802258962064,-0.820202290795379,0.820202290795379
O=C(O)CSC(CC(=O)O)c1ccccc1,-1.5499998592390989,-1.680737294384788,-0.13073743514568914,0.13073743514568914
CC(=O)n1c(=O)[nH]cc(F)c1=O,-0.5999999585448736,-1.0133237562943473,-0.4133237977494737,0.4133237977494737
O=C(Nc1ccc(Cc2ccc(NC(=O)NC3CCCCC3)cc2)cc1)NC1CCCCC1,-5.1426673044544255,-5.374959558728131,-0.23229225427370537,0.23229225427370537
CC(=O)c1cc(Nc2nc(Nc3cc(C(C)=O)c(N)c4c3C(=O)c3ccccc3C4=O)nc(-c3ccccc3)n2)c2c(c1N)C(=O)c1ccccc1C2=O,-4.950431840441609,-6.907934757770269,-1.95750291732866,1.95750291732866
CCc1ccc(C(c2ccc(CC)cc2)C(Cl)Cl)cc1,-7.04000028786751,-6.98473928109307,0.05526100677444035,0.05526100677444035
C/C=C\C(=O)O[C@@H]1C[C@H]2O[C@@H]3C=C(C)C(=O)C[C@]3(C)[C@]1(C)[C@@]21CO1,-2.919599947638919,-4.580311570502962,-1.660711622864043,1.660711622864043
Cc1cc(=O)[nH]c(=O)[nH]1,-1.2556998427106036,-1.5881393176592031,-0.3324394749485995,0.3324394749485995
N#Cc1cccc(N)c1,-1.169299826461484,-0.9445125094981928,0.22478731696329124,0.22478731696329124
O=C(O)c1ccc2ncccc2c1,-0.04559968174604778,-2.53764366723102,-2.492043985484972,2.492043985484972
CCOC(=O)C(C)(C(=O)NC(=O)NC)C1=CCCCC1,-2.999999938317362,-2.7820985252155297,0.2179014131018322,0.2179014131018322
CC(Br)C(=O)NCC(=O)NCC(=O)O,-0.9641998401279834,-0.35840289602246145,0.605796944105522,0.605796944105522
CCCCCCCCCCCCCCCCOc1ccccc1C(=O)CC(=O)Nc1nc(-c2ccccc2)cs1,-4.847279635855858,-6.454370317912529,-1.607090682056671,1.607090682056671
O=C(CBr)Nc1ccc(Cl)cc1C(=O)c1ccccc1Cl,-6.888808368512658,-6.0450142417882216,0.8437941267244362,0.8437941267244362
CCOC(=O)N(CC)CC,-1.065099859583357,-0.27415099261173514,0.7909488669716218,0.7909488669716218
CC(C)c1ccc(NC(=O)N(C)C)cc1,-3.4999999786744875,-2.9811919857734455,0.5188079929010421,0.5188079929010421
CCCCCCCCCc1ccccc1O,-1.4630692675385375,-4.955481555033438,-3.4924122874949,3.4924122874949
O=C1C(Cl)=C(Cl)C(=O)N1c1ccc(F)cc1,-4.644199811412914,-5.8204971815194995,-1.1762973701065853,1.1762973701065853
CC(=O)N[C@H](CC(C)C)C(=O)O,-1.3300999372186002,-0.815521252821855,0.5145786843967453,0.5145786843967453
NCCCCCCCCCCC(=O)O,-2.4007753526883144,-2.234230596341933,0.16654475634638155,0.16654475634638155
C[C@@H](Oc1ccc(Cl)cc1Cl)C(=O)O,-2.600299983440664,-2.797161057103456,-0.19686107366279204,0.19686107366279204
ClC(Cl)C(Cl)C(Cl)Cl,-2.722299987214619,-2.9581501094503464,-0.23585012223572743,0.23585012223572743
NC(Cc1cc(I)c(O)c(I)c1)C(=O)O,-2.85999982763799,-2.427569067918832,0.4324307597191579,0.4324307597191579
CCCCC(=O)OCC(CO)(CO)COCC(CO)(CO)CO,-6.830456939168556,-1.5975555136262538,5.232901425542302,5.232901425542302
Nc1nc2[nH]cnc2c(=S)[nH]1,-3.309999895015458,-3.1313347194333883,0.17866517558206985,0.17866517558206985
O=C1c2ccccc2C(=O)C1c1ccc2ccccc2n1,-4.701186154592927,-5.417749557909271,-0.7165634033163446,0.7165634033163446
O=c1[nH]c2cc(N=Cc3c([O-])ccc4ccccc34)c(N=Cc3c([O-])ccc4ccccc34)cc2[nH]1,-7.626694169263626,-6.340060293778486,1.2866338754851396,1.2866338754851396
COc1ccccc1C(N)=O,-1.7814998390353654,-1.1837482076024828,0.5977516314328826,0.5977516314328826
O=c1cc[nH]c(=O)[nH]1,-1.4799999246729612,-1.2444581027995452,0.235541821873416,0.235541821873416
CCOC(=O)CC#N,-0.3276121284478828,-0.9088971492259845,-0.5812850207781017,0.5812850207781017
CCCOCCC,-1.3191999519427573,-1.4782952923042558,-0.15909534036149853,0.15909534036149853
CC(C)OC(=O)C1(S(=O)(=O)c2ccc([N+](=O)[O-])cc2)CCCCC1,-4.879600017674161,-3.6613569590098662,1.2182430586642945,1.2182430586642945
CC(C)C(=O)OC(=O)C(C)C,0.5917903803761,-1.21141183744869,-1.80320221782479,1.80320221782479
O=C(O)C1CCC(C(=O)O)CC1,-0.8723705352778093,0.13311590816579288,1.0054864434436022,1.0054864434436022
CC12C(=O)OC(=O)C1(C)C1CCC2O1,-3.819999916165824,-2.680458112148433,1.1395418040173908,1.1395418040173908
CNC(=O)Oc1ccc(N(C)C)c(C)c1,-2.3571998078417176,-2.103071488978722,0.2541283188629957,0.2541283188629957
CCCCCCCCCCCCCCCC(=O)O[C@@H]1C[C@@H](C(=O)O)N(C(=O)CCCCCCCCCCCCCCC)C1,-5.783876157163212,-6.209655503491792,-0.4257793463285804,0.4257793463285804
CCCCC1C(=O)N(c2ccccc2)N(c2ccccc2)C1=O,-3.812400085353103,-5.49673518250254,-1.6843350971494373,1.6843350971494373
C1CCCC1,-2.640000025892973,-4.230281117670799,-1.5902810917778263,1.5902810917778263
S=P(N1CC1)(N1CC1)N1CC1,0.0018001402569560732,-0.8009657627967983,-0.8027659030537544,0.8027659030537544
CCCCCC(=O)OC,-1.8699998657438914,-2.082696370244214,-0.2126965045003224,0.2126965045003224
CC1C(C=O)CC2CC1C2(C)C,-3.5580403643713923,-4.476318505966592,-0.9182781415951999,0.9182781415951999
O=C(O)COc1cc(Cl)c(Cl)cc1Cl,-2.9799999594775173,-3.4422131139090175,-0.46221315443150024,0.46221315443150024
CCCC(CC)CCCCCCCN,-3.697625876712505,-4.105230943425526,-0.40760506671302066,0.40760506671302066
c1ccc2c(c1)C1=NC2=Nc2[n-]c(c3ccccc23)N=C2N=C(N=c3[n-]c(c4ccccc34)=N1)c1ccccc12,-8.158424629908533,-5.720095025137318,2.438329604771215,2.438329604771215
O=[N+]([O-])OCC(CO[N+](=O)[O-])(CO[N+](=O)[O-])CO[N+](=O)[O-],-3.866400009241983,-2.9343919855985208,0.932008023643462,0.932008023643462
Clc1cc(Oc2c(Cl)c(Cl)c(Cl)c(Cl)c2Cl)c(Cl)c(Cl)c1Cl,-10.550000930734639,-9.85691921787122,0.6930817128634192,0.6930817128634192
CCCCOC(=O)[C@@H](C)Oc1ccc(Oc2ccc(C(F)(F)F)cn2)cc1,-5.2825999544803395,-6.089817501514295,-0.8072175470339555,0.8072175470339555
CN1C2CCC1CC(OC(=O)C(COS(=O)(=O)O)c1ccccc1)C2,-1.5674998773873614,-1.8352399272615658,-0.2677400498742044,0.2677400498742044
CC(C)(COCc1cccc(Oc2ccccc2)c1)c1ccc(OC(F)(F)Br)cc1,-9.979900644752757,-6.869106959137797,3.1107936856149596,3.1107936856149596
Clc1ccc(-c2c(Cl)c(Cl)cc(Cl)c2Cl)cc1,-7.880000606876463,-7.78556977078051,0.09443083609595249,0.09443083609595249
COP(=S)(OC)Oc1ccc(Sc2ccc(OP(=S)(OC)OC)cc2)cc1,-6.237500224647127,-5.076814802553459,1.1606854220936684,1.1606854220936684
COc1ccc([C@@H]2Sc3ccccc3N(CCN(C)C)C(=O)[C@@H]2OC(C)=O)cc1,-3.1600000278365785,-3.877472597171839,-0.7174725693352606,0.7174725693352606
CCC1(CC)C(=O)NC(=O)N=C1N,-1.3966998548504612,-2.0313591925367818,-0.6346593376863205,0.6346593376863205
NC(=O)NC1NC(=O)NC1=O,-1.5087824006714539,-1.8461123071549197,-0.33732990648346584,0.33732990648346584
CC(=O)NS(=O)(=O)c1ccc(NC(=O)c2ccccc2C(=O)O)cc1,-2.519999894053445,-3.160198320749671,-0.6401984266962262,0.6401984266962262
CC(N)=O,1.5808001372003129,0.6266951781030374,-0.9541049590972754,0.9541049590972754
O=C1CN(/N=C/c2ccc([N+](=O)[O-])o2)C(=O)N1CO,-2.9100000222155415,-3.0483827707374402,-0.1383827485218987,0.1383827485218987
C[NH+](C)C(CSC(N)=O)CSC(N)=O,-0.1363998579370267,-1.0457203289683203,-0.9093204710312937,0.9093204710312937
CN(C)CC/C=C1\c2ccccc2COc2ccccc21,-3.9468998580782393,-3.5836154399919264,0.36328441808631284,0.36328441808631284
C=CCBr,-1.499499952782563,-1.8336302574086232,-0.3341303046260602,0.3341303046260602
ClCCCBr,-1.9401513538598945,-2.1851266940778737,-0.2449753402179793,0.2449753402179793
Cc1cc(C)nc(Nc2ccccc2)n1,-3.216599878408379,-2.3725477448778536,0.8440521335305253,0.8440521335305253
COc1cc2c(c3c1c(=O)c1ccccc1n3C)C=CC(C)(C)O2,-5.2100001449913735,-4.841158004261976,0.3688421407293978,0.3688421407293978
COc1ccccc1,-1.8499999041574111,-1.8117191751924187,0.03828072896499246,0.03828072896499246
CC(=O)OC1=CCC2C3CCC(C3)C12,-3.0097264619170008,-3.6034583959654993,-0.5937319340484986,0.5937319340484986
Nc1c(S(=O)(=O)[O-])cc(Br)c2c1C(=O)c1ccccc1C2=O,-1.3055372199873998,-1.455079027603964,-0.14954180761656422,0.14954180761656422
