smiles,observed_logS,predicted_logS,residual,absolute_error
BrCCc1ccccc1,-3.675699889154309,-3.812325381042822,-0.13662549188851303,0.13662549188851303
Brc1c(Br)c(Br)c(Br)c(Br)c1Br,-9.537400100940284,-9.706503893269746,-0.16910379232946227,0.16910379232946227
Brc1cc(Br)c(Br)cc1Br,-6.979999724264174,-7.785421974989369,-0.8054222507251945,0.8054222507251945
Brc1cc(Br)cc(Br)c1,-5.600399752374603,-6.256905875086917,-0.6565061227123143,0.6565061227123143
Brc1ccc(Br)c(Br)c1,-4.807999951839838,-6.240299387977124,-1.4322994361372858,1.4322994361372858
Brc1ccc(Br)cc1,-4.07170001807169,-4.564067694636855,-0.49236767656516545,0.49236767656516545
Brc1ccc(I)cc1,-4.452000052589307,-4.98986119432762,-0.537861141738313,0.537861141738313
Brc1cccc(Br)c1,-3.54349990461086,-4.460860123035928,-0.9173602184250682,0.9173602184250682
Brc1cccc(Br)c1Br,-5.040200170108438,-5.974946113276258,-0.9347459431678198,0.9347459431678198
Brc1ccccc1,-2.5685615522821954,-3.1060818264946226,-0.5375202742124272,0.5375202742124272
Brc1ccccc1Br,-3.4999999655014618,-4.231735866085562,-0.7317359005841002,0.7317359005841002
C#CC(C)(C)NC(=O)c1cc(Cl)cc(Cl)c1,-4.232399864110517,-4.582453603853315,-0.35005373974279763,0.35005373974279763
C#CC(C)N(C(=O)CCl)c1ccccc1,-2.6468000201382686,-2.5869271371128417,0.059872883025426926,0.059872883025426926
C#CC(C)N(C)C(=O)Nc1ccc(Cl)cc1,-3.897099926258169,-2.6464937244947837,1.2506062017633854,1.2506062017633854
C#CC(C)OC(=O)Nc1cccc(Cl)c1,-2.617199884228997,-3.791320792166825,-1.1741209079378279,1.1741209079378279
C#CCN(C)[C@H](C)Cc1ccccc1,-2.509999983649984,-1.5473397391810653,0.9626602444689185,0.9626602444689185
C#Cc1ccccc1,-2.350199959791099,-1.998513051813417,0.3516869079776819,0.3516869079776819
C/C(C=O)=C/c1ccccc1,-2.4747185861324956,-2.110074388558097,0.3646441975743988,0.3646441975743988
C/C=C/C(=O)Oc1c([N+](=O)[O-])cc([N+](=O)[O-])cc1C(C)(C)CC(C)(C)C,-4.959499762077389,-5.679149700251541,-0.7196499381741521,0.7196499381741521
C/C=C/c1ccc(O)c(OC)c1,-2.364737512940031,-2.7090250848464406,-0.34428757190640935,0.34428757190640935
C/C=C/c1ccc(OC)c(OC)c1,-2.7782268439379845,-2.959981306800804,-0.18175446286281938,0.18175446286281938
C/C=C/c1ccc(OC)cc1,-3.125539753441181,-3.5791785298229337,-0.4536387763817529,0.4536387763817529
C/C=C/c1ccc(OCC(=O)[O-])c(OC)c1,-1.582599995252004,-2.792655200323943,-1.210055205071939,1.210055205071939
C/C=C\COCN(C(=O)CCl)c1c(CC)cccc1CC,-4.028699813735073,-4.316989617422693,-0.28828980368762025,0.28828980368762025
C=C(C(=O)O)c1ccccc1,-2.056799917817277,-2.0388193388143705,0.017980579002906616,0.017980579002906616
C=C(C)C(=O)Nc1ccc(Cl)c(Cl)c1,-4.432499808705453,-4.664458994056873,-0.23195918535142024,0.23195918535142024
C=C(C)C(=O)OCCOc1ccccc1,-2.9526471909005894,-3.1856244594624687,-0.2329772685618794,0.2329772685618794
C=C(C)C(=O)OCc1ccccc1,-2.968204478403553,-2.865011035144522,0.1031934432590309,0.1031934432590309
C=C(C)C(=O)Oc1ccccc1,-2.494851337158764,-2.60340446053792,-0.1085531233791559,0.1085531233791559
C=C(C)CN(CC)c1c([N+](=O)[O-])cc(C(F)(F)F)cc1[N+](=O)[O-],-6.124000052199978,-5.246365292725015,0.8776347594749634,0.8776347594749634
C=C(C)c1cccc(C(=C)C)c1,-4.451139415280505,-4.444894211543319,0.006245203737185179,0.006245203737185179
C=C(C)c1ccccc1,-3.0080823702472546,-3.0754047790018846,-0.06732240875463003,0.06732240875463003
C=C(CC(Cl)(Cl)Cl)c1ccccc1,-4.282199852159019,-4.707576787051108,-0.42537693489208905,0.42537693489208905
C=C(OC(C)=O)c1ccccc1,-2.1135955118007734,-1.95373975759084,0.15985575420993348,0.15985575420993348
C=CC(=O)OCCOc1ccccc1,-2.563625824551569,-2.9094726206962367,-0.34584679614466785,0.34584679614466785
C=CC(=O)OCc1c(Br)c(Br)c(Br)c(Br)c1Br,-7.806076725693481,-7.042139644434794,0.7639370812586872,0.7639370812586872
C=CC(C)(C#N)Cc1ccccc1,-3.000616767145856,-2.7562394161068258,0.24437735103903035,0.24437735103903035
C=CCN(CC=C)C(=O)COC(=O)c1ccccc1,-2.562599902664671,-3.1472570575885306,-0.5846571549238595,0.5846571549238595
C=CCN(CC=C)c1c(C)cc(OC(=O)NC)cc1C,-3.5931999388959657,-3.1798553297809127,0.413344609115053,0.413344609115053
C=CCOC(=O)COc1ccccc1,-2.536373138181612,-3.1409905762280066,-0.6046174380463945,0.6046174380463945
C=CCOC(=O)c1ccccc1C(=O)OCC=C,-3.2211355872236203,-3.641033091531434,-0.4198975043078139,0.4198975043078139
C=CCOP(=O)(OCC=C)c1ccccc1,-2.899899945621905,-3.2108645550181647,-0.3109646093962599,0.3109646093962599
C=CCOc1ccc(CC(=O)O)cc1Cl,-3.1300000880001253,-3.0811545205130546,0.048845567487070696,0.048845567487070696
C=CCOc1ccc([N+](=O)[O-])cc1N,-2.799999946524778,-3.21439325309475,-0.4143933065699721,0.4143933065699721
C=CCOc1ccccc1C(N)=O,-2.227299930768125,-2.101872596711279,0.12542733405684636,0.12542733405684636
C=CCOc1ccccc1OCC(O)CNC(C)C,-0.3200001248976636,-1.8654045978638998,-1.5454044729662362,1.5454044729662362
C=CCc1ccc(O)c(O)c1,-0.77869992867836,-1.9527769876900114,-1.1740770590116514,1.1740770590116514
C=CCc1ccc(O)c(OC)c1,-2.1531780191662384,-2.482066379288992,-0.32888836012275346,0.32888836012275346
C=CCc1ccc(OC(C)=O)c(OC)c1,-2.7015912279590637,-3.0285167358398737,-0.32692550788081,0.32692550788081
C=CCc1ccc(OC)c(OC)c1,-2.552013144573067,-2.8926283008238127,-0.3406151562507458,0.3406151562507458
C=CCc1ccc(OC)cc1,-2.920900091730149,-3.4028125654932895,-0.4819124737631406,0.4819124737631406
C=CCc1ccc(OCC(=O)[O-])c(OC)c1,-2.2785999742399046,-2.7296051425815846,-0.45100516834168003,0.45100516834168003
C=CCc1ccccc1OCC(O)CNC(C)C,-2.8800000994607013,-1.9290781410363773,0.950921958424324,0.950921958424324
C=COC(=O)c1ccccc1,-2.622959141093324,-2.64041615438531,-0.017457013291986012,0.017457013291986012
C=CS(=O)(=O)Nc1ccccc1,-1.499600105955695,-2.6841899790623236,-1.1845898731066287,1.1845898731066287
C=C[C@@](C)(/C=C/c1ccc(O)cc1)CCC=C(C)C,-6.337017318503952,-5.19004624941591,1.1469710690880417,1.1469710690880417
C=Cc1cc(Br)ccc1Br,-4.578730530432006,-5.202150323338844,-0.6234197929068381,0.6234197929068381
C=Cc1ccc(C(C)(C)C)cc1,-4.563351132371204,-5.145340771234438,-0.5819896388632344,0.5819896388632344
C=Cc1ccc(C)cc1,-3.1231999127799717,-3.652022830786974,-0.5288229180070023,0.5288229180070023
C=Cc1ccc(O)c(C=C)c1,-3.3940627301576614,-2.9948727620819384,0.39918996807572293,0.39918996807572293
C=Cc1ccc(S(=O)(=O)[O-])cc1,-0.03325102540494784,-0.6019577078796932,-0.5687066824747453,0.5687066824747453
C=Cc1cccc(C)c1,-3.123150327406543,-3.4371295249442793,-0.3139791975377362,0.3139791975377362
C=Cc1ccccc1,-2.7582716844671498,-3.143536503437825,-0.3852648189706751,0.3852648189706751
CC(=NO)C(=NO)c1ccccc1,-2.29999995242383,-1.8164809074549786,0.48351904496885156,0.48351904496885156
CC(=O)/C(=N\O)c1ccccc1,-2.3675999490525372,-1.9639332711589477,0.40366667789358956,0.40366667789358956
CC(=O)/C=C/c1ccccc1,-2.0509712788787677,-2.452580802103776,-0.4016095232250083,0.4016095232250083
CC(=O)C(=Cc1ccccc1)CC(=O)O,-1.61110002696837,-2.2046833491479894,-0.5935833221796194,0.5935833221796194
CC(=O)C(=O)Nc1ccccc1,-1.36759999489484,-1.9021529938890471,-0.534552998994207,0.534552998994207
CC(=O)C(=O)c1ccccc1,-1.755799985405642,-1.540052646828429,0.21574733857721307,0.21574733857721307
CC(=O)C(O)c1ccccc1,-1.1766034686691254,-1.1474546907282126,0.02914877794091275,0.02914877794091275
CC(=O)C(Oc1ccccc1Cl)C(=O)O,-2.099999893503896,-2.0970821696149073,0.00291772388898881,0.00291772388898881
CC(=O)CC(=O)Nc1ccc(C)cc1C,-1.9900786700103592,-2.9531903745802284,-0.9631117045698692,0.9631117045698692
CC(=O)CC(=O)Nc1ccc(NC(=O)CC(C)=O)cc1,-3.127500988583751,-2.283083186499463,0.8444178020842878,0.8444178020842878
CC(=O)CC(=O)Nc1ccc(S(=O)(=O)[O-])cc1,0.42174722088715955,-0.7987495097305226,-1.2204967306176822,1.2204967306176822
CC(=O)CC(=O)Nc1ccccc1,-1.2990811453798758,-1.8723437585197018,-0.573262613139826,0.573262613139826
CC(=O)CC(=O)Nc1ccccc1C,-1.850192288723651,-2.1059749224909763,-0.25578263376732524,0.25578263376732524
CC(=O)CC(=O)Nc1ccccc1Cl,-2.406536093287269,-2.552918277647796,-0.14638218436052686,0.14638218436052686
CC(=O)CC(=O)c1ccccc1,-2.626800041481633,-1.711820601865078,0.9149794396165551,0.9149794396165551
CC(=O)CC(C)(C)c1ccccc1,-2.33766624809771,-2.6197153759263916,-0.28204912782868163,0.28204912782868163
CC(=O)CC(C)=Nc1ccc(N=C(C)CC(C)=O)cc1,-1.8900000324987298,-2.3204607192914883,-0.4304606867927585,0.4304606867927585
CC(=O)CC(C)=Nc1ccc(O)cc1,-3.58999988647842,-1.8767170761102405,1.7132828103681796,1.7132828103681796
CC(=O)CC(C)=Nc1ccccc1O,-3.549999929165149,-1.95245220604737,1.597547723117779,1.597547723117779
CC(=O)CC(CC(=O)O)c1ccccc1,-1.4463001020668689,-1.8833204248034623,-0.4370203227365934,0.4370203227365934
CC(=O)CCc1ccc(O)cc1,-1.552040970480401,-1.5669456562534683,-0.01490468577306725,0.01490468577306725
CC(=O)CCc1ccccc1,-1.716017979043754,-2.0312366066520173,-0.31521862760826336,0.31521862760826336
CC(=O)COc1c(C)cccc1C,-1.918544798290403,-2.350224199259606,-0.4316794009692031,0.4316794009692031
CC(=O)N(C)C(=O)COC(=O)c1ccccc1,-2.8663999873297747,-1.5651182999169453,1.3012816874128295,1.3012816874128295
CC(=O)N(C)CCOC(=O)c1ccccc1,-0.8494000580054135,-1.7094042809145402,-0.8600042229091267,0.8600042229091267
CC(=O)N(C)N(C(=O)C(=O)N(C)C)c1ccccc1,-0.5345000840842702,-0.6615671909502856,-0.1270671068660154,0.1270671068660154
CC(=O)N(C)c1ccc(S(=O)(=O)N(C)C)cc1,-2.29999995242383,-2.3458642269944256,-0.0458642745705955,0.0458642745705955
CC(=O)N(C)c1ccccc1,-0.9510000626078572,-0.8338705931227279,0.11712946948512926,0.11712946948512926
CC(=O)NC(=O)COC(=O)c1ccccc1,-2.4003000133949715,-1.7316054552387101,0.6686945581562613,0.6686945581562613
CC(=O)NC(COC(=O)c1ccccc1)C(=O)O,-3.2199999919549853,-1.5746246654059044,1.645375326549081,1.645375326549081
CC(=O)NC(CSc1c(Cl)cccc1Cl)C(=O)O,-2.309999958774247,-2.925147522389967,-0.6151475636157198,0.6151475636157198
CC(=O)NC(CSc1ccc(Cl)c(Cl)c1)C(=O)O,-2.890000088789019,-3.331875897083104,-0.441875808294085,0.441875808294085
CC(=O)NC(Cc1ccc(O)cc1)C(=O)O,0.009999812312500023,-1.4425650450880958,-1.4525648574005958,1.4525648574005958
CC(=O)NC(Cc1ccc(OC(C)=O)cc1)C(N)=O,-1.9000000388491463,-1.8493018286979765,0.05069821015116971,0.05069821015116971
CC(=O)NC(Cc1ccccc1)C(=O)O,-1.4100000000323194,-1.4236878100155983,-0.013687809983278898,0.013687809983278898
CC(=O)NC(NC(C)=O)c1ccccc1,-1.31439994476941,-1.2081203609771398,0.1062795837922701,0.1062795837922701
CC(=O)NCC(=O)Nc1ccccc1,-1.5678000294299603,-1.5213981969833368,0.04640183244662355,0.04640183244662355
CC(=O)NCc1c(I)c(NC(C)=O)c(I)c(C(=O)O)c1I,-2.3208000718505923,-2.687515484347074,-0.36671541249648154,0.36671541249648154
CC(=O)NS(=O)(=O)c1ccc(N)cc1,-1.4100000000323194,-2.5814569154839475,-1.1714569154516281,1.1714569154516281
CC(=O)N[C@@H](CSc1ccc(Cl)c(Cl)c1)C(=O)O,-2.886800036371474,-3.331875897083104,-0.4450758607116301,0.4450758607116301
CC(=O)N[C@@H](Cc1cc(Br)c(O)c(Br)c1)C(=O)O,-2.183000123242179,-2.2894990197537255,-0.10649889651154654,0.10649889651154654
CC(=O)Nc1c(I)c(NC(C)=O)c(I)c(C(=O)O)c1I,-2.0099999725269377,-2.689822012761184,-0.6798220402342463,0.6798220402342463
CC(=O)Nc1c(I)cc(I)c(C(=O)O)c1I,-2.6400001002495945,-2.861526543458185,-0.2215264432085906,0.2215264432085906
CC(=O)Nc1cc(Cl)ccc1[N+](=O)[O-],-0.9900000056684077,-3.328381192137565,-2.338381186469157,2.338381186469157
CC(=O)Nc1cc(NS(=O)(=O)C(F)(F)F)c(C)cc1C,-3.2364999888154937,-4.188559244718319,-0.9520592559028254,0.9520592559028254
CC(=O)Nc1ccc(/C=N/NC(N)=S)cc1,-3.4289998727516284,-2.7218114725725013,0.7071884001791271,0.7071884001791271
CC(=O)Nc1ccc(Br)cc1,-3.0799998987936306,-2.605662544059213,0.4743373547344176,0.4743373547344176
CC(=O)Nc1ccc(Br)cc1C,-1.756000029109223,-2.840060519531416,-1.0840604904221929,1.0840604904221929
CC(=O)Nc1ccc(C)cc1,-2.09460000718671,-1.8056999272175391,0.288900079969171,0.288900079969171
CC(=O)Nc1ccc(C)cc1F,-1.7403000708862493,-2.3972233031043957,-0.6569232322181464,0.6569232322181464
CC(=O)Nc1ccc(C=O)cc1,-1.6300000035646918,-1.684997723486563,-0.05499771992187119,0.05499771992187119
CC(=O)Nc1ccc(Cl)cc1,-2.8399999038380486,-2.4925918237811833,0.3474080800568653,0.3474080800568653
CC(=O)Nc1ccc(Cl)cc1C,-2.309700029395665,-2.613389283176322,-0.30368925378065725,0.30368925378065725
CC(=O)Nc1ccc(F)cc1,-1.779999962644149,-2.054232100188568,-0.274232137544419,0.274232137544419
CC(=O)Nc1ccc(F)cc1C,-1.359300019582888,-2.282845285648438,-0.9235452660655499,0.9235452660655499
CC(=O)Nc1ccc(I)cc1,-3.2499999769620374,-3.086644257978075,0.16335571898396228,0.16335571898396228
CC(=O)Nc1ccc(N)c(S(=O)(=O)O)c1,-1.2318565200710607,-1.5336129826360272,-0.30175646256496647,0.30175646256496647
CC(=O)Nc1ccc(N)cc1,-0.9800001354947807,-1.066297545745625,-0.08629741025084425,0.08629741025084425
CC(=O)Nc1ccc(O)cc1,-1.0333232894377988,-1.2883855479893698,-0.25506225855157094,0.25506225855157094
CC(=O)Nc1ccc(OC(C)=O)cc1,-1.907600065463749,-1.9466559771847296,-0.03905591172098055,0.03905591172098055
CC(=O)Nc1ccc(OP(=O)(O)O)cc1,0.12999988851749755,-1.6167837738029927,-1.7467836623204902,1.7467836623204902
CC(=O)Nc1ccc(S(=O)(=O)CCO)cc1,-2.3069322361517695,-2.103539672966716,0.20339256318505328,0.20339256318505328
CC(=O)Nc1ccc(S(=O)(=O)Cl)cc1,-2.877252324204843,-2.9644940013352605,-0.08724167713041764,0.08724167713041764
CC(=O)Nc1ccc(S(=O)(=O)NC(C)=O)cc1,-2.7799999508460433,-2.557424503784757,0.22257544706128618,0.22257544706128618
CC(=O)Nc1ccc(S(N)(=O)=O)cc1,-1.6066000649637193,-1.7869922322478045,-0.18039216728408514,0.18039216728408514
CC(=O)Nc1ccc([N+](=O)[O-])cc1,-2.690000063913282,-2.58254258493718,0.10745747897610203,0.10745747897610203
CC(=O)Nc1cccc(C)c1,-2.0910001056713847,-1.6968648497959977,0.394135255875387,0.394135255875387
CC(=O)Nc1cccc(N=C=S)c1,-3.529999916464316,-3.5595053073723855,-0.029505390908069362,0.029505390908069362
CC(=O)Nc1cccc(O)c1,-1.0600000501213227,-1.4157545587974132,-0.3557545086760905,0.3557545086760905
CC(=O)Nc1ccccc1,-1.3300000854057772,-1.4635071288177735,-0.13350704341199626,0.13350704341199626
CC(=O)Nc1ccccc1Cl,-1.400100083622088,-2.247987159636501,-0.847887076014413,0.847887076014413
CC(=O)Nc1ccccc1O,-2.1300001168203297,-1.4610662960451495,0.6689338207751803,0.6689338207751803
CC(=O)Nc1ccccc1[N+](=O)[O-],-1.9092999603254242,-2.5153657576814332,-0.6060657973560091,0.6060657973560091
CC(=O)OC(C(=O)O)c1ccccc1,-1.230000021901613,-1.6474731197620205,-0.41747309786040754,0.41747309786040754
CC(=O)OC(C)(C)Cc1ccccc1,-2.3946499703157174,-2.567261029899538,-0.17261105958382084,0.17261105958382084
CC(=O)OC(c1ccc(Cl)c(Cl)c1)C(Cl)(Cl)Cl,-3.8278998523543937,-5.901991577201224,-2.0740917248468307,2.0740917248468307
CC(=O)OC/C=C/c1ccccc1,-2.7927245994202243,-3.1809593660786115,-0.3882347666583872,0.3882347666583872
CC(=O)OCC(C(OC(C)=O)c1ccccc1)[N+](=O)[O-],-3.971999815857713,-2.680094189768516,1.2919056260891968,1.2919056260891968
CC(=O)OCCc1ccccc1,-2.231757405614493,-2.3457657711757127,-0.11400836556121963,0.11400836556121963
CC(=O)OC[C@H]([C@@H](OC(C)=O)c1ccccc1)[N+](=O)[O-],-3.971999815857713,-2.6800942238127132,1.2919055920449996,1.2919055920449996
CC(=O)OCc1ccccc1,-1.685300035958959,-1.8741629442488628,-0.18886290828990382,0.18886290828990382
CC(=O)OOC(=O)c1ccccc1,-2.4502000913836577,-2.073036616855543,0.3771634745281145,0.3771634745281145
CC(=O)O[C@@H](C(=O)O)c1ccccc1,-1.231300101709705,-1.647472983585231,-0.41617288187552615,0.41617288187552615
CC(=O)Oc1c(C(C)(C)C)cc([N+](=O)[O-])c(C)c1[N+](=O)[O-],-4.46999976443112,-4.508154185806488,-0.03815442137536795,0.03815442137536795
CC(=O)Oc1c([N+](=O)[O-])cc([N+](=O)[O-])c(C)c1C(C)(C)C,-4.471700067823163,-4.504026394967179,-0.03232632714401529,0.03232632714401529
CC(=O)Oc1ccc(/C=N/NC(N)=O)cc1,-2.8399999038380486,-2.8863065316868055,-0.04630662784875694,0.04630662784875694
CC(=O)Oc1ccc(Br)cc1,-2.41660405185558,-3.054562725635047,-0.6379586737794671,0.6379586737794671
CC(=O)Oc1ccc(Br)cc1C(=O)O,-2.58949995923856,-2.7013253087336264,-0.11182534949506628,0.11182534949506628
CC(=O)Oc1ccc(C#N)cc1,-1.7990173236329057,-1.720426566422739,0.07859075721016673,0.07859075721016673
CC(=O)Oc1ccc(C(C)=O)cc1,-1.5200000698869003,-2.1166923081677806,-0.5966922382808804,0.5966922382808804
CC(=O)Oc1ccc(C(N)=O)cc1,-1.6400000099151082,-1.9237430067825354,-0.2837429968674272,0.2837429968674272
CC(=O)Oc1ccc(NC(N)=O)cc1,-2.490000004993348,-2.1227386937924893,0.3672613112008589,0.3672613112008589
CC(=O)Oc1ccc([N+](=O)[O-])cc1,-2.599256753843166,-2.9094961111924027,-0.3102393573492366,0.3102393573492366
CC(=O)Oc1ccccc1,-1.3735951780467464,-1.7090464083120822,-0.33545123026533585,0.33545123026533585
CC(=O)Oc1ccccc1/C=C/C(=O)O,-3.155899977122406,-2.35754628904711,0.7983536880752959,0.7983536880752959
CC(=O)Oc1ccccc1C(=O)O,-1.7200000607184396,-1.8574924540480664,-0.13749239332962682,0.13749239332962682
CC(=O)Oc1ccccc1C(=O)OCC(=O)N(C(C)C)C(C)C,-3.2499999769620374,-2.5323915331256894,0.7176084438363479,0.7176084438363479
CC(=O)Oc1ccccc1C(=O)OCC(=O)N(C)C,-1.5499999527613602,-1.6306713551362737,-0.08067140237491355,0.08067140237491355
CC(=O)Oc1ccccc1C(=O)OCC(=O)NCC(N)=O,-2.5199999900004,-1.6633076206528894,0.8566923693475108,0.8566923693475108
CC(=O)Oc1ccccc1C(=O)OCC(N)=O,-1.7899999689945654,-1.8955914514701613,-0.10559148247559591,0.10559148247559591
CC(=O)Oc1ccccc1C(=O)OCS(C)(=O)=O,-3.393599967383193,-2.3246244608031903,1.0689755065800028,1.0689755065800028
CC(=O)Oc1ccccc1C(=O)OC[S+](C)[O-],-1.782400078556752,-1.9536583238707983,-0.17125824531404632,0.17125824531404632
CC(=O)Oc1ccccc1[N+](=O)[O-],-2.185524023856317,-2.5991590810409924,-0.4136350571846754,0.4136350571846754
CC(=O)c1c(C)c([N+](=O)[O-])c(C(C)(C)C)c([N+](=O)[O-])c1C,-5.19010003924771,-4.612301785784419,0.5777982534632908,0.5777982534632908
CC(=O)c1cc(O)c(O)c(O)c1,-1.4711000742393292,-1.4033450403359273,0.06775503390340187,0.06775503390340187
CC(=O)c1ccc(N)cc1,-1.605800026326185,-1.1507232060266124,0.4550768202995725,0.4550768202995725
CC(=O)c1ccc(N=C=S)cc1,-4.019999955281143,-3.9534241442852696,0.06657581099587384,0.06657581099587384
CC(=O)c1ccc(NN=C(C#N)C#N)cc1,-2.7100000425699178,-3.8377766867988274,-1.1277766442289097,1.1277766442289097
CC(=O)c1ccc(O)c(C(=O)[O-])c1,-2.230400063466472,-1.658823318979016,0.571576744487456,0.571576744487456
CC(=O)c1ccc(O)c(O)c1O,-2.0216000561524226,-1.2010003575450576,0.8205996986073649,0.8205996986073649
CC(=O)c1ccc(O)cc1,-1.1383824568437573,-1.309338934392565,-0.17095647754880772,0.17095647754880772
CC(=O)c1cccc(C(F)(F)F)c1,-2.482107879165552,-3.50833790009345,-1.026230020927898,1.026230020927898
CC(=O)c1cccc(N)c1,-1.280000053653695,-1.160643685132038,0.11935636852165699,0.11935636852165699
CC(=O)c1ccccc1,-1.2803867957354989,-1.401302660848993,-0.12091586511349406,0.12091586511349406
CC(C(=O)N(C)C)S(=O)(=O)c1ccccc1,-0.8699999294634102,-2.195002813545429,-1.3250028840820187,1.3250028840820187
CC(C(=O)O)S(=O)(=O)c1ccccc1,-0.8899999421642435,-1.4820504584027416,-0.5920505162384981,0.5920505162384981
CC(C(N)=O)S(=O)(=O)c1ccccc1,-1.6400000099151082,-2.0395318157763414,-0.39953180586123316,0.39953180586123316
CC(C)(C)C(=O)OCCc1ccccc1,-3.675280056112689,-4.414574313213846,-0.7392942571011569,0.7392942571011569
CC(C)(C)C(=O)Oc1ccccc1C(=O)O,-3.0099999692398813,-2.426440305616782,0.5835596636230993,0.5835596636230993
CC(C)(C)CC(C)(C)c1ccc(O)cc1,-4.469462274643487,-3.735382090630424,0.7340801840130626,0.7340801840130626
CC(C)(C)Cc1ccccc1,-4.150000037836557,-3.8747934872758183,0.27520655056073906,0.27520655056073906
CC(C)(C)NC(=O)COC(=O)c1ccccc1,-2.8664998900268746,-2.9530364267198483,-0.08653653669297379,0.08653653669297379
CC(C)(C)NCC(O)c1ccc(O)c(CO)c1,-1.229799978198032,-0.8959587661133885,0.33384121208464346,0.33384121208464346
CC(C)(C)OC(=O)c1cccc([N+](=O)[O-])c1C(=O)[O-],-3.0466999788856755,-3.0803107776371825,-0.033610798751507076,0.033610798751507076
CC(C)(C)OOC(=O)c1ccccc1,-2.776432987091646,-3.7860858840299576,-1.0096528969383116,1.0096528969383116
CC(C)(C)OOC(C)(C)c1ccc(C(C)(C)OOC(C)(C)C)cc1,-5.73715148014686,-5.085106236700648,0.6520452434462118,0.6520452434462118
CC(C)(C)OOC(C)(C)c1ccccc1,-4.290933959075475,-3.6789780049163596,0.6119559541591153,0.6119559541591153
CC(C)(C)c1cc(C(=O)O)c(O)c(C(C)(C)C)c1,-4.869470971621085,-4.326508919706642,0.5429620519144427,0.5429620519144427
CC(C)(C)c1cc(C(C)(C)C)c(O)c(C(C)(C)C)c1,-3.8749999312884995,-5.656467549507324,-1.7814676182188247,1.7814676182188247
CC(C)(C)c1cc(CO)cc(C(C)(C)C)c1O,-4.012782040737505,-3.573570088752831,0.43921195198467444,0.43921195198467444
CC(C)(C)c1cc(O)ccc1O,-1.2206833506802428,-1.8279064124364945,-0.6072230617562517,0.6072230617562517
CC(C)(C)c1cc([N+](=O)[O-])cc([N+](=O)[O-])c1O,-4.727399769925764,-3.9388193198023895,0.7885804501233746,0.7885804501233746
CC(C)(C)c1ccc(C(=O)O)cc1,-3.5779623689612894,-3.6293075890829414,-0.05134522012165199,0.05134522012165199
CC(C)(C)c1ccc(C=O)cc1,-3.130955197956552,-3.594590372003803,-0.46363517404725085,0.46363517404725085
CC(C)(C)c1ccc(CCC=O)cc1,-3.158832765568719,-4.65323516690041,-1.4944024013316914,1.4944024013316914
CC(C)(C)c1ccc(O)c(C(C)(C)C)c1,-3.7960461948462734,-4.565115166500671,-0.7690689716543972,0.7690689716543972
CC(C)(C)c1ccc(O)c(O)c1,-1.9197000540830025,-2.570673824506273,-0.6509737704232703,0.6509737704232703
CC(C)(C)c1ccc(O)cc1,-4.442670308396158,-2.9611327496433013,1.4815375587528568,1.4815375587528568
CC(C)(C)c1cccc(C(C)(C)C)c1O,-4.713587222003424,-4.1129199832409045,0.6006672387625196,0.6006672387625196
CC(C)(C)c1cccc(O)c1,-1.8614000470189682,-2.7545991326346964,-0.8931990856157281,0.8931990856157281
CC(C)(C)c1ccccc1,-3.6579999705142887,-3.3516217358065825,0.3063782347077062,0.3063782347077062
CC(C)(C)c1ccccc1O,-2.1899588252672553,-2.429670146707001,-0.23971132143974572,0.23971132143974572
CC(C)(CO)Cc1ccccc1,-2.042313839494726,-2.0267947921364264,0.015519047358299343,0.015519047358299343
CC(C)(NC(=O)C(Br)C(C)(C)C)c1ccccc1,-4.94549983489288,-3.7885332532884712,1.1569665816044088,1.1569665816044088
CC(C)(NC(=O)c1ccccc1)C(=O)NCC(=O)O,-0.5600000049540794,-1.3874029597814581,-0.8274029548273787,0.8274029548273787
CC(C)(NC(=O)c1ccccc1)C(=O)O,-0.7599999957856189,-1.3652000151590264,-0.6052000193734075,0.6052000193734075
CC(C)(NC(=O)c1ccccc1)C(N)=O,-1.6153999452694396,-1.5301151456243323,0.08528479964510738,0.08528479964510738
CC(C)(O)C(=O)c1ccc(OCCO)cc1,-1.4699305879722406,-1.5086909960602937,-0.03876040808805303,0.03876040808805303
CC(C)(O)C(=O)c1ccccc1,-1.0915321942297465,-1.275666227332073,-0.18413403310232646,0.18413403310232646
CC(C)(O)CCc1ccccc1,-1.5556397144930172,-1.8218909389429725,-0.2662512244499553,0.2662512244499553
CC(C)(O)c1cccc(C(C)(C)O)c1,-1.8635329840708321,-1.0554068070159555,0.8081261770548767,0.8081261770548767
CC(C)(O)c1ccccc1,-1.7593062653782778,-1.0361308463041898,0.723175419074088,0.723175419074088
CC(C)(OO)c1ccccc1,-1.0393798883217102,-1.595759439292537,-0.5563795509708267,0.5563795509708267
CC(C)=NNC(=O)Nc1ccc([N+](=O)[O-])cc1,-3.5952000354898015,-3.5775884615418834,0.017611573947918124,0.017611573947918124
CC(C)C(=O)OCCOc1ccccc1,-3.0263435628022766,-3.708144281574706,-0.6818007187724295,0.6818007187724295
CC(C)C(=O)OCCc1ccccc1,-3.079764342736697,-3.92659581883518,-0.8468314760984827,0.8468314760984827
CC(C)C(=O)Oc1ccc([N+](=O)[O-])cc1,-3.9587999953991324,-3.8844624478512824,0.07433754754785005,0.07433754754785005
CC(C)C(=O)c1ccccc1,-2.356615316426599,-2.352468528925173,0.00414678750142583,0.00414678750142583
CC(C)CC(=O)Oc1ccc([N+](=O)[O-])cc1,-4.3944996756324395,-4.485608892735586,-0.09110921710314646,0.09110921710314646
CC(C)CC(N)C(=O)NC(Cc1ccc(O)cc1)C(=O)O,-1.5800001079893988,-1.6260450210710902,-0.04604491308169134,0.04604491308169134
CC(C)CC(NC(=O)C(N)Cc1ccc(O)cc1)C(=O)O,-2.069999942541042,-1.440263112640627,0.6297368299004149,0.6297368299004149
CC(C)CCC(C)Nc1ccc(NC(C)CCC(C)C)cc1,-5.575133783228928,-4.840072309271683,0.735061473957245,0.735061473957245
CC(C)CCCCCCCCCCOC(=O)CSCc1cc(C(C)(C)C)c(O)c(C(C)(C)C)c1,-6.789589166763108,-7.631008934696878,-0.84141976793377,0.84141976793377
CC(C)CCCCCCCCCCOC(=O)c1ccc(C(=O)OCCCCCCCCCCC(C)C)c(C(=O)OCCCCCCCCCCC(C)C)c1,-7.180237071239581,-7.856787872639641,-0.6765508014000599,0.6765508014000599
CC(C)CCCCCCCCCCOC(=O)c1ccccc1C(=O)OCCCCCCCCCCC(C)C,-5.724958755134047,-7.502467850262748,-1.7775090951287016,1.7775090951287016
CC(C)CCCCCCCOC(=O)c1ccc(C(=O)OCCCCCCCC(C)C)c(C(=O)OCCCCCCCC(C)C)c1,-5.706573799155114,-7.683891829079871,-1.9773180299247564,1.9773180299247564
CC(C)CCCCCCCOC(=O)c1ccccc1C(=O)OCCCCCCCC(C)C,-9.419539089742672,-7.25872419791304,2.1608148918296326,2.1608148918296326
CC(C)CCCCCCCOP(OCCCCCCCC(C)C)Oc1ccccc1,-6.382029739168658,-7.228613875662402,-0.8465841364937443,0.8465841364937443
CC(C)CCCCCCOC(=O)c1ccccc1C(=O)OCCCCCCC(C)C,-6.621818000494397,-7.155583625292481,-0.5337656247980842,0.5337656247980842
CC(C)CCCCCCc1ccc(O)cc1,-4.587250158905208,-5.345932994922936,-0.7586828360177282,0.7586828360177282
CC(C)CCCCCOC(=O)c1ccccc1C(=O)OCCCCCC(C)C,-6.637499574850805,-7.020461933688953,-0.38296235883814767,0.38296235883814767
CC(C)CCOC(=O)c1cccc([N+](=O)[O-])c1C(=O)[O-],-3.068900086137035,-3.5181689450924587,-0.4492688589554237,0.4492688589554237
CC(C)CCOC(=O)c1ccccc1C(=O)OCCC(C)C,-5.444898931888645,-5.935647943046993,-0.4907490111583481,0.4907490111583481
CC(C)CCOC(=O)c1ccccc1O,-3.1572000739525965,-3.882473858196148,-0.7252737842435515,0.7252737842435515
CC(C)CCOCCc1ccccc1,-3.933735772166904,-4.58599869421092,-0.6522629220440157,0.6522629220440157
CC(C)CN(CC(C)C)C(=O)COC(=O)c1ccccc1,-3.559999901471368,-3.9686984138646806,-0.40869851239331245,0.40869851239331245
CC(C)COC(=O)Cc1ccccc1,-3.2710470870405146,-3.7726081948326726,-0.501561107792158,0.501561107792158
CC(C)COC(=O)c1cc(N)c(Cl)c(N)c1,-2.7382848128264907,-3.6983740054679526,-0.9600891926414619,0.9600891926414619
CC(C)COC(=O)c1ccc(N)cc1,-2.943700060930316,-3.5090028513559317,-0.5653027904256156,0.5653027904256156
CC(C)COC(=O)c1ccccc1C(=O)OCC(C)C,-4.383890141972813,-4.700348795425057,-0.3164586534522442,0.3164586534522442
CC(C)Cc1ccc(C(C)C(=O)NO)cc1,-3.043999888512526,-3.114294350774653,-0.07029446226212688,0.07029446226212688
CC(C)Cc1ccc(C(C)C(=O)O)cc1,-3.992248215022352,-3.699636772835758,0.29261144218659396,0.29261144218659396
CC(C)Cc1ccc(C(C)C(=O)OCC(=O)N(C)CC(N)=O)cc1,-3.410000044524503,-2.5700487730430757,0.8399512714814272,0.8399512714814272
CC(C)Cc1ccccc1,-4.123499830360448,-4.028740802948673,0.09475902741177489,0.09475902741177489
CC(C)N(C(=O)CCl)c1ccccc1,-2.4806001297536744,-2.7214776011291693,-0.24087747137549487,0.24087747137549487
CC(C)N(C(=O)CO)c1ccc(F)cc1,-1.1786399925541169,-2.2815310434542515,-1.1028910509001346,1.1028910509001346
CC(C)N(C(=O)COC(=O)c1ccccc1)C(C)C,-3.3399998979389958,-2.8190777189417173,0.5209221789972784,0.5209221789972784
CC(C)N(Cc1ccccc1)C(=O)C(C)(C)C,-2.470400079699677,-3.5936049286675447,-1.1232048489678679,1.1232048489678679
CC(C)NC(=O)COC(=O)c1ccccc1,-2.73210000349539,-2.258381125438558,0.473718878056832,0.473718878056832
CC(C)NCC(O)COc1ccc(CC(N)=O)cc1,-1.3016000074528074,-1.4478824763593199,-0.14628246890651253,0.14628246890651253
CC(C)OC(=O)CC(C(=O)OC(C)C)S(=O)(=O)c1ccc([N+](=O)[O-])cc1,-4.289999922477203,-4.495124109715854,-0.2051241872386509,0.2051241872386509
CC(C)OC(=O)COc1ccc(Cl)cc1Cl,-3.8480000230838067,-5.002860630640646,-1.1548606075568388,1.1548606075568388
CC(C)OC(=O)CS(=O)(=O)c1ccc(Cl)cc1,-2.4100000903668057,-3.785493787349788,-1.375493696982982,1.375493696982982
CC(C)OC(=O)Nc1cccc(Cl)c1,-3.3803999086152317,-4.340926092573774,-0.9605261839585424,0.9605261839585424
CC(C)OC(=O)Nc1ccccc1,-3.0004999444826774,-3.1618766402309584,-0.16137669574828095,0.16137669574828095
CC(C)OC(=O)c1c(C(=O)[O-])cccc1[N+](=O)[O-],-2.489700075614766,-2.6846895436141187,-0.19498946799935268,0.19498946799935268
CC(C)OC(=O)c1cc(C(=O)OC(C)C)cc([N+](=O)[O-])c1,-5.038899817946767,-4.82561673454995,0.21328308339681712,0.21328308339681712
CC(C)OC(=O)c1ccc(N)cc1,-2.6098999912581604,-3.0725288698982807,-0.46262887864012026,0.46262887864012026
CC(C)OC(=O)c1cccc([N+](=O)[O-])c1C(=O)[O-],-2.346600058275773,-2.6305779941490566,-0.28397793587328346,0.28397793587328346
CC(C)OC(=O)c1ccccc1C(=O)OC(C)C,-2.8773000031032203,-3.7235240881658767,-0.8462240850626563,0.8462240850626563
CC(C)OP(=O)(OC(C)C)SCc1ccccc1,-2.8578998832037485,-3.9018805486257064,-1.0439806654219579,1.0439806654219579
CC(C)OP(=S)(OC(C)C)SCCNS(=O)(=O)c1ccccc1,-4.201399762718154,-4.054988742922478,0.14641101979567583,0.14641101979567583
CC(C)Oc1ccc([N+](=O)[O-])cc1N,-2.66000007890623,-3.238218522875213,-0.578218443968983,0.578218443968983
CC(C)c1ccc(C#N)cc1,-2.988795260060859,-3.1850763053300177,-0.19628104526915857,0.19628104526915857
CC(C)c1ccc(C(=O)O)cc1,-3.0364000580510138,-3.2400571478410565,-0.2036570897900427,0.2036570897900427
CC(C)c1ccc(C(C)C)cc1,-6.602799277737747,-5.402864152900248,1.1999351248374985,1.1999351248374985
CC(C)c1ccc(C(C)CC=O)cc1,-3.459862912205495,-4.494361519695396,-1.0344986074899007,1.0344986074899007
CC(C)c1ccc(C=O)cc1,-2.785256613225012,-3.2628617044968156,-0.4776050912718035,0.4776050912718035
CC(C)c1ccc(CCC=O)cc1,-3.302656851918878,-4.123378496841122,-0.8207216449222439,0.8207216449222439
CC(C)c1ccc(N)cc1,-1.7858311889416567,-2.333760833955438,-0.5479296450137812,0.5479296450137812
CC(C)c1ccc(NC(=O)N(C)C)cc1,-3.4999999655014618,-2.5805508632158904,0.9194491022855713,0.9194491022855713
CC(C)c1ccc(S(=O)(=O)O)cc1,0.6127509644827107,-1.1064634344767403,-1.719214398959451,1.719214398959451
CC(C)c1ccc(S(=O)(=O)[O-])cc1,0.33345509302565945,-0.35417477960376464,-0.6876298726294241,0.6876298726294241
CC(C)c1cccc(C(C)C)c1,-6.602799277737747,-5.125758004216227,1.47704127352152,1.47704127352152
CC(C)c1cccc(C(C)CC=O)c1,-3.677346879333315,-4.204592291368086,-0.5272454120347709,0.5272454120347709
CC(C)c1ccccc1,-3.2923998459227275,-3.3954143869247266,-0.10301454100199914,0.10301454100199914
CC(C)c1ccccc1Br,-4.189799679092668,-4.304491992578487,-0.11469231348581843,0.11469231348581843
CC(C)c1ccccc1C(C)C,-4.550256236128831,-4.684290828422837,-0.1340345922940056,0.1340345922940056
CC(C=O)Cc1ccc(C(C)(C)C)cc1,-3.7917820910408073,-4.630454151807113,-0.8386720607663056,0.8386720607663056
CC(CC(=O)Nc1ccccc1)C(=O)O,0.3899997812747462,-1.709768009118941,-2.0997677903936873,2.0997677903936873
CC(CC(C)(C)C#N)c1ccccc1,-3.235078779753259,-2.7110734561121075,0.5240053236411515,0.5240053236411515
CC(CC=O)c1ccccc1,-1.869832930877343,-2.416600987877819,-0.546768057000476,0.546768057000476
CC(CCC(=O)O)NC(=O)c1ccccc1,-1.6917000727056548,-1.7360753221729104,-0.04437524946725557,0.04437524946725557
CC(CCO)CCc1ccccc1,-2.6600258163194206,-2.7952464744046206,-0.1352206580852,0.1352206580852
CC(CO)CC(C)c1ccccc1,-2.3469159884271056,-2.232039223480089,0.1148767649470166,0.1148767649470166
CC(N)c1ccccc1,-0.4813816038556711,-0.6858442442515744,-0.20446264039590334,0.20446264039590334
CC(NC(=O)COC(=O)c1ccccc1)C(N)=O,-2.717200015821556,-1.7331799312773777,0.9840200845441784,0.9840200845441784
CC(NC(=O)c1cccc([N+](=O)[O-])c1)C(=O)O,-1.7999999753449818,-2.245306111007433,-0.44530613566245103,0.44530613566245103
CC(NC(=O)c1ccccc1)C(=O)O,-1.683900002387471,-1.2729469130251923,0.4109530893622788,0.4109530893622788
CC(Nc1ccccc1Cl)C(=O)O,-2.327100018657103,-1.8577569093730182,0.46934310928408496,0.46934310928408496
CC(O)(C(=O)O)c1ccccc1,-0.894900127752845,-0.8609169376125951,0.033983190140249864,0.033983190140249864
CC(O)C(C)Cc1ccccc1,-1.6969729741667556,-1.9975369365872304,-0.3005639624204748,0.3005639624204748
CC(O)C(NC(=O)c1ccccc1)C(=O)O,-1.230000021901613,-0.9257874747636134,0.3042125471379995,0.3042125471379995
CC(O)CC(C)(C)c1ccccc1,-2.147286670816225,-2.436419068388057,-0.28913239757183185,0.28913239757183185
CC(O)CN(CC(C)O)C(=O)COC(=O)c1ccccc1,-1.1799999901495306,-1.0816448060841368,0.09835518406539379,0.09835518406539379
CC(O)COCc1c(Cl)ccc(Cl)c1Cl,-3.5673000327515862,-3.715094404462052,-0.14779437171046572,0.14779437171046572
CC(O)COc1ccccc1,-1.0034177770783708,-1.3499394994353415,-0.34652172235697076,0.34652172235697076
CC(O)c1cc(N)ccc1N,-0.6856367108245784,-0.706872664065711,-0.021235953241132588,0.021235953241132588
CC(O)c1ccccc1,-1.796900046911819,-1.1826661955085578,0.6142338514032613,0.6142338514032613
CC(Oc1cc(Cl)c(Cl)cc1Cl)C(=O)O,-3.549999929165149,-3.6577895092863213,-0.10778958012117235,0.10778958012117235
CC(Oc1ccc(Cl)cc1)C(=O)O,-2.1350998694937497,-2.661254607578279,-0.5261547380845291,0.5261547380845291
CC(Oc1ccc(Cl)cc1Cl)C(=O)O,-2.827100029780149,-2.975106530884252,-0.14800650110410274,0.14800650110410274
CC(Oc1cccc(Cl)c1)C(=O)O,-2.223200124259031,-2.399212982173845,-0.1760128579148139,0.1760128579148139
CC(Oc1ccccc1Cl)C(=O)O,-2.223200124259031,-2.1256896448180838,0.09751047944094715,0.09751047944094715
CC(Sc1ccccc1)S(=O)(=O)O,-0.48999996050116446,-0.9648049846299922,-0.47480502412882775,0.47480502412882775
CC([NH3+])c1ccccc1,-0.5941395260485236,-0.3651656082736192,0.2289739177749044,0.2289739177749044
CC/C=C/CCOC(=O)c1ccccc1O,-4.643981409355728,-4.001593142927516,0.6423882664282123,0.6423882664282123
CC/C=C\CCOC(=O)c1ccccc1,-3.7048973502974207,-5.095914997003119,-1.391017646705698,1.391017646705698
CC=C(Cc1ccccc1)C(=O)O,-2.5648000089178904,-2.3731121131325565,0.19168789578533385,0.19168789578533385
CC=CC(=O)Nc1ccc(O)cc1,-2.646399966775304,-2.355027290797389,0.29137267597791494,0.29137267597791494
CC=Cc1ccc(O)c(O)c1,-1.3505000031003784,-2.211226371523521,-0.8607263684231428,0.8607263684231428
CC=Cc1ccc(OC)cc1,-3.1300000880001253,-3.5791786319555254,-0.44917854395540013,0.44917854395540013
CCC(=O)C(CCCCCCOc1ccc(OC)cc1Cl)C(=O)CC,-5.269999863934068,-5.742965956699276,-0.4729660927652084,0.4729660927652084
CCC(=O)N(C)c1ccc(S(=O)(=O)N(C)C)cc1,-2.480000032687129,-2.5946091421546438,-0.11460910946751479,0.11460910946751479
CCC(=O)Nc1ccc(Cl)c(Cl)c1,-2.9863998677806376,-4.107000514383887,-1.1206006466032492,1.1206006466032492
CCC(=O)Nc1ccccc1,-1.5499999527613602,-1.898983342939728,-0.3489833901783679,0.3489833901783679
CCC(=O)OCCc1ccccc1,-3.1174442560895135,-2.966505349536318,0.15093890655319564,0.15093890655319564
CCC(=O)OCc1ccc(Cl)cc1Cl,-3.066499925541423,-4.288422586725959,-1.2219226611845362,1.2219226611845362
CCC(=O)OCc1ccccc1,-2.3449797587474834,-2.483487315997648,-0.1385075572501644,0.1385075572501644
CCC(=O)Oc1ccc(NC(C)=O)cc1,-2.720000014876137,-2.348926162103355,0.37107385277278215,0.37107385277278215
CCC(=O)Oc1ccc([N+](=O)[O-])cc1,-3.8924998743133337,-3.1928448932767095,0.6996549810366242,0.6996549810366242
CCC(=O)c1ccc(N)cc1,-2.6270000851852138,-1.4457278871979464,1.1812721979872673,1.1812721979872673
CCC(=O)c1ccc(O)cc1,-2.638999915775887,-1.6018148125853438,1.0371851031905435,1.0371851031905435
CCC(=O)c1cccc(Cl)c1,-1.8467056182086843,-2.9927722521280424,-1.1460666339193581,1.1460666339193581
CCC(=O)c1ccccc1,-2.048500078682115,-1.9837002853731727,0.06479979330894214,0.06479979330894214
CCC(C(=O)NC(N)=O)(C(=O)OC)c1ccccc1,-2.749999999883189,-2.059470957452327,0.6905290424308621,0.6905290424308621
CCC(C(=O)O)C(C(=O)O)c1ccccc1,-2.32559989514543,-1.4166100213882202,0.90898987375721,0.90898987375721
CCC(C)(C)c1cc(O)c(C(C)(C)CC)cc1O,-6.4955129389416815,-4.403551482998489,2.091961455943192,2.091961455943192
CCC(C)(C)c1ccc(O)c(C(C)(C)CC)c1,-4.892804592125636,-5.02611594949131,-0.1333113573656748,0.1333113573656748
CCC(C)(C)c1ccc(O)cc1,-2.990200021520253,-3.3152424129248184,-0.3250423914045655,0.3250423914045655
CCC(C)(C)c1ccccc1,-4.500745759934524,-3.7723265812322606,0.7284191787022638,0.7284191787022638
CCC(C)(C)c1ccccc1O,-2.491224302418157,-2.807748627127074,-0.3165243247089169,0.3165243247089169
CCC(C)(O)C(O)c1ccccc1,-1.7244000689596946,-0.9763277198391167,0.7480723491205779,0.7480723491205779
CCC(C)C(=O)N(C)c1ccccc1,-1.5805795402281577,-1.7090028317394848,-0.12842329151132703,0.12842329151132703
CCC(C)C(C)C(C)CCc1ccc(O)cc1,-5.182405369764497,-4.841488956411473,0.3409164133530247,0.3409164133530247
CCC(C)CN(C)N=Nc1ccc(C(=O)O)cc1,-1.7899999689945654,-2.8311830865441507,-1.0411831175495854,1.0411831175495854
CCC(C)N(C(=O)SCc1ccccc1)C(C)CC,-5.0483997831266265,-4.891040013289011,0.15735976983761546,0.15735976983761546
CCC(C)Nc1c([N+](=O)[O-])cc(C(C)(C)C)cc1[N+](=O)[O-],-5.470299988409373,-5.103231912072626,0.36706807633674643,0.36706807633674643
CCC(C)OC(=O)Nc1cccc(Cl)c1,-3.1726999033614964,-4.527332371583487,-1.3546324682219906,1.3546324682219906
CCC(C)OC(=O)c1cccc([N+](=O)[O-])c1C(=O)[O-],-2.71930003213459,-2.828489305385277,-0.10918927325068672,0.10918927325068672
CCC(C)c1cc(C(C)CC)c(O)c(C(C)CC)c1,-5.549793189202678,-6.1878846693959755,-0.6380914801932978,0.6380914801932978
CCC(C)c1cc([N+](=O)[O-])cc([N+](=O)[O-])c1O,-3.6645998466993817,-3.58719975124705,0.07740009545233173,0.07740009545233173
CCC(C)c1cc([N+](=O)[O-])cc([N+](=O)[O-])c1OC(=O)C=C(C)C,-5.508299849128807,-5.358518998503444,0.14978085062536373,0.14978085062536373
CCC(C)c1cc([N+](=O)[O-])cc([N+](=O)[O-])c1OC(C)=O,-2.249999988760143,-4.076006404770254,-1.8260064160101113,1.8260064160101113
CCC(C)c1ccc(O)c([N+](=O)[O-])c1,-3.840300042705808,-3.545540411666941,0.29475963103886693,0.29475963103886693
CCC(C)c1ccc(O)cc1,-2.1944999807506895,-2.8495971843560093,-0.6550972036053198,0.6550972036053198
CCC(C)c1ccccc1,-3.7586077910294007,-3.8037239103192104,-0.04511611928980974,0.04511611928980974
CCC(C)c1ccccc1O,-2.012377755446084,-2.4640983625949042,-0.45172060714882,0.45172060714882
CCC(C)c1ccccc1OC(=O)NC,-2.5299999623066194,-2.698683921594461,-0.16868395928784174,0.16868395928784174
CCC(CC)(C(=O)NC(N)=O)C(=O)OCc1ccccc1,-3.6600000671081245,-3.045250650380318,0.6147494167278067,0.6147494167278067
CCC(CC)(Cc1ccc(C)cc1)C(=O)NO,-3.349999870245215,-3.8627573655707783,-0.5127574953255634,0.5127574953255634
CCC(CC)C(=O)Oc1ccccc1C(=O)O,-1.8400000007466475,-3.0666502455670237,-1.2266502448203762,1.2266502448203762
CCC(CC)Nc1c([N+](=O)[O-])cc(C)c(C)c1[N+](=O)[O-],-5.972099746024897,-4.915889009105643,1.0562107369192537,1.0562107369192537
CCC(CC)c1cccc(OC(=O)NC)c1,-3.947000004246856,-3.233394272868783,0.713605731378073,0.713605731378073
CCC(Cc1c(I)cc(I)c(N)c1I)C(=O)O,-4.579999834285701,-3.730662611641313,0.849337222644388,0.849337222644388
CCC(O)(COC(N)=O)c1ccccc1,-0.9226999384182828,-1.5608347228305997,-0.6381347844123169,0.6381347844123169
CCC(O)c1ccccc1,-2.340367587068394,-1.4299184428363212,0.9104491442320728,0.9104491442320728
CCCC(=O)N(C)c1ccc(S(=O)(=O)N(C)C)cc1,-2.1600000677831845,-2.898508823119071,-0.7385087553358867,0.7385087553358867
CCCC(=O)N(CSP(=S)(OC)OC)c1ccccc1Cl,-5.203999876492034,-5.091782439976182,0.11221743651585214,0.11221743651585214
CCCC(=O)OC(C)(C)Cc1ccccc1,-4.135942371693355,-4.14445607647622,-0.008513704782864728,0.008513704782864728
CCCC(=O)OCc1ccccc1,-3.1174442560895135,-3.451066266098522,-0.3336220100090084,0.3336220100090084
CCCC(=O)Oc1ccc(NC(C)=O)cc1,-2.829999914509731,-3.0489267428092948,-0.21892682829956378,0.21892682829956378
CCCC(=O)Oc1ccc([N+](=O)[O-])cc1,-3.940399855708184,-4.027050712815832,-0.08665085710764808,0.08665085710764808
CCCC(C)(C)C(=O)Nc1ccc(Cl)cc1,-4.0218000081713985,-4.5910198047884805,-0.569219796617082,0.569219796617082
CCCC(C)C(=O)Nc1ccc(C)c(Cl)c1,-4.450300157727632,-5.22885472791061,-0.7785545701829779,0.7785545701829779
CCCC(CC)COC(=O)CCc1cc(C(C)(C)C)c(O)c(C(C)(C)C)c1,-7.098737169278156,-7.353359440623279,-0.2546222713451236,0.2546222713451236
CCCC(CCC)(C(=O)NO)c1ccccc1,-2.890000088789019,-3.574873743201644,-0.684873654412625,0.684873654412625
CCCC(O)(CCC)C(O)c1ccccc1,-2.648000010006175,-2.0229074895071406,0.6250925204990345,0.6250925204990345
CCCCC(=O)N(C)c1ccc(S(=O)(=O)N(C)C)cc1,-2.8499998931663666,-3.1109761735033805,-0.2609762803370139,0.2609762803370139
CCCCC(=O)Oc1ccc([N+](=O)[O-])cc1,-4.3944996756324395,-4.3816252496120525,0.01287442602038702,0.01287442602038702
CCCCC(C#N)c1ccccc1,-3.6623544276195004,-4.07238995777502,-0.4100355301555201,0.4100355301555201
CCCCC(CC)CCCCCc1ccc(S(=O)(=O)[O-])cc1,-0.09690577618049279,-1.6981319748210628,-1.60122619864057,1.60122619864057
CCCCC(CC)CNS(=O)(=O)c1ccc(N)cc1,-5.453967488999787,-3.9733344164819093,1.4806330725178776,1.4806330725178776
CCCCC(CC)COC(=O)COc1ccc(Cl)cc1Cl,-7.012199815524445,-6.609028004083418,0.40317181144102676,0.40317181144102676
CCCCC(CC)COC(=O)Nc1ccc(C)c(NC(=O)OCCN(C)C)c1,-0.23519385049039387,-4.581482663345124,-4.346288812854731,4.346288812854731
CCCCC(CC)COC(=O)c1c(Br)c(Br)c(Br)c(Br)c1C(=O)OCC(CC)CCCC,-5.949074974478632,-8.169058136581308,-2.2199831621026753,2.2199831621026753
CCCCC(CC)COC(=O)c1ccc(C(=O)OCC(CC)CCCC)c(C(=O)OCC(CC)CCCC)c1,-8.252097653323322,-7.641456417977155,0.6106412353461668,0.6106412353461668
CCCCC(CC)COC(=O)c1ccc(C(=O)OCC(CC)CCCC)cc1,-8.989632233952271,-7.2930453788445,1.6965868551077712,1.6965868551077712
CCCCC(CC)COC(=O)c1ccc(N)cc1,-5.054393740687428,-5.484805267659225,-0.4304115269717972,0.4304115269717972
CCCCC(CC)COC(=O)c1ccccc1,-5.76778444891509,-6.1709532644667515,-0.40316881555166173,0.40316881555166173
CCCCC(CC)COC(=O)c1ccccc1C(=O)OCC(CC)CCCC,-6.978908403474183,-7.072867664602002,-0.09395926112781972,0.09395926112781972
CCCCC(O)(CCCC)C(O)c1ccccc1,-3.222500061630984,-2.703701797973274,0.5187982636577102,0.5187982636577102
CCCCC/C(=C\c1ccccc1)C(OCC)OCC,-5.17205661465651,-4.92665991226067,0.24539670239584055,0.24539670239584055
CCCCC/C(C=O)=C/c1ccccc1,-3.0466584939034522,-4.613431099898644,-1.566772605995192,1.566772605995192
CCCCCC(=O)N(C)c1ccc(S(=O)(=O)N(C)C)cc1,-2.950000033269975,-3.2524725559486827,-0.3024725226787077,0.3024725226787077
CCCCCC(=O)Oc1ccc(NC(C)=O)cc1,-4.139999827220956,-4.034576795433808,0.10542303178714807,0.10542303178714807
CCCCCC(CCC)COC(=O)c1ccccc1C(=O)OCC(CCC)CCCCC,-9.649988891560742,-7.502861673537598,2.1471272180231438,2.1471272180231438
CCCCCC(CO)Cc1ccccc1,-3.843268560537231,-3.5284861752737067,0.3147823852635243,0.3147823852635243
CCCCCCC(=O)N(C)S(=O)(=O)c1ccc(N(C)C)cc1,-3.680000011720563,-3.673291262192371,0.006708749528192115,0.006708749528192115
CCCCCCC(=O)N(C)c1ccc(S(=O)(=O)N(C)C)cc1,-3.680000011720563,-3.40599743419882,0.27400257752174273,0.27400257752174273
CCCCCCCC(=O)CC(=O)c1ccccc1,-5.883696497903273,-5.046043652316989,0.837652845586284,0.837652845586284
CCCCCCCC(=O)N(C)c1ccc(S(=O)(=O)N(C)C)cc1,-3.58999988647842,-3.546878280534082,0.043121605944338004,0.043121605944338004
CCCCCCCC(=O)Oc1c(Br)cc(C#N)cc1Br,-6.70229984477851,-6.5540193900183965,0.14828045476011376,0.14828045476011376
CCCCCCCC(=O)Oc1ccc(NC(C)=O)cc1,-4.44000001773345,-4.796620746966707,-0.35662072923325727,0.35662072923325727
CCCCCCCCCC(=O)Oc1ccc(C(=O)O)cc1,-5.424547583071243,-4.9630591509978785,0.46148843207336476,0.46148843207336476
CCCCCCCCCC(=O)Oc1ccc(NC(C)=O)cc1,-4.530000074887198,-5.337805419426324,-0.8078053445391262,0.8078053445391262
CCCCCCCCCCCCCCC(C)c1cc(C)cc(C)c1O,-7.335707115771143,-7.133135426272398,0.20257168949874504,0.20257168949874504
CCCCCCCCCCCCCCCCCCNC(=O)CCc1cc(C(C)(C)C)c(O)c(C(C)(C)C)c1,-7.724188719882358,-7.263089753426584,0.46109896645577386,0.46109896645577386
CCCCCCCCCCCCCCCCCCOC(=O)CCc1cc(C(C)(C)C)c(O)c(C(C)(C)C)c1,-8.270149793229042,-7.933362804836799,0.33678698839224275,0.33678698839224275
CCCCCCCCCCCCCCCCOC(=O)Oc1c(Cl)cc(C(=O)OCC)cc1Cl,-7.133803781954613,-7.230615129758947,-0.09681134780433354,0.09681134780433354
CCCCCCCCCCCCCCCc1cccc(O)c1,-6.597038727193921,-6.54521692235368,0.051821804840241015,0.051821804840241015
CCCCCCCCCCCCCC[N+](C)(C)Cc1ccccc1,-0.9531216969862037,-1.258770228368084,-0.3056485313818802,0.3056485313818802
CCCCCCCCCCCCOC(=O)c1ccc(N)cc1,-7.799999972644743,-5.9861548248091,1.813845147835643,1.813845147835643
CCCCCCCCCCCCc1ccccc1S(=O)(=O)O,0.2137916458439788,-3.145244458263221,-3.3590361041072,3.3590361041072
CCCCCCCCCCOC(=O)c1ccccc1C(=O)OCCCCCCCCCC,-9.307599590053918,-7.154051908765675,2.1535476812882433,2.1535476812882433
CCCCCCCCCCOc1ccc(C(C)=NO)c(O)c1,-4.889999758795032,-4.497996895264352,0.3920028635306796,0.3920028635306796
CCCCCCCCCCOc1ccc(C(CC)=NO)c(O)c1,-4.059999912594414,-4.997350645389257,-0.9373507327948429,0.9373507327948429
CCCCCCCCCCc1ccccc1,-7.958999991910291,-6.549649204494013,1.4093507874162778,1.4093507874162778
CCCCCCCCCOC(=O)c1ccc(C(=O)OCCCCCCCCC)c(C(=O)OCCCCCCCCC)c1,-6.757182086782998,-7.46751099607852,-0.7103289092955221,0.7103289092955221
CCCCCCCCCOC(=O)c1ccc(N)cc1,-5.999999918984099,-5.407193485387822,0.5928064335962775,0.5928064335962775
CCCCCCCCCOC(=O)c1ccccc1C(=O)OCCCCCCCC,-4.780941351438928,-6.983667782262579,-2.2027264308236507,2.2027264308236507
CCCCCCCCCc1ccc(O)cc1,-4.498026717981223,-5.286504763158993,-0.7884780451777695,0.7884780451777695
CCCCCCCCCc1ccc(OCC(=O)O)cc1,-3.842596732346886,-4.694086841942781,-0.8514901095958947,0.8514901095958947
CCCCCCCCCc1ccc(OCCOCCO)cc1,-0.30451028746068376,-4.763331105214705,-4.458820817754022,4.458820817754022
CCCCCCCCCc1ccccc1O,-1.4630694566167461,-5.300731560874588,-3.8376621042578423,3.8376621042578423
CCCCCCCCN(C)N=Nc1ccc(C(=O)O)cc1,-3.7699999326975213,-3.5243285276733287,0.2456714050241926,0.2456714050241926
CCCCCCCCOC(=O)COc1ccc(Cl)cc1Cl,-7.021699780704305,-6.436548389145534,0.5851513915587709,0.5851513915587709
CCCCCCCCOC(=O)[C@@H](C)Oc1ccc(Cl)cc1C,-6.514366887783197,-6.923949902467649,-0.40958301468445235,0.40958301468445235
CCCCCCCCOC(=O)c1cc(O)c(O)c(O)c1,-3.8944999709071695,-4.014154226155568,-0.11965425524839812,0.11965425524839812
CCCCCCCCOC(=O)c1ccc(N)cc1,-5.399899856549296,-5.1376089254877275,0.2622909310615684,0.2622909310615684
CCCCCCCCOC(=O)c1ccc(O)c(Br)c1,-4.519999932359992,-5.585835100044587,-1.065835167684595,1.065835167684595
CCCCCCCCOC(=O)c1ccc(O)c(Cl)c1,-4.37999997963095,-5.488132338977053,-1.1081323593461025,1.1081323593461025
CCCCCCCCOC(=O)c1ccc(O)c(I)c1,-4.670000027616238,-5.362344749223935,-0.6923447216076966,0.6923447216076966
CCCCCCCCOC(=O)c1ccc(O)cc1,-4.22240013011368,-5.0021376680658935,-0.7797375379522133,0.7797375379522133
CCCCCCCCOC(=O)c1ccccc1C(=O)OCCCCCCCC,-7.249299947028069,-6.902101153674362,0.34719879335370685,0.34719879335370685
CCCCCCCCSCc1cc(C)c(O)c(CSCCCCCCCC)c1,-7.327113543301316,-7.129748709520827,0.19736483378048852,0.19736483378048852
CCCCCCCCc1ccccc1,-6.459999938749677,-6.092370541687157,0.36762939706251974,0.36762939706251974
CCCCCCCN(C)N=Nc1ccc(C(=O)O)cc1,-3.3900000658678673,-3.2953486521638897,0.09465141370397756,0.09465141370397756
CCCCCCCOC(=O)c1ccc(N)cc1,-4.6000999369267195,-4.823530778490417,-0.2234308415636974,0.2234308415636974
CCCCCCCOC(=O)c1ccc(O)c(Br)c1,-4.420000005032617,-5.311821662423892,-0.891821657391275,0.891821657391275
CCCCCCCOC(=O)c1ccc(O)c(Cl)c1,-4.230000020551493,-5.203084359937117,-0.9730843393856237,0.9730843393856237
CCCCCCCOC(=O)c1ccc(O)c(I)c1,-4.559999821584868,-5.123493111855466,-0.563493290270598,0.563493290270598
CCCCCCCOC(=O)c1ccc(O)cc1,-4.072500192886014,-4.6482043877708055,-0.5757041948847919,0.5757041948847919
CCCCCCCOC(=O)c1ccccc1C(=O)OCCCCCCC,-8.560000455276393,-6.678785926204837,1.8812145290715563,1.8812145290715563
CCCCCCCc1ccc(O)cc1,-3.659701771851015,-4.597983068736,-0.938281296884985,0.938281296884985
CCCCCCCc1ccccc1,-5.595899926546743,-5.773681176248283,-0.17778124970154074,0.17778124970154074
CCCCCCN(C)N=Nc1ccc(C(=O)O)cc1,-2.5199999900004,-3.088307844703285,-0.5683078547028848,0.5683078547028848
CCCCCCNC(=O)COC(=O)c1ccccc1,-3.9019999075815868,-3.381994811172304,0.5200050964092826,0.5200050964092826
CCCCCCOC(=O)Oc1ccc(NC(C)=O)cc1,-4.320000077705242,-4.750672383228677,-0.4306723055234354,0.4306723055234354
CCCCCCOC(=O)c1ccc(N)cc1,-3.9499999789166225,-4.448744474085897,-0.49874449516927477,0.49874449516927477
CCCCCCOC(=O)c1ccc(O)c(Br)c1,-4.219999741847499,-5.013370755244034,-0.793371013396535,0.793371013396535
CCCCCCOC(=O)c1ccc(O)c(Cl)c1,-4.090000067822453,-4.886892476815243,-0.7968924089927896,0.7968924089927896
CCCCCCOC(=O)c1ccc(O)c(I)c1,-4.429999739029454,-4.846525182612654,-0.41652544358319954,0.41652544358319954
CCCCCCOC(=O)c1ccc(O)cc1,-3.948999828487113,-4.264645983125596,-0.315646154638483,0.315646154638483
CCCCCCOC(=O)c1ccccc1C(=O)OCCCCCC,-6.143999792547233,-6.298381239824591,-0.15438144727735814,0.15438144727735814
CCCCCCOC(=O)c1ccccc1O,-5.045878333694697,-4.405517058776221,0.6403612749184759,0.6403612749184759
CCCCCCOc1ccc(C(C)=NO)c(O)c1,-4.150000037836557,-3.3354008332758833,0.814599204560674,0.814599204560674
CCCCCCc1ccc(C(=O)O)cc1,-3.650000060757708,-4.3483744182450215,-0.6983743574873134,0.6983743574873134
CCCCCCc1ccc(O)cc1O,-2.58949995923856,-3.2426022239459416,-0.6531022647073814,0.6531022647073814
CCCCCCc1ccccc1,-5.255099671995049,-5.3586047898807445,-0.10350511788569516,0.10350511788569516
CCCCCN(C)N=Nc1ccc(C(=O)O)cc1,-2.369999860699956,-2.9028733913508935,-0.5328735306509373,0.5328735306509373
CCCCCNCCOC(=O)c1ccc(N)cc1,-3.269999955618673,-2.594318608974528,0.6756813466441449,0.6756813466441449
CCCCCOC(=O)C(N)Cc1ccc(O)c(O)c1,-0.9900000056684077,-1.781626866746723,-0.7916268610783153,0.7916268610783153
CCCCCOC(=O)c1ccc(N)cc1,-3.349899984570214,-3.9911930491699374,-0.6412930645997235,0.6412930645997235
CCCCCOC(=O)c1ccc(O)c(Br)c1,-4.099999869907685,-4.615434941354188,-0.515435071446503,0.515435071446503
CCCCCOC(=O)c1ccc(O)c(Cl)c1,-3.9499999789166225,-4.473024114746184,-0.5230241358295613,0.5230241358295613
CCCCCOC(=O)c1ccc(O)c(I)c1,-4.219999741847499,-4.49055810196836,-0.27055836012086143,0.27055836012086143
CCCCCOC(=O)c1ccc(O)cc1,-3.813499905851117,-3.803264722185463,0.010235183665654013,0.010235183665654013
CCCCCOC(=O)c1ccccc1C(=O)OCCCCC,-3.4899999591510453,-5.753846482169743,-2.2638465230186973,2.2638465230186973
CCCCCc1ccc(O)cc1O,-1.9548000300728556,-2.680138106783087,-0.7253380767102315,0.7253380767102315
CCCCCc1ccccc1,-4.643400070641918,-4.822105552212896,-0.17870548157097854,0.17870548157097854
CCCCN(C(N)=O)c1ccccc1,-1.2971000454481567,-2.0505658124884256,-0.7534657670402689,0.7534657670402689
CCCCN(C)C(=O)Nc1ccc(Cl)c(Cl)c1,-4.758399871318128,-4.192908186663561,0.5654916846545666,0.5654916846545666
CCCCN(C)N=Nc1ccc(C(=O)O)cc1,-1.8099999816953982,-2.7481830610710523,-0.938183079375654,0.938183079375654
CCCCN(CC)c1c([N+](=O)[O-])cc(C(F)(F)F)cc1[N+](=O)[O-],-5.530000165221685,-5.565176536390373,-0.03517637116868855,0.03517637116868855
CCCCN(CCCC)C(=O)COC(=O)c1ccccc1,-3.5613999009986586,-4.657814792326841,-1.0964148913281822,1.0964148913281822
CCCCNC(=O)COC(=O)c1ccccc1,-2.7588000163656985,-2.6729007189585703,0.0858992974071282,0.0858992974071282
CCCCNC(=O)NS(=O)(=O)c1ccc(C)cc1,-3.1700000538244457,-3.4693342121711916,-0.2993341583467459,0.2993341583467459
CCCCNC(=O)NS(=O)(=O)c1ccc(N)cc1,-2.1782000275937623,-2.9202039644939517,-0.7420039369001894,0.7420039369001894
CCCCNC(=O)NS(=O)(=O)c1ccccc1,-3.0499999302767367,-2.917760203920356,0.1322397263563806,0.1322397263563806
CCCCNC(=O)Oc1cc(/C=C(/C#N)C(=O)N(CC)CC)cc([N+](=O)[O-])c1O,-2.3199999651246634,-4.40884821539773,-2.0888482502730663,2.0888482502730663
CCCCNS(=O)(=O)c1ccccc1,-2.6757824240867714,-3.2233668268953086,-0.5475844028085373,0.5475844028085373
CCCCNc1ccc(C(=O)OCCN(C)C)cc1,-3.0099999692398813,-2.7694868303532902,0.2405131388865911,0.2405131388865911
CCCCOC(=O)/C=C/c1ccccc1,-1.6111999807317656,-5.287586687750518,-3.6763867070187524,3.6763867070187524
CCCCOC(=O)COc1ccc(Cl)cc1Cl,-3.779999939047938,-5.365512493698203,-1.5855125546502649,1.5855125546502649
CCCCOC(=O)Oc1ccc(NC(C)=O)cc1,-3.3699998489018506,-3.983847673151452,-0.6138478242496013,0.6138478242496013
CCCCOC(=O)c1ccc(C(=O)OCCCC)c(C(=O)OCCCC)c1,-4.807173631081955,-5.9472267830933365,-1.1400531520113812,1.1400531520113812
CCCCOC(=O)c1ccc(C(=O)OCCCC)cc1,-6.4031951528328985,-5.494157889552988,0.9090372632799104,0.9090372632799104
CCCCOC(=O)c1ccc(N)cc1,-3.059999920136995,-3.4578163452822874,-0.3978164251452925,0.3978164251452925
CCCCOC(=O)c1ccc(NC(C)=O)cc1,-3.4600000081881905,-3.7400009349721923,-0.2800009267840018,0.2800009267840018
CCCCOC(=O)c1ccc(O)c(Br)c1,-3.6700000053701465,-4.172244312114562,-0.5022443067444153,0.5022443067444153
CCCCOC(=O)c1ccc(O)c(Cl)c1,-3.509999937807681,-4.000781801616464,-0.49078186380878286,0.49078186380878286
CCCCOC(=O)c1ccc(O)c(I)c1,-3.903299987389679,-4.124956377299523,-0.22165638990984426,0.22165638990984426
CCCCOC(=O)c1ccc(O)cc1,-2.9723000336435037,-3.3498406795784446,-0.37754064593494085,0.37754064593494085
CCCCOC(=O)c1ccccc1,-3.480099872519827,-4.197554538716782,-0.7174546661969545,0.7174546661969545
CCCCOC(=O)c1ccccc1C(=O)OCC(CC)CCCC,-7.21999960432059,-6.41508011830174,0.80491948601885,0.80491948601885
CCCCOC(=O)c1ccccc1C(=O)OCCCC,-4.387683346440647,-5.076479709447793,-0.6887963630071461,0.6887963630071461
CCCCOC(=O)c1ccccc1N,-3.3830205968824125,-3.5128403473245062,-0.1298197504420937,0.1298197504420937
CCCCOCCOC(=O)COc1ccc(Cl)cc1Cl,-4.42759989547043,-5.051171525497413,-0.6235716300269827,0.6235716300269827
CCCCOCCOC(=O)c1ccccc1,-3.322422470321012,-3.7958565686670793,-0.4734340983460674,0.4734340983460674
CCCCOCN(C(=O)CCl)c1c(CC)cccc1CC,-4.192999833642806,-4.656505588673861,-0.46350575503105507,0.46350575503105507
CCCCOCc1ccc(O)c(OC)c1,-2.094896804499137,-2.937983989130317,-0.8430871846311803,0.8430871846311803
CCCCOP(=O)(OCCCC)Oc1ccccc1,-3.4746000324392456,-4.315013011325023,-0.8404129788857775,0.8404129788857775
CCCCOc1ccc(C(=O)OCC)c(N(CC)CC)c1,-3.8399998409736473,-4.307348028381892,-0.46734818740824435,0.46734818740824435
CCCCOc1ccc(C(=O)OCCN(CC)CC)cc1,-3.8399998409736473,-3.64691313720793,0.19308670376571735,0.19308670376571735
CCCCOc1ccc([N+](=O)[O-])cc1N,-3.819999896361209,-3.6769145861154677,0.14308531024574123,0.14308531024574123
CCCCOc1ccccc1,-3.613249485903931,-4.162490377222532,-0.5492408913186013,0.5492408913186013
CCCCSc1cc(O)cc(O)c1,-2.5190999635552727,-3.0929141012030863,-0.5738141376478136,0.5738141376478136
CCCC[C@@H](CC)COC(=O)/C=C/c1ccc(OC)cc1,-6.42160843358402,-6.188375722898435,0.23323271068558515,0.23323271068558515
CCCC[N+](CCCC)(CCCC)Cc1ccccc1,-2.6418192178903612,0.107488503467148,2.7493077213575092,2.7493077213575092
CCCCc1ccc(C(=O)O)c(C(=O)O)c1CCCC,-4.399999992331784,-3.4603915505018197,0.9396084418299644,0.9396084418299644
CCCCc1ccc(C(=O)O)cc1,-3.0799998987936306,-3.600836665155303,-0.5208367663616724,0.5208367663616724
CCCCc1ccccc1,-4.055900037996926,-4.078875785899018,-0.022975747902092003,0.022975747902092003
CCCN(C)N=Nc1ccc(C(=O)O)cc1,-1.4300000127331522,-2.590437434300764,-1.1604374215676116,1.1604374215676116
CCCN(CCC)C(=O)COC(=O)c1ccccc1,-2.3791000789146266,-3.5525848710251213,-1.1734847921104947,1.1734847921104947
CCCN(CCC)C(=O)COC(=O)c1ccccc1OC(C)=O,-2.6500000725558137,-2.9342072280098006,-0.2842071554539869,0.2842071554539869
CCCN(CCC)C(=O)SCc1ccccc1,-4.279799872423205,-5.2157515248840856,-0.9359516524608802,0.9359516524608802
CCCN(CCC)S(=O)(=O)c1ccc(C(=O)O)cc1,-4.019999955281143,-3.3723282336906544,0.647671721590489,0.647671721590489
CCCN(CCC)c1c([N+](=O)[O-])cc(C(C)C)cc1[N+](=O)[O-],-6.449099803821541,-5.494077272893683,0.9550225309278586,0.9550225309278586
CCCN(CCC)c1c([N+](=O)[O-])cc(C(F)(F)F)c(N)c1[N+](=O)[O-],-7.070000053771501,-5.335000449918931,1.73499960385257,1.73499960385257
CCCN(CCC)c1c([N+](=O)[O-])cc(C(F)(F)F)cc1[N+](=O)[O-],-6.049999950736181,-5.806617439231876,0.24338251150430512,0.24338251150430512
CCCN(CCC)c1c([N+](=O)[O-])cc(C)cc1[N+](=O)[O-],-2.9662999949379514,-5.006224742045182,-2.039924747107231,2.039924747107231
CCCN(CCC)c1c([N+](=O)[O-])cc(S(=O)(=O)N=S(C)C)cc1[N+](=O)[O-],-4.860000012097361,-4.891325167485946,-0.03132515538858538,0.03132515538858538
CCCN(CCC)c1c([N+](=O)[O-])cc(S(C)(=O)=O)cc1[N+](=O)[O-],-5.7600997203375,-4.26610484507009,1.4939948752674104,1.4939948752674104
CCCN(CCC)c1c([N+](=O)[O-])cc(S(N)(=O)=O)cc1[N+](=O)[O-],-5.130000047381816,-3.3611285779143043,1.7688714694675114,1.7688714694675114
CCCN(CCCl)c1c([N+](=O)[O-])cc(C(F)(F)F)cc1[N+](=O)[O-],-5.5967997827708835,-5.844493651426565,-0.24769386865568155,0.24769386865568155
CCCNC(=O)COC(=O)c1ccccc1,-2.5387000931141275,-2.22571095190139,0.31298914121273747,0.31298914121273747
CCCNC(=O)NS(=O)(=O)c1ccc(Cl)cc1,-3.2499999769620374,-3.4984306301365926,-0.24843065317455526,0.24843065317455526
CCCOC(=O)/C(O)=C/Oc1ccccc1,-1.622546366998659,-2.1356666372910973,-0.5131202702924382,0.5131202702924382
CCCOC(=O)COc1ccc(Cl)cc1Cl,-4.250199668425539,-4.865995603779636,-0.6157959353540967,0.6157959353540967
CCCOC(=O)Oc1ccc(NC(C)=O)cc1,-2.56999991961989,-3.3367310081544255,-0.7667310885345353,0.7667310885345353
CCCOC(=O)c1cc(O)c(O)c(O)c1,-1.7826999398469392,-2.356672987296896,-0.5739730474499567,0.5739730474499567
CCCOC(=O)c1ccc(N)cc1,-2.451999871920334,-2.7104849000284608,-0.2584850281081268,0.2584850281081268
CCCOC(=O)c1ccc(NC(C)=O)cc1,-3.2899999342753086,-2.9994132366814257,0.2905866975938829,0.2905866975938829
CCCOC(=O)c1ccc(O)c(Br)c1,-3.509999937807681,-3.5214699385551227,-0.011470000747441755,0.011470000747441755
CCCOC(=O)c1ccc(O)c(Cl)c1,-3.3800000935616485,-3.336276177677938,0.04372391588371061,0.04372391588371061
CCCOC(=O)c1ccc(O)c(I)c1,-3.6865000022306544,-3.593937063856812,0.09256293837384222,0.09256293837384222
CCCOC(=O)c1ccc(O)cc1,-2.6800000575628657,-2.728941723307983,-0.04894166574511738,0.04894166574511738
CCCOC(=O)c1ccccc1,-2.6700999709316475,-3.2125286183621378,-0.5424286474304902,0.5424286474304902
CCCOC(=O)c1ccccc1C(=O)OCCC,-3.819999896361209,-3.838658431509982,-0.018658535148773137,0.018658535148773137
CCCOC(C)OCCc1ccccc1,-3.3841929088178806,-3.3147423887763594,0.06945052004152119,0.06945052004152119
CCCOCCN(C(=O)CCl)c1c(CC)cccc1CC,-3.795000016661957,-4.328422884481203,-0.5334228678192456,0.5334228678192456
CCCOP(=O)(OCCC)Oc1ccc(SC)cc1,-3.386499845762359,-4.498099708740324,-1.111599862977965,1.111599862977965
CCCOc1ccc(NC(C)=O)cc1,-3.0557000411995285,-2.700796329995328,0.3549037112042006,0.3549037112042006
CCCOc1ccc([N+](=O)[O-])cc1N,-3.1591999237260016,-3.215466802813729,-0.05626687908772743,0.05626687908772743
CCCSP(=O)(OCC)Oc1ccc(Br)cc1Cl,-4.365622978916683,-5.43035742961282,-1.064734450696137,1.064734450696137
CCCSP(=S)(OCC)Oc1ccc(Cl)cc1Cl,-6.6929997871254425,-6.354182947510888,0.33881683961455433,0.33881683961455433
CCCSP(=S)(OCC)Oc1ccc(SC)cc1,-6.017099638424982,-5.6744063903242905,0.3426932481006917,0.3426932481006917
CCCc1cc(F)ccc1O,-1.8869999216521733,-2.314402894816473,-0.42740297316429987,0.42740297316429987
CCCc1ccc(O)c(OC)c1,-2.1792905313230175,-2.5727140251645775,-0.39342349384155995,0.39342349384155995
CCCc1ccc(O)cc1,-2.0276000735803517,-2.3184482986982147,-0.290848225117863,0.290848225117863
CCCc1ccccc1,-3.3621999828488507,-3.4841024828455103,-0.12190249999665959,0.12190249999665959
CCN(C(=O)SCc1ccccc1)C(C)C(C)C,-4.733699716732275,-4.632665935220021,0.10103378151225417,0.10103378151225417
CCN(C(N)=O)c1ccc(OC)cc1,-1.2700000473032786,-1.3860857216979057,-0.11608567439462703,0.11608567439462703
CCN(C(N)=O)c1ccccc1C,-0.20959996763592104,-1.270017614109107,-1.060417646473186,1.060417646473186
CCN(C)N=Nc1ccc(C(=O)O)cc1,-0.4200001884018283,-2.469062142744141,-2.0490619543423128,2.0490619543423128
CCN(CC)C(=O)/C(C#N)=C\c1cc(O)c(O)c([N+](=O)[O-])c1,-4.260000175779532,-3.0715072035360507,1.1884929722434814,1.1884929722434814
CCN(CC)C(=O)/C(C#N)=C\c1cc(OC(=O)NC(C)(C)C)c(O)c([N+](=O)[O-])c1,-3.529999916464316,-4.424029748583581,-0.8940298321192648,0.8940298321192648
CCN(CC)C(=O)C(C)OC(=O)c1ccccc1,-2.2800000078113922,-2.199981845495075,0.0800181623163172,0.0800181623163172
CCN(CC)C(=O)C(C)OC(=O)c1ccccc1OC(C)=O,-1.6000001206902317,-2.0104000599340996,-0.410399939243868,0.410399939243868
CCN(CC)C(=O)COC(=O)c1ccccc1,-2.0706000736517844,-2.2087886708170528,-0.13818859716526832,0.13818859716526832
CCN(CC)C(=O)COC(=O)c1ccccc1O,-2.559999947313671,-2.05093730276982,0.5090626445438509,0.5090626445438509
CCN(CC)C(=O)COC(=O)c1ccccc1OC(C)=O,-2.1099998998543126,-1.9838888902264469,0.1261110096278657,0.1261110096278657
CCN(CC)C(=O)Nc1ccc(OCC(O)CNC(C)(C)C)c(C(C)=O)c1,-1.9000000388491463,-1.831596394897987,0.06840364395115928,0.06840364395115928
CCN(CC)C(=O)SCc1ccc(Cl)cc1,-3.964099859864528,-4.492585910538832,-0.5284860506743039,0.5284860506743039
CCN(CC)C(=O)SCc1ccccc1Cl,-4.0310001120610695,-4.219847632373775,-0.1888475203127058,0.1888475203127058
CCN(CC)C(C#N)c1ccccc1,-0.9738000062748764,-1.3380436398233502,-0.3642436335484738,0.3642436335484738
CCN(CC)C(C)C(C)OC(=O)c1ccc(N)cc1,-3.4200000508749193,-1.9276200961526189,1.4923799547223005,1.4923799547223005
CCN(CC)C(C)COC(=O)c1ccc(N)cc1,-2.3800001394039514,-1.8186428501629777,0.5613572892409737,0.5613572892409737
CCN(CC)CC(=O)Nc1c(C)cccc1C,-1.779999962644149,-1.7264564746559339,0.053543487988215066,0.053543487988215066
CCN(CC)CC(C)OC(=O)c1ccc(N)cc1,-2.349999916087518,-1.8197980378671827,0.530201878220335,0.530201878220335
CCN(CC)CCNC(=O)c1cc(Cl)c(N)cc1OC,-3.202824558219214,-2.092635997442057,1.110188560777157,1.110188560777157
CCN(CC)CCOC(=O)c1ccc(N)cc1,-1.7200000607184396,-2.085382813109973,-0.3653827523915336,0.3653827523915336
CCN(CC)CCOC(=O)c1ccc(NC(C)=O)cc1,-1.6500000162655246,-1.9777154516572584,-0.32771543539173376,0.32771543539173376
CCN(CC)NC(=O)Nc1c(C)cccc1C,-1.090000069172572,-1.9568917055575412,-0.8668916363849692,0.8668916363849692
CCN(CC)S(=O)(=O)c1ccc(N)cc1,-2.630000093899178,-2.91807266156356,-0.28807256766438183,0.28807256766438183
CCN(CC)c1c([N+](=O)[O-])cc(C(F)(F)F)c(N)c1[N+](=O)[O-],-5.4667999725690475,-4.406902793784825,1.0598971787842224,1.0598971787842224
CCN(CC)c1cccc(NC(C)=O)c1,-2.469378004807079,-1.3243547404257563,1.1450232643813227,1.1450232643813227
CCN(CC)c1cccc(O)c1,-2.0112788768442833,-1.507914924537688,0.5033639523065954,0.5033639523065954
CCN(CC)c1ccccc1,-3.0278000618666994,-1.459777927440943,1.5680221344257563,1.5680221344257563
CCN(CCCl)c1ccc(C=O)cc1,-3.0334484357164024,-2.7584714898613494,0.27497694585505306,0.27497694585505306
CCN(CCO)C(=O)COC(=O)c1ccccc1,-1.370000110807443,-1.6289188960339027,-0.2589187852264596,0.2589187852264596
CCN(CCO)c1ccccc1,-1.9170999625552132,-1.1831091786043706,0.7339907839508426,0.7339907839508426
CCN(c1c([N+](=O)[O-])cc([N+](=O)[O-])cc1[N+](=O)[O-])[N+](=O)[O-],-3.700699973118745,-3.209855553097346,0.49084442002139905,0.49084442002139905
CCNC(=O)C(C)OC(=O)Nc1ccccc1,-1.8300001305730205,-1.956403647944448,-0.12640351737142752,0.12640351737142752
CCNC(=O)COC(=O)c1ccccc1,-2.237299937118541,-1.954314423641971,0.2829855134765702,0.2829855134765702
CCNC(=O)COC(=O)c1ccccc1OC(C)=O,-1.6800000353167739,-1.838163248211658,-0.15816321289488422,0.15816321289488422
CCNC(=O)Oc1cc(/C=C(/C#N)C(=O)N(CC)CC)cc([N+](=O)[O-])c1O,-3.1800000431527637,-3.652847721688568,-0.47284767853580423,0.47284767853580423
CCNC(=O)[C@H](C)OC(=O)Nc1ccccc1,-1.829300045698882,-1.956403647944448,-0.12710360224556605,0.12710360224556605
CCNCC(O)c1cccc(O)c1,-3.454102702103642,-0.9185570319553542,2.535545670148288,2.535545670148288
CCNCNC(=O)c1ccccc1,-0.07489987937227571,-1.4563310205484719,-1.3814311411761961,1.3814311411761961
CCNc1c([N+](=O)[O-])cc([N+](=O)[O-])cc1[N+](=O)[O-],-3.4084999210128304,-3.23846600716779,0.17003391384504019,0.17003391384504019
CCNc1ccccc1,-1.652077937894484,-1.4168543225483454,0.23522361534613867,0.23522361534613867
CCOC(=O)/C=C/c1ccccc1,-3.013046720636796,-3.8222978796817864,-0.8092511590449902,0.8092511590449902
CCOC(=O)C(=CC=Cc1ccccc1)NC=O,-3.3482999413393424,-3.335826045300683,0.012473896038659227,0.012473896038659227
CCOC(=O)C(=Cc1ccc(C=C(C(=O)OCC)C(=O)OCC)cc1)C(=O)OCC,-5.621635433262158,-4.865544858606829,0.756090574655329,0.756090574655329
CCOC(=O)C(C)(C)NC(=O)c1ccccc1,-1.1900001326767364,-2.1702204081787975,-0.980220275502061,0.980220275502061
CCOC(=O)C(C)(C)c1ccccc1,-3.0458383340814077,-3.1882448753760713,-0.14240654129466357,0.14240654129466357
CCOC(=O)C(Cc1ccccc1)NC(C)=O,-1.8600000134474806,-2.066144709545652,-0.20614469609817143,0.20614469609817143
CCOC(=O)C(O)c1ccccc1,-1.2600000409528622,-1.5432065012701814,-0.2832064603173192,0.2832064603173192
CCOC(=O)C(SP(=S)(OC)OC)c1ccccc1,-4.464300084912141,-4.388497275110696,0.07580280980144494,0.07580280980144494
CCOC(=O)C=Cc1ccccc1,-2.9999999799115638,-3.8222976073282076,-0.8222976274166438,0.8222976274166438
CCOC(=O)CCCOc1ccc(Cl)cc1C,-4.409500093688432,-4.889065858373549,-0.479565764685117,0.479565764685117
CCOC(=O)CCN(Cc1ccccc1)SN(C)C(=O)O/N=C(/C)SC,-4.300499833821387,-3.790213402515688,0.5102864313056994,0.5102864313056994
CCOC(=O)CCc1ccccc1,-2.9086000764294133,-2.9549453869974,-0.04634531056798652,0.04634531056798652
CCOC(=O)CN(C(=O)CCl)c1c(CC)cccc1CC,-3.4727000938739896,-3.816816763909743,-0.3441166700357532,0.3441166700357532
CCOC(=O)CN(C)C(=O)COC(=O)c1ccccc1,-1.6700000289663575,-1.6623110789082978,0.007688950058059696,0.007688950058059696
CCOC(=O)CN(C)C(=O)COC(=O)c1ccccc1OC(C)=O,-2.5499999409632546,-1.5708585601191554,0.9791413808440992,0.9791413808440992
CCOC(=O)CNC(=O)COC(=O)c1ccccc1OC(C)=O,-1.870000019797897,-1.8633771978237956,0.006622821974101356,0.006622821974101356
CCOC(=O)COC(=O)c1ccccc1OC(C)=O,-2.5799999259703066,-2.2699828431855154,0.31001708278479123,0.31001708278479123
CCOC(=O)COc1cc(Cl)c(Cl)cc1Cl,-4.849299784696017,-5.2622676096569885,-0.4129678249609716,0.4129678249609716
CCOC(=O)COc1ccc(Cl)cc1,-2.4205999554743864,-3.7324801632490017,-1.3118802077746152,1.3118802077746152
CCOC(=O)COc1ccc(Cl)cc1Cl,-3.3503000379331787,-4.3350251437601095,-0.9847251058269308,0.9847251058269308
CCOC(=O)Cc1ccccc1,-2.1362025610456534,-2.4681293317369732,-0.3319267706913198,0.3319267706913198
CCOC(=O)N(CC)c1ccccc1,0.8673993817713939,-2.1293636945952206,-2.9967630763666144,2.9967630763666144
CCOC(=O)NS(=O)(=O)c1ccc(C)cc1,-2.2430987533401794,-3.6505766332838903,-1.4074778799437109,1.4074778799437109
CCOC(=O)OCOc1ccc(NC(C)=O)cc1,-2.430000034979244,-3.0291966835712847,-0.5991966485920406,0.5991966485920406
CCOC(=O)Oc1ccc(NC(C)=O)cc1,-2.6700000512124493,-2.8282507236503047,-0.1582506724378554,0.1582506724378554
CCOC(=O)[C@H](Cc1ccc(O)cc1)NC(C)=O,-1.8585999798759927,-2.063358260081613,-0.20475828020562048,0.20475828020562048
CCOC(=O)[C@H](Cc1ccccc1)NC(C)=O,-1.7557000316422464,-2.066144709545652,-0.3104446779034056,0.3104446779034056
CCOC(=O)c1ccc(N)cc1,-2.3199999651246634,-2.090483042402156,0.22951692272250757,0.22951692272250757
CCOC(=O)c1ccc(N=C=S)cc1,-4.050000110509182,-4.481025726712632,-0.43102561620345003,0.43102561620345003
CCOC(=O)c1ccc(O)c(Br)c1,-3.3900000658678673,-2.989894172706858,0.4001058931610091,0.4001058931610091
CCOC(=O)c1ccc(O)c(Cl)c1,-3.2232000613946292,-2.811439290472513,0.41176077092211605,0.41176077092211605
CCOC(=O)c1ccc(O)c(I)c1,-3.4923999048426615,-3.1945717341205806,0.2978281707220809,0.2978281707220809
CCOC(=O)c1ccc(O)c(O)c1,-1.8556551568059194,-2.169871659421227,-0.31421650261530765,0.31421650261530765
CCOC(=O)c1ccc(O)c(OC)c1,-1.7200000607184396,-2.3991438043648463,-0.6791437436464067,0.6791437436464067
CCOC(=O)c1ccc(O)cc1,-2.2000000250964553,-2.2537264666011856,-0.05372644150473027,0.05372644150473027
CCOC(=O)c1ccc(OC)c(OC)c1C(=O)[O-],-2.2530000315183045,-2.0990410727299595,0.15395895878834498,0.15395895878834498
CCOC(=O)c1ccc([O-])cc1,0.7254770213068515,-1.3049588079625578,-2.0304358292694094,2.0304358292694094
CCOC(=O)c1ccccc1,-2.3999023771700183,-2.443415014765025,-0.04351263759500679,0.04351263759500679
CCOC(=O)c1ccccc1C(=O)OCC,-2.349999916087518,-2.695474302757463,-0.34547438666994523,0.34547438666994523
CCOCCOC(=O)/C=C/c1ccc(OC)cc1,-2.6995000631373385,-4.082192780134433,-1.3826927169970942,1.3826927169970942
CCOCN(C(=O)CCl)c1c(C)cccc1CC,-3.0826999908955868,-3.2190261917342182,-0.13632620083863145,0.13632620083863145
CCOP(=O)(Cc1cc(C(C)(C)C)c(O)c(C(C)(C)C)c1)OCC,-4.472808819242194,-4.902501196589341,-0.4296923773471475,0.4296923773471475
CCOP(=O)(NC(C)C)Oc1ccc(SC)c(C)c1,-2.9647998629152292,-3.3972707148731875,-0.4324708519579583,0.4324708519579583
CCOP(=O)(OCC)O/C(=C\Cl)c1ccc(Cl)cc1Cl,-3.4623999198356095,-4.427992356977388,-0.9655924371417783,0.9655924371417783
CCOP(=O)(OCC)Oc1ccc([N+](=O)[O-])cc1,-2.059400077433461,-3.1236683098691,-1.064268232435639,1.064268232435639
CCOP(=O)(OCC)SCc1ccccc1,-2.4154999304473876,-3.4430545089612665,-1.0275545785138789,1.0275545785138789
CCOP(=O)([O-])Cc1cc(C(C)(C)C)c(O)c(C(C)(C)C)c1,-2.4616735305950312,-3.040437651981109,-0.5787641213860777,0.5787641213860777
CCOP(=S)(CC)Oc1cc(Cl)c(Cl)cc1Cl,-5.752399739959502,-6.274659243116764,-0.5222595031572617,0.5222595031572617
CCOP(=S)(NC(C)C)Oc1ccccc1C(=O)OC(C)C,-4.1939000983973145,-3.9202719049137404,0.27362819348357403,0.27362819348357403
CCOP(=S)(NC(C)CC)Oc1cc(C)ccc1[N+](=O)[O-],-4.814000037356161,-4.577328318031888,0.23667171932427244,0.23667171932427244
CCOP(=S)(OCC)O/N=C(\C#N)c1ccccc1,-4.630000002214572,-5.187312091838988,-0.5573120896244159,0.5573120896244159
CCOP(=S)(OCC)O/N=C(\C#N)c1ccccc1Cl,-5.2916997714965746,-5.494862740614755,-0.20316296911818021,0.20316296911818021
CCOP(=S)(OCC)ON=C(C#N)c1ccccc1,-4.861999904426013,-5.1873118194854095,-0.3253119150593964,0.3253119150593964
CCOP(=S)(OCC)Oc1cc(Cl)c(Br)cc1Cl,-5.952099733324065,-6.285242903186409,-0.3331431698623444,0.3331431698623444
CCOP(=S)(OCC)Oc1cc(Cl)c(Cl)c(SC)c1,-6.08069991848478,-5.89990616584885,0.18079375263593,0.18079375263593
CCOP(=S)(OCC)Oc1ccc(Cl)cc1Cl,-6.1093997215511475,-5.618190705198316,0.49120901635283154,0.49120901635283154
CCOP(=S)(OCC)Oc1ccc(N)cc1,-2.8259999596314405,-3.9762699795303056,-1.1502700198988651,1.1502700198988651
CCOP(=S)(OCC)Oc1ccc(S(C)(=O)=O)cc1,-3.5799998801280037,-4.208723622803919,-0.6287237426759149,0.6287237426759149
CCOP(=S)(OCC)Oc1ccc([N+](=O)[O-])cc1,-4.289999922477203,-4.8871310585502155,-0.5971311360730125,0.5971311360730125
CCOP(=S)(OCC)Oc1ccc([S+](C)[O-])cc1,-2.29999995242383,-3.0749032483976935,-0.7749032959738633,0.7749032959738633
CCOP(=S)(OCC)SCSc1ccc(Cl)cc1,-6.049999950736181,-5.828118937212276,0.22188101352390532,0.22188101352390532
CCOS(=O)(=O)c1ccccc1,-2.1308000192810748,-2.7872246061407546,-0.6564245868596799,0.6564245868596799
CCOc1cc(C=O)ccc1O,-1.7642022294864093,-1.7838556722583017,-0.019653442771892404,0.019653442771892404
CCOc1ccc(C(=O)O)cc1,-2.454899756649916,-2.555192021499866,-0.10029226484994958,0.10029226484994958
CCOc1ccc(C(=O)OCCN(CC)CC)cc1,-2.7144999364861735,-2.6709578847046633,0.04354205178151016,0.04354205178151016
CCOc1ccc(C=O)cc1OC,-2.191299894288947,-1.9701632230957236,0.22113667119322322,0.22113667119322322
CCOc1ccc(N(C(C)=O)C(C)=O)cc1,-1.9470000278430666,-1.922778058053077,0.024221969789989473,0.024221969789989473
CCOc1ccc(N(C)C(N)=O)cc1,-1.660000022615941,-1.4126628009716125,0.2473372216443286,0.2473372216443286
CCOc1ccc(N(CC)C(N)=O)cc1,-1.8500000070970641,-1.705324969012246,0.14467503808481808,0.14467503808481808
CCOc1ccc(N)cc1,-0.8608353677157639,-1.1680943258087049,-0.307258958092941,0.307258958092941
CCOc1ccc(N=C=S)cc1,-4.260000175779532,-4.474351157558571,-0.214350981779039,0.214350981779039
CCOc1ccc(NC(=O)CO)cc1,-2.105799935316639,-1.906892763219774,0.19890717209686493,0.19890717209686493
CCOc1ccc(NC(=O)NN)cc1,-1.6470999953591534,-1.8535995681704165,-0.20649957281126308,0.20649957281126308
CCOc1ccc(NC(=O)OC(C)C)cc1OCC,-4.002200082877727,-3.9266137941713763,0.07558628870635076,0.07558628870635076
CCOc1ccc(NC(C)=O)c(C)c1,-1.8390000545823217,-2.225159299727662,-0.38615924514534017,0.38615924514534017
CCOc1ccc(NC(C)=O)cc1,-2.29999995242383,-2.0293171948058815,0.2706827576179487,0.2706827576179487
CCOc1ccc(NC(N)=O)cc1,-2.1730001168917625,-1.9157110273920588,0.25728908949970375,0.25728908949970375
CCOc1ccc(O)cc1,-1.2900000600041115,-1.4558613468019432,-0.16586128679783174,0.16586128679783174
CCOc1ccc([N+](=O)[O-])cc1N,-3.211299861147477,-2.7126377188915725,0.49866214225590433,0.49866214225590433
CCOc1ccccc1,-2.3318416944628813,-2.260885008064659,0.07095668639822206,0.07095668639822206
CCOc1ccccc1/C=C/C(=O)[O-],-3.3247999808865796,-2.4594193281122356,0.865380652774344,0.865380652774344
CCOc1ccccc1/C=C\C(=O)O,-2.5234000520773288,-2.5665685028372094,-0.04316845075988063,0.04316845075988063
CCOc1ccccc1O,-1.171451492196983,-1.4650728895419214,-0.2936213973449384,0.2936213973449384
CCOc1ccccc1OCC,-2.410450699362823,-2.2636805813735856,0.14677011798923756,0.14677011798923756
CCSC(=O)COc1ccc(Cl)cc1C,-5.0269998730310945,-4.870454576570687,0.1565452964604077,0.1565452964604077
CCSC(C(=O)O)c1ccccc1,-1.5686000680674947,-2.2837764625341332,-0.7151763944666385,0.7151763944666385
CCSCc1ccccc1OC(=O)NC,-2.0927000005330596,-2.7056824212862303,-0.6129824207531707,0.6129824207531707
CC[C@@H](C)c1cccc([C@@H](C)CC)c1O,-5.059299918054762,-4.332791844414482,0.7265080736402805,0.7265080736402805
CC[N+](CC)(CC)Cc1ccccc1,-0.007265770457832499,0.6167771674371516,0.6240429378949841,0.6240429378949841
CCc1cc(C)cc(O)c1,-1.76960000506336,-2.3699321127472457,-0.6003321076838857,0.6003321076838857
CCc1cc(CC)c(CC)cc1CC,-4.588176705780064,-6.119101773086428,-1.530925067306364,1.530925067306364
CCc1cc(CC)cc(CC)c1,-7.064099513488205,-5.4735344595104305,1.590565053977775,1.590565053977775
CCc1cc(CC)cc(OC(=O)NC)c1,-3.3199999022602618,-3.367637011385337,-0.04763710912507513,0.04763710912507513
CCc1ccc(C(=O)O)cc1,-2.5199999900004,-2.7993523407808416,-0.2793523507804414,0.2793523507804414
CCc1ccc(C)cc1,-3.102600075366172,-3.5552397056222365,-0.45263963025606424,0.45263963025606424
CCc1ccc(CC(C)(C)C#N)cc1,-3.351339305145434,-3.823932409684565,-0.47259310453913095,0.47259310453913095
CCc1ccc(CC)cc1,-3.644870213013838,-4.526665922376322,-0.8817957093624842,0.8817957093624842
CCc1ccc(NC(C)=O)cc1,-2.145299919547747,-2.2394671226329312,-0.09416720308518434,0.09416720308518434
CCc1ccc(O)cc1,-1.399999993681903,-1.6826123146672116,-0.28261232098530864,0.28261232098530864
CCc1cccc(C)c1N,-1.7061271864784102,-1.676309508148124,0.029817678330286146,0.029817678330286146
CCc1cccc(C)c1N(C(=O)CCl)C(C)COC,-2.728699907374264,-2.994967285795858,-0.2662673784215941,0.2662673784215941
CCc1cccc(C)c1N(COC(C)C)C(=O)CCl,-3.188199971079777,-3.5486637284636773,-0.36046375738390024,0.36046375738390024
CCc1cccc(CC)c1,-3.7476000083492695,-4.028797452493049,-0.2811974441437797,0.2811974441437797
CCc1cccc(CC)c1N,-2.34780004814368,-2.3704969740695425,-0.022696925925862477,0.022696925925862477
CCc1cccc(CC)c1N(COC)C(=O)CCl,-3.1700000538244457,-3.1645302066817225,0.00546984714272325,0.00546984714272325
CCc1ccccc1,-2.9714779641547646,-2.9767956337353696,-0.005317669580604978,0.005317669580604978
CCc1ccccc1Br,-3.670200049073727,-3.7893436413619974,-0.1191435922882702,0.1191435922882702
CCc1ccccc1C,-3.2072000205941853,-3.13526384859424,0.0719361719999454,0.0719361719999454
CCc1ccccc1CC,-3.275899849062219,-3.799738288048001,-0.523838438985782,0.523838438985782
CCc1ccccc1NC(C)=O,-1.5906001092737687,-1.960350596007477,-0.36975048673370825,0.36975048673370825
CCc1ccccc1O,-1.3594001095230732,-1.4181225369877255,-0.05872242746465228,0.05872242746465228
CCc1ccccc1[N+](=O)[O-],-2.7992999467611326,-2.9854960709406546,-0.18619612417952203,0.18619612417952203
CN(C)C(=O)CCCOC(=O)c1ccccc1,-1.2286001245069145,-2.2196472718244316,-0.9910471473175171,0.9910471473175171
CN(C)C(=O)CCOC(=O)c1ccccc1,-1.0994000805890352,-1.9590307705649266,-0.8596306899758914,0.8596306899758914
CN(C)C(=O)COC(=O)c1ccccc1,-1.3720000031360948,-1.7864838842930952,-0.4144838811570004,0.4144838811570004
CN(C)C(=O)COC(=O)c1ccccc1O,-1.7100000543680232,-1.7631652432353753,-0.05316518886735211,0.05316518886735211
CN(C)C(=O)Nc1ccc(Cl)c(Cl)c1,-3.744299831947342,-3.511429998361224,0.2328698335861179,0.2328698335861179
CN(C)C(=O)Nc1ccc(Cl)cc1,-2.890000088789019,-2.4711068372364946,0.4188932515525243,0.4188932515525243
CN(C)C(=O)Nc1cccc(C(F)(F)F)c1,-3.4365000477354277,-3.3712692548881376,0.06523079284729016,0.06523079284729016
CN(C)C(=O)Nc1cccc(OC(=O)NC(C)(C)C)c1,-2.9342000276620626,-2.740543543187533,0.19365648447452966,0.19365648447452966
CN(C)C(=O)Nc1ccccc1,-1.610100080804044,-1.4183500884027587,0.19174999240128532,0.19174999240128532
CN(C)C(=O)SCCCCOc1ccccc1,-3.926599904138861,-3.947195690293177,-0.02059578615431601,0.02059578615431601
CN(C)C(=O)c1ccc(C(=O)N(C)C)cc1,0.26559983300528334,-0.9504654325328001,-1.2160652655380835,1.2160652655380835
CN(C)C(=O)c1ccc(Cl)cc1,-1.0000000120188242,-2.2785622532692495,-1.2785622412504254,1.2785622412504254
CN(C)C(=O)c1ccc([N+](=O)[O-])cc1,-1.2700000473032786,-2.4803901111002724,-1.2103900637969938,1.2103900637969938
CN(C)C(=O)c1cccc(C(=O)N(C)C)c1,0.48699987010914336,-0.7930744782104195,-1.280074348319563,1.280074348319563
CN(C)C(=O)c1ccccc1C(=O)N(C)C,0.508299826441279,-0.688559064724406,-1.196858891165685,1.196858891165685
CN(C)CNC(=O)c1ccccc1,0.4200000726795743,-1.2340838276379562,-1.6540839003175305,1.6540839003175305
CN(C)Cc1cc(C(C)(C)C)c(O)c(C(C)(C)C)c1,-2.7113869010370344,-4.225972592005949,-1.5145856909689144,1.5145856909689144
CN(C)Cc1cc(CN(C)C)c(O)c(CN(C)C)c1,0.5055161005130273,-0.05954213342098269,-0.56505823393401,0.56505823393401
CN(C)Cc1ccccc1,-1.227918968206498,-0.9929147336680306,0.2350042345384673,0.2350042345384673
CN(C)Cc1ccccc1Cl,-1.8493554823529874,-1.6723797183605553,0.1769757639924321,0.1769757639924321
CN(C)N=Nc1ccc(C(=O)O)cc1,-0.8000000211872846,-2.4669245756814386,-1.666924554494154,1.666924554494154
CN(C)S(=O)(=O)N(SC(F)(Cl)Cl)c1ccccc1,-5.408800099148779,-4.814790135088072,0.5940099640607075,0.5940099640607075
CN(C)c1ccc(C(=O)O)cc1,-3.3979000559052497,-1.9648738442431093,1.4330262116621404,1.4330262116621404
CN(C)c1ccc(C(=O)O)cc1C(=O)O,-2.019999978877354,-1.9943913889296294,0.025608589947724747,0.025608589947724747
CN(C)c1ccc(C=O)cc1,-2.2827689585579973,-1.2052590142789488,1.0775099442790486,1.0775099442790486
CN(C)c1ccc(N=C=S)cc1,-4.130000025135724,-3.9433583645455887,0.18664166059013487,0.18664166059013487
CN(C)c1ccc(N=NS(=O)(=O)[O-])cc1,-1.0991000831220583,-1.1745471991496754,-0.07544711602761711,0.07544711602761711
CN(C)c1cccc(S(=O)(=O)O)c1,0.2982999654361125,-0.8709686911429713,-1.1692686565790837,1.1692686565790837
CN(C)c1ccccc1,-1.922073751698468,-0.9854763489024072,0.9365974027960609,0.9365974027960609
CN(C=O)c1ccc(S(=O)(=O)N(C)C)cc1,-2.369999860699956,-2.40211654367674,-0.03211668297678383,0.03211668297678383
CN(C=O)c1ccccc1,-1.4947809455567667,-1.1186904760404737,0.376090469516293,0.376090469516293
CN(CC(=O)O)C(=O)COC(=O)c1ccccc1,-2.2539999776826303,-1.449075929741337,0.8049240479412934,0.8049240479412934
CN(CC(=O)O)C(=S)SCc1ccccc1,-3.2299999983054017,-2.9981080502437325,0.23189194806166924,0.23189194806166924
CN(CC(N)=O)C(=O)COC(=O)c1ccccc1,-0.9200000973922822,-1.5156045554796946,-0.5956044580874125,0.5956044580874125
CN(CCCCC(=O)O)S(=O)(=O)c1ccccc1,-1.5585001079536824,-2.5351388317627848,-0.9766387238091023,0.9766387238091023
CN(CCO)C(=O)COC(=O)c1ccccc1,-1.090000069172572,-1.3179847987495106,-0.2279847295769386,0.2279847295769386
CN(Cc1ccccc1)N=O,-1.522400049622714,-1.4584097592381673,0.06399029038454662,0.06399029038454662
CN(O)C(=O)c1ccc([N+](=O)[O-])cc1,-2.869999871823002,-2.065545804026013,0.8044540677969891,0.8044540677969891
CN(c1c([N+](=O)[O-])cc([N+](=O)[O-])cc1[N+](=O)[O-])[N+](=O)[O-],-3.588900054639093,-3.0585725022642705,0.5303275523748225,0.5303275523748225
CNC(=O)COC(=O)c1ccccc1,-1.7177999885094175,-1.9078075988907452,-0.19000761038132774,0.19000761038132774
CNC(=O)OCc1ccc(Cl)c(Cl)c1,-3.1389000156907843,-3.239225720453573,-0.10032570476278879,0.10032570476278879
CNC(=O)OCc1cccc(Cl)c1Cl,-3.1389000156907843,-2.897001618414351,0.24189839727643303,0.24189839727643303
CNC(=O)Oc1c(C(C)(C)C)cc(C)cc1C(C)(C)C,-4.597999954657882,-5.142897759633184,-0.5448978049753022,0.5448978049753022
CNC(=O)Oc1cc(C(C)(C)C)cc(C(C)(C)C)c1,-4.24450012508335,-5.33501352289071,-1.09051339780736,1.09051339780736
CNC(=O)Oc1cc(C)c(N(C)C)c(C)c1,-3.3468999418120524,-1.6805128771055322,1.6663870647065202,1.6663870647065202
CNC(=O)Oc1cc(C)c(SC)c(C)c1,-3.9213999934368613,-3.148381860846608,0.7730181325902534,0.7730181325902534
CNC(=O)Oc1cc(C)cc(C(C)C)c1,-3.3575000452290142,-3.4785504870546005,-0.12105044182558622,0.12105044182558622
CNC(=O)Oc1cc(C)cc(C)c1,-2.581300005778399,-2.4141984207830074,0.1671015849953914,0.1671015849953914
CNC(=O)Oc1cc(C)cc(C)c1C,-1.9851000465910817,-2.723920374421042,-0.7388203278299601,0.7388203278299601
CNC(=O)Oc1ccc(C)c(C)c1,-2.490000004993348,-2.4550955788730264,0.03490442612032174,0.03490442612032174
CNC(=O)Oc1ccc(N(C)C)c(C)c1,-2.3571999233833534,-1.5722120212286794,0.784987902154674,0.784987902154674
CNC(=O)Oc1cccc(C(C)C)c1,-3.3566999044588877,-2.7154912354243748,0.6412086690345129,0.6412086690345129
CNC(=O)Oc1cccc(C)c1,-1.8029999500147489,-2.056751506968657,-0.25375155695390816,0.25375155695390816
CNC(=O)Oc1cccc(N=CN(C)C)c1,-0.9181499995319347,-1.978415128001029,-1.0602651284690943,1.0602651284690943
CNC(=O)Oc1ccccc1,-1.8029999500147489,-1.8244001324638588,-0.021400182449109906,0.021400182449109906
CNC(=O)Oc1ccccc1C(C)C,-2.6840998981161572,-2.528821113885262,0.15527878423089536,0.15527878423089536
CNC(=O)Oc1ccccc1OC(C)C,-2.0511999197081154,-2.217984144695886,-0.16678422498777046,0.16678422498777046
CNC(=O)Oc1ccccc1OC(CCl)OC,-2.3004999255059935,-2.197454404284413,0.1030455212215804,0.1030455212215804
CNC(=O)Sc1ccc(OS(C)(=O)=O)cc1,-2.7358999146700995,-2.749939162902539,-0.014039248232439405,0.014039248232439405
CNC(=O)c1ccc(N)cc1,-1.2400000282520294,-1.138347595585679,0.10165243266635038,0.10165243266635038
CNC(=S)N(C)c1ccc(Cl)cc1C,-3.6600000671081245,-3.1298132449340637,0.5301868221740609,0.5301868221740609
CNC(C)C(O)c1ccccc1,-0.4200001884018283,-1.092608399396118,-0.6726082109942897,0.6726082109942897
CNC(Cc1ccc(O)c(O)c1)C(=O)O,-1.020000024719657,-1.3839526484692526,-0.3639526237495956,0.3639526237495956
CNCC(=O)Nc1cc(Cl)c(S(N)(=O)=O)cc1S(N)(=O)=O,-1.2700000473032786,-1.876936593094701,-0.6069365457914224,0.6069365457914224
CNCC(C)c1ccccc1,-1.0947000748808036,-1.349748443399859,-0.25504836851905544,0.25504836851905544
CNCC(O)c1ccc(O)c(O)c1,-0.9600001227939479,-1.0162873007343403,-0.0562871779403924,0.0562871779403924
CNCC(O)c1cccc(O)c1,-0.30892486661840124,-0.8755886248990543,-0.5666637582806531,0.5666637582806531
CNC[C@H](O)c1ccc(O)c(O)c1,-1.5038500473750667,-1.0162871645575509,0.4875628828175158,0.4875628828175158
CNCc1ccccc1,0.9165997834163098,-0.9525765812983651,-1.8691763647146749,1.8691763647146749
CNP(=O)(OC)Oc1ccc(C(C)(C)C)cc1Cl,-3.163899869856888,-3.7605054826776323,-0.5966056128207442,0.5966056128207442
CNS(=O)(=O)c1cc(OC)c(N)cc1C,-2.576943403888755,-2.6091739987498443,-0.03223059486108948,0.03223059486108948
CNS(=O)(=O)c1cc(OC)c(N)cc1OC,-3.6510805554929453,-2.6650256152294447,0.9860549402635006,0.9860549402635006
CN[C@@H](C)[C@@H](O)c1ccccc1,-1.4051913252461725,-1.092608399396118,0.31258292585005454,0.31258292585005454
CN[C@@H](C)[C@H](O)c1ccccc1,-0.20918462842834984,-1.0926085355729074,-0.8834239071445575,0.8834239071445575
CN[C@@H](Cc1ccc(O)cc1)C(=O)O,-2.1324999141427496,-1.434319949022259,0.6981799651204907,0.6981799651204907
CNc1ccc(O)cc1,-0.8380792729749214,-0.7936401565934523,0.044439116381469024,0.044439116381469024
CNc1ccc(S(=O)(=O)N(C)C)cc1,-3.0799998987936306,-2.5035906868816107,0.5764092119120199,0.5764092119120199
CNc1cccc(C)c1,-2.0499999979286034,-1.4086194397417113,0.6413805581868921,0.6413805581868921
CNc1ccccc1,-1.2803000511206717,-1.2649940523493381,0.01530599877133354,0.01530599877133354
CNc1ccccc1C(=O)O,-2.8784000732519286,-1.7332665397154154,1.1451335335365131,1.1451335335365131
COC(=O)/C=C/c1ccccc1,-2.734347567359704,-3.061971440882687,-0.32762387352298283,0.32762387352298283
COC(=O)C(=O)c1ccccc1,-1.914237390265918,-1.9349680595301024,-0.02073066926418443,0.02073066926418443
COC(=O)C(Cc1ccccc1)NC(=O)C(CC(=O)O)NC(=O)C(F)(F)F,-2.66000007890623,-2.569381098244807,0.09061898066142327,0.09061898066142327
COC(=O)C(Cl)Cc1ccc(Cl)cc1,-3.7655000387812656,-4.050124099475901,-0.2846240606946351,0.2846240606946351
COC(=O)C(N)Cc1ccc(O)c(O)c1,0.47999983842849403,-0.957798280286664,-1.437798118715158,1.437798118715158
COC(=O)CCc1cc(C(C)(C)C)c(O)c(C(C)(C)C)c1,-5.12358271618287,-5.873667349719932,-0.7500846335370621,0.7500846335370621
COC(=O)CNC(=O)c1ccccc1,-1.055600041880068,-1.88869736533164,-0.833097323451572,0.833097323451572
COC(=O)COc1ccc(Cl)cc1Cl,-2.9595999522132295,-3.8848896344395283,-0.9252896822262988,0.9252896822262988
COC(=O)CS(=O)(=O)c1ccc(Br)cc1,-2.480000032687129,-3.435162349089273,-0.9551623164021441,0.9551623164021441
COC(=O)CS(=O)(=O)c1ccc(Cl)cc1,-2.3800001394039514,-3.526906830914819,-1.1469066915108677,1.1469066915108677
COC(=O)CS(=O)(=O)c1ccccc1,-1.1405999596818184,-2.5459940964388244,-1.405394136757006,1.405394136757006
COC(=O)Cc1ccccc1,-2.2114016991398318,-1.8953003054944935,0.3161013936453383,0.3161013936453383
COC(=O)NC(=S)Nc1ccccc1NC(=S)NC(=O)OC,-4.109700151144704,-3.960543739186984,0.14915641195772,0.14915641195772
COC(=O)NS(=O)(=O)c1ccc(N)cc1,-1.759999949943316,-2.889551999063605,-1.129552049120289,1.129552049120289
COC(=O)Oc1ccc(NC(C)=O)cc1,-1.6900000416671903,-2.387332102008684,-0.6973320603414936,0.6973320603414936
COC(=O)c1c(C(=O)O)cccc1[N+](=O)[O-],-2.085299949533643,-2.3218572122664525,-0.23655726273280964,0.23655726273280964
COC(=O)c1c(C)cc(O)c(C)c1O,-4.037430720496978,-2.013249423074826,2.0241812974221522,2.0241812974221522
COC(=O)c1c(Cl)c(Cl)c(C(=O)OC)c(Cl)c1Cl,-5.822099923122229,-4.942873529333138,0.8792263937890912,0.8792263937890912
COC(=O)c1c(Cl)c(Cl)c(Cl)c(Cl)c1C#N,-6.738767444263981,-5.830035761699413,0.9087316825645679,0.9087316825645679
COC(=O)c1cc(C(=O)O)cc([N+](=O)[O-])c1,-2.073730029067003,-2.667221738311575,-0.5934917092445722,0.5934917092445722
COC(=O)c1cc(C(=O)OC)cc(S(=O)(=O)[O-])c1,-0.9664820017910536,-0.7653268232553092,0.20115517853574438,0.20115517853574438
COC(=O)c1cc(Cl)cc(N)c1Cl,-3.2634000453893828,-3.1772998191295425,0.08610022625984026,0.08610022625984026
COC(=O)c1cc(O)c(O)c(O)c1,-1.2399000744886335,-1.8109378312437725,-0.571037756755139,0.571037756755139
COC(=O)c1cc(O)c(OC)c(O)c1,-1.6000001206902317,-2.0346916841518508,-0.4346915634616191,0.4346915634616191
COC(=O)c1cc([N+](=O)[O-])ccc1C(=O)[O-],-1.7210000068827656,-2.340080526396407,-0.6190805195136413,0.6190805195136413
COC(=O)c1ccc(C(=O)O)cc1,-2.9700000119266106,-2.4197880694561773,0.5502119424704333,0.5502119424704333
COC(=O)c1ccc(C(=O)O)cc1[N+](=O)[O-],-2.6570017383579354,-2.5957768581234704,0.06122488023446504,0.06122488023446504
COC(=O)c1ccc(C(=O)OC)c(N)c1,-3.7185036584722635,-2.4778323024655817,1.2406713560066818,1.2406713560066818
COC(=O)c1ccc(C(=O)OC)c([N+](=O)[O-])c1,-2.835904829472385,-3.2207449641033192,-0.384840134630934,0.384840134630934
COC(=O)c1ccc(C(=O)OC)cc1,-3.796856106301037,-2.476614201084689,1.3202419052163479,1.3202419052163479
COC(=O)c1ccc(C(C)(C)C)cc1,-3.7398163473342048,-4.565455608474089,-0.8256392611398842,0.8256392611398842
COC(=O)c1ccc(C)cc1,-2.5767202441751786,-2.374566753596581,0.20215349057859777,0.20215349057859777
COC(=O)c1ccc(N(C)C)cc1,-3.0499999302767367,-1.6845345862259238,1.3654653440508129,1.3654653440508129
COC(=O)c1ccc(N)cc1,-1.597399961074048,-1.6530882334948018,-0.055688272420753915,0.055688272420753915
COC(=O)c1ccc(NC(C)=O)cc1,-1.9000000388491463,-1.9527560164644489,-0.052755977615302596,0.052755977615302596
COC(=O)c1ccc(O)c(Br)c1,-3.1700000538244457,-2.5971928243793143,0.5728072294451314,0.5728072294451314
COC(=O)c1ccc(O)c(Cl)c1,-2.872999897559065,-2.439277146843303,0.43372275071576194,0.43372275071576194
COC(=O)c1ccc(O)c(I)c1,-3.3138000624160346,-2.8893900508168495,0.4244100115991851,0.4244100115991851
COC(=O)c1ccc(O)cc1,-1.8270000197264642,-1.799862164434142,0.027137855292322266,0.027137855292322266
COC(=O)c1ccc(OC(C)=O)cc1,-2.5000000113437646,-2.3194381677801275,0.18056184356363714,0.18056184356363714
COC(=O)c1ccc(OC)cc1,-2.3399999097371014,-2.3344745365085133,0.0055253732285880375,0.0055253732285880375
COC(=O)c1ccc([N+](=O)[O-])cc1,-3.039999940150508,-2.937341115529812,0.10265882462069609,0.10265882462069609
COC(=O)c1ccc([N+](=O)[O-])cc1C(=O)[O-],-2.0557999716529514,-2.324480113406461,-0.2686801417535096,0.2686801417535096
COC(=O)c1ccc([O-])cc1,0.3803001809216746,-1.0093550850947959,-1.3896552660164705,1.3896552660164705
COC(=O)c1cccc(C(=O)OC)c1,-2.8258199509379955,-2.1776784024020897,0.6481415485359059,0.6481415485359059
COC(=O)c1ccccc1,-1.811798332375786,-1.8628932255143833,-0.051094893138597275,0.051094893138597275
COC(=O)c1ccccc1C,-1.756647685919455,-1.9258480275925791,-0.16920034167312403,0.16920034167312403
COC(=O)c1ccccc1C(=O)OC,-1.6861579497319743,-1.8758975641918267,-0.18973961445985243,0.18973961445985243
COC(=O)c1ccccc1N,-1.7338470613684893,-1.6479882765561977,0.08585878481229159,0.08585878481229159
COC(=O)c1ccccc1O,-1.3130000473747114,-1.7069102030172736,-0.39391015564256215,0.39391015564256215
COC(=O)c1ccccc1OC(C)=O,-1.8400000007466475,-1.8052495905751007,0.034750410171546786,0.034750410171546786
COC(C)C(NC(=O)c1ccccc1)C(=O)O,-1.7400000734192727,-1.2240778295088077,0.5159222439104649,0.5159222439104649
COC(CC(=O)O)c1ccccc1,-1.69519995236919,-1.572086602405672,0.12311334996351797,0.12311334996351797
COC(Cc1ccccc1)OC,-1.6296187085544627,-1.8061828101126365,-0.1765641015581738,0.1765641015581738
COCC(=O)N(c1c(C)cccc1C)C(C)C(=O)OC,-1.6000001206902317,-1.9263992712359388,-0.3263991505457071,0.3263991505457071
COCC(=O)c1ccccc1,-0.7616000730606878,-1.8651059621648167,-1.103505889104129,1.103505889104129
COCC(C)OC(=O)Oc1ccc(NC(C)=O)cc1,-2.480000032687129,-2.520292361567172,-0.04029232888004319,0.04029232888004319
COCC(NC(C)=O)C(=O)NCc1ccccc1,-3.398457257283144,-1.2280481999796078,2.1704090573035364,2.1704090573035364
COCCCCC(=O)c1ccc(C(F)(F)F)cc1,-3.54405972739195,-5.399471444369945,-1.8554117169779953,1.8554117169779953
COCCN(C(=O)CCl)c1c(C)cccc1C,-2.0899999552418747,-2.846944800941103,-0.7569448456992283,0.7569448456992283
COCCN(CCOC)C(=O)COC(=O)c1ccccc1,-1.5700001016389824,-2.254903714945268,-0.6849036133062856,0.6849036133062856
COCCOC(=O)Oc1ccc(NC(C)=O)cc1,-1.6900000416671903,-2.7006641704212466,-1.0106641287540563,1.0106641287540563
COCCOC(=O)c1ccccc1C(=O)OCCOC,-1.5213000135182029,-2.329625281039135,-0.8083252675209323,0.8083252675209323
COCCc1ccc(OCC(O)CNC(C)C)cc1,-1.1992001003896187,-1.4372616400261766,-0.23806153963655796,0.23806153963655796
COCOC(=O)c1ccccc1O,-2.29999995242383,-1.9757190999251302,0.3242808524987,0.3242808524987
COCc1ccc(O)c(OC)c1,-1.893447620275148,-1.5002009179503846,0.39324670232476344,0.39324670232476344
COCc1ccccc1,-1.609799947160278,-1.8169670585930207,-0.2071671114327427,0.2071671114327427
CON(C)C(=O)Nc1ccc(Br)c(Cl)c1,-3.923599929469094,-3.4605593543505178,0.4630405751185762,0.4630405751185762
CON(C)C(=O)Nc1ccc(Br)cc1,-2.8949999728095364,-2.6451371653633013,0.249862807446235,0.249862807446235
CON(C)C(=O)Nc1ccc(Cl)c(Cl)c1,-3.521300023966189,-3.34597295236263,0.17532707160355931,0.17532707160355931
CON(C)C(=O)Nc1ccc(Cl)cc1,-2.47000006038091,-2.515209018196871,-0.04520895781596135,0.04520895781596135
CONC(=O)c1ccc([N+](=O)[O-])cc1,-2.2800000078113922,-2.6380409928693584,-0.3580409850579662,0.3580409850579662
COP(=O)(OC)O/C(=C/Cl)c1cc(Cl)c(Cl)cc1Cl,-4.5220999146288285,-4.501975708696093,0.020124205932735784,0.020124205932735784
COP(=O)(OC)O/C(=C\Cl)c1cc(Cl)c(Cl)cc1Cl,-4.519999932359992,-4.501975436342514,0.018024496017478242,0.018024496017478242
COP(=O)(OC)O/C(=C\Cl)c1ccc(Cl)cc1Cl,-3.4065999484033767,-4.042700557980319,-0.6361006095769421,0.6361006095769421
COP(=O)(OC)O/C(C)=C/C(=O)OC(C)c1ccccc1,-2.4972998979641847,-2.0383145314561846,0.45898536650800015,0.45898536650800015
COP(=O)(OC)OC(=CCl)c1cc(Cl)c(Cl)cc1Cl,-4.519999932359992,-4.501975708696093,0.01802422366389944,0.01802422366389944
COP(=S)(NC(C)C)Oc1ccc(Cl)cc1Cl,-4.7981999891930025,-4.876670774651736,-0.07847078545873387,0.07847078545873387
COP(=S)(OC)Oc1c(Cl)cc(C)cc1Cl,-5.437399676098174,-5.460442695334214,-0.023043019236039797,0.023043019236039797
COP(=S)(OC)Oc1cc(Cl)c(Br)cc1Cl,-6.086400006534127,-6.070929506201237,0.015470500332890325,0.015470500332890325
COP(=S)(OC)Oc1cc(Cl)c(Cl)cc1Cl,-5.507199540670718,-5.957063377296512,-0.4498638366257941,0.4498638366257941
COP(=S)(OC)Oc1cc(Cl)c(I)cc1Cl,-6.615999983345457,-5.781866218350009,0.8341337649954479,0.8341337649954479
COP(=S)(OC)Oc1ccc(C#N)cc1,-3.7232000554955764,-4.67093406421451,-0.9477340087189337,0.9477340087189337
COP(=S)(OC)Oc1ccc(SC)c(C)c1,-4.5694999229415165,-4.831500388911364,-0.26200046596984716,0.26200046596984716
COP(=S)(OC)Oc1ccc([N+](=O)[O-])c(C)c1,-4.039999899893582,-4.619509895599222,-0.5795099957056404,0.5795099957056404
COP(=S)(OC)Oc1ccc([N+](=O)[O-])c(Cl)c1,-3.8717000272401503,-4.920461961869394,-1.048761934629244,1.048761934629244
COP(=S)(OC)Oc1ccc([N+](=O)[O-])cc1,-3.680000011720563,-4.602355160735435,-0.922355149014872,0.922355149014872
COP(=S)(OC)Oc1ccc([N+](=O)[O-])cc1Cl,-4.679999761613076,-4.933756220931402,-0.2537564593183257,0.2537564593183257
COP(=S)(OC)SCC(=O)N(c1ccc(Cl)cc1)C(C)C,-4.432099721298291,-4.924176592329762,-0.4920768710314709,0.4920768710314709
COP(=S)(OC)SCSc1ccc(Cl)cc1,-5.2938998437055975,-5.698817713939896,-0.40491787023429815,0.40491787023429815
COS(=O)(=O)c1ccc(C(=O)O)cc1,-3.0499999302767367,-2.22033224107495,0.8296676892017865,0.8296676892017865
COS(=O)(=O)c1ccccc1,-1.7419000119845285,-2.4334125572324004,-0.6915125452478719,0.6915125452478719
COc1c(C(=O)O)cc(C(=O)O)cc1C(=O)O,-1.5354000306428974,-1.5336955057703838,0.001704524872513602,0.001704524872513602
COc1c(C(=O)O)cccc1C(=O)O,-2.292599901424414,-1.743774213136594,0.5488256882878197,0.5488256882878197
COc1c(Cl)c(Cl)c(Cl)c(Cl)c1OC,-5.239399849948864,-5.240810641486712,-0.0014107915378485103,0.0014107915378485103
COc1c(Cl)c(Cl)cc(Cl)c1Cl,-5.130699996079165,-5.93359003940607,-0.8028900433269053,0.8028900433269053
COc1c(Cl)cc(Cl)c(Cl)c1Cl,-5.130000047381816,-5.923788578814552,-0.7937885314327362,0.7937885314327362
COc1c(Cl)cc(Cl)c(OC)c1O,-2.9600000225982925,-2.657839736275506,0.3021602863227866,0.3021602863227866
COc1c(Cl)cc(Cl)cc1Cl,-4.199999729146666,-4.919095836318459,-0.7190961071717936,0.7190961071717936
COc1c(Cl)ccc(Cl)c1C(=O)O,-1.7000000480176067,-2.575106106646608,-0.8751060586290011,0.8751060586290011
COc1c(Cl)cccc1Cl,-3.101900075602527,-3.3065652279063182,-0.20466515230379123,0.20466515230379123
COc1c(O)c(Cl)c(Cl)c(Cl)c1Cl,-4.019999955281143,-3.730203559684355,0.2897963955967886,0.2897963955967886
COc1c(O)c(OC)c(Cl)c(Cl)c1Cl,-3.410000044524503,-3.150146992901439,0.2598530516230637,0.2598530516230637
COc1c(O)cc(Cl)c(Cl)c1Cl,-2.871200065956093,-3.174110541700456,-0.3029104757443628,0.3029104757443628
COc1c(O)ccc(C=O)c1C,-1.3755000189764195,-1.9015223591774861,-0.5260223402010666,0.5260223402010666
COc1c(O)ccc(C=O)c1N,-0.2232002159436366,-1.584970833154893,-1.3617706172112565,1.3617706172112565
COc1c([N+](=O)[O-])cc([N+](=O)[O-])cc1[N+](=O)[O-],-3.0850000168680047,-3.1653513527216086,-0.08035133585360388,0.08035133585360388
COc1cc(/C=C/C(=O)O)cc(OC)c1OC,-2.8304700648750223,-2.431647842218986,0.3988222226560363,0.3988222226560363
COc1cc(/C=C/C(=O)O)ccc1O,-3.0499999302767367,-2.330723955375752,0.7192759749009845,0.7192759749009845
COc1cc(C(=O)CO)ccc1O,-1.779999962644149,-1.3438168548085874,0.4361831078355616,0.4361831078355616
COc1cc(C(=O)O)c(C(=O)O)cc1O,-1.2100001453775693,-1.5958151355993884,-0.3858149902218191,0.3858149902218191
COc1cc(C(=O)O)ccc1C(=O)O,-1.9916000371011735,-2.099042706851432,-0.1074426697502584,0.1074426697502584
COc1cc(C(=O)O)ccc1O,-2.0495999105214415,-1.7678679724793942,0.2817319380420473,0.2817319380420473
COc1cc(C(=O)[O-])c([N+](=O)[O-])cc1OC,-0.7543000439130614,-2.624836508355742,-1.8705364644426807,1.8705364644426807
COc1cc(C(C)=O)ccc1O,-1.5216000109851795,-1.716750473993762,-0.19515046300858252,0.19515046300858252
COc1cc(C=O)c(C)cc1O,-2.7434999753288998,-2.053005692023524,0.6904942833053758,0.6904942833053758
COc1cc(C=O)cc(Cl)c1O,-2.87470004775222,-2.242809718104747,0.6318903296474732,0.6318903296474732
COc1cc(C=O)cc(OC)c1OC,-2.119499933122566,-1.5601422638566658,0.5593576692659004,0.5593576692659004
COc1cc(C=O)cc([N+](=O)[O-])c1O,-2.4496898369538975,-2.449380102846481,0.00030973410741630403,0.00030973410741630403
COc1cc(C=O)ccc1O,-1.2280266840468876,-1.5793166366835631,-0.3512899526366755,0.3512899526366755
COc1cc(C=O)ccc1OC(=O)C(C)C,-2.5886676126577486,-2.9879153877805584,-0.39924777512280984,0.39924777512280984
COc1cc(CC(C(C)=O)C(C)=O)ccc1O,-1.786365955193503,-2.0752068663476937,-0.28884091115419075,0.28884091115419075
COc1cc(CN)ccc1O,0.018846128903394543,-0.37499158068722416,-0.3938377095906187,0.3938377095906187
COc1cc(Cl)c(Cl)c(Cl)c1Cl,-5.260499898754208,-6.165223217523744,-0.9047233187695358,0.9047233187695358
COc1cc(Cl)c(Cl)c(Cl)c1O,-3.6600000671081245,-3.034771608129104,0.6252284589790205,0.6252284589790205
COc1cc(Cl)c(Cl)c(Cl)c1OC,-4.37009992704393,-4.635785473110853,-0.26568554606692274,0.26568554606692274
COc1cc(Cl)c(Cl)cc1O,-2.5299999623066194,-2.6274146754204435,-0.0974147131138241,0.0974147131138241
COc1cc(Cl)c(Cl)cc1OC,-3.4588000523644813,-3.824830359433655,-0.3660303070691735,0.3660303070691735
COc1cc(Cl)c(OC)cc1Cl,-4.412999973351967,-3.5232112652049627,0.8897887081470044,0.8897887081470044
COc1cc(Cl)c(OC)cc1N,-3.0061213776695905,-1.9948422702792254,1.011279107390365,1.011279107390365
COc1cc(Cl)ccc1O,-1.50130000081737,-1.8630142866801311,-0.3617142858627611,0.3617142858627611
COc1cc(NC(=O)CC(C)=O)c(OC)cc1Cl,-2.9792446881816517,-3.148516148183023,-0.1692714600013714,0.1692714600013714
COc1cc(OC)cc(OC)c1,-2.6800000575628657,-1.9097255127921977,0.770274544770668,0.770274544770668
COc1cc(S(=O)(=O)[O-])c(C)cc1NC(=O)CC(C)=O,-0.20187629249657268,-1.0545505273644122,-0.8526742348678396,0.8526742348678396
COc1cc([N+](=O)[O-])c(OC)cc1Cl,-3.179312443988,-3.537843325045716,-0.35853088105771613,0.35853088105771613
COc1cc([N+](=O)[O-])ccc1N,-3.204512809965398,-2.4268028082300783,0.7777100017353198,0.7777100017353198
COc1ccc(/C=C/C(=O)O)cc1,-2.3984000748297154,-2.9039917432335742,-0.5055916684038588,0.5055916684038588
COc1ccc(/C=C/C(=O)OCCC(C)C)cc1,-5.491925134914518,-5.620124143253756,-0.12819900833923814,0.12819900833923814
COc1ccc(C(=O)CCC(=O)O)cc1,-1.0632000684946707,-2.24446916845998,-1.181269099965309,1.181269099965309
COc1ccc(C(=O)NCO)cc1,-1.2200000155511965,-1.8243622753164148,-0.6043622597652183,0.6043622597652183
COc1ccc(C(=O)NN)cc1,-1.1499999710982813,-1.537366559658154,-0.3873665885598727,0.3873665885598727
COc1ccc(C(=O)O)cc1,-2.4579999574366576,-2.294440603086295,0.16355935435036262,0.16355935435036262
COc1ccc(C(=O)O)cc1C(=O)O,-3.116499878566299,-2.09260944296813,1.0238904355981688,1.0238904355981688
COc1ccc(C(=O)O)cc1[N+](=O)[O-],-2.6613194958184123,-2.6800589880684647,-0.018739492250052336,0.018739492250052336
COc1ccc(C(N)=O)cc1,-1.7200000607184396,-1.4450058778607198,0.2749941828577198,0.2749941828577198
COc1ccc(C)cc1,-2.3395421514596424,-2.206630541059156,0.1329116104004866,0.1329116104004866
COc1ccc(C)cc1N,-1.660175963027804,-1.283545688718458,0.3766302743093459,0.3766302743093459
COc1ccc(C)cc1NC(C)=O,-1.9311647779798562,-1.8352694914375978,0.09589528654225843,0.09589528654225843
COc1ccc(C)cc1S(N)(=O)=O,-1.5299999400605273,-2.0678401105732775,-0.5378401705127502,0.5378401705127502
COc1ccc(C=O)c(C(=O)O)c1OC,-1.9247000572582107,-2.015298202870861,-0.09059814561265034,0.09059814561265034
COc1ccc(C=O)cc1,-1.5015999982843466,-1.7233882754146936,-0.221788277130347,0.221788277130347
COc1ccc(C=O)cc1O,-1.8262432853079487,-1.6957623625092781,0.13048092279867052,0.13048092279867052
COc1ccc(C=O)cc1OC,-1.4198999164425508,-1.6538180049090225,-0.23391808846647177,0.23391808846647177
COc1ccc(CC(C)C=O)cc1,-2.246661887122376,-2.4873063940554605,-0.24064450693308448,0.24064450693308448
COc1ccc(CCC#N)cc1OC,-1.9013447846441507,-2.379692039418007,-0.4783472547738563,0.4783472547738563
COc1ccc(CCC(=O)O)cc1,-2.2144000396881265,-2.1973856350057828,0.01701440468234372,0.01701440468234372
COc1ccc(CO)cc1,-0.7447270879741019,-0.8982988280618804,-0.15357174008777852,0.15357174008777852
COc1ccc(COC(C)=O)cc1,-2.474006653877682,-2.268847401115769,0.20515925276191282,0.20515925276191282
COc1ccc(Cl)c(Cl)c1Cl,-4.291799907279064,-5.165869558408385,-0.8740696511293216,0.8740696511293216
COc1ccc(Cl)c(OC)c1O,-1.5599999591117766,-2.341519097999286,-0.7815191388875093,0.7815191388875093
COc1ccc(Cl)cc1,-2.779325467208306,-3.038761060372514,-0.2594355931642083,0.2594355931642083
COc1ccc(N(C)C(N)=O)cc1,-1.1599999774486978,-1.0807834878913871,0.07921648955731064,0.07921648955731064
COc1ccc(N)c([N+](=O)[O-])c1,-1.2257021462523838,-2.5145991504456884,-1.2888970041933046,1.2888970041933046
COc1ccc(N)cc1,-0.7480293751162645,-0.9067262648486802,-0.1586968897324157,0.1586968897324157
COc1ccc(NC(=O)CC(C)=O)cc1,-1.9014772165718108,-2.269931504535924,-0.36845428796411306,0.36845428796411306
COc1ccc(NC(=O)N(C)C)cc1Cl,-2.5639999021919615,-2.5513649090114803,0.012634993180481224,0.012634993180481224
COc1ccc(NC(C)=O)cc1,-1.2999999301777385,-1.759265548518257,-0.4592656183405184,0.4592656183405184
COc1ccc(NC(N)=O)cc1,-1.5917000092014904,-1.758639816171113,-0.16693980696962263,0.16693980696962263
COc1ccc(NCC(O)CO)cc1,-0.29500024519841217,-1.22817906587419,-0.9331788206757778,0.9331788206757778
COc1ccc(O)c(C(C)(C)C)c1,-2.927488307777652,-3.4345471023549106,-0.5070587945772584,0.5070587945772584
COc1ccc(O)c([N+](=O)[O-])c1,-2.840899930283176,-2.5111633419615504,0.32973658832162567,0.32973658832162567
COc1ccc(O)cc1,-0.4919001714199993,-1.1316704390726202,-0.6397702676526209,0.6397702676526209
COc1ccc(OC)c(C=O)c1,-2.3201999407398493,-1.9944277481323907,0.3257721926074586,0.3257721926074586
COc1ccc(OC)c(Cl)c1,-2.6724023799978793,-2.843318617305429,-0.17091623730754968,0.17091623730754968
COc1ccc(OC)c(N)c1,-1.858869065211783,-1.3156651633194236,0.5432039018923593,0.5432039018923593
COc1ccc(OC)c(NC(C)=O)c1,-1.5915499423796073,-1.7893365156767667,-0.19778657329715932,0.19778657329715932
COc1ccc(OC)c([N+](=O)[O-])c1,-3.017325142155007,-3.032598022305614,-0.015272880150607016,0.015272880150607016
COc1ccc(OC)cc1,-2.2455315516822307,-2.007042076485085,0.23848947519714558,0.23848947519714558
COc1ccc(S(=O)(=O)O)cc1N,-0.8997245990465585,-1.403602414467832,-0.5038778154212735,0.5038778154212735
COc1ccc(S(=O)(=O)[O-])cc1N,-1.5043502247224136,-0.9915752987678115,0.5127749259546022,0.5127749259546022
COc1ccc([N+](=O)[O-])cc1,-2.4142000549044798,-2.897535805914843,-0.4833357510103631,0.4833357510103631
COc1ccc([N+](=O)[O-])cc1N,-1.8832792994130731,-2.477734663707605,-0.594455364294532,0.594455364294532
COc1ccc([N+](=O)[O-])cc1OC(C)=O,-2.946603996919382,-2.9259590339220054,0.020644962997376393,0.020644962997376393
COc1ccc([N+](=O)[O-])cc1[N+](=O)[O-],-3.1070000878629513,-3.0559187400593717,0.051081347803579646,0.051081347803579646
COc1ccc([NH2+]CCO)cc1[NH3+],-0.5343423913621823,0.5200698586998946,1.054412250062077,1.054412250062077
COc1cccc(C(=O)NCO)c1,-1.2900000600041115,-1.65217353400062,-0.36217347399650857,0.36217347399650857
COc1cccc(C(=O)O)c1,-1.9299999898120008,-2.090193802901539,-0.1601938130895384,0.1601938130895384
COc1cccc(C(=O)O)c1OC,-2.140000123170746,-1.8829734463441536,0.2570266768265925,0.2570266768265925
COc1cccc(C(C)=O)c1,-1.8691073809435927,-1.5744157702110144,0.2946916107325783,0.2946916107325783
COc1cccc(C(N)=O)c1,-1.7200000607184396,-1.350609216885451,0.3693908438329885,0.3693908438329885
COc1cccc(Cl)c1,-2.7829999765821065,-2.8090196331906356,-0.026019656608529118,0.026019656608529118
COc1cccc(Cl)c1Cl,-3.308999983789717,-3.599367045244448,-0.29036706145473135,0.29036706145473135
COc1cccc(OC)c1O,-0.9524999137659513,-1.554282848963759,-0.6017829351978077,0.6017829351978077
COc1cccc(OCC(O)CO)c1OC,-2.9999999799115638,-1.266127724120823,1.7338722557907407,1.7338722557907407
COc1cccc([N+](=O)[O-])c1,-2.4860999698342563,-2.7753593182179763,-0.28925934838372,0.28925934838372
COc1ccccc1,-1.8500000070970641,-1.839205409180688,0.010794597916376159,0.010794597916376159
COc1ccccc1C,-2.68908332176726,-1.907978364584612,0.781104957182648,0.781104957182648
COc1ccccc1C(=O)O,-1.6000001206902317,-1.860339910713742,-0.26033979002351026,0.26033979002351026
COc1ccccc1C(N)=O,-1.7814999499790325,-1.2815863770730376,0.4999135729059949,0.4999135729059949
COc1ccccc1Cl,-2.4639000891895853,-2.53850103669227,-0.07460094750268453,0.07460094750268453
COc1ccccc1N,-0.9443241316859026,-0.9845295116859347,-0.040205380000032154,0.040205380000032154
COc1ccccc1NC(=O)CC(C)=O,-1.8059055541694842,-1.9187928443122357,-0.11288729014275156,0.11288729014275156
COc1ccccc1O,-0.8221000161569547,-1.1750066596370015,-0.35290664348004674,0.35290664348004674
COc1ccccc1OC,-1.3149750193509089,-1.4122874977401154,-0.09731247838920654,0.09731247838920654
COc1ccccc1OCC(O)CO,-0.7300001129111591,-1.258349442088938,-0.528349329177779,0.528349329177779
COc1ccccc1OCC(O)COC(N)=O,-1.5251000268255042,-1.2948513581253303,0.2302486687001739,0.2302486687001739
COc1ccccc1[N+](=O)[O-],-1.957200077897064,-2.6539784434129894,-0.6967783655159254,0.6967783655159254
CS(=O)(=O)N(SC(Cl)(Cl)C(F)(Cl)Cl)c1ccccc1,-5.148499800394186,-4.81129161719243,0.3372081832017555,0.3372081832017555
CS(=O)(=O)c1ccc(C(=N)N)cc1,-1.3799999809810701,-2.204695877412611,-0.824695896431541,0.824695896431541
CS(=O)(=O)c1ccc(C(O)C(CO)NC(=O)C(Cl)Cl)cc1,-2.1500001295211626,-1.643977733932534,0.5060223955886285,0.5060223955886285
CSCOC(=O)c1ccccc1OC(C)=O,-2.6403999153031776,-2.8389945957126415,-0.19859468040946382,0.19859468040946382
CSc1cc(O)cc(O)c1,-1.7956999208671227,-1.7861405826070997,0.009559338260022976,0.009559338260022976
CSc1cc(SC)c(N)c(C)c1N,-2.8569254701874294,-2.420834315728888,0.4360911544585413,0.4360911544585413
CSc1ccccc1,-2.390000077665973,-3.10213595082381,-0.7121358731578371,0.7121358731578371
C[C@@H](Oc1cc(Cl)c(Cl)cc1Cl)C(=O)O,-3.1294998851196305,-3.6577894411979264,-0.5282895560782959,0.5282895560782959
C[C@@H](Oc1ccc(Cl)cc1Cl)C(=O)O,-2.6003000723149055,-2.9751065649284496,-0.37480649261354415,0.37480649261354415
C[C@H](N)[C@@H](O)c1ccccc1,-0.8786001745959178,-0.9157662248340555,-0.03716605023813768,0.03716605023813768
C[C@H](N)c1ccccc1,-0.4601924954300807,-0.6858442442515744,-0.22565174882149375,0.22565174882149375
C[C@H](O)C(=O)Nc1c(I)c(C(=O)NC(CO)CO)c(I)c(C(=O)NC(CO)CO)c1I,-0.744300037562645,-1.470285737038911,-0.7259856994762661,0.7259856994762661
C[C@](N)(Cc1ccc(O)c(O)c1)C(=O)O,-1.3247000847635924,-0.9540730280367251,0.37062705672686724,0.37062705672686724
C[N+](C)(C)c1ccccc1,0.2877473536744426,1.3197323759419999,1.0319850222675573,1.0319850222675573
Cc1c(C(N)=O)cc([N+](=O)[O-])cc1[N+](=O)[O-],-2.352499985763517,-3.0395761976115696,-0.6870762118480527,0.6870762118480527
Cc1c(C)c(C)c(C)c(C)c1C,-5.229999974709191,-3.8035438846036667,1.4264560901055243,1.4264560901055243
Cc1c(Cl)c(O)c(Cl)c(Cl)c1Cl,-4.602099829255371,-4.017522559040574,0.5845772702147967,0.5845772702147967
Cc1c(Cl)cc(Cl)c(O)c1Cl,-3.2760998927658003,-2.9070083995600386,0.3690914932057616,0.3690914932057616
Cc1c(Cl)cccc1Cl,-3.7919361069895823,-3.986223413418758,-0.1942873064291759,0.1942873064291759
Cc1c(Cl)cccc1[N+](=O)[O-],-3.27068635472548,-3.019149934537918,0.2515364201875623,0.2515364201875623
Cc1c(N)cccc1Cl,-2.151066325693516,-1.2732377866472815,0.8778285390462344,0.8778285390462344
Cc1c(O)cccc1O,0.1927724860515192,-0.32521133827318094,-0.5179838243247001,0.5179838243247001
Cc1c([N+](=O)[O-])cc([N+](=O)[O-])c(O)c1[N+](=O)[O-],-2.043400053655116,-2.804450357200197,-0.7610503035450811,0.7610503035450811
Cc1c([N+](=O)[O-])cc([N+](=O)[O-])cc1[N+](=O)[O-],-3.242299996584039,-3.083607090022712,0.15869290656132673,0.15869290656132673
Cc1c([N+](=O)[O-])cccc1[N+](=O)[O-],-3.000299909290146,-2.52534513324826,0.47495477604188574,0.47495477604188574
Cc1cc(C(=O)CC(C)C)ccc1O,-1.9800000215640832,-3.33510270823976,-1.355102686675677,1.355102686675677
Cc1cc(C(C)(C)C)c(O)c(C(C)(C)C)c1,-5.462311040884336,-4.898516663732447,0.563794377151889,0.563794377151889
Cc1cc(C(C)(C)C)c(O)c(C)c1CC#N,-4.257902508516114,-3.9319976797158116,0.3259048288003026,0.3259048288003026
Cc1cc(C(C)(C)C)cc(C)c1CC#N,-4.701811742673233,-4.902287535206823,-0.20047579253358982,0.20047579253358982
Cc1cc(C)c(C(=O)O)c(C)c1,-2.3566000646261895,-2.68847610946347,-0.3318760448372804,0.3318760448372804
Cc1cc(C)c(C)c(C)c1C,-3.9806999466652213,-3.6830866629167622,0.2976132837484591,0.2976132837484591
Cc1cc(C)c(C)c(O)c1,-2.2522029887701365,-2.072880830608507,0.17932215816162955,0.17932215816162955
Cc1cc(C)c(C)cc1C,-3.8399998409736473,-3.5100830737375897,0.3299167672360577,0.3299167672360577
Cc1cc(C)c(CC(C)(C)C(=O)NO)c(C)c1,-3.5199999441580974,-3.450361823567124,0.06963812059097352,0.06963812059097352
Cc1cc(C)c(N)c(C)c1N,-0.8207164599769801,-0.40254504754069576,0.4181714124362843,0.4181714124362843
Cc1cc(C)c(N)c(S(=O)(=O)O)c1,-1.8195435234478547,-1.3887535611784054,0.4307899622694493,0.4307899622694493
Cc1cc(C)c(N)cc1C,-1.9549000519246462,-1.563852536659774,0.39104751526487225,0.39104751526487225
Cc1cc(C)c(O)c(C(C)(C)C)c1,-3.1719090651682933,-3.7880575877632103,-0.616148522594917,0.616148522594917
Cc1cc(C)c(O)c(C)c1,-2.0550000691922063,-1.8624454762309428,0.19255459296126354,0.19255459296126354
Cc1cc(C)c(OCC(=O)O)c(Br)c1,-3.123399947972503,-3.085238564558779,0.03816138341372399,0.03816138341372399
Cc1cc(C)c([PH](=O)O)c(C)c1,-2.7895998868113967,-2.1127174438629313,0.6768824429484654,0.6768824429484654
Cc1cc(C)cc(C(=O)Cl)c1,-3.3292896274994357,-4.251813091025966,-0.92252346352653,0.92252346352653
Cc1cc(C)cc(C)c1,-3.3826570048548015,-3.2816299640936215,0.10102704076117996,0.10102704076117996
Cc1cc(C)cc(N)c1,-1.4022004744212933,-1.3599855335405642,0.04221494088072908,0.04221494088072908
Cc1cc(C)cc(O)c1,-1.6841468909065944,-1.6626547891246615,0.02149210178193295,0.02149210178193295
Cc1cc(C)cc(OCC(=O)O)c1,-2.3527000294670977,-2.6494767451542742,-0.29677671568717656,0.29677671568717656
Cc1cc(Cl)c(O)c(Cl)c1,-1.4202000500863168,-2.1567601496105517,-0.736560099524235,0.736560099524235
Cc1cc(Cl)cc(C)c1O,-1.6763001119496577,-1.8390069995985794,-0.16270688764892172,0.16270688764892172
Cc1cc(Cl)cc(Cl)c1O,-2.043900026737279,-2.073166120982232,-0.029266094244952967,0.029266094244952967
Cc1cc(Cl)ccc1N=CN(C)C,-2.8800000994607013,-3.3317321284377295,-0.45173202897702813,0.45173202897702813
Cc1cc(Cl)ccc1NC(=S)N(C)C,-3.660399882161708,-4.278505103509898,-0.6181052213481903,0.6181052213481903
Cc1cc(Cl)ccc1O,-1.5520001174435907,-1.2168283219500369,0.3351717954935538,0.3351717954935538
Cc1cc(Cl)ccc1OC(C)C(=O)O,-2.4660308474128194,-2.935126812846301,-0.4690959654334814,0.4690959654334814
Cc1cc(Cl)ccc1OCC(=O)O,-2.503000020057729,-2.797054731946435,-0.29405471188870624,0.29405471188870624
Cc1cc(Cl)ccc1OCC(O)=S,-3.160000055985079,-2.962143828260158,0.19785622772492095,0.19785622772492095
Cc1cc(Cl)ccc1OCCCC(=O)O,-3.677999915126727,-3.2968825815635228,0.3811173335632043,0.3811173335632043
Cc1cc(Cl)ccc1O[C@H](C)C(=O)O,-2.397200084961809,-2.9351267788021036,-0.5379266938402947,0.5379266938402947
Cc1cc(N)c(S(=O)(=O)O)cc1Cl,-2.345697138073872,-1.7381318640459391,0.6075652740279327,0.6075652740279327
Cc1cc(N)ccc1N,-1.0742662029290457,-0.08762668975298782,0.9866395131760579,0.9866395131760579
Cc1cc(O)c(C(=O)O)c(O)c1,-2.0495999105214415,-1.7759794791148615,0.27362043140658,0.27362043140658
Cc1cc(O)c(C(=O)O)cc1Cl,-3.1247999389887444,-2.2199020585973384,0.9048978803914061,0.9048978803914061
Cc1cc(O)c(C(C)C)cc1C(=O)CCl,-2.5799999259703066,-3.9509692853033407,-1.370969359333034,1.370969359333034
Cc1cc(O)c(C(C)C)cc1Cl,-2.26640009994565,-3.719729998548913,-1.453329898603263,1.453329898603263
Cc1cc(O)c(C)c(C)c1O,-1.6383266695273597,-0.6752671206678182,0.9630595488595415,0.9630595488595415
Cc1cc(O)c(Cl)c(C)c1Cl,-2.9800998954409788,-2.8431951730458676,0.1369047223951112,0.1369047223951112
Cc1cc(O)c([N+](=O)[O-])cc1Cl,-4.390099939744763,-2.9502121711746616,1.4398877685701015,1.4398877685701015
Cc1cc(O)cc(C)c1Cl,-2.6700000512124493,-2.0257866753647384,0.6442133758477109,0.6442133758477109
Cc1cc(O)ccc1C(C)C,-2.854511242955028,-2.816947709690825,0.03756353326420303,0.03756353326420303
Cc1cc(O)ccc1Cl,-1.570400052869355,-1.3396799401243906,0.2307201127449643,0.2307201127449643
Cc1cc(O)ccc1N,-1.7894220347004894,-0.5069280971874441,1.2824939375130453,1.2824939375130453
Cc1cc(O)ccc1O,-0.20741759840951657,-0.22346140302564343,-0.016043804616126867,0.016043804616126867
Cc1cc(O)ccc1S(=O)(=O)O,-0.29000010584641434,-0.7582736826268066,-0.4682735767803923,0.4682735767803923
Cc1cc(O)ccc1[N+](=O)[O-],-2.1103001015864735,-2.1879575711707098,-0.07765746958423625,0.07765746958423625
Cc1cc(S(=O)(=O)O)c(N)cc1Cl,-2.4061777440660483,-1.714664926464598,0.6915128176014504,0.6915128176014504
Cc1cc(S(=O)(=O)[O-])ccc1N,-1.7295012514894028,-0.8159502723491161,0.9135509791402867,0.9135509791402867
Cc1cc([N+](=O)[O-])cc([N+](=O)[O-])c1O,-3.000299909290146,-2.652639859617704,0.347660049672442,0.347660049672442
Cc1cc([N+](=O)[O-])ccc1N,-3.0361525796097832,-2.2368278802781987,0.7993246993315846,0.7993246993315846
Cc1ccc(Br)cc1,-3.1916999528759047,-3.6232531690276604,-0.4315532161517557,0.4315532161517557
Cc1ccc(C(=O)O)c(C)c1,-2.9700000119266106,-2.576934075778683,0.3930659361479276,0.3930659361479276
Cc1ccc(C(=O)O)c(O)c1,-1.182269103990762,-1.952407812414036,-0.770138708423274,0.770138708423274
Cc1ccc(C(=O)O)cc1,-2.5299999623066194,-2.3649558043333876,0.1650441579732318,0.1650441579732318
Cc1ccc(C(=O)O)cc1C,-3.160000055985079,-2.7472215848497226,0.4127784711353564,0.4127784711353564
Cc1ccc(C(=O)O)cc1[N+](=O)[O-],-2.8480980311039605,-2.7410656449979682,0.1070323861059923,0.1070323861059923
Cc1ccc(C(=O)[O-])cc1C,-3.065299965462189,-2.5403526324973003,0.5249473329648886,0.5249473329648886
Cc1ccc(C(C)(C)C)c(O)c1,-2.6726746314440226,-3.5259134552805804,-0.8532388238365578,0.8532388238365578
Cc1ccc(C(C)(C)C)cc1,-4.472021445046071,-4.300318037807582,0.1717034072384891,0.1717034072384891
Cc1ccc(C(C)C)c(O)c1,-2.1900000868344334,-3.144282088381711,-0.9542820015472775,0.9542820015472775
Cc1ccc(C(C)C)c(O)c1C(=O)O,-3.288300005369436,-2.702581743880726,0.5857182614887102,0.5857182614887102
Cc1ccc(C(C)C)cc1,-3.7699999326975213,-4.298478697913595,-0.5284787652160734,0.5284787652160734
Cc1ccc(C(C)C)cc1O,-2.079799905187877,-3.132071566764738,-1.052271661576861,1.052271661576861
Cc1ccc(C(N)=O)c(O)c1,-2.9170000395489586,-1.612799240946098,1.3042007986028605,1.3042007986028605
Cc1ccc(C(N)=O)cc1N,-0.5767320470636701,-1.004887669342804,-0.42815562227913384,0.42815562227913384
Cc1ccc(C)c(C(=O)O)c1,-2.920000056773972,-2.446078496588265,0.47392156018570697,0.47392156018570697
Cc1ccc(C)c(C)c1,-3.309999912931944,-3.0416216070320674,0.26837830589987677,0.26837830589987677
Cc1ccc(C)c(O)c1,-1.5375828083996699,-1.4579261954591232,0.07965661294054671,0.07965661294054671
Cc1ccc(C)c(O)c1C,-1.935500851218503,-1.8786657659660901,0.056835085252412876,0.056835085252412876
Cc1ccc(C)cc1,-2.8191678339320814,-2.75793573632778,0.06123209760430148,0.06123209760430148
Cc1ccc(C=O)cc1,-1.723701482030239,-1.8561138002325095,-0.1324123182022705,0.1324123182022705
Cc1ccc(C=O)cc1C,-2.2770350305764926,-1.967066699082295,0.30996833149419767,0.30996833149419767
Cc1ccc(CO)cc1,-1.1999000490869678,-1.050616788449952,0.1492832606370158,0.1492832606370158
Cc1ccc(Cl)c(Cl)c1,-3.7755458005329094,-4.647542432397689,-0.8719966318647794,0.8719966318647794
Cc1ccc(Cl)cc1,-3.1023857373552324,-3.3382828788460577,-0.2358971414908253,0.2358971414908253
Cc1ccc(Cl)cc1Cl,-3.808969440245648,-4.633751128054491,-0.8247816878088425,0.8247816878088425
Cc1ccc(Cl)cc1N,-2.0718851059246512,-1.411036850106564,0.6608482558180873,0.6608482558180873
Cc1ccc(N(C)C(N)=O)cc1,-0.42300016307159494,-1.1275254899578508,-0.7045253268862559,0.7045253268862559
Cc1ccc(N(CC(C)O)CC(C)O)cc1,-1.5038218587796677,-1.0996743406428213,0.40414751813684635,0.40414751813684635
Cc1ccc(N(SC(F)(Cl)Cl)S(=O)(=O)N(C)C)cc1,-5.586399961366883,-5.1474963136333365,0.4389036477335466,0.4389036477335466
Cc1ccc(N)c(C)c1,-1.3352537859395772,-1.021673909814563,0.31357987612501415,0.31357987612501415
Cc1ccc(N)c(Cl)c1O,-1.4815528684143926,-1.2053618277549214,0.2761910406594712,0.2761910406594712
Cc1ccc(N)c(S(=O)(=O)O)c1,-1.4942009686108504,-1.3043607195036555,0.18984024910719488,0.18984024910719488
Cc1ccc(N)c([N+](=O)[O-])c1,-1.8600611568259064,-2.434416997230775,-0.5743558404048685,0.5743558404048685
Cc1ccc(N)cc1,-1.0477452284925586,-0.8370696582585504,0.21067557023400818,0.21067557023400818
Cc1ccc(N)cc1C,-1.5036000267897878,-1.162683613436764,0.3409164133530238,0.3409164133530238
Cc1ccc(N)cc1Cl,-1.7531262903231997,-1.4047452100842046,0.34838108023899506,0.34838108023899506
Cc1ccc(N)cc1N,-0.5071846542586127,-0.24767227440729966,0.25951237985131304,0.25951237985131304
Cc1ccc(N)cc1S(=O)(=O)O,-1.6199999972142753,-1.3093635823914405,0.3106364148228349,0.3106364148228349
Cc1ccc(N=C=S)cc1,-4.721300002999623,-4.330437075372739,0.390862927626884,0.390862927626884
Cc1ccc(NC(=O)N(C)C)cc1Cl,-3.482599942195826,-2.773525902014326,0.7090740401814997,0.7090740401814997
Cc1ccc(NCCO)c([N+](=O)[O-])c1,-2.747405049029198,-2.452173905857146,0.29523114317205224,0.29523114317205224
Cc1ccc(NCCO)cc1O,-0.6550552168827295,-1.0696992419440263,-0.41464402506129683,0.41464402506129683
Cc1ccc(NO)cc1,-0.7894001560797044,-1.3082064882121844,-0.5188063321324801,0.5188063321324801
Cc1ccc(O)c(C(=O)O)c1,-2.7599999721894077,-1.7667898608379713,0.9932101113514364,0.9932101113514364
Cc1ccc(O)c(C(C)(C)C)c1,-2.691753612429968,-3.3697260995110243,-0.6779724870810564,0.6779724870810564
Cc1ccc(O)c(C)c1,-1.1910000788410624,-1.2712192380984864,-0.08021915925742396,0.08021915925742396
Cc1ccc(O)c(CO)c1,-0.3143000368483171,-0.7861515225925522,-0.4718514857442351,0.4718514857442351
Cc1ccc(O)c(I)c1,-2.466200115162003,-2.0522851806309803,0.4139149345310229,0.4139149345310229
Cc1ccc(O)c([N+](=O)[O-])c1,-2.383699926594278,-2.435278723953893,-0.0515787973596149,0.0515787973596149
Cc1ccc(O)cc1,-0.7015478792478613,-0.9627630136734258,-0.26121513442556443,0.26121513442556443
Cc1ccc(O)cc1C,-1.3799999809810701,-1.4867590432487032,-0.1067590622676331,0.1067590622676331
Cc1ccc(OCC(=O)O)cc1,-2.141400088653839,-2.339857060285055,-0.19845697163121612,0.19845697163121612
Cc1ccc(OCCCS(=O)(=O)[O-])c([N+](=O)[O-])c1,0.17031012464534223,-1.4599350754558733,-1.6302452001012155,1.6302452001012155
Cc1ccc(P(=O)(O)O)c(C)c1,-1.093799946303084,-1.7025646654917659,-0.6087647191886818,0.6087647191886818
Cc1ccc(S(=O)(=O)N(Cl)Cl)cc1,-3.509999937807681,-4.025647002471032,-0.5156470646633506,0.5156470646633506
Cc1ccc(S(=O)(=O)NC(CCC(=O)O)C(=O)O)cc1,-0.9300001037426986,-1.992519775136562,-1.0625196713938634,1.0625196713938634
Cc1ccc(S(=O)(=O)NCl)cc1,-0.3600001502993293,-3.227678490444461,-2.867678340145132,2.867678340145132
Cc1ccc(S(=O)(=O)NN)cc1,-1.4800000444852346,-2.4674014667978037,-0.9874014223125691,0.9874014223125691
Cc1ccc(S(=O)(=O)O)cc1,0.5563999196281051,-0.8259829611289806,-1.3823828807570857,1.3823828807570857
Cc1ccc(S(=O)(=O)[O-])cc1,0.30824985872804156,-0.26819765716151256,-0.5764475158895541,0.5764475158895541
Cc1ccc(S(C)(=O)=O)cc1,-1.9873000507117091,-2.4297438183500493,-0.44244376763834015,0.44244376763834015
Cc1ccc(S(C)(=O)=O)cc1[N+](=O)[O-],-2.7647011183782504,-2.9073851666920216,-0.14268404831377124,0.14268404831377124
Cc1ccc(S(N)(=O)=O)cc1,-1.7421953794406668,-1.7717959919687012,-0.029600612528034365,0.029600612528034365
Cc1ccc(S(N)(=O)=O)cc1N,-1.9169000550284216,-1.3618485681959016,0.55505148683252,0.55505148683252
Cc1ccc([N+](=O)[O-])c(C)c1,-3.055599667203072,-2.9837397648439836,0.07185990235908823,0.07185990235908823
Cc1ccc([N+](=O)[O-])c(O)c1,-2.7504999389211546,-2.469509347320424,0.2809905916007307,0.2809905916007307
Cc1ccc([N+](=O)[O-])c([N+](=O)[O-])c1,-3.2604000196533196,-2.9867168618131372,0.2736831578401824,0.2736831578401824
Cc1ccc([N+](=O)[O-])cc1,-2.514943847943775,-2.679111367835453,-0.1641675198916781,0.1641675198916781
Cc1ccc([N+](=O)[O-])cc1C,-3.1794511996253165,-3.2192334528076354,-0.03978225318231887,0.03978225318231887
Cc1ccc([N+](=O)[O-])cc1Cl,-3.544278120917898,-3.493062064480961,0.05121605643693705,0.05121605643693705
Cc1ccc([N+](=O)[O-])cc1O,-2.1851001055110157,-2.3254325338712976,-0.1403324283602818,0.1403324283602818
Cc1ccc([N+](=O)[O-])cc1S(=O)(=O)O,0.49243986049079824,-1.50280502669346,-1.9952448871842583,1.9952448871842583
Cc1ccc([N+](=O)[O-])cc1[N+](=O)[O-],-3.040285327071449,-2.9494468746405147,0.09083845243093425,0.09083845243093425
Cc1cccc(Br)c1,-3.5229999528720617,-3.5576287912149005,-0.03462883834283881,0.03462883834283881
Cc1cccc(C(=O)O)c1,-2.142800122225327,-2.122319133104448,0.020480989120879034,0.020480989120879034
Cc1cccc(C(=O)O)c1O,-2.039999991578187,-1.5166171660854317,0.5233828254927553,0.5233828254927553
Cc1cccc(C(C)C)c1,-3.4993998684349163,-4.031350767293691,-0.5319508988587742,0.5319508988587742
Cc1cccc(C)c1,-2.8328690403070143,-2.723311187553806,0.10955785275320817,0.10955785275320817
Cc1cccc(C)c1C,-3.359968862331853,-2.7677506443772484,0.5922182179546045,0.5922182179546045
Cc1cccc(C)c1N,-1.1675144850395778,-0.98970450203548,0.17780998300409778,0.17780998300409778
Cc1cccc(C)c1N(COCC(C)C)C(=O)CCl,-3.6821998796644007,-4.009116638186494,-0.3269167585220938,0.3269167585220938
Cc1cccc(C)c1O,-1.2923962267898228,-1.0980218353038462,0.19437439148597657,0.19437439148597657
Cc1cccc(C)c1OCC(=O)O,-2.2566444628437536,-2.300519126433294,-0.0438746635895404,0.0438746635895404
Cc1cccc(CC(C)(C)CO)c1,-2.826535440811431,-2.632455327367278,0.1940801134441532,0.1940801134441532
Cc1cccc(CO)c1,-0.3880000046683483,-0.9318380818687921,-0.5438380772004439,0.5438380772004439
Cc1cccc(Cl)c1,-3.522799943212678,-3.314776603194688,0.20802334001799005,0.20802334001799005
Cc1cccc(Cl)c1O,-0.7739001053835217,-1.2447124260480933,-0.47081232066457157,0.47081232066457157
Cc1cccc(I)c1O,-1.8378000647144148,-1.9249176677676199,-0.08711760305320504,0.08711760305320504
Cc1cccc(N)c1,-0.9508352886927223,-0.9205253312688728,0.030309957423849454,0.030309957423849454
Cc1cccc(O)c1,-0.6629186094079693,-1.0584125011108758,-0.3954938917029065,0.3954938917029065
Cc1cccc(O)c1C,-1.4241961579703075,-1.233096001207884,0.19110015676242353,0.19110015676242353
Cc1cccc(O)c1C(=O)O,-2.039999991578187,-1.8462171520652229,0.19378283951296416,0.19378283951296416
Cc1cccc(O)c1[N+](=O)[O-],-1.6400000099151082,-2.503989957228036,-0.863989947312928,0.863989947312928
Cc1cccc(S(=O)(=O)O)c1C,0.7779987748444417,-0.9142938813874135,-1.6922926562318552,1.6922926562318552
Cc1cccc(S(N)(=O)=O)c1,-1.3408999479803345,-1.6060278500947969,-0.26512790211446235,0.26512790211446235
Cc1cccc([N+](=O)[O-])c1,-2.4600000540304934,-2.757951498791149,-0.2979514447606557,0.2979514447606557
Cc1cccc([N+](=O)[O-])c1C,-3.003360014523468,-2.886273508815384,0.11708650570808388,0.11708650570808388
Cc1ccccc1,-2.2062983377814938,-2.649034579119198,-0.44273624133770406,0.44273624133770406
Cc1ccccc1Br,-2.2300000441477046,-3.256426721381548,-1.0264266772338435,1.0264266772338435
Cc1ccccc1C,-2.8191678339320814,-2.5627501056633433,0.2564177282687381,0.2564177282687381
Cc1ccccc1C(=O)O,-2.062099918459462,-1.9268448416907495,0.13525507676871262,0.13525507676871262
Cc1ccccc1C(C)C,-3.760600057457848,-3.6310475199206906,0.12955253753715734,0.12955253753715734
Cc1ccccc1CCO,-1.042878133863773,-1.2974389894768925,-0.2545608556131196,0.2545608556131196
Cc1ccccc1CCl,-3.0813269373504926,-3.3299472252152915,-0.24862028786479895,0.24862028786479895
Cc1ccccc1CO,-1.090000069172572,-1.0537043247952824,0.03629574437728955,0.03629574437728955
Cc1ccccc1Cl,-2.529499989224456,-3.0227188047673663,-0.49321881554291025,0.49321881554291025
Cc1ccccc1N,-0.8539253488928864,-0.7711617263261301,0.08276362256675629,0.08276362256675629
Cc1ccccc1N(C)C(N)=O,-0.40320005789755387,-0.991825591706669,-0.5886255338091151,0.5886255338091151
Cc1ccccc1N=C(N)N=C(N)N,-1.8422416068764267,-2.206258642247393,-0.3640170353709664,0.3640170353709664
Cc1ccccc1O,-0.6190130336872421,-0.7552252290200245,-0.1362121953327824,0.1362121953327824
Cc1ccccc1OCC(=O)O,-2.4423999529770795,-1.9727339685254042,0.4696659844516753,0.4696659844516753
Cc1ccccc1OCC(O)CO,-1.1887000528686444,-1.3872809453781847,-0.19858089250954025,0.19858089250954025
Cc1ccccc1S(N)(=O)=O,-1.5259869462546551,-1.5776996734866129,-0.051712727231957745,0.051712727231957745
Cc1ccccc1[N+](=O)[O-],-2.324300087690917,-2.5664276279486087,-0.2421275402576919,0.2421275402576919
ClC(Cl)(Cl)c1ccccc1,-3.566999865063623,-3.81987692872041,-0.2528770636567872,0.2528770636567872
ClC(Cl)c1ccccc1,-2.809000006710868,-3.4579790765455813,-0.6489790698347133,0.6489790698347133
ClCc1ccc(Cl)cc1Cl,-3.5129420373419666,-5.3805850854525605,-1.867643048110594,1.867643048110594
ClCc1ccccc1,-2.382200007347789,-2.9805324610124044,-0.5983324536646153,0.5983324536646153
ClCc1ccccc1Cl,-3.206909385281478,-3.655117312148562,-0.448207926867084,0.448207926867084
Clc1c(Cl)c(Cl)c(Cl)c(Cl)c1Cl,-7.559999820234749,-8.102207861266463,-0.5422080410317136,0.5422080410317136
Clc1cc(Cl)c(Cl)c(Cl)c1,-4.679999761613076,-6.5922278735791435,-1.9122281119660673,1.9122281119660673
Clc1cc(Cl)c(Cl)c(Cl)c1Cl,-5.649999969073102,-7.425394511016503,-1.7753945419434007,1.7753945419434007
Clc1cc(Cl)c(Cl)cc1Cl,-5.4699995824120276,-6.604190187464346,-1.1341906050523187,1.1341906050523187
Clc1cc(Cl)cc(Cl)c1,-4.599999846986534,-5.588310249368131,-0.9883104023815976,0.9883104023815976
Clc1ccc(Br)cc1,-3.6298000043532945,-4.315235660375639,-0.6854356560223445,0.6854356560223445
Clc1ccc(Br)cc1Cl,-1.011493741571813,-5.725584351304402,-4.7140906097325885,4.7140906097325885
Clc1ccc(Cl)c(Cl)c1,-3.702452159867537,-5.312787836744455,-1.6103356768769181,1.6103356768769181
Clc1ccc(Cl)c(Cl)c1Cl,-4.5619000325037025,-6.3991684051713,-1.8372683726675971,1.8372683726675971
Clc1ccc(Cl)cc1,-3.349999870245215,-3.951125343903956,-0.6011254736587412,0.6011254736587412
Clc1ccc(I)cc1,-4.030000165896744,-4.8430277541313265,-0.8130275882345828,0.8130275882345828
Clc1cccc(Br)c1,-3.2102000463302485,-4.210792148234412,-1.0005921019041635,1.0005921019041635
Clc1cccc(Cl)c1,-3.072159743560839,-3.895218507736267,-0.8230587641754279,0.8230587641754279
Clc1cccc(Cl)c1Cl,-4.003481778819254,-4.868826446877009,-0.8653446680577543,0.8653446680577543
Clc1cccc(I)c1,-3.549999929165149,-4.679832945046101,-1.1298330158809522,1.1298330158809522
Clc1ccccc1,-2.449320321235949,-2.866822969459649,-0.41750264822369987,0.41750264822369987
Clc1ccccc1Br,-3.203000039034413,-3.87028440142628,-0.6672843623918672,0.6672843623918672
Clc1ccccc1C(Cl)(Cl)Cl,-5.043932775905002,-4.458425282042036,0.5855074938629663,0.5855074938629663
Clc1ccccc1Cl,-3.0533857124087023,-3.568385668160622,-0.5149999557519198,0.5149999557519198
Clc1ccccc1I,-3.539999922814733,-4.298908744214417,-0.7589088213996842,0.7589088213996842
FC(F)(F)c1ccc(Cl)c(Cl)c1,-3.2679824454178967,-5.557297619711145,-2.289315174293248,2.289315174293248
FC(F)(F)c1ccc(Cl)cc1,-3.7276951832242045,-4.637563805803204,-0.9098686225789994,0.9098686225789994
FC(F)(F)c1cccc(Cl)c1,-3.4115137857151128,-4.14210049037374,-0.7305867046586272,0.7305867046586272
FC(F)(F)c1ccccc1,-2.5109999298143095,-3.0967191785847423,-0.5857192487704328,0.5857192487704328
Fc1cc(Br)cc(F)c1F,-3.210297787220817,-3.797786057595628,-0.587488270374811,0.587488270374811
Fc1cc(F)c(F)c(F)c1,-2.305700040473177,-2.6322896002146177,-0.32658955974144055,0.32658955974144055
Fc1cc(F)c(F)cc1F,-2.3757000168376976,-2.6133237140522416,-0.23762369721454402,0.23762369721454402
Fc1ccc(CCl)cc1,-2.5441999331947094,-3.4604521832172854,-0.916252250022576,0.916252250022576
Fc1ccc(F)cc1,-1.9709000757029915,-1.6040903267356754,0.3668097489673161,0.3668097489673161
Fc1ccc(I)cc1,-3.125699973944921,-3.854019309527431,-0.7283193355825097,0.7283193355825097
Fc1cccc(Br)c1,-2.6656000429711946,-3.1363327683023807,-0.47073272533118615,0.47073272533118615
Fc1cccc(CCl)c1,-2.5436000744375455,-3.105759802431966,-0.5621597279944206,0.5621597279944206
Fc1cccc(Cl)c1,-2.3456999977864483,-2.8961341041776856,-0.5504341063912372,0.5504341063912372
Fc1cccc(F)c1,-2.000357906867374,-1.8476879975671818,0.15266990930019197,0.15266990930019197
Fc1ccccc1,-1.7924097534592136,-2.062365803640702,-0.2699560501814886,0.2699560501814886
Fc1ccccc1Br,-2.6958000716818273,-2.845482602665269,-0.14968253098344153,0.14968253098344153
Fc1ccccc1CCl,-2.5409998807771643,-2.79979460894851,-0.25879472817134586,0.25879472817134586
Fc1ccccc1Cl,-2.415699974150969,-2.6783272278380776,-0.2626272536871088,0.2626272536871088
Fc1ccccc1F,-2.0000000342649162,-1.8116253878532893,0.18837464641162693,0.18837464641162693
Ic1ccc(I)cc1,-5.372300089587439,-5.026901144858804,0.3453989447286352,0.3453989447286352
Ic1cccc(I)c1,-4.51800004003134,-4.860461379059738,-0.34246133902839837,0.34246133902839837
Ic1ccccc1,-3.0099999692398813,-3.6625541989695023,-0.652554229729621,0.652554229729621
Ic1ccccc1I,-4.2169999033545205,-4.551372613448066,-0.33437271009354586,0.33437271009354586
N#C/C=C/c1ccccc1,-2.0829703731979325,-2.3646465468447335,-0.281676173646801,0.281676173646801
N#CC(C#N)=NNc1ccc(C(=O)CCl)cc1,-3.190000023970032,-4.402023715598575,-1.2120236916285427,1.2120236916285427
N#CC(C#N)=NNc1ccc(Cl)cc1,-4.360000103106907,-4.61227359718902,-0.25227349408211275,0.25227349408211275
N#CC(C#N)=NNc1cccc(O)c1,-2.950000033269975,-2.434691938168508,0.5153080951014668,0.5153080951014668
N#CC(C#N)=NNc1ccccc1,-3.3599998765956314,-3.1039129898366618,0.2560868867589696,0.2560868867589696
N#CC(C#N)=NNc1ccccc1[N+](=O)[O-],-3.9300000343041845,-4.217928629058007,-0.2879285947538226,0.2879285947538226
N#CCC(=O)Nc1ccccc1,-2.7274999515505547,-1.9226981222777184,0.8048018292728363,0.8048018292728363
N#CCC(=O)c1ccccc1Cl,-2.1751396585179106,-2.3735273161633383,-0.19838765764542776,0.19838765764542776
N#CCCN(CCC#N)C(Cc1ccc(O)cc1)C(=O)O,-1.6800000353167739,-1.589141111152485,0.09085892416428898,0.09085892416428898
N#CCCNC(Cc1ccccc1)C(=O)O,-1.490000050835651,-1.4230144157921758,0.06698563504347521,0.06698563504347521
N#CCC[NH2+][C@@H](Cc1ccccc1)C(=O)[O-],-1.4939000179063482,-1.2228860102482628,0.27101400765808537,0.27101400765808537
N#CCO/N=C(\C#N)c1ccccc1,-3.2899000315782088,-2.8844094868783237,0.4054905446998851,0.4054905446998851
N#CCc1ccc(Cl)cc1F,-2.593906163523731,-2.8652376673662268,-0.2713315038424957,0.2713315038424957
N#CCc1ccccc1,-3.068746068060498,-1.5137686200054412,1.5549774480550569,1.5549774480550569
N#CSc1ccc(N)cc1,-2.601500028138615,-2.455580095889596,0.145919932249019,0.145919932249019
N#Cc1c(Cl)c(Cl)c(Cl)c(C#N)c1Cl,-5.646599634642595,-5.449967159635325,0.19663247500726921,0.19663247500726921
N#Cc1c(Cl)cccc1Cl,-3.9802999273464543,-3.3009975717846314,0.679302355561823,0.679302355561823
N#Cc1cc(Br)c(O)c(Br)c1,-3.328399848357708,-2.2445945872829873,1.0838052610747209,1.0838052610747209
N#Cc1cc(I)c(O)c(I)c1,-3.6099998651350558,-3.083248962088774,0.5267509030462816,0.5267509030462816
N#Cc1ccc(C(=O)O)cc1,-2.0885000359953856,-1.4873262195764192,0.6011738164189664,0.6011738164189664
N#Cc1ccc(C(F)(F)F)cc1[N+](=O)[O-],-2.470773476456123,-4.336772291967695,-1.8659988155115723,1.8659988155115723
N#Cc1ccc(Cl)cc1,-2.749354589989981,-2.0196049300113987,0.7297496599785824,0.7297496599785824
N#Cc1ccc(N)cc1,-1.1429744743580201,-0.6041697636461794,0.5388047107118408,0.5388047107118408
N#Cc1ccc(O)c(O)c1,-1.0235162455979165,-0.8493503534772944,0.17416589212062217,0.17416589212062217
N#Cc1cccc(C(=O)O)c1,-2.630000093899178,-1.4296533066274226,1.2003467872717555,1.2003467872717555
N#Cc1cccc(N)c1,-1.169300035101765,-0.6845938689716018,0.48470616613016326,0.48470616613016326
N#Cc1cccc(N=C=S)c1,-3.190000023970032,-3.6815503163791177,-0.49155029240908554,0.49155029240908554
N#Cc1cccc([N+](=O)[O-])c1C#N,-2.937344775281026,-2.6107972260791055,0.32654754920192053,0.32654754920192053
N#Cc1ccccc1,-1.7122999441636517,-1.029131495507487,0.6831684486561647,0.6831684486561647
N#Cc1ccccc1C#N,-2.3800001394039514,-0.7334560074717285,1.646544131932223,1.646544131932223
N#Cc1ccccc1O,-0.7749658249371123,-0.8259609004891031,-0.05099507555199079,0.05099507555199079
N#[N+]c1ccc(S(=O)(=O)O)cc1,-2.4200000967172226,-1.4036263815827608,1.0163737151344618,1.0163737151344618
N#[N+]c1ccccc1,-1.4438000323908702,-0.937814881154134,0.5059851512367362,0.5059851512367362
NC(=O)C=Cc1ccccc1[N+](=O)[O-],-1.2836999770208113,-2.9049520959963915,-1.6212521189755802,1.6212521189755802
NC(=O)CNC(=O)CNC(=O)OCc1ccccc1,-2.349999916087518,-1.4953744040048305,0.8546255120826873,0.8546255120826873
NC(=O)CNC(=O)COC(=O)c1ccccc1,-1.498300026147603,-1.6412919191158382,-0.14299189296823522,0.14299189296823522
NC(=O)CNC(=O)OCc1ccccc1,-1.8800000261483134,-1.7603994926433204,0.119600533504993,0.119600533504993
NC(=O)COC(=O)c1ccccc1,-1.6404999149088764,-1.9699404378683183,-0.32944052295944193,0.32944052295944193
NC(=O)NCc1ccccc1,-0.9461999669594405,-1.293060905698726,-0.34686093873928536,0.34686093873928536
NC(=O)NS(=O)(=O)c1ccc(N)cc1,-1.9700000152136665,-2.5619373344960032,-0.5919373192823367,0.5919373192823367
NC(=O)N[C@@H](Cc1ccccc1)C(=O)[O-],-2.0957999289662226,-1.719100613024667,0.3766993159415555,0.3766993159415555
NC(=O)Nc1ccc(Br)cc1,-1.633599973168412,-2.4324685797285044,-0.7988686065600923,0.7988686065600923
NC(=O)OCc1ccccc1,-0.3499998715953341,-1.594295266453257,-1.244295394857923,1.244295394857923
NC(=O)SCC(=O)Nc1ccccc1,-1.3228001461983363,-2.1412816148470895,-0.8184814686487532,0.8184814686487532
NC(=O)c1c(Cl)cccc1Cl,-1.842699977949438,-2.430047628767128,-0.5873476508176902,0.5873476508176902
NC(=O)c1cc(Cl)cc(Cl)c1N,-2.0813999143745514,-2.404606263916747,-0.3232063495421955,0.3232063495421955
NC(=O)c1ccc(Cl)c(N)c1,-1.976703998554231,-1.6744583208734616,0.3022456776807694,0.3022456776807694
NC(=O)c1ccc(N)cc1,-1.2255454067678218,-0.7894257573161054,0.43611964945171633,0.43611964945171633
NC(=O)c1ccc(S(N)(=O)=O)cc1,-2.301500075935503,-1.6151093440009292,0.6863907319345739,0.6863907319345739
NC(=O)c1cccc(S(N)(=O)=O)c1,-2.1554000158383486,-1.5205402832103214,0.6348597326280272,0.6348597326280272
NC(=O)c1ccccc1,-0.9530000911132985,-1.1876269797684282,-0.2346268886551297,0.2346268886551297
NC(=O)c1ccccc1C(N)=O,-2.4370999523348944,-1.2749887478049693,1.1621112045299251,1.1621112045299251
NC(=O)c1ccccc1N,-0.913922391106019,-1.0211588891971748,-0.10723649809115576,0.10723649809115576
NC(=O)c1ccccc1O,-1.759999949943316,-1.0837853690362054,0.6762145809071107,0.6762145809071107
NC(=S)NS(=O)(=O)c1ccc(N)cc1,-2.240000050498121,-2.460333891429628,-0.2203338409315072,0.2203338409315072
NC(=S)Nc1cccc([N+](=O)[O-])c1,-1.4499000716705894,-2.671017291829025,-1.2211172201584355,1.2211172201584355
NC(=S)Nc1ccccc1,-1.7898000614677738,-1.9080249370465758,-0.11822487557880201,0.11822487557880201
NC(=S)c1c(Cl)cccc1Cl,-2.3362999182815907,-2.7823300038005168,-0.4460300855189261,0.4460300855189261
NC(=S)c1ccccc1,-1.9199999834615844,-1.8585862260202666,0.06141375744131783,0.06141375744131783
NC(C(=O)NCC(=O)O)c1ccccc1,-1.4100000000323194,-1.1468440740046884,0.26315592602763105,0.26315592602763105
NC(C(=O)O)c1ccc(O)cc1,-0.5299999859028302,-0.8240195641798795,-0.2940195782770494,0.2940195782770494
NC(Cc1cc(Cl)c(O)c(Cl)c1)C(=O)O,-1.7546001317145248,-1.9643351288643713,-0.20973499714984656,0.20973499714984656
NC(Cc1cc(I)c(O)c(I)c1)C(=O)O,-2.859999882494684,-2.6342735598589133,0.22572632263577086,0.22572632263577086
NC(Cc1ccc(N(CCCl)CCCl)cc1)C(=O)O,-3.4899999591510453,-2.5797485095729367,0.9102514495781087,0.9102514495781087
NC(Cc1ccc(O)c(O)c1)C(=O)O,-1.5959001099159538,-0.9806250507811884,0.6152750591347653,0.6152750591347653
NC(Cc1ccc(O)cc1)C(=O)NCC(=O)NCC(=O)O,-1.470000038134818,-1.0517997562191879,0.4182002819156301,0.4182002819156301
NC(Cc1ccc(O)cc1)C(=O)NCC(=O)O,-1.1000000755229886,-0.9495414730169416,0.15045860250604703,0.15045860250604703
NC(Cc1ccc(O)cc1)C(=O)O,-2.6561000437471383,-0.8908867254166046,1.7652133183305336,1.7652133183305336
NC(Cc1ccccc1)C(=O)O,-1.0657001381706694,-1.1420522851404231,-0.07635214696975368,0.07635214696975368
NC(N)=NS(=O)(=O)c1ccc(N)cc1,-1.988500040579616,-2.663076823241003,-0.6745767826613871,0.6745767826613871
NCC(=O)NC(Cc1ccc(O)cc1)C(=O)O,-0.7300001129111591,-1.4145274697484223,-0.6845273568372632,0.6845273568372632
NCC(=O)NCC(=O)Nc1c(S(N)(=O)=O)cc(S(N)(=O)=O)c(Cl)c1Cl,-1.230000021901613,-2.0231275511987583,-0.7931275292971454,0.7931275292971454
NCC(CC(=O)O)c1ccc(Cl)cc1,-1.7000000480176067,-2.096174415136983,-0.39617436711937626,0.39617436711937626
NCC(O)c1ccccc1,-0.4763999845470277,-0.7239770135174326,-0.2475770289704049,0.2475770289704049
NCCCCC(NC(=O)c1ccccc1)C(=O)O,-2.2844999017276484,-1.9129923939691251,0.37150750775852326,0.37150750775852326
NCCCNc1ccccc1,-1.6543000707433837,-0.9684535693475169,0.6858465013958668,0.6858465013958668
NCCc1ccc(O)c(O)c1,0.11999988216708113,-0.6871079648569052,-0.8071078470239863,0.8071078470239863
NCCc1ccc(O)c([N+](=O)[O-])c1,-1.3399000018160085,-1.929717899592826,-0.5898178977768174,0.5898178977768174
NCCc1ccc(O)cc1,-1.1161078832301181,-0.4993261640977904,0.6167817191323277,0.6167817191323277
NCCc1ccccc1,-0.28238101448130015,-0.7810636853882018,-0.49868267090690166,0.49868267090690166
NCc1ccc(CN)cc1,1.1750715002432757,1.1175572332538928,-0.05751426698938289,0.05751426698938289
NCc1ccc(S(N)(=O)=O)cc1,0.3210000915165252,-0.6988447699789155,-1.0198448614954407,1.0198448614954407
NCc1ccccc1,-1.5299999400605273,-0.2890795507502899,1.2409203893102374,1.2409203893102374
NNC(=O)Nc1ccccc1,-2.329999903386685,-1.504330751441534,0.8256691519451509,0.8256691519451509
NNC(=O)c1ccc(C(=O)NN)cc1,-2.289999946073414,-1.3837432085672052,0.9062567375062089,0.9062567375062089
NNC(=O)c1ccc([N+](=O)[O-])cc1,-2.1600000677831845,-2.3325854920864066,-0.1725854243032221,0.1725854243032221
NNCc1ccccc1,-1.6467889675722378,-0.8198302214317761,0.8269587461404617,0.8269587461404617
NNP(=S)(NN)c1ccccc1,-1.425000009557944,-1.6146651353140122,-0.1896651257560682,0.1896651257560682
NNc1ccc(Cl)cc1,-1.5636655659279723,-1.233652828099608,0.3300127378283644,0.3300127378283644
NNc1ccc(S(N)(=O)=O)cc1,-0.19127438473715141,-1.0298686204683336,-0.8385942357311822,0.8385942357311822
NNc1cccc(S(=O)(=O)O)c1,-0.8274999705625352,-0.9652013952638412,-0.13770142470130597,0.13770142470130597
NNc1ccccc1,0.06999985041499857,-0.5720195130908166,-0.6420193635058151,0.6420193635058151
NP(N)(=O)Oc1ccccc1,-1.4876534524012694,-1.160737374763123,0.32691607763814634,0.32691607763814634
NP(N)(=O)c1ccccc1,-1.1482001224732106,-0.2990177328383332,0.8491823896348774,0.8491823896348774
NS(=O)(=O)c1ccc(CCCCCO)cc1,-1.9712000050815734,-1.9715214503928755,-0.000321445311302071,0.000321445311302071
NS(=O)(=O)c1ccc(CCCCO)cc1,-1.1931000611098994,-1.8001691069173764,-0.607069045807477,0.607069045807477
NS(=O)(=O)c1ccc(CCCO)cc1,-1.0320000595755148,-1.5610632274831584,-0.5290631679076436,0.5290631679076436
NS(=O)(=O)c1ccc(NC(=O)CCC(=O)O)cc1,-2.0299999852277706,-1.894655780750417,0.13534420447735362,0.13534420447735362
NS(=O)(=O)c1ccc(NO)cc1,-0.8399999104121609,-1.2003059920960724,-0.36030608168391143,0.36030608168391143
NS(=O)(=O)c1ccc(S(N)(=O)=O)cc1,-2.528300033400747,-1.072958497220749,1.4553415361799977,1.4553415361799977
NS(=O)(=O)c1ccc(SCCCCCO)cc1,-2.6617998934871037,-2.268374322949506,0.39342557053759775,0.39342557053759775
NS(=O)(=O)c1ccc(SCCCCO)cc1,-2.5141000625126564,-2.2062969079252053,0.3078031545874511,0.3078031545874511
NS(=O)(=O)c1ccc(SCCCO)cc1,-2.247199989705562,-2.089374427159915,0.15782556254564728,0.15782556254564728
NS(=O)(=O)c1ccc(SCCO)cc1,-1.8238999551165118,-1.8196385748468333,0.004261380269678483,0.004261380269678483
NS(=O)(=O)c1cccc(S(N)(=O)=O)c1,-2.169300057347857,-1.076527418516494,1.092772638831363,1.092772638831363
NS(=O)(=O)c1ccccc1,-1.5629999337815437,-1.2625981579172056,0.300401775864338,0.300401775864338
N[C@@H](Cc1cc(Br)c(O)c(Br)c1)C(=O)O,-1.92809998315835,-2.2158622379639605,-0.28776225480561046,0.28776225480561046
N[C@@H](Cc1cc(Cl)c(O)c(Cl)c1)C(=O)O,-0.7960001003531918,-1.9643351288643713,-1.1683350285111795,1.1683350285111795
N[C@@H](Cc1cc(I)c(O)c(I)c1)C(=O)O,-2.858299953588812,-2.6342735598589133,0.22402639372989874,0.22402639372989874
N[C@@H](Cc1cc([N+](=O)[O-])c(O)c([N+](=O)[O-])c1)C(=O)O,-1.5125001332124826,-2.056910425281849,-0.5444102920693665,0.5444102920693665
N[C@H](Cc1ccc(O)cc1)C(=O)O,-2.60489988595036,-0.8908867254166046,1.7140131605337552,1.7140131605337552
Nc1c(Br)cc(Br)c(S(=O)(=O)O)c1Br,-0.48880024298683633,-1.9702871439740481,-1.4814869009872118,1.4814869009872118
Nc1c(Cl)cc(C(F)(F)F)cc1Cl,-3.591642825397942,-4.048518302775679,-0.4568754773777366,0.4568754773777366
Nc1c(Cl)cc(Cl)cc1Cl,-3.6911999398504913,-3.240256323417605,0.45094361643288616,0.45094361643288616
Nc1c(Cl)cc([N+](=O)[O-])cc1Cl,-4.4709000291856285,-3.345938703900104,1.1249613252855246,1.1249613252855246
Nc1c(I)c(C(=O)[O-])c(I)c(C(=O)[O-])c1I,-1.569622755755645,-2.284745224213694,-0.7151224684580488,0.7151224684580488
Nc1cc(C(=O)O)cc(S(=O)(=O)O)c1,-0.940000110093115,-1.2254567556779434,-0.2854566455848284,0.2854566455848284
Nc1cc(Cl)c(Cl)cc1Cl,-3.435950472257738,-3.114883528164901,0.32106694409283687,0.32106694409283687
Nc1cc(Cl)c(Cl)cc1S(=O)(=O)O,-2.10521076643744,-1.8639581280072375,0.24125263843020273,0.24125263843020273
Nc1cc(Cl)cc(C(=O)O)c1Cl,-2.4688000705130033,-2.5186538143491073,-0.04985374383610397,0.04985374383610397
Nc1cc(Cl)cc(Cl)c1,-2.3152999594164316,-2.0344543280079828,0.28084563140844887,0.28084563140844887
Nc1cc(Cl)ccc1Cl,-2.0750002861582235,-1.9002792012673497,0.1747210848908738,0.1747210848908738
Nc1cc(S(=O)(=O)O)ccc1C(=O)O,-1.31567455951789,-1.1980669733252913,0.1176075861925987,0.1176075861925987
Nc1cc(S(=O)(=O)O)ccc1O,-1.829744662916167,-0.9946968793104838,0.8350477836056833,0.8350477836056833
Nc1cc([N+](=O)[O-])c(O)c([N+](=O)[O-])c1,-2.385299935780952,-2.646482013290898,-0.2611820775099458,0.2611820775099458
Nc1cc([N+](=O)[O-])cc(C(=O)O)c1O,-2.4907789362285304,-2.3165727357782555,0.1742062004502749,0.1742062004502749
Nc1cc([N+](=O)[O-])cc(S(=O)(=O)O)c1O,-1.766205526234795,-1.672756383359946,0.09344914287484918,0.09344914287484918
Nc1cc([N+](=O)[O-])cc(S(=O)(=O)[O-])c1O,-0.9940567122236668,-1.3513551933376067,-0.3572984811139399,0.3572984811139399
Nc1cc([N+](=O)[O-])cc([N+](=O)[O-])c1O,-2.486200093818639,-2.673282694852746,-0.18708260103410712,0.18708260103410712
Nc1cc([N+](=O)[O-])cc([N+](=O)[O-])c1[O-],-1.7648129823867227,-2.606671001272874,-0.8418580188861515,0.8418580188861515
Nc1cc([N+](=O)[O-])ccc1Br,-3.5582999725654956,-2.669259896318039,0.8890400762474564,0.8890400762474564
Nc1cc([N+](=O)[O-])ccc1I,-4.421599809954106,-2.8028414624780167,1.6187583474760894,1.6187583474760894
Nc1cc([N+](=O)[O-])ccc1O,-2.205601929680668,-1.98766915789929,0.21793277178137815,0.21793277178137815
Nc1ccc(Br)cc1C(=O)O,-3.069999909465313,-2.307306994676109,0.7626929147892039,0.7626929147892039
Nc1ccc(C(=O)O)c(O)c1,-1.957200077897064,-1.475245568061256,0.481954509835808,0.481954509835808
Nc1ccc(C(=O)O)c(S(=O)(=O)O)c1,-1.8600000134474806,-1.3289628268011646,0.5310371866463159,0.5310371866463159
Nc1ccc(C(=O)O)cc1,-1.351099998034332,-1.5289091639776933,-0.17780916594336138,0.17780916594336138
Nc1ccc(C(F)(F)F)cc1,-2.847330079122421,-2.5946014481660447,0.2527286309563763,0.2527286309563763
Nc1ccc(Cl)c(Cl)c1,-2.446137937756824,-1.8647746440362853,0.5813632937205386,0.5813632937205386
Nc1ccc(Cl)cc1,-1.6286409592068036,-1.2111042667857614,0.4175366924210422,0.4175366924210422
Nc1ccc(Cl)cc1C(F)(F)F,-2.29348137378199,-2.6101358835015422,-0.3166545097195521,0.3166545097195521
Nc1ccc(Cl)cc1Cl,-2.417174360249451,-1.846881830974126,0.5702925292753249,0.5702925292753249
Nc1ccc(Cl)cc1O,-2.390659786122064,-1.331624265972564,1.0590355201495003,1.0590355201495003
Nc1ccc(Cl)cc1[N+](=O)[O-],-2.538000110372581,-2.5755283908704367,-0.037528280497855615,0.037528280497855615
Nc1ccc(F)cc1,-0.527274543640428,-0.6755536366326478,-0.14827909299221975,0.14827909299221975
Nc1ccc(N(CCO)CCO)cc1,-0.21841332944378866,-0.7260248400759415,-0.5076115106321528,0.5076115106321528
Nc1ccc(N)cc1,-0.4657999832626576,-0.1436846821568749,0.3221153011057827,0.3221153011057827
Nc1ccc(NCCO)c([N+](=O)[O-])c1,-2.191089909679742,-1.9558194495180612,0.23527046016168085,0.23527046016168085
Nc1ccc(O)c(C(=O)O)c1,-2.2599999951105594,-1.3671786639085368,0.8928213312020226,0.8928213312020226
Nc1ccc(O)cc1,-0.8000000211872846,-0.2993396547683984,0.5006603664188862,0.5006603664188862
Nc1ccc(O)cc1[N+](=O)[O-],-1.8337647379150863,-1.9160046245499354,-0.08223988663484905,0.08223988663484905
Nc1ccc(OCCO)c(N)c1,0.006227442893440127,-0.5591301076235995,-0.5653575505170396,0.5653575505170396
Nc1ccc(S(=O)(=O)CCOS(=O)(=O)O)cc1,-1.9051187200962882,-1.3735255917073794,0.5315931283889088,0.5315931283889088
Nc1ccc(S(=O)(=O)NC(CO)(CO)CO)cc1,-1.399999993681903,-1.8203521412231192,-0.4203521475412162,0.4203521475412162
Nc1ccc(S(=O)(=O)O)cc1,-1.141273081551662,-1.195477435498678,-0.05420435394701584,0.05420435394701584
Nc1ccc(S(=O)(=O)O)cc1N,-1.181216457408951,-1.2944187244655097,-0.11320226705655867,0.11320226705655867
Nc1ccc(S(=O)(=O)O)cc1S(=O)(=O)O,-1.7700929650408705,-0.024650916449229676,1.7454420485916409,1.7454420485916409
Nc1ccc(S(=O)(=O)[O-])cc1,0.037955545401763935,-0.8625894609396072,-0.9005450063413711,0.9005450063413711
Nc1ccc(S(N)(=O)=O)cc1,-1.3400000917561936,-1.1633875112610048,0.1766125804951888,0.1766125804951888
Nc1ccc([N+](=O)[O-])c(N)c1,-2.1850915263732857,-1.984695192996292,0.2003963333769938,0.2003963333769938
Nc1ccc([N+](=O)[O-])cc1,-2.2781998868327427,-1.9520608339547276,0.32613905287801503,0.32613905287801503
Nc1ccc([N+](=O)[O-])cc1S(=O)(=O)[O-],-1.7677384683527058,-1.2179043909396192,0.5498340774130865,0.5498340774130865
Nc1cccc(C(=O)O)c1,-1.3663000512635375,-1.529507388613385,-0.1632073373498475,0.1632073373498475
Nc1cccc(C(F)(F)F)c1,-1.5081957210773638,-2.282458543566634,-0.7742628224892703,0.7742628224892703
Nc1cccc(Cl)c1,-1.3733684436924494,-1.3451419911459228,0.02822645254652656,0.02822645254652656
Nc1cccc(Cl)c1Cl,-2.1303846800735036,-1.8979429522689601,0.23244172780454342,0.23244172780454342
Nc1cccc(N)c1,0.5099998574797433,-0.36214003236745107,-0.8721398898471944,0.8721398898471944
Nc1cccc(O)c1,-0.622962977639637,-0.591500964577738,0.031462013061899,0.031462013061899
Nc1cccc(S(=O)(=O)CCOS(=O)(=O)O)c1,-1.4238809087029216,-1.2939214068307394,0.1299595018721822,0.1299595018721822
Nc1cccc(S(=O)(=O)O)c1,-1.2051066324516466,-0.9911113444464363,0.21399528800521028,0.21399528800521028
Nc1cccc([N+](=O)[O-])c1,-2.061100040383531,-2.0530036493716834,0.008096391011847448,0.008096391011847448
Nc1ccccc1,-2.310403586777932,-0.8308096112513241,1.4795939755266079,1.4795939755266079
Nc1ccccc1C(=O)O,-1.5200000698869003,-1.5644048697174486,-0.04440479983054835,0.04440479983054835
Nc1ccccc1C(F)(F)F,-1.6756867716903463,-1.889180929110684,-0.21349415742033773,0.21349415742033773
Nc1ccccc1Cl,-1.3575741149544438,-1.2690826242733095,0.08849149068113427,0.08849149068113427
Nc1ccccc1N,-0.4396101907779122,-0.6423379388772732,-0.202727748099361,0.202727748099361
Nc1ccccc1O,-0.7368999184748337,-0.684245801097978,0.05265411737685577,0.05265411737685577
Nc1ccccc1S(=O)(=O)O,-1.747168691965159,-0.9985114635342476,0.7486572284309114,0.7486572284309114
Nc1ccccc1[N+](=O)[O-],-1.9600000769516448,-2.052851948428328,-0.09285187147668306,0.09285187147668306
O=C(CCCCl)c1ccc(F)cc1,-2.722633844203492,-4.1169538120955504,-1.3943199678920584,1.3943199678920584
O=C(CCCl)NCc1ccccc1,-3.2959000830503347,-2.38613796774272,0.9097621153076147,0.9097621153076147
O=C(COC(=O)c1ccccc1)NC(CO)(CO)CO,-1.2700000473032786,-1.035443289694673,0.23455675760860561,0.23455675760860561
O=C(Cl)c1ccc(C(=O)Cl)cc1,-4.028793775719737,-4.31527869224108,-0.286484916521343,0.286484916521343
O=C(NC(CO)C(=O)O)c1ccccc1,-0.9100000910418657,-1.053382266688428,-0.1433821756465623,0.1433821756465623
O=C(NC(CO)C(O)c1ccc([N+](=O)[O-])cc1)C(Cl)Cl,-2.1113999334258002,-2.3959591739686967,-0.2845592405428965,0.2845592405428965
O=C(NCCO)c1cc(O)ccc1O,-0.5436002342105457,-1.136816968473188,-0.5932167342626422,0.5932167342626422
O=C(NCO)c1ccccc1,-0.5199999795524137,-1.4702213254175402,-0.9502213458651265,0.9502213458651265
O=C(NO)c1ccc([N+](=O)[O-])cc1,-1.940000064250812,-2.183826512088456,-0.24382644783764396,0.24382644783764396
O=C(Nc1cccc(Cl)c1)OCC#CCCl,-4.2399997545483314,-4.65777829694729,-0.41777854239895884,0.41777854239895884
O=C(Nc1ccccc1)C(Cl)Cl,-3.3554999486351784,-3.3957146907894793,-0.040214742154300875,0.040214742154300875
O=C(O)/C(S)=C/c1ccccc1,-2.9600000225982925,-1.7646164792796653,1.1953835433186273,1.1953835433186273
O=C(O)/C=C(\Cl)c1ccccc1,-2.7699999615177258,-2.2429134848182453,0.5270864766994805,0.5270864766994805
O=C(O)/C=C/C=C/c1ccccc1,-3.6400000544072917,-2.8476314383572916,0.7923686160500001,0.7923686160500001
O=C(O)/C=C/c1cccc(Br)c1,-2.635999907061923,-3.108420654340961,-0.47242074727903827,0.47242074727903827
O=C(O)/C=C/c1ccccc1,-2.4335000508195685,-2.348332022771344,0.08516802804822454,0.08516802804822454
O=C(O)/C=C\C(=O)Nc1ccccc1,-2.281500131323065,-2.222838983413628,0.058661147909436995,0.058661147909436995
O=C(O)/C=C\c1cccc(O)c1,-2.099000015427965,-2.1046575482306347,-0.005657532802669785,0.005657532802669785
O=C(O)C(=O)Nc1ccccc1,-1.301900004919784,-1.881937277153856,-0.5800372722340721,0.5800372722340721
O=C(O)C(=O)c1c(C(=O)O)cccc1C(=O)O,-0.4541002182273557,-1.2239933998993997,-0.769893181672044,0.769893181672044
O=C(O)C(=O)c1ccccc1,-0.3699998842961669,-1.647356280076743,-1.277356395780576,1.277356395780576
O=C(O)C(CO)c1ccccc1,-0.9305001449132559,-1.381438961114317,-0.450938816201061,0.450938816201061
O=C(O)C(O)C(O)c1ccccc1,-0.30629992282655216,-0.8953996242162452,-0.589099701389693,0.589099701389693
O=C(O)C(O)c1ccccc1,-0.032127022185508114,-1.1612669662969735,-1.1291399441114653,1.1291399441114653
O=C(O)C(S)Cc1ccccc1,-1.5599999591117766,-1.6498801806908812,-0.08988022157910458,0.08988022157910458
O=C(O)C=CC(=O)Nc1ccccc1,-2.720000014876137,-2.222838983413628,0.4971610314625088,0.4971610314625088
O=C(O)C=Cc1ccccc1,-2.480000032687129,-2.348332022771344,0.13166800991578498,0.13166800991578498
O=C(O)CC(=O)c1ccccc1[N+](=O)[O-],-1.8434000628235765,-2.1942814850921493,-0.3508814222685728,0.3508814222685728
O=C(O)CC(CSC(=O)O)c1ccccc1,-1.2400000282520294,-1.8149061590627322,-0.5749061308107029,0.5749061308107029
O=C(O)CC(O)(CC(=O)O)C(=O)Nc1ccccc1,-0.4874000732385593,-0.9484346280729619,-0.4610345548344026,0.4610345548344026
O=C(O)CCCCCc1ccccc1,-2.6026000982873234,-3.029897806793442,-0.4272977085061185,0.4272977085061185
O=C(O)CCCCc1ccccc1,-2.465699937814656,-2.6023786407836145,-0.13667870296895845,0.13667870296895845
O=C(O)CCCNC(=O)c1ccccc1,-1.2025000725263624,-1.723504025685656,-0.5210039531592936,0.5210039531592936
O=C(O)CCCOc1cc(Cl)c(Cl)cc1Cl,-3.8294000439544615,-4.094130854551128,-0.2647308105966668,0.2647308105966668
O=C(O)CCCOc1ccc(Cl)cc1,-3.2899999342753086,-2.9572607328586216,0.332739201416687,0.332739201416687
O=C(O)CCCOc1ccc(Cl)cc1Cl,-3.5699999078217846,-3.435270813902004,0.1347290939197805,0.1347290939197805
O=C(O)CCCc1ccc(N(CCCl)CCCl)cc1,-3.400000072218284,-3.5608850506022574,-0.1608849783839732,0.1608849783839732
O=C(O)CCCc1ccccc1,-1.779999962644149,-2.0965401859932244,-0.3165402233490755,0.3165402233490755
O=C(O)CCNC(=O)Nc1ccc([N+](=O)[O-])cc1,-2.7000000362195014,-2.4010058857826584,0.29899415043684296,0.29899415043684296
O=C(O)CCP(=O)(O)c1ccccc1,-0.8283053200948549,-0.7818083000724636,0.04649702002239131,0.04649702002239131
O=C(O)CCc1ccccc1,-1.4057515565576306,-1.6343906156074801,-0.2286390590498495,0.2286390590498495
O=C(O)CNC(=O)c1ccccc1,-1.6900000416671903,-1.604012433612157,0.08598760805503325,0.08598760805503325
O=C(O)CNC(Cc1ccc(O)cc1)C(=O)O,-2.5899998982765258,-1.255022234594321,1.3349776636822048,1.3349776636822048
O=C(O)CNC(Cc1ccccc1)C(=O)O,-2.1600000677831845,-1.265061732213654,0.8949383355695306,0.8949383355695306
O=C(O)CNc1c([N+](=O)[O-])cc([N+](=O)[O-])cc1[N+](=O)[O-],-2.392200013698206,-2.856073377972159,-0.4638733642739532,0.4638733642739532
O=C(O)CONC(=O)c1ccccc1,-0.9500001164435314,-1.758669094180827,-0.8086689777372955,0.8086689777372955
O=C(O)COc1c(Cl)c(Cl)c(Cl)c(Cl)c1Cl,-3.7499999199966885,-4.168365588623006,-0.4183656686263175,0.4183656686263175
O=C(O)COc1c(Cl)cc(Cl)c(Cl)c1Cl,-3.410000044524503,-3.5908900060621214,-0.1808899615376185,0.1808899615376185
O=C(O)COc1c(Cl)cc(Cl)cc1Cl,-3.2299999983054017,-3.0914737422798475,0.13852625602555424,0.13852625602555424
O=C(O)COc1c(Cl)ccc(Cl)c1Cl,-2.619800077889378,-3.059312418849299,-0.43951234095992087,0.43951234095992087
O=C(O)COc1c(Cl)cccc1Cl,-2.1500001295211626,-2.553626260775718,-0.40362613125455526,0.40362613125455526
O=C(O)COc1cc(Cl)c(Cl)c(Cl)c1,-2.9400000354306077,-3.4679516432729405,-0.5279516078423327,0.5279516078423327
O=C(O)COc1cc(Cl)c(Cl)cc1Cl,-2.980000001254928,-3.333387970108044,-0.3533879688531161,0.3533879688531161
O=C(O)COc1cc(Cl)cc(Cl)c1,-2.3617000896531883,-2.997523358176484,-0.6358232685232958,0.6358232685232958
O=C(O)COc1cc(Cl)cc(Cl)c1Cl,-2.9999999799115638,-3.3028824117483664,-0.30288243183680263,0.30288243183680263
O=C(O)COc1cc(Cl)ccc1Cl,-2.619999883283578,-2.824521862715448,-0.20452197943187,0.20452197943187
O=C(O)COc1ccc(Cl)c(Cl)c1,-2.6846001095077017,-3.0157771588851583,-0.3311770493774566,0.3311770493774566
O=C(O)COc1ccc(Cl)c(Cl)c1Cl,-3.0999998817057905,-3.2469107043626426,-0.14691082265685207,0.14691082265685207
O=C(O)COc1ccc(Cl)cc1,-2.289999946073414,-2.6341501155993514,-0.34415016952593724,0.34415016952593724
O=C(O)COc1ccc(Cl)cc1CO,-2.0346999228476075,-1.6836652336026015,0.351034689245006,0.351034689245006
O=C(O)COc1ccc(Cl)cc1Cl,-1.0319615215441238,-2.842771118523777,-1.8108095969796532,1.8108095969796532
O=C(O)COc1ccc([N+](=O)[O-])cc1[N+](=O)[O-],-1.9369000677292545,-2.6174949452873593,-0.6805948775581048,0.6805948775581048
O=C(O)COc1cccc(Cl)c1,-2.1954000412400143,-2.405870529229235,-0.21047048798922052,0.21047048798922052
O=C(O)COc1cccc(Cl)c1Cl,-2.8097000064745132,-2.630019873577834,0.17968013289667928,0.17968013289667928
O=C(O)COc1ccccc1,-1.1031000039561514,-1.6540143718392906,-0.5509143678831392,0.5509143678831392
O=C(O)COc1ccccc1Cl,-2.1637001273270897,-2.2038295206786547,-0.04012939335156496,0.04012939335156496
O=C(O)COc1ccccc1[N+](=O)[O-],-2.016000058043261,-2.3112802248594857,-0.2952801668162248,0.2952801668162248
O=C(O)CSC(=S)OCc1ccccc1,-2.6800000575628657,-3.041970815386302,-0.36197075782343635,0.36197075782343635
O=C(O)CSC(C(=O)O)c1ccccc1,-1.230000021901613,-1.6066829966284442,-0.3766829747268312,0.3766829747268312
O=C(O)CSC(CC(=O)O)c1ccccc1,-1.5499999527613602,-1.8545133144270727,-0.3045133616657125,0.3045133616657125
O=C(O)Cc1c(Cl)ccc(Cl)c1Cl,-3.0799998987936306,-3.003303943730446,0.0766959550631845,0.0766959550631845
O=C(O)Cc1cc(O)ccc1O,0.703699901504772,-0.7773833714787544,-1.4810832729835264,1.4810832729835264
O=C(O)Cc1ccc(Cl)cc1Cl,-2.919141513183306,-2.706959078686551,0.2121824344967549,0.2121824344967549
O=C(O)Cc1ccc(O)cc1,-0.3990807100191853,-1.1729588330784924,-0.773878123059307,0.773878123059307
O=C(O)Cc1cccc(O)c1,0.8176997560166566,-1.1924997938223671,-2.0101995498390237,2.0101995498390237
O=C(O)Cc1ccccc1,-0.8899999421642435,-1.5737997064159157,-0.6837997642516722,0.6837997642516722
O=C(O)Cc1ccccc1C(=O)O,-1.0515000311057898,-1.5470426014266652,-0.49554257032087534,0.49554257032087534
O=C(O)[C@@H](O)c1ccccc1,0.159199732754423,-1.1612669662969735,-1.3204666990513965,1.3204666990513965
O=C(O)[C@H](O)c1ccccc1,-0.14166681449202656,-1.1612669662969735,-1.019600151804947,1.019600151804947
O=C(O)[C@H](O)c1ccccc1Cl,-0.43902789882657656,-1.4404455895383794,-1.0014176907118029,1.0014176907118029
O=C(O)c1c(Br)c(O)c(O)c(O)c1Br,-0.41879992618034256,-1.3941596435395076,-0.975359717359165,0.975359717359165
O=C(O)c1c(Cl)c(Cl)c(Cl)c(Cl)c1C(=O)O,-1.9263999521198858,-2.2741657856245183,-0.3477658335046325,0.3477658335046325
O=C(O)c1c(Cl)ccc(Cl)c1Cl,-1.4665999760578892,-2.770694922740164,-1.3040949466822749,1.3040949466822749
O=C(O)c1c(Cl)cccc1Cl,-1.130900086975168,-2.3530107849004342,-1.2221106979252663,1.2221106979252663
O=C(O)c1c(O)cccc1O,-1.2073999857613855,-1.320107522542172,-0.11270753678078638,0.11270753678078638
O=C(O)c1c([N+](=O)[O-])cc([N+](=O)[O-])cc1[N+](=O)[O-],-1.0977000495505707,-2.6001309747867083,-1.5024309252361376,1.5024309252361376
O=C(O)c1cc(Br)c(O)cc1O,-2.619999883283578,-1.5641936595171395,1.0558062237664383,1.0558062237664383
O=C(O)c1cc(Br)cc(C(=O)O)c1C(=O)O,-1.4480999506919399,-1.6598141412984544,-0.21171419060651453,0.21171419060651453
O=C(O)c1cc(Br)ccc1O,-2.6500000725558137,-2.0662961381354283,0.5837039344203854,0.5837039344203854
O=C(O)c1cc(C(=O)O)c(C(=O)O)cc1C(=O)O,-1.7812595979457988,-1.134571413216517,0.6466881847292818,0.6466881847292818
O=C(O)c1cc(C(=O)O)cc(C(=O)O)c1,-1.942299613604467,-1.5438432639372641,0.3984563496672029,0.3984563496672029
O=C(O)c1cc(C(=O)O)cc(S(=O)(=O)[O-])c1,0.1093957955790299,-0.6639126999703522,-0.7733084955493821,0.7733084955493821
O=C(O)c1cc(C(=O)O)cc([N+](=O)[O-])c1,-2.1784198169318016,-2.245057179836469,-0.06663736290466726,0.06663736290466726
O=C(O)c1cc(Cl)c(Cl)cc1Cl,-2.4446000932744965,-2.9513531624485747,-0.5067530691740783,0.5067530691740783
O=C(O)c1cc(Cl)cc(Cl)c1,-3.1136998880227673,-2.7764039303692147,0.3372959576535526,0.3372959576535526
O=C(O)c1cc(Cl)ccc1O,-1.2370000535822623,-1.8408091632290695,-0.6038091096468072,0.6038091096468072
O=C(O)c1cc(Cl)ccc1[N+](=O)[O-],-1.3189999967142456,-2.768788311512229,-1.4497883147979835,1.4497883147979835
O=C(O)c1cc(I)cc(I)c1O,-3.306999887195881,-2.7338660462325004,0.5731338409633806,0.5731338409633806
O=C(O)c1cc(O)c(O)c(O)c1,-1.1552000179770705,-1.1210195076690268,0.0341805103080437,0.0341805103080437
O=C(O)c1cc(O)cc(C(=O)O)c1,-2.0051114981422216,-1.4195427247240395,0.585568773418182,0.585568773418182
O=C(O)c1cc(O)ccc1O,-0.8499999167625774,-0.9935885364218211,-0.14358861965924374,0.14358861965924374
O=C(O)c1cc(S(=O)(=O)O)ccc1O,0.6554903221792943,-0.6004145525025799,-1.2559048746818742,1.2559048746818742
O=C(O)c1cc([N+](=O)[O-])cc([N+](=O)[O-])c1,-2.2076496881507826,-2.5077611691443864,-0.30011148099360385,0.30011148099360385
O=C(O)c1cc([N+](=O)[O-])cc([N+](=O)[O-])c1O,-1.0571259028049313,-2.284093209746202,-1.2269673069412708,1.2269673069412708
O=C(O)c1cc([N+](=O)[O-])ccc1O,-2.262733471803534,-2.100933113041432,0.16180035876210175,0.16180035876210175
O=C(O)c1ccc(Br)c([N+](=O)[O-])c1,-2.9676999859541926,-2.91581403333511,0.05188595261908269,0.05188595261908269
O=C(O)c1ccc(Br)cc1,-3.5250999691850957,-2.756474048714906,0.7686259204701895,0.7686259204701895
O=C(O)c1ccc(C(=O)O)c(Br)c1,-2.1338999477142373,-2.301254889626247,-0.16735494191200972,0.16735494191200972
O=C(O)c1ccc(C(=O)O)c(C(=O)O)c1,-1.0003000094858008,-1.5428341939280505,-0.5425341844422498,0.5425341844422498
O=C(O)c1ccc(C(=O)O)cc1,-4.044400180488415,-1.9941315636155161,2.0502686168728985,2.0502686168728985
O=C(O)c1ccc(Cl)c(Cl)c1,-3.4949998601936616,-2.8070928677978744,0.6879069923957872,0.6879069923957872
O=C(O)c1ccc(Cl)c([N+](=O)[O-])c1,-2.7599999721894077,-2.832302051222384,-0.07230207903297625,0.07230207903297625
O=C(O)c1ccc(Cl)cc1,-3.309999912931944,-2.5200705295772927,0.7899293833546515,0.7899293833546515
O=C(O)c1ccc(Cl)cc1Cl,-2.6003000723149055,-2.644365825984126,-0.04406575366922061,0.04406575366922061
O=C(O)c1ccc(F)c([N+](=O)[O-])c1,-1.5808999642135397,-2.667471350366486,-1.0865713861529462,1.0865713861529462
O=C(O)c1ccc(F)cc1,-2.0673001015150407,-2.262119450660276,-0.19481934914523524,0.19481934914523524
O=C(O)c1ccc(I)cc1,-3.963099913700202,-3.0745161999181136,0.8885837137820882,0.8885837137820882
O=C(O)c1ccc(N=C=S)cc1,-3.9799999298794773,-3.2381658905461226,0.7418340393333547,0.7418340393333547
O=C(O)c1ccc(O)c(C(=O)O)c1,-1.779999962644149,-1.427223367997948,0.3527765946462009,0.3527765946462009
O=C(O)c1ccc(O)c(O)c1,-0.9278000315336765,-1.239846148480044,-0.3120461169463675,0.3120461169463675
O=C(O)c1ccc(O)cc1,-1.4100000000323194,-1.2899777270106552,0.12002227302166424,0.12002227302166424
O=C(O)c1ccc(O)cc1O,-1.4100000000323194,-1.1443228969263377,0.2656771031059817,0.2656771031059817
O=C(O)c1ccc(S(=O)(=O)O)c(C(=O)O)c1,0.6086999773526052,-0.8166913464368544,-1.4253913237894595,1.4253913237894595
O=C(O)c1ccc([N+](=O)[O-])c(C(=O)O)c1,-1.3391000993552635,-2.164689451701845,-0.8255893523465814,0.8255893523465814
O=C(O)c1ccc([N+](=O)[O-])c([N+](=O)[O-])c1,-1.5004999621798356,-2.406049874060832,-0.9055499118809964,0.9055499118809964
O=C(O)c1ccc([N+](=O)[O-])cc1,-2.799999946524778,-2.486744324357346,0.31325562216743164,0.31325562216743164
O=C(O)c1ccc([N+](=O)[O-])cc1[N+](=O)[O-],-1.0665000406314145,-2.4191627456394014,-1.352662705007987,1.352662705007987
O=C(O)c1cccc(Br)c1,-2.6989998857899913,-2.4889509330522577,0.2100489527377336,0.2100489527377336
O=C(O)c1cccc(C(=O)O)c1,-3.2204000623400484,-1.7980455660639787,1.4223544962760697,1.4223544962760697
O=C(O)c1cccc(C(=O)O)c1C(=O)O,-0.8369999357423938,-1.2979292259186157,-0.46092929017622186,0.46092929017622186
O=C(O)c1cccc(C(=O)O)c1O,-2.1099998998543126,-1.3549927477351926,0.75500715211912,0.75500715211912
O=C(O)c1cccc(C(=O)O)c1[N+](=O)[O-],-1.99010004976629,-2.0043316136695135,-0.014231563903223554,0.014231563903223554
O=C(O)c1cccc(Cl)c1,-2.5415000921687083,-2.285397919565132,0.25610217260357615,0.25610217260357615
O=C(O)c1cccc(Cl)c1C(=O)O,-0.9760000784838985,-1.7572295693404227,-0.7812294908565243,0.7812294908565243
O=C(O)c1cccc(Cl)c1Cl,-2.33167290333246,-2.370091439590806,-0.03841853625834579,0.03841853625834579
O=C(O)c1cccc(Cl)c1[N+](=O)[O-],-2.630000093899178,-2.5630408431086433,0.06695925079053477,0.06695925079053477
O=C(O)c1cccc(F)c1,-1.970399966444039,-1.9851832506093854,-0.014783284165346355,0.014783284165346355
O=C(O)c1cccc(I)c1,-3.2706000526852184,-2.809525427830544,0.4610746248546742,0.4610746248546742
O=C(O)c1cccc(N=C=S)c1,-3.2499999769620374,-3.0285993611068225,0.22140061585521487,0.22140061585521487
O=C(O)c1cccc(O)c1,-1.2400000282520294,-1.2732360163490197,-0.033235988096990354,0.033235988096990354
O=C(O)c1cccc(O)c1C(=O)O,-2.1099998998543126,-1.2661052549505774,0.8438946449037352,0.8438946449037352
O=C(O)c1cccc([N+](=O)[O-])c1,-1.745907150188458,-2.4019625277279655,-0.6560553775395075,0.6560553775395075
O=C(O)c1cccc([N+](=O)[O-])c1C(=O)O,-1.0214000582911447,-1.9562930723914815,-0.9348930141003369,0.9348930141003369
O=C(O)c1cccc([N+](=O)[O-])c1O,-2.148999911003258,-2.024780056537734,0.1242198544655242,0.1242198544655242
O=C(O)c1ccccc1,-1.619929866167751,-1.610478379924907,0.009451486242844087,0.009451486242844087
O=C(O)c1ccccc1Br,-2.0499999979286034,-2.2794670118578075,-0.2294670139292041,0.2294670139292041
O=C(O)c1ccccc1C(=O)O,-1.4245733676768555,-1.5107791309484555,-0.08620576327160001,0.08620576327160001
O=C(O)c1ccccc1C(=O)OCCO,-1.4824999779844439,-1.4704551409648845,0.012044837019559385,0.012044837019559385
O=C(O)c1ccccc1C(F)(F)F,-1.5978000484812096,-2.470442294504381,-0.8726422460231715,0.8726422460231715
O=C(O)c1ccccc1CO,-1.5507999913988946,-1.1446121364269544,0.4061878549719402,0.4061878549719402
O=C(O)c1ccccc1Cl,-1.8900000324987298,-2.0655532937494283,-0.17555326125069848,0.17555326125069848
O=C(O)c1ccccc1F,-1.3899999873314866,-1.8510161582993248,-0.4610161709678382,0.4610161709678382
O=C(O)c1ccccc1I,-2.7307998896431007,-2.520783959776789,0.2100159298663118,0.2100159298663118
O=C(O)c1ccccc1O,-1.820000124222604,-1.3016886585426855,0.5183114656799186,0.5183114656799186
O=C(O)c1ccccc1[N+](=O)[O-],-1.35000009810661,-2.2639677782223613,-0.9139676801157512,0.9139676801157512
O=C(OCC(=O)N(CCO)CCO)c1ccccc1,0.4300000790299907,-1.1102574560053096,-1.5402575350353003,1.5402575350353003
O=C(OCC([N+](=O)[O-])([N+](=O)[O-])[N+](=O)[O-])c1ccccc1C(=O)OCC([N+](=O)[O-])([N+](=O)[O-])[N+](=O)[O-],-3.57820006554713,-3.318017389494353,0.26018267605277723,0.26018267605277723
O=C(OCCCO)c1ccccc1,-1.2558000764151882,-1.9547251328387036,-0.6989250564235154,0.6989250564235154
O=C(OCCO)c1ccccc1O,-1.156700005311954,-1.3657599741169058,-0.2090599688049517,0.2090599688049517
O=C([O-])COc1ccccc1,0.10859562076470652,-1.7664503721020781,-1.8750459928667846,1.8750459928667846
O=C([O-])c1cc(Br)ccc1Cl,-1.952000031018275,-2.812187513841693,-0.860187482823418,0.860187482823418
O=C([O-])c1cccc(Cl)c1[N+](=O)[O-],-2.632299881562215,-2.2746986454013136,0.35760123616090134,0.35760123616090134
O=C([O-])c1ccccc1,-0.06944953955462907,-1.5916647394130443,-1.5222151998584152,1.5222151998584152
O=C([O-])c1ccccc1C(=O)O,0.1150425023269448,-1.5607354499511508,-1.6757779522780956,1.6757779522780956
O=C([O-])c1ccccc1O,-0.10749215978592552,-1.4627050475283985,-1.355212887742473,1.355212887742473
O=C(c1ccccc1)C(F)(F)F,-1.1599999774486978,-3.115855524043209,-1.9558555465945113,1.9558555465945113
O=C/C=C/c1ccccc1,-1.9688183411239297,-2.579889112107959,-0.6110707709840293,0.6110707709840293
O=CC(=O)Cc1ccccc1,-2.1707000909193446,-1.812005048742046,0.35869504217729853,0.35869504217729853
O=CC(=O)c1ccccc1,-0.7400001192615755,-1.8922617927933354,-1.15226167353176,1.15226167353176
O=CNC(Nc1ccc(Cl)c(Cl)c1)C(Cl)(Cl)Cl,-3.3227998842927438,-4.63144538265692,-1.308645498364176,1.308645498364176
O=CNc1ccccc1,-0.678499957647404,-1.7896957500471182,-1.1111957923997142,1.1111957923997142
O=COCc1ccccc1,-1.673119839210768,-2.221153387114837,-0.5480335479040688,0.5480335479040688
O=Cc1cc(Br)ccc1Br,-3.8002998130389583,-3.609971608451262,0.19032820458769617,0.19032820458769617
O=Cc1cc(O)c(O)c([N+](=O)[O-])c1,-1.9378339000623424,-2.105840788353449,-0.16800688829110655,0.16800688829110655
O=Cc1cc(O)cc(Br)c1,-3.2502000036435197,-2.0671494218976054,1.1830505817459143,1.1830505817459143
O=Cc1cc(O)ccc1O,-1.000400099425986,-0.9521770385983608,0.048223060827625286,0.048223060827625286
O=Cc1ccc(B(O)O)cc1,-2.267384794309567,-1.5813848897604774,0.6859999045490894,0.6859999045490894
O=Cc1ccc(C=O)cc1,-2.826499932713604,-1.2662971280467963,1.5602028046668075,1.5602028046668075
O=Cc1ccc(Cl)cc1,-2.177077998937768,-2.410432179319469,-0.23335418038170097,0.23335418038170097
O=Cc1ccc(O)c(Br)c1,-2.1793999493732743,-1.840951604150748,0.3384483452225262,0.3384483452225262
O=Cc1ccc(O)c(C(=O)O)c1,-2.635400048304759,-1.739368213116607,0.896031835188152,0.896031835188152
O=Cc1ccc(O)c(O)c1,-1.3401999992829852,-1.167765050332014,0.1724349489509711,0.1724349489509711
O=Cc1ccc(O)c([N+](=O)[O-])c1,-2.951199989093684,-2.312115805639045,0.639084183454639,0.639084183454639
O=Cc1ccc(O)cc1,-0.9762001221874792,-1.0616317204115246,-0.08543159822404545,0.08543159822404545
O=Cc1ccc([N+](=O)[O-])cc1,-1.810099935458794,-2.432687415829018,-0.6225874803702238,0.6225874803702238
O=Cc1cccc(C(=O)O)c1O,-2.4423000673020785,-1.699045312547351,0.7432547547547275,0.7432547547547275
O=Cc1cccc(O)c1,-1.230000021901613,-1.099735347844458,0.13026467405715492,0.13026467405715492
O=Cc1cccc([N+](=O)[O-])c1,-1.9800000215640832,-2.501916325167942,-0.5219163036038588,0.5219163036038588
O=Cc1ccccc1,-1.209572414082166,-1.404208128826939,-0.19463571474477304,0.19463571474477304
O=Cc1ccccc1C=O,-1.3400000917561936,-1.5338239204827575,-0.1938238287265639,0.1938238287265639
O=Cc1ccccc1Cl,-1.9805722364330054,-2.2094699632942585,-0.2288977268612531,0.2288977268612531
O=Cc1ccccc1O,-0.8600001954665726,-1.2395597686920041,-0.37955957322543155,0.37955957322543155
O=Cc1ccccc1[N+](=O)[O-],-1.8137999950026997,-2.5063463603912526,-0.6925463653885529,0.6925463653885529
O=I(=O)c1ccccc1,-1.841599941844927,-2.547422182428922,-0.7058222405839949,0.7058222405839949
O=NN([O-])c1ccccc1,-6.1946491152310195,-2.20247837457455,3.9921707406564693,3.9921707406564693
O=Nc1ccc(O)cc1,-1.5462000756308483,-1.722008259831243,-0.17580818420039468,0.17580818420039468
O=P(O)(O)c1ccccc1,-1.0269232526911032,-0.9749723522545413,0.05195090043656192,0.05195090043656192
O=S(=O)(Cl)c1ccc(I)cc1,-4.268599876204882,-3.3176736111895946,0.9509262650152874,0.9509262650152874
O=S(=O)(Cl)c1ccccc1,-1.8853218150767972,-2.5123567953435675,-0.6270349802667703,0.6270349802667703
O=S(=O)(O)CCSc1ccccc1,-1.5299999400605273,-1.360401145101714,0.16959879495881336,0.16959879495881336
O=S(=O)(O)OCCOc1ccc(Cl)cc1Cl,-0.06010018590381083,-2.2635991476535438,-2.203498961749733,2.203498961749733
O=S(=O)(O)c1c(Br)c(Br)c(Br)c(Br)c1Br,-2.006099937367846,-2.534767818100153,-0.5286678807323071,0.5286678807323071
O=S(=O)(O)c1ccc(O)cc1,0.7590089215671374,-0.5654236541210103,-1.3244325756881477,1.3244325756881477
O=S(=O)(O)c1ccccc1,0.8489068461288598,-0.24027215531948842,-1.0891790014483482,1.0891790014483482
O=S(=O)([O-])C[C@@H](O)CNc1ccccc1,0.11878436814518611,-0.5581556265188854,-0.6769399946640715,0.6769399946640715
O=S(=O)([O-])c1ccc(O)cc1,-8.363189588675052,-0.5250720202491972,7.838117568425854,7.838117568425854
O=S(=O)([O-])c1cccc(S(=O)(=O)[O-])c1,0.3709472866743324,1.8118622197445347,1.4409149330702022,1.4409149330702022
O=S(=O)(c1ccccc1)N(Br)Br,-3.2799999449469905,-3.696455410682553,-0.4164554657355626,0.4164554657355626
O=[N+]([O-])c1c(Cl)c(Cl)c(Cl)c(Cl)c1Cl,-5.826899882593857,-6.317730872179404,-0.4908309895855476,0.4908309895855476
O=[N+]([O-])c1c(Cl)c(Cl)cc(Cl)c1Cl,-5.096299968786661,-5.608441536493915,-0.5121415677072543,0.5121415677072543
O=[N+]([O-])c1c(Cl)cc(Cl)cc1Cl,-4.559100101537517,-4.811269284198974,-0.25216918266145694,0.25216918266145694
O=[N+]([O-])c1c(O)cccc1O,-2.0734000046179704,-2.0308984796840175,0.04250152493395287,0.04250152493395287
O=[N+]([O-])c1cc(C(F)(F)F)ccc1Cl,-2.5337047539939554,-4.6956471555953545,-2.161942401601399,2.161942401601399
O=[N+]([O-])c1cc(C(F)(F)F)ccc1O,-2.503000020057729,-3.3019729891047724,-0.7989729690470435,0.7989729690470435
O=[N+]([O-])c1cc(CCO)ccc1O,-1.155599969207443,-1.8480766461240368,-0.6924766769165938,0.6924766769165938
O=[N+]([O-])c1cc(Cl)c(Cl)c(Cl)c1Cl,-4.553100016021193,-5.50770285008422,-0.954602834063027,0.954602834063027
O=[N+]([O-])c1cc(Cl)c(Cl)cc1Cl,-3.88659994682559,-4.679712020057142,-0.7931120732315522,0.7931120732315522
O=[N+]([O-])c1cc(Cl)cc(Cl)c1,-3.5843333660076526,-4.112484081338139,-0.5281507153304865,0.5281507153304865
O=[N+]([O-])c1cc(Cl)cc(Cl)c1O,-4.087600156175034,-2.982727801077996,1.1048723550970379,1.1048723550970379
O=[N+]([O-])c1cc(Cl)ccc1Cl,-3.3642253402371143,-3.7359029668497548,-0.3716776266126405,0.3716776266126405
O=[N+]([O-])c1cc(Cl)ccc1O,-3.09019992331448,-2.557587166959657,0.5326127563548231,0.5326127563548231
O=[N+]([O-])c1cc(N(CCO)CCO)ccc1NCCO,-1.7953856248372626,-1.3423378386992664,0.45304778613799623,0.45304778613799623
O=[N+]([O-])c1cc(O)cc([N+](=O)[O-])c1,-1.6629999972857081,-2.5549446563619798,-0.8919446590762716,0.8919446590762716
O=[N+]([O-])c1cc(O)ccc1NCCCO,-2.1105897496174584,-2.0928858818505462,0.01770386776691213,0.01770386776691213
O=[N+]([O-])c1cc([N+](=O)[O-])c(Cl)c([N+](=O)[O-])c1,-2.6689999007829392,-3.3367234503426153,-0.667723549559676,0.667723549559676
O=[N+]([O-])c1cc([N+](=O)[O-])c(O)c([N+](=O)[O-])c1,-1.9700000152136665,-2.6410749096038755,-0.671074894390209,0.671074894390209
O=[N+]([O-])c1cc([N+](=O)[O-])c(O)c([N+](=O)[O-])c1O,-3.509999937807681,-2.3943758464387206,1.1156240913689603,1.1156240913689603
O=[N+]([O-])c1cc([N+](=O)[O-])c(O)cc1O,-3.4086000449972125,-2.3168065513255995,1.091793493671613,1.091793493671613
O=[N+]([O-])c1cc([N+](=O)[O-])c([O-])c([N+](=O)[O-])c1[O-],-2.808391313484494,-2.11983186404665,0.688559449437844,0.688559449437844
O=[N+]([O-])c1cc([N+](=O)[O-])cc([N+](=O)[O-])c1,-2.8845999130961557,-2.8847201061348713,-0.00012019303871557696,0.00012019303871557696
O=[N+]([O-])c1ccc(CO)cc1,-1.8841000369225915,-1.7173421621435638,0.1667578747790277,0.1667578747790277
O=[N+]([O-])c1ccc(Cl)c(Cl)c1,-3.200518097893499,-3.9269076636828317,-0.7263895657893329,0.7263895657893329
O=[N+]([O-])c1ccc(Cl)c(Cl)c1Cl,-3.9399999725662065,-4.54341798247395,-0.6034180099077435,0.6034180099077435
O=[N+]([O-])c1ccc(Cl)cc1,-2.8118286028912163,-2.863652501449594,-0.05182389855837766,0.05182389855837766
O=[N+]([O-])c1ccc(Cl)cc1C(F)(F)F,-3.353300046647143,-4.499883624681039,-1.146583578033896,1.146583578033896
O=[N+]([O-])c1ccc(Cl)cc1Cl,-3.00914571521808,-3.695645839669763,-0.6865001244516828,0.6865001244516828
O=[N+]([O-])c1ccc(Cl)cc1O,-2.6373770288886,-2.6109589360164795,0.02641809287212027,0.02641809287212027
O=[N+]([O-])c1ccc(F)c([N+](=O)[O-])c1,-2.6677000592842286,-2.8446483836536034,-0.1769483243693748,0.1769483243693748
O=[N+]([O-])c1ccc(F)cc1O,-2.0499999979286034,-2.3579369802558054,-0.307936982327202,0.307936982327202
O=[N+]([O-])c1ccc(O)c([N+](=O)[O-])c1,-2.5975999929795233,-2.4062011664738194,0.19139882650570383,0.19139882650570383
O=[N+]([O-])c1ccc(O)cc1,-0.940000110093115,-1.9020639342688008,-0.9620638241756858,0.9620638241756858
O=[N+]([O-])c1ccc(O)cc1C(F)(F)F,-1.6172000662480892,-3.0566697550527335,-1.4394696888046443,1.4394696888046443
O=[N+]([O-])c1ccc([N+](=O)[O-])c(O)c1,-2.679600004199901,-2.4199145776934996,0.2596854265064015,0.2596854265064015
O=[N+]([O-])c1ccc([N+](=O)[O-])cc1,-3.3866998894659397,-2.4475406267757043,0.9391592626902354,0.9391592626902354
O=[N+]([O-])c1cccc(Br)c1,-1.3054000207601086,-3.0154242567355123,-1.7100242359754037,1.7100242359754037
O=[N+]([O-])c1cccc(CO)c1,-2.4142000549044798,-1.6611612020988782,0.7530388528056016,0.7530388528056016
O=[N+]([O-])c1cccc(Cl)c1,-2.7612721868219756,-2.9798851105999486,-0.21861292377797303,0.21861292377797303
O=[N+]([O-])c1cccc(Cl)c1Cl,-3.4881000205857893,-3.5331941132799187,-0.04509409269412945,0.04509409269412945
O=[N+]([O-])c1cccc(N=C=S)c1,-3.549999929165149,-3.6600275067311823,-0.11002757756603332,0.11002757756603332
O=[N+]([O-])c1cccc(O)c1,-1.0700000564717391,-2.090178278747551,-1.020178222275812,1.020178222275812
O=[N+]([O-])c1cccc(P(=O)(O)O)c1,0.6834999812771474,-1.5267359185961766,-2.2102358998733243,2.2102358998733243
O=[N+]([O-])c1cccc(S(=O)(=O)[O-])c1,-0.051455683314758804,-0.6734156610395772,-0.6219599777248184,0.6219599777248184
O=[N+]([O-])c1cccc([N+](=O)[O-])c1,-2.498899941195056,-2.4598747032958808,0.039025237899175114,0.039025237899175114
O=[N+]([O-])c1cccc([N+](=O)[O-])c1O,-2.7667999091001803,-2.265974479390482,0.5008254297096983,0.5008254297096983
O=[N+]([O-])c1ccccc1,-1.7999999753449818,-2.3846330780434193,-0.5846331026984375,0.5846331026984375
O=[N+]([O-])c1ccccc1CO,-1.4860999475881644,-1.754163412751023,-0.2680634651628586,0.2680634651628586
O=[N+]([O-])c1ccccc1Cl,-2.563966504834369,-2.797506498445162,-0.2335399936107927,0.2335399936107927
O=[N+]([O-])c1ccccc1NCCO,-1.99332655452517,-2.031215499249665,-0.03788894472449522,0.03788894472449522
O=[N+]([O-])c1ccccc1O,-1.8029142948142367,-2.1140749902761367,-0.31116069546189995,0.31116069546189995
O=[N+]([O-])c1ccccc1[N+](=O)[O-],-3.10170004466552,-2.465551232760667,0.6361488119048531,0.6361488119048531
OC(=S)COc1cc(Cl)c(Cl)cc1Cl,-2.9600000225982925,-3.504592391546093,-0.5445923689478005,0.5445923689478005
OC(=S)COc1ccc(Cl)cc1Cl,-2.690000063913282,-2.988042917343801,-0.29804285343051884,0.29804285343051884
OCC(O)COc1ccc(Cl)cc1,-1.3066999643914112,-2.058939323266636,-0.752239358875225,0.752239358875225
OCCCc1ccccc1,-1.3797999372774892,-1.4140863931276608,-0.03428645585017165,0.03428645585017165
OCCN(CCO)c1ccccc1,-0.5833810149813297,-0.8005595716147957,-0.21717855663346608,0.21717855663346608
OCCNc1ccccc1,-0.47450004598177165,-0.9615665644020428,-0.48706651842027116,0.48706651842027116
OCCOCCOc1ccccc1,-0.7165256919568188,-1.486935664544513,-0.7704099725876943,0.7704099725876943
OCCOc1ccc(OCCO)cc1,-1.230000021901613,-1.0129833794707048,0.21701664243090812,0.21701664243090812
OCCOc1cccc(OCCO)c1,-1.020000024719657,-0.8260692972134396,0.19393072750621743,0.19393072750621743
OCCOc1ccccc1,-0.7424613785526044,-1.1241548420674252,-0.3816934635148208,0.3816934635148208
OCCc1ccccc1,-0.7859239711775188,-0.9214714876013983,-0.13554751642387952,0.13554751642387952
OCNC(=S)c1ccccc1,-1.139999964747865,-2.4351884387425424,-1.2951884739946775,1.2951884739946775
OCc1c(Cl)c(Cl)c(Cl)c(Cl)c1Cl,-5.146699815592326,-4.8579813273717765,0.2887184882205496,0.2887184882205496
OCc1c(Cl)cccc1Cl,-2.101900104422731,-2.1605850832703073,-0.058684978847576286,0.058684978847576286
OCc1cc(Br)ccc1O,-0.20720026025368599,-1.2060126166313088,-0.9988123563776228,0.9988123563776228
OCc1cc(Cl)c(Cl)c(Cl)c1,-3.094799971003791,-2.5023051099015863,0.5924948611022045,0.5924948611022045
OCc1cc(O)ccc1O,0.8533998631172524,-0.13791269276274187,-0.9913125558799942,0.9913125558799942
OCc1ccc(Br)cc1,-1.929500016729838,-1.5949392464901762,0.3345607702396618,0.3345607702396618
OCc1ccc(CO)cc1,-0.3861000661030922,0.25483233426999163,0.6409324003730839,0.6409324003730839
OCc1ccc(Cl)c(Cl)c1,-2.043900026737279,-2.0092342504403238,0.03466577629695511,0.03466577629695511
OCc1ccc(Cl)cc1,-1.7561001190494083,-1.4186690144434575,0.3374311046059508,0.3374311046059508
OCc1ccc(Cl)cc1Cl,-2.247999892166307,-2.072757862967708,0.175242029198599,0.175242029198599
OCc1ccc(I)cc1,-2.7460000450048985,-2.1441930746037676,0.6018069704011308,0.6018069704011308
OCc1ccc(O)cc1,-1.2677999750942566,-0.15445626619584774,1.1133437088984088,1.1133437088984088
OCc1cccc(CO)c1,-0.2328001348868911,0.11920106912065087,0.352001204007542,0.352001204007542
OCc1cccc(O)c1,-0.2678002932901382,-0.14522048398736187,0.12257980930277634,0.12257980930277634
OCc1ccccc1,-0.4319001333175003,-0.5103112733424915,-0.07841114002499117,0.07841114002499117
OCc1ccccc1Br,-2.1579999711893487,-1.4167897747501852,0.7412101964391635,0.7412101964391635
OCc1ccccc1CO,0.056899915631419606,-0.18657492373607765,-0.24347483936749725,0.24347483936749725
OCc1ccccc1O,-0.29460015779125026,-0.41719875949095897,-0.12259860169970871,0.12259860169970871
ONc1ccccc1,-0.4358999179748042,-0.8348916466894059,-0.39899172871460165,0.39899172871460165
Oc1c(Br)c(Br)c(Br)c(Br)c1Br,-6.599999755301928,-6.318893549607024,0.2811062056949041,0.2811062056949041
Oc1c(Br)cc(Br)cc1Br,-3.674499967374797,-3.433226289630637,0.24127367774415998,0.24127367774415998
Oc1c(Cl)c(Cl)c(Cl)c(Cl)c1Cl,-4.279300103606227,-4.394244344152375,-0.11494424054614782,0.11494424054614782
Oc1c(Cl)c(Cl)cc(Cl)c1Cl,-3.3699998489018506,-3.504752739715573,-0.13475289081372255,0.13475289081372255
Oc1c(Cl)cc(Cl)c(Cl)c1Cl,-3.0999998817057905,-3.320997448308675,-0.22099756660288428,0.22099756660288428
Oc1c(Cl)cc(Cl)cc1Cl,-2.3924000574017867,-2.3851471454232818,0.007252911978504972,0.007252911978504972
Oc1c(Cl)ccc(Cl)c1Cl,-2.64220000223763,-2.3793603127591076,0.2628396894785223,0.2628396894785223
Oc1c(Cl)cccc1Cl,-1.7899999689945654,-1.4643879202914027,0.3256120487031626,0.3256120487031626
Oc1c(F)c(F)c(F)c(F)c1F,-0.5199999795524137,-1.648207248833501,-1.1282072692810872,1.1282072692810872
Oc1c(O)c(Cl)c(Cl)c(Cl)c1Cl,-3.549999929165149,-2.135875941016355,1.414123988148794,1.414123988148794
Oc1cc(Cl)c(Cl)c(Cl)c1Cl,-3.150000066656761,-3.427839952903993,-0.2778398862472322,0.2778398862472322
Oc1cc(Cl)c(Cl)cc1Cl,-2.2163000463417775,-2.3576670778592788,-0.1413670315175013,0.1413670315175013
Oc1cc(Cl)cc(Cl)c1,-1.5590000129474508,-1.7788029686656082,-0.21980295571815733,0.21980295571815733
Oc1cc(Cl)cc(Cl)c1Cl,-2.6700000512124493,-2.568953435037798,0.1010466161746515,0.1010466161746515
Oc1cc(Cl)ccc1Cl,-1.9111655823397595,-1.6500848544053006,0.2610807279344589,0.2610807279344589
Oc1cc(F)c(F)c(F)c1,-0.15360979127313934,-1.2970442129645159,-1.1434344216913765,1.1434344216913765
Oc1cc(O)cc(O)c1,-1.0500000437709063,-0.3876690950701849,0.6623309487007214,0.6623309487007214
Oc1ccc(Br)cc1,-1.0920000976780133,-1.2662253628787996,-0.1742252652007863,0.1742252652007863
Oc1ccc(Br)cc1Br,-2.1224999758807277,-2.0513627190598047,0.07113725682092298,0.07113725682092298
Oc1ccc(Cl)c(Cl)c1,-1.2458000700647718,-1.5671275884440634,-0.32132751837929163,0.32132751837929163
Oc1ccc(Cl)c(Cl)c1Cl,-2.6700000512124493,-2.3228341445533753,0.347165906659074,0.347165906659074
Oc1ccc(Cl)c(O)c1,-1.070567641329823,-0.741527205777543,0.32904043555228,0.32904043555228
Oc1ccc(Cl)cc1,-0.6876597532074227,-0.9865163310428069,-0.2988565778353842,0.2988565778353842
Oc1ccc(Cl)cc1Cl,-1.5589831270255692,-1.5022182409080753,0.05676488611749386,0.05676488611749386
Oc1ccc(F)cc1,-0.21000005504308294,-0.5970997370957951,-0.38709968205271217,0.38709968205271217
Oc1ccc(I)cc1,-1.7100000543680232,-1.9509666534521592,-0.2409665990841361,0.2409665990841361
Oc1ccc(N=C=S)cc1,-2.6700000512124493,-2.911054756679306,-0.2410547054668566,0.2410547054668566
Oc1ccc(O)cc1,-0.9636183400874434,-0.012534995145620176,0.9510833449418232,0.9510833449418232
Oc1cccc(Br)c1,-0.8764001023868957,-1.4233980258078243,-0.5469979234209286,0.5469979234209286
Oc1cccc(Cl)c1,-0.7100001002103262,-1.1992690058450386,-0.48926890563471237,0.48926890563471237
Oc1cccc(Cl)c1Cl,-1.655900011841663,-1.5644480377596781,0.0914519740819848,0.0914519740819848
Oc1cccc(N=C=S)c1,-1.9900000279144996,-2.95201743282711,-0.9620174049126102,0.9620174049126102
Oc1cccc(O)c1,1.003488473286588,-0.3446584732091815,-1.3481469464957696,1.3481469464957696
Oc1cccc(O)c1O,0.604299832934561,-0.5160881651010416,-1.1203879980356026,1.1203879980356026
Oc1ccccc1,-2.037378316029283,-0.6881859403215387,1.3491923757077444,1.3491923757077444
Oc1ccccc1Cl,-0.7538392216578416,-1.0279471659703576,-0.27410794431251606,0.27410794431251606
Oc1ccccc1O,0.6123418894074506,-0.526021172471089,-1.1383630618785396,1.1383630618785396
S=C=NCCc1ccccc1,-3.171400044840687,-3.9181403296297703,-0.7467402847890834,0.7467402847890834
S=C=NCc1ccccc1,-3.136399963036884,-3.698631992395409,-0.5622320293585252,0.5622320293585252
S=C=Nc1ccc(Br)cc1,-4.26999990977637,-4.695370989066516,-0.42537107929014617,0.42537107929014617
S=C=Nc1ccc(I)cc1,-4.050000110509182,-4.803758317204617,-0.7537582066954354,0.7537582066954354
S=C=Nc1cccc(Br)c1,-4.085100086499035,-4.382921516470042,-0.29782142997100713,0.29782142997100713
S=C=Nc1cccc(Cl)c1,-3.9506999957023665,-4.349328200477752,-0.3986282047753851,0.3986282047753851
S=C=Nc1cccc(I)c1,-4.679999761613076,-4.478212995128245,0.2017867664848314,0.2017867664848314
S=C=Nc1cccc(N=C=S)c1,-4.699999774313909,-4.606769467539573,0.09323030677433586,0.09323030677433586
S=C=Nc1ccccc1,-3.177200052609232,-3.7130849116697497,-0.5358848590605176,0.5358848590605176
Sc1ccccc1,-2.120399993611891,-1.9561227152279828,0.16427727838390815,0.16427727838390815
Sc1ccccc1Cl,-1.7800350962558058,-2.400584963326723,-0.6205498670709173,0.6205498670709173
[CH2-]CCCCCCCCCCCOS(=O)(=O)c1ccccc1,-3.543437195199356,-4.446986704088741,-0.9035495088893848,0.9035495088893848
[N-]=[N+]=NCC(=O)N[C@H](CO)[C@H](O)c1ccc([N+](=O)[O-])cc1,-1.16919994516158,-1.845739580064911,-0.676539634903331,0.676539634903331
[NH3+][C@@H](C(=O)[O-])c1ccccc1,-1.5082783803885098,-1.4426682670944364,0.0656101132940734,0.0656101132940734
[NH3+]c1cc([N+](=O)[O-])cc(Cl)c1O,-2.6990299127720467,-1.7903480368681888,0.908681875903858,0.908681875903858
c1ccccc1,-1.642308887378835,-2.4535887826986746,-0.8112798953198397,0.8112798953198397
Brc1cc(Br)c(-c2ccccc2)c(Br)c1,-7.299999927477501,-7.1422249546091034,0.15777497286839726,0.15777497286839726
Brc1ccc(-c2c(Br)c(Br)c(Br)c(Br)c2Br)c(Br)c1Br,-9.350999677532513,-9.178301907378062,0.17269777015445165,0.17269777015445165
Brc1ccc(-c2ccc(Br)c(Br)c2Br)c(Br)c1Br,-7.756299751522382,-8.383504442112903,-0.6272046905905206,0.6272046905905206
Brc1ccc(-c2ccc(Br)cc2)cc1,-7.739999389835088,-6.194452475947173,1.5455469138879145,1.5455469138879145
Brc1ccc(-c2ccccc2)cc1,-5.552599792831543,-5.215934274135417,0.33666551869612604,0.33666551869612604
Brc1ccc(Br)c(-c2cc(Br)c(Br)cc2Br)c1,-9.725600236796335,-8.099511560836985,1.62608867595935,1.62608867595935
Brc1ccc(Br)c(-c2cc(Br)ccc2Br)c1,-8.060000137755571,-7.489960012159338,0.5700401255962326,0.5700401255962326
C=C(CC(=O)c1ccc(-c2ccccc2Cl)cc1)C(=O)O,-3.2000000132983497,-4.091374091627172,-0.891374078328822,0.891374078328822
C=CC(=O)OCCOc1ccccc1-c1ccccc1,-3.9515186905600443,-4.388361098321329,-0.43684240776128425,0.43684240776128425
CC(=O)C(N=Nc1ccc(-c2ccc(N=NC(C(C)=O)C(=O)NN)c(Cl)c2)c(Cl)c1)C(=O)NN,-8.705297276581463,-6.610055321782406,2.0952419547990573,2.0952419547990573
CC(=O)CC(=O)Nc1ccc(-c2ccc(NC(=O)CC(C)=O)c(C)c2)cc1C,-5.325018282727923,-4.419282761883018,0.9057355208449049,0.9057355208449049
CC(=O)Oc1ccc(-c2ccccc2)cc1,-4.399999992331784,-4.082590144005807,0.3174098483259771,0.3174098483259771
CC(=O)c1ccc(-c2ccccc2)cc1,-3.3103999833170072,-3.9778236205202,-0.6674236372031928,0.6674236372031928
CC(C(=O)O)c1ccc(-c2ccccc2)c(F)c1,-4.289999922477203,-3.898940355566472,0.39105956691073107,0.39105956691073107
CC(C)(C)c1cc(-c2cc(C(C)(C)C)cc(C(C)(C)C)c2O)c(O)c(C(C)(C)C)c1,-6.889187236385059,-6.58889780637195,0.3002894300131089,0.3002894300131089
CC(C)c1ccc(-c2ccccc2)cc1,-5.609857502749758,-5.402742955557711,0.20711454719204703,0.20711454719204703
COC(=O)c1ccc(-c2cc(C(=O)OC)ccc2C(=O)OC)cc1,-6.731677808255929,-4.130281025940584,2.601396782315345,2.601396782315345
COCc1ccc(-c2ccc(COC)cc2)cc1,-4.002368397389385,-3.7237995738107674,0.2785688235786177,0.2785688235786177
COc1cc(-c2cc(OC)cc(C(C)(C)C)c2O)c(O)c(C(C)(C)C)c1,-6.776311112739036,-5.723197444540368,1.0531136681986677,1.0531136681986677
COc1cc(-c2ccc(N)c(OC)c2)ccc1N,-3.609800059740856,-2.318922193925214,1.2908778658156423,1.2908778658156423
COc1ccc(-c2ccccc2)cc1NNC(=O)OC(C)C,-4.902500107175026,-5.267849496253165,-0.36534938907813874,0.36534938907813874
Cc1cc(-c2ccc(N)c(C)c2)ccc1N,-2.2130000742050333,-2.226545307089845,-0.013545232884811576,0.013545232884811576
Cc1cc(-c2ccc(N=C=O)c(C)c2)ccc1N=C=O,-2.3081273917436538,-5.235450995410784,-2.9273236036671304,2.9273236036671304
Cc1ccc(-c2ccc(C)cc2)cc1,-6.017700178066093,-4.689144986256633,1.3285551918094605,1.3285551918094605
Cc1ccc(-c2ccccc2)cc1,-4.618500144706061,-4.29695733082278,0.32154281388328165,0.32154281388328165
ClCc1ccc(-c2ccc(CCl)cc2)cc1,-10.098913108339898,-6.401320815504043,3.6975922928358553,3.6975922928358553
Clc1c(Cl)c(Cl)c(-c2c(Cl)c(Cl)c(Cl)c(Cl)c2Cl)c(Cl)c1Cl,-11.60000020697436,-10.28420232914643,1.3157978778279311,1.3157978778279311
Clc1c(Cl)c(Cl)c(-c2ccccc2)c(Cl)c1Cl,-7.9106997188430945,-7.964165449884581,-0.05346573104148611,0.05346573104148611
Clc1cc(-c2c(Cl)c(Cl)c(Cl)c(Cl)c2Cl)c(Cl)c(Cl)c1Cl,-9.619999494299064,-10.036145957877451,-0.4161464635783876,0.4161464635783876
Clc1cc(-c2c(Cl)c(Cl)c(Cl)c(Cl)c2Cl)cc(Cl)c1Cl,-9.699699956165786,-9.71549428490379,-0.015794328738005348,0.015794328738005348
Clc1cc(-c2c(Cl)c(Cl)cc(Cl)c2Cl)c(Cl)c(Cl)c1Cl,-9.2899995570889,-9.67638049804733,-0.38638094095843023,0.38638094095843023
Clc1cc(-c2c(Cl)c(Cl)cc(Cl)c2Cl)cc(Cl)c1Cl,-9.100000253491723,-9.306349487127525,-0.2063492336358017,0.2063492336358017
Clc1cc(-c2c(Cl)cc(Cl)c(Cl)c2Cl)c(Cl)c(Cl)c1Cl,-9.419999911997891,-9.657425778381683,-0.23742586638379137,0.23742586638379137
Clc1cc(-c2c(Cl)cc(Cl)c(Cl)c2Cl)cc(Cl)c1Cl,-9.100000253491723,-9.293755857646813,-0.19375560415508986,0.19375560415508986
Clc1cc(-c2c(Cl)ccc(Cl)c2Cl)c(Cl)c(Cl)c1Cl,-8.59009988338388,-9.143641646241077,-0.553541762857197,0.553541762857197
Clc1cc(-c2c(Cl)ccc(Cl)c2Cl)cc(Cl)c1Cl,-8.269999998760737,-8.78707470683962,-0.5170747080788836,0.5170747080788836
Clc1cc(-c2c(Cl)cccc2Cl)c(Cl)c(Cl)c1Cl,-8.129999909854908,-8.491869573434336,-0.3618696635794283,0.3618696635794283
Clc1cc(-c2cc(Cl)c(Cl)c(Cl)c2)cc(Cl)c1Cl,-8.849799914850943,-8.931439534198258,-0.08163961934731567,0.08163961934731567
Clc1cc(-c2cc(Cl)c(Cl)c(Cl)c2Cl)c(Cl)c(Cl)c1Cl,-9.159999746887065,-9.69607765356861,-0.5360779066815446,0.5360779066815446
Clc1cc(-c2cc(Cl)c(Cl)c(Cl)c2Cl)cc(Cl)c1Cl,-8.720199374995532,-9.321746179640577,-0.6015468046450447,0.6015468046450447
Clc1cc(-c2ccc(Cl)c(Cl)c2Cl)cc(Cl)c1Cl,-9.100000253491723,-8.785732003696456,0.31426824979526735,0.31426824979526735
Clc1cc(-c2cccc(Cl)c2Cl)cc(Cl)c1Cl,-7.405199765506875,-8.032059384113138,-0.6268596186062627,0.6268596186062627
Clc1cc(-c2ccccc2)c(Cl)c(Cl)c1Cl,-7.159999566218092,-7.539452649194237,-0.3794530829761449,0.3794530829761449
Clc1cc(Cl)c(-c2c(Cl)c(Cl)c(Cl)c(Cl)c2Cl)c(Cl)c1,-9.479999405393233,-9.523884826949134,-0.043885421555900805,0.043885421555900805
Clc1cc(Cl)c(-c2c(Cl)c(Cl)c(Cl)c(Cl)c2Cl)c(Cl)c1Cl,-10.103500087312955,-9.912777957317816,0.19072212999513916,0.19072212999513916
Clc1cc(Cl)c(-c2c(Cl)c(Cl)c(Cl)c(Cl)c2Cl)cc1Cl,-9.499999962801223,-9.662967084294626,-0.16296712149340387,0.16296712149340387
Clc1cc(Cl)c(-c2c(Cl)c(Cl)cc(Cl)c2Cl)c(Cl)c1,-8.490099819879717,-9.089934065221675,-0.5998342453419578,0.5998342453419578
Clc1cc(Cl)c(-c2c(Cl)c(Cl)cc(Cl)c2Cl)c(Cl)c1Cl,-9.199899546171755,-9.52688289514385,-0.32698334897209413,0.32698334897209413
Clc1cc(Cl)c(-c2c(Cl)c(Cl)cc(Cl)c2Cl)cc1Cl,-8.939999607177903,-9.255894352545376,-0.31589474536747275,0.31589474536747275
Clc1cc(Cl)c(-c2c(Cl)cc(Cl)c(Cl)c2Cl)c(Cl)c1Cl,-9.100000253491723,-9.504788483422544,-0.404788229930821,0.404788229930821
Clc1cc(Cl)c(-c2c(Cl)cc(Cl)c(Cl)c2Cl)cc1Cl,-7.92000004884974,-9.239140794503065,-1.3191407456533248,1.3191407456533248
Clc1cc(Cl)c(-c2c(Cl)cc(Cl)cc2Cl)c(Cl)c1,-8.709999733471903,-8.56551071288136,0.1444890205905427,0.1444890205905427
Clc1cc(Cl)c(-c2c(Cl)ccc(Cl)c2Cl)c(Cl)c1Cl,-8.150099603965558,-8.981309653293284,-0.8312100493277264,0.8312100493277264
Clc1cc(Cl)c(-c2c(Cl)ccc(Cl)c2Cl)cc1Cl,-7.929999782846579,-8.716816198840485,-0.786816415993906,0.786816415993906
Clc1cc(Cl)c(-c2c(Cl)cccc2Cl)c(Cl)c1,-7.31599988316745,-7.734571927718054,-0.41857204455060426,0.41857204455060426
Clc1cc(Cl)c(-c2cc(Cl)c(Cl)c(Cl)c2)cc1Cl,-8.209999960658239,-8.89549866653406,-0.6854987058758208,0.6854987058758208
Clc1cc(Cl)c(-c2cc(Cl)c(Cl)c(Cl)c2Cl)c(Cl)c1,-8.679999986774233,-9.248338174856949,-0.5683381880827163,0.5683381880827163
Clc1cc(Cl)c(-c2cc(Cl)c(Cl)c(Cl)c2Cl)cc1Cl,-8.011499957161583,-9.268109955258803,-1.25660999809722,1.25660999809722
Clc1cc(Cl)c(-c2cc(Cl)c(Cl)cc2Cl)c(Cl)c1,-8.119899405033937,-8.806163969173163,-0.6862645641392255,0.6862645641392255
Clc1cc(Cl)c(-c2cc(Cl)c(Cl)cc2Cl)cc1Cl,-8.560000455276393,-8.844504271866017,-0.2845038165896234,0.2845038165896234
Clc1cc(Cl)c(-c2cc(Cl)cc(Cl)c2Cl)c(Cl)c1,-8.709999733471903,-8.801508357098266,-0.09150862362636225,0.09150862362636225
Clc1cc(Cl)c(-c2cc(Cl)ccc2Cl)c(Cl)c1,-7.469999490727423,-8.14466015829106,-0.6746606675636375,0.6746606675636375
Clc1cc(Cl)c(-c2ccc(Cl)c(Cl)c2)c(Cl)c1,-7.909999770145745,-8.279122209526891,-0.36912243938114564,0.36912243938114564
Clc1cc(Cl)c(-c2ccc(Cl)c(Cl)c2Cl)c(Cl)c1,-8.239899481238934,-8.66069774394212,-0.420798262703185,0.420798262703185
Clc1cc(Cl)c(-c2ccc(Cl)c(Cl)c2Cl)cc1Cl,-8.381300012246621,-8.726161194834043,-0.3448611825874224,0.3448611825874224
Clc1cc(Cl)c(-c2cccc(Cl)c2Cl)c(Cl)c1,-7.39989976486469,-7.79942585130077,-0.39952608643607945,0.39952608643607945
Clc1cc(Cl)c(-c2cccc(Cl)c2Cl)cc1Cl,-7.2099998703237524,-7.919868229717633,-0.7098683593938802,0.7098683593938802
Clc1cc(Cl)c(-c2ccccc2)c(Cl)c1,-6.059999684733019,-6.744962398765891,-0.6849627140328716,0.6849627140328716
Clc1cc(Cl)c(-c2ccccc2)cc1Cl,-6.269999818091764,-6.909840352967699,-0.6398405348759342,0.6398405348759342
Clc1cc(Cl)c(-c2ccccc2Cl)c(Cl)c1,-6.6500000594075885,-7.135080030824566,-0.4850799714169778,0.4850799714169778
Clc1cc(Cl)c(-c2ccccc2Cl)cc1Cl,-7.2504999368959755,-7.32594133349844,-0.0754413966024643,0.0754413966024643
Clc1cc(Cl)c(Cl)c(-c2c(Cl)c(Cl)c(Cl)c(Cl)c2Cl)c1,-9.419999911997891,-9.665040239735958,-0.24504032773806728,0.24504032773806728
Clc1cc(Cl)c(Cl)c(-c2c(Cl)c(Cl)c(Cl)c(Cl)c2Cl)c1Cl,-10.411499847140057,-9.9353337360015,0.4761661111385571,0.4761661111385571
Clc1cc(Cl)c(Cl)c(-c2c(Cl)c(Cl)cc(Cl)c2Cl)c1,-8.59009988338388,-9.25560293421613,-0.6655030508322497,0.6655030508322497
Clc1cc(Cl)c(Cl)c(-c2c(Cl)c(Cl)cc(Cl)c2Cl)c1Cl,-9.379999886596226,-9.549134182526506,-0.16913429593028084,0.16913429593028084
Clc1cc(Cl)c(Cl)c(-c2c(Cl)cc(Cl)c(Cl)c2Cl)c1,-8.679999986774233,-9.239298759578732,-0.5592987728044996,0.5592987728044996
Clc1cc(Cl)c(Cl)c(-c2c(Cl)ccc(Cl)c2Cl)c1,-7.8218002425010145,-8.708759979981501,-0.8869597374804865,0.8869597374804865
Clc1cc(Cl)c(Cl)c(-c2cc(Cl)c(Cl)c(Cl)c2Cl)c1,-9.100000253491723,-9.275522874964814,-0.17552262147309072,0.17552262147309072
Clc1cc(Cl)c(Cl)c(-c2cc(Cl)c(Cl)cc2Cl)c1,-8.580099604679885,-8.850768404176923,-0.27066879949703804,0.27066879949703804
Clc1cc(Cl)c(Cl)c(-c2cc(Cl)cc(Cl)c2Cl)c1,-8.560000455276393,-8.857154550891105,-0.2971540956147116,0.2971540956147116
Clc1cc(Cl)c(Cl)c(-c2cccc(Cl)c2Cl)c1,-6.959999983916919,-7.925353975500515,-0.965353991583596,0.965353991583596
Clc1cc(Cl)c(Cl)c(-c2ccccc2)c1Cl,-7.249999895725418,-7.432097132589174,-0.1820972368637559,0.1820972368637559
Clc1cc(Cl)c(Cl)c(-c2ccccc2Cl)c1,-6.229999792690099,-7.347881320740601,-1.1178815280505026,1.1178815280505026
Clc1cc(Cl)cc(-c2c(Cl)c(Cl)c(Cl)c(Cl)c2Cl)c1,-9.100000253491723,-9.306201326780693,-0.20620107328896964,0.20620107328896964
Clc1cc(Cl)cc(-c2c(Cl)c(Cl)cc(Cl)c2Cl)c1,-8.269599638999997,-8.881362426383394,-0.6117627873833964,0.6117627873833964
Clc1cc(Cl)cc(-c2c(Cl)cc(Cl)cc2Cl)c1,-7.92000004884974,-8.340919236541882,-0.4209191876921423,0.4209191876921423
Clc1cc(Cl)cc(-c2c(Cl)ccc(Cl)c2Cl)c1,-7.949999795547411,-8.288006383265229,-0.33800658771781755,0.33800658771781755
Clc1cc(Cl)cc(-c2cc(Cl)c(Cl)cc2Cl)c1,-7.469999490727423,-8.417858033120233,-0.9478585423928099,0.9478585423928099
Clc1cc(Cl)cc(-c2cc(Cl)cc(Cl)c2)c1,-8.374799477029372,-7.864636558071629,0.510162918957743,0.510162918957743
Clc1cc(Cl)cc(-c2ccccc2Cl)c1,-6.299899883379618,-6.797128458529652,-0.49722857515003405,0.49722857515003405
Clc1ccc(-c2c(Cl)c(Cl)c(Cl)c(Cl)c2Cl)c(Cl)c1,-8.970599621163105,-9.056570207119467,-0.0859705859563622,0.0859705859563622
Clc1ccc(-c2c(Cl)c(Cl)c(Cl)c(Cl)c2Cl)c(Cl)c1Cl,-9.2899995570889,-9.508905380118703,-0.21890582302980377,0.21890582302980377
Clc1ccc(-c2c(Cl)c(Cl)c(Cl)c(Cl)c2Cl)cc1Cl,-8.899999581776237,-9.188587067925415,-0.2885874861491775,0.2885874861491775
Clc1ccc(-c2c(Cl)c(Cl)cc(Cl)c2Cl)c(Cl)c1Cl,-8.419999821663405,-9.096401918009475,-0.6764020963460702,0.6764020963460702
Clc1ccc(-c2c(Cl)c(Cl)cc(Cl)c2Cl)cc1,-7.8800000234480745,-8.259906575132815,-0.37990655168474063,0.37990655168474063
Clc1ccc(-c2c(Cl)c(Cl)cc(Cl)c2Cl)cc1Cl,-8.479999315058746,-8.786220606016707,-0.3062212909579607,0.3062212909579607
Clc1ccc(-c2c(Cl)cc(Cl)c(Cl)c2Cl)c(Cl)c1,-7.472099609173048,-8.628017493322538,-1.1559178841494901,1.1559178841494901
Clc1ccc(-c2c(Cl)cc(Cl)c(Cl)c2Cl)c(Cl)c1Cl,-8.2604997612273,-9.08050409491155,-0.8200043336842509,0.8200043336842509
Clc1ccc(-c2c(Cl)cc(Cl)c(Cl)c2Cl)cc1,-7.949999795547411,-8.248013983763768,-0.2980141882163565,0.2980141882163565
Clc1ccc(-c2c(Cl)cc(Cl)c(Cl)c2Cl)cc1Cl,-7.650499646205475,-8.776175116618642,-1.1256754704131673,1.1256754704131673
Clc1ccc(-c2c(Cl)cc(Cl)cc2Cl)c(Cl)c1,-7.659999883738914,-8.11246197350584,-0.45246208976692515,0.45246208976692515
Clc1ccc(-c2c(Cl)cc(Cl)cc2Cl)cc1,-6.939999971216087,-7.617944133524954,-0.6779441623088669,0.6779441623088669
Clc1ccc(-c2c(Cl)ccc(Cl)c2Cl)c(Cl)c1,-7.429999737679335,-8.026193432734342,-0.5961936950550069,0.5961936950550069
Clc1ccc(-c2c(Cl)ccc(Cl)c2Cl)c(Cl)c1Cl,-7.650000149742075,-8.566246067543945,-0.91624591780187,0.91624591780187
Clc1ccc(-c2c(Cl)ccc(Cl)c2Cl)cc1Cl,-7.649899923625101,-8.168085289598066,-0.5181853659729647,0.5181853659729647
Clc1ccc(-c2c(Cl)cccc2Cl)c(Cl)c1,-6.6500000594075885,-7.124603950418521,-0.4746038910109327,0.4746038910109327
Clc1ccc(-c2c(Cl)cccc2Cl)c(Cl)c1Cl,-6.779799689729053,-7.813261413100513,-1.0334617233714596,1.0334617233714596
Clc1ccc(-c2c(Cl)cccc2Cl)cc1,-6.2094997388187085,-6.53191217767889,-0.3224124388601819,0.3224124388601819
Clc1ccc(-c2c(Cl)cccc2Cl)cc1Cl,-7.019899795902444,-7.334975029351503,-0.3150752334490585,0.3150752334490585
Clc1ccc(-c2cc(Cl)c(Cl)c(Cl)c2)c(Cl)c1,-8.550000176572398,-8.298239251925464,0.2517609246469341,0.2517609246469341
Clc1ccc(-c2cc(Cl)c(Cl)c(Cl)c2)cc1,-7.960000074251406,-7.79760870822345,0.1623913660279559,0.1623913660279559
Clc1ccc(-c2cc(Cl)c(Cl)c(Cl)c2)cc1Cl,-8.390000074965734,-8.3736822826494,0.016317792316334234,0.016317792316334234
Clc1ccc(-c2cc(Cl)c(Cl)c(Cl)c2Cl)c(Cl)c1,-8.319999213452084,-8.698951982904093,-0.3789527694520096,0.3789527694520096
Clc1ccc(-c2cc(Cl)c(Cl)c(Cl)c2Cl)c(Cl)c1Cl,-8.056599530971484,-9.142508110646382,-1.0859085796748982,1.0859085796748982
Clc1ccc(-c2cc(Cl)c(Cl)c(Cl)c2Cl)cc1,-7.310200113708287,-8.308594134988972,-0.998394021280685,0.998394021280685
Clc1ccc(-c2cc(Cl)c(Cl)c(Cl)c2Cl)cc1Cl,-7.830599441922789,-8.806218984596066,-0.975619542673277,0.975619542673277
Clc1ccc(-c2cc(Cl)c(Cl)cc2Cl)c(Cl)c1,-7.950299929191177,-8.205239764809107,-0.25493983561793065,0.25493983561793065
Clc1ccc(-c2cc(Cl)c(Cl)cc2Cl)cc1,-7.769899455122941,-7.695827452314358,0.07407200280858284,0.07407200280858284
Clc1ccc(-c2cc(Cl)c(Cl)cc2Cl)cc1Cl,-7.386699876317715,-8.314925266280248,-0.9282253899625328,0.9282253899625328
Clc1ccc(-c2cc(Cl)cc(Cl)c2Cl)c(Cl)c1,-7.819999985345577,-8.214876179131911,-0.39487619378633454,0.39487619378633454
Clc1ccc(-c2cc(Cl)cc(Cl)c2Cl)cc1,-6.769999863259008,-7.712455183003293,-0.9424553197442851,0.9424553197442851
Clc1ccc(-c2cc(Cl)ccc2Cl)c(Cl)c1,-7.260000174429413,-7.391737872817156,-0.1317376983877434,0.1317376983877434
Clc1ccc(-c2cc(Cl)ccc2Cl)cc1,-6.269999818091764,-6.7912875636801004,-0.521287745588336,0.521287745588336
Clc1ccc(-c2ccc(Cl)c(Cl)c2)c(Cl)c1,-6.899499632290285,-7.541745321620029,-0.6422456893297444,0.6422456893297444
Clc1ccc(-c2ccc(Cl)c(Cl)c2)cc1,-6.554100006677703,-6.950245640494522,-0.3961456338168192,0.3961456338168192
Clc1ccc(-c2ccc(Cl)c(Cl)c2)cc1Cl,-8.529999619164407,-7.633051586537391,0.8969480326270158,0.8969480326270158
Clc1ccc(-c2ccc(Cl)c(Cl)c2Cl)c(Cl)c1,-7.619999858337248,-8.070804404223992,-0.45080454588674357,0.45080454588674357
Clc1ccc(-c2ccc(Cl)c(Cl)c2Cl)c(Cl)c1Cl,-8.77999950557124,-8.578930663119955,0.20106884245128498,0.20106884245128498
Clc1ccc(-c2ccc(Cl)c(Cl)c2Cl)cc1,-6.875399881168753,-7.550789366909086,-0.6753894857403333,0.6753894857403333
Clc1ccc(-c2ccc(Cl)c(Cl)c2Cl)cc1Cl,-7.982299840571079,-8.176924252642333,-0.19462441207125458,0.19462441207125458
Clc1ccc(-c2ccc(Cl)cc2)cc1,-6.556099626652776,-6.079402698389265,0.47669692826351096,0.47669692826351096
Clc1ccc(-c2ccc(Cl)cc2Cl)c(Cl)c1,-6.5099999705017595,-7.381338323766736,-0.8713383532649761,0.8713383532649761
Clc1ccc(-c2ccc(Cl)cc2Cl)cc1,-5.999999918984099,-6.802054245354656,-0.8020543263705564,0.8020543263705564
Clc1ccc(-c2cccc(Cl)c2)cc1,-6.400100126764153,-5.91522142464186,0.4848787021222929,0.4848787021222929
Clc1ccc(-c2cccc(Cl)c2Cl)c(Cl)c1,-6.6813000220901415,-7.097942986242565,-0.4166429641524232,0.4166429641524232
Clc1ccc(-c2cccc(Cl)c2Cl)cc1,-6.289999830792597,-6.501965267575494,-0.21196543678289714,0.21196543678289714
Clc1ccc(-c2ccccc2)c(Cl)c1,-5.287799668249089,-5.841976832005474,-0.5541771637563855,0.5541771637563855
Clc1ccc(-c2ccccc2)c(Cl)c1Cl,-6.179900079528199,-6.744006165350951,-0.5641060858227522,0.5641060858227522
Clc1ccc(-c2ccccc2)cc1,-5.1999996833043625,-5.036812227765763,0.16318745553859948,0.16318745553859948
Clc1ccc(-c2ccccc2)cc1Cl,-6.389899940533366,-6.117172692688247,0.27272724784511837,0.27272724784511837
Clc1ccc(-c2ccccc2Cl)c(Cl)c1,-6.4901998653277175,-6.351718692330493,0.13848117299722418,0.13848117299722418
Clc1ccc(-c2ccccc2Cl)cc1,-5.28030000392825,-5.647852461104776,-0.36755245717652585,0.36755245717652585
Clc1ccc(-c2ccccc2Cl)cc1Cl,-6.287000128476409,-6.6183348705759535,-0.3313347420995445,0.3313347420995445
Clc1ccc(Cl)c(-c2c(Cl)c(Cl)c(Cl)c(Cl)c2Cl)c1,-8.45999984706507,-9.085773047245759,-0.6257732001806886,0.6257732001806886
Clc1ccc(Cl)c(-c2c(Cl)c(Cl)c(Cl)c(Cl)c2Cl)c1Cl,-9.100000253491723,-9.441860644348642,-0.3418603908569189,0.3418603908569189
Clc1ccc(Cl)c(-c2c(Cl)c(Cl)cc(Cl)c2Cl)c1,-7.425399685734499,-8.665975956298006,-1.2405762705635066,1.2405762705635066
Clc1ccc(Cl)c(-c2c(Cl)c(Cl)cc(Cl)c2Cl)c1Cl,-7.940000061550574,-9.003572379526249,-1.0635723179756749,1.0635723179756749
Clc1ccc(Cl)c(-c2c(Cl)cc(Cl)c(Cl)c2Cl)c1,-8.00999983364991,-8.65102320011829,-0.6410233664683798,0.6410233664683798
Clc1ccc(Cl)c(-c2c(Cl)ccc(Cl)c2Cl)c1,-7.189499816452361,-8.049471493108829,-0.8599716766564676,0.8599716766564676
Clc1ccc(Cl)c(-c2c(Cl)ccc(Cl)c2Cl)c1Cl,-7.903200190699046,-8.447283113766773,-0.5440829230677267,0.5440829230677267
Clc1ccc(Cl)c(-c2c(Cl)cccc2Cl)c1,-6.800000154663836,-7.166835096337184,-0.36683494167334807,0.36683494167334807
Clc1ccc(Cl)c(-c2cc(Cl)c(Cl)c(Cl)c2)c1,-7.314899847062939,-8.313124464417653,-0.9982246173547136,0.9982246173547136
Clc1ccc(Cl)c(-c2cc(Cl)c(Cl)c(Cl)c2Cl)c1,-7.679399629152215,-8.720034328726818,-1.0406346995746034,1.0406346995746034
Clc1ccc(Cl)c(-c2cc(Cl)c(Cl)cc2Cl)c1,-7.326300023161632,-8.223915049702972,-0.8976150265413398,0.8976150265413398
Clc1ccc(Cl)c(-c2cc(Cl)cc(Cl)c2Cl)c1,-7.820099666755393,-8.235124578296551,-0.41502491154115795,0.41502491154115795
Clc1ccc(Cl)c(-c2cc(Cl)ccc2Cl)c1,-7.039999762366673,-7.400269621024613,-0.36026985865794003,0.36026985865794003
Clc1ccc(Cl)c(-c2ccc(Cl)c(Cl)c2)c1,-6.8526000736785235,-7.545184057905139,-0.6925839842266157,0.6925839842266157
Clc1ccc(Cl)c(-c2ccc(Cl)c(Cl)c2Cl)c1,-7.909999770145745,-8.087757325085937,-0.1777575549401913,0.1777575549401913
Clc1ccc(Cl)c(-c2cccc(Cl)c2Cl)c1,-6.465400165508836,-7.110336163489325,-0.6449359979804896,0.6449359979804896
Clc1ccc(Cl)c(-c2ccccc2)c1,-5.299300070464756,-5.839180305459022,-0.539880234994266,0.539880234994266
Clc1ccc(Cl)c(-c2ccccc2)c1Cl,-6.289999830792597,-6.609088194224318,-0.319088363431721,0.319088363431721
Clc1ccc(Cl)c(-c2ccccc2Cl)c1,-6.019999931684932,-6.37012652601004,-0.35012659432510773,0.35012659432510773
Clc1cccc(-c2c(Cl)c(Cl)cc(Cl)c2Cl)c1,-7.759999947243077,-8.08110536127891,-0.3211054140358325,0.3211054140358325
Clc1cccc(-c2c(Cl)c(Cl)cc(Cl)c2Cl)c1Cl,-8.603599360867465,-8.33686988353325,0.2667294773342146,0.2667294773342146
Clc1cccc(-c2c(Cl)cc(Cl)c(Cl)c2Cl)c1Cl,-8.479999315058746,-8.311743631773465,0.16825568328528107,0.16825568328528107
Clc1cccc(-c2c(Cl)cc(Cl)cc2Cl)c1,-7.154699565575907,-7.476076788483317,-0.3213772229074099,0.3213772229074099
Clc1cccc(-c2c(Cl)ccc(Cl)c2Cl)c1Cl,-6.779799689729053,-7.687310411200153,-0.9075107214711,0.9075107214711
Clc1cccc(-c2c(Cl)cccc2Cl)c1,-6.82449999319253,-6.345072720302199,0.47942727289033105,0.47942727289033105
Clc1cccc(-c2c(Cl)cccc2Cl)c1Cl,-6.300000109496592,-6.7650209674861514,-0.4650208579895594,0.4650208579895594
Clc1cccc(-c2cc(Cl)c(Cl)c(Cl)c2Cl)c1Cl,-8.42059954424378,-8.418949626263803,0.0016499179799769337,0.0016499179799769337
Clc1cccc(-c2cc(Cl)c(Cl)cc2Cl)c1,-7.129899865757025,-7.568213187108663,-0.4383133213516377,0.4383133213516377
Clc1cccc(-c2cc(Cl)ccc2Cl)c1,-6.007699899362098,-6.652223826377961,-0.6445239270158627,0.6445239270158627
Clc1cccc(-c2ccc(Cl)c(Cl)c2Cl)c1,-6.769999863259008,-7.411635480572386,-0.6416356173133781,0.6416356173133781
Clc1cccc(-c2ccc(Cl)c(Cl)c2Cl)c1Cl,-7.050199948597459,-7.751486719078976,-0.7012867704815164,0.7012867704815164
Clc1cccc(-c2cccc(Cl)c2)c1,-5.798299760937306,-5.706907432289064,0.09139232864824187,0.09139232864824187
Clc1cccc(-c2cccc(Cl)c2Cl)c1Cl,-7.272199980635273,-6.739545830792007,0.5326541498432658,0.5326541498432658
Clc1cccc(-c2ccccc2)c1,-4.8800000247981945,-4.7738583880935535,0.10614163670464105,0.10614163670464105
Clc1cccc(-c2ccccc2)c1Cl,-5.349799871033818,-5.385016550532159,-0.0352166794983404,0.0352166794983404
Clc1cccc(-c2ccccc2Cl)c1,-5.585100017735581,-5.4067762397051995,0.17832377803038124,0.17832377803038124
Clc1cccc(Cl)c1-c1c(Cl)cccc1Cl,-7.3897998047508775,-6.664414372562144,0.7253854321887339,0.7253854321887339
Clc1cccc(Cl)c1-c1ccccc1,-5.209999962008358,-5.3843168741883884,-0.17431691218003031,0.17431691218003031
Clc1ccccc1-c1c(Cl)c(Cl)c(Cl)c(Cl)c1Cl,-8.013299669609864,-8.258323656133207,-0.24502398652334278,0.24502398652334278
Clc1ccccc1-c1c(Cl)c(Cl)cc(Cl)c1Cl,-7.39989976486469,-7.7759827446575684,-0.3760829797928782,0.3760829797928782
Clc1ccccc1-c1c(Cl)cc(Cl)c(Cl)c1Cl,-7.434599789624171,-7.745692124337808,-0.31109233471363673,0.31109233471363673
Clc1ccccc1-c1c(Cl)ccc(Cl)c1Cl,-6.30009979090641,-7.027019935511316,-0.7269201446049056,0.7269201446049056
Clc1ccccc1-c1c(Cl)cccc1Cl,-5.900299989123701,-5.919984071673201,-0.01968408254950038,0.01968408254950038
Clc1ccccc1-c1cc(Cl)c(Cl)c(Cl)c1,-6.906899751378097,-7.499436010224269,-0.592536258846172,0.592536258846172
Clc1ccccc1-c1cc(Cl)c(Cl)c(Cl)c1Cl,-7.522599954449268,-7.904852832214809,-0.3822528777655414,0.3822528777655414
Clc1ccccc1-c1ccc(Cl)c(Cl)c1Cl,-6.829899675244532,-7.156913255463865,-0.327013580219333,0.327013580219333
Clc1ccccc1-c1cccc(Cl)c1Cl,-5.943999665538904,-5.938103482912869,0.005896182626035085,0.005896182626035085
Clc1ccccc1-c1ccccc1,-4.5917000078513714,-4.360476040985747,0.23122396686562485,0.23122396686562485
Clc1ccccc1-c1ccccc1Cl,-5.081299686907458,-4.97091573468365,0.11038395222380792,0.11038395222380792
N#Cc1ccccc1-c1ccc(CBr)cc1,-6.656649027325249,-5.4108413892214,1.2458076381038499,1.2458076381038499
NC(=O)Cc1ccc(-c2ccccc2)cc1,-3.3299998915885793,-3.0522869391311365,0.2777129524574429,0.2777129524574429
Nc1ccc(-c2ccc(Cl)cc2)cc1,-4.638299841349735,-3.53687463145455,1.1014252098951847,1.1014252098951847
Nc1ccc(-c2ccc(N)c(Cl)c2)cc1Cl,-4.087434701375953,-3.1292072667324278,0.9582274346435251,0.9582274346435251
Nc1ccc(-c2ccc(N)cc2)cc1,-2.7000000362195014,-1.8754928467738263,0.824507189445675,0.824507189445675
Nc1ccc(-c2ccc(N)cc2S(=O)(=O)O)c(S(=O)(=O)O)c1,-2.691927169748017,-1.390145015612163,1.301782154135854,1.301782154135854
Nc1ccccc1-c1ccccc1,-2.8611137745875133,-2.246334245767158,0.6147795288203555,0.6147795288203555
O=C(Cc1ccc(-c2ccccc2)cc1)OCCF,-5.010000107353608,-5.237535044995266,-0.227534937641658,0.227534937641658
O=C(O)CCC(=O)c1ccc(-c2ccccc2)cc1,-5.06090013150662,-3.6306722166891934,1.4302279148174266,1.4302279148174266
O=C(O)Cc1ccc(-c2ccccc2)cc1,-3.7299999753842505,-3.472206929631295,0.2577930457529556,0.2577930457529556
O=C(O)c1cc(-c2ccc(F)cc2F)ccc1O,-4.60999998951374,-3.552925925794092,1.0570740637196474,1.0570740637196474
O=C(O)c1ccccc1-c1ccccc1,-2.7300000212265534,-2.9567952295262674,-0.226795208299714,0.226795208299714
O=C(O)c1ccccc1-c1ccccc1C(=O)O,-2.283900042970484,-2.4834229724646715,-0.19952292949418737,0.19952292949418737
O=[N+]([O-])c1c(O)cccc1-c1ccccc1,-3.9499999789166225,-3.612767522202162,0.33723245671446067,0.33723245671446067
O=[N+]([O-])c1cc(-c2ccccc2)ccc1O,-4.410099952445596,-3.65463871882233,0.755461233623266,0.755461233623266
O=[N+]([O-])c1cc([N+](=O)[O-])c(-c2ccccc2)cc1O,-4.461100066538793,-3.71142913808783,0.7496709284509633,0.7496709284509633
O=[N+]([O-])c1ccc(-c2ccccc2)cc1,-5.209400103251194,-4.192752945123682,1.0166471581275118,1.0166471581275118
O=[N+]([O-])c1ccc(-c2ccccc2)cc1O,-3.8556999353734103,-3.747361971321455,0.10833796405195528,0.10833796405195528
O=[N+]([O-])c1ccc(O)c([N+](=O)[O-])c1-c1ccccc1,-3.716399863253324,-3.559080640054743,0.15731922319858116,0.15731922319858116
O=[N+]([O-])c1ccc(O)cc1-c1ccccc1,-3.6300000480568753,-3.4951700811803708,0.1348299668765045,0.1348299668765045
O=[N+]([O-])c1ccccc1-c1ccc(Cl)cc1,-4.937209528132973,-4.4628805780597745,0.47432895007319864,0.47432895007319864
Oc1ccc(-c2ccc(O)cc2)cc1,-3.7423729303777913,-2.387599553223002,1.3547733771547894,1.3547733771547894
Oc1ccc(-c2ccccc2)cc1,-3.4811999426685354,-2.945648427366291,0.5355515153022443,0.5355515153022443
Oc1ccc(-c2ccccc2)cc1O,-2.065900067943553,-2.5303713504554217,-0.46447128251186864,0.46447128251186864
Oc1ccccc1-c1ccccc1,-2.5067117227171254,-2.7025164811544213,-0.19580475843729594,0.19580475843729594
S=C=Nc1ccc(-c2ccccc2)cc1,-4.849999869570155,-5.286886330522801,-0.43688646095264616,0.43688646095264616
c1ccc(-c2ccccc2)cc1,-4.320000077705242,-3.77876679013182,0.5412332875734216,0.5412332875734216
Brc1ccc2ccccc2c1,-4.400100218448758,-5.830922544951774,-1.4308223265030158,1.4308223265030158
Brc1cccc2ccccc12,-4.346799806029564,-5.1502409568230405,-0.8034411507934767,0.8034411507934767
CC(=O)Oc1ccc2ccccc2c1,-3.440000029531555,-4.379275382934726,-0.9392753534031715,0.9392753534031715
CC(=O)c1ccc2ccccc2c1,-2.7964186501632993,-4.2061557370868154,-1.4097370869235162,1.4097370869235162
CC(=O)c1cccc2ccccc12,-2.8846347232879377,-3.48925333585914,-0.6046186125712025,0.6046186125712025
CC(C)(O)CC(C)(O)c1cccc2ccccc12,-3.241899943221074,-2.617533619495539,0.624366323725535,0.624366323725535
CC(C)COc1ccc2ccccc2c1,-5.211699856870033,-6.429465834330528,-1.2177659774604948,1.2177659774604948
CC(C)NCC(O)COc1cccc2ccccc12,-3.6201998811448557,-2.1592175959514783,1.4609822851933774,1.4609822851933774
CC(C)c1ccc2ccccc2c1,-5.297999718303085,-5.935887614196279,-0.6378878958931935,0.6378878958931935
CC(C)c1ccc2ccccc2c1C(C)C,-6.230113364132431,-6.282568663396811,-0.05245529926437964,0.05245529926437964
CC(C)c1cccc2ccccc12,-4.782393404543954,-5.23261620318652,-0.4502227986425664,0.4502227986425664
CCC#CCCOC(=O)C(C)c1ccc2cc(OC)ccc2c1,-7.329999674175172,-6.72108842876113,0.608911245414042,0.608911245414042
CCC(C)C(N)C(=O)OCCCCOC(=O)C(C)c1ccc2cc(OC)ccc2c1,-4.519999932359992,-4.9208195621182735,-0.40081962975828134,0.40081962975828134
CCC(C)C(N)C(=O)OCCOC(=O)C(C)c1ccc2cc(OC)ccc2c1,-3.819999896361209,-4.501975981049672,-0.6819760846884626,0.6819760846884626
CCC=CCCOC(=O)C(C)c1ccc2cc(OC)ccc2c1,-7.359999965579998,-6.503524219460175,0.8564757461198234,0.8564757461198234
CCCCC(CC)COCCCNC(=O)Nc1cccc2c(NC(=O)NCCCOCC(CC)CCCC)cccc12,-8.068071063707807,-5.226666094551895,2.841404969155912,2.841404969155912
CCCCCCCCCc1cc2ccccc2c(S(=O)(=O)[O-])c1CCCCCCCCC,-4.73144857822724,-4.052277190692591,0.679171387534649,0.679171387534649
CCCCCCCOC(=O)C(C)c1ccc2cc(OC)ccc2c1,-7.119999813170004,-6.928743053099808,0.1912567600701962,0.1912567600701962
CCCCCCOC(=O)C(C)c1ccc2cc(OC)ccc2c1,-7.539999807533915,-6.868565168110395,0.67143463942352,0.67143463942352
CCCCCOC(=O)C(C)c1ccc2cc(OC)ccc2c1,-6.969999717913758,-6.762497339225591,0.2075023786881669,0.2075023786881669
CCCCOC(=O)C(C)c1ccc2cc(OC)ccc2c1,-7.530000073537078,-6.57491299481106,0.9550870787260184,0.9550870787260184
CCCOC(=O)C(C)c1ccc2cc(OC)ccc2c1,-5.820000077030182,-6.155456345836725,-0.335456268806543,0.335456268806543
CCN(CC)C(=O)C(C)Oc1cccc2ccccc12,-3.570199917481168,-3.7194169961985515,-0.14921707871738343,0.14921707871738343
CCN(CC)C(=O)COC(=O)C(C)c1ccc2cc(OC)ccc2c1,-4.460000030434283,-4.634128473937828,-0.1741284435035455,0.1741284435035455
CCN(CC)CCC(C)(O)c1ccc(OC)c2ccccc12,-1.6800000353167739,-2.7099641599859194,-1.0299641246691456,1.0299641246691456
CCNc1cccc2ccccc12,-3.1921999259580676,-3.4395732855178744,-0.24737335955980688,0.24737335955980688
CCOC(=O)C(C)c1ccc2cc(OC)ccc2c1,-5.239999708706028,-5.578871019036331,-0.33887131033030293,0.33887131033030293
CCOc1ccc(C(=O)O)c2ccccc12,-4.11219974420194,-3.5074508444875097,0.6047488997144299,0.6047488997144299
CCc1ccc2ccccc2c1,-4.290100012417388,-5.485245935749619,-1.1951459233322312,1.1951459233322312
CCc1cccc2ccccc12,-4.164400052428228,-4.852310925862512,-0.6879108734342845,0.6879108734342845
CN(C)CC(O)c1ccc(Cl)c2ccccc12,-1.2200000155511965,-2.3742531384506673,-1.1542531228994708,1.1542531228994708
CN(C/C=C/C#CC(C)(C)C)Cc1cccc2ccccc12,-3.092203117930274,-4.334962093906633,-1.2427589759763586,1.2427589759763586
CNC(=N)NS(=O)(=O)c1ccc2ccccc2c1,-3.0999998817057905,-2.9258827749199594,0.17411710678583114,0.17411710678583114
CNC(=O)Oc1cccc2ccccc12,-3.223999946833276,-3.1815179462464984,0.042482000586777424,0.042482000586777424
CNCc1cccc2ccccc12,-1.7150989218923123,-2.5296272804783175,-0.8145283585860053,0.8145283585860053
COC(=O)C(C)c1ccc2cc(OC)ccc2c1,-4.780000097470819,-5.153404888347206,-0.37340479087638645,0.37340479087638645
COC(=O)c1ccc2cc(C(=O)OC)ccc2c1,-6.211736034053702,-4.650136327881563,1.5615997061721396,1.5615997061721396
COc1ccc([N+](=O)[O-])c2ccccc12,-4.360000103106907,-4.423278325059851,-0.06327822195294353,0.06327822195294353
COc1ccc2cc(C(C)C(=O)O)ccc2c1,-3.2899999342753086,-4.28302440261864,-0.9930244683433314,0.9930244683433314
COc1ccc2cc(C(C)C(=O)OC(C)(C)C)ccc2c1,-6.499999964151343,-6.514328485928596,-0.0143285217772533,0.0143285217772533
COc1ccc2cc(C(C)C(=O)OC(C)C)ccc2c1,-5.479999861116023,-5.827828608297343,-0.3478287471813202,0.3478287471813202
COc1ccc2cc(C(C)C(=O)OC(C)OC(=O)CN)ccc2c1,-2.4400000413296605,-3.95753654714738,-1.5175365058177195,1.5175365058177195
COc1ccc2cc(C(C)C(=O)OCC(=O)N(C)C)ccc2c1,-4.900000037499027,-4.189446572677838,0.7105534648211895,0.7105534648211895
COc1ccc2cc(C(C)C(=O)OCC(=O)N(C)CC(N)=O)ccc2c1,-3.779999939047938,-3.3015930388403385,0.4784069002075997,0.4784069002075997
COc1ccc2cc(C(C)C(=O)OCC(=O)N(C)CCO)ccc2c1,-3.3900000658678673,-3.4071430895277692,-0.017143023659901946,0.017143023659901946
COc1ccc2cc(C(C)C(=O)OCC(=O)N(CCO)CCO)ccc2c1,-2.9600000225982925,-3.2394770176962524,-0.27947699509795987,0.27947699509795987
COc1ccc2cc(C(C)C(=O)OCC(C)=O)ccc2c1,-4.650000014915405,-4.985675800706408,-0.3356757857910031,0.3356757857910031
COc1ccc2cc(C(C)C(=O)OCC(C)O)ccc2c1,-3.309999912931944,-4.123143728056252,-0.8131438151243082,0.8131438151243082
COc1ccc2cc(C(C)C(=O)OCC(N)=O)ccc2c1,-3.9300000343041845,-4.280692511277509,-0.35069247697332484,0.35069247697332484
COc1ccc2cc(C(C)C(=O)OCC(O)CO)ccc2c1,-2.619999883283578,-3.3787556419720133,-0.7587557586884355,0.7587557586884355
COc1ccc2cc(C(C)C(=O)OCCCO)ccc2c1,-3.400000072218284,-4.804690447327839,-1.4046903751095545,1.4046903751095545
COc1ccc2cc(C(C)C(=O)OCCO)ccc2c1,-3.3299998915885793,-4.192676413768058,-0.8626765221794783,0.8626765221794783
COc1ccc2cc(C(C)C(=O)OCCOC(=O)C(N)CC(C)C)ccc2c1,-3.819999896361209,-4.5295788800776835,-0.7095789837164745,0.7095789837164745
COc1ccc2cc(C(C)C(=O)OCCOC(=O)CN)ccc2c1,-1.9800000215640832,-4.113139091694997,-2.1331390701309134,2.1331390701309134
COc1ccc2cc(CCC(C)=O)ccc2c1,-1.4600000317844015,-4.678748977802735,-3.2187489460183336,3.2187489460183336
COc1ccc2cc([C@H](C)C(=O)O)ccc2c1,-4.4999999196591585,-4.28302426644185,0.21697565321730838,0.21697565321730838
COc1cccc2ccccc12,-4.1992000990394995,-3.9737863872458203,0.2254137117936792,0.2254137117936792
Cc1cc(C)c2ccccc2c1,-4.290699871174552,-4.6802303089174755,-0.3895304377429234,0.3895304377429234
Cc1cc2ccccc2cc1C,-4.719999650837952,-4.95752301980293,-0.23752336896497805,0.23752336896497805
Cc1ccc(C)c2c(C)cccc12,-4.92000005019986,-4.487645961327734,0.4323540888721258,0.4323540888721258
Cc1ccc(C)c2ccccc12,-4.136899898787793,-4.352182738336474,-0.21528283954868055,0.21528283954868055
Cc1ccc2cc(C)c(C)cc2c1,-5.000699913523752,-5.535939107359582,-0.5352391938358299,0.5352391938358299
Cc1ccc2cc(C)ccc2c1,-4.89270014452819,-5.23777294584629,-0.3450728013180999,0.3450728013180999
Cc1ccc2ccccc2c1,-3.762000022940941,-4.591169190726417,-0.8291691677854756,0.8291691677854756
Cc1ccc2ccccc2c1[N+](=O)[O-],-4.26999990977637,-4.434850900973884,-0.16485099119751379,0.16485099119751379
Cc1cccc2c(C)cccc12,-4.739999663538786,-4.2237101508273955,0.5162895127113902,0.5162895127113902
Cc1cccc2ccccc12,-3.7413000615427587,-4.122544686359824,-0.3812446248170649,0.3812446248170649
Clc1c(Cl)c(Cl)c2c(Cl)c(Cl)c(Cl)c(Cl)c2c1Cl,-9.702999792125741,-10.58924378440131,-0.8862439922755687,0.8862439922755687
Clc1c(Cl)c(Cl)c2ccccc2c1Cl,-7.795399920699907,-7.936489423920678,-0.14108950322077085,0.14108950322077085
Clc1cc(Cl)c2c(Cl)c(Cl)c(Cl)c(Cl)c2c1Cl,-8.77499963857282,-10.176623210253226,-1.401623571680405,1.401623571680405
Clc1cc(Cl)c2c(Cl)ccc(Cl)c2c1,-7.510000060836246,-8.454646465121455,-0.9446464042852085,0.9446464042852085
Clc1cc(Cl)c2cc(Cl)cc(Cl)c2c1,-7.822799780134973,-8.635086158105029,-0.8122863779700555,0.8122863779700555
Clc1cc(Cl)c2cc(Cl)ccc2c1,-6.555699811599193,-7.8123833451626705,-1.2566835335634776,1.2566835335634776
Clc1cc2c(Cl)ccc(Cl)c2cc1Cl,-7.516300143819546,-8.526572866436762,-1.0102727226172163,1.0102727226172163
Clc1cc2c(Cl)cccc2c(Cl)c1Cl,-7.8565994039631555,-8.16688693385163,-0.3102875298884751,0.3102875298884751
Clc1cc2ccccc2cc1Cl,-5.360000057264605,-6.895641471493924,-1.5356414142293193,1.5356414142293193
Clc1ccc(Cl)c2ccccc12,-5.357600077528791,-6.1273973907411206,-0.7697973132123295,0.7697973132123295
Clc1ccc2cc(Cl)c(Cl)cc2c1,-7.1418997644360935,-7.938389362485934,-0.7964895980498401,0.7964895980498401
Clc1ccc2ccc(Cl)cc2c1,-5.921699899219233,-7.021884981137845,-1.100185081918612,1.100185081918612
Clc1ccc2cccc(Cl)c2c1,-5.919999868180767,-6.598532586573282,-0.6785327183925149,0.6785327183925149
Clc1ccc2ccccc2c1,-4.143000074244302,-5.658817416184651,-1.5158173419403491,1.5158173419403491
Clc1ccc2ccccc2c1Cl,-6.161099784341694,-6.501852785547477,-0.34075300120578333,0.34075300120578333
Clc1cccc2c(Cl)cccc12,-5.699999728471607,-5.817166238043443,-0.11716650957183639,0.11716650957183639
Clc1cccc2cccc(Cl)c12,-5.796299868608655,-6.109474891138879,-0.3131750225302241,0.3131750225302241
Clc1cccc2ccccc12,-3.9705998503746196,-4.920030826154257,-0.9494309757796371,0.9494309757796371
Fc1cccc2ccccc12,-3.4526998769079724,-4.0781106085195615,-0.6254107316115891,0.6254107316115891
Ic1cccc2ccccc12,-4.55000008758803,-5.272617318002501,-0.7226172304144711,0.7226172304144711
N=C(N)NC(=N)Nc1cccc2ccccc12,-2.3150999838012454,-2.3010927030701103,0.014007280731135108,0.014007280731135108
N=C(N)NN=Cc1c(O)ccc2ccccc12,-2.4600000540304934,-2.8904285009683695,-0.4304284469378761,0.4304284469378761
NC(=S)Nc1cccc2ccccc12,-2.527800094362781,-3.0648626954082427,-0.5370626010454616,0.5370626010454616
NC(N)=NC(N)=Nc1ccc2ccccc2c1,-2.549700011584673,-2.9042594327572737,-0.35455942117260086,0.35455942117260086
Nc1c(S(=O)(=O)O)cc(S(=O)(=O)O)c2ccc(S(=O)(=O)O)cc12,-0.3188001350297567,0.3996519921051176,0.7184521271348743,0.7184521271348743
Nc1c(S(=O)(=O)O)ccc2ccccc12,-2.9600000225982925,-1.9402860355084839,1.0197139870898086,1.0197139870898086
Nc1cc(S(=O)(=O)O)cc2cc(S(=O)(=O)[O-])cc(O)c12,-1.476228900657279,-0.13853910599383257,1.3376897946634465,1.3376897946634465
Nc1cc(S(=O)(=O)O)cc2ccccc12,-2.3399999097371014,-1.8333758170046526,0.5066240927324488,0.5066240927324488
Nc1ccc(S(=O)(=O)O)c2cc(S(=O)(=O)O)ccc12,-0.25920018433442005,-0.4224396594065585,-0.16323947507213843,0.16323947507213843
Nc1ccc(S(=O)(=O)O)c2ccc(S(=O)(=O)O)cc12,-1.6429999845848753,-0.4230867715096327,1.2199132130752426,1.2199132130752426
Nc1ccc(S(=O)(=O)O)c2ccccc12,-2.9100000674456545,-1.9122251739378284,0.9977748935078261,0.9977748935078261
Nc1ccc2c(O)cc(S(=O)(=O)O)cc2c1,-2.6798856009714025,-1.949141067413898,0.7307445335575045,0.7307445335575045
Nc1ccc2c(O)cccc2c1S(=O)(=O)O,-2.0599999361906254,-2.0079310385660767,0.05206889762454869,0.05206889762454869
Nc1ccc2c(S(=O)(=O)O)cccc2c1,-2.749999999883189,-1.9510241200572724,0.7989758798259166,0.7989758798259166
Nc1ccc2cc(S(=O)(=O)O)cc(O)c2c1,-2.8833112551162716,-1.9604818704324272,0.9228293846838445,0.9228293846838445
Nc1ccc2cc(S(=O)(=O)O)ccc2c1,-3.2696160902715445,-1.8773338207892862,1.3922822694822583,1.3922822694822583
Nc1ccc2ccc(S(=O)(=O)O)cc2c1,-3.0499999302767367,-1.9161173789315316,1.133882551345205,1.133882551345205
Nc1ccc2cccc(S(=O)(=O)O)c2c1,-2.5399999686570354,-1.96899700507158,0.5710029635854554,0.5710029635854554
Nc1ccc2ccccc2c1,-2.879499888069157,-2.5747347525420023,0.30476513552715456,0.30476513552715456
Nc1ccc2ccccc2c1S(=O)(=O)O,-1.7000000480176067,-2.040831078523697,-0.3408310305060904,0.3408310305060904
Nc1cccc2c(N)cccc12,-2.7678537302067996,-1.0297678496442018,1.7380858805625978,1.7380858805625978
Nc1cccc2c(S(=O)(=O)O)cccc12,-2.349999916087518,-1.811577453623432,0.5384224624640859,0.5384224624640859
Nc1cccc2cc(S(=O)(=O)O)ccc12,-2.240000050498121,-1.864163482605604,0.37583656789251707,0.37583656789251707
Nc1cccc2ccc(S(=O)(=O)O)cc12,-1.6822793624172079,-1.8821935618714458,-0.19991419945423794,0.19991419945423794
Nc1cccc2cccc(N)c12,-2.3071229517452787,-1.1703043389233507,1.136818612821928,1.136818612821928
Nc1cccc2cccc(S(=O)(=O)O)c12,-3.069999909465313,-1.8573361230938725,1.2126637863714405,1.2126637863714405
Nc1cccc2ccccc12,-1.9255000278073502,-2.152663270902429,-0.22716324309507874,0.22716324309507874
O=C(CS)Nc1ccc2ccccc2c1,-3.3399998979389958,-3.6354198842737038,-0.295419986334708,0.295419986334708
O=C(O)CCC(=O)c1ccc2ccccc2c1,-3.8533000237259913,-3.738972664035678,0.11432735969031338,0.11432735969031338
O=C(O)CCC(=O)c1cccc2ccccc12,-3.4832999249373726,-3.2128305223041655,0.27046940263320707,0.27046940263320707
O=C(O)CNC(=O)CNS(=O)(=O)c1ccc2ccccc2c1,-2.6953999842746654,-2.6168986271267185,0.07850135714794693,0.07850135714794693
O=C(O)COc1ccc2ccccc2c1,-3.3599998765956314,-3.4290722507151776,-0.06907237411954625,0.06907237411954625
O=C(O)Cc1cccc2ccccc12,-2.6468000201382686,-3.110571243309147,-0.46377122317087816,0.46377122317087816
O=C(O)c1c(Cl)ccc2ccccc12,-2.3152000737414307,-3.591738387459881,-1.2765383137184503,1.2765383137184503
O=C(O)c1c(O)ccc2ccccc12,-3.128400061791353,-2.9188216339050816,0.20957842788627135,0.20957842788627135
O=C(O)c1cc2ccccc2cc1O,-3.417245602956382,-3.0228840212570667,0.39436158169931534,0.39436158169931534
O=C(O)c1ccc2cc(O)ccc2c1,-3.2789427875090316,-3.478974133046323,-0.2000313455372913,0.2000313455372913
O=C(O)c1ccc2ccccc2c1,-3.56389993663046,-3.7125175991652446,-0.1486176625347846,0.1486176625347846
O=C(O)c1cccc2cccc([N+](=O)[O-])c12,-2.75009988555819,-3.327557969401641,-0.5774580838434509,0.5774580838434509
O=C(O)c1cccc2ccccc12,-3.301500047115299,-3.15421789588699,0.14728215122830912,0.14728215122830912
O=C([O-])CNS(=O)(=O)c1ccc2ccccc2c1,-2.8496999637877845,-2.7015654905458732,0.1481344732419112,0.1481344732419112
O=Cc1c(O)ccc2ccccc12,-3.893567500341975,-3.434094314530263,0.4594731858117118,0.4594731858117118
O=Nc1c(O)ccc2ccccc12,-2.9374000885906573,-4.056186145431386,-1.118786056840729,1.118786056840729
O=Nc1ccc2ccccc2c1O,-2.5394999955748725,-4.23775651429708,-1.6982565187222072,1.6982565187222072
O=P(O)(O)c1cccc2ccccc12,-1.6194000022803219,-2.2710817898757116,-0.6516817875953897,0.6516817875953897
O=S(=O)(O)c1ccc2c(S(=O)(=O)O)cccc2c1,0.5401997840577843,0.24012142806819403,-0.3000783559895903,0.3000783559895903
O=S(=O)(O)c1ccc2ccccc2c1,0.23044307129426356,-1.3857643444749983,-1.6162074157692619,1.6162074157692619
O=[N+]([O-])c1c(O)ccc2ccccc12,-2.9758000196951557,-3.832433926644781,-0.8566339069496252,0.8566339069496252
O=[N+]([O-])c1cc([N+](=O)[O-])c2ccc(S(=O)(=O)O)cc2c1O,-2.5399999686570354,-2.1862757878220207,0.35372418083501467,0.35372418083501467
O=[N+]([O-])c1cc([N+](=O)[O-])c2ccccc2c1Cl,-5.400000082666271,-4.406321863601383,0.9936782190648881,0.9936782190648881
O=[N+]([O-])c1ccc2ccccc2c1,-3.819999896361209,-4.360595059499654,-0.5405951631384451,0.5405951631384451
O=[N+]([O-])c1cccc2ccccc12,-3.7099999626834173,-3.9188895743248704,-0.20888961164145314,0.20888961164145314
OCCOc1ccc2ccccc2c1,-2.714294649976202,-3.3544073341656877,-0.6401126841894857,0.6401126841894857
OCc1cccc2ccccc12,-1.7444000816605274,-2.4811822514840234,-0.736782169823496,0.736782169823496
Oc1cc(O)c2ccccc2c1,-1.9493000538154845,-2.352893536684789,-0.4035934828693044,0.4035934828693044
Oc1cc2ccccc2cc1O,-2.7376999675603546,-2.6737122304906085,0.06398773706974614,0.06398773706974614
Oc1ccc2cc(O)ccc2c1,-2.204999960183269,-2.6013856396355464,-0.39638567945227754,0.39638567945227754
Oc1ccc2ccccc2c1,-2.2809000002123225,-3.1502253881768683,-0.8693253879645457,0.8693253879645457
Oc1cccc2c(O)cccc12,-2.920000056773972,-2.028233227562516,0.891766829211456,0.891766829211456
Oc1cccc2ccccc12,-2.0619738187525076,-2.8899571250119735,-0.8279833062594659,0.8279833062594659
S=C=Nc1ccc2ccccc2c1,-4.44000001773345,-5.518019058939549,-1.0780190412060993,1.0780190412060993
S=C=Nc1ccc2ccccc2c1Br,-4.320000077705242,-6.09113623526833,-1.7711361575630882,1.7711361575630882
S=C=Nc1cccc2ccccc12,-4.602199919195556,-5.167335910076295,-0.565135990880739,0.565135990880739
[NH3+][C@H](CC(=O)[O-])c1cccc2ccccc12,-1.5902000218666068,-1.8197088420701468,-0.22950882020354002,0.22950882020354002
c1ccc2ccccc2c1,-4.311225390105554,-3.9354757710930484,0.37574961901250603,0.37574961901250603
Brc1c(Br)c(Br)c(Oc2c(Br)c(Br)c(Br)c(Br)c2Br)c(Br)c1Br,-9.981896393236367,-10.01424001483263,-0.03234362159626336,0.03234362159626336
Brc1cc(Br)c(Oc2cc(Br)cc(Br)c2Br)c(Br)c1,-8.197899835862197,-8.633843681078838,-0.43594384521664153,0.43594384521664153
CC(C(=O)O)c1cccc(Oc2ccccc2)c1,-3.7000000244213958,-3.9269816076794584,-0.2269815832580626,0.2269815832580626
CC(C)c1cc(Oc2ccccc2)cc(C(C)C)c1NC(=S)NC(C)(C)C,-6.806799734110536,-6.86084503356757,-0.05404529945703462,0.05404529945703462
CC(Oc1ccc(Oc2ccc(Cl)cc2Cl)cc1)C(=O)O,-5.0399998540512785,-5.04425197429928,-0.004252120248001923,0.004252120248001923
CCCCCCCCCCCCCCCCc1c(Oc2ccccc2S(=O)(=O)[O-])cccc1S(=O)(=O)[O-],0.22276542390972143,-0.801979350820742,-1.0247447747304634,1.0247447747304634
CCCCNc1cc(C(=O)O)cc(S(N)(=O)=O)c1Oc1ccccc1,-3.559999901471368,-2.9896057672890763,0.5703941341822918,0.5703941341822918
CCCCOC(=O)C(C)Oc1ccc(Oc2ccc(C#N)cc2F)cc1,-5.70800011484695,-6.100415866402992,-0.392415751556042,0.392415751556042
CCOC(=O)C(C)OC(=O)c1cc(Oc2ccc(C(F)(F)F)cc2Cl)ccc1[N+](=O)[O-],-6.623038689234287,-6.381041368031428,0.24199732120285855,0.24199732120285855
CCOC(=O)COC(=O)c1cc(Oc2ccc(C(F)(F)F)cc2Cl)ccc1[N+](=O)[O-],-5.872899857335057,-6.2149909316731655,-0.3420910743381089,0.3420910743381089
CCOC(=O)NCCOc1ccc(Oc2ccccc2)cc1,-4.700900039068418,-4.46255634112429,0.2383436979441278,0.2383436979441278
CCOc1cc(Oc2ccc(C(F)(F)F)cc2Cl)ccc1[N+](=O)[O-],-6.493899788694834,-6.462721840415555,0.031177948279278667,0.031177948279278667
CN(C)C(=O)Nc1ccc(Oc2ccc(Cl)cc2)cc1,-4.895299759437217,-4.661829692607764,0.2334700668294527,0.2334700668294527
CNC(=O)/C(=N\OC)c1ccccc1Oc1ccccc1,-3.3466000124334703,-3.4294076201031922,-0.08280760766972195,0.08280760766972195
COC(=O)C(C)Oc1ccc(Oc2ccc(Cl)cc2Cl)cc1,-3.8340000278109025,-6.141692413028189,-2.307692385217287,2.307692385217287
COC(=O)c1cc(Oc2ccc(Cl)cc2Cl)ccc1[N+](=O)[O-],-5.934299792832254,-5.751391487011024,0.18290830582122997,0.18290830582122997
COC/C(=N/OCC(=O)OC)c1cc(Oc2ccc(C(F)(F)F)cc2Cl)ccc1[N+](=O)[O-],-5.678299684732309,-6.086751342650695,-0.4084516579183859,0.4084516579183859
COc1cc(Oc2ccc(Cl)cc2Cl)ccc1[N+](=O)[O-],-5.909999589476772,-5.748739307861302,0.16126028161547,0.16126028161547
COc1ccc(Oc2ccc(NC(=O)N(C)C)cc2)cc1,-4.155799807295721,-4.058461795758507,0.09733801153721355,0.09733801153721355
CS(=O)(=O)Nc1ccc([N+](=O)[O-])cc1Oc1ccccc1,-4.489999640955164,-4.283723398078463,0.20627624287670088,0.20627624287670088
Cc1cc(Oc2cc(C)cc(S(=O)(=O)[O-])c2)cc(S(=O)(=O)[O-])c1,-0.22079615090414206,0.44010575856895606,0.6609019094730981,0.6609019094730981
Cc1ccc(Oc2ccc(C)cc2)cc1,-4.849999869570155,-5.4208955939339845,-0.5708957243638295,0.5708957243638295
Cc1cccc(Oc2ccc([N+](=O)[O-])cc2)c1,-4.661300101073914,-5.010761335606173,-0.3494612345322583,0.3494612345322583
Cc1cccc(Oc2cccc(C)c2)c1,-4.849999869570155,-5.284913265021654,-0.434913395451499,0.434913395451499
Cc1ccccc1Oc1ccccc1C,-4.843927746532256,-4.864529524465304,-0.02060177793304785,0.02060177793304785
Clc1c(Cl)c(Cl)c(Oc2c(Cl)c(Cl)c(Cl)c(Cl)c2Cl)c(Cl)c1Cl,-12.949999702512686,-10.757014133609285,2.192985568903401,2.192985568903401
Clc1c(Cl)c(Cl)c(Oc2ccccc2)c(Cl)c1Cl,-7.940000061550574,-8.526570142900974,-0.5865700813504002,0.5865700813504002
Clc1cc(Cl)c(Cl)c(Oc2cc(Cl)c(Cl)cc2Cl)c1,-8.40999954295941,-9.268155165952873,-0.858155622993463,0.858155622993463
Clc1cc(Cl)c(Cl)c(Oc2ccc(Cl)c(Cl)c2)c1,-7.829999719342414,-8.599341385017519,-0.7693416656751051,0.7693416656751051
Clc1cc(Cl)c(Cl)c(Oc2ccc(Cl)c(Cl)c2Cl)c1,-8.550000176572398,-9.159747547473156,-0.6097473709007577,0.6097473709007577
Clc1cc(Cl)c(Cl)c(Oc2ccccc2)c1Cl,-7.01999974966584,-8.019087183157986,-0.9990874334921456,0.9990874334921456
Clc1cc(Cl)c(Oc2c(Cl)c(Cl)c(Cl)c(Cl)c2Cl)cc1Cl,-10.10000034382621,-10.149503875004259,-0.04950353117804873,0.04950353117804873
Clc1cc(Cl)c(Oc2c(Cl)c(Cl)cc(Cl)c2Cl)cc1Cl,-9.049999949386063,-9.711717285473894,-0.6617173360878308,0.6617173360878308
Clc1cc(Cl)c(Oc2c(Cl)ccc(Cl)c2Cl)cc1Cl,-7.8800000234480745,-9.107586390073811,-1.2275863666257365,1.2275863666257365
Clc1cc(Cl)c(Oc2c(Cl)cccc2Cl)cc1Cl,-7.119999813170004,-8.377827504117748,-1.2578276909477442,1.2578276909477442
Clc1cc(Cl)c(Oc2cc(Cl)c(Cl)c(Cl)c2)cc1Cl,-8.720000012175898,-9.28254523963892,-0.5625452274630209,0.5625452274630209
Clc1cc(Cl)c(Oc2cc(Cl)c(Cl)c(Cl)c2Cl)cc1Cl,-9.499999962801223,-9.7620307961951,-0.26203083339387767,0.26203083339387767
Clc1cc(Cl)c(Oc2cc(Cl)c(Cl)cc2Cl)c(Cl)c1,-8.03999958034758,-9.165567198743567,-1.125567618395987,1.125567618395987
Clc1cc(Cl)c(Oc2cc(Cl)c(Cl)cc2Cl)cc1Cl,-8.35999923885375,-9.24919717804428,-0.8891979391905309,0.8891979391905309
Clc1cc(Cl)c(Oc2ccc(Cl)c(Cl)c2)c(Cl)c1,-7.619999858337248,-8.460167072162415,-0.8401672138251666,0.8401672138251666
Clc1cc(Cl)c(Oc2ccc(Cl)c(Cl)c2Cl)c(Cl)c1,-8.100000163157237,-9.053918027969745,-0.9539178648125084,0.9539178648125084
Clc1cc(Cl)c(Oc2ccc(Cl)c(Cl)c2Cl)cc1Cl,-8.310000024162402,-9.141916558673369,-0.8319165345109667,0.8319165345109667
Clc1cc(Cl)c(Oc2cccc(Cl)c2Cl)cc1Cl,-7.4799997694314175,-8.372403854950818,-0.8924040855194004,0.8924040855194004
Clc1cc(Cl)c(Oc2ccccc2)c(Cl)c1,-6.1099999888386805,-7.305429023716005,-1.1954290348773249,1.1954290348773249
Clc1cc(Cl)c(Oc2ccccc2)c(Cl)c1Cl,-7.059999775067505,-7.988615720061945,-0.9286159449944407,0.9286159449944407
Clc1cc(Cl)c(Oc2ccccc2)cc1Cl,-6.579999742601095,-7.506425964822505,-0.9264262222214095,0.9264262222214095
Clc1cc(Cl)c(Oc2ccccc2Cl)cc1Cl,-6.999999736965007,-7.853384542319766,-0.853384805354759,0.853384805354759
Clc1cc(Cl)cc(Oc2cc(Cl)c(Cl)cc2Cl)c1,-8.060000137755571,-8.6887877473457,-0.6287876095901286,0.6287876095901286
Clc1cc(Cl)cc(Oc2ccc(Cl)c(Cl)c2)c1,-7.319999940178333,-7.965777238363536,-0.6457772981852035,0.6457772981852035
Clc1cc(Cl)cc(Oc2ccc(Cl)c(Cl)c2Cl)c1,-7.8600000107472425,-8.580117580016081,-0.7201175692688384,0.7201175692688384
Clc1cc(Cl)cc(Oc2ccc(Cl)cc2Cl)c1,-7.139999825870838,-7.915478979442739,-0.7754791535719008,0.7754791535719008
Clc1cc(Oc2c(Cl)c(Cl)c(Cl)c(Cl)c2Cl)c(Cl)c(Cl)c1Cl,-10.549999812534214,-10.531225935644846,0.018773876889367713,0.018773876889367713
Clc1cc(Oc2c(Cl)c(Cl)cc(Cl)c2Cl)c(Cl)c(Cl)c1Cl,-10.10000034382621,-10.179810291831584,-0.07980994800537466,0.07980994800537466
Clc1cc(Oc2c(Cl)ccc(Cl)c2Cl)c(Cl)c(Cl)c1Cl,-8.8899998477794,-9.634013720046456,-0.7440138722670557,0.7440138722670557
Clc1cc(Oc2cc(Cl)c(Cl)c(Cl)c2Cl)c(Cl)c(Cl)c1Cl,-10.10000034382621,-10.223062218963348,-0.12306187513713773,0.12306187513713773
Clc1cc(Oc2cc(Cl)c(Cl)c(Cl)c2Cl)cc(Cl)c1Cl,-9.53999944349573,-9.78773933990622,-0.24773989641049,0.24773989641049
Clc1cc(Oc2ccc(Cl)c(Cl)c2Cl)cc(Cl)c1Cl,-8.489999593762741,-9.172735000228718,-0.6827354064659765,0.6827354064659765
Clc1cc(Oc2ccccc2)c(Cl)c(Cl)c1Cl,-7.519999794833083,-8.146075307486168,-0.6260755126530846,0.6260755126530846
Clc1cc(Oc2ccccc2)cc(Cl)c1Cl,-6.769999863259008,-7.589750363407877,-0.819750500148869,0.819750500148869
Clc1ccc(Cl)c(Oc2cc(Cl)c(Cl)cc2Cl)c1,-7.559999820234749,-8.587145391761762,-1.0271455715270132,1.0271455715270132
Clc1ccc(Cl)c(Oc2ccc(Cl)c(Cl)c2)c1,-7.070000053771501,-7.868730032360016,-0.7987299785885149,0.7987299785885149
Clc1ccc(Cl)c(Oc2ccc(Cl)c(Cl)c2Cl)c1,-7.699999364433422,-8.470388501972343,-0.7703891375389205,0.7703891375389205
Clc1ccc(Cl)c(Oc2ccccc2)c1,-4.9703000794189185,-6.642144565136133,-1.6718444857172141,1.6718444857172141
Clc1ccc(Cl)c(Oc2ccccc2)c1Cl,-5.949999614878438,-7.247672634395126,-1.2976730195166883,1.2976730195166883
Clc1ccc(Oc2c(Cl)c(Cl)c(Cl)c(Cl)c2Cl)c(Cl)c1,-9.640000051707053,-9.570777576721428,0.06922247498562584,0.06922247498562584
Clc1ccc(Oc2c(Cl)c(Cl)c(Cl)c(Cl)c2Cl)c(Cl)c1Cl,-10.600000116639874,-10.0288321748741,0.5711679417657738,0.5711679417657738
Clc1ccc(Oc2c(Cl)c(Cl)c(Cl)c(Cl)c2Cl)cc1,-8.939999607177903,-9.125415744752125,-0.18541613757422226,0.18541613757422226
Clc1ccc(Oc2c(Cl)c(Cl)c(Cl)c(Cl)c2Cl)cc1Cl,-9.459999937399557,-9.61511891816813,-0.15511898076857378,0.15511898076857378
Clc1ccc(Oc2c(Cl)c(Cl)cc(Cl)c2Cl)c(Cl)c1,-8.419999821663405,-9.078197804806821,-0.6581979831434168,0.6581979831434168
Clc1ccc(Oc2c(Cl)c(Cl)cc(Cl)c2Cl)c(Cl)c1Cl,-9.089999974787728,-9.600105699493938,-0.5101057247062091,0.5101057247062091
Clc1ccc(Oc2c(Cl)c(Cl)cc(Cl)c2Cl)cc1,-7.759999947243077,-8.575301824036888,-0.8153018767938107,0.8153018767938107
Clc1ccc(Oc2c(Cl)c(Cl)cc(Cl)c2Cl)cc1Cl,-8.299999745458408,-9.117655301879648,-0.81765555642124,0.81765555642124
Clc1ccc(Oc2c(Cl)cc(Cl)c(Cl)c2Cl)c(Cl)c1,-8.470000125769067,-9.04518364869971,-0.5751835229306437,0.5751835229306437
Clc1ccc(Oc2c(Cl)cc(Cl)c(Cl)c2Cl)cc1,-7.769999681239915,-8.54000262140419,-0.7700029401642752,0.7700029401642752
Clc1ccc(Oc2c(Cl)cc(Cl)cc2Cl)c(Cl)c1,-7.329999674175172,-8.42429211406427,-1.0942924398890987,1.0942924398890987
Clc1ccc(Oc2c(Cl)cc(Cl)cc2Cl)cc1,-6.8299996290079275,-7.8609439882511385,-1.030944359243211,1.030944359243211
Clc1ccc(Oc2c(Cl)ccc(Cl)c2Cl)c(Cl)c1,-7.239999617021423,-8.369442282135653,-1.1294426651142295,1.1294426651142295
Clc1ccc(Oc2c(Cl)ccc(Cl)c2Cl)c(Cl)c1Cl,-7.960000074251406,-8.986279561398042,-1.0262794871466365,1.0262794871466365
Clc1ccc(Oc2c(Cl)ccc(Cl)c2Cl)cc1,-6.639999780703594,-7.806437866538884,-1.1664380858352903,1.1664380858352903
Clc1ccc(Oc2c(Cl)ccc(Cl)c2Cl)cc1Cl,-7.349999686876004,-8.408315308428513,-1.0583156215525094,1.0583156215525094
Clc1ccc(Oc2c(Cl)cccc2Cl)c(Cl)c1Cl,-7.229999883024584,-8.249696039466036,-1.0196961564414515,1.0196961564414515
Clc1ccc(Oc2c(Cl)cccc2Cl)cc1,-5.909999589476772,-6.9550475064412005,-1.0450479169644282,1.0450479169644282
Clc1ccc(Oc2c(Cl)cccc2Cl)cc1Cl,-6.559999729900262,-7.650026840392792,-1.0900271104925299,1.0900271104925299
Clc1ccc(Oc2cc(Cl)c(Cl)c(Cl)c2)c(Cl)c1,-7.889999757444913,-8.584397888859483,-0.6943981314145695,0.6943981314145695
Clc1ccc(Oc2cc(Cl)c(Cl)c(Cl)c2)cc1,-7.349999686876004,-8.06433873026482,-0.7143390433888168,0.7143390433888168
Clc1ccc(Oc2cc(Cl)c(Cl)c(Cl)c2)cc1Cl,-8.249999986059905,-8.617101017179678,-0.3671010311197733,0.3671010311197733
Clc1ccc(Oc2cc(Cl)c(Cl)c(Cl)c2Cl)c(Cl)c1,-8.43999928965708,-9.142133352122043,-0.7021340624649621,0.7021340624649621
Clc1ccc(Oc2cc(Cl)c(Cl)c(Cl)c2Cl)c(Cl)c1Cl,-9.1199997214854,-9.655167967213968,-0.5351682457285687,0.5351682457285687
Clc1ccc(Oc2cc(Cl)c(Cl)c(Cl)c2Cl)cc1,-8.060000137755571,-8.66054903888813,-0.6005489011325587,0.6005489011325587
Clc1ccc(Oc2cc(Cl)c(Cl)c(Cl)c2Cl)cc1Cl,-8.77999950557124,-9.182026614920844,-0.4020271093496035,0.4020271093496035
Clc1ccc(Oc2cc(Cl)c(Cl)cc2Cl)c(Cl)c1,-7.6099998519868315,-8.539581562771465,-0.9295817107846336,0.9295817107846336
Clc1ccc(Oc2cc(Cl)c(Cl)cc2Cl)cc1,-7.039999762366673,-8.009408281676897,-0.9694085193102246,0.9694085193102246
Clc1ccc(Oc2cc(Cl)c(Cl)cc2Cl)cc1Cl,-7.829999719342414,-8.578757990951036,-0.7487582716086223,0.7487582716086223
Clc1ccc(Oc2cc(Cl)cc(Cl)c2)cc1,-5.520100112634664,-7.365252849053062,-1.8451527364183988,1.8451527364183988
Clc1ccc(Oc2cc(Cl)cc(Cl)c2Cl)c(Cl)c1,-7.63999987103808,-8.564565101255994,-0.9245652302179135,0.9245652302179135
Clc1ccc(Oc2cc(Cl)cc(Cl)c2Cl)cc1,-7.139999825870838,-8.018768529470865,-0.8787687036000271,0.8787687036000271
Clc1ccc(Oc2cc(Cl)ccc2Cl)c(Cl)c1,-6.769999863259008,-7.810174012931972,-1.0401741496729642,1.0401741496729642
Clc1ccc(Oc2ccc(Cl)c(Cl)c2)c(Cl)c1,-6.999999736965007,-7.831524354676173,-0.8315246177111657,0.8315246177111657
Clc1ccc(Oc2ccc(Cl)c(Cl)c2)cc1,-5.660299564360128,-7.259024331556805,-1.5987247671966776,1.5987247671966776
Clc1ccc(Oc2ccc(Cl)c(Cl)c2)cc1Cl,-6.979999724264174,-7.881932644442779,-0.9019329201786048,0.9019329201786048
Clc1ccc(Oc2ccc(Cl)c(Cl)c2Cl)c(Cl)c1,-7.439999744029752,-8.423802967036861,-0.9838032230071097,0.9838032230071097
Clc1ccc(Oc2ccc(Cl)c(Cl)c2Cl)c(Cl)c1Cl,-8.140000188558902,-9.017157920740711,-0.8771577321818089,0.8771577321818089
Clc1ccc(Oc2ccc(Cl)c(Cl)c2Cl)cc1,-7.010000015669002,-7.892486345618764,-0.8824863299497618,0.8824863299497618
Clc1ccc(Oc2ccc(Cl)c(Cl)c2Cl)cc1Cl,-7.669999617735751,-8.46886005368848,-0.7988604359527294,0.7988604359527294
Clc1ccc(Oc2ccc(Cl)cc2)cc1,-4.799900020231467,-6.42847065435383,-1.6285706341223625,1.6285706341223625
Clc1ccc(Oc2ccc(Cl)cc2Cl)c(Cl)c1,-6.81999989501109,-7.76613607337198,-0.9461361783608897,0.9461361783608897
Clc1ccc(Oc2ccc(Cl)cc2Cl)cc1,-6.219599971286099,-7.159686087248968,-0.9400861159628686,0.9400861159628686
Clc1ccc(Oc2cccc(Cl)c2)cc1,-5.387355250712758,-6.397938728763311,-1.0105834780505534,1.0105834780505534
Clc1ccc(Oc2cccc(Cl)c2Cl)c(Cl)c1,-6.6500000594075885,-7.612327113317123,-0.9623270539095348,0.9623270539095348
Clc1ccc(Oc2cccc(Cl)c2Cl)cc1Cl,-6.899999945814422,-7.6780798037096645,-0.7780798578952428,0.7780798578952428
Clc1ccc(Oc2ccccc2)c(Cl)c1,-4.630400089621734,-6.613843487709033,-1.9834433980872994,1.9834433980872994
Clc1ccc(Oc2ccccc2)cc1,-4.792499901143655,-5.707443424132014,-0.9149435229883593,0.9149435229883593
Clc1ccc(Oc2ccccc2)cc1Cl,-4.720600054302274,-6.764246938615386,-2.0436468843131124,2.0436468843131124
Clc1ccc(Oc2ccccc2Cl)c(Cl)c1,-4.949900115487713,-7.019320772194053,-2.06942065670634,2.06942065670634
Clc1ccc(Oc2ccccc2Cl)cc1,-5.519999886517689,-6.290033057929203,-0.7700331714115141,0.7700331714115141
Clc1ccc(Oc2ccccc2Cl)cc1Cl,-5.198999737140037,-7.1082798939698755,-1.9092801568298388,1.9092801568298388
Clc1cccc(Cl)c1Oc1ccccc1,-5.0605000440994585,-6.285306361570255,-1.2248063174707964,1.2248063174707964
Clc1cccc(Oc2cc(Cl)c(Cl)cc2Cl)c1,-7.26999990842625,-7.950208418388723,-0.6802085099624726,0.6802085099624726
Clc1cccc(Oc2ccc(Cl)c(Cl)c2)c1,-5.436999588691012,-7.22921087470699,-1.792211286015978,1.792211286015978
Clc1cccc(Oc2ccc(Cl)c(Cl)c2Cl)c1,-7.090000066472333,-7.833610583089284,-0.7436105166169504,0.7436105166169504
Clc1cccc(Oc2ccc(Cl)c(Cl)c2Cl)c1Cl,-7.379999978280832,-8.248655648795268,-0.8686556705144355,0.8686556705144355
Clc1cccc(Oc2ccccc2)c1,-4.21069995654801,-5.619351476150885,-1.4086515196028753,1.4086515196028753
Clc1ccccc1Oc1ccc(Cl)c(Cl)c1Cl,-6.739999571854179,-7.730255123495104,-0.9902555516409244,0.9902555516409244
Clc1ccccc1Oc1ccccc1,-4.779600010063657,-5.381652439127623,-0.6020524290639662,0.6020524290639662
NC(Cc1cc(I)c(Oc2ccc(O)c(I)c2)c(I)c1)C(=O)O,-5.219999696005196,-3.5073871818384803,1.712612514166716,1.712612514166716
NNS(=O)(=O)c1ccc(Oc2ccc(S(=O)(=O)NN)cc2)cc1,-3.758489112957467,-2.252404189976427,1.50608492298104,1.50608492298104
Nc1c([N+](=O)[O-])ccc(Oc2ccccc2)c1Cl,-5.0247996646452835,-4.43802776929304,0.5867718953522436,0.5867718953522436
Nc1cc(Cl)ccc1Oc1ccc(Cl)cc1Cl,-5.0452641763746495,-5.480265133501711,-0.43500095712706166,0.43500095712706166
O=C(C(Cl)Cl)N(CCO)Cc1ccc(Oc2ccc([N+](=O)[O-])cc2)cc1,-5.124100051805677,-5.20615405712304,-0.08205400531736284,0.08205400531736284
O=C(O)Cc1ccccc1Oc1ccc(Cl)cc1Cl,-4.860000012097361,-4.290050852596426,0.5699491595009345,0.5699491595009345
O=C(O)c1cc(Oc2ccc(C(F)(F)F)cc2Cl)ccc1[N+](=O)[O-],-3.4790999603996986,-5.258131512033528,-1.7790315516338295,1.7790315516338295
O=[N+]([O-])c1ccc(Oc2c(Cl)cc(Cl)cc2Cl)cc1,-5.620099903785249,-6.199288386091194,-0.5791884823059448,0.5791884823059448
O=[N+]([O-])c1ccc(Oc2ccc(C(F)(F)F)cc2[N+](=O)[O-])cc1,-5.215099646593384,-5.267051227913892,-0.05195158132050803,0.05195158132050803
O=[N+]([O-])c1ccc(Oc2ccc(Cl)cc2Cl)cc1,-5.453499585551519,-5.639809315217572,-0.18630972966605253,0.18630972966605253
OCc1cccc(Oc2ccccc2)c1,-2.8258731279742433,-2.967136818330714,-0.14126369035647057,0.14126369035647057
Oc1cc(Cl)ccc1Oc1ccc(Cl)cc1,-4.239393223128488,-5.216289695555666,-0.9768964724271783,0.9768964724271783
Oc1cc(Cl)ccc1Oc1ccc(Cl)cc1Cl,-4.461716130333892,-5.755272253154421,-1.2935561228205286,1.2935561228205286
Oc1ccccc1Oc1ccccc1,-3.2285999987781113,-3.522388893573972,-0.2937888947958607,0.2937888947958607
c1ccc(Oc2ccccc2)cc1,-3.9599999852670393,-4.632037887867458,-0.6720379026004188,0.6720379026004188
BrC1CCCCC1,-2.2943000686396675,-4.264357696862504,-1.9700576282228366,1.9700576282228366
C#CC1(O)CCCCC1,-0.7048959217912518,-0.8165641573155851,-0.11166823552433325,0.11166823552433325
C#CC1(OC(C)=O)CCCCC1,-2.352215308185344,-2.74330234876333,-0.39108704057798604,0.39108704057798604
C#CC1(OC(N)=O)CCCCC1,-1.8252999886879997,-2.2761075304641105,-0.4508075417761108,0.4508075417761108
C/C=C/OC1CCC(O/C=C/C)CC1,-3.9037320082539475,-2.765668331046832,1.1380636772071155,1.1380636772071155
C1CCCCC1,-3.0999998817057905,-4.219691301419581,-1.1196914197137904,1.1196914197137904
C=C(C)C(=O)OC1CC(C)CC(C)(C)C1,-4.5985984516471525,-4.233067266555208,0.36553118509194427,0.36553118509194427
C=C(C)C(=O)OC1CCCCC1,-3.088564848604544,-2.9300745177839755,0.1584903308205683,0.1584903308205683
C=C(C)C1CCC(C)(O)C(O)C1,-0.23110010384842683,-0.5642596149254966,-0.33315951107706976,0.33315951107706976
C=C(C)C1CCC(C)CC1O,-1.7111123463835773,-1.8550216623817817,-0.14390931599820433,0.14390931599820433
C=CC(=O)OC1CC(C)CC(C)(C)C1,-4.030446961942658,-3.9008434261978833,0.12960353574477512,0.12960353574477512
C=CC(=O)OC1CCC(C(C)(C)C)CC1,-3.5393280605801904,-3.9278576329654595,-0.3885295723852691,0.3885295723852691
C=CCCC(=O)C1CCCC(C)(C)C1,-4.779310634386251,-3.8579004842011955,0.9214101501850553,0.9214101501850553
C=CCOC(=O)CCC1CCCCC1,-4.062449392593162,-3.9122216778334886,0.15022771475967378,0.15022771475967378
C=COC1CCCCC1,-2.582541938097431,-2.5480447146215153,0.03449722347591555,0.03449722347591555
C=C[C@]1(C)CC[C@@H](C(C)(C)O)C[C@H]1C(=C)C,-3.0592784661457375,-2.6213102103950696,0.4379682557506679,0.4379682557506679
CC(=O)C=C(C)NC1CCCCC1NC(C)=CC(C)=O,-2.1099998998543126,-1.392544722994398,0.7174551768599147,0.7174551768599147
CC(=O)CC(C)(C)C1CCCCC1,-3.5481536102107065,-4.081740537016943,-0.5335869268062363,0.5335869268062363
CC(=O)OC(C)C1CCCCC1,-3.5976237780753597,-3.0906871425892137,0.506936635486146,0.506936635486146
CC(=O)OC1CCC(C(C)(C)C)CC1,-3.6996407219626493,-3.5409324614683215,0.15870826049432774,0.15870826049432774
CC(=O)OC1CCCCC1,-1.6700000289663575,-2.2141221709494223,-0.5441221419830649,0.5441221419830649
CC(=O)OC1CCCCC1C,-2.5502979638667855,-2.6785220287352676,-0.12822406486848203,0.12822406486848203
CC(=O)O[C@@H]1CCCC[C@@H]1C(C)(C)C,-4.2973354937668535,-4.170454812925483,0.12688068084137072,0.12688068084137072
CC(=O)O[C@@H]1C[C@H](C)CC[C@H]1C(C)C,-3.975116425947573,-3.4228536354961165,0.5522627904514565,0.5522627904514565
CC(=O)O[C@H]1C[C@@H](C)CC[C@@H]1C(C)C,-4.066886849451494,-3.422853669540314,0.6440331799111805,0.6440331799111805
CC(C)(C)C1CCC(O)CC1,-3.1032621626605525,-2.0269022356232376,1.076359927037315,1.076359927037315
CC(C)(C)OOC1(OOC(C)(C)C)CCCCC1,-5.386213544510699,-5.052774734838637,0.33343880967206196,0.33343880967206196
CC(C)(OC1CCCCC1)C(=O)O,-1.0798000191185748,-2.494316366641734,-1.414516347523159,1.414516347523159
CC(C)C1(C)CCCC(O)C1,-0.6000000303557451,-2.1213682105842944,-1.5213681802285492,1.5213681802285492
CC(C)C1C(C)CCCC1O,-0.29000010584641434,-2.08121062863733,-1.7912105227909159,1.7912105227909159
CC(C)C1CCC(O)CC1,-2.0680942845506323,-1.2816119783094386,0.7864823062411936,0.7864823062411936
CC(C)C1CCCCC1,-5.311626384907939,-4.486192274101237,0.825434110806702,0.825434110806702
CC(C)COC(=O)C1CCCCC1C(=O)OCC(C)C,-4.1912349824526025,-3.7694765372075874,0.42175844524501516,0.42175844524501516
CC(C)[C@@H]1CC[C@@H](C)C[C@@H]1O,-2.5604042902455006,-1.824065546092383,0.7363387441531177,0.7363387441531177
CC(C)[C@@H]1CC[C@@H](C)C[C@H]1O,-2.570623643359391,-1.824065546092383,0.7465580972670081,0.7465580972670081
CC(C)[C@@H]1CC[C@@H](C)C[C@H]1OC(=O)[C@H](C)O,-2.9799871240372835,-2.5207789893239774,0.4592081347133061,0.4592081347133061
CC(C)[C@H]1CC[C@@H](C)CC1O,-2.8302607441276657,-1.8240654099155935,1.0061953342120722,1.0061953342120722
CC(O)CCC1CCCCC1,-2.767361621334223,-3.034000098528942,-0.2666384771947192,0.2666384771947192
CC1(C)CC(N)CC(C)(CN)C1,0.1572978877141158,0.5108403406237199,0.35354245290960407,0.35354245290960407
CC1(C)CC(N=C=O)CC(C)(CN=C=O)C1,-4.170824464820221,-2.9524516495421067,1.2183728152781144,1.2183728152781144
CC1(C)CC(O)CC(C)(CN)C1,0.4889992177306377,-0.073031533822153,-0.5620307515527907,0.5620307515527907
CC1(O)CCC(C(C)(C)O)CC1,-1.655699968138082,0.06635112952068489,1.7220510976587668,1.7220510976587668
CC1CC(C)(C)CC(OOC(C)(C)C)(OOC(C)(C)C)C1,-6.480660681232521,-4.963089382245117,1.517571298987404,1.517571298987404
CC1CC(O)CC(C)(C)C1,-1.9916598868001005,-1.6305315015735933,0.36112838522650725,0.36112838522650725
CC1CCC(C(C)C)C(O)C1,-2.4880092024653866,-1.8240654099155935,0.6639437925497931,0.6639437925497931
CC1CCC(C(C)C)C(OCC(O)CO)C1,-2.0063586051792495,-2.2870344922197514,-0.28067588704050195,0.28067588704050195
CC1CCC(C(C)C)C(OO)C1,-2.588821628606523,-3.069714461637175,-0.4808928330306519,0.4808928330306519
CC1CCC(C(C)C)CC1,-5.354573139854729,-4.389843110320016,0.9647300295347128,0.9647300295347128
CC1CCC(C)CC1,-4.465700118483629,-3.9862812885542396,0.47941882992938956,0.47941882992938956
CC1CCC(O)CC1,-0.8815000593254996,-0.5971174400784132,0.2843826192470864,0.2843826192470864
CC1CCCC(C)(C)C1,-4.853199887943504,-3.9849112138764125,0.8682886740670912,0.8682886740670912
CC1CCCC(O)(C(C)C)C1,-0.24000007409433222,-1.3629697117027646,-1.1229696376084324,1.1229696376084324
CC1CCCCC1,-3.845934833984653,-4.121023046915431,-0.2750882129307777,0.2750882129307777
CC1CCCCC1C,-4.300000065004409,-4.093677522019323,0.20632254298508546,0.20632254298508546
CC1CCCCC1O,-0.8644957998139637,-0.8250956331694619,0.039400166644501855,0.039400166644501855
CCC(=O)OC1C(C)CCCC1(C)C,-3.8031811096367916,-4.3101644367395915,-0.5069833271027999,0.5069833271027999
CCC(=O)OC1CCC(C(C)C)CC1,-4.173484269870148,-3.345251896262929,0.8282323736072188,0.8282323736072188
CCC(C)(C)C1CCCCC1OC(C)=O,-4.446203687549877,-4.2948843115582385,0.1513193759916387,0.1513193759916387
CCC(C)(C)OOC1(OOC(C)(C)CC)CCCCC1,-5.460037160855476,-5.180313830456601,0.2797233303988751,0.2797233303988751
CCC(CC)CC1(C#N)CCCCC1,-6.587338309780112,-4.050968123216401,2.536370186563711,2.536370186563711
CCC(CC)CC1(C(=O)O)CCCCC1,-4.281694363916887,-3.209848676169483,1.0718456877474036,1.0718456877474036
CCC(O)COC1CCCCC1C(C)(C)C,-3.6987342611642244,-3.7663559099024404,-0.06762164873821597,0.06762164873821597
CCC1CCCCC1,-4.250699981949676,-4.281431134183039,-0.03073115223336309,0.03073115223336309
CCCC(=O)OC(C)C1CCCCC1,-3.9207589412009134,-4.447779525356439,-0.5270205841555256,0.5270205841555256
CCCCC(CC)COC(=O)C1CCC(C(=O)OCC(CC)CCCC)CC1,-6.926267903776264,-5.513274659597983,1.4129932441782804,1.4129932441782804
CCCCCCCCCCNC(=O)NC1CCCCC1,-2.8099999358530954,-4.217410612551253,-1.407410676698158,1.407410676698158
CCCCCOC(=O)CCCNC(=O)NC1CCCCC1,-2.29999995242383,-3.0559319492079404,-0.7559319967841103,0.7559319967841103
CCCCNC1(P(=O)(OCCCC)OCCCC)CCCCC1,-3.310499868992008,-4.161056844160861,-0.8505569751688524,0.8505569751688524
CCCOC(=O)C1CCCCC1C(=O)OCCC,-3.2626917047973887,-3.009691077726349,0.25300062707103965,0.25300062707103965
CCOC(=O)C(C)C1CCCCC1,-3.3274566879145486,-3.5272526859156152,-0.19979599800106662,0.19979599800106662
CCOC(=O)C1CCC(C(=O)OCC)CC1,-2.2512731736523346,-0.9812087045004176,1.270064469151917,1.270064469151917
CCOC(=O)OC1CCCCC1C(C)(C)C,-4.321140285962616,-5.0582472714729505,-0.7371069855103345,0.7371069855103345
CCOC1CC(C)CC(C)(C)C1,-4.134294428276824,-3.4878846910376016,0.6464097372392228,0.6464097372392228
CCSC(=O)N(CC)C1CCCCC1,-3.403700063673795,-3.4633750137358756,-0.05967495006208079,0.05967495006208079
CN(C)C(=O)NC[C@@]1(C)C[C@H](NC(=O)N(C)C)CC(C)(C)C1,-1.8938187020261745,-1.297613295767283,0.5962054062588915,0.5962054062588915
CN(C)C1CCCCC1,-0.9774880822613174,-1.1274504565469092,-0.14996237428559178,0.14996237428559178
CN(C)CCNC(=O)NC1CCCCC1,-0.6600000684582441,-1.3570996750202873,-0.6970996065620432,0.6970996065620432
CN(C)[P+](CC1CCCCC1)(N(C)C)N(C)C,-1.5071434830259207,-0.6853964949681339,0.8217469880577868,0.8217469880577868
CNC1CCCCC1,-0.3214681106870456,-0.9635057218826364,-0.6420376111955908,0.6420376111955908
COC(=O)C1CCC(C(=O)OC)CC1,-1.3871946092937257,-0.45126202158335715,0.9359325877103686,0.9359325877103686
COC1CC(C)CCC1C(C)C,-3.9301742725061803,-3.2969297497989403,0.6332445227072401,0.6332445227072401
CO[SiH](CC1CCCCC1)OC,-3.0959725127375908,-3.4567595112642033,-0.36078699852661256,0.36078699852661256
CP(=O)(F)OC1CCCCC1,-1.6874999719911916,-1.9257329582055636,-0.23823298621437194,0.23823298621437194
CS(=O)(=O)NS(=O)(=O)C1CCCCC1,-0.33000013124808003,-1.725459524380974,-1.395459393132894,1.395459393132894
C[C@@H]1CCCC[C@@H]1C,-4.2719001206952045,-4.093677794372902,0.1782223263223024,0.1782223263223024
C[C@H]1CCCC[C@@H]1C,-4.334099686299568,-4.093677658196112,0.24042202810345614,0.24042202810345614
ClC1C(Cl)C(Cl)C(Cl)C(Cl)C1Cl,-4.790399918874819,-5.011044855681636,-0.22064493680681707,0.22064493680681707
ClC1CCCCC1,-2.3752000437555347,-3.8119067735923062,-1.4367067298367715,1.4367067298367715
FC(F)(F)C1(F)C(F)(F)C(F)(F)C(F)(F)C(F)(C(F)(F)F)C1(F)F,-7.602120662954025,-5.434470785712456,2.167649877241569,2.167649877241569
ICC1CCC(CI)CC1,-5.748197324239619,-5.163000041102832,0.5851972831367878,0.5851972831367878
NC(=O)NN=CCOC1CCCCC1,-1.7400000734192727,-2.0261712386179127,-0.28617116519864005,0.28617116519864005
NC1C(O)C(O)C(O)C(O)C1O,-1.4100000000323194,-0.14680095180476194,1.2631990482275575,1.2631990482275575
NC1CCCCC1,1.0035889717571416,0.004154832159266153,-0.9994341395978754,0.9994341395978754
NCC1(CC(=O)O)CCCCC1,0.019020979900942425,-1.1624740373579274,-1.1814950172588699,1.1814950172588699
NCC1CCC(C(=O)O)CC1,0.025499999185471633,0.012810773598625147,-0.012689225586846486,0.012689225586846486
O=C(O)/C(S)=C/C1CCCCC1,-2.6700000512124493,-2.079581137175758,0.5904189140366913,0.5904189140366913
O=C(O)C1(O)CC(O)C(O)C(O)C1,0.17899983792846452,0.269798163421485,0.09079832549302047,0.09079832549302047
O=C(O)C1(O)CCCCC1,-0.332799926037477,-0.3852062016576836,-0.05240627562020661,0.05240627562020661
O=C(O)C1CCC(C(=O)O)CC1,-0.8723707673662995,-0.3179708183825083,0.5543999489837912,0.5543999489837912
O=C(O)C1CCCCC1,-1.4450320238042784,-1.691740517212097,-0.24670849340781853,0.24670849340781853
O=C(O)C1CCCCC1C(=O)O,-1.934999992987209,-1.0416820931227577,0.8933178998644513,0.8933178998644513
O=C(O)CC1(CC(=O)O)CCCCC1,-1.4722340183643927,-1.9785342826917254,-0.5063002643273327,0.5063002643273327
O=C(O)CC1CCCCC1,-1.693500057507515,-2.2311512146366232,-0.5376511571291083,0.5376511571291083
O=C(O)CSC1CCCCC1,-1.3381000170141484,-2.3521700294028793,-1.014070012388731,1.014070012388731
O=NN(CCCl)C(=O)NC1CCCCC1,-3.3699998489018506,-2.8027237035994115,0.5672761453024391,0.5672761453024391
O=P(O)(O)OC1C(O)C(O)C(O)C(O)C1O,0.10759989608085085,0.08429705153069733,-0.023302844550153523,0.023302844550153523
O=P(O)(O)O[C@H]1[C@H](OP(=O)(O)O)[C@@H](OP(=O)(O)O)[C@H](OP(=O)(O)O)[C@@H](OP(=O)(O)O)[C@H]1OP(=O)(O)O,0.18039973532316278,1.0086196147099575,0.8282198793867948,0.8282198793867948
O=S(=O)(O)CCCNC1CCCCC1,-3.0802068492137473,-1.225113862522316,1.8550929866914314,1.8550929866914314
O=S(=O)([O-])CCNC1CCCCC1,-0.07841868760953297,-0.7617701578706075,-0.6833514702610746,0.6833514702610746
O=[N+](O)OC1CCCCC1O[N+](=O)O,-2.349999916087518,-2.718635591535069,-0.36863567544755105,0.36863567544755105
O=[N+]([O-])OC1CCCC(O[N+](=O)[O-])C1,-2.329999903386685,-2.600237396947599,-0.2702374935609142,0.2702374935609142
OC1C(O)C(O)C(O)C(O)C1O,-0.09999998518850184,0.20816400384657552,0.30816398903507736,0.30816398903507736
OC1CC(O)C(O)C(O)C1O,-0.17000002964141725,0.4469165045123846,0.6169165341538019,0.6169165341538019
OC1CCCCC1,-0.37740000338397817,-0.5030617657837206,-0.12566176239974247,0.12566176239974247
OC1[C@@H](O)[C@H](O)C[C@@H](O)[C@@H]1O,-0.1738998605353248,0.4469167768659634,0.6208166374012882,0.6208166374012882
SC1CCCCC1,-3.3672139441449693,-2.9963840861345368,0.37082985801043256,0.37082985801043256
[NH3+][C@@H]1CCCC[C@@H]1[NH3+],0.8890065529403426,0.9604340024994085,0.07142744955906588,0.07142744955906588
Brc1ccccn1,-0.8806000669245697,-0.036229211788416205,0.8443708551361535,0.8443708551361535
C=Cc1ccccn1,-0.5824002697443049,0.0596623979805293,0.6420626677248342,0.6420626677248342
C=Cc1ccncc1,-0.5578998865084532,-0.38177209538341295,0.1761277911250403,0.1761277911250403
CC(=NC#N)N(C)Cc1ccc(Cl)nc1,-1.7244000689596946,-1.3040108813317703,0.4203891876279242,0.4203891876279242
CC(=NNC(=O)c1ccncc1)C(=O)O,-3.309999912931944,-1.5384868861042809,1.7715130268276633,1.7715130268276633
CC(=O)c1c(C)ncc(C(=O)O)c1C(=O)O,-1.35000009810661,-1.5988200126335725,-0.2488199145269625,0.2488199145269625
CC(CCC(=O)O)=NNC(=O)c1ccncc1,-1.5900001143398153,-1.5429995125503426,0.04700060178947263,0.04700060178947263
CCCC(=O)NNC(=O)c1ccncc1,-0.3200001248976636,-1.4677905697273297,-1.147790444829666,1.147790444829666
CCCCC(=O)NNC(=O)c1ccncc1,-1.0100000183692406,-1.6842981833195818,-0.6742981649503412,0.6742981649503412
CCCCCC(=O)NNC(=O)c1ccncc1,-1.2400000282520294,-1.9752457494052886,-0.7352457211532593,0.7352457211532593
CCCCCCC(=O)NNC(=O)c1ccncc1,-2.099999893503896,-2.319436533658655,-0.21943664015475894,0.21943664015475894
CCCCCCC(C)OC(=O)COc1nc(F)c(Cl)c(N)c1Cl,-6.429999647344848,-5.541370927133874,0.8886287202109742,0.8886287202109742
CCCCCCCC(=O)NNC(=O)c1ccncc1,-2.9100000674456545,-2.7200259905987085,0.189974076846946,0.189974076846946
CCCCCCCCC(=O)NNC(=O)c1ccncc1,-3.5199999441580974,-3.0659172314430063,0.45408271271509104,0.45408271271509104
CCCCCCCCCC(=O)NNC(=O)c1ccncc1,-4.169999982448995,-3.4039220658846614,0.7660779165643334,0.7660779165643334
CCCCCCCCCCCCNC(=O)c1cccnc1,-3.2077998793513496,-4.171404509854532,-0.9636046305031822,0.9636046305031822
CCCCCCCCCCCNC(=O)c1cccnc1,-3.0265998624142023,-3.8780933232357726,-0.8514934608215703,0.8514934608215703
CCCCCCCCCCNC(=O)c1cccnc1,-3.076499914869741,-3.5386760461126987,-0.46217613124295776,0.46217613124295776
CCCCCCCCCCOC(=O)c1cccnc1,-3.190099926667132,-4.489858970331747,-1.2997590436646154,1.2997590436646154
CCCCCCCCCNC(=O)c1cccnc1,-3.139800042135912,-3.1747034043750664,-0.03490336223915458,0.03490336223915458
CCCCCCCCCOC(=O)c1cccnc1,-3.095799900146018,-4.157265954698446,-1.0614660545524282,1.0614660545524282
CCCCCCCCNC(=O)c1cccnc1,-3.0081000115247645,-2.7667627158145844,0.24133729571018003,0.24133729571018003
CCCCCCCCOC(=O)c1cccnc1,-3.0929000154164363,-3.742391246155961,-0.6494912307395246,0.6494912307395246
CCCCCCCNC(=O)c1cccnc1,-3.2000000132983497,-2.2780782809598374,0.9219217323385123,0.9219217323385123
CCCCCCCOC(=O)c1cccnc1,-2.7428998782623544,-3.24972624459331,-0.5068263663309556,0.5068263663309556
CCCCCCNC(=O)c1cccnc1,-2.522099972269237,-1.8880953277458459,0.6340046445233911,0.6340046445233911
CCCCCCOC(=O)c1cccnc1,-2.6538000177747203,-2.7348976535003544,-0.08109763572563411,0.08109763572563411
CCCCCOC(=O)c1cccnc1,-2.3775999554029537,-2.1804494638889302,0.19715049151402342,0.19715049151402342
CCCCOC(=O)c1cccnc1,-1.8367000286099038,-1.6130058211355687,0.2236942074743351,0.2236942074743351
CCCOC(=O)c1cccnc1,-1.2403001618957954,-1.0686821375042401,0.17161802439155527,0.17161802439155527
CCN(CC)C(=O)c1cccnc1,0.7489999275486228,-0.5254007510187306,-1.2744006785673534,1.2744006785673534
CCN(Cc1ccc(Cl)nc1)/C(=C/[N+](=O)[O-])NC,0.4917998295807706,-1.8070819854528304,-2.2988818150336012,2.2988818150336012
CCOC(=O)c1cccnc1,-0.4312998660299683,-0.6806027996288178,-0.24930293359884947,0.24930293359884947
CCOC(=O)c1ccnc(C(=O)OCC)c1,-1.2184149177229582,-1.9559584860200054,-0.7375435682970473,0.7375435682970473
CCOP(=S)(OCC)Oc1nc(Cl)c(Cl)cc1Cl,-5.495600001752391,-5.7405450057379,-0.24494500398550922,0.24494500398550922
CCc1ccc(C)nc1,-1.0042605752277667,-0.0723111586063987,0.931949416621368,0.931949416621368
CCc1cccc(C)n1,-0.8234000959650465,0.14588463864364298,0.9692847346086895,0.9692847346086895
CCc1ccccn1,0.500999933470442,0.5408787615295707,0.03987882805912868,0.03987882805912868
CCc1cccnc1,0.5379999842023411,0.3637443515775254,-0.1742556326248157,0.1742556326248157
CCc1ccncc1,-0.0006001889718696418,0.29809896849500594,0.2986991574668756,0.2986991574668756
CNc1nc(OC)ccc1N,0.38192313589735694,-0.9534508362861049,-1.3353739721834619,1.3353739721834619
COC(=O)COc1nc(F)c(Cl)c(N)c1Cl,-3.951280993974203,-3.421082486129405,0.5301985078447982,0.5301985078447982
COC(=O)c1cccnc1,-0.45955083039858113,-0.23352759129569245,0.22602323910288868,0.22602323910288868
COP(=S)(OC)Oc1nc(Cl)c(Cl)cc1Cl,-4.830999803033649,-5.552511822625612,-0.7215120195919633,0.7215120195919633
COc1cc(C(Cl)(Cl)Cl)cc(Cl)n1,-4.363499982770443,-4.028177303394269,0.33532267937617366,0.33532267937617366
CSC(=O)c1c(C(F)F)nc(C(F)(F)F)c(C(=O)SC)c1CC(C)C,-5.457499914915981,-5.726802861215663,-0.26930294629968277,0.26930294629968277
Cc1c(OCC(F)(F)F)ccnc1CO,-1.7920738053198437,-2.4876270223060266,-0.6955532169861829,0.6955532169861829
Cc1cc(C)c(C)c(C)n1,-1.3069000080949922,-0.20129863055607533,1.1056013775389169,1.1056013775389169
Cc1cc(C)c(C)cn1,-0.782400124399055,0.09379456552834764,0.8761946899274027,0.8761946899274027
Cc1cc(C)nc(C)c1,-0.5394002696728721,-0.203216272103949,0.33618399756892314,0.33618399756892314
Cc1ccc(C)c(C)n1,-0.5893000753079796,0.2197491080252303,0.8090491833332099,0.8090491833332099
Cc1ccc(C)nc1,-0.029999940735586872,0.5983962967618992,0.6283962374974861,0.6283962374974861
Cc1cccc(C)n1,0.44699984470747767,0.3660947629620095,-0.08090508174546818,0.08090508174546818
Cc1ccccn1,1.0309150233723696,0.7811523569326155,-0.2497626664397541,0.2497626664397541
Cc1cccnc1,1.0308997715719603,0.9710157560940025,-0.05988401547795785,0.05988401547795785
Cc1cccnc1C,0.09380001259992232,0.46541666605512333,0.371616653455201,0.371616653455201
Cc1ccnc(C)c1,0.44709979847087356,0.2794155129937783,-0.16768428547709524,0.16768428547709524
Cc1ccncc1,1.0308997715719603,0.6864002745370974,-0.34449949703486293,0.34449949703486293
Cc1ccncc1C,-0.3140001755581294,0.45568274915113127,0.7696829247092607,0.7696829247092607
Cc1cncc(C)c1,-0.5114998243600914,0.6981795668173905,1.209679391177482,1.209679391177482
Cc1nc(C)c(C(=O)O)cc1C(=O)O,-2.809000006710868,-1.6550403277703856,1.1539596789404825,1.1539596789404825
Cc1ncc(CO)c(C=NC(C(=O)O)C(C)C)c1O,-1.6000001206902317,-2.52264079838821,-0.9226406776979785,0.9226406776979785
Cc1ncc(CO)c(C=O)c1O,0.43294994064127046,-0.768180271699717,-1.2011302123409875,1.2011302123409875
Cc1ncc(CO)c(CO)c1O,-0.11171282319558351,-0.08752591892885597,0.024186904266727538,0.024186904266727538
Clc1cc(Cl)c(Cl)nc1Cl,-3.861424603333238,-5.323493511217373,-1.4620689078841353,1.4620689078841353
Clc1cccc(C(Cl)(Cl)Cl)n1,-3.5061082434769375,-3.485903420884896,0.020204822592041705,0.020204822592041705
Clc1ccccn1,-0.7541456194339187,-0.17507070857030715,0.5790749108636115,0.5790749108636115
N#Cc1cccnc1,0.11279994295964002,0.5856144709582822,0.4728145279986422,0.4728145279986422
N#Cc1ccncc1,-0.41540013645699236,0.6665296297861638,1.0819297662431562,1.0819297662431562
NC(=O)c1ccccn1,0.1684997904074903,-0.21637966527137387,-0.38487945567886417,0.38487945567886417
NC(=O)c1cccnc1,0.6121583230953833,-0.009346279445789918,-0.6215046025411732,0.6215046025411732
NCc1ccccn1,0.966000092588017,0.6667758374213402,-0.29922425516667683,0.29922425516667683
NCc1ccncc1,0.966000092588017,0.8917616817428264,-0.07423841084519056,0.07423841084519056
NNC(=O)c1cccnc1,-0.13719994344719222,-0.19899261280492508,-0.061792669357732866,0.061792669357732866
NNC(=O)c1ccncc1,-0.039999947086003296,-0.2050726340966076,-0.1650726870106043,0.1650726870106043
Nc1c(Cl)c(Cl)nc(C(=O)O)c1Cl,-2.749399902816643,-2.9288118355266635,-0.17941193271002032,0.17941193271002032
Nc1c(Cl)c(F)nc(OCC(=O)O)c1Cl,-3.4474999662059727,-2.6571609971131007,0.7903389690928719,0.7903389690928719
Nc1cc(Cl)nc(C(=O)O)c1Cl,-0.004250271634077318,-2.6930491643598136,-2.6887988927257362,2.6887988927257362
Nc1cccc(N)n1,-0.07999997248766899,-0.2169039459104387,-0.13690397342276972,0.13690397342276972
Nc1ccccn1,0.9756996929410886,0.3475423095321535,-0.6281573834089351,0.6281573834089351
Nc1cccnc1,1.0262997196271244,0.574006489079014,-0.45229323054811044,0.45229323054811044
Nc1cccnc1N,-1.750000079769689,0.017288266433030053,1.7672883462027191,1.7672883462027191
Nc1ccncc1,-0.052900246696369724,0.6151809031121855,0.6680811498085553,0.6680811498085553
Nc1ncccc1O,-0.3461060324801588,-0.2639974202702602,0.08210861220989862,0.08210861220989862
O=C(O)COc1nc(Cl)c(Cl)cc1Cl,-2.765599953276471,-3.0123349160477226,-0.24673496277125162,0.24673496277125162
O=C(O)c1ccc(C(=O)O)nc1,-2.129600029413168,-1.8991835228200984,0.23041650659306945,0.23041650659306945
O=C(O)c1cccc(C(=O)O)n1,-1.524099944484389,-1.7897502207628653,-0.26565027627847626,0.26565027627847626
O=C(O)c1ccccn1,0.891999718770641,-0.9190031471173223,-1.8110028658879633,1.8110028658879633
O=C(O)c1cccnc1,-0.8350000434137423,-0.7839029714465151,0.05109707196722724,0.05109707196722724
O=C(O)c1cccnc1C(=O)O,-1.4800000444852346,-1.5824540137338021,-0.10245396924856753,0.10245396924856753
O=C(O)c1ccnc(C(=O)O)c1,-1.8267999760228832,-1.6242439468549148,0.20255602916796844,0.20255602916796844
O=C(O)c1ccnc(C(=O)O)c1C(=O)O,-1.2450000314272376,-1.4591200573715086,-0.21412002594427104,0.21412002594427104
O=C(O)c1ccncc1,-1.3759672415407396,-0.7131150080903192,0.6628522334504203,0.6628522334504203
O=C(O)c1ccncc1C(=O)O,-1.8538000204043654,-1.5091693851213417,0.34463063528302373,0.34463063528302373
O=C(O)c1cncc(C(=O)O)c1,-2.22300008055545,-1.8141307684240735,0.40886931213137667,0.40886931213137667
O=C(O)c1nc(Cl)ccc1Cl,-1.3884000462332071,-2.3981868900659604,-1.0097868438327533,1.0097868438327533
OC(=S)c1cccnc1,-1.3801000709212552,-1.6816607112631112,-0.30156064034185603,0.30156064034185603
OCc1cccnc1,0.9620637663145586,0.5394804982563448,-0.4225832680582138,0.4225832680582138
OCc1ccncc1,0.9620999893405311,0.6227024918961126,-0.3393974974444185,0.3393974974444185
Oc1cccnc1,-0.4557000231488453,0.13839627699632162,0.5940963001451669,0.5940963001451669
c1ccncc1,0.5795434373346984,1.021152781696189,0.4416093443614906,0.4416093443614906
C=C(C)C(=O)OCCCOc1ccc(C(C)(C)c2ccc(OCCCOC(=O)C(=C)C)cc2)cc1,-7.456474956714596,-6.610510696966052,0.845964259748544,0.845964259748544
C=C(C)C(=O)OCCOc1ccc(C(C)(C)c2ccc(OCCOC(=O)C(=C)C)cc2)cc1,-5.379201801626165,-6.4310716310307505,-1.0518698294045858,1.0518698294045858
C=CC(=O)OCCOc1ccc(C(C)(C)c2ccc(OCCOC(=O)C=C)cc2)cc1,-5.999481630123766,-5.964496723520929,0.03498490660283693,0.03498490660283693
C=CCc1cc(C(C)(C)c2ccc(O)c(CC=C)c2)ccc1O,-3.9963836317618657,-4.996000316345888,-0.999616684584022,0.999616684584022
CC(=O)OCCOc1ccc(C(C)(C)c2ccc(OCCOC(C)=O)cc2)cc1,-8.058502737779685,-5.610071572662644,2.448431165117041,2.448431165117041
CC(Br)(CBr)COc1c(Br)cc(C(C)(C)c2cc(Br)c(OCC(C)(Br)CBr)c(Br)c2)cc1Br,-7.68649062692816,-8.418182678586085,-0.7316920516579248,0.7316920516579248
CC(C)(C)c1cc(Cc2cc(C(C)(C)C)c(O)c(C(C)(C)C)c2)cc(C(C)(C)C)c1O,-8.628050720459143,-6.848198567492585,1.7798521529665576,1.7798521529665576
CC(C)(O)C(=O)c1ccc(Cc2ccc(C(=O)C(C)(C)O)cc2)cc1,-4.536378323347595,-3.1009849335337796,1.4353933898138154,1.4353933898138154
CC(C)(c1cc(Br)c(O)c(Br)c1)c1cc(Br)c(O)c(Br)c1,-6.483818348624375,-5.881804185238222,0.6020141633861531,0.6020141633861531
CC(C)(c1cc(Br)c(OCC(Br)CBr)c(Br)c1)c1cc(Br)c(OCC(Br)CBr)c(Br)c1,-9.816434512961749,-8.707423813324226,1.1090106996375226,1.1090106996375226
CC(C)(c1ccc(O)cc1)c1ccc(O)cc1,-4.238636897240341,-3.5006732575922923,0.7379636396480489,0.7379636396480489
CC(C)(c1ccc(OC#N)cc1)c1ccc(OC#N)cc1,-5.469558097260898,-5.996278479684262,-0.5267203824233642,0.5267203824233642
CC(C)(c1ccc(OCCO)cc1)c1ccc(OCCO)cc1,-3.4517905223527734,-3.864717902807303,-0.4129273804545295,0.4129273804545295
CC(C)(c1ccccc1)c1ccc(O)cc1,-4.096484602266951,-3.7870283635891706,0.3094562386777806,0.3094562386777806
CC(C)CC(c1ccc(O)cc1)c1ccc(O)cc1,-3.367399893550851,-4.177613626742534,-0.8102137331916834,0.8102137331916834
CC(C)OC(=O)C(O)(c1ccc(Br)cc1)c1ccc(Br)cc1,-4.933000031220043,-5.348586808194131,-0.41558677697408797,0.41558677697408797
CC(C)OC(=O)C(O)(c1ccc(Cl)cc1)c1ccc(Cl)cc1,-5.354399922978653,-5.064210453079356,0.29018946989929706,0.29018946989929706
CC(C)OC(=O)C(O)(c1ccc(Cl)cc1)c1cccc(Cl)c1,-4.530000074887198,-4.813820283994196,-0.2838202091069979,0.2838202091069979
CC(O)COc1ccc(C(C)(C)c2ccc(OCC(C)O)cc2)cc1,-3.499700989360405,-3.9192641966724207,-0.4195632073120157,0.4195632073120157
CC(c1ccc(OC#N)cc1)c1ccc(OC#N)cc1,-5.217950780032371,-5.752205007150707,-0.5342542271183355,0.5342542271183355
CC(c1ccccc1)c1ccccc1,-4.692503786766383,-4.332204241568361,0.3602995451980222,0.3602995451980222
CCCC(c1cc(C(C)(C)C)c(O)cc1C)c1cc(C(C)(C)C)c(O)cc1C,-7.980671166170243,-6.498412687494474,1.482258478675769,1.482258478675769
CCCCCCCCCCCCCCCCCCNC(=O)Nc1ccc(Cc2ccc(NC(=O)NCCCCCCCCCCCCCCCCCC)cc2)cc1,-5.942994408479793,-6.610804294123929,-0.6678098856441359,0.6678098856441359
CCOC(=O)C(O)(c1ccc(Cl)cc1)c1ccc(Cl)cc1,-4.511999954515017,-4.990591374272209,-0.4785914197571923,0.4785914197571923
CCc1cc(Cc2cc(CC)c(N)c(CC)c2)cc(CC)c1N,-5.84858794277569,-5.067573747423156,0.781014195352534,0.781014195352534
CCc1cc(Cc2cc(CC)c(N)c(CC)c2Cl)c(Cl)c(CC)c1N,-7.278038424302617,-5.817876263823205,1.4601621604794115,1.4601621604794115
CCc1cc(Cc2cc(CC)cc(C(C)(C)C)c2O)c(O)c(C(C)(C)C)c1,-5.566509162451123,-6.6269687513754345,-1.0604595889243118,1.0604595889243118
CCc1ccc(C(c2ccc(CC)cc2)C(Cl)Cl)cc1,-7.039999762366673,-7.0840736525990575,-0.04407389023238473,0.04407389023238473
CN(C)C(=O)C(c1ccccc1)c1ccccc1,-2.980000001254928,-3.1167247234676436,-0.13672472221271548,0.13672472221271548
CN(C)CCOC(c1ccccc1)c1ccccc1,-2.950000033269975,-3.0893833519636114,-0.1393833186936364,0.1393833186936364
COc1ccc(C(c2ccc(OC)cc2)C(C)[N+](=O)[O-])cc1,-4.54459999700566,-4.714451263731961,-0.16985126672630102,0.16985126672630102
COc1ccc(C(c2ccc(OC)cc2)C(Cl)(Cl)Cl)cc1,-6.538599819804731,-6.321142645460219,0.21745717434451262,0.21745717434451262
Cc1c(Cl)ccc(Cc2c(Cl)cccc2Cl)c1Cl,-7.989999820949077,-7.467451622998356,0.5225481979507212,0.5225481979507212
Cc1c(Cl)ccc(Cc2ccc(Cl)cc2Cl)c1Cl,-7.399999990981664,-7.722160230427939,-0.3221602394462746,0.3221602394462746
Cc1cc(C(C)(C)c2cc(C)c(O)c(C)c2)cc(C)c1O,-4.952868905672715,-4.888328052528756,0.06454085314395908,0.06454085314395908
Cc1cc(C)c(O)c(C(c2cc(C)cc(C)c2O)C(C)C)c1,-6.167340494244831,-4.93395463051351,1.2333858637313213,1.2333858637313213
Cc1cc(Cc2c(Cl)cccc2Cl)c(Cl)cc1Cl,-8.35999923885375,-7.6866965262336855,0.6733027126200639,0.6733027126200639
Cc1cc(Cc2cc(C)c(O)c(C)c2)cc(C)c1O,-3.4088248728764583,-4.216909073436012,-0.8080842005595539,0.8080842005595539
Cc1cc(Cc2cc(C)cc(C(C)(C)C)c2O)c(O)c(C(C)(C)C)c1,-7.231099919129097,-5.869752539379194,1.361347379749903,1.361347379749903
Cc1cc(Cc2cc(Cl)ccc2Cl)c(Cl)cc1Cl,-8.060000137755571,-7.929943133302201,0.13005700445336998,0.13005700445336998
Cc1cc(Cc2ccc(Cl)cc2)c(Cl)c(Cl)c1Cl,-8.180000213960568,-7.97657224481028,0.2034279691502885,0.2034279691502885
Cc1cc(Cc2ccc(Cl)cc2Cl)c(Cl)cc1Cl,-7.489999503428255,-7.911381692204248,-0.4213821887759934,0.4213821887759934
Cc1cc(Cc2ccc(N)c(C)c2)ccc1N,-4.150608475731451,-2.632464587388955,1.5181438883424958,1.5181438883424958
Cc1cc(Cl)c(Cc2cc(Cl)ccc2Cl)cc1Cl,-8.029999301643585,-7.925194921010533,0.10480438063305186,0.10480438063305186
Cc1cc(Cl)c(Cl)c(Cl)c1Cc1ccc(Cl)cc1,-7.439999744029752,-7.807842666297999,-0.3678429222682471,0.3678429222682471
Cc1cc(Cl)c(Cl)c(Cl)c1Cc1ccccc1Cl,-7.239999617021423,-7.563772734360967,-0.3237731173395435,0.3237731173395435
Cc1cc(O)c(Cc2ccccc2)c(C)c1Cl,-4.30089992122855,-4.606566019416258,-0.3056660981877082,0.3056660981877082
Cc1ccccc1Cc1ccccc1,-4.692503786766383,-4.482677278814081,0.20982650795230207,0.20982650795230207
Clc1ccc(C(c2ccc(Cl)cc2)C(Cl)(Cl)Cl)cc1,-7.809199531827257,-6.970746783780228,0.838452748047029,0.838452748047029
Clc1ccc(C(c2ccc(Cl)cc2)C(Cl)Cl)cc1,-7.199999591619758,-7.000802635315118,0.19919695630463963,0.19919695630463963
Clc1ccc(C(c2ccccc2Cl)C(Cl)(Cl)Cl)cc1,-7.129999819520421,-6.582433221827094,0.5475665976933275,0.5475665976933275
Clc1ccc(C(c2ccccc2Cl)C(Cl)Cl)cc1,-6.505199738676553,-6.592012441898364,-0.08681270322181067,0.08681270322181067
Fc1ccc(Cc2ccc(F)cc2)cc1,-6.912155903094105,-4.892366375217451,2.019789527876654,2.019789527876654
N#CC(c1ccccc1)c1ccccc1,-2.943700060930316,-3.9947813075697725,-1.0510812466394563,1.0510812466394563
Nc1ccc(Cc2ccc(N)c(Cl)c2)cc1Cl,-4.286890461668785,-3.3915318504830685,0.8953586111857161,0.8953586111857161
Nc1ccc(Cc2ccc(N)cc2)cc1,-2.29293346646997,-2.1826815376434534,0.11025192882651647,0.11025192882651647
O=C(O)C(=O)C(c1ccccc1)c1ccccc1,-2.3354001301458442,-2.8439052669140246,-0.5085051367681803,0.5085051367681803
O=C(O)C(CCBr)(c1ccccc1)c1ccccc1,-4.069491298636542,-3.927728128838771,0.14176316979777148,0.14176316979777148
O=C(O)C(O)(c1ccccc1)c1ccccc1,-2.209199924720943,-1.666005146673471,0.5431947780474717,0.5431947780474717
O=C(O)C(c1ccccc1)c1ccccc1,-3.2230398323798397,-2.9119834823827926,0.3110563499970471,0.3110563499970471
O=C(O)CC(C(=O)O)(c1ccccc1)c1ccccc1,-2.431799883604315,-2.4536199671834398,-0.021820083579124905,0.021820083579124905
O=C(O)CCCC(C(=O)O)(c1ccccc1)c1ccccc1,-3.173700070813105,-2.97914519401492,0.19455487679818484,0.19455487679818484
O=C(O)c1ccccc1C(C(=O)O)c1ccccc1C(=O)O,-2.4997999676401834,-1.8952779725010371,0.6045219951391463,0.6045219951391463
OC(c1ccc(Cl)cc1)(c1ccc(Cl)cc1)C(Cl)(Cl)Cl,-5.6656997911192875,-5.462361426296402,0.20333836482288525,0.20333836482288525
OC(c1ccccc1)c1ccc(Cl)cc1,-3.488599993667952,-3.440554677594649,0.0480453160733032,0.0480453160733032
OC(c1ccccc1)c1ccccc1,-2.5494000822060907,-2.393149982980834,0.1562500992252569,0.1562500992252569
Oc1c(Cl)cc(Cl)c(Cl)c1Cc1c(O)c(Cl)cc(Cl)c1Cl,-3.4633998659999357,-5.398979029099593,-1.935579163099657,1.935579163099657
Oc1c(Cl)cc(Cl)cc1Cc1ccccc1,-4.639900190978382,-4.564565148448415,0.07533504252996703,0.07533504252996703
Oc1ccc(C(c2ccc(O)cc2)(C(F)(F)F)C(F)(F)F)cc1,-3.1795029382942266,-3.988033202949453,-0.8085302646552264,0.8085302646552264
Oc1ccc(Cc2ccccc2)cc1,-3.40089986035403,-3.3463856361228084,0.054514224231221764,0.054514224231221764
Oc1ccc(Cl)cc1Cc1cc(Cl)ccc1O,-3.9527999779712033,-3.3934237546177517,0.5593762233534516,0.5593762233534516
Oc1ccc(Cl)cc1Cc1ccccc1,-3.166599966214369,-3.780716705578774,-0.6141167393644049,0.6141167393644049
c1ccc(Cc2ccccc2)cc1,-4.169999982448995,-4.331860667528787,-0.1618606850797919,0.1618606850797919
C=CCN(CC=C)c1cc(NC(C)=O)c(N=Nc2c(Br)cc([N+](=O)[O-])cc2[N+](=O)[O-])cc1OC,-7.009332477047522,-6.88382350500545,0.12550897204207168,0.12550897204207168
C=CCN(CC=C)c1cc(NC(C)=O)c(N=Nc2c(Cl)cc([N+](=O)[O-])cc2[N+](=O)[O-])cc1OC,-4.388179166130734,-6.868847326417965,-2.480668160287231,2.480668160287231
C=CCN(CCC#N)c1cc(NC(C)=O)c(N=Nc2c(Br)cc([N+](=O)[O-])cc2[N+](=O)[O-])cc1OC,-8.899999581776237,-6.835278113717392,2.0647214680588455,2.0647214680588455
CC(=O)Nc1cc(N(CCOC(C)=O)CCOC(C)=O)ccc1N=Nc1ccc([N+](=O)[O-])cc1Cl,-6.963714886730866,-6.353770059485526,0.6099448272453403,0.6099448272453403
CC(=O)OCCN(CCC#N)c1ccc(N=Nc2c(Cl)cc([N+](=O)[O-])cc2Cl)cc1,-7.051424450287453,-6.816012093911251,0.23541235637620161,0.23541235637620161
CC(=O)OCCN(CCC#N)c1ccc(N=Nc2ccc([N+](=O)[O-])cc2)cc1,-4.2803415836913095,-5.6239463533777245,-1.343604769686415,1.343604769686415
CC(=O)OCCN(CCOC(C)=O)c1ccc(N=Nc2ccc([N+](=O)[O-])cc2C#N)cc1,-7.300464835036401,-6.315720630414761,0.9847442046216397,0.9847442046216397
CCCCN(CCOC(C)=O)c1ccc(N=Nc2c(C#N)cc([N+](=O)[O-])cc2C#N)c(C)c1,-8.880899970006702,-7.375673369329046,1.5052266006776556,1.5052266006776556
CCN(CC)c1cc(NC(C)=O)c(N=Nc2c(Cl)cc([N+](=O)[O-])cc2[N+](=O)[O-])cc1OC,-4.667327830478479,-6.654502336417659,-1.9871745059391799,1.9871745059391799
CCN(CC)c1ccc(N=Nc2c(Br)cc([N+](=O)[O-])cc2[N+](=O)[O-])c(NC(C)=O)c1,-7.3795688425656945,-6.584655082322414,0.7949137602432801,0.7949137602432801
CCN(CC)c1ccc(N=Nc2c(C#N)cc(C)cc2C#N)c(NS(C)(=O)=O)c1,-7.233104986175745,-6.611819628265453,0.6212853579102919,0.6212853579102919
CCN(CC)c1ccc(N=Nc2c(C#N)cc([N+](=O)[O-])cc2C#N)c(C)c1,-7.472819712035225,-7.046956762181882,0.42586294985334305,0.42586294985334305
CCN(CC)c1ccc(N=Nc2c(C#N)cc([N+](=O)[O-])cc2C#N)c(NC(C)=O)c1,-8.102752568423934,-6.90201345582201,1.2007391126019247,1.2007391126019247
CCN(CC)c1ccc(N=Nc2c(C#N)cc([N+](=O)[O-])cc2[N+](=O)[O-])c(NC(C)=O)c1,-6.327772548627367,-6.68082857804535,-0.3530560294179832,0.3530560294179832
CCN(CC)c1ccc(N=Nc2c(Cl)cc([N+](=O)[O-])cc2[N+](=O)[O-])c(NC(C)=O)c1,-7.115885095302474,-6.61067247499182,0.5052126203106537,0.5052126203106537
CCN(CC)c1ccc(N=Nc2ccccc2)cc1,-5.982115276529302,-5.072672070240287,0.9094432062890148,0.9094432062890148
CCN(CCC#N)c1ccc(N=Nc2c(Br)cc([N+](=O)[O-])cc2Br)cc1,-4.381248448435873,-6.7652761627894265,-2.3840277143535538,2.3840277143535538
CCN(CCC#N)c1ccc(N=Nc2ccc([N+](=O)[O-])cc2)cc1,-7.208650903048277,-5.477692209243401,1.730958693804876,1.730958693804876
CCN(CCC#N)c1ccc(N=Nc2ccc([N+](=O)[O-])cc2Cl)cc1,-4.252611631718818,-6.294576460329662,-2.041964828610844,2.041964828610844
CCN(CCO)c1ccc(N=Nc2ccc([N+](=O)[O-])cc2)cc1,-6.293000077815943,-4.959469258476571,1.333530819339372,1.333530819339372
CCN(CCOC(C)OCC(C)C)c1ccc(N=Nc2ccccc2)cc1,-7.090503648239414,-5.377739535261936,1.712764112977478,1.712764112977478
CCN(CC[N+](C)(C)C)c1ccc(N=Nc2ccc([N+](=O)[O-])cc2Cl)cc1,-3.038699605276906,-3.019330198562843,0.019369406714063064,0.019369406714063064
CCN(CC[N+](C)(C)CC(C)O)c1ccc(N=Nc2ccc([N+](=O)[O-])cc2Cl)cc1,-0.5625200926181155,-2.207729079218984,-1.6452089866008683,1.6452089866008683
CCOc1cc(N=Nc2cc([N+](=O)[O-])cc([N+](=O)[O-])c2Br)c(NC(C)=O)cc1N(CCOC(C)=O)CCOC(C)=O,-8.833599779280622,-6.38191289948338,2.4516868797972418,2.4516868797972418
CN(C)c1ccc(N=Nc2ccc(N)cc2)cc1,-4.593999761470211,-4.180799346552999,0.4132004149172115,0.4132004149172115
CN(C)c1ccc(N=Nc2ccc(S(=O)(=O)O)cc2)cc1,-3.85999985367448,-2.631991100692324,1.2280087529821562,1.2280087529821562
CN(C)c1ccc(N=Nc2ccccc2)cc1,-5.249999851233234,-4.876962465334562,0.3730373858986722,0.3730373858986722
COC(=O)CCN(CCC(=O)OC)c1ccc(N=Nc2c(Cl)cc([N+](=O)[O-])cc2Br)cc1,-7.100221496282261,-6.859416811400684,0.24080468488157702,0.24080468488157702
COC(=O)CCN(CCC(=O)OC)c1ccc(N=Nc2ccc([N+](=O)[O-])cc2[N+](=O)[O-])c(NC(C)=O)c1,-7.33283133433328,-6.395583959721567,0.9372473746117125,0.9372473746117125
COC(=O)CN(CC(=O)OC)c1ccc(N=Nc2ccc([N+](=O)[O-])cc2C#N)c(NC(C)=O)c1,-5.193519438428729,-6.418318674706479,-1.2247992362777502,1.2247992362777502
COc1cc(N=Nc2c(Br)cc([N+](=O)[O-])cc2[N+](=O)[O-])c(NC(C)=O)cc1N(CCOC(C)=O)CCOC(C)=O,-5.4951198423930805,-6.4306039999360625,-0.935484157542982,0.935484157542982
COc1cc(N=Nc2c(Cl)cc([N+](=O)[O-])cc2[N+](=O)[O-])c(NC(C)=O)cc1N(CCOC(C)=O)CCOC(C)=O,-5.4630997768483525,-6.424970093806348,-0.9618703169579952,0.9618703169579952
Cc1cc(N(CCO)CCO)ccc1N=Nc1c(Cl)cc([N+](=O)[O-])cc1Cl,-5.95919971876811,-6.01240399037401,-0.053204271605900466,0.053204271605900466
Cc1cc(N(CCO)CCO)ccc1N=Nc1ccc([N+](=O)[O-])cc1Cl,-6.570000008604257,-5.4498658441040355,1.1201341645002216,1.1201341645002216
Cc1cc(N(CCO)CCO)ccc1N=Nc1ccccc1,-4.125399973190888,-4.208953216870793,-0.08355324367990491,0.08355324367990491
Cc1cc(N)ccc1N=Nc1ccc(N)cc1,-7.532414760366144,-3.8661327796488316,3.666281980717313,3.666281980717313
Cc1cc(N=Nc2ccccc2C)ccc1N,-4.050000110509182,-4.840985919351549,-0.7909858088423674,0.7909858088423674
Cc1ccc(N=Nc2cc(C)ccc2N)cc1,-3.9030999436860982,-5.103423648992056,-1.2003237053059577,1.2003237053059577
Cc1cccc(N=Nc2ccc(N(C)C)cc2)c1,-5.776899578488196,-4.896866201045311,0.880033377442885,0.880033377442885
Clc1ccc(N=Nc2ccccc2)cc1,-5.7023000267976025,-5.757881400438703,-0.055581373641100384,0.055581373641100384
N#CC(C#N)=NNc1ccc(N=Nc2ccccc2)cc1,-4.92000005019986,-6.067621499633921,-1.1476214494340606,1.1476214494340606
N#CCCN(CCC#N)c1ccc(N=Nc2c(Cl)cc([N+](=O)[O-])cc2Cl)cc1,-7.1152524179390735,-6.786779839598456,0.3284725783406177,0.3284725783406177
N#CCCN(CCC#N)c1ccc(N=Nc2ccc([N+](=O)[O-])cc2Cl)cc1,-4.2819541892310005,-6.241520349070592,-1.959566159839592,1.959566159839592
N#CCCN(CCO)c1ccc(N=Nc2ccc([N+](=O)[O-])cc2Cl)cc1,-6.130000001539512,-5.726025291748375,0.4039747097911377,0.4039747097911377
N#CCCOCCN(CCC#N)c1ccc(N=Nc2ccc([N+](=O)[O-])cc2)cc1,-4.593749877061721,-5.320954222626037,-0.7272043455643162,0.7272043455643162
Nc1cc(N)c(S(=O)(=O)[O-])cc1N=Nc1cc([N+](=O)[O-])ccc1O,-0.7639423138378092,-2.24186601295443,-1.4779236991166207,1.4779236991166207
Nc1ccc(N=Nc2ccc(S(=O)(=O)[O-])cc2)cc1S(=O)(=O)[O-],-0.5243238649684119,-0.11485877938355271,0.40946508558485917,0.40946508558485917
Nc1ccc(N=Nc2ccccc2)c(N)c1,-3.5461828256707824,-3.5652167321394472,-0.019033906468664874,0.019033906468664874
Nc1ccc(N=Nc2ccccc2)cc1,-3.7597031290346785,-4.119609259488217,-0.3599061304535387,0.3599061304535387
O=C(O)c1c(Cl)cccc1N=Nc1ccc(O)cc1,-2.9999999799115638,-4.145163378720195,-1.1451633988086312,1.1451633988086312
O=C(O)c1cc(Cl)ccc1N=Nc1ccc(O)cc1,-3.85999985367448,-4.495065553696426,-0.6350657000219457,0.6350657000219457
O=C(O)c1cc(N=Nc2ccccc2)ccc1O,-3.0499999302767367,-3.941272544662846,-0.8912726143861094,0.8912726143861094
O=C(O)c1ccc(Cl)c(N=Nc2ccc(O)cc2)c1,-4.079999857206852,-4.469495637956881,-0.3894957807500292,0.3894957807500292
O=C(O)c1ccc(N=Nc2ccc(O)cc2)cc1,-4.37999997963095,-4.02475354655599,0.35524643307496007,0.35524643307496007
O=C(O)c1ccc(N=Nc2ccc(O)cc2)cc1Cl,-2.619999883283578,-4.275534270673057,-1.655534387389479,1.655534387389479
O=C(O)c1cccc(N=Nc2ccc(O)cc2)c1,-3.8499998473240638,-3.810471334055583,0.039528513268480836,0.039528513268480836
O=C(O)c1ccccc1N=Nc1ccc(O)cc1,-3.3299998915885793,-3.864237879624782,-0.5342379880362027,0.5342379880362027
Oc1ccc(N=Nc2ccccc2)c(O)c1,-3.0799998987936306,-4.078216826415268,-0.9982169276216375,0.9982169276216375
Oc1ccc(N=Nc2ccccc2)cc1,-3.9499999789166225,-4.279998554358893,-0.3299985754422705,0.3299985754422705
c1ccc(N=Nc2ccccc2)cc1,-4.454400032325121,-4.969720102473002,-0.5153200701478813,0.5153200701478813
C#CC1(O)CCC2C3CCC4=CC(=O)CCC4(C)C3CCC21C,-5.65999970306994,-4.569527566829758,1.090472136240182,1.090472136240182
C#CC1(O)CCC2C3CCC4=CC(=O)CCC4(O)C3CCC21C,-4.570000100288864,-3.123603234385881,1.4463968659029827,1.4463968659029827
C#CC1(O)CCC2C3CCC4=CC(=O)CCC4C3CCC21C,-4.630000002214572,-4.485744524817796,0.14425547739677658,0.14425547739677658
C#CC1(O)CCC2C3CCC4=CC(=O)CCC4C3CCC21CC,-5.189999949307525,-4.646702766314449,0.5432971829930766,0.5432971829930766
C#CC1(OC(=O)C(C)(C)C)CCC2C3CCC4=CC(=O)CCC4C3CCC21C,-7.159999566218092,-5.569180951058515,1.5908186151595771,1.5908186151595771
C#CC1(OC(=O)CCCCCC)CCC2C3CCC4=CC(=O)CCC4C3CCC21C,-6.889999667110426,-5.728334033035312,1.1616656340751144,1.1616656340751144
C#CC1(OC(C)=O)CCC2C3CCC4=CC(=O)CCC4C3CCC21C,-4.789999831467657,-4.81754444682982,-0.027544615362162794,0.027544615362162794
C#C[C@]1(O)CC[C@H]2[C@@H]3CCC4=CC(=O)CC[C@@H]4[C@H]3CC[C@@]21C,-4.627099845131411,-4.485744388641006,0.14135545649040537,0.14135545649040537
C#C[C@]1(O)CC[C@H]2[C@@H]3CCC4=CC(=O)CC[C@@H]4[C@H]3CC[C@@]21CC,-5.256699885446907,-4.646702766314449,0.6099971191324585,0.6099971191324585
C#C[C@]1(O)CC[C@H]2[C@@H]3CCC4=CC(=O)CC[C@]4(C)[C@H]3CC[C@@]21C,-5.657599723334126,-4.569527566829758,1.088072156504368,1.088072156504368
C#C[C@]1(OC(C)=O)CC[C@H]2[C@@H]3CCC4=CC(=O)CC[C@@H]4[C@H]3CC[C@@]21C,-4.804099984769141,-4.81754444682982,-0.013444462060679285,0.013444462060679285
CC(=O)C1(O)CCC2C3CCC4=CC(=O)CCC4(C)C3CCC21C,-4.709999916841115,-4.184381613174102,0.525618303667013,0.525618303667013
CC(=O)C1CCC2C3CCC4=CC(=O)CC(O)C4(C)C3CCC12C,-3.819999896361209,-4.225239960879151,-0.4052400645179417,0.4052400645179417
CC(=O)C1CCC2C3CCC4=CC(=O)CCC4(C)C3C(O)CC12C,-3.819999896361209,-4.081445578091173,-0.26144568172996374,0.26144568172996374
CC(=O)C1CCC2C3CCC4=CC(=O)CCC4(C)C3CCC12C,-4.429999739029454,-4.5858380055994665,-0.15583826657001243,0.15583826657001243
CC(=O)C1CC[C@H]2[C@@H]3CCC4=CC(=O)CC[C@]4(C)[C@H]3[C@H](O)C[C@]12C,-3.82019994006479,-4.081445441914384,-0.2612455018495936,0.2612455018495936
CC(=O)OC1(C(C)=O)CCC2C3CCC4=CC(=O)CCC4(C)C3CCC21C,-5.566810385509204,-4.454783778517559,1.1120266069916456,1.1120266069916456
CC(=O)OC1(C)CCC2C3CCC4=CC(=O)CCC4(C)C3CCC21C,-5.2800001426380625,-4.74490134707207,0.5350987955659923,0.5350987955659923
CC(=O)OC1CCC2C3CCC4=CC(=O)CCC4(C)C3CCC12C,-5.183999863791202,-4.738411025114024,0.44558883867717825,0.44558883867717825
CC(=O)OCC(=O)C1(O)CCC2C3CCC4=CC(=O)CCC4(C)C3C(O)CC21C,-4.60999998951374,-3.6311179914091882,0.9788819981045513,0.9788819981045513
CC(=O)OCC(=O)C1CCC2C3CCC4=CC(=O)CCC4(C)C3CCC12C,-4.969999673421574,-4.708149001920031,0.2618506715015432,0.2618506715015432
CC(=O)OCC(=O)[C@@]1(O)CC[C@H]2[C@@H]3CCC4=CC(=O)CC[C@]4(C)[C@H]3[C@@H](O)C[C@@]21C,-4.457699732108286,-3.6311179233207938,0.8265818087874921,0.8265818087874921
CC(=O)OCC(=O)[C@H]1CC[C@H]2[C@@H]3CCC4=CC(=O)CC[C@]4(C)[C@H]3CC[C@]12C,-4.6300996836243895,-4.708149001920031,-0.07804931829564143,0.07804931829564143
CC(=O)O[C@]1(C(C)=O)CC[C@H]2[C@@H]3CCC4=CC(=O)CC[C@@H]4[C@H]3CC[C@@]21C,-4.995753700180343,-4.423270699159646,0.5724830010206965,0.5724830010206965
CC(=O)[C@@]1(O)CC[C@H]2[C@@H]3CCC4=CC(=O)CC[C@]4(C)[C@H]3CC[C@@]21C,-4.707600073282091,-4.184381476997312,0.5232185962847788,0.5232185962847788
CC(=O)[C@H]1CC[C@H]2[C@@H]3CCC4=CC(=O)CC[C@]4(C)[C@H]3CC[C@]12C,-4.552599838673846,-4.585837869422678,-0.033238030748831804,0.033238030748831804
CC(C)(C)CC(=O)OCC(=O)C1(O)CCC2C3CCC4=CC(=O)CCC4(C)C3C(O)CC21C,-5.511099643918205,-4.394687191071398,1.1164124528468067,1.1164124528468067
CC(O)C1(O)CCC2C3CCC4=CC(=O)CCC4(C)C3CCC21C,-4.1599997718333945,-4.197968924686828,-0.037969152853433386,0.037969152853433386
CC12CCC(=O)C=C1CCC1C2C(O)CC2(C)C(C(=O)CO)CCC12,-3.2399999876337198,-4.077058915175276,-0.8370589275415563,0.8370589275415563
CC12CCC(=O)C=C1CCC1C2C(O)CC2(C)C1CCC2(O)C(=O)CO,-3.089999892377473,-3.4687793598429137,-0.3787794674654408,0.3787794674654408
CC12CCC(=O)C=C1CCC1C2C(O)CC2(C=O)C(C(=O)CO)CCC12,-3.8499998473240638,-3.610995725995701,0.2390041213283629,0.2390041213283629
CC12CCC(=O)C=C1CCC1C2CCC2(C)C(C(=O)CO)CCC12,-3.7499999199966885,-4.408090527741688,-0.6580906077449997,0.6580906077449997
CC12CCC(=O)C=C1CCC1C2CCC2(C)C(O)CCC12,-4.019999955281143,-4.369171473694022,-0.34917151841287897,0.34917151841287897
CC12CCC(=O)C=C1CCC1C2CCC2(C)C(OC(=O)C(CO)CO)CCC12,-4.249999897075537,-4.456889480211549,-0.2068895831360118,0.2068895831360118
CC12CCC(=O)C=C1CCC1C2CCC2(C)C(OC(=O)CCC(=O)O)CCC12,-5.079999879452944,-4.578084916273615,0.5019149631793294,0.5019149631793294
CC12CCC(=O)C=C1CCC1C2CCC2(C)C(OC=O)CCC12,-4.929999784196697,-4.731937044370701,0.1980627398259962,0.1980627398259962
CC12CCC(=O)C=C1CCC1C2CCC2(C)C1CCC2(C)O,-3.9699999916174558,-4.326208241355719,-0.35620824973826304,0.35620824973826304
CC12CCC(=O)C=C1CCC1C3CCC(O)(C(=O)CO)C3(C)CC(O)C12F,-3.4300000231811385,-3.3947526698609924,0.03524735332014606,0.03524735332014606
CC12CCC3C4CCC(=O)C=C4CCC3C1CCC2O,-3.0199999606959618,-4.182310772738189,-1.1623108120422274,1.1623108120422274
CCC(=O)OC1CCC2C3CCC4=CC(=O)CCC4(C)C3CCC12C,-5.369999791261442,-5.00559206468178,0.36440772657966214,0.36440772657966214
CCC(=O)O[C@H]1CC[C@H]2[C@@H]3CCC4=CC(=O)CC[C@]4(C)[C@H]3CC[C@]12C,-5.36689986282828,-5.005591928504991,0.361307934323289,0.361307934323289
CCCC(=O)OC1CCC2C3CCC4=CC(=O)CCC4(C)C3CCC12C,-5.929999602177606,-5.391505102191944,0.5384944999856618,0.5384944999856618
CCCC(=O)OC1CCC2C3CCC4=CC(=O)CCC4C3CCC12C,-5.909999589476772,-4.9810057538918375,0.9289938355849348,0.9289938355849348
CCCCC(=O)OC1CCC2C3CCC4=CC(=O)CCC4(C)C3CCC12C,-6.190000039642012,-5.549929910699204,0.6400701289428081,0.6400701289428081
CCCCCCCCC(=O)OC1CCC2C3CCC4=CC(=O)CCC4C3CCC12C,-5.719999741172439,-5.649345775776981,0.07065396539545787,0.07065396539545787
C[C@H]1CC(=O)C=C2CC[C@H]3[C@@H]4CC[C@H](O)[C@@]4(C)CC[C@@H]3[C@]21C,-3.5264224500750387,-4.423064799854123,-0.8966423497790839,0.8966423497790839
C[C@]12CCC(=O)C=C1CC[C@@H]1[C@@H]2CC[C@@]2(C)[C@H]1CCC2(O)C#CCO,-3.526033835562381,-4.195966717352756,-0.6699328817903751,0.6699328817903751
C[C@]12CCC(=O)C=C1CC[C@@H]1[C@@H]2CC[C@@]2(C)[C@H]1CC[C@]2(C)O,-3.950499951998786,-4.326208377532508,-0.37570842553372197,0.37570842553372197
C[C@]12CCC(=O)C=C1CC[C@@H]1[C@@H]2[C@@H](O)C[C@@]2(C)[C@H]1CC[C@]2(O)C(=O)CO,-3.1121091601353936,-3.4687792577103216,-0.35667009757492796,0.35667009757492796
C[C@]12CCC(=O)C=C1CC[C@H]1[C@@H]3CC[C@](O)(C(=O)CO)[C@@]3(C)C[C@H](O)[C@@]12F,-3.4342000217630098,-3.3947525677284003,0.039447454034609475,0.039447454034609475
C[C@]12CC[C@H]3[C@@H](CCC4=CC(=O)CC[C@@H]43)[C@@H]1CC[C@@H]2O,-1.9484000614145545,-4.182310772738189,-2.2339107113236345,2.2339107113236345
C[C@]12CC[C@H]3[C@@H](CCC4=CC(=O)CC[C@@]43C)[C@@H]1CC[C@@H]2C(=O)CO,-3.7446000336795024,-4.408090527741688,-0.6634904940621857,0.6634904940621857
C[C@]12CC[C@H]3[C@@H](CCC4=CC(=O)CC[C@@]43C)[C@@H]1CC[C@@H]2O,-4.090799766018014,-4.369171065163654,-0.27837129914563974,0.27837129914563974
C[C@]12C[C@H](O)[C@H]3[C@@H](CCC4=CC(=O)CC[C@@]43C)[C@@H]1CC[C@@H]2C(=O)CO,-3.240799873072366,-4.077059051352066,-0.8362591782797,0.8362591782797
C=C(C)Cn1c(N)cc(=O)n(C)c1=O,-0.9895001006746393,-1.293684867747608,-0.3041847670729687,0.3041847670729687
CC(=O)OCn1c(=O)[nH]cc(F)c1=O,-1.2000001390271529,-0.9831436405005411,0.2168564985266117,0.2168564985266117
CC(=O)OCn1cc(F)c(=O)[nH]c1=O,-0.6700000748086605,-1.2750539764870763,-0.6050539016784158,0.6050539016784158
CC(=O)OCn1cc(F)c(=O)n(COC(C)=O)c1=O,-1.8099999816953982,-1.2573298864669433,0.5526700952284549,0.5526700952284549
CC(=O)n1c(=O)[nH]cc(F)c1=O,-0.6000000303557451,-0.9278363907364375,-0.3278363603806924,0.3278363603806924
CC(=O)n1cc(F)c(=O)[nH]c1=O,-0.6000000303557451,-1.2329031748741397,-0.6329031445183946,0.6329031445183946
CC(C)(C)C(=O)OCn1cc(F)c(=O)[nH]c1=O,-2.0299999852277706,-2.403965279769194,-0.37396529454142335,0.37396529454142335
CC(C)(C)C(=O)OCn1cc(F)c(=O)n(COC(=O)C(C)(C)C)c1=O,-3.9000000152529353,-3.67235477441189,0.2276452408410452,0.2276452408410452
CC(C)COC(=O)n1cc(F)c(=O)[nH]c1=O,-1.8900000324987298,-2.1276213125752625,-0.23762128007653271,0.23762128007653271
CCC(=O)OCn1c(=O)[nH]cc(F)c1=O,-0.7700000021360354,-1.1013809081671755,-0.3313809060311401,0.3313809060311401
CCC(=O)OCn1cc(F)c(=O)[nH]c1=O,-0.8100000275377011,-1.402876592180503,-0.592876564642802,0.592876564642802
CCC(=O)n1c(=O)[nH]cc(F)c1=O,-0.7000000938599098,-0.9927025702301959,-0.2927024763702861,0.2927024763702861
CCC(C)n1c(=O)[nH]c(C)c(Br)c1=O,-2.5057000993931116,-1.8835143405515216,0.62218575884159,0.62218575884159
CCCC(=O)OCn1c(=O)[nH]cc(F)c1=O,-1.130000094574238,-1.541520224087443,-0.41152012951320516,0.41152012951320516
CCCC(=O)OCn1cc(F)c(=O)[nH]c1=O,-1.309999936528155,-1.8546504444539658,-0.5446505079258108,0.5446505079258108
CCCC(=O)n1c(=O)[nH]cc(F)c1=O,-1.280000053653695,-1.4663740587643284,-0.1863740051106333,0.1863740051106333
CCCCC(=O)OCn1c(=O)[nH]cc(F)c1=O,-1.660000022615941,-1.903492701142845,-0.24349267852690404,0.24349267852690404
CCCCC(=O)n1c(=O)[nH]cc(F)c1=O,-2.29999995242383,-1.8705711452525045,0.4294288071713257,0.4294288071713257
CCCCCC(=O)OCn1c(=O)[nH]cc(F)c1=O,-2.1099998998543126,-2.3519619512687253,-0.24196205141441274,0.24196205141441274
CCCCCCCC(=O)OCn1c(=O)[nH]cc(F)c1=O,-3.2899999342753086,-3.1161854718927975,0.17381446238251108,0.17381446238251108
CCCCCCCCNC(=O)n1cc(F)c(=O)[nH]c1=O,-4.179999784534227,-3.4031921923378485,0.7768075921963788,0.7768075921963788
CCCCCCOC(=O)n1cc(F)c(=O)[nH]c1=O,-2.240000050498121,-3.246363903487036,-1.006363852988915,1.006363852988915
CCCCNC(=O)n1cc(F)c(=O)[nH]c1=O,-2.446399941899567,-2.2222611852963414,0.2241387566032258,0.2241387566032258
CCCCOC(=O)n1cc(F)c(=O)[nH]c1=O,-1.5900001143398153,-2.384560087284318,-0.7945599729445028,0.7945599729445028
CCCNC(=O)n1cc(F)c(=O)[nH]c1=O,-1.8300001305730205,-1.8888199244420707,-0.05881979386905023,0.05881979386905023
CCNC(=O)n1cc(F)c(=O)[nH]c1=O,-2.1300001168203297,-1.7395088837400239,0.39049123308030587,0.39049123308030587
CCOC(=O)OCn1c(=O)[nH]cc(F)c1=O,-1.4600000317844015,-1.4941632476401956,-0.03416321585579407,0.03416321585579407
CCOC(=O)n1c(=O)[nH]cc(F)c1=O,-0.45000020745307756,-1.4299379161172008,-0.9799377086641232,0.9799377086641232
CCOC(=O)n1cc(F)c(=O)[nH]c1=O,-1.470000038134818,-1.6727237009304978,-0.20272366279567988,0.20272366279567988
CCc1c[nH]c(=O)[nH]c1=O,-1.9423999758982309,-1.6001493704513785,0.3422506054468524,0.3422506054468524
CN(C)C(=O)n1cc(F)c(=O)[nH]c1=O,-1.5299999400605273,-1.4918828311254466,0.03811710893508069,0.03811710893508069
CNC(=O)n1cc(F)c(=O)[nH]c1=O,-2.2800000078113922,-1.6685053525262592,0.611494655285133,0.611494655285133
COC(=O)n1cc(F)c(=O)[nH]c1=O,-0.9100000910418657,-1.5501457981027729,-0.6401457070609071,0.6401457070609071
CSC[S+]([O-])CC(CO)NC(=O)C=Cc1c(C)[nH]c(=O)[nH]c1=O,-1.980999967728409,-1.8564400798198342,0.12455988790857475,0.12455988790857475
Cc1[nH]c(=O)[nH]c(=O)c1CC(=O)O,-2.309999958774247,-1.5695569823663804,0.7404429764078666,0.7404429764078666
Cc1[nH]c(=O)n(C(C)(C)C)c(=O)c1Cl,-2.4844999266033847,-2.152159008251401,0.33234091835198365,0.33234091835198365
Cc1[nH]c(=O)n(C(C)C)c(=O)c1Br,-2.0604000235977873,-1.6468492938899277,0.41355072970785955,0.41355072970785955
Cc1c[nH]c(=O)[nH]c1=O,-1.5186999900788083,-1.2985530517907085,0.22014693828809984,0.22014693828809984
Cc1cc(=O)[nH]c(=O)[nH]1,-1.2556999864750031,-1.356674667260671,-0.10097468078566796,0.10097468078566796
Cn1c(N)c(NC=O)c(=O)n(C)c1=O,-1.1831208898082561,-1.2402845015650181,-0.05716361175676199,0.05716361175676199
Cn1c(N)cc(=O)n(C)c1=O,-1.4535787514585643,-0.4356422714893209,1.0179364799692434,1.0179364799692434
Cn1cc([N+](=O)[O-])c(=O)[nH]c1=O,-1.997700008292498,-2.049299232170518,-0.05159922387801985,0.05159922387801985
Cn1ccc(=O)[nH]c1=O,-0.7997999774837039,-0.5401500590751298,0.2596499184085741,0.2596499184085741
Nc1c[nH]c(=O)[nH]c1=O,-2.4100000903668057,-1.7733595738642192,0.6366405165025866,0.6366405165025866
O=C(O)Cc1c[nH]c(=O)[nH]c1=O,-1.6287000599333892,-1.4463376868607343,0.1823623730726549,0.1823623730726549
O=C(O)c1c[nH]c(=O)[nH]c1=O,-1.9380999895087665,-1.7732928472374292,0.1648071422713373,0.1648071422713373
O=C(O)c1cc(=O)[nH]c(=O)[nH]1,-1.9299999898120008,-1.7710196480925167,0.15898034171948416,0.15898034171948416
O=C(OCCCl)n1cc(F)c(=O)[nH]c1=O,-1.909999977111168,-2.2405080580108567,-0.33050808089968875,0.33050808089968875
O=c1[nH]cc(Br)c(=O)[nH]1,-2.369800089349954,-1.993363798877062,0.37643629047289173,0.37643629047289173
O=c1[nH]cc(F)c(=O)[nH]1,-1.068900020367228,-1.4997086388568208,-0.43080861848959273,0.43080861848959273
O=c1[nH]cc(NS(=O)(=O)O)c(=O)[nH]1,-1.7699999562937325,-1.0891983964135654,0.6808015598801671,0.6808015598801671
O=c1cc[nH]c(=O)[nH]1,-1.4800000444852346,-0.9706039370284198,0.5093961074568147,0.5093961074568147
C/C=C/CC1(C/C=C/C)C(=O)NC(=O)NC1=O,-2.1972999798052704,-2.4126631636596776,-0.21536318385440723,0.21536318385440723
C=C(Br)CC1(C(C)CC)C(=O)NC(=O)NC1=O,-2.6500000725558137,-2.4413429487380087,0.208657123817805,0.208657123817805
C=CC1(C(C)C)C(=O)NC(=O)NC1=O,-1.7100000543680232,-2.082872257821193,-0.37287220345316974,0.37287220345316974
C=CC1(C(C)CCC)C(=O)NC(=O)NC1=O,-2.359999922437934,-2.4761627750279356,-0.11616285259000136,0.11616285259000136
C=CC1(C=C)C(=O)NC(=O)NC1=O,-2.0599999361906254,-2.0812902920591103,-0.021290355868484934,0.021290355868484934
C=CC1(CC(C)C)C(=O)NC(=O)NC1=O,-2.119999906204729,-2.3069668250562687,-0.1869669188515397,0.1869669188515397
C=CCC1(C(C)C)C(=O)NC(=O)NC1=O,-1.7120000828734645,-2.224158945032968,-0.5121588621595035,0.5121588621595035
C=CCC1(C(C)CC)C(=O)NC(=O)NC1=O,-2.019999978877354,-2.3531360675466524,-0.3331360886692982,0.3331360886692982
C=CCC1(C(C)CCC)C(=O)NC(=O)NC1=O,-2.359999922437934,-2.582619252469594,-0.22261933003165968,0.22261933003165968
C=CCC1(C)C(=O)NC(=O)NC1=O,-1.1599999774486978,-1.624319933503382,-0.46431995605468424,0.46431995605468424
C=CCC1(CC(C)C)C(=O)NC(=O)NC1=O,-2.1192998894189854,-2.388647842147553,-0.2693479527285678,0.2693479527285678
C=CCC1(CC)C(=O)NC(=O)NC1=O,-1.609999990863859,-1.9208182017004993,-0.3108182108366404,0.3108182108366404
C=CCC1(CC=C)C(=O)NC(=O)NC1=O,-2.0608001110049488,-2.087613388919814,-0.026813277914865097,0.026813277914865097
C=CCC1(CCCC)C(=O)NC(=O)NC1=O,-2.1700000741336005,-2.4248550716117543,-0.25485499747815377,0.25485499747815377
CC(C)=CCC1(C(C)(C)C)C(=O)NC(=O)NC1=O,-3.549999929165149,-2.611320144950277,0.9386797842148717,0.9386797842148717
CC(C)=CCC1(C(C)C)C(=O)NC(=O)NC1=O,-2.5899998982765258,-2.633878306727774,-0.04387840845124824,0.04387840845124824
CC(C)=CCC1(C)C(=O)NC(=O)NC1=O,-2.599999904626942,-1.9741997754861564,0.6258001291407858,0.6258001291407858
CC(C)C1(Br)C(=O)NC(=O)NC1=O,-2.2088001096673597,-1.8760508992566545,0.33274921041070527,0.33274921041070527
CC(C)C1(C(C)C)C(=O)NC(=O)NC1=O,-2.7699999615177258,-2.0391234215850282,0.7308765399326975,0.7308765399326975
CC(C)C1C(=O)NC(=O)NC1=O,-1.4556000235431468,-1.7051509350754344,-0.2495509115322876,0.2495509115322876
CC/C=C(\C)C1(CC)C(=O)NC(=O)NC1=O,-2.309999958774247,-2.1310868756878776,0.17891308308636944,0.17891308308636944
CC1(C)C(=O)NC(=O)NC1=O,-1.7400000734192727,-0.7718426102729676,0.968157463146305,0.968157463146305
CC1C(=O)NC(=O)NC1=O,-1.130000094574238,-1.4194275191602348,-0.2894274245859969,0.2894274245859969
CC=CCC1(C)C(=O)NC(=O)N(C)C1=O,-1.5445000445923838,-1.5127423917207674,0.03175765287161636,0.03175765287161636
CC=CCC1(CC=CC)C(=O)NC(=O)NC1=O,-2.2000000250964553,-2.4126631636596776,-0.21266313856322228,0.21266313856322228
CCC(C)C1(CC)C(=O)NC(=O)NC1=O,-2.390000077665973,-2.0856892108860503,0.3043108667799226,0.3043108667799226
CCC1(C(C)C)C(=O)NC(=O)NC1=O,-2.1480000329273268,-1.9231409691967416,0.22485906373058517,0.22485906373058517
CCC1(C)C(=O)NC(=O)NC1=O,-1.230000021901613,-1.0288882837616766,0.20111173813993632,0.20111173813993632
CCC1(CC(C)=O)C(=O)NC(=O)NC1=O,-0.7661000350653384,-1.1590105168971532,-0.39291048183181476,0.39291048183181476
CCC1(CC)C(=O)NC(=O)N(C)C1=O,-2.099999893503896,-1.2041467222633948,0.8958531712405013,0.8958531712405013
CCC1(CC)C(=O)NC(=O)N(CO)C1=O,-3.9300000343041845,-1.8821727268226727,2.047827307481512,2.047827307481512
CCC1(CC)C(=O)NC(=O)NC1=O,-1.4200000063827358,-1.4691718109018845,-0.04917180451914871,0.04917180451914871
CCC1(CC=C(C)C)C(=O)NC(=O)NC1=O,-2.249999988760143,-2.319445112796385,-0.06944512403624215,0.06944512403624215
CCC1(CCC(C)C)C(=O)NC(=O)NC1=O,-2.574300042186144,-2.5074509584182074,0.06684908376793652,0.06684908376793652
CCC1C(=O)NC(=O)NC1=O,-0.9200000973922822,-1.7074693449144167,-0.7874692475221345,0.7874692475221345
CCC=C(C)C1(CC)C(=O)NC(=O)NC1=O,-2.309999958774247,-2.1310867395110877,0.17891321926315928,0.17891321926315928
CCCC(C)C1(CC)C(=O)NC(=O)NC1=O,-2.390000077665973,-2.3921507177004546,-0.0021506400344817322,0.0021506400344817322
CCCC1(CC)C(=O)NC(=O)NC1=O,-1.490000050835651,-1.7389515121411425,-0.2489514613054915,0.2489514613054915
CCCC1(CCC)C(=O)NC(=O)NC1=O,-2.5299999623066194,-1.978709406042852,0.5512905562637673,0.5512905562637673
CCCCC1(CC)C(=O)NC(=O)NC1=O,-1.6700000289663575,-2.0947058846404434,-0.4247058556740859,0.4247058556740859
CCCCC1(CCCC)C(=O)NC(=O)NC1=O,-2.8756000912194466,-2.6116317855327447,0.26396830568670193,0.26396830568670193
CCCCCC1(CC)C(=O)NC(=O)NC1=O,-2.509999983649984,-2.4556491375218057,0.05435084612817809,0.05435084612817809
CCCCCCC1(CC)C(=O)NC(=O)NC1=O,-3.0499999302767367,-2.852048230387836,0.19795169988890082,0.19795169988890082
CCCCCCCC1(CC)C(=O)NC(=O)NC1=O,-3.4300000231811385,-3.1624523190969605,0.26754770408417805,0.26754770408417805
CCCCCCCCC1(CC)C(=O)NC(=O)NC1=O,-3.9399999725662065,-3.4862790645583663,0.45372090800784015,0.45372090800784015
CCCCCCCCCC1(CC)C(=O)NC(=O)NC1=O,-4.460000030434283,-3.8231104465839425,0.6368895838503401,0.6368895838503401
CNC(=S)NC1C(=O)NC(=O)NC1=O,-0.460000213803494,-2.0669233684272554,-1.6069231546237615,1.6069231546237615
O=C1CC(=O)NC(=O)N1,-1.048661698285002,-0.8091062992690818,0.23955539901592027,0.23955539901592027
O=C1NC(=O)C([N+](=O)[O-])C(=O)N1,-2.283999928645485,-2.0533883488016467,0.2306115798438384,0.2306115798438384
CC(=O)NS(=O)(=O)c1ccc(NC(=O)c2ccccc2C(=O)O)cc1,-2.5199999900004,-3.076190102035118,-0.5561901120347179,0.5561901120347179
CC(=O)Nc1ccc(C(=O)Nc2ccc(OC(C)=O)cc2)cc1,-4.409999726328621,-4.205416569474128,0.20458315685449335,0.20458315685449335
CC(=O)Oc1ccc(NC(=O)c2ccccc2)cc1,-4.139999827220956,-4.391054947568598,-0.2510551203476421,0.2510551203476421
CC(C(=O)O)N(C(=O)c1ccccc1)c1ccc(F)c(Cl)c1,-4.247399737459354,-4.4703227757755,-0.22292303831614646,0.22292303831614646
CC(C)OC(=O)C(C)N(C(=O)c1ccccc1)c1ccc(F)c(Cl)c1,-4.3056000631135705,-5.668782833630568,-1.3631827705169979,1.3631827705169979
CC(C)OC(=O)[C@@H](C)N(C(=O)c1ccccc1)c1ccc(F)c(Cl)c1,-4.481699801820001,-5.668782833630568,-1.187083031810567,1.187083031810567
CC(C)OC(=O)[C@H](C)N(C(=O)c1ccccc1)c1ccc(F)c(Cl)c1,-4.560999767749194,-5.668782833630568,-1.1077830658813745,1.1077830658813745
CC(C)Oc1cccc(NC(=O)c2ccccc2C(F)(F)F)c1,-4.694699637494935,-5.930649982523625,-1.23595034502869,1.23595034502869
CCOC(=O)C(C)N(C(=O)c1ccccc1)c1ccc(Cl)c(Cl)c1,-4.262700016805534,-5.705476214232812,-1.4427761974272784,1.4427761974272784
CCOc1cc(NC(=O)c2ccccc2)c(OCC)cc1N,-2.405757162052087,-4.555486786608438,-2.1497296245563513,2.1497296245563513
CCOc1ccccc1C(=O)N(O)c1ccccc1,-3.3699998489018506,-2.6512829600442482,0.7187168888576023,0.7187168888576023
CN(C)C(=O)N(C(=O)c1ccccc1)c1ccc(Cl)c(Cl)c1,-4.323799954835754,-5.046200527978341,-0.7224005731425871,0.7224005731425871
COC(=O)C(C)N(C(=O)c1ccccc1)c1ccc(F)c(Cl)c1,-3.982000026473313,-5.291228735982153,-1.3092287095088397,1.3092287095088397
COC(=O)[C@@H](C)N(C(=O)c1ccccc1)c1ccc(F)c(Cl)c1,-4.321899880093708,-5.291228735982153,-0.9693288558884445,0.9693288558884445
COC(=O)c1ccc(C(=O)Nc2cc(Cl)ccc2Cl)cc1[N+](=O)[O-],-5.965154457413574,-5.999678269407613,-0.0345238119940392,0.0345238119940392
COC(=O)c1ccc(NC(=O)c2cc(Cl)ccc2Cl)cc1N,-5.7900646057770935,-5.50458521866844,0.28547938710865317,0.28547938710865317
COc1cc(OC)cc(C(=O)N(O)c2cccc(C)c2)c1,-3.6099998651350558,-3.10434347871205,0.5056563864230057,0.5056563864230057
COc1cc(OC)cc(C(=O)N(O)c2ccccc2)c1,-3.0999998817057905,-2.9192568208797027,0.18074306082608782,0.18074306082608782
COc1cc(OC)cc(C(=O)N(O)c2ccccc2C)c1,-3.650000060757708,-2.966102827969046,0.6838972327886621,0.6838972327886621
COc1ccc(C(=O)Nc2ccc(C(N)=O)cc2)cc1[N+](=O)[O-],-4.653605431590701,-4.670375194670946,-0.016769763080245248,0.016769763080245248
COc1ccc(C(=O)Nc2ccccc2)cc1N,-3.8658000997524065,-4.097737496817528,-0.2319373970651215,0.2319373970651215
COc1ccc(C(=O)Nc2ccccc2)cc1[N+](=O)[O-],-4.9878257598569435,-5.2958492144453935,-0.30802345458844993,0.30802345458844993
Cc1ccc(C(=O)N(O)c2ccc(Cl)cc2)cc1,-4.420000005032617,-3.8220277049316813,0.5979723001009356,0.5979723001009356
Cc1ccc(C(=O)Nc2ccc(S(=O)(=O)[O-])cc2)cc1N,-0.9492776985759366,-1.611981907856314,-0.6627042092803774,0.6627042092803774
Cc1ccc(C(=O)Nc2ccc(S(=O)(=O)[O-])cc2)cc1[N+](=O)[O-],-1.232036001079447,-1.5737008420668348,-0.3416648409873877,0.3416648409873877
Cc1cccc(C)c1NC(=O)c1cc(S(N)(=O)=O)c(Cl)cc1O,-3.9000000152529353,-3.499786508384128,0.4002135068688073,0.4002135068688073
Cc1cccc(N(O)C(=O)c2ccc(Cl)cc2Cl)c1,-4.46999976443112,-3.9942867134707893,0.47571305096033045,0.47571305096033045
Cc1cccc(NC(=O)c2ccccc2C(=O)O)c1,-2.407000047608644,-3.6344146272145927,-1.2274145796059486,1.2274145796059486
Cc1ccccc1C(=O)Nc1cccc(OC(C)C)c1,-4.326499932038544,-5.348132522424802,-1.0216325903862575,1.0216325903862575
Cc1ccccc1N(O)C(=O)c1ccc(Cl)cc1Cl,-4.169999982448995,-3.805685673146839,0.3643143093021557,0.3643143093021557
Cc1ccccc1N(O)C(=O)c1cccc(F)c1,-2.5299999623066194,-2.9381733089117357,-0.4081733466051163,0.4081733466051163
NC(=O)c1ccc(NC(=O)c2ccc(N)cc2)cc1,-4.915649746486724,-3.3668101799644945,1.5488395665222296,1.5488395665222296
NC(=O)c1ccc(NC(=O)c2ccc([N+](=O)[O-])cc2)cc1,-4.9367255558235605,-4.504490349288554,0.43223520653500636,0.43223520653500636
O=C(Nc1ccc(Cl)cc1)c1cc([N+](=O)[O-])ccc1O,-5.12200006953684,-5.045090687144995,0.07690938239184497,0.07690938239184497
O=C(Nc1ccc(Cl)cc1)c1cccc([N+](=O)[O-])c1O,-4.545199855762824,-4.81835633284803,-0.2731564770852053,0.2731564770852053
O=C(Nc1ccc([N+](=O)[O-])cc1Cl)c1cc(Cl)ccc1O,-4.449849957261983,-5.415367633346397,-0.9655176760844144,0.9655176760844144
O=C(Nc1ccccc1)c1ccccc1I,-4.208399658222014,-5.2060084841352054,-0.9976088259131917,0.9976088259131917
O=C(Nc1ccccc1)c1ccccc1O,-3.5884999672319315,-3.4545347910563056,0.13396517617562598,0.13396517617562598
O=C(O)c1c(Cl)c(Cl)c(Cl)c(Cl)c1C(=O)Nc1cccc(Cl)c1Cl,-4.505099740420974,-5.964502170592503,-1.4594024301715294,1.4594024301715294
O=C(O)c1ccccc1C(=O)Nc1ccccc1,-4.08139989077834,-3.204214821106065,0.8771850696722754,0.8771850696722754
O=C(c1cc([N+](=O)[O-])cc([N+](=O)[O-])c1)N(O)c1ccccc1,-3.636699878005364,-3.107409992765522,0.5292898852398422,0.5292898852398422
O=C(c1ccc(Cl)cc1Cl)N(O)c1ccccc1,-3.6723000313425644,-3.630708575891955,0.041591455450609605,0.041591455450609605
O=C(c1cccc(F)c1)N(O)c1ccccc1,-2.599999904626942,-2.8929726238357283,-0.2929727192087861,0.2929727192087861
O=C(c1ccccc1)N(O)c1ccccc1,-2.7300000212265534,-2.4278907246003354,0.302109296626218,0.302109296626218
O=C(c1ccccc1I)N(O)c1ccccc1,-3.530400003871478,-3.0937455711458166,0.4366544327256614,0.4366544327256614
C/C=C/C(=O)C1C(C)=CCCC1(C)C,-3.137855743981519,-3.694356517828031,-0.556500773846512,0.556500773846512
C/C=C/C(=O)C1C(C)C=CCC1(C)C,-3.3963665690801816,-3.345858529815364,0.05050803926481784,0.05050803926481784
C1=CCCCC1,-2.7104663799851068,-3.4899316664911773,-0.7794652865060705,0.7794652865060705
C=C(C)C1CC=C(C)C(O)C1,-1.7200000607184396,-1.9453285258419748,-0.22532846512353522,0.22532846512353522
C=C(C)C1CC=C(C)CC1,-3.846496563240794,-3.7373904259200166,0.10910613732077756,0.10910613732077756
C=C(C)[C@H]1CC=C(C)CC1,-4.346837935530587,-3.737390562096806,0.6094473734337811,0.6094473734337811
C=CC(C)(O)/C=C/C1=C(C)CCCC1(C)C,-3.1641478307682274,-3.945067110898573,-0.7809192801303455,0.7809192801303455
C=CC1CC=CCC1,-3.3351928913185187,-3.248265067643396,0.08692782367512253,0.08692782367512253
C=CCCC(=O)C1=CCCC(C)(C)C1,-3.534247372657282,-3.5406156802120554,-0.006368307554773356,0.006368307554773356
CC(=O)/C(C)=C\C1C(C)=CCCC1(C)C,-3.9923409514159114,-3.7143475428607657,0.27799340855514565,0.27799340855514565
CC(=O)/C=C/C1=C(C)CCCC1(C)C,-3.0798637645595095,-3.445378910578981,-0.36551514601947144,0.36551514601947144
CC(=O)/C=C/C1C(C)=CCCC1(C)C,-3.258677927974978,-3.8781458874764683,-0.6194679595014905,0.6194679595014905
CC(=O)/C=C/[C@H]1C(C)=CC[C@@H](C)C1(C)C,-3.8026768469857632,-3.9522784889563205,-0.14960164197055725,0.14960164197055725
CC(=O)CCC1=C(C)CCCC1(C)C,-3.655044525654645,-3.458467951219411,0.1965765744352339,0.1965765744352339
CC(=O)OC(C)(C)C1CC=C(C)CC1,-3.4762646915566715,-3.3484419056422583,0.1278227859144132,0.1278227859144132
CC(=O)OC/C=C(C)/C=C/C=C(C)/C=C/C1=C(C)CCCC1(C)C,-7.516529737886419,-4.507979607162518,3.0085501307239007,3.0085501307239007
CC(=O)OCC1CCC(C)=CC1C,-3.2503986004687135,-3.1325627819771347,0.11783581849157887,0.11783581849157887
CC(=O)OC[C@H]1CCC=C(CCC=C(C)C)C1,-4.9756244557064,-3.7872808353566576,1.1883436203497428,1.1883436203497428
CC(C)(O)CCCC1=CCC(C=O)CC1,-1.5376001028519195,-2.2272320466386253,-0.6896319437867058,0.6896319437867058
CC1(C(=O)O)CCCC=C1C(=O)O,-1.9642000414893188,-1.5386192499435463,0.42558079154577255,0.42558079154577255
CC1=C(/C=C/C(C)=C/C=C/C(C)=C/CO)C(C)(C)CCC1,-3.8099998900107925,-4.2649915998170105,-0.45499170980621795,0.45499170980621795
CC1=CC(C)C(C=O)C(C)C1,-1.844063788494954,-2.544235645557721,-0.7001718570627671,0.7001718570627671
CC1=CC(C)C(CO)C(C)C1,-2.3711974674740492,-2.533665058459855,-0.16246759098580554,0.16246759098580554
CC1=CCC(C(C)(C)O)CC1,-1.909999977111168,-2.000180264245644,-0.0901802871344759,0.0901802871344759
CC1=CCC(C(C)C)CC1,-5.252799373669053,-4.1851192828421055,1.067680090826947,1.067680090826947
CC1=CCC(O)(C(C)C)CC1,-1.9409971507025612,-1.6778376840784066,0.26315946662415457,0.26315946662415457
CC1=CCCC(C)(C)C1C(C)CCC=O,-4.653201939763805,-4.183773583809575,0.4694283559542294,0.4694283559542294
CC1=CCCCC1,-3.267100070889091,-3.7690407714816114,-0.5019407005925203,0.5019407005925203
CC1=CC[C@H](C(C)(C)O)CC1,-2.33699986697894,-2.0001804004224333,0.3368194665565065,0.3368194665565065
CC1CCC(N=O)=C(NO)C1,-1.6621999586481737,-1.4104259610294612,0.25177399761871255,0.25177399761871255
CCC(=O)/C=C/C1=C(C)CCCC1(C)C,-4.187455531840495,-3.960130714984832,0.22732481685566297,0.22732481685566297
CCC(=O)/C=C/C1C(C)=CCCC1(C)C,-3.9923409514159114,-4.370422666034731,-0.37808171461881956,0.37808171461881956
CCC(=O)CCC1C(C)=CCCC1(C)C,-4.321905599518862,-4.383898584933754,-0.061992985414891955,0.061992985414891955
CCC(=O)OC/C=C(C)/C=C/C=C(C)/C=C/C1=C(C)CCCC1(C)C,-7.534689729809317,-4.984459878154146,2.550229851655171,2.550229851655171
CCCCCCCCCCCCCCCC(=O)OC/C=C(C)/C=C/C=C(C)/C=C/C1=C(C)CCCC1(C)C,-5.720055028948922,-6.797029594180572,-1.0769745652316498,1.0769745652316498
CCOC(=O)C(C)(C(=O)NC(=O)NC)C1=CCCCC1,-2.9999999799115638,-2.645434473338688,0.35456550657287567,0.35456550657287567
CNC(=O)NC(=O)C(C)(C(=O)OC)C1=CCCCC1,-2.6800000575628657,-2.427411109948183,0.25258894761468254,0.25258894761468254
CNC(=O)NC(=O)C(C)(C(=O)OCOC)C1=CCCCC1,-2.4200000967172226,-2.5845850325125093,-0.16458493579528666,0.16458493579528666
COC(=O)C1C(C)=CCCC1(C)C,-2.908515910662535,-3.3657522565320956,-0.4572363458695605,0.4572363458695605
COC(C)(C)C1CC=C(C)CC1,-3.2966136664487196,-3.376281854416362,-0.07966818796764263,0.07966818796764263
O=C(O)C1=CC(O)C(O)C(O)C1,0.009999812312500023,-0.5595370038702296,-0.5695368161827297,0.5695368161827297
O=C(O)C1=CCC(C(=O)O)CC1,-2.93000004610229,-0.8190665419970031,2.110933504105287,2.110933504105287
O=C(O)C1=CCCCC1,-1.2558000764151882,-1.897160752790833,-0.6413606763756448,0.6413606763756448
O=CC1CC=CCC1,-0.9775500427004795,-1.4497619884061708,-0.47221194570569125,0.47221194570569125
C=CCOc1nc(OCC=C)nc(OCC=C)n1,-2.874225846127445,-3.8087157428870566,-0.9344898967596116,0.9344898967596116
CC(C)Nc1nc(Cl)nc(NC(C)C)n1,-4.460000030434283,-3.5371243115978555,0.9228757188364272,0.9228757188364272
CC(C)Nc1nc(N)nc(Cl)n1,-2.7063000170702094,-2.9364856699611037,-0.23018565289089432,0.23018565289089432
CCCCN(CC)c1nc(N)nc(N=[N+]=[N-])n1,-3.5199999441580974,-2.914269788543682,0.6057301556144155,0.6057301556144155
CCCNc1nc(Cl)nc(NC(C)C)n1,-3.739999981734667,-3.4381181684350874,0.3018818132995795,0.3018818132995795
CCN(CC)c1nc(Cl)nc(N(CC)CC)n1,-4.411199988550107,-3.1902385886829054,1.220961399867202,1.220961399867202
CCN(CC)c1nc(Cl)nc(NC(C)C)n1,-3.784899920371356,-3.453031058859714,0.33186886151164163,0.33186886151164163
CCN(CC)c1nc(NC(C)C)nc(OC)n1,-4.888999812630706,-3.079657920575807,1.8093418920548991,1.8093418920548991
CCNc1nc(Cl)nc(N(CC)CC)n1,-4.0601000025345995,-3.1118460538117616,0.9482539487228379,0.9482539487228379
CCNc1nc(Cl)nc(NC(C)(C)C#N)n1,-3.1509999957989883,-3.001788347131081,0.14921164866790715,0.14921164866790715
CCNc1nc(Cl)nc(NC(C)(C)C)n1,-4.429999739029454,-3.2692751887014615,1.1607245503279926,1.1607245503279926
CCNc1nc(Cl)nc(NC(C)C)n1,-3.759999926347105,-3.1707558605385837,0.5892440658085212,0.5892440658085212
CCNc1nc(Cl)nc(NCC(=O)OCC)n1,-2.9374000885906573,-3.082838355024634,-0.14543826643397662,0.14543826643397662
CCNc1nc(Cl)nc(NCC)n1,-4.55000008758803,-2.9159687301678314,1.6340313574201986,1.6340313574201986
CCNc1nc(N)nc(Cl)n1,-2.4135000381187357,-2.675503057403384,-0.2620030192846481,0.2620030192846481
CCNc1nc(NC(C)(C)C)nc(OC)n1,-3.2388000147879117,-3.0608638299442674,0.17793618484364426,0.17793618484364426
CCNc1nc(NC(C)(C)C)nc(SC)n1,-3.9846999355877086,-3.3311860935565627,0.6535138420311459,0.6535138420311459
CCNc1nc(NC(C)C(C)C)nc(SC)n1,-3.7081999097931626,-3.5701292076832893,0.13807070210987327,0.13807070210987327
CCNc1nc(NC(C)C)nc(OC)n1,-2.0696001274874587,-3.019943930330424,-0.9503438028429652,0.9503438028429652
CCNc1nc(NC(C)C)nc(SC)n1,-3.047039963656163,-3.226114840460548,-0.17907487680438505,0.17907487680438505
CCNc1nc(NC(C)CC)nc(OC)n1,-2.575000058971888,-3.1001322285229573,-0.5251321695510693,0.5251321695510693
CCNc1nc(NCC)nc(OC)n1,-1.7898000614677738,-2.5371278980366823,-0.7473278365689084,0.7473278365689084
CCNc1nc(NCC)nc(SC)n1,-2.7300000212265534,-2.919783314391595,-0.18978329316504183,0.18978329316504183
CCNc1nc(OC)nc(N(CC)CC)n1,-2.998699883081373,-2.5697150037323357,0.4289848793490374,0.4289848793490374
CCOC(=O)CNc1nc(Cl)nc(NC(C)C)n1,-2.5622000535668907,-3.4822142554841395,-0.9200142019172488,0.9200142019172488
CCOc1nc(OCC)nc(OCC)n1,-1.4838000577925359,-2.9673597397349085,-1.4835596819423726,1.4835596819423726
CCSc1nc(NC(C)C)nc(NC(C)C)n1,-4.203100202286986,-3.8031922761335197,0.3999079261534666,0.3999079261534666
CN(C)c1nc(N(C)C)nc(N(C)C)n1,-3.3638000260797223,-1.8863009261923498,1.4774990998873725,1.4774990998873725
CNc1nc(Cl)nc(NC(C)C)n1,-2.889600018403956,-2.9916536959801774,-0.10205367757622152,0.10205367757622152
CNc1nc(NC(C)C)nc(OC)n1,-1.7509000721706192,-2.8033371459913146,-1.0524370738206954,1.0524370738206954
CNc1nc(NC(C)C)nc(SC)n1,-2.5655999113786354,-3.048889872943574,-0.4832899615649384,0.4832899615649384
COCCCNc1nc(NC(C)C)nc(SC)n1,-2.9284000198935174,-3.1354016084387837,-0.2070015885452663,0.2070015885452663
COCCCNc1nc(NCCCOC)nc(SC)n1,-3.4791998460746996,-2.5763259783257624,0.9028738677489372,0.9028738677489372
COP(=S)(OC)SCc1nc(N)nc(N)n1,-3.068999982450848,-2.9141262582076886,0.15487372424315948,0.15487372424315948
COc1nc(NC(C)C)nc(NC(C)C)n1,-2.559999947313671,-3.3295884674637026,-0.7695885201500317,0.7695885201500317
CSc1nc(N(C)C)nc(N(C)C)n1,-2.6760001026845757,-2.5322332956964444,0.14376680698813127,0.14376680698813127
CSc1nc(N=[N+]=[N-])nc(NC(C)C)n1,-3.479999986844826,-3.1238811541908813,0.35611883265394484,0.35611883265394484
CSc1nc(NC(C)C)nc(NC(C)C)n1,-3.8642000905657325,-3.472244854867134,0.3919552356985987,0.3919552356985987
Clc1nc(Cl)nc(Cl)n1,-2.622338753685163,-3.2094449290111067,-0.5871061753259439,0.5871061753259439
Nc1nc(N)nc(Cl)n1,-2.384900120727369,-2.451969776849884,-0.06706965612251503,0.06706965612251503
Nc1nc(N)nc(N)n1,-2.8007795756660054,-2.016860831528853,0.7839187441371522,0.7839187441371522
O=C(O)CCCCCNc1nc(NCCCCCC(=O)O)nc(NCCCCCC(=O)O)n1,-4.612780991906204,-2.476909432364038,2.1358715595421662,2.1358715595421662
CC(=O)CCCCn1c(=O)c2c(ncn2C)n(C)c1=O,-0.5580001126254279,-1.6431213181042017,-1.0851212054787738,1.0851212054787738
CC(=O)OCn1cnc2c1c(=O)n(C)c(=O)n2C,-1.8300001305730205,-1.343036425628722,0.4869637049442985,0.4869637049442985
CC(=O)n1cnc2c1c(=O)n(C)c(=O)n2C,-1.399999993681903,-1.2074532308860282,0.1925467627958748,0.1925467627958748
CC(O)Cn1cnc2c1c(=O)n(C)c(=O)n2C,0.622999902004091,-0.6232021040817668,-1.2462020060858578,1.2462020060858578
CCC(=O)OCn1cnc2c1c(=O)n(C)c(=O)n2C,-2.29999995242383,-1.5813383172985138,0.7186616351253163,0.7186616351253163
CCC(=O)n1cnc2c1c(=O)n(C)c(=O)n2C,-1.1000000755229886,-1.4899602872131557,-0.38996021169016704,0.38996021169016704
CCCC(=O)OCn1cnc2c1c(=O)n(C)c(=O)n2C,-1.8600000134474806,-1.9808683528614852,-0.12086833941400466,0.12086833941400466
CCCC(=O)n1cnc2c1c(=O)n(C)c(=O)n2C,-1.5299999400605273,-1.9555735142364634,-0.4255735741759361,0.4255735741759361
CCCCC(=O)OCn1cnc2c1c(=O)n(C)c(=O)n2C,-2.369999860699956,-2.2531316463852282,0.11686821431472794,0.11686821431472794
CCCCC(=O)n1cnc2c1c(=O)n(C)c(=O)n2C,-2.119999906204729,-2.2555674406166455,-0.1355675344119165,0.1355675344119165
CCCCCC(=O)OCn1cnc2c1c(=O)n(C)c(=O)n2C,-2.6400001002495945,-2.535851717255124,0.10414838299447071,0.10414838299447071
CCCCCCCC(=O)OCn1cnc2c1c(=O)n(C)c(=O)n2C,-3.450000001837774,-3.068026720553951,0.38197328128382324,0.38197328128382324
CCCCCCOC(=O)n1cnc2c1c(=O)n(C)c(=O)n2C,-2.9999999799115638,-3.0850191411958616,-0.08501916128429787,0.08501916128429787
CCCCOC(=O)n1cnc2c1c(=O)n(C)c(=O)n2C,-1.9299999898120008,-2.4602306694232876,-0.5302306796112868,0.5302306796112868
CCCCn1c(=O)c2c(ncn2C)n(C)c1=O,-1.6252000440930645,-1.7078865905970388,-0.08268654650397433,0.08268654650397433
CCCCn1cnc2c1c(=O)n(C)c(=O)n2C,-1.8069000532622355,-1.9110846933268753,-0.10418464006463979,0.10418464006463979
CCCOC(=O)n1cnc2c1c(=O)n(C)c(=O)n2C,-1.450000025433985,-2.085181952345656,-0.635181926911671,0.635181926911671
CCCn1c(=O)c2c(ncn2C)n(C)c1=O,-1.2082000243989197,-1.2300237166629628,-0.021823692264043126,0.021823692264043126
CCCn1cnc2c1c(=O)n(C)c(=O)n2C,0.019999818662916446,-1.445210143044771,-1.4652099617076875,1.4652099617076875
CCCn1cnc2c1c(=O)n(CCCCC(C)=O)c(=O)n2C,-0.9811001715992917,-2.4220475147453633,-1.4409473431460715,1.4409473431460715
CCN(CC)C(=O)CCC(=O)OCn1cnc2c1c(=O)n(C)c(=O)n2C,-1.139999964747865,-1.7409271650012867,-0.6009272002534218,0.6009272002534218
CCOC(=O)OCn1cnc2c1c(=O)n(C)c(=O)n2C,-1.8600000134474806,-1.810537471483032,0.04946254196444855,0.04946254196444855
CCOC(=O)n1cnc2c1c(=O)n(C)c(=O)n2C,-1.6500000162655246,-1.8394749030468462,-0.18947488678132163,0.18947488678132163
CCc1nc2c(c(=O)n(C)c(=O)n2C)n1C,-1.5687000218308904,-0.9495998928595801,0.6191001289713103,0.6191001289713103
CCn1c(=O)c2c(ncn2C)n(C)c1=O,-0.719000024219627,-0.7990409280597692,-0.08004090384014217,0.08004090384014217
CCn1cnc2c1c(=O)n(C)c(=O)n2C,-0.7543999976764573,-0.942540351921977,-0.18814035424551978,0.18814035424551978
CN(CCO)c1nc2c(c(=O)n(C)c(=O)n2C)n1C,-0.6488000722399208,-0.664069030924546,-0.0152689586846253,0.0152689586846253
COC(=O)n1cnc2c1c(=O)n(C)c(=O)n2C,-1.2400000282520294,-1.6603377410535725,-0.4203377128015431,0.4203377128015431
Cc1nc2c([nH]1)c(=O)n(C)c(=O)n2C,-0.7276001331753452,-1.1519351794519836,-0.42433504627663843,0.42433504627663843
Cc1nc2c(c(=O)n(C)c(=O)n2C)n1C,-1.449300076736636,-0.5677441066118329,0.881555970124803,0.881555970124803
Cn1c(=O)c2[nH]c(Cl)nc2n(C)c1=O,-1.5075001300372743,-2.070276313335063,-0.5627761832977887,0.5627761832977887
Cn1c(=O)c2[nH]cnc2n(C)c1=O,-1.352585414452753,-1.0750346485514468,0.2775507659013061,0.2775507659013061
Cn1c(=O)c2c(ncn2C)n(C)c1=O,-0.9100000910418657,-0.504164797777598,0.4058352932642677,0.4058352932642677
Cn1c(=O)c2c(ncn2CC(O)CO)n(C)c1=O,-0.17000002964141725,-0.5995855082089103,-0.4295854785674931,0.4295854785674931
Cn1c(=O)c2c(ncn2CCCO)n(C)c1=O,-0.15510011005597768,-0.7671379745538975,-0.6120378644979199,0.6120378644979199
Cn1c(=O)c2c(ncn2CO)n(C)c1=O,-0.4100001820514114,-0.5448032199678186,-0.13480303791640713,0.13480303791640713
Cn1c(=O)c2c(ncn2COC(=O)C(C)(C)C)n(C)c1=O,-2.1700000741336005,-2.4530014522061325,-0.283001378072532,0.283001378072532
Cn1cnc2c1c(=O)[nH]c(=O)n2C,-2.7371999944781917,-1.29237103408379,1.4448289603944018,1.4448289603944018
Cn1cnc2c1c(=O)n(CC(=O)[O-])c(=O)n2C,-1.3769000525479071,-0.7323213824627182,0.644578670085189,0.644578670085189
CC(=O)N/N=C/c1ccc([N+](=O)[O-])o1,-2.595799906045071,-3.3638977329260933,-0.7680978268810223,0.7680978268810223
CCCCC(O)CN(/N=C\c1ccc([N+](=O)[O-])o1)C(N)=O,-3.5715999170084585,-3.1800675272629446,0.39153238974551385,0.39153238974551385
CCCCCN(N=Cc1ccc([N+](=O)[O-])o1)C(N)=O,-2.8970999550783736,-4.156298010079622,-1.2591980550012485,1.2591980550012485
CCN(/N=C/c1ccc([N+](=O)[O-])o1)C(N)=O,-2.9395000793705437,-3.223691506405358,-0.2841914270348145,0.2841914270348145
CCOC(=O)C(=Cc1ccoc1)NC=O,-2.747699973910771,-1.9907073982468693,0.7569925756639018,0.7569925756639018
CN/C(=C/[N+](=O)[O-])NCCSCc1ccc(CN(C)C)o1,-2.5000000113437646,-2.0838395215560706,0.41616048978769404,0.41616048978769404
CN/C(=C\[N+](=O)[O-])NCCSCc1ccc(CN(C)C)o1,-2.5000000113437646,-2.0838395215560706,0.41616048978769404,0.41616048978769404
COCc1ccc(C=O)o1,-0.49920006439083586,-0.7217589659722137,-0.2225589015813778,0.2225589015813778
COCc1ccc([N+](=O)[O-])o1,-1.154800066746698,-2.171211639028604,-1.0164115722819058,1.0164115722819058
Cc1ccc(C(=O)O)o1,-0.8243000883659768,-1.08668035140137,-0.2623802630353933,0.2623802630353933
Cc1ccco1,-1.4371999519405931,-0.11147669264282012,1.325723259297773,1.325723259297773
Cc1oc(C(O)C(O)C(O)CO)cc1C(=O)O,-1.280000053653695,-0.6948332741177263,0.5851667795359687,0.5851667795359687
Cc1oc([C@H](O)[C@H](O)[C@H](O)CO)cc1C(=O)[O-],-1.2774000302143005,-0.7585871615959308,0.5188128686183697,0.5188128686183697
NC(=O)N(CCO)/N=C/c1ccc([N+](=O)[O-])o1,-2.6851999682648655,-2.740434737932828,-0.0552347696679627,0.0552347696679627
NC(=O)N/N=C/c1ccc([N+](=O)[O-])o1,-2.980000001254928,-3.155326604750774,-0.17532660349584583,0.17532660349584583
NC(=O)NN=Cc1ccc([N+](=O)[O-])o1,-2.920000056773972,-3.155326536662379,-0.23532647988840694,0.23532647988840694
NCc1ccco1,1.0127046460374047,0.5686076240877482,-0.4440970219496565,0.4440970219496565
O=C(O)/C=C/c1ccco1,-1.8392000982859027,-1.7596486138267478,0.07955148445915494,0.07955148445915494
O=C(O)CNC(=O)c1ccco1,-0.7272000457681833,-0.9926764242866373,-0.26547637851845396,0.26547637851845396
O=C(O)c1cc(Br)co1,-1.1841001371005981,-1.77562882388224,-0.5915286867816418,0.5915286867816418
O=C(O)c1ccc(C(=O)O)o1,-2.2396237940290984,-1.234970338536739,1.0046534554923594,1.0046534554923594
O=C(O)c1ccc(Cl)o1,-1.6900000416671903,-1.7267642341999045,-0.036764192532714235,0.036764192532714235
O=C(O)c1ccco1,-0.48020013403111816,-0.9066995741979644,-0.42649944016684627,0.42649944016684627
O=C(O)c1oc(Cl)c(Cl)c1Cl,-2.219300021011544,-2.401005068721922,-0.18170504771037788,0.18170504771037788
O=C(O)c1occ(Br)c1Br,-2.0887000796989668,-2.252790659704652,-0.1640905800056851,0.1640905800056851
O=C(O)c1occ(Cl)c1Cl,-1.8263000710291148,-2.059721114214395,-0.23342104318528012,0.23342104318528012
O=C(O)c1occc1Br,-1.1699999837991142,-1.7039464513734783,-0.5339464675743641,0.5339464675743641
O=C([O-])c1ccc(Cl)o1,-1.7187999346737435,-1.2326477072172861,0.48615222745645736,0.48615222745645736
O=Cc1ccc(Br)o1,-1.5440000034218262,-1.3405987249222535,0.20340127849957268,0.20340127849957268
O=Cc1ccco1,-0.09620010805799017,-0.16406735163583042,-0.06786724357784024,0.06786724357784024
O=[N+]([O-])c1ccc(/C=N/O)o1,-2.1933999446461785,-2.4929682164269953,-0.2995682717808168,0.2995682717808168
O=[N+]([O-])c1ccc(C=NO)o1,-2.1900000868344334,-2.4929683526037847,-0.3029682657693513,0.3029682657693513
OCc1ccco1,1.008299599254943,0.4439317816430268,-0.5643678176119162,0.5643678176119162
c1ccoc1,-0.8200000338881175,-0.2189806419482938,0.6010193919398237,0.6010193919398237
CCc1nc2cnc(N)nc2nc1CC,-3.039999940150508,-2.110625904555035,0.9293740355954729,0.9293740355954729
CCc1nc2cnc(O)nc2nc1CC,-2.264400003351814,-2.4177130075397946,-0.15331300418798044,0.15331300418798044
CCc1nc2cncnc2nc1CC,-0.18000003599183367,-1.2213126236239102,-1.0413125876320766,1.0413125876320766
CCc1nc2nc(N)nc(N)c2nc1CC,-3.267100070889091,-2.5301927545961664,0.7369073162929247,0.7369073162929247
CCc1nc2ncnc(N)c2nc1CC,-2.93000004610229,-1.93145034070716,0.9985497053951302,0.9985497053951302
CCc1nc2ncnc(O)c2nc1CC,-1.9121999812317954,-2.28806834640463,-0.3758683651728345,0.3758683651728345
CN(C)c1cnc2cncnc2n1,-0.08999997883808541,-0.9877536333510006,-0.8977536545129152,0.8977536545129152
CN(C)c1ncc2nccnc2n1,0.35859986482879824,-1.0961788186365458,-1.454778683465344,1.454778683465344
CN(C)c1ncnc2nccnc12,-1.0216001019947258,-0.8412799722322162,0.18032012976250966,0.18032012976250966
CNc1ncc2nccnc2n1,-1.7124000341038368,-1.2146780904459233,0.49772194365791345,0.49772194365791345
COc1cnc2cncnc2n1,-0.9100000910418657,-0.7945947558869189,0.11540533515494689,0.11540533515494689
COc1cnc2ncncc2n1,-1.139999964747865,-0.7706170191686597,0.36938294557920526,0.36938294557920526
COc1ncc2nccnc2n1,-1.113000056543172,-0.8438286570220188,0.2691713995211531,0.2691713995211531
COc1ncnc2nccnc12,-1.113000056543172,-0.6210518725776533,0.49194818396551865,0.49194818396551865
CSc1cnc2cncnc2n1,-1.5499999527613602,-1.3263209970874343,0.22367895567392582,0.22367895567392582
CSc1cnc2ncncc2n1,-1.5499999527613602,-1.3102213599876666,0.2397785927736935,0.2397785927736935
CSc1ncc2nccnc2n1,-1.7561001190494083,-1.3673791161424858,0.3887210029069226,0.3887210029069226
CSc1ncnc2nccnc12,-1.759999949943316,-1.1269889534077426,0.6330109965355735,0.6330109965355735
Cc1cnc2cncnc2n1,-0.010000200388332825,-0.07119151304421889,-0.061191312655886065,0.061191312655886065
Cc1cnc2ncncc2n1,0.05999984406458214,-0.09594164451177045,-0.1559414885763526,0.1559414885763526
Cc1nc2cncnc2nc1C,-0.460000213803494,-0.5398883272859654,-0.07988811348247138,0.07988811348247138
Cc1ncc2nc(C)c(C)nc2n1,-1.144200065462328,-0.762768333736672,0.38143173172565614,0.38143173172565614
Cc1ncc2nccnc2n1,-0.11910014166519423,-0.0536078212939235,0.06549232037127073,0.06549232037127073
Cc1ncnc2nccnc12,-0.4657999832626576,0.050715310565502936,0.5165152938281605,0.5165152938281605
Clc1cnc2cncnc2n1,-0.8748999788752228,-0.5736830487497304,0.30121693012549233,0.30121693012549233
Clc1cnc2ncncc2n1,-0.8699999294634102,-0.5637470454903171,0.30625288397309314,0.30625288397309314
Clc1ncc2nccnc2n1,-0.7100001002103262,-0.7276475226980454,-0.017647422487719222,0.017647422487719222
Nc1cnc2cncnc2n1,-2.309999958774247,-1.2618399255540071,1.0481600332202399,1.0481600332202399
Nc1cnc2ncncc2n1,-2.3399999097371014,-1.2179054803539342,1.1220944293831672,1.1220944293831672
Nc1nc(N)c2nccnc2n1,-2.690000063913282,-2.158560134412412,0.5314399295008703,0.5314399295008703
Nc1ncc2nccnc2n1,-2.2978999701549934,-1.2816156550827515,1.0162843150722418,1.0162843150722418
Nc1ncnc2nccnc12,-2.309999958774247,-1.0465092879522586,1.2634906708219884,1.2634906708219884
Sc1cnc2ncncc2n1,-2.7100000425699178,-1.8442378224317657,0.8657622201381521,0.8657622201381521
c1cnc2ncncc2n1,0.019999818662916446,0.4389117604797814,0.418911941816865,0.418911941816865
CCOc1ccc(NS(=O)(=O)c2ccc([N+](=O)[O-])cc2)cc1,-4.719999650837952,-4.797683606807721,-0.07768395596976863,0.07768395596976863
CCc1ccc(NS(=O)(=O)c2ccc(N)cc2)cc1,-4.519999932359992,-4.43732999942432,0.08266993293567193,0.08266993293567193
COc1c(Cl)cccc1NS(=O)(=O)c1ccc(N)cc1,-4.150000037836557,-4.23126265174251,-0.08126261390595246,0.08126261390595246
COc1cc(S(=O)(=O)Nc2ccccc2)c(OC)cc1N,-4.057692941605739,-3.999034517232089,0.05865842437364943,0.05865842437364943
COc1ccc(N)cc1NS(=O)(=O)c1ccc(N)cc1,-5.079999879452944,-3.618288707994477,1.4617111714584672,1.4617111714584672
COc1ccc(NS(=O)(=O)c2ccc(N)cc2)cc1,-4.230000020551493,-4.259678253849468,-0.029678233297974366,0.029678233297974366
COc1ccc(NS(=O)(=O)c2ccc([N+](=O)[O-])cc2)cc1,-4.6399997362114105,-4.806657793403831,-0.16665805719242055,0.16665805719242055
Cc1cc(Cl)ccc1NS(=O)(=O)c1ccc(N)cc1,-4.3499998244029126,-4.649188945957932,-0.29918912155501953,0.29918912155501953
Cc1cc(N)ccc1S(=O)(=O)Nc1ccc(Cl)cc1,-4.420000005032617,-4.5979753066590066,-0.17797530162638964,0.17797530162638964
Cc1cc(N)ccc1S(=O)(=O)Nc1ccccc1Cl,-5.050000132755274,-4.265892545455467,0.7841075872998076,0.7841075872998076
Cc1cc(N)ccc1S(=O)(=O)Nc1ccccc1[N+](=O)[O-],-4.510000198363154,-4.190041665247374,0.3199585331157797,0.3199585331157797
Cc1ccc(Cl)cc1NS(=O)(=O)c1ccc(N)cc1,-3.9799999298794773,-4.651961369212666,-0.6719614393331885,0.6719614393331885
Cc1ccc(NS(=O)(=O)c2ccc(N)cc2)c(Cl)c1,-4.320000077705242,-4.558502149255403,-0.2385020715501618,0.2385020715501618
Cc1ccc(NS(=O)(=O)c2ccc(N)cc2)cc1Cl,-4.9099997714958645,-4.761617592674094,0.14838217882177052,0.14838217882177052
N#Cc1ccc(NS(=O)(=O)c2ccc(N)cc2)cc1,-3.5999998587846394,-4.471355812899642,-0.8713559541150024,0.8713559541150024
Nc1ccc(S(=O)(=O)Nc2cc(Cl)c(Cl)cc2Cl)cc1,-4.829999856869323,-5.221916248138754,-0.39191639126943123,0.39191639126943123
Nc1ccc(S(=O)(=O)Nc2cc(Cl)ccc2Cl)cc1,-4.399999992331784,-4.672506633778127,-0.27250664144634307,0.27250664144634307
Nc1ccc(S(=O)(=O)Nc2ccc(Cl)c(Cl)c2)cc1,-4.939999926723903,-4.837578367551205,0.10242155917269802,0.10242155917269802
Nc1ccc(S(=O)(=O)Nc2ccc(Cl)cc2)c(Cl)c1,-4.590000112989696,-4.643847139041411,-0.05384702605171565,0.05384702605171565
Nc1ccc(S(=O)(=O)Nc2ccc(Cl)cc2)cc1,-4.130000025135724,-4.430229060742749,-0.30022903560702563,0.30022903560702563
Nc1ccc(S(=O)(=O)Nc2ccc(I)cc2)cc1,-4.519999932359992,-4.165085225943931,0.3549147064160616,0.3549147064160616
Nc1ccc(S(=O)(=O)Nc2ccc(S(N)(=O)=O)cc2)cc1,-2.7592000867507616,-2.562736147542433,0.1964639392083285,0.1964639392083285
Nc1ccc(S(=O)(=O)Nc2ccc([N+](=O)[O-])cc2)cc1,-3.9399999725662065,-4.117435060869175,-0.1774350883029685,0.1774350883029685
Nc1ccc(S(=O)(=O)Nc2ccc([N+](=O)[O-])cc2Br)cc1,-4.780000097470819,-4.482704650348744,0.29729544712207545,0.29729544712207545
Nc1ccc(S(=O)(=O)Nc2cccc(Cl)c2Cl)cc1,-4.729999929541948,-4.483845267136487,0.2461546624054609,0.2461546624054609
Nc1ccc(S(=O)(=O)Nc2ccccc2C(=O)O)cc1,-0.8000000211872846,-3.2635534315205064,-2.4635534103332217,2.4635534103332217
Nc1ccc(S(=O)(=O)Nc2ccccc2Cl)c(Cl)c1,-5.110000034680983,-4.259338084229627,0.8506619504513555,0.8506619504513555
Nc1ccc(S(=O)(=O)Nc2ccccc2[N+](=O)[O-])cc1,-4.489999640955164,-4.012512478782953,0.47748716217221077,0.47748716217221077
O=S(=O)(Nc1ccc(Br)cc1Br)c1ccccc1,-5.010000107353608,-5.055408530121795,-0.045408422768187684,0.045408422768187684
O=S(=O)(Nc1ccc(Cl)cc1)c1ccccc1,-4.030000165896744,-4.771658179707742,-0.7416580138109987,0.7416580138109987
O=S(=O)(Nc1cccc(Cl)c1Cl)c1ccccc1,-4.729999929541948,-4.85863960597158,-0.12863967642963203,0.12863967642963203
O=S(=O)(Nc1ccccc1Cl)c1ccccc1,-4.320000077705242,-4.396218499067836,-0.07621842136259449,0.07621842136259449
O=[N+]([O-])c1ccc(NS(=O)(=O)c2ccccc2)cc1,-3.9300000343041845,-4.476221681937323,-0.5462216476331387,0.5462216476331387
O=[N+]([O-])c1ccccc1NS(=O)(=O)c1ccccc1,-4.010000153195911,-4.218700751453722,-0.20870059825781073,0.20870059825781073
C=CC(=O)Oc1c(Br)cc(Cl)c2cccnc12,-4.716800177171762,-4.745674150351731,-0.028873973179969425,0.028873973179969425
CCCCCC(C)OC(=O)COc1ccc(Cl)c2cccnc12,-5.747969636647797,-5.596310091036317,0.15165954561147998,0.15165954561147998
CCCCOc1cc(C(=O)NCCN(CC)CC)c2ccccc2n1,-3.7000000244213958,-3.8587111446283004,-0.1587111202069047,0.1587111202069047
CCN(CC)CCCC(C)Nc1ccnc2cc(Cl)ccc12,-2.829999914509731,-3.0898761246980366,-0.25987621018830565,0.25987621018830565
CCOc1ccc(NC(C)=O)c2cccnc12,-1.517100048980529,-2.8314200341576505,-1.3143199851771215,1.3143199851771215
CCc1c(C)c(CN)nc2ccccc12,-1.4800000444852346,-1.6930163575516815,-0.21301631306644686,0.21301631306644686
Cc1cc(C)c2ccccc2n1,-1.9423999758982309,-1.5149131859200755,0.42748678997815537,0.42748678997815537
Cc1cc2cccc(O)c2nc1C,-3.3199999022602618,-2.246514816189859,1.0734850860704026,1.0734850860704026
Cc1ccc2c([N+](=O)[O-])ccc(O)c2n1,-3.959799941563458,-3.007557987475597,0.952241954087861,0.952241954087861
Cc1ccc2ccc(C)nc2c1,-1.9423999758982309,-1.7628115921133878,0.1795883837848431,0.1795883837848431
Cc1ccc2cccc(O)c2n1,-1.7306185820461635,-2.012026010799148,-0.2814074287529844,0.2814074287529844
Cc1cnc2c(C(=O)O)c(Cl)ccc2c1,-2.9972998878096075,-3.4870705240581703,-0.48977063624856276,0.48977063624856276
Clc1ccc2c(Cl)ccnc2c1,-2.8026246860514425,-3.768854753987335,-0.9662300679358924,0.9662300679358924
Nc1c(S(=O)(=O)O)ccc2ncccc12,-2.5000000113437646,-1.8557295093329143,0.6442705020108503,0.6442705020108503
Nc1ccc(S(=O)(=O)O)c2ncccc12,-2.7100000425699178,-2.001843119020611,0.7081569235493066,0.7081569235493066
O=C(O)c1c(Cl)ccc2cc(Cl)cnc12,-3.5699999078217846,-3.6640876857945703,-0.09408777797278578,0.09408777797278578
O=C(O)c1ccc([N+](=O)[O-])c2cccnc12,-3.1656000370721418,-3.005956139902267,0.15964389716987482,0.15964389716987482
O=C(O)c1ccc2ccccc2n1,-1.0910999691002938,-2.793103324093554,-1.7020033549932603,1.7020033549932603
O=C(O)c1ccc2ncccc2c1,-0.04560008137195437,-2.5225173541286487,-2.4769172727566944,2.4769172727566944
O=C(O)c1cccc2cccnc12,-1.7446999429507146,-2.5213964829753643,-0.7766965400246497,0.7766965400246497
O=C(O)c1cccc2ncccc12,-2.677400102211866,-2.3018705448909778,0.37552955732088833,0.37552955732088833
O=S(=O)(O)c1cc(I)c(O)c2ncccc12,-2.2000000250964553,-1.8629444279871856,0.3370555971092697,0.3370555971092697
O=[N+]([O-])Cc1ccc2ccccc2n1,-2.0545000961100435,-2.9067644047976895,-0.852264308687646,0.852264308687646
Oc1c(Br)cc(Br)c2cccnc12,-4.19379987228034,-3.6543976178167545,0.5394022544635853,0.5394022544635853
Oc1c(I)cc(Cl)c2cccnc12,-1.8222561650920561,-3.4737612174609387,-1.6515050523688826,1.6515050523688826
Oc1ccc(Cl)c2cccnc12,-3.9755999216382225,-2.698577431345176,1.2770224902930467,1.2770224902930467
Oc1ccc2ncccc2c1,-2.1617999164082553,-1.5888517354750789,0.5729481809331765,0.5729481809331765
Oc1cccc2cccnc12,-2.3496053438403255,-1.757497565261898,0.5921077785784274,0.5921077785784274
Oc1cnc2ccccc2c1,-2.3924999430767877,-2.090825799380994,0.3016741436957937,0.3016741436957937
c1ccc2ncccc2c1,-1.3250934995080752,-0.9163054849199512,0.40878801458812397,0.40878801458812397
CC(C)=CCCc1ccc2c(c1)C(=O)c1ccccc1C2=O,-7.9858181041011775,-6.810987715090746,1.174830389010432,1.174830389010432
CCCCNc1ccc(NCCCC)c2c1C(=O)c1ccccc1C2=O,-7.931856689546395,-7.0103126775773905,0.9215440119690044,0.9215440119690044
CCNc1cc(C#N)c(N)c2c1C(=O)c1ccccc1C2=O,-7.638280230541946,-6.109390461529471,1.5288897690124754,1.5288897690124754
CCOC(=O)OCCOc1cc(O)c2c(c1N)C(=O)c1ccccc1C2=O,-9.219529158005509,-5.630786241154078,3.588742916851431,3.588742916851431
CCc1ccc2c(c1)C(=O)c1ccccc1C2=O,-5.984242357979223,-6.195867625142281,-0.21162526716305763,0.21162526716305763
CNc1cccc2c1C(=O)c1ccccc1C2=O,-6.300000109496592,-5.372766903621391,0.9272332058752006,0.9272332058752006
COc1cc(N)c2c(c1N)C(=O)c1ccccc1C2=O,-5.7459997032128065,-5.570308222520899,0.1756914806919072,0.1756914806919072
Cc1ccc2c(c1)C(=O)c1ccccc1C2=O,-6.117146002037531,-5.719277731835212,0.3978682702023191,0.3978682702023191
Cc1ccc2c(c1N)C(=O)c1ccccc1C2=O,-5.854100106855709,-5.646625235878997,0.20747487097671247,0.20747487097671247
Nc1c(S(=O)(=O)[O-])cc(Br)c2c1C(=O)c1ccccc1C2=O,-1.3055374231405805,-1.441178356841966,-0.13564093370138552,0.13564093370138552
Nc1cc(S(=O)(=O)[O-])c(O)c2c1C(=O)c1c(O)c(S(=O)(=O)O)cc(N)c1C2=O,-1.7991126473854628,-0.8593721481140095,0.9397404992714533,0.9397404992714533
Nc1ccc(N)c2c1C(=O)c1c(N)ccc(N)c1C2=O,-6.9514998287245975,-4.8512723054900055,2.100227523234592,2.100227523234592
Nc1ccc(N)c2c1C(=O)c1ccccc1C2=O,-5.859000020090733,-5.396811094612861,0.4621889254778715,0.4621889254778715
Nc1ccc(O)c2c1C(=O)c1ccccc1C2=O,-3.823999817195302,-5.353547728630792,-1.5295479114354902,1.5295479114354902
Nc1ccc2c(c1)C(=O)c1ccccc1C2=O,-6.136599945813,-5.588159093131933,0.5484408526810665,0.5484408526810665
O=C(O)CN(CC(=O)O)Cc1cc2c(c(O)c1O)C(=O)c1ccccc1C2=O,-1.8077000918997699,-2.7224743811831424,-0.9147742892833726,0.9147742892833726
O=C(O)c1ccc2c(c1C(=O)O)C(=O)c1ccccc1C2=O,-2.814100014715768,-3.382394217695519,-0.5682942029797511,0.5682942029797511
O=C1c2c(O)ccc(O)c2C(=O)c2c(NCCNCCO)ccc(NCCNCCO)c21,-1.8388000108787408,-2.3699745999055284,-0.5311745890267876,0.5311745890267876
O=C1c2ccc(O)cc2C(=O)c2ccc(O)cc21,-5.889200219022352,-4.738531133042246,1.1506690859801063,1.1506690859801063
O=C1c2cccc(O)c2C(=O)c2c(O)cccc21,-5.189999949307525,-4.516376948878868,0.6736230004286572,0.6736230004286572
O=C1c2cccc(S(=O)(=O)O)c2C(=O)c2c1cccc2S(=O)(=O)O,1.2571999942644223,-0.26562446054962363,-1.522824454814046,1.522824454814046
O=C1c2cccc(S(=O)(=O)O)c2C(=O)c2cccc(S(=O)(=O)O)c21,0.25719990392993575,-0.2535946029768943,-0.51079450690683,0.51079450690683
O=C1c2ccccc2C(=O)c2c(NCCCOCCOCCO)ccc(NCCCOCCOCCO)c21,0.05718861042487866,-2.578098114974197,-2.6352867253990757,2.6352867253990757
O=C1c2ccccc2C(=O)c2c(O)c(O)cc(O)c21,-4.602399690545559,-4.093421645832102,0.5089780447134569,0.5089780447134569
O=C1c2ccccc2C(=O)c2c(O)ccc(O)c21,-6.253493284745367,-4.570857060824354,1.6826362239210129,1.6826362239210129
O=C1c2ccccc2C(=O)c2c(O)cccc21,-4.421299812487129,-4.845475804273787,-0.4241759917866572,0.4241759917866572
O=C1c2ccccc2C(=O)c2c1ccc(O)c2O,-2.778500065643752,-4.416027183379608,-1.6375271177358561,1.6375271177358561
O=C1c2ccccc2C(=O)c2cc(O)ccc21,-5.309299804461594,-5.01005348865504,0.29924631580655436,0.29924631580655436
O=C1c2ccccc2C(=O)c2ccccc21,-6.039760545590057,-5.163167810907333,0.876592734682724,0.876592734682724
CC(C)Cc1ncc[nH]1,-1.0488000539029996,-0.8549698248673354,0.19383022903566416,0.19383022903566416
CC(C)c1nc([N+](=O)[O-])c[nH]1,-1.1499999710982813,-2.1850041689629065,-1.0350041978646252,1.0350041978646252
CC(C)c1ncc([N+](=O)[O-])n1C,-1.2600000409528622,-1.9264804326024019,-0.6664803916495396,0.6664803916495396
CCCCCCCCCCCCCCCCCc1ncc[nH]1,-7.214642409426871,-5.212791177660025,2.001851231766846,2.001851231766846
CCCCc1nc(C=O)c(Cl)[nH]1,-2.1991274723185827,-2.7531518116731006,-0.5540243393545179,0.5540243393545179
CN=C(NC#N)NCCSCc1nc[nH]c1C,-1.4298001052063607,-1.5634686542905467,-0.13366854908418602,0.13366854908418602
C[N+](C)(C)C(Cc1cnc(S)[nH]1)C(=O)[O-],-0.460000213803494,-0.8962169573060295,-0.4362167435025355,0.4362167435025355
Cc1[nH]cnc1CO,0.2683334458750477,0.2998768926569886,0.031543446781940876,0.031543446781940876
Cc1[nH]cnc1S(=O)(=O)O,0.18799976193776535,-0.6624659577601113,-0.8504657196978767,0.8504657196978767
Cc1nc(Br)[nH]c1[N+](=O)[O-],-1.7914000025660533,-2.309585232362228,-0.5181852297961747,0.5181852297961747
Cc1ncc([N+](=O)[O-])[nH]1,-1.6300000035646918,-1.896223447949616,-0.2662234443849243,0.2662234443849243
Cc1ncc([N+](=O)[O-])n1C,-1.1599999774486978,-1.5302744724678923,-0.3702744950191945,0.3702744950191945
Cc1ncc([N+](=O)[O-])n1CC(C)O,-0.7400001192615755,-1.418962339247755,-0.6789622199861796,0.6789622199861796
Cc1ncc([N+](=O)[O-])n1CCO,-1.2100001453775693,-1.4291170424308932,-0.21911689705332393,0.21911689705332393
Cc1ncc([N+](=O)[O-])n1CCOP(=O)(O)O,-1.3799999809810701,-1.3137013578399543,0.06629862314111579,0.06629862314111579
Cc1ncc[nH]1,0.5121364713049203,0.7160778269511243,0.20394135564620397,0.20394135564620397
Cn1c([N+](=O)[O-])cnc1COC(N)=O,-1.8432999728833914,-2.0122546516284965,-0.16895467874510506,0.16895467874510506
Cn1ccnc1,1.085625137915096,1.2229109510552525,0.13728581314015642,0.13728581314015642
Cn1cncc1CC(N)C(=O)O,0.07999985676541499,-0.24332660070500278,-0.32332645747041777,0.32332645747041777
Cn1cncc1C[C@H](N)C(=O)O,0.07269996379457844,-0.24332632835142398,-0.3160262921460024,0.3160262921460024
NC(Cc1cnc[nH]1)C(=O)O,-0.5314001556511072,-0.1875510389622641,0.3438491166888431,0.3438491166888431
N[C@@H](Cc1cnc[nH]1)C(=O)O,-0.1076498525080134,-0.1875510389622641,-0.0799011864542507,0.0799011864542507
O=C(O)/C=C/c1cnc[nH]1,-1.9639999977857379,-1.5046080073846864,0.4593919904010515,0.4593919904010515
O=C(O)C=Cc1c[nH]cn1,-1.9600000769516448,-1.6024602905669458,0.35753978638469897,0.35753978638469897
O=C(O)c1nc[nH]c1C(=O)O,-2.494400013234603,-1.5173013182752142,0.9770986949593887,0.9770986949593887
O=S(=O)(O)c1c[nH]cn1,0.13039997592465902,-0.5479431843770555,-0.6783431603017145,0.6783431603017145
O=S(=O)(O)c1ncc[nH]1,-0.30000011219683076,-0.4615714215992166,-0.16157130940238584,0.16157130940238584
c1c[nH]cn1,0.9683902675949967,0.9356106079191768,-0.03277965967581986,0.03277965967581986
CC(=O)C1(O)CCC2C3CC(C)C4=CC(=O)C=CC4(C)C3(F)C(O)CC21C,-4.099999869907685,-3.7171772965438237,0.3828225733638613,0.3828225733638613
CC(=O)OCC(=O)C1(O)C(C)CC2C3CCC4=CC(=O)C=CC4(C)C3(F)C(O)CC21C,-4.900000037499027,-4.168482836838651,0.7315172006603765,0.7315172006603765
CC(=O)OCC(=O)C1(O)C(OC(C)=O)CC2C3CCC4=CC(=O)C=CC4(C)C3(F)C(O)CC21C,-4.130000025135724,-3.938995124037463,0.1910049010982604,0.1910049010982604
CC(=O)OCC(=O)C1(O)CCC2C3CCC4=CC(=O)C=CC4(C)C3C(O)CC21C,-4.37999997963095,-3.8995244178160693,0.48047556181488105,0.48047556181488105
CC(=O)OCC(=O)[C@@]1(O)CC[C@H]2[C@@H]3CCC4=CC(=O)C=C[C@]4(C)[C@H]3[C@@H](O)C[C@@]21C,-4.369200206996579,-3.8995244178160693,0.4696757891805099,0.4696757891805099
CC(=O)OCC(=O)[C@@]1(O)[C@H](C)C[C@H]2[C@@H]3CCC4=CC(=O)C=C[C@]4(C)[C@@]3(F)[C@@H](O)C[C@@]21C,-4.900000037499027,-4.168482836838651,0.7315172006603765,0.7315172006603765
CC(=O)OCC(=O)[C@@]1(O)[C@H](OC(C)=O)C[C@H]2[C@@H]3CCC4=CC(=O)C=C[C@]4(C)[C@@]3(F)[C@@H](O)C[C@@]21C,-4.129700095757142,-3.938994987860674,0.19070510789646855,0.19070510789646855
CC(=O)[C@@]1(O)CC[C@H]2[C@@H]3C[C@H](C)C4=CC(=O)C=C[C@]4(C)[C@@]3(F)[C@@H](O)C[C@@]21C,-4.098599836336198,-3.7171772965438237,0.38142253979237406,0.38142253979237406
CC(C)(C)C(=O)OCC(=O)C1(O)CCC2C3CCC4=CC(=O)C=CC4(C)C3C(O)CC21C,-4.583499850126025,-4.303938978636865,0.27956087148916,0.27956087148916
CC12C=CC(=O)C=C1CCC1C2C(O)CC2(C)C1CC(O)C2(O)C(=O)CO,-2.6645486219804875,-3.3781828143075385,-0.713634192327051,0.713634192327051
CC12C=CC(=O)C=C1CCC1C2C(O)CC2(C)C1CCC2(O)C(=O)CO,-3.1800000431527637,-3.6853668070779326,-0.5053667639251689,0.5053667639251689
CC12C=CC(=O)C=C1CCC1C3CC(O)C(O)(C(=O)CO)C3(C)CC(O)C12F,-3.680000011720563,-3.423316432314782,0.2566835794057809,0.2566835794057809
CC1CC2C(C(O)CC3(C)C2CCC3(O)C(=O)CO)C2(C)C=CC(=O)C=C12,-3.4899999591510453,-3.6623593299839174,-0.17235937083287212,0.17235937083287212
CC1CC2C(C(O)CC3(C)C2CCC3(O)C(=O)COC(=O)CCC(=O)O)C2(C)C=CC(=O)C=C12,-4.199999729146666,-3.787807022470774,0.4121927066758917,0.4121927066758917
CC1CC2C3CC(F)C4=CC(=O)C=CC4(C)C3(F)C(O)CC2(C)C1(O)C(=O)CO,-5.612999918341204,-3.707046969005982,1.905952949335222,1.905952949335222
CC1CC2C3CCC4=CC(=O)C=CC4(C)C3(F)C(O)CC2(C)C1(O)C(=O)CO,-3.7699999326975213,-3.9151711309144,-0.14517119821687885,0.14517119821687885
CCC(=O)OCC(=O)C1(OC(=O)CC)C(C)CC2C3CCC4=CC(=O)C=CC4(C)C3(F)C(O)CC21C,-3.7699999326975213,-4.7852057275979725,-1.0152057949004512,1.0152057949004512
CCCCC(=O)OC1(C(=O)CO)C(C)CC2C3CCC4=CC(=O)C=CC4(C)C3(F)C(O)CC21C,-4.709999916841115,-4.629338863902193,0.08066105293892178,0.08066105293892178
CCCCC(=O)O[C@]1(C(=O)CO)[C@@H](C)C[C@H]2[C@@H]3CCC4=CC(=O)C=C[C@]4(C)[C@@]3(F)[C@@H](O)C[C@@]21C,-4.710100142958089,-4.629338863902193,0.08076127905589559,0.08076127905589559
CSC(=O)C1(OC(C)=O)C(C)CC2C3CCC4=CC(=O)C=CC4(C)C3(F)C(O)CC21C,-6.219999786339683,-4.481510788436359,1.7384889979033238,1.7384889979033238
C[C@@H]1C[C@H]2[C@@H]3CCC4=CC(=O)C=C[C@]4(C)[C@@]3(F)[C@@H](O)C[C@]2(C)[C@@]1(O)C(=O)CO,-3.6443998583833626,-3.9151712670911896,-0.270771408707827,0.270771408707827
C[C@@H]1C[C@H]2[C@@H]3C[C@H](F)C4=CC(=O)C=C[C@]4(C)[C@@]3(F)[C@@H](O)C[C@]2(C)[C@@]1(O)C(=O)CO,-5.613299779631391,-3.7070471051827716,1.9062526744486195,1.9062526744486195
C[C@@H]1C[C@H]2[C@@H]3C[C@H](F)C4=CC(=O)C=C[C@]4(C)[C@H]3[C@@H](O)C[C@]2(C)[C@H]1C(=O)CO,-3.203737232083654,-3.7581440409732094,-0.5544068088895555,0.5544068088895555
C[C@H]1C[C@@H]2[C@H]([C@@H](O)C[C@@]3(C)[C@H]2CC[C@]3(O)C(=O)CO)[C@@]2(C)C=CC(=O)C=C12,-3.4941999577329166,-3.6623593299839174,-0.16815937225100086,0.16815937225100086
C[C@H]1C[C@H]2[C@@H]3CCC4=CC(=O)C=C[C@]4(C)[C@@]3(F)[C@@H](O)C[C@]2(C)[C@@]1(O)C(=O)CO,-3.770981494995283,-3.9151709947376108,-0.14418949974232786,0.14418949974232786
C[C@]12C=CC(=O)C=C1CC[C@@H]1[C@@H]2[C@@H](O)C[C@@]2(C)[C@H]1CC[C@]2(O)C(=O)CO,-3.1784472192236057,-3.685366943254722,-0.5069197240311163,0.5069197240311163
C[C@]12C=CC(=O)C=C1CC[C@H]1[C@@H]3C[C@@H](O)[C@](O)(C(=O)CO)[C@@]3(C)C[C@H](O)[C@@]12F,-3.692899902800561,-3.42331633018219,0.2695835726183713,0.2695835726183713
C[C@]12CC[C@H]3[C@@H](CCC4=CC(=O)C=C[C@@]43C)[C@@H]1CC[C@@H]2O,-3.700359531145326,-4.420172404847956,-0.7198128737026299,0.7198128737026299
CC(=O)Nc1ccc(S(=O)(=O)Nc2nnc(S(N)(=O)=O)s2)cc1,-1.6199999972142753,-2.3601546192706557,-0.7401546220563804,0.7401546220563804
CC(C)(C)c1nnc(NS(=O)(=O)c2ccc(N)cc2)s1,-3.739999981734667,-3.882395420365472,-0.14239543863080506,0.14239543863080506
CC(C)Cc1nnc(NS(=O)(=O)c2ccc(N)cc2)s1,-3.8225998517122086,-3.603371391824196,0.21922845988801276,0.21922845988801276
CC(C)c1nnc(NS(=O)(=O)c2ccc(N)cc2)s1,-3.4140998850777944,-3.6248369050880047,-0.21073702001021033,0.21073702001021033
CCCc1nnc(NS(=O)(=O)c2ccc(N)cc2)s1,-3.307499860278044,-3.4267346739930917,-0.11923481371504785,0.11923481371504785
CCc1nnc(NS(=O)(=O)c2ccc(N)cc2)s1,-3.119999860362426,-3.2454771032125755,-0.12547724285014938,0.12547724285014938
CCc1nnc(NS(=O)(=O)c2ccc(NC(C)=O)cc2)s1,-3.400000072218284,-3.7264242452490373,-0.3264241730307531,0.3264241730307531
COc1ccc(S(=O)(=O)Nc2nnc(S(N)(=O)=O)s2)cc1,-2.249999988760143,-2.410000226543595,-0.16000023778345218,0.16000023778345218
Cc1cc(C)c(S(=O)(=O)Nc2nnc(S(N)(=O)=O)s2)c(C)c1,-2.7000000362195014,-2.5186774410220627,0.18132259519743865,0.18132259519743865
Cc1ccc(S(=O)(=O)Nc2nnc(S(N)(=O)=O)s2)cc1,-1.2200000155511965,-2.214162887809443,-0.9941628722582463,0.9941628722582463
Cc1nnc(NS(=O)(=O)c2ccc(N)cc2)s1,-2.41070010715255,-3.0293248769963754,-0.6186247698438256,0.6186247698438256
NCC(=O)NCC(=O)Nc1ccc(S(=O)(=O)Nc2nnc(S(N)(=O)=O)s2)cc1,-1.2900000600041115,-2.141233680617232,-0.8512336206131206,0.8512336206131206
NCC(=O)Nc1ccc(S(=O)(=O)Nc2nnc(S(N)(=O)=O)s2)cc1,-1.1900001326767364,-2.018227093256578,-0.8282269605798416,0.8282269605798416
NS(=O)(=O)c1nnc(NS(=O)(=O)c2c(F)c(F)c(F)c(F)c2F)s1,-1.2100001453775693,-2.725154885105053,-1.5151547397274838,1.5151547397274838
NS(=O)(=O)c1nnc(NS(=O)(=O)c2ccc(Br)cc2)s1,-2.1300001168203297,-2.2200811310753568,-0.09008101425502701,0.09008101425502701
NS(=O)(=O)c1nnc(NS(=O)(=O)c2ccc(Cl)c([N+](=O)[O-])c2)s1,-1.9900000279144996,-2.461588896720439,-0.47158886880593953,0.47158886880593953
NS(=O)(=O)c1nnc(NS(=O)(=O)c2ccc(Cl)cc2)s1,-2.0099999725269377,-2.403397286380742,-0.39339731385380405,0.39339731385380405
NS(=O)(=O)c1nnc(NS(=O)(=O)c2ccc(I)cc2)s1,-2.2000000250964553,-2.1539787386877194,0.04602128640873593,0.04602128640873593
NS(=O)(=O)c1nnc(NS(=O)(=O)c2ccc([N+](=O)[O-])cc2)s1,-1.3300000854057772,-2.1977071484054793,-0.8677070629997021,0.8677070629997021
NS(=O)(=O)c1nnc(NS(=O)(=O)c2ccc([N+](=O)[O-])cc2[N+](=O)[O-])s1,-2.9100000674456545,-2.4433151971784186,0.46668487026723593,0.46668487026723593
NS(=O)(=O)c1nnc(NS(=O)(=O)c2cccc([N+](=O)[O-])c2)s1,-1.4600000317844015,-2.152065999504263,-0.6920659677198613,0.6920659677198613
NS(=O)(=O)c1nnc(NS(=O)(=O)c2ccccc2)s1,-2.900000078117337,-2.1263025765470274,0.7736975015703096,0.7736975015703096
NS(=O)(=O)c1nnc(NS(=O)(=O)c2ccccc2C(=O)O)s1,-2.3199999651246634,-2.205610168376425,0.11438979674823857,0.11438979674823857
NS(=O)(=O)c1nnc(NS(=O)(=O)c2ccccc2[N+](=O)[O-])s1,-1.820000124222604,-2.205745664281846,-0.3857455400592418,0.3857455400592418
Nc1ccc(S(=O)(=O)Nc2nnc(S(N)(=O)=O)s2)cc1,-1.5000000571860674,-2.1472845600759896,-0.6472845028899221,0.6472845028899221
Nc1ccc(S(=O)(=O)Nc2nncs2)cc1,-2.8684000839236106,-2.8125060313520236,0.05589405257158697,0.05589405257158697
Nc1cccc(S(=O)(=O)Nc2nnc(S(N)(=O)=O)s2)c1,-1.5399999464109437,-2.1178120899067503,-0.5778121434958066,0.5778121434958066
CC(C(=O)O)c1cccc(C(=O)c2ccccc2)c1,-3.4699999804944097,-3.2238547483316125,0.24614523216279727,0.24614523216279727
CC(C(=O)OCC(=O)N(C)CC(N)=O)c1cccc(C(=O)c2ccccc2)c1,-2.4200000967172226,-2.648067587737899,-0.22806749102067636,0.22806749102067636
CCCCCCCCOc1ccc(C(=O)c2ccccc2)c(O)c1,-5.513798123176311,-6.225896786026454,-0.7120986628501429,0.7120986628501429
CCCCCCOC(=O)c1ccccc1C(=O)c1ccc(N(CC)CC)cc1O,-7.395233531000221,-5.318572899110366,2.0766606318898546,2.0766606318898546
CCOC(=O)c1ccccc1C(=O)c1ccccc1,-3.405299868595285,-4.295151490418977,-0.8898516218236923,0.8898516218236923
CN(C(=O)CNC(=O)CN)c1ccc(Cl)cc1C(=O)c1ccccc1Cl,-2.329999903386685,-3.0111331048152583,-0.6811332014285734,0.6811332014285734
CN(C)c1ccc(C(=O)c2ccc(N(C)C)cc2)cc1,-2.8266999593950857,-3.2641010494568494,-0.43740109006176375,0.43740109006176375
COC(=O)c1ccccc1C(=O)c1ccccc1,-3.477600075197407,-3.773149633747198,-0.2955495585497907,0.2955495585497907
COc1cc(O)c(C(=O)c2ccccc2)cc1S(=O)(=O)[O-],-0.02238493467415381,-1.4972865984811297,-1.4749016638069758,1.4749016638069758
COc1ccc(C(=O)c2cccc(C)c2)cc1C,-5.079699881985968,-5.126235712393329,-0.04653583040736109,0.04653583040736109
COc1ccc(C(=O)c2ccccc2)c(O)c1,-4.580253531644293,-3.992918272914435,0.5873352587298579,0.5873352587298579
COc1ccc(C(=O)c2ccccc2O)c(O)c1,-7.27388421516617,-3.5892938098255494,3.6845904053406207,3.6845904053406207
Cc1ccc(C(=O)c2cc(O)c(O)c([N+](=O)[O-])c2)cc1,-4.169999982448995,-4.020801151421387,0.14919883102760778,0.14919883102760778
Nc1ccc(Cl)cc1C(=O)c1ccccc1Cl,-7.425088657947583,-4.665251270617413,2.75983738733017,2.75983738733017
O=C(CBr)Nc1ccc(Cl)cc1C(=O)c1ccccc1Cl,-6.888808120203461,-6.122535334653541,0.7662727855499192,0.7662727855499192
O=C(CBr)Nc1ccc(Cl)cc1C(=O)c1ccccc1F,-5.569345724973649,-5.964687371026043,-0.39534164605239397,0.39534164605239397
O=C(O)c1ccccc1C(=O)c1ccc(Br)cc1,-3.007400016016644,-4.0152552154976044,-1.0078551994809604,1.0078551994809604
O=C(O)c1ccccc1C(=O)c1ccc(Cl)cc1,-2.7170998918371736,-3.8861131828919957,-1.169013291054822,1.169013291054822
O=C(O)c1ccccc1C(=O)c1ccc(O)cc1,-2.7300000212265534,-2.904276216546563,-0.17427619532000982,0.17427619532000982
O=C(O)c1ccccc1C(=O)c1ccccc1O,-2.342799908791682,-2.6510945935003556,-0.3082946847086734,0.3082946847086734
O=C(c1ccc(F)cc1)c1ccc(F)cc1,-4.396652085965183,-4.827117947475937,-0.43046586151075417,0.43046586151075417
O=C(c1ccc(O)c(O)c1)c1c(O)cc(O)cc1O,-1.7200000607184396,-2.3972664711466254,-0.6772664104281858,0.6772664104281858
O=C(c1ccccc1)c1c(O)cc(O)cc1O,-1.8708000584354312,-2.8513719424076394,-0.9805718839722082,0.9805718839722082
O=C(c1ccccc1)c1ccc(O)c(O)c1,-2.9226200386240584,-3.0130580488434617,-0.09043801021940334,0.09043801021940334
O=C(c1ccccc1)c1ccc(O)c(O)c1O,-3.345107753131383,-2.3972471340425354,0.9478606190888477,0.9478606190888477
O=C(c1ccccc1)c1cccc(N=C=S)c1,-5.400000082666271,-5.172570682036373,0.22742940062989803,0.22742940062989803
O=C(c1ccccc1)c1ccccc1,-3.8822027982969116,-3.9508623865236876,-0.06865958822677598,0.06865958822677598
CC(=O)c1cccc(Nc2ccccc2C(=O)O)c1,-4.860000012097361,-3.5414039395573096,1.3185960725400512,1.3185960725400512
CC(C)(C)CC(C)(C)c1ccc(Nc2ccc(C(C)(C)CC(C)(C)C)cc2)cc1,-6.5951197238781525,-6.03169860730592,0.5634211165722327,0.5634211165722327
CC(C)CCC(C)Nc1ccc(Nc2ccccc2)cc1,-5.624837221933767,-5.239134577563176,0.3857026443705909,0.3857026443705909
CCCCCCCCCc1cccc(Nc2cccc(CCCCCCCCC)c2)c1,-7.926046843004817,-7.364234246668593,0.5618125963362246,0.5618125963362246
CCOC(=O)N(c1ccccc1)c1ccccc1,-3.9692394442488377,-4.586528013391192,-0.617288569142354,0.617288569142354
CCOc1ccc(Nc2ccc(S(=O)(=O)N(C)C)cc2[N+](=O)[O-])cc1,-4.261751545467588,-4.493666473362463,-0.23191492789487533,0.23191492789487533
CNC(=O)N(c1ccccc1)c1ccccc1,-2.9839460641688262,-2.8743583120993024,0.10958775206952387,0.10958775206952387
COc1cccc(Nc2ccccc2C(=O)O)c1,-4.800000110171652,-3.860322796930465,0.9396773132411869,0.9396773132411869
Cc1c(Cl)cccc1Nc1ccccc1C(=O)O,-5.059999866752111,-4.303367580828679,0.7566322859234322,0.7566322859234322
Cc1cccc(Nc2ccccc2C(=O)O)c1,-5.059999866752111,-3.9742527927494042,1.085747074002707,1.085747074002707
Cc1cccc(Nc2ccccc2C(=O)O)c1C,-4.081499980718525,-4.257930833288303,-0.1764308525697782,0.1764308525697782
Nc1ccc(Nc2ccc([N+](=O)[O-])cc2S(=O)(=O)O)cc1,-1.5982894678621966,-2.5878438792588643,-0.9895544113966677,0.9895544113966677
Nc1ccc(Nc2ccccc2)cc1,-2.563130379347652,-3.10393402063957,-0.5408036412919177,0.5408036412919177
Nc1cccc(Nc2ccccc2C(=O)O)c1,-4.090000067822453,-3.3106005547056467,0.7793995131168066,0.7793995131168066
O=C(O)Cc1ccccc1Nc1c(Cl)cccc1Cl,-4.620257778526429,-4.172626560362316,0.4476312181641129,0.4476312181641129
O=C(O)c1ccccc1Nc1cccc(C(F)(F)F)c1,-4.399999992331784,-4.570968861968424,-0.17096886963664026,0.17096886963664026
O=C(O)c1ccccc1Nc1cccc(Cl)c1,-5.300000155338895,-4.102781485095702,1.1972186702431937,1.1972186702431937
O=C(O)c1ccccc1Nc1cccc(O)c1,-3.539999922814733,-3.1268864567775325,0.41311346603720045,0.41311346603720045
O=C(O)c1ccccc1Nc1cccc([N+](=O)[O-])c1,-6.429999647344848,-3.984947981609542,2.4450516657353063,2.4450516657353063
O=C(O)c1ccccc1Nc1ccccc1,-4.959999939424736,-3.518829470609286,1.44117046881545,1.44117046881545
O=C(OCCOCCO)c1ccccc1Nc1cccc(C(F)(F)F)c1,-5.36329962087098,-4.97922034000644,0.38407928086454035,0.38407928086454035
O=C([O-])Cc1ccccc1Nc1c(Cl)cccc1Cl,-1.1742319498822895,-4.404493417850545,-3.2302614679682553,3.2302614679682553
O=NN(c1ccccc1)c1ccccc1,-3.7530998484298514,-4.445989072929834,-0.6928892244999822,0.6928892244999822
O=[N+]([O-])c1ccc(Nc2ccc(O)cc2)c([N+](=O)[O-])c1,-5.443999620371661,-4.268551261091078,1.1754483592805833,1.1754483592805833
O=[N+]([O-])c1ccc(Nc2ccccc2)c([N+](=O)[O-])c1,-3.8340000278109025,-4.8618582805650705,-1.027858252754168,1.027858252754168
OCC(O)C(O)C(O)C=NN(c1ccccc1)c1ccccc1,-3.0999998817057905,-2.3094466043906516,0.7905532773151389,0.7905532773151389
c1ccc(Nc2ccccc2)cc1,-4.85381636026897,-4.26977821396328,0.5840381463056907,0.5840381463056907
C1CCOCC1,-0.03100002307670202,-0.181689989947885,-0.15068996687118297,0.15068996687118297
C=CC1(C)CCCC(C)(C)O1,-2.5359873833815314,-1.9397771428466173,0.5962102405349141,0.5962102405349141
CC(=O)OCC1OC(OC(C)=O)C(OC(C)=O)C(OC(C)=O)C1OC(C)=O,-2.415352791426476,-1.587588423400116,0.8277643680263598,0.8277643680263598
CC(C)=CC1CC(C)CCO1,-2.2244458014397708,-2.0479847176227532,0.17646108381701753,0.17646108381701753
CC(C)CC1CC(C)(O)CCO1,2.137681529521115,-0.8682432488805691,-3.0059247784016843,3.0059247784016843
CC(C)CC1CC(C)CCO1,-3.0799295677374467,-2.1743415263554278,0.905588041382019,0.905588041382019
CCCC1C[C@@](C)(OC(C)=O)CCO1,-2.204723112770485,-1.4617520823564045,0.7429710304140804,0.7429710304140804
CCCCCC1COCCC1OC(C)=O,-2.9987959643173214,-2.0440238795272085,0.9547720847901129,0.9547720847901129
CCCCCCCC(=O)OC1C(O)C(O)OC(CO)C1O,-2.630000093899178,-2.653741053224924,-0.023740959325746047,0.023740959325746047
CCCCCCCCCCNC(=O)OCC1OC(O)C(O)C(O)C1O,-3.559999901471368,-2.8952288689703645,0.6647710325010037,0.6647710325010037
CCCCCCCCCNC(=O)OCC1OC(O)C(O)C(O)C1O,-2.9600000225982925,-2.625291475009019,0.3347085475892735,0.3347085475892735
CCCCCCCCNC(=O)OCC1OC(O)C(O)C(O)C1O,-2.349999916087518,-2.331970926235991,0.018028989851526678,0.018028989851526678
CCCCCCCCSC1C(O)C(O)OC(CO)C1O,-2.9100000674456545,-3.3021989404425307,-0.39219887299687617,0.39219887299687617
CCCCCCOC1O[C@H](CO)[C@@H](O)[C@H](O)[C@H]1O,-0.6586987630590477,-2.032584348336388,-1.3738855852773404,1.3738855852773404
COC1CCCC(C)O1,-0.5921001424509553,-0.10777922045791266,0.48432092199304266,0.48432092199304266
COC1OC(CNC(=O)N(CCCl)N=O)C(O)C(O)C1O,-1.5613000389198686,-1.2822571839374621,0.27904285498240644,0.27904285498240644
COC1OC(CO)C(O)C(O)C1O,0.7452123063291536,0.08490630648632802,-0.6603059998428256,0.6603059998428256
O=P(O)(O)OC1OC(CO)C(O)C(O)C1O,0.5847998614042855,0.27055857461331323,-0.3142412867909723,0.3142412867909723
OC1COC(O)C(O)C1O,0.5778807187365205,0.2935479401943426,-0.28433277854217787,0.28433277854217787
OCC(O)C(O)C(OC1OC(CO)C(O)C(O)C1O)C(O)CO,0.287199922981185,0.2847569113799313,-0.0024430116012537084,0.0024430116012537084
OCC1(O)OCC(O)C(O)C1O,0.6399996676815785,0.6055210663816091,-0.03447860129996938,0.03447860129996938
OCC1CCCCO1,0.9349000374322567,0.7659506695819376,-0.1689493678503191,0.1689493678503191
OCC1OC(O)C(O)C(O)C1O,0.7400000035393215,0.2560530230098821,-0.4839469805294394,0.4839469805294394
OC[C@H]1O[C@H](O)[C@H](O)[C@@H](O)[C@@H]1O,0.44329992134036145,0.2560530230098821,-0.18724689833047936,0.18724689833047936
C1CO1,1.3559997955471013,0.8473582436801719,-0.5086415518669294,0.5086415518669294
C=C(C)C(=O)OCC1CO1,-0.45378919044043986,-0.8523587711080021,-0.3985695806675622,0.3985695806675622
C=CCOCC1CO1,0.049756625968355284,-0.5216155809814702,-0.5713722069498255,0.5713722069498255
CC(=O)C1(C)CO1,0.3796999136341421,-0.03152348665503091,-0.41122340028917304,0.41122340028917304
CC1(C)CO1,-0.0945493730172764,-0.4977753828204725,-0.4032260098031961,0.4032260098031961
CC1(CCl)CO1,-0.5504000860108249,-1.4267560092568385,-0.8763559232460136,0.8763559232460136
CC1CO1,0.8325705337691711,0.6918331837257052,-0.14073735004346588,0.14073735004346588
CC1OC1C,0.3972947718811657,0.14378806079454032,-0.25350671108662537,0.25350671108662537
CCC(C)(CCC(C)C)C(=O)OCC1CO1,-3.5134687010748458,-4.826067207369177,-1.3125985062943313,1.3125985062943313
CCC1CO1,0.08054211274067669,0.1913562474420969,0.11081413470142021,0.11081413470142021
CCCC1CO1,-0.5734469181969675,-0.7588720434392875,-0.18542512524232002,0.18542512524232002
CCCC1OC1(CC)C(N)=O,-1.1745000819805542,-1.3058568938884367,-0.1313568119078825,0.1313568119078825
CCCCC(CC)COCC1CO1,-3.1148650421657442,-3.8758651986081407,-0.7610001564423965,0.7610001564423965
CCCCCCCCCCC1CO1,-5.923156718511886,-5.311851212787184,0.6113055057247019,0.6113055057247019
CCCCCCCCCCCCC1CO1,-5.984684932544667,-5.808220240042732,0.17646469250193508,0.17646469250193508
CCCCCCCCCCCCCCC1CO1,-6.682020397305895,-6.18720133426693,0.4948190630389657,0.4948190630389657
CCCCOCC1CO1,-0.6757271258623021,-1.3007540772372561,-0.625026951374954,0.625026951374954
COCCOCCO[Si](CCCOCC1CO1)(OCCOCCOC)OCCOCCOC,1.582313363564921,-1.337847545246661,-2.9201609088115816,2.9201609088115816
C[C@@H]1CO1,0.8380334018514399,0.691833456079284,-0.1461999457721559,0.1461999457721559
C[C@H]1CO1,0.8380334018514399,0.691833456079284,-0.1461999457721559,0.1461999457721559
C[N+](C)(C)CC1CO1,0.7496342390334965,0.5445130476842119,-0.20512119134928453,0.20512119134928453
ClCC1CO1,-0.14737371138084177,-0.5070855175559532,-0.35971180617511145,0.35971180617511145
O=CC1CO1,1.1423000111748185,0.6191978460449494,-0.5231021651298691,0.5231021651298691
OCC1CO1,1.1302998401421713,1.292261976930042,0.16196213678787075,0.16196213678787075
CC(=O)Nc1ccc2c(c1)C(=O)OC2,-2.599999904626942,-2.561269046902182,0.03873085772476026,0.03873085772476026
CC1(C)OC(=O)c2cc(C#N)ccc21,-2.9100000674456545,-2.6362034232736327,0.2737966441720219,0.2737966441720219
CC1(C)OC(=O)c2cc([N+](=O)[O-])ccc21,-3.05159995701745,-3.4700322884376873,-0.41843233142023717,0.41843233142023717
CC1(C)OC(=O)c2ccccc21,-1.8683999425228281,-2.64000054282416,-0.7716006003013318,0.7716006003013318
CC1OC(=O)c2cc(N)ccc21,-1.7891001127704247,-3.427615295245734,-1.6385151824753093,1.6385151824753093
CC1OC(=O)c2cc([N+](=O)[O-])ccc21,-2.6156999990267056,-3.7830856370066117,-1.1673856379799061,1.1673856379799061
CCC1(CC)OC(=O)c2cc([N+](=O)[O-])ccc21,-3.6600000671081245,-4.19264577399045,-0.5326457068823256,0.5326457068823256
CCC1OC(=O)c2cc(C#N)ccc21,-2.309999958774247,-4.037546538856335,-1.7275465800820884,1.7275465800820884
CCC1OC(=O)c2cc([N+](=O)[O-])ccc21,-2.5499999409632546,-4.162124061659133,-1.6121241206958787,1.6121241206958787
CCC1OC(=O)c2ccccc21,-1.7469999689231326,-4.123243137112491,-2.376243168189358,2.376243168189358
COc1cc(Br)c2c(c1OC)C(=O)OC2,-3.9310998661435113,-2.921865559633617,1.009234306509894,1.009234306509894
COc1cc(C#N)c2c(c1OC)C(=O)OC2,-3.479999986844826,-2.4265082578346764,1.0534917290101498,1.0534917290101498
COc1cc(N)c2c(c1OC)C(=O)OC2,-2.0799999488914582,-2.0146829561364985,0.06531699275495972,0.06531699275495972
COc1cc([N+](=O)[O-])c2c(c1OC)C(=O)OC2,-3.2100000026266677,-3.0067795328591775,0.2032204697674902,0.2032204697674902
COc1ccc2c(c1OC)C(=O)OC2,-1.8903000299657065,-2.0934846511933953,-0.20318462122768888,0.20318462122768888
N#Cc1ccc2c(c1)C(=O)OC2,-2.702100018488338,-2.0875252825370927,0.6145747359512455,0.6145747359512455
Nc1ccc2c(c1)C(=O)OC2,-2.04139995706128,-1.927937251895056,0.11346270516622425,0.11346270516622425
O=C1OCc2c(Cl)c(Cl)c(Cl)c(Cl)c21,-5.036499838210954,-6.0022326736225695,-0.9657328354116155,0.9657328354116155
O=C1OCc2ccc(Br)cc21,-2.64720010754543,-3.2171541694107826,-0.5699540618653525,0.5699540618653525
O=C1OCc2ccc(Cl)cc21,-2.481699927548804,-3.2518745185560762,-0.7701745910072724,0.7701745910072724
O=C1OCc2ccc(I)cc21,-3.2109000460938937,-3.4601657012966536,-0.2492656552027599,0.2492656552027599
O=C1OCc2ccc([N+](=O)[O-])cc21,-2.651099904395141,-3.0273785872564383,-0.3762786828612974,0.3762786828612974
O=C1OCc2ccccc21,-0.8627210077181364,-1.9636550619782698,-1.1009340542601334,1.1009340542601334
C1CCNCC1,1.0698155573766814,0.805000725700975,-0.2648148316757064,0.2648148316757064
CC(=O)CC1CCCCN1,-0.450900063677218,0.3411915687832088,0.7920916324604268,0.7920916324604268
CC1(C)CC(O)CC(C)(C)N1,-0.19661006369815048,0.10935085723853888,0.30596092093668936,0.30596092093668936
CC1(C)CC(O)CC(C)(C)N1CCO,-0.8598207144581864,-0.23727980654992598,0.6225409079082604,0.6225409079082604
CC1(C)CC(O)CC(C)(C)N1[O],0.5627035432079288,0.4071956415289226,-0.1555079016790062,0.1555079016790062
CCC1CCCCN1,-1.5000000571860674,0.39651447887808944,1.8965145360641569,1.8965145360641569
CCCC1CCCNC1,-1.0110002368871451,-0.2668214545281642,0.7441787823589809,0.7441787823589809
CCCCCCCCCCCCCCCCCC(=O)OC1CC(C)(C)NC(C)(C)C1,-6.214524662346371,-5.902593478610229,0.31193118373614137,0.31193118373614137
CCCCCCCCCCN1CCCCC1,-1.5299999400605273,-3.9598311260482233,-2.429831185987696,2.429831185987696
CCCCNC1CC(C)(C)NC(C)(C)C1,0.5746149269739083,-0.995732503793624,-1.5703474307675322,1.5703474307675322
CCCOP(=S)(OCCC)SCC(=O)N1CCCCC1C,-4.150400125243719,-4.341847192377056,-0.19144706713333726,0.19144706713333726
CCC[C@H]1CCCCN1,-0.8492999680652282,-0.09593892097598289,0.7533610470892453,0.7533610470892453
CCN1CCCCC1,-1.2757104847886174,0.19638307744481054,1.472093562233428,1.472093562233428
CC[C@@H]1CCCCN1,-0.34630022058179666,0.39651447887808944,0.7428146994598861,0.7428146994598861
CN(C)CCCNC1CC(C)(C)NC(C)(C)C1,0.3161914167303781,-0.2774759265282811,-0.5936673432586592,0.5936673432586592
CN1CCCCC1,0.2299999520216618,0.6044095914267911,0.3744096394051293,0.3744096394051293
NC(=O)C1CCCC(C(N)=O)N1,0.2892997690732324,0.2542582129260178,-0.0350415561472146,0.0350415561472146
O=C(O)C1CCNCC1,0.38403142495034537,0.4210355609859251,0.03700413603557973,0.03700413603557973
O=C(O)C1CCNCC1C(=O)O,-0.5394999510826888,-0.12203311735459232,0.41746683372809645,0.41746683372809645
O=NN1CCCCC1,-0.17380017912550771,-0.37555072258436706,-0.20175054345885934,0.20175054345885934
OC[C@H]1NC[C@H](O)[C@@H](O)[C@@H]1O,0.4043517254597706,0.22805180687296955,-0.17629991858680105,0.17629991858680105
CC(=O)Nc1ncc2ncn(COCCO)c2n1,-0.8600001954665726,-1.7918342703473462,-0.9318340748807736,0.9318340748807736
CC(=O)Nc1ncc2ncn(COCCOC(C)=O)c2n1,-0.7300001129111591,-2.4681553415037425,-1.7381552285925834,1.7381552285925834
CC(=O)OCCOCn1cnc2cnc(N)nc21,-0.9700001291443643,-2.1039723066265372,-1.133972177482173,1.133972177482173
CC(=O)OCSc1ncnc2[nH]cnc12,-2.1500001295211626,-2.1910577719574515,-0.041057642436288955,0.041057642436288955
CC(=O)OCSc1ncnc2c1ncn2COC(C)=O,-2.5399999686570354,-2.7933650218385213,-0.25336505318148594,0.25336505318148594
CCC(=O)OCSc1ncnc2[nH]cnc12,-2.390000077665973,-2.429162751989818,-0.039162674323844904,0.039162674323844904
CCC(=O)OCSc1ncnc2c1ncn2COC(=O)CC,-2.7799999508460433,-3.1400834515677336,-0.36008350072169026,0.36008350072169026
CCCC(=O)OCSc1ncnc2[nH]cnc12,-2.690000063913282,-2.709253827808381,-0.019253763895098697,0.019253763895098697
CCCC(=O)OCSc1ncnc2c1ncn2COC(=O)CCC,-3.7099999626834173,-3.6203082097807977,0.08969175290261955,0.08969175290261955
CCCCC(=O)OCSc1ncnc2[nH]cnc12,-3.0999998817057905,-2.8708240137522543,0.22917586795353628,0.22917586795353628
CCCCC(=O)OCSc1ncnc2c1ncn2COC(=O)CCCC,-4.329999811702079,-3.9576213852871565,0.37237842641492236,0.37237842641492236
CCCCCC(=O)OCSc1ncnc2[nH]cnc12,-3.6300000480568753,-3.0154776720811416,0.6145223759757337,0.6145223759757337
CCCCCCC(C(C)O)n1cnc2c(N)ncnc21,-2.249999988760143,-2.9173173910455303,-0.6673174022853874,0.6673174022853874
CCCCCCCC(=O)OCSc1ncnc2[nH]cnc12,-4.619999859687367,-3.441962983906091,1.1780368757812756,1.1780368757812756
CN(C)c1ncnc2[nH]cnc12,-1.2999999301777385,-1.2403599435063277,0.059639986671410794,0.059639986671410794
Nc1nc(N)c2nc(N)[nH]c2n1,-1.5200000698869003,-2.9666430753366644,-1.446643005449764,1.446643005449764
Nc1nc(N)c2nc[nH]c2n1,-1.7999999753449818,-2.542062127822626,-0.7420621524776441,0.7420621524776441
Nc1nc2cncnc2[nH]1,-2.430000034979244,-1.8533601693747082,0.576639865604536,0.576639865604536
Nc1ncc2ncn(CCC(CO)CO)c2n1,-0.30000011219683076,-1.610774019734624,-1.3107739075377933,1.3107739075377933
Nc1ncc2ncn(COCCO)c2n1,-1.0774999931461569,-1.6357571496887835,-0.5582571565426266,0.5582571565426266
CC(=O)NC(Cc1c[nH]c2ccccc12)C(=O)O,-2.309999958774247,-2.003686680395069,0.3063132783791782,0.3063132783791782
CC(=O)N[C@@H](Cc1c[nH]c2ccccc12)C(=O)[O-],-2.3122000990716636,-2.0901618013560377,0.2220382977156259,0.2220382977156259
CC(C)CC(N)C(=O)NC(Cc1c[nH]c2ccccc12)C(=O)O,-1.1200000882238215,-1.8880592408966634,-0.768059152672842,0.768059152672842
CC(C)CC(NC(=O)C(N)Cc1c[nH]c2ccccc12)C(=O)O,-1.759999949943316,-1.7485597378685485,0.011440212074767642,0.011440212074767642
CC(C)NCC(O)COc1cccc2[nH]ccc12,-3.789999945398354,-1.511572905453679,2.278427039944675,2.278427039944675
CCOC(=O)[C@H](Cc1c[nH]c2ccccc12)N(C)C=O,-2.2708999938619057,-2.284676727288642,-0.013776733426736243,0.013776733426736243
CCc1cccc2c(CCO)c[nH]c12,-1.9153263960504903,-2.216970444675834,-0.30164404862534355,0.30164404862534355
CN(C)Cc1c[nH]c2ccc(Br)cc12,-4.059999912594414,-2.6122922429611775,1.4477076696332363,1.4477076696332363
COc1ccc2[nH]cc(CCNC(C)=O)c2c1,-5.09000002198015,-2.3359009883771384,2.7540990336030116,2.7540990336030116
Cc1c[nH]c2ccccc12,-2.4205999554743864,-1.2614165519158633,1.1591834035585231,1.1591834035585231
Cn1c(C(N)=O)c(C(N)=O)c2ccccc21,-1.8184000469475354,-1.904293012133958,-0.08589296518642264,0.08589296518642264
NC(Cc1c[nH]c2ccc(O)cc12)C(=O)O,-1.3430000664259607,-1.4981431504862515,-0.15514308406029076,0.15514308406029076
NC(Cc1c[nH]c2ccccc12)C(=O)NCC(=O)O,-0.8499999167625774,-1.4055837867531298,-0.5555838699905524,0.5555838699905524
NC(Cc1c[nH]c2ccccc12)C(=O)O,-1.7699999562937325,-1.5084654872971008,0.2615344689966317,0.2615344689966317
NCCc1c[nH]c2ccc(O)cc12,-0.9449999770915336,-1.2173644499697769,-0.2723644728782433,0.2723644728782433
NCCc1c[nH]c2ccccc12,-3.299999923603626,-0.9693370843569338,2.3306628392466924,2.3306628392466924
O=C(O)CCCc1c[nH]c2ccccc12,-2.9100999701427543,-2.3484555351193004,0.561644435023454,0.561644435023454
O=C(O)Cc1c[nH]c2ccccc12,-2.0673999871900417,-2.1426157388525233,-0.07521575166248162,0.07521575166248162
c1ccc2[nH]ccc2c1,-1.2100001453775693,-1.215852070547061,-0.005851925169491734,0.005851925169491734
CCCCc1c(C)nc(NCC)nc1OS(=O)(=O)N(C)C,-4.157899789564557,-3.2482072265521125,0.9096925630124448,0.9096925630124448
CCCSc1nc(Cl)c([N+](=O)[O-])c(Cl)n1,-4.386944723535117,-4.4273027577160295,-0.04035803418091266,0.04035803418091266
CCCc1nc(N)c(CC)c(CCC)n1,-2.513200036067529,-2.107314221214406,0.4058858148531228,0.4058858148531228
CCN(CC)c1nc(C)cc(OP(=S)(OC)OC)n1,-4.132999863628702,-3.262328810675823,0.8706710529528787,0.8706710529528787
CCOP(=S)(OCC)Oc1cc(C)nc(C(C)C)n1,-3.881299946183405,-4.035069074527372,-0.15376912834396705,0.15376912834396705
CCOP(=S)(OCC)Oc1cc(C)nc(N(CC)CC)n1,-4.924200014737534,-3.6940636696424964,1.2301363450950373,1.2301363450950373
CCOP(=S)(Oc1cnc(C(C)(C)C)nc1)OC(C)C,-4.762599835855802,-4.689457920518599,0.07314191533720305,0.07314191533720305
CCOc1cc(OP(=S)(OC)OC)nc(CC)n1,-3.8638000031585706,-3.870675228811765,-0.006875225653194317,0.006875225653194317
CSc1ncccn1,-0.40200006802964694,-0.642562085872572,-0.24056201784292508,0.24056201784292508
Cc1cc(C)nc(C(N)=O)n1,0.12159968708857072,-0.8112739614022346,-0.9328736484908053,0.9328736484908053
Cc1cc(C)nc(N)n1,-0.4884001555796744,-0.41281550099479647,0.07558465458487795,0.07558465458487795
Cc1cc(N(C)C)nc(Cl)n1,-1.2615000282877458,-1.1311042159824298,0.13039581230531594,0.13039581230531594
Cc1cc(N)nc(C)n1,-1.2842999719547648,-0.1777234324271868,1.106576539527578,1.106576539527578
Cc1nc(Cl)ncc1N(C)C,-1.2600000409528622,-1.007825002689462,0.25217503826340026,0.25217503826340026
Cc1nc(N(C)C)nc(OC(=O)N(C)C)c1C,-1.945700084211764,-1.5712502045653765,0.37444987964638754,0.37444987964638754
Cc1ncc(CN)c(N)n1,0.49030651490856636,0.022033755188910042,-0.4682727597196563,0.4682727597196563
Clc1cc(Cl)ncn1,-1.4172531843644032,-1.0412825504227534,0.37597063394164976,0.37597063394164976
Nc1nc(N)c(N=O)c(N)n1,-3.845472990403513,-2.8243955587433094,1.0210774316602036,1.0210774316602036
c1cncnc1,1.0964002625505924,1.241459863888585,0.14505960133799256,0.14505960133799256
CC1(N)CN(c2c(F)c(N)c3c(=O)c(C(=O)O)cn(C4CC4)c3c2F)C1,-4.37999997963095,-4.316973820915127,0.0630261587158234,0.0630261587158234
CC1(N)CN(c2c(F)cc3c(=O)c(C(=O)O)cn(C4CC4)c3c2Cl)C1,-5.329999765859776,-4.712242884738788,0.6177568811209886,0.6177568811209886
CC1(N)CN(c2c(F)cc3c(=O)c(C(=O)O)cn(C4CC4)c3c2F)C1,-5.639999690369107,-4.609233995073547,1.0307656952955604,1.0307656952955604
CC1(N)CN(c2cc3c(cc2F)c(=O)c(C(=O)O)cn3C2CC2)C1,-5.619999677668274,-4.631318738242808,0.9886809394254668,0.9886809394254668
CC1C(N)CN1c1c(F)c(N)c2c(=O)c(C(=O)O)cn(C3CC3)c2c1F,-3.9799999298794773,-4.032269824445132,-0.052269894565654784,0.052269894565654784
CC1C(N)CN1c1c(F)cc2c(=O)c(C(=O)O)cn(C3CC3)c2c1Cl,-4.479999906958326,-4.3217683333151795,0.1582315736431461,0.1582315736431461
CC1C(N)CN1c1c(F)cc2c(=O)c(C(=O)O)cn(C3CC3)c2c1F,-4.169999982448995,-4.265928904658227,-0.09592892220923233,0.09592892220923233
CC1C(N)CN1c1cc2c(cc1F)c(=O)c(C(=O)O)cn2C1CC1,-4.630000002214572,-4.1763613449875105,0.45363865722706187,0.45363865722706187
CC1N(c2c(F)cc3c(=O)c(C(=O)O)cn(C4CC4)c3c2F)CC1(C)N,-5.0399998540512785,-4.731111404496765,0.3088884495545132,0.3088884495545132
CC1N(c2cc3c(cc2F)c(=O)c(C(=O)O)cn3C2CC2)CC1(C)N,-5.420000095367103,-4.656844532702597,0.7631555626645055,0.7631555626645055
CCC1C(N)CN1c1c(F)cc2c(=O)c(C(=O)O)cn(C3CC3)c2c1F,-3.8099998900107925,-4.331617319606187,-0.5216174295953948,0.5216174295953948
CCC1C(N)CN1c1cc2c(cc1F)c(=O)c(C(=O)O)cn2C1CC1,-3.9100000216033517,-4.257997015207936,-0.34799699360458414,0.34799699360458414
CNC1CN(c2c(F)cc3c(=O)c(C(=O)O)cn(C4CC4)c3c2F)C1,-5.309999889335733,-4.103270768299899,1.2067291210358349,1.2067291210358349
CNC1CN(c2c(F)cc3c(=O)c(C(=O)O)cn(C4CC4)c3c2F)C1C,-4.44000001773345,-4.081133324713154,0.35886669302029617,0.35886669302029617
CNC1CN(c2cc3c(cc2F)c(=O)c(C(=O)O)cn3C2CC2)C1,-5.409999816663108,-4.137539521167453,1.2724602954956552,1.2724602954956552
CNC1CN(c2cc3c(cc2F)c(=O)c(C(=O)O)cn3C2CC2)C1C,-4.570000100288864,-3.9396713779734625,0.6303287223154013,0.6303287223154013
NC1CN(c2c(F)cc3c(=O)c(C(=O)O)cn(C4CC4)c3c2F)C1,-5.269999863934068,-4.243673123441521,1.0263267404925465,1.0263267404925465
NC1CN(c2cc3c(cc2F)c(=O)c(C(=O)O)cn3C2CC2)C1,-5.320000031862939,-4.192992888626548,1.1270071432363915,1.1270071432363915
C1CCOC1,0.5599998892318254,0.3309015058714393,-0.22909838336038613,0.22909838336038613
C=C(C)C(=O)OCC1CCCO1,-0.9524551116022493,-0.8537687455851137,0.09868636601713554,0.09868636601713554
C=CC(=O)OCC1CCCO1,-0.29545180743195454,-0.626676791039269,-0.33122498360731445,0.33122498360731445
C=CC1(C)CCC(C(C)(C)O)O1,-1.7997285750037724,-1.1189839370215608,0.6807446379822115,0.6807446379822115
CC1CCC(C)O1,0.07229987638741653,0.07892024717930912,0.006620370791892594,0.006620370791892594
CC1CCCO1,0.20690001088766596,0.5219234971567657,0.3150234862690997,0.3150234862690997
CC1CCOC1,0.09013113754078184,0.0912112918340453,0.001080154293263469,0.001080154293263469
CCC1CCC(O)O1,-0.06510005290222942,0.08134936874804755,0.14644942165027697,0.14644942165027697
CCCCCCCCCCCC(=O)OCC(O)[C@H]1OC[C@@H](O)[C@@H]1O,-5.06253656798445,-3.7205753840573066,1.3419611839271437,1.3419611839271437
CCCCCCCCCCCC(=O)OCCOCC(OCCO)C1OCC(OCCO)C1OCCO,-6.417202297387244,-2.3736362575948324,4.043566039792411,4.043566039792411
CCCCCCCCCCCCCCCC(=O)OCC(O)[C@H]1OC[C@@H](O)[C@@H]1O,-6.9058735230934225,-4.549119296114402,2.356754226979021,2.356754226979021
CCCCCCCCCCCCCCCCCC(=O)OCC(OC(=O)CCCCCCCCCCCCCCCCC)[C@H]1OC[C@@H](O)[C@@H]1OC(=O)CCCCCCCCCCCCCCCCC,-7.284910449801261,-7.261775647409188,0.02313480239207344,0.02313480239207344
CN=C(NCC1CCOC1)N[N+](=O)[O-],-0.5694147234637943,-1.510789616561237,-0.9413748930974426,0.9413748930974426
OC1CCOC1,1.0549997950470709,1.3092579296574267,0.25425813461035585,0.25425813461035585
OCC1CCC(CO)O1,0.8789000563406404,1.0867322552126546,0.2078321988720142,0.2078321988720142
OCC1CCCO1,0.38877391781685944,1.112875747589015,0.7241018297721555,0.7241018297721555
OCC1OC(O)(CO)C(O)C1O,0.6399996676815785,0.606246888668938,-0.0337527790126404,0.0337527790126404
CC(=O)Nc1ccc2nc(S(N)(=O)=O)sc2c1,-3.160000055985079,-2.489730613259782,0.6702694427252971,0.6702694427252971
CC(C)(C)C(=O)Oc1ccc2nc(S(N)(=O)=O)sc2c1,-3.7299999753842505,-3.377746708139589,0.35225326724466166,0.35225326724466166
CC(C)(C)NSc1nc2ccccc2s1,-5.136722414588945,-5.34316343138078,-0.20644101679183446,0.20644101679183446
CCOc1ccc2nc(S(N)(=O)=O)sc2c1,-4.030000165896744,-2.5788792931264037,1.45112087277034,1.45112087277034
CNC(=O)N(C)c1nc2ccccc2s1,-3.5740999866844576,-3.0814913623126046,0.49260862437185304,0.49260862437185304
CNC(=O)Nc1nc2ccccc2s1,-4.23729991352233,-3.609275336527226,0.6280245769951041,0.6280245769951041
CSc1nc2ccccc2s1,-3.1614000555123694,-3.7761848782054113,-0.6147848226930419,0.6147848226930419
Clc1nc2ccccc2s1,-2.7325882653736677,-3.8040379339954917,-1.071449668621824,1.071449668621824
N#CSCSc1nc2ccccc2s1,-3.2802998743255727,-4.193050899938818,-0.9127510256132454,0.9127510256132454
NC(N)=Nc1nc2ccccc2s1,-2.4412000311975675,-2.7864094518796003,-0.34520942068203286,0.34520942068203286
NCC(=O)NCC(=O)OCCOc1ccc2nc(S(N)(=O)=O)sc2c1,-1.2999999301777385,-2.2052999576502454,-0.9053000274725069,0.9053000274725069
NS(=O)(=O)c1nc2ccc(O)cc2s1,-2.5000000113437646,-2.4274738874480812,0.07252612389568336,0.07252612389568336
NS(=O)(=O)c1nc2ccccc2s1,-2.630000093899178,-2.311257210982083,0.3187428829170953,0.3187428829170953
Nc1nc2c(O)cccc2s1,-1.919600032231212,-2.500960364106582,-0.58136033187537,0.58136033187537
O=C(O)CSc1nc2ccccc2s1,-3.2288980216816423,-3.096634612798545,0.13226340888309718,0.13226340888309718
[S-]c1nc2ccccc2s1,-4.285895690222454,-3.039257067305687,1.2466386229167674,1.2466386229167674
c1ccc2scnc2c1,-1.6538264478699634,-1.6656489081924857,-0.011822460322522321,0.011822460322522321
CC(CCC(=O)NCC(=O)O)C1CCC2C3C(O)CC4CC(O)CCC4(C)C3CC(O)C12C,-5.1500000600826485,-2.963720398016962,2.1862796620656866,2.1862796620656866
CC(CCC(=O)O)C1CCC2C3C(O)C(O)C4CC(O)CCC4(C)C3CCC12C,-4.3499998244029126,-3.905085605540261,0.44491421886265137,0.44491421886265137
CC(CCC(=O)O)C1CCC2C3C(O)CC4CC(O)CCC4(C)C3CC(O)C12C,-3.6300000480568753,-3.042240036898882,0.5877600111579935,0.5877600111579935
CC(CCC(=O)O)C1CCC2C3C(O)CC4CC(O)CCC4(C)C3CCC12C,-4.570000100288864,-4.067600075385807,0.5024000249030571,0.5024000249030571
CC(CCC(=O)O)C1CCC2C3C(O)CC4CCCCC4(C)C3CCC12C,-6.459999938749677,-4.819050425943436,1.640949512806241,1.640949512806241
CC(CCC(=O)O)C1CCC2C3CC(O)C4CC(O)CCC4(C)C3CCC12C,-4.820000122872485,-4.06071770045117,0.7592824224213146,0.7592824224213146
CC(CCC(=O)O)C1CCC2C3CCC4CC(O)CCC4(C)C3CC(O)C12C,-3.9499999789166225,-3.931839986993724,0.0181599919228983,0.0181599919228983
CC(CCC(=O)O)C1CCC2C3CCC4CC(O)CCC4(C)C3CCC12C,-7.339999952879166,-4.745765933507765,2.5942340193714015,2.5942340193714015
C[C@H](CCC(=O)NCC(=O)O)[C@H]1CCC2C3C(CC[C@@]21C)[C@@]1(C)CC[C@@H](O)C[C@H]1C[C@@H]3O,-5.522499820016899,-3.8402694029282003,1.6822304170886984,1.6822304170886984
C[C@H](CCC(=O)NCC(=O)O)[C@H]1CC[C@H]2[C@@H]3[C@H](O)C[C@@H]4C[C@H](O)CC[C@]4(C)[C@H]3CC[C@]12C,-5.1546001120274845,-3.8402694029282003,1.3143307090992842,1.3143307090992842
C[C@H](CCC(=O)NCC(=O)O)[C@H]1CC[C@H]2[C@@H]3[C@H](O)C[C@@H]4C[C@H](O)CC[C@]4(C)[C@H]3C[C@H](O)[C@]12C,-5.149499746558512,-2.9637206022821463,2.185779144276366,2.185779144276366
C[C@H](CCC(=O)O)[C@H]1CC[C@H]2[C@@H]3CC[C@@H]4C[C@H](O)CC[C@]4(C)[C@H]3CC[C@]12C,-5.999999918984099,-4.745765933507765,1.2542339854763345,1.2542339854763345
C[C@H](CCC(=O)O)[C@H]1CC[C@H]2[C@@H]3CC[C@@H]4C[C@H](O)CC[C@]4(C)[C@H]3C[C@H](O)[C@]12C,-3.9543999871578777,-3.9318401231705136,0.022559863987364093,0.022559863987364093
C[C@H](CCC(=O)O)[C@H]1CC[C@H]2[C@@H]3[C@@H](O)C[C@@H]4C[C@H](O)CC[C@]4(C)[C@H]3CC[C@]12C,-4.292900079560363,-4.0676002115625955,0.22529986799776758,0.22529986799776758
C[C@H](CCC(=O)O)[C@H]1CC[C@H]2[C@@H]3[C@H](O)C[C@@H]4C[C@H](O)CC[C@]4(C)[C@H]3CC[C@]12C,-3.640199825757294,-4.0676002115625955,-0.4274003858053015,0.4274003858053015
C[C@H](CCC(=O)O)[C@H]1CC[C@H]2[C@@H]3[C@H](O)C[C@@H]4C[C@H](O)CC[C@]4(C)[C@H]3C[C@H](O)[C@]12C,-3.368200034320977,-3.042240173075671,0.32595986124530585,0.32595986124530585
C[C@H](CCC(=O)O)[C@H]1CC[C@H]2[C@@H]3[C@H](O)[C@H](O)[C@@H]4C[C@H](O)CC[C@]4(C)[C@H]3CC[C@]12C,-4.346499808562587,-3.905085605540261,0.44141420302232603,0.44141420302232603
CC(=O)Nc1ccc(S(=O)(=O)c2ccc(N)cc2)cc1,-3.6115998743217297,-3.699305114265253,-0.08770523994352342,0.08770523994352342
CC(C)Oc1ccc(S(=O)(=O)c2ccc(O)cc2)cc1,-4.171445771421711,-4.057214280191111,0.1142314912305995,0.1142314912305995
Cc1cc(S(=O)(=O)c2ccccc2)ccc1NS(=O)(=O)C(F)(F)F,-3.800899944149701,-4.192887079261209,-0.39198713511150807,0.39198713511150807
NCCNc1ccc(S(=O)(=O)c2ccc(N)cc2)cc1,-2.349999916087518,-2.9106647803987546,-0.5606648643112369,0.5606648643112369
Nc1ccc(N)c(S(=O)(=O)c2ccccc2C(=O)O)c1,-1.83949995957609,-2.9127744312196366,-1.0732744716435467,1.0732744716435467
Nc1ccc(S(=O)(=O)c2ccc(Cl)cc2)cc1,-4.1266998487337965,-4.235556850618426,-0.10885700188462977,0.10885700188462977
Nc1ccc(S(=O)(=O)c2ccc(N)cc2)cc1,-3.0940000770540954,-3.4102983397816127,-0.31629826272751727,0.31629826272751727
Nc1ccc(S(=O)(=O)c2ccc(NCCO)cc2)cc1,-2.5969998618687806,-2.9451275171027627,-0.34812765523398204,0.34812765523398204
Nc1cccc(S(=O)(=O)c2cccc(N)c2)c1,-3.511895620848269,-3.260848296621819,0.25104732422644993,0.25104732422644993
O=S(=O)(c1ccc(Cl)cc1)c1cc(Cl)c(Cl)cc1Cl,-6.659399798470473,-6.426550833977326,0.2328489644931473,0.2328489644931473
O=S(=O)(c1ccc(Cl)cc1)c1ccc(Cl)cc1,-5.523635806793802,-5.3182599648484,0.20537584194540237,0.20537584194540237
O=S(=O)(c1ccc(O)cc1)c1ccc(O)cc1,-2.3570246638554373,-3.076007386827984,-0.7189827229725467,0.7189827229725467
O=S(=O)(c1cccc(O)c1)c1cccc(O)c1,-2.329999903386685,-2.7973857096329926,-0.46738580624630766,0.46738580624630766
O=S(=O)(c1cccc(O)c1)c1ccccc1O,-2.289999946073414,-2.6264339301834183,-0.33643398411000414,0.33643398411000414
O=S(=O)(c1ccccc1)c1ccccc1,-4.192880134244952,-3.9840460827335606,0.20883405151139112,0.20883405151139112
O=S(=O)(c1ccccc1O)c1ccccc1O,-3.3191999997995167,-2.443933984509305,0.8752660152902116,0.8752660152902116
CC(=O)Nc1ccc(S(=O)(=O)N=c2sc(S(N)(=O)=O)nn2C)cc1,-1.6900000416671903,-2.4577368638795996,-0.7677368222124092,0.7677368222124092
COc1ccc(S(=O)(=O)N=c2sc(S(N)(=O)=O)nn2C)cc1,-2.7599999721894077,-2.5339792183129255,0.22602075387648224,0.22602075387648224
Cc1cc(C)c(S(=O)(=O)N=c2sc(S(N)(=O)=O)nn2C)c(C)c1,-2.9999999799115638,-2.6230852748444757,0.376914705067088,0.376914705067088
Cc1ccc(S(=O)(=O)N=c2sc(S(N)(=O)=O)nn2C)cc1,-2.8399999038380486,-2.4045579211565213,0.43544198268152723,0.43544198268152723
Cn1nc(S(N)(=O)=O)sc1=NS(=O)(=O)c1ccc(Br)cc1,-2.509999983649984,-2.363099442340729,0.14690054130925478,0.14690054130925478
Cn1nc(S(N)(=O)=O)sc1=NS(=O)(=O)c1ccc(Cl)c([N+](=O)[O-])c1,-2.47000006038091,-2.661970216606405,-0.19197015622549518,0.19197015622549518
Cn1nc(S(N)(=O)=O)sc1=NS(=O)(=O)c1ccc(Cl)cc1,-2.4400000413296605,-2.53909633352699,-0.0990962921973293,0.0990962921973293
Cn1nc(S(N)(=O)=O)sc1=NS(=O)(=O)c1ccc(F)cc1,-2.0299999852277706,-2.4710352082452873,-0.44103522301751674,0.44103522301751674
Cn1nc(S(N)(=O)=O)sc1=NS(=O)(=O)c1ccc(I)cc1,-2.7699999615177258,-2.2987412022713114,0.47125875924641436,0.47125875924641436
Cn1nc(S(N)(=O)=O)sc1=NS(=O)(=O)c1ccc(N)cc1,-2.5000000113437646,-2.359625300090384,0.14037471125338064,0.14037471125338064
Cn1nc(S(N)(=O)=O)sc1=NS(=O)(=O)c1ccc([N+](=O)[O-])cc1,-2.7000000362195014,-2.3980816254077792,0.3019184108117221,0.3019184108117221
Cn1nc(S(N)(=O)=O)sc1=NS(=O)(=O)c1ccc([N+](=O)[O-])cc1[N+](=O)[O-],-2.7399999935327726,-2.556683021166651,0.18331697236612143,0.18331697236612143
Cn1nc(S(N)(=O)=O)sc1=NS(=O)(=O)c1cccc(N)c1,-2.450000047680077,-2.350204862155516,0.0997951855245609,0.0997951855245609
Cn1nc(S(N)(=O)=O)sc1=NS(=O)(=O)c1cccc([N+](=O)[O-])c1,-2.6700000512124493,-2.378428863519834,0.2915711876926155,0.2915711876926155
Cn1nc(S(N)(=O)=O)sc1=NS(=O)(=O)c1ccccc1C(=O)O,-2.509999983649984,-2.41865698504369,0.09134299860629369,0.09134299860629369
Cn1nc(S(N)(=O)=O)sc1=NS(=O)(=O)c1ccccc1[N+](=O)[O-],-2.7899999571964598,-2.4354198031076777,0.3545801540887821,0.3545801540887821
CCCCCc1c2ccccc2cc2c1ccc1ccccc12,-8.569999644566073,-7.5845159999781675,0.9854836445879052,0.9854836445879052
CCCCc1c2ccccc2cc2ccc3ccccc3c12,-7.524499620660944,-7.3935713571092005,0.13092826355174303,0.13092826355174303
CCCCc1ccc2cc3ccc4ccccc4c3cc2c1,-7.519999794833083,-7.551603976463083,-0.03160418162999967,0.03160418162999967
CCc1c2ccccc2cc2c1ccc1ccccc12,-6.795999825299375,-7.182643315107706,-0.3866434898083311,0.3866434898083311
Cc1c2cc(Cl)ccc2cc2c1ccc1ccccc12,-7.439999744029752,-7.415571262138686,0.024428481891066056,0.024428481891066056
Cc1c2ccccc2c(C)c2c1ccc1ccccc12,-6.7800001419630025,-6.622867106479684,0.15713303548331847,0.15713303548331847
Cc1c2ccccc2cc2c1c(F)cc1ccccc12,-7.309999661474338,-7.262408597126168,0.047591064348170065,0.047591064348170065
Cc1c2ccccc2cc2c1cc(F)c1ccccc12,-7.309999661474338,-7.290295152406433,0.019704509067905107,0.019704509067905107
Cc1c2ccccc2cc2c1ccc1ccccc12,-7.342999655195355,-6.906699026790569,0.4363006284047861,0.4363006284047861
Cc1c2ccccc2cc2ccc3ccccc3c12,-6.56479968937189,-6.819901575369166,-0.25510188599727623,0.25510188599727623
Cc1ccc2cc3c(ccc4ccccc43)cc2c1,-6.816199745526999,-7.078282870807993,-0.2620831252809932,0.2620831252809932
Cc1ccc2cc3ccc4ccccc4c3cc2c1,-6.643999837714476,-7.0915938796150915,-0.447594041900615,0.447594041900615
Cc1cccc2c1c(C)cc1cc3ccccc3cc12,-7.974299726549313,-6.9946961957262985,0.9796035308230149,0.9796035308230149
Cc1cccc2ccc3cc4ccccc4cc3c12,-6.643999837714476,-6.9744654995442765,-0.3304656618298001,0.3304656618298001
c1ccc2cc3c(ccc4ccccc43)cc2c1,-7.385399660332833,-7.0439826611020955,0.34141699923073787,0.34141699923073787
C1CCCC1,-2.6400001002495945,-4.219691165242791,-1.5796910649931966,1.5796910649931966
CC1(C(=O)O)CCC(C(=O)O)C1(C)C,-1.4200000063827358,-0.8628566398003463,0.5571433665823895,0.5571433665823895
CC1(C)[C@@H](C(=O)[O-])CC[C@@]1(C)C(=O)[O-],-1.420699955080085,-0.22468999001931778,1.1960099650607672,1.1960099650607672
CC1CCC(C)(C)C1,-4.4784001020368365,-3.772177944266666,0.7062221577701706,0.7062221577701706
CC1CCCC1,-3.301899879190981,-4.086633641412497,-0.7847337622215163,0.7847337622215163
CCC1CCC(CCC(=O)O)C1,-3.286116325441434,-2.7798175420366857,0.5062987834047483,0.5062987834047483
CCC1CCC(CCC(=O)[O-])C1,-3.1323830796814653,-3.0685851390119008,0.06379794066956457,0.06379794066956457
CCCC1CCCC1,-4.740399750945947,-4.67572707866988,0.06467267227606754,0.06467267227606754
CCCCCC(O)/C=C/C1C(O)CC(O)C1C/C=C/CCCC(=O)O,-2.329999903386685,-2.517419031311517,-0.18741912792483184,0.18741912792483184
CCCCCC1CCCC1,-6.086299780417152,-5.521872589725071,0.564427190692081,0.564427190692081
COC1CCCC1,-0.9037886591484434,-1.1192486647000912,-0.2154600055516478,0.2154600055516478
FC1CC(F)(F)C(F)(F)C1(F)F,-2.436880843880802,-4.671380451730057,-2.234499607849255,2.234499607849255
NC1(C(=O)O)CCCC1,-0.41219998190685514,0.03180416747245296,0.4440041493793081,0.4440041493793081
O=C(O)CCC1CCCC1,-1.7690999638928024,-2.3312734287208503,-0.5621734648280479,0.5621734648280479
O=C(O)COC1CCCC1,-0.8471000320329956,-0.9765250400069103,-0.12942500797391476,0.12942500797391476
CCN(CC)CCCC(C)Nc1c2ccc(Cl)cc2nc2ccc(OC)cc12,-2.6400001002495945,-4.6232822650182825,-1.983282164768688,1.983282164768688
Cc1ccc2nc3ccccc3c(N)c2c1,-2.390000077665973,-2.660206114388543,-0.27020603672257026,0.27020603672257026
Nc1c2ccccc2nc2c(F)cccc12,-1.660000022615941,-3.0931649814043483,-1.4331649587884072,1.4331649587884072
Nc1c2ccccc2nc2cc(C(F)(F)F)ccc12,-2.1700000741336005,-4.25672798370782,-2.0867279095742193,2.0867279095742193
Nc1c2ccccc2nc2cc(Cl)ccc12,-1.7300000670688562,-3.4744123127351023,-1.744412245666246,1.744412245666246
Nc1c2ccccc2nc2cc(F)ccc12,-2.119999906204729,-2.9177942821618954,-0.7977943759571664,0.7977943759571664
Nc1c2ccccc2nc2ccc(Cl)cc12,-2.4200000967172226,-3.1977147625075784,-0.7777146657903558,0.7777146657903558
Nc1c2ccccc2nc2ccc(F)cc12,-2.4000000840163898,-2.7416766021634658,-0.341676518147076,0.341676518147076
Nc1c2ccccc2nc2cccc(C(F)(F)F)c12,-2.480000032687129,-3.806942040205544,-1.326942007518415,1.326942007518415
Nc1c2ccccc2nc2cccc(Cl)c12,-1.5800001079893988,-3.123563760139063,-1.5435636521496643,1.5435636521496643
Nc1c2ccccc2nc2cccc(F)c12,-0.9500001164435314,-2.7754167167346946,-1.8254166002911631,1.8254166002911631
Nc1c2ccccc2nc2cccc([N+](=O)[O-])c12,-1.8400000007466475,-3.1999599773222758,-1.3599599765756283,1.3599599765756283
Nc1ccc2cc3ccc(N)cc3nc2c1,0.37829974388586507,-2.4388763785521945,-2.8171761224380596,2.8171761224380596
Nc1cccc2nc3ccccc3cc12,-4.222000042706519,-2.4693195168760456,1.7526805258304732,1.7526805258304732
c1ccc2nc3ccccc3cc2c1,-3.669100012969216,-3.678317343222743,-0.009217330253526779,0.009217330253526779
Clc1c(Cl)c(Cl)c2c(c1Cl)Oc1c(Cl)c(Cl)c(Cl)c(Cl)c1O2,-12.060499995556917,-11.1165273940255,0.9439726015314172,0.9439726015314172
Clc1c(Cl)c(Cl)c2c(c1Cl)Oc1ccccc1O2,-8.770000316281559,-9.198459340447405,-0.42845902416584636,0.42845902416584636
Clc1cc(Cl)c2c(c1)Oc1c(Cl)cc(Cl)cc1O2,-9.00269975865998,-9.347837652483399,-0.3451378938234182,0.3451378938234182
Clc1cc(Cl)c2c(c1Cl)Oc1ccccc1O2,-7.579999832935581,-8.634680895979871,-1.0546810630442902,1.0546810630442902
Clc1cc2c(c(Cl)c1Cl)Oc1c(Cl)c(Cl)c(Cl)c(Cl)c1O2,-11.479499544891649,-10.75594106050907,0.7235584843825791,0.7235584843825791
Clc1cc2c(cc1Cl)Oc1c(Cl)c(Cl)c(Cl)c(Cl)c1O2,-10.948599624449015,-10.379014601682849,0.5695850227661658,0.5695850227661658
Clc1cc2c(cc1Cl)Oc1cc(Cl)c(Cl)cc1O2,-9.206800441149745,-9.264837354656722,-0.05803691350697626,0.05803691350697626
Clc1cc2c(cc1Cl)Oc1ccccc1O2,-7.229999883024584,-7.8164087310563755,-0.586408848031791,0.586408848031791
Clc1ccc2c(c1)Oc1c(Cl)c(Cl)c(Cl)c(Cl)c1O2,-9.47280001089295,-9.838271278197572,-0.3654712673046223,0.3654712673046223
Clc1ccc2c(c1)Oc1cc(Cl)c(Cl)c(Cl)c1O2,-8.87439997949661,-9.220888202363398,-0.34648822286678715,0.34648822286678715
Clc1ccc2c(c1)Oc1cc(Cl)ccc1O2,-7.180600118560035,-7.497079879414631,-0.3164797608545964,0.3164797608545964
Clc1ccc2c(c1)Oc1ccc(Cl)cc1O2,-7.829199544528091,-7.491496631050563,0.33770291347752845,0.33770291347752845
Clc1ccc2c(c1)Oc1ccccc1O2,-5.835899806603158,-6.572481422060113,-0.7365816154569549,0.7365816154569549
Clc1cccc2c1Oc1ccccc1O2,-5.719600198472435,-6.3931910611788005,-0.6735908627063658,0.6735908627063658
c1ccc2c(c1)Oc1ccccc1O2,-5.310599748092897,-5.109413521249177,0.20118622684371967,0.20118622684371967
C=CCC1(C(C)CCC)C(=O)NC(=S)NC1=O,-3.4584998846765176,-2.789532360145969,0.6689675245305486,0.6689675245305486
CC(C)CC1(CCO)C(=O)NC(=S)NC1=O,-2.619999883283578,-2.2769812407446923,0.3430186425388855,0.3430186425388855
CC(C)CCC1(CCO)C(=O)NC(=S)NC1=O,-2.559999947313671,-2.553368069583077,0.006631877730594038,0.006631877730594038
CCC(CC)CC1(CCO)C(=O)NC(=S)NC1=O,-3.1400000773284433,-2.5845543927349017,0.5554456845935416,0.5554456845935416
CCC1(CC)C(=O)NC(=S)NC1=O,-2.3199999651246634,-2.412625034158655,-0.09262506903399137,0.09262506903399137
CCC1(CCO)C(=O)NC(=S)NC1=O,-1.470000038134818,-1.9459316528420836,-0.47593161470726564,0.47593161470726564
CCCC(C)C1(CC)C(=O)NC(=S)NC1=O,-3.5999998587846394,-3.0781326979796435,0.5218671608049958,0.5218671608049958
CCCC(C)CC1(CCO)C(=O)NC(=S)NC1=O,-3.089999892377473,-2.5842119081096424,0.5057879842678306,0.5057879842678306
CCCC1(CC)C(=O)NC(=S)NC1=O,-2.799999946524778,-2.530295091453376,0.26970485507140163,0.26970485507140163
CCCC1(CCO)C(=O)NC(=S)NC1=O,-1.609999990863859,-2.058433290317346,-0.4484332994534872,0.4484332994534872
CCCCC1(CC)C(=O)NC(=S)NC1=O,-3.1400000773284433,-2.8014060910296883,0.33859398629875503,0.33859398629875503
CCCCC1(CCO)C(=O)NC(=S)NC1=O,-2.1700000741336005,-2.3198104751222584,-0.14981040098865783,0.14981040098865783
CCCCCC1(CC)C(=O)NC(=S)NC1=O,-3.7099999626834173,-3.0721155478094024,0.6378844148740148,0.6378844148740148
CCCCCC1(CCO)C(=O)NC(=S)NC1=O,-2.3800001394039514,-2.591131118865802,-0.21113097946185055,0.21113097946185055
CCCCCCC1(CC)C(=O)NC(=S)NC1=O,-4.079999857206852,-3.378951974858084,0.7010478823487682,0.7010478823487682
CCc1cc(N/N=C2/C(=O)C=Cc3ccccc32)c(S(=O)(=O)[O-])cc1Cl,-5.692859979405066,-3.114074042262604,2.5787859371424617,2.5787859371424617
COc1cc(S(=O)(=O)[O-])c(C)cc1N/N=C1/C(=O)C=Cc2cc(S(=O)(=O)[O-])ccc21,-0.4405857612969415,-0.4610199056022779,-0.02043414430533641,0.02043414430533641
COc1ccc(N/N=C2\C(=O)C=Cc3ccccc32)c([N+](=O)[O-])c1,-7.9911023082357975,-7.2085697416818135,0.782532566553984,0.782532566553984
COc1ccccc1N/N=C1\C(=O)C=Cc2ccccc21,-8.926016429738485,-6.66767934726402,2.2583370824744655,2.2583370824744655
C[N+](C)(C)c1ccc2c(c1)/C(=N/Nc1ccc(N)c([N+](=O)[O-])c1)C(=O)C=C2,-1.3972424136972101,-2.2294415150461138,-0.8321991013489036,0.8321991013489036
Cc1cc(N/N=C2/C(=O)C(C(=O)[O-])=Cc3ccccc32)c(S(=O)(=O)[O-])cc1Cl,-3.944100323782458,-3.0073329553311674,0.9367673684512905,0.9367673684512905
Cc1cc(N/N=C2\C(=O)C=Cc3ccccc32)c(S(=O)(=O)[O-])cc1Cl,-6.889673115169523,-3.0151963648785056,3.8744767502910173,3.8744767502910173
Cc1cc(S(=O)(=O)[O-])c(N/N=C2/C(=O)C(C(=O)[O-])=Cc3ccccc32)cc1Cl,-5.7451856383659665,-3.0380985602922412,2.7070870780737253,2.7070870780737253
Cc1cc(S(=O)(=O)[O-])c(N/N=C2\C(=O)C(C(=O)[O-])=Cc3ccccc32)cc1Cl,-6.263770547038935,-3.038098815623721,3.225671731415214,3.225671731415214
Cc1cc(S(=O)(=O)[O-])ccc1N/N=C1/C(=O)C=Cc2ccccc21,-0.43660041137931094,-2.4675780880936133,-2.0309776767143024,2.0309776767143024
Cc1ccc(N/N=C2\C(=O)C(C(=O)[O-])=Cc3ccccc32)c(S(=O)(=O)[O-])c1,-5.12983976730073,-2.70213573085135,2.4277040364493803,2.4277040364493803
Cc1ccc(N/N=C2\C(=O)C=Cc3ccccc32)c(C)c1,-6.705444166845007,-6.871883796467283,-0.16643962962227565,0.16643962962227565
Cc1ccc(N/N=C2\C(=O)C=Cc3ccccc32)c([N+](=O)[O-])c1,-7.969061277815923,-7.178302543769826,0.7907587340460971,0.7907587340460971
O=C1C=Cc2cc(S(=O)(=O)[O-])ccc2/C1=N\Nc1ccc(S(=O)(=O)[O-])cc1,-1.3767469898366582,-0.06857936987057034,1.3081676199660879,1.3081676199660879
O=C1C=Cc2ccccc2/C1=N/Nc1ccc([N+](=O)[O-])cc1Cl,-7.996998218508255,-7.371585886819389,0.6254123316888656,0.6254123316888656
CC(C)=CC1C(C(=O)OC(C#N)c2cccc(Oc3ccccc3)c2)C1(C)C,-7.57460015088358,-6.606545773566826,0.9680543773167534,0.9680543773167534
CC(C)=CC1C(C(=O)OCc2cccc(Oc3ccccc3)c2)C1(C)C,-5.239999708706028,-6.829900764658847,-1.5899010559528186,1.5899010559528186
CC1(C)C(/C=C(\Cl)C(F)(F)F)C1C(=O)OC(C#N)c1cccc(Oc2ccccc2)c1,-7.95409980632169,-6.987465208210882,0.966634598110808,0.966634598110808
CC1(C)C(C(=O)OC(C#N)c2cccc(Oc3ccccc3)c2)C1(C)C,-6.02479961880298,-5.9994549394730505,0.025344679329929676,0.025344679329929676
CC1(C)C(C=C(Br)Br)C1C(=O)OC(C#N)c1cccc(Oc2ccccc2)c1,-8.401999973644802,-6.788245918912787,1.6137540547320155,1.6137540547320155
CC1(C)C(C=C(Cl)C(F)(F)F)C1C(=O)OC(C#N)c1cccc(Oc2ccccc2)c1,-8.17599933988895,-6.987465208210882,1.1885341316780682,1.1885341316780682
CC1(C)C(C=C(Cl)Cl)C1C(=O)OC(C#N)c1ccc(F)c(Oc2ccccc2)c1,-7.3369997058558205,-7.2154267877336284,0.12157291812219206,0.12157291812219206
CC1(C)C(C=C(Cl)Cl)C1C(=O)OC(C#N)c1cccc(Oc2ccccc2)c1,-6.558700058622538,-6.762789574615574,-0.20408951599303649,0.20408951599303649
CC1(C)C(C=C(Cl)Cl)C1C(=O)OCc1cccc(Oc2ccccc2)c1,-6.289999830792597,-6.98355121493088,-0.6935513841382823,0.6935513841382823
CC1(C)[C@H](C(=O)OC(C#N)c2cccc(Oc3ccccc3)c2)[C@@H]1C=C(Cl)Cl,-7.619399591049715,-6.762789029908417,0.8566105611412986,0.8566105611412986
CC1(C)[C@H](C(=O)OCc2cccc(Oc3ccccc3)c2)[C@@H]1C=C(Cl)Cl,-6.98999973061459,-6.98355121493088,0.006448515683710632,0.006448515683710632
CC1(C)[C@H](C(=O)O[C@H](C#N)c2cccc(Oc3ccccc3)c2)[C@@H]1/C=C\C(=O)OC(C(F)(F)F)C(F)(F)F,-7.432499671178544,-6.983259796601633,0.44923987457691084,0.44923987457691084
CC1(C)[C@H](C(=O)O[C@H](C#N)c2cccc(Oc3ccccc3)c2)[C@@H]1C(Br)C(Br)(Br)Br,-6.919700097225067,-6.923474917826335,-0.00377482060126777,0.00377482060126777
CC1(C)[C@H](C(=O)O[C@H](C#N)c2cccc(Oc3ccccc3)c2)[C@@H]1C=C(Br)Br,-8.402399788698386,-6.788246191266365,1.6141535974320202,1.6141535974320202
C1CNCCN1,0.7379998388570908,1.0052331703119646,0.2672333314548738,0.2672333314548738
CC1CN(C(=N)N)C(C)CN1C(=N)N,0.019999818662916446,0.1735287992388339,0.15352898057591746,0.15352898057591746
CC1CNC(C)CN1,0.48999984477891045,0.7602358744393389,0.2702360296604285,0.2702360296604285
CC1CNCCN1,0.6377998678261352,0.7744655318675115,0.13666566404137637,0.13666566404137637
CCNC(=S)N1CCN(C(=O)OCC)CC1,-1.7899999689945654,-1.7084831811112582,0.08151678788330718,0.08151678788330718
CCOC(=O)N1CC(C)N(C(N)=O)CC1C,-0.549999998603663,-0.5800185376982663,-0.03001853909460328,0.03001853909460328
CCOC(=O)N1CC(C)NCC1C,0.6499999463855737,-0.18314653688696003,-0.8331464832725337,0.8331464832725337
CCOC(=O)N1CCN(C(=O)OCC)CC1,-0.7288001230432521,-0.3564832485371232,0.37231687450612894,0.37231687450612894
CCOC(=O)N1CCN(C)CC1,1.1299999788519837,0.09237287984735065,-1.037627099004633,1.037627099004633
CN1CCN(C)CC1,0.942364159611071,1.141773006999966,0.19940884738889508,0.19940884738889508
NCCN1CCNCC1,-0.11128631749128415,0.7469885963696639,0.858274913860948,0.858274913860948
O=CNC(N1CCN(C(NC=O)C(Cl)(Cl)Cl)CC1)C(Cl)(Cl)Cl,-4.1599997718333945,-2.796787553085696,1.3632122187476985,1.3632122187476985
O=S(=O)([O-])CCN1CCN(CCO)CC1,0.43186651810506227,0.15251508651794898,-0.2793514315871133,0.2793514315871133
O=S(=O)([O-])CCN1CCN(CCS(=O)(=O)O)CC1,-2.747593858147656,-0.05421435271376662,2.6933795054338896,2.6933795054338896
CN(C)c1nc2ncncc2[nH]1,-1.388499999996603,-1.5266013759282815,-0.13810137593167848,0.13810137593167848
COc1ncc2[nH]cnc2n1,-1.4800000444852346,-1.6151354899444879,-0.13513544545925327,0.13513544545925327
COc1ncnc2nc[nH]c12,-1.5299999400605273,-1.2719535033467562,0.25804643671377114,0.25804643671377114
Cc1nc2ncncc2[nH]1,-0.4100001820514114,-0.5415938053960043,-0.1315936233445929,0.1315936233445929
Cc1ncnc2nc[nH]c12,0.1734999297594877,-0.48503740594303224,-0.6585373357025199,0.6585373357025199
Clc1ncnc2nc[nH]c12,-1.4901000045990467,-1.072851326087517,0.4172486785115297,0.4172486785115297
Cn1cnc2nc(Cl)nc(Cl)c21,-1.1522000433073034,-2.4581138012325687,-1.3059137579252653,1.3059137579252653
Cn1cnc2nc(Cl)nc(NN)c21,-1.1426999419506552,-2.3352395777111803,-1.1925396357605251,1.1925396357605251
FC(F)(F)c1nc2ncncc2[nH]1,-0.4504999762700561,-2.2038523983792686,-1.7533524221092125,1.7533524221092125
Nc1nc(C(F)(F)F)c2[nH]cnc2n1,-3.1345999016355797,-2.3588019752218683,0.7757979264137114,0.7757979264137114
Nc1ncc2[nH]cnc2n1,-1.2100001453775693,-1.935096065712108,-0.7250959203345386,0.7250959203345386
Nc1ncnc2nc[nH]c12,-2.117899923935892,-1.644524483741845,0.4733754401940473,0.4733754401940473
OCc1nc2ncncc2[nH]1,-1.5200000698869003,-1.2615801002398939,0.2584199696470064,0.2584199696470064
c1ncc2[nH]cnc2n1,0.6193999324003707,-0.2259311052776134,-0.8453310376779841,0.8453310376779841
Brc1ccc2c(c1)Sc1ccccc1N2,-6.111899655050357,-6.455112826132854,-0.34321317108249705,0.34321317108249705
CC(CN1c2ccccc2Sc2ccccc21)N(C)C,-4.259699769782188,-3.779417987538576,0.48028178224361184,0.48028178224361184
CCN(CC)C(C)CN1c2ccccc2Sc2ccccc21,-2.1500001295211626,-3.7680179476166717,-1.6180178180955092,1.6180178180955092
CN(C)CCCN1c2ccccc2Sc2ccc(C(F)(F)F)cc21,-5.300000155338895,-5.592513754502329,-0.292513599163434,0.292513599163434
CN(C)CCCN1c2ccccc2Sc2ccc(Cl)cc21,-5.070000009279317,-5.075979123570078,-0.005979114290760812,0.005979114290760812
CN(C)CCCN1c2ccccc2Sc2ccccc21,-4.3017000960428735,-4.385310465885917,-0.08361036984304349,0.08361036984304349
CN1c2ccccc2Sc2ccc(CC(=O)O)cc21,-3.9421999085984387,-4.010036648575461,-0.06783673997702255,0.06783673997702255
CN1c2ccccc2Sc2ccccc21,-5.593399993047533,-5.16961074334268,0.42378924970485254,0.42378924970485254
COc1ccc2c(c1)N(CC(C)CN(C)C)c1ccccc1S2,-4.369999837103745,-4.348902648010978,0.021097189092767366,0.021097189092767366
COc1ccc2c(c1)N(C[C@H](C)CN(C)C)c1ccccc1S2,-4.2154997798428475,-4.348902648010978,-0.13340286816813052,0.13340286816813052
COc1ccc2c(c1)Sc1ccc(Cl)cc1N2,-4.9787000084942665,-6.5963145390280635,-1.617614530533797,1.617614530533797
Ic1ccc2c(c1)Sc1ccccc1N2,-6.927799892656648,-6.025007696937134,0.9027921957195142,0.9027921957195142
Oc1ccc2c(c1)Sc1ccccc1N2,-2.574800015268307,-4.754943159696822,-2.180143144428515,2.180143144428515
c1ccc2c(c1)Nc1ccccc1S2,-5.589999930970604,-5.793463578439707,-0.2034636474691025,0.2034636474691025
CCCCCCCCCCCCCCCC(=O)N1C(=O)CC[C@H]1C(=O)[O-],-4.022319250269256,-4.611058764051072,-0.5887395137818157,0.5887395137818157
CCCCCCCCCCCCN1CC(C(=O)O)CC1=O,-3.2230000176910485,-3.4291199806798507,-0.2061199629888022,0.2061199629888022
CCCCCCCCCCCCN1CCCC1=O,-4.670000027616238,-4.376872679663125,0.2931273479531127,0.2931273479531127
CCCCCCCCN1CCCC1=O,-2.2577490608707085,-2.894560445199754,-0.6368113843290457,0.6368113843290457
CCCCCCN1CC(C(=O)OC)CC1=O,-1.2460001137683527,-1.793445514119143,-0.5474454003507903,0.5474454003507903
CCN1CCCC1=O,0.9463070223704189,0.44406659666450077,-0.5022404257059181,0.5022404257059181
CN1CC(C(=O)O)CC1=O,-0.9540000372776243,0.04007064329422061,0.9940706805718449,0.9940706805718449
CN1CCCC1=O,1.0037817980908854,0.7260900892125841,-0.2776917088783013,0.2776917088783013
COC(=O)C1CC(=O)N(C)C1,0.8039998262991235,0.13566947296602594,-0.6683303533330975,0.6683303533330975
O=C1CCC(C(=O)O)N1,-0.40425896861167576,-0.11942723831325486,0.2848317302984209,0.2848317302984209
O=C1CCC(C(=O)[O-])N1,-0.2510987547813661,-0.1279573523992381,0.123141402382128,0.123141402382128
O=C1CCCN1,1.0699999407494851,0.5151969084691665,-0.5548030322803186,0.5548030322803186
O=C1CC[C@@H](C(=O)[O-])N1,0.6082045661928861,-0.1279570800456593,-0.7361616462385454,0.7361616462385454
O=NN1CCCC1=O,0.05229986368658368,0.08476386556464943,0.03246400187806575,0.03246400187806575
Brc1c(Br)c(Br)c(CCc2c(Br)c(Br)c(Br)c(Br)c2Br)c(Br)c1Br,-9.129987471924771,-9.712687953628505,-0.5827004817037338,0.5827004817037338
C=CC(c1ccc(O)cc1)C(C=C)c1ccc(O)cc1,-4.949999660720741,-3.8317169558487607,1.1182827048719806,1.1182827048719806
CC(C)(c1ccccc1)C(C)(C)c1ccccc1,-6.474168588976212,-4.300855391418426,2.1733131975577864,2.1733131975577864
CCC(=O)OC(Cc1ccccc1)(c1ccccc1)C(C)CN(C)C,-2.6099998769331614,-3.784777088907346,-1.1747772119741846,1.1747772119741846
CCC(=O)O[C@](Cc1ccccc1)(c1ccccc1)[C@H](C)CN(C)C,-5.009699701356263,-3.7847772250841354,1.2249224762721278,1.2249224762721278
CCC(c1ccc(O)cc1)C(CC)c1ccc(O)cc1,-4.353000071426258,-4.162619200465274,0.19038087096098444,0.19038087096098444
COC(=O)c1cc(CCc2cc(OC)ccc2OC)ccc1O,-6.389999621943183,-3.9651142407685267,2.424885381174656,2.424885381174656
COc1ccc(C(O)C(O)c2ccccc2)cc1,-1.3899999873314866,-2.402976908631964,-1.0129769213004776,1.0129769213004776
Nc1ccc(CCc2ccc(N)cc2)cc1,-3.6457006190754013,-2.7103713626303256,0.9353292564450757,0.9353292564450757
O=[N+]([O-])c1ccc(CCc2ccc([N+](=O)[O-])cc2)cc1,-4.589885588309838,-4.388570265869797,0.20131532244004102,0.20131532244004102
OC(Cc1ccccc1)c1ccccc1,-2.5199999900004,-2.895857801472059,-0.37585781147165864,0.37585781147165864
OC(c1ccccc1)C(O)c1ccccc1,-1.932999964481768,-1.643646415804003,0.28935354867776497,0.28935354867776497
c1ccc(CCc2ccccc2)cc1,-4.627200071248386,-4.96345052309052,-0.3362504518421341,0.3362504518421341
CCCCCCCc1ccn(CCC(=O)O)c(=O)c1,-4.399999992331784,-3.2808874941937924,1.1191124981379916,1.1191124981379916
CCCCn1c(O)c(C#N)c(C)cc1=O,-2.272990716109066,-2.3614838409116725,-0.08849312480260663,0.08849312480260663
CCCc1ccn(CCC(=O)O)c(=O)c1,-2.1099998998543126,-1.8313751076152647,0.2786247922390479,0.2786247922390479
COc1ccn(C)c(=O)c1C#N,-1.7840000196550312,-1.23145616031032,0.5525438593447112,0.5525438593447112
Cc1cc(CC(C)CC(C)(C)C)n(O)c(=O)c1,-3.9054641089263082,-3.7622943009827643,0.14316980794354395,0.14316980794354395
Cc1cc(O)n(CCC(=O)O)c(=O)c1C#N,-1.443654050872668,-1.3959648030593639,0.04768924781330419,0.04768924781330419
Cc1cc(O)n(CCC(=O)O)c(=O)c1C(N)=O,-1.602448851716639,-1.5531651098766301,0.04928374184000894,0.04928374184000894
Cn1cc(I)ccc1=O,-0.009399933100800784,-1.455570064649486,-1.4461701315486852,1.4461701315486852
Cn1ccccc1=O,0.9620999893405311,0.5004015726579611,-0.46169841668256995,0.46169841668256995
O=C(O)CCCCCn1ccccc1=O,-0.6400000557574108,-1.3404231930407586,-0.7004231372833478,0.7004231372833478
O=C(O)CCn1ccccc1=O,-0.6000000303557451,-0.5232777548724905,0.07672227548325461,0.07672227548325461
O=c1ccc(I)c[nH]1,-1.7423000993916904,-1.640663190879328,0.10163690851236229,0.10163690851236229
O=c1cccc[nH]1,1.0217998937992632,-0.24033370722828273,-1.262133601027546,1.262133601027546
C1COCCN1,0.8938928484964288,1.0534661720452143,0.1595733235487855,0.1595733235487855
C=CC(=O)N1CCOCC1,0.8502574475258071,0.2481133714825967,-0.6021440760432104,0.6021440760432104
CC(=O)N1CCOCC1,0.8888750061618134,0.7608522105880167,-0.1280227955737967,0.1280227955737967
CC(C)CN1CCOCC1,-0.7089000641058152,0.014134139637698606,0.7230342037435138,0.7230342037435138
CC1CN(N=O)CC(C)O1,-0.06550014030939133,-0.03675812243831933,0.028742017871072,0.028742017871072
CC1CNCC(C)O1,0.9386378179468173,0.6102739086841154,-0.328363909262702,0.328363909262702
CCCC(CCC)CCCC1COCCN1CCO,0.9642581190984276,-2.3127930128125698,-3.2770511319109974,3.2770511319109974
CCN1CCOCC1,0.9385999607993734,0.8385947225772128,-0.10000523822216056,0.10000523822216056
CN1CCOCC1,0.9949997569445723,1.0870773271969116,0.09207757025233931,0.09207757025233931
ClCCCN1CCOCC1,0.7860893102543463,-0.36461245815520815,-1.1507017684095544,1.1507017684095544
FC(F)(F)N1C(F)(F)C(F)(F)OC(F)(F)C1(F)F,-5.596058708683145,-5.896142784097888,-0.3000840754147429,0.3000840754147429
O=NN1CCOCC1,0.9350999449590485,0.5326686628986015,-0.402431282060447,0.402431282060447
O=S(=O)([O-])CCN1CCOCC1,0.18852976200198412,0.21954293636612787,0.031013174364143747,0.031013174364143747
CC(C=O)Cc1ccc2c(c1)OCO2,-2.313438150352199,-2.7581861313992295,-0.4447479810470307,0.4447479810470307
CCCCOCCOCCOCc1cc2c(cc1CCC)OCO2,-4.151088635090761,-3.6184736360744383,0.5326149990163227,0.5326149990163227
CNC(=O)Oc1cccc2c1OC(C)(C)O2,-2.9337999657880487,-2.86794132134233,0.06585864444571854,0.06585864444571854
NNC(=O)c1ccc2c(c1)OCO2,-0.6000000303557451,-1.7903233888693133,-1.1903233585135682,1.1903233585135682
O=C(O)/C=C\c1ccc2c(c1)OCO2,-3.8522998732964817,-3.035527372287995,0.8167725010084865,0.8167725010084865
O=C(O)C(=O)c1ccc2c(c1)OCO2,-1.1912001225446434,-2.0255640263141226,-0.8343639037694792,0.8343639037694792
O=C(O)C=Cc1ccc2c(c1)OCO2,-3.190000023970032,-3.0355274914426857,0.15447253252734638,0.15447253252734638
O=CCc1ccc2c(c1)OCO2,-1.9600000769516448,-1.8152290342303228,0.14477104272132202,0.14477104272132202
O=Cc1ccc2c(c1)OCO2,-1.6324001194772948,-1.3785638605604,0.25383625891689476,0.25383625891689476
O=Cc1cccc2c1OC(F)(F)O2,-2.1558332622937213,-3.9864539607231575,-1.8306206984294362,1.8306206984294362
O=[N+]([O-])c1cc2c(cc1CO)OCO2,-3.059999920136995,-2.3795630799984764,0.6804368401385186,0.6804368401385186
O=[N+]([O-])c1ccc2c(c1CO)OCO2,-3.064300038447724,-2.461865607956434,0.6024344304912899,0.6024344304912899
OCCNc1ccc2c(c1)OCO2,0.27289727479391157,-1.5917200271895275,-1.8646173019834391,1.8646173019834391
C=C(Br)C(=O)Nc1ccc(Nc2cc(S(=O)(=O)[O-])c(N)c3c2C(=O)c2ccccc2C3=O)c(S(=O)(=O)[O-])c1,-1.0618039840500746,-0.9276359385024886,0.134168045547586,0.134168045547586
CC(=O)Nc1cccc(Nc2cc(S(=O)(=O)[O-])c(N)c3c2C(=O)c2ccccc2C3=O)c1,-4.307910847052348,-2.4368450293851986,1.8710658176671493,1.8710658176671493
CCC(=O)Nc1cccc(Nc2cc(S(=O)(=O)[O-])c(N)c3c2C(=O)c2ccccc2C3=O)c1,-2.6879470285925797,-2.6618590282578865,0.026088000334693273,0.026088000334693273
COCCOCCOc1cc(Nc2c(C)cc(C)c(S(=O)(=O)[O-])c2C)c2c(c1N)C(=O)c1ccccc1C2=O,0.23912297984855124,-2.968585398927611,-3.207708378776162,3.207708378776162
CS(=O)(=O)Oc1ccc(Nc2ccc(O)c3c2C(=O)c2ccccc2C3=O)cc1,-6.2142280692991285,-5.444066346998451,0.7701617223006778,0.7701617223006778
Cc1c(CNC(=O)CCl)c(C)c(Nc2cc(S(=O)(=O)[O-])c(N)c3c2C(=O)c2ccccc2C3=O)c(C)c1CNC(=O)CCl,-1.0175519745771968,-3.1043856594725567,-2.08683368489536,2.08683368489536
Cc1cc(Nc2cc(S(=O)(=O)[O-])c(N)c3c2C(=O)c2ccccc2C3=O)cc(S(=O)(=O)NCCO)c1C,-2.674843553212477,-1.7981835131516082,0.8766600400608686,0.8766600400608686
Cc1ccc(Nc2ccc(O)c3c2C(=O)c2ccccc2C3=O)c(S(=O)(=O)[O-])c1,-2.4023933230011294,-2.41683970578958,-0.014446382788450673,0.014446382788450673
Cc1ccc(Nc2ccc(O)c3c2C(=O)c2ccccc2C3=O)cc1,-7.549181391380234,-6.486702028316023,1.0624793630642113,1.0624793630642113
Nc1c(S(=O)(=O)[O-])cc(Nc2ccc(S(=O)(=O)CCOS(=O)(=O)[O-])cc2)c2c1C(=O)c1ccccc1C2=O,-0.5639624771710965,-0.23904411303297213,0.32491836413812436,0.32491836413812436
Nc1c(S(=O)(=O)[O-])cc(Nc2cccc(S(=O)(=O)CCOS(=O)(=O)[O-])c2)c2c1C(=O)c1ccccc1C2=O,-0.4545357115997528,-0.27984404089538284,0.17469167070436997,0.17469167070436997
Nc1c(S(=O)(=O)[O-])cc(Nc2ccccc2)c2c1C(=O)c1ccccc1C2=O,-2.173896092077406,-2.4444228591831343,-0.2705267671057281,0.2705267671057281
O=C1c2c(O)ccc(Nc3ccccc3)c2C(=O)c2c([N+](=O)[O-])ccc(O)c21,-8.646142623987359,-6.040264399710717,2.6058782242766423,2.6058782242766423
CC(O)CN(CC(C)O)c1nc(Nc2ccc(S(=O)(=O)[O-])cc2)nc(Nc2ccc(/C=C/c3ccc(Nc4nc(Nc5ccc(S(=O)(=O)[O-])cc5)nc(N(CC(C)O)CC(C)O)n4)cc3S(=O)(=O)[O-])c(S(=O)(=O)[O-])c2)n1,-0.08677395069796834,0.05919068158216012,0.14596463228012846,0.14596463228012846
CCN(CC)c1nc(Nc2ccc(/C=C/c3ccc(Nc4nc(Nc5cc(S(=O)(=O)[O-])ccc5S(=O)(=O)[O-])nc(N(CC)CC)n4)cc3S(=O)(=O)[O-])c(S(=O)(=O)[O-])c2)nc(Nc2cc(S(=O)(=O)[O-])ccc2S(=O)(=O)[O-])n1,-0.8122489872141063,0.5375783808624588,1.3498273680765651,1.3498273680765651
CN(CCO)c1nc(Nc2ccccc2)nc(Nc2ccc(/C=C/c3ccc(Nc4nc(Nc5ccccc5)nc(N(C)CCO)n4)cc3S(=O)(=O)[O-])c(S(=O)(=O)[O-])c2)n1,-3.0693211320031857,-1.5428548928000343,1.5264662392031514,1.5264662392031514
COc1nc(Nc2ccccc2)nc(Nc2ccc(/C=C/c3ccc(Nc4nc(Nc5ccccc5)nc(OC)n4)cc3S(=O)(=O)[O-])c(S(=O)(=O)[O-])c2)n1,-1.7615101505374022,-2.141935808143211,-0.38042565760580893,0.38042565760580893
NC(=O)CCN(CCO)c1nc(Nc2ccccc2)nc(Nc2ccc(/C=C/c3ccc(Nc4nc(Nc5ccccc5)nc(N(CCO)CCC(N)=O)n4)cc3S(=O)(=O)[O-])c(S(=O)(=O)[O-])c2)n1,-1.2475609721280836,-1.8088957241104169,-0.5613347519823333,0.5613347519823333
O=S(=O)(O)c1cc(Nc2nc(Nc3ccccc3)nc(N(CCO)CCO)n2)ccc1/C=C/c1ccc(Nc2nc(Nc3ccccc3)nc(N(CCO)CCO)n2)cc1S(=O)(=O)O,-1.0592794025519896,-2.543167474821922,-1.4838880722699326,1.4838880722699326
O=S(=O)(O)c1cccc(Nc2nc(NCCO)nc(Nc3ccc(/C=C/c4ccc(Nc5nc(NCCO)nc(Nc6cccc(S(=O)(=O)O)c6)n5)cc4S(=O)(=O)O)c(S(=O)(=O)O)c3)n2)c1,-0.8876906561701485,-0.934040605260023,-0.04634994908987444,0.04634994908987444
O=S(=O)([O-])c1cc(Nc2nc(NCCO)nc(Nc3ccccc3)n2)ccc1/C=C/c1ccc(Nc2nc(NCCO)nc(Nc3ccccc3)n2)cc1S(=O)(=O)[O-],-1.4592144278865402,-1.3531565399073606,0.10605788797917959,0.10605788797917959
O=S(=O)([O-])c1cc(Nc2nc(Nc3ccccc3)nc(N(CCO)CCO)n2)ccc1/C=C/c1ccc(Nc2nc(Nc3ccccc3)nc(N(CCO)CCO)n2)cc1S(=O)(=O)[O-],-1.2996601690882665,-1.337444461950133,-0.03778429286186635,0.03778429286186635
O=S(=O)([O-])c1cc(Nc2nc(Nc3ccccc3)nc(N(CC[O-])CC[O-])n2)ccc1/C=C/c1ccc(Nc2nc(Nc3ccccc3)nc(N(CCO)CCO)n2)cc1S(=O)(=O)[O-],-1.8879602403707934,-1.0308244453529047,0.8571357950178886,0.8571357950178886
O=S(=O)([O-])c1ccc(Nc2nc(Nc3ccc(/C=C/c4ccc(Nc5nc(Nc6ccc(S(=O)(=O)[O-])cc6)nc(N(CCO)CCO)n5)c(S(=O)(=O)[O-])c4)cc3S(=O)(=O)[O-])nc(N(CCO)CCO)n2)cc1,-0.4642867867792053,0.11715405962287795,0.5814408464020833,0.5814408464020833
O=S(=O)([O-])c1ccc(S(=O)(=O)[O-])c(Nc2nc(Nc3ccc(/C=C/c4ccc(Nc5nc(Nc6cc(S(=O)(=O)[O-])ccc6S(=O)(=O)[O-])nc(N(CCO)CCO)n5)cc4S(=O)(=O)[O-])c(S(=O)(=O)[O-])c3)nc(N(CCO)CCO)n2)c1,-0.6924057866704603,0.804200006179494,1.4966057928499543,1.4966057928499543
C=C(C)C1CCC(C)C(=O)C1,-2.1800000804840174,-1.693753482512528,0.4862465979714894,0.4862465979714894
C=C(OCC)C1C(C)(C)CC(=O)CC1(C)C,-3.6433441478237905,-2.660638237385404,0.9827059104383866,0.9827059104383866
CC(C)(C)C1CCC(=O)CC1,-2.417381553234474,-2.441444945153245,-0.02406339191877116,0.02406339191877116
CC(C)[C@@H]1CC[C@@H](C)CC1=O,-2.491877304167372,-2.1175054197770944,0.37437188439027747,0.37437188439027747
CC1(C)CC(=O)CC(C)(C#N)C1,-1.5404978087528716,-0.45476149271652444,1.0857363160363471,1.0857363160363471
CC1CC(=O)CC(C)(C)C1,-1.6471415292799105,-2.1725841648886393,-0.5254426356087287,0.5254426356087287
CC1CCC(C(C)C)C(=O)C1,-2.490000004993348,-2.1175054197770944,0.3724945852162538,0.3724945852162538
CC1CCCC(=O)C1,-1.8738000331051983,-1.0400169233423715,0.8337831097628268,0.8337831097628268
CC1CCCCC1=O,-0.940000110093115,-0.7535687745541577,0.1864313355389573,0.1864313355389573
CCC(C)(C)C1CCC(=O)CC1,-2.656892762882244,-2.722230250244004,-0.06533748736175982,0.06533748736175982
CCC(C)C1CCCCC1=O,-2.427057731179774,-2.2953837635294545,0.13167396765031958,0.13167396765031958
O=C1CCCCC1,-0.05736984127699163,-0.6887241109931193,-0.6313542697161276,0.6313542697161276
C#CC1CN2CCC1CC2C(O)c1ccnc2ccc(OC)cc12,-2.119999906204729,-2.8767641814812563,-0.7567642752765273,0.7567642752765273
C=CC1CN2CCC1CC2C(O)c1ccnc2ccc(OC)cc12,-2.191203140680101,-2.873448208571762,-0.6822450678916607,0.6822450678916607
C=CC1CN2CCC1CC2C(O)c1ccnc2ccccc12,-3.069999909465313,-2.6285885874331862,0.44141132203212674,0.44141132203212674
C=CC1CN2CCC1C[C@H]2[C@H](O)c1ccnc2ccc(OC)cc12,-2.7899999571964598,-2.8734481064391697,-0.08344814924270993,0.08344814924270993
C=C[C@H]1CN2CCC1C[C@H]2[C@H](O)c1ccnc2ccc(OC)cc12,-2.812143069142063,-2.8734481745275646,-0.0613051053855016,0.0613051053855016
C=C[C@H]1CN2CC[C@H]1C[C@@H]2[C@@H](O)c1ccnc2ccc(OC)cc12,-2.812143069142063,-2.8734479702623803,-0.06130490112031728,0.06130490112031728
C=C[C@H]1CN2CC[C@H]1C[C@@H]2[C@@H](O)c1ccnc2ccccc12,-3.088723634996471,-2.6285885874331862,0.4601350475632846,0.4601350475632846
CC(C)CCOC(=O)C1CN2CCC1CC2C(O)c1ccnc2ccccc12,-1.4100000000323194,-3.035961537936696,-1.6259615379043766,1.6259615379043766
CCC1CN2CCC1CC2C(O)c1ccnc2ccc(OC)cc12,-3.0513999239526806,-2.7524239807781283,0.29897594317455223,0.29897594317455223
CCC1CN2CCC1CC2C(O)c1ccnc2ccccc12,-2.630000093899178,-2.4531648643533734,0.17683522954580466,0.17683522954580466
COc1ccc2nccc(C(O)C3CC4CCN3CC4C(=O)O)c2c1,-2.0299999852277706,-2.7654692405807766,-0.735469255353006,0.735469255353006
O=C(O)C1CN2CCC1CC2C(O)c1ccnc2ccccc12,-1.940000064250812,-2.4832112856456,-0.543211221394788,0.543211221394788
CC(=O)Nc1ccc(NC(=O)c2cc3ccccc3cc2O)cc1,-5.250349417051541,-4.973370457488789,0.27697895956275165,0.27697895956275165
CCOc1ccc(NC(=O)c2cc3ccccc3cc2O)cc1,-5.311540457353848,-5.75472999717916,-0.44318953982531184,0.44318953982531184
CCOc1ccccc1NC(=O)c1cc2ccccc2cc1O,-5.186601521352069,-5.455569745103485,-0.2689682237514166,0.2689682237514166
COc1cc(NC(=O)c2cc3ccccc3cc2O)c(OC)cc1Cl,-5.062270070007658,-6.011750614138625,-0.9494805441309673,0.9494805441309673
COc1cc(OC)c(NC(=O)c2cc3ccccc3cc2O)cc1Cl,-5.377540444795881,-6.019069299506395,-0.641528854710514,0.641528854710514
COc1ccc(NC(=O)c2cc3ccccc3cc2O)cc1,-5.263224523955874,-5.63746053795456,-0.37423601399868556,0.37423601399868556
COc1ccccc1NC(=O)c1cc2ccccc2cc1[O-],-5.176510276552776,-5.094836613008117,0.08167366354465866,0.08167366354465866
Cc1ccc(Cl)cc1NC(=O)c1cc2ccccc2cc1O,-5.238559094451309,-6.162733633460526,-0.9241745390092166,0.9241745390092166
Cc1ccccc1NC(=O)c1cc2ccccc2cc1O,-4.6234421365689995,-5.45577101439817,-0.8323288778291706,0.8323288778291706
O=C(Nc1ccc(Cl)cc1)c1cc2ccccc2cc1O,-5.473838678457877,-5.911190046969423,-0.4373513685115462,0.4373513685115462
O=C(Nc1cccc([N+](=O)[O-])c1)c1cc2ccccc2cc1O,-6.64386556740016,-5.459969072460793,1.1838964949393667,1.1838964949393667
O=C(c1ccc2ccccc2c1)N(O)c1ccc(Cl)cc1,-5.4699995824120276,-4.771190003905897,0.6988095785061308,0.6988095785061308
CC(C)(C)C(=O)OCC1OC(n2cc(I)c(=O)[nH]c2=O)CC1O,-3.3599998765956314,-2.9242205329405446,0.43577934365508675,0.43577934365508675
CC(C)C(=O)OCC1OC(n2cc(I)c(=O)[nH]c2=O)CC1O,-2.7599999721894077,-2.313727185587631,0.4462727866017766,0.4462727866017766
CCC(=O)OCC1OC(n2cc(I)c(=O)[nH]c2=O)CC1O,-2.4600000540304934,-2.210058383201116,0.24994167082937757,0.24994167082937757
CCCC(=O)OCC1OC(n2cc(I)c(=O)[nH]c2=O)CC1O,-2.8399999038380486,-2.543144460944519,0.2968554428935297,0.2968554428935297
CCCCC(=O)OCC1OC(n2cc(I)c(=O)[nH]c2=O)CC1O,-3.400000072218284,-2.7760400659880244,0.6239600062302597,0.6239600062302597
Cc1cn(C2CC(N=[N+]=[N-])C(CO)O2)c(=O)[nH]c1=O,-1.1599999774486978,-1.6601725586080698,-0.500172581159372,0.500172581159372
Cc1cn(C2CC(O)C(CO)O2)c(=O)[nH]c1=O,-0.7420621082061789,-1.0185614531167784,-0.27649934491059946,0.27649934491059946
Cc1cn([C@H]2C[C@H](N=[N+]=[N-])[C@@H](CO)O2)c(=O)[nH]c1=O,-1.1221000704926583,-1.6601725586080698,-0.5380724881154115,0.5380724881154115
NC(=O)OC[C@H](O)[C@@H](O)[C@H](N)C(=O)N[C@H](C(=O)O)[C@H]1O[C@@H](n2cc(CO)c(=O)[nH]c2=O)C(O)C1O,0.29460004206899626,-0.930356750754052,-1.2249567928230483,1.2249567928230483
O=c1[nH]c(=O)n(C2CC(O)C(CO)O2)cc1C(F)(F)F,-0.7100001002103262,-2.2218842479433722,-1.511884147733046,1.511884147733046
O=c1[nH]c(=O)n(C2CC(O)C(CO)O2)cc1I,-2.248100050194887,-1.7388978584861317,0.5092021917087552,0.5092021917087552
O=c1[nH]c(=O)n(C2CCCO2)cc1F,-1.0100000183692406,-1.3618448914225887,-0.3518448730533481,0.3518448730533481
CCc1ccc2cc3ccccc3cc2c1,-6.886300016096889,-7.078860805102069,-0.1925607890051806,0.1925607890051806
Cc1c2ccccc2c(C)c2ccccc12,-6.566299812883562,-5.66198270947671,0.9043171034068518,0.9043171034068518
Cc1c2ccccc2cc2ccccc12,-5.889999849129518,-6.052665202857683,-0.1626653537281646,0.1626653537281646
Cc1cc(O)c2c(O)c3c(O)cccc3cc2c1,-3.0585000296152978,-4.5690736895907955,-1.5105736599754978,1.5105736599754978
Cc1ccc2cc3ccccc3cc2c1,-6.95549988573548,-6.678118659936937,0.2773812257985435,0.2773812257985435
Cc1cccc2cc3ccccc3cc12,-5.854100106855709,-6.432194272482295,-0.5780941656265863,0.5780941656265863
Nc1ccc2cc3ccccc3cc2c1,-5.1722001449925035,-5.096230790977662,0.07596935401484117,0.07596935401484117
O=C(O)c1c2ccccc2cc2ccccc12,-3.417399857214538,-4.345255152707768,-0.92785529549323,0.92785529549323
O=[N+]([O-])c1c2ccccc2cc2ccccc12,-6.291799815594457,-5.582085063618983,0.7097147519754738,0.7097147519754738
Oc1c2ccccc2cc2ccccc12,-4.732900086625108,-5.164755087564201,-0.4318550009390929,0.4318550009390929
c1ccc2cc3ccccc3cc2c1,-6.4448102349564635,-6.25112843862121,0.1936817963352535,0.1936817963352535
CC(=O)OCn1ncc2c(=O)[nH]cnc21,-2.559999947313671,-2.1433261731626536,0.41667377415101736,0.41667377415101736
CC(=O)n1ncc2c(=O)[nH]cnc21,-2.3800001394039514,-2.3303245488525373,0.04967559055141413,0.04967559055141413
CC(C)(C)C(=O)OCn1cnc2c(cnn2COC(=O)C(C)(C)C)c1=O,-4.260000175779532,-4.130332364590176,0.1296678111893561,0.1296678111893561
CC(C)(C)C(=O)OCn1ncc2c(=O)[nH]cnc21,-2.6800000575628657,-3.0628868723271117,-0.3828868147642459,0.3828868147642459
CCC(=O)n1ncc2c(=O)[nH]cnc21,-2.8099999358530954,-2.4169327145367183,0.39306722131637706,0.39306722131637706
CCCC(=O)OCn1cnc2c(cnn2COC(=O)CCC)c1=O,-3.8299999027116254,-3.279045192454636,0.5509547102569892,0.5509547102569892
CCCC(=O)OCn1ncc2c(=O)[nH]cnc21,-2.829999914509731,-2.59945240584529,0.23054750866444085,0.23054750866444085
CCCC(=O)n1ncc2c(=O)[nH]cnc21,-3.269999955618673,-2.785166974853411,0.4848329807652618,0.4848329807652618
CCN(CC)C(=O)CCC(=O)OCn1ncc2c(=O)[nH]cnc21,-0.9900000056684077,-2.2518725557907358,-1.261872550122328,1.261872550122328
CCN(CC)CC(=O)OCn1ncc2c(=O)[nH]cnc21,-1.7899999689945654,-1.6957016276612202,0.09429834133334514,0.09429834133334514
O=c1c2cnn(CO)c2ncn1CO,-1.7200000607184396,-0.7890820470997415,0.9309180136186981,0.9309180136186981
CC(=O)C1CCOC1=O,0.3975091141476299,-0.028021564339655303,-0.4255306784872852,0.4255306784872852
CC1(C(=O)O)CCOC1=O,0.8411997845578139,-0.32202371198766544,-1.1632234965454793,1.1632234965454793
CC1(C)COC(=O)C1O,0.6515305734980648,-0.4096207935162335,-1.0611513670142982,1.0611513670142982
CC1(C)OC(=O)C[C@@H]1C(=O)[O-],-1.2449000776638417,-0.5435307840479684,0.7013692936158733,0.7013692936158733
CCCCCCC1(C)CCC(=O)O1,-2.6432619088411182,-2.7288418716771794,-0.08557996283606117,0.08557996283606117
CCCCCCC[C@H]1CCC(=O)O1,-3.0668186919999467,-3.1507855684220303,-0.08396687642208356,0.08396687642208356
CCCCC[C@H]1CCC(=O)O1,-1.8552940159605167,-2.0497791191762493,-0.19448510321573265,0.19448510321573265
CCOC(=O)CC1(C)CCC(=O)O1,-0.7472000584690162,-0.9051076675302578,-0.15790760906124168,0.15790760906124168
O=C1CCCO1,1.0650471909201875,0.47426325499959665,-0.5907839359205909,0.5907839359205909
O=C1OC(C(O)C(O)CO)C(O)C1O,0.3347999749974533,0.01773465394857654,-0.31706532104887675,0.31706532104887675
O=C[C@H](O)[C@H]1OC(=O)[C@@H](O)[C@H]1O,0.16409991834302495,0.10892680271644828,-0.055173115626576674,0.055173115626576674
CC(C)(C)OC(=O)C1(S(=O)(=O)c2ccc(Cl)cc2)CC1,-4.120600149896051,-5.015463928673402,-0.894863778777351,0.894863778777351
CC(C)OC(=O)C1(S(=O)(=O)c2ccc(Cl)cc2)CC1,-3.540100046799115,-4.522171407443246,-0.9820713606441314,0.9820713606441314
CC(C)OC(=O)C1(S(=O)(=O)c2ccc([N+](=O)[O-])cc2)CC1,-4.2604999445965115,-4.189549249977022,0.07095069461948977,0.07095069461948977
CCOC(=O)C1(S(=O)(=O)c2ccc(C)cc2)CC1,-3.01040003536942,-4.15853335207709,-1.1481333167076704,1.1481333167076704
COC(=O)C1(S(=O)(=O)c2ccc(Br)cc2)CC1,-3.6702999347487286,-4.135763094950153,-0.46546316020142475,0.46546316020142475
COC(=O)C1(S(=O)(=O)c2ccc(C)cc2)CC1,-2.880300028839283,-3.9681489405195824,-1.0878489116802994,1.0878489116802994
COC(=O)C1(S(=O)(=O)c2ccc(Cl)cc2)CC1,-3.3085999134046538,-4.249825318431568,-0.941225405026914,0.941225405026914
COC(=O)C1(S(=O)(=O)c2ccc([N+](=O)[O-])cc2)CC1,-3.379699925873685,-3.920125106334802,-0.5404251804611171,0.5404251804611171
COC(=O)C1(S(=O)(=O)c2ccccc2)CC1,-2.2600998807855603,-3.54722154817588,-1.2871216673903199,1.2871216673903199
COC(=O)C1CC1S(=O)(=O)c1ccc([N+](=O)[O-])cc1,-3.3800000935616485,-3.1852010432690783,0.19479905029257027,0.19479905029257027
Cc1ccc(S(=O)(=O)C2(C(=O)OC(C)C)CC2)cc1,-3.2306999810469486,-4.3077659549484615,-1.077065973901513,1.077065973901513
C=C(C)C(=O)OC1CC2CCC1(C)C2(C)C,-4.544220336116903,-5.099908381351322,-0.5556880452344188,0.5556880452344188
C=CC(=O)OC1C[C@@H]2CC[C@@]1(C)C2(C)C,-4.583092545349027,-4.755753003063191,-0.17266045771416394,0.17266045771416394
CC(=O)OC1C2(C)CCC(C2)C1(C)C,-3.8745967799035768,-4.269404408676466,-0.394807628772889,0.394807628772889
CC(=O)OC1CC2CCC1(C)C2(C)C,-3.9300000343041845,-4.385585951530808,-0.4555859172266232,0.4555859172266232
CC(=O)O[C@@H]1C[C@@H]2CC[C@@]1(C)C2(C)C,-3.4963237709398927,-4.385585679177229,-0.8892619082373363,0.8892619082373363
CC(=O)O[C@H]1C[C@H]2CC[C@@]1(C)C2(C)C,-3.088778233377958,-4.385585815354018,-1.29680758197606,1.29680758197606
CC1(C)C2CCC1(C)C(N)(C(=O)O)C2,-1.5961000174427453,-1.0433886606471119,0.5527113567956334,0.5527113567956334
CC1(C)C2CCC1(C)C(O)C2,-2.3201999407398493,-2.13856638584389,0.18163355489595912,0.18163355489595912
CC1(C)C2CCC1(C)[C@@H](O)C2,-2.3190000189603373,-2.138566794374258,0.18043322458607935,0.18043322458607935
CC1(C)[C@@H]2CC[C@@](C)(C2)[C@@H]1O,-2.2702000451645565,-2.3799596268091143,-0.10975958164455779,0.10975958164455779
CC1(C)[C@@H]2CC[C@]1(C)[C@H](O)C2,-2.420558421553629,-2.13856638584389,0.28199203570973896,0.28199203570973896
COC(=O)c1cc2cc3c(C)cc(=O)oc3c(C)c2o1,-5.159999794079486,-5.4245786313792195,-0.26457883729973375,0.26457883729973375
COC(=O)c1cc2cc3c(C)coc3c(C)c2oc1=O,-4.900000037499027,-5.386325754185139,-0.48632571668611124,0.48632571668611124
COc1c2ccoc2cc2oc(=O)ccc12,-3.5999998587846394,-3.6173625696499885,-0.01736271086534913,0.01736271086534913
COc1c2occc2c(CN)c2ccc(=O)oc12,-0.9000000846914489,-2.862906286688057,-1.9629062019966081,1.9629062019966081
COc1c2occc2cc2ccc(=O)oc12,-3.5199999441580974,-3.7739494681195485,-0.2539495239614511,0.2539495239614511
COc1cc2cc3c(C)coc3cc2oc1=O,-4.999999964826402,-5.320370568906808,-0.32037060408040663,0.32037060408040663
Cc1cc2cc3c(C)cc(=O)oc3c(C)c2o1,-5.2800001426380625,-5.409476353084779,-0.12947621044671642,0.12947621044671642
Cc1cc2cc3c(C)cc(=O)oc3cc2o1,-5.229999974709191,-5.104407390118447,0.12559258459074396,0.12559258459074396
Cc1coc2cc3oc(=O)c(N)cc3cc12,-5.079999879452944,-4.661011133926876,0.41898874552606813,0.41898874552606813
O=c1ccc2cc3ccoc3c(O)c2o1,-3.2199999919549853,-3.4441644178830066,-0.22416442592802133,0.22416442592802133
O=c1ccc2cc3ccoc3cc2o1,-3.739999981734667,-3.7913529298891158,-0.051352948154448796,0.051352948154448796
Brc1cc2oc3cc(Br)c(Br)cc3c2cc1Br,-6.839499866541365,-8.158488094190599,-1.3189882276492337,1.3189882276492337
Clc1c(Cl)c(Cl)c2c(oc3c(Cl)c(Cl)c(Cl)c(Cl)c32)c1Cl,-11.582699218238792,-11.181540372098196,0.4011588461405964,0.4011588461405964
Clc1cc2c(oc3c(Cl)c(Cl)c(Cl)c(Cl)c32)c(Cl)c1Cl,-11.48169961710067,-10.828997729176129,0.6527018879245414,0.6527018879245414
Clc1cc2c(oc3cc(Cl)c(Cl)c(Cl)c32)c(Cl)c1Cl,-10.29999992612738,-10.381938044996991,-0.08193811886961022,0.08193811886961022
Clc1cc2oc3c(Cl)c(Cl)c(Cl)c(Cl)c3c2cc1Cl,-10.659999610035216,-10.408061110854947,0.25193849918026956,0.25193849918026956
Clc1cc2oc3c(Cl)c(Cl)c(Cl)cc3c2cc1Cl,-9.160899603111204,-9.85414676830204,-0.6932471651908365,0.6932471651908365
Clc1cc2oc3cc(Cl)c(Cl)cc3c2cc1Cl,-8.645600095658518,-9.242188431049112,-0.5965883353905941,0.5965883353905941
Clc1ccc2oc3ccc(Cl)cc3c2c1,-7.213499886164078,-7.44966148723538,-0.23616160107130213,0.23616160107130213
O=S(=O)(O)c1ccc2oc3ccccc3c2c1,-0.4700002201539104,-1.4940043293270036,-1.0240041091730931,1.0240041091730931
O=S(=O)([O-])c1ccc2oc3ccccc3c2c1,-0.46549984961889157,-0.35752146037926114,0.10797838923963043,0.10797838923963043
c1ccc2c(c1)oc1ccccc12,-4.599999846986534,-5.2705705808583065,-0.6705707338717728,0.6705707338717728
CC(=O)OCN1C(=O)NC(c2ccccc2)(c2ccccc2)C1=O,-4.46999976443112,-3.8859497707447543,0.5840499936863655,0.5840499936863655
CCC(=O)OCN1C(=O)NC(c2ccccc2)(c2ccccc2)C1=O,-4.9099997714958645,-4.201093228765287,0.7089065427305776,0.7089065427305776
CCCC(=O)OCN1C(=O)NC(c2ccccc2)(c2ccccc2)C1=O,-4.679999761613076,-4.659650046917148,0.02034971469592861,0.02034971469592861
CCCCC(=O)OCN1C(=O)NC(c2ccccc2)(c2ccccc2)C1=O,-4.679999761613076,-4.885065801362667,-0.2050660397495907,0.2050660397495907
CCCCCC(=O)OCN1C(=O)NC(c2ccccc2)(c2ccccc2)C1=O,-5.886000064472215,-5.141544707054028,0.7444553574181869,0.7444553574181869
CCCCCCC(=O)OCN1C(=O)NC(c2ccccc2)(c2ccccc2)C1=O,-6.300999919484129,-5.36113141403067,0.9398685054534592,0.9398685054534592
CCCCCCCC(=O)OCN1C(=O)NC(c2ccccc2)(c2ccccc2)C1=O,-6.519999704498597,-5.548754705006962,0.9712449994916348,0.9712449994916348
O=C(OCN1C(=O)NC(c2ccccc2)(c2ccccc2)C1=O)C(CO)CO,-2.2100000314468717,-3.285281051059651,-1.0752810196127793,1.0752810196127793
O=C1NC(=O)C(c2ccccc2)(c2ccccc2)N1,-3.9899999362298937,-3.0452651532083856,0.944734783021508,0.944734783021508
O=C1NC(c2ccccc2)(c2ccccc2)C(=O)N1CO,-3.299999923603626,-3.3795245982573743,-0.07952467465374813,0.07952467465374813
O=C1NC(c2ccccc2)(c2ccccc2)C(=O)N1COP(=O)(O)O,-0.4300001947522447,-3.020531005491486,-2.5905308107392413,2.5905308107392413
CC(=O)c1cccs1,-0.9549000296785541,-1.5882600473252768,-0.6333600176467227,0.6333600176467227
CCc1cccs1,-2.5845999779151425,-2.7660938494694083,-0.18149387155426577,0.18149387155426577
COC(=O)c1sc(N)c(C#N)c1C,-4.991737710485105,-3.2186668552312745,1.7730708552538306,1.7730708552538306
COCC(C)N(C(=O)CCl)c1c(C)csc1C,-2.3613998879210274,-3.2494352518165304,-0.888035363895503,0.888035363895503
Cc1ccsc1,-2.389899987725788,-2.49362812914827,-0.10372814142248199,0.10372814142248199
NC(Cc1cccs1)C(=O)O,-0.8355999021709062,-1.5460452426213374,-0.7104453404504312,0.7104453404504312
NNC(=O)c1ccc([N+](=O)[O-])s1,-1.9700000152136665,-2.8610540440432772,-0.8910540288296107,0.8910540288296107
NS(=O)(=O)c1ccc(Cl)s1,-3.295936323098405,-2.099022007979448,1.1969143151189572,1.1969143151189572
O=C(O)c1cccs1,-1.2326999991044032,-1.6888463519076684,-0.4561463528032652,0.4561463528032652
O=C(O)c1ccsc1,-1.474300092612677,-1.8912399221659213,-0.41693982955324427,0.41693982955324427
c1ccsc1,-1.4450110525787156,-2.188965415588819,-0.7439543630101033,0.7439543630101033
CC(C)(C)c1ccc(OP(=O)(Oc2ccccc2)Oc2ccccc2)cc1,-5.077400128367128,-6.73510319921568,-1.6577030708485516,1.6577030708485516
CC(C)c1ccc(OP(=O)(Oc2ccc(C(C)C)cc2)Oc2ccc(C(C)C)cc2)cc1,-6.137134303534479,-7.161437320760234,-1.0243030172257548,1.0243030172257548
CC(C)c1ccccc1OP(=O)(Oc1ccccc1)Oc1ccccc1,-5.223899799252682,-6.124470406830454,-0.9005706075777722,0.9005706075777722
Cc1cc(C)cc(OP(=O)(Oc2cc(C)cc(C)c2)Oc2cc(C)cc(C)c2)c1,-7.3122299649306,-7.055699312059279,0.25653065287132115,0.25653065287132115
Cc1cc(O)ccc1OP(=O)(Oc1cc(O)ccc1C)Oc1c(C)cccc1O,-6.6999995464525135,-4.5161683260375565,2.183831220414957,2.183831220414957
Cc1ccc(OP(=O)(Oc2ccc(C)cc2)Oc2ccc(C)cc2)cc1,-6.089199801323524,-6.69067933463462,-0.601479533311096,0.601479533311096
Cc1ccc(OP(=O)(Oc2cccc(C)c2)Oc2ccccc2C)cc1,-6.010000197688095,-6.499298381332521,-0.4892981836444257,0.4892981836444257
Cc1ccc(OP(=O)(Oc2ccccc2)Oc2ccccc2)cc1,-6.151699772925232,-6.12526377280531,0.0264360001199222,0.0264360001199222
Cc1ccc(OP(=O)(Oc2ccccc2)Oc2ccccc2C)cc1,-6.373299989909462,-6.3265041980111985,0.04679579189826377,0.04679579189826377
O=P(Oc1ccccc1)(Oc1ccccc1)Oc1ccccc1,-5.65999970306994,-5.5619905442263295,0.0980091588436105,0.0980091588436105
O=[N+]([O-])c1ccc(OP(=O)(Oc2ccccc2)Oc2ccccc2)cc1,-4.959999939424736,-5.770972347554184,-0.810972408129448,0.810972408129448
CC(=O)c1ccc(OC2OC(CO)C(O)C(O)C2O)cc1,-1.1699999837991142,-2.1744864184593147,-1.0044864346602005,1.0044864346602005
CC(=O)c1ccc(O[C@@H]2O[C@H](CO)[C@@H](O)[C@H](O)[C@H]2O)cc1,-1.1740000408099966,-2.174486554636104,-1.0004865138261074,1.0004865138261074
COc1cc(/C=C/CO)ccc1OC1OC(CO)C(O)C(O)C1O,-1.870000019797897,-2.17258620754048,-0.30258618774258284,0.30258618774258284
O=Cc1ccccc1O[C@@H]1O[C@H](CO)[C@@H](O)[C@H](O)[C@H]1O,-1.19850001551548,-1.7208568850771402,-0.5223568695616603,0.5223568695616603
O=[N+]([O-])c1cccc(OC2OC(CO)C(O)C(O)C2O)c1,-1.280000053653695,-2.1888262429100855,-0.9088261892563905,0.9088261892563905
OC1COC(Oc2ccccc2)C(O)C1O,-1.660000022615941,-1.6800572295683083,-0.020057206952367235,0.020057206952367235
OCC(O)C1OC(Oc2ccccc2)C(O)C(O)C1O,-1.5537000123052658,-1.3596318824185767,0.1940681298866891,0.1940681298866891
OCC1OC(Oc2ccccc2)C(O)C(O)C1O,-1.4600000317844015,-1.4640711730793339,-0.004071141294932357,0.004071141294932357
OCc1ccccc1OC1OC(CO)C(O)C(O)C1O,-0.8499999167625774,-1.1643720694481323,-0.31437215268555496,0.31437215268555496
OCc1ccccc1O[C@@H]1O[C@H](CO)[C@@H](O)[C@H](O)[C@H]1O,-0.854700194824388,-1.164371933271343,-0.30967173844695495,0.30967173844695495
CC(=O)Nc1nnc(S(N)(=O)=O)s1,-2.4400000413296605,-2.2541531084822743,0.18584693284738618,0.18584693284738618
CCS(=O)(=O)c1nnc(N(C)C(=O)NC)s1,-1.9450000674260202,-2.7763804398730487,-0.8313803724470286,0.8313803724470286
CN(C)S(=O)(=O)Nc1nnc(S(N)(=O)=O)s1,-2.6800000575628657,-1.6895107584629927,0.990489299099873,0.990489299099873
CN(CC(=O)NCCC(=O)Nc1nnc(S(N)(=O)=O)s1)C(=N)N,-1.130000094574238,-2.1582387571895043,-1.0282386626152664,1.0282386626152664
CN(CC(=O)Nc1nnc(S(N)(=O)=O)s1)C(=N)N,-1.139999964747865,-2.278763522563935,-1.13876355781607,1.13876355781607
CNC(=O)N(C)c1nnc(C(C)(C)C)s1,-1.9969999915067542,-2.7474061043993157,-0.7504061128925614,0.7504061128925614
CNC(=O)N(C)c1nnc(C(C)(C)CCl)s1,-2.47000006038091,-3.0520004401884058,-0.582000379807496,0.582000379807496
CNC(=O)N(C)c1nnc(C(F)(F)F)s1,-2.0583999270039515,-3.37542108093077,-1.3170211539268184,1.3170211539268184
COC(CN(C)C(=O)Nc1nnc(C(C)(C)C)s1)OC,-1.867800083765664,-3.3508400469914155,-1.4830399632257514,1.4830399632257514
CS(=O)(=O)Nc1nnc(S(N)(=O)=O)s1,-1.6800000353167739,-1.6881001031019343,-0.00810006778516037,0.00810006778516037
CC(=O)Nc1ccc(NC(=O)C2=Cc3ccccc3/C(=N/Nc3cc(C(N)=O)ccc3Cl)C2=O)cc1,-7.304443648468142,-6.93197670714013,0.37246694132801217,0.37246694132801217
CCN(CC)S(=O)(=O)c1ccc(OC)c(N/N=C2/C(=O)C(C(=O)Nc3cc(Cl)c(OC)cc3OC)=Cc3ccccc32)c1,-7.905255370804181,-6.839853381486563,1.0654019893176176,1.0654019893176176
CCOc1ccccc1NC(=O)C1=Cc2ccccc2/C(=N\Nc2ccc(C(N)=O)cc2)C1=O,-7.581973306967097,-6.83436790805726,0.7476053989098368,0.7476053989098368
COc1ccccc1NC(=O)C1=Cc2ccccc2/C(=N/Nc2ccc(C(N)=O)cc2)C1=O,-8.166783984198869,-6.803638253768579,1.3631457304302899,1.3631457304302899
COc1ccccc1NC(=O)C1=Cc2ccccc2/C(=N\Nc2cc(Cl)ccc2Cl)C1=O,-8.464567761287617,-7.862257821914955,0.6023099393726614,0.6023099393726614
Cc1cc([N+](=O)[O-])ccc1N/N=C1\C(=O)C(C(=O)Nc2ccccc2C)=Cc2ccccc21,-7.981147784933029,-7.430120390314714,0.5510273946183144,0.5510273946183144
Cc1ccc([N+](=O)[O-])cc1N/N=C1\C(=O)C(C(=O)Nc2ccccc2)=Cc2ccccc21,-7.557967517830228,-7.52670296111291,0.03126455671731776,0.03126455671731776
Cc1ccccc1NC(=O)C1=Cc2ccccc2/C(=N/Nc2ccc(Cl)cc2[N+](=O)[O-])C1=O,-7.563214137170981,-7.723569387844314,-0.16035525067333367,0.16035525067333367
Cc1ccccc1NC(=O)C1=Cc2ccccc2/C(=N\Nc2cc(Cl)c(Cl)cc2Cl)C1=O,-7.694309353466489,-8.236986932067941,-0.5426775786014524,0.5426775786014524
O=C(Nc1ccccc1)C1=Cc2ccccc2/C(=N\Nc2cc(Cl)ccc2Cl)C1=O,-7.907389533447148,-7.901745277881442,0.005644255565705691,0.005644255565705691
CC(C)(C)NC(=O)c1cc(N2CC2)c([N+](=O)[O-])cc1[N+](=O)[O-],-3.1700000538244457,-4.6405530225066105,-1.4705529686821648,1.4705529686821648
CC(C)CNC(=O)c1cc(N2CC2)c([N+](=O)[O-])cc1[N+](=O)[O-],-3.8499998473240638,-4.350260058247393,-0.5002602109233294,0.5002602109233294
CC(C)NC(=O)c1cc(N2CC2)c([N+](=O)[O-])cc1[N+](=O)[O-],-3.4999999655014618,-4.07994749723134,-0.5799475317298786,0.5799475317298786
CCCNC(=O)c1cc(N2CC2)c([N+](=O)[O-])cc1[N+](=O)[O-],-3.8900000769909133,-4.19134310682336,-0.30134302983244643,0.30134302983244643
CCN(CC)C(=O)c1cc(N2CC2)c([N+](=O)[O-])cc1[N+](=O)[O-],-2.5899998982765258,-4.101153627755602,-1.5111537294790764,1.5111537294790764
CCNC(=O)c1cc(N2CC2)c([N+](=O)[O-])cc1[N+](=O)[O-],-3.1300000880001253,-3.6714440921329947,-0.5414440041328694,0.5414440041328694
CN(C)C(=O)c1cc(N2CC2)c([N+](=O)[O-])cc1[N+](=O)[O-],-2.480000032687129,-3.591112144449777,-1.111112111762648,1.111112111762648
CNC(=O)c1cc(N2CC2)c([N+](=O)[O-])cc1[N+](=O)[O-],-2.8499998931663666,-3.314870548157253,-0.4648706549908863,0.4648706549908863
NC(=O)c1cc(N2CC2)c([N+](=O)[O-])cc1[N+](=O)[O-],-2.29999995242383,-3.4250317151536556,-1.1250317627298254,1.1250317627298254
O=[N+]([O-])c1ccc(N2CC2)c([N+](=O)[O-])c1,-2.9999999799115638,-3.6550764591117515,-0.6550764792001877,0.6550764792001877
CC(=O)C(N=Nc1cc(Cl)c(-c2cc(Cl)c(N=NC(C(C)=O)C(=O)Nc3ccc(C)cc3C)cc2Cl)cc1Cl)C(=O)Nc1ccc(C)cc1C,-8.46268743218003,-8.534788684492884,-0.07210125231285502,0.07210125231285502
CC(=O)C(N=Nc1ccc(-c2ccc(N=NC(C(C)=O)C(=O)Nc3ccc(C)cc3)c(Cl)c2)cc1Cl)C(=O)Nc1ccc(C)cc1,-8.10193060532331,-8.071037538887389,0.03089306643592238,0.03089306643592238
CC(=O)C(N=Nc1ccc(-c2ccc(N=NC(C(C)=O)C(=O)Nc3ccc(C)cc3C)c(Cl)c2)cc1Cl)C(=O)Nc1ccc(C)cc1C,-9.292010071207121,-8.085337735892454,1.2066723353146678,1.2066723353146678
CC(=O)C(N=Nc1ccc(-c2ccc(N=NC(C(C)=O)C(=O)Nc3ccccc3)c(Cl)c2)cc1Cl)C(=O)Nc1ccccc1,-9.196938518063748,-8.065774578331911,1.1311639397318363,1.1311639397318363
CC(=O)C(N=Nc1ccc(-c2ccc(N=NC(C(C)=O)C(=O)Nc3ccccc3C)c(Cl)c2)cc1Cl)C(=O)Nc1ccccc1C,-8.914844485938772,-8.029838068324974,0.8850064176137984,0.8850064176137984
CCOc1ccc(NC(=O)C(N=Nc2ccc(-c3ccc(N=NC(C(C)=O)C(=O)Nc4ccc(OCC)cc4)c(Cl)c3)cc2Cl)C(C)=O)cc1,-7.830582556000907,-8.099822043916744,-0.2692394879158364,0.2692394879158364
COc1cc(-c2ccc(N=NC(C(C)=O)C(=O)Nc3ccccc3)c(OC)c2)ccc1N=NC(C(C)=O)C(=O)Nc1ccccc1,-8.61676656698499,-7.803624454070549,0.8131421129144414,0.8131421129144414
COc1cc(NC(=O)C(N=Nc2ccc(-c3ccc(N=NC(C(C)=O)C(=O)Nc4cc(OC)c(Cl)cc4OC)c(Cl)c3)cc2Cl)C(C)=O)c(OC)cc1Cl,-8.528436309622467,-8.402395431041127,0.12604087858134072,0.12604087858134072
COc1ccc(NC(=O)C(N=Nc2ccc(-c3ccc(N=NC(C(C)=O)C(=O)Nc4ccc(OC)cc4)c(Cl)c3)cc2Cl)C(C)=O)cc1,-8.54048032958129,-8.070432913942597,0.47004741563869423,0.47004741563869423
COc1ccccc1NC(=O)C(N=Nc1ccc(-c2ccc(N=NC(C(C)=O)C(=O)Nc3ccccc3OC)c(Cl)c2)cc1Cl)C(C)=O,-8.423595978317023,-8.032599188906191,0.39099678941083127,0.39099678941083127
CC(=O)Nc1ccc2c(c1)Cc1ccccc1-2,-4.2399997545483314,-4.650761924051917,-0.41076216950358546,0.41076216950358546
CC(C)CC(NC(=O)OCC1c2ccccc2-c2ccccc21)C(=O)O,-3.739999981734667,-4.691734796436824,-0.9517348147021574,0.9517348147021574
CCCCOC(=O)C1(O)c2ccccc2-c2ccccc21,-3.8884999534792404,-5.062290360349273,-1.1737904068700327,1.1737904068700327
COC(=O)C1(O)c2ccccc2-c2ccc(Cl)cc21,-4.183599890314738,-4.663816375787848,-0.48021648547311013,0.48021648547311013
Cc1cccc2c1Cc1ccccc1-2,-5.218399891083706,-5.712162766944337,-0.4937628758606305,0.4937628758606305
NC(CCCCNC(=O)OCC1c2ccccc2-c2ccccc21)C(=O)O,-2.9999999799115638,-3.1439864315498953,-0.14398645163833157,0.14398645163833157
O=C(O)C1(O)c2ccccc2-c2ccc(Cl)cc21,-4.16099971799772,-3.900829672342157,0.26017004565556334,0.26017004565556334
O=C(O)C1(O)c2ccccc2-c2ccccc21,-1.9657000288242024,-2.9477408348012193,-0.9820408059770169,0.9820408059770169
O=[N+]([O-])c1ccc2c(c1)Cc1ccccc1-2,-4.719999650837952,-5.246463340013359,-0.5264636891754071,0.5264636891754071
c1ccc2c(c1)Cc1ccccc1-2,-4.9099997714958645,-5.505085259838998,-0.5950854883431331,0.5950854883431331
CC1(C#N)CCCC1=O,0.9095000703258433,0.43715453518978276,-0.4723455351360606,0.4723455351360606
CCCCCC(O)/C=C/C1C(O)CC(=O)C1C/C=C/CCCC(=O)O,-2.47000006038091,-2.588092606164644,-0.11809254578373407,0.11809254578373407
CCCCCC(O)/C=C/C1C(O)CC(=O)C1CCCCCCC(=O)O,-3.6700000053701465,-2.880485280339119,0.7895147250310273,0.7895147250310273
CCCCCC(O)C=CC1C(O)CC(=O)C1CC=CCCCC(=O)O,-2.47000006038091,-2.5880927423414333,-0.11809268196052347,0.11809268196052347
CCCCCC1(C)CCC(C)(C)C1=O,-4.016533779372976,-2.5825162347284376,1.4340175446445382,1.4340175446445382
CCCCCC1C(=O)CCC1CC(=O)OC,-2.907599908977805,-2.5064378031053125,0.40116210587249235,0.40116210587249235
CCCCCCC1CCCC1=O,-3.4515154111940536,-3.196732689546857,0.25478272164719673,0.25478272164719673
CCCCCCCC1CCCC1=O,-3.76944153977272,-3.696191704329943,0.07324983544277686,0.07324983544277686
N#CC1CCCC1=O,-0.3567000419857962,0.09248781305757658,0.4491878550433728,0.4491878550433728
O=C1CCCC1,0.5536774732550689,0.17320034082287927,-0.3804771324321896,0.3804771324321896
C1COCO1,1.1302998401421713,0.8348141825507911,-0.29548565759138024,0.29548565759138024
CC(C)C1OCCO1,-0.06510005290222942,-0.537929015640545,-0.47282896273831554,0.47282896273831554
CC(C)CC1(C)OCC(CO)O1,-0.7059804337417748,-1.1689527842888778,-0.46297235054710306,0.46297235054710306
CC(C)CC1OCCO1,-0.3695001154791884,-1.0292230063099423,-0.659722890830754,0.659722890830754
CC1OCCO1,0.8789000563406404,0.687214339383937,-0.19168571695670344,0.19168571695670344
CCC1OCCO1,0.2918999286894164,0.35965087728913714,0.06775094859972075,0.06775094859972075
CCCCC(CC)C1OCCO1,-3.1195969302647866,-2.9016117474416,0.21798518282318646,0.21798518282318646
CCOC(=O)CC1(C)OCC(C)O1,-2.179887326102421,-0.8132447118979615,1.3666426142044594,1.3666426142044594
CCOC(=O)CC1(C)OCCO1,-0.14482366482314513,-0.5878939137809702,-0.4430702489578251,0.4430702489578251
C1=CCCC1,-2.279589911410212,-3.4080784538497375,-1.1284885424395257,1.1284885424395257
CC1=C(C(=O)O)CCC1(C)C,-2.8870999657500556,-2.4933707550163655,0.39372921073369005,0.39372921073369005
CC1=CCC(/C=C/C(C)(C)C(C)O)C1(C)C,-4.216746205995929,-4.042112001896672,0.17463420409925767,0.17463420409925767
CC1=CCC(/C=C\C(C)C(C)O)C1(C)C,-3.786028553601634,-3.827812631120804,-0.041784077519170015,0.041784077519170015
CC1=CCC(CC#N)C1(C)C,-2.6475372131875097,-2.8848205365170294,-0.23728332332951974,0.23728332332951974
CC1=CCC(CCC(C)CO)C1(C)C,-3.842746458726796,-3.588253044668611,0.25449341405818515,0.25449341405818515
CCCCCC1=C(OC(C)=O)CCC1CC(=O)OC,-3.721988626777363,-2.9946324440929017,0.7273561826844612,0.7273561826844612
ClC1=C(Cl)C(Cl)(Cl)C(Cl)(Cl)C1(Cl)Cl,-6.536199840068917,-5.416306163778719,1.1198936762901983,1.1198936762901983
O=NC1=C(NO)CCC1,-1.9937000193700105,-0.8460273674631473,1.1476726519068632,1.1476726519068632
CC(=NNC(=O)c1nccs1)C(=O)O,-1.9299999898120008,-1.8989468475601776,0.031053142251823207,0.031053142251823207
CC(CCC(=O)O)=NNC(=O)c1nccs1,-1.7300000670688562,-1.9552431493454576,-0.2252430822766014,0.2252430822766014
CCC(=O)Nc1nc(C)c(Cl)s1,-3.059999920136995,-3.0023338202829915,0.057666099854003505,0.057666099854003505
CCNC(=O)Nc1ncc([N+](=O)[O-])s1,-2.8577999975287476,-3.0647213183677313,-0.20692132083898374,0.20692132083898374
NC(N)=Nc1nc(CSCC/C(N)=N\S(N)(=O)=O)cs1,-2.6500000725558137,-2.3809869445081033,0.2690131280477104,0.2690131280477104
NNC(=O)c1nccs1,-0.6787001375277741,-1.472439372962759,-0.7937392354349848,0.7937392354349848
Nc1nc(CC(=O)O)cs1,-1.9816731576866475,-1.4889023297365591,0.4927708279500884,0.4927708279500884
Nc1nccs1,-0.3600001502993293,-0.4883669284430687,-0.12836677814373942,0.12836677814373942
OCc1cncs1,0.5257356301983207,-0.18679934308495527,-0.712534973283276,0.712534973283276
CC1(C)C(=O)[C@@]2(C)CC[C@@H]1C2,-1.8507000919712027,-1.653262403608403,0.19743768836279973,0.19743768836279973
CC1(C)C2CCC1(CS(=O)(=O)O)C(=O)C2,-0.30000011219683076,-2.1483719317390895,-1.8483718195422587,1.8483718195422587
CC1(C)[C@H]2CC[C@@]1(C)C(=O)C2,-3.1824998574972825,-2.1489347504095457,1.0335651070877367,1.0335651070877367
CC12CCC(C(CO)C1=O)C2(C)C,-0.21499992204150153,-2.467642091184616,-2.2526421691431144,2.2526421691431144
CC12CCC(C(O)C1=O)C2(C)C,-0.9249001468040943,-1.117928839257541,-0.19302869245344678,0.19302869245344678
CC12CCC(C1)C(C)(C)C2=O,-1.8500000070970641,-1.6532619950780347,0.1967380120190294,0.1967380120190294
CC12CCC(CC1=O)C2(C)C,-1.978400012377409,-2.1489347504095457,-0.1705347380321367,0.1705347380321367
CC12CCC(CC1=O)C2(C)C(=O)O,-1.779999962644149,-1.4005478329055285,0.3794521297386204,0.3794521297386204
O=C1CC2CCC1C2,-1.7565000702797808,-1.152534765855569,0.6039653044242119,0.6039653044242119
CC(C)CCNCc1cccc(C(=O)c2csc(S(N)(=O)=O)c2)c1,-1.5000000571860674,-2.745352149885285,-1.2453520926992176,1.2453520926992176
CC(C)CN(C)Cc1cc(C(=O)c2csc(S(N)(=O)=O)c2)ccc1O,-1.4200000063827358,-2.6943557125654003,-1.2743557061826645,1.2743557061826645
CC(C)CNCc1ccc(C(=O)c2csc(S(N)(=O)=O)c2)cc1,-2.0499999979286034,-2.6522567943092126,-0.6022567963806091,0.6022567963806091
CC(C)CNCc1cccc(C(=O)c2csc(S(N)(=O)=O)c2)c1,-2.0499999979286034,-2.583274943710399,-0.5332749457817956,0.5332749457817956
CCCCNCc1ccc(C(=O)c2csc(S(N)(=O)=O)c2)cc1,-2.2100000314468717,-2.7973098251171176,-0.5873097936702458,0.5873097936702458
CN(C)Cc1cc(C(=O)c2csc(S(N)(=O)=O)c2)ccc1O,-1.5399999464109437,-2.63236871892924,-1.0923687725182964,1.0923687725182964
COc1ccc(C(=O)c2csc(S(N)(=O)=O)c2)cc1,-4.473299872744653,-3.121440227796715,1.3518596449479383,1.3518596449479383
Cc1ccc(C(=O)c2csc(S(N)(=O)=O)c2)cc1,-4.449200121623121,-2.9550243184689373,1.4941758031541834,1.4941758031541834
NS(=O)(=O)c1cc(C(=O)c2ccc(O)cc2)cs1,-2.861200076627775,-2.7802159272339804,0.08098414939379461,0.08098414939379461
C=C(Br)C(=O)Nc1ccc(S(=O)(=O)[O-])c(N=NC2C(=O)N(c3cc(Cl)c(S(=O)(=O)[O-])cc3Cl)N=C2C)c1,-0.5501699472367938,-1.2017869146804445,-0.6516169674436507,0.6516169674436507
CC1=NN(c2cc(Cl)c(S(=O)(=O)[O-])cc2Cl)C(=O)C1N=Nc1ccc(S(=O)(=O)[O-])cc1,-0.660542869140663,-0.4848696361385314,0.17567323300213156,0.17567323300213156
CC1=NN(c2ccc(S(=O)(=O)[O-])cc2)C(=O)C1N=Nc1ccccc1C(=O)[O-],-1.4913149739137839,-2.136736986855526,-0.6454220129417423,0.6454220129417423
CC1=NN(c2cccc(S(=O)(=O)[O-])c2)C(=O)C1N=Nc1cc(Cl)c(Cl)cc1S(=O)(=O)[O-],-3.551674086613634,-0.6672773560820455,2.8843967305315883,2.8843967305315883
CC1=NN(c2ccccc2)C(=O)C1N=Nc1ccccc1,-7.5414465497441565,-6.415160462607467,1.1262860871366893,1.1262860871366893
COc1cc(S(=O)(=O)CCOS(=O)(=O)[O-])c(C)cc1N=NC1C(=O)N(c2ccc(S(=O)(=O)[O-])cc2)N=C1C,-0.23900407705689775,-0.5470316169490292,-0.3080275398921315,0.3080275398921315
COc1cc(S(=O)(=O)CCOS(=O)(=O)[O-])c(OC)cc1N=NC1C(=O)N(c2ccc(S(=O)(=O)[O-])cc2)N=C1C,-0.08984310317673394,-0.6500308380622246,-0.5601877348854907,0.5601877348854907
O=C(O)C1=NN(c2ccc(S(=O)(=O)O)cc2)C(=O)C1N=Nc1ccc(S(=O)(=O)O)cc1,-7.751246503222532,-1.7307525800069012,6.020493923215631,6.020493923215631
O=C([O-])C1=NN(c2ccc(S(=O)(=O)[O-])cc2)C(=O)C1N=Nc1ccc(S(=O)(=O)[O-])cc1,-0.504996293253476,-0.25589925896015053,0.24909703429332541,0.24909703429332541
C=CCn1ccc(NS(=O)(=O)c2ccc(N)cc2)nc1=O,-3.1099998710341086,-3.56301505985315,-0.45301518881904146,0.45301518881904146
CC(C)Cn1ccc(NS(=O)(=O)c2ccc(N)cc2)nc1=O,-3.1099998710341086,-3.63070632897493,-0.5207064579408214,0.5207064579408214
CC(C)n1ccc(NS(=O)(=O)c2ccc(N)cc2)nc1=O,-3.1700000538244457,-3.3897525985973895,-0.21975254477294381,0.21975254477294381
CCC(C)n1ccc(NS(=O)(=O)c2ccc(N)cc2)nc1=O,-2.7599999721894077,-3.520785173569788,-0.7607852013803802,0.7607852013803802
CCCCn1ccc(NS(=O)(=O)c2ccc(N)cc2)nc1=O,-3.089999892377473,-3.7255547564489255,-0.6355548640714526,0.6355548640714526
CCn1ccc(NS(=O)(=O)c2ccc(N)cc2)nc1=O,-2.2300000441477046,-3.305761665694359,-1.0757616215466546,1.0757616215466546
CCn1ccc(NS(=O)(=O)c2ccc(NC(C)=O)cc2)nc1=O,-2.7100000425699178,-3.5369475541252564,-0.8269475115553386,0.8269475115553386
Cn1ccc(NS(=O)(=O)c2ccc(N)cc2)nc1=O,-2.359999922437934,-3.1759090626018303,-0.815909140163896,0.815909140163896
Nc1ccc(S(=O)(=O)Nc2cc[nH]c(=O)n2)cc1,-3.549999929165149,-3.220836134463801,0.32916379470134816,0.32916379470134816
C=C(C)C1CC=C(C)C(=O)C1,-2.0627999352452058,-1.9074339297807206,0.1553660054644852,0.1553660054644852
C=C(C)[C@@H]1CC=C(C)C(=O)C1,-2.0608001110049488,-1.9074339297807206,0.15336618122422818,0.15336618122422818
C=C(C)[C@H]1CC=C(C)C(=O)C1,-1.9026537159435517,-1.9074339297807206,-0.004780213837168867,0.004780213837168867
CC1=CC(=O)CC(C)(C)C1,-1.0613582774184747,-1.8534207680459769,-0.7920624906275022,0.7920624906275022
CC1=CC(=O)[C@@H](C(C)C)CC1,-1.788243696942092,-2.633218802536867,-0.844975105594775,0.844975105594775
CC1=CCC(C)C(C)C1=O,-1.8852670720074713,-1.0050318805627443,0.8802351914447271,0.8802351914447271
CCCC1CC(=O)C=C(C)C1,-1.7725870429381372,-2.411820637863861,-0.6392335949257237,0.6392335949257237
CCCCCC1CC(=O)C=C(C)C1C(=O)OCC,-3.1871664232926746,-3.4875704630961364,-0.30040403980346175,0.30040403980346175
CN(C)C(=O)OC1=CC(=O)CC(C)(C)C1,-0.8477001631437382,-1.444345692785866,-0.5966455296421278,0.5966455296421278
CC(C)C1NC(=O)CNC1=O,-0.892600101780427,-1.1918073348484333,-0.29920723306800623,0.29920723306800623
CC(C)CC1NC(=O)CNC1=O,-1.2500000346024458,-1.333782123376882,-0.08378208877443627,0.08378208877443627
CC1NC(=O)C(C)NC1=O,-0.7500001256119919,-0.5118745828844311,0.2381255427275608,0.2381255427275608
CC1NC(=O)CNC1=O,0.29029985141434755,-0.20155736645587385,-0.4918572178702214,0.4918572178702214
CCC1(C)NC(=O)C(C)(CC)NC1=O,-1.9199999834615844,-0.6844549686464467,1.2355450148151377,1.2355450148151377
CCC1(CC)NC(=O)C(CC)(CC)NC1=O,-2.309999958774247,-1.5608716267405183,0.7491283320337287,0.7491283320337287
C[C@@H]1NC(=O)[C@@H](C)NC1=O,-0.15280008408355972,-0.5118745828844311,-0.3590744988008714,0.3590744988008714
O=C1CN(CO)C(=O)CN1CO,-0.4168000338516906,0.7195729404270321,1.1363729742787227,1.1363729742787227
O=C1CNC(=O)CN1,-0.8312001662832302,0.4090258575780221,1.2402260238612524,1.2402260238612524
Cc1ccc(C2(O)CCN(CCCC(=O)c3ccc(F)cc3)CC2)cc1,-4.3499998244029126,-3.390217812554066,0.9597820118488465,0.9597820118488465
Cc1ccc(C2(O)CCN(CCCC(=O)c3ccccc3)CC2)cc1,-1.6199999972142753,-3.0216412037889038,-1.4016412065746284,1.4016412065746284
O=C(CCCN1CCC(O)(c2ccc(Br)cc2)CC1)c1ccc(F)cc1,-3.6693000566727973,-3.760962832424723,-0.09166277575192572,0.09166277575192572
O=C(CCCN1CCC(O)(c2ccc(Cl)cc2)CC1)c1ccc(F)cc1,-4.4288997029249435,-3.6449909337376125,0.783908769187331,0.783908769187331
O=C(CCCN1CCC(O)(c2ccc(Cl)cc2)CC1)c1ccccc1,-3.349999870245215,-3.278163566898172,0.07183630334704283,0.07183630334704283
O=C(CCCN1CCC(O)(c2ccc(F)cc2)CC1)c1ccc(F)cc1,-2.829999914509731,-3.4193529728160423,-0.5893530583063114,0.5893530583063114
O=C(CCCN1CCC(O)(c2ccc(F)cc2)CC1)c1ccccc1,-2.9700000119266106,-3.046887223034937,-0.07688721110832653,0.07688721110832653
O=C(CCCN1CCC(O)(c2ccccc2)CC1)c1ccc(F)cc1,-4.118299919658448,-3.109987649167263,1.0083122704911855,1.0083122704911855
O=C(CCCN1CCC(O)(c2ccccc2)CC1)c1ccccc1,-2.6800000575628657,-2.6799946785796855,5.378983180204244e-06,5.378983180204244e-06
CC(C)(C)n1cc(C(=O)O)c(=O)c2cc(F)c(N3CCNCC3)cc21,-3.4300000231811385,-4.033254518809049,-0.6032544956279109,0.6032544956279109
CC(C)(CF)n1cc(C(=O)O)c(=O)c2cc(F)c(N3CCNCC3)cc21,-2.599999904626942,-4.022121521571095,-1.4221216169441528,1.4221216169441528
CCCn1cc(C(=O)O)c(=O)c2cc(F)c(N3CCNCC3)cc21,-3.5699999078217846,-3.436201139682766,0.1337987681390187,0.1337987681390187
CCn1cc(C(=O)O)c(=O)c2cc(F)c(N3CCN(C)CC3)cc21,-1.470000038134818,-3.145565197157428,-1.6755651590226102,1.6755651590226102
CCn1cc(C(=O)O)c(=O)c2cc(F)c(N3CCNC(C)C3)c(F)c21,-2.329999903386685,-3.13201415973697,-0.8020142563502852,0.8020142563502852
CCn1cc(C(=O)O)c(=O)c2cc(F)c(N3CCNCC3)cc21,-2.7599999721894077,-3.107458199348958,-0.3474582271595503,0.3474582271595503
CN1CCN(c2c(F)cc3c(=O)c(C(=O)O)cn(CCF)c3c2F)CC1,-2.7300000212265534,-3.4512739016581104,-0.721273880431557,0.721273880431557
CNn1cc(C(=O)O)c(=O)c2cc(F)c(N3CCN(C)CC3)cc21,-3.7299999753842505,-2.975710645166084,0.7542893302181666,0.7542893302181666
CC(=O)OC1N=C(c2ccccc2Cl)c2cc(Cl)ccc2NC1=O,-5.028666813109743,-5.992990354928194,-0.9643235418184508,0.9643235418184508
CN1C(=O)C(O)N=C(c2ccccc2)c2cc(Cl)ccc21,-2.7000000362195014,-3.825446287051964,-1.1254462508324625,1.1254462508324625
CN1C(=O)CN=C(c2ccccc2)c2cc(Cl)ccc21,-3.7099999626834173,-3.8877516620216657,-0.17775169933824841,0.17775169933824841
CN1C(=O)CN=C(c2ccccc2)c2cc([N+](=O)[O-])ccc21,-3.799999883660376,-3.8492868937433298,-0.049287010082953664,0.049287010082953664
O=C1CN=C(c2ccccc2)c2cc([N+](=O)[O-])ccc2N1,-3.799999883660376,-3.9944314693978873,-0.19443158573751118,0.19443158573751118
O=C1CN=C(c2ccccc2Cl)c2cc([N+](=O)[O-])ccc2N1,-4.409999726328621,-4.245943599050646,0.16405612727797525,0.16405612727797525
O=C1Nc2ccc(Cl)cc2C(c2ccccc2)=NC1O,-3.9519998712452744,-4.089932660311716,-0.13793278906644124,0.13793278906644124
O=C1Nc2ccc(Cl)cc2C(c2ccccc2Cl)=NC1O,-3.6035999986093463,-4.385178102046652,-0.7815781034373055,0.7815781034373055
CC(=O)OC1CCC2(C)C(=CCC3C4CCC(=O)C4(C)CCC32)C1,-4.530000074887198,-4.4425557837162994,0.08744429117089858,0.08744429117089858
CC(=O)O[C@H]1CC[C@@]2(C)C(=CC[C@@H]3[C@@H]2CC[C@]2(C)C(=O)CC[C@@H]32)C1,-4.458399680805635,-4.442556056069878,0.015843624735756734,0.015843624735756734
CC12CCC3C(CC=C4CC(O)CCC43C)C1CCC2=O,-4.010000153195911,-4.157104721379835,-0.14710456818392448,0.14710456818392448
CC12CCC3C(CC=C4CC(OC=O)CCC43C)C1CCC2=O,-4.409999726328621,-4.445631608857744,-0.03563188252912308,0.03563188252912308
CCC(=O)OC1CCC2(C)C(=CCC3C4CCC(=O)C4(C)CCC32)C1,-4.690000040317071,-4.686916861629,0.0030831786880707313,0.0030831786880707313
CCCCC(=O)OC1CCC2(C)C(=CCC3C4CCC(=O)C4(C)CCC32)C1,-4.760000084769986,-5.105546645138296,-0.34554656036830966,0.34554656036830966
CN(C)CC1CC2C3CC=C4CC(O)CCC4(C)C3CCC2(C)C1=O,-1.490000050835651,-3.599952605438729,-2.109952554603078,2.109952554603078
C[C@]12CC[C@H](O)CC1=CC[C@@H]1[C@@H]2CC[C@]2(C)C(=O)CC[C@@H]12,-4.122000183467538,-4.1571045852030455,-0.03510440173550755,0.03510440173550755
CCOP(=S)(OCC)Oc1cnccn1,-2.3380000854968443,-3.0440969946649936,-0.7060969091681493,0.7060969091681493
CCc1nccnc1C,0.44451053299783894,0.3845567950037254,-0.05995373799411352,0.05995373799411352
COC(=O)c1nc(Cl)c(Cl)nc1N,-4.534838572390216,-3.2426583117610623,1.2921802606291535,1.2921802606291535
COC(=O)c1nccnc1N,-1.6422661278669735,-1.4772509074614824,0.1650152204054911,0.1650152204054911
Cc1cnccn1,1.0262997196271244,0.9500565140888648,-0.07624320553825958,0.07624320553825958
N=C(N)NC(=O)c1nc(Cl)c(N)nc1N,-2.869999871823002,-3.096445224928732,-0.22644535310573,0.22644535310573
NC(=O)c1cnccn1,-0.6670001001388934,-0.3233767645668215,0.3436233355720719,0.3436233355720719
Nc1nccnc1C(=O)O,-1.7631596599870112,-1.6266510077837757,0.1365086522032355,0.1365086522032355
CC(=O)Nc1ccc(OC(=O)c2ccccc2OC(C)=O)cc1,-4.194899908384851,-3.8559325934180446,0.33896731496680665,0.33896731496680665
CC(=O)Oc1ccccc1C(=O)Oc1ccccc1,-4.107699782197289,-3.8929296482605773,0.21477013393671207,0.21477013393671207
CC(C)(C)c1ccc(OC(=O)c2cc(C(C)(C)C)c(O)c(C(C)(C)C)c2)c(C(C)(C)C)c1,-7.341089911901264,-7.305204604367129,0.035885307534135436,0.035885307534135436
Nc1ccc(C(=O)Oc2ccccc2)c(O)c1,-4.5152001090651535,-3.877039314886068,0.6381607941790857,0.6381607941790857
O=C(O)c1cc(O)c(O)c(OC(=O)c2cc(O)c(O)c(O)c2)c1,-2.8092000333923504,-2.1332914417309485,0.6759085916614018,0.6759085916614018
O=C(Oc1cccc(N=C=S)c1)c1ccccc1,-4.849999869570155,-5.426280024185576,-0.5762801546154215,0.5762801546154215
O=C(Oc1ccccc1)c1ccccc1,-2.8499998931663666,-4.680024954319109,-1.830025061152742,1.830025061152742
O=C(Oc1ccccc1)c1ccccc1O,-3.1547686799336856,-3.826629390997989,-0.6718607110643036,0.6718607110643036
CCCCCCCCCCCCCCCC[n+]1ccccc1,-0.4861496979585862,-2.199134962041998,-1.7129852640834118,1.7129852640834118
CCCCCCCCCCCC[n+]1ccccc1,-0.4539106601365557,-1.1495305697053315,-0.6956199095687758,0.6956199095687758
CN(C)c1cc[nH+]cc1,-0.20620017791257084,0.6539618738954327,0.8601620518080035,0.8601620518080035
C[n+]1ccccc1,0.42018282193090517,1.408021507914134,0.9878386859832289,0.9878386859832289
Cc1cc(C)c[n+]([O-])c1,0.9095000703258433,0.5162040720033287,-0.3932959983225146,0.3932959983225146
Cc1cc[n+]([O-])cc1,0.9620999893405311,0.5393606626817014,-0.42273932665882974,0.42273932665882974
O=C(O)c1cc[n+]([O-])cc1,-1.1020001040284297,-0.8088818799202042,0.2931182241082255,0.2931182241082255
[O-][n+]1ccccc1,1.0217998937992632,0.8036566607899176,-0.21814323300934557,0.21814323300934557
C#CC1(O)CCC2C3CCc4cc(O)ccc4C3CCC21C,-4.46999976443112,-4.453725276333804,0.016274488097315576,0.016274488097315576
C#CC1(O)CCC2C3CCc4cc(OC)ccc4C3CCC21C,-5.489999595112861,-5.1557935654095015,0.3342060297033598,0.3342060297033598
C#C[C@]1(O)CC[C@H]2[C@@H]3CCc4cc(O)ccc4[C@H]3CC[C@@]21C,-4.419199830218293,-4.453725684864173,-0.03452585464587976,0.03452585464587976
CC12CCC3c4ccc(O)cc4CCC3C1CC(O)C2O,-3.99999994258031,-3.9857802941461564,0.014219648434153687,0.014219648434153687
CC12CCC3c4ccc(O)cc4CCC3C1CCC2O,-4.829999856869323,-4.40594356448052,0.42405629238880316,0.42405629238880316
CC[C@]12CC[C@@H]3c4ccc(OC)cc4CC[C@H]3[C@@H]1CC[C@@H]2O,-4.875700378850703,-4.991100675464444,-0.11540029661374085,0.11540029661374085
C[C@]12CC[C@@H]3c4ccc(O)cc4CC[C@H]3[C@@H]1CC[C@@H]2O,-4.878899988693683,-4.40594356448052,0.4729564242131632,0.4729564242131632
C[C@]12CC[C@@H]3c4ccc(O)cc4CC[C@H]3[C@@H]1CC[C@H]2O,-4.844099873994017,-4.405943428303731,0.4381564456902858,0.4381564456902858
CC(C)(C)CC(C)(C)c1ccc(O)c(-n2nc3ccccc3n2)c1,-5.50979370850817,-5.5493171151470495,-0.03952340663887988,0.03952340663887988
CC(C)(C)c1cc(CCC(=O)O)cc(-n2nc3ccccc3n2)c1O,-5.530705288637029,-4.983010140054539,0.5476951485824904,0.5476951485824904
CCC(C)(C)c1cc(-n2nc3ccccc3n2)c(O)c(C(C)(C)CC)c1,-8.545917051720002,-6.283410235955102,2.2625068157649,2.2625068157649
CCC(C)CCCOC(=O)CCc1cc(-n2nc3ccccc3n2)c(O)c(C(C)(C)C)c1,-6.163939887460744,-6.712866346572696,-0.5489264591119518,0.5489264591119518
CCC(C)c1cc(S(=O)(=O)[O-])cc(-n2nc3ccccc3n2)c1O,-1.5762450330225888,-1.7466971117435792,-0.17045207872099044,0.17045207872099044
COC(=O)CCc1cc(-n2nc3ccccc3n2)c(O)c(C(C)(C)C)c1,-6.849323660126339,-5.838676996045519,1.01064666408082,1.01064666408082
Cc1cc(-n2nc3ccc(Cl)cc3n2)c(O)c(C(C)(C)C)c1,-5.49941758186552,-5.941480667289183,-0.4420630854236629,0.4420630854236629
Cc1ccc(O)c(-n2nc3ccccc3n2)c1,-5.352666664803584,-3.979566547247315,1.3731001175562687,1.3731001175562687
CC1c2cccc(O)c2C(=O)C2=C(O)C3(O)C(=O)C(C(N)=O)=C(O)C(N(C)C)C3C(O)C21,-2.869999871823002,-2.094470707325206,0.7755291644977964,0.7755291644977964
CN(C)C1C(O)=C(C(N)=O)C(=O)C2(O)C(O)=C3C(=O)c4c(O)ccc(Cl)c4C(C)(O)C3CC12,-2.8800000994607013,-2.562546112832871,0.31745398662783053,0.31745398662783053
CN(C)C1C(O)=C(C(N)=O)C(=O)C2(O)C(O)=C3C(=O)c4c(O)ccc(Cl)c4C(O)C3CC12,-2.5199999900004,-2.2144194448806114,0.3055805451197888,0.3055805451197888
CN(C)C1C(O)=C(C(N)=O)C(=O)C2(O)C(O)=C3C(=O)c4c(O)cccc4C(C)(O)C3C(O)C12,-3.150000066656761,-2.070886521528219,1.0791135451285419,1.0791135451285419
CN(C)C1C(O)=C(C(N)=O)C(=O)C2(O)C(O)=C3C(=O)c4c(O)cccc4C(C)(O)C3CC12,-3.119999860362426,-2.3064264755560586,0.8135733848063675,0.8135733848063675
CN(C)C1C(O)=CC(=O)C2(O)C(O)=C3C(=O)c4ccccc4C(C)(O)C3CC12,-1.4200000063827358,-2.2416079579385784,-0.8216079515558425,0.8216079515558425
CN(C)[C@@H]1C(O)=C(C(N)=O)C(=O)[C@@]2(O)C(O)=C3C(=O)c4c(O)cccc4[C@@](C)(O)[C@H]3C[C@@H]12,-2.93000004610229,-2.30642620320248,0.6235738428998103,0.6235738428998103
CN(C)c1ccc(O)c2c1CC1CC3C(N(C)C)C(O)=C(C(N)=O)C(=O)C3(O)C(O)=C1C2=O,-0.940000110093115,-2.030421724744442,-1.0904216146513268,1.0904216146513268
CCC(C)(C(=O)O)N1C(=O)c2ccccc2C1=O,-1.909999977111168,-3.0343410171211236,-1.1243410400099556,1.1243410400099556
CCOC(=O)N1C(=O)c2ccccc2C1=O,-2.738772632130203,-4.734615097110403,-1.9958424649802002,1.9958424649802002
CCOP(=S)(OCC)N1C(=O)c2ccccc2C1=O,-3.352200010542632,-4.933063489603889,-1.5808634790612568,1.5808634790612568
CCOP(=S)(OCC)SC(CCl)N1C(=O)c2ccccc2C1=O,-5.8499998237278525,-5.621027267720843,0.22897255600700994,0.22897255600700994
COP(=S)(OC)SCN1C(=O)c2ccccc2C1=O,-4.099999869907685,-5.245295487867743,-1.1452956179600582,1.1452956179600582
O=C(O)CC[C@@H](C(=O)O)N1C(=O)c2ccccc2C1=O,-1.4463318312587916,-2.180397172001813,-0.7340653407430213,0.7340653407430213
O=C1NC(=O)c2ccccc21,-2.611399876460452,-3.694189292730688,-1.082789416270236,1.082789416270236
O=C1c2ccccc2C(=O)N1SC(Cl)(Cl)Cl,-5.568999563575077,-6.777469704862975,-1.208470141287898,1.208470141287898
CCOc1nc(NC)nc(NC(=O)NS(=O)(=O)c2ccccc2C(=O)OC)n1,-4.38791076167889,-4.003616730017518,0.38429403166137277,0.38429403166137277
COC(=O)c1cccc(C)c1S(=O)(=O)NC(=O)Nc1nc(OCC(F)(F)F)nc(N(C)C)n1,-5.689999994474768,-5.000762010139702,0.6892379843350653,0.6892379843350653
COC(=O)c1ccccc1S(=O)(=O)NC(=O)N(C)c1nc(C)nc(OC)n1,-3.8980998724224953,-3.3696490234482424,0.528450848974253,0.528450848974253
COC(=O)c1ccccc1S(=O)(=O)NC(=O)Nc1nc(C)nc(OC)n1,-1.6040000415243247,-3.7677802510308305,-2.1637802095065055,2.1637802095065055
COCCOc1ccccc1S(=O)(=O)NC(=O)Nc1nc(OC)nc(OC)n1,-3.537199923760152,-4.14630345080078,-0.6091035270406282,0.6091035270406282
COc1nc(C)nc(NC(=O)NS(=O)(=O)c2ccccc2Cl)n1,-1.7100000543680232,-3.9503119599410637,-2.2403119055730407,2.2403119055730407
COc1nc(C)nc(NC(=O)NS(=O)(=O)c2ccccc2OCCCl)n1,-4.09889976571478,-4.141526096676188,-0.04262633096140789,0.04262633096140789
Cc1cccc(C(=O)O)c1S(=O)(=O)NC(=O)Nc1nc(OCC(F)(F)F)nc(N(C)C)n1,-5.679799808243981,-4.334602587182703,1.3451972210612784,1.3451972210612784
BrC1CC(Br)CC(Br)CC(Br)CC(Br)CC(Br)C1,-6.990427870440362,-5.987891351227116,1.0025365192132458,1.0025365192132458
BrC1CCC(Br)C(Br)CCC(Br)C(Br)CCC1Br,-7.872799539533476,-5.828288341138249,2.0445111983952273,2.0445111983952273
C1CCCCCCCCCCC1,-7.02202578793805,-4.219691165242791,2.802334622695259,2.802334622695259
CC(CO)C1CCCCCCCCCCC1,-5.451794107441481,-3.4097132221618978,2.0420808852795833,2.0420808852795833
CCOCOC1CCCCCCCCCCC1,-5.335319920666787,-3.4263270287741197,1.9089928918926677,1.9089928918926677
COC1(OC)CCCCCCCCCCC1,-4.125654147168243,-3.501785209165873,0.6238689380023699,0.6238689380023699
COC1CCCCCCCCCCC1,-4.68359033501833,-3.310074401635728,1.3735159333826021,1.3735159333826021
OC1CCCCCCCCCCC1,-3.989117578723187,-2.7825784243085208,1.2065391544146662,1.2065391544146662
CCN(CC)c1ccc2c(C)cc(=O)oc2c1,-3.99999994258031,-4.616392264183442,-0.6163923216031315,0.6163923216031315
CCOP(=O)(OCC)Oc1ccc2c(C)c(Cl)c(=O)oc2c1,-3.1800000431527637,-4.671031430618908,-1.491031387466144,1.491031387466144
CCOP(=S)(OCC)Oc1ccc2c(C)c(Cl)c(=O)oc2c1,-5.383500085805762,-6.13269630196899,-0.7491962161632282,0.7491962161632282
CCOP(=S)(OCC)Oc1ccc2oc(=O)c(Cl)c(C)c2c1,-5.381999962294089,-6.125327503542733,-0.743327541248644,0.743327541248644
COc1ccc2ccc(=O)oc2c1,-3.122100089451694,-3.773213228307833,-0.6511131388561386,0.6511131388561386
COc1ccc2ccc(=O)oc2c1CC=C(C)C,-4.308699991546733,-5.425379623254279,-1.1166796317075454,1.1166796317075454
O=c1cc(Br)c2ccccc2o1,-1.6533001245790577,-4.280545304168204,-2.6272451795891456,2.6272451795891456
O=c1ccc2ccccc2o1,-1.8860303429118763,-2.7828490416331912,-0.8968186987213149,0.8968186987213149
CC(C)(C)NCc1ccc(S(=O)(=O)c2csc(S(N)(=O)=O)c2)cc1,-1.9800000215640832,-2.6070910385796786,-0.6270910170155954,0.6270910170155954
CC(C)CNCc1ccc(S(=O)(=O)c2csc(S(N)(=O)=O)c2)cc1,-1.1599999774486978,-2.101545636240007,-0.9415456587913094,0.9415456587913094
CC(C)NCc1cccc(S(=O)(=O)c2csc(S(N)(=O)=O)c2)c1,-1.5599999591117766,-2.0580288452529247,-0.49802888614114815,0.49802888614114815
CCC(C)NCc1cccc(S(=O)(=O)c2csc(S(N)(=O)=O)c2)c1,-1.3300000854057772,-2.125951376607248,-0.795951291201471,0.795951291201471
CCCCNCc1ccc(S(=O)(=O)c2csc(S(N)(=O)=O)c2)cc1,-1.6800000353167739,-2.2411667451410278,-0.5611667098242539,0.5611667098242539
COc1ccc(S(=O)(=O)c2csc(S(N)(=O)=O)c2)cc1,-4.219999741847499,-2.4819537610841853,1.7380459807633133,1.7380459807633133
NS(=O)(=O)c1cc(S(=O)(=O)c2ccc(O)cc2)cs1,-3.0299999500242794,-2.307978346247691,0.7220216037765885,0.7220216037765885
NS(=O)(=O)c1cc(S(=O)(=O)c2cccc(O)c2)cs1,-2.720000014876137,-2.2068834213570114,0.5131165935191255,0.5131165935191255
C[N+](C)(C)c1ccc2ccc(O)c(N=Nc3ccc(N)cc3)c2c1,-1.9807853531083657,-1.5191779706094883,0.46160738249887734,0.46160738249887734
Cc1c(Cl)cc(N=Nc2c(O)c(C(=O)[O-])cc3ccccc23)cc1S(=O)(=O)[O-],-5.306582805160133,-2.4134828117548808,2.893099993405252,2.893099993405252
Cc1cc(S(=O)(=O)[O-])c(N=Nc2c([O-])c(C(=O)[O-])cc3ccccc23)cc1Cl,-5.170400977251379,-2.38726837127126,2.783132605980119,2.783132605980119
Nc1ccc2ccccc2c1N=Nc1ccccc1,-5.915999811169885,-5.490885016597328,0.42511479457255685,0.42511479457255685
O=S(=O)([O-])c1ccc(N=Nc2c(O)ccc3ccccc23)cc1,-1.1158578626448394,-1.8969061021947156,-0.7810482395498761,0.7810482395498761
O=S(=O)([O-])c1ccc(N=Nc2c([O-])ccc3cc(S(=O)(=O)[O-])ccc23)cc1,-2.9368865318737547,0.29262302744095825,3.229509559314713,3.229509559314713
[NH-]S(=O)(=O)c1ccc(O)c(N=Nc2c(O)ccc3ccccc23)c1,-2.2022037740787903,-2.66364103772355,-0.4614372636447599,0.4614372636447599
C#CCOC(=O)C(C)Oc1ccc(Oc2ncc(Cl)cc2F)cc1,-5.1500000600826485,-5.35510477404042,-0.20510471395777152,0.20510471395777152
C#CCOC(=O)[C@@H](C)Oc1ccc(Oc2ncc(Cl)cc2F)cc1,-4.941699957762368,-5.355105046393999,-0.41340508863163095,0.41340508863163095
CCCCOC(=O)C(C)Oc1ccc(Oc2ccc(C(F)(F)F)cn2)cc1,-5.583599894223908,-5.9212055774738275,-0.3376056832499197,0.3376056832499197
CCCCOC(=O)[C@@H](C)Oc1ccc(Oc2ccc(C(F)(F)F)cn2)cc1,-5.282599757547089,-5.9212055774738275,-0.6386058199267381,0.6386058199267381
CCOCCOC(=O)C(C)Oc1ccc(Oc2ncc(C(F)(F)F)cc2Cl)cc1,-5.873899939676172,-5.787404256020008,0.08649568365616389,0.08649568365616389
COC(=O)C(C)Oc1ccc(Oc2ncc(C(F)(F)F)cc2Cl)cc1,-4.60639988373323,-5.865922158647864,-1.2595222749146338,1.2595222749146338
C[C@@H](Oc1ccc(Oc2ccc(C(F)(F)F)cn2)cc1)C(=O)O,-2.622795558725096,-4.653025726998363,-2.0302301682732673,2.0302301682732673
CCOP(=O)(OCC)Oc1cc(C)[nH]n1,-2.369600045646373,-1.4093975539161574,0.9602024917302157,0.9602024917302157
Cc1cc(C)[nH]n1,-0.5204744194865705,0.39137734567598814,0.9118517651625586,0.9118517651625586
Cc1cc(OC(=O)N(C)C)n(C(C)C)n1,0.6752000059651957,-1.0700855754954621,-1.7452855814606578,1.7452855814606578
Cc1ccn[nH]1,1.085625137915096,0.7748707939926693,-0.31075434392242673,0.31075434392242673
Nc1cnn(CCO)c1N,0.44425942299824506,-0.3183581051714697,-0.7626175281697147,0.7626175281697147
O=[N+]([O-])c1ccn[nH]1,-1.2854728626415874,-1.854263702372162,-0.5687908397305745,0.5687908397305745
c1cn[nH]c1,1.2878893402234497,1.0553413264348053,-0.23254801378864443,0.23254801378864443
CCCSP(=O)(OCC)Oc1cnn(-c2ccc(Cl)cc2)c1,-4.03879970576049,-4.648732617536762,-0.609932911776272,0.609932911776272
Cc1cc(N)n(-c2ccccc2)n1,-0.9376001303573012,-1.4762419736290584,-0.5386418432717572,0.5386418432717572
Cc1cc(OC(=O)N(C)C)n(-c2ccccc2)n1,-2.0885999216703865,-2.429170241713233,-0.3405703200428465,0.3405703200428465
Cc1nn(-c2ccccc2)c(C)c1N=O,-3.7355000197300163,-2.7062498359233276,1.0292501838066888,1.0292501838066888
Cc1nn(-c2ccccc2)c(N)c1C,-1.6704001163735194,-1.3357662191979673,0.33463389717555203,0.33463389717555203
N#Cc1nn(-c2c(Cl)cc(C(F)(F)F)cc2Cl)c(N)c1[S+]([O-])C(F)(F)F,-5.361899723476282,-4.900960083864068,0.4609396396122136,0.4609396396122136
Oc1cnn(-c2ccccc2)c1,-1.9615999499615295,-2.110190411182638,-0.14859046122110842,0.14859046122110842
CC(=O)Oc1ccc(NC(=O)Nc2ccccc2)cc1,-4.44000001773345,-4.4608530418428805,-0.020853024109430685,0.020853024109430685
CCN(C(=O)N(CC)c1ccccc1)c1ccccc1,-3.5256278244648818,-3.227214689321974,0.29841313514290757,0.29841313514290757
CCOc1ccc(NC(=O)Nc2ccc(OCC)cc2)cc1,-4.44000001773345,-5.12452587662603,-0.68452585889258,0.68452585889258
CN(C(=O)N(C)c1ccccc1)c1ccccc1,-3.4975576007399574,-1.9013698411733944,1.596187759566563,1.596187759566563
N=C(N)c1cccc(NC(=O)Nc2cccc(C(=N)N)c2)c1,-1.7699999562937325,-2.380756669557283,-0.6107567132635503,0.6107567132635503
O=C(Nc1ccc(Cl)cc1)Nc1ccc(Cl)c(Cl)c1,-6.4577263310743955,-6.280922013659778,0.17680431741461788,0.17680431741461788
O=C(Nc1ccccc1)Nc1ccccc1,-3.1507999606064567,-3.8290412181144777,-0.678241257508021,0.678241257508021
CC(=O)C(N=Nc1ccc(C)cc1[N+](=O)[O-])C(=O)Nc1ccc(Cl)cc1,-7.605297939803549,-7.718305337874522,-0.11300739807097315,0.11300739807097315
CC(=O)C(N=Nc1ccc(C)cc1[N+](=O)[O-])C(=O)Nc1ccccc1,-7.417967973631555,-7.37273358480018,0.04523438883137487,0.04523438883137487
CC(=O)C(N=Nc1ccc(Cl)cc1[N+](=O)[O-])C(=O)Nc1ccccc1Cl,-7.721757691838569,-7.790761194546892,-0.06900350270832334,0.06900350270832334
CC(=O)C(N=Nc1ccc(S(=O)(=O)[O-])cc1[N+](=O)[O-])C(=O)Nc1ccccc1,-4.674561950060051,-2.973427062540982,1.7011348875190686,1.7011348875190686
CC(=O)C(N=Nc1ccc(S(=O)(=O)[O-])cc1[N+](=O)[O-])C(=O)Nc1ccccc1Cl,-5.451460746661109,-3.284432976059667,2.167027770601442,2.167027770601442
COc1ccc(N=NC(C(C)=O)C(=O)Nc2ccccc2OC)c([N+](=O)[O-])c1,-8.308242798872405,-7.365875449334052,0.9423673495383529,0.9423673495383529
COc1ccccc1NC(=O)C(N=Nc1ccc(Cl)cc1[N+](=O)[O-])C(C)=O,-7.306378175937898,-7.6294107638968605,-0.32303258795896284,0.32303258795896284
C#CC(OC(=O)C1C(C=C(C)C)C1(C)C)/C(C)=C/CC,-6.393099550376346,-5.8406572789165025,0.5524422714598431,0.5524422714598431
C=COC1CC1,-1.1001000292863843,-1.6159137402957233,-0.515813711009339,0.515813711009339
CC1CC1(C(=O)O)C(=O)O,0.8411997845578139,-0.6710036977462992,-1.512203482304113,1.512203482304113
CCOC(=O)C1C(C=C(C)C)C1(C)C,-4.765268220043459,-5.044464818621062,-0.27919659857760326,0.27919659857760326
CCOC1CC1,-0.6407000044547604,-0.7316140802187432,-0.0909140757639828,0.0909140757639828
COC1CC1,-0.11760001815352128,0.025268498643546966,0.14286851679706825,0.14286851679706825
NC1CC1,1.2433941190047615,1.689292215170593,0.4458980961658314,0.4458980961658314
CCC(=O)OCOC(=O)c1cn(CC)c2nc(C)ccc2c1=O,-2.829999914509731,-3.2072794797507815,-0.37727956524105055,0.37727956524105055
CCCC(=O)OCOC(=O)c1cn(CC)c2nc(C)ccc2c1=O,-2.950000033269975,-3.6338100703581953,-0.6838100370882203,0.6838100370882203
CCN(CC)C(=O)COC(=O)c1cn(CC)c2nc(C)ccc2c1=O,-1.4300000127331522,-2.872518801984328,-1.442518789251176,1.442518789251176
CCn1cc(C(=O)O)c(=O)c2ccc(C)nc21,-3.6099998651350558,-2.755517713167375,0.8544821519676806,0.8544821519676806
CCn1cc(C(=O)OC)c(=O)c2ccc(C)nc21,-2.7000000362195014,-2.835714130900975,-0.13571409468147344,0.13571409468147344
CCn1cc(C(=O)OCOC(=O)C(C)C)c(=O)c2ccc(C)nc21,-3.0199999606959618,-3.5471907722214833,-0.5271908115255215,0.5271908115255215
CCn1cc(C(=O)OCOC(C)=O)c(=O)c2ccc(C)nc21,-2.490000004993348,-2.9930930676216936,-0.5030930626283454,0.5030930626283454
CC(C)(C)CC(C)(C)c1ccc([O-])c(Sc2cc(C(C)(C)CC(C)(C)C)ccc2[O-])c1,-6.446040456071609,-5.912384045058598,0.5336564110130109,0.5336564110130109
COP(=S)(OC)Oc1ccc(Sc2ccc(OP(=S)(OC)OC)cc2)cc1,-6.237500137894884,-5.2294431478174666,1.0080569900774172,1.0080569900774172
Cc1cc(O)c(C(C)(C)C)cc1Sc1cc(C(C)(C)C)c(O)cc1C,-7.11206615342145,-6.748578164877177,0.3634879885442732,0.3634879885442732
Clc1ccc(Sc2cc(Cl)c(Cl)cc2Cl)cc1,-7.033500044210159,-8.039661861909948,-1.0061618176997893,1.0061618176997893
Oc1c(Cl)cc(Cl)cc1Sc1cc(Cl)cc(Cl)c1O,-4.949500028080552,-5.170152454610784,-0.22065242653023276,0.22065242653023276
Oc1ccc(Sc2ccccc2)cc1,-2.7744998894781787,-4.076706489644393,-1.3022066001662145,1.3022066001662145
c1ccc(Sc2ccccc2)cc1,-4.360607996294644,-5.301456429924391,-0.9408484336297471,0.9408484336297471
CC(=O)C(N=Nc1ccc(Cl)cc1[N+](=O)[O-])C(=O)Nc1ccc2[nH]c(=O)[nH]c2c1,-7.473779486046686,-7.3272181270755485,0.14656135897113742,0.14656135897113742
CC(=O)C(N=Nc1ccc([N+](=O)[O-])cc1)C(=O)Nc1ccc2[nH]c(=O)[nH]c2c1,-7.525540283685292,-6.870874726458069,0.6546655572272222,0.6546655572272222
CC(=O)C(N=Nc1ccccc1C(=O)O)C(=O)Nc1ccc2[nH]c(=O)[nH]c2c1,-7.330901436874363,-6.2751573778122705,1.0557440590620928,1.0557440590620928
CC(=O)C(N=Nc1ccccc1C(F)(F)F)C(=O)Nc1ccc2[nH]c(=O)[nH]c2c1,-7.455526621553439,-7.009062847004575,0.44646377454886377,0.44646377454886377
COC(=O)c1cc(N=NC(C(C)=O)C(=O)Nc2ccc3[nH]c(=O)[nH]c3c2)cc(C(=O)OC)c1,-6.37773826382853,-6.942265408284006,-0.564527144455476,0.564527144455476
COC(=O)c1ccc(C(=O)OC)c(N=NC(C(C)=O)C(=O)Nc2ccc3[nH]c(=O)[nH]c3c2)c1,-6.314069078313311,-7.050853597186423,-0.7367845188731117,0.7367845188731117
COc1ccccc1N=NC(C(C)=O)C(=O)Nc1ccc2[nH]c(=O)[nH]c2c1,-7.630599314914459,-6.913469736757923,0.7171295781565359,0.7171295781565359
CC(C)CCCCCCCOP(=O)(Oc1ccccc1)Oc1ccccc1,-5.716499725332114,-6.565893188990511,-0.8493934636583971,0.8493934636583971
CCCCC(CC)COP(=O)(Oc1ccccc1)Oc1ccccc1,-5.280399685338066,-6.113050348920513,-0.8326506635824469,0.8326506635824469
CCCCCCCCOP(=O)(Oc1ccccc1)Oc1ccccc1,-6.4130995630771785,-6.316820666519272,0.09627889655790689,0.09627889655790689
CCOP(=O)(Oc1ccc(Cl)cc1Cl)Oc1ccc(Cl)cc1Cl,-5.774000102288982,-6.410367311975309,-0.6363672096863269,0.6363672096863269
COP(=O)(Oc1ccccc1)Oc1ccccc1,-2.1208998986056593,-3.5687125605434984,-1.447812661937839,1.447812661937839
CP(=O)(Oc1ccccc1)Oc1ccccc1,-2.201708567184255,-2.71951430631266,-0.5178057391284048,0.5178057391284048
NNP(=O)(Oc1ccccc1)Oc1ccccc1,-2.237299937118541,-2.5806372673887443,-0.3433373302702032,0.3433373302702032
CC(=O)Oc1ccc2c3c1O[C@H]1[C@@H](OC(C)=O)C=C[C@H]4[C@@H](C2)N(C)CC[C@@]341,-2.789400081417197,-2.5673792994411038,0.22202078197609332,0.22202078197609332
CCOc1ccc2c3c1OC1C(O)C=CC4C(C2)N(C)CCC341,-0.8200000338881175,-2.284210730315426,-1.4642106964273087,1.4642106964273087
CCOc1ccc2c3c1O[C@H]1[C@@H](O)C=C[C@H]4[C@@H](C2)N(C)CC[C@@]341,-2.079000002727132,-2.2842108664922156,-0.20521086376508357,0.20521086376508357
CN1CCC23c4c5ccc(O)c4OC2C(O)C=CC3C1C5,-3.150000066656761,-1.9169298096568983,1.2330702569998626,1.2330702569998626
COc1ccc2c3c1OC1C(O)C=CC4C(C2)N(C)CCC341,-1.5200000698869003,-1.8577180989880484,-0.3377180291011481,0.3377180291011481
COc1ccc2c3c1OC1C(OC(C)=O)C=CC4C(C2)N(C)CCC341,-1.2999999301777385,-2.3083905533891063,-1.0083906232113677,1.0083906232113677
COc1ccc2c3c1O[C@H]1[C@@H](O)C=C[C@H]4[C@@H](C2)N(C)CC[C@@]341,-1.521999962215552,-1.8577185075184166,-0.3357185453028646,0.3357185453028646
CC1(C)C(=O)N(Cl)C(=O)N1Cl,-2.595499976666489,-2.2271069001691965,0.36839307649729225,0.36839307649729225
CC1(C)C(=O)NC(=O)N1CO,0.8008998978659609,-0.9711513677216774,-1.7720512655876384,1.7720512655876384
CC1(C)NC(=O)NC1=O,0.038473834262096496,-0.6832040486593165,-0.721677882921413,0.721677882921413
CCC1NC(=O)NC1=O,-0.05999995978683614,-1.395981961334824,-1.335982001547988,1.335982001547988
NC(=O)NC1NC(=O)NC1=O,-1.5087825068627485,-1.7432634139996765,-0.23448090713692804,0.23448090713692804
O=C(O)CC1NC(=O)NC1=O,-1.1517000021367458,-0.7998231275378962,0.35187687459884964,0.35187687459884964
O=C1CNC(=O)N1,-0.40159998062248503,-0.18595668111234875,0.21564329951013628,0.21564329951013628
C1=CC2CCC1C2,-2.8477210767288925,-3.9759099280992176,-1.128188851370325,1.128188851370325
C=CC1CC2C=CC1C2,-3.0798864124617915,-3.4632828560936715,-0.38339644363187997,0.38339644363187997
CCCCOC(=O)C1C(C(=O)OCCCC)C2(Cl)C(Cl)=C(Cl)C1(Cl)C2(Cl)Cl,-7.509558575685116,-6.546919132220774,0.9626394434643419,0.9626394434643419
COC(=O)C1C2C=CC(C2)C1C(=O)OC,-1.2000001390271529,-1.5175975027920887,-0.31759736376493586,0.31759736376493586
COC(=O)[C@@H]1C2C=CC(C2)[C@@H]1C(=O)OC,-1.2020000313558048,-1.51759723043851,-0.3155971990827051,0.3155971990827051
O=C(O)C1C(C(=O)O)C2(Cl)C(Cl)=C(Cl)C1(Cl)C2(Cl)Cl,-2.045700079627534,-2.99931430424395,-0.9536142246164161,0.9536142246164161
OCC1C(CO)C2(Cl)C(Cl)=C(Cl)C1(Cl)C2(Cl)Cl,-3.080199933986162,-4.041413006436848,-0.9612130724506858,0.9612130724506858
C=C(C)C(=O)OCCN1CCNC1=O,0.7028479795104885,-0.6748310825882635,-1.377679062098752,1.377679062098752
C=CN1CCN(C=C)C1=O,-1.1558864851722723,-0.23612203148672295,0.9197644536855494,0.9197644536855494
CC(C)CNC(=O)N1CCNC1=O,-2.1538000066516747,-1.0613078920064087,1.092492114645266,1.092492114645266
NC(=O)NC1(O)NC(=O)NC1(O)C(=O)O,-0.3699998842961669,-0.44385563836323483,-0.0738557540670679,0.0738557540670679
NCCN1CCNC1=O,0.6335457049262927,0.13376735557213992,-0.4997783493541528,0.4997783493541528
O=C1NCCN1,0.8402732376829571,0.2261001211277538,-0.6141731165552033,0.6141731165552033
O=C1NCCN1CCO,0.87767718877212,0.4269080488506112,-0.4507691399215088,0.4507691399215088
CC1(C)Cc2cccc([N+](=O)[O-])c2O1,-3.2067999502091222,-3.2381259056363447,-0.031325955427222496,0.031325955427222496
CCCCN(CCCC)SN(C)C(=O)Oc1cccc2c1OC(C)(C)C2,-6.103300090801797,-5.262215862477029,0.8410842283247684,0.8410842283247684
CCCCOC(=O)N(C)SN(C)C(=O)Oc1cccc2c1OC(C)(C)C2,-4.5412000711055205,-4.001553651658599,0.539646419446921,0.539646419446921
CCOC(=O)CCN(SN(C)C(=O)Oc1cccc2c1OC(C)(C)C2)C(C)C,-4.7102999143080915,-4.022294329916802,0.6880055843912896,0.6880055843912896
CCOC1Oc2ccc(OS(C)(=O)=O)cc2C1(C)C,-3.4200000508749193,-4.230287353577059,-0.8102873027021396,0.8102873027021396
CCS(=O)(=O)Oc1ccc2c(c1)C(C)(C)CO2,-2.992099981363132,-4.610241703314867,-1.618141721951735,1.618141721951735
CNC(=O)Oc1cccc2c1OC(C)(C)C2,-2.4200000967172226,-3.066476356318051,-0.6464762596008282,0.6464762596008282
CC(=O)Nc1ccc(S(=O)(=O)Nc2ncccn2)cc1,-3.58999988647842,-3.466044793735624,0.12395509274279615,0.12395509274279615
COc1cnc(NS(=O)(=O)c2ccc(N)cc2)nc1,-2.5843000485365604,-3.2259474962085144,-0.641647447671954,0.641647447671954
Cc1cc(C)nc(NS(=O)(=O)c2ccc(N)cc2)n1,-2.7300000212265534,-2.943113496432214,-0.21311347520566049,0.21311347520566049
Cc1ccnc(NS(=O)(=O)c2ccc(N)cc2)n1,-2.630000093899178,-2.973031758343547,-0.3430316644443687,0.3430316644443687
Cc1cnc(NS(=O)(=O)c2ccc(N)cc2)nc1,-2.8199999251814134,-3.0889528630882235,-0.2689529379068101,0.2689529379068101
Cc1cnc(NS(=O)(=O)c2ccc(N)cc2)nc1C,-3.1435000676356197,-3.08196171694308,0.061538350692539545,0.061538350692539545
Nc1ccc(S(=O)(=O)Nc2ncccn2)cc1,-2.1600000677831845,-2.9763097549509063,-0.8163096871677218,0.8163096871677218
CCCCNC(=O)Nc1c(C)n(C)n(-c2ccccc2)c1=O,-1.6300000035646918,-2.440450854590862,-0.8104508510261701,0.8104508510261701
CCNC(=O)Nc1c(C)n(C)n(-c2ccccc2)c1=O,-1.8300001305730205,-1.8978199846281611,-0.06781985405514068,0.06781985405514068
Cc1c(C(C)C)c(=O)n(-c2ccccc2)n1C,-1.909999977111168,-2.034656550540194,-0.12465657342902592,0.12465657342902592
Cc1c(N(C)C)c(=O)n(-c2ccccc2)n1C,-0.6286001520122961,-1.2328049914090056,-0.6042048393967094,0.6042048393967094
Cc1c(N)c(=O)n(-c2ccccc2)n1C,0.3099997304714144,-1.510253216187918,-1.8202529466593325,1.8202529466593325
Cc1c(NC(N)=O)c(=O)n(-c2ccccc2)n1C,-1.5200000698869003,-1.87403221453107,-0.35403214464416966,0.35403214464416966
Cc1cc(=O)n(-c2ccccc2)n1C,-0.5641999694917534,-1.2391128364692998,-0.6749128669775464,0.6749128669775464
CCCOC(=O)Cn1cc(I)c(=O)c(I)c1,-3.503999920379752,-3.868109113392923,-0.36410919301317124,0.36410919301317124
CCN(CC)C(=O)Cn1cc(Br)c(=O)c(Br)c1,-2.309999958774247,-3.003070570757667,-0.69307061198342,0.69307061198342
CCN(CC)C(=O)Cn1cc(I)c(=O)c(I)c1,-3.1800000431527637,-3.4595317983421476,-0.2795317551893839,0.2795317551893839
Cc1[nH]c(C)c(Cl)c(=O)c1Cl,-4.2833999782037155,-2.1317744322973944,2.151625545906321,2.151625545906321
N#Cc1c(O)[nH]c(Cl)cc1=O,-1.2318999604668688,-1.6526152915053283,-0.4207153310384595,0.4207153310384595
O=c1cc[nH]c(O)c1,-1.2497999908988648,-0.4916983574181564,0.7581016334807085,0.7581016334807085
O=c1cc[nH]cc1,1.0217998937992632,0.26607509000017604,-0.7557248037990871,0.7557248037990871
CC(=O)OC1CCC2C3CCC4CC(=O)CCC4(C)C3CCC12C,-5.349999778560609,-4.77487535635655,0.575124422204059,0.575124422204059
CC(=O)O[C@H]1CC[C@H]2[C@@H]3CC[C@H]4CC(=O)C[C@H](C)[C@]4(C)[C@H]3CC[C@]12C,-5.0925587838523665,-4.818657964436478,0.2739008194158883,0.2739008194158883
CC12CCC(=O)CC1CCC1C2CCC2(C)C(OC=O)CCC12,-5.320000031862939,-4.779289799337478,0.5407102325254609,0.5407102325254609
CC12CCC3C(CCC4CC(=O)CCC43C)C1CCC2O,-4.739999663538786,-4.157283521504275,0.5827161420345108,0.5827161420345108
C[C@H]1CC(=O)C[C@@H]2CC[C@H]3[C@@H]4CC[C@H](O)[C@@]4(C)CC[C@@H]3[C@]21C,-5.006429143406023,-4.291542941677527,0.714886201728496,0.714886201728496
C[C@]12CCC(=O)C[C@@H]1CC[C@@H]1[C@@H]2CC[C@]2(C)[C@@H](O)CC[C@@H]12,-4.918998606090851,-4.157283657681064,0.7617149484097867,0.7617149484097867
COC(=O)c1ccc(C(=O)Nc2cc(Cl)ccc2Cl)cc1N/N=C1\C(=O)C(C(=O)Nc2ccccc2OC)=Cc2ccccc21,-8.175068435356833,-7.716182614081861,0.458885821274972,0.458885821274972
COc1cc(NC(=O)C2=Cc3ccccc3/C(=N/Nc3cc(C(=O)Nc4ccccc4)ccc3OC)C2=O)c(OC)cc1Cl,-7.84656045105098,-7.747592607610221,0.09896784344075904,0.09896784344075904
COc1cc(OC)c(NC(=O)C2=Cc3ccccc3/C(=N\Nc3cc(C(=O)Nc4ccc(C(N)=O)cc4)ccc3OC)C2=O)cc1Cl,-7.866239631236063,-7.4023648371058215,0.46387479413024124,0.46387479413024124
COc1ccc(C(=O)Nc2ccccc2)cc1N/N=C1\C(=O)C(C(=O)Nc2cc(Cl)ccc2C)=Cc2ccccc21,-7.752070645151784,-7.621195490547894,0.1308751546038902,0.1308751546038902
COc1ccc(C(=O)Nc2ccccc2)cc1N/N=C1\C(=O)C(C(=O)Nc2cc(Cl)ccc2OC)=Cc2ccccc21,-8.184413431350391,-7.664601569805221,0.5198118615451701,0.5198118615451701
COc1ccc(NC(=O)C2=Cc3ccccc3/C(=N/Nc3cc(C(=O)Nc4cccc(S(=O)(=O)[O-])c4)ccc3C)C2=O)cc1,-7.050930945602785,-5.092401227307068,1.9585297182957166,1.9585297182957166
Nc1ncnc2c1ncn2C1OC(CO)C(O)C1O,-1.7300000670688562,-1.9747363120362647,-0.24473624496740842,0.24473624496740842
Nc1ncnc2c1ncn2C1OC(COP(=O)(O)O)C(O)C1O,-1.995302684004077,-1.668092873031265,0.3272098109728121,0.3272098109728121
Nc1ncnc2c1ncn2C1OC(COP(=O)(O)OP(=O)(O)OP(=O)(O)O)C(O)C1O,0.2947999495957876,-1.0773612289977914,-1.372161178593579,1.372161178593579
Nc1ncnc2c1ncn2[C@@H]1O[C@H](COP(=O)(O)OP(=O)([O-])OP(=O)([O-])O)[C@@H](O)[C@H]1O,0.016887906672289343,-1.018609114993057,-1.0354970216653463,1.0354970216653463
Nc1ncnc2c1ncn2[C@]1(CO)O[C@H](CO)[C@@H](O)[C@H]1O,-1.570099919225589,-1.685825814542707,-0.11572589531711808,0.11572589531711808
OC[C@H]1O[C@@H](n2cnc3cncnc32)[C@H](O)[C@@H]1O,-0.4017998881492768,-1.5851578038866947,-1.1833579157374179,1.1833579157374179
CCCCOC1=CC(=O)CC(C)C12Oc1c(Cl)c(OC)cc(OC)c1C2=O,-4.699999774313909,-5.105728985859259,-0.40572921154535013,0.40572921154535013
CCCOC1=CC(=O)CC(C)C12Oc1c(Cl)c(OC)cc(OC)c1C2=O,-4.519999932359992,-4.726134687552539,-0.2061347551925472,0.2061347551925472
CCOC1=CC(=O)CC(C)C12Oc1c(Cl)c(OC)cc(OC)c1C2=O,-4.999999964826402,-4.424997148495248,0.5750028163311534,0.5750028163311534
CCOC1=CC(=O)CC(C)C12Oc1c(Cl)c(OCC)cc(OC)c1C2=O,-4.699999774313909,-4.681459985325464,0.018539788988444883,0.018539788988444883
COC1=CC(=O)CC(C)C12Oc1c(Cl)c(OC)cc(OC)c1C2=O,-3.9699999916174558,-4.231673360939242,-0.2616733693217861,0.2616733693217861
COC1=CC(=O)CC(C)C12Oc1cc(OC)cc(OC)c1C2=O,-3.698999805903491,-3.7573822680134876,-0.058382462109996425,0.058382462109996425
CCc1cc(C)cc(CC)c1Nc1ccc(Nc2c(CC)cc(C)cc2CC)c2c1C(=O)c1ccccc1C2=O,-7.4238290226459345,-7.750215372573441,-0.3263863499275068,0.3263863499275068
CCc1cccc(C)c1Nc1ccc(Nc2c(C)cccc2CC)c2c1C(=O)c1ccccc1C2=O,-7.3753010619869155,-7.337134520877294,0.03816654110962148,0.03816654110962148
Cc1cc(C)c(Nc2ccc(Nc3c(C)cc(C)cc3C)c3c2C(=O)c2ccccc2C3=O)c(C)c1,-7.825072843103095,-7.094036618862766,0.731036224240329,0.731036224240329
Cc1cc(C)c(S(=O)(=O)O)c(C)c1Nc1ccc(Nc2c(C)cc(C)c(S(=O)(=O)O)c2C)c2c1C(=O)c1ccccc1C2=O,-2.820609316313833,-3.5821547075987583,-0.7615453912849253,0.7615453912849253
Cc1cc(C)c(S(=O)(=O)[O-])c(C)c1Nc1ccc(Nc2c(C)cc(C)c(S(=O)(=O)[O-])c2C)c2c1C(=O)c1ccccc1C2=O,-1.7922611845820136,-1.9237793659852966,-0.13151818140328309,0.13151818140328309
Cc1ccc(Nc2ccc(Nc3ccc(C)cc3S(=O)(=O)[O-])c3c2C(=O)c2ccccc2C3=O)c(S(=O)(=O)[O-])c1,-1.4270313587249397,-0.9588048991136686,0.4682264596112711,0.4682264596112711
CC(=O)Nc1cc(S(=O)(=O)[O-])cc2c1C(=O)/C(=N/Nc1ccccc1)C(S(=O)(=O)[O-])=C2,-0.5866084048893407,-0.5057229326015413,0.08088547228779941,0.08088547228779941
CC(=O)Nc1ccc2c(c1)C(=O)/C(=N/Nc1ccc(S(=O)(=O)CCOS(=O)(=O)[O-])cc1)C(S(=O)(=O)[O-])=C2,-0.6794077121253279,-0.3763024184616759,0.303105293663652,0.303105293663652
CC(=O)Nc1ccc2c(c1)C=C(S(=O)(=O)[O-])/C(=N/Nc1ccc(S(=O)(=O)CCOS(=O)(=O)[O-])cc1)C2=O,-0.3963936696113852,-0.373350650375345,0.02304301923604024,0.02304301923604024
CCN(CC)S(=O)(=O)c1ccc(OC)c(N/N=C2\C=C(S(=O)(=O)[O-])c3ccccc3C2=O)c1,-2.466753946164361,-2.2507450119747725,0.21600893418958833,0.21600893418958833
Nc1ccc(N/N=C2\C=Cc3c(cccc3S(=O)(=O)[O-])C2=O)cc1,-1.2915601013031062,-2.1308950025916586,-0.8393349012885525,0.8393349012885525
O=C1/C(=N/Nc2cc(Cl)ccc2O)C(S(=O)(=O)[O-])=Cc2cc(S(=O)(=O)[O-])cc(O)c21,-1.2898087316150502,-0.7192794589914095,0.5705292726236406,0.5705292726236406
O=C(O)C1=C/C(=N/Nc2ccccc2)C=CC1=O,-3.0559000742642977,-3.9526574689611302,-0.8967573946968326,0.8967573946968326
O=C(O)C1=CC(=NNc2ccccc2[N+](=O)[O-])C=CC1=O,-2.0099999725269377,-4.362623821307652,-2.3526238487807145,2.3526238487807145
O=C1C=C/C(=N/Nc2cc([N+](=O)[O-])cc([N+](=O)[O-])c2O)C(O)=C1,-2.5268153999988643,-3.891888712882652,-1.3650733128837875,1.3650733128837875
O=C1C=C/C(=N\Nc2ccccc2)C(O)=C1,-3.0299000526465854,-3.4496502317542834,-0.4197501791076981,0.4197501791076981
O=C1C=CC(=NNc2ccc([N+](=O)[O-])cc2)C=C1,-4.79599991698398,-4.442726549410167,0.3532733675738138,0.3532733675738138
O=C1C=CC(=NNc2ccccc2)C=C1,-3.342900020977959,-3.85762595179383,-0.5147259308158709,0.5147259308158709
CC(=O)Nc1ccc(S(=O)(=O)Nc2nc(C)cs2)cc1,-4.150000037836557,-3.4764630670945826,0.6735369707419747,0.6735369707419747
CC(=O)Nc1ccc(S(=O)(=O)Nc2nccs2)cc1,-3.4300000231811385,-3.5218048994127695,-0.09180487623163103,0.09180487623163103
CCOC(=O)Cc1sc(NS(=O)(=O)c2ccc(N)cc2)nc1C,-2.8800000994607013,-3.5011942019000175,-0.6211941024393162,0.6211941024393162
Cc1csc(NS(=O)(=O)c2ccc(N)cc2)n1,-2.9100000674456545,-3.0992753360758623,-0.18927526863020772,0.18927526863020772
Nc1ccc(S(=O)(=O)Nc2ncc(C(=O)O)s2)cc1,-2.874099950685675,-2.960236502104079,-0.08613655141840404,0.08613655141840404
Nc1ccc(S(=O)(=O)Nc2nccs2)cc1,-2.4247999200120605,-3.143630039870022,-0.7188301198579614,0.7188301198579614
CC(c1ccc(O)cc1)(c1ccc(O)cc1)c1ccc(O)cc1,-4.086559697415871,-3.9303455829072047,0.1562141145086664,0.1562141145086664
CN(C)c1ccc(C(c2ccc(N(C)C)cc2)c2ccc(N(C)C)cc2)cc1,-5.45839813701865,-3.3963064810718735,2.062091655946776,2.062091655946776
Cc1cc(C(O)(c2ccc(N)cc2)c2ccc(N)cc2)ccc1N,-3.0271999626723916,-2.9791133626904056,0.048086599981985945,0.048086599981985945
O=C(O)c1ccccc1C(c1ccc(O)cc1)c1ccc(O)cc1,-3.262599921641355,-3.632307427575919,-0.36970750593456403,0.36970750593456403
O=C=Nc1ccc(C(c2ccc(N=C=O)cc2)c2ccc(N=C=O)cc2)cc1,-6.565096282419132,-5.696510062067273,0.8685862203518591,0.8685862203518591
OC(c1ccccc1)(c1ccccc1)c1ccccc1,-2.2595999077033975,-3.771951618442737,-1.5123517107393396,1.5123517107393396
C=C(c1ccccc1)c1ccccc1,-4.436299685835965,-4.207239568153391,0.2290601176825735,0.2290601176825735
CCCCC(CC)COC(=O)C(C#N)=C(c1ccccc1)c1ccccc1,-6.558089986606172,-6.387266009073419,0.1708239775327529,0.1708239775327529
CCOC(=O)C(C#N)=C(c1ccccc1)c1ccccc1,-7.744015515707115,-4.669001443219806,3.075014072487309,3.075014072487309
CCOC(=O)C(CC(=O)O)=C(c1ccccc1)c1ccccc1,-2.1907999892951784,-3.443704310555931,-1.2529043212607527,1.2529043212607527
ClC(Cl)=C(c1ccc(Cl)cc1)c1ccc(Cl)cc1,-6.900400033221583,-7.183593556743913,-0.2831935235223302,0.2831935235223302
ClC(Cl)=C(c1ccc(Cl)cc1)c1ccccc1Cl,-6.356299679524817,-6.865772999221203,-0.5094733196963865,0.5094733196963865
CC(=O)c1cc2c(cc1C)C(C)(C)C(C)CC2(C)C,-5.315399979918103,-4.694945572776533,0.6204544071415707,0.6204544071415707
CC(C)(C)NCC(O)COc1cccc2c1CC(O)C(O)C2,-1.0100000183692406,-1.4820173674429253,-0.47201734907368476,0.47201734907368476
CC(C)(C)NCC(O)COc1cccc2c1C[C@H](O)[C@H](O)C2,-1.5699000116987973,-1.4820173674429253,0.087882644255872,0.087882644255872
COc1ccc2c(c1)CCCC2,-2.7477385800305565,-4.026288122795374,-1.2785495427648175,1.2785495427648175
Oc1ccc2c(c1)CCCC2,-1.9947999873861268,-3.137964659879865,-1.1431646724937383,1.1431646724937383
c1ccc2c(c1)CCCC2,-3.567367984969481,-4.23676160667396,-0.6693936217044794,0.6693936217044794
CCN1C(=O)c2cccnc2N(CC)c2ncccc21,-2.859999882494684,-2.7189612923710387,0.1410385901236455,0.1410385901236455
CCN1c2nc(N(C)CCO)ccc2NC(=O)c2cccnc21,-3.3599998765956314,-3.0671727729299256,0.29282710366570575,0.29282710366570575
CCN1c2ncccc2C(=O)N(C)c2ccc(Cl)nc21,-4.113999797092195,-3.3022771229417263,0.8117226741504684,0.8117226741504684
CCN1c2ncccc2C(=O)N(C)c2cccnc21,-2.619999883283578,-2.243796727474083,0.3762031558094949,0.3762031558094949
CCN1c2ncccc2C(=O)Nc2c(C(F)(F)F)cc(C)nc21,-4.2069997608273155,-4.0092521340919145,0.19774762673540103,0.19774762673540103
CCN1c2ncccc2C(=O)Nc2c(C)cc(C)nc21,-4.553999872245334,-2.9302774041780344,1.6237224680672995,1.6237224680672995
CC(C)OC(=O)C1(S(=O)(=O)c2ccc([N+](=O)[O-])cc2)CCC1,-3.759900040672104,-4.121588589121675,-0.3616885484495711,0.3616885484495711
CCOC(=O)C1(S(=O)(=O)c2ccc(C)cc2)CCC1,-2.959399917020698,-4.0926634134689035,-1.1332634964482056,1.1332634964482056
COC(=O)C1(S(=O)(=O)c2ccc(Br)cc2)CCC1,-3.549999929165149,-4.0637873976370935,-0.5137874684719446,0.5137874684719446
COC(=O)C1(S(=O)(=O)c2ccc(Cl)cc2)CCC1,-2.999599913782025,-4.17047687356536,-1.1708769597833353,1.1708769597833353
COC(=O)C1(S(=O)(=O)c2ccccc2)CCC1,-3.0004999444826774,-3.476735352584923,-0.47623540810224574,0.47623540810224574
Cc1ccc(S(=O)(=O)C2(C(=O)OC(C)C)CCC2)cc1,-3.3399998979389958,-4.25281766720113,-0.9128177692621344,0.9128177692621344
CC(C)(C)CC(C)(C)C1CCC(=N/O)/C(=N\O)C1,-6.409999634644016,-2.9340239000071144,3.475975734636901,3.475975734636901
CC(C)C1CCC(=NO)C(=NO)C1,-2.390300007044555,-1.7459635273792562,0.6443364796652988,0.6443364796652988
CC1CCC(C)C(=NO)C1=NO,-1.3200000790553608,-1.4870646239640442,-0.1670645449086834,0.1670645449086834
CC1CCCC(=NO)C1=NO,-1.5915999192613053,-1.476105524486112,0.11549439477519319,0.11549439477519319
CCC(C)(C)C1CCC(=NO)C(=NO)C1,-3.9651998959690387,-2.305236290416986,1.6599636055520528,1.6599636055520528
CCC1CCC(=NO)C(=NO)C1,-1.8300001305730205,-1.4487646296008427,0.38123550097217773,0.38123550097217773
C=CCC1(c2ccccc2)C(=O)NC(=O)NC1=O,-2.1800000804840174,-2.674026152034298,-0.49402607155028067,0.49402607155028067
CC1(c2ccccc2)C(=O)NC(=O)NC1=O,-2.458100047376843,-2.269688156613324,0.18841189076351883,0.18841189076351883
CCC1(c2ccccc2)C(=O)NC(=O)N(C)C1=O,-3.680000011720563,-2.391715088151268,1.2882849235692948,1.2882849235692948
CCC1(c2ccccc2)C(=O)NC(=O)N(CC(O)CO)C1=O,-1.7872000380283792,-2.459591047043628,-0.672391009015249,0.672391009015249
CCC1(c2ccccc2)C(=O)NC(=O)N(CO)C1=O,-1.6000001206902317,-2.7903653876107275,-1.1903652669204958,1.1903652669204958
CCC1(c2ccccc2)C(=O)NC(=O)NC1=O,-2.289999946073414,-2.593981707597633,-0.30398176152421863,0.30398176152421863
CCCCNC(=O)n1c(NC(=O)OC)nc2ccccc21,-4.860000012097361,-4.892638592619396,-0.032638580522035276,0.032638580522035276
CCCSc1ccc2[nH]c(NC(=O)OC)nc2c1,-4.219999741847499,-5.209130609385035,-0.9891308675375363,0.9891308675375363
COC(=O)Nc1nc2ccccc2[nH]1,-4.519999932359992,-4.1995493925042275,0.32045053985576466,0.32045053985576466
Cc1nc2ccccc2[nH]1,-1.9598000332480638,-0.7003389017118562,1.2594611315362076,1.2594611315362076
FC(F)(F)c1nc2c(Cl)c(Cl)ccc2[nH]1,-3.567699881849367,-5.118423249987313,-1.5507233681379455,1.5507233681379455
c1ccc2[nH]cnc2c1,-1.7691971941204108,-0.8557231548661166,0.9134740392542942,0.9134740392542942
CC12CC(O)C3C(CCC4CC(O)CCC43C)C1CCC2=O,-3.58999988647842,-3.3844306734921163,0.20556921298630382,0.20556921298630382
CC12CC(O)C3C(CCC4C[C@@H](O)CCC43C)C1CCC2=O,-3.5931999388959657,-3.3844306054037214,0.20876933349224425,0.20876933349224425
CC12CCC3C(CCC4CC(O)CCC43C)C1CCC2=O,-4.399999992331784,-4.078148057136637,0.32185193519514677,0.32185193519514677
CC12CCC3C(CCC4CCCCC43C)C1CCC2=O,-6.6999995464525135,-5.071814701174429,1.628184845278085,1.628184845278085
C[C@]12CC[C@@H](O)C[C@@H]1CC[C@@H]1[C@@H]2CC[C@]2(C)C(=O)CC[C@@H]12,-4.401999884660436,-4.078148057136637,0.32385182752379826,0.32385182752379826
C[C@]12CC[C@H](O)C[C@@H]1CC[C@@H]1[C@@H]2CC[C@]2(C)C(=O)CC[C@@H]12,-4.157700018214555,-4.078148057136637,0.07955196107791807,0.07955196107791807
CC(=O)CC(=O)Nc1ccc2[nH]c(=O)[nH]c2c1,-2.5226807662758897,-3.6488833429964997,-1.12620257672061,1.12620257672061
Cc1cc2[nH]c(=O)[nH]c2cc1N,-1.9771385386891027,-2.557951099429242,-0.5808125607401391,0.5808125607401391
Nc1ccc2[nH]c(=O)[nH]c2c1,-2.334782840759641,-2.4759429856898962,-0.14116014493025508,0.14116014493025508
O=c1[nH]c2ccc([N+](=O)[O-])cc2[nH]1,-3.2740874040841317,-3.5048584129041225,-0.2307710088199908,0.2307710088199908
O=c1[nH]c2ccccc2[nH]1,-2.3927519382255125,-2.4383595876365445,-0.045607649411032014,0.045607649411032014
O=c1[nH]c2ccccc2n1CCCCl,-3.0203943052725846,-3.903788930151903,-0.8833946248793185,0.8833946248793185
CCCCCCCCOC(=O)c1ccccc1C(=O)OCc1ccccc1,-8.287651778905717,-6.519452001451761,1.7681997774539564,1.7681997774539564
CCCCOC(=O)c1ccccc1C(=O)OCc1ccccc1,-5.639999690369107,-5.547482813794268,0.0925168765748392,0.0925168765748392
CCN(CC)CC(OC(=O)c1ccc([N+](=O)[O-])cc1)c1ccccc1,-2.8399999038380486,-4.447412665085882,-1.6074127612478337,1.6074127612478337
O=C(OCc1ccccc1)c1ccc(O)cc1,-3.324981181126932,-3.995798820539927,-0.670817639412995,0.670817639412995
O=C(OCc1ccccc1)c1ccccc1,-4.1776246570624735,-4.870502783154123,-0.6928781260916494,0.6928781260916494
O=C(OCc1ccccc1)c1ccccc1O,-4.413922298746353,-3.9560523563200634,0.45786994242629,0.45786994242629
C1CCNC1,1.1499999915528165,1.0708178185464265,-0.07918217300638997,0.07918217300638997
CC(=O)N1C[C@@H](O)C[C@H]1C(=O)[O-],0.34499253532803564,-0.09455291361379992,-0.43954544894183556,0.43954544894183556
CCCCCCCCCCCCCCCC(=O)O[C@@H]1C[C@@H](C(=O)O)N(C(=O)CCCCCCCCCCCCCCC)C1,-5.783875915407496,-6.014784088298576,-0.23090817289108045,0.23090817289108045
O=C(O)C1CC(O)CN1,0.43992191990331,0.18745995714471242,-0.25246196275859756,0.25246196275859756
O=C(O)C1CCCN1,1.1291355285930789,0.29165099751845247,-0.8374845310746264,0.8374845310746264
O=NN1CCCC1,0.9994995827724336,0.01193052683215301,-0.9875690559402805,0.9875690559402805
CC1=NN(c2ccc(C)cc2)C(=O)C1,-2.3656680770301746,-2.5912920798308345,-0.22562400280065997,0.22562400280065997
CC1=NN(c2ccc(S(=O)(=O)O)cc2)C(=O)C1,-1.6926403734362376,-2.0411903128940487,-0.3485499394578111,0.3485499394578111
CC1=NN(c2cccc(S(=O)(=O)O)c2)C(=O)C1,-1.7718214570283128,-1.987726215974035,-0.21590475894572214,0.21590475894572214
CC1=NN(c2ccccc2)C(=O)C1,-1.9250853013953315,-2.1051347117005785,-0.18004941030524702,0.18004941030524702
CCC1(CC)C(=O)N(c2ccccc2)N=C1OC(C)=O,-3.539999922814733,-3.648040749112288,-0.10804082629755518,0.10804082629755518
CCOC(=O)C1=NN(c2ccccc2)C(=O)C1,-3.2553453074529832,-2.7906633083816663,0.4646819990713169,0.4646819990713169
COC(=O)C1CCCN1C(=O)COC(=O)c1ccccc1,-2.0799999488914582,-2.320084871352834,-0.2400849224613757,0.2400849224613757
COC(=O)[C@@H]1CCCN1C(=O)COC(=O)c1ccccc1,-2.084100027754131,-2.320084871352834,-0.2359848435987031,0.2359848435987031
NC(=O)C1CCCN1C(=O)COC(=O)c1ccccc1,-2.270000001460976,-1.9081251631635503,0.3618748382974255,0.3618748382974255
O=C(OCC(=O)N1CCCC1)c1ccccc1,-1.5700001016389824,-2.53497943683083,-0.9649793351918476,0.9649793351918476
O=C(OCC(=O)N1CCCC1C(=O)O)c1ccccc1,-1.5900001143398153,-1.9603625795649413,-0.37036246522512606,0.37036246522512606
O=C(OCC(=O)N1CCC[C@H]1C(=O)O)c1ccccc1,-1.5917000092014904,-1.960362443388152,-0.36866243418666156,0.36866243418666156
CC12CCC3(O)C(CCC4=CC(=O)CCC43C)C1CCC2=O,-2.6800000575628657,-2.9080171972156736,-0.2280171396528079,0.2280171396528079
CC12CCC3C(CCC4=CC(=O)CCC43C)C1CCC2=O,-3.7000000244213958,-3.8518283611632964,-0.15182833674190066,0.15182833674190066
CCC12CC[C@H]3[C@@H](CCC4=CC(=O)CC[C@@H]43)[C@@H]1CCC2=O,-3.7327198343982886,-4.0618423845545575,-0.3291225501562689,0.3291225501562689
C[C@]12CCC(=O)C=C1CC[C@@H]1[C@@H]2CC[C@]2(C)C(=O)CC(O)[C@@H]12,-2.213096895902274,-4.041326670352389,-1.8282297744501155,1.8282297744501155
C[C@]12CCC(=O)C=C1CC[C@@H]1[C@@H]2CC[C@]2(C)C(=O)CC[C@@H]12,-3.694899999394397,-3.8518283611632964,-0.15692836176889946,0.15692836176889946
C[C@]12CC[C@H]3[C@@H](CCC4=CC(=O)CC[C@@H]43)[C@@H]1CCC2=O,-3.1565005508077144,-3.8532774183789567,-0.6967768675712422,0.6967768675712422
COc1ccc(Cn2cc(F)c(=O)[nH]c2=O)cc1,-2.749999999883189,-3.3524194253945003,-0.6024194255113113,0.6024194255113113
Cc1ccc(Cn2cc(F)c(=O)[nH]c2=O)cc1,-2.920000056773972,-3.3334042432343733,-0.4134041864604012,0.4134041864604012
Cc1cn(Cc2ccccc2)c(=O)[nH]c1=O,-2.2558000305728854,-2.625671816781723,-0.3698717862088374,0.3698717862088374
O=c1[nH]c(=O)n(Cc2ccc(Cl)cc2)cc1F,-3.4899999591510453,-3.613471760468376,-0.1234718013173306,0.1234718013173306
O=c1[nH]c(=O)n(Cc2ccc(Cl)cc2Cl)cc1F,-3.9399999725662065,-3.94870221411395,-0.008702241547743572,0.008702241547743572
O=c1[nH]c(=O)n(Cc2ccccc2)cc1F,-2.6500000725558137,-2.777298884228938,-0.1272988116731244,0.1272988116731244
CCC(C)(C)C(=O)OC1CC(C)C=C2C=CC(C)C(CCC3CC(O)CC(=O)O3)C21,-5.479999861116023,-4.415637853938806,1.064362007177217,1.064362007177217
CCC(C)(C)C(=O)O[C@H]1C[C@@H](C)C=C2C=C[C@H](C)[C@H](CC[C@@H]3C[C@@H](O)CC(=O)O3)[C@H]21,-7.144699831579068,-4.415637853938806,2.729061977640262,2.729061977640262
CCC(C)C(=O)OC1CC(C)C=C2C=CC(C)C(CCC3CC(O)CC(=O)O3)C21,-6.010000197688095,-3.854863060914352,2.155137136773743,2.155137136773743
CCC(C)C(=O)OC1CC(O)C=C2C=CC(C)C(CCC3CC(O)CC(=O)O3)C21,-3.349999870245215,-3.4549079154591724,-0.10490804521395747,0.10490804521395747
CCC(C)C(=O)OC1CCC=C2C=CC(C)C(CCC3CC(O)CC(=O)O3)C21,-5.420000095367103,-3.833948893426495,1.5860512019406077,1.5860512019406077
C1OC1C1CO1,1.0649998013974877,0.55537614252564,-0.5096236588718477,0.5096236588718477
C1O[C@@H]1[C@@H]1CO1,1.0649998013974877,0.5553755978184824,-0.5096242035790053,0.5096242035790053
C1O[C@@H]1[C@H]1CO1,1.0649998013974877,0.5553755978184824,-0.5096242035790053,0.5096242035790053
C1O[C@H]1[C@H]1CO1,1.0649998013974877,0.5553755978184824,-0.5096242035790053,0.5096242035790053
CC1OC1C1OC1C,-0.05750002628762685,-0.6683566933145726,-0.6108566670269457,0.6108566670269457
CCc1c[nH]c(=O)nc1N,-1.0197001634294698,-1.456879813009623,-0.4371796495801532,0.4371796495801532
Cc1c[nH]c(=O)nc1N,-1.440000155260358,-1.2305892588692062,0.20941089639115185,0.20941089639115185
Nc1ccnc(=O)[nH]1,-1.142600124364049,-1.0077995376298503,0.1348005867341986,0.1348005867341986
Nc1nc(=O)[nH]cc1F,-0.9720001576498052,-1.5885370309148503,-0.6165368732650451,0.6165368732650451
O=c1nccc[nH]1,0.6748998723214297,-0.02770236594537767,-0.7026022382668073,0.7026022382668073
CC(C)(C1CCC(O)CC1)C1CCC(O)CC1,-3.097609736487484,-1.8786321302991162,1.218977606188368,1.218977606188368
CC1CC(CC2CCC(N)C(C)C2)CCC1N,-1.8210383360647422,-0.3796932205169279,1.4413451155478143,1.4413451155478143
CCOC(=O)CC(NC1CCC(CC2CCC(NC(CC(=O)OCC)C(=O)OCC)C(C)C2)CC1C)C(=O)OCC,-5.066533901459545,-3.2402103807732923,1.8263235206862527,1.8263235206862527
CCOC(=O)CC(NC1CCC(CC2CCC(NC(CC(=O)OCC)C(=O)OCC)CC2)CC1)C(=O)OCC,-3.7440776595154888,-2.922641852443505,0.8214358070719836,0.8214358070719836
NC1CCC(CC2CCC(N)CC2)CC1,-1.624003594821681,-0.37713663747334136,1.2468669573483397,1.2468669573483397
CC(C)=NNC(=N)N1Cc2cccc3cccc(c23)C1,-2.480000032687129,-2.364907189219583,0.11509284346754578,0.11509284346754578
CN(C)NC(=N)N1Cc2cccc3cccc(c23)C1,-1.0700000564717391,-1.7967867478230652,-0.7267866913513261,0.7267866913513261
CN=C(NC)N1Cc2cccc3cccc(c23)C1,-1.1499999710982813,-2.4181683827234393,-1.268168411625158,1.268168411625158
COc1cc2c3c(cccc3c1)CN(C(N)=NO)C2,-1.2100001453775693,-2.261540699305464,-1.0515405539278946,1.0515405539278946
NC(=NO)N1Cc2cccc3c(Cl)ccc(c23)C1,-2.0000000342649162,-2.607589377540369,-0.6075893432754529,0.6075893432754529
CC1c2nc3ccccc3c(=O)n2C(C)CN1C,-2.0899999552418747,-1.5912735034971912,0.49872645174468344,0.49872645174468344
CCCN1CC(C)n2c(nc3ccccc3c2=O)C1C,-2.240000050498121,-2.1243483034428134,0.11565174705530756,0.11565174705530756
CCCN1CCn2c(nc3ccccc3c2=O)C1C,-2.309999958774247,-2.7276875691221054,-0.4176876103478584,0.4176876103478584
CCN1CC(C)n2c(nc3ccccc3c2=O)C1C,-2.4600000540304934,-1.8096177334476435,0.6503823205828498,0.6503823205828498
CCN1CCn2c(nc3ccccc3c2=O)C1C,-2.5000000113437646,-2.4642564638473603,0.03574354749640429,0.03574354749640429
C(=C\c1ccccc1)/c1ccccc1,-5.79050009914949,-5.461323214454264,0.3291768846952259,0.3291768846952259
CC/C(=C(/CC)c1ccc(O)cc1)c1ccc(O)cc1,-4.349500055585933,-3.870589709788042,0.47891034579789116,0.47891034579789116
CCC(=C(CC)c1ccc(O)cc1)c1ccc(O)cc1,-4.3499998244029126,-3.870589709788042,0.4794101146148706,0.4794101146148706
Nc1ccc(/C=C/c2ccc(N)cc2S(=O)(=O)O)c(S(=O)(=O)O)c1,-4.063530363947162,-1.4191137678375318,2.6444165961096306,2.6444165961096306
Nc1ccc(/C=C/c2ccc(N)cc2S(=O)(=O)[O-])c(S(=O)(=O)[O-])c1,-0.6173903510651386,-0.4791932428505348,0.13819710821460385,0.13819710821460385
CCCc1cc(=O)[nH]c(=S)[nH]1,-2.1503999445747457,-2.4955852619650605,-0.34518531739031477,0.34518531739031477
CCOC(=O)c1c[nH]c(=S)[nH]c1=O,-2.098500042345802,-2.6065075210372384,-0.5080074786914364,0.5080074786914364
Cc1c[nH]c(=S)[nH]c1=O,-2.446100012520985,-2.1103592704014535,0.33574074211953153,0.33574074211953153
Cc1cc(=O)[nH]c(=S)[nH]1,-2.4258999561165715,-2.146883791784881,0.2790161643316904,0.2790161643316904
O=c1cc[nH]c(=S)[nH]1,-2.2572998817309795,-1.9804790234206835,0.276820858310296,0.276820858310296
CCOP(=S)(OCC)Oc1ccc(=O)n(-c2ccccc2)n1,-3.53189988907377,-4.930511264217563,-1.3986113751437927,1.3986113751437927
CNc1cnn(-c2cccc(C(F)(F)F)c2)c(=O)c1Cl,-3.9547998022114608,-4.68878588806307,-0.7339860858516096,0.7339860858516096
Nc1cnn(-c2ccccc2)c(=O)c1Br,-3.1240000450390486,-2.9031169775828745,0.22088306745617414,0.22088306745617414
Nc1cnn(-c2ccccc2)c(=O)c1Cl,-2.743599895048098,-2.8587016921395447,-0.11510179709144674,0.11510179709144674
O=c1c(Cl)c(Cl)cnn1-c1ccccc1,-3.3821999615054863,-4.185528357917366,-0.8033283964118794,0.8033283964118794
CC(=O)Nc1nc2c(ncn2COCCO)c(=O)[nH]1,-1.9199999834615844,-2.2130584940476723,-0.2930585105860879,0.2930585105860879
CC(=O)Nc1nc2c(ncn2COCCOC(C)=O)c(=O)[nH]1,-2.140000123170746,-2.8390063069165272,-0.699006183745781,0.699006183745781
CC(=O)OCCOCn1cnc2c(=O)[nH]c(N)nc21,-2.7000000362195014,-2.531245945885135,0.1687540903343665,0.1687540903343665
Nc1nc2c(ncn2COC(CO)CO)c(=O)[nH]1,-1.7699999562937325,-1.8436754122916776,-0.07367545599794512,0.07367545599794512
Nc1nc2c(ncn2COCCO)c(=O)[nH]1,-2.119999906204729,-2.1250814792767687,-0.005081573072039713,0.005081573072039713
CC1=CC(=O)c2ccccc2C1=O,-3.031899907739396,-3.255530610019115,-0.22363070227971882,0.22363070227971882
CSC1=CC(=O)c2ccccc2C1=O,-4.465099715019308,-4.479427555912614,-0.014327840893305854,0.014327840893305854
O=C(CC(Cl)Cl)NC1=C(Cl)C(=O)c2ccccc2C1=O,-5.03000012005444,-5.8115516690178195,-0.7815515489633791,0.7815515489633791
O=C1C(Cl)=C(Cl)C(=O)c2ccccc21,-5.023776432249976,-5.23531413773747,-0.21153770548749407,0.21153770548749407
O=C1C(Cl)=C(NC(=O)C(Cl)Cl)C(=O)c2ccccc21,-5.0261000168069545,-5.769731777003045,-0.7436317601960907,0.7436317601960907
CC(C)OC(=O)C1(S(=O)(=O)c2ccc([N+](=O)[O-])cc2)CCCCC1,-4.879599937391032,-4.071437128779816,0.8081628086112165,0.8081628086112165
COC(=O)C1(S(=O)(=O)c2ccc(Br)cc2)CCCCC1,-4.478600009563627,-4.0263401423289125,0.4522598672347149,0.4522598672347149
COC(=O)C1(S(=O)(=O)c2ccc(C)cc2)CCCCC1,-4.60999998951374,-3.897618487472081,0.7123815020416586,0.7123815020416586
COC(=O)C1(S(=O)(=O)c2ccccc2)CCCCC1,-3.8499998473240638,-3.4550759916614493,0.39492385566261445,0.39492385566261445
Cc1ccc(S(=O)(=O)C2(C(=O)OC(C)C)CCCCC2)cc1,-4.619999859687367,-4.283316910362201,0.33668294932516574,0.33668294932516574
C=C(Br)C(=O)Nc1ccc(NNC2=C3C(=O)C=C(S(=O)(=O)[O-])C=C3C=CC2=N)c(S(=O)(=O)[O-])c1,-1.678533275118496,-1.146308490692106,0.5322247844263901,0.5322247844263901
C=C(Br)C(=O)Nc1ccc(NNC2=C3C(=O)C=C(S(=O)(=O)[O-])C=C3C=CC2=NC)c(S(=O)(=O)[O-])c1,-1.9476531998132682,-1.0713272354609154,0.8763259643523529,0.8763259643523529
CC(=O)Nc1ccc(NNC2=C3C(=O)C=C(S(=O)(=O)[O-])C=C3C=CC2=N)c(C(F)(F)F)c1,-1.3288182070508563,-2.6560511562797555,-1.3272329492288992,1.3272329492288992
N=C1C=CC2=CC(S(=O)(=O)[O-])=CC(=O)C2=C1NNc1ccc(N)cc1S(=O)(=O)[O-],0.3165863294195441,-1.0803079585429156,-1.3968942879624597,1.3968942879624597
N=C1C=CC2=CC(S(=O)(=O)[O-])=CC(=O)C2=C1NNc1ccccc1C(F)(F)F,-2.068630004040004,-2.627234717793294,-0.5586047137532901,0.5586047137532901
CCOC(=O)Cc1ccc(-c2nc3ccccc3s2)cc1,-4.360000103106907,-5.185092546349087,-0.8250924432421796,0.8250924432421796
CCOP(=O)(Cc1ccc(-c2nc3ccccc3s2)cc1)OCC,-4.001699837441985,-4.6980926183788165,-0.6963927809368311,0.6963927809368311
Cc1ccc(-c2nc3ccccc3s2)cc1,-4.3499998244029126,-4.987905423278724,-0.6379055988758111,0.6379055988758111
Cc1ccc2nc(-c3ccc(N)cc3)sc2c1,-3.680000011720563,-3.6830097230307697,-0.003009711310206775,0.003009711310206775
Cc1ccc2nc(-c3ccc(N)cc3)sc2c1S(=O)(=O)O,-4.33249947284771,-2.515405180861955,1.8170942919857547,1.8170942919857547
O=C(NC(=O)c1c(F)cccc1F)Nc1cc(Cl)c(F)c(Cl)c1F,-7.30229968109634,-6.560431410322558,0.7418682707737823,0.7418682707737823
O=C(NC(=O)c1c(F)cccc1F)Nc1cc(Cl)c(OC(F)(F)C(F)F)c(Cl)c1,-5.820000077030182,-6.872583472811053,-1.0525833957808715,1.0525833957808715
O=C(NC(=O)c1c(F)cccc1F)Nc1ccc(Cl)cc1,-6.5399997171994295,-5.8445129885306555,0.695486728668774,0.695486728668774
O=C(NC(=O)c1c(F)cccc1F)Nc1ccc(OC(F)(F)C(F)OC(F)(F)F)c(Cl)c1,-6.967500056768127,-6.669685776078562,0.2978142806895656,0.2978142806895656
O=C(NC(=O)c1ccccc1Cl)Nc1ccc(OC(F)(F)F)cc1,-7.156799684021532,-5.8949245465402065,1.2618751374813257,1.2618751374813257
CC(=O)Nc1ccc(S(=O)(=O)Nc2ccccn2)cc1,-3.716200091903322,-3.8005064613168233,-0.08430636941350134,0.08430636941350134
CCOC(=O)c1ccc(NS(=O)(=O)c2ccccc2)nc1,-4.2399997545483314,-4.236752755182652,0.003246999365679848,0.003246999365679848
Cc1ccc(NS(=O)(=O)c2ccc([N+](=O)[O-])cc2)nc1,-4.289999922477203,-3.965001077856562,0.3249988446206409,0.3249988446206409
Nc1ccc(S(=O)(=O)Nc2ccccn2)cc1,-2.7000000362195014,-3.3119096051597383,-0.611909568940237,0.611909568940237
O=S(=O)(Nc1ncccc1Cl)c1ccccc1,-3.1700000538244457,-4.154263256492892,-0.9842632026684464,0.9842632026684464
CC(=O)OC1c2ccccc2N(C(N)=O)c2ccccc2C1OC(C)=O,-3.549999929165149,-3.242533199335831,0.3074667298293181,0.3074667298293181
CC(CN(C)C)CN1c2ccccc2CCc2ccccc21,-4.789999831467657,-3.529134955542451,1.2608648759252064,1.2608648759252064
CN(C)CCCN1c2ccccc2CCc2ccccc21,-4.186999748126482,-3.6055997207170116,0.5814000274094702,0.5814000274094702
CNCCCN1c2ccccc2CCc2ccccc21,-3.6576170413825873,-3.7902410464039296,-0.1326240050213423,0.1326240050213423
NC(=O)N1c2ccccc2C(O)C(O)c2ccccc21,-2.0299999852277706,-2.6365505038655335,-0.6065505186377629,0.6065505186377629
CCOC(=O)c1c(C)oc(C)c(C(=O)OCC)c1=O,-1.525500114232666,-2.001421107150361,-0.4759209929176951,0.4759209929176951
CCc1occc(=O)c1O,-1.1759581268643124,-0.7978218734413507,0.37813625342296175,0.37813625342296175
COc1coc(CSP(=O)(OC)OC)cc1=O,0.728599827440628,-1.9563810425974129,-2.684980870038041,2.684980870038041
Cc1occc(=O)c1O,-1.0630000247910898,-0.670053728463671,0.39294629632741884,0.39294629632741884
O=C(O)c1cc(=O)cc(C(=O)O)o1,-1.1096999482296388,-1.1765481808926421,-0.06684823266300333,0.06684823266300333
Cc1c(C)c2c3ccccc3ccc2c2ccccc12,-7.010899871893143,-6.752489162267814,0.25841070962532875,0.25841070962532875
Cc1cc2c3ccccc3ccc2c2ccccc12,-6.571499587408773,-6.866029556292371,-0.29452996888359806,0.29452996888359806
Cc1cc2ccccc2c2ccc3ccccc3c12,-6.591999913633742,-6.786926093470236,-0.19492617983649385,0.19492617983649385
Nc1cc2c3ccccc3ccc2c2ccccc12,-6.1957998091011754,-5.536366157771038,0.6594336513301373,0.6594336513301373
c1ccc2c(c1)ccc1c3ccccc3ccc21,-8.057499931902782,-6.843511362402554,1.2139885695002288,1.2139885695002288
CC(C)(C)NC(=O)C1N(C(=O)C(O)C(Cc2ccccc2)NC(=O)c2ccc(Cl)cc2)CSC1(C)C,-4.280000188480365,-4.150597377323118,0.12940281115724694,0.12940281115724694
CC(C)(C)NC(=O)C1N(C(=O)C(O)C(Cc2ccccc2)NC(=O)c2ccc([N+](=O)[O-])cc2)CSC1(C)C,-3.9799999298794773,-4.113500368717189,-0.13350043883771212,0.13350043883771212
CC(C)(C)NC(=O)C1N(C(=O)C(O)C(Cc2ccccc2)NC(=O)c2ccccc2)CSC1(C)C,-3.619999837441275,-3.551591188993106,0.06840864844816874,0.06840864844816874
COc1ccc(C(=O)NC(Cc2ccccc2)C(O)C(=O)N2CSC(C)(C)C2C(=O)NC(C)(C)C)cc1,-4.110000080523285,-3.9467330977396955,0.16326698278358975,0.16326698278358975
Cc1ccc(C(=O)NC(Cc2ccccc2)C(O)C(=O)N2CSC(C)(C)C2C(=O)NC(C)(C)C)cc1,-4.110000080523285,-3.9981710202107092,0.111829060312576,0.111829060312576
C=CC(=O)OCCn1c(=O)n(CCOC(=O)C=C)c(=O)n(CCOC(=O)C=C)c1=O,-2.45141935026726,-2.1365877370943793,0.3148316131728808,0.3148316131728808
C=CCn1c(=O)n(CC=C)c(=O)n(CC=C)c1=O,-1.852602073188299,-2.055416429725698,-0.20281435653739877,0.20281435653739877
O=c1[nH]c(=O)[nH]c(=O)[nH]1,-1.8076460297143908,-2.3393808500526365,-0.5317348203382457,0.5317348203382457
O=c1n(CCO)c(=O)n(CCO)c(=O)n1CCO,0.3403663374396415,0.4999987617150121,0.1596324242753706,0.1596324242753706
O=c1n(Cl)c(=O)n(Cl)c(=O)n1Cl,-1.2871000390977403,-1.2227676726183025,0.06433236647943774,0.06433236647943774
CCc1nc2[nH]c(=O)[nH]c(=O)c2nc1CC,-2.390000077665973,-3.0938359159345126,-0.7038358382685397,0.7038358382685397
Cc1nc2c(=O)[nH]c(=O)n(C)c2nc1C,-2.112900056937473,-2.1355292349106256,-0.022629177973152448,0.022629177973152448
Cc1nc2c(=O)n(C)c(=O)n(C)c2nc1C,-1.342900112662565,-1.392788887977734,-0.04988877531516889,0.04988877531516889
Cn1c(=O)c2nccnc2n(C)c1=O,-1.4597999880808208,-1.0117572436592392,0.44804274442158154,0.44804274442158154
O=c1[nH]c(=O)c2nccnc2[nH]1,-2.1182999432546596,-2.494370088385139,-0.37607014513047954,0.37607014513047954
CCOP(=S)(OCC)SCn1c(=O)oc2cc(Cl)ccc21,-5.081299686907458,-5.546368615303663,-0.4650689283962057,0.4650689283962057
CCOP(=S)(OCC)SCn1c(=O)oc2ccccc21,-5.190499718124504,-4.988996880245504,0.20150283787899959,0.20150283787899959
O=C(O)CCC(=O)OCn1c(=O)oc2ccc(Cl)cc21,-3.410000044524503,-3.1684653584303724,0.24153468609413054,0.24153468609413054
O=c1[nH]c2cc(Cl)ccc2o1,-2.66000007890623,-3.9346581656496857,-1.2746580867434556,1.2746580867434556
O=c1oc2ccc(Cl)cc2n1CO,-2.7000000362195014,-3.0225692826526407,-0.32256924643313933,0.32256924643313933
O=C(O)c1ccccc1-c1c2ccc(=O)cc-2oc2cc(O)ccc12,-3.819999896361209,-4.188334144485495,-0.36833424812428595,0.36833424812428595
O=C([O-])c1c(Cl)c(Cl)c(Cl)c(Cl)c1-c1c2cc(Br)c(=O)c(Br)c-2oc2c(Br)c([O-])c(Br)cc12,-6.4900688632563455,-6.681624395202414,-0.19155553194606867,0.19155553194606867
O=C([O-])c1ccccc1-c1c2cc(Br)c(=O)c(Br)c-2oc2c(Br)c([O-])c(Br)cc12,-3.9917899801261303,-5.0645811263000144,-1.0727911461738842,1.0727911461738842
O=C([O-])c1ccccc1-c1c2cc(I)c(=O)c(I)c-2oc2c(I)c([O-])c(I)cc12,-1.0993151062724698,-2.7718149768327125,-1.6724998705602427,1.6724998705602427
O=C([O-])c1ccccc1-c1c2ccc(=O)cc-2oc2cc([O-])ccc12,-1.5755054568795337,-3.1863848366100997,-1.610879379730566,1.610879379730566
Cc1ccc(C(=O)OCCCl)cc1N/N=C1/C(=O)C(C(=O)Nc2cc(C)c(NC(=O)C3=Cc4ccccc4/C(=N/Nc4c(C)cccc4C(=O)OCCCl)C3=O)cc2C)=Cc2ccccc21,-7.814240796569644,-8.128306960009489,-0.31406616343984517,0.31406616343984517
Cc1ccc(Cl)cc1N/N=C1\C(=O)C(C(=O)Nc2cc(C)c(NC(=O)C3=Cc4ccccc4/C(=N\Nc4cc(Cl)ccc4C)C3=O)cc2C)=Cc2ccccc21,-7.678196371041363,-8.037825109374959,-0.3596287383335959,0.3596287383335959
O=C(Nc1cc(Cl)c(NC(=O)C2=Cc3ccccc3/C(=N\Nc3cc(C(F)(F)F)ccc3Cl)C2=O)cc1Cl)C1=Cc2ccccc2/C(=N/Nc2cc(C(F)(F)F)ccc2Cl)C1=O,-7.692243279218204,-8.48729784626169,-0.7950545670434863,0.7950545670434863
O=C(Nc1cc(Cl)c(NC(=O)C2=Cc3ccccc3/C(=N\Nc3cc(Cl)ccc3Cl)C2=O)cc1Cl)C1=Cc2ccccc2/C(=N/Nc2cc(Cl)ccc2Cl)C1=O,-8.150868185764747,-8.659587630755194,-0.5087194449904473,0.5087194449904473
O=C(Nc1ccc(NC(=O)C2=Cc3ccccc3/C(=N\Nc3cc(Cl)ccc3Cl)C2=O)c(Cl)c1)C1=Cc2ccccc2/C(=N\Nc2cc(Cl)ccc2Cl)C1=O,-7.869298161925258,-8.448675385261266,-0.5793772233360084,0.5793772233360084
Cc1ccc2[nH]c3cc4c(=O)c5cc(C)ccc5[nH]c4cc3c(=O)c2c1,-7.783778593495281,-6.228554412247751,1.5552241812475298,1.5552241812475298
O=c1c2cc(Cl)ccc2[nH]c2cc3c(=O)c4cc(Cl)ccc4[nH]c3cc12,-7.419805270873702,-6.679928721821209,0.739876549052493,0.739876549052493
O=c1c2cc3[nH]c4c(Cl)cccc4c(=O)c3cc2[nH]c2c(Cl)cccc12,-6.457321613656395,-6.455040380080911,0.002281233575484265,0.002281233575484265
O=c1c2ccccc2[nH]c2cc3c(=O)c4c(Cl)c(Cl)ccc4[nH]c3cc12,-7.066625320577394,-6.757648083756214,0.30897723682118006,0.30897723682118006
O=c1c2ccccc2[nH]c2cc3c(=O)c4ccccc4[nH]c3cc12,-7.4817736082897195,-5.928548774663684,1.553224833626036,1.553224833626036
C=CC(=O)OCC1CC2CC1C1CCC(COC(=O)C=C)C21,-4.4930858155326,-3.7040736849869313,0.789012130545669,0.789012130545669
CC(=O)OC1CC2CC1C1CCCC21,-3.338049846315253,-3.3755514021181945,-0.03750155580294168,0.03750155580294168
CN(C)C(=O)NC1CC2CC1C1CCCC21,-3.0099999692398813,-2.079284680305305,0.9307152889345764,0.9307152889345764
O=CC1CCC2C3CCC(C3)C12,-2.419967618552958,-2.633120687160128,-0.21315306860716987,0.21315306860716987
OCC1CC2CC1C1CCC(CO)C21,-1.251505469008904,-2.245028310357123,-0.9935228413482191,0.9935228413482191
CCCCCC1CCC(c2ccc(CCC)cc2)CC1,-6.772570336335109,-6.25912501204645,0.513445324288659,0.513445324288659
O=[N+]([O-])c1cc(C2CCCCC2)c(O)c([N+](=O)[O-])c1,-4.249199858438002,-3.6753540001093157,0.5738458583286867,0.5738458583286867
Oc1ccc(C2CCCCC2)c(O)c1,-2.576299900470598,-3.003757293284349,-0.42745739281375084,0.42745739281375084
Oc1ccc(C2CCCCC2)cc1,-3.467999883900574,-3.6308718518624064,-0.16287196796183245,0.16287196796183245
c1ccc(C2CCCCC2)cc1,-4.341502120392798,-4.540456137305206,-0.198954016912408,0.198954016912408
CN1C2CCC1CC(OC(=O)C(CO)c1ccccc1)C2,-1.909999977111168,-1.821950039669558,0.08804993744160994,0.08804993744160994
CN1C2CCC1CC(OC(=O)C(COS(=O)(=O)O)c1ccccc1)C2,-1.5675000319629837,-1.9149585144540138,-0.34745848249103006,0.34745848249103006
CN1C2CCC1CC(OC(=O)C(O)c1ccccc1)C2,-1.440000155260358,-1.6757276247271564,-0.23572746946679835,0.23572746946679835
CN1[C@@H]2CC[C@H]1CC(OC(=O)[C@H](CO)c1ccccc1)C2,-1.909999977111168,-1.8219501758463474,0.08804980126482054,0.08804980126482054
CN1[C@@H]2CC[C@H]1C[C@@H](OC(=O)C(CO)c1ccccc1)C2,-2.0000000342649162,-1.8219499034927686,0.1780501307721476,0.1780501307721476
CCONC(=O)c1cn(C)c(=O)c(C)c1Nc1ccc(Br)cc1F,-3.819999896361209,-4.407002202841063,-0.5870023064798544,0.5870023064798544
CCONC(=O)c1cn(C)c(=O)c(F)c1Nc1ccc(Br)cc1F,-4.189999995149828,-4.50522965307803,-0.3152296579282021,0.3152296579282021
CONC(=O)c1cn(C)c(=O)c(C)c1Nc1ccc(Br)cc1F,-3.2799999449469905,-4.080636143255172,-0.8006361983081818,0.8006361983081818
Cc1c(Nc2ccc(Br)cc2F)c(C(=O)NOCCO)cn(C)c1=O,-2.9600000225982925,-3.6758498878877974,-0.7158498652895049,0.7158498652895049
Cn1cc(C(N)=O)c(Nc2ccc(Br)cc2F)c(F)c1=O,-4.139999827220956,-4.129244856750287,0.010754970470669534,0.010754970470669534
CC1NC(=O)c2ccccc2N(CC(O)C(O)C(O)CO)C1=O,-1.5100000635364839,-1.2936810547975057,0.21631900873897814,0.21631900873897814
CC1NC(=O)c2ccccc2NC1=O,-2.3800001394039514,-2.2355943909201077,0.1444057484838437,0.1444057484838437
O=C1CNC(=O)c2cc(Cl)ccc2N1,-3.0499999302767367,-2.729205259439607,0.32079467083712965,0.32079467083712965
O=C1CNC(=O)c2ccccc2N1,-2.8499998931663666,-1.8765444039413224,0.9734554892250442,0.9734554892250442
O=C1NCC(=O)N(CC(O)C(O)C(O)CO)c2ccccc21,-1.4600000317844015,-1.5315447295591127,-0.07154469777471117,0.07154469777471117
CCc1nc2nc(N)[nH]c(=O)c2nc1CC,-4.280000188480365,-2.996938189490473,1.2830619989898917,1.2830619989898917
Cc1cnc2c(=O)[nH]cnc2n1,-1.5599999591117766,-1.6686855144185926,-0.108685555306816,0.108685555306816
Cc1cnc2nc[nH]c(=O)c2n1,-1.6500000162655246,-1.6741780690409431,-0.024178052775418513,0.024178052775418513
Cc1nc2nc[nH]c(=O)c2nc1C,-2.289999946073414,-1.903228109641104,0.3867718364323103,0.3867718364323103
Cn1cnc2nccnc2c1=O,-1.0700000564717391,-1.0694204880561908,0.0005795684155482927,0.0005795684155482927
CCOP(=S)(OCC)Oc1cnc2ccccc2n1,-4.132199688814378,-4.513551008145913,-0.381351319331535,0.381351319331535
COc1cc2nccnc2c(N)c1OC,-1.7101999618948147,-1.8201993508654488,-0.1099993889706341,0.1099993889706341
Clc1c(Cl)c(Cl)c2nccnc2c1Cl,-5.427999937035289,-5.42157484375935,0.006425093275939098,0.006425093275939098
Oc1cccc2nccnc12,-1.3467999435564728,-1.3718199774205508,-0.02502003386407803,0.02502003386407803
c1ccc2nccnc2c1,0.7051000712530491,-0.05771545796840627,-0.7628155292214553,0.7628155292214553
CC(=O)OCn1cc2c(=O)n(COC(C)=O)cnc2n1,-1.9900000279144996,-2.4840371297847192,-0.49403710187021965,0.49403710187021965
CC(C)(C)C(=O)OCn1cc2c(=O)[nH]cnc2n1,-2.1700000741336005,-3.3588573192886404,-1.1888572451550399,1.1888572451550399
CC(C)(C)C(=O)OCn1cc2c(=O)n(COC(=O)C(C)(C)C)cnc2n1,-3.9100000216033517,-4.376865870823657,-0.4668658492203055,0.4668658492203055
CCCC(=O)OCn1cc2c(=O)[nH]cnc2n1,-2.2000000250964553,-2.8474367055484957,-0.6474366804520404,0.6474366804520404
CCCC(=O)OCn1cc2c(=O)n(COC(=O)CCC)cnc2n1,-3.549999929165149,-3.480126324861162,0.06987360430398715,0.06987360430398715
CC(C)COC(=O)n1c(-c2cscn2)nc2ccccc21,-4.169999982448995,-4.554864322504239,-0.38486434005524384,0.38486434005524384
CCCOC(=O)n1c(-c2cscn2)nc2ccccc21,-3.5199999441580974,-4.186588221869013,-0.666588277710916,0.666588277710916
CCOC(=O)n1c(-c2cscn2)nc2ccccc21,-2.920000056773972,-3.9895323732236,-1.069532316449628,1.069532316449628
COC(=O)n1c(-c2cscn2)nc2ccccc21,-3.1099998710341086,-3.7286092018344394,-0.6186093308003309,0.6186093308003309
c1ccc2[nH]c(-c3cscn3)nc2c1,-3.604799954433056,-2.661172595106882,0.9436273593261739,0.9436273593261739
CCCCCCCCCCNC(=O)NC12CC3CC(CC(C3)C1)C2,-5.82999981102702,-5.417225901814108,0.4127739092129117,0.4127739092129117
CCCCCOC(=O)CCCNC(=O)NC12CC3CC(CC(C3)C1)C2,-2.3199999651246634,-4.889716511073147,-2.569716545948484,2.569716545948484
COC(=O)CCCNC(=O)NC12CC3CC(CC(C3)C1)C2,-2.249999988760143,-3.5564661137872804,-1.3064661250271374,1.3064661250271374
NC12CC3CC(CC(C3)C1)C2,-1.8500000070970641,-2.1685872399439123,-0.3185872328468482,0.3185872328468482
O=C(O)CCCNC(=O)NC12CC3CC(CC(C3)C1)C2,-1.6000001206902317,-3.1578943032247926,-1.557894182534561,1.557894182534561
CC(=O)OCCN1CCN(CCCN2c3ccccc3Sc3ccc(Cl)cc32)CC1,-4.699999774313909,-4.376981757271409,0.3230180170425001,0.3230180170425001
CN1CCN(CCCN2c3ccccc3Sc3ccc(C(F)(F)F)cc32)CC1,-4.523799809490503,-5.081511714168503,-0.5577119046779995,0.5577119046779995
CN1CCN(CCCN2c3ccccc3Sc3ccc(Cl)cc32)CC1,-4.397900010062947,-4.5208837197229865,-0.12298370966003969,0.12298370966003969
OCCN1CCN(CCCN2c3ccccc3Sc3ccc(C(F)(F)F)cc32)CC1,-4.148799843703466,-4.512497272149787,-0.36369742844632125,0.36369742844632125
OCCN1CCN(CCCN2c3ccccc3Sc3ccc(Cl)cc32)CC1,-4.154600089781392,-3.9052488815107127,0.2493512082706797,0.2493512082706797
CC(C)(C)C(O)C(Cc1ccc(Cl)cc1)n1cncn1,-4.050000110509182,-3.888598954005111,0.16140115650407116,0.16140115650407116
CC(C)(C)C(O)C(Cc1ccc(Cl)cc1Cl)n1cncn1,-4.5619000325037025,-4.369085409963142,0.1928146225405607,0.1928146225405607
CCCC(Cn1cncn1)c1ccc(Cl)cc1Cl,-3.5903000541663834,-4.485702037659513,-0.8954019834931293,0.8954019834931293
CCCCC(C#N)(Cn1cncn1)c1ccc(Cl)cc1,-3.309999912931944,-4.387186845866612,-1.077186932934668,1.077186932934668
CCCCC(O)(Cn1cncn1)c1ccc(Cl)cc1Cl,-4.266799891403022,-3.9102123893063703,0.356587502096652,0.356587502096652
CC(=O)OCC(=O)C1(O)CCC2C3CCC4=CC(=O)CCC4(C)C3C(=O)CC21C,-4.2100000078506605,-3.230128957724933,0.9798710501257277,0.9798710501257277
CC(=O)OCC(=O)[C@@]1(O)CC[C@H]2[C@@H]3CCC4=CC(=O)CC[C@]4(C)[C@H]3C(=O)C[C@@]21C,-4.303699852194736,-3.230129059857525,1.073570792337211,1.073570792337211
CC12CCC(=O)C=C1CCC1C2C(=O)CC2(C)C1CCC2(O)C(=O)CO,-3.1099998710341086,-3.091484644934046,0.01851522610006251,0.01851522610006251
C[C@]12CCC(=O)C=C1CC[C@@H]1[C@@H]2C(=O)C[C@@]2(C)[C@H]1CC[C@]2(O)C(=O)CO,-3.1096999416555264,-3.091484644934046,0.018215296721480367,0.018215296721480367
C=CCc1ccc2cncnc2c1O,-3.619999837441275,-2.8263384951298085,0.7936613423114665,0.7936613423114665
CCCc1ncnc2c(O)cccc12,-2.9205999240421856,-2.5095463106762055,0.4110536133659801,0.4110536133659801
Cc1ncnc2c(O)cccc12,-2.6024999402587436,-1.8589601674838698,0.7435397727748738,0.7435397727748738
Oc1cccc2cncnc12,-2.036099956419095,-1.631660270980661,0.4044396854384342,0.4044396854384342
CC1(C)SC2C(NC(=O)C(N)c3ccc(O)cc3)C(=O)N2C1C(=O)O,-2.1700000741336005,-2.2566703364337335,-0.08667026230013297,0.08667026230013297
CC1(C)SC2C(NC(=O)C(N)c3ccccc3)C(=O)N2C1C(=O)O,-1.9900000279144996,-2.2300193131634,-0.24001928524890048,0.24001928524890048
CC1(C)SC2C(NC(=O)Cc3ccccc3)C(=O)N2C1C(=O)O,-1.6300000035646918,-2.989672408805373,-1.3596724052406814,1.3596724052406814
CC1(C)S[C@@H]2[C@H](NC(=O)[C@H](N)c3ccccc3)C(=O)N2[C@H]1C(=O)O,-1.5390164776381314,-2.2300194493401895,-0.691002971702058,0.691002971702058
CC1(C)C2CC=C(CCC=O)C1C2,-3.4657606608646088,-4.617288852164638,-1.151528191300029,1.151528191300029
CC1(C)[C@H]2CC=C(CCO)[C@@H]1C2,-2.6959998430318297,-4.0260891685061075,-1.3300893254742778,1.3300893254742778
CC1=CCC2CC1C2(C)C,-3.7725703376852286,-4.866801770372692,-1.094231432687463,1.094231432687463
CC1=CC[C@H]2C[C@@H]1C2(C)C,-4.772570564196505,-4.866802315079849,-0.09423175088334457,0.09423175088334457
CCN(C(=O)CNC)C1CC(C)S(=O)(=O)c2sc(S(N)(=O)=O)cc21,-1.2100001453775693,-2.0997843256463273,-0.889784180268758,0.889784180268758
NS(=O)(=O)c1cc2c(s1)S(=O)(=O)CC(O)C2,-1.5399999464109437,-1.723488773885247,-0.18348882747430317,0.18348882747430317
NS(=O)(=O)c1cc2c(s1)S(=O)(=O)CCC2,-2.6800000575628657,-1.9596895938718868,0.720310463690979,0.720310463690979
NS(=O)(=O)c1cc2c(s1)S(=O)(=O)CCC2O,-1.6500000162655246,-1.8791589982971795,-0.22915898203165486,0.22915898203165486
COC1COC2C(OC)COC12,1.059991763791707,-0.32824290595808137,-1.3882346697497883,1.3882346697497883
O=[N+]([O-])OC1COC2C(O[N+](=O)[O-])COC12,-2.630000093899178,-2.286181072280785,0.3438190216183932,0.3438190216183932
O=[N+]([O-])O[C@H]1CO[C@H]2[C@@H]1OC[C@H]2O[N+](=O)[O-],-2.632800092953759,-2.2861812084575748,0.34661888449618417,0.34661888449618417
O[C@@H]1CO[C@H]2[C@@H]1OC[C@@H]2O,1.1774499640463696,0.3553068377083122,-0.8221431263380574,0.8221431263380574
CCCCOC1=CC(=O)C2(Oc3c(Cl)c(OC)cc(OC)c3C2=O)C(C)C1,-5.400000082666271,-5.28676145640695,0.1132386262593208,0.1132386262593208
CCCOC1=CC(=O)C2(Oc3c(Cl)c(OC)cc(OC)c3C2=O)C(C)C1,-5.219999696005196,-4.965750957593307,0.25424873841188944,0.25424873841188944
CCOC1=CC(=O)C2(Oc3c(Cl)c(OC)cc(OC)c3C2=O)C(C)C1,-4.599999846986534,-4.632183188501713,-0.03218334151517954,0.03218334151517954
COC1=CC(=O)C2(Oc3c(Cl)c(OC)cc(OC)c3C2=O)C(C)C1,-4.399999992331784,-4.4255829810431075,-0.025582988711323473,0.025582988711323473
CNCCC(Oc1ccc(C(F)(F)F)cc1)c1ccccc1,-1.5900001143398153,-5.469360368562737,-3.8793602542229215,3.8793602542229215
CO/N=C(/C(=O)OC)c1ccccc1COc1ccccc1C,-5.195000088659523,-4.401835927806037,0.7931641608534861,0.7931641608534861
CO/N=C(\C(=O)OC)c1ccccc1COc1ccccc1C,-5.189999949307525,-4.4018360639828265,0.7881638853246988,0.7881638853246988
Nc1ccc(OCc2cccc(F)c2)c(Cl)c1,-4.693292114200032,-4.410729497742842,0.2825626164571897,0.2825626164571897
CC(C)(C)c1ccc(OCC2CO2)cc1,-3.4302389113138867,-6.110292496582241,-2.6800535852683547,2.6800535852683547
CCCCCC/C=C/CCCCCCCc1cccc(OCC2CO2)c1,-6.07985153708702,-6.367355328346411,-0.2875037912593914,0.2875037912593914
Cc1ccccc1OCC1CO1,-2.291104544100369,-3.292198236186069,-1.0010936920856999,1.0010936920856999
c1ccc(OCC2CO2)cc1,-1.7963922436642674,-2.902519025300762,-1.1061267816364944,1.1061267816364944
COc1cc2c(cc1OC)C13CCN4CC5=CCOC6CC(=O)N2C1C6C5CC43,-2.7899999571964598,-3.20612437715707,-0.4161244199606102,0.4161244199606102
COc1cc2c(cc1OC)[C@@]13CCN4CC5=CCOC6CC(=O)N2C1[C@H]6[C@H]5C[C@H]43,-2.0908999476428045,-3.2061244452454645,-1.11522449760266,1.11522449760266
O=C1CC2OCC=C3CN4CCC56c7ccccc7N1C5C2C3CC46,-3.3199999022602618,-2.9785342028052253,0.34146569945503646,0.34146569945503646
O=C1C[C@@H]2OCC=C3CN4CC[C@]56c7ccccc7N1[C@H]5[C@H]2[C@H]3C[C@H]46,-3.320199928941744,-2.978534679423988,0.3416652495177561,0.3416652495177561
O=C1C(S(=O)(=O)[O-])=Cc2cc(S(=O)(=O)[O-])ccc2/C1=N\Nc1ccc(S(=O)(=O)[O-])c2ccccc12,-1.082414068767274,0.7723885634760776,1.8548026322433517,1.8548026322433517
O=C1C=C(S(=O)(=O)O)c2cc([N+](=O)[O-])ccc2/C1=N\Nc1c(O)ccc2ccccc12,-5.166184262968613,-4.577428135618495,0.5887561273501181,0.5887561273501181
O=C1C=Cc2cc(S(=O)(=O)[O-])cc(S(=O)(=O)[O-])c2/C1=N/Nc1ccc(S(=O)(=O)[O-])c2ccccc12,-0.8783000409521518,0.39198877946024835,1.2702888204124,1.2702888204124
O=C1C=Cc2ccccc2/C1=N\Nc1ccc(S(=O)(=O)[O-])c2ccccc12,-2.426393052270871,-2.9536056627215035,-0.5272126104506323,0.5272126104506323
CC(=O)C1CCC2C3CC=C4CC(O)CCC4(C)C3CCC12C,-4.650000014915405,-4.4545603124062065,0.19543970250919873,0.19543970250919873
CC(=O)[C@H]1CC[C@H]2[C@@H]3CC=C4C[C@@H](O)CC[C@]4(C)[C@H]3CC[C@]12C,-4.651999907244058,-4.454560040052628,0.19743986719142992,0.19743986719142992
CC(C)CCCC(C)C1CCC2C3CC=C4CC(O)CCC4(C)C3CCC12C,-6.999999736965007,-5.8610394036883005,1.1389603332767066,1.1389603332767066
CC(C)CCC[C@@H](C)[C@H]1CC[C@H]2[C@@H]3CC=C4C[C@@H](O)CC[C@]4(C)[C@H]3CC[C@]12C,-7.100195350338703,-5.8610394036883005,1.2391559466504027,1.2391559466504027
CC(C)C1(C)N=C(c2ncccc2C(=O)O)NC1=O,-1.364029439477623,-2.0822457084133132,-0.7182162689356903,0.7182162689356903
CCc1cnc(C2=NC(C)(C(C)C)C(=O)N2)c(C(=O)O)c1,-2.3152999594164316,-2.7358872842728856,-0.420587324856454,0.420587324856454
COCc1cnc(C2=NC(C)(C(C)C)C(=O)N2)c(C(=O)O)c1,-1.8400000007466475,-2.777313795587374,-0.9373137948407266,0.9373137948407266
Cc1cnc(C2=NC(C)(C(C)C)C(=O)N2)c(C(=O)O)c1,-2.0910999913463857,-2.3327622495590057,-0.24166225821262,0.24166225821262
C1CCCCCC1,-3.5148999191310986,-4.219691165242791,-0.7047912461116925,0.7047912461116925
CN(O)C(=O)C1CCCCCC1,-1.450000025433985,-1.8831074443048914,-0.4331074188709063,0.4331074188709063
O=[N+]([O-])OC1CCCCCC1O[N+](=O)[O-],-3.0199999606959618,-2.906925059364946,0.11307490133101572,0.11307490133101572
OC1CCCCCC1,-0.8800002081674054,-1.1609244816717141,-0.2809242735043087,0.2809242735043087
O=[N+]([O-])c1ccc(-c2nc3ccc(Cl)cc3[nH]2)o1,-4.820000122872485,-4.587711117337217,0.232289005535268,0.232289005535268
O=[N+]([O-])c1ccc(-c2nc3ccc(F)cc3[nH]2)o1,-3.99999994258031,-4.283242285481628,-0.283242342901318,0.283242342901318
O=[N+]([O-])c1ccc(-c2nc3ccccc3[nH]2)o1,-3.8900000769909133,-3.945929518505637,-0.05592944151472379,0.05592944151472379
c1coc(-c2nc3ccccc3[nH]2)c1,-3.4139999994027934,-2.877832556482239,0.5361674429205543,0.5361674429205543
CC1OC(OC2C(O)CC(OC3C(O)CC(OC4CCC5(C)C(CCC6C5CC(O)C5(C)C(C7=CC(=O)OC7)CCC65O)C4)OC3C)OC2C)CC(O)C1O,-4.1599997718333945,-3.181863052274953,0.9781367195584414,0.9781367195584414
CC1OC(OC2C(O)CC(OC3C(O)CC(OC4CCC5(C)C(CCC6C5CCC5(C)C(C7=CC(=O)OC7)CCC65O)C4)OC3C)OC2C)CC(O)C1O,-5.2899998766349,-3.599445687340308,1.6905541892945917,1.6905541892945917
C[C@H]1O[C@@H](O[C@H]2[C@@H](O)C[C@H](O[C@H]3[C@@H](O)C[C@H](O[C@H]4CC[C@@]5(C)[C@H](CC[C@@H]6[C@@H]5CC[C@]5(C)[C@@H](C7=CC(=O)OC7)CC[C@]65O)C4)O[C@@H]3C)O[C@@H]2C)C[C@H](O)[C@@H]1O,-5.292600036251084,-3.5994458916054923,1.6931541446455918,1.6931541446455918
C[C@H]1O[C@@H](O[C@H]2[C@@H](O)C[C@H](O[C@H]3[C@@H](O)C[C@H](O[C@H]4CC[C@@]5(C)[C@H](CC[C@@H]6[C@@H]5C[C@@H](O)[C@]5(C)[C@@H](C7=CC(=O)OC7)CC[C@]65O)C4)O[C@@H]3C)O[C@@H]2C)C[C@H](O)[C@@H]1O,-4.081099961399758,-3.1818630948301996,0.8992368665695585,0.8992368665695585
CN1C(=O)C(Cc2ccc(O)cc2)N(CC(=O)O)C1=O,-0.04999995343641972,-1.8011124035373254,-1.7511124501009057,1.7511124501009057
COc1ccc(CC2NC(=O)N(C(C)C(=O)O)C2=O)cc1,-0.8600001954665726,-2.4124868147174467,-1.5524866192508742,1.5524866192508742
COc1ccc(CC2NC(=O)N(C)C2=O)cc1,-0.8899999421642435,-2.4663850432419645,-1.576385101077721,1.576385101077721
O=C(O)CN1C(=O)NC(=O)C1Cc1ccccc1,-1.7899999689945654,-1.9304016432522404,-0.14040167425767502,0.14040167425767502
CC(=O)OC[C@H]1O[C@@](COC(C)=O)(O[C@H]2O[C@H](COC(C)=O)[C@@H](OC(C)=O)[C@H](OC(C)=O)[C@H]2OC(C)=O)[C@@H](OC(C)=O)[C@@H]1OC(C)=O,-2.8726000654833834,-2.244755956778388,0.6278441087049953,0.6278441087049953
CC(=O)OC[C@H]1O[C@H](O[C@]2(COC(C)=O)O[C@H](COC(=O)C(C)C)[C@@H](OC(=O)C(C)C)[C@@H]2OC(=O)C(C)C)[C@H](OC(=O)C(C)C)[C@@H](OC(=O)C(C)C)[C@@H]1OC(=O)C(C)C,-6.073534840535418,-3.520792969690979,2.5527418708444385,2.5527418708444385
OCC1OC(OC2(CO)OC(CO)C(O)C2O)C(O)C(O)C1O,0.7899997629378248,0.06106964892185385,-0.728930114015971,0.728930114015971
OC[C@H]1O[C@@](CO)(O[C@H]2O[C@H](CO)[C@@H](O)[C@H](O)[C@H]2O)[C@@H](O)[C@@H]1O,0.7877999630823815,0.061069104214696246,-0.7267308588676853,0.7267308588676853
CC1(C)C(C=C(Cl)Cl)C1C(=O)OCc1c(F)c(F)cc(F)c1F,-6.809999888660673,-7.4245717308551455,-0.6145718421944721,0.6145718421944721
CC1(C)[C@H](C=C(Cl)Cl)[C@H]1C(=O)OCc1c(F)c(F)cc(F)c1F,-6.813700084381368,-7.424571458501566,-0.6108713741201974,0.6108713741201974
Cc1c(F)c(F)c(COC(=O)C2C(/C=C(\Cl)C(F)(F)F)C2(C)C)c(F)c1F,-7.320899796402474,-7.260656546554165,0.06024324984830898,0.06024324984830898
Cc1c(F)c(F)c(COC(=O)C2C(C=C(Cl)C(F)(F)F)C2(C)C)c(F)c1F,-7.321000022519449,-7.260656818907744,0.060343203611704865,0.060343203611704865
Nc1ccc(CC(=O)c2ccccc2)cc1,-1.80499997852019,-3.2716910330332363,-1.4666910545130463,1.4666910545130463
O=C(Cc1ccccc1)c1ccc(O)cc1,-1.5008000958236016,-3.242981118840258,-1.7421810230166563,1.7421810230166563
O=C(O)c1ccccc1CC(=O)c1ccccc1C(=O)O,-2.7909998693165883,-2.405527908427186,0.38547196088940217,0.38547196088940217
O=C(c1ccccc1)C(O)c1ccccc1,-2.8497223648696353,-2.3530856821345867,0.4966366827350486,0.4966366827350486
Nc1ccc(OP(=S)(Oc2ccc(N)cc2)Oc2ccc(N)cc2)cc1,-5.309407111771616,-5.082783605381195,0.22662350639042117,0.22662350639042117
O=C=Nc1ccc(OP(=S)(Oc2ccc(N=C=O)cc2)Oc2ccc(N=C=O)cc2)cc1,-6.491719053589902,-6.439776051407124,0.05194300218277803,0.05194300218277803
O=[N+]([O-])c1ccc(OP(=S)(Oc2ccc([N+](=O)[O-])cc2)Oc2ccc([N+](=O)[O-])cc2)cc1,-5.6788337701002085,-5.717667849831309,-0.038834079731100424,0.038834079731100424
S=P(Oc1ccccc1)(Oc1ccccc1)Oc1ccccc1,-6.954693991496002,-6.655915306784136,0.2987786847118663,0.2987786847118663
CCN(CC)c1cc2[o+]c3cc(N(CC)CC)c(C)cc3c(-c3ccc(S(=O)(=O)[O-])cc3S(=O)(=O)[O-])c2cc1C,-0.8053203121710855,-0.5218827598422093,0.28343755232887613,0.28343755232887613
CCN(CC)c1ccc2c(-c3ccccc3C(=O)[O-])c3ccc(N(CC)CC)cc3[o+]c2c1,-3.2357623361695884,-1.78233593928896,1.4534263968806285,1.4534263968806285
CCNc1cc2[o+]c3cc(NCC)c(C)cc3c(-c3ccccc3C(=O)OC)c2cc1C,-1.3909846816954032,-1.9436355759965573,-0.5526508943011541,0.5526508943011541
CCOC(=O)c1ccccc1-c1c2ccc(N(CC)CC)cc2[o+]c2cc(N(CC)CC)ccc12,-1.280189747921284,-2.092089111455957,-0.811899363534673,0.811899363534673
CCC1COC(Cn2cncn2)(c2ccc(Cl)cc2Cl)O1,-3.61299987384902,-3.6573930986524723,-0.0443932248034522,0.0443932248034522
CCCC1COC(Cn2cncn2)(c2ccc(Cl)cc2Cl)O1,-3.492899843880627,-3.850903720763491,-0.3580038768828637,0.3580038768828637
Clc1ccc(C2(Cn3cncn3)OCCO2)c(Cl)c1,-3.003099899833677,-3.3960564604865944,-0.3929565606529173,0.3929565606529173
OC[C@@H]1CO[C@@](Cn2cncn2)(c2ccc(Cl)cc2Cl)O1,-2.905955055072182,-2.990015914756553,-0.08406085968437083,0.08406085968437083
C1=CC2C3C=CC(C3)C2C1,-4.995574355348746,-3.4073915440799705,1.588182811268776,1.588182811268776
ClC1=C(Cl)C2(Cl)C3C(Cl)C=CC3C1(Cl)C2(Cl)Cl,-6.316799967647288,-6.441381575753767,-0.124581608106479,0.124581608106479
ClC1=C(Cl)C2(Cl)C3CC=CC3C1(Cl)C2(Cl)Cl,-5.639999690369107,-6.3872483060908,-0.7472486157216931,0.7472486157216931
OC1C=CC2C1C1(Cl)C(Cl)=C(Cl)C2(Cl)C1(Cl)Cl,-5.45999984841519,-5.124864139770819,0.3351357086443718,0.3351357086443718
CC(C)=NOCCOC(=O)C(C)Oc1ccc(Oc2cnc3cc(Cl)ccc3n2)cc1,-5.847899705282226,-5.351892091225661,0.49600761405656524,0.49600761405656524
CC(Oc1ccc(Oc2cnc3cc(Cl)ccc3n2)cc1)C(=O)O,-6.060399772140181,-4.540710379370955,1.5196893927692265,1.5196893927692265
CCOC(=O)C(C)Oc1ccc(Oc2cnc3cc(Cl)ccc3n2)cc1,-5.969999627579272,-5.332348815476367,0.6376508121029048,0.6376508121029048
CCOC(=O)[C@@H](C)Oc1ccc(Oc2cnc3cc(Cl)ccc3n2)cc1,-5.969399904998896,-5.332348815476367,0.6370510895225294,0.6370510895225294
COc1ccc2c3c1CCCC3CN(C(=N)N)C2,-1.2200000155511965,-1.917912597545764,-0.6979125819945675,0.6979125819945675
COc1ccc2c3c1CCCC3CN(C(N)=NO)C2,-1.779999962644149,-1.9768307110567374,-0.1968307484125884,0.1968307484125884
Cc1ccc2c3c1CCCC3CN(C(N)=NO)C2,-1.2000001390271529,-2.1697462405982195,-0.9697461015710667,0.9697461015710667
NC(=NO)N1Cc2cccc3c2C(CCC3)C1,-1.35000009810661,-1.9683439011897732,-0.6183438030831632,0.6183438030831632
C/C=C/CCC1CCCC(=O)O1,-1.4887262531479069,-1.9289501348543718,-0.440223881706465,0.440223881706465
CCCCCC1CCCC(=O)O1,-1.629032331299446,-2.1576549672934857,-0.5286226359940398,0.5286226359940398
O=C1CCCCO1,0.9994919568722289,0.176282838627003,-0.8232091182452259,0.8232091182452259
O=C1OC(CO)C(O)C(O)C1O,0.5201000899471344,-0.06146821792979695,-0.5815683078769314,0.5815683078769314
CC(C)OC(=O)C1(S(=O)(=O)c2ccc(Cl)cc2)CCCC1,-4.649799698858246,-4.416622139772355,0.23317755908589088,0.23317755908589088
COC(=O)C1(S(=O)(=O)c2ccc(Br)cc2)CCCC1,-4.01039976398431,-4.041604062472331,-0.031204298488020754,0.031204298488020754
COC(=O)C1(S(=O)(=O)c2ccccc2)CCCC1,-2.5501000989918348,-3.452643261407793,-0.9025431624159581,0.9025431624159581
Cc1ccc(S(=O)(=O)C2(C(=O)OC(C)C)CCCC2)cc1,-3.9100000216033517,-4.261586907729243,-0.3515868861258915,0.3515868861258915
CCCCOC(=O)c1ccccc1N/N=C1\C(=O)C(C(=O)Nc2ccc3[nH]c(=O)[nH]c3c2)=Cc2ccccc21,-8.213806918981797,-7.326254540113984,0.887552378867813,0.887552378867813
CNS(=O)(=O)c1cc(OC)c(N/N=C2\C(=O)C(C(=O)Nc3ccc4[nH]c(=O)[nH]c4c3)=Cc3ccccc32)cc1C,-8.217167762143388,-6.723229944950724,1.4939378171926645,1.4939378171926645
CNS(=O)(=O)c1cc(OC)c(N/N=C2\C(=O)C(C(=O)Nc3ccc4[nH]c(=O)[nH]c4c3)=Cc3ccccc32)cc1OC,-7.891636057745954,-6.68850894896568,1.203127108780274,1.203127108780274
O=C(Nc1ccc2[nH]c(=O)[nH]c2c1)C1=Cc2ccccc2/C(=N/Nc2cc(Cl)ccc2Cl)C1=O,-7.461800013886023,-7.612501964314671,-0.15070195042864754,0.15070195042864754
CCCCCCCC(=O)OC1C(C(O)CO)OC2OC(C)(C)OC21,-3.1700000538244457,-3.862206394280997,-0.6922063404565515,0.6922063404565515
OCC(O)C1OC2OC(C(Cl)(Cl)Cl)OC2C1O,-1.8400000007466475,-2.1215186859365454,-0.28151868518989787,0.28151868518989787
OCC(O)[C@H]1OC2O[C@H](C(Cl)(Cl)Cl)O[C@@H]2[C@H]1O,-1.843000111593204,-2.121518549759756,-0.278518438166552,0.278518438166552
OCC1OC2OC(C(Cl)(Cl)Cl)OC2C1O,-2.119999906204729,-2.4641774813095267,-0.34417757510479774,0.34417757510479774
Cc1ccnc2c1ccc1c(C)ccnc12,-3.968599958045968,-2.446778036755246,1.521821921290722,1.521821921290722
Cc1cnc2c(ccc3c(C)c(C)cnc32)c1C,-5.193900052555012,-3.3790467539034834,1.8148532986515287,1.8148532986515287
O=[N+]([O-])c1cc2cccnc2c2ncccc12,-3.9172000288991873,-2.8706040541932283,1.046595974705959,1.046595974705959
c1cnc2c(c1)ccc1cccnc12,-1.8259999373853488,-1.3810834035172783,0.4449165338680705,0.4449165338680705
CC(C)(C)C(=O)C(Oc1ccc(Cl)cc1)n1cncn1,-3.613699856590567,-4.913626159396722,-1.2999263028061554,1.2999263028061554
CC(C)(C)C(O)C(Oc1ccc(Cl)cc1)n1cncn1,-3.3917998804487413,-4.176192349591906,-0.7843924691431647,0.7843924691431647
CC(C)(C)[C@@H](O)[C@H](Oc1ccc(Cl)cc1)n1cncn1,-3.6786000462374697,-4.176192485768695,-0.49759243953122523,0.49759243953122523
CC(C)(C)[C@H](O)[C@H](Oc1ccc(Cl)cc1)n1cncn1,-3.952399890564042,-4.176192485768695,-0.2237925952046531,0.2237925952046531
CCOC(=O)CSc1nc(C(C)(C)C)nn1C(=O)N(C)C,-2.861000049946293,-4.108561645097197,-1.2475615951509038,1.2475615951509038
CCOP(=S)(OCC)Oc1nc(Cl)n(C(C)C)n1,-3.6577000411357066,-4.32339169682123,-0.6656916556855235,0.6656916556855235
Nc1ncn[nH]1,0.8326930928796021,-0.7704446193533205,-1.6031377122329227,1.6031377122329227
c1nc[nH]n1,1.005827173467186,0.6264996454908371,-0.37932752797634883,0.37932752797634883
NS(=O)(=O)c1ccc(Nc2ccnc(NS(=O)(=O)c3c(F)c(F)c(F)c(F)c3F)n2)cc1,-1.5700001016389824,-3.454931542132128,-1.8849314404931454,1.8849314404931454
NS(=O)(=O)c1ccc(Nc2ccnc(NS(=O)(=O)c3ccc(Br)cc3)n2)cc1,-2.619999883283578,-3.1503662460433706,-0.5303663627597928,0.5303663627597928
NS(=O)(=O)c1ccc(Nc2ccnc(NS(=O)(=O)c3cccc(C(F)(F)F)c3)n2)cc1,-1.820000124222604,-3.4899450118165354,-1.6699448875939313,1.6699448875939313
NS(=O)(=O)c1ccc(Nc2ccnc(NS(=O)(=O)c3ccccc3)n2)cc1,-2.5499999409632546,-3.0225342171293788,-0.4725342761661242,0.4725342761661242
C=CC(=O)OCC1(CC)COCOC1,-1.3330549393216595,-1.5451456587507753,-0.21209071942911573,0.21209071942911573
CC(=O)OC1CC(C)OC(C)O1,0.7589999338990392,-0.3724845659949674,-1.1314844998940066,1.1314844998940066
CCC1(CO)COCOC1,0.8350941620297307,0.02394458789731546,-0.8111495741324153,0.8111495741324153
CCCCC1OC(C)CC(C)(C)O1,-2.453297364369428,-2.2280342641047897,0.22526310026463836,0.22526310026463836
CCN(CC)c1ccc([C+](c2ccc(N(CC)CC)cc2)c2ccc(N(CC)CC)cc2)cc1,-0.1395609766212469,-3.0119644641143473,-2.8724034874931004,2.8724034874931004
CCN(CC)c1ccc([C+](c2ccc(N(CC)CC)cc2)c2ccc(S(=O)(=O)[O-])cc2S(=O)(=O)[O-])cc1,-0.40668917959472894,-0.6863510942616005,-0.2796619146668715,0.2796619146668715
CCN(CC)c1ccc([C+](c2ccccc2)c2ccc(N(CC)CC)cc2)cc1,-1.3526381148702382,-3.3207549514910086,-1.9681168366207704,1.9681168366207704
CN(C)c1ccc([C+](c2ccc(N(C)C)cc2)c2ccc(N(C)C)cc2)cc1,-2.008588568193538,-1.9751441615204204,0.033444406673117655,0.033444406673117655
CC(=O)Oc1ccc2c(c1)CC(=O)N2,-1.5399999464109437,-2.484183860275263,-0.9441839138643191,0.9441839138643191
O=C1Cc2cc(CCCl)c(Cl)cc2N1,-4.777573971791447,-3.955972965251862,0.8216010065395847,0.8216010065395847
O=C1Cc2ccc(Cl)cc2N1,-2.968988635423027,-3.1304187550279865,-0.16143011960495945,0.16143011960495945
O=C1Cc2cccc(F)c2N1,-2.2251370348226,-2.4873548729924755,-0.26221783816987543,0.26221783816987543
CC1=C(C#N)C(=O)N(C)C(=O)/C1=N/Nc1ccc(Cl)c(Cl)c1,-6.925783386759694,-6.7384220999261455,0.18736128683354814,0.18736128683354814
CCCCC(CC)CNC(=O)c1ccc(N/N=C2\C(=O)N(C)C(=O)C(C#N)=C2C)cc1,-7.024810603280617,-5.9816740637317505,1.0431365395488665,1.0431365395488665
CCN1C(=O)C(C#N)=C(C)/C(=N/Nc2ccccc2[N+](=O)[O-])C1=O,-6.8159758708852785,-6.198202240019198,0.6177736308660808,0.6177736308660808
CCN1C(=O)C(C#N)=C(C)/C(=N\Nc2ccc(Cl)cc2[N+](=O)[O-])C1=O,-4.967337961896596,-6.921606027569055,-1.9542680656724594,1.9542680656724594
COc1ccc(-c2cc(=O)c3c(O)cc(O)cc3o2)cc1O,-6.198752394248242,-4.049503814200332,2.14924858004791,2.14924858004791
O=c1c(O)c(-c2ccc(O)c(O)c2)oc2cc(O)cc(O)c12,-1.9900000279144996,-2.897657718185524,-0.9076576902710245,0.9076576902710245
O=c1c(O)c(-c2ccc(O)cc2O)oc2cc(O)cc(O)c12,-3.0824091215290226,-2.736874225553827,0.3455348959751956,0.3455348959751956
O=c1cc(-c2ccc(O)c(O)c2)oc2cc(O)cc(O)c12,-3.6099998651350558,-3.508138843671592,0.10186102146346387,0.10186102146346387
CC(C)(C)N(NC(=O)c1ccc(Cl)cc1)C(=O)c1ccccc1,-4.440400105140611,-4.970367486929655,-0.529967381789044,0.529967381789044
CCc1ccc(C(=O)NN(C(=O)c2cc(C)cc(C)c2)C(C)(C)C)cc1,-5.628099745453435,-5.703711363042608,-0.07561161758917301,0.07561161758917301
COc1cccc(C(=O)NN(C(=O)c2cc(C)cc(C)c2)C(C)(C)C)c1C,-5.566399948666051,-5.163353011340873,0.40304693732517816,0.40304693732517816
O=C(NNC(=O)c1ccccc1)c1ccccc1,-1.588300083301351,-3.1739630452154723,-1.5856629619141214,1.5856629619141214
CC(C)(C)CC(=O)OCC(=O)C12OC(C)(C)OC1CC1C3CCC4=CC(=O)C=CC4(C)C3(F)C(O)CC12C,-5.11999976867782,-4.9602729738874185,0.15972679479040153,0.15972679479040153
CC(C)(C)CC(=O)OCC(=O)[C@@]12OC(C)(C)O[C@@H]1C[C@H]1[C@@H]3CCC4=CC(=O)C=C[C@]4(C)[C@@]3(F)[C@@H](O)C[C@@]12C,-5.124400049272654,-4.9602729738874185,0.16412707538523552,0.16412707538523552
CC1(C)OC2CC3C4CCC5=CC(=O)C=CC5(C)C4(F)C(O)CC3(C)C2(C(=O)CO)O1,-4.309999935178036,-4.19670888085481,0.11329105432322617,0.11329105432322617
CC1(C)O[C@@H]2C[C@H]3[C@@H]4CCC5=CC(=O)C=C[C@]5(C)[C@@]4(F)[C@@H](O)C[C@]3(C)[C@]2(C(=O)CO)O1,-4.315800113167568,-4.19670888085481,0.11909123231275842,0.11909123231275842
CCCCCN1C(=O)CCC(N2C(=O)c3ccccc3C2=O)C1=O,-4.699999774313909,-4.048152395742648,0.6518473785712606,0.6518473785712606
CCCN1C(=O)CCC(N2C(=O)c3ccccc3C2=O)C1=O,-3.719999969033834,-3.416737527355252,0.3032624416785823,0.3032624416785823
CN1C(=O)CCC(N2C(=O)c3ccccc3C2=O)C1=O,-2.989999990583246,-2.9142037428008387,0.07579624778240746,0.07579624778240746
O=C1CCC(N2C(=O)c3ccccc3C2=O)C(=O)N1,-2.6758000930251917,-3.121905024711974,-0.44610493168678245,0.44610493168678245
C/C(=C\C(C)CC(C)CC(C)C)C1CC(=O)OC1=O,-4.4255031814445385,-4.009504061152245,0.4159991202922937,0.4159991202922937
CCCCCC/C=C/C1CC(=O)OC1=O,-4.02175323144425,-3.5119994216059647,0.5097538098382852,0.5097538098382852
CCCCCCCCC/C=C/CC1CC(=O)OC1=O,-4.4255031814445385,-4.643044513044879,-0.21754133160034073,0.21754133160034073
O=C1CCC(=O)O1,-0.2016663078873675,0.6570598958535445,0.858726203740912,0.858726203740912
Cn1c(=O)[nH]c2[nH]c(=O)[nH]c2c1=O,-1.5614001288600539,-2.7553897069853694,-1.1939895781253156,1.1939895781253156
Cn1c(=O)[nH]c2c(=O)[nH]c(=O)[nH]c21,-3.9399999725662065,-2.64709623869934,1.2929037338668663,1.2929037338668663
Cn1c(=O)c2c(n(C)c1=O)n(C)c(=O)n2C,-0.9527002298231109,0.005226271138010219,0.9579265009611211,0.9579265009611211
O=c1[nH]c(=O)c2[nH]c(=O)[nH]c2[nH]1,-3.619999837441275,-3.425156010518151,0.19484382692312385,0.19484382692312385
CC(=O)C1(C)CCC2C3C=C(C)C4=CC(=O)CCC4(C)C3CCC21C,-5.272099846202904,-4.510794381398745,0.7613054648041588,0.7613054648041588
CC(=O)OC1(C(C)=O)CCC2C3C=C(C)C4=CC(=O)CCC4(C)C3CCC21C,-5.349999778560609,-4.458256695176799,0.89174308338381,0.89174308338381
CC(=O)O[C@]1(C(C)=O)CC[C@H]2[C@@H]3C=C(C)C4=CC(=O)CC[C@]4(C)[C@H]3CC[C@@]21C,-5.2839997911185765,-4.458256695176799,0.8257430959417773,0.8257430959417773
CC12CCC(=O)C=C1C=CC1C2CCC2(C)C1CCC2(O)CCC(=O)O,-5.1699999366066915,-4.021882122775387,1.1481178138313046,1.1481178138313046
CN1C(CCl)Nc2cc(Cl)c(S(N)(=O)=O)cc2S1(=O)=O,-3.779999939047938,-2.597246341857536,1.1827535971904024,1.1827535971904024
NS(=O)(=O)c1cc2c(cc1C(F)(F)F)NCNS2(=O)=O,-2.9700000119266106,-2.3026505655404748,0.6673494463861358,0.6673494463861358
NS(=O)(=O)c1cc2c(cc1Cl)NC(C(Cl)Cl)NS2(=O)=O,-3.1800000431527637,-2.3269292529632364,0.8530707901895274,0.8530707901895274
NS(=O)(=O)c1cc2c(cc1Cl)NCNS2(=O)=O,-2.630000093899178,-2.17160219406051,0.4583978998386682,0.4583978998386682
CC(C)C(C(=O)OC(C#N)c1cccc(Oc2ccc(Br)cc2)c1)c1ccc(OC(F)F)cc1,-8.173100408396893,-7.12268331298128,1.0504170954156127,1.0504170954156127
CC(C)C(C(=O)OC(C#N)c1cccc(Oc2ccccc2)c1)c1ccc(Cl)cc1,-7.242899637927794,-6.7701371294626895,0.47276250846510415,0.47276250846510415
CC(C)C(C(=O)OC(C#N)c1cccc(Oc2ccccc2)c1)c1ccc(OC(F)F)cc1,-6.876499917273264,-6.886101197984412,-0.00960128071114763,0.00960128071114763
CC(C)[C@@H](C(=O)O[C@@H](C#N)c1cccc(Oc2ccccc2)c1)c1ccc(Cl)cc1,-8.322099604251289,-6.7701371294626895,1.5519624747885992,1.5519624747885992
CC(=O)N=c1sc(S(N)(=O)=O)nn1C,-1.9199999834615844,-2.212343293549914,-0.2923433100883295,0.2923433100883295
CN(C)S(=O)(=O)N=c1sc(S(N)(=O)=O)nn1C,-2.7000000362195014,-1.8889046264050573,0.8110954098144441,0.8110954098144441
Cn1nc(S(N)(=O)=O)sc1=NS(=O)(=O)C(F)(F)F,-1.1599999774486978,-2.2010701703957003,-1.0410701929470025,1.0410701929470025
Cn1nc(S(N)(=O)=O)sc1=NS(C)(=O)=O,-2.0499999979286034,-1.973320754310789,0.07667924361781453,0.07667924361781453
CCOC(=O)C1OC1(C)c1ccccc1,-2.314374910486258,-3.5552036868614487,-1.2408287763751908,1.2408287763751908
CCOC(=O)C1OC1c1ccccc1,-2.409651273520841,-3.6380730166609516,-1.2284217431401108,1.2284217431401108
Clc1cc(Cl)cc(C2(CC(Cl)(Cl)Cl)CO2)c1,-5.249999851233234,-5.954943377039638,-0.7049435258064038,0.7049435258064038
c1ccc(C2CO2)cc1,-1.906541154749627,-2.5003110050864827,-0.5937698503368558,0.5937698503368558
CCCCCc1onc(C)c1N=C1C=C(O)C(=O)c2ccccc21,-3.1800000431527637,-4.6412317276248185,-1.4612316844720548,1.4612316844720548
CCCc1onc(C)c1N=C1C=C(O)C(=O)c2ccccc21,-3.7000000244213958,-4.12190397456585,-0.42190395014445414,0.42190395014445414
CCc1onc(C)c1N=C1C=C(O)C(=O)c2ccccc21,-2.720000014876137,-3.857077159332679,-1.137077144456542,1.137077144456542
Cc1noc(C)c1N=C1C=C(O)C(=O)c2ccccc21,-3.8900000769909133,-3.5920519345174,0.2979481424735133,0.2979481424735133
CCN(c1ccccc1)c1nc(Cl)nc(Nc2cc(S(=O)(=O)[O-])cc3c2C(=O)/C(=N/Nc2ccc(C)cc2S(=O)(=O)[O-])C(S(=O)(=O)[O-])=C3)n1,-0.800434425145367,-0.3312823718967648,0.4691520532486022,0.4691520532486022
CCN(c1ccccc1)c1nc(Cl)nc(Nc2cc(S(=O)(=O)[O-])cc3c2C(=O)/C(=N/Nc2ccccc2S(=O)(=O)[O-])C(S(=O)(=O)[O-])=C3)n1,-0.266745467879697,-0.30785887471123186,-0.04111340683153486,0.04111340683153486
Cc1ccccc1Nc1nc(Cl)nc(Nc2cc(S(=O)(=O)[O-])cc3c2C(=O)/C(=N\Nc2ccccc2S(=O)(=O)[O-])C(S(=O)(=O)[O-])=C3)n1,-0.45724045499017096,-0.21697230665870126,0.2402681483314697,0.2402681483314697
O=C1/C(=N/Nc2ccc(S(=O)(=O)CCOS(=O)(=O)[O-])cc2)C(S(=O)(=O)[O-])=Cc2cc(S(=O)(=O)[O-])cc(Nc3nc(Cl)nc(Nc4cccc(S(=O)(=O)[O-])c4)n3)c21,-0.9031879833305432,0.58355438848873,1.4867423718192732,1.4867423718192732
CC1CN(c2c(F)c(N)c3c(=O)c(C(=O)O)cn(C4CC4)c3c2F)CC(C)N1,-3.3699998489018506,-3.7259115396370683,-0.3559116907352178,0.3559116907352178
CCN1CCN(c2cc3c(cc2F)c(=O)c(C(=O)O)cn3C2CC2)CC1,-3.1800000431527637,-3.8726224207229314,-0.6926223775701676,0.6926223775701676
C[C@@H]1CN(c2c(F)c(N)c3c(=O)c(C(=O)O)cn(C4CC4)c3c2F)C[C@H](C)N1,-3.3699998489018506,-3.7259112672834895,-0.355911418381639,0.355911418381639
O=C(O)c1cn(C2CC2)c2cc(N3CCNCC3)c(F)cc2c1=O,-3.5999998587846394,-3.866003275522143,-0.2660034167375036,0.2660034167375036
CC1CCCC(C)N1C(=O)COC(=O)c1ccccc1,-3.259999966290355,-2.7462718198322786,0.5137281464580763,0.5137281464580763
CCC1CCCCN1C(=O)COC(=O)c1ccccc1,-2.720000014876137,-2.945364481738361,-0.2253644668622239,0.2253644668622239
O=C(OCC(=O)N1CCC(O)CC1)c1ccccc1,-1.3486000645351224,-1.7554470151676016,-0.4068469506324792,0.4068469506324792
O=C(OCC(=O)N1CCCCC1)c1ccccc1,-2.5011000474482756,-2.631912662861648,-0.1308126154133724,0.1308126154133724
C#CCC1=C(C)C(OC(=O)[C@H]2[C@H](C=C(C)C)C2(C)C)CC1=O,-4.574600152233699,-5.374512417707503,-0.7999122654738047,0.7999122654738047
C=C/C=C\CC1=C(C)[C@@H](OC(=O)[C@@H]2[C@@H](/C=C(\C)C(=O)OC)C2(C)C)CC1=O,-4.616799705137229,-4.520734197608261,0.09606550752896759,0.09606550752896759
C=C/C=C\CC1=C(C)[C@@H](OC(=O)[C@@H]2[C@@H](C=C(C)C)C2(C)C)CC1=O,-6.215499688158243,-5.3826756715229305,0.8328240166353122,0.8328240166353122
C=CCC1=C(C)C(OC(=O)C2C(C=C(C)C)C2(C)C)CC1=O,-4.817900140603648,-5.313327505360718,-0.49542736475707017,0.49542736475707017
Cc1ccc(Nc2cc(C(=O)O)c(Nc3ccc(C)cc3)cc2C(=O)O)cc1,-5.070513123421653,-5.226880436818359,-0.1563673133967054,0.1563673133967054
O=C(O)c1cc(Nc2ccccc2)c(C(=O)O)cc1Nc1ccccc1,-4.985723462582687,-4.419427790163694,0.5662956724189927,0.5662956724189927
O=[N+]([O-])c1ccc(Nc2ccc(Nc3ccccc3)c(S(=O)(=O)[O-])c2)c([N+](=O)[O-])c1,-2.1991374813126012,-2.3844296299201044,-0.1852921486075032,0.1852921486075032
c1ccc(Nc2ccc(Nc3ccccc3)cc2)cc1,-6.239449372457891,-5.505406909415484,0.7340424630424067,0.7340424630424067
CCc1nc2[nH]c(=O)nc(N)c2nc1CC,-3.549999929165149,-2.8764544473738396,0.6735454817913094,0.6735454817913094
Cn1c(=O)ncc2nccnc21,-1.3713000544387457,-0.9988035627474408,0.37249649169130494,0.37249649169130494
Nc1nc(=O)[nH]c2nccnc12,-3.3599998765956314,-2.5782218315873373,0.7817780450082941,0.7817780450082941
O=c1ncc2nccnc2[nH]1,-2.0000000342649162,-1.1693903203131157,0.8306097139518005,0.8306097139518005
CCN1c2cc(Cl)ccc2NC(=O)c2cccnc21,-5.360000057264605,-4.695568173057521,0.664431884207084,0.664431884207084
CCN1c2cc(N(C)C)cc(C)c2NC(=O)c2cccnc21,-4.870999692258525,-3.7263761748423905,1.144623517416134,1.144623517416134
CCN1c2cc(OC)cc(C)c2NC(=O)c2cccnc21,-5.152999762398837,-4.36083704565436,0.7921627167444765,0.7921627167444765
CCN1c2ccccc2N(C)C(=O)c2cccnc21,-3.323999857138552,-2.822941394898048,0.5010584622405037,0.5010584622405037
Nc1ccn(C2CC(F)C(CO)O2)c(=O)n1,-1.1799999901495306,-1.3386749554188582,-0.15867496526932756,0.15867496526932756
Nc1ccn(C2CCC(CO)O2)c(=O)n1,-0.4300001947522447,-0.9210093035782849,-0.4910091088260402,0.4910091088260402
Nc1ccn(C2OC(COP(=O)(O)O)C(O)C2O)c(=O)n1,-1.1987755011603705,-1.3253565930651332,-0.12658109190476274,0.12658109190476274
Nc1ccn([C@H]2CC[C@@H](CO)O2)c(=O)n1,-0.4416002783777295,-0.9210093035782849,-0.4794090252005554,0.4794090252005554
O=C1c2ccccc2C(=O)C1c1ccc2cc(S(=O)(=O)[O-])cc(S(=O)(=O)[O-])c2n1,-0.3778371308778481,0.29841925630359833,0.6762563871814464,0.6762563871814464
O=C1c2ccccc2C(=O)C1c1ccc2ccccc2n1,-4.701186146502879,-4.526767374084401,0.1744187724184778,0.1744187724184778
O=C1c2ccccc2C(=O)C1c1nc2ccccc2c(Br)c1O,-4.867097274005619,-4.736222391755308,0.1308748822503114,0.1308748822503114
COc1ccc2c(c1OC)C(=O)OC2C1c2c(cc3c(c2OC)OCO3)CCN1C,-3.1400000773284433,-3.5007041697234786,-0.3607040923950353,0.3607040923950353
COc1ccc2c(c1OC)C(=O)OC2C1c2cc3c(cc2CCN1C)OCO3,-4.106500064682961,-3.6908249089725733,0.4156751557103875,0.4156751557103875
COc1ccc2c(c1OC)C(=O)O[C@@H]2[C@H]1c2c(cc3c(c2OC)OCO3)CCN1C,-3.1393000860758473,-3.500704237811873,-0.3614041517360258,0.3614041517360258
CC(=O)CCC1C(=O)N(c2ccccc2)N(c2ccccc2)C1=O,-3.267600026949155,-4.54918193743751,-1.2815819104883546,1.2815819104883546
CCCCC1C(=O)N(c2ccccc2)N(c2ccc(O)cc2)C1=O,-3.7328998601138323,-5.019117688108922,-1.28621782799509,1.28621782799509
CCCCC1C(=O)N(c2ccccc2)N(c2ccccc2)C1=O,-3.8124000740117903,-5.564074866164389,-1.7516747921525986,1.7516747921525986
Cc1c2ccccc2c2ccc3cccc4ccc1c2c43,-8.5233999472445,-6.88134535979254,1.642054587451959,1.642054587451959
Cc1cc2cccc3ccc4c5ccccc5cc1c4c32,-8.522399864903383,-6.983902278693869,1.5384975862095134,1.5384975862095134
c1ccc2c(c1)cc1ccc3cccc4ccc2c1c34,-8.19239992769322,-6.845777071824052,1.3466228558691684,1.3466228558691684
CCCCc1c(C)[nH]c(N(C)C)nc1=O,-2.241600059684795,-2.412636200655383,-0.17103614097058806,0.17103614097058806
CCCCc1c(C)[nH]c(NCC)nc1=O,-3.0199999606959618,-2.676725380264747,0.3432745804312147,0.3432745804312147
Nc1cc(=O)nc(N)[nH]1,-1.378146751054567,-1.790461063603364,-0.4123143125487969,0.4123143125487969
O=C1CN(/N=C/c2ccc([N+](=O)[O-])o2)C(=O)N1,-3.3800000935616485,-3.515388589539744,-0.13538849597809532,0.13538849597809532
O=C1CN(/N=C/c2ccc([N+](=O)[O-])o2)C(=O)N1CO,-2.9100000674456545,-2.956040878201566,-0.04604081075591138,0.04604081075591138
O=C1CN(N=Cc2ccc([N+](=O)[O-])o2)C(=O)N1,-3.3800000935616485,-3.515388623583941,-0.13538853002229256,0.13538853002229256
CCOc1nc(C(Cl)(Cl)Cl)ns1,-3.325400077953125,-4.205777710319531,-0.8803776323664056,0.8803776323664056
CCOc1nsc(N)n1,-0.6514002318561047,-2.1316100669126277,-1.480209835056523,1.480209835056523
COc1nsc(N)n1,-1.2427000054548196,-1.8215515863838685,-0.5788515809290489,0.5788515809290489
CCOP(=S)(Oc1ccc(C#N)cc1)c1ccccc1,-5.703699924192302,-5.650664239451638,0.05303568474066367,0.05303568474066367
CCOP(=S)(Oc1ccc([N+](=O)[O-])cc1)c1ccccc1,-5.016899912917283,-5.626194359816604,-0.6092944468993213,0.6092944468993213
COP(=S)(Oc1cc(Cl)c(Br)cc1Cl)c1ccccc1,-7.137899707425211,-6.984958465872204,0.15294124155300715,0.15294124155300715
C1COC2(C1)CCCO2,-0.10780019168347499,-0.7654537400229997,-0.6576535483395247,0.6576535483395247
CC1(C)CCC2(CCC(C)(C)O2)O1,-1.9644000851928998,-1.9007619479856577,0.0636381372072421,0.0636381372072421
CC1CCC2(CCC(C)O2)O1,-0.44869999146819595,-1.295453668064703,-0.8467536765965071,0.8467536765965071
CC(C)C(O)(c1ccc(OC(F)(F)F)cc1)c1cncnc1,-3.4377000035591374,-4.304742830224502,-0.8670428266653643,0.8670428266653643
COCCOc1c(OC)cc(Cc2cnc(N)nc2N)cc1OC,-2.1010001120218007,-2.4562893046086227,-0.355289192586822,0.355289192586822
COc1cc(Cc2cnc(N)nc2N)cc(OC)c1OC,-2.860800006242712,-2.1972238569800138,0.6635761492626981,0.6635761492626981
CC(=O)c1cc(C(C)(C)C)cc2c1CCC2(C)C,-4.870866239004945,-5.957053300214099,-1.086187061209154,1.086187061209154
Oc1ccc2c(c1)CCC2,-1.3285000980708936,-3.0459086225823446,-1.717408524511451,1.717408524511451
c1ccc2c(c1)CCC2,-3.0350999617527634,-4.342391763357737,-1.3072918016049737,1.3072918016049737
CC(=O)SC1CC2=CC(=O)CCC2(C)C2CCC3(C)C(CCC34CCC(=O)O4)C12,-4.280000188480365,-4.542715446417603,-0.2627152579372378,0.2627152579372378
CC(=O)S[C@@H]1CC2=CC(=O)CC[C@]2(C)[C@H]2CC[C@@]3(C)[C@@H](CC[C@@]34CCC(=O)O4)[C@H]12,-4.277299802747207,-4.542715446417603,-0.26541564367039605,0.26541564367039605
C[C@]12CCC(=O)C=C1CC[C@@H]1[C@@H]2CC[C@@]2(C)[C@H]1CC[C@@]21CCC(=O)O1,-4.225003694149598,-4.300438418089383,-0.07543472393978501,0.07543472393978501
CCSc1nnc(C(C)(C)C)c(=O)n1N,-2.7353000559129357,-3.274276570666662,-0.5389765147537262,0.5389765147537262
CSc1nnc(C(C)(C)C)c(=O)n1/N=C/C(C)C,-4.428800021515126,-4.740930023363744,-0.31213000184861794,0.31213000184861794
CSc1nnc(C(C)(C)C)c(=O)n1N,-2.24499991749654,-2.9757290290326486,-0.7307291115361085,0.7307291115361085
Cc1ccc2c(ccc3c4c5c(cccc5cc32)CC4)c1,-7.92000004884974,-6.964703257868097,0.9552967909816434,0.9552967909816434
Cc1ccc2cc3c(ccc4ccccc43)c3c2c1CC3,-7.96629961252755,-7.081962912363862,0.8843367001636881,0.8843367001636881
c1cc2c3c(c4ccc5ccccc5c4cc3c1)CC2,-7.861299682024965,-6.9082726857685,0.9530269962564653,0.9530269962564653
C/C=C/C(=O)C1=C(C)C=CCC1(C)C,-3.005249003623754,-3.225777428420693,-0.22052842479693924,0.22052842479693924
CC1=C(C=O)C(C)(C)CC=C1,-2.465007751194301,-2.493916755853335,-0.02890900465903412,0.02890900465903412
CCOC(=O)C1=C(C)C=CCC1(C)C,-3.411619629124649,-3.277597939581435,0.1340216895432138,0.1340216895432138
CCOC(=O)c1[nH]c(C)cc1C,-2.6212000774166686,-1.6997163917653542,0.9214836856513144,0.9214836856513144
CCOC(=O)c1[nH]c(C=O)c(CC)c1C,-2.7186000153488465,-2.938959048986386,-0.22035903363753961,0.22035903363753961
c1cc[nH]c1,-0.1734000917183458,0.4402136105861354,0.6136137023044812,0.6136137023044812
COc1cc2c3c(ccc4c5ccc6c7c(cc(OC)c(c1c34)c75)-c1ccccc1C6=O)C(=O)c1ccccc1-2,-5.599170620673772,-6.749834804289462,-1.1506641836156897,1.1506641836156897
O=C1c2ccccc2-c2ccc3c4c([N+](=O)[O-])cc5c6c(ccc(c7ccc1c2c73)c64)C(=O)c1ccccc1-5,-4.399238083195272,-6.378133176517695,-1.9788950933224223,1.9788950933224223
O=C1c2ccccc2-c2ccc3c4ccc5c6c(ccc(c7ccc1c2c73)c64)C(=O)c1ccccc1-5,-5.513312789099006,-6.60025985296962,-1.086947063870614,1.086947063870614
COc1ccc2[nH]c(=S)[nH]c2c1,-2.7506818711117496,-3.6349647814436374,-0.8842829103318879,0.8842829103318879
Cc1cccc2[nH]c(=S)[nH]c12,-3.136279080603172,-3.015092172612541,0.12118690799063137,0.12118690799063137
S=c1[nH]c2ccccc2[nH]1,-2.1766872396406782,-2.9887715993437065,-0.8120843597030283,0.8120843597030283
CC1=CCC2C(=O)OC(=O)C2C1,-1.0999944922746245,-1.5207152703846587,-0.42072077811003417,0.42072077811003417
CC1C=CCC2C(=O)OC(=O)C12,-0.7362686028793259,-1.0411196829826697,-0.3048510801033437,0.3048510801033437
O=C1OC(=O)C2CC=CCC12,-0.7139217193905325,-1.0290774333221084,-0.31515571393157593,0.31515571393157593
CCC1(C2=CCCCC2)C(=O)NC(=O)NC1=O,-2.169300057347857,-2.814979886996069,-0.6456798296482122,0.6456798296482122
CCC1=C(C2(CC)C(=O)NC(=O)NC2=O)CCCC1,-3.529999916464316,-2.983563756343726,0.54643616012059,0.54643616012059
CN1C(=O)NC(=O)C(C)(C2=CCCCC2)C1=O,-2.9100000674456545,-2.676092294370977,0.23390777307467747,0.23390777307467747
CCOC(=O)c1ccc(N=CN(C)c2ccccc2)cc1,-5.450776866824905,-4.470460450509551,0.9803164163153539,0.9803164163153539
Cc1ccccc1N=C(N)Nc1ccccc1C,-3.533884495557815,-2.880965507786824,0.6529189877709909,0.6529189877709909
NC(=Nc1ccccc1)Nc1ccccc1,-2.157516475498699,-2.658202681463368,-0.5006862059646693,0.5006862059646693
Cc1ccc(C(=O)OOC(=O)c2ccc(C)cc2)cc1,-6.798351598451752,-5.92974903688517,0.8686025615665827,0.8686025615665827
O=C(OOC(=O)c1ccc(Cl)cc1Cl)c1ccc(Cl)cc1Cl,-8.278764336924432,-6.864458348496649,1.4143059884277829,1.4143059884277829
O=C(OOC(=O)c1ccccc1)c1ccccc1,-4.425199915734616,-4.352711785163167,0.07248813057144954,0.07248813057144954
COc1cc(NS(=O)(=O)c2ccc(N)cc2)nc(C)n1,-2.542999977371,-3.0705021252089755,-0.5275021478379753,0.5275021478379753
COc1cc(NS(=O)(=O)c2ccc(N)cc2)nc(OC)n1,-2.956500032291116,-3.600641183374166,-0.6441411510830499,0.6441411510830499
Cc1cc(NS(=O)(=O)c2ccc(N)cc2)nc(C)n1,-2.29999995242383,-2.8250927839048714,-0.5250928314810412,0.5250928314810412
CN1C2CCC1CC(OC(=O)c1ccccc1)C2,-2.368999982624025,-2.36471191170363,0.004288070920394738,0.004288070920394738
COC(=O)C1C(OC(=O)c2ccccc2)CC2CCC1N2C,-2.2300000441477046,-2.246644320316548,-0.01664427616884323,0.01664427616884323
COC(=O)[C@@H]1C2CCC(C[C@@H]1OC(=O)c1ccccc1)N2C,-2.226700072010961,-2.2466441841397584,-0.019944112128797542,0.019944112128797542
C1CCC2CCCCC2C1,-4.140677851455218,-4.765866717032729,-0.6251888655775115,0.6251888655775115
CC(=O)OC1CCC2CCCCC2C1,-3.5605044024317776,-3.500463613425061,0.06004078900671672,0.06004078900671672
FC1(F)C(F)(F)C(F)(F)C2(F)C(F)(F)C(F)(F)C(F)(F)C(F)(F)C2(F)C1(F)F,-7.664711055943872,-5.801654339966586,1.8630567159772866,1.8630567159772866
CC(=O)Oc1c(C)c(C)c2c(c1C)CC[C@@](C)(CCC[C@H](C)CCC[C@H](C)CCCC(C)C)O2,-5.771545379483843,-6.513954272111414,-0.7424088926275711,0.7424088926275711
Cc1c(C)c2c(c(C)c1O)CC[C@@](C)(CCC[C@H](C)CCC[C@H](C)CCCC(C)C)O2,-8.520248271631376,-6.531308642148414,1.988939629482962,1.988939629482962
Cc1c(O)cc2c(c1C)OC(C)(CCCC(C)CCCC(C)CCCC(C)C)CC2,-8.505869636795635,-6.54078763610271,1.9650820006929255,1.9650820006929255
CCCCCCOc1ccc(C(=NO)c2ccccc2)c(O)c1,-3.4699999804944097,-5.080386893888327,-1.610386913393917,1.610386913393917
CCOC(=O)CN=C(c1ccccc1)c1ccccc1,-3.427044340012113,-5.107859199375335,-1.6808148593632222,1.6808148593632222
N=C(c1ccccc1)c1ccccc1,-2.7811279202144736,-2.0846459605027055,0.6964819597117682,0.6964819597117682
CCCc1c2c(c(O)c3c(=O)cc(C(=O)O)oc13)CCCC2,-2.6800000575628657,-3.7324685882219053,-1.0524685306590396,1.0524685306590396
CCCc1c2c(cc3c(=O)cc(C(=O)O)oc13)CCCC2,-1.9000000388491463,-4.265377661014868,-2.3653776221657212,2.3653776221657212
O=C(O)c1cc(=O)c2cc3c(cc2o1)CCCC3,-1.0500000437709063,-3.727708392372773,-2.677708348601867,2.677708348601867
O=S1OCC2C(CO1)C1(Cl)C(Cl)=C(Cl)C2(Cl)C1(Cl)Cl,-6.079999697433852,-5.523831629016913,0.5561680684169392,0.5561680684169392
O=S1OC[C@@H]2[C@H](CO1)C1(Cl)C(Cl)=C(Cl)[C@@]2(Cl)C1(Cl)Cl,-5.901899794045191,-5.523831629016913,0.378068165028278,0.378068165028278
O=S1OC[C@@H]2[C@H](CO1)[C@]1(Cl)C(Cl)=C(Cl)C2(Cl)C1(Cl)Cl,-5.956299697861739,-5.523831629016913,0.4324680688448259,0.4324680688448259
CC(C)C(C(=O)O)N1CCCNC1=O,-1.1028619669283368,-1.0025964948616952,0.1002654720666416,0.1002654720666416
CC1CC(NC(N)=O)NC(=O)N1,-1.5314235322165757,-0.6663856704652669,0.8650378617513088,0.8650378617513088
CN1CCCN(C)C1=O,0.8921966304080664,0.7494776357257238,-0.14271899468234261,0.14271899468234261
C#CCOc1cc(-n2nc(C(C)(C)C)oc2=O)c(Cl)cc1Cl,-5.9647998530540605,-6.644486805913255,-0.6796869528591944,0.6796869528591944
CC(C)Oc1cc(-n2nc(C(C)(C)C)oc2=O)c(Cl)cc1Cl,-5.539999899218522,-6.9308271026842885,-1.3908272034657667,1.3908272034657667
CN(C)C(=O)Nc1ccc(-n2nc(C(C)(C)C)oc2=O)c(Cl)c1,-4.325799847164405,-5.116124994313156,-0.7903251471487511,0.7903251471487511
O=C(O)c1ccc2c(c1)C(=O)OC2=O,-0.8961963946108349,-2.3874656914390537,-1.4912692968282188,1.4912692968282188
O=C1OC(=O)c2c(Cl)c(Cl)c(Cl)c(Cl)c21,-4.553119625478862,-7.149772961690168,-2.596653336211306,2.596653336211306
O=C1OC(=O)c2ccccc21,-1.3644250330507357,-3.105096451246759,-1.7406714181960234,1.7406714181960234
CC1=NN(c2ccc(C)cc2)C(=O)C1N=Nc1ccc(-c2ccc(N=NC3C(=O)N(c4ccc(C)cc4)N=C3C)c(Cl)c2)cc1Cl,-8.269885065550511,-7.395591675956258,0.8742933895942535,0.8742933895942535
CC1=NN(c2ccccc2)C(=O)C1N=Nc1ccc(-c2ccc(N=NC3C(=O)N(c4ccccc4)N=C3C)cc2S(=O)(=O)[O-])c(S(=O)(=O)[O-])c1,-1.6427811484843615,-2.3707464499476636,-0.7279653014633021,0.7279653014633021
CCOC(=O)C1=NN(c2ccccc2)C(=O)C1N=Nc1ccc(-c2ccc(N=NC3C(=O)N(c4ccccc4)N=C3C(=O)OCC)c(Cl)c2)cc1Cl,-8.526559793464983,-8.352901704591913,0.17365808887307033,0.17365808887307033
CC(COC(=O)c1ccccc1)OC(=O)c1ccccc1,-4.567302574268282,-4.29802318655316,0.2692793877151214,0.2692793877151214
O=C(O)c1ccccc1C(=O)OCCOC(=O)c1ccccc1C(=O)O,-2.829999914509731,-2.6448577646357165,0.18514214987401445,0.18514214987401445
O=C(OCCOC(=O)c1ccccc1)c1ccccc1,-5.070092609496087,-4.759962499976121,0.31013010951996645,0.31013010951996645
CC(C)CNCc1cc2cc(S(N)(=O)=O)oc2s1,-1.3300000854057772,-2.006031644707978,-0.6760315593022006,0.6760315593022006
CCNCc1cc2cc(S(N)(=O)=O)oc2s1,-1.0400000374204899,-1.8766827595593198,-0.83668272213883,0.83668272213883
CCOCCNCc1cc2cc(S(N)(=O)=O)oc2s1,-0.9200000973922822,-1.7197891228717093,-0.7997890254794271,0.7997890254794271
COc1cc(O)c2c(=O)c3cc(O)ccc3oc2c1,-2.93000004610229,-4.661997462412265,-1.7319974163099752,1.7319974163099752
CSc1ccc2oc3ccc(C(=O)O)cc3c(=O)c2c1,-5.320000031862939,-4.8757009235578606,0.4442991083050787,0.4442991083050787
C[S+]([O-])c1ccc2oc3ccc(C(=O)O)cc3c(=O)c2c1,-5.019999841350446,-3.0511240914825297,1.968875749867916,1.968875749867916
CCOP(=O)(OCC)SCn1nnc2ccccc2c1=O,-1.9930000706726612,-3.4872311445812296,-1.4942310739085685,1.4942310739085685
CCOP(=S)(OCC)SCn1nnc2ccccc2c1=O,-4.517099775276831,-4.698469283378207,-0.1813695081013762,0.1813695081013762
COP(=S)(OC)SCn1nnc2ccccc2c1=O,-4.039999899893582,-4.506033777019246,-0.466033877125664,0.466033877125664
CC[C@]12CC[C@@H]3C4=C(CC[C@H]3[C@@H]1CC[C@@H]2O)CC(OC)=CC4,-4.702513597845634,-4.444603065567652,0.25791053227798244,0.25791053227798244
COC1=CCC2=C(CCC3C2CCC2(C)C3CCC2(O)C#N)C1,-5.683242085125615,-4.260325229775753,1.422916855349862,1.422916855349862
COC1=CCC2=C(CC[C@@H]3[C@@H]2CC[C@]2(C)[C@@H](O)CC[C@@H]32)C1,-4.761072068455888,-4.279972272238545,0.4810997962173422,0.4810997962173422
O=C1C2CC=CCC2C(=O)N1SC(Cl)(Cl)C(Cl)Cl,-5.396799928116133,-4.999627657484271,0.3971722706318621,0.3971722706318621
O=C1C2CC=CCC2C(=O)N1SC(Cl)(Cl)Cl,-4.770399906173986,-4.511611986842109,0.25878791933187717,0.25878791933187717
O=C1NC(=O)C2CC=CCC12,-1.0930914184680047,-1.3191180619906273,-0.22602664352262258,0.22602664352262258
CN(C)C(=O)Nc1cc(C(C)(C)C)on1,-2.4272001040130577,-2.8213464923409757,-0.39414638832791793,0.39414638832791793
Cc1oncc1C(=O)[O-],-1.0553611877915172,-0.7636006462732863,0.29176054151823094,0.29176054151823094
c1cnoc1,0.3826998883039092,0.7316820528911729,0.3489821645872637,0.3489821645872637
CC(C)N(CCC(C(N)=O)(c1ccccc1)c1ccccn1)C(C)C,-1.7000000480176067,-2.3206226334940463,-0.6206225854764396,0.6206225854764396
CN(C)CCOC(C)(c1ccccc1)c1ccccn1,-2.8199999251814134,-2.780455257941294,0.0395446672401194,0.0395446672401194
CN(C)CC[C@@H](c1ccc(Cl)cc1)c1ccccn1,-2.6700000512124493,-3.086799797404681,-0.4167997461922317,0.4167997461922317
COc1cc([C@@H]2c3cc4c(c(O)c3C[C@H]3COC(=O)[C@@H]32)OCO4)cc(OC)c1O,-4.125399973190888,-3.803968756186493,0.3214312170043945,0.3214312170043945
COc1cc([C@@H]2c3cc4c(c(O)c3C[C@H]3COC(=O)[C@@H]32)OCO4)cc(OC)c1OC,-4.503499935499484,-3.8505284175319936,0.6529715179674902,0.6529715179674902
COc1cc([C@@H]2c3cc4c(cc3[C@H](O)[C@H]3COC(=O)[C@@H]23)OCO4)cc(OC)c1OC,-3.617399882090275,-4.105099077873948,-0.4876991957836734,0.4876991957836734
CCN(C(=O)Oc1cccc(NC(=O)OC(C)C)c1)c1ccccc1,-5.0574001156662955,-4.75956431904401,0.29783579662228554,0.29783579662228554
CCOC(=O)Nc1cccc(OC(=O)Nc2ccccc2)c1,-4.519999932359992,-5.127202839951417,-0.6072029075914251,0.6072029075914251
COC(=O)Nc1cccc(OC(=O)Nc2cccc(C)c2)c1,-4.778999742776125,-5.134706725752727,-0.35570698297660197,0.35570698297660197
Cc1nc2cncnc2n(C)c1=O,-1.4889999684945356,-0.9533561934174943,0.5356437750770413,0.5356437750770413
Cn1c(=O)cnc2cncnc21,-0.9200000973922822,-0.8617555142815205,0.05824458311076164,0.05824458311076164
O=c1cnc2cncnc2[nH]1,-2.119999906204729,-1.1775027801861087,0.9424971260186203,0.9424971260186203
CC(C(=O)O)c1ccc2c(c1)[nH]c1ccc(Cl)cc12,-4.699999774313909,-5.27070566823336,-0.5707058939194507,0.5707058939194507
CCn1c2ccccc2c2ccccc21,-6.813503172743943,-4.121313920537521,2.692189252206422,2.692189252206422
c1ccc2c(c1)[nH]c1ccccc12,-5.210427693303761,-4.457491381620553,0.7529363116832082,0.7529363116832082
CCOC(=O)c1ccccc1S(=O)(=O)NC(=O)Nc1nc(Cl)cc(OC)n1,-4.579999834285701,-4.498180461576419,0.08181937270928152,0.08181937270928152
COC(=O)c1ccccc1S(=O)(=O)NC(=O)Nc1nc(C)cc(C)n1,-3.1742000353842186,-3.6119324180413654,-0.43773238265714687,0.43773238265714687
COC(=O)c1ccccc1S(=O)(=O)NC(=O)Nc1nc(OC(F)F)cc(OC(F)F)n1,-5.151999816234511,-5.456397155275683,-0.30439733904117183,0.30439733904117183
Cc1nc2c(=O)[nH]cnc2[nH]c1=O,-2.1500001295211626,-2.5321296651597356,-0.382129535638573,0.382129535638573
Nc1nc2[nH]c(=O)cnc2c(=O)[nH]1,-4.55000008758803,-3.354146827967628,1.1958532596204021,1.1958532596204021
O=c1cnc2c(=O)[nH]cnc2[nH]1,-2.8199999251814134,-2.471972887572675,0.34802703760873843,0.34802703760873843
C=CC1(C)OC(=O)N(c2cc(Cl)cc(Cl)c2)C1=O,-4.925000053375069,-4.997071482971053,-0.07207142959598478,0.07207142959598478
CCOC(=O)C1(C)OC(=O)N(c2cc(Cl)cc(Cl)c2)C1=O,-5.220300102002541,-4.669002260280543,0.5512978417219978,0.5512978417219978
COCC1(C)OC(=O)N(c2cc(Cl)cc(Cl)c2)C1=O,-4.659999748912243,-4.928277828695145,-0.26827807978290164,0.26827807978290164
CC(=O)OCn1cc(F)c(=O)n(C(=O)c2ccccc2)c1=O,-3.3399998979389958,-2.7990426066734253,0.5409572912655705,0.5409572912655705
CCCC(=O)OCn1cc(F)c(=O)n(C(=O)c2ccccc2)c1=O,-3.7299999753842505,-3.5227059812280146,0.20729399415623595,0.20729399415623595
O=C(c1ccccc1)n1c(=O)[nH]cc(F)c1=O,-2.2599999951105594,-2.759195269496838,-0.4991952743862784,0.4991952743862784
C1CCCNCC1,-0.48999996050116446,0.42692765830827994,0.9169276188094444,0.9169276188094444
CCSC(=O)N1CCCCCC1,-2.28579998153574,-2.2134879956413376,0.07231198589440258,0.07231198589440258
O=NN1CCCCCC1,-1.000599870775988,-0.8105124607960912,0.19008740997989682,0.19008740997989682
COc1ccc2[nH]c(=O)cc(C(=O)[O-])c2c1,-3.1103999371636473,-3.282180152366864,-0.17178021520321662,0.17178021520321662
Cn1c(=O)ccc2ccccc21,-1.0465999816939775,-1.654491399132445,-0.6078914174384675,0.6078914174384675
O=c1ccc2ccccc2[nH]1,-2.139399992060003,-2.3892903242397896,-0.2498903321797865,0.2498903321797865
CC1COC(=O)O1,0.3712321685176896,-0.09267394627410663,-0.4639061147917962,0.4639061147917962
O=C1OCC(CO)O1,0.9277940602094796,0.5787506160670004,-0.34904344414247923,0.34904344414247923
O=C1OCCO1,0.9461909997458777,0.3593169718016078,-0.5868740279442699,0.5868740279442699
COc1ccc(S(=O)(=O)CCOS(=O)(=O)[O-])cc1N/N=C1/C(=O)c2c(cc(S(=O)(=O)[O-])c(N=Nc3ccc(S(=O)(=O)CCOS(=O)(=O)[O-])cc3)c2N)C=C1S(=O)(=O)[O-],-0.4161047151651802,0.44036667329738455,0.8564713884625648,0.8564713884625648
Nc1c(N=Nc2ccc(S(=O)(=O)CCOS(=O)(=O)[O-])cc2)c(S(=O)(=O)[O-])cc2c1C(=O)/C(=N\Nc1ccc(S(=O)(=O)CCOS(=O)(=O)[O-])cc1)C(S(=O)(=O)[O-])=C2,-0.25528646340799677,0.5819485917885081,0.8372350551965049,0.8372350551965049
Nc1c(N=Nc2ccc([N+](=O)[O-])cc2)c(S(=O)(=O)[O-])cc2c1C(=O)/C(=N/Nc1ccccc1)C(S(=O)(=O)[O-])=C2,-1.2800595629106486,-1.4737429933673745,-0.19368343045672587,0.19368343045672587
CC(c1cc2ccccc2s1)N(O)C(N)=O,-3.3699998489018506,-2.9780425875735097,0.39195726132834086,0.39195726132834086
Cc1c(CC(=O)O)sc2cc(Cl)ccc12,-3.8399998409736473,-4.221815795510504,-0.3818159545368567,0.3818159545368567
c1ccc2sccc2c1,-3.0137998846701155,-4.005346992303222,-0.9915471076331066,0.9915471076331066
CC1=C/C(=C(\c2ccc(N)c(S(=O)(=O)[O-])c2)c2ccc(N)c(S(=O)(=O)O)c2)C=C(S(=O)(=O)[O-])C1=N,-1.7675632088247897,-0.9505889448807565,0.8169742639440332,0.8169742639440332
CC1=CC(=C(c2ccc(N)cc2)c2ccc(N)cc2)C=CC1=N,-2.1054833242813595,-2.7473070698292483,-0.6418237455478888,0.6418237455478888
CCN=C1C=CC(=C(c2ccc(NCC)c(C)c2)c2ccc(NCC)c(C)c2)C=C1C,-1.0232212866721464,-3.9261872884670774,-2.902966001794931,2.902966001794931
CC(Oc1ccc(Oc2nc3ccc(Cl)cc3o2)cc1)C(=O)O,-3.091999984715784,-5.335490414007076,-2.243490429291292,2.243490429291292
CCOC(=O)C(C)Oc1ccc(Oc2nc3ccc(Cl)cc3o2)cc1,-5.604199901858694,-6.3712764028194595,-0.7670765009607656,0.7670765009607656
CCOC(=O)[C@@H](C)Oc1ccc(Oc2nc3ccc(Cl)cc3o2)cc1,-5.604199901858694,-6.3712764028194595,-0.7670765009607656,0.7670765009607656
CC(=O)Nc1ccncc1NS(=O)(=O)c1ccc([N+](=O)[O-])cc1,-3.3900000658678673,-3.802794912262145,-0.41279484639427766,0.41279484639427766
Nc1ccc(S(=O)(=O)Nc2ccc(I)nc2)cc1,-1.8099999816953982,-3.483131610425714,-1.673131628730316,1.673131628730316
O=S(=O)(Nc1cccnc1Cl)c1ccccc1,-3.759999926347105,-4.0736889481687975,-0.31368902182169256,0.31368902182169256
C=CCN1CCC23c4c5ccc(O)c4OC2C(=O)CCC3(O)C1C5,-3.3900000658678673,-3.4196221602844243,-0.029622094416557054,0.029622094416557054
C=CCN1CC[C@]23c4c5ccc(O)c4O[C@H]2C(=O)CC[C@@]3(O)[C@H]1C5,-2.900000078117337,-3.41962209219603,-0.5196220140786929,0.5196220140786929
CN1CCC23c4c5ccc(O)c4OC2C(=O)CCC3C1C5,-2.099999893503896,-2.587512697307122,-0.4875128038032259,0.4875128038032259
CC(O)C(O)c1cnc2[nH]c(N)nc(=O)c2n1,-2.5301001203351987,-2.4241927077082703,0.10590741262692838,0.10590741262692838
Nc1nc(=O)c2nccnc2[nH]1,-3.9699999916174558,-2.627009753737259,1.3429902378801968,1.3429902378801968
O=c1nc[nH]c2nccnc12,-1.4716001154098868,-1.1401294688745534,0.3314706465353334,0.3314706465353334
O=c1[nH]c(=O)c2cc([N+](=O)[O-])cc([N+](=O)[O-])c2[nH]1,-3.2056998970825124,-3.6332305700310417,-0.4275306729485293,0.4275306729485293
O=c1[nH]c2ccccc2c(=O)n1CCCl,-3.5747994928072413,-3.5062175934388,0.0685818993684415,0.0685818993684415
O=c1[nH]c2ccccc2c(=O)n1CCO,-3.1128935554642494,-2.0077738905511464,1.105119664913103,1.105119664913103
CC[P+](c1ccccc1)(c1ccccc1)c1ccccc1,-1.332173330787294,0.08744055653645777,1.4196138873237518,1.4196138873237518
COC[P+](c1ccccc1)(c1ccccc1)c1ccccc1,0.5063443277459609,-0.21940660294543557,-0.7257509306913965,0.7257509306913965
C[P+](c1ccccc1)(c1ccccc1)c1ccccc1,-0.018923048334852144,0.11815332490325714,0.13707637323810928,0.13707637323810928
CN1CC2CC1CN2c1cc2c(cc1F)c(=O)c(C(=O)O)cn2C1CC1,-2.900000078117337,-3.6821844916872024,-0.7821844135698655,0.7821844135698655
CN1C[C@@H]2C[C@H]1CN2c1cc2c(cc1F)c(=O)c(C(=O)O)cn2C1CC1,-2.900000078117337,-3.682184627863992,-0.7821845497466549,0.7821845497466549
O=C(O)c1cn(C2CC2)c2cc(N3CC4CC3CN4)c(F)cc2c1=O,-3.650000060757708,-4.126499668853426,-0.4764996080957178,0.4764996080957178
COc1ccc2c(c1)[nH]c1c(C)nccc12,-4.479999906958326,-3.4075033792682383,1.0724965276900873,1.0724965276900873
Cc1nccc2c1[nH]c1ccccc12,-3.789999945398354,-2.5775363857180555,1.2124635596802986,1.2124635596802986
c1ccc2c(c1)[nH]c1cnccc12,-3.7299999753842505,-2.5354048531208146,1.194595122263436,1.194595122263436
CCOC(=O)C1CCn2c(C(=O)c3ccccc3)ccc21,-4.199999729146666,-4.1018534402761615,0.09814628887050425,0.09814628887050425
CN(C)C(=O)COC(=O)C1CCn2c(C(=O)c3ccccc3)ccc21,-3.0299999500242794,-3.1784971280169088,-0.1484971779926294,0.1484971779926294
O=C(c1ccccc1)c1ccc2n1CCC2C(=O)O,-3.259999966290355,-3.5001106772312176,-0.24011071094086267,0.24011071094086267
O=c1[nH]cncc1Br,-0.44709991419312756,-1.1177804065571304,-0.6706804923640028,0.6706804923640028
O=c1cc(O)nc[nH]1,-1.5871611006350808,-0.8203373437953809,0.7668237568396998,0.7668237568396998
O=c1ccnc[nH]1,0.5859998512721925,0.0901428487446676,-0.49585700252752485,0.49585700252752485
CC1CCC(C(C)C)C2(C1)OCC(CO)O2,-2.2793855781377657,-2.8959149276351983,-0.6165293494974327,0.6165293494974327
CCCN(CC)CC1COC2(CCC(C(C)(C)C)CC2)O1,-2.8013999290299694,-3.3919524665412273,-0.5905525375112579,0.5905525375112579
NC(=O)OCC1COC2(CCCCC2)O1,-1.8900000324987298,-1.500095108585046,0.3899049239136838,0.3899049239136838
CC1CN(c2cc3c(cc2F)c(=O)c(C(=O)O)cn3-c2ccc(F)cc2F)CCN1,-3.799999883660376,-4.4132303844795775,-0.6132305008192014,0.6132305008192014
CN1CCN(c2cc3c(cc2F)c(=O)c(C(=O)O)cn3-c2ccc(F)cc2)CC1,-3.819999896361209,-4.384771341976811,-0.5647714456156021,0.5647714456156021
O=C(O)c1cn(-c2ccc(F)cc2)c2cc(N3CCNCC3)c(F)cc2c1=O,-3.1300000880001253,-4.437738665969212,-1.3077385779690864,1.3077385779690864
CC(C)(C)C(O)/C(=C\c1ccc(Cl)cc1)n1cncn1,-4.540299806351012,-4.148808286664407,0.3914915196866051,0.3914915196866051
CC(C)(C)C(O)/C(=C\c1ccc(Cl)cc1Cl)n1cncn1,-4.9114998950075375,-4.59483738490161,0.3166625101059273,0.3166625101059273
CC(C)(C)[C@H](O)/C(=C\c1ccc(Cl)cc1)n1cncn1,-4.540299806351012,-4.148808014310828,0.3914917920401839,0.3914917920401839
O=C1Nc2ccc(Cl)cc2C(=O)N2CCCC12,-4.699999774313909,-4.489712716459966,0.21028705785394308,0.21028705785394308
O=C1Nc2ccccc2C(=O)N2CC(O)CC12,-2.369999860699956,-2.4440034346718824,-0.07400357397192625,0.07400357397192625
O=C1Nc2ccccc2C(=O)N2CCCC12,-3.7499999199966885,-3.4007861867791056,0.34921373321758287,0.34921373321758287
O=C(O)C1CCC(C(=O)O)SS1,-1.9299999898120008,-1.0544166655804639,0.875583324231537,0.875583324231537
O=C(O)[C@@H]1CC[C@H](C(=O)O)SS1,-1.1708999762000443,-1.0544166655804639,0.1164833106195804,0.1164833106195804
O=C(O)[C@H]1CC[C@H](C(=O)O)SS1,-1.524099944484389,-1.0544168017572533,0.46968314272713574,0.46968314272713574
CC1(C)N=C(c2ccccc2)NC1=O,-0.8499999167625774,-2.038105636261295,-1.1881057194987177,1.1881057194987177
COC(=O)c1cc(C)ccc1C1=NC(C)(C(C)C)C(=O)N1,-2.3262000262561733,-3.1912901969166976,-0.8650901706605243,0.8650901706605243
COC(=O)c1ccc(C)cc1C1=NC(C)(C(C)C)C(=O)N1,-2.4598998960019136,-3.2089298062611267,-0.7490299102592131,0.7490299102592131
CC1=C(O)C(=O)C(C)O1,0.39066977107843437,-0.41509428338807286,-0.8057640544665072,0.8057640544665072
O=C1C(O)=C(O)OC1C(O)CO,0.276999736750398,-0.14741701559986042,-0.42441675235025844,0.42441675235025844
O=C1C(O)=C(O)O[C@@H]1[C@H](O)C[O-],-0.13254487607945187,-0.3489592085709874,-0.21641433249153552,0.21641433249153552
CCN(CC)c1ccc([C+](c2ccc(N(CC)Cc3cccc(S(=O)(=O)[O-])c3)cc2)c2ccc(N(CC)Cc3cccc(S(=O)(=O)[O-])c3)cc2)c(C)c1,-0.6229779570864675,-1.1346532554669269,-0.5116752983804593,0.5116752983804593
CCN(CC)c1ccc([C+](c2ccc(N(CC)Cc3cccc(S(=O)(=O)[O-])c3)cc2)c2ccc(N(CC)Cc3cccc(S(=O)(=O)[O-])c3)cc2)cc1,-0.7717028928870766,-1.0164020977677772,-0.24469920488070063,0.24469920488070063
CCN(Cc1cccc(S(=O)(=O)[O-])c1)c1ccc([C+](c2ccc(N(CC)Cc3cccc(S(=O)(=O)[O-])c3)cc2)c2ccccc2S(=O)(=O)[O-])cc1,-0.11315820363793039,-0.3613752635183629,-0.24821705988043252,0.24821705988043252
CC1(C)CC(OC(=O)CCCCCCCCC(=O)OC2CC(C)(C)NC(C)(C)C2)CC(C)(C)N1,-5.05759512082867,-3.6355133015512098,1.42208181927746,1.42208181927746
CC1(C)CNCC(C)(C)C1OC(=O)CCCCCCCCC(=O)OC1C(C)(C)CNCC1(C)C,-4.407746681348535,-4.279670368296517,0.12807631305201816,0.12807631305201816
CN1C(C)(C)CC(OC(=O)CCCCCCCCC(=O)OC2CC(C)(C)N(C)C(C)(C)C2)CC1(C)C,-4.611221222960788,-3.33726131461642,1.2739599083443682,1.2739599083443682
O=S(=O)([O-])c1cc(O)c2ccc3c(S(=O)(=O)[O-])cc(S(=O)(=O)[O-])c4ccc1c2c34,-0.24253568591235597,1.7216685191963061,1.9642042051086621,1.9642042051086621
O=[N+]([O-])c1ccc2ccc3cccc4ccc1c2c34,-7.321299883809635,-5.760251148927277,1.561048734882358,1.561048734882358
c1cc2ccc3cccc4ccc(c1)c2c34,-6.178796502827165,-6.5316482670610965,-0.3528517642339315,0.3528517642339315
Brc1cccc(Nc2ncnc3cc4[nH]ccc4cc23)c1,-2.8199999251814134,-4.131105576400205,-1.3111056512187913,1.3111056512187913
Cn1ccc2cc3c(Nc4cccc(Br)c4)ncnc3cc21,-3.309999912931944,-3.9244212116857695,-0.6144212987538253,0.6144212987538253
O=C(O)Cn1ccc2cc3c(Nc4cccc(Br)c4)ncnc3cc21,-1.9600000769516448,-4.103747659416264,-2.143747582464619,2.143747582464619
COc1cc(O)c(CC=C(C)C)c2c1C(=O)CC(c1ccc(O)cc1)O2,-5.4399998357143575,-4.161128609328857,1.2788712263855002,1.2788712263855002
O=C1CC(c2ccc(O)c(O)c2)Oc2cc(O)cc(O)c21,-3.619999837441275,-2.9216773973549084,0.6983224400863666,0.6983224400863666
O=C1C[C@@H](c2ccc(O)c(O)c2)Oc2cc(O)cc(O)c21,-3.614700041064274,-2.921677363310711,0.6930226777535626,0.6930226777535626
C1CCCCCCC1,-4.152399949483976,-4.219691165242791,-0.06729121575881525,0.06729121575881525
CN(C)C(=O)NC1CCCCCCC1,-2.2599999951105594,-1.9892492171863216,0.27075077792423774,0.27075077792423774
OC1CCCCCCC1,-1.2900000600041115,-1.6650815956879805,-0.37508153568386904,0.37508153568386904
CCS(=O)(=O)c1cccnc1S(=O)(=O)NC(=O)Nc1nc(OC)cc(OC)n1,-4.634900051626385,-3.680486775654157,0.9544132759722279,0.9544132759722279
COC(=O)c1ccc(C(F)(F)F)nc1S(=O)(=O)NC(=O)Nc1nc(OC)cc(OC)n1,-3.8900000769909133,-4.536797203151689,-0.6467971261607759,0.6467971261607759
COc1cc(OC)nc(NC(=O)NS(=O)(=O)c2ncccc2C(=O)N(C)C)n1,-3.9699999916174558,-3.7686789497522617,0.20132104186519406,0.20132104186519406
C=CC(=O)OC1C=CC2C3CCC(C3)C12,-3.7081424431880494,-3.20259266616902,0.5055497770190294,0.5055497770190294
CC(=O)OC1=CCC2C3CCC(C3)C12,-3.009726502841446,-3.033896944610996,-0.024170441769550077,0.024170441769550077
CCC(=O)OC1C=CC2C3CCC(C3)C12,-3.558592752662636,-3.5846186223371803,-0.026025869674544122,0.026025869674544122
CN1C[C@@H]2C[C@@H](C1)c1cccc(=O)n1C2,0.6483998691105048,-0.6568630999383731,-1.305262969048878,1.305262969048878
O=c1cccc2n1CC1CNCC2C1,0.3600000345770753,-0.706489190226852,-1.0664892248039273,1.0664892248039273
O=c1cccc2n1C[C@@H]1CNC[C@@H]2C1,0.3629997368932636,-0.7064889178732732,-1.0694886547665368,1.0694886547665368
COCOc1ccc2c3c1OC1C(O)CCC4C(C2)N(C)CCC341,-1.9600000769516448,-2.197050912457517,-0.23705083550587225,0.23705083550587225
COc1ccc2c3c1OC1C(O)CCC4C(C2)N(C)CCC341,-1.0000000120188242,-2.0718991321339564,-1.0718991201151322,1.0718991201151322
COc1ccc2c3c1OC1C(OC(C)=O)CCC4C(C2)N(C)CCC341,-1.750000079769689,-2.3295547414622426,-0.5795546616925535,0.5795546616925535
O=C1CCC(=O)N1,0.3899997812747462,0.4000942943169834,0.010094513042237185,0.010094513042237185
O=C1CCC(=O)N1Br,-1.0830999912553185,-0.2688267939283908,0.8142731973269277,0.8142731973269277
O=C1CCC(=O)N1Cl,-0.970200172847945,-0.2362756389051297,0.7339245339428153,0.7339245339428153
Cc1cc(=O)c2ccccc2[nH]1,-1.201900077592409,-2.060270042852336,-0.858369965259927,0.858369965259927
Cn1ccc(=O)c2ccccc21,-0.9818001202966409,-1.7170816559455038,-0.7352815356488629,0.7352815356488629
O=c1cc[nH]c2ccccc12,-1.4809999906495603,-1.7822294490396744,-0.30122945839011406,0.30122945839011406
Cc1ccc2c(ccc3ccccc32)c1,-5.836699709063903,-6.377351249393147,-0.540651540329244,0.540651540329244
Cc1cccc2c1ccc1ccccc12,-5.854100106855709,-5.995257426117584,-0.14115731926187536,0.14115731926187536
c1ccc2c(c1)ccc1ccccc12,-5.190299946774502,-5.848718400139904,-0.6584184533654023,0.6584184533654023
CCCCCCCCSc1nc(Nc2cc(C(C)(C)C)c(O)c(C(C)(C)C)c2)nc(SCCCCCCCC)n1,-7.4690645008916245,-7.581855922574661,-0.11279142168303657,0.11279142168303657
Clc1nc(Cl)nc(Nc2ccccc2Cl)n1,-4.537099787977664,-4.846473843963062,-0.3093740559853977,0.3093740559853977
O=S(=O)([O-])c1ccc(Nc2nc(Cl)nc(Cl)n2)cc1,-1.3810309754533718,-1.0265467238685018,0.35448425158487007,0.35448425158487007
CC(=O)C1CC(CC(=O)O)C1(C)C,-0.575200058183285,-1.4914459759851555,-0.9162459178018705,0.9162459178018705
CC1(C)C(O)C(C)(C)C1O,-0.37367747466982726,0.16576536047698998,0.5394428351468172,0.5394428351468172
FC1(F)C(F)(F)C(F)(F)C1(F)F,-3.637999957813456,-5.344031422236208,-1.706031464422752,1.706031464422752
CCNc1nc(=O)nc(NC(C)C)[nH]1,-4.52409980695748,-2.898998719118821,1.625101087838659,1.625101087838659
Nc1nc(=O)nc(N)[nH]1,-3.229099954838176,-2.5136395126110154,0.7154604422271604,0.7154604422271604
CC(C)(C)NC(=O)C1N(C(=O)C(O)C(Cc2ccccc2)NC(=O)COc2ccccc2)CSC1(C)C,-3.8299999027116254,-3.5161869259674114,0.31381297674421393,0.31381297674421393
Cc1cccc(C)c1OCC(=O)NC(Cc1ccccc1)C(O)C(=O)N1CSC(C)(C)C1C(=O)NC(C)(C)C,-5.010000107353608,-3.9321262306049745,1.077873876748633,1.077873876748633
COc1ccc2c(c1)c(CC(=O)O)c(C)n2C(=O)/C=C/c1ccccc1,-5.543300007532055,-4.770659322957731,0.7726406845743243,0.7726406845743243
COc1ccc2c(c1)c(CC(=O)O)c(C)n2C(=O)C=Cc1ccccc1,-5.539999899218522,-4.770659322957731,0.7693405762607908,0.7693405762607908
O=C1CC(=O)CC(c2ccccc2)C1,-2.509999983649984,-1.7150535750214528,0.7949464086285309,0.7949464086285309
O=C1CC(c2ccccc2)CC(=O)C1[N+](=O)[O-],-1.6688000390984508,-2.7888776902310846,-1.1200776511326338,1.1200776511326338
C=CS(=O)(=O)CCOCCNc1nc(F)nc(Nc2ccc(N=Nc3cc4c(S(=O)(=O)[O-])cc(S(=O)(=O)[O-])cc4cc3S(=O)(=O)[O-])c(NC(N)=O)c2)n1,-0.4145599256665946,-0.09334175724916527,0.32121816841742934,0.32121816841742934
NC(=O)Nc1cc(Nc2nc(N)nc(Cl)n2)ccc1N=Nc1cc2c(S(=O)(=O)[O-])cc(S(=O)(=O)[O-])cc2cc1S(=O)(=O)[O-],-1.0000005567259818,-0.17012040992321786,0.8298801468027639,0.8298801468027639
O=C(CC(CP1(=O)Oc2ccccc2-c2ccccc21)C(=O)OCCO)OCCO,-4.461779588717738,-2.6455595857639196,1.816220002953818,1.816220002953818
O=C(O)CC(CP1(=O)Oc2ccccc2-c2ccccc21)C(=O)O,-2.8135094500244784,-2.8665624973057864,-0.053053047281308,0.053053047281308
Cc1cnnc2c(O)cccc12,-2.678299890347612,-2.2681793177871317,0.4101205725604804,0.4101205725604804
Oc1cccc2ccnnc12,-2.408900054262295,-1.979527828546951,0.42937222571534406,0.42937222571534406
COc1cccc(CC(C)NC(C)Cc2ccccc2OC)c1,-2.9999999799115638,-2.51693601223963,0.4830639676719337,0.4830639676719337
COc1ccccc1CC(C)NC(C)Cc1ccccc1OC,-2.0000000342649162,-2.3502394510600153,-0.35023941679509907,0.35023941679509907
CCC(Cc1ccc(C)cc1)(C(=O)c1ccc(N2CCOCC2)cc1)N(C)C,-5.13323302053819,-4.156655065621344,0.9765779549168467,0.9765779549168467
CCC(Cc1ccccc1)(C(=O)c1ccc(N2CCOCC2)cc1)N(C)C,-4.793227629906036,-3.9635172955596136,0.829710334346422,0.829710334346422
O=C(c1ccccc1)C1(O)CCCCC1,-2.6647801225224126,-2.0191477845294923,0.6456323379929203,0.6456323379929203
O=C(c1ccccc1)C1CCCCC1,-4.014709895544582,-3.8165136343766104,0.19819626116797195,0.19819626116797195
Nc1nc2c(ncn2C2OC(CO)C(O)C2O)c(=O)[nH]1,-2.7399999935327726,-2.185046247590821,0.5549537459419516,0.5549537459419516
O=c1[nH]cnc2c1ncn2C1CCC(CO)O1,-0.940000110093115,-1.5231087136345827,-0.5831086035414677,0.5831086035414677
CN(C)c1ccc2nc3ccc(N(C)C)cc3[s+]c2c1,-0.86549996745876,-0.5973821677569435,0.2681177997018165,0.2681177997018165
Cc1cc2nc3ccc(N(C)C)cc3[s+]c2cc1N,-0.9034000105915885,-0.6125171284808313,0.2908828821107572,0.2908828821107572
Cc1cccc(C)c1OP(=O)(Oc1cccc(OP(=O)(Oc2c(C)cccc2C)Oc2c(C)cccc2C)c1)Oc1c(C)cccc1C,-6.836753180699821,-6.668211526156869,0.16854165454295256,0.16854165454295256
O=P(Oc1ccccc1)(Oc1ccccc1)Oc1cccc(OP(=O)(Oc2ccccc2)Oc2ccccc2)c1,-5.7380717628894065,-6.112470780504965,-0.37439901761555827,0.37439901761555827
CC1C(c2ccc(Cl)cc2)SC(=O)N1C(=O)NC1CCCCC1,-5.8499998237278525,-4.602465055404455,1.2475347683233977,1.2475347683233977
C[C@H]1C(c2ccc(Cl)cc2)SC(=O)N1C(=O)NC1CCCCC1,-5.84869988009655,-4.602465191581244,1.2462346885153064,1.2462346885153064
CCCCN1CCCCC1C(=O)Nc1c(C)cccc1C,-3.2199999919549853,-3.3382592862173,-0.11825929426231463,0.11825929426231463
Cc1cccc(C)c1NC(=O)C1CCCCN1C,-1.9900000279144996,-2.3463762517224476,-0.356376223807948,0.356376223807948
C1=CCCCCC1,-3.1800000431527637,-3.578119857418193,-0.3981198142654292,0.3981198142654292
O=NC1=C(NO)CCCCC1,-1.4249000557945484,-1.4900008678963872,-0.06510081210183882,0.06510081210183882
COC(=O)c1sccc1S(=O)(=O)NC(=O)Nc1nc(C)nc(OC)n1,-2.2379000001408897,-3.5852458185848097,-1.34734581844392,1.34734581844392
COC(=O)c1sccc1S(=O)(=O)NC(=O)Nc1nc(OC)nc(OC)n1,-3.190000023970032,-4.120753961579641,-0.9307539376096092,0.9307539376096092
CC[N+]1(C)CCCC1,1.4101869912186564,1.1575041497077048,-0.25268284151095166,0.25268284151095166
NC(=O)[C@@H]1CCC[NH2+]1,0.785359675016915,0.47358836283149097,-0.311771312185424,0.311771312185424
CC(=O)Oc1ccccc1C(=O)OCC(=O)N1CCOCC1,-1.7999999753449818,-1.6345129023643323,0.16548707298064946,0.16548707298064946
O=C(OCC(=O)N1CCOCC1)c1ccccc1,-1.7734000183706615,-1.7683523533191745,0.005047665051487016,0.005047665051487016
O=C1OC(c2ccc(O)cc2)(c2ccc(O)cc2)c2ccccc21,-2.9007999720670323,-3.9979224975701135,-1.0971225255030812,1.0971225255030812
O=C1OC(c2ccccc2)(c2ccccc2)c2ccccc21,-3.8499998473240638,-5.019975329528359,-1.1699754822042951,1.1699754822042951
CC(=O)C1C(=O)C=C(C)OC1=O,-1.2259999648907305,-1.185961129104095,0.040038835786635474,0.040038835786635474
CC1=CC(=O)CC(=O)O1,-1.118500100888938,0.12714072064793625,1.2456408215368742,1.2456408215368742
Cc1nn(-c2cccc(S(=O)(=O)[O-])c2)c([O-])c1N=Nc1cc(Cl)cc(S(=O)(=O)[O-])c1[O-],-1.133167566694927,-0.719339376778731,0.41382818991619597,0.41382818991619597
Cc1nn(-c2ccccc2)c(O)c1N=Nc1cc(Cl)c(S([NH-])(=O)=O)cc1O,-2.6924707874911724,-2.65404183370844,0.03842895378273248,0.03842895378273248
OCC1OC(OCC2OC(OC3(CO)OC(CO)C(O)C3O)C(O)C(O)C2O)C(O)C(O)C1O,0.29999972412099796,-0.2633078210089028,-0.5633075451299008,0.5633075451299008
OC[C@H]1O[C@H](OC[C@H]2O[C@H](O[C@]3(CO)O[C@H](CO)[C@@H](O)[C@@H]3O)[C@H](O)[C@@H](O)[C@@H]2O)[C@H](O)[C@@H](O)[C@H]1O,-0.39620002621690453,-0.2633078210089028,0.1328922052080017,0.1328922052080017
CCC(=O)N(c1ccccc1)C1CCN(Cc2ccccc2)CC1,-3.4150433178745327,-2.876525259304311,0.5385180585702218,0.5385180585702218
c1ccc(CN2CCC(Nc3ccccc3)CC2)cc1,-3.954222889243305,-3.2220711728328713,0.7321517164104336,0.7321517164104336
CCN1C(=O)c2ccccc2Oc2ccccc21,-3.680000011720563,-4.613491562393124,-0.933491550672561,0.933491550672561
Cc1ccc2c(c1)C(=O)N(C)c1cc(N)ccc1O2,-3.9279999377103487,-4.28407936420587,-0.3560794264955214,0.3560794264955214
C1CN1,1.3658350279823828,1.0052334426655434,-0.3606015853168394,0.3606015853168394
CC1CN1,1.2433998384299145,0.7602356020857601,-0.4831642363441544,0.4831642363441544
CC12CCC3c4ccc(O)cc4CCC3C1CCC2=O,-5.110000034680983,-4.460126402494815,0.6498736321861678,0.6498736321861678
C[C@]12CC[C@@H]3c4ccc(O)cc4CC[C@H]3[C@@H]1CCC2=O,-5.551147875903307,-4.460126402494815,1.0910214734084915,1.0910214734084915
CCN1CC(=O)N=C1N,-0.16500016264299822,-0.6558602940614704,-0.4908601314184722,0.4908601314184722
CN1CC(=O)N=C1N,-0.14990006317718851,-0.5763355002530317,-0.4264354370758432,0.4264354370758432
CC(C)=CC1C(C(=O)OCN2C(=O)C3=C(CCCC3)C2=O)C1(C)C,-5.26000012993723,-5.470508066543527,-0.21050793660629719,0.21050793660629719
CC(C)=C[C@@H]1[C@@H](C(=O)OCN2C(=O)C3=C(CCCC3)C2=O)C1(C)C,-4.8579997112383415,-5.470508338897105,-0.6125086276587632,0.6125086276587632
CC1CC(C)C(=O)C(C(O)CC2CC(=O)NC(=O)C2)C1,-1.130000094574238,-1.426067363233007,-0.2960672686587691,0.2960672686587691
C[C@@H]1C[C@@H]([C@H](O)CC2CC(=O)NC(=O)C2)C(=O)[C@@H](C)C1,-1.1269999837276814,-1.4260674994097964,-0.299067515682115,0.299067515682115
CCCCCCCC/C=C\CCCCCCCC1=NCCN1CCO,-3.8458306587407867,-4.223963031125251,-0.3781323723844645,0.3781323723844645
CCCCCCCCCCCC1=NCCN1CCO,-3.898655609899904,-3.3449771255461824,0.5536784843537217,0.5536784843537217
Clc1ccccc1-c1nnc(-c2ccccc2Cl)nn1,-5.481699892154488,-5.033715159045177,0.447984733109311,0.447984733109311
Fc1cccc(F)c1-c1nnc(-c2ccccc2Cl)nn1,-6.119999722835518,-5.0541804878352785,1.0658192350002391,1.0658192350002391
CC1(C)CC(N(C=O)CCCCCCN(C=O)C2CC(C)(C)NC(C)(C)C2)CC(C)(C)N1,-1.5399558251311887,-2.067879874195773,-0.5279240490645845,0.5279240490645845
CC1(C)CC(NCCCCCCNC2CC(C)(C)NC(C)(C)C2)CC(C)(C)N1,-2.3507456882744893,-1.1399464472696434,1.2107992410048458,1.2107992410048458
Brc1cc(Br)c(OCCOc2c(Br)cc(Br)cc2Br)c(Br)c1,-6.536300066185892,-8.21336951913435,-1.6770694529484578,1.6770694529484578
c1ccc(OCCOc2ccccc2)cc1,-3.988526503368937,-5.126320414356315,-1.1377939109873783,1.1377939109873783
CC(=O)/C(=N/Nc1cc(S([NH-])(=O)=O)ccc1O)C(=O)[N-]c1ccccc1,-2.2084700852183277,-2.3579552279455807,-0.149485142727253,0.149485142727253
CC(=O)/C(=N\Nc1cc([N+](=O)[O-])cc(S(=O)(=O)[O-])c1[O-])C(=O)[N-]c1ccccc1,-2.008645762445072,-2.316638236813941,-0.3079924743688691,0.3079924743688691
CC1=C2C3OC(=O)C(C)C3CCC2(C)C=CC1=O,-3.089999892377473,-2.128258483772713,0.9617414086047598,0.9617414086047598
CC1=C2[C@H]3OC(=O)[C@@H](C)[C@@H]3CC[C@@]2(C)C=CC1=O,-3.0905000910024434,-2.128258619949503,0.9622414710529403,0.9622414710529403
CNC(=O)c1cccc(NCC(=O)NCCc2ccc(OC)c(OC)c2)c1,-1.8500000070970641,-2.2727820932677547,-0.4227820861706906,0.4227820861706906
COc1ccc(CCNC(=O)CNc2cccc(C(N)=O)c2)cc1OC,-2.690000063913282,-2.3573967669323843,0.33260329698089786,0.33260329698089786
Clc1c(Cl)c(Br)c2c(c1Cl)C1=Nc3[n-]c(c4c(Br)c(Cl)c(Br)c(Cl)c34)N=C3N=C(N=c4[n-]c(c5c(Cl)c(Br)c(Cl)c(Br)c45)=NC2=N1)c1c(Cl)c(Br)c(Cl)c(Cl)c13,-9.14423319821409,-9.39662598316369,-0.25239278494959905,0.25239278494959905
c1ccc2c(c1)C1=NC2=Nc2[n-]c(c3ccccc23)N=C2N=C(N=c3[n-]c(c4ccccc34)=N1)c1ccccc12,-8.158424363453173,-5.514735836547898,2.643688526905276,2.643688526905276
CC12CCC3C(=CCc4cc(O)ccc43)C1CCC2=O,-4.989999686122407,-4.38276287051043,0.6072368156119774,0.6072368156119774
C[C@]12CC[C@H]3C(=CCc4cc(O)ccc43)[C@@H]1CCC2=O,-5.279499965290715,-4.3827630066872185,0.8967369586034968,0.8967369586034968
C=CCn1cnc2c(=O)[nH]c(Nc3ccccc3)nc21,-5.09000002198015,-4.810813772838539,0.2791862491416106,0.2791862491416106
O=c1[nH]c(Nc2ccccc2)nc2[nH]cnc12,-4.119999814520123,-4.077357278520781,0.042642535999342535,0.042642535999342535
CC1CCC(C(C)C)c2nc(NS(=O)(=O)c3ccc(N)cc3)ncc21,-4.179999784534227,-4.108712937510184,0.07128684702404353,0.07128684702404353
Nc1ccc(S(=O)(=O)Nc2ncc3c(n2)CCCC3)cc1,-3.650000060757708,-3.6608518529256187,-0.010851792167910546,0.010851792167910546
C=C1C(O)CC2CC1C2(C)C,-2.096124914874048,-2.7578228798135918,-0.6616979649395436,0.6616979649395436
C=C1CCC2CC1C2(C)C,-4.292313566128557,-5.269596916814328,-0.977283350685771,0.977283350685771
COC(=O)C1C2CC3c4[nH]c5cc(OC)ccc5c4CCN3CC2CC(OC(=O)c2cc(OC)c(OC)c(OC)c2)C1OC,-5.969999627579272,-3.2897555990709857,2.680244028508286,2.680244028508286
COC(=O)[C@H]1[C@H]2C[C@@H]3c4[nH]c5cc(OC)ccc5c4CCN3C[C@H]2C[C@@H](OC(=O)c2cc(OC)c(OC)c(OC)c2)[C@@H]1OC,-3.920799930414513,-3.289755377783703,0.6310445526308102,0.6310445526308102
CN1C=CC=C/C1=C\[NH+]=O,-0.7405001604321328,-1.125517835552205,-0.38501767512007223,0.38501767512007223
O=N/C=C1\C=CC=CN1,-1.0004518466059458,-1.353239335395296,-0.3527874887893503,0.3527874887893503
CCC1(C)OC(=O)NC1=O,0.020299952306682467,-0.6681919193994381,-0.6884918717061206,0.6884918717061206
CN1C(=O)OC(C)(C)C1=O,-0.4568000592533563,-0.10856986289698067,0.34823019635637564,0.34823019635637564
O=S(=O)(O)c1cc(O)c2cc(Nc3ccccc3)ccc2c1,-1.976300030108572,-2.585824717914517,-0.6095246878059448,0.6095246878059448
c1ccc(Nc2ccc3ccccc3c2)cc1,-5.495914842489409,-5.8839492420243396,-0.3880343995349307,0.3880343995349307
CN1CCN(Cc2ccc(Cl)nc2)C1=NC#N,-2.1300001168203297,-2.550670815916074,-0.4206706990957443,0.4206706990957443
N#CN=C1NCCN1Cc1ccc(Cl)nc1,-2.630000093899178,-2.2540891053912717,0.3759109885079064,0.3759109885079064
Nc1ccc(/N=N/c2ccccc2)c(N)n1,-4.189999995149828,-3.222535007999556,0.9674649871502718,0.9674649871502718
Nc1ccc(N=Nc2ccccc2)c(N)n1,-4.2399997545483314,-3.222535093110049,1.0174646614382823,1.0174646614382823
CO/N=C(/C)c1cccc(Oc2nc(OC)cc(OC)n2)c1C(=O)OC,-3.309999912931944,-3.6644456945738177,-0.35444578164187357,0.35444578164187357
CO/N=C(\C)c1cccc(Oc2nc(OC)cc(OC)n2)c1C(=O)OC,-3.6036998842843477,-3.6644456945738177,-0.060745810289470015,0.060745810289470015
CC(=O)c1cc(Nc2nc(Nc3cc(C(C)=O)c(N)c4c3C(=O)c3ccccc3C4=O)nc(-c3ccccc3)n2)c2c(c1N)C(=O)c1ccccc1C2=O,-4.950431749673404,-6.706388961409639,-1.7559572117362343,1.7559572117362343
O=C1c2ccccc2C(=O)c2c(Nc3nc(Nc4cccc5c4C(=O)c4ccccc4C5=O)nc(-c4ccccc4)n3)cccc21,-7.777865797300942,-6.490400589915245,1.2874652073856971,1.2874652073856971
CCC1OC(=O)C(C)C(OC2CC(C)(OC)C(O)C(C)O2)C(C)C(OC2OC(C)CC(N(C)C)C2O)C(C)(O)CC(C)C(=O)C(C)C(O)C1(C)O,-1.2700000473032786,-1.3849609014177298,-0.11496085411445112,0.11496085411445112
CCC1OC(=O)C(C)C(OC2CC(C)(OC)C(O)C(C)O2)C(C)C(OC2OC(C)CC(N(C)C)C2O)C(C)(OC)CC(C)C(=O)C(C)C(O)C1(C)O,-2.2000000250964553,-1.658422414511118,0.5415776105853374,0.5415776105853374
CCOC(=O)c1cncn1C(C)c1ccccc1,-4.729999929541948,-3.121266185348854,1.6087337441930938,1.6087337441930938
c1ccc(Cn2ccnc2)cc1,-2.2599999951105594,-1.6613865746852814,0.598613420425278,0.598613420425278
CN1C2CC(OC(=O)C(CO)c3ccccc3)CC1C1OC12,-1.2400000282520294,-1.679270536256132,-0.4392705080041026,0.4392705080041026
CN1[C@@H]2CC(OC(=O)[C@H](CO)c3ccccc3)C[C@H]1C1OC12,-0.5040000238624631,-1.6792704000793426,-1.1752703762168795,1.1752703762168795
Cn1c(=O)c2[nH]c(/C=C/c3ccccc3)nc2n(C)c1=O,-6.659999793404427,-4.28489969318502,2.3751001002194068,2.3751001002194068
Cn1c(=O)c2c(nc(/C=C/c3ccccc3)n2C)n(C)c1=O,-5.5500001779225165,-3.107656489776376,2.4423436881461407,2.4423436881461407
CN1CCC23CCCCC2C1Cc1ccc(O)cc13,-2.720000014876137,-3.5301099473101254,-0.8101099324339884,0.8101099324339884
COc1ccc2c(c1)C13CCCCC1C(C2)N(C)CC3,-3.479999986844826,-3.39700581697367,0.08299416987115604,0.08299416987115604
CC(C)(c1ccccc1)c1ccc(Nc2ccc(C(C)(C)c3ccccc3)cc2)cc1,-7.782007205819188,-5.991166403011405,1.7908408028077822,1.7908408028077822
CC(c1ccccc1)c1ccc(Nc2ccc(C(C)c3ccccc3)cc2)cc1,-5.964168537458553,-5.935112495911199,0.02905604154735375,0.02905604154735375
Cc1ccc(S(=O)(=O)NC(=O)Nc2nccc(Nc3ccc(S(N)(=O)=O)cc3)n2)cc1,-4.300000065004409,-3.3253531310049906,0.9746469339994182,0.9746469339994182
NS(=O)(=O)c1ccc(Nc2ccnc(NC(=O)NS(=O)(=O)c3ccc(Cl)cc3)n2)cc1,-3.99999994258031,-3.4846929454042077,0.5153069971761024,0.5153069971761024
CN(C)C1CSSC1,-1.872999994467664,-1.984405408788518,-0.11140541432085382,0.11140541432085382
O=C(O)CCCCC1CCSS1,-2.3750474576630483,-2.576428927978524,-0.20138147031547593,0.20138147031547593
COc1ccc([C@@H]2CC(=O)c3c(O)cc(O[C@@H]4O[C@H](CO)[C@@H](O)[C@H](O)[C@H]4O[C@@H]4O[C@@H](C)[C@H](O)[C@@H](O)[C@H]4O)cc3O2)cc1O,-5.185848599883656,-2.894717865568263,2.291130734315393,2.291130734315393
C[C@@H]1O[C@@H](O[C@H]2[C@H](Oc3cc(O)c4c(c3)O[C@H](c3ccc(O)cc3)CC4=O)O[C@H](CO)[C@@H](O)[C@@H]2O)[C@H](O)[C@H](O)[C@H]1O,-2.72243880499692,-2.799120465752746,-0.07668166075582583,0.07668166075582583
Cn1cnc2[nH]c(=O)nc(NCCO)c21,0.07999985676541499,-1.8220625216975757,-1.9020623784629906,1.9020623784629906
O=c1ncc2[nH]cnc2[nH]1,-1.7136000239717437,-2.0668409814696878,-0.35324095749794404,0.35324095749794404
O=C(OCC(=O)N1CCC1)c1ccccc1,-1.6085000035289754,-2.554908841866376,-0.9464088383374005,0.9464088383374005
O=C(OCC(=O)N1CCC1C(=O)O)c1ccccc1,-2.140000123170746,-1.9326721188613656,0.2073280043093806,0.2073280043093806
CCN(CC)Cc1cc(Nc2ccnc3cc(Cl)ccc23)ccc1O,-5.789999785625354,-3.9632335031305717,1.8267662824947823,1.8267662824947823
O=C(OCC(O)CO)c1ccccc1Nc1ccnc2cc(Cl)ccc12,-4.539999945060824,-3.7723244024036306,0.7676755426571935,0.7676755426571935
CC1(C)Nc2cccc3cccc(c23)N1,-2.9298989603693326,-3.790044407120083,-0.8601454467507503,0.8601454467507503
CCC1(C)Nc2cccc3cccc(c23)N1,-3.247760498594592,-4.032743855848921,-0.7849833572543288,0.7849833572543288
C1CSCCS1,-1.6029000054198137,-2.4579524317371684,-0.8550524263173547,0.8550524263173547
OC1CSC(O)CS1,-1.469038221471515,0.011595804283887734,1.4806340257554027,1.4806340257554027
CN(C)[C@@H]1C(=O)/C(=C(\N)O)C(=O)[C@@]2(O)C(=O)C3=C(O)c4c(O)ccc(Cl)c4[C@@H](O)[C@H]3C[C@@H]12,-1.0469017494592159,-2.2121975843852906,-1.1652958349260747,1.1652958349260747
CN(C)[C@@H]1C(=O)/C(=C(\N)O)C(=O)[C@@]2(O)C(=O)C3=C(O)c4c(O)cccc4[C@@](C)(O)[C@H]3C[C@@H]12,-3.2839998828031822,-2.3132177482186074,0.9707821345845749,0.9707821345845749
O=C(O)c1ccccc1C(=O)Nc1cccc2ccccc12,-3.163300011099724,-4.416174526665704,-1.25287451556598,1.25287451556598
O=C(c1ccccc1)N(O)c1cccc2ccccc12,-3.3064999311358165,-3.615052058064789,-0.3085521269289724,0.3085521269289724
O=C(O)c1ccc(P(=O)(c2ccccc2)c2ccc(C(=O)O)cc2)cc1,-6.010000197688095,-3.9141393193813623,2.0958608783067327,2.0958608783067327
O=P(c1ccccc1)(c1ccccc1)c1ccccc1,-2.8774728625152237,-4.148500935650804,-1.2710280731355805,1.2710280731355805
CC(C)(c1cc(Br)c(OCC2CO2)c(Br)c1)c1cc(Br)c(OCC2CO2)c(Br)c1,-7.395301619394905,-7.124381709898273,0.2709199094966319,0.2709199094966319
CC(C)(c1ccc(OCC2CO2)cc1)c1ccc(OCC2CO2)cc1,-4.799620040752528,-5.905556685546867,-1.1059366447943395,1.1059366447943395
COc1cc2c(c(OC)c1OC)-c1ccc(OC)c(=O)cc1C(NC(C)=O)CC2,-0.940000110093115,-3.168567005892586,-2.228566895799471,2.228566895799471
COc1cc2c(c(OC)c1OC)-c1ccc(OC)c(=O)cc1[C@@H](NC(C)=O)CC2,-0.9481999954648819,-3.168567056958882,-2.220367061494,2.220367061494
CC12CC(=O)C3C(CCC4=CC(=O)CCC43C)C1CCC2=O,-3.479999986844826,-2.9199052266622765,0.5600947601825497,0.5600947601825497
C[C@]12CCC(=O)C=C1CC[C@@H]1[C@@H]2C(=O)C[C@]2(C)C(=O)CC[C@@H]12,-3.4842998711016984,-2.919905294750671,0.5643945763510274,0.5643945763510274
Cc1cc2ccccc2cn1,-2.1900000868344334,-1.3953258615636512,0.7946742252707821,0.7946742252707821
c1ccc2cnccc2c1,-1.4559999747735193,-1.1950492956729064,0.26095067910061287,0.26095067910061287
CCOCCCNS(=O)(=O)c1ccc(Oc2cc(O)c3c(c2N)C(=O)c2ccccc2C3=O)cc1,-4.787469802897997,-4.948258504291887,-0.16078870139389068,0.16078870139389068
Nc1c(Oc2ccccc2)cc(O)c2c1C(=O)c1ccccc1C2=O,-4.219226802391049,-6.034713833776095,-1.8154870313850466,1.8154870313850466
COc1ccc(CC2NCC(O)C2OC(C)=O)cc1,-1.609999990863859,-1.8502361376498273,-0.24023614678596839,0.24023614678596839
COc1ccc(C[C@@H]2NC[C@@H](O)[C@@H]2OC(C)=O)cc1,-1.60749992118786,-1.8502361376498273,-0.2427362164619673,0.2427362164619673
CC1=C2C(O)C3C(CC(C)C2CC1=O)OC(=O)C3C,-1.9500000706012284,-1.7971167041837028,0.15288336641752553,0.15288336641752553
CC1=C2[C@@H](O)[C@@H]3[C@H](C)C(=O)O[C@@H]3C[C@H](C)[C@H]2CC1=O,-1.9450000674260202,-1.797116840360492,0.14788322706552814,0.14788322706552814
CCOc1ccccc1NC(=O)C(=O)Nc1ccc(CCCCCCCCCC(C)C)cc1,-6.09944955590564,-6.579018452656912,-0.4795688967512728,0.4795688967512728
CCOc1ccccc1NC(=O)C(=O)Nc1ccccc1CC,-6.017546570647687,-4.829467814153263,1.1880787564944235,1.1880787564944235
CC(C)Nc1nc(NC(C)C)[nH]c(=O)n1,-2.8099999358530954,-3.1190985402378,-0.3090986043847046,0.3090986043847046
CCNc1nc(N(CC)CC)nc(=O)[nH]1,-3.6400000544072917,-2.7847758751143474,0.8552241792929443,0.8552241792929443
CC(C)Nc1nc(Cl)nc(NC2CC2)n1,-3.5185000589558055,-4.203369832329933,-0.6848697733741278,0.6848697733741278
Nc1nc(N)nc(NC2CC2)n1,-1.1790000439852049,-2.779095941229827,-1.600095897244622,1.600095897244622
OC(c1ccc(Cl)cc1)(c1cncnc1)c1ccccc1Cl,-4.374000030291417,-4.445839006107951,-0.07183897581653387,0.07183897581653387
OC(c1ccc(F)cc1)(c1cncnc1)c1ccccc1Cl,-4.083000104230198,-4.188402096703389,-0.10540199247319126,0.10540199247319126
Cc1cc(C2(c3cc(C)c(O)c(Br)c3C(C)C)OS(=O)(=O)c3ccccc32)c(C(C)C)c(Br)c1O,-5.1799996706035305,-5.218695667070212,-0.038695996466681315,0.038695996466681315
O=S1(=O)OC(c2ccc(O)cc2)(c2ccc(O)cc2)c2ccccc21,-3.069999909465313,-3.4260316613179818,-0.3560317518526688,0.3560317518526688
Nc1c(S(=O)(=O)[O-])cc(-c2cc(S(=O)(=O)[O-])c(N)c3c2C(=O)c2ccccc2C3=O)c2c1C(=O)c1ccccc1C2=O,-2.0301800109433144,-1.1717437275869658,0.8584362833563486,0.8584362833563486
Nc1ccc(-c2ccc(N)c3c2C(=O)c2ccccc2C3=O)c2c1C(=O)c1ccccc1C2=O,-6.293710648302863,-5.963792689519899,0.32991795878296415,0.32991795878296415
CC12C(=O)OC(=O)C1(C)C1CCC2O1,-3.819999896361209,-2.7015362465803565,1.1184636497808524,1.1184636497808524
C[C@@]12C(=O)OC(=O)[C@]1(C)[C@H]1CC[C@@H]2O1,-3.815599888119954,-2.701536382757146,1.1140635053628083,1.1140635053628083
CC1=CC(C)(C)Nc2ccccc21,-5.238695543594256,-2.8606889200267855,2.37800662356747,2.37800662356747
CCOc1ccc2c(c1)C(C)=CC(C)(C)N2,-3.332762203716703,-4.334922602637716,-1.0021603989210135,1.0021603989210135
CC(C)C1OC(O)C(Cc2ccccc2)NC1=O,-2.2800000078113922,-1.8968348817338763,0.38316512607751596,0.38316512607751596
CC(C)CC1OC(O)C(Cc2ccccc2)NC1=O,-2.119999906204729,-2.2609437002608765,-0.14094379405614754,0.14094379405614754
O=c1c2ccccc2nc2n1CCC2O,-2.099999893503896,-2.4310048154195925,-0.3310049219156963,0.3310049219156963
O=c1c2ccccc2nc2n1CC[C@@H]2O,-2.1059999790202197,-2.431004951596382,-0.3250049725761621,0.3250049725761621
CCOC(=O)Cc1[nH]nc2ccc(Cl)cc12,-3.0255999353997374,-4.412175014361979,-1.3865750789622413,1.3865750789622413
NC(Cc1[nH]nc2ccccc12)C(=O)O,-1.4091001438081787,-2.0289662672196815,-0.6198661234115028,0.6198661234115028
COC(=O)C(C)N(C(=O)c1ccco1)c1c(C)cccc1C,-3.117300010825376,-3.2956014984175477,-0.1783014875921718,0.1783014875921718
O=C(c1ccco1)N(O)c1ccccc1,-3.193999978848322,-2.0212952924978183,1.172704686350504,1.172704686350504
CN1CCC23c4c5ccc(OCc6ccccc6)c4OC2C(O)C=CC3C1C5,-2.220000037797288,-3.1460389051413418,-0.9260388673440536,0.9260388673440536
CN1CC[C@]23c4c5ccc(OCc6ccccc6)c4O[C@H]2[C@@H](O)C=C[C@H]3[C@H]1C5,-2.973000029151624,-3.1460388030087496,-0.17303877385712552,0.17303877385712552
C1=CCC=CC1,-2.058700128736112,-3.0479710200573162,-0.9892708913212043,0.9892708913212043
CC1=CCC(C(C)C)=CC1,-4.195799764608992,-3.922579965316731,0.27321979929226137,0.27321979929226137
CNC(=O)O/N=C1/C2CC(C[C@@H]2C#N)[C@@H]1Cl,-2.082200089188875,-2.461241237377184,-0.37904114818830914,0.37904114818830914
CNC(=O)ON=C1C(Cl)C2CC(C#N)C1C2,-2.0799999488914582,-2.461240965023605,-0.3812410161321469,0.3812410161321469
CC1=NC(=O)C(C(N)=O)C(=O)N1,-2.4100000903668057,-2.1960747972313306,0.21392529313547515,0.21392529313547515
CCC1(CC)C(=O)N=C([O-])NC1=O,-0.06999996613725257,-1.084049007300421,-1.0140490411631684,1.0140490411631684
CC(=O)CC(c1ccc(Cl)cc1)c1c(O)c2ccccc2oc1=O,-5.8390000073899,-5.3149978498591,0.5240021575307994,0.5240021575307994
CC(=O)CC(c1ccccc1)c1c(O)c2ccccc2oc1=O,-4.780000097470819,-4.651378260200595,0.12862183727022458,0.12862183727022458
CC(C)OC(=O)c1cc(-c2nn(C)c(C(F)(F)F)c2Br)c(F)cc1Cl,-6.922699799541255,-6.068782542940069,0.8539172566011866,0.8539172566011866
CCOC(=O)COc1cc(-c2nn(C)c(OC(F)F)c2Cl)c(F)cc1Cl,-5.616099846774366,-5.474066910756857,0.14203293601750921,0.14203293601750921
CC(C)(C)c1cc(Cn2c(=O)n(Cc3cc(C(C)(C)C)c(O)c(C(C)(C)C)c3)c(=O)n(Cc3cc(C(C)(C)C)c(O)c(C(C)(C)C)c3)c2=O)cc(C(C)(C)C)c1O,-7.292308662414021,-6.99122069170806,0.30108797070596083,0.30108797070596083
Cc1cc(C(C)(C)C)c(O)c(C)c1Cn1c(=O)n(Cc2c(C)cc(C(C)(C)C)c(O)c2C)c(=O)n(Cc2c(C)cc(C(C)(C)C)c(O)c2C)c1=O,-7.544026282841935,-6.07910882887781,1.4649174539641256,1.4649174539641256
CC1CC(OC(=O)c2ccccc2O)CC(C)(C)C1,-5.8168189872305565,-4.625062231832105,1.1917567553984512,1.1917567553984512
O=C(OC1CCCCC1)c1ccccc1O,-4.554076131247379,-3.866632412289021,0.6874437189583582,0.6874437189583582
CC1CCC(=O)N1c1ccccc1,-0.8457001346382973,-2.093424188698916,-1.247724054060619,1.247724054060619
O=C1C(Cl)C(CCl)CN1c1cccc(C(F)(F)F)c1,-4.050000110509182,-5.053639593627911,-1.0036394831187287,1.0036394831187287
CN1C(=O)COc2ccccc21,-2.144500017087002,-1.233480972991426,0.9110190440955759,0.9110190440955759
O=C1COc2ccccc2N1,-2.5715999628507618,-1.7926243680792568,0.7789755947715049,0.7789755947715049
CC(=O)OCC(=O)C1(O)CCC2C3CCC4=CC(=O)C=CC4(C)C3C(=O)CC21C,-4.2399997545483314,-3.550001290933043,0.6899984636152885,0.6899984636152885
CC12C=CC(=O)C=C1CCC1C2C(=O)CC2(C)C1CCC2(O)C(=O)CO,-3.479999986844826,-3.4067224734696104,0.07327751337521571,0.07327751337521571
O=c1n(CC2CO2)c(=O)n(CC2CO2)c(=O)n1CC1CO1,-1.495423155295424,-1.106589670360484,0.38883348493493997,0.38883348493493997
O=c1n(C[C@@H]2CO2)c(=O)n(C[C@@H]2CO2)c(=O)n1C[C@@H]1CO1,-2.4688253313074306,-1.1065900788908523,1.3622352524165784,1.3622352524165784
CCCC(C)C(CCC)C(C)Cc1ccc(OP(=S)([S-])Oc2ccc(CC(C)C(CCC)C(C)CCC)cc2)cc1,-5.415414750515519,-5.649878771730565,-0.23446402121504573,0.23446402121504573
Cc1ccccc1OP(=S)(S)Oc1ccccc1C,-1.0605300501855413,-4.187987846910133,-3.127457796724592,3.127457796724592
CC1(C)SCC(COC(N)=O)S1,-2.220000037797288,-2.4242357395737106,-0.20423570177642247,0.20423570177642247
CNC(=O)O/N=C/C1(C)SCC(C)S1,-2.369800089349954,-2.8544857268291204,-0.4846856374791666,0.4846856374791666
COC1=CC=C2C3Cc4ccc(OC)c5c4C2(CCN3C)C1O5,-2.66000007890623,-2.6668853816418374,-0.006885302735607279,0.006885302735607279
COC1=CC=C2[C@H]3Cc4ccc(OC)c5c4[C@@]2(CCN3C)[C@H]1O5,-2.6609999910263586,-2.6668855859070213,-0.005885594880662648,0.005885594880662648
COc1ccc(C=CC(=O)c2ccccc2O)cc1,-5.699999728471607,-4.844157204422341,0.8558425240492653,0.8558425240492653
COc1ccc(O)c(C(=O)C=Cc2ccccc2)c1,-5.999999918984099,-4.620269217376736,1.3797307016073637,1.3797307016073637
C1OCOCO1,0.3717172302414169,0.7904439716247418,0.4187267413833249,0.4187267413833249
CC1OC(C)OC(C)O1,-0.07189990470250862,-0.1826072768010647,-0.11070737209855608,0.11070737209855608
C1CCN2CC3CC(CN4CCCCC34)C2C1,-1.8900000324987298,-1.4019838171494095,0.4880162153493204,0.4880162153493204
C1CCN2C[C@@H]3C[C@@H](CN4CCCC[C@@H]34)[C@H]2C1,-1.8871000115923584,-1.4019838171494095,0.48511619444294896,0.48511619444294896
Cc1cc(NS(=O)(=O)c2ccc(N)cc2)no1,-2.6182999543777052,-3.363924661886191,-0.7456247075084859,0.7456247075084859
Cc1onc(NS(=O)(=O)c2ccc(N)cc2)c1C,-2.1900000868344334,-3.504561853901077,-1.3145617670666438,1.3145617670666438
NC1C2CN(c3nc4c(cc3F)c(=O)c(C(=O)O)cn4-c3ccc(F)cc3F)CC12,-4.530000074887198,-4.70666140667298,-0.17666133178578214,0.17666133178578214
NC1[C@H]2CN(c3nc4c(cc3F)c(=O)c(C(=O)O)cn4-c3ccc(F)cc3F)C[C@@H]12,-4.5296001236568255,-4.706661679026558,-0.17706155536973256,0.17706155536973256
CCOC(=O)C1(c2ccccc2)CCN(C)CC1,-1.761450096573291,-1.9204200207683886,-0.15896992419509748,0.15896992419509748
OC1(c2ccc(Cl)cc2)CCNCC1,-1.720777494008939,-1.6126652429853605,0.10811225102357858,0.10811225102357858
O=C(Cc1ccccc1)OCc1ccccc1,-3.86327476928198,-4.491351195589637,-0.6280764263076568,0.6280764263076568
O=C(OCc1ccccc1)C(OS(=O)(=O)O)c1ccccc1,-1.5000000571860674,-2.317527607425301,-0.8175275502392334,0.8175275502392334
CCC1(C/C=C2/CCCc3cc(OC)ccc32)C(=O)CCC1=O,-4.8388170316272925,-3.9952818934474874,0.8435351381798051,0.8435351381798051
CCC1(C/C=C2\CCCc3cc(OC)ccc32)C(=O)CCC1=O,-4.172504341693859,-3.9952818934474874,0.17722244824637157,0.17722244824637157
O=c1[nH]c(CN2CCCC2)c(Br)c(=O)[nH]1,-1.779999962644149,-2.1105422920063637,-0.3305423293622147,0.3305423293622147
O=c1[nH]c(CN2CCCC2)c(Cl)c(=O)[nH]1,-1.5399999464109437,-2.02643664718039,-0.48643670076944634,0.48643670076944634
CN1C2CCC1C(C(=O)O)C(O)C2,-0.019999934385170448,-0.5965177174980383,-0.5765177831128678,0.5765177831128678
CN1C2CCC1[C@@H](C(=O)O)[C@@H](O)C2,-0.017300093359169377,-0.5965179898516171,-0.5792178964924477,0.5792178964924477
CCCN(CCC)Cc1cccc(C(=O)OCCOCn2cnc3c(=O)[nH]c(N)nc32)c1,-0.3499998715953341,-3.4148382696739428,-3.0648383980786087,3.0648383980786087
CN(C)Cc1ccc(C(=O)OCCOCn2cnc3c(=O)[nH]c(N)nc32)cc1,-2.47000006038091,-2.9331990942160138,-0.46319903383510397,0.46319903383510397
CC(=O)OCC1=C(C(=O)O)N2C(=O)[C@@H](N)[C@H]2SC1,-2.6489777593538344,-2.0023138821814546,0.6466638771723798,0.6466638771723798
CC1=C(C(=O)O)N2C(=O)C(N)C2SC1,-3.045355297987422,-2.108238316907054,0.9371169810803681,0.9371169810803681
CC1C(C=O)CC2CC1C2(C)C,-3.5580403515165666,-3.1493794409392186,0.408660910577348,0.408660910577348
C[C@@H]1[C@@H](CN)C[C@H]2C[C@@H]1C2(C)C,-2.5159154012475176,-2.259184432319037,0.2567309689284807,0.2567309689284807
C1=C\CCCCCC/1,-3.7703398980521774,-3.654723080343343,0.11561681770883458,0.11561681770883458
CN(C)C1CCC=CCCC1,-1.6003999357438148,-1.7436726252517258,-0.14327268950791106,0.14327268950791106
OCC1OC(OC2C(CO)OC(O)C(O)C2O)C(O)C(O)C1O,0.357699736251079,-0.12240651411103798,-0.48010625036211696,0.48010625036211696
OC[C@H]1O[C@@H](O[C@H]2[C@H](O)[C@@H](O)[C@H](O)O[C@@H]2CO)[C@H](O)[C@@H](O)[C@H]1O,-0.8167000617513738,-0.12240651411103798,0.6942935476403358,0.6942935476403358
CC1(C)SC2C(NC(=O)COc3ccccc3)C(=O)N2C1C(=O)O,-2.8099999358530954,-3.2624660768795053,-0.4524661410264099,0.4524661410264099
Cc1ccc(OCC(=O)NC2C(=O)N3C2SC(C)(C)C3C(=O)O)cc1,-3.150000066656761,-3.6147791597788963,-0.4647790931221354,0.4647790931221354
CN1C(=O)c2cccnc2Oc2ccccc21,-3.6719998976987984,-3.2467472411491056,0.4252526565496928,0.4252526565496928
Cc1ccc2c(c1)Oc1ncc(N)cc1C(=O)N2C,-3.042999960999367,-3.8559196566230547,-0.8129196956236875,0.8129196956236875
CCOC1=C(O)C(=O)O[C@@H]1[C@@H](O)CO,0.5809705700872705,-0.8609479859205709,-1.4419185560078414,1.4419185560078414
O=C1OC(C(O)CO)C(O)=C1O,0.2799999837737439,-0.25539431542517566,-0.5353942991989196,0.5353942991989196
CC[C@]12CC[C@@H]3C4=C(CC[C@H]3[C@@H]1CCC2=O)CC(OC)=CC4,-5.363817092670577,-4.337960570631717,1.0258565220388602,1.0258565220388602
COC1=CCC2=C(CCC3C2CCC2(C)C(=O)CCC32)C1,-4.979874533302562,-4.195199497321459,0.7846750359811026,0.7846750359811026
CC1CCC2C(=O)OC(=O)C2C1,-1.3015260634561807,-1.6218755601342345,-0.3203494966780538,0.3203494966780538
O=C1OC(=O)C2CCCCC12,-1.5647364601995586,-1.2925317226952435,0.27220473750431506,0.27220473750431506
O=C([O-])C1=Cc2ccccc2/C(=N/Nc2ccc3ccccc3c2S(=O)(=O)[O-])C1=O,-6.279395471850968,-3.4044325926680004,2.874962879182968,2.874962879182968
O=C1C=Cc2ccccc2/C1=N/Nc1ccc2ccccc2c1S(=O)(=O)[O-],-5.92536496132827,-3.4062155553711895,2.519149405957081,2.519149405957081
C=CCOC(Cn1ccnc1)c1ccc(Cl)cc1Cl,-3.217799868679667,-4.330910970599738,-1.1131111019200706,1.1131111019200706
OC(Cn1ccnc1)c1ccc(Cl)cc1Cl,-3.264007785378231,-2.758563545370962,0.5054442400072694,0.5054442400072694
C/C=C(/C(=C/C)c1ccc(O)cc1)c1ccc(O)cc1,-4.947999904568879,-3.9964426644000564,0.9515572401688224,0.9515572401688224
CC=C(C(=CC)c1ccc(O)cc1)c1ccc(O)cc1,-4.949999660720741,-3.996442528223267,0.9535571324974743,0.9535571324974743
CC1CCC2(OC1)OC1CC3C4CC=C5CC(O)CCC5(C)C4CCC3(C)C1C2C,-7.319999940178333,-5.196640065733876,2.123359874444457,2.123359874444457
C[C@@H]1CC[C@@]2(OC1)O[C@H]1C[C@H]3[C@@H]4CC=C5C[C@@H](O)CC[C@]5(C)[C@H]4CC[C@]3(C)[C@H]1[C@@H]2C,-7.316599605747825,-5.196639793380298,2.1199598123675276,2.1199598123675276
Cn1c(=O)c2[nH]c(-c3ccccc3)nc2n(C)c1=O,-4.999999964826402,-3.4105356278370857,1.589464336989316,1.589464336989316
Cn1c(=O)c2c(nc(-c3ccccc3)n2C)n(C)c1=O,-3.309999912931944,-2.3345471187372464,0.9754527941946978,0.9754527941946978
NC(=O)c1ccc[n+](Cc2ccccc2)c1,0.2936103091638729,-0.20470223322952785,-0.4983125423934007,0.4983125423934007
O=C([O-])c1ccc[n+](Cc2ccccc2)c1,0.5192201155342411,-0.9300220282057867,-1.4492421437400278,1.4492421437400278
Clc1ccc(C(Cn2ccnc2)OCc2cc(Cl)ccc2Cl)c(Cl)c1,-3.539999922814733,-5.7983577722495765,-2.2583578494348435,2.2583578494348435
Clc1ccc(COC(Cn2ccnc2)c2ccc(Cl)cc2Cl)c(Cl)c1,-5.079999879452944,-5.792309616326606,-0.712309736873662,0.712309736873662
CC(C)(C)c1ccc(O[P@]2OCC3(CO[P@@](Oc4ccc(C(C)(C)C)cc4C(C)(C)C)OC3)CO2)c(C(C)(C)C)c1,-6.813060598178499,-7.221057970327555,-0.4079973721490564,0.4079973721490564
Cc1cc(C(C)(C)C)c(OP2OCC3(CO2)COP(Oc2c(C(C)(C)C)cc(C)cc2C(C)(C)C)OC3)c(C(C)(C)C)c1,-7.801238092013673,-7.178096099757145,0.623141992256528,0.623141992256528
CCN(CC)c1ccc(C=CC2=[N+](C)c3ccccc3C2(C)C)cc1,-0.9804542850873212,-0.9910766193651477,-0.01062233427782644,0.01062233427782644
CN(CCC#N)c1ccc(C=CC2=[N+](C)c3ccccc3C2(C)C)cc1,-0.852286869763216,-1.0861048682895027,-0.2338179985262867,0.2338179985262867
CC1=C(CC(=O)O)c2cc(F)ccc2/C1=C/c1ccc([S+](C)[O-])cc1,-4.4999999196591585,-4.104643294159935,0.39535662549922357,0.39535662549922357
CC1=C(CC(=O)O)c2cc(F)ccc2/C1=C\c1ccc([S+](C)[O-])cc1,-4.551999979916682,-4.104643157983145,0.4473568219335373,0.4473568219335373
CCOC(=O)c1cnn(C)c1S(=O)(=O)NC(=O)Nc1nc(OC)cc(OC)n1,-4.456099927186796,-3.6611954950535877,0.7949044321332082,0.7949044321332082
COC(=O)c1c(Cl)nn(C)c1S(=O)(=O)NC(=O)Nc1nc(OC)cc(OC)n1,-4.464199994971956,-3.798802072621099,0.665397922350857,0.665397922350857
CC(C)Oc1ccc(C(=O)NS(=O)(=O)c2ccc(N)cc2)cc1,-4.300000065004409,-4.503320045960729,-0.2033199809563202,0.2033199809563202
Nc1ccc(S(=O)(=O)NC(=O)c2ccccc2)cc1,-2.9500999274560256,-3.843625207548585,-0.8935252800925593,0.8935252800925593
CCN(CC)c1ccc2cc(-c3nc4cc(Cl)ccc4o3)c(=O)oc2c1,-7.487633023182626,-6.182339822886508,1.3052932002961182,1.3052932002961182
CCN(CC)c1ccc2cc(-c3nc4cc(S(N)(=O)=O)ccc4o3)c(=O)oc2c1,-7.8310983936790315,-4.171838232928668,3.659260160750364,3.659260160750364
C1COCCO1,1.0549943479754966,0.8473582436801719,-0.20763610429532475,0.20763610429532475
COC1(C)COC(C)(OC)CO1,-1.2460001137683527,-0.2513547671453771,0.9946453466229757,0.9946453466229757
CC(C)CC(NC(=O)CC(O)C(CC(C)C)NC(=O)C(Cc1c[nH]cn1)NC(=O)C(Cc1ccccc1)NC(=O)OC(C)(C)C)C(=O)NC(C(=O)O)c1ccccc1,-3.1300000880001253,-3.5353956153452293,-0.405395527345104,0.405395527345104
CC(C)CC(NC(=O)CC(O)C(CC(C)C)NC(=O)C(Cc1c[nH]cn1)NC(=O)C(Cc1ccccc1)NC(=O)OC(C)(C)C)C(=O)NCc1cccc(CN)c1,-2.8499998931663666,-3.4743056182206327,-0.6243057250542661,0.6243057250542661
O=C([O-])c1cc2ccccc2c(N=Nc2ccc3ccccc3c2S(=O)(=O)[O-])c1[O-],-7.677004007073661,-2.5903330547917136,5.086670952281947,5.086670952281947
O=S(=O)([O-])c1cc([O-])c(N=Nc2ccc3cccc(S(=O)(=O)[O-])c3c2[O-])c2ccccc12,-1.1719513971907511,-0.31369268836773756,0.8582587088230136,0.8582587088230136
CCOC(=O)C1=C(C)NC(C)=C(C(=O)OC)C1c1cccc(Cl)c1Cl,-5.679999715770773,-3.376763784073934,2.3032359316968387,2.3032359316968387
COC(=O)C1=C(C)NC(C)=C(C(=O)OC)C1c1ccccc1[N+](=O)[O-],-4.760000084769986,-2.6812221421148474,2.078777942655139,2.078777942655139
O=c1c(CO)c/c(=N\Nc2ccc(S(=O)(=O)[O-])c3ccccc23)c(=O)/c1=N/Nc1ccc(S(=O)(=O)[O-])c2ccccc12,-0.8171646969566959,-1.072307435990783,-0.255142739034087,0.255142739034087
O=c1cc/c(=N\Nc2ccc(S(=O)(=O)[O-])c3ccccc23)c(=O)/c1=N/Nc1ccc(S(=O)(=O)[O-])c2ccccc12,-2.60384107736883,-1.5166569297079269,1.0871841476609032,1.0871841476609032
O=[N+]([O-])c1ccc2c3c(cccc13)-c1ccccc1-2,-7.103099728902334,-5.876752571059844,1.2263471578424907,1.2263471578424907
c1ccc2c(c1)-c1cccc3cccc-2c13,-5.929999602177606,-6.505336460173078,-0.5753368579954721,0.5753368579954721
CC1=CS(=O)(=O)c2ccccc21,-2.6700000512124493,-2.703097002807495,-0.03309695159504589,0.03309695159504589
Cc1ccc2c(c1)C=CS2(=O)=O,-2.6500000725558137,-3.1712240193183305,-0.5212239467625168,0.5212239467625168
Brc1cccc(Nc2ncnc3cc4[nH]ncc4cc23)c1,-3.9599999852670393,-3.6743504452600715,0.28564954000696785,0.28564954000696785
Cn1ncc2cc3c(Nc4cccc(Br)c4)ncnc3cc21,-3.479999986844826,-3.338805593452045,0.14119439339278106,0.14119439339278106
CCOC(=O)C(C)Oc1ccc(Oc2nc3ccc(Cl)cc3s2)cc1,-5.669999981773936,-6.435390614082332,-0.7653906323083959,0.7653906323083959
CCOC(=O)C(C)Oc1cccc(Oc2nc3ccc(Cl)cc3s2)c1,-5.673999766431239,-6.409112851391654,-0.7351130849604157,0.7351130849604157
CC(C)(C)NCC(O)COc1ccccc1C1CCCC1,-1.8400000007466475,-3.2694280982138224,-1.429428097467175,1.429428097467175
CC(C)(C)NC[C@@H](O)COc1ccccc1C1CCCC1,-1.619500092220507,-3.2694281152359213,-1.6499280230154143,1.6499280230154143
Cc1ccc2[nH]c(=O)c(=O)[nH]c2c1,-3.0418000002884535,-3.427086963347185,-0.38528696305873167,0.38528696305873167
O=c1[nH]c2ccccc2[nH]c1=O,-2.8120000154248324,-2.807439846257183,0.004560169167649342,0.004560169167649342
CC(=O)CC(c1ccc(Cl)cc1)c1c(O)oc2ccccc2c1=O,-5.835999760366554,-5.265423370573792,0.5705763897927616,0.5705763897927616
CC(=O)CC(c1ccccc1)c1c(O)oc2ccccc2c1=O,-3.062508798749056,-4.5857140847211415,-1.5232052859720855,1.5232052859720855
COP(=O)(OC)OC1=C(Cl)C2C=CCC12,-2.001100070369427,-2.495786326994562,-0.4946862566251351,0.4946862566251351
COP(=O)(OC)OC1=C(Cl)CC2C=CC12,-2.0566000783788803,-2.8597689096378183,-0.803168831258938,0.803168831258938
NNc1nncc2ccccc12,-2.599999904626942,-1.8806870380506726,0.7193128665762696,0.7193128665762696
c1ccc2cnncc2c1,-0.41550009022038825,-0.9667036976041441,-0.5512036073837558,0.5512036073837558
CC1=C(C(=O)O)N2C(=O)C(NC(=O)C(N)C3=CCC=CC3)C2SC1,-1.2200000155511965,-2.446377404640927,-1.2263773890897305,1.2263773890897305
COC1=C(C(=O)O)N2C(=O)C(NC(=O)C(N)C3=CCC=CC3)C2SC1,-1.8900000324987298,-2.4048603698057067,-0.5148603373069769,0.5148603373069769
CCCCC(CC)CNS(=O)(=O)c1ccc(N=Nc2c(C)c(C#N)c(=O)n(CCCC)c2O)cc1,-8.797313567278588,-6.285745940246334,2.511567627032254,2.511567627032254
CCn1c(O)c(N=Nc2ccc(Cl)cc2[N+](=O)[O-])c(C)c(C#N)c1=O,-6.689999812455676,-6.255306070165427,0.43469374229024904,0.43469374229024904
Cc1ccc(NC(=O)C(O)(O)C(=O)Nc2ccc(C)cc2)cc1,-3.0999998817057905,-3.052231872641936,0.04776800906385459,0.04776800906385459
O=C(Nc1ccccc1)C(O)(O)C(=O)Nc1ccccc1,-2.4567999675687506,-1.849556479294094,0.6072434882746567,0.6072434882746567
C=CN1CCCCCC1=O,-0.45078621988130685,-0.25834390468287705,0.1924423151984298,0.1924423151984298
O=C1CCCCCN1,0.8601207323796984,-0.10494946677485473,-0.9650701991545532,0.9650701991545532
COc1cc(N=Nc2ccc([N+](=O)[O-])cc2)ccc1NN=C1C=CC(=O)C=C1,-6.963971988509193,-6.252985072967447,0.7109869155417456,0.7109869155417456
Cc1cc(N/N=C2\C=CC(=O)C(C(=O)[O-])=C2)c(OCCCS(=O)(=O)[O-])cc1N=Nc1ccc([N+](=O)[O-])cc1S(=O)(=O)[O-],0.16145046272908958,-1.6142615073103268,-1.7757119700394164,1.7757119700394164
CC1(O)CC(c2ccc(Cl)cc2)c2c(c3ccccc3oc2=O)O1,-5.840000089731015,-5.063557076843971,0.7764430128870448,0.7764430128870448
CC1(O)CC(c2ccccc2)c2c(c3ccccc3oc2=O)O1,-4.739999663538786,-4.584969061506512,0.1550306020322738,0.1550306020322738
CN1CCCC1c1cccnc1,0.7899997629378248,0.156044244191198,-0.6339555187466268,0.6339555187466268
CN1CCC[C@H]1c1cccnc1,0.7897998554110335,0.156044244191198,-0.6337556112198355,0.6337556112198355
COc1ccc2cc(C(C)C(=O)OCCN3CCN(C)CC3)ccc2c1,-1.490000050835651,-3.392422821171703,-1.902422770336052,1.902422770336052
COc1ccc2cc(C(C)C(=O)OCCN3CCNCC3)ccc2c1,-1.5200000698869003,-3.5724924877743685,-2.052492417887468,2.052492417887468
N#Cc1ccc(C=Cc2ccc(C=Cc3cccc(C#N)c3)cc2)cc1,-8.123728696350954,-6.007542478993589,2.116186217357365,2.116186217357365
N#Cc1ccccc1/C=C/c1ccc(/C=C/c2ccccc2C#N)cc1,-4.220638683343211,-6.266106523683746,-2.0454678403405353,2.0454678403405353
Cc1nc(C(F)(F)F)c(C(=O)Nc2c(Br)cc(OC(F)(F)F)cc2Br)s1,-5.518599989122991,-6.44683681793583,-0.9282368288128398,0.9282368288128398
Cc1nc(C)c(C(=O)Nc2ccccc2)s1,-1.7300000670688562,-3.081920327710162,-1.3519202606413057,1.3519202606413057
NS(=O)(=O)c1cc2c(s1)C(O)CCS2(=O)=O,-1.280000053653695,-1.7861148451939093,-0.5061147915402142,0.5061147915402142
NS(=O)(=O)c1cc2c(s1)CC(O)CS2(=O)=O,-1.5900001143398153,-1.6527569153662707,-0.06275680102645542,0.06275680102645542
O=S(=O)([O-])c1cccc(N=Nc2ccc(Nc3ccccc3)cc2)c1,-1.2046861185260795,-2.195316292514553,-0.9906301739884735,0.9906301739884735
O=[N+]([O-])c1ccc(N=Nc2ccc(Nc3ccccc3)cc2)cc1,-7.5228998157394535,-6.02087908903709,1.502020726702364,1.502020726702364
CN(C)CCCN1CN(CCCN(C)C)CN(CCCN(C)C)C1,0.16421321743177852,0.3706746607420186,0.20646144331024008,0.20646144331024008
O=[N+]([O-])N1CN([N+](=O)[O-])CN([N+](=O)[O-])C1,-3.5706000048883304,-2.4497814158447473,1.1208185890435831,1.1208185890435831
COCCCn1c(=O)c2c(N)c3c(=O)c4ccccc4c(=O)c3c(N)c2c1=O,-7.323792736115799,-5.903505046038255,1.4202876900775436,1.4202876900775436
COCCOCCCn1c(=O)c2c(N)c3c(=O)c4ccccc4c(=O)c3c(N)c2c1=O,-8.265048610699333,-5.540285053415458,2.7247635572838753,2.7247635572838753
CC(C)C1=CC2=CCC3C(C)(C(=O)O)CCCC3(C)C2CC1,-3.799999883660376,-4.356595002488772,-0.5565951188283962,0.5565951188283962
CC(C)C1=CC2=CC[C@@H]3[C@](C)(CCC[C@@]3(C)C(=O)O)[C@H]2CC1,-3.7959000771512823,-4.35659527484235,-0.5606951976910679,0.5606951976910679
CC(C)[C@@]12CC[C@@](C)(O1)[C@@H](O)C2,-0.28809281373453244,-1.7362654249708676,-1.4481726112363351,1.4481726112363351
O=C(O)C1C2CCC(O2)C1C(=O)O,-0.2700000931455815,-0.7624311600061979,-0.49243106686061644,0.49243106686061644
Nc1c(N=Nc2ccc(S(=O)(=O)CCOS(=O)(=O)[O-])cc2S(=O)(=O)[O-])cc(S(=O)(=O)[O-])c(N)c1N=Nc1ccc(S(=O)(=O)CCOS(=O)(=O)[O-])cc1,-0.2891446432556073,0.5877960231239503,0.8769406663795576,0.8769406663795576
Nc1ccc(N=Nc2cccc(N=Nc3ccc(N)cc3N)c2)c(N)c1,-4.1971525448345695,-4.031537193318335,0.16561535151623463,0.16561535151623463
CC(=O)OC1C(C2COC(C)(C)O2)OC2OC(C)(C)OC21,-1.5200000698869003,-2.9325373260859835,-1.4125372561990832,1.4125372561990832
CC(=O)O[C@@H]1[C@H]2OC(C)(C)O[C@H]2O[C@@H]1[C@H]1COC(C)(C)O1,-1.522899954616482,-2.9325375303511674,-1.4096375757346853,1.4096375757346853
O=c1ccc(Br)ccc1O,-3.5629000245103315,-1.6765918026324829,1.8863082218778486,1.8863082218778486
O=c1ccccc(Br)c1O,-2.435199945681244,-1.555356194417554,0.8798437512636899,0.8798437512636899
CC/C=C\CC1=C(C)CCC1=O,-2.0452383041347884,-2.9202823342362327,-0.8750440301014444,0.8750440301014444
O=C(O)CC(O)CCC1=CCCC1=O,-0.400000175700995,-1.110402075755618,-0.7104019000546229,0.7104019000546229
FC(F)(F)/C(=N/OCC1OCCO1)c1ccc(Cl)cc1,-4.013800098414817,-5.571002996500253,-1.5572028980854355,1.5572028980854355
N#C/C(=N\OCC1OCCO1)c1ccccc1,-4.064899893917832,-3.498605821576114,0.5662940723417176,0.5662940723417176
C[N+]1([O-])CCOCC1,0.45630970708937957,0.8769546347277357,0.42064492763835615,0.42064492763835615
O=S(=O)([O-])CCC[NH+]1CCOCC1,0.45578243056094836,0.3854800736356374,-0.07030235692531095,0.07030235692531095
CC(C)OC(=O)C1(S(=O)(=O)c2ccc(Cl)cc2)CCCCCC1,-5.519999886517689,-4.373159819501019,1.1468400670166696,1.1468400670166696
CC(C)OC(=O)C1(S(=O)(=O)c2ccc([N+](=O)[O-])cc2)CCCCCC1,-5.07060000421327,-4.039362320165763,1.0312376840475075,1.0312376840475075
CC(=O)c1ccc(S(=O)(=O)NC(=O)NC2CCCCC2)cc1,-2.0599999361906254,-3.6862689783074924,-1.626269042116867,1.626269042116867
Cc1ccc(S(=O)(=O)NC(=O)NC2CCCCC2)cc1,-4.2069997608273155,-3.9433364400825006,0.2636633207448149,0.2636633207448149
Cc1ccc(C(=O)COc2c(C(=O)c3ccc(Cl)c(C)c3Cl)c(C)nn2C)cc1,-6.520899560722738,-5.235751946115286,1.2851476146074514,1.2851476146074514
Cc1nn(C)c(OCC(=O)c2ccccc2)c1C(=O)c1ccc(Cl)cc1Cl,-2.651400072083104,-4.690173938077093,-2.038773865993989,2.038773865993989
Cc1nnc2n1-c1ccc(Cl)cc1C(c1ccccc1)=NC2,-3.5999998587846394,-4.059628422313019,-0.4596285635283799,0.4596285635283799
Cc1nnc2n1-c1ccc(Cl)cc1C(c1ccccc1Cl)=NC2,-4.079999857206852,-4.314238846277469,-0.2342389890706169,0.2342389890706169
NC(=O)NN=C1CCCCC1,-1.412700113411899,-1.6259834691622959,-0.2132833557503968,0.2132833557503968
ON=C1CCCCC1,-0.8495730025279102,-1.4885816333975985,-0.6390086308696883,0.6390086308696883
CSC(=O)c1cccc2nnsc12,-4.436299685835965,-3.2490957290364397,1.1872039567995252,1.1872039567995252
Nc1ccc2snnc2c1,-1.3045000283591786,-1.2239795098668842,0.08052051849229436,0.08052051849229436
CCOC(=O)C(c1c(O)c2ccccc2oc1=O)c1c(O)c2ccccc2oc1=O,-3.6600000671081245,-4.82487811164442,-1.1648780445362954,1.1648780445362954
O=c1oc2ccccc2c(O)c1Cc1c(O)c2ccccc2oc1=O,-4.26999990977637,-4.354536690317481,-0.0845367805411108,0.0845367805411108
NS(=O)(=O)c1ccc(NC(=S)Nc2ccc(F)cc2)cc1,-2.9899599333295486,-3.62318426357224,-0.6332243302426916,0.6332243302426916
S=C(Nc1ccccc1)Nc1ccccc1,-3.9716884476288237,-4.966230163715091,-0.9945417160862671,0.9945417160862671
CNC1=Nc2ccc(Cl)cc2C(c2ccccc2)=[N+](O)C1,-3.3900000658678673,-2.7038331064424215,0.6861669594254458,0.6861669594254458
CNC1=Nc2ccc(Cl)cc2C(c2ccccc2)=[N+]([O-])C1,-4.479999906958326,-2.844073581425683,1.6359263255326426,1.6359263255326426
Cc1cc(Cc2cc(C)cc(C3(C)CCCCC3)c2O)c(O)c(C2(C)CCCCC2)c1,-8.146786695033823,-5.707615006886618,2.439171688147205,2.439171688147205
Cc1cc(Cc2cc(C)cc(C3CCCCC3)c2O)c(O)c(C2CCCCC2)c1,-6.979034230827558,-5.613572405563705,1.3654618252638535,1.3654618252638535
CC(C)C1CCC(Cc2ccc(Cl)cc2)C1(O)Cn1cncn1,-4.6827996925792625,-3.8870026896801444,0.7957970028991181,0.7957970028991181
CC1(C)CCC(Cc2ccc(Cl)cc2)C1(O)Cn1cncn1,-4.328800094187751,-3.6358327042106717,0.6929673899770794,0.6929673899770794
CC1(C)CCCC2(C)C1CCC1(C)OCCC12,-5.099487731248965,-4.3889429817422965,0.7105447495066688,0.7105447495066688
CC1(C)CCC[C@]2(C)[C@H]3CCO[C@]3(C)CC[C@@H]12,-5.099487731248965,-4.388943117919085,0.7105446133298798,0.7105446133298798
COC1=Cc2ccccc2Nc2ccccc21,-4.514419543708499,-5.046134890765865,-0.5317153470573661,0.5317153470573661
NC(=O)N1c2ccccc2C=Cc2ccccc21,-3.2899999342753086,-3.921223099787473,-0.6312231655121643,0.6312231655121643
CC(=O)c1cc2ccccc2o1,-2.548488378601275,-3.145364668324035,-0.59687628972276,0.59687628972276
COc1c(C(=O)O)oc2ccccc12,-2.885699966222765,-2.8698859939828933,0.0158139722398718,0.0158139722398718
O=C(/C=C/C=C/c1ccc2c(c1)OCO2)N1CCCCC1,-3.8529998900822253,-4.017671400271353,-0.16467151018912762,0.16467151018912762
O=C(C=CC=Cc1ccc2c(c1)OCO2)N1CCCCC1,-3.4600000081881905,-4.017671536448142,-0.5576715282599514,0.5576715282599514
CC(Cc1ccc(C(C)(C)C)cc1)CN1CC(C)OC(C)C1,-2.4821000149559658,-3.650270371684603,-1.1681703567286372,1.1681703567286372
CC(Cc1ccc(C(C)(C)C)cc1)CN1C[C@@H](C)O[C@@H](C)C1,-4.848699925938853,-3.6502702355078136,1.198429690431039,1.198429690431039
COc1ccc(C2Sc3ccccc3N(CCN(C)C)C(=O)C2OC(C)=O)cc1,-2.950000033269975,-3.5459175192408967,-0.5959174859709218,0.5959174859709218
COc1ccc([C@@H]2Sc3ccccc3N(CCN(C)C)C(=O)[C@@H]2OC(C)=O)cc1,-3.160000055985079,-3.5459174511525022,-0.3859173951674233,0.3859173951674233
CC(=O)Oc1ccc(CC(NC(=O)c2ccccc2)C(N)=O)cc1,-3.8900000769909133,-3.2721582555975566,0.6178418213933567,0.6178418213933567
CCOC(=O)C(Cc1ccc(O)cc1)NC(=O)c1ccccc1,-3.3299998915885793,-3.850069910282193,-0.5200700186936138,0.5200700186936138
CCOc1ccc(NS(=O)(=O)c2ccc(N)cc2)nn1,-2.427000060309477,-3.4454923798887216,-1.0184923195792446,1.0184923195792446
COc1ccc(NS(=O)(=O)c2ccc(N)cc2)nn1,-2.6800000575628657,-3.3599057784341784,-0.6799057208713126,0.6799057208713126
CN(C)CCC=C1c2ccccc2CCc2ccccc21,-4.55000008758803,-3.9200130328371525,0.6299870547508775,0.6299870547508775
CNCCC=C1c2ccccc2CCc2ccccc21,-4.019999955281143,-4.079569198110478,-0.05956924282933418,0.05956924282933418
CCCOC(=O)N1C2CN3C4=C(C(=O)C(N)=C(C)C4=O)C(COC(N)=O)C3(OC)C21,-3.479999986844826,-3.6028893940782294,-0.12288940723340325,0.12288940723340325
COC12C(COC(N)=O)C3=C(C(=O)C(C)=C(N)C3=O)N1CC1NC12,-2.559999947313671,-2.951638640065385,-0.39163869275171415,0.39163869275171415
CC(C)CC(NC(=O)CC(O)C(CC(C)C)NC(=O)C(Cc1c[nH]cn1)NC(=O)C(Cc1ccccc1)NC(=O)OC(C)(C)C)C(=O)NCCC(N)C(=O)O,-2.220000037797288,-2.6222008065975335,-0.40220076880024536,0.40220076880024536
CC(C)CC(NC(=O)CC(O)C(CC(C)C)NC(=O)C(Cc1c[nH]cn1)NC(=O)C(Cc1ccccc1)NC(=O)OC(C)(C)C)C(=O)NCCCN(CCO)CCO,-2.369999860699956,-2.631766681343446,-0.2617668206434898,0.2617668206434898
CC1c2nc3ccccc3c(=O)n2CN1C,0.02999982501333287,-1.9013006633643956,-1.9313004883777285,1.9313004883777285
CCCN1Cn2c(nc3ccccc3c2=O)C1C,-2.6700000512124493,-2.585752748481336,0.08424730273111347,0.08424730273111347
CCC1(CC)CCC(=O)N(CO)C1=O,-3.9599999852670393,-1.4369409436872163,2.523059041579823,2.523059041579823
CCC1(CC)CCC(=O)NC1=O,-4.530000074887198,-1.0117910155030025,3.5182090593841955,3.5182090593841955
CC1(C)C2CC3OC3(C)C1C2,-2.593699923776234,-3.0226466991573964,-0.4289467753811622,0.4289467753811622
CC1(C)[C@H]2C[C@@H]3O[C@]3(C)[C@@H]1C2,-2.593688484925927,-3.022646767245791,-0.42895828231986366,0.42895828231986366
O=C1C(Cl)=C(Cl)C(=O)N1c1ccc(F)cc1,-4.644199700749084,-5.989035508611382,-1.3448358078622977,1.3448358078622977
O=C1C=CC(=O)N1c1ccccc1,-2.327317492989723,-2.979938287636197,-0.6526207946464737,0.6526207946464737
O=[N+]([O-])c1ccc2c3c(cccc13)CC2,-5.340299905853959,-5.130336267874764,0.20996363797919493,0.20996363797919493
c1cc2c3c(cccc3c1)CC2,-4.630000002214572,-5.726555836519751,-1.0965558343051782,1.0965558343051782
CC(=O)OCC1=C(C(=O)O)N2C(=O)C(NC(=O)Cc3cccs3)C2SC1,-2.9400000354306077,-2.8871741480560638,0.05282588737454397,0.05282588737454397
CC(=O)OCC1=C(C(=O)O)N2C(=O)[C@@H](NC(=O)Cc3cccs3)[C@H]2SC1,-2.9400000354306077,-2.887174079967669,0.05282595546293889,0.05282595546293889
C#CC1(OC(=O)c2ccccc2)CCC2C3CCC4=CC(=O)CCC4C3CCC21C,-7.749999668539083,-5.491099903570951,2.258899764968132,2.258899764968132
CC12CCC(=O)C=C1CCC1C2CCC2(C)C(OC(=O)c3ccccc3)CCC12,-4.479999906958326,-5.466058081420574,-0.9860581744622481,0.9860581744622481
Cc1ccnc(NC(=O)c2cnccn2)n1,-0.7308000153719041,-0.9366266024901124,-0.20582658711820834,0.20582658711820834
O=C(Nc1ncccn1)c1cnccn1,-0.3036000818005511,-0.7724758323435266,-0.4688757505429755,0.4688757505429755
COc1cc(OC)n2nc(S(=O)(=O)Nc3c(Cl)ccc(C)c3Cl)nc2n1,-3.320399972645325,-5.474645389758091,-2.1542454171127665,2.1542454171127665
Cc1ccn2nc(S(=O)(=O)Nc3c(F)cccc3F)nc2n1,-3.8247999920096256,-4.050448881118543,-0.22564888910891723,0.22564888910891723
CC1=Nc2ccc(Cl)cc2S(=O)(=O)N1,-3.3599998765956314,-3.2274678930397043,0.1325319835559271,0.1325319835559271
NS(=O)(=O)c1cc2c(cc1Cl)N=CNS2(=O)=O,-2.920000056773972,-2.446908766473039,0.4730912903009332,0.4730912903009332
C1=COCCC1,-1.0383983260239487,-0.6833315101341646,0.35506681588978406,0.35506681588978406
COC1CCC=CO1,-0.8533331160359268,-0.46502404791684127,0.3883090681190855,0.3883090681190855
O=C(Oc1cc([N+](=O)[O-])c(Cl)cc1Cl)Oc1cc([N+](=O)[O-])c(Cl)cc1Cl,-6.812907535467249,-6.448541206631555,0.3643663288356942,0.3643663288356942
O=C(Oc1ccccc1)Oc1ccccc1,-4.216916563159428,-4.8819664176366615,-0.6650498544772336,0.6650498544772336
C=C1CC23CC1(O)CCC2C12C=CC(O)C(C)(C(=O)O1)C2C3C(=O)O,-1.8400000007466475,-2.524190217897634,-0.6841902171509866,0.6841902171509866
C=C1C[C@]23C[C@@]1(O)CC[C@H]2[C@@]12C=C[C@H](O)C(C)(C(=O)O1)[C@H]2[C@@H]3C(=O)O,-1.840599995680601,-2.524190217897634,-0.6835902222170331,0.6835902222170331
NCCC(O)C(=O)NC1CC(N)C(OC2OC(CN)C(O)C(O)C2O)C(O)C1OC1OC(CO)C(O)C(N)C1O,-0.4999999668515809,-0.33835321550788544,0.16164675134369544,0.16164675134369544
NCC[C@H](O)C(=O)N[C@@H]1C[C@H](N)[C@@H](O[C@H]2O[C@H](CN)[C@@H](O)[C@H](O)[C@H]2O)[C@H](O)[C@H]1O[C@H]1O[C@H](CO)[C@@H](O)[C@H](N)[C@H]1O,-0.5004000542587428,-0.33835321550788544,0.16204683875085735,0.16204683875085735
CN(C(=O)NC(C)(C)c1ccccc1)c1ccccc1,-3.349499897163052,-2.7832895054584004,0.5662103917046517,0.5662103917046517
Cc1ccc(NC(=O)NC(C)(C)c2ccccc2)cc1,-5.349500009743631,-4.250267892997012,1.0992321167466184,1.0992321167466184
C=C(C)C1Cc2c(ccc3c2OC2COc4cc(OC)c(OC)cc4C2C3=O)O1,-4.46999976443112,-4.654489491307275,-0.18448972687615495,0.18448972687615495
C=C(C)[C@H]1Cc2c(ccc3c2O[C@@H]2COc4cc(OC)c(OC)cc4[C@@H]2C3=O)O1,-6.294899744027621,-4.654489627484065,1.6404101165435563,1.6404101165435563
CN1C(=O)C23CC4=CC=CC(O)C4N2C(=O)C1(CO)SS3,-3.6700000053701465,-3.124256551043921,0.5457434543262254,0.5457434543262254
CN1C(=O)[C@]23CC4=CC=C[C@H](O)[C@H]4N2C(=O)[C@@]1(CO)SS3,-3.6686999255620547,-3.124256525510773,0.5444434000512817,0.5444434000512817
CN(C)CC/C=C1\c2ccccc2COc2ccccc21,-3.946899846218276,-3.682872456827087,0.2640273893911891,0.2640273893911891
CN(C)CCC=C1c2ccccc2COc2ccccc21,-3.400000072218284,-3.682872456827087,-0.2828723846088028,0.2828723846088028
CC(C)(COCc1cccc(Oc2ccccc2)c1)c1ccc(OC(F)(F)Br)cc1,-9.979900041504237,-7.262952487222902,2.716947554281335,2.716947554281335
CCOc1ccc(C(C)(C)COCc2cccc(Oc3ccccc3)c2)cc1,-8.575799686378815,-6.670322811099223,1.905476875279592,1.905476875279592
CCN(c1cccc(S(=O)(=O)CCOS(=O)(=O)[O-])c1)c1nc(Cl)nc(Nc2ccc3c(c2)C=C(S(=O)(=O)[O-])/C(=N/Nc2ccc(OC)cc2S(=O)(=O)[O-])C3=O)n1,-1.1616712751846057,-0.3661970112762889,0.7954742639083168,0.7954742639083168
CN(c1ccc2c(c1)C=C(S(=O)(=O)[O-])/C(=N/Nc1ccccc1S(=O)(=O)[O-])C2=O)c1nc(Cl)nc(Nc2cccc(S(=O)(=O)[O-])c2)n1,-0.7520299768343044,-0.24542263384694785,0.5066073429873565,0.5066073429873565
C=C(C)C1(O)[C@H]2OC(=O)[C@@H]1[C@]1(O)[C@H]3O[C@H]3[C@]3(CO3)[C@]1(C)[C@@H]2O,-1.4200000063827358,-2.213123995083358,-0.7931239887006221,0.7931239887006221
C=C(C)[C@@H]1[C@H]2OC(=O)[C@@H]1[C@]1(O)[C@H]3O[C@H]3[C@]3(CO3)[C@]1(C)[C@@H]2O,-1.1900001326767364,-2.469706531311428,-1.2797063986346917,1.2797063986346917
CC(=O)N(c1onc(C)c1C)S(=O)(=O)c1ccc(N)cc1,-3.58999988647842,-3.291347437650298,0.29865244882812236,0.29865244882812236
Cc1noc(NS(=O)(=O)c2ccc(N)cc2)c1C,-2.9100000674456545,-3.2488957874654507,-0.3388957200197962,0.3388957200197962
O=C(C(=O)c1cc([N+](=O)[O-])ccc1O)c1cc([N+](=O)[O-])ccc1O,-3.521399943685388,-3.6125893348732743,-0.09118939118788649,0.09118939118788649
O=C(C(=O)c1ccccc1)c1ccccc1,-2.799999946524778,-3.5529247682913825,-0.7529248217666047,0.7529248217666047
CCOC(=O)C(CCc1ccccc1)NC(C)C(=O)N1CCCC1C(=O)O,-1.1799999901495306,-2.2561856832403744,-1.0761856930908438,1.0761856930908438
CCOC(=O)[C@H](CCc1ccccc1)N[C@@H](C)C(=O)N1CCC[C@H]1C(=O)O,-1.3609000968579568,-2.256185819417164,-0.895285722559207,0.895285722559207
CC#Cc1cc(C)nc(Nc2ccccc2)n1,-4.599999846986534,-3.290680835244245,1.3093190117422888,1.3093190117422888
Cc1cc(C)nc(Nc2ccccc2)n1,-3.216599912855958,-2.192113822958997,1.024486089896961,1.024486089896961
CC(=O)Nc1ccc(N/N=C2\C=C(C)C=CC2=O)cc1,-5.357999620228796,-4.97382038560086,0.38417923462793624,0.38417923462793624
CC1=C/C(=N\Nc2ccccc2[N+](=O)[O-])C(=O)C=C1,-5.747595695184193,-5.628237284010696,0.1193584111734971,0.1193584111734971
O=C(Nc1ccccc1)c1cccnc1,-3.092999909602487,-2.82960442306921,0.2633954865332768,0.2633954865332768
O=C(O)c1ccc(NC(=O)c2cccnc2)cc1,-3.0831999554667004,-3.2615516497389025,-0.1783516942722021,0.1783516942722021
C=CC1CN2CCC1CC2C(=O)c1ccnc2ccc(OC)cc12,-5.031299927508954,-3.3609819155121556,1.6703180119967982,1.6703180119967982
C=CC1CN2CCC1CC2C(=O)c1ccnc2ccccc12,-3.190000023970032,-3.12842993557452,0.061570088395511924,0.061570088395511924
C1=CCC=C1,-1.5650000984637742,-2.6945974604107255,-1.1295973619469513,1.1295973619469513
ClC1=C(Cl)C(Cl)(Cl)C(Cl)=C1Cl,-5.180499984127666,-5.769894099735971,-0.5893941156083056,0.5893941156083056
COc1ccc(C(=O)CC(=O)c2ccc(C(C)(C)C)cc2)cc1,-7.0605480228215,-6.027702090891561,1.0328459319299395,1.0328459319299395
O=C(CC(=O)c1ccccc1)c1ccccc1,-5.657903125220837,-3.82977493865559,1.8281281865652472,1.8281281865652472
O=C1c2c(Cl)c(Cl)c(Cl)c(Cl)c2C2=Nc3cccc4cccc(c34)N12,-7.133614496217392,-8.767772464007507,-1.6341579677901148,1.6341579677901148
O=C1c2ccccc2C2=Nc3cccc4cccc(c34)N12,-7.255740019750839,-6.664477013885254,0.591263005865585,0.591263005865585
CCC(C)n1ncn(-c2ccc(N3CCN(c4ccc(O)cc4)CC3)cc2)c1=O,-4.828521657820738,-3.5768748270772024,1.2516468307435353,1.2516468307435353
COc1ccc(N2CCN(c3ccc(-n4cn[nH]c4=O)cc3)CC2)cc1,-6.488909181718093,-3.5848671790219733,2.9040420026961193,2.9040420026961193
CC(NC(=O)C(N)c1ccccc1)c1ccccc1,-1.660000022615941,-1.701055281958416,-0.04105525934247489,0.04105525934247489
CC(NC(=O)Cc1ccccc1)c1ccccc1,-3.190000023970032,-3.424060536336084,-0.23406051236605174,0.23406051236605174
CC1C/C=C/C=C/C=C/C=C/C(OC2OC(C)C(O)C([NH3+])C2O)CC2OC(O)(CC(O)CC3OC3/C=C/C(=O)O1)CC(O)C2C(=O)[O-],-2.2100000314468717,-1.9269036700637563,0.28309636138311545,0.28309636138311545
CC1CC=CC=CC=CC=CC(OC2OC(C)C(O)C(N)C2O)CC2OC(O)(CC(O)CC3OC3C=CC(=O)O1)CC(O)C2C(=O)O,-3.2100000026266677,-1.843051177889217,1.3669488247374508,1.3669488247374508
Cc1cccc(N(O)C(=O)CCc2ccccc2)c1,-3.410000044524503,-2.9224007684600286,0.4875992760644743,0.4875992760644743
Cc1ccccc1N(O)C(=O)CCc1ccccc1,-2.7899999571964598,-2.757438248472023,0.032561708724436755,0.032561708724436755
COCC1COc2cc3ncnc(Nc4cccc(Br)c4)c3cc2O1,-3.2199999919549853,-4.237763323136548,-1.0177633311815626,1.0177633311815626
COCC1COc2cc3ncnc(Nc4cccc(I)c4)c3cc2O1,-3.5199999441580974,-4.155469919023478,-0.6354699748653805,0.6354699748653805
CCCCC(CC)COC(=O)c1ccc(Nc2nc(Nc3ccc(C(=O)NC(C)(C)C)cc3)nc(Nc3ccc(C(=O)OCC(CC)CCCC)cc3)n2)cc1,-8.185258816858786,-7.200064684125074,0.9851941327337119,0.9851941327337119
CCCCC(CC)COC(=O)c1ccc(Nc2nc(Nc3ccc(C(=O)OCC(CC)CCCC)cc3)nc(Nc3ccc(C(=O)OCC(CC)CCCC)cc3)n2)cc1,-8.216478162882032,-7.332113410299733,0.8843647525822984,0.8843647525822984
CCOC(=O)c1nc(C(Cl)(Cl)Cl)n(-c2ccc(Cl)cc2Cl)n1,-5.651599773994592,-6.5990209165399545,-0.9474211425453625,0.9474211425453625
CCOP(=S)(OCC)Oc1ncn(-c2ccccc2)n1,-3.904899996576353,-4.693456343408009,-0.7885563468316561,0.7885563468316561
CCC1(c2ccccc2)CCC(=O)N(CO)C1=O,-1.660000022615941,-2.6336107193366667,-0.9736106967207256,0.9736106967207256
CCC1(c2ccccc2)CCC(=O)NC1=O,-2.3373999543861017,-2.2363178982020173,0.10108205618408439,0.10108205618408439
CC(=O)C(N=Nc1cc(C(=O)Nc2cc(Cl)ccc2C)ccc1Cl)C(=O)Nc1cc(C)c(NC(=O)C(N=Nc2cc(C(=O)Nc3cc(Cl)ccc3C)ccc2Cl)C(C)=O)cc1C,-7.263233556116155,-8.031657390230924,-0.7684238341147687,0.7684238341147687
CC(=O)C(N=Nc1cc(C(=O)Nc2cccc(Cl)c2C)ccc1Cl)C(=O)Nc1cc(Cl)c(NC(=O)C(N=Nc2cc(C(=O)Nc3cccc(Cl)c3C)ccc2Cl)C(C)=O)cc1C,-7.971771195924337,-8.040911420129186,-0.06914022420484933,0.06914022420484933
CC(C)(C)CC(C)(C)N(c1ccccc1)c1cccc2ccccc12,-8.290038140962594,-6.0286861043715305,2.261352036591063,2.261352036591063
c1ccc(Nc2cccc3ccccc23)cc1,-4.863891536207118,-5.553407593546072,-0.6895160573389543,0.6895160573389543
CCS(=O)(=O)c1nc2ccccn2c1S(=O)(=O)NC(=O)Nc1nc(OC)cc(OC)n1,-4.419099740278108,-4.136339667476335,0.2827600728017732,0.2827600728017732
COc1cc(OC)nc(NC(=O)NS(=O)(=O)c2c(Cl)nc3ccccn23)n1,-4.788599934072958,-4.674077296866692,0.11452263720626643,0.11452263720626643
CC1=C(C(=O)O)N2C(=O)C(NC(=O)C(N)c3ccccc3)C2SC1,-1.5800001079893988,-2.4651019855325433,-0.8851018775431445,0.8851018775431445
N[C@@H](C(=O)N[C@@H]1C(=O)N2C(C(=O)O)=C(Cl)CS[C@H]12)c1ccccc1,-1.5656000933977277,-2.5919087564214855,-1.026308663023758,1.026308663023758
COc1ccc(N(C)N=CC2=[N+](C)c3ccccc3C2(C)C)cc1,-1.6925364705459502,-0.7232993978135394,0.9692370727324109,0.9692370727324109
Cc1ccc(N(C)N=CC2=[N+](C)c3ccccc3C2(C)C)cc1,-1.5027125626534796,-0.43735646491387925,1.0653560977396004,1.0653560977396004
CC(C)(O)C(=O)c1ccc(C2(C)CC(C)(C)c3cc(C(=O)C(C)(C)O)ccc32)cc1,-5.882309401126776,-4.439130392756549,1.443179008370227,1.443179008370227
CC(C)(O)C(=O)c1ccc(C2(C)CC(C)(C)c3ccc(C(=O)C(C)(C)O)cc32)cc1,-5.963849339064275,-4.44103768486843,1.522811654195845,1.522811654195845
COc1cc(NS(=O)(=O)c2ccc(C)cc2)c2c(c1N)C(=O)c1ccccc1C2=O,-5.112570235403506,-5.79694888718678,-0.6843786517832733,0.6843786517832733
COc1cc(NS(=O)(=O)c2ccccc2)c2c(c1N)C(=O)c1ccccc1C2=O,-2.3558504794891157,-5.6344368685234425,-3.2785863890343268,3.2785863890343268
COc1ccc(S(=O)(=O)c2coc(S(N)(=O)=O)c2)cc1,-3.0199999606959618,-2.488386548348724,0.5316134123472378,0.5316134123472378
NS(=O)(=O)c1cc(S(=O)(=O)c2ccc(O)cc2)co1,-2.4000000840163898,-2.291027604214376,0.10897247980201374,0.10897247980201374
CCOP(=O)(N=C1SCC(C)S1)OCC,-3.6744000136114012,-3.1556704681660257,0.5187295454453755,0.5187295454453755
CCOP(=O)(N=C1SCCS1)OCC,-2.5940999771391984,-2.8037030870685427,-0.20960310992934428,0.20960310992934428
CN1C(=O)c2ccc3c4ccc5c6c(ccc(c7ccc(c2c37)C1=O)c64)C(=O)N(C)C5=O,-7.7185101477657305,-5.408946353020561,2.30956379474517,2.30956379474517
O=C1NC(=O)c2ccc3c4ccc5c6c(ccc(c7ccc1c2c73)c64)C(=O)NC5=O,-7.591458565053703,-5.807320383818591,1.7841381812351118,1.7841381812351118
CCC1(c2ccccc2)NC(=O)NC1=O,-2.6400001002495945,-2.3486795459378103,0.2913205543117843,0.2913205543117843
O=C1NC(=O)C(c2ccc(O)cc2)N1,-2.17310504110797,-2.176835604252694,-0.003730563144724197,0.003730563144724197
Cc1ccccc1C(=O)NNC(=O)c1ccncc1,-2.7300000212265534,-3.166226211993851,-0.4362261907672975,0.4362261907672975
O=C(NNC(=O)c1ccncc1)c1ccccc1,-2.5399999686570354,-2.9060592813823445,-0.3660593127253091,0.3660593127253091
CC1(C)CC(=O)CC(C)(C)N1[O],0.10341245980779856,-0.45256686757907705,-0.5559793273868756,0.5559793273868756
CCOC(=O)N1CCC(=O)CC1,0.766506270882557,0.038573788025492384,-0.7279324828570646,0.7279324828570646
Cc1cccc2n[nH]nc12,-1.5169634636607934,-1.4365725854719769,0.08039087818881652,0.08039087818881652
c1ccc2n[nH]nc2c1,-0.7793998773757091,-1.1256488376235767,-0.34624896024786755,0.34624896024786755
Nc1nc2[nH]cnc2c(=S)[nH]1,-3.309999912931944,-2.9381588741720623,0.37184103875988184,0.37184103875988184
S=c1[nH]cnc2[nH]cnc12,-2.950000033269975,-2.153592949843441,0.796407083426534,0.796407083426534
CC1=C[C@H]2C(=O)O[C@H]3CC(C/C=C(\C)C[C@@H](C)/C=C/C=C4\CO[C@H]([C@@H]1O)[C@@]42O)O[C@@]1(CC[C@H](C)C(C)O1)C3,-5.778699835643635,-3.8022657292586626,1.9764341063849722,1.9764341063849722
CCC1O[C@]2(CCC1C)C[C@@H]1C[C@@H](C/C=C(\C)CC(C)/C=C/C=C3\CO[C@@H]4[C@H](O)C(C)=C[C@@H](C(=O)O1)[C@]34O)O2,-4.877200093832008,-3.9496604901807295,0.9275396036512786,0.9275396036512786
C1CN2CCN1CC2,0.6033000229470242,0.40742332912074497,-0.19587669382627926,0.19587669382627926
OCC1CN2CCN1CC2,0.8470940607087987,0.6130301269009144,-0.23406393380788426,0.23406393380788426
Cc1c(O)c(=O)ccn1-c1ccccc1,-2.0299999852277706,-2.033127149018807,-0.0031271637910363914,0.0031271637910363914
Cc1ccc(-n2ccc(=O)c(O)c2C)cc1,-3.2199999919549853,-2.471660906548234,0.7483390854067515,0.7483390854067515
CCOC(=O)Cn1c(=O)sc2cccc(Cl)c21,-3.762000022940941,-4.215132102511555,-0.4531320795706142,0.4531320795706142
O=C(O)Cn1c(=O)sc2cccc(Cl)c21,-2.6087000354344507,-2.8614016012539403,-0.25270156581948955,0.25270156581948955
O/N=C1/C=CCCC1,-0.7034001559368384,-1.4164219612421036,-0.7130218053052653,0.7130218053052653
O/N=C1\C=CCCC1,-0.9667001570076206,-1.4164218250653142,-0.44972166805769365,0.44972166805769365
Cc1c(C(=O)O)c(O)cc2c1C(=O)c1c(O)c(C3OC(CO)C(O)C(O)C3O)c(O)c(O)c1C2=O,-2.5783998827394354,-2.474764307489526,0.10363557524990963,0.10363557524990963
Cc1c(C(=O)O)c(O)cc2c1C(=O)c1c(O)c([C@H]3O[C@H](CO)[C@@H](O)[C@H](O)[C@H]3O)c(O)c(O)c1C2=O,-2.5783998827394354,-2.4747645117547097,0.10363537098472575,0.10363537098472575
Oc1c(-c2ccccc2)cccc1-c1ccccc1,-5.683909896100673,-4.040916233509235,1.6429936625914374,1.6429936625914374
c1ccc(-c2cccc(-c3ccccc3)c2)cc1,-5.183000053803665,-5.096312769404861,0.08668728439880447,0.08668728439880447
CC(=O)OC1(C)CCC23CC1C(C)(C)[C@@H]2CC[C@H]3C,-5.426640892677401,-4.567487910878611,0.8591529817987906,0.8591529817987906
CO[C@]1(C)CCC23C[C@@H]1C(C)(C)[C@@H]2CC[C@H]3C,-4.740177101895331,-4.5455754313479,0.19460167054743138,0.19460167054743138
CCN(CC)C(=O)CSc1ccc(Cl)nn1,-1.7156000524771848,-3.1554499128335465,-1.4398498603563616,1.4398498603563616
c1ccnnc1,1.0964002625505924,1.1353313001557237,0.03893103760513128,0.03893103760513128
CCN(c1ccccc1)c1nc(Cl)nc(Nc2cc(S(=O)(=O)[O-])cc3c2C(=O)/C(=N/Nc2ccc4ccccc4c2S(=O)(=O)[O-])C(S(=O)(=O)[O-])=C3)n1,-0.4592357173079846,-0.5553381287468708,-0.0961024114388862,0.0961024114388862
O=C1/C(=N/Nc2ccc3c(S(=O)(=O)[O-])cccc3c2S(=O)(=O)[O-])C(S(=O)(=O)[O-])=Cc2cc(S(=O)(=O)[O-])cc(Nc3nc(Cl)nc(Nc4cccc(S(=O)(=O)CCOS(=O)(=O)[O-])c4)n3)c21,-0.41089785944692236,0.852718706816836,1.2636165662637584,1.2636165662637584
C/C(=N/Nc1nc(C)cc(C)n1)c1ccccc1C,-3.195899934435677,-2.7384657917795603,0.4574341426561168,0.4574341426561168
CC(=NNc1nc(C)cc(C)n1)c1ccccc1C,-3.2000000132983497,-2.7384654853817842,0.46153452791656546,0.46153452791656546
CC(C)(C)c1ccc(OP(Oc2ccc(C(C)(C)C)cc2C(C)(C)C)Oc2ccc(C(C)(C)C)cc2C(C)(C)C)c(C(C)(C)C)c1,-8.111891665111969,-8.60938360617264,-0.4974919410606713,0.4974919410606713
Cc1ccccc1OP(Oc1ccccc1C)Oc1ccccc1C,-7.779842539575402,-7.346280698758376,0.43356184081702587,0.43356184081702587
O=C1C(Cl)=C(Cl)C(=O)C(Cl)=C1Cl,-5.089685862127079,-4.551644967026801,0.538040895100278,0.538040895100278
O=C1C=CC(=O)C=C1,-0.8899999421642435,-0.434412322727753,0.4555876194364905,0.4555876194364905
Cc1c(Nc2nc(Cl)nc(Nc3cccc(S(=O)(=O)[O-])c3)n2)c(C)c(S(=O)(=O)[O-])c(C)c1Nc1cc(S(=O)(=O)[O-])c(N)c2c1C(=O)c1ccccc1C2=O,-0.42442811288490345,-0.5864912928504844,-0.16206317996558095,0.16206317996558095
Cc1c(Nc2nc(Cl)nc(Nc3ccccc3S(=O)(=O)[O-])n2)c(C)c(S(=O)(=O)[O-])c(C)c1Nc1cc(S(=O)(=O)[O-])c(N)c2c1C(=O)c1ccccc1C2=O,-0.42442811288490345,-0.6520517016164389,-0.22762358873153543,0.22762358873153543
CCC1C2CC3C4N(C)c5ccccc5C45CC(C2C5O)N3C1O,-2.8199999251814134,-1.42483509946602,1.3951648257153935,1.3951648257153935
CC[C@H]1[C@@H]2C[C@H]3[C@@H]4N(C)c5ccccc5[C@]45C[C@@H](C2C5O)N3[C@@H]1O,-2.826600056697986,-1.424834690935652,1.401765365762334,1.401765365762334
O=C(O)c1cc(/N=N/c2ccc(S(=O)(=O)Nc3ccccn3)cc2)ccc1O,-6.1399997355363505,-4.378595452225414,1.7614042833109362,1.7614042833109362
O=C(O)c1cc(N=Nc2ccc(S(=O)(=O)Nc3ccccn3)cc2)ccc1O,-6.1399997355363505,-4.378595452225414,1.7614042833109362,1.7614042833109362
Cn1c(=O)ncc2[nH]c(=O)[nH]c21,-0.7940002080245399,-2.3354953177216125,-1.5414951096970726,1.5414951096970726
O=c1ncc2[nH]c(=O)[nH]c2[nH]1,-3.5999998587846394,-3.251954113889462,0.3480457448951775,0.3480457448951775
CC[C@@H]1C(=O)O[C@H]1C,-0.6665000589683356,-1.1516595576303037,-0.48515949866196806,0.48515949866196806
O=C1CCO1,0.7104891315154802,0.5655640728453837,-0.14492505867009653,0.14492505867009653
CN(C(=O)COC(=O)c1ccccc1)C1CCCCC1,-3.2899999342753086,-3.3510182683645002,-0.06101833408919166,0.06101833408919166
O=C(COC(=O)c1ccccc1)NC1CCCCC1,-3.9000000152529353,-3.4266660408912504,0.4733339743616849,0.4733339743616849
C=CC(O)CC,0.019299869965567318,-0.036958029965111105,-0.05625789993067842,0.05625789993067842
O=C(O)c1cccc2cccc(-c3cccc4cccc(C(=O)O)c34)c12,-2.2334404145542863,-3.836141203558523,-1.6027007890042366,1.6027007890042366
CC(C)(C)OC(N)=O,0.09999986946624784,-0.8019570178272857,-0.9019568872935335,0.9019568872935335
CCSCC,-1.468024929981831,-1.767101024801676,-0.299076094819845,0.299076094819845
CCCCCCCCC(=O)OCC,-3.80069990044612,-4.528790007936878,-0.7280901074907575,0.7280901074907575
O=c1[nH]c2nc[nH]c(=O)c2[nH]1,-2.9600000225982925,-3.0704510163577163,-0.1104509937594238,0.1104509937594238
CCC(C)Cl,-2.001263891047036,-1.9641936411802186,0.037070249866817395,0.037070249866817395
CS(=O)(=O)c1ccc(C2=C(c3ccccc3)C(=O)OC2)cc1,-4.519999932359992,-4.000640722462679,0.5193592098973134,0.5193592098973134
O=C(O)CCI,-0.4300001947522447,-0.8838196947555867,-0.45381950000334204,0.45381950000334204
CC(=O)OCCBr,-0.6736999981757767,-0.7823543689978272,-0.10865437082205043,0.10865437082205043
O=C1/C(=C2/Nc3ccccc3C2=O)Nc2ccccc21,-6.719775139804469,-6.1303919183393125,0.5893832214651562,0.5893832214651562
CCCOP(=O)(OCC)OCCC,-0.980200043021572,-1.2157947401187372,-0.23559469709716518,0.23559469709716518
CC(C)(C)c1cc(C(C)(CC(=O)OCCOC(=O)CC(C)(c2ccc(O)c(C(C)(C)C)c2)c2ccc(O)c(C(C)(C)C)c2)c2ccc(O)c(C(C)(C)C)c2)ccc1O,-6.201435349352362,-6.504921938026243,-0.3034865886738807,0.3034865886738807
CNC(=S)NN,-0.4655728403779924,-0.8020406303759575,-0.3364677899979651,0.3364677899979651
CCCCN(CCN(CCCC)C(=O)N1CCOCC1)C(=O)N1CCOCC1,0.09850001830815369,-1.7295342062724297,-1.8280342245805834,1.8280342245805834
CC(C)(O)CCl,0.16020008744911696,0.3099398126840929,0.14973972523497592,0.14973972523497592
O=[N+]([O-])c1ccc(N=Nc2c(O)c(N=Nc3cc([N+](=O)[O-])cc([N+](=O)[O-])c3O)cc(N=Nc3cc(S(=O)(=O)[O-])cc4cc(S(=O)(=O)[O-])cc(O)c34)c2O)cc1,-0.9675670584487341,-2.700431750685994,-1.7328646922372597,1.7328646922372597
Cc1cc(O)c(C2CCCCC2)cc1C(C[C@H](C)c1cc(C2CCCCC2)c(O)cc1C)c1cc(C2CCCCC2)c(O)cc1C,-7.396501881616391,-6.203109234447268,1.193392647169123,1.193392647169123
CNCC(=O)O,0.5272997568009967,0.3295154985092563,-0.1977842582917404,0.1977842582917404
CCC(O)(CC)CC,-0.8499999167625774,-0.23906808014790082,0.6109318366146765,0.6109318366146765
CCCCC(CC)C(=O)[O-],-2.621416087848803,-2.430859378608548,0.19055670924025492,0.19055670924025492
CCCCCCCCN(C)C,-5.465370116280688,-2.5831944632278825,2.8821756530528058,2.8821756530528058
CCCC(=O)N(C)N=O,-1.5347000819455483,-0.5386450331990393,0.996055048746509,0.996055048746509
ClC(Cl)COCC(Cl)Cl,-1.1200000882238215,-3.112367117274178,-1.9923670290503563,1.9923670290503563
CC/C=C(\C)C(O)CCCCC,-3.431863738720423,-2.9194314335678695,0.5124323051525534,0.5124323051525534
CCOP(=O)(N=C1SCS1)OCC,-0.6835000969994014,-3.0733120226139334,-2.389811925614532,2.389811925614532
O=C(Nc1ccccc1SSc1ccccc1NC(=O)c1ccccc1)c1ccccc1,-6.978287164961088,-6.5990821960951696,0.3792049688659187,0.3792049688659187
CCC(CO)(CO)[N+](=O)[O-],0.8263998187357702,-0.11197210380253919,-0.9383719225383094,0.9383719225383094
CC12CCC(=O)C=C1CCC1C2CCC2(C)C(OC(=O)CCc3ccccc3)CCC12,-5.269999863934068,-5.584162032010417,-0.3141621680763489,0.3141621680763489
ClCC(Cl)Cl,-1.5811040932208016,-1.7177524628099283,-0.13664836958912674,0.13664836958912674
CCOC(=O)c1cnc(=S)[nH]c1,-1.7400000734192727,-2.571028701219365,-0.8310286278000922,0.8310286278000922
O=C([O-])c1cc2ccccc2c(Cc2c(O)c(C(=O)O)cc3ccccc23)c1O,-0.9807589125651366,-3.661082808760386,-2.6803238961952496,2.6803238961952496
CC(=O)C(N=Nc1ccc(C(=O)Nc2ccc(C(N)=O)cc2)cc1)C(=O)Nc1ccc2[nH]c(=O)[nH]c2c1,-6.672808582212339,-6.559269822309252,0.11353875990308637,0.11353875990308637
C=COCCCl,-2.3951001026929717,-1.125884287292393,1.2692158154005786,1.2692158154005786
CC(=O)OCC=C(C)C,-1.4743213361918184,-1.4062336223919918,0.06808771379982659,0.06808771379982659
CCCCCCCCCCCC(=O)N(C)C,-3.9093069498338657,-4.300870643218835,-0.39156369338496955,0.39156369338496955
CCC1(c2ccccc2)C(=O)NC(=S)NC1=O,-3.5799998801280037,-3.0980762824233823,0.48192359770462145,0.48192359770462145
N#CCCCCC#N,-0.13091266108209254,0.3678449070589611,0.49875756814105365,0.49875756814105365
CC(O)C1C(=O)N2C(C(=O)O)=C(SCC(=N)N(C)C)C(C)C12,-0.2800000994959979,-1.4562689239325202,-1.1762688244365223,1.1762688244365223
CCCCCCCC/C=C\CCCCCCCC(=O)N(C)CC(=O)O,0.7757804549456444,-4.308295546482311,-5.084076001427956,5.084076001427956
CCCCC(C)CCC,-6.0473997911199975,-5.174130450981789,0.8732693401382088,0.8732693401382088
O=c1cccc2[nH]cccc1-2,-2.541699897562908,-1.6840704957277592,0.8576294018351487,0.8576294018351487
CCCCCC(C(=O)O)C(=O)O,0.5921000267287013,-1.5006018224182827,-2.0927018491469838,2.0927018491469838
O=C1CCCCCCCCCCC(=O)OCCO1,-3.5337583618066635,-1.6976771443445753,1.8360812174620882,1.8360812174620882
CN1CC2c3ccccc3Oc3ccc(Cl)cc3C2C1,-2.1300001168203297,-3.427892312879505,-1.2978921960591752,1.2978921960591752
CNC(=O)O/N=C/C(C)(C)SC,-1.4991000647851374,-2.5346508422380865,-1.035550777452949,1.035550777452949
CCCCCCCCCC=O,-3.7255255465276065,-4.0243482844308325,-0.298822737903226,0.298822737903226
c1ccc2cc3c(cc2c1)-c1cccc2cccc-3c12,-8.498900108715805,-6.992504294124638,1.5063958145911673,1.5063958145911673
COC(/C=C\C(OC)OC)OC,0.05499997706616355,0.04656191848979274,-0.00843805857637081,0.00843805857637081
CCCCI,-2.958699925768102,-3.1979956101135505,-0.23929568434544857,0.23929568434544857
CCOc1cccc2c1C(=O)c1c(NC3CCCCC3)ccc(Nc3ccccc3S(=O)(=O)[O-])c1C2=O,-1.987836859615396,-3.332307849858978,-1.344470990243582,1.344470990243582
O=C(CCl)NC(=O)CCl,-2.230400063466472,-0.794164709586096,1.436235353880376,1.436235353880376
NCCCC(=O)O,1.1006002270882669,0.5541815997293078,-0.5464186273589591,0.5464186273589591
CC12CCC3C(CCC4C(C)(C)CCCC43C)(CO1)O2,-5.645384665327858,-4.805548497277643,0.8398361680502147,0.8398361680502147
CC[N+](CC)(CC)CC,0.6804735883102433,1.7384008336594756,1.0579272453492323,1.0579272453492323
c1ccc2c(c1)ccc1[nH]c3ccc4ccccc4c3c12,-6.62769974838076,-6.314167397955234,0.3135323504255254,0.3135323504255254
CC1(C)CC(=O)CC(=O)C1,-1.527600096501503,-0.5841299873228514,0.9434701091786517,0.9434701091786517
FC(F)(F)C(F)(F)F,-2.423907281157756,-3.5175497151870068,-1.0936424340292508,1.0936424340292508
N#CI,-0.6333001577205275,-0.9600539126257481,-0.32675375490522063,0.32675375490522063
NS(=O)(=O)c1cc(C(=O)O)c(NCc2ccco2)cc1Cl,-3.8299999027116254,-2.6737386147435487,1.1562612879680767,1.1562612879680767
Cc1nc(=O)c(C#N)c(NCc2cccnc2)[nH]1,-2.349999916087518,-2.056268351719981,0.2937315643675369,0.2937315643675369
CCN(CC)c1ccc(C(c2ccc(N(CC)CC)cc2)c2c(S(=O)(=O)O)ccc3ccc(S(=O)(=O)O)cc23)cc1,-0.6984760032333082,-1.7089381477645351,-1.010462144531227,1.010462144531227
CN(C)C(N)=O,0.21243151207177569,0.6864375869773842,0.47400607490560853,0.47400607490560853
CCSSCC,-2.4200000967172226,-2.4512276133478306,-0.031227516630607965,0.031227516630607965
OCCCO,1.1186436516794669,1.7243746243546183,0.6057309726751514,0.6057309726751514
c1ccc(CNC23OC4C5C6CC(C7C6C4C72)C53)cc1,-3.400000072218284,-3.727264251774251,-0.327264179555967,0.327264179555967
CC(=O)NC(CCC(=O)O)C(=O)O,-0.7100001002103262,-0.2744500782685342,0.43555002194179204,0.43555002194179204
O=S(=O)([O-])CCO,0.5569421756033668,1.456341390438999,0.8993992148356322,0.8993992148356322
CCOC(=O)C(=O)C(=O)OCC,0.511699888518208,-0.9242074154765816,-1.4359073039947896,1.4359073039947896
NS(=O)(=O)c1cc2cc(CNCc3ccccn3)sc2o1,-1.3300000854057772,-2.0347957232189273,-0.7047956378131501,0.7047956378131501
Nc1nc(N)nc(Nc2nc(N)nc(N)n2)n1,-4.225336918753181,-3.304318140660767,0.9210187780924137,0.9210187780924137
CC(Cl)CCl,-1.6216647584642936,-1.4625694154461886,0.15909534301810502,0.15909534301810502
CCC(C)(C)Cl,-2.51054499720523,-2.2828963519444505,0.22764864526077933,0.22764864526077933
Cc1cccc(CN2CCN(C(c3ccccc3)c3ccc(Cl)cc3)CC2)c1,-4.630000002214572,-4.082453422509282,0.5475465797052905,0.5475465797052905
C[C@H](NC(N)=O)C(=O)O,-0.7845002428446812,-0.48011216382518684,0.3043880790194944,0.3043880790194944
CCCCOC(=O)CO,-0.45833912932678844,-0.6977185879308458,-0.2393794586040574,0.2393794586040574
CCC(O)CCC(C)C,-1.92719999075742,-1.4616611162611068,0.46553887449631315,0.46553887449631315
CC(C)=CCO,-0.12899474718064008,-0.5366494985276473,-0.40765475134700724,0.40765475134700724
CC(C)COC(=O)CC(C(=O)OCC(C)C)S(=O)(=O)[O-],0.17737415941699464,-0.44038939436667324,-0.6177635537836679,0.6177635537836679
C=C(Cl)Cl,-1.5885810160178162,-1.4632080845883222,0.12537293142949402,0.12537293142949402
CC(=O)OC(OC(C)=O)C(OC(C)=O)OC(C)=O,-2.099999893503896,-0.8955548657561243,1.2044450277477718,1.2044450277477718
CCCCCCCCn1sccc1=O,-2.6301000136183768,-4.09520038705482,-1.4651003734364436,1.4651003734364436
C#CC1(OC(=O)c2ccc(-c3ccccc3)cc2)CCC2C3CCC4=CC(=O)CCC4C3CCC21C,-8.109999352446916,-5.884135531872195,2.2258638205747214,2.2258638205747214
B12B3B4B1C234,-4.7424029115175435,-5.507628497557226,-0.7652255860396826,0.7652255860396826
CC(C[N+](C)(C)C)OC(N)=O,0.5020999695749531,0.07380108931340423,-0.42829888026154883,0.42829888026154883
CC(C)(C)S(=O)(=O)C(C)(C)C,-1.2176999895787786,-2.8150927435102577,-1.5973927539314792,1.5973927539314792
C=C(C)C(=O)[O-],-3.2935843116366463,-0.6686908711556807,2.6248934404809656,2.6248934404809656
CCOC[C@H](N)C(=O)O,0.523999920841042,-0.004252178109128479,-0.5282520989501704,0.5282520989501704
COC(=O)/C(=C/c1ccccc1)S(=O)(=O)c1ccc([N+](=O)[O-])cc1,-4.570000100288864,-4.8988577865898115,-0.3288576863009478,0.3288576863009478
CC(C)COC(N)=O,-0.30000011219683076,-0.9654587693957457,-0.665458657198915,0.665458657198915
CC(C)O,0.4300000790299907,0.554276923481865,0.12427684445187426,0.12427684445187426
CCC(C=O)CC,-1.5200000698869003,-1.407491215041801,0.1125088548450992,0.1125088548450992
O=C(O)CCCCC(=O)O,-0.23700718061761217,-0.25723215737448024,-0.020224976756868074,0.020224976756868074
CCCOC(N)=O,-0.1301999117665429,-0.34724855574295255,-0.21704864397640966,0.21704864397640966
CCCCCCCCCCCCCCCCNC(=O)C(C)O,-3.6511999825372206,-4.751556715298831,-1.1003567327616102,1.1003567327616102
CC(C)I,-2.0843000714577116,-2.454365398928438,-0.3700653274707264,0.3700653274707264
CC(C)CCCO,-1.12860006100275,-0.8546707806378846,0.2739292803648654,0.2739292803648654
C=CC(=O)NCNC(=O)C=C,-0.6552428684984779,-0.817904681630119,-0.16266181313164108,0.16266181313164108
C[C@H](NC(N)=O)C(=O)[O-],-0.9656001209031095,-0.7134472794563762,0.25215284144673333,0.25215284144673333
O=C1NC(=O)C(=c2[nH]c(=C3C(=O)NC(=O)NC3=O)c3ccccc23)C(=O)N1,-7.564993695454435,-4.620754551454041,2.9442391440003934,2.9442391440003934
NC=O,1.3463914336429057,0.8199720019240431,-0.5264194317188626,0.5264194317188626
C[Si]1(C)O[Si](C)(C)O[Si](C)(C)O1,0.6527381892661763,-3.026628048881839,-3.6793662381480154,3.6793662381480154
CCC(C)CC,-3.682599967071563,-3.463759304635471,0.2188406624360919,0.2188406624360919
CCCCCCCC/C=C/CCCCCCCCO[P+](=O)OCCCCCCCC/C=C/CCCCCCCC,-9.534420008081764,-7.401625941846714,2.13279406623505,2.13279406623505
CCOCCOCCOCCO,0.7489999275486228,0.6990156923041071,-0.04998423524451567,0.04998423524451567
CC(C)(CO)C(O)C(=O)NCCCO,0.4376763646466393,0.18106455040885505,-0.25661181423778423,0.25661181423778423
C=C(C)C(=O)OCCOCCOCCOC(=O)C(=C)C,-1.9005552997077924,-1.5378939723633747,0.3626613273444177,0.3626613273444177
O=C(O)C1CCC(=O)N1CN1C(=O)CCC1C(=O)O,-1.309999936528155,-0.6950737623277492,0.6149261742004057,0.6149261742004057
C=C(C)C(=C)C,-2.401400117587877,-2.599162008841964,-0.19776189125408683,0.19776189125408683
CCCCCCCC(C(=O)O)C(=O)O,-2.041100027682698,-2.339318753436685,-0.298218725753987,0.298218725753987
CCCCCCCCCCOC(C)=O,-4.985758187663976,-4.750092270105972,0.2356659175580038,0.2356659175580038
C[C@H](O)[C@@H](C)O,1.045169192622628,0.7390233436059774,-0.30614584901665065,0.30614584901665065
CC(CCl)OC(C)CCl,-2.002700079556101,-1.5023926833752552,0.500307396180846,0.500307396180846
NC(=O)N=C(N)N,-0.7814000420579394,-1.265942115156915,-0.48454207309897557,0.48454207309897557
c1ccc2c(c1)Nc1c(ccc3ccccc13)S2,-5.895699937178865,-6.588482467164379,-0.6927825299855144,0.6927825299855144
C=C(C)C(=O)O,0.05627350240032891,-0.3539220354826984,-0.4101955378830273,0.4101955378830273
FC(F)=C(F)F,-2.8001000705091603,-1.7275629110695452,1.0725371594396151,1.0725371594396151
O=C1CN(O)C(c2ccccc2Cl)=c2cc(Cl)ccc2=N1,-4.465332849682705,-4.087126465213219,0.37820638446948607,0.37820638446948607
Cc1ccc(Sc2ccc(C(=O)c3ccccc3)cc2)cc1,-7.615407976999775,-6.550305848972345,1.06510212802743,1.06510212802743
CCC(C)(C)NC(N)=O,-1.0141999829069146,-0.6676499357777552,0.3465500471291594,0.3465500471291594
CCCCC1=NC(=O)C2(CCCC2)N1,-1.0196140996985892,-2.583225579624253,-1.563611479925664,1.563611479925664
Cc1nnc(-c2ccccc2)c(=O)n1N,-2.0506000609509516,-2.6655242605879117,-0.6149241996369601,0.6149241996369601
CCCCCCCCOC(N)=O,-3.299999923603626,-2.699219334686057,0.6007805889175692,0.6007805889175692
CN1CCC(=C2c3ccccc3C=Cc3ccccc32)CC1,-3.089999892377473,-3.7072574983223445,-0.6172576059448716,0.6172576059448716
CCCCCCCCCCCCCCCCO,-6.76970000196882,-5.6942192961165325,1.0754807058522875,1.0754807058522875
CC(C)(C)C(=O)C(Oc1ccc(Cl)cc1)n1ccnc1,-3.703092531219538,-5.039197228054746,-1.3361046968352084,1.3361046968352084
O=C(OCCCc1ccccc1)c1ccccc1,-4.80097377421563,-5.497241749125006,-0.6962679749093761,0.6962679749093761
O=C(O)CCSCCC(=O)O,-0.7991433330053734,-0.972856709654927,-0.17371337664955355,0.17371337664955355
O=S1(=O)NCc2ccccc21,-1.5207999723476453,-2.010019309631028,-0.48921933728338285,0.48921933728338285
NC(=O)CC(N)C(=O)O,-0.7400001192615755,0.13510243281509915,0.8751025520766746,0.8751025520766746
CCn1nc2cc(-c3cc4c5c(n(CC)nc5c3)-c3ccccc3C4=O)cc3c2c1-c1ccccc1C3=O,-4.393183663139991,-5.525159080359668,-1.1319754172196763,1.1319754172196763
CNC(C)=O,1.136112137865957,0.506293669980316,-0.6298184678856411,0.6298184678856411
c1ccc2sc(SN(C3CCCCC3)C3CCCCC3)nc2c1,-6.7885997062115635,-6.284477861983744,0.5041218442278197,0.5041218442278197
O=C(O)COCCOCC(=O)O,0.6709251441933697,0.25189636269122717,-0.4190287815021425,0.4190287815021425
CCCC(C(=O)O)C(=O)O,0.6802998267270102,-0.5477223056247014,-1.2280221323517115,1.2280221323517115
CN[C@@H](CC(C)C)C(=O)O,-0.5146000251468332,-0.7890910347678397,-0.2744910096210065,0.2744910096210065
C#CCOC(=O)/C=C(C)/C=C/CC(C)CCCC(C)C,-4.723899754085439,-5.317167009936936,-0.5932672558514973,0.5932672558514973
Cc1cc(CCC(=O)OCC(C)(C)C2OCC3(CO2)COC(C(C)(C)COC(=O)CCc2cc(C)c(O)c(C(C)(C)C)c2)OC3)cc(C(C)(C)C)c1O,-8.267742732300182,-5.703599698075326,2.5641430342248555,2.5641430342248555
Cc1ccc(C(=O)OC(C)C)cc1N=Nc1c(O)c(C(=O)Nc2cc(Cl)c(NC(=O)c3cc4ccccc4c(N=Nc4cc(C(=O)OC(C)C)ccc4C)c3O)cc2Cl)cc2ccccc12,-7.007487553905171,-7.761082825072128,-0.7535952711669571,0.7535952711669571
O=C(CCc1ccc(O)cc1)c1c(O)cc(O)cc1O[C@@H]1O[C@H](CO)[C@@H](O)[C@H](O)[C@H]1O,-2.639897593171398,-2.5854118298891544,0.05448576328224375,0.05448576328224375
CCCCC(NC(N)=O)C(=O)O,-2.1600000677831845,-1.3032911869999628,0.8567088807832217,0.8567088807832217
OCC(CO)(CBr)CBr,-1.1304018161028722,-0.48022001584236573,0.6501818002605064,0.6501818002605064
FC(F)(F)C(Cl)Cl,-1.8623000394198983,-2.7686980943892734,-0.9063980549693751,0.9063980549693751
CCC(=O)O,1.1303047425065889,0.3023618467093674,-0.8279428957972215,0.8279428957972215
CC(C)(C)CCCCC1(C(=O)OC(C)(C)CC(C)(C)C)OO1,-6.971234024332585,-6.204369959163232,0.7668640651693526,0.7668640651693526
C#CCN1C(=O)COc2cc(F)c(N3C(=O)C4=C(CCCC4)C3=O)cc21,-5.296599820908387,-4.445161118050479,0.8514387028579078,0.8514387028579078
CC(=O)OC[C@@H](OC(C)=O)[C@@H](OC(C)=O)[C@H](OC(C)=O)[C@H](C=O)OC(C)=O,-2.4154000447723867,-1.225875635482038,1.1895244092903487,1.1895244092903487
NS(=O)(=O)c1cc2c(cc1C(F)(F)F)NC=NS2(=O)=O,-0.8186000003166298,-2.5823402943165745,-1.7637402939999447,1.7637402939999447
BrC=CBr,-1.3200000790553608,-1.780561283369922,-0.46056120431456127,0.46056120431456127
CCCCCCS(=O)(=O)NS(=O)(=O)CCCCCC,-2.2000000250964553,-3.0691795081422435,-0.8691794830457882,0.8691794830457882
ICI,-2.33450006965652,-2.907352041688008,-0.5728519720314882,0.5728519720314882
CCCCc1ccc2[n-]nnc2c1,0.40402544587244593,-2.556437426327027,-2.960462872199473,2.960462872199473
ClC(Cl)C(Cl)C(Cl)Cl,-2.7223000408485545,-3.089943498164576,-0.36764345731602166,0.36764345731602166
NC(=O)C(Cl)Cl,-0.25580012225749105,-0.819259913037905,-0.563459790780414,0.563459790780414
CC(C)CC(Br)C(=O)NC(C)C(=O)NC(C)C(=O)O,-1.4300000127331522,-0.7206069103341641,0.7093931023989881,0.7093931023989881
CCCC(=O)OC,-0.8331001048484863,-0.6160323961215655,0.21706770872692083,0.21706770872692083
CC(=O)NCCO,0.986700053986199,0.7908595831858918,-0.1958404708003072,0.1958404708003072
c1ccc2c(c1)ccc1ccc3ccccc3c12,-7.820699934042926,-6.7599189678957075,1.0607809661472185,1.0607809661472185
OCC(F)(F)F,0.9998304923705965,0.01807210003262938,-0.9817583923379671,0.9817583923379671
C#CCO,1.2513160675494288,0.45450727110531064,-0.7968087964441182,0.7968087964441182
O=C([O-])CN(CCN(CC(=O)[O-])CC(=O)[O-])CCN(CC(=O)[O-])CC(=O)[O-],0.20129851483382133,-0.14542910682867305,-0.3467276216624944,0.3467276216624944
CCCCCCCCCCCCCCCCCCNC(=O)NCCCNC(=O)NCCCCCCCCCCCCCCCCCC,-5.8229188903334865,-5.840786919219981,-0.01786802888649408,0.01786802888649408
C=CC(C)(CCC=C(C)C)OC(C)=O,-3.8157767817693427,-3.5836604824471903,0.2321162993221524,0.2321162993221524
Fc1ccc(C(c2ccccc2)(c2ccccc2F)n2ccnc2)cc1,-8.399999264255415,-5.28011684614655,3.1198824181088654,3.1198824181088654
CCCCC(C(=O)OCC)C(=O)OCC,-2.816496351722466,-3.0838162235269833,-0.2673198718045171,0.2673198718045171
COP(=O)(NC(C)=O)SC,0.5399998765309926,-0.28903788065274316,-0.8290377571837357,0.8290377571837357
CC(C)N(C(=O)SCC(Cl)=C(Cl)Cl)C(C)C,-4.881800145776844,-4.47882551832682,0.4029746274500239,0.4029746274500239
CCOC(=O)CO[N+](=O)[O-],-1.711099954295745,-1.6267939934126117,0.08430596088313336,0.08430596088313336
Nc1ccc2c(O)c(N=Nc3ccc(N=Nc4ccc(S(=O)(=O)[O-])cc4)cc3)c(S(=O)(=O)[O-])cc2c1,-0.46035427345584967,-0.8222966554408013,-0.36194238198495166,0.36194238198495166
CC(CC(C)(C)C)CC(C)(C)CC(C)(C)C,-3.3549685187146716,-4.916330630433562,-1.56136211171889,1.56136211171889
C=CCOC(=O)CCCCC,-2.6105518355046655,-3.1897755875990557,-0.5792237520943901,0.5792237520943901
CCCCC(CC)COC(=O)OOC(C)(C)C,-4.6599582149914855,-5.867848243156678,-1.2078900281651928,1.2078900281651928
CCCCOCCOCCOCCO,0.6855001459593781,-0.23422699528588442,-0.9197271412452626,0.9197271412452626
CCOC(=O)C1=C(COCCN2C(=O)c3ccccc3C2=O)NC(C)=C(C(=O)OC)C1c1ccccc1Cl,-4.501126646414386,-4.5021129748997755,-0.000986328485389265,0.000986328485389265
C=CCCl,-1.3561999549729358,-1.4194923393119736,-0.06329238433903783,0.06329238433903783
Cc1cn(C2CC(N=[N+]=[N-])C(COC(=O)c3ccncc3)O2)c(=O)[nH]c1=O,-2.720000014876137,-2.463946253121181,0.2560537617549561,0.2560537617549561
CC(C)CO[N+](=O)[O-],-1.9521000528700654,-2.215628967123774,-0.2635289142537087,0.2635289142537087
O=C(C(F)(F)C(F)(F)F)C(F)(C(F)(F)F)C(F)(F)F,-1.4997435001148989,-4.477464567493881,-2.977721067378982,2.977721067378982
COc1ccc(C(=O)c2coc(S(N)(=O)=O)c2)cc1,-4.148099826917722,-3.076763831870822,1.0713359950469,1.0713359950469
COC(=O)C=C(C)C,-1.4140004655735698,-1.0722330834637883,0.3417673821097815,0.3417673821097815
CC(C)(c1ccccc1)c1cc(-n2nc3ccccc3n2)c(O)c(C(C)(C)c2ccccc2)c1,-7.0488123071138045,-6.138326395148602,0.9104859119652025,0.9104859119652025
CC/C=C(\C)C=O,-1.0573697954346886,-0.9767667538080378,0.08060304162665077,0.08060304162665077
CCCCCCCCCCCCCCCCCC,-5.578671383863117,-7.501163548974185,-1.922492165111068,1.922492165111068
Nc1ccc(C#Cc2ccc(N)cc2)cc1,-2.432599990330244,-2.354465970071616,0.07813402025862803,0.07813402025862803
O=[N+]([O-])C(Cl)([N+](=O)[O-])[N+](=O)[O-],-1.9258999790377227,-1.5823017680832892,0.34359821095443355,0.34359821095443355
[O-][S+](CCCl)CC[S+]([O-])CCCl,-2.039999991578187,-0.7442700786689844,1.2957299129092026,1.2957299129092026
CCCC(C)(COC(N)=O)COC(N)=O,-1.7400000734192727,-1.6628056730072807,0.07719440041199199,0.07719440041199199
CCOC(=O)N(CC)CC,-1.0651000070599268,-0.2877224128674527,0.7773775941924741,0.7773775941924741
CCCCCCCCCCCCCCCCCC(=O)OCCCC,-7.116029442699205,-7.130276803109995,-0.014247360410790222,0.014247360410790222
C=CCCCCCC=O,-1.9972522590090576,-2.5610616496519754,-0.5638093906429178,0.5638093906429178
CCS(=O)(=O)CCSP(=S)(OC)OC,-2.5415000921687083,-3.21754470742059,-0.6760446152518815,0.6760446152518815
CC(C)CCCCCCCCCCCCCCC(=O)OCC(COC(=O)CCCCCCCCCCCCCCC(C)C)OC(=O)CCCCCCCCCCCCCCC(C)C,-8.45876009357467,-7.789845541815184,0.6689145517594852,0.6689145517594852
CCO[Si](CCCSSCCC[Si](OCC)(OCC)OCC)(OCC)OCC,-5.676541642381574,-5.193726427148568,0.4828152152330061,0.4828152152330061
CCCCOC(=O)CCC(C)(OOC(C)(C)C)OOC(C)(C)C,-5.189881203147197,-5.156324518711246,0.0335566844359505,0.0335566844359505
COc1cncnc1N1CCN(CCc2c[nH]c3ccc(CS(=O)(=O)N(C)C)cc23)CC1,-3.759999926347105,-2.9259756474903083,0.8340242788567966,0.8340242788567966
CCCC[O-],-1.7373355021817178,-0.17122480368498882,1.566110698496729,1.566110698496729
C1=Cc2cccc3cccc1c23,-3.9755999216382225,-6.199964367673614,-2.2243644460353913,2.2243644460353913
C=C(C)C(=O)OC(C)(C)C,-2.486375557611739,-1.7378788475712943,0.7484967100404445,0.7484967100404445
CC1=CCCN1C,0.12649987267717266,-0.09023801586589997,-0.21673788854307263,0.21673788854307263
C[C@H](CC(=O)O)C(=O)O,0.6310996974356731,0.11503759996252771,-0.5160620974731454,0.5160620974731454
CCOC(C)OCC,-0.429100066174525,-0.1775692803016229,0.2515307858729021,0.2515307858729021
C=C(Cl)C(N)=O,-0.21040014245024485,-0.43501340707602143,-0.22461326462577658,0.22461326462577658
Oc1cncc2cccnc12,-1.6576000428801274,-1.0446845189747336,0.6129155239053938,0.6129155239053938
CC(C)(CO)[N+](=O)[O-],1.4680999838473077,-0.10867308490332128,-1.576773068750629,1.576773068750629
O=C(OCCCOCCCOC(=O)c1ccccc1)c1ccccc1,-4.595502336164092,-4.895972472776693,-0.300470136612601,0.300470136612601
CN(C)c1ccc(C(O)(c2ccc(N(C)C)cc2)c2ccc(Nc3ccccc3)c3ccccc23)cc1,-6.989135552709264,-5.069871458390154,1.91926409431911,1.91926409431911
CCC(C)C1NC(=O)C(Cc2ccccc2)NC(=O)C2CCCN2C(=O)C(Cc2ccccc2)N(C)C(=O)C2CCCCN2C(=O)C2CCCCN2C1=O,-5.57000019062335,-2.7776248233742895,2.7923753672490608,2.7923753672490608
O=C1NC(=O)C2(CCCCCCCCC2)C(=O)N1,-4.590000112989696,-2.7954378368378796,1.794562276151816,1.794562276151816
NC(N)=S,0.1885161443230472,-0.23526084947076287,-0.42377699379381006,0.42377699379381006
CN(C)C(=S)[S-],-2.540910957333707,-1.5332896989380684,1.0076212583956388,1.0076212583956388
O=C1CCCCCCCCCCC1,-3.845829909768445,-2.948803422288654,0.8970264874797911,0.8970264874797911
CCCCOCCOC(C)=O,-1.2503999858328183,-1.1262945879587576,0.12410539787406072,0.12410539787406072
CCN(CC)CC(C)O,0.10211115440860263,0.542428998099731,0.44031784369112836,0.44031784369112836
C/C=C\C,-1.930199965427187,-1.9291928018930247,0.0010071635341624141,0.0010071635341624141
CCOc1nc2cccc(C(=O)O)c2n1Cc1ccc(-c2ccccc2-c2nn[nH]n2)cc1,-6.497781099545388,-4.286290058204463,2.211491041340925,2.211491041340925
Nc1ncc2ncn(CCC3COC(=O)OC3)c2n1,-1.4300000127331522,-2.125471489601517,-0.695471476868365,0.695471476868365
COC1=CC(=N/N(O)c2ccc(N/N=C3/C(=O)c4c(O)cc(S(=O)(=O)[O-])cc4C=C3S(=O)(=O)[O-])c(OC)c2)/C=CC/1=N/N=C1\C(=O)c2c(O)cc(S(=O)(=O)[O-])cc2C=C1S(=O)(=O)[O-],-0.9094796233529028,-0.342612280772145,0.5668673425807578,0.5668673425807578
CCCCCCCCCC(C)=O,-4.201820821350878,-4.446145540060818,-0.24432471870994021,0.24432471870994021
C=C(C)C(=O)OCCCCOC(=O)C(=C)C,-2.969024637161716,-2.248754788198166,0.7202698489635497,0.7202698489635497
COP(=O)(CCC(=O)NCO)OC,1.5784906087337949,0.4581864956004429,-1.120304113133352,1.120304113133352
O=C(NCCCCCCNC(=O)OCCCCO)OCCCCO,-1.9299999898120008,-1.188800687515987,0.7411993022960137,0.7411993022960137
CCCCCCCCCCCCCCCO,-6.347599889159282,-5.492163171942332,0.8554367172169499,0.8554367172169499
ClCCl,-0.6300000494069944,-1.3218230777346243,-0.6918230283276299,0.6918230283276299
Nc1c(-c2nc3cc4c(cc3o2)C(=O)c2ccccc2C4=O)ccc2c1C(=O)c1ccccc1C2=O,-5.496412704831336,-6.075492518059365,-0.579079813228029,0.579079813228029
CC(O)CO,1.1185998027532906,1.1021591789729466,-0.016440623780344055,0.016440623780344055
CCCCCCC(O)C(O)C(=O)O,-1.5469000243281974,-1.3379445031206907,0.2089555212075067,0.2089555212075067
O=[N+]([O-])N1CN([N+](=O)[O-])CN([N+](=O)[O-])CN([N+](=O)[O-])C1,-4.825116557202602,-2.4497815520215367,2.375335005181065,2.375335005181065
O=C1CCCCCCCCCCCCN1,-2.6259999347557037,-2.310862434469706,0.3151375002859975,0.3151375002859975
O=C1NCCN1/N=C/c1ccc([N+](=O)[O-])o1,-3.3571998775410505,-3.370607129294035,-0.013407251752984628,0.013407251752984628
C=CCCC=C,-2.6867000917765385,-2.796979664491296,-0.11027957271475763,0.11027957271475763
c1ccc2c(c1)-c1cccc3cc4c(ccc5ccccc54)c-2c13,-8.480600127053435,-7.015480586733888,1.465119540319547,1.465119540319547
Nc1nc(=O)c2[nH]c(=O)c(=O)[nH]c2[nH]1,-5.165500110778831,-3.6269761062721795,1.5385240045066517,1.5385240045066517
CC12CCC(=O)C=C1CCC1C2CCC2(C)C(OC(=O)Cc3ccccc3)CCC12,-4.659999748912243,-5.473716936408183,-0.8137171874959392,0.8137171874959392
CCCCCCC(CO)CCCC,-5.270303674351146,-4.131358048167692,1.138945626183454,1.138945626183454
CCCCCCCCCCCCCCCCCCCCCCCCO,-5.549815522196134,-6.616749772747715,-1.066934250551581,1.066934250551581
CCCCCCCCCCCCCCCCCC(=O)OC(CCCCCC)CCCCCCCCCCC(=O)OCCCCCCCCCCCCCC(C)C,-8.75537166086054,-7.905053284448758,0.8503183764117814,0.8503183764117814
Cc1cccc(C)c1N(Cn1cccn1)C(=O)CCl,-2.8101999625345777,-3.016005969935493,-0.20580600740091537,0.20580600740091537
CCC(=O)C(C)CC=C(C)C,-2.701095340180582,-2.987952172535786,-0.2868568323552041,0.2868568323552041
NCCCC[C@H](N)C(=O)O,0.43734790623068465,0.4879435752594605,0.05059566902877588,0.05059566902877588
C=CCC(C(=O)NC(N)=O)C(C)C,-2.746900071450026,-1.9054065297406166,0.8414935417094094,0.8414935417094094
C/C(=N\NC(=O)Nc1cc(F)cc(F)c1)c1ncccc1C(=O)O,-3.7248000646822508,-3.855009314786133,-0.1302092501038823,0.1302092501038823
O=C(NC1CC1)c1cc(N2CC2)c([N+](=O)[O-])cc1[N+](=O)[O-],-3.3900000658678673,-4.668538986843114,-1.2785389209752465,1.2785389209752465
CCCCCCCC/C=C\CCCCCCCCNCCCNCCCN,-3.7183913807094298,-3.887197831019308,-0.1688064503098783,0.1688064503098783
CC(O)C(=O)N(C)C,1.6302350651576751,0.7311942676316585,-0.8990407975260166,0.8990407975260166
ClCCN(Cl)CCCl,-1.9203000490169557,-2.297639259691749,-0.3773392106747935,0.3773392106747935
CCO,1.2336681003545524,1.330018625903667,0.09635052554911461,0.09635052554911461
N#CCCC#N,0.17524081383476275,0.4908509497124576,0.3156101358776948,0.3156101358776948
CC(C)CC(C)CO,-1.600700069387581,-1.143826941059461,0.45687312832812,0.45687312832812
CC(C)CCOCC(O)COCCC(C)C,-1.3661999613233522,-2.348818173909386,-0.9826182125860339,0.9826182125860339
NCCNCCNCCNCCN,0.7229999655082557,0.4083839201929438,-0.31461604531531195,0.31461604531531195
CC(C)CC(C)(O)C#CC(C)(O)CC(C)C,-2.124350822713417,-1.4250773579743048,0.6992734647391123,0.6992734647391123
CC(C)(C)c1ccc(CSc2cnn(C(C)(C)C)c(=O)c2Cl)cc1,-7.482999744101184,-6.2615070164460676,1.2214927276551162,1.2214927276551162
CC(=O)OCC(C)OC(C)=O,-0.204600100637502,-0.36346421546726093,-0.15886411482975893,0.15886411482975893
COP(=S)(OC)SSP(=S)(OC)OC,-4.398099781412949,-4.936352839951062,-0.5382530585381131,0.5382530585381131
CCCCOCCOP(=O)(OCCOCCCC)OCCOCCCC,-2.778562298436493,-2.687883910650708,0.09067838778578485,0.09067838778578485
C[Si](C)(C)CCN,-1.8070000070256311,-1.389586282245388,0.4174137247802432,0.4174137247802432
Nc1ccccc1C(=O)OCC=Cc1ccccc1,-6.039999944385765,-4.957907991586472,1.082091952799293,1.082091952799293
C=C(C)C,-2.3290691350313577,-2.3181367262041417,0.010932408827216022,0.010932408827216022
CC=CCCCC,-3.819999896361209,-3.6307023117596438,0.1892975846015652,0.1892975846015652
C=CCCCCCCC,-5.051999888907137,-4.950272150476266,0.10172773843087057,0.10172773843087057
N#CCCCC#N,1.0262997196271244,0.5717522185078234,-0.454547501119301,0.454547501119301
CCOCC,-0.08890021508715318,0.1059216533286853,0.19482186841583848,0.19482186841583848
CCCCCCCCCCC=O,-3.1520232877716414,-4.50038938527675,-1.3483660975051088,1.3483660975051088
ClCCOCCOCCCl,-0.9955001861909629,-1.845429096985153,-0.8499289107941901,0.8499289107941901
C#CC(C)(C)N,1.031656097460108,0.7240918310054045,-0.30756426645470336,0.30756426645470336
O=C(Nc1ccccc1)n1cc(F)c(=O)[nH]c1=O,-1.618400056115996,-3.5405278461829135,-1.9221277900669176,1.9221277900669176
CNCCC(=O)O,-0.054300144091068425,0.29723342882178594,0.35153357291285436,0.35153357291285436
C=CC(=O)OC(C)(C)C,-1.8045937631575066,-1.655576591966915,0.14901717119059166,0.14901717119059166
Cc1cccc(C)c1NC(=O)C[NH+]1CC[NH2+]CC1,0.443282763064901,-1.1042708519911335,-1.5475536150560345,1.5475536150560345
CN1c2ccccc2C(O)(c2ccccc2)c2ccccc21,-3.9030999436860982,-3.8442783114303913,0.05882163225570691,0.05882163225570691
C=CC(=O)OCCOC,0.04394160470878239,-0.7481080853005193,-0.7920496900093017,0.7920496900093017
CC(C)(C)COC(N)=O,-0.8000000211872846,-1.24849405548883,-0.44849403430154533,0.44849403430154533
C=C1C=CC(=O)O1,-0.9826999765207818,-0.5943470594755196,0.3883529170452622,0.3883529170452622
CC(Cl)Cl,-1.2913001398122035,-1.4630366380105086,-0.17173649819830517,0.17173649819830517
Cc1ccc(S(=O)(=O)Oc2ccc(N=Nc3ccc(N=Nc4ccc(Nc5ccc([N+](=O)[O-])cc5S(=O)(=O)[O-])cc4)c4ccc(S(=O)(=O)[O-])cc34)cc2)cc1,-1.570984796002899,-2.405944200872283,-0.834959404869384,0.834959404869384
C#CC(C)(O)CC/C=C(\C)CC,-2.3027680180213044,-2.018659182209241,0.28410883581206337,0.28410883581206337
CCCCOCCC(=O)OC,-1.2909000524050416,-1.238000680630535,0.05289937177450654,0.05289937177450654
CCCCOC(=O)CCCCCCCCC(=O)OCCCC,-3.8954999170714952,-5.649595796362259,-1.7540958792907642,1.7540958792907642
CCCC[NH+](C)C,-0.6670325102147627,-0.06005306873468941,0.6069794414800733,0.6069794414800733
C1CC2C3CC(C2C1)C1(CCCO1)C3,-5.94156101159491,-5.553828924532375,0.3877320870625347,0.3877320870625347
CCCCC(CC)C(=O)OOC(C)(C)CCC(C)(C)OOC(=O)C(CC)CCCC,-7.188495921161143,-6.286492189052067,0.9020037321090761,0.9020037321090761
CCC(N)(CO)CO,0.9015783941347544,1.0225823656309694,0.121003971496215,0.121003971496215
O=C(O)CCCC1CCCC2NC(=O)NC12,-0.9600001227939479,-1.7634705515971374,-0.8034704288031895,0.8034704288031895
NCCCCC(=O)O,0.9312997954749576,0.2557147598650933,-0.6755850356098643,0.6755850356098643
CCCCCCCCC(CO)CCCCCC,-5.384616735478576,-5.611411007562863,-0.2267942720842866,0.2267942720842866
CN1CSC(=S)N(C)C1,-1.7331001316788084,-2.4239883063474297,-0.6908881746686213,0.6908881746686213
O=C(O)Cc1sc(-c2ccccc2)nc1-c1ccc(Cl)cc1,-4.964399675312412,-4.520636695027075,0.4437629802853378,0.4437629802853378
CCCCCCC(O)CCCCCCCCCCC(=O)[O-],-5.913832966097469,-4.34187007007767,1.5719628960197989,1.5719628960197989
CC12CCCC1C1CCC3CC(=O)C(=O)CC3(C)C1CC2,-3.759999926347105,-4.904182571407662,-1.1441826450605572,1.1441826450605572
CC(C)=CCC/C(C)=C\CO,-2.3206012537381158,-2.5817447251282757,-0.2611434713901599,0.2611434713901599
O=c1[nH]c2c(c(=O)n1C1CCCCC1)CCC2,-4.591599917911186,-3.11111386525953,1.480486052651656,1.480486052651656
O=S(=O)([O-])C(F)(F)C(F)(F)C(F)(F)C(F)(F)F,-0.8645163625091579,-1.3670928725312352,-0.5025765100220774,0.5025765100220774
CCC#N,0.27179996222518765,-0.02303749384880316,-0.2948374560739908,0.2948374560739908
Cl/C=C\Cl,-1.2999999301777385,-1.436775625064924,-0.13677569488718544,0.13677569488718544
CCC(C)C1(CC)C(=O)[N-]C(=O)NC1=O,0.15279996836130572,-1.6424168755728035,-1.7952168439341092,1.7952168439341092
O=P(O)(O)CN(CCCCCCN(CP(=O)(O)O)CP(=O)(O)O)CP(=O)(O)O,-1.516100102816203,-0.3713047302918868,1.1447953725243163,1.1447953725243163
CC[S+]([O-])CCSP(=O)(OC)OC,0.6086000235892093,-0.8977059143209742,-1.5063059379101835,1.5063059379101835
CCCCCCCC/C=C/CCCCCCCC(=O)N(CCO)CCO,-5.567720318815758,-4.226564007802172,1.3411563110135862,1.3411563110135862
O=NN(CCO)CCO,0.87239979347697,0.5487631252803729,-0.3236366681965972,0.3236366681965972
CCS[S+]([O-])CC,-0.09930003649115271,-0.37130827088841034,-0.27200823439725763,0.27200823439725763
CC(O)C(C)Cl,-0.21220012725210502,-0.21430705453719945,-0.0021069272850944287,0.0021069272850944287
CC(C)=CCC/C(C)=C/CO,-2.3519093870280297,-2.581744657039881,-0.22983527001185156,0.22983527001185156
CCCCCCCCCCSC(=N)N,-2.7100000425699178,-3.18229201767251,-0.47229197510259224,0.47229197510259224
CN(C)CCCN,0.9906295714201891,1.083618981454134,0.09298941003394479,0.09298941003394479
CC(C)COC(=O)[C@@H](C)O,-0.41285744344592157,-0.4613039703848987,-0.04844652693897711,0.04844652693897711
CCCCCCCCCC(C)(C)SSc1n[nH]c(=S)s1,-3.9885639519860128,-5.359733423111023,-1.3711694711250102,1.3711694711250102
CC(C)(C)CC(C)(C)c1cc(Cc2cc(C(C)(C)CC(C)(C)C)cc(-n3nc4ccccc4n3)c2O)c(O)c(-n2nc3ccccc3n2)c1,-7.973715255769349,-6.339997956069628,1.633717299699721,1.633717299699721
CC(=O)NCC(=O)O,-0.6489999797667121,0.22969627778137225,0.8786962575480843,0.8786962575480843
COc1ccc2cc(C(C)C(=O)OC3COC4C(O)COC34)ccc2c1,-3.9799999298794773,-4.09229151465714,-0.1122915847776631,0.1122915847776631
CCSC(=S)NCC(=O)O,-1.0882000843707118,-1.8784459766280508,-0.790245892257339,0.790245892257339
O=C(O)CCS,0.7549176261073787,0.03892512414206095,-0.7159925019653177,0.7159925019653177
COC(=O)CCCCC(=O)OC,-1.462900052690773,-1.0745769583623825,0.3883230943283904,0.3883230943283904
O=C=O,-1.4747999976064454,-0.6346967868722815,0.8401032107341639,0.8401032107341639
COCCOCCOCCOCCOC,0.6530974236365279,0.3988534514122666,-0.2542439722242613,0.2542439722242613
N[C@@H](CS/C(Cl)=C/Cl)C(=O)O,-1.4895001458418826,-1.8369967578339357,-0.34749661199205306,0.34749661199205306
C/C=C(\C)C(=O)OCCC(C)CCC=C(C)C,-5.791792689234168,-5.238788279987815,0.5530044092463529,0.5530044092463529
CCN(Cc1cccc(S(=O)(=O)[O-])c1)c1ccc(N=Nc2ccc(N=Nc3cccc(S(=O)(=O)[O-])c3)c3ccccc23)cc1,0.17154361400343365,-1.4973802881122145,-1.6689239021156481,1.6689239021156481
C/C(Cl)=C/Cl,-1.6138001403479496,-1.5473525397992658,0.06644760054868382,0.06644760054868382
CCC(C)C(C)O,-0.721600183835811,-0.8399184766921195,-0.11831829285630846,0.11831829285630846
NC(CSCCCCCSCC(N)C(=O)O)C(=O)O,-2.9100000674456545,-2.206906979941572,0.7030930875040826,0.7030930875040826
C=CCOCC(O)CS(=O)(=O)[O-],0.553839795987995,0.311188009135436,-0.24265178685255906,0.24265178685255906
CCCCCCCC/C=C/CCCCCCCC(=O)NCCCN(C)C,-4.149259508455976,-4.315025948120013,-0.16576643966403726,0.16576643966403726
CC(C)CC(=O)CC(C)C,-2.4540579117380457,-3.271547349498355,-0.8174894377603095,0.8174894377603095
O=C(Oc1ccccc1)c1ccccc1C(=O)Oc1ccccc1,-6.589099620373792,-5.497708835512537,1.0913907848612556,1.0913907848612556
CC(CC(=O)O)CC(C)(C)C,-2.354220851850754,-2.167767864202288,0.18645298764846618,0.18645298764846618
CCC(C)(CCC(C)C)C(=O)[O-],-2.7160174906268857,-2.6401444476463243,0.07587304298056141,0.07587304298056141
CCCCOCCOCCO,0.7899000815280077,-0.2554302660975689,-1.0453303476255766,1.0453303476255766
CCCCCO[N+](=O)[O-],-2.568000061335436,-2.998803062532467,-0.43080300119703097,0.43080300119703097
C=CCN(CC=C)CC=C,-1.7395000322487149,-1.780396781808366,-0.04089674955965106,0.04089674955965106
COP(=O)(OC)OC,0.5525997701440142,0.5986806338980983,0.046080863754084156,0.046080863754084156
CCS(=O)(=O)CI,-0.9714000265390625,-1.600007201883279,-0.6286071753442164,0.6286071753442164
CCCCCCCCCCCCCCCCCCCCCC(=O)OCC(CO)(CO)COC(=O)CCCCCCCCCCCCCCCCCCCCC,-8.348749946637675,-6.923491531394638,1.4252584152430368,1.4252584152430368
CCCCCCCCCC(=O)O,-6.27998920265261,-3.4024601740066034,2.8775290286460065,2.8775290286460065
CCCCCCCO,-1.842499934245857,-1.7599735316461789,0.08252640259967814,0.08252640259967814
CN(C)C(=O)C(CCN1CCC(O)(c2ccc(Cl)cc2)CC1)(c1ccccc1)c1ccccc1,-4.673121335805332,-3.931478029087585,0.741643306717747,0.741643306717747
CC(=O)OO,1.1188996640434774,0.7656219388124041,-0.35327772523107326,0.35327772523107326
CCCCCCC(CCC)(CCC)C(=O)NO,-2.8199999251814134,-4.791409125060822,-1.9714091998794085,1.9714091998794085
C=CC(C)(CCC=C(C)C)OC(=O)C(C)C,-4.810584995832402,-4.963460872526513,-0.15287587669411096,0.15287587669411096
ClCCCCCl,-0.9200000973922822,-2.018396497182551,-1.098396399790269,1.098396399790269
CC(O)C([N+](=O)[O-])[N+](=O)[O-],0.07890009301448275,-0.9420679546396609,-1.0209680476541436,1.0209680476541436
[O-]c1ccccc1N=Cc1c([O-])ccc2ccccc12,-7.432469167577727,-4.937919009205578,2.4945501583721494,2.4945501583721494
COP(=O)(OC)C(O)C(Cl)(Cl)Cl,-0.331500254759753,-0.506745075582534,-0.17524482082278103,0.17524482082278103
c1ccc2c(c1)ccc1cc3c(ccc4ccccc43)cc12,-8.66789986197819,-7.141105309046923,1.5267945529312676,1.5267945529312676
CC(=O)CCCC(C)CCCC(C)CCCC(C)C,-5.474677527480382,-5.86032256906907,-0.3856450415886883,0.3856450415886883
CCCBr,-1.7107563802561705,-2.0942923157311344,-0.3835359354749639,0.3835359354749639
C[Si]1(C)O[Si](C)(C)O[Si](C)(C)O[Si](C)(C)O[Si](C)(C)O1,-7.338699736894284,-3.026628048881839,4.312071688012445,4.312071688012445
CC(C)CC(NC(=S)Nc1ccccc1)C(=O)NC1CCOC1O,-2.369999860699956,-3.4035178931738184,-1.0335180324738622,1.0335180324738622
CCCCCCCCCCCC(=O)O,-4.61958356724227,-4.063904237322371,0.555679329919899,0.555679329919899
BrC(Br)Br,-1.9112999888308653,-2.7059801718361824,-0.7946801830053172,0.7946801830053172
O=C(O)CC(O)C(=O)O,0.6399996676815785,0.4595237516720321,-0.18047591600954638,0.18047591600954638
S=c1[nH]sc(=S)[nH]1,-1.7618000709219657,-2.099011658543456,-0.3372115876214905,0.3372115876214905
CCCCCCOC,-2.2450852322550787,-2.2059646365591488,0.03912059569592996,0.03912059569592996
Nc1ccccc1C=Nc1ccccc1O,-3.6400000544072917,-4.200844433771112,-0.5608443793638207,0.5608443793638207
CC1(O)CC(C)(O)OO1,0.5714406460137504,0.5451879398523176,-0.026252706161432826,0.026252706161432826
Cc1ccc(-c2nc3ccc(C)cn3c2CC(=O)N(C)C)cc1,-1.2999999301777385,-4.2288984865023,-2.9288985563245613,2.9288985563245613
CC(Cl)C(C)Cl,-2.354099994950191,-1.9244470407835657,0.4296529541666252,0.4296529541666252
C=CCN=C=S,-1.6953000423093754,-2.321790213286084,-0.6264901709767086,0.6264901709767086
O=C(OCC1CCC2OC2C1)C1CCC2OC2C1,-1.2604846941462213,-1.7372315992914302,-0.4767469051452089,0.4767469051452089
C[C@]12CC[C@@H]3C4=C(CC[C@H]3[C@@H]1CC[C@@H]2O)CC(=O)CC4,-4.94702855553032,-4.005903546841367,0.9411250086889531,0.9411250086889531
OC(C(F)(F)F)C(F)(F)F,0.0201103942158829,-1.5692832670197516,-1.5893936612356345,1.5893936612356345
CCOC(F)(C(F)(F)C(F)(F)C(F)(F)F)C(F)(C(F)(F)F)C(F)(F)F,-7.288733749339544,-5.125479250328392,2.1632544990111517,2.1632544990111517
CCCCCO,-0.6027998251451421,-0.27989006865018906,0.322909756494953,0.322909756494953
O=C1CCCCCCCCCCCC(=O)OCCO1,-4.261695304453579,-1.9092412681292068,2.3524540363243727,2.3524540363243727
FC(F)(Cl)CCl,-2.2007000418821994,-2.564147551875833,-0.36344750999363384,0.36344750999363384
CCC(=O)OC(C)C,-1.2905999187612756,-0.9239580757752499,0.36664184298602565,0.36664184298602565
O=C([O-])C(Br)(Br)Br,-0.17129997327271962,-0.4322403029373407,-0.2609403296646211,0.2609403296646211
CCC(Cl)(CC)C(N)=O,-1.0289001311423518,-0.7751299179683002,0.2537702131740516,0.2537702131740516
O=C1/C(=N\Nc2ccccc2S(=O)(=O)[O-])C(S(=O)(=O)[O-])=Cc2cc(S(=O)(=O)[O-])cc(Nc3nc(Cl)nc(Nc4ccc(Nc5nc(Cl)nc(Nc6cc(S(=O)(=O)[O-])cc7c6C(=O)/C(=N\Nc6ccccc6S(=O)(=O)[O-])C(S(=O)(=O)[O-])=C7)n5)cc4)n3)c21,-0.6303807997100663,0.3123817348710318,0.9427625345810982,0.9427625345810982
CCI,-1.600900113091162,-1.9258375419797977,-0.32493742888863575,0.32493742888863575
N#CCCN(CCC#N)C(CCC(=O)O)C(=O)O,-0.2275001342447065,-0.4909126173435059,-0.2634124830987994,0.2634124830987994
N#CN,0.3392091070835961,0.15872583752742386,-0.18048326955617222,0.18048326955617222
O=C(O)CC(O)(CC(=O)O)C(=O)[O-],0.42524805378822084,0.5590327616737372,0.13378470788551633,0.13378470788551633
CCOCCOC(C)(C)C,-0.6879154932178548,-1.576428190804288,-0.8885126975864333,0.8885126975864333
NCCN(CCN)CCN,0.5339097781568971,1.037422367429087,0.5035125892721899,0.5035125892721899
CCCCCCCCCCCCCCCCCOC(=O)/C=C/C(=O)OCCCCCCCCCCCCCCCCC,-7.074076914491586,-7.397492159228673,-0.3234152447370864,0.3234152447370864
Cn1c(=O)c2nc3c(=O)n(C)c(=O)n(C)c3nc2n(C)c1=O,-3.309999912931944,-2.273590302512651,1.0364096104192932,1.0364096104192932
O=C1NC2C(O)C(O)C(O)C(O)C2c2cc3c(c(O)c21)OCO3,-3.799999883660376,-3.060288653230176,0.7397112304302,0.7397112304302
CC(C)C(C)(C)O,-0.4109999920389482,-0.3036373942408379,0.1073625977981103,0.1073625977981103
CS(C)(=O)=O,0.19999993297041252,-0.22974405537990483,-0.42974398835031735,0.42974398835031735
CSc1ccc2c(c1)N(CCC1CCCCN1C)c1ccccc1S2,-5.820000077030182,-4.839603997293048,0.980396079737134,0.980396079737134
CCCCCCCCCCCCS,-7.573831296730811,-5.6918097840054624,1.8820215127253483,1.8820215127253483
CC1(C)NC(=O)N(Cc2ccccc2)C1=O,-1.7999999753449818,-2.836770386167704,-1.0367704108227223,1.0367704108227223
NC(=S)NC(N)=S,-1.699599960610445,-0.8437543044950244,0.8558456561154206,0.8558456561154206
NC(N)=NCCS(=O)(=O)O,-0.632100167852621,-0.7281276820573552,-0.09602751420473421,0.09602751420473421
CCCCOP(=O)(O)OCCCC,-1.0872512045023988,-1.1322837793319316,-0.04503257482953282,0.04503257482953282
CCC(Br)C(=O)O,-0.37759991091076994,-0.5863632866684791,-0.2087633757577092,0.2087633757577092
ON=C1C=CC(=NO)c2ncccc21,-3.799799839956795,-2.6408700656684694,1.1589297742883256,1.1589297742883256
CCCCCCCC(=O)OC,-3.1700000538244457,-3.2571899922859533,-0.08718993846150758,0.08718993846150758
O=P(OC(Cl)CCCl)(OC(Cl)CCCl)OC(Cl)CCCl,-3.634399852032946,-4.679435308821148,-1.0450354567882019,1.0450354567882019
CC1=NN(c2ccccc2)C(=O)/C1=C/C1C(=O)N(c2ccccc2)N=C1C,-7.882270907587568,-5.275993957671659,2.606276949915909,2.606276949915909
CCCOC(C)=O,-0.7200001065607426,-0.36723467841126967,0.352765428149473,0.352765428149473
CCCCCCCCCCCCCCCCCCCCCC(=O)NCCCN(C)C,-6.628141233531889,-5.308746109636026,1.3193951238958634,1.3193951238958634
Nc1nc(Cl)nc(Nc2ccc(S(=O)(=O)[O-])c(N/N=C3/C(=O)c4c(cc(S(=O)(=O)[O-])c(N=Nc5cc(S(=O)(=O)[O-])ccc5S(=O)(=O)[O-])c4N)C=C3S(=O)(=O)[O-])c2)n1,-0.5908004711732313,0.5580392158185115,1.1488396869917428,1.1488396869917428
CCCN(CCC)CCC,-2.4722201846221665,-1.772552590210427,0.6996675944117394,0.6996675944117394
CCCCCCCCN,-2.749999999883189,-1.9187159044262432,0.8312840954569458,0.8312840954569458
O=C([O-])CCl,0.8486241431141326,-0.2537776245818044,-1.102401767695937,1.102401767695937
COC(=O)C(C)N(C(=O)Cc1ccccc1)c1c(C)cccc1C,-3.944200005192275,-3.943062043851925,0.0011379613403499356,0.0011379613403499356
Cc1c(Cl)ccc(OC(C)C(=O)Nc2ccccc2)c1Cl,-7.005699825014354,-5.905818144982453,1.099881680031901,1.099881680031901
CCCCCCCCCC(C)O,-2.941800096831912,-3.9861456564720292,-1.0443455596401172,1.0443455596401172
N#CC(Cl)(Cl)Cl,-2.1679999775397647,-1.5779898662247551,0.5900101113150096,0.5900101113150096
C=CC(C)(CCC=C(C)C)OC=O,-4.04059022627549,-3.770386334337352,0.270203891938138,0.270203891938138
CN(/C(N)=N/[N+](=O)[O-])[N+](=O)[O-],-0.6104001241133235,-1.9187355138839122,-1.3083353897705887,1.3083353897705887
C=CCCCCCCCCC(=O)OC,-5.397515128613891,-4.2837223086641485,1.1137928199497429,1.1137928199497429
COC(=O)C(C)OC(C)=O,-0.26170011783362934,-0.26008560581888807,0.0016145120147412761,0.0016145120147412761
CC(=O)OC(C)(C)C1CCC(C)C2=C(C1)C(C)CC2,-5.022602452148838,-4.493045779556526,0.529556672592312,0.529556672592312
Cc1nnc(SCC2=C(C(=O)O)N3C(=O)C(NC(=O)Cn4cnnn4)C3SC2)s1,-2.619999883283578,-3.1950488635463272,-0.5750489802627494,0.5750489802627494
CC(C)=CCCC(C)CCCC(C)C=O,-5.496890413008437,-4.696745285224814,0.8001451277836225,0.8001451277836225
COc1ccc(-c2cc(=O)c3c(O)cc(O[C@@H]4O[C@H](CO[C@@H]5O[C@@H](C)[C@H](O)[C@@H](O)[C@H]5O)[C@@H](O)[C@H](O)[C@H]4O)cc3o2)cc1O,-7.505541632752353,-3.1804244125836796,4.325117220168673,4.325117220168673
CC/C=C/CCCCCCCCCCCCCCOCC,-4.799983905133717,-6.199819747923305,-1.3998358427895878,1.3998358427895878
CCCCl,-1.4534068963503826,-1.4677934294399064,-0.014386533089523867,0.014386533089523867
CC(C#N)CCC#N,-0.31550084377695997,0.5027133098342644,0.8182141536112244,0.8182141536112244
CCC(CC)(C(=O)NC(N)=O)C(=O)OC(C)C,-2.7699999615177258,-1.853241559391169,0.9167584021265567,0.9167584021265567
O=C(c1ccc(F)cc1)C1CCNCC1,0.5890194353996283,-2.180623634002531,-2.7696430694021594,2.7696430694021594
CC1CC(OC(=O)c2ccccc2)CC(C)(C)N1,-1.9220000800554202,-2.3980893874847733,-0.47608930742935307,0.47608930742935307
CC(C)NC(=O)N1CC(=O)N(c2cc(Cl)cc(Cl)c2)C1=O,-4.375699925153092,-3.8451653670363317,0.5305345581167602,0.5305345581167602
O=C1OCCCN1/N=C/c1ccc([N+](=O)[O-])o1,-3.4756998642785724,-3.3614637770813327,0.11423608719723966,0.11423608719723966
CC(C)C(C)(C)C,-4.360000103106907,-3.814759541152767,0.5452405619541403,0.5452405619541403
C/C=C/C#N,-0.4286999787673631,-0.7338095224169265,-0.30510954364956344,0.30510954364956344
CCc1cccc2c3c([nH]c12)C(CC)(CC(=O)O)OCC3,-3.309999912931944,-3.8094796946754084,-0.4994797817434642,0.4994797817434642
O=C(Nc1ccccc1)N(Cc1ccc(Cl)cc1)C1CCCC1,-5.91499972882877,-5.976115327189768,-0.061115598360998113,0.061115598360998113
O=C1OC2(c3ccc(O)cc3Oc3cc(O)ccc32)c2ccccc21,-3.8225998517122086,-4.461677728479291,-0.6390778767670824,0.6390778767670824
CCCCC(O)CC,-1.4630999602175645,-0.9950175756494444,0.4680823845681201,0.4680823845681201
CC/C(N=O)=C(/CC)NO,-2.5525000106392532,-0.9945645154712186,1.5579354951680346,1.5579354951680346
CCOCCOCCOC,0.8291456875165775,0.3025647501255251,-0.5265809373910524,0.5265809373910524
CSCC[C@@H](NC(C)=O)C(=O)[O-],-0.32159992981915364,-1.0139702526632512,-0.6923703228440976,0.6923703228440976
CCC(=O)OC(C)C(=O)OC,-0.8622001314988053,-0.6040965005334997,0.25810363096530553,0.25810363096530553
ClC=C(Cl)Cl,-1.9600000769516448,-2.055623146091958,-0.09562306914031304,0.09562306914031304
C=CCOC(=O)OCCOCCOC(=O)OCC=C,-2.0652647351327587,-2.2334170602349097,-0.16815232510215106,0.16815232510215106
CCCCCCCC(=O)OCC(C)(C)COC(=O)CCCCCCC,-6.8531464149574655,-6.548530103638991,0.30461631131847433,0.30461631131847433
NS(=O)(=O)c1nnc(NC(=O)c2c(F)c(F)c(F)c(F)c2F)s1,-1.370000110807443,-3.664193018541146,-2.294192907733703,2.294192907733703
CC(=O)CC/C=C(\C)CCC=C(C)C,-3.697448479919016,-3.5468941451300435,0.15055433478897262,0.15055433478897262
CCOP(=S)([S-])OCC,0.6814774836014608,-0.8832537440189752,-1.564731227620436,1.564731227620436
CCOc1ccc([Si](C)(C)CCCc2ccc(F)c(Oc3ccccc3)c2)cc1,-8.611300430659778,-7.219477502510154,1.3918229281496242,1.3918229281496242
CC(=O)OCCC(C)CC(C)(C)C,-3.989167896046858,-3.6328340232204033,0.3563338728264549,0.3563338728264549
O=C1NC(=O)C(c2ccccc2)(c2ccccc2)C(=O)N1,-4.199999729146666,-3.220585177663095,0.9794145514835706,0.9794145514835706
CCCCCCCCCCCCCCC(=O)O,-4.309999935178036,-4.927456818832048,-0.617456883654012,0.617456883654012
O=c1[nH]ccc2cccnc12,-1.1428000318908405,-1.0098848128054354,0.13291521908540505,0.13291521908540505
NNC(=O)C(N)CO,0.5104625862100143,0.5803651280817421,0.06990254187172784,0.06990254187172784
Cc1cccc2sc3nncn3c12,-2.0729000996242024,-3.736037237164071,-1.6631371375398687,1.6631371375398687
C#CCCCC#C,-1.7469999689231326,-0.9998559369756732,0.7471440319474594,0.7471440319474594
CCCC(C)C(=O)OCC,-2.4896905432395102,-2.120491095883978,0.36919944735553223,0.36919944735553223
Nc1nc(=O)[nH]c2[nH]cnc12,-3.3800000935616485,-3.0638841630440448,0.3161159305176038,0.3161159305176038
O=C(OCC1CO1)c1ccc(C(=O)OCC2CO2)cc1,-3.5579600072108395,-3.020633955144248,0.5373260520665917,0.5373260520665917
CCCCNCC,-0.4404999699196397,-0.32996145703989965,0.11053851287974004,0.11053851287974004
NC(CSCC(N)C(=O)O)C(=O)O,-2.559999947313671,-0.6886699126309512,1.8713300346827197,1.8713300346827197
NC(=O)CBr,0.06430003471923085,0.23628641732602507,0.17198638260679422,0.17198638260679422
Nc1ccc(S(=O)(=O)c2cnc(N)s2)cc1,-2.805000051832578,-2.7729689729900104,0.032031078842567506,0.032031078842567506
CCCCCCCC(=O)N(C)C,-1.6002483709772488,-2.2168013131034394,-0.6165529421261906,0.6165529421261906
CC(CCO)CCO,0.9274705041579421,0.6502592269925294,-0.2772112771654127,0.2772112771654127
FCF,-1.43744180191851,-0.9604294882108237,0.47701231370768626,0.47701231370768626
O=C(O)c1ccc(P(=O)(O)c2ccccc2)cc1,-4.070000123210015,-1.9746637298075318,2.095336393402483,2.095336393402483
CCOP(=O)(SC(C)CC)N1CCSC1=O,-1.4588999956798905,-2.3532008876983914,-0.8943008920185009,0.8943008920185009
O=c1oc(-c2ccccc2)nc2ccccc12,-4.608399776061882,-4.643124857350606,-0.03472508128872409,0.03472508128872409
CCCCC(NC(C)=O)C(=O)O,-0.6823001071314945,-1.1063061502850209,-0.4240060431535264,0.4240060431535264
CCCCCCOC(CO)CO,-1.055812341494692,-1.36722319371866,-0.311410852223968,0.311410852223968
Cc1nn(-c2ccccc2)c([O-])c1N=Nc1c([O-])cc(S(=O)(=O)[O-])c2ccccc12,-1.212102987358983,-2.1275276229441777,-0.9154246355851947,0.9154246355851947
FC(F)(F)C(Cl)Br,-1.7043001024954658,-2.9705845933502175,-1.2662844908547517,1.2662844908547517
C/C=C/CC,-2.544904716168081,-2.4193614275750885,0.12554328859299257,0.12554328859299257
CCOCCC(=O)OC,-0.07189990470250862,-0.14016097155520013,-0.06826106685269151,0.06826106685269151
CCCCCCCCCCCCCCO,-5.787142524230845,-5.2682877131613495,0.5188548110694953,0.5188548110694953
CCCCCCCCCCCCCCCC,-8.400699212952764,-7.36796848658663,1.0327307263661343,1.0327307263661343
CC(C)(C)c1ccc(C(O)CCCN2CCC(C(O)(c3ccccc3)c3ccccc3)CC2)cc1,-6.689999812455676,-4.040553050011992,2.6494467624436844,2.6494467624436844
c1ccc(-c2ccc(-c3ccccc3)cc2)cc1,-6.183335547570364,-5.368849369744865,0.8144861778254988,0.8144861778254988
Nc1c(S(=O)(=O)[O-])cc(NC2CCC(Nc3nc(F)nc(Nc4cc(S(=O)(=O)[O-])ccc4S(=O)(=O)[O-])n3)CC2)c2c1C(=O)c1ccccc1C2=O,-0.7569465036376304,-0.30895128491553825,0.44799521872209214,0.44799521872209214
COc1ccsc1CN(C(=O)CCl)c1c(C)cccc1C,-4.468900136856977,-4.821062165652762,-0.3521620287957852,0.3521620287957852
CCCCCCO[N+](=O)[O-],-3.1264998678946165,-3.5615288604181896,-0.4350289925235731,0.4350289925235731
ClC1=C(Cl)C2(Cl)C3C4CC(C5OC45)C3C1(Cl)C2(Cl)Cl,-6.290800005606921,-5.749535942079103,0.5412640635278185,0.5412640635278185
CC1=CC2OC3CC(O)C(C)(C2(CO)CC1)C31CO1,-2.6099998769331614,-3.3932779433205362,-0.7832780663873748,0.7832780663873748
CCCNCCC,-0.46108254692538697,-0.15701257688585546,0.3040699700395315,0.3040699700395315
O=C([O-])CCCCCCCCC(=O)[O-],-1.544206311257718,-2.0794523139330163,-0.5352460026752983,0.5352460026752983
S=c1nc[nH]c2nccnc12,-2.6470999495168503,-1.6853358504545626,0.9617640990622878,0.9617640990622878
OCC(O)C(O)c1nn(-c2ccccc2)c2nc3ccccc3nc12,-3.1300000880001253,-3.4675672161965556,-0.3375671281964303,0.3375671281964303
CC1=CCCC2(C)C(OC=O)C(C)CCC12C,-5.031142098610077,-4.468979936455547,0.5621621621545305,0.5621621621545305
CCCC(=O)NNC(=O)CCC,-1.0000000120188242,-1.1825809488384138,-0.18258093681958965,0.18258093681958965
Nc1c(N=Nc2cc(Nc3nc(Cl)nc(Nc4cccc(S(=O)(=O)CCOS(=O)(=O)[O-])c4)n3)ccc2S(=O)(=O)[O-])c(S(=O)(=O)[O-])cc2cc(S(=O)(=O)[O-])c(N=Nc3ccc4c(S(=O)(=O)[O-])cccc4c3S(=O)(=O)[O-])c(O)c12,-1.27702118638628,0.6873407114444698,1.9643618978307498,1.9643618978307498
CCCCCCCCCCCCNc1nc(Cl)nc(Nc2ccc3c(O)c(N=Nc4ccc(N=Nc5ccc(S(=O)(=O)[O-])cc5)cc4)c(S(=O)(=O)[O-])cc3c2)n1,-3.35891124529723,-2.52583938690527,0.8330718583919601,0.8330718583919601
O=C(OCc1ccccc1)n1cc(F)c(=O)[nH]c1=O,-2.8199999251814134,-3.1815706636860823,-0.3615707385046689,0.3615707385046689
CN1C(=O)CCS(=O)(=O)C1c1ccc(Cl)cc1,-2.039400132821023,-3.0314805555720636,-0.9920804227510405,0.9920804227510405
CCCCCCCCCCCC(=O)OCCS(=O)(=O)[O-],-2.4084791998947543,-1.603373628293234,0.8051055716015203,0.8051055716015203
C/C=C/CCCC,-3.815999907438721,-3.6307022436712493,0.18529766376747192,0.18529766376747192
C/C(=C\CO)CCC[C@H](C)CCC[C@H](C)CCCC(C)C,-4.861741032349426,-5.525802651866218,-0.6640616195167928,0.6640616195167928
C[Si]([O-])(O)O,0.8786633810807198,0.9992917769918592,0.12062839591113939,0.12062839591113939
COc1ccc2cc(C(C)C(=O)OC3CCCCC3=O)ccc2c1,-5.589999930970604,-5.3407196027187895,0.2492803282518148,0.2492803282518148
c1ccc(C(c2ccccc2)(c2ccccc2)N2CCOCC2)cc1,-7.21679999447761,-4.9840572033879855,2.232742791089624,2.232742791089624
CN(C(=S)SSC(=S)N(C)c1ccccc1)c1ccccc1,-6.2607697553084325,-5.7037644719904605,0.5570052833179719,0.5570052833179719
C#CC(C)(CC)OC(N)=O,-0.9456001082022767,-0.940718851187397,0.004881257014879736,0.004881257014879736
CCOC(C)(C)CC,-1.4719351103117309,-1.6250047665771115,-0.1530696562653806,0.1530696562653806
O=C(O)C1=CC(=O)C(=O)C(=C(O)O)O1,-1.377000006311303,-1.0584893048200792,0.31851070149122385,0.31851070149122385
CCC(C)NCCO,0.6667006678336094,0.1627441422280813,-0.5039565256055281,0.5039565256055281
CC(C)=CC=C(C)C,-3.536999914100768,-3.336852375717949,0.20014753838281907,0.20014753838281907
CC(C)(C)CCCO,-1.5401999901145247,-1.5065595569531127,0.033640433161411964,0.033640433161411964
CC[C@H]1OC[C@@H](COc2ccc(Oc3ccccc3)cc2)O1,-4.787399671851473,-4.37536860702456,0.41203106482691254,0.41203106482691254
c1ccc2ocnc2c1,-1.154800066746698,-0.9836175357275403,0.1711825310191577,0.1711825310191577
Cc1cc(=O)n(O)c2ccc3ccccc3c12,-3.99999994258031,-4.380748134911736,-0.38074819233142554,0.38074819233142554
C#CC,-1.0416999322821652,-0.9548651684204761,0.08683476386168909,0.08683476386168909
CCCC(N)C(=O)O,-0.10999999153891826,-0.21654198800429958,-0.10654199646538132,0.10654199646538132
CCCCCl,-2.0299999852277706,-2.149322037198507,-0.11932205197073653,0.11932205197073653
CC(C)CCCCCCCCCCCCCCC(=O)O,-6.6557420899080615,-5.583108568367869,1.072633521540192,1.072633521540192
CCOCCc1ccc(OCCNc2ncnc(CC)c2Cl)c(C)c1C,-5.240899973460538,-3.709953798751822,1.5309461747087156,1.5309461747087156
CCOCCOC(=O)CCCCCCCCC(=O)OCCOCC,-3.1972000312658677,-3.2243374950499204,-0.027137463784052684,0.027137463784052684
CCCCCCCC(=O)O,-2.7500004765019517,-2.4219882778419883,0.32801219865996334,0.32801219865996334
NS(=O)(=O)c1cc2c(s1)C(O)CC[S+]2[O-],-1.5700001016389824,-1.2918892406030076,0.2781108610359748,0.2781108610359748
CC1c2nc3ccccc3c(=O)n2CN1Cc1ccccc1,-3.99999994258031,-3.2823069670019622,0.7176929755783479,0.7176929755783479
C=CC(C)(CCC=C(C)C)OC(=O)CC,-4.3823580169156395,-4.324038672747514,0.05831934416812512,0.05831934416812512
CCCl,-1.0507488799356384,-1.1401428141999115,-0.08939393426427311,0.08939393426427311
CC(C)CCCCCCOC(=O)CCCCC(=O)OCCCCCCC(C)C,-6.600567612513591,-6.843923161013602,-0.24335554850001095,0.24335554850001095
O=C(NC(=O)c1c(F)cccc1F)Nc1ccc(Cl)c(Oc2ncc(C(F)(F)F)cc2Cl)c1,-7.40329955458804,-6.709901505514585,0.6933980490734548,0.6933980490734548
C#CC1(O)CCC2C3CCC4=Cc5oncc5CC4(C)C3CCC21C,-5.510000152520851,-5.077161410455367,0.432838742065484,0.432838742065484
C#CCC(NC(=O)OC(C)(C)C)C(=O)NCC(=O)OC,-1.450000025433985,-1.9706236368205754,-0.5206236113865903,0.5206236113865903
O=P(OCCCl)(OCCCl)OCC(CCl)(CCl)COP(=O)(OCCCl)OCCCl,-3.4001752977020026,-4.053161795116322,-0.6529864974143198,0.6529864974143198
C=CCNC(N)=S,-0.2939998905037178,-0.7610187343468775,-0.4670188438431597,0.4670188438431597
O=C([O-])O,0.08504248327569552,-0.5401541443788105,-0.625196627654506,0.625196627654506
CCC(=O)NCCNC(=O)CC,0.37459982051874885,-0.3812736883343275,-0.7558735088530764,0.7558735088530764
NC(CO)C(=O)O,-0.019999934385170448,0.2702450956441891,0.29024503002935953,0.29024503002935953
O=C(O)CCCCC1SCC2NC(=O)NC21,-3.0459999817817334,-2.2199407328055187,0.8260592489762146,0.8260592489762146
CC(C)(C)CC(C)(C)c1ccc(OCCOCC[N+](C)(C)Cc2ccccc2)cc1,0.07290940369662557,-1.878283381541546,-1.9511927852381716,1.9511927852381716
CCCCCCCC/C=C/CCCCCCCC(=O)OCCCCCCCCCCCC,-6.955005836343655,-7.297637532535552,-0.34263169619189693,0.34263169619189693
O=CC(O)CO,-0.4890001505136281,0.7909423786738272,1.2799425291874553,1.2799425291874553
CCNC(C)CC,-0.21000005504308294,-0.02547015601406466,0.18452989902901829,0.18452989902901829
CCC(OCCCOC)OC(C)=O,-0.016848531125626565,-0.8755630236626533,-0.8587144925370267,0.8587144925370267
C=C(C)C(=O)OCC(F)(F)F,-2.2684757746575848,-2.7132254579144828,-0.444749683256898,0.444749683256898
CC12CCC(=O)C=C1CCC1C2C2CC3(C(O)O2)C(C(=O)CO)CCC13,-3.8499998473240638,-3.8940066704876855,-0.0440068231636217,0.0440068231636217
CCCCCCCCNC(=O)C(C)O,-2.282700053102577,-2.3039968092801626,-0.02129675617758542,0.02129675617758542
CCNP(=S)(OC)OC(C)=CC(=O)OC(C)C,-3.407999947930667,-2.2422861183496288,1.1657138295810383,1.1657138295810383
CCCCCCCCCCOC(=O)C(CC)CCCC,-8.19398665964293,-7.424814942600955,0.7691717170419743,0.7691717170419743
CNC(=O)/C=C(\C)OP(=O)(OC)OC,0.6513998437802719,-0.054706767984119775,-0.7061066117643917,0.7061066117643917
CCC(C)(CC)OC(N)=O,-1.5599001415251703,-1.34919052709382,0.21070961443135028,0.21070961443135028
C1CCOCOC1,0.4107896193539107,0.4485424553774333,0.03775283602352264,0.03775283602352264
ClC(Cl)=C(Cl)Cl,-2.7399999935327726,-2.7734317357644787,-0.033431742231706085,0.033431742231706085
COCC(C)C,-0.9007001695655878,-0.7897514921962725,0.11094867736931535,0.11094867736931535
CN(C)CCCOC1(Cc2ccccc2)CCCCCC1,-1.6199999972142753,-3.8768780815674564,-2.256878084353181,2.256878084353181
C=CC(=O)NC(C)(C)CC(C)(C)C,-2.2588293513407613,-1.8613846590417698,0.3974446922989916,0.3974446922989916
O=C(NCCc1c[nH]cn1)c1ccccc1,-0.6340001064178771,-1.8690873629555556,-1.2350872565376785,1.2350872565376785
CC(C)(C)C(C)(C)C,-4.869999746094199,-3.413806424096707,1.4561933219974916,1.4561933219974916
C=CC(=C)C,-2.025733225974912,-2.206495317507314,-0.1807620915324022,0.1807620915324022
CCNC(=O)CSP(=S)(OC)OC,-1.4567000596476578,-2.3758845363872907,-0.9191844767396329,0.9191844767396329
CCCCCCCCCCCCOC(=O)/C=C/C(=O)OCCCCCCCCCCCC,-6.479738219661345,-7.070869951101981,-0.5911317314406359,0.5911317314406359
CC1(C)SC2C(N=CN3CCCCCC3)C(=O)N2C1C(=O)O,-4.4999999196591585,-4.222211933790774,0.27778798586838427,0.27778798586838427
CCCCCN(CCCCC)CCCCC,-4.032599848894165,-5.810850903259734,-1.778251054365569,1.778251054365569
O=C1NC(=O)C2CCCC12,0.1553573684656282,-1.0043282550920822,-1.1596856235577104,1.1596856235577104
C=C(C)C(=O)OCCCCCC,-3.7554208456278317,-3.549811494532862,0.20560935109496992,0.20560935109496992
CCCC1CCC(C2CCC(c3ccc(-c4cc(F)c(F)c(F)c4)c(F)c3)CC2)CC1,-6.636031044354266,-6.461899604961355,0.17413143939291142,0.17413143939291142
O=P(Oc1ccccc1)(N1CCOCC1)N1CCOCC1,0.3924997147739555,-1.161854024435937,-1.5543537392098925,1.5543537392098925
C=C(C)C#N,-0.40670851669881936,-0.29101298880573,0.11569552789308934,0.11569552789308934
CCC(=O)N(c1ccccc1)C1CCN(CCc2ccccc2)CC1,-3.819999896361209,-2.9904541146426387,0.8295457817185703,0.8295457817185703
CCCCCCCCCCCCCCCCCC(=O)NCCNCCNC(=O)CCCCCCCCCCCCCCCCC,-7.138082456676543,-5.811826473778764,1.326255982897779,1.326255982897779
CCCCCCCCCCCCCCCOC(=O)/C=C/C(=O)OCCCCCCCCCCCCCCC,-6.553787617122893,-7.28916951506552,-0.7353818979426272,0.7353818979426272
CC(O)CNCCN,0.9274999183444455,0.8021657972999217,-0.1253341210445238,0.1253341210445238
O=C1CCC2CCCCC2O1,-0.5865601983059046,-1.7076126028968315,-1.121052404590927,1.121052404590927
O=C([O-])C(Cl)(Cl)Cl,0.731962849430849,-0.5819285533459357,-1.3138914027767847,1.3138914027767847
CCCCCC(N)C(=O)O,-0.940000110093115,-0.9594904130713449,-0.019490302978229845,0.019490302978229845
CCCCOP(=S)([S-])OCCCC,-2.508383973690559,-1.9631437181341946,0.5452402555563645,0.5452402555563645
Cc1cc(O)c(C(C)(C)C)cc1C(C)CC(c1cc(C(C)(C)C)c(O)cc1C)c1cc(C(C)(C)C)c(O)cc1C,-7.134192702865047,-6.5406993935432,0.5934933093218469,0.5934933093218469
CSC,-0.9312188860075379,-1.1557007400315749,-0.22448185402403698,0.22448185402403698
CC(C)CC(C)OC(=O)CC(C(=O)OC(C)CC(C)C)S(=O)(=O)[O-],0.10962566199948265,-0.9882889443100042,-1.097914606309487,1.097914606309487
Cc1cc(=O)[nH]o1,-0.06660017641390237,-0.6507100878875898,-0.5841099114736874,0.5841099114736874
ClCCOCCCl,-1.1200000882238215,-1.760417467979517,-0.6404173797556956,0.6404173797556956
C/C=C1\CC2C=CC1C2,-3.1767964075834483,-4.063370696661629,-0.8865742890781805,0.8865742890781805
C1CC[C@@H]2NCCC[C@H]2C1,-1.0830999912553185,-0.6251763951740172,0.4579235960813013,0.4579235960813013
CCN(CC)N=O,0.016099715415430094,-0.10791675901517372,-0.12401647443060382,0.12401647443060382
O=C(Nc1ccccn1)c1cccnc1,-2.9770998739604404,-1.1187623773852597,1.8583374965751807,1.8583374965751807
COc1ccc([C@@H]2CC(=O)c3c(O)cc(O[C@@H]4O[C@H](CO[C@@H]5O[C@@H](C)[C@H](O)[C@@H](O)[C@H]5O)[C@@H](O)[C@H](O)[C@H]4O)cc3O2)cc1O,-5.010485577607703,-2.8968741569395036,2.1136114206681995,2.1136114206681995
CC1(C)CON(Cc2ccccc2Cl)C1=O,-2.3383000148754265,-3.1382321791825776,-0.7999321643071511,0.7999321643071511
CCC(C)(OO)OOC(C)(CC)OO,-1.5077733006767458,-1.1557753649121483,0.3519979357645975,0.3519979357645975
CCCCCCCCCCCC(=O)NCCC[N+](C)(C)CC(=O)[O-],-3.1367509076451827,-1.960999342232024,1.1757515654131587,1.1757515654131587
CCC(COC(=O)CCCCCCCCCCCCCCC(C)C)(COC(=O)CCCCCCCCCCCCCCC(C)C)COC(=O)CCCCCCCCCCCCCCC(C)C,-7.271182467665119,-7.909275854333467,-0.6380933866683485,0.6380933866683485
C=CCO,1.235999991695682,0.842105632560687,-0.39389435913499504,0.39389435913499504
Cc1cccc(Cc2ccccc2)c1Cc1ccccc1,-7.179920051673934,-5.766793081888494,1.4131269697854396,1.4131269697854396
CCOP(=S)(OCC)SC[S+]([O-])C(C)(C)C,-2.4421000235984973,-2.5976191258184294,-0.15551910221993204,0.15551910221993204
CS/C(C)=N/OC(=O)N(C)SN(C)C(=O)O/N=C(\C)SC,-4.005499782660892,-2.7840235664414865,1.2214762162194055,1.2214762162194055
O=C1CCc2cccc3c2N1CC3,-1.6364999940747835,-2.3455112567563847,-0.7090112626816012,0.7090112626816012
CC(C)CC(NC(=O)CC(O)C(CC(C)C)NC(=O)C(Cc1c[nH]cn1)NC(=O)C(Cc1ccccc1)NC(=O)OC(C)(C)C)C(=O)NCC(N)c1ccccn1,-3.400000072218284,-2.9258902986875723,0.4741097735307118,0.4741097735307118
Cc1cnc(C(=O)NCCc2ccc(S(=O)(=O)NC(=O)NC3CCCCC3)cc2)cn1,-5.489999595112861,-3.897777133431694,1.592222461681167,1.592222461681167
Br/C=C/Br,-1.7415000607541562,-1.780561283369922,-0.039061222615765834,0.039061222615765834
CC1COCc2cc3c(cc21)C(C)(C)C(C)C3(C)C,-5.169299987909342,-5.875165566756554,-0.7058655788472112,0.7058655788472112
CCCCCC(=O)OC,-1.870000019797897,-1.810508193473318,0.059491826324578945,0.059491826324578945
NC(CO)CO,0.9744269846676601,1.2876657379353085,0.3132387532676484,0.3132387532676484
CNC(=O)N(C)C(=O)CC#N,0.1709000424968825,0.07425973273999453,-0.09664030975688798,0.09664030975688798
Cl/C=C/Cl,-1.1871804560760921,-1.4367758974185028,-0.24959544134241063,0.24959544134241063
CCN(CC)c1ccc2cc3c(oc2c1)c(C#N)c(=O)n1c2ccccc2nc31,-7.202332844728781,-6.833562013817783,0.36877083091099827,0.36877083091099827
CNc1cc(NS(C)(=O)=O)ccc1Nc1c2ccccc2nc2ccccc12,-2.9400000354306077,-4.424132289705975,-1.4841322542753672,1.4841322542753672
COc1cc(N=Nc2cc(S(=O)(=O)[O-])cc3cc(S(=O)(=O)[O-])cc(O)c23)c(C)cc1N=Nc1c(S(=O)(=O)[O-])cc2cc(S(=O)(=O)[O-])cc(Nc3nc(Nc4ccccc4)nc(Nc4ccc(N=Nc5ccc(O)c(C(=O)[O-])c5)cc4)n3)c2c1O,-2.483387940985607,-1.2799620603294615,1.2034258806561453,1.2034258806561453
C/C=C(\C)C=O,-0.5270000112330631,-0.6050037103042665,-0.07800369907120341,0.07800369907120341
Cc1cc2c(cc1NNC1C(=O)NC(=O)NC1=O)=NC(=O)N=2,-6.489139865199281,-6.121143063159048,0.3679968020402331,0.3679968020402331
CCC(O)C(Cl)(Cl)Cl,-0.9481001778782754,-0.9079570306709841,0.040143147207291285,0.040143147207291285
CCC(CC)C(=O)N(CC)CC,-1.0876000894367583,-1.4800931894091618,-0.39249309997240345,0.39249309997240345
O=C1CC=NC=N1,0.5859998512721925,0.16000045227590398,-0.42599939899628847,0.42599939899628847
CCOP(=S)(OCC)SCSCC,-3.716599906956905,-4.488374915681219,-0.771775008724314,0.771775008724314
ClC1=C(Cl)C2(Cl)C3C(Cl)C(Cl)CC3C1(Cl)C2(Cl)Cl,-6.86439979247722,-6.865601144113022,-0.0012013516358013732,0.0012013516358013732
[NH3+]CCCCCCCC[NH3+],0.36214209547382703,0.4519468751116218,0.08980477963779476,0.08980477963779476
C=COCCOCCOC=C,-1.053070285663987,-0.8987201590481835,0.1543501266158036,0.1543501266158036
O=C(OCCc1ccccc1)c1ccccc1O,-4.489105095625808,-4.262930019402775,0.2261750762230328,0.2261750762230328
CCC(CC)C(=O)OCCOCCOCCOC(=O)C(CC)CC,-3.2385999881064294,-3.610735560239614,-0.3721355721331845,0.3721355721331845
CCCC(C)C=O,-1.3774493897162159,-1.2578186249639836,0.11963076475223233,0.11963076475223233
CCCCC(C)(O)CC,-1.7356000651780177,-1.1224691095918444,0.6131309555861733,0.6131309555861733
CC(=O)Nc1ccc(S(=O)(=O)[O-])c2c1C(=O)/C(=N\Nc1ccc(N=Nc3ccc(S(=O)(=O)[O-])cc3)c3ccc(S(=O)(=O)[O-])cc13)C(S(=O)(=O)[O-])=C2,-1.4612448238160103,0.629821542090669,2.0910663659066793,2.0910663659066793
CSSC,-1.496899992576115,-1.455500478310119,0.041399514265995974,0.041399514265995974
CN(C)c1nc(=O)n(C2CCCCC2)c(=O)n1C,-0.8833999978907556,-2.298393406751267,-1.4149934088605112,1.4149934088605112
CCCOC=O,-0.48999996050116446,-0.6066691524382315,-0.11666919193706704,0.11666919193706704
CC(=O)OCCCOC(C)=O,-0.204600100637502,-0.4678774963612491,-0.2632773957237471,0.2632773957237471
CCCCCCCC/C=C\CCCCCCCC(=O)N(CCCC)CCCC,-4.788985178210079,-6.898421384472073,-2.109436206261994,2.109436206261994
N[C@@H](CSSC[C@H](N)C(=O)O)C(=O)O,-3.1599218564637845,-1.5181995403778825,1.641722316085902,1.641722316085902
CC=CCC#N,-0.9600001227939479,-0.9539360341866217,0.006064088607326212,0.006064088607326212
BrC(Br)(Br)Br,-3.140399909404125,-3.4061381048222366,-0.2657381954181117,0.2657381954181117
CC(C)[C@@H](O)C#N,0.304799955946204,0.08675749376099029,-0.21804246218521373,0.21804246218521373
Nc1ccc(N=Nc2ccc(NS(=O)(=O)c3ccc(N=Nc4c(S(=O)(=O)[O-])cc5cc(S(=O)(=O)[O-])c(N=Nc6ccc([N+](=O)[O-])cc6)c(N)c5c4O)cc3)cc2)c(N)c1,-0.5256788240226191,-2.4792240292529177,-1.9535452052302986,1.9535452052302986
O=C([O-])/C=C\C(=O)[O-],-2.0840678219434454,-0.9477064907802135,1.136361331163232,1.136361331163232
CC(=O)N1CCN(C(=O)/C=C/c2ccc(Sc3ccccc3C(C)C)c([N+](=O)[O-])c2)CC1,-2.7000000362195014,-4.421688052513617,-1.7216880162941157,1.7216880162941157
CC(Br)CCl,-1.8476000273612503,-1.8143979472848126,0.03320208007643766,0.03320208007643766
CC1CCc2cc(F)cc3c(=O)c(C(=O)O)cn1c23,-3.739999981734667,-4.405219240137874,-0.6652192584032068,0.6652192584032068
O=C(OCC(=O)N(C1CCCCC1)C1CCCCC1)c1ccccc1,-5.059999866752111,-4.72756849296779,0.3324313737843214,0.3324313737843214
Nc1nc(=O)c2nc(CNc3ccc(C(=O)NC(CCC(=O)O)C(=O)O)cc3)cnc2[nH]1,-5.4399998357143575,-3.3755391121629543,2.064460723551403,2.064460723551403
CC(C)(CC(=O)O)C(=O)O,-0.3200001248976636,-0.006654064319993491,0.3133460605776701,0.3133460605776701
O=c1c(C2CCCc3ccccc32)c(O)oc2ccccc12,-4.863800025404663,-5.109045980094674,-0.2452459546900112,0.2452459546900112
O=C1NC(=S)SC1=Cc1ccc(O)c(O)c1,-3.3399998979389958,-3.1815692763850407,0.15843062155395504,0.15843062155395504
COCC(C)OC(C)=O,0.08302325384295361,-0.0907603900299141,-0.1737836438728677,0.1737836438728677
CC(C(C)(C)C)C(C)(C)SSSC(C)(C)C(C)C(C)(C)C,-9.129965683638472,-6.612012726952775,2.517952956685697,2.517952956685697
CCCCCCCCCCCCCCC,-9.446399689091843,-7.281116564449482,2.165283124642361,2.165283124642361
CNCCO,1.1242960778525348,1.1570073767800921,0.03271129892755731,0.03271129892755731
NCCOCCN,0.9823282343403439,1.4017639120891165,0.41943567774877266,0.41943567774877266
CCOC(=O)CC#N,-0.32761240742330955,-0.4872091533798657,-0.15959674595655615,0.15959674595655615
CCCCC(=O)NCCNC(=O)CCCC,-1.8144999437000489,-1.6078678708727312,0.20663207282731766,0.20663207282731766
[N-]=[N+]=C1C(=O)NC(=O)NC1=O,-1.4717571272480274,-2.198336966056304,-0.7265798388082767,0.7265798388082767
CCO[Si](OCC)(OCC)OCC,-2.145565532375408,-2.359535287232612,-0.21396975485720393,0.21396975485720393
CC(C)(C)NC(N)=O,-0.7305998354915335,-0.49693544438365356,0.23366439110787995,0.23366439110787995
CC(SSC(C)C(=O)O)C(=O)O,-0.620000043056578,-0.5823063077596413,0.03769373529693665,0.03769373529693665
O=C(O)C(F)(F)F,0.9430112717141457,-0.032997191869566844,-0.9760084635837125,0.9760084635837125
O=c1[nH]c2nc[nH]c(=O)c2[nH]c1=O,-3.6900000180709793,-2.963935540322064,0.7260644777489151,0.7260644777489151
NC(=O)NC(=O)C=CC(=O)O,-1.9202000271651654,-1.1386862672608362,0.7815137599043291,0.7815137599043291
NS(=O)(=O)c1ccccc1-c1nc2ccccc2c(=O)[nH]1,-3.0799998987936306,-3.023523643636726,0.056476255156904465,0.056476255156904465
C=C/C=C/CC/C=C/CC,-3.341906509166931,-3.925727419449383,-0.5838209102824519,0.5838209102824519
CCBr,-1.0860000121616897,-1.5444229685296016,-0.45842295636791186,0.45842295636791186
O=C1C=CC=C2C(=O)C(NNc3cc(S(=O)(=O)[O-])ccc3O)=CC=C12,-0.9011961254324641,-1.8337332810767424,-0.9325371556442783,0.9325371556442783
N=C1C=CC2=CC(S(=O)(=O)[O-])=CC(=O)C2=C1NNc1ccccc1S(=O)(=O)c1ccccc1,-2.0888316945658905,-2.3244666319043135,-0.235634937338423,0.235634937338423
C=COCC(C)C,-1.5236000394906206,-1.55844250517178,-0.03484246568115945,0.03484246568115945
ClCC(Cl)CCl,-1.9255000278073502,-1.728972613193078,0.19652741461427214,0.19652741461427214
O=C([O-])c1cc(S(=O)(=O)[O-])ccc1NN/C(=N\Nc1cc(S(=O)(=O)[O-])cc([N-]c2nc(Cl)nc(N=C3C=C(S(=O)(=O)[O-])C(=Nc4nc(Cl)nc(Nc5cccc(S(=O)(=O)[O-])c5)n4)C=C3S(=O)(=O)[O-])n2)c1[O-])c1ccccc1,-0.825411427144005,-0.3699268935370661,0.45548453360693886,0.45548453360693886
C=CC,-1.0800000628221555,-1.7695328699062018,-0.6895328070840463,0.6895328070840463
C=C(C)C(=O)OCCCCCCOC(=O)C(=C)C,-4.043662987439173,-3.289933326803209,0.7537296606359645,0.7537296606359645
CCCCCC(=O)O,-1.0522194530840185,-1.2109373140419968,-0.15871786095797824,0.15871786095797824
O=C1c2ccccc2C(=O)N1SC1CCCCC1,-4.323794235410601,-5.665684539318878,-1.3418903039082775,1.3418903039082775
O=S(=O)(C1CCCCC1)C1CCCCC1,-2.0599999361906254,-3.3441115858729624,-1.284111649682337,1.284111649682337
CCC(CC)(C(=O)NC(N)=O)C(=O)OCC(=O)OC,-2.0099999725269377,-1.7575307923985037,0.252469180128434,0.252469180128434
C=C[Si](OC(=C)C)(OC(=C)C)OC(=C)C,0.6452231369681387,-2.073859397016902,-2.719082533985041,2.719082533985041
CCCCC(=O)CC(C)=O,-1.5599999591117766,-1.0093151852955113,0.5506847738162652,0.5506847738162652
CNNC,1.2210997997566637,0.9566755231128639,-0.26442427664379986,0.26442427664379986
CC(=O)N(C)N=O,-0.7684000610377559,0.30143802337029824,1.0698380844080542,1.0698380844080542
CC(C)COC(=O)C(C)(C)O,-0.7276001331753452,-0.6017493573919608,0.12585077578338444,0.12585077578338444
CCCC(Cl)CCCC(Cl)CCC(Cl)CCC(Cl)CCC(Cl)CCCC(Cl)CCC,-7.965810465500141,-7.124202773597045,0.8416076919030964,0.8416076919030964
CCOC(CC(C)O)OCC,0.09089971933997232,-0.33046204291761505,-0.42136176225758737,0.42136176225758737
CC(C)CCOCCC(C)C,-3.760106961303548,-4.490310260211711,-0.730203298908163,0.730203298908163
CCNCC,1.1358506784303715,0.7460438018050319,-0.3898068766253395,0.3898068766253395
CC(C)OC(C)(C)C,-2.366199983569444,-1.623546721693353,0.742653261876091,0.742653261876091
CCOCCOCC,-0.7700000021360354,0.09748577358094446,0.8674857757169798,0.8674857757169798
CN(C)P(=O)(OP(=O)(N(C)C)N(C)C)N(C)C,0.5432997124909469,1.296106247693888,0.7528065352029412,0.7528065352029412
O=C1NC(=O)C(=O)N1,-0.400000175700995,-1.8972818139565806,-1.4972816382555856,1.4972816382555856
NN=C(N)N,-1.615379382574245,-0.4376604115077476,1.1777189710664975,1.1777189710664975
COCCNC(=O)CSP(=S)(OC)OC,-1.1355999565066102,-2.266518914194373,-1.130918957687763,1.130918957687763
CN(C)C(C)(C)CO,0.8134586660885934,0.7286496681455366,-0.08480899794305685,0.08480899794305685
CNC(=O)c1cc(Oc2ccc(NC(=O)Nc3ccc(Cl)c(C(F)(F)F)c3)cc2)ccn1,-6.667294784010846,-5.617151403941863,1.0501433800689828,1.0501433800689828
O=P(OCc1ccccc1)(OCc1ccccc1)OP(=O)(OCc1ccccc1)OCc1ccccc1,-7.254042439894583,-5.1472439780426384,2.1067984618519446,2.1067984618519446
O=c1[nH]c2cc(Cl)ccc2n1C1CC[NH2+]CC1,-2.663075904047675,-2.6347328160810553,0.028343087966619773,0.028343087966619773
c1ccc2c3c(ccc2c1)Sc1ccc2ccccc2c1N3,-7.90809983158049,-6.772891713558017,1.1352081180224731,1.1352081180224731
CCCCOC(=O)/C=C/C(=O)OCCCC,-4.313551425844741,-4.1696758816903,0.14387554415444104,0.14387554415444104
OCCN(CCO)CCO,0.5390164077581803,1.1241985752713473,0.585182167513167,0.585182167513167
CCCCC(=O)N(Cc1ccc(-c2ccccc2-c2nn[nH]n2)cc1)[C@H](C(=O)O)C(C)C,-2.7359261287020527,-5.091602958967796,-2.355676830265743,2.355676830265743
CC(C)Br,-1.5985187895754915,-2.283533523141901,-0.6850147335664096,0.6850147335664096
c1ccc2c(c1)CC1COCOC21,-1.6560932467057754,-3.1782638997319688,-1.5221706530261934,1.5221706530261934
CCCC(C)O[N+](=O)[O-],-2.4809000591322565,-2.6796156304864813,-0.1987155713542248,0.1987155713542248
NC(=O)NN=C[C@H](O)[C@@H](O)[C@H](O)[C@H](O)CO,-1.0040998866163129,-0.6277705630114689,0.37632932360484395,0.37632932360484395
FC(F)(F)C(F)(F)Cl,-3.410999990688829,-3.5886370972588244,-0.17763710656999532,0.17763710656999532
O=C(O)C=C(Br)Br,-0.8357999458744874,-1.288933931920153,-0.45313398604566557,0.45313398604566557
C1=CC(c2ccc(C3CC=CCC3)cc2)CCC1,-6.591928829349692,-5.004579181722464,1.587349647627228,1.587349647627228
O=C([O-])C(O)C(O)C1OB(O)OC1CO,0.3169725267941903,0.2112631152190021,-0.1057094115751882,0.1057094115751882
CCCOC(C)C,-1.337299978376614,-1.0357795101876217,0.30152046818899225,0.30152046818899225
CC(O)C(N)=O,0.9434998740343961,0.2712666939180246,-0.6722331801163715,0.6722331801163715
CCC(C)(C)OC,-0.9795638250616472,-1.2142434141342622,-0.234679589072615,0.234679589072615
CC(C)=NNC(=O)NC1c2ccccc2Oc2ccccc21,-4.169999982448995,-5.0986315877742125,-0.9286316053252177,0.9286316053252177
CC(C)=CCC/C(C)=C/COC=O,-3.746150678780031,-3.1961495635126864,0.5500011152673445,0.5500011152673445
CCOP(=O)(OCC)SCC(=O)NC(C)(C)C#N,-0.623700238777273,-1.7868221474378843,-1.1631219086606113,1.1631219086606113
CCCCCCCCCCCC(=O)OCC(COC(C)=O)OC(C)=O,-6.3783674005954065,-4.7506274448881864,1.62773995570722,1.62773995570722
CC(C)C(=O)C(C)C,-1.301800051156388,-1.2415927519804721,0.06020729917591594,0.06020729917591594
C/C(Br)=C/C(=O)O,-0.6000000303557451,-1.003291132664259,-0.40329110230851395,0.40329110230851395
CCC(C)C(C)C,-3.775602994784444,-3.8427562634556303,-0.06715326867118643,0.06715326867118643
CCCCCCCCCCCCCCCCC(CO)CCCCCCCCCCCCCC,-5.669204164616872,-7.093609840804888,-1.424405676188016,1.424405676188016
CC1CCCCCCCCCCCCC(=O)C1,-5.74386499586268,-3.3096974132164627,2.434167582646217,2.434167582646217
O=C([O-])C(F)(F)F,0.6610692128861038,0.33238120286470707,-0.3286880100213967,0.3286880100213967
CCC(C)OC(C)=O,-1.272700024506069,-0.7718306267155035,0.5008693977905654,0.5008693977905654
CC(C)(C)C(O)(CCc1ccc(Cl)cc1)Cn1cncn1,-3.9319998585444416,-3.5921821535722325,0.3398177049722091,0.3398177049722091
CCCC(CC)(CC)CO,-2.4189998781993176,-2.035186822957991,0.3838130552413266,0.3838130552413266
CC(C)(C)NC(=O)[C@@H]1C[C@@H]2CCCC[C@H]2C[NH2+]1,-2.16160940507993,-1.3400075814796089,0.8216018236003211,0.8216018236003211
CC1=CCC(=C(C)C)CC1,-4.287342977139852,-3.717314290393927,0.5700286867459252,0.5700286867459252
CCCCS[S+]([O-])CCCC,-2.288599980590321,-1.9197222508996694,0.3688777296906516,0.3688777296906516
N=NN=NC1=CCc2c(cccc2S(=O)(=O)Oc2ccc(C(=O)c3ccc(O)c(O)c3O)cc2)C1=O,-5.1052907689510745,-4.266222365639314,0.8390684033117601,0.8390684033117601
CCC(C)(O)C(C)C,-0.8504000041697393,-0.4886025142886745,0.36179748988106475,0.36179748988106475
CCCCCOC(=O)CCOCC,-2.1956000168552006,-2.1535191420236037,0.04208087483159684,0.04208087483159684
O=C(O)CCCCCCCCCC(=O)O,-1.6274001163020866,-2.3841395733587514,-0.7567394570566648,0.7567394570566648
CCC(CC)(C(=O)NC(N)=O)C(=O)OC,-1.9600000769516448,-1.3861638871750028,0.573836189776642,0.573836189776642
c1ccc2c(c1)-c1ccc3ccc4cccc5cc-2c1c3c45,-9.162699315559486,-6.95975023568522,2.2029490798742657,2.2029490798742657
Cc1c(Cc2c(C)n(C)n(-c3ccccc3)c2=O)c(=O)n(-c2ccccc2)n1C,-2.9549000060823434,-2.2662735236199327,0.6886264824624106,0.6886264824624106
O=C1CC/C=C\CCCCCCCCCC1,-4.883187242553341,-3.115310153023891,1.7678770895294504,1.7678770895294504
NC(=O)NN=C[C@@H](O)[C@@H](O)[C@H](O)[C@H](O)CO,-0.5299999859028302,-0.6277708353650477,-0.09777084946221759,0.09777084946221759
S=c1[nH][nH]c(=S)s1,-0.7551999001372023,-2.0736701112796814,-1.318470211142479,1.318470211142479
CCCCCCCCN(CCCCCCCC)CCCCCCCC,-6.849599554301598,-7.093638982637813,-0.24403942833621528,0.24403942833621528
COP(=S)(OC)SCCSC(C)C,-3.4288000673574293,-4.350543714499646,-0.9217436471422169,0.9217436471422169
O=C1CSC(=S)N1,-1.7722999822661505,-2.117354535894475,-0.3450545536283247,0.3450545536283247
CCC(CC)COC(C)=O,-1.3528000290727962,-2.111949679124477,-0.759149650051681,0.759149650051681
Nc1ccc(S(=O)(=O)Nc2ccn(Cc3ccccc3)c(=O)n2)cc1,-4.800000110171652,-4.073173110490673,0.7268269996809789,0.7268269996809789
CC(C)OC(=O)C(F)(F)F,-1.336078744929566,-2.1817434157415008,-0.8456646708119349,0.8456646708119349
CC(CN/C=C1/C=CC=CC1=O)N/C=C1/C=CC=CC1=O,-3.172023504737658,-2.4780367038264224,0.6939868009112358,0.6939868009112358
O=C(O)C(S)CS,-0.23740018683172703,0.04362730867892228,0.2810274955106493,0.2810274955106493
O=C(O)c1cc(Br)nn1-c1ncccc1Cl,-1.448934714410763,-3.0101994256810585,-1.5612647112702955,1.5612647112702955
c1cnc2c(c1)ccc1ncccc12,-2.6805999163200296,-1.180486958348309,1.5001129579717205,1.5001129579717205
O=c1[nH]ccc2ccccc12,-2.484199997224803,-2.167690788139506,0.316509209085297,0.316509209085297
CCCCCCCCCCOC(=O)C(C)O,-3.059999920136995,-3.9902596934556125,-0.9302597733186175,0.9302597733186175
CNC=O,1.2286475344841494,0.5870465060752714,-0.641601028408878,0.641601028408878
CCCCCCCl,-3.1223888182893504,-3.520883595344303,-0.39849477705495273,0.39849477705495273
O=C(OC[C@H]1O[C@@H](Oc2ccccc2CO)[C@H](O)[C@@H](O)[C@@H]1O)c1ccccc1,-2.8924999031335377,-2.5755460938530543,0.31695380928048333,0.31695380928048333
CCN(CC)C(=S)[S-],-5.533333228318244,-2.0050432735707484,3.5282899547474957,3.5282899547474957
CC(C)NC(C)C,0.03624216903794153,-0.3642774632533641,-0.4005196322913056,0.4005196322913056
CCCCCCP(=O)(OCC)OCC,-2.5687000781211795,-2.180254594903345,0.38844548321783456,0.38844548321783456
CCC(N)C(=O)O,0.2867998355740231,0.19184376034803252,-0.09495607522599059,0.09495607522599059
C=CC(C)(O)CCC=C(C)C,-1.9871000070081282,-2.1716509453511037,-0.18455093834297553,0.18455093834297553
CCCCCCCCCCCCCCOC(=O)OOC(=O)OCCCCCCCCCCCCCC,-4.349900687700252,-7.241547947116532,-2.8916472594162794,2.8916472594162794
CCN(CCCl)CCCl,-3.0264999650365088,-1.6301888807715446,1.3963110842649642,1.3963110842649642
BrCCBr,-1.6800000353167739,-2.0979306871894563,-0.4179306518726824,0.4179306518726824
CCCCCCCCCCCCCCC/C=C/CC(CC(=O)O)C(=O)O,-6.964445883736191,-4.842817497168543,2.1216283865676484,2.1216283865676484
COCC(C)OCC(C)OC(C)CO,0.6855001459593781,0.1715604999253153,-0.5139396460340628,0.5139396460340628
O=c1oc2ccccc2c(O)c1C1CCCc2ccccc21,-4.860000012097361,-5.196163038440721,-0.33616302634336037,0.33616302634336037
CC1(C)SC2C(NC(=O)C3(N)CCCCC3)C(=O)N2C1C(=O)O,-1.0400000374204899,-2.860162801001064,-1.8201627635805742,1.8201627635805742
CN1CCC23C=CC=CC2C1Cc1ccc(O)c(O)c13,-1.7200000607184396,-3.0152990251555902,-1.2952989644371506,1.2952989644371506
C=CC(=C)CCCC(C)(C)OC(C)=O,-3.5974163467809555,-3.3638007750520638,0.2336155717288917,0.2336155717288917
O=C(O)C(=O)[C@@H](O)[C@H](O)[C@@H](O)CO,0.23732054386448231,0.4405954503035221,0.20327490643903978,0.20327490643903978
C=CC(=O)OCCCCCCCCCCCCCC,-4.42884863662893,-5.942622101137662,-1.5137734645087315,1.5137734645087315
NC(CC(=O)O)C(=O)O,-1.2293181847172496,-0.09420784162954288,1.1351103430877068,1.1351103430877068
CCOC(OCC)OCC,-2.0405201869135707,-0.5427235280405975,1.4977966588729732,1.4977966588729732
CC(O)C(=O)NCCCCCCNC(=O)C(C)O,-0.7000000938599098,-0.5797826794990817,0.12021741436082811,0.12021741436082811
CCCC(Br)(CCC)C(N)=O,-1.8281000558309752,-1.783524217952981,0.04457583787799413,0.04457583787799413
OCCOCCOCCOCCO,0.7116902107977023,1.2381265284384457,0.5264363176407434,0.5264363176407434
FC(Br)C(F)(F)F,-1.9010000531018667,-2.8344241962636905,-0.9334241431618238,0.9334241431618238
CCS(=O)(=O)C(C)(CO)S(=O)(=O)CC,-0.16530002393318544,-1.0973398619426935,-0.9320398380095081,0.9320398380095081
CC(C)(C)C(C)(C)O,-0.7230000812305097,-0.5301380691672488,0.19286201206326092,0.19286201206326092
CN(C(=O)COc1nc2ccccc2s1)c1ccccc1,-4.872700131827358,-4.918483176943095,-0.04578304511573705,0.04578304511573705
NC(=O)[O-],0.7115940699844088,-0.3291032709133055,-1.0406973408977143,1.0406973408977143
O=S(=O)([O-])c1ccc(N=Nc2ccc(N=Nc3ccc(/C=C/c4ccc(N=Nc5ccc(/C=C/c6ccc(N=Nc7ccc(N=Nc8ccc(S(=O)(=O)[O-])cc8)cc7)cc6S(=O)(=O)[O-])c(S(=O)(=O)[O-])c5)cc4S(=O)(=O)[O-])c(S(=O)(=O)[O-])c3)cc2)cc1,-1.231545764637724,0.3477207011262249,1.5792664657639488,1.5792664657639488
C=CC(=C)Cl,-2.5509255005563887,-1.5378139004112266,1.013111600145162,1.013111600145162
CC(C)c1cccc(C(C)C)c1N=C=Nc1c(C(C)C)cccc1C(C)C,-6.860410901963067,-7.674607840287949,-0.8141969383248826,0.8141969383248826
CC1OC(=O)C(C)OC1=O,-0.9360259266722122,-0.2697920150114279,0.6662339116607843,0.6662339116607843
C=C(C)CCl,-1.8108000203329326,-1.710678350955863,0.10012166937706968,0.10012166937706968
COc1ccc(CN(CCN(C)C)c2ncccn2)cc1,-2.989999990583246,-2.3451386770606755,0.6448613135225707,0.6448613135225707
CN1C(=O)C(N)C(=S)N(C)C1=O,-1.116999977377265,-1.4527211100391275,-0.33572113266186254,0.33572113266186254
NC(N)=O,0.9578398346619568,0.27570278900846157,-0.6821370456534952,0.6821370456534952
CN(C)CCOCCN(C)CCO,0.4764655060372487,0.8017550881031892,0.3252895820659405,0.3252895820659405
OCC1=C[C@@H](O)[C@@H]2C=CO[C@@H](O[C@@H]3O[C@H](CO)[C@@H](O)[C@H](O)[C@H]3O)[C@H]12,0.011899750877756077,-1.2623892627223159,-1.274289013600072,1.274289013600072
CC(Cl)(Cl)Cl,-2.140000123170746,-2.2735325635539594,-0.1335324403832132,0.1335324403832132
CCCCCCCCCCCCCCCCCCOCCCN(C)C,-6.852054004753159,-5.485252744589086,1.3668012601640722,1.3668012601640722
CCCCC(CC)CO,-1.699130559217495,-1.9611420555072812,-0.26201149628978615,0.26201149628978615
ClC(Cl)Br,-1.5399999464109437,-2.1857781978336717,-0.6457782514227279,0.6457782514227279
CC(S(C)(=O)=O)S(C)(=O)=O,-1.4188000165148291,-0.4594465189779253,0.9593534975369038,0.9593534975369038
Cc1ncc([N+](=O)[O-])n1CCOC(=O)c1ccc(CN2CCOCC2)cc1,-2.890000088789019,-2.788484105265615,0.10151598352340407,0.10151598352340407
C=CC(=O)OCCCOCC(COCCCOC(=O)C=C)OCCCOC(=O)C=C,-2.5527472396003503,-2.4023913484376838,0.15035589116266657,0.15035589116266657
CCCC(O)CCC,-1.3931000519414387,-1.1967440158165854,0.1963560361248533,0.1963560361248533
CC(=O)CC1=NCCS1,-1.156000056614605,-0.838093980068173,0.3179060765464319,0.3179060765464319
C1=CC[C@@H](c2cccnc2)NC1,0.7952997635800099,-0.20144433972069864,-0.9967441033007085,0.9967441033007085
CC(=O)N(c1onc(C)c1C)[S+]([O-])c1ccc(N)cc1,-3.58999988647842,-2.233398131661188,1.3566017548172322,1.3566017548172322
CC1CCc2c(N3CCC(O)CC3)c(F)cc3c(=O)c(C(=O)O)cn1c23,-3.779999939047938,-3.761908920668854,0.01809101837908411,0.01809101837908411
CC(CC(=O)O)CC(C)(C)C(=O)O,-0.27903760194874794,-0.7741085920480435,-0.49507099009929556,0.49507099009929556
CCCCSC(=Nc1cccnc1)SCc1ccc(C(C)(C)C)cc1,-5.571199908137678,-6.650302916587142,-1.0791030084494642,1.0791030084494642
Cc1ccccc1COC1CC2(C(C)C)CCC1(C)O2,-3.639100062006362,-4.686957714665811,-1.0478576526594487,1.0478576526594487
CCCC[N+](CCCC)(CCCC)CCCC,1.3320245100110504,0.3713168704806762,-0.9607076395303742,0.9607076395303742
CC(=O)CC(N)=O,0.9952271721828168,0.46159173239536777,-0.533635439787449,0.533635439787449
CC(O)(CCC(C)(O)C(=O)O)C(=O)O,-0.837199979445975,0.7628077092833343,1.6000076887293093,1.6000076887293093
CC(C)CCOC(=S)[S-],0.23788976284403862,-2.276389007887733,-2.5142787707317718,2.5142787707317718
CCCCOCCOCCOC(C)=O,-0.8188000440202106,-1.075715668675074,-0.2569156246548634,0.2569156246548634
O=C1NC(=O)C2C=CC=CC12,-2.9319999043867444,-1.28008298531842,1.6519169190683245,1.6519169190683245
C=CCS(=O)(=O)[O-],0.694952721616537,0.5950308235894695,-0.09992189802706752,0.09992189802706752
CN1C(C(=O)Nc2ccccn2)=C(O)c2ccccc2S1(=O)=O,-4.4999999196591585,-3.8026063074088707,0.6973936122502877,0.6973936122502877
C=C1CCC(C)=CCCC=C(C)CC[C@@H]1C(C)=O,-5.449126131784192,-2.811047169407529,2.638078962376663,2.638078962376663
O=[N+](O)OCCCCO[N+](=O)O,-1.6800000353167739,-2.4133685594286014,-0.7333685241118275,0.7333685241118275
OCCC(F)(F)C(F)(F)C(F)(F)C(F)(F)C(F)(F)C(F)(F)F,-4.287063950898439,-4.3273323807519475,-0.040268429853508536,0.040268429853508536
O=C1C=C(O)C[C@@H](c2ccccc2)C1,-2.511300097502273,-1.713920311780336,0.7973797857219367,0.7973797857219367
CCCCCCCCCCCCCCCCCCCCCCCCCC,-8.333900140110723,-7.821993068834759,0.5119070712759637,0.5119070712759637
Cn1c2ccccc2c(=O)c2ccccc21,-4.460000030434283,-3.717023893390601,0.7429761370436818,0.7429761370436818
O=C(C1CCCCC1)N1CC(=O)N2CCc3ccccc3C2C1,-2.8926999468371184,-2.866638892484622,0.026061054352496615,0.026061054352496615
C[Si](C)(C)CN,-1.7619999784487572,-0.37175411369679967,1.3902458647519575,1.3902458647519575
CNC(=O)CSP(=S)(OC)OC,-0.9623999663529719,-2.0883137461475307,-1.1259137797945589,1.1259137797945589
CCCCCCCCCCCCCCCCCCCCCCCCCCCCCCCCCCCC,-8.474599633006745,-8.007039894956216,0.46755973805052875,0.46755973805052875
CCN1c2ccccc2N(C)C(=S)c2cccnc21,-4.705999723653443,-4.183303501532679,0.5226962221207643,0.5226962221207643
CCC(Cl)(Cl)[N+](=O)[O-],-1.499600105955695,-1.6600630724694183,-0.16046296651372338,0.16046296651372338
O=C(O)CC(Br)C(=O)O,-0.21499992204150153,0.12443870079330566,0.3394386228348072,0.3394386228348072
O=C([O-])C(O)[C@H](O)[C@@H](O)[C@H](O)[C@H](O)CO,0.7066661043307758,0.31565760371605744,-0.39100850061471837,0.39100850061471837
COP(=O)(OC)O/C(C)=C/C(=O)N(C)C,0.6248998405693471,0.2977555306322208,-0.3271443099371263,0.3271443099371263
C#CC1(OC(=O)c2ccc(Oc3ccccc3)cc2)CCC2C3CCC4=CC(=O)CCC4C3CCC21C,-6.839999907711922,-5.942748200844616,0.8972517068673058,0.8972517068673058
C[Si](C)(C)C,-3.653340545489289,-3.4789018912595635,0.17443865422972538,0.17443865422972538
CC(C)=CCCC(C)C=O,-2.4478585995788777,-2.585285457828621,-0.13742685824974332,0.13742685824974332
Cc1onc(-c2ccccc2)c1-c1ccc(S(N)(=O)=O)cc1,-4.519999932359992,-3.002364102596527,1.5176358297634653,1.5176358297634653
CNC(=O)O/N=C(/C)C(C)SC,-0.7353001135533441,-1.7065305421285168,-0.9712304285751727,0.9712304285751727
C=CC(C)C(=O)OCC,-1.5763109425886426,-1.660702831025867,-0.08439188843722434,0.08439188843722434
CCN(CC)[S+]([O-])N(CC)CC,-1.280000053653695,-0.8898969925114812,0.3901030611422138,0.3901030611422138
NS(=O)(=O)c1cc2c(s1)S(=O)(=O)CCC2=O,-3.0199999606959618,-2.022171045430241,0.9978289152657207,0.9978289152657207
O=C1CCCCCN1C(=O)c1ccccc1,-2.166699897731673,-2.130472854544619,0.03622704318705372,0.03622704318705372
C#CCCCC,-2.359999922437934,-2.1865510011133322,0.173448921324602,0.173448921324602
N#Cc1c[nH]cc1-c1cccc2c1OC(F)(F)O2,-5.139500012561674,-4.763989928521666,0.3755100840400081,0.3755100840400081
O=C1C(Br)=CC(=NCl)C=C1Br,-3.7067999443100694,-4.420379665921374,-0.7135797216113042,0.7135797216113042
O=C(C1CCCC1)N(O)C1CCCCC1,-3.160000055985079,-2.480930188246904,0.6790698677381748,0.6790698677381748
CCCCCCCCOC(=O)CCCCCCC,-6.709998463388615,-6.524138389481055,0.18586007390756,0.18586007390756
CCCCCCCCC(C)C=O,-4.027084280394411,-4.516783028064762,-0.48969874767035115,0.48969874767035115
Cc1cnc(NC(=O)C2=C(O)c3ccccc3S(=O)(=O)N2C)s1,-1.9199999834615844,-3.659940149320803,-1.7399401658592186,1.7399401658592186
NC(CS)C(=O)O,0.3596999009333093,-0.2605110221088722,-0.6202109230421815,0.6202109230421815
CC1(C)OCC(COC(=O)c2ccccc2C(=O)O)O1,-1.230000021901613,-2.399691915942051,-1.169691894040438,1.169691894040438
FC(F)(F)CCl,-1.109800038169824,-2.5847501468696175,-1.4749501086997934,1.4749501086997934
C=CCCCCCCCC,-5.510000152520851,-5.410054559732433,0.09994559278841741,0.09994559278841741
COc1cc(N=Nc2cc(S(=O)(=O)[O-])cc3cc(S(=O)(=O)[O-])cc(O)c23)c(C)cc1NC(=O)Nc1cc(C)c(N=Nc2cc(S(=O)(=O)[O-])cc3cc(S(=O)(=O)[O-])cc(O)c23)cc1OC,-2.6903135769266036,-0.23086233917419108,2.4594512377524125,2.4594512377524125
CC(C)N(CCO)C(C)C,-1.082900083728527,0.4038146442025048,1.4867147279310318,1.4867147279310318
O=C(NCCCCCCNC(=O)OCCO)OCCO,-0.9200000973922822,-0.4472862040409824,0.47271389335129976,0.47271389335129976
O=C1C=CN(C2OC(CO)C(O)C2O)C(=O)C1,-0.7700000021360354,-1.3825089021483778,-0.6125089000123425,0.6125089000123425
CCCCCCCC/C=C\CCCCCCCCCCCC(N)=O,-6.528392280027319,-5.742565052231377,0.7858272277959415,0.7858272277959415
c1ccc(-c2cccnc2)nc1,-0.5916001012803975,0.4295103872954247,1.0211104885758222,1.0211104885758222
C#CCOS(=O)OC1CCCCC1Oc1ccc(C(C)(C)C)cc1,-5.845699633073204,-6.3296526053813755,-0.48395297230817125,0.48395297230817125
Cl/C=C/CCl,-1.5980000921847906,-1.5934197858744132,0.004580306310377313,0.004580306310377313
C1CC(COCC2CO2)CCC1COCC1CO1,-1.835797176496397,-1.8022580588662744,0.03353911763012252,0.03353911763012252
CCCCC(CC)CCCCCC(C)CCCC(=O)O,-5.056117875017611,-5.409972308951655,-0.35385443393404437,0.35385443393404437
CN=C(SC)N(C)C,-0.4401001548660566,-0.45991605654766454,-0.01981590168160796,0.01981590168160796
O=C1NC(=S)NC(=O)C12CCCCC2,-3.4600000081881905,-2.849927515202818,0.6100724929853727,0.6100724929853727
CC/C(C)=C/CC/C(C)=C/C#N,-3.589641060638437,-3.325443314083749,0.26419774655468764,0.26419774655468764
CN1CCC(c2c(O)cc(O)c3c(=O)cc(-c4ccccc4Cl)oc23)C(O)C1,-4.260000175779532,-3.7322601015573835,0.5277400742221485,0.5277400742221485
NC(=O)CCNCCO,-0.12111011107625913,0.5959587322322202,0.7170688433084793,0.7170688433084793
O=C(O)CNC(=S)SCC(=O)O,-1.301100102459039,-1.3724339985638092,-0.07133389610477026,0.07133389610477026
CCCC(=O)OCCOCCOCCOC(=O)CCC,-1.559800051584985,-1.9843449462940388,-0.42454489470905377,0.42454489470905377
NCC(O)C(=O)O,-0.8229000547944887,-0.08217934582470754,0.7407207089697811,0.7407207089697811
CCC(C)C1NC(=O)C(Cc2ccccc2)NC(=O)C2CCCN2C(=O)C(Cc2ccccc2)N(C)C(=O)C2CCC=NN2C(=O)C2CCC=NN2C1=O,-4.039999899893582,-2.8499665638971687,1.190033335996413,1.190033335996413
CC1(C(=O)O)NCCc2cc(O)c(O)cc21,-0.7500001256119919,-1.2093376452972961,-0.45933751968530423,0.45933751968530423
CCC(Cl)CC,-2.630700110684922,-2.337753809773273,0.2929463009116491,0.2929463009116491
C/C(I)=C/C(=O)O,-1.1599999774486978,-1.5143114206878603,-0.3543114432391625,0.3543114432391625
CN1CCCC(CN2c3ccccc3Sc3ccccc32)C1,-4.739999663538786,-4.456817170336395,0.283182493202391,0.283182493202391
O=C([O-])[C@H](O)[C@H](O)[C@@H](O)[C@H](O)[C@H](O)CO,0.3170700293753774,0.31565733136247864,-0.0014126980128987832,0.0014126980128987832
Nc1ccc2c(c1)C=C(S(=O)(=O)O)/C(=N/Nc1ccc(N=Nc3ccc(S(=O)(=O)O)cc3)cc1)C2=O,-0.6359046749939714,-2.8193930022533005,-2.183488327259329,2.183488327259329
CC(C)C(C)CO,-0.3899998969970002,-0.9125219490041632,-0.522522052007163,0.522522052007163
O=CC=O,1.2362998529858698,0.18239200175161008,-1.0539078512342597,1.0539078512342597
C=CCOC1=NS(=O)(=O)c2ccccc21,-3.1726999033614964,-3.2436096428115837,-0.07090973945008727,0.07090973945008727
COC(C)(C)CCOC(C)=O,-0.43902926059447056,-0.9528202015745437,-0.5137909409800732,0.5137909409800732
CC(C)CC(C)O,-0.7944999768415189,-0.9229345710263632,-0.12843459418484438,0.12843459418484438
O=C(O)CCCC(=O)O,0.9999998962965706,0.0130991960385054,-0.9869007002580652,0.9869007002580652
c1ccc2sc(SSc3nc4ccccc4s3)nc2c1,-4.521799917161852,-5.519089680857556,-0.9972897636957043,0.9972897636957043
CC(C)CCCCCOC(=O)CCCCC(=O)OCCCCCC(C)C,-6.869904875364194,-6.611890984903081,0.2580138904611129,0.2580138904611129
CCOC(=O)C(Cl)C(=O)OCC,-1.720972362994524,-1.5489282414290375,0.17204412156548643,0.17204412156548643
CCC(CC)(C(=O)O)C(CC)(CC)C(=O)O,-2.9644000308395473,-1.675568842590754,1.2888311882487933,1.2888311882487933
COC(N)=O,0.9639996555522079,0.4640385569467238,-0.4999610986054841,0.4999610986054841
CC(=O)OC(C)CC(C)C,-2.045100016605186,-1.7714353958304558,0.27366462077472997,0.27366462077472997
CC(=O)CC(C)C,-0.8514796137558451,-1.1701943080775417,-0.3187146943216965,0.3187146943216965
CC(=O)OCC(C)C,-1.2656999928254196,-1.0032254954517836,0.26247449737363593,0.26247449737363593
C=CC(=O)CCC,-0.8300000402385339,-0.9412597453947646,-0.11125970515623074,0.11125970515623074
CCCCCCCC(=O)OCC(O)CO,0.17947400550904202,-2.013574340894257,-2.193048346403299,2.193048346403299
ClC(Br)Br,-1.9000000388491463,-2.3782198321481545,-0.4782197932990082,0.4782197932990082
CCOC(=O)CC,-0.6600000684582441,-0.26700774437601904,0.39299232408222506,0.39299232408222506
CCOC(OCC)C(C)=O,-0.20590004426880482,-0.20123626158654506,0.004663782682259754,0.004663782682259754
CCCCCCCCCCCCCCCCCC(=O)O,-4.97020952185399,-5.5400587275915285,-0.5698492057375386,0.5698492057375386
O=C1NC(=O)C2=C1CCCC2,-1.9745177482893297,-2.105404750273894,-0.1308870019845645,0.1308870019845645
CC(=O)C(N=Nc1ccc(N=Nc2c(S(=O)(=O)[O-])cc3c(c2N)C(=O)/C(=N/Nc2ccc(S(=O)(=O)[O-])c4ccccc24)C(S(=O)(=O)[O-])=C3)cc1)C(=O)Nc1ccccc1,-2.2180283340640354,-1.680407612447351,0.5376207216166844,0.5376207216166844
CC(C)(O)C(Cl)(Cl)Cl,-1.3460000410957278,-0.8865971565515269,0.45940288454420086,0.45940288454420086
CCCOc1ccc2c(c1)C(c1ccc(OC)cc1OCC(=O)O)C(C(=O)O)C2c1ccc2c(c1)OCO2,-6.769999863259008,-4.533207038276803,2.2367928249822047,2.2367928249822047
COc1ccc(Cl)cc1C(=O)NCCc1ccc(S(=O)(=O)NC(=O)NC2CCCCC2)cc1,-5.091699916841825,-4.715161289511723,0.3765386273301017,0.3765386273301017
CCC(C)C1NC(=O)C(Cc2ccc3ccccc3c2)NC(=O)C2CCCN2C(=O)C(Cc2c[nH]cn2)NC(=O)C2CCCCN2C(=O)C2CCCCN2C1=O,-3.9799999298794773,-3.0597665684418396,0.9202333614376377,0.9202333614376377
CC(CC(=O)OOC(C)(C)C)CC(C)(C)C,-4.210095876310375,-4.657677798476737,-0.4475819221663615,0.4475819221663615
CCC(C)O,0.38770002765590705,0.3949672381972955,0.007267210541388458,0.007267210541388458
O=C(O)C(NCCCCCNC(C(=O)O)c1ccccc1)c1ccccc1,-2.019999978877354,-1.9846394966894407,0.03536048218791343,0.03536048218791343
CCOCCO,1.0451996962234467,0.836531916571873,-0.20866777965157368,0.20866777965157368
CCCC[P+](CCCC)(CCCC)CCCC,0.41483080175518205,0.003856877344130094,-0.41097392441105196,0.41097392441105196
NC(=O)C[C@H](NC(=O)CCl)C(=O)O,-0.3192999038467357,-0.6452891622564465,-0.3259892584097108,0.3259892584097108
CC1(C)C2CCC3(C2)C1C(=O)CCC3(C)C,-4.097612350348099,-3.636569556817939,0.46104279353015976,0.46104279353015976
CC/C=C\C#N,-0.8598992884656513,-0.9475504321795984,-0.08765114371394711,0.08765114371394711
Cc1cccc(C)c1N(C(=O)CCl)C1CCOC1=O,-3.285500023336954,-3.0853732263813654,0.20012679695558866,0.20012679695558866
CC12CCC(c3cnc(NS(=O)(=O)c4ccc(N)cc4)nc31)C2(C)C,-4.079999857206852,-4.140968588900517,-0.06096873169366468,0.06096873169366468
NC(=O)OC(CCl)CCl,-1.3605000094507949,-1.358994711221126,0.0015052982296688278,0.0015052982296688278
CCCCCCCCCCCCCCCCCCCN,-5.857124320993984,-5.773478000478547,0.08364632051543719,0.08364632051543719
O=C(O)CCC(=O)OOC(=O)CCC(=O)O,-0.8471000320329956,-0.3912894911923108,0.45581054084068473,0.45581054084068473
C=CCCC,-2.6756730060365146,-2.734783673527654,-0.059110667491139246,0.059110667491139246
C=CCOCC(CC)(CO)CO,-0.19975520282538373,-1.0398019001919603,-0.8400466973665766,0.8400466973665766
CCOP(=S)(OCC)Oc1cc(-c2ccccc2)on1,-5.217199765039009,-5.431385019665388,-0.21418525462637916,0.21418525462637916
OC(CCN1CCCC1)(c1ccccc1)C1CCCCC1,-4.699999774313909,-3.977386084495962,0.7226136898179472,0.7226136898179472
C=CC=C,-1.8668457568257764,-1.8950331266337543,-0.02818736980797798,0.02818736980797798
CCCCCCCC/C=C/CCCCCCCCNCCCNCCCNCCCN,-3.8360757025228374,-3.3132754753791938,0.5228002271436436,0.5228002271436436
CCCCCCCCCCCCC(CO)CCCCCCCCCC,-5.549815522196134,-6.629331963378119,-1.079516441181985,1.079516441181985
CCC(CO)(CO)C(=O)O,0.5168035222301248,0.22438347652098667,-0.29242004570913815,0.29242004570913815
CN(C)C(=O)CCC(=O)N(C)C,0.5034998669696518,0.8325923220554698,0.3290924550858181,0.3290924550858181
CC(=O)NCCNC(C)=O,0.6754998672553829,0.10310034260656842,-0.5723995246488145,0.5723995246488145
CCC(=O)CC,-0.25300005511451573,-0.235443871075673,0.017556184038842737,0.017556184038842737
CCOC(C)C(=O)C=O,-0.1554002436997437,-0.1626088982217042,-0.007208654521960511,0.007208654521960511
C=CC(=O)OCCCO,0.8855789831519614,-0.39090111498903424,-1.2764800981409956,1.2764800981409956
O=S(=O)([O-])CCBr,0.3327486078424209,0.9448891496395238,0.6121405417971029,0.6121405417971029
C=C(C)C(=O)NC(C)C,-0.6201430286854142,-0.9826922144437877,-0.3625491857583736,0.3625491857583736
FC(Cl)(Cl)CCl,-3.039999940150508,-2.5667629632924265,0.4732369768580815,0.4732369768580815
Cc1nnc(N)nc1C,-1.0939000362432691,-0.9665933944047564,0.1273066418385127,0.1273066418385127
OCC(O)CCl,0.9564998550545796,0.6806587887437829,-0.27584106631079663,0.27584106631079663
NCC(=O)O,0.9199998454932388,0.6893457784911177,-0.2306540670021211,0.2306540670021211
NCCCCCCCCCCN,1.52770102395696,-1.081911984944876,-2.609613008901836,2.609613008901836
O=C(/C=C/c1ccccc1)OCCc1ccccc1,-5.401939240146865,-5.631912695555727,-0.22997345540886194,0.22997345540886194
CO[Si](OC)(C1CCCC1)C1CCCC1,-4.632799524650391,-4.974768993115593,-0.3419694684652024,0.3419694684652024
CN(C)CCN(Cc1ccccc1)c1ccccn1,-2.6400001002495945,-2.3672085769598947,0.2727915232896998,0.2727915232896998
FC(F)(F)C(F)(Cl)Cl,-3.096100067833982,-3.683449982590795,-0.5873499147568131,0.5873499147568131
CCSC(=S)OC(CC(=O)O)C(=O)O,-1.2900000600041115,-1.4384000779852895,-0.14840001798117797,0.14840001798117797
c1ccc2cc3cc4ccccc4cc3cc2c1,-8.599999935970901,-7.21042229072437,1.389577645246531,1.389577645246531
CCN1C[C@]2(COC)[C@H](O)C[C@H](OC)[C@]34C1[C@H]([C@H](OC)[C@H]23)[C@]1(OC(C)=O)[C@H]2[C@@H](OC(=O)c3ccccc3)[C@](O)(C[C@H]24)[C@@H](OC)[C@@H]1O,-3.3187000437394527,-2.948241403656836,0.37045864008261686,0.37045864008261686
Nc1nc2nc[nH]c2c(=O)[nH]1,-4.429999739029454,-3.0288374321788343,1.4011623068506198,1.4011623068506198
CCCOP(=O)(OCCC)OCCC,-1.54120007245564,-1.828839495797241,-0.28763942334160086,0.28763942334160086
CCCCCCCCC(=O)O,-5.63536777305556,-2.973182540093574,2.6621852329619857,2.6621852329619857
CCN(OC(=O)c1ccccc1)C(=O)c1c(OC)ccc(Cl)c1OC,-4.0837001210159425,-4.17544201548249,-0.09174189446654779,0.09174189446654779
CC(C)(S)[C@@H](N)C(=O)O,-0.12850015308165696,-0.48988203140157216,-0.3613818783199152,0.3613818783199152
CCCCC(CC)C(=O)OCCOCCOCCOC(=O)C(CC)CCCC,-5.420152068664038,-5.0297446523975875,0.39040741626645037,0.39040741626645037
C/C=C/C(CCC)(C(=O)O)C(CCC)(CCC)C(=O)O,-3.495359605226973,-2.8125686726751327,0.6827909325518404,0.6827909325518404
NC(=O)Nc1cc(Nc2nc(Cl)nc(Nc3cc(N)c(S(=O)(=O)[O-])cc3N=Nc3ccc(S(=O)(=O)CCOS(=O)(=O)[O-])cc3)n2)ccc1N=Nc1cc2c(S(=O)(=O)[O-])cc(S(=O)(=O)[O-])cc2cc1S(=O)(=O)[O-],-0.5105577533312466,0.32736118170146167,0.8379189350327083,0.8379189350327083
CC(C)C1(O)CCN2CC3c4ccccc4CCc4cccc(c43)C2C1,-3.8099998900107925,-3.881300558978957,-0.07130066896816434,0.07130066896816434
CCC(C)(C)C,-3.549999929165149,-3.36376598188238,0.18623394728276876,0.18623394728276876
CN(C)CCCO,0.9864671916763812,0.8534883780303413,-0.13297881364603992,0.13297881364603992
NCCNCCN,0.9863999203424334,1.212796283848189,0.22639636350575554,0.22639636350575554
CCCC[N+](=O)[O-],-1.3506000930405635,-1.761208518948953,-0.41060842590838953,0.41060842590838953
CC(O)C(Cl)(Cl)Cl,-0.7573999723462244,-0.6016537612858248,0.15574621106039954,0.15574621106039954
CC(C)N1C(=O)c2ccccc2NS1(=O)=O,-2.6816999864687383,-3.08508166336428,-0.40338167689554183,0.40338167689554183
O=C(OCC1CO1)C1CC=CCC1C(=O)OCC1CO1,-1.3401088970108983,-1.9716151400239603,-0.631506243013062,0.631506243013062
NCCNCCNCCNCCNCCN,0.3327785667360814,0.3517814929851655,0.019002926249084062,0.019002926249084062
C1=CCC(C2OCC3(CO2)COC(C2CC=CCC2)OC3)CC1,-5.239735525734655,-3.154111839701221,2.0856236860334345,2.0856236860334345
CC(=O)OCCC(C)C,-1.8135001337125123,-1.841107935104942,-0.027607801392429687,0.027607801392429687
COc1cc(OC)c2c(c1Cl)O[C@]1(C2=O)C(OC)CC(=O)C[C@H]1C,-4.610999935678065,-4.100342694974918,0.5106572407031473,0.5106572407031473
Nc1ccc(S(=O)(=O)Nc2ccnn2-c2ccccc2)cc1,-2.321300044932755,-3.939784268531848,-1.6184842235990926,1.6184842235990926
O=C1NC(=O)C2(CCCCC2)C(=O)N1,-3.059999920136995,-2.1642692101298566,0.8957307100071383,0.8957307100071383
O=C([O-])CF,1.0451996962234467,0.3616107336417147,-0.683588962581732,0.683588962581732
c1ccc(N=NNc2ccccc2)cc1,-2.595999949748652,-5.570380396219264,-2.9743804464706116,2.9743804464706116
CCN(CC)c1ccc2cc(-c3n(C)c4ccccc4[n+]3C)c(=O)oc2c1,-1.4505614823365476,-2.129978532799215,-0.6794170504626673,0.6794170504626673
CC(O)COC(C)CO,0.872300112067153,0.8560997041432534,-0.01620040792389954,0.01620040792389954
CCCC(N)=O,0.2720998235153753,-0.03796029113485622,-0.31006011465023153,0.31006011465023153
NC(=O)CC[C@H](N)C(=O)O,-0.5483114064155057,0.3029866258189857,0.8512980322344914,0.8512980322344914
CN1/C(=C(/O)Nc2ccccn2)C(=O)c2ccccc2S1(=O)=O,-4.158599806350301,-3.5972430958606827,0.5613567104896182,0.5613567104896182
CC(O)CN(CCCN(C)C)CCCN(C)C,0.6101058665260357,0.499286012399462,-0.11081985412657369,0.11081985412657369
NCCNCCS(=O)(=O)[O-],0.24453573487233227,0.33570772947537764,0.09117199460304537,0.09117199460304537
CCCCCCCCCCCCCCCCOP(=O)([O-])O,-3.2602593660520016,-3.4712328230127514,-0.21097345696074976,0.21097345696074976
O=[N+]([O-])c1cc(S(=O)(=O)Nc2ccccc2)ccc1Nc1ccccc1,-6.269000008104228,-5.447628187101149,0.8213718210030789,0.8213718210030789
CCN,1.3459995168431056,1.4301170090497544,0.08411749220664877,0.08411749220664877
COc1ccc(CCN(C)CCCC(C#N)(c2ccc(OC)c(OC)c2)C(C)C)cc1OC,-3.9799999298794773,-3.9737071323544084,0.006292797525068838,0.006292797525068838
CCOC(=O)c1ccc2sc3ccccc3c(=O)c2c1,-6.7566022460138715,-5.7675338836226535,0.989068362391218,0.989068362391218
CC(C)(C)Cl,-1.5069999526899274,-2.132676467350165,-0.6256765146602374,0.6256765146602374
CC(C)CCCC(C)(C)O,-2.2869837663657124,-2.064463062373752,0.22252070399196056,0.22252070399196056
Cc1ccccc1N1C(=O)c2cc(S(N)(=O)=O)c(Cl)cc2NC1C,-3.782999913717705,-3.3772413220300486,0.40575859168765627,0.40575859168765627
O=C(Cl)Cl,-1.160845907664249,-1.1048306747722234,0.05601523289202559,0.05601523289202559
CCC[C@@H](N)C(=O)O,-0.068700294859529,-0.21654226035787838,-0.14784196549834938,0.14784196549834938
O=C(O)COCC(=O)O,0.4926999581584903,0.40820689036676594,-0.08449306779172439,0.08449306779172439
Nc1ccc2cc(S(=O)(=O)[O-])c(N=Nc3ccc(N=Nc4cccc(C(=O)[O-])c4O)c4ccccc34)c(O)c2c1,-2.7868203993857144,-3.7540310934039414,-0.967210694018227,0.967210694018227
CC(C)C[C@H](N)C(=O)N[C@H](CCC(N)=O)C(=O)O,-1.5687000218308904,-0.9395970267965867,0.6291029950343037,0.6291029950343037
CCCC(C)CO,-1.110000081873405,-0.7462337479716643,0.36376633390174073,0.36376633390174073
CC(=O)NNC(C)=O,0.3286679341722327,0.3520957890150256,0.02342785484279286,0.02342785484279286
C=C(Cl)CCl,-1.7127999853342093,-1.4546439263049973,0.258156059029212,0.258156059029212
CC(C)(C)c1ccc(OC(=O)c2cc(C(C)(C)C)c(O)c(C(C)(C)C)c2)c(C2C(=O)Oc3ccc(C(C)(C)C)cc32)c1,-8.848512227130682,-7.667529915483781,1.1809823116469005,1.1809823116469005
CCCCCC(=O)OCC,-2.349999916087518,-2.412095714978383,-0.06209579889086525,0.06209579889086525
ON=C(C(=NO)c1ccccc1)c1ccccc1,-5.899999855479935,-3.3189815722293714,2.5810182832505637,2.5810182832505637
CC(CCN)CC(C)(C)CN,0.4781560047004576,0.718204363693888,0.24004835899343036,0.24004835899343036
CC1OCC(c2ccccc2)O1,-1.8054505875162072,-1.8083364460364844,-0.002885858520277118,0.002885858520277118
Cc1csc(=S)n1CC(=O)O,-1.9631999591482034,-2.727115558518367,-0.7639155993701636,0.7639155993701636
Nc1c(S(=O)(=O)O)cc(Nc2ccc(S(=O)(=O)O)c(Nc3nc(Cl)nc(Cl)n3)c2)c2c1C(=O)c1ccccc1C2=O,0.19560006090594717,-2.441424246281261,-2.6370243071872084,2.6370243071872084
CC(C)CCCC(C)C1CCC2C3CCC4CC(C)(CCC=C(c5cc(Cl)c(O)c(C(=O)O)c5)c5cc(Cl)c(O)c(C(=O)O)c5)CCC4(C)C3CCC12C,-8.45999984706507,-5.696808561589567,2.7631912854755036,2.7631912854755036
O=C1NC(=O)C(O)(C2(O)C(=O)NC(=O)NC2=O)C(=O)N1,-1.9941999924521734,-0.8867548492736148,1.1074451431785586,1.1074451431785586
Cc1ncc2n1-c1ccc(Cl)cc1C(c1ccccc1F)=NC2,-4.130000025135724,-4.214408459052857,-0.08440843391713315,0.08440843391713315
CCCCCOP(=O)(OCC)OCC,-1.4756999900073755,-1.7832073345641228,-0.30750734455674733,0.30750734455674733
N[C@@H](CS)C(=O)O,0.6219268289038751,-0.2605110221088722,-0.8824378510127473,0.8824378510127473
COc1ccc(Cc2nccc3cc(OC)c(OC)cc23)cc1OC,-3.8699998600248966,-3.838130746451183,0.03186911357371347,0.03186911357371347
CC(C=NNC(N)=O)=NNC(N)=O,-1.9500000706012284,-1.5019871488965186,0.44801292170470974,0.44801292170470974
O=C1COC2(CCN(CCc3c[nH]c4ccccc34)CC2)CN1,-2.989999990583246,-1.8901283110343141,1.099871679548932,1.099871679548932
O=[N+]([O-])C(CCl)([N+](=O)[O-])[N+](=O)[O-],-0.2586001894004668,-1.6937763602131417,-1.435176170812675,1.435176170812675
C=CC(C#N)OC(C)=O,-0.8986941492814142,-0.9080686956382658,-0.009374546356851532,0.009374546356851532
CCC(=O)C(C)=O,-0.1764000663881129,0.15189412035843297,0.32829418674654587,0.32829418674654587
OCC1OC(n2c(-c3ccco3)nc3ccccc32)C(O)C(O)C1O,-2.329999903386685,-2.873380528707446,-0.5433806253207609,0.5433806253207609
CCC(N)CO,1.0498999742852564,1.1548361740504158,0.10493619976515944,0.10493619976515944
O=C([O-])CN(CCN(CC(=O)[O-])CC(=O)[O-])CC(=O)[O-],-0.0836304456922079,-0.11282157461461395,-0.02919112892240605,0.02919112892240605
Nc1c(Oc2ccccc2)c(Oc2ccccc2)c(N)c2c1C(=O)c1ccccc1C2=O,-8.271656997933762,-6.611685630304715,1.6599713676290477,1.6599713676290477
CC(C(=O)O)N(CCC#N)CCC#N,-0.17000002964141725,-0.13239399219683268,0.03760603744458457,0.03760603744458457
C=CCl,-1.3600001044570267,-1.1531229134088472,0.20687719104817948,0.20687719104817948
C=CC(N)=O,0.9544000089625322,0.3129980710197091,-0.6414019379428231,0.6414019379428231
O=C(O)CC(CC(=O)O)C(=O)O,0.2750001167753253,0.0805704375128653,-0.19442967926246002,0.19442967926246002
COc1cc2ncnc(N3CCN(C(=O)Nc4ccsc4)CC3)c2cc1OC,-5.300000155338895,-3.675547507327007,1.6244526480118884,1.6244526480118884
CCCC=C(C=O)CC,-2.4600000540304934,-2.1178871233176917,0.3421129307128017,0.3421129307128017
CC12CCCC(C)(CC1)C2=NO,-3.074152207871183,-3.1043402615354014,-0.030188053664218284,0.030188053664218284
CC12CCC(CC1)C(C)(C)O2,-4.171352354144204,-2.6241256655152436,1.5472266886289607,1.5472266886289607
C=CC(=O)OCCOCCOC[C@@H](CC)CCCC,-3.994274117117773,-3.3795731112385865,0.6147010058791866,0.6147010058791866
COc1ccc2cc(C(C)C(=O)OCCCCN3CCOCC3)ccc2c1,-3.7000000244213958,-4.358154226727031,-0.658154202305635,0.658154202305635
OC(CI)CI,-1.3970999727755318,-1.017061193428316,0.38003877934721575,0.38003877934721575
COc1c2c(cc3oc(=O)ccc13)OC(C)(C)C=C2,-3.8099998900107925,-4.629560015008126,-0.8195601249973334,0.8195601249973334
CCC(C)[N+](=O)[O-],-0.620000043056578,-1.0702743165255255,-0.45027427346894755,0.45027427346894755
COc1cc(S(=O)(=O)[O-])c(C)cc1NC(=O)C(N=Nc1ccc(-c2nc3ccc(C)c(S(=O)(=O)[O-])c3s2)cc1)C(C)=O,-0.7697043623263182,-1.508707064921439,-0.7390027025951207,0.7390027025951207
OCC(O)C(O)C(O)C(O)C(O)CO,0.37219984078293544,0.5835304213738013,0.21133058059086585,0.21133058059086585
CC(=O)CC(=O)OCCOC(=O)CC(C)=O,-0.03375596893992272,-0.4799215163200721,-0.44616554738014935,0.44616554738014935
CC(C)CN,1.135899974428122,1.0919344809200733,-0.04396549350804868,0.04396549350804868
N=C(N)N,0.7166396923840548,-0.1591287641926269,-0.8757684565766817,0.8757684565766817
C[N+](CCO)(CCO)CCO,0.3926661228105628,0.797725072198646,0.4050589493880832,0.4050589493880832
CC12CCc3c(ccc4cc(O)ccc34)C1CCC2=O,-4.959999939424736,-4.564079405840741,0.39592053358399504,0.39592053358399504
CCCCCCCCCO,-3.0130119125727766,-3.1185563523509328,-0.1055444397781562,0.1055444397781562
C=CC(=O)OCCCOCC(C)(C)COCCCOC(=O)C=C,-3.049542166679872,-3.2570796209981707,-0.20753745431829884,0.20753745431829884
O=c1ccn(CCO)c(C(O)c2ccccc2)c1O,-2.8199999251814134,-1.7256257962407917,1.0943741289406217,1.0943741289406217
CC(C#N)NC=O,1.0083088592766205,0.005812920746605332,-1.0024959385300152,1.0024959385300152
C/C=C/CC(C)C(O)C1C(=O)NC(CC)C(=O)N(C)CC(=O)N(C)C(CC(C)C)C(=O)NC(C(C)C)C(=O)N(C)C(CC(C)C)C(=O)NC(C)C(=O)NC(C)C(=O)N(C)C(CC(C)C)C(=O)N(C)C(CC(C)C)C(=O)N(C)C(C(C)C)C(=O)N1C,-4.6399997362114105,-1.3189813404941022,3.3210183957173083,3.3210183957173083
CCC(=O)CC(C)CC,-1.6308176090080544,-2.095890622707941,-0.46507301369988663,0.46507301369988663
C=C1CCO[C@]2(C(O)C(C)(O)CO)NC(=O)[C@@]1(O)NC2=O,-0.19710002778629532,-0.7162138471091675,-0.5191138193228721,0.5191138193228721
CCCCCCCCCCCO,-4.4804405750487195,-4.196850504715751,0.2835900703329681,0.2835900703329681
C[N+](C)(C)CCO,0.6032049715480459,0.8370248765493837,0.23381990500133787,0.23381990500133787
COc1nn(CSP(=S)(OC)OC)c(=O)s1,-3.0999998817057905,-4.20908067834564,-1.1090807966398497,1.1090807966398497
CC(O)C(F)(F)F,0.30940000789103994,-0.09721843808888053,-0.4066184459799205,0.4066184459799205
CCCCCCCCCCCCCCCCCCN(CCO)CCO,-5.775274172330304,-4.519025178901699,1.2562489934286054,1.2562489934286054
CC/C(CC(C)CC)=N\O,-2.130728254113078,-1.7758886491963533,0.35483960491672484,0.35483960491672484
C=CC(=O)OC(C)COCC(C)OCC(C)OC(=O)C=C,-1.875569105775872,-1.5965052795679031,0.279063826207969,0.279063826207969
O=[N+]([O-])CCl,-0.28099990948353426,-1.5432586569805091,-1.2622587474969749,1.2622587474969749
Nc1ccc(N=Nc2ccc(NC(=O)c3ccc(N=Nc4c(S(=O)(=O)[O-])cc5c(c4N)C(=O)/C(=N/Nc4ccccc4)C(S(=O)(=O)[O-])=C5)cc3)cc2)c(N)c1,-1.3406827460012931,-3.2067430793774627,-1.8660603333761696,1.8660603333761696
O=C([O-])[C@H](O)[C@@H](O)[C@H](O)[C@H](O)CO,-0.1798001284650419,0.3030465436063077,0.48284667207134957,0.48284667207134957
CCCCP(=O)(CCCC)CCCC,-0.5931999062018876,-2.1173891247989745,-1.524189218597087,1.524189218597087
CN(C)[C@@H]1C(O)=C(C(N)=O)C(=O)[C@@]2(O)C(=O)C3=C(O)c4c(O)cccc4[C@@](C)(O)[C@H]3[C@H](O)[C@@H]12,-3.089999892377473,-2.0137493280685943,1.0762505643088787,1.0762505643088787
S=C([S-])NCCNC(=S)[S-],-0.10780019168347499,-1.238611297354059,-1.130811105670584,1.130811105670584
CCCCCCCCCCCCOCCO,-1.4593774315034131,-4.317756565100411,-2.8583791335969977,2.8583791335969977
FC(Cl)Cl,-0.7383000882231108,-1.6260145174702718,-0.887714429247161,0.887714429247161
CC(C)(C)C(=O)C1C(=O)c2ccccc2C1=O,-4.10699983349994,-4.012242576386426,0.09475725711351402,0.09475725711351402
CCCCCCCCBr,-5.063099795185274,-5.584849180089566,-0.5217493849042913,0.5217493849042913
CCCCCCCCCCCCCCCCCC(=O)NCCCN(C)C,-4.566614064421239,-4.770863451964993,-0.20424938754375344,0.20424938754375344
CCCCOP(=O)(OC)OCCCC,-1.4995000160155096,-1.9860610461936485,-0.4865610301781389,0.4865610301781389
CCOC(=S)SC(C)C(=O)O,-1.448899989329474,-1.846225731202953,-0.397325741873479,0.397325741873479
CN=C(N)N,-1.6135000067041836,0.19261533803658892,1.8061153447407725,1.8061153447407725
O=C1CC2OCC=C3C[N+]4(O)CCC56c7ccccc7N1C5C2C3CC64,-1.280000053653695,-1.2069187369877605,0.07308131666593454,0.07308131666593454
C=CC(=O)OCC(C)C,-1.8067597911691868,-1.8230826220267278,-0.016322830857540938,0.016322830857540938
Cc1cc(=O)oc2c1cc(C)c1oc3c(c12)CCCC3,-5.09000002198015,-5.794699246626428,-0.7046992246462782,0.7046992246462782
CCOC(=O)C(Cl)Cc1cc(-n2nc(C)n(C(F)F)c2=O)c(F)cc1Cl,-4.272699750802371,-4.981447375219757,-0.708747624417386,0.708747624417386
O=C(O)[C@@H]1C[C@@H](C2CCCCC2)CN1,0.6312682843009099,-1.8133258274221218,-2.4445941117230316,2.4445941117230316
CCOC(=O)CC(=O)C(F)(F)F,-1.6630245091077942,-1.8702802716304152,-0.207255762522621,0.207255762522621
CCOCCOCCOC(C)=O,0.7539643885818061,-0.10144972328810908,-0.8554141118699152,0.8554141118699152
O=C(O)C(Br)=C(Br)Br,-1.359300019582888,-0.9925486904582108,0.3667513291246771,0.3667513291246771
CC(C)N(N=O)C(C)C,-1.000599870775988,-0.6265773819830307,0.3740224887929573,0.3740224887929573
C=C(C)C(=O)OCCCCCCCCCCCCOC(=O)C(=C)C,-7.4842204328410755,-5.460201117709875,2.0240193151312003,2.0240193151312003
CN(C)C(=S)SC(=S)N(C)C,-2.830299128960169,-3.656119573318307,-0.8258204443581381,0.8258204443581381
O[Si](O)(c1ccccc1)c1ccccc1,-2.7330205245473174,-2.261259221881841,0.47176130266547656,0.47176130266547656
CO[C@H]1C[C@H](OC2/C(C)=C/C[C@@H]3C[C@@H](C[C@]4(C=C[C@H](C)[C@@H](C5CCCCC5)O4)O3)OC(=O)[C@@H]3C=C(C)[C@@H](O)[C@H]4OC/C(=C\C=C\[C@@H]2C)[C@]43O)O[C@@H](C)C1O[C@H]1C[C@H](OC)[C@@H](O)[C@H](C)O1,-7.555881289417117,-3.6149104342038467,3.9409708552132705,3.9409708552132705
CCCCS(=O)(=O)C(S(=O)(=O)CCCC)S(=O)(=O)CCCC,-2.9700000119266106,-2.683141349695799,0.2868586622308116,0.2868586622308116
CC(C)(C)N(CC(=O)c1ccc(O)c(CO)c1)Cc1ccccc1,-1.348776685830932,-2.902616221484173,-1.5538395356532408,1.5538395356532408
O=C(c1ccccc1)c1ccccn1,-2.019999978877354,-2.3969689248618575,-0.37696894598450337,0.37696894598450337
COCCOCCO,0.9202999791370048,0.9288663162489597,0.00856633711195487,0.00856633711195487
CCCC(C)CC,-4.306300147987709,-4.1437337947854145,0.16256635320229496,0.16256635320229496
CCCCCCC#CC(=O)OC,-3.651887607235132,-3.1192777999589034,0.5326098072762284,0.5326098072762284
C=CC(=O)OCCCCCCCCCCCC,-4.3809108661750304,-5.536832971804991,-1.1559221056299602,1.1559221056299602
O=C(O)CN(CCCN(CC(=O)O)CC(=O)O)CC(=O)O,-1.469072674199225,-0.5070939605168938,0.9619787136823312,0.9619787136823312
C#CC(C)(O)CC(C)C,-1.0365980688685097,-0.7577984256319139,0.2787996432365958,0.2787996432365958
C=C(C)C=O,-0.06751119913477144,-0.053625796630119904,0.013885402504651534,0.013885402504651534
CCCCN(c1nc(NCCCN(CCN(CCCNc2nc(N(CCCC)C3CC(C)(C)N(C)C(C)(C)C3)nc(N(CCCC)C3CC(C)(C)N(C)C(C)(C)C3)n2)c2nc(N(CCCC)C3CC(C)(C)N(C)C(C)(C)C3)nc(N(CCCC)C3CC(C)(C)N(C)C(C)(C)C3)n2)c2nc(N(CCCC)C3CC(C)(C)N(C)C(C)(C)C3)nc(N(CCCC)C3CC(C)(C)N(C)C(C)(C)C3)n2)nc(N(CCCC)C2CC(C)(C)N(C)C(C)(C)C2)n1)C1CC(C)(C)N(C)C(C)(C)C1,-5.359014409663162,-4.188506816654413,1.1705075930087494,1.1705075930087494
COc1cc2nc(N3CCN(C(=O)c4ccco4)CC3)nc(N)c2cc1OC,-5.09000002198015,-3.099882522846504,1.990117499133646,1.990117499133646
CCCCCCl,-2.7323999328739723,-2.641019485650603,0.09138044722336947,0.09138044722336947
COC(=O)C1=CCCN(C)C1,0.8090999194145172,0.04268196940713276,-0.7664179500073844,0.7664179500073844
CCOC(=O)CN(N=O)C(N)=O,0.7565996818096465,-1.030700115944212,-1.7872997977538585,1.7872997977538585
C=CC(C)(C)O,0.35105730481930886,-0.04076035827783153,-0.3918176630971404,0.3918176630971404
O=C([O-])CCC(=O)C(=O)[O-],0.42952563909583397,-0.04262243969564361,-0.4721480787914776,0.4721480787914776
C=CC(=O)OCCC(F)(F)C(F)(F)C(F)(F)C(F)(F)C(F)(F)C(F)(F)F,-6.354159252749538,-4.963950155730711,1.3902090970188272,1.3902090970188272
CCCCNC(=O)OCC#CI,-3.2033374000079724,-2.7958680193154914,0.40746938069248095,0.40746938069248095
CN(C)C(=S)SSC(=S)N(C)C,-4.116196124439509,-4.26488851398746,-0.14869238954795083,0.14869238954795083
CC(C)CC(NC=O)C(=O)O,-0.7328001800541344,-0.8693119643235256,-0.13651178426939126,0.13651178426939126
CCCCCCCCCCCC(=O)OC,-4.690000040317071,-5.280300957165775,-0.5903009168487037,0.5903009168487037
CCCCC(CC)C(=O)OCC,-3.4232911715203542,-4.0163345527301315,-0.5930433812097773,0.5930433812097773
ICCI,-3.2195999385920206,-3.026142510539349,0.19345742805267152,0.19345742805267152
CCOC(=O)CCC(=O)OCC,-0.9600001227939479,-0.8444547978995312,0.11554532489441671,0.11554532489441671
CCCCCOC(=O)CCCC,-3.624481143225782,-4.00524622147909,-0.38076507825330763,0.38076507825330763
OCC1OCOC2COCOC12,-0.620000043056578,0.799511711675148,1.419511754731726,1.419511754731726
CCCCCCCC/C=C/CCCCCCCCOC(=O)C(CC(=O)[O-])S(=O)(=O)[O-],-0.9624269293572669,-1.9868962184428396,-1.0244692890855727,1.0244692890855727
O=C(O)C1OC(c2ccccc2)OC1C1COC(c2ccccc2)O1,-2.450000047680077,-2.939771547800148,-0.48977150012007087,0.48977150012007087
CC(=O)C(C)(C)C,-0.7219000451259987,-0.7262135811060051,-0.004313535980006389,0.004313535980006389
N#Cc1sc2c(=O)c3ccccc3c(=O)c=2sc1C#N,-6.329999856194263,-6.365133195497512,-0.03513333930324869,0.03513333930324869
C=CC(C)(O)CC/C=C(\C)CC,-2.409128695091643,-2.38850009033109,0.02062860476055306,0.02062860476055306
CCOP(=S)(OCC)SCCS(=O)(=O)CC,-2.5402998980356175,-3.7253061657199353,-1.1850062676843178,1.1850062676843178
CC(=O)OCCOC(C)=O,0.06847494272766097,-0.13308849382260712,-0.2015634365502681,0.2015634365502681
C#CCN(CC)CC,-0.6020132680097552,-0.2689215729737904,0.3330916950359648,0.3330916950359648
CCCOP(=O)(OC)OCCC,-0.6591998936439203,-0.884919458506519,-0.2257195648625987,0.2257195648625987
CCCCCCCC/C=C\CCCCCCCCCCCC(=O)OCCCCCCCC/C=C\CCCCCCCC,-7.071179344767424,-7.4125173614603295,-0.3413380166929052,0.3413380166929052
CC1=CCC(C(C)CC2CCCC2=O)CC1,-4.680366894237211,-3.682037556931475,0.9983293373057358,0.9983293373057358
CCCCCCCC/C=C\CCCCCCCC(=O)NCC(C)O,-5.530921265024967,-4.544427188659952,0.9864940763650143,0.9864940763650143
CCC1(c2ccccc2)C(=O)NCNC1=O,-2.6400001002495945,-2.2247449137576165,0.415255186491978,0.415255186491978
CCC(O)CC,-0.2334001298208448,0.2464416652163206,0.4798417950371654,0.4798417950371654
CCCCCCCCCC(=O)OC,-4.626748509014844,-4.48937172977939,0.13737677923545366,0.13737677923545366
NC(CSSCC(N)C(=O)O)C(=O)O,-3.309999912931944,-1.5181995403778825,1.7918003725540617,1.7918003725540617
OCC(O)C(O)C(O)C(O)CO,1.089999953450318,0.6297474619172534,-0.4602524915330646,0.4602524915330646
Cc1c(OCc2ccccn2)ccc2c(=O)cc(N3CCOCC3)oc12,-4.449999751730287,-3.5683138349042305,0.8816859168260565,0.8816859168260565
NNC(N)=S,-0.8457608694863552,-0.24459985368558934,0.6011610158007659,0.6011610158007659
C[C@H](C[C@H](C)C(=O)[O-])C(=O)[O-],-0.45639997184619485,-0.3977584333944266,0.05864153845176823,0.05864153845176823
CCCCC(C)CC,-5.159099937855346,-4.6917160040398915,0.4673839338154542,0.4673839338154542
CCNC(C)C,1.0596998007553027,0.19528821605829538,-0.8644115846970073,0.8644115846970073
CCOC(=O)C(C)CC,-2.336416485613289,-1.4594610440520848,0.8769554415612042,0.8769554415612042
FC(F)(Br)C(F)(F)Br,-4.937600083164879,-4.173799451049139,0.76380063211574,0.76380063211574
CC(=O)C=C(C)[O-],-1.8656838964588924,0.12409962058778046,1.989783517046673,1.989783517046673
C=CC#N,0.14739974160214642,-0.10642616787875658,-0.253825909480903,0.253825909480903
O=c1occo1,0.7770763132732661,-0.12678405318204744,-0.9038603664553135,0.9038603664553135
CCSS(=O)(=O)CC,-1.1089999995322897,-1.636793182702292,-0.5277931831700022,0.5277931831700022
CCC(O)CN,1.0498999742852564,0.9741159568807443,-0.07578401740451213,0.07578401740451213
CCCCOCCOCCOCCCC,-1.8620060337316537,-2.3468583175568085,-0.4848522838251548,0.4848522838251548
C=C(Br)C(F)(F)F,-2.238585241744987,-2.6780723389325787,-0.4394870971875915,0.4394870971875915
Cc1cccc2[n-]c(=S)[nH]c12,-4.087958777749833,-2.439455810790953,1.6485029669588798,1.6485029669588798
C=C(C)CO,0.42979989914962013,0.4479511757579995,0.01815127660837934,0.01815127660837934
CCCCCCCCC(=O)N(C)C,-2.1440496804445637,-2.7746136141193993,-0.6305639336748357,0.6305639336748357
CCCCN(CCCC)N=O,-2.0954999995876404,-2.7770495785718037,-0.6815495789841632,0.6815495789841632
CCN1C(=O)C(C(N)=O)=C(C)/C(=N/Nc2cc(Nc3nc(F)nc(Nc4cc(S(=O)(=O)[O-])ccc4Cl)n3)ccc2S(=O)(=O)[O-])C1=O,-0.9210343601075284,-1.6019515340818686,-0.6809171739743403,0.6809171739743403
O=C1OC([C@@H](O)C[O-])C(=O)C1O,0.5110429716862988,0.09634597385393784,-0.4146969978323609,0.4146969978323609
Cc1cc(Nc2nc(NCCO)nc(Nc3ccc(N=Nc4cc(S(=O)(=O)[O-])c5cccc(S(=O)(=O)[O-])c5c4)c(C)c3)n2)ccc1N=Nc1cc(S(=O)(=O)[O-])c2cccc(S(=O)(=O)[O-])c2c1,-1.174873478737,0.11751601752901708,1.2923894962660172,1.2923894962660172
CC(=O)O,1.0017173579640732,0.4789281270961716,-0.5227892308679016,0.5227892308679016
CC(=O)N[C@H](C(=O)O)C(C)C,-0.35990019653593386,-0.4087220267064078,-0.04882183017047392,0.04882183017047392
CCCCP(=O)(CCCC)OCC,-1.2005000440209213,-1.7845716898167963,-0.584071645795875,0.584071645795875
CCCCCC(=O)CCCCC,-3.532200056761733,-4.658046837575923,-1.1258467808141899,1.1258467808141899
CC(CCOS(=O)(=O)c1ccccc1)[N-]c1ccc([N-]C(C)CCOS(=O)(=O)c2ccccc2)c2c1C(=O)c1ccccc1C2=O,-0.4376462491216535,-4.284448403305056,-3.8468021541834028,3.8468021541834028
CC(C)CCCCCCCOC(=O)CCCCCCCCC(=O)OCCCCCCCC(C)C,-7.252394428389657,-7.208556124002877,0.043838304386779825,0.043838304386779825
CC(SCSC(C)C(=O)O)C(=O)O,-1.820000124222604,-0.993912228650148,0.826087895572456,0.826087895572456
CCSCCSP(=O)(OC)OC,-1.843800014053949,-2.3118804921470177,-0.46808047809306874,0.46808047809306874
NCCCCCC(=O)O,0.585400128691818,-0.007383154850267193,-0.5927832835420852,0.5927832835420852
CC(C)CCC(C)(O)C#CC(C)(O)CCC(C)C,-3.437525220649984,-2.060874531620338,1.376650689029646,1.376650689029646
CCCCCCCCCCCC(=O)OCC[N+](C)(C)C,-2.2111003399049616,-1.8716785349036413,0.33942180500132024,0.33942180500132024
CN(CC(=O)O)C(=N)N,-0.9387417003825695,-0.192526938845754,0.7462147615368155,0.7462147615368155
CCOC(=S)SC(CC(N)=O)C(=O)O,-1.7000000480176067,-2.032963873048355,-0.3329638250307483,0.3329638250307483
CC(C)(C)N,1.1358506784303715,1.1805267424253398,0.044676063994968374,0.044676063994968374
O=C(Nc1ccccc1)Nc1cnns1,-3.8499998473240638,-3.785816390163799,0.06418345716026463,0.06418345716026463
CCOS(C)(=O)=O,0.40199995230739294,-0.6917278986129887,-1.0937278509203816,1.0937278509203816
CCCCCCCCCCCCCC(=O)[O-],-6.707031171148296,-4.980045298996428,1.726985872151868,1.726985872151868
CCC1(CC)C(=O)NCC(C)C1=O,-0.38000016300016215,-1.3894769322835259,-1.0094767692833637,1.0094767692833637
C[S+](C)(C)=O,-0.7568846793752577,-0.13456247139072142,0.6223222079845363,0.6223222079845363
CCOC(C)C,-0.5606999536514286,-0.31502585913564607,0.24567409451578248,0.24567409451578248
COc1ccc(C(=O)Nc2ccccc2)cc1N/N=C1\C(=O)C(C(=O)Nc2ccc3[nH]c(=O)[nH]c3c2)=Cc2ccccc21,-8.479082572912723,-7.240099026077662,1.2389835468350618,1.2389835468350618
CC1COC(Cn2cncn2)(c2ccc(Oc3ccc(Cl)cc3)cc2Cl)O1,-4.9099997714958645,-4.491958544070216,0.41804122742564864,0.41804122742564864
CC(C)C(=O)OC(=O)C(C)C,0.5917900883561007,-0.9918808794831522,-1.5836709678392529,1.5836709678392529
COCOC,0.5059998004688611,0.4402266835579147,-0.06577311691094634,0.06577311691094634
N#C[O-],0.5685384462787493,-0.7331449796848131,-1.3016834259635623,1.3016834259635623
O=c1[n-]c(=O)n(Cl)c(=O)n1Cl,-0.8951599530669583,-1.0614184675593752,-0.1662585144924169,0.1662585144924169
ClCCCCl,-1.6137000504077645,-1.7409362888461744,-0.1272362384384098,0.1272362384384098
O=C(Nc1cc(S(=O)(=O)[O-])cc2c1C(=O)/C(=N/Nc1ccc3c(CNc4nc(F)nc(F)c4Cl)cccc3c1S(=O)(=O)[O-])C(S(=O)(=O)[O-])=C2)c1ccccc1,-0.8900866867790702,-0.6308146589609911,0.2592720278180791,0.2592720278180791
O=C(O)CC1(O)CC(=O)N(c2ccccc2)C1=O,-0.680000081159077,-1.7899640183221723,-1.1099639371630954,1.1099639371630954
NNC(=O)CCCCC(=O)NN,-0.232458058792,-0.08562489094928516,0.14683316784271483,0.14683316784271483
Cc1ccc(S(=O)(=O)NC(=O)NN2CCCCCC2)cc1,-3.6777998714231463,-4.28531516856938,-0.6075152971462341,0.6075152971462341
C=CC(C)C,-2.732000117820389,-2.6794059522750526,0.05259416554533658,0.05259416554533658
CCCOCC(O)COCCC,-0.34310006603165943,-0.4965525152519521,-0.15345244922029266,0.15345244922029266
O=S1OCCO1,0.22139984306594362,0.20622266753735197,-0.015177175528591658,0.015177175528591658
CCCCCCC=O,-1.750124545355171,-2.149608416986547,-0.3994838716313758,0.3994838716313758
CCOC(=O)NCC(C)C,-0.7680002459841728,-1.2305271622532545,-0.4625269162690817,0.4625269162690817
O=C(O)CCCCCCCCCCBr,-3.698999805903491,-3.9265179257116616,-0.22751811980817038,0.22751811980817038
O=C(O)CN1CCCCS1(=O)=O,-0.5900000240053287,-1.1156601339466776,-0.5256601099413489,0.5256601099413489
CCC(=O)OCCC(C)C,-2.87007354346605,-2.4963584737750897,0.37371506969096036,0.37371506969096036
O=c1c2ccc3c(=O)n4c5ccccc5nc4c4ccc(c2c34)c2nc3ccccc3n12,-5.633055491172099,-6.109553328969554,-0.4764978377974547,0.4764978377974547
CCC(C)C(O)C(C)CC,-2.5107998861107284,-1.97418180014996,0.5366180859607683,0.5366180859607683
OCC(S)CS,-0.15470002264881577,-0.08386221858771137,0.0708378040611044,0.0708378040611044
NC(Cc1ccc(O)c(O)c1)C(=O)OC1CCCCC1,-1.2700000473032786,-2.053561838031301,-0.7835617907280223,0.7835617907280223
CC[S+]([O-])CSP(=S)(OC(C)C)OC(C)C,-2.307400003423247,-2.7198005499239106,-0.4124005465006637,0.4124005465006637
NC(=O)C1(N2C(=O)c3cccc(Cl)c3C2=O)CCCCC1,-4.009699747198566,-3.9717491824768816,0.03795056472168401,0.03795056472168401
CC(C)(CO)[C@@H](O)C(=O)NCCCO,0.394426071636349,0.18106455040885505,-0.21336152122749397,0.21336152122749397
COc1ccc(C(=O)CSc2cccc(OC)c2)cc1,-5.284725068698748,-5.468162829877039,-0.1834377611782907,0.1834377611782907
Cl/C=C/C[N+]12CN3CN(CN(C3)C1)C2,0.08289987767178664,-0.07883457152426177,-0.1617344491960484,0.1617344491960484
CCOC(=O)CCCCCC(=O)OCC,-2.040800098304116,-2.2887168202755985,-0.24791672197148262,0.24791672197148262
C=C1C2CCC(C)(OCC)C1CCC2(C)C,-4.734296171069705,-4.511389473968282,0.22290669710142286,0.22290669710142286
Nc1ccc(C2(c3ccc(N)c(Cl)c3)c3ccccc3-c3ccccc32)cc1Cl,-6.904485609256188,-5.539395546627309,1.3650900626288793,1.3650900626288793
CC(CCOC(=O)CC(C)CC(C)(C)C)CC(C)(C)C,-8.27796634093874,-6.227036041046303,2.0509302998924364,2.0509302998924364
CC(C)(S(C)(=O)=O)S(C)(=O)=O,-1.4503999766643576,-1.169399307981214,0.28100066868314366,0.28100066868314366
O=S(=O)(CCCl)CCOCCS(=O)(=O)CCCl,-1.940799966711557,-2.4215201020401427,-0.4807201353285857,0.4807201353285857
CCCCOCCOC(=O)CCCCC(=O)OCCOCCCC,-4.958732950576461,-3.2761162169584255,1.682616733618035,1.682616733618035
O=C(O)C(Br)=C(Br)I,-1.0197001634294698,-1.6786498424501948,-0.658949679020725,0.658949679020725
COc1cc(OC)nc(NC(=O)NS(=O)(=O)Nc2ccccc2C(=O)C2CC2)n1,-6.394299812597831,-4.66349499856494,1.7308048140328909,1.7308048140328909
c1ccc2c(c1)ccc1ncccc12,-3.3573999212446317,-3.405472847161979,-0.04807292591734713,0.04807292591734713
CCCS[S+]([O-])CCC,-0.9199000074520969,-1.2798882525096242,-0.35998824505752736,0.35998824505752736
CCOP(=O)(Sc1ccccc1)Sc1ccccc1,-3.3304998646707427,-5.005656340126362,-1.6751564754556192,1.6751564754556192
CCOP(=S)(OCC)SCCSCC,-4.226200007244192,-4.553669915884696,-0.32746990864050396,0.32746990864050396
O=C(c1ccc(F)cc1)C1CCN(CCn2c(=O)[nH]c3ccccc3c2=O)CC1,-4.597099689903374,-3.588799760433724,1.0082999294696497,1.0082999294696497
CC(C)CN(C=O)CC(C)C,-1.082666676711551,-1.512190875723829,-0.429524199012278,0.429524199012278
COC(C)COC(C)COCCC[Si](C)(O[Si](C)(C)C)O[Si](C)(C)O[Si](C)(C)C,-6.2877395684426745,-5.648266438544454,0.6394731298982208,0.6394731298982208
CCCCCCCC/C=C\CCCCCCCCCCCC(=O)NCCCCCCCCCCCCCCCCCC,-7.7709093421928905,-7.0415445518652575,0.729364790327633,0.729364790327633
CCCCC(=O)N(Cc1ccc(-c2ccccc2-c2nnn[nH]2)cc1)C(C(=O)O)C(C)C,-4.199999729146666,-5.150124934198498,-0.9501252050518323,0.9501252050518323
CCCCC(=O)OCC,-1.770599951227686,-1.6316963578298433,0.13890359339784264,0.13890359339784264
CC(C)(O)[C@@H]1C2OC(=O)C1[C@]1(O)C[C@H]3O[C@]34C(=O)O[C@H]2[C@]14C,-2.1672000750790197,-1.8640507282240075,0.30314934685501216,0.30314934685501216
CC[C@H](C)[C@@H](NC(C)=O)C(=O)O,-0.5912000138732356,-0.67397916059398,-0.08277914672074438,0.08277914672074438
CC(C)(CO)CO,0.9014228802412965,0.6007742158578351,-0.3006486643834614,0.3006486643834614
Cc1ccccc1Oc1cccnn1,-1.969000000960946,-2.3415835096206568,-0.3725835086597107,0.3725835086597107
CCOP(=O)(OCC)SCCSCC,-3.023149946865791,-2.775804820584392,0.24734512628139926,0.24734512628139926
Nc1nc2c(ncn2COCCOC(=O)c2ccc(CN3CCOCC3)cc2)c(=O)[nH]1,-2.749999999883189,-2.882541754123753,-0.13254175424056402,0.13254175424056402
NCCCCCCCCCCC(=O)O,-2.4007754065666536,-2.2082547216259427,0.19252068494071084,0.19252068494071084
COCCOC,1.045169192622628,0.5874770970832519,-0.4576920955393762,0.4576920955393762
COC(=O)CC(=O)OC,0.027341926438457342,-0.07617585588864983,-0.10351778232710718,0.10351778232710718
CN(C)C(=O)N(C)C,0.9349000374322567,1.384130651987491,0.4492306145552343,0.4492306145552343
O=C(O)C(Br)=C(Cl)Br,-1.0071001336396588,-0.8854766939286107,0.12162343971104805,0.12162343971104805
CCCC[N+](C)(CCCC)CCCC,0.48506180204286453,0.5210830140127891,0.03602121196992458,0.03602121196992458
CC(C)C(C)C(C)C,-4.69610021577358,-4.204574043678311,0.49152617209526905,0.49152617209526905
CC1(C)OC(c2ccco2)CN1C(=O)C(Cl)Cl,-3.1498000399752786,-2.6324816775760205,0.5173183623992581,0.5173183623992581
NC(C(=O)O)C(O)C(O)C(O)CO,-0.858999976948668,-0.014247282095127822,0.8447526948535402,0.8447526948535402
CCCCCCCC/C=C\CCCCCCCCNCCCN,-6.102617028026329,-4.595958800762052,1.5066582272642774,1.5066582272642774
CC(Br)CBr,-2.1498000858175814,-2.2901974705063917,-0.14039738468881025,0.14039738468881025
CCC(C)C(C)(C)C,-4.677599781877262,-4.0735719723067305,0.6040278095705318,0.6040278095705318
CC(CCCO[N+](=O)O)O[N+](=O)O,-2.4400000413296605,-2.4281073818722194,0.011892659457441113,0.011892659457441113
O=C(O)[C@@H](O)[C@H](O)[C@H](O)[C@H](O)C(=O)O,0.19989970685343783,0.42284072050578114,0.2229410136523433,0.2229410136523433
CN1CCN(C2=Nc3ccccc3Oc3ccc(Cl)cc32)CC1,-4.420000005032617,-4.587332001155618,-0.16733199612300087,0.16733199612300087
CCC/C=C(/C=O)CC,-2.2559578594717626,-2.1178871233176917,0.13807073615407095,0.13807073615407095
O=C(c1ccccc1O)N1CCOCC1,-1.703699971384723,-1.3798692512632773,0.32383072012144565,0.32383072012144565
CCCCCCCC/C=C/CCCCCCCC(=O)OCCC(C)C,-8.070164373313965,-7.003777008748484,1.0663873645654807,1.0663873645654807
O=C1C(=C2Nc3ccccc3C=C2O)C(=O)c2ccccc21,-7.0463597631372945,-5.839983748516291,1.2063760146210036,1.2063760146210036
CCCCN(CCCC)C(=O)N(CCCC)CCCC,-4.820595215442021,-5.228552279261424,-0.40795706381940366,0.40795706381940366
O=C(Cl)OCCOCCOC(=O)Cl,-4.886548902775669,-1.9180845888307352,2.9684643139449336,2.9684643139449336
O=[N+](O)OCCCCCCCO[N+](=O)O,-3.400000072218284,-3.59202875041901,-0.1920286782007259,0.1920286782007259
S=c1cnc2cncnc2[nH]1,-2.7100000425699178,-1.8473024810764822,0.8626975614934356,0.8626975614934356
CCCCCC(C)O,-1.5507000376354987,-1.4865060267740584,0.06419401086144028,0.06419401086144028
CCCCCCCCCCC,-7.550499855054889,-6.529761129114041,1.0207387259408485,1.0207387259408485
CCCC(C(CC)CO)C(CC)CO,-2.925284609861613,-2.0741585774231424,0.8511260324384708,0.8511260324384708
CCO[Si](CC(C)C)(OCC)OCC,-3.0168461594482676,-3.0688929240890195,-0.052046764640751864,0.052046764640751864
O=[N+]([O-])OCC(O)CO[N+](=O)[O-],-0.3660000996388635,-0.9729640169649487,-0.6069639173260852,0.6069639173260852
CCCCCCCCCCC(C(=O)O)C(=O)O,-3.9899999362298937,-3.382601887299305,0.6073980489305888,0.6073980489305888
C=C(CC(=O)O)C(=O)O,-0.22502825316410657,-0.3749218581710676,-0.14989360500696103,0.14989360500696103
OCCCCCCCl,-1.0824422573626733,-1.462704502821241,-0.3802622454585678,0.3802622454585678
O=c1c2ccccc2c2cc3ccc4c(=O)c5c(Br)c(Br)ccc5c5cc6ccc1c2c6c3c45,-4.450427483025691,-7.075496421343953,-2.625068938318262,2.625068938318262
CC(C)(c1ccc(OS(=O)(=O)c2cccc(NNC3=C4C(=O)C=C(S(=O)(=O)O)C=C4C=CC3=N)c2)cc1)c1ccc(OS(=O)(=O)c2cccc(NNC3=C4C(=O)C=C(S(=O)(=O)O)C=C4C=CC3=N)c2)cc1,-2.9562873667013707,-3.6335282524925994,-0.6772408857912287,0.6772408857912287
CCCCCCCC(CC)CCCC(CC)CCCC,-6.269131010175599,-7.485722462827798,-1.2165914526521995,1.2165914526521995
O=C(O)/C=C/C=C/C(=O)O,-2.8499998931663666,-1.1431324394336866,1.70686745373268,1.70686745373268
C=C[C@@H](COC(C)=O)OC(C)=O,-0.8176813516955566,-1.2823777003960524,-0.4646963487004958,0.4646963487004958
CC(=O)OC1(C(C)=O)CCC2C3C=C(Cl)C4=CC(=O)C=CC4(C)C3CCC21C,-4.945300063542877,-4.458174580572811,0.4871254829700664,0.4871254829700664
O=C(O)/C=C/C(=O)O,-1.2196294785073274,-0.613311039162844,0.6063184393444834,0.6063184393444834
CC(Cc1cccc(CC(C)c2ccc(O)cc2)c1)c1ccc(O)cc1,-6.238635307611052,-4.7457095563169664,1.4929257512940852,1.4929257512940852
COC(OC(C)=O)C(OC(C)=O)C(OC(C)=O)C(COC(C)=O)OC(C)=O,-1.820000124222604,-1.1195005917604213,0.7004995324621828,0.7004995324621828
CC12CCC3C(CCC4CC5SC5CC43C)C1CCC2O,-5.406999841993341,-5.024280967254582,0.38271887473875843,0.38271887473875843
O=S1(=O)OC2(c3cc(O)ccc3Oc3ccc(O)cc32)c2ccccc21,-3.4999999655014618,-3.6814306169812636,-0.18143065147980186,0.18143065147980186
COCC(=O)N(c1c(C)cccc1C)N1CCOC1=O,-1.9130000198693298,-2.0175778023248734,-0.10457778245554361,0.10457778245554361
CCOP(=S)(OCC)SCSC(C)(C)C,-4.755000081594778,-5.187678407402387,-0.43267832580760945,0.43267832580760945
CCCCCCC(C)(C)S,-3.990160148222585,-4.145291793432569,-0.15513164520998401,0.15513164520998401
CO[Si](CCC(F)(F)C(F)(F)C(F)(F)C(F)(F)C(F)(F)C(F)(F)F)(OC)OC,-2.8923561344881628,-5.323972581162369,-2.4316164466742065,2.4316164466742065
O=C([O-])CN(CCN(CC(=O)[O-])CC(=O)O)CC(=O)O,-0.09135984025670973,-0.40346369616176947,-0.31210385590505973,0.31210385590505973
COc1cccc(N(C)C(=S)Oc2cccc(C(C)(C)C)c2)n1,-6.013999709991819,-5.213814273878543,0.8001854361132761,0.8001854361132761
CCCCCCCC/C=C\CCCCCCCCOCCO,-2.4949028460293423,-5.202603519693859,-2.707700673664517,2.707700673664517
CC(C)CC(=O)O,-0.3279247969781185,-0.7556550029672686,-0.4277302059891501,0.4277302059891501
O=S1(=O)CCCC1,-0.0798068738003459,-1.2950110934992585,-1.2152042196989126,1.2152042196989126
NC(CCC(=O)O)C(=O)O,-0.3378501784479617,0.09119740180153002,0.42904758024949174,0.42904758024949174
C=C(C)C(=O)OCCCC,-2.5443675327782236,-2.039790960206508,0.5045765725717155,0.5045765725717155
O=C1C(S(=O)(=O)O)=C(O)c2ccccc21,-2.2300000441477046,-1.043796646308057,1.1862033978396476,1.1862033978396476
CC1(C)COC(=O)C2CC=CCC2C(=O)OC1,-3.004181126519157,-1.8110041493401945,1.1931769771789624,1.1931769771789624
CCCCCCCCCCCCCCCCCCCCCCOC(=O)CCCCCCCCCCCCCCCCCCCCC,-7.113398779482202,-7.7624908930741885,-0.6490921135919869,0.6490921135919869
CCOC(/C=C(\C)CCC=C(C)C)OCC,-2.354799739382356,-3.316561336196139,-0.9617615968137829,0.9617615968137829
C/C=N/O,0.4958194960493221,0.541579799641235,0.045760303591912965,0.045760303591912965
CCCCCCCCCCCCCCCCCCCCCC(=O)[O-],-6.82983322097132,-6.144135424629443,0.6856977963418771,0.6856977963418771
C=CC(C)CCCC(C)(C)OC(C)=O,-4.030164190839537,-3.583050274254034,0.4471139165855029,0.4471139165855029
C=CBr,-1.2750000504784869,-1.347419139417727,-0.0724190889392402,0.0724190889392402
CC(C)(N=NC(C)(C)C(=N)N)C(=N)N,-0.1451393226208988,0.023441006130234587,0.16858032875113338,0.16858032875113338
CC(C)CC(N)C(=O)NC(CC(C)C)C(=O)O,-0.6900000875094934,-1.2773910425462023,-0.5873909550367089,0.5873909550367089
CC1CC(C)(C)OC(Cc2ccccc2)O1,-2.744685394280344,-2.795773580712065,-0.051088186431721194,0.051088186431721194
CCCC(=O)CCC,-1.4800000444852346,-1.714747585775744,-0.23474754129050934,0.23474754129050934
Nc1nc(=O)c(O[C@@H]2O[C@H](CO)[C@@H](O)[C@H](O)[C@H]2O)c(N)[nH]1,-1.483199926681793,-1.9097366792889259,-0.42653675260713286,0.42653675260713286
C/C=C\C=O,0.4120162998725334,-0.5703657821607373,-0.9823820820332707,0.9823820820332707
C=CCCCC=C,-3.3396000488412154,-3.1974371661224525,0.14216288271876287,0.14216288271876287
CC(C)(C(=O)O)C(=O)O,-0.16700005497165016,0.3285862280986125,0.49558628307026265,0.49558628307026265
CC(C)C[C@H](N)C(=O)N[C@@H](CCC(=O)O)C(=O)O,-0.8969000200814969,-0.9247371431872216,-0.027837123105724615,0.027837123105724615
c1ccc(CCOC2CCCCC2)cc1,-2.418090081069553,-4.331752134627661,-1.9136620535581077,1.9136620535581077
CC/C=C\CCOC(=O)C/C=C\CC,-4.509709324741065,-4.550269989984557,-0.040560665243491556,0.040560665243491556
CCCCC(CC)C(=O)OCC(COC(=O)C(CC)CCCC)OC(=O)C(CC)CCCC,-6.973765550846927,-6.9815450584699175,-0.007779507622990067,0.007779507622990067
C[C@@H](CCl)[N+](=O)[O-],-1.1887000528686444,-1.2110831593834095,-0.02238310651476505,0.02238310651476505
O=Nc1ccc(NNC(=O)c2ccccc2)cc1,-4.683499777453401,-4.777914005234498,-0.09441422778109754,0.09441422778109754
CCC(C)C(N)C(=O)O,-0.503300075165114,-0.5152501331392738,-0.011950057974159822,0.011950057974159822
CCCCCCCC/C=C\CCCCCCCC(=O)OCC(C)OC(=O)CCCCCCC/C=C\CCCCCCCC,-4.781755824816135,-7.04654823181378,-2.2647924069976453,2.2647924069976453
CCOC(=O)Nc1ccc2c(c1)N(C(=O)CCN1CCOCC1)c1ccccc1S2,-3.9000000152529353,-4.652312977682813,-0.7523129624298779,0.7523129624298779
O=C1C=Cc2ccccc2/C1=N/Nc1ccc(N=Nc2ccc(S(=O)(=O)O)cc2)cc1,-4.65844147791151,-5.233384648808921,-0.5749431708974111,0.5749431708974111
O=c1nc([N+](=O)[O-])[nH][nH]1,-0.87862550347874,-2.636053696893723,-1.7574281934149831,1.7574281934149831
CCC1(CC)C(=O)NC(=O)N=C1N,-1.3967000215451593,-1.6233579806632896,-0.22665795911813036,0.22665795911813036
Cc1c(Cc2cc(C(C)(C)C)c(O)c(C(C)(C)C)c2)c(C)c(Cc2cc(C(C)(C)C)c(O)c(C(C)(C)C)c2)c(C)c1Cc1cc(C(C)(C)C)c(O)c(C(C)(C)C)c1,-7.981472975106039,-7.537283352939612,0.44418962216642655,0.44418962216642655
C/C(N=O)=C(\C)NO,-2.286799927700066,-0.44964832662935184,1.837151601070714,1.837151601070714
BrCC(Br)Br,-2.7272000221719725,-2.686249040205956,0.04095098196601654,0.04095098196601654
CC(C)C(Br)C(=O)O,-1.1030000501927555,-0.8263261266381869,0.27667392355456855,0.27667392355456855
c1ccc(NNc2ccccc2)cc1,-2.9209999859161995,-4.125770442146362,-1.2047704562301629,1.2047704562301629
CCOC(=O)C(C)OC(C)=O,-0.6994000989259561,-0.5992989922440812,0.10010110668187489,0.10010110668187489
CC(=O)OCCC(C)CCC=C(C)C,-4.095938601429982,-3.970177974681159,0.1257606267488227,0.1257606267488227
O=c1cnc2c(=O)[nH]c(=O)[nH]c2[nH]1,-3.3399998979389958,-3.213382174477893,0.12661772346110256,0.12661772346110256
CN(C)NC(=O)CCC(=O)O,-0.204600100637502,-0.2613302616737072,-0.05673016103620521,0.05673016103620521
C=CF,-0.27600004248511567,-0.7398489630253775,-0.46384892054026183,0.46384892054026183
CCCCCCCC/C=C\CCCCCCCCOC(=O)CCCCCC/C=C\CCCCCCCCC,-7.027706538883306,-7.297345841852726,-0.26963930296941996,0.26963930296941996
O=c1[nH]c(=O)c2[nH]c(=O)c(=O)[nH]c2[nH]1,-4.059999912594414,-3.2269696221674087,0.833030290427005,0.833030290427005
CCCCOC(=O)CCC,-2.361047734743723,-2.5808621633563846,-0.21981442861266176,0.21981442861266176
COc1ccc2c(c1O)C13CCN(C)C(C2)C1C=CC(=O)C3,-1.870000019797897,-2.778398103272713,-0.9083980834748162,0.9083980834748162
CCC(C)C(=O)O,-0.35595379318006204,-0.5515134674406941,-0.19555967426063203,0.19555967426063203
CCC(C)C(C)=O,-0.6805001223296343,-1.022499549688498,-0.3419994273588638,0.3419994273588638
NC(CCCC(=O)O)C(=O)O,-1.8647999729191078,-0.2077101061530784,1.6570898667660294,1.6570898667660294
CCC(C)CCCC(C)(C)O,-2.7493445809959627,-2.4329266784479366,0.31641790254802604,0.31641790254802604
CCC(C)=O,0.5199998638301597,0.10968067742238707,-0.41031918640777265,0.41031918640777265
CCOP(=S)(OCC)OC(Cl)C(Cl)(Cl)Cl,-5.52629996950099,-4.907275691001356,0.6190242784996336,0.6190242784996336
O=C(O)CCl,0.9276998258712372,0.0817148672507102,-0.845984958620527,0.845984958620527
CC(=O)OCCOC(C)C,-0.16577528092807814,-0.5238728474420267,-0.35809756651394853,0.35809756651394853
O=c1ccc2ccc[nH]c-2c1,-2.503799922518474,-1.8004648829038827,0.7033350396145912,0.7033350396145912
CC(C)OCCO,-0.017655242425840267,0.28790395698221527,0.30555919940805554,0.30555919940805554
O=C(O)CCCCCCCCCCCC(=O)O,-3.789999945398354,-2.849688695158464,0.94031125023989,0.94031125023989
OCCSCCO,0.9129676760902985,0.6130655328661501,-0.29990214322414843,0.29990214322414843
C=CC(=C)CC/C=C(\C)CCC=C(C)C,-6.310389309111022,-5.143977777749658,1.1664115313613639,1.1664115313613639
C=C(C)OC(C)=O,-0.5277514347567931,-0.17374325722755213,0.35400817752924096,0.35400817752924096
CCCCCCCCC,-5.765699854623451,-5.758691924689019,0.007007929934431445,0.007007929934431445
C=C(Cl)CSC(=S)N(CC)CC,-3.3900000658678673,-3.7349126892374738,-0.3449126233696065,0.3449126233696065
CCCCCOC(=O)COc1cc(N2C(=O)C3=C(CCCC3)C2=O)c(F)cc1Cl,-6.350799771355841,-5.785303865220803,0.5654959061350375,0.5654959061350375
CC/C=C\C(=O)O,-0.20189998725792258,-1.1171330221004772,-0.9152330348425546,0.9152330348425546
CCCC(=O)OCCC(C)CCC=C(C)C,-5.142611924552302,-5.4816435149636895,-0.33903159041138764,0.33903159041138764
CSC(CCC(SC)C(=O)O)C(=O)O,-2.890000088789019,-1.1049968104552519,1.785003278333767,1.785003278333767
I/C=C\I,-2.781300047676234,-2.8428545268072645,-0.061554479131030515,0.061554479131030515
O=C(CCCCC(=O)NCCO)NCCO,0.41209991242120525,0.019160697286833894,-0.39293921513437136,0.39293921513437136
CC1Cc2ccccc2N1NC(=O)c1ccc(Cl)c(S(N)(=O)=O)c1,-3.789999945398354,-3.8364929482054593,-0.04649300280710511,0.04649300280710511
O=C(O)CO,0.5960161988373329,0.8108865588910192,0.21487036005368632,0.21487036005368632
CC1(C)C(=O)C(=O)C2CCC1C2,-1.5200000698869003,-1.1790797074069848,0.34092036247991553,0.34092036247991553
C/C(Cl)=C\C(=O)O,-0.605000169707743,-0.9530211985156503,-0.3480210288079073,0.3480210288079073
CC12CCC(=O)C=C1C=CC1C2CCC2(C)C1CCC21CCC(=O)O1,-4.100706014648951,-4.503537656470138,-0.40283164182118725,0.40283164182118725
ClCC(Br)CBr,-2.374000053887628,-2.383907119579301,-0.0099070656916731,0.0099070656916731
O=C1NC(=O)C(=O)C(=O)N1,-1.2500000346024458,-1.6848776155583407,-0.4348775809558949,0.4348775809558949
CCCCC(CC)C(=O)OOC(C)(C)C,-3.669517735270601,-5.263843583640339,-1.594325848369738,1.594325848369738
CCCCCCCCCCC(O)CCC,-5.8369998427076695,-5.085059664238685,0.7519401784689848,0.7519401784689848
CC1C(=O)CCC2C(O)CCC(O)C12,-0.30000011219683076,-0.1940118105570181,0.10598830163981265,0.10598830163981265
CP(=O)(O)O,-0.6813000247903793,0.7758292062362382,1.4571292310266175,1.4571292310266175
CCC(SC(CC)C(=O)O)C(=O)O,-0.7100001002103262,-0.9895473540205502,-0.27954725381022394,0.27954725381022394
c1ccc2c(c1)Nc1ccc3ccccc3c1S2,-6.572699849630259,-6.554867226709,0.017832622921258867,0.017832622921258867
C=CCS[S+]([O-])CC=C,-0.8300000402385339,-1.6563051377900313,-0.8263050975514974,0.8263050975514974
IC(I)I,-3.5952000354898015,-3.782184282837788,-0.18698424734798635,0.18698424734798635
O=C(c1cccc2ccccc12)N(O)c1ccccc1,-3.94329994470295,-3.765084018689748,0.17821592601320235,0.17821592601320235
CNC(=O)C(C)(C(C)C)C(C)C,-1.3948677628442188,-1.8688840510090299,-0.4740162881648111,0.4740162881648111
NC(=O)c1nc(-c2ccccc2)n(-c2ccc(Cl)c(COCC(F)(F)C(F)(F)F)c2)n1,-5.6634997189102645,-5.727207033926506,-0.0637073150162415,0.0637073150162415
CC(C)(C)NC(=O)C1CCC2C3CC=C4C=C(C(=O)O)CCC4(C)C3CCC12C,-8.760000037577564,-4.516407452479687,4.243592585097877,4.243592585097877
Cc1cc(C)c(C(=O)P(=O)(C(=O)c2c(C)cc(C)cc2C)c2ccccc2)c(C)c1,-6.621667116611777,-5.149494163310148,1.4721729533016283,1.4721729533016283
C=CCCCCCCCCC(=O)N(CCO)CCO,-2.7615134580485377,-2.4506687438042665,0.3108447142442712,0.3108447142442712
CCCC(O)C(C)CC,-1.840599995680601,-1.6929592994769365,0.1476406962036645,0.1476406962036645
c1ccc(C[P+](c2ccccc2)(c2ccccc2)c2ccccc2)cc1,-0.718824628514922,-0.6055059303034538,0.11331869821146823,0.11331869821146823
CCOC=O,0.15149430530484986,-0.07524821959947792,-0.22674252490432778,0.22674252490432778
CC(=O)NC(CC(C)C)C(=O)O,-1.130000094574238,-0.8326831315194427,0.29731696305479516,0.29731696305479516
Nc1c(OCCOC(=O)Oc2ccccc2)cc(O)c2c1C(=O)c1ccccc1C2=O,-8.05441525527003,-6.143491853122892,1.9109234021471373,1.9109234021471373
CC(C)(C)NC(=O)C1N(C(=O)C(O)C(Cc2ccccc2)NC(=O)Cc2ccccc2)CSC1(C)C,-3.719999969033834,-3.3956465683505983,0.3243534006832358,0.3243534006832358
COC(=O)COCO,0.9204424200586834,0.4983646402426012,-0.4220777798160822,0.4220777798160822
N#CC(=C1CCCCC1)c1ccccc1,-4.420023835970756,-4.655860791576206,-0.23583695560544982,0.23583695560544982
CCCCCCCCC(CC)(CC)C(=O)NO,-5.219999696005196,-4.792959906338139,0.4270397896670568,0.4270397896670568
C=C(COC(C)=O)COC(C)=O,-0.7796166708243821,-0.8367169603740883,-0.05710028954970614,0.05710028954970614
Cc1nc(=O)c2cc([N+](=O)[O-])ccc2[nH]1,-2.220000037797288,-3.0541924609447566,-0.8341924231474684,0.8341924231474684
CCCCCCCCCCCC(=O)N[C@@H](CCCNC(=N)N)C(=O)OCC,-0.23161212857644875,-3.28711332678269,-3.055501198206241,3.055501198206241
CN1CCN(C2=Nc3cc(Cl)ccc3Nc3ccccc32)CC1,-4.6399997362114105,-4.650663740586783,-0.010664004375372294,0.010664004375372294
Cc1cc(C2(c3ccc(NNC4=C(S(=O)(=O)[O-])C=C5C=CC(=O)C=C5C4=O)c(C)c3)CCCCC2)ccc1NNC1=C(S(=O)(=O)[O-])C=C2C=CC(=O)C=C2C1=O,-0.8547885735606875,-2.729223507129382,-1.8744349335686947,1.8744349335686947
CCOC(C)(C)C,-0.9302001474462793,-1.2554441102877816,-0.32524396284150225,0.32524396284150225
CNCl,0.2805999787076976,0.16245708155609462,-0.11814289715160298,0.11814289715160298
C=CC(=O)OCCCCCC(C)C,-4.170655197071037,-4.271798668987126,-0.10114347191608886,0.10114347191608886
CCCCCCCCCCCCCCCCCCCCCCCCCCCCCCCCCCCCC(CCCC)(CCCC)CCCCCCCCCCCCCCCC(CCCC)(CCCC)CCCCC,-6.8063024164757655,-8.348213954794725,-1.541911538318959,1.541911538318959
C/C=C(\C)C(=O)OC1C(OC(C)=O)C2(CO)C(O)CC3(C)C(=CCC4C5(C)CCC(OC6OC(C(=O)O)C(OC7OC(CO)C(O)C(O)C7O)C(O)C6OC6OC(CO)C(O)C(O)C6O)C(C)(CO)C5CCC43C)C2CC1(C)C,-1.1031036807294643,-3.3223911666815558,-2.2192874859520915,2.2192874859520915
O=S(=O)(O)c1cccc2cc(Nc3ccccc3)cc(Nc3ccccc3)c12,-4.672502957004814,-3.812659831237509,0.8598431257673047,0.8598431257673047
CC(C)=NNC(N)=O,-0.2674002058829763,-0.4094881573233895,-0.1420879514404132,0.1420879514404132
c1cc2c3c(c1)ccc1cccc(c13)C2,-5.237899726437192,-6.36505584708115,-1.1271561206439582,1.1271561206439582
CCCCCCCC/C=C\CCCCCCCCNC(=O)CCCCCCCCCCCCCCC,-7.704078131628558,-6.7817895049752925,0.9222886266532653,0.9222886266532653
CCCCC(CC)COC(=O)CC(C(=O)OCC(CC)CCCC)S(=O)(=O)[O-],-1.7357141813275077,-2.289690756673155,-0.5539765753456474,0.5539765753456474
CC[N+](CC)(CC(=O)Nc1c(C)cccc1C)Cc1ccccc1,-1.0209587093168047,-0.8309531415873175,0.19000556772948718,0.19000556772948718
O=C(O)/C=C\C(=O)OCCOCCOCCOC(=O)/C=C\C(=O)O,0.15953254882763712,-1.3681009893029232,-1.5276335381305604,1.5276335381305604
NC(=O)C(Br)(Br)Br,-1.2668000289299306,-1.0339848362805464,0.23281519264938422,0.23281519264938422
O=C([O-])CS,0.5215370274285407,0.2351896494644592,-0.2863473779640815,0.2863473779640815
CC(=O)CC(=O)N(C)C,0.8888750061618134,0.6796859417605412,-0.20918906440127216,0.20918906440127216
CCCCC(Cc1cc(C(C)(C)C)c(O)c(C(C)(C)C)c1)(C(=O)OC1CC(C)(C)N(C)C(C)(C)C1)C(=O)OC1CC(C)(C)N(C)C(C)(C)C1,-5.835720325594772,-4.714597245250163,1.121123080344609,1.121123080344609
C=CN(C)N=O,-0.45790009535786735,-0.22523088422668547,0.23266921113118189,0.23266921113118189
CC(C)=O,1.235999991695682,0.2834577848093649,-0.9525422068863172,0.9525422068863172
CC(C)C(=O)O,0.27769995780132595,-0.1671147158282973,-0.44481467362962324,0.44481467362962324
CCCCCCCCCCCCCCCOS(=O)(=O)[O-],-1.0420056491742953,-1.7559990758716975,-0.7139934266974022,0.7139934266974022
CCC(C)(C)O,0.12665947187431126,0.250029378908998,0.12336990703468675,0.12336990703468675
CC1=Nc2ccccc2/C1=N/Nc1cc(Cl)c(S(=O)(=O)NCCS(=O)(=O)[O-])cc1Cl,-3.756179554609793,-3.074176660115924,0.682002894493869,0.682002894493869
CCOCCCC(C)OCCOCC(C)CO,-0.7908609244992499,-0.7091016057540789,0.08175931874517106,0.08175931874517106
O=C(O)c1cccnc1Nc1cccc(C(F)(F)F)c1,-4.171800103427644,-4.101208234648138,0.0705918687795064,0.0705918687795064
CN(c1ccccc1)S(=O)(=O)C1=CC(=O)C2=C(NNc3ccc(NC(=O)CCl)cc3S(=O)(=O)[O-])C(=N)C=CC2=C1,-4.358857035136956,-2.652903600014511,1.7059534351224448,1.7059534351224448
OC1(c2ccc(Cl)cc2)CCCCCC1n1cncn1,-3.3680999103365945,-3.168579772466589,0.19952013787000533,0.19952013787000533
CC(C)CC(NC(=O)CC(O)C(CC(C)C)NC(=O)C(Cc1c[nH]cn1)NC(=O)C(Cc1ccccc1)NC(=O)OC(C)(C)C)C(=O)NCc1ccccn1,-3.4200000508749193,-3.6236572736501085,-0.20365722277518916,0.20365722277518916
CCCCOC(=O)CCOC,-1.2135000250411048,-1.2975236914398791,-0.08402366639877434,0.08402366639877434
CCOCCC(=O)OCC,-0.4317086687516496,-0.41851286550835587,0.013195803243293724,0.013195803243293724
ClCCSCCCl,-2.366600070976606,-3.0341272876502114,-0.6675272166736055,0.6675272166736055
OCCS,1.1071484241817946,0.6362275706160974,-0.47092085356569724,0.47092085356569724
CCCCC(CC)CCl,-4.680881914854599,-4.578694988289981,0.10218692656461759,0.10218692656461759
C=CCCCCCCCCC=O,-3.8931860691549565,-3.8169367356611756,0.07624933349378082,0.07624933349378082
CCCCC[N+](=O)[O-],-1.9548000300728556,-2.151904766185652,-0.19710473611279622,0.19710473611279622
O=C1C=C(O)C(N=Nc2ccc(N=Nc3ccc(Nc4ccc([N+](=O)[O-])cc4S(=O)(=O)[O-])cc3)c3c(S(=O)(=O)[O-])cccc23)=C/C1=N/Nc1ccc(Nc2ccc([N+](=O)[O-])cc2S(=O)(=O)[O-])cc1,-0.32257740681323366,-1.7772859592320538,-1.4547085524188201,1.4547085524188201
CC(C)CC(C)(C)O,-0.9307000524400477,-0.9326498317102123,-0.0019497792701645977,0.0019497792701645977
CCCCOCCCC,-2.6375999502927945,-2.994953787271612,-0.3573538369788176,0.3573538369788176
CCC(=O)OOC(=O)CC,-0.9633999125172981,-0.6342095463199242,0.32919036619737385,0.32919036619737385
CN(C)CCN(Cc1cccs1)c1ccccn1,-2.638299933034341,-2.3549800374514787,0.2833198955828622,0.2833198955828622
OC(CCN1CCCCC1)(c1ccccc1)C1CCCCC1,-5.1999996833043625,-3.9709917671744197,1.2290079161299428,1.2290079161299428
C#CC(O)CCC,-0.41210002814345925,-0.5154941619458202,-0.10339413380236095,0.10339413380236095
CCCCCCCCCCCCC,-7.593599536536139,-7.021014539100207,0.572584997435932,0.572584997435932
CCO[Si](CCCCl)(OCC)OCC,-3.328583448713973,-3.3729038529793107,-0.044320404265337565,0.044320404265337565
CCN(CCOc1ccc(C2CCCCC2)cc1)c1ccc(C=C(C#N)C#N)c(C)c1,-8.38609506935383,-6.353977592912521,2.032117476441309,2.032117476441309
CCC(C)C1NC(=O)C(Cc2c[nH]c3ccccc23)NC(=O)C2CCCN2C(=O)C(Cc2c[nH]cn2)NC(=O)C2CCCCN2C(=O)C2CCC=NN2C1=O,-2.599999904626942,-2.8047632914621636,-0.20476338683522144,0.20476338683522144
CC(O)CCO,1.0451996962234467,1.2370654388956939,0.1918657426722472,0.1918657426722472
O=C(O)CCC(=O)O,-0.17000002964141725,0.44929442360832095,0.6192944532497382,0.6192944532497382
OCC[C@@H]1CCCC[NH2+]1,0.6427482599981729,0.7834199728291638,0.1406717128309909,0.1406717128309909
CCCCC(=O)CC,-1.424200107097199,-1.4989528576758309,-0.07475275057863184,0.07475275057863184
CC(C)CCCCCOC(=O)CCS,-4.454381376104978,-4.357275341728452,0.09710603437652576,0.09710603437652576
C#CC#C,-0.7241001173350208,-0.37110918042235497,0.3529909369126658,0.3529909369126658
CC1=C(C#N)C(=O)N(C)C(=O)/C1=N\Nc1cccc(OS(=O)(=O)c2ccccc2)c1,-8.782715415458386,-6.461278366448259,2.321437049010126,2.321437049010126
CC(O)C(=O)O,1.0454001484573952,0.5654957120971211,-0.479904436360274,0.479904436360274
CN(C)P(=O)(N(C)C)N(C)C,0.7466999015762048,1.501162074184276,0.7544621726080711,0.7544621726080711
C=COCCCCO,-0.18999541233141137,-0.15079283820828193,0.03920257412312944,0.03920257412312944
CN1CCN(C(c2ccccc2)c2ccccc2)CC1,-2.425499936797804,-2.420139269395956,0.0053606674018480405,0.0053606674018480405
OCCF,1.1933998066778329,1.2680579143878536,0.0746581077100208,0.0746581077100208
C[Si](C)(C)N[Si](C)(C)C,-2.2100722732336315,-2.559717516652523,-0.34964524341889147,0.34964524341889147
CC1=NN(c2cccc(S(=O)(=O)O)c2)C(=N)C1,-1.1387882636760724,-1.8948810171600308,-0.7560927534839583,0.7560927534839583
CO[Si](CC(C)C)(OC)C(C)C,-4.024300962996528,-3.5451481884693647,0.4791527745271633,0.4791527745271633
COc1cc2c(c3c1c(=O)c1ccccc1n3C)C=CC(C)(C)O2,-5.209999962008358,-5.107462652564697,0.1025373094436608,0.1025373094436608
Oc1ccc(C(c2ccc(O)cc2)c2ccccn2)cc1,-4.523907525330893,-3.5487649078181773,0.9751426175127156,0.9751426175127156
CCC(Cl)Cl,-1.6217000282527398,-1.8500582907629133,-0.22835826251017344,0.22835826251017344
N#CCCNCC(=O)O,0.3236999325425258,-0.11044202139720571,-0.43414195393973154,0.43414195393973154
C[C@H]([NH3+])C(C)(C)C,0.9861000590522457,0.8357124046534592,-0.15038765439878654,0.15038765439878654
NC(CSCCCCSCC(N)C(=O)O)C(=O)O,-3.619999837441275,-2.011824332974095,1.6081755044671802,1.6081755044671802
CC(C)C1OCC2(CO1)COC(C(C)C)OC2,-3.1099998710341086,-1.752664378653665,1.3573354923804435,1.3573354923804435
CCOC(=O)C(CC)(CC)C(=O)NC(N)=O,-2.0799999488914582,-1.6835059067590414,0.3964940421324168,0.3964940421324168
CCCCNC(=O)OCC(C)(CCC)COC(N)=O,-2.7399999935327726,-2.6355803463738816,0.10441964715889096,0.10441964715889096
Clc1cc(Cl)c2c(c1Cl)C1=NC2N=C2[N-]C(N=C3N=C(N=c4[n-]c(c5c(Cl)c(Cl)c(Cl)c(Cl)c45)=N1)c1c(Cl)c(Cl)c(Cl)c(Cl)c13)c1c(Cl)c(Cl)c(Cl)c(Cl)c12,-9.039323689099646,-9.564673588314816,-0.5253498992151702,0.5253498992151702
OCC1=C[C@H](N[C@H]2C[C@H](CO)[C@@H](O[C@@H]3O[C@H](CO)[C@@H](O)[C@H](O)[C@H]3O)[C@H](O)[C@H]2O)[C@H](O)[C@@H](O)[C@@H]1O,0.3031998786711356,-0.5502998598938502,-0.8534997385649858,0.8534997385649858
N=C(NN)N[N+](=O)[O-],-1.6458000517278508,-1.6787320932309726,-0.03293204150312179,0.03293204150312179
CCN(CC)C(=O)/C(Cl)=C(\C)OP(=O)(OC)OC,0.523299699790114,-0.7237261758714175,-1.2470258756615316,1.2470258756615316
C#CCCC,-1.637400122652503,-1.6704618044591029,-0.03306168180659985,0.03306168180659985
CCOP(=S)(OCC)SCSP(=S)(OCC)OCC,-5.283800019768575,-5.244570074110782,0.0392299456577927,0.0392299456577927
CC(C)CCCCCCCOC(=O)CCCCCCCC(=O)OCCCCCCCC(C)C,-6.971983269027685,-7.164715368433889,-0.19273209940620362,0.19273209940620362
CCCCCCCOCC(COCCCCCCC)(COCCCCCCC)COCCCCCCC,-7.94522434789787,-7.162513117396237,0.7827112305016328,0.7827112305016328
CCCCC(CC)C(=O)OC,-2.989804010905723,-3.311841652941844,-0.32203764203612106,0.32203764203612106
CCC[N+](=O)[O-],-0.8000000211872846,-1.361921695131792,-0.5619216739445074,0.5619216739445074
COS(=O)(=O)OC,-0.6536999854749439,-0.4879485933461316,0.1657513921288123,0.1657513921288123
CC(O)CN,1.1242998908026371,1.2146504670122176,0.09035057620958042,0.09035057620958042
O=[N+]([O-])c1ccc(O/N=C/c2cc(Br)c(O)c(Br)c2)c([N+](=O)[O-])c1,-5.189999949307525,-5.919522704710824,-0.7295227554032984,0.7295227554032984
CC(C)(C)CCCCC(=O)O,-2.475043061377361,-2.6839951100767387,-0.2089520486993779,0.2089520486993779
CC(C)COC=O,-1.000599870775988,-1.3286195251151691,-0.3280196543391811,0.3280196543391811
O=S(=O)([O-])CCCSSCCCS(=O)(=O)[O-],0.2286526188676592,1.1069555978480499,0.8783029789803907,0.8783029789803907
c1ccc2sc(SN3CCOCC3)nc2c1,-3.8109626599116213,-4.148749049761031,-0.33778638984941,0.33778638984941
Nc1ccc(N=Nc2ccc(S(=O)(=O)Nc3ccc(N=Nc4c(S(=O)(=O)[O-])cc5cc(S(=O)(=O)[O-])c(N=Nc6ccccc6)c(O)c5c4N)cc3)cc2)c(N)c1,-0.6029812126285794,-2.246814949833625,-1.6438337372050458,1.6438337372050458
CCCCCC(C)(C)O,-1.7168000423450918,-1.6214199125970108,0.09538012974808097,0.09538012974808097
O=C1OC(=O)c2ccc3c4ccc5c6c(ccc(c7ccc1c2c73)c64)C(=O)OC5=O,-5.593642660086186,-5.630471945124217,-0.0368292850380314,0.0368292850380314
N#CNC(N)=S,-0.004900107272939547,-1.0363748751107362,-1.0314747678377967,1.0314747678377967
CCCCC(C)=O,-0.8000000211872846,-0.939700112626138,-0.1397000914388533,0.1397000914388533
CC(O)CSCCCCCCCCC(C)(C)C,-4.730940774979688,-5.334765953487641,-0.6038251785079529,0.6038251785079529
O=C1CCCCCCCCCCCCCCO1,-5.9037893831744555,-3.022558626818873,2.8812307563555826,2.8812307563555826
CN1COCN=C1N[N+](=O)[O-],-1.002292275914248,-1.5415158664301833,-0.5392235905159353,0.5392235905159353
NC(=O)C(N)C(O)C(=O)O,-1.1493999761643279,-0.5660190190441252,0.5833809571202027,0.5833809571202027
CNC(=O)O/N=C(/C)SC,-1.2100001453775693,-1.4774625261921597,-0.2674623808145904,0.2674623808145904
C#CC(C)(O)CC,0.01673184807167427,0.1885098801907361,0.17177803211906184,0.17177803211906184
O=C1C=Cc2ccccc2C1=NO,-2.9400000354306077,-3.5486959683185604,-0.6086959328879527,0.6086959328879527
CCC(CC)COC(=O)NS(N)(=O)=O,-1.748699999961597,-1.9297240275483476,-0.1810240275867505,0.1810240275867505
Clc1ccc(CSC(Cn2cncn2)=Nc2ccc(Cl)cc2Cl)cc1,-5.384200034503111,-5.607506546658117,-0.22330651215500552,0.22330651215500552
CCCC,-2.9776041323559435,-2.6086749789052073,0.3689291534507362,0.3689291534507362
CC(=O)OCC(COC(C)=O)(COC(C)=O)COC(C)=O,-1.5686000680674947,-1.4315369039779544,0.13706316408954033,0.13706316408954033
O=C(O)CCSSCCC(=O)O,-0.930100057506094,-1.5363551746435213,-0.6062551171374273,0.6062551171374273
O=S(=O)(O)c1ccc2nc(-c3ccccc3)[nH]c2c1,-2.9611060419704867,-2.271346109023874,0.6897599329466129,0.6897599329466129
CC(Oc1ccc(Oc2cnc3cc(Cl)ccc3n2)cc1)C(=O)OC1CCCO1,-5.019999841350446,-4.9333475543865095,0.08665228696393612,0.08665228696393612
O=c1c2ccccc2c(=O)c2c1ccc1c2[nH]c2c3c(=O)c4ccccc4c(=O)c3c3[nH]c4c(ccc5c(=O)c6ccccc6c(=O)c54)c3c12,-4.5096148180492435,-6.903868183693196,-2.3942533656439524,2.3942533656439524
CCCCCCOC(=O)C(C)O,-1.139999964747865,-2.018939978748917,-0.8789400140010522,0.8789400140010522
C=CC(=O)OCCOC(=O)NCCCC,-1.63484067989634,-1.776947015203318,-0.14210633530697803,0.14210633530697803
COC(=O)C1CC(=O)C(C(=O)OC)CC1=O,-4.1541957128053655,-0.5689604376944639,3.5852352751109016,3.5852352751109016
C=C(C)CS(=O)(=O)[O-],0.5194213848289264,0.2904725235832659,-0.2289488612456605,0.2289488612456605
CCCCCCCCl,-3.9956998200140568,-4.31605353817258,-0.32035371815852365,0.32035371815852365
NNC(=O)C(O)C(O)C(O)C(O)CO,-0.49849984333990793,0.07936963058422197,0.5778694739241299,0.5778694739241299
CC(O)(P(=O)([O-])[O-])P(=O)([O-])[O-],0.4204600778740577,0.6224399430462118,0.20197986517215405,0.20197986517215405
C=CC1=C(C)/C(=C/c2[nH]c(Cc3[nH]c(/C=C4\NC(=O)C(C)=C4C=C)c(C)c3CCC(=O)O)c(CCC(=O)O)c2C)NC1=O,-4.812699685194491,-4.4107879175854805,0.40191176760901026,0.40191176760901026
CCOC(=O)C(C)O,0.9275998721078413,0.1786229005754949,-0.7489769715323464,0.7489769715323464
Clc1cc(Cl)c2nsnc2c1Cl,-4.979999952125569,-6.18073756678281,-1.2007376146572408,1.2007376146572408
CCn1cc(C(=O)O)c(=O)c2cnc(N3CCNCC3)nc21,-2.9739999582938514,-2.6660335958243433,0.30796636246950815,0.30796636246950815
O=c1nc[nH]c2nc[nH]c12,-2.2888000242939017,-1.8685727508685357,0.42022727342536603,0.42022727342536603
CCCCCCOC(=O)CCCCC(=O)OCCCCCC,-5.082600039069128,-5.508512829627379,-0.42591279055825115,0.42591279055825115
O=C1C(O)=C(C2CCC(c3ccc(Cl)cc3)CC2)C(=O)c2ccccc21,-5.931000229225878,-4.738830313448486,1.1921699157773924,1.1921699157773924
FCCl,-0.8202000775916987,-1.1891936937301018,-0.3689936161384031,0.3689936161384031
CCCCCCCCCC(=O)N(C)C,-2.768111223493395,-3.33349766051188,-0.5653864370184847,0.5653864370184847
Nc1cn(N2CCOCC2)n[o+]1,0.14719819995388228,-0.5262063729046291,-0.6734045728585114,0.6734045728585114
CN(C)C(=N)N(C)C,0.9386228384999868,0.9890883225181271,0.050465484018140216,0.050465484018140216
CCOC(=O)N(C)CC,-0.41890015229731725,0.20871007277193954,0.6276102250692568,0.6276102250692568
c1ccc2c3c(ccc2c1)-c1cccc2cccc-3c12,-8.003999339603219,-6.774235233761917,1.2297641058413014,1.2297641058413014
CC[C@H](C)[C@H](NCCC#N)C(=O)O,-0.9818001202966409,-0.9504430995393438,0.03135702075729707,0.03135702075729707
OC(Cn1cncn1)(Cn1cncn1)c1ccc(F)cc1F,-1.7999999753449818,-1.9826598947024048,-0.18265991935742298,0.18265991935742298
CC(C)(C)c1cc(CCC(=O)OCCCCCCOC(=O)CCc2cc(C(C)(C)C)c(O)c(C(C)(C)C)c2)cc(C(C)(C)C)c1O,-8.106483267745446,-7.683200595697041,0.42328267204840486,0.42328267204840486
CCC(O)CNCC(O)CC,0.7924999687906129,0.36441052843111166,-0.42808944035950125,0.42808944035950125
CC(C)C=O,-0.07982621090443631,-0.2644805755189359,-0.18465436461449958,0.18465436461449958
CCCCCCCCO,-2.637593039320734,-2.515620476365945,0.12197256295478898,0.12197256295478898
CC(C)C(C)C(C)C(O)C#CC(C)C(C)O,-2.2755999314817426,-1.5945343928953866,0.681065538586356,0.681065538586356
S=C(SSSSSSC(=S)N1CCCCC1)N1CCCCC1,-7.631731761094841,-6.939130346239185,0.6926014148556554,0.6926014148556554
CCCCN(C)N=O,-0.6996000064527479,-0.6304221974540338,0.06917780899871406,0.06917780899871406
ClC(Cl)=C=C(Cl)C(Cl)Cl,-4.230000020551493,-4.341218600317335,-0.1112185797658416,0.1112185797658416
COC(=O)OC,0.18526015728926915,0.07286609947760692,-0.11239405781166223,0.11239405781166223
CC(C)CC(CC(C)C)(CC(C)C)C(=O)NO,-3.99999994258031,-3.983732059057279,0.016267883523031212,0.016267883523031212
S=c1[nH]c2cncnc2[nH]1,-2.5243000785224563,-2.1787531096237784,0.34554696889867786,0.34554696889867786
c1ccc2c(c1)-c1cccc3c1c-2cc1ccccc13,-8.225899417877637,-6.9400939332007505,1.285805484676886,1.285805484676886
C1COC1,1.235999991695682,0.5546478690561023,-0.6813521226395798,0.6813521226395798
c1ccc2cc3c4ccccc4c4ccccc4c3cc2c1,-8.240500293233625,-7.156929596678589,1.0835706965550358,1.0835706965550358
CC(C)COC(C)(C)C,0.8852853859940848,-2.50469113151649,-3.3899765175105747,3.3899765175105747
CC1=CC(=O)N(Cc2cccc(CN3C(=O)C=C(C)C3=O)c2)C1=O,-3.9003350101547793,-3.4644811777959084,0.435853832358871,0.435853832358871
CCCCCCCCCCCC(=O)N(CCCC)CCCC,-7.016412035973163,-6.7244509060441935,0.2919611299289695,0.2919611299289695
NC(N)=NCCC[C@H](N)C(=O)O,0.5397305188416235,-0.47890209687486696,-1.0186326157164904,1.0186326157164904
CCn1cc(C(=O)O)c(=O)c2cc(F)c(N3CCNCC3)nc21,-2.920000056773972,-3.110464463684184,-0.19046440691021171,0.19046440691021171
CC[NH+](CC)CC,0.5951969592724979,0.819447993638557,0.2242510343660591,0.2242510343660591
CC(C)(CCC(C)(C)CC(=O)O)CC(=O)O,-3.13190004358748,-2.037609135687261,1.094290907900219,1.094290907900219
CCCCC(CC)COCOCC(CC)CCCC,-5.435323252413896,-6.367972753909403,-0.932649501495507,0.932649501495507
CCNC(=S)NCC,-1.4600000317844015,-1.2422748615184143,0.21772517026598726,0.21772517026598726
NC(=O)N=NC(N)=O,-3.546243390297853,-1.695566267932589,1.8506771223652643,1.8506771223652643
CCCC(O)C(CC)CO,-0.5417999770551067,-0.8976432729978652,-0.35584329594275843,0.35584329594275843
CC/C=C\CCOC(C)=O,-2.111500772338327,-2.1169167275166583,-0.0054159551783312665,0.0054159551783312665
O=C(NCNC(=O)NC1C(=O)NC(=O)N1CO)NC1C(=O)NC(=O)N1CO,0.4108359194622957,-0.7589828913458327,-1.1698188108081284,1.1698188108081284
CC1(C)CCC2OC23C(C)(C)C2CCC13C2,-4.652928769124333,-4.247003054471925,0.40592571465240823,0.40592571465240823
C=C(C)C(=O)OCC(CC)CCCC,-4.805973913567628,-4.9111632659842215,-0.10518935241659388,0.10518935241659388
COc1cc(NC(=O)c2cccnc2)c2ncccc2c1,-4.446100193189958,-3.4731615289247615,0.9729386642651963,0.9729386642651963
CC#N,0.25999997107291106,0.1438536980070153,-0.11614627306589576,0.11614627306589576
O=C(O)C(=O)O,-0.11416618423282898,0.022882953647406445,0.13704913788023543,0.13704913788023543
CCC(C)C1NC(=O)C(Cc2ccccc2)NC(=O)C2CCCN2C(=O)C(Cc2ccccc2)N(C)C(=O)C(CCCN)NC(=O)C2CCC=NN2C1=O,-2.7000000362195014,-2.3968074191896673,0.303192617029834,0.303192617029834
CCSC(=S)N[C@@H](C)C(=O)O,-0.9612999302484608,-1.7237894522361703,-0.7624895219877095,0.7624895219877095
CC1COC2CC3(C)C(CC4C5C=C6CC(O)CCC6(C)CC5CCC43C)OC2C1,-7.319999940178333,-5.170543690526637,2.1494562496516956,2.1494562496516956
NC1=CC(=O)C(=O)c2ccccc21,-3.8399998409736473,-3.2628009015603627,0.5771989394132846,0.5771989394132846
O=c1[nH]c(=S)c2[nH]c(=O)[nH]c2[nH]1,-4.039999899893582,-3.62235971311262,0.4176401867809618,0.4176401867809618
CCN1c2ccccc2C(=O)N(C)c2ccccc21,-4.748999996078455,-3.185343543768102,1.5636564523103527,1.5636564523103527
CCCCCCCCCCCCC(=O)O,-3.8125998453617926,-4.3801094657696025,-0.5675096204078098,0.5675096204078098
CC(C)OP(=S)(S)OC(C)C,-0.5528548088159644,-1.6893209280186143,-1.13646611920265,1.13646611920265
C=CCCCOC(=O)C(CC)N(Cc1ccco1)C(=O)n1ccnc1,-2.891900044376374,-3.4236926206954097,-0.5317925763190359,0.5317925763190359
O=C(O)CSCC(=O)O,0.4254997084949719,-0.45135162591076083,-0.8768513344057327,0.8768513344057327
CCOc1ccc(C(=O)OCCNC(C)c2ccccc2)cc1,-1.490000050835651,-4.089498937237581,-2.5994988864019297,2.5994988864019297
CCCCCCCCCCCC,-6.409999634644016,-6.79504713248096,-0.38504749783694425,0.38504749783694425
O=C(/C=C/c1ccc(O)c(O)c1)O[C@@H]1C[C@](O)(C(=O)O)C[C@@H](O)[C@H]1O,-0.9473000030639516,-1.9889824468559505,-1.041682443791999,1.041682443791999
CCCn1c(=O)c2[nH]c(C3CCC(=O)C3)nc2n(CCC)c1=O,-3.160000055985079,-3.458545435812561,-0.2985453798274822,0.2985453798274822
CC(N)C(O)C(=O)O,-0.35349988743565897,-0.2849305163318392,0.06856937110381978,0.06856937110381978
CCCCCC,-3.9441701824754034,-3.698379316362738,0.24579086611266554,0.24579086611266554
CN(Cc1ccc(OCCN2CCOCC2)cc1)C(=O)c1ccc([N+](=O)[O-])o1,-2.289999946073414,-3.105425062861602,-0.8154251167881879,0.8154251167881879
CC(C)(C)C1CCC(CC2=C(O)C(=O)c3ccccc3C2=O)CC1,-7.039999762366673,-5.000732868306779,2.039266894059894,2.039266894059894
O=S(=O)(CCCl)CCS(=O)(=O)CCCl,-1.4486001280392868,-2.1755882248620875,-0.7269880968228006,0.7269880968228006
O=C(O)CC(SC(CC(=O)O)C(=O)O)C(=O)O,-0.49079986296190947,-0.10446985212270254,0.3863300108392069,0.3863300108392069
C[NH+](C)C(CSC(N)=O)CSC(N)=O,-0.1364000409864472,-1.2154288330857066,-1.0790287920992594,1.0790287920992594
N#CNC(N)=NCCCCCCN=C(N)NC#N,-4.4346903485392195,-1.875464522001638,2.5592258265375816,2.5592258265375816
CC(Oc1ccc(Oc2cnc3cc(Cl)ccc3n2)cc1)C(=O)OCC1CCCO1,-5.030299981344628,-4.9077400538531,0.12255992749152789,0.12255992749152789
CC(C)C(C)C,-3.5831999325455492,-3.5351660893667503,0.048033843178798996,0.048033843178798996
O=C1CCCCCCCCCCCCCCCCCN1,-2.8473999378153665,-2.87428290420219,-0.026882966386823526,0.026882966386823526
O=S(=O)(O)C(Cl)(S(=O)(=O)O)S(=O)(=O)O,0.5366000868076424,1.7862048785062163,1.249604791698574,1.249604791698574
CC(C)N(C(=O)SCC(Cl)=CCl)C(C)C,-4.079999857206852,-3.8822110369926683,0.19778882021418376,0.19778882021418376
CC(C)CCC(C)O,-1.374999977805862,-1.2755719929938305,0.09942798481203141,0.09942798481203141
CC(C)(C)CC(C)(C)CC(=O)[O-],-2.6165602278051403,-2.3779044467039796,0.2386557811011607,0.2386557811011607
FC(F)OC(F)(F)C(F)Cl,-1.5161999204028096,-3.4940810753957985,-1.9778811549929889,1.9778811549929889
CCCCCCCCCCCCCCCCOC(=O)C(CC)CCCC,-6.867639438296274,-7.686865930159659,-0.8192264918633843,0.8192264918633843
CCCCOCCO,-0.4200001884018283,-0.3819820799926177,0.038018108409210605,0.038018108409210605
CCCCCCCCP(=O)(O)O,-3.014809586624742,-2.4327576830523316,0.5820519035724105,0.5820519035724105
CC1CCCCC1NC(=O)Nc1ccccc1,-4.110799710630452,-3.6865119176997245,0.4242877929307278,0.4242877929307278
N=C(N)NN=C1C=CC(=NNC(=N)N)c2ccccc21,-3.2899999342753086,-3.151829755020802,0.13817017925450648,0.13817017925450648
O=C([O-])CO,1.7009157212038493,0.6051552955253681,-1.0957604256784812,1.0957604256784812
CCCCNCCCC,-1.5039655252924504,-1.6366885989280575,-0.1327230736356071,0.1327230736356071
CC1=C2CC(C=O)C(C1)C(C(C)C)C2,-3.850854356677345,-3.457529148433511,0.3933252082438341,0.3933252082438341
N=C(N)NCCCC(N)C(=O)O,-1.9403791640115742e-07,-0.1404540240059191,-0.1404538299680027,0.1404538299680027
CCCCCCCC/C=C\CCCCCCCC(=O)OCC(COC(=O)CCCCCCC/C=C\CCCCCCCC)(COC(=O)CCCCCCC/C=C\CCCCCCCC)COC(=O)CCCCCCC/C=C\CCCCCCCC,-7.378019150702691,-7.562295216196329,-0.18427606549363773,0.18427606549363773
CCCCC(CC)C(=O)OCC(C)(C)COC(=O)C(CC)CCCC,-5.020637829608632,-6.842359306764505,-1.8217214771558732,1.8217214771558732
CC1=NNC(=O)N(/N=C/c2cccnc2)C1,-2.874500021070738,-1.851085608461902,1.0234144126088358,1.0234144126088358
ClCC(Cl)(Cl)CCl,-2.578500040768015,-2.471205156878418,0.10729488388959707,0.10729488388959707
O=C1c2c(Cl)c(Cl)c(Cl)c(Cl)c2C(=O)C1c1ccc2cccc(N3C(=O)c4c(Cl)c(Cl)c(Cl)c(Cl)c4C3=O)c2n1,-7.727395955625543,-8.123213948087143,-0.3958179924616001,0.3958179924616001
CCCCCCCC/C=C/CCCCCCCCN(CCO)CCO,-4.780118435100779,-4.141606849512283,0.6385115855884962,0.6385115855884962
O=S(=O)([O-])C(F)(F)F,0.9030401157918257,1.310787467355603,0.4077473515637773,0.4077473515637773
CC1(C)COP(=S)(OP2(=S)OCC(C)(C)CO2)OC1,-5.39338352482448,-3.872543982892256,1.520839541932224,1.520839541932224
NC(=O)c1cn(Cc2c(F)cccc2F)nn1,-3.4999999655014618,-2.8246390428426986,0.6753609226587631,0.6753609226587631
Cc1cc(Oc2ccccn2)nn1C,-0.9800001354947807,-0.6743405737929615,0.3056595617018192,0.3056595617018192
Cc1cc(C)c(C(=O)P(=O)(c2ccccc2)c2ccccc2)c(C)c1,-5.01057667987979,-4.989494878764221,0.02108180111556912,0.02108180111556912
CCCCCCCC(=O)OOC(=O)CCCCCCC,-7.611892981712618,-5.772369249059516,1.8395237326531015,1.8395237326531015
CC12CC1(C)C(=O)N(c1cc(Cl)cc(Cl)c1)C2=O,-4.80029997146184,-5.061336033409386,-0.26103606194754647,0.26103606194754647
c1ccc2c3c(ccc2c1)Nc1ccc2ccccc2c1S3,-6.87860003571889,-6.741273097188345,0.13732693853054467,0.13732693853054467
O=S(=O)(O)CCO,0.8991999303316609,1.473944146939806,0.5747442166081451,0.5747442166081451
Cc1ccc2nc3sc(=O)sc3nc2c1,-5.36979988373465,-4.939811458047419,0.42998842568723106,0.42998842568723106
O=C([O-])CP(=O)([O-])O[O-],0.3010768825248955,0.26535771067378766,-0.035719171851107845,0.035719171851107845
CC1COc2ccccc2N1C(=O)C(Cl)Cl,-3.8353900523883717,-3.43607109084892,0.3993189615394517,0.3993189615394517
CCOC(=O)[C@H](C)NC(=O)CCl,-0.4628000085928905,-0.9357467642540089,-0.47294675566111843,0.47294675566111843
CCCCCCC(=O)OCC(CC)(COC(=O)CCCCCC)COC(=O)CCCCCC,-6.973765550846927,-6.66745111496504,0.30631443588188745,0.30631443588188745
CC(C)CC(NC(=O)CC(O)C(CC1CCCCC1)NC(=O)C(Cc1c[nH]cn1)NC(=O)C(Cc1ccccc1)NC(=O)OC(C)(C)C)C(=O)NCc1cccc(CN)c1,-4.699999774313909,-3.8101164573424913,0.8898833169714178,0.8898833169714178
CCCCOCC(C)O,-0.4052380797272286,-0.8109095523138872,-0.4056714725866586,0.4056714725866586
CCC(O)CN(CC(O)CC)CC(O)CC,-0.5229002728123637,0.15648246109938313,0.6793827339117469,0.6793827339117469
CC(=O)C=CC(=O)O,-0.23320022229405302,-0.6405807135872741,-0.40738049129322107,0.40738049129322107
CCCC(=O)CC,-0.8334001023154629,-0.8976522606659634,-0.06425215835050047,0.06425215835050047
CC(F)(F)Cl,-1.7233908627736916,-2.1814133232040733,-0.45802246043038175,0.45802246043038175
CC1=Nc2ccccc2N=C(C)C1,-1.370000110807443,-1.3982885237931317,-0.028288412985688627,0.028288412985688627
CC(C)(C)C(=O)O,-0.5635621174103558,-0.21556505571737716,0.3479970616929786,0.3479970616929786
C=CCC=C,-2.0866000974301295,-2.399734675453912,-0.3131345780237824,0.3131345780237824
N#CC(OC1OC(COC2OC(CO)C(O)C(O)C2O)C(O)C(O)C1O)c1ccccc1,-0.7700000021360354,-1.1792025388709944,-0.409202536734959,0.409202536734959
Fc1ccc(Oc2ccnc3cc(Cl)cc(Cl)c23)cc1,-6.4243001040026595,-5.725312542432825,0.6989875615698349,0.6989875615698349
CC12CC(C)(NC(=O)N1)NC(=O)N2,-2.0899999552418747,-0.7734696505523311,1.3165303046895436,1.3165303046895436
NC(CCSSCCC(N)C(=O)O)C(=O)O,-3.119999860362426,-1.9497802812631893,1.170219579099237,1.170219579099237
CCc1[nH]c(=O)[nH]c1C(=O)c1ccncc1,-1.9900000279144996,-2.3277822643718347,-0.33778223645733507,0.33778223645733507
Cc1cc(C(=O)NNCc2ccccc2)no1,-2.4600000540304934,-2.729390357740555,-0.26939030371006156,0.26939030371006156
C#CCOc1cc(-n2nc3n(c2=O)CCCC3)c(Cl)cc1Cl,-4.325099898467056,-4.929152492213253,-0.6040525937461965,0.6040525937461965
OCCOCC#CCOCCO,0.7589615320444376,0.647301739481045,-0.11165979256339265,0.11165979256339265
CCCCCCCCCCCCN,-3.3758999806547783,-4.028151838334658,-0.6522518576798797,0.6522518576798797
ClCCCl,-1.0800000628221555,-1.3541649290326272,-0.27416486621047165,0.27416486621047165
COCC(C)OCC(C)OCC(C)O,0.6855001459593781,0.1589175744468534,-0.5265825715125247,0.5265825715125247
O=C(Cc1ccccc1)NNC(=O)c1ccncc1,-2.47000006038091,-2.4794597512753134,-0.009459690894403572,0.009459690894403572
CC1OC(C)OC(C)OC(C)O1,-2.8996999104293733,-0.1826072768010647,2.7170926336283086,2.7170926336283086
CCCCC(CC)COP(=O)(OCC(CC)CCCC)OCC(CC)CCCC,-8.859980491624059,-6.856754827522127,2.003225664101932,2.003225664101932
CC12CCC3C(=CCc4cc(O)ccc43)C1CCC2O,-4.399999992331784,-4.4614903492171205,-0.06149035688533644,0.06149035688533644
CC(=O)N1CCN(C(=O)/C=C/c2ccc(Sc3ccc4c(c3)OCCO4)c(Cl)c2)CC1,-2.0499999979286034,-4.336576878274953,-2.2865768803463498,2.2865768803463498
O=C(O)CF,1.107699667825154,0.412356197138795,-0.695343470686359,0.695343470686359
CC1(C)CC/C(=C\c2ccc(Cl)cc2)C1=O,-5.671591071380906,-4.095579639413209,1.5760114319676966,1.5760114319676966
CCCCCCCCCCCCCC(=O)OCC(COC(=O)CCCCCCCCCCCCC)OC(=O)CCCCCCCCCCCCC,-8.647056097890436,-7.571679158751646,1.0753769391387902,1.0753769391387902
CCOC(=S)SC(CC(=O)O)C(=O)O,-1.1900001326767364,-1.5098273913675657,-0.3198272586908293,0.3198272586908293
CCOC(N)=O,0.7313998945836033,0.14169584060269713,-0.5897040539809062,0.5897040539809062
CCCCCCOC(N)=O,-1.9199999834615844,-1.8360808327486495,0.08391915071293488,0.08391915071293488
CC(C)CCOCC(O)CO,-1.2101000991409652,-0.8196384845123466,0.3904616146286186,0.3904616146286186
CC(=O)[c-]1c(=O)cc(C)oc1=O,0.08456123450207054,-0.7179155122691041,-0.8024767467711746,0.8024767467711746
C/C=C/C(C)O,0.015199859191289189,-0.4736306933584489,-0.48883055254973806,0.48883055254973806
CCCCOC(=O)NS(N)(=O)=O,-1.0374999677444912,-1.7013755697670083,-0.6638756020225172,0.6638756020225172
C1=C\CC/C=C/CC/C=C\CC/1,-5.365155982863639,-3.3237092048037455,2.0414467780598935,2.0414467780598935
Cc1ccc(S(=O)(=O)Oc2ccc(Nc3cc(S(=O)(=O)[O-])c(N)c4c3C(=O)c3ccccc3C4=O)cc2)cc1,-2.6221985596805086,-2.9784880388736297,-0.35628947919312104,0.35628947919312104
O=C(O)C(O)(CO)CC(O)CO,0.6099999209839075,0.8231438317019921,0.21314391071808458,0.21314391071808458
NS(=O)(=O)c1cc2c(cc1C(F)(F)F)NC(Cc1ccccc1)NS2(=O)=O,-3.5912999662865124,-2.8601880617954913,0.731111904491021,0.731111904491021
N#CCCO,1.1482999605143527,0.6189794184748036,-0.529320542039549,0.529320542039549
CN1C(C(=O)Nc2ccccn2)=C(O)c2sccc2S1(=O)=O,-3.880000070640497,-3.639286760384585,0.24071331025591203,0.24071331025591203
O=[N+]([O-])C([N+](=O)[O-])([N+](=O)[O-])[N+](=O)[O-],-2.3380999711718453,-1.5413855452427585,0.7967144259290868,0.7967144259290868
O=[N+]([O-])C(Br)(CO)CO,0.12713064356552328,0.1044109080274418,-0.022719735538081487,0.022719735538081487
CCC(C)(C)OO,-0.2165948245985745,-0.5291744822056841,-0.3125796576071096,0.3125796576071096
C#CCCCCCCC,-4.093999784391362,-4.499343139004039,-0.40534335461267723,0.40534335461267723
CCSC,-1.0569733848008396,-1.3505814368204203,-0.29360805201958073,0.29360805201958073
O[C@]12COC(c3ccccc3)O[C@@H]1[C@H]1OC(c3ccccc3)OC[C@H]1O2,-4.437962404434143,-3.2125371123893744,1.2254252920447684,1.2254252920447684
CC(CCCCO[N+](=O)O)O[N+](=O)O,-2.8399999038380486,-2.8136773560057686,0.02632254783227994,0.02632254783227994
CCCCCCCCCCCC(=O)NCCC[N+](C)(C)C,-0.011381305386098273,-1.6544384263613812,-1.643057120975283,1.643057120975283
CCCCSP(=O)(SCCCC)SCCCC,-5.139999781378654,-5.935993832091986,-0.7959940507133325,0.7959940507133325
CCCCCC(=O)CC,-1.6930000163369574,-2.323490789031706,-0.6304907726947484,0.6304907726947484
CCCCCCCC/C=C\CCCCCCCC(=O)OCC(CC)(CO)COC(=O)CCCCCCC/C=C\CCCCCCCC,-8.721196189093703,-6.889926948704904,1.8312692403887993,1.8312692403887993
CCN(CC)c1ccc2c(C#N)c(-c3nc4ccccc4s3)c(=O)oc2c1,-8.097434047738394,-6.419889610148623,1.6775444375897717,1.6775444375897717
O=C(O)CCCCCCCCC(=O)O,-2.3059000841767583,-2.0995755666282268,0.20632451754853154,0.20632451754853154
CC(=O)OCCN(CCC#N)c1ccc(N=Nc2nc3ccc([N+](=O)[O-])cc3s2)cc1,-4.340908934298314,-6.186928435981037,-1.846019501682723,1.846019501682723
O=C([O-])C(O)C(O)C(=O)[O-],-1.3206369778992328,0.26459076299607,1.5852277408953028,1.5852277408953028
CN(C)N,1.2210997997566637,1.1068692617635913,-0.11423053799307237,0.11423053799307237
CCN(CC)C(=O)OC,-0.2918000906482745,0.28090610413019546,0.57270619477847,0.57270619477847
c1ccc(-c2cnc(-c3ccc(CN4CCOCC4)cc3)o2)cc1,-4.3499998244029126,-3.9084506701823223,0.44154915422059027,0.44154915422059027
CC(C)=CC1C(C(=O)OCc2coc(Cc3ccccc3)c2)C1(C)C,-6.052399930471995,-6.677856111087036,-0.6254561806150409,0.6254561806150409
NS(=O)(=O)c1ccc(CNC(=S)NC(C(=O)O)C(O)c2ccccc2)cc1,-1.2900000600041115,-2.1596390631145708,-0.8696390031104593,0.8696390031104593
CCN(CC)CCCNc1nc(Nc2ccc(N=Nc3c(S(=O)(=O)O)cc4cc(S(=O)(=O)O)cc(Nc5nc(NCC(C)N)nc(NCC(C)N)n5)c4c3O)cc2)nc(Nc2ccc(N=Nc3c(S(=O)(=O)O)cc4cc(S(=O)(=O)O)cc(Nc5nc(NCC(C)N)nc(NCC(C)N)n5)c4c3O)cc2)n1,-0.7942190441250534,-2.043702366127512,-1.2494833220024586,1.2494833220024586
Oc1cc2ccccc2cc1C1=NCCN1,-3.301500047115299,-3.3186256571682606,-0.017125610052961537,0.017125610052961537
CC(O)C(O)C(O)C(O)C=NNC(N)=O,-0.7000000938599098,-0.7058442569524073,-0.0058441630924974675,0.0058441630924974675
Nc1nc(=O)n(-c2ccccc2)[nH]1,-2.47000006038091,-2.850814604852955,-0.3808145444720452,0.3808145444720452
CCCCCCCC(=O)NCCCC[C@H](N)C(=O)O,0.05757072249584416,-1.8734717108660333,-1.9310424333618774,1.9310424333618774
COC(=O)Nc1nc2cc(C(=O)c3ccccc3)ccc2[nH]1,-3.880000070640497,-5.759720604155901,-1.8797205335154041,1.8797205335154041
CCCCCCCCCCCCCCCCCC[NH+](C)C,-4.67868987707615,-4.510388029859273,0.1683018472168767,0.1683018472168767
CC(=O)C(C)=O,0.36609993768000537,0.4324439076919804,0.066343970011975,0.066343970011975
COc1ccc2cc(C3N(C)c4cc(S(C)(=O)=O)ccc4[NH+]3C)oc2c1,0.21257449770061188,-1.394187968311696,-1.6067624660123079,1.6067624660123079
CCCCCCCC(=O)SCCC[Si](OCC)(OCC)OCC,-5.832680042595352,-5.418745634783449,0.4139344078119027,0.4139344078119027
CCCCC(CC)COC(=O)CS,-4.635481798870563,-3.3210158491973383,1.3144659496732247,1.3144659496732247
CCOP(=S)(OCC)SCCl,-3.5924000364352207,-4.22857343250608,-0.6361733960708591,0.6361733960708591
N#CC(CCc1ccc(Cl)cc1)(Cn1cncn1)c1ccccc1,-6.226399823086378,-4.881864012691057,1.344535810395321,1.344535810395321
CCCI,-2.289999946073414,-2.5212650723736245,-0.23126512630021034,0.23126512630021034
COCCNC(=O)C(NC(=O)C(Cc1cc(OC)c(OC)c(OC)c1)CC(O)C(Cc1ccccc1)NC(=O)OC(C)(C)C)C(C)C,-3.99999994258031,-3.885811823657125,0.11418811892318503,0.11418811892318503
O=S(=O)(NS(=O)(=O)c1ccc(Cl)cc1)c1ccc(Cl)cc1,-2.480000032687129,-4.073987175337512,-1.5939871426503833,1.5939871426503833
N#CCCN(CCOC(=O)c1ccccc1)c1ccc(N=Nc2ccc([N+](=O)[O-])cc2)cc1,-7.169735661950714,-6.227821781120954,0.9419138808297598,0.9419138808297598
C=C(C)C(=O)OC(C)CO,-0.04493172568973858,-0.41311754111361365,-0.3681858154238751,0.3681858154238751
O=P(OCC(Br)CBr)(OCC(Br)CBr)OCC(Br)CBr,-4.940499695540883,-5.236778310576749,-0.2962786150358667,0.2962786150358667
O=c1c2cc(F)ccc2nc(-n2cncn2)n1-c1ccc(Cl)cc1Cl,-5.5753998726753515,-5.175486090919943,0.3999137817554086,0.3999137817554086
CCCCCCC(O)CC,-2.660799981366975,-2.245358811424918,0.41544116994205726,0.41544116994205726
NS(=O)(=O)c1cc2c(s1)SCCC2O,-2.5899998982765258,-2.311301059908259,0.2786988383682667,0.2786988383682667
CC(C)(C)OOC(C)(C)C,-2.93204043400368,-2.48316287479698,0.4488775592067,0.4488775592067
CCOC(=O)C(C)C,-1.255496946882056,-0.8402831581340457,0.4152137887480103,0.4152137887480103
CCC(C)(C)CC,-4.228599986980006,-3.5688739640830964,0.6597260228969097,0.6597260228969097
CCC1NC(=O)c2cc(S(N)(=O)=O)c(Cl)cc2N1,-3.285900093722017,-2.6491439971694546,0.6367560965525625,0.6367560965525625
CC/C(C)=C/CCC(C)=O,-2.192585947887734,-2.1700136918125374,0.022572256075196417,0.022572256075196417
O=C(N=NNc1cc(Cl)c(-c2ccc(-c3cc(Cl)c(NN=NC(=O)c4cc5ccccc5cc4O)cc3Cl)cc2)cc1Cl)c1cc2ccccc2cc1O,-8.087170130770184,-7.8222490811987715,0.26492104957141294,0.26492104957141294
CCC(C)(OOC(C)(C)C)OOC(C)(C)C,-4.450760707629273,-3.9229646647466945,0.5277960428825788,0.5277960428825788
FC(F)(Cl)C(F)(F)Cl,-2.7399999935327726,-3.653996440995278,-0.9139964474625053,0.9139964474625053
CCCn1c(=O)c2[nH]c(C3CCCC3)nc2n(CCC)c1=O,-4.959999939424736,-4.323122883839018,0.6368770555857184,0.6368770555857184
C=CCCCCCCO,-1.744232856563184,-2.291159014816116,-0.5469261582529319,0.5469261582529319
CCCCCCCCCCCCCCCCOC(=O)OOC(=O)OCCCCCCCCCCCCCCCC,-5.756556944985315,-7.371803224975221,-1.6152462799899059,1.6152462799899059
CCCCOC(=O)C(C)OC(=O)C(C)O,-1.3752000215094429,-0.9899839368072625,0.3852160847021804,0.3852160847021804
CC[C@H](C)[C@H](N)C(=O)O,-0.5029539137665417,-0.515249860785695,-0.012295947019153264,0.012295947019153264
CCO/N=C(\OC(=O)c1ccccc1)c1c(OC)ccc(Cl)c1OC,-4.079999857206852,-5.440155894314973,-1.360156037108121,1.360156037108121
CCOC(=O)CCCCC(=O)O,-0.3602000578261211,-1.067106708228047,-0.7069066504019259,0.7069066504019259
CCCCC(=O)OCC(CO)(CO)COCC(CO)(CO)CO,-6.830456638313045,-0.8253314913686465,6.0051251469443985,6.0051251469443985
O=P1(N(CCCl)CCCl)NCCCCO1,-0.9623999663529719,-1.0578020205641412,-0.09540205421116932,0.09540205421116932
CC1OC(O[C@@H]2C=C3CC[C@@H]4[C@H](CC[C@]5(C)[C@@H](c6ccc(=O)oc6)CC[C@]45O)[C@@]3(C)CC2)C(O)C(O)C1O,-3.9549998459150415,-4.292614108302692,-0.33761426238765013,0.33761426238765013
CC(C)OP(C)(=O)OC(C)C,-0.051600030711488554,-0.11857531631897178,-0.06697528560748323,0.06697528560748323
FC(F)(F)c1cccc(C(c2ccccc2)(c2ccccc2)n2cncn2)c1,-8.402999511278761,-5.397895061856227,3.005104449422534,3.005104449422534
CCC(C#N)(CC)C(=O)NC(N)=O,-1.564000016122659,-1.125135451127661,0.43886456499499804,0.43886456499499804
CC(Oc1ccc(Oc2ncc(Cl)cc2Cl)cc1)C(=O)N1CCCO1,-4.59219977666835,-4.371119891196293,0.22107988547205704,0.22107988547205704
OC(=S)CCCCCCCCC(O)=S,-3.069999909465313,-2.0161459033846736,1.0538540060806394,1.0538540060806394
O=NN(CCCl)C(=O)NCCCl,-1.7285000797339727,-1.941298646114221,-0.2127985663802483,0.2127985663802483
C=C(C)C(=O)OCCOC(=O)CCC(=O)O,-0.7067089795648913,-0.9185169959792798,-0.2118080164143885,0.2118080164143885
CCC(CO)(CO)COCC(CC)(CO)CO,-1.0763023182836693,-0.6451548919421302,0.43114742634153913,0.43114742634153913
C=C(C)C(=O)OCCCCCCCC(C)C,-6.055946791127862,-5.752672093538237,0.3032746975896252,0.3032746975896252
Cc1c2c(cc3c1ccc1ccccc13)CCCC2,-6.749999850558175,-7.052477641576422,-0.302477791018247,0.302477791018247
O=S(=O)(F)C(F)(F)C(F)(F)C(F)(F)C(F)(F)F,-6.042384127614012,-4.741241187327449,1.3011429402865629,1.3011429402865629
CCC(C)(C)CO,-1.0400000374204899,-0.6854433397836766,0.3545566976368133,0.3545566976368133
CCCO[N+](=O)[O-],-1.5044000654273222,-1.960694850930998,-0.45629478550367586,0.45629478550367586
CON(C(=O)c1cc(C)oc1C)C1CCCCC1,-2.920000056773972,-2.852045166410075,0.06795489036389712,0.06795489036389712
O=C(Oc1ccccc1)n1c(C(F)(F)F)nc2cc(Cl)c(Cl)cc21,-4.460299891724469,-7.1950520165084555,-2.734752124783986,2.734752124783986
CC(C)(C)c1cc(CCC(=O)OCCNC(=O)C(=O)NCCOC(=O)CCc2cc(C(C)(C)C)c(O)c(C(C)(C)C)c2)cc(C(C)(C)C)c1O,-8.667094784799449,-6.415415113203585,2.2516796715958645,2.2516796715958645
Fc1ccc2c(c1)CC[C@@H]([C@@H]1CO1)O2,-3.0521011131354707,-3.8016491207564065,-0.7495480076209358,0.7495480076209358
C=CCC,-1.940000064250812,-2.2982087510248843,-0.35820868677407236,0.35820868677407236
CC(C)c1ccc2c(c1)CC[C@H]1[C@](C)(C(=O)O)CCC[C@]21C,-4.658199764110383,-4.91236271114497,-0.25416294703458764,0.25416294703458764
C#CC(C)(C)O,1.075110655654449,0.5039427138886747,-0.5711679417657742,0.5711679417657742
O=C1Nc2cccc3cccc1c23,-3.2547671518716244,-5.31566538848058,-2.060898236608956,2.060898236608956
CC(C)OC=O,-0.6301000031703903,-0.7980691704908423,-0.16796916732045197,0.16796916732045197
COc1ccc(N2CCN(c3ccc([N+](=O)[O-])cc3)CC2)cc1,-6.929012955496335,-3.9073722861873206,3.021640669309014,3.021640669309014
O=C1NCCCC1N1C(=O)c2ccccc2S1(=O)=O,-2.6400001002495945,-3.0341929248626864,-0.3941928246130919,0.3941928246130919
CCCCCCOC(=O)CCOCC,-2.828900082670404,-2.8092624704502756,0.019637612220128275,0.019637612220128275
Cc1ccc2ccccc2c1NS(=O)(=O)c1ccc(N)cc1,-4.4999999196591585,-4.79146768108025,-0.29146776142109143,0.29146776142109143
COC(=O)N(C)C(=O)CSP(C)(=S)OC,-1.9563000174077392,-1.623956886182928,0.3323431312248111,0.3323431312248111
CCCCCC(C)C,-5.079999879452944,-5.127292988985978,-0.047293109533034006,0.047293109533034006
C=C(C)C(=O)OCCC[Si](OC)(OC)OC,-3.4779805871910976,-3.1869931553503035,0.2909874318407941,0.2909874318407941
CCC#CCC,-2.167500004457602,-1.9748425299319712,0.19265747452563065,0.19265747452563065
CCCCCCCCCCCCCCCC(=O)OC,-7.830037848843437,-6.156083303774973,1.6739545450684643,1.6739545450684643
CC(C)=CCCC(C)CC#N,-3.1041569462992893,-3.6316590898817402,-0.527502143582451,0.527502143582451
CC(C)CC(N)C(=O)NCC(=O)NCC(=O)O,0.3099997304714144,-0.8364873663072148,-1.1464870967786291,1.1464870967786291
CCCCC(C=O)CC,-2.2628407791135556,-2.7356828488678477,-0.4728420697542921,0.4728420697542921
CCCCCCC(CC=CCCCCCCCC(=O)O)OS(=O)(=O)O,-0.5781000790896562,-2.5111026071134925,-1.9330025280238363,1.9330025280238363
CCC(CC)(CC(=O)O)C(=O)O,-0.7962001440567725,-0.7835254893863883,0.0126746546703842,0.0126746546703842
Nc1nc(N)nc(-c2ccccc2)n1,-2.494168512692678,-2.63242904524693,-0.13826053255425208,0.13826053255425208
C=CC(=O)OCCOCC(CC)(COCCOC(=O)C=C)COCCOC(=O)C=C,-2.68744586396351,-2.762845011717072,-0.07539914775356227,0.07539914775356227
C/C=C(/CCCC)C(=O)NC(N)=O,-2.788300028290587,-1.9662173644470096,0.8220826638435776,0.8220826638435776
CCCCCC(O)CC,-2.0171000941477724,-1.6218785560236006,0.3952215381241717,0.3952215381241717
N=C(N)S(=O)O,-0.5567927692108952,-0.5452177421146533,0.011575027096241808,0.011575027096241808
COC(=O)CCC(=O)OC,-0.07522316307023447,-0.203376688361824,-0.12815352529158952,0.12815352529158952
CCCCCCBr,-3.807800022066955,-4.1673396326919105,-0.35953961062495576,0.35953961062495576
NS(=O)(=O)c1cc(C(=O)c2ccc(CNCc3ccccc3)cc2)cs1,-3.3699998489018506,-3.2114684650348124,0.15853138386703813,0.15853138386703813
FC(F)(F)C(F)(F)C(F)(F)F,-4.51800004003134,-4.149985943538857,0.36801409649248296,0.36801409649248296
O=c1c2ccccc2c(=O)c2c1ccc1[nH]c3c(ccc4c(=O)c5ccccc5c(=O)c43)[nH]c12,-7.946874265877847,-6.289365519307723,1.657508746570124,1.657508746570124
CC(=O)CCCCCl,-1.4155738521979224,-1.4530275078152044,-0.03745365561728198,0.03745365561728198
Cc1ccccc1Oc1ccccc1N/N=C1/C(=O)c2c(cc(S(=O)(=O)[O-])cc2NC(=O)c2ccccc2)C=C1S(=O)(=O)[O-],-2.0506716218537644,-1.891219768001095,0.15945185385266947,0.15945185385266947
CC(C)(C)Br,-2.3585998888664466,-2.7506063951262423,-0.3920065062597957,0.3920065062597957
FC(F)=C(F)OC(F)(F)C(F)(F)F,-4.954296446955656,-4.585378272758562,0.36891817419709394,0.36891817419709394
CCCOCC,-0.6806000760930302,-0.42076359548302245,0.25983648061000775,0.25983648061000775
CCCCCCCCCCCCCC(=O)OC(C)C,-6.733127818709114,-6.6116701061507275,0.12145771255838689,0.12145771255838689
C[S+](C)[O-],1.1071998990081755,0.690743497057186,-0.41645640195098954,0.41645640195098954
Cc1cc(C)c(S(=O)(=O)NC2CCCCC2)c(C)c1Nc1ccc(Nc2c(C)cc(C)c(S(=O)(=O)NC3CCCCC3)c2C)c2c1C(=O)c1ccccc1C2=O,-4.818703583660916,-5.949453545953075,-1.1307499622921586,1.1307499622921586
CCS(=O)(=O)CC,0.043299939677282406,-1.1049310370659875,-1.14823097674327,1.14823097674327
O=C([O-])[O-],-3.267909965321756,-1.036398842225665,2.231511123096091,2.231511123096091
NC(=O)C[NH+](CC(=O)[O-])CC(=O)[O-],-1.76358194421084,-0.3186312758109411,1.444950668399899,1.444950668399899
Cc1cc(C2CC2)nc(Nc2ccccc2)n1,-4.050000110509182,-3.6374156912986746,0.4125844192105075,0.4125844192105075
NC(=O)CF,1.1132001207012885,0.5356996858763443,-0.5775004348249442,0.5775004348249442
CCCC#N,-0.32100020723877876,-0.6325408359430145,-0.3115406287042357,0.3115406287042357
CCCCCCCCCCCCCCNC(=O)C(C)O,-3.9783999206928033,-4.364504558945607,-0.38610463825280394,0.38610463825280394
OC(=S)CCCCCCCC(O)=S,-2.390000077665973,-1.8510684501864418,0.538931627479531,0.538931627479531
ClC(Cl)(Cl)C(Cl)(Cl)Cl,-3.9399999725662065,-3.550806708553757,0.38919326401244936,0.38919326401244936
CC(C)S[S+]([O-])C(C)C,-0.8230000085578846,-0.7769647640282384,0.046035244529646135,0.046035244529646135
C=C(C)C(=O)OCCOC(=O)CC(C)=O,-1.0636822705058213,-1.0204344286777394,0.043247841828081945,0.043247841828081945
C=CC(C)(O)CC/C=C(\C)CCC=C(C)C,-3.985352222408779,-3.602048093873517,0.3833041285352623,0.3833041285352623
C=COCCCCOC=C,-2.647743452935007,-1.4388054762872367,1.2089379766477704,1.2089379766477704
CC(C)CCCC(C)CC=O,-3.8064829882485864,-3.8986835261417245,-0.09220053789313809,0.09220053789313809
CC[n+]1c(-c2ccccc2)c2cc(N)ccc2c2ccc(N)cc21,-1.2948000194757388,-0.9518664193418136,0.34293360013392515,0.34293360013392515
CC(C)CCl,-2.0000000342649162,-1.9597767470170822,0.04022328724783408,0.04022328724783408
C=CCN(CC=C)C(=O)CCl,-0.9452000207951148,-1.8756382835848708,-0.930438262789756,0.930438262789756
CCCCC(CC)CN(CC(CC)CCCC)CC(CC)CCCC,-8.247579307452106,-7.0101318348011095,1.237447472650997,1.237447472650997
CC(=O)Oc1ccc(C(C)(C)CC(C)(C)C)cc1C1C(=O)Oc2ccc(C(C)(C)CC(C)(C)C)cc21,-6.692582541442821,-7.1927220316423774,-0.5001394901995564,0.5001394901995564
FC(F)=C(F)C(F)(F)F,-2.8887982264902585,-2.8928376045490705,-0.004039378058811938,0.004039378058811938
CCCCCCCCCCCC(=O)N(C)CC(=O)O,-2.7346415390037513,-3.192558904996939,-0.4579173659931879,0.4579173659931879
CCCCCCCC(=O)NCC(=O)O,-2.1115376762482456,-1.9842605166846308,0.12727715956361485,0.12727715956361485
O=C1CNC(=S)N1c1ccccc1,-3.2425000402876196,-3.12901076362537,0.1134892766622495,0.1134892766622495
C=C[NH+]1C=CN(C)C1,0.6585801735300438,0.7049178667088754,0.04633769317883152,0.04633769317883152
O=C1CCCCCCCN1,0.632899954591112,-1.0924155730623737,-1.7253155276534857,1.7253155276534857
CC(C)c1cc(OP(=O)(Oc2ccccc2)Oc2ccccc2)cc(-c2ccccc2)c1,-6.848499518197087,-7.026760110197202,-0.17826059200011457,0.17826059200011457
Cc1cc(C2(c3ccc(O)c(C)c3)CCCCC2)ccc1O,-5.371522247766571,-4.408275183468071,0.9632470642985007,0.9632470642985007
NCCCCCCNC(=O)O,-0.09529889006595571,-0.6677019553112937,-0.572403065245338,0.572403065245338
c1ccc2sc(SNC3CCCCC3)nc2c1,-5.917142606786258,-5.697860118757063,0.2192824880291946,0.2192824880291946
CCCOC(=O)CCOC,-0.6598001609314523,-0.6562622879436835,0.003537872987768864,0.003537872987768864
CC(Cl)[N+](=O)[O-],-1.437399995644174,-1.347668479119059,0.08973151652511513,0.08973151652511513
C=C[Si](C)(C)O[Si](C)(C)C=C,-5.954482554784418,-4.4778966564465446,1.4765858983378735,1.4765858983378735
CCCCCCCCCCCCCCCCCO,-7.505999731471784,-5.864075329030461,1.6419244024413224,1.6419244024413224
CCC(C)(CC)c1cc(NC(=O)c2c(OC)cccc2OC)on1,-5.369399796327489,-5.290648214329079,0.07875158199840993,0.07875158199840993
Cc1occc1C(=O)Nc1ccccc1,-3.3036999320812357,-3.581415914472242,-0.2777159823910065,0.2777159823910065
c1ccc2c(c1)-c1nc3nc(nc4[n-]c(nc5[n-]c(nc-2n1)c1ccccc51)c1ccccc41)-c1ccccc1-3,-6.983720618856853,-5.528954055125762,1.4547665637310905,1.4547665637310905
CCCC(Cl)Cl,-2.403599985531715,-2.624789323098226,-0.22118933756651105,0.22118933756651105
C=C(C)OC,1.1420001498846308,-0.2007405780732472,-1.342740727957878,1.342740727957878
CCCCOC(C)=O,-1.2199586178072286,-1.0117508433501392,0.20820777445708938,0.20820777445708938
O=C(O)C(F)F,1.0175999292615896,0.2287049107547765,-0.7888950185068131,0.7888950185068131
CCCCC(C)(C)O,-1.0784001217238763,-0.9727193072744553,0.10568081444942101,0.10568081444942101
CC(CC=O)CCCC(C)(C)O,-2.807293643451698,-1.502895720435179,1.3043979230165192,1.3043979230165192
CCC(Cl)[N+](=O)[O-],-1.1887000528686444,-1.6093596876002527,-0.4206596347316083,0.4206596347316083
CCCCOC(=O)CCCCC(=O)OCCCC,-3.8681537793798353,-4.10778993123185,-0.23963615185201492,0.23963615185201492
CC(C)CCBr,-2.8859998956013473,-3.491340721774961,-0.6053408261736135,0.6053408261736135
CCCCC(CCCC)(CCCC)C(=O)NO,-4.1599997718333945,-4.541900428333238,-0.3819006564998437,0.3819006564998437
NS(=O)(=O)c1cc(C(=O)c2cccc(CN3CCOCC3)c2)cs1,-1.9199999834615844,-3.0291656863296046,-1.1091657028680202,1.1091657028680202
ClCCBr,-1.317700053082943,-1.6833691852625163,-0.3656691321795733,0.3656691321795733
CCCCCCCCOCCCCCCCC,-6.384616825813063,-6.571644207159082,-0.18702738134601926,0.18702738134601926
CC(C)SC(C)C,-2.240000050498121,-2.657607793159016,-0.41760774266089484,0.41760774266089484
NS(=O)(=O)c1cc2c(cc1Cl)CN(C1CCCCC1)C2=O,-4.312799866144222,-3.704588977957898,0.6082108881863242,0.6082108881863242
S=C(N=Nc1ccccc1)NNc1ccccc1,-6.610000034005923,-5.852907742888007,0.7570922911179157,0.7570922911179157
COC(C)CCOC(C)=O,-0.687784763500062,-0.4952024585621624,0.19258230493789963,0.19258230493789963
CCCCCC(O)CCC,-2.591000082750233,-2.2842223053425226,0.3067777774077105,0.3067777774077105
C#CCN1CC(=O)N(COC(=O)C2C(C=C(C)C)C2(C)C)C1=O,-3.5320999327773506,-4.053919210418785,-0.5218192776414345,0.5218192776414345
CCCCCCCCOC(=O)C(C)O,-1.2726000707426732,-3.0210021942047964,-1.7484021234621232,1.7484021234621232
OC(O)C(Cl)(Cl)Cl,1.0371674444793908,-0.18930118305921573,-1.2264686275386065,1.2264686275386065
CCC=O,0.5799999019326583,0.40484032778002144,-0.17515957415263683,0.17515957415263683
O=C(O)C(F)(F)Cl,0.8844999182730127,-0.11572595317824508,-1.0002258714512577,1.0002258714512577
CCOC(=O)CCCCCCCCC(=O)OCC,-3.5090999113625534,-3.9110453827269316,-0.4019454713643782,0.4019454713643782
CC(C)=CC=O,0.11650367927685856,-0.9964280948337132,-1.1129317741105718,1.1129317741105718
CCCCCCO,-1.382910215146644,-0.9777415072663307,0.40516870788031323,0.40516870788031323
CCCCCCCCCCCCCC(=O)O,-5.329299817162427,-4.661995011230056,0.6673048059323712,0.6673048059323712
CCOC(=O)N(C)N=O,-0.5528000657466388,-0.26704015445188833,0.2857599112947504,0.2857599112947504
CCCCCCCCOCC(O)CO,-1.9208000220991188,-2.3075075830868474,-0.3867075609877286,0.3867075609877286
C=C(C)C(=O)OCCCCCCCCCCCC,-8.405541114875517,-6.136487463784983,2.269053651090534,2.269053651090534
C=CC(=O)OCCCC,-1.8773407658055439,-1.7383108003471681,0.13902996545837576,0.13902996545837576
C=C(C)CC(C)(C)C,-4.6883266999293225,-3.654355947719208,1.0339707522101147,1.0339707522101147
O=S(=O)([O-])c1ccccc1/C=C\c1ccc(-c2ccc(/C=C\c3ccccc3S(=O)(=O)[O-])cc2)cc1,-1.5046684698791657,-0.688010816970412,0.8166576529087537,0.8166576529087537
c1ccc2c(c1)CCc1ccccc1-2,-4.634699735569225,-5.219041828468784,-0.5843420928995586,0.5843420928995586
O=[N+]([O-])C(CO)(CO)CO,0.8209998643301897,0.4934914176582943,-0.3275084466718954,0.3275084466718954
CC(SC(=S)SC(C)C(=O)O)C(=O)O,-1.4100000000323194,-1.1055182313817402,0.3044817686505792,0.3044817686505792
Cc1ccc(N=CN(C)C=Nc2ccc(C)cc2C)c(C)c1,-5.467500193619976,-4.4761928124579775,0.9913073811619988,0.9913073811619988
CC(C)CCCCCCCCCCCCCCC(=O)OC(CO)CO,-6.855595418337451,-4.883407440421749,1.972187977915702,1.972187977915702
N[C@@H](CCO)C(=O)O,0.923999902504121,0.6215180261821938,-0.30248187632192725,0.30248187632192725
CCC(CC)(C(N)=O)C(N)=O,-1.1992001003896187,-0.5531375118306912,0.6460625885589275,0.6460625885589275
CCN(CC)c1ccc(/C=C(\C#N)C(=O)OCCC[N+](C)(C)CCOC(=O)/C(C#N)=C/c2ccc(N(CC)CC)cc2)cc1,-0.8036189193647272,-2.7988398734782542,-1.995220954113527,1.995220954113527
O=C(NC(CO)C(=O)O)C(Cl)Cl,-0.029999940735586872,0.048269575428461664,0.07826951616404854,0.07826951616404854
OCCCCCO,0.9823445755550675,1.1585783122222364,0.1762337366671689,0.1762337366671689
CCCCOCCC(=O)OCCCC,-2.4028999687459716,-2.985602969720308,-0.5827030009743366,0.5827030009743366
CCCCC(=O)[O-],-1.2721999833355113,-0.9278663496300985,0.3443336337054128,0.3443336337054128
CCCCCCCC[Si](OCC)(OCC)OCC,-6.3277404109050766,-5.270714928255036,1.0570254826500403,1.0570254826500403
O=C(Nc1ccc2c(O)c(N=Nc3ccccc3)c(S(=O)(=O)[O-])cc2c1)Nc1ccc2c(O)c(N=Nc3ccccc3)c(S(=O)(=O)[O-])cc2c1,-1.8872468101712967,-2.3559586038598734,-0.46871179368857674,0.46871179368857674
Cc1ccnc2c1NC(=O)c1cccnc1N2C1CC1,-3.190000023970032,-3.6862098775809073,-0.4962098536108752,0.4962098536108752
CC(C)CCCC(C)CCCC(C)CCCCC(C)CCCC(C)CCCC(C)C,-5.149040149894397,-7.263274409152967,-2.11423425925857,2.11423425925857
C=CCCBr,-2.247299943468958,-2.3837999484460686,-0.13650000497711057,0.13650000497711057
O=S(=O)(CCl)CCCl,-1.5000000571860674,-1.8579158276862102,-0.3579157705001428,0.3579157705001428
CNCC(O)C(O)C(O)C(O)CO,0.40839998905408903,0.37980722094416386,-0.02859276810992517,0.02859276810992517
OCC(O)C(O)CO,0.6984998546259829,0.9009149408169557,0.20241508619097281,0.20241508619097281
CCC(C(=O)O)C(CC)C(=O)O,-0.8608000979273176,-0.5680306225766625,0.2927694753506551,0.2927694753506551
CC(C)CCCCCCCOC(=O)CCCCC(=O)OCCCCCCCC(C)C,-6.6301043581274115,-7.010778674550606,-0.38067431642319427,0.38067431642319427
CCCCOC(N)=O,-0.6571000475518725,-0.8767011892681875,-0.21960114171631506,0.21960114171631506
CC(C)c1nn(C(=O)NC(C)(C)C)c(=O)n1N,-1.7188474603732327,-2.772275322469169,-1.0534278620959365,1.0534278620959365
CCCCCCCCCOS(=O)(=O)[O-],-0.13619904404534067,-0.7784793222795843,-0.6422802782342436,0.6422802782342436
CC(C)CCCCCCCCCCCCCCC(=O)OCC(COC(=O)CCCCCCCCCCCCCCC(C)C)(COC(=O)CCCCCCCCCCCCCCC(C)C)COC(=O)CCCCCCCCCCCCCCC(C)C,-7.380942594016833,-7.942896814214,-0.5619542201971672,0.5619542201971672
Cc1c(NC(=O)Nc2ccccc2)c(=O)n(-c2ccccc2)n1C,-2.29999995242383,-3.6062515309193195,-1.3062515784954893,1.3062515784954893
CCSC(=S)N[C@@H](CC(=O)O)C(=O)O,-1.3863000639643703,-1.4244954745533374,-0.03819541058896703,0.03819541058896703
O=[N+](O)OCCCCCCO[N+](=O)O,-2.7699999615177258,-3.1814609222159507,-0.4114609606982249,0.4114609606982249
O=C(O)CC(O)(CC(=O)O)C(=O)O,0.576299978565542,0.6072458815957384,0.030945903030196398,0.030945903030196398
NCCCCCCN,0.49513398209164583,1.3189627047284946,0.8238287226368488,0.8238287226368488
Cn1cc2nccnc2nc1=O,-0.9089000549373543,-1.3666197943649725,-0.45771973942761823,0.45771973942761823
OCCCl,1.0941285613503635,0.8481932797525737,-0.24593528159778977,0.24593528159778977
CC(=O)OC/C=C(/C)CCC=C(C)C,-3.7549530783563543,-3.1621718544882085,0.5927812238681458,0.5927812238681458
CC(C)CCCCCN(CCCCCC(C)C)CCCCCC(C)C,-4.0572475754161115,-6.837363252716188,-2.780115677300077,2.780115677300077
CCC1(C2=CCCCCC2)C(=O)NC(=O)NC1=O,-2.9999999799115638,-2.921439819923758,0.07856015998780563,0.07856015998780563
Cc1ccc(S(=O)(=O)/C(C#N)=C/N2CC(=O)NC2=S)cc1,-3.5292992187946255,-4.241210502382598,-0.7119112835879728,0.7119112835879728
OC(c1ccccc1)(c1ccccc1)C1CCNCC1,-1.3899999873314866,-2.5134633679339684,-1.1234633806024819,1.1234633806024819
CC1(C2CCC3C4=CC=C5CC6(CCC5(C)C4CCC32C)OCCO6)OCCO1,-6.700119382027157,-5.172188297611829,1.5279310844153287,1.5279310844153287
c1cc[n+]2c(c1)-c1cccc[n+]1CC2,-1.5558501076325901,1.2540344286187843,2.8098845362513742,2.8098845362513742
CCC(CO)[N+](=O)[O-],-0.34360010720221723,-0.5921704096742686,-0.24857030247205136,0.24857030247205136
CC1=NN(c2cc(S(=O)(=O)[O-])ccc2Cl)C(=O)C1N=Nc1cc(Cl)ccc1Oc1ccccc1Cl,-2.316221467750082,-4.318228962382728,-2.002007494632646,2.002007494632646
O=C(Nc1ccc(F)cc1F)c1cccnc1Oc1cccc(C(F)(F)F)c1,-6.896900017381259,-5.887388523016606,1.009511494364653,1.009511494364653
NC(=O)NCl,0.3255998711077819,-0.4056043952906272,-0.7312042663984091,0.7312042663984091
CCCOCCC,-1.3192000404178266,-1.219950583376656,0.09924945704117061,0.09924945704117061
S=c1ncc2nccnc2[nH]1,-2.6800000575628657,-1.7446588175603257,0.93534124000254,0.93534124000254
CCCCCCCCCCCCCCC(CO)CCCCCCCCCCCC,-5.613599640921579,-6.896638557945673,-1.2830389170240943,1.2830389170240943
C=CCOCC(CC)(CO)COCC=C,-1.7182485548535944,-2.153289820310309,-0.4350412654567146,0.4350412654567146
CCCCOCCOCCCC,-1.9401999717776035,-2.6738978394545168,-0.7336978676769133,0.7336978676769133
Cn1c(=O)[nH]n(-c2ccccc2)c1=O,-2.980400067384467,-2.163856594458073,0.8165434729263938,0.8165434729263938
CC(=O)OCC(COC(C)=O)OC(C)=O,-0.575436733443206,-0.6243786715419022,-0.04894193809869618,0.04894193809869618
COC(C)OC,1.0451996962234467,0.2765816740070397,-0.768618022216407,0.768618022216407
CC/C=C\CCOC(=O)C(C)C,-3.174187396475955,-3.7596122991161702,-0.5854249026402152,0.5854249026402152
O=C1CN=C(c2ccccc2)c2cc(Cl)ccc2N1CC1CC1,-4.9099997714958645,-5.113901908226731,-0.20390213673086688,0.20390213673086688
c1ccc2c(c1)c1cccc3ccc4cccc2c4c31,-7.659999883738914,-6.6142610057452345,1.0457388779936796,1.0457388779936796
CC(C)CCC(C)(C)C,-5.047399836962301,-4.960768929754295,0.08663090720800604,0.08663090720800604
CCC(CO)(CO)CO,0.872300112067153,0.5109323961333323,-0.36136771593382067,0.36136771593382067
FCCCl,-0.5291001296786892,-1.2552010347187605,-0.7261009050400713,0.7261009050400713
CCCCCCCCCCCC(=O)[O-],-5.297808526090813,-4.385086046537039,0.9127224795537741,0.9127224795537741
CCCC(C)(COC(N)=O)COC(=O)NC(C)C,-2.938400009221835,-2.3711011904839663,0.5672988187378687,0.5672988187378687
COC(OC)OC,-1.025801292123504,0.3389454688193805,1.3647467609428845,1.3647467609428845
CCCCCCCC(C)O,-2.7439999484110627,-2.7960148859828244,-0.05201493757176179,0.05201493757176179
CC(C1CC1)C(O)(Cn1cncn1)c1ccc(Cl)cc1,-3.3189000704209346,-4.076463414075372,-0.7575633436544371,0.7575633436544371
OCC1OC(OCCc2cccc3ccccc23)C(O)C(O)C1O,-1.110000081873405,-2.777497021457468,-1.667496939584063,1.667496939584063
CCOC(=O)OCC,-0.7982097049374697,-0.6360343152974495,0.1621753896400202,0.1621753896400202
NCC(=O)NCC(=O)NCC(=O)O,-0.5299999859028302,-0.20072151332273558,0.32927847258009457,0.32927847258009457
N#CSCC(CSC#N)SC#N,-1.935099946750605,-2.176236834909845,-0.24113688815924017,0.24113688815924017
CCC(C)(O)CCCC(C)C,-2.694289666822557,-2.1292849844109663,0.5650046824115909,0.5650046824115909
C=C(C)C(=O)OCCOCC,-0.9674740497015963,-0.9908603706236319,-0.02338632092203552,0.02338632092203552
CCOC(=O)c1ccccc1S(=O)(=O)NN(C=O)c1nc(Cl)cc(OC)n1,-4.576000185805187,-4.332035927056703,0.24396425874848404,0.24396425874848404
[O-][n+]1nc(-n2ccnc2)nc2ccc(Cl)cc21,-3.6300000480568753,-1.630892642418996,1.9991074056378793,1.9991074056378793
CCOC(=O)N1CCN(CN2CCN(C(=O)OCC)CC2)CC1,-0.8443001010668096,-0.2990327122851637,0.5452673887816459,0.5452673887816459
CCCCCCCCCCNCC(O)CO,-3.1099998710341086,-2.451831693585465,0.6581681774486436,0.6581681774486436
