smiles,observed_logS,predicted_logS,residual,absolute_error
BrCCc1ccccc1,-3.675699889154309,-3.3694951436762572,0.3062047454780519,0.3062047454780519
Brc1c(Br)c(Br)c(Br)c(Br)c1Br,-9.537400100940284,-10.120494950626025,-0.5830948496857413,0.5830948496857413
Brc1cc(Br)c(Br)cc1Br,-6.979999724264174,-7.0656865177914945,-0.08568679352732023,0.08568679352732023
Brc1cc(Br)cc(Br)c1,-5.600399752374603,-5.38697341099537,0.21342634137923255,0.21342634137923255
Brc1ccc(Br)c(Br)c1,-4.807999951839838,-5.108160013903049,-0.30016006206321144,0.30016006206321144
Brc1ccc(Br)cc1,-4.07170001807169,-3.7574285000334777,0.31427151803821207,0.31427151803821207
Brc1ccc(I)cc1,-4.452000052589307,-4.30884937748467,0.14315067510463741,0.14315067510463741
Brc1cccc(Br)c1,-3.54349990461086,-3.642069464986916,-0.09856956037605569,0.09856956037605569
Brc1cccc(Br)c1Br,-5.040200170108438,-5.043456020965427,-0.0032558508569886513,0.0032558508569886513
Brc1ccccc1,-2.5685615522821954,-2.858852014292908,-0.2902904620107125,0.2902904620107125
Brc1ccccc1Br,-3.4999999655014618,-3.5288447287601112,-0.028844763258649486,0.028844763258649486
C#CC(C)(C)NC(=O)c1cc(Cl)cc(Cl)c1,-4.232399864110517,-3.851144413238698,0.38125545087181933,0.38125545087181933
C#CC(C)N(C(=O)CCl)c1ccccc1,-2.6468000201382686,-2.6170884235268996,0.029711596611369018,0.029711596611369018
C#CC(C)N(C)C(=O)Nc1ccc(Cl)cc1,-3.897099926258169,-3.1354174219684494,0.7616825042897197,0.7616825042897197
C#CC(C)OC(=O)Nc1cccc(Cl)c1,-2.617199884228997,-3.342284910420386,-0.725085026191389,0.725085026191389
C#CCN(C)[C@H](C)Cc1ccccc1,-2.509999983649984,-1.5596596533151472,0.9503403303348366,0.9503403303348366
C#Cc1ccccc1,-2.350199959791099,-2.5155552817280356,-0.16535532193693658,0.16535532193693658
C/C(C=O)=C/c1ccccc1,-2.4747185861324956,-2.3401092596989637,0.13460932643353196,0.13460932643353196
C/C=C/C(=O)Oc1c([N+](=O)[O-])cc([N+](=O)[O-])cc1C(C)(C)CC(C)(C)C,-4.959499762077389,-6.079280411632412,-1.1197806495550235,1.1197806495550235
C/C=C/c1ccc(O)c(OC)c1,-2.364737512940031,-2.6157597465930404,-0.25102223365300924,0.25102223365300924
C/C=C/c1ccc(OC)c(OC)c1,-2.7782268439379845,-3.053454425301631,-0.27522758136364667,0.27522758136364667
C/C=C/c1ccc(OC)cc1,-3.125539753441181,-3.6239373893058375,-0.4983976358646567,0.4983976358646567
C/C=C/c1ccc(OCC(=O)[O-])c(OC)c1,-1.582599995252004,-2.6377217263866863,-1.0551217311346823,1.0551217311346823
C/C=C\COCN(C(=O)CCl)c1c(CC)cccc1CC,-4.028699813735073,-4.00015082646293,0.028548987272142945,0.028548987272142945
C=C(C(=O)O)c1ccccc1,-2.056799917817277,-1.8464274090280064,0.21037250878927072,0.21037250878927072
C=C(C)C(=O)Nc1ccc(Cl)c(Cl)c1,-4.432499808705453,-4.634258795125254,-0.20175898641980083,0.20175898641980083
C=C(C)C(=O)OCCOc1ccccc1,-2.9526471909005894,-3.3395119424584947,-0.38686475155790534,0.38686475155790534
C=C(C)C(=O)OCc1ccccc1,-2.968204478403553,-2.905749402587089,0.0624550758164637,0.0624550758164637
C=C(C)C(=O)Oc1ccccc1,-2.494851337158764,-2.548647739489032,-0.053796402330267945,0.053796402330267945
C=C(C)CN(CC)c1c([N+](=O)[O-])cc(C(F)(F)F)cc1[N+](=O)[O-],-6.124000052199978,-5.128491344732413,0.9955087074675655,0.9955087074675655
C=C(C)c1cccc(C(=C)C)c1,-4.451139415280505,-4.315203931183717,0.13593548409678746,0.13593548409678746
C=C(C)c1ccccc1,-3.0080823702472546,-2.9441138851711055,0.06396848507614905,0.06396848507614905
C=C(CC(Cl)(Cl)Cl)c1ccccc1,-4.282199852159019,-4.448425548045199,-0.16622569588617964,0.16622569588617964
C=C(OC(C)=O)c1ccccc1,-2.1135955118007734,-1.9322550774439275,0.18134043435684588,0.18134043435684588
C=CC(=O)OCCOc1ccccc1,-2.563625824551569,-2.6022994199364,-0.03867359538483095,0.03867359538483095
C=CC(=O)OCc1c(Br)c(Br)c(Br)c(Br)c1Br,-7.806076725693481,-7.120936981834431,0.6851397438590503,0.6851397438590503
C=CC(C)(C#N)Cc1ccccc1,-3.000616767145856,-2.834464113085074,0.16615265406078228,0.16615265406078228
C=CCN(CC=C)C(=O)COC(=O)c1ccccc1,-2.562599902664671,-2.5353954909665455,0.027204411698125597,0.027204411698125597
C=CCN(CC=C)c1c(C)cc(OC(=O)NC)cc1C,-3.5931999388959657,-3.05942549665077,0.5337744422451958,0.5337744422451958
C=CCOC(=O)COc1ccccc1,-2.536373138181612,-2.6420524206421527,-0.10567928246054059,0.10567928246054059
C=CCOC(=O)c1ccccc1C(=O)OCC=C,-3.2211355872236203,-3.149746028856196,0.07138955836742422,0.07138955836742422
C=CCOP(=O)(OCC=C)c1ccccc1,-2.899899945621905,-2.3608635556361035,0.5390363899858013,0.5390363899858013
C=CCOc1ccc(CC(=O)O)cc1Cl,-3.1300000880001253,-2.960219309784421,0.16978077821570414,0.16978077821570414
C=CCOc1ccc([N+](=O)[O-])cc1N,-2.799999946524778,-3.173465727580702,-0.3734657810559243,0.3734657810559243
C=CCOc1ccccc1C(N)=O,-2.227299930768125,-1.9915002876029617,0.23579964316516344,0.23579964316516344
C=CCOc1ccccc1OCC(O)CNC(C)C,-0.3200001248976636,-1.871877080662539,-1.5518769557648755,1.5518769557648755
C=CCc1ccc(O)c(O)c1,-0.77869992867836,-1.7049489848968022,-0.9262490562184422,0.9262490562184422
C=CCc1ccc(O)c(OC)c1,-2.1531780191662384,-2.2621852240495404,-0.10900720488330196,0.10900720488330196
C=CCc1ccc(OC(C)=O)c(OC)c1,-2.7015912279590637,-2.902410679642721,-0.20081945168365722,0.20081945168365722
C=CCc1ccc(OC)c(OC)c1,-2.552013144573067,-2.933570516409014,-0.38155737183594685,0.38155737183594685
C=CCc1ccc(OC)cc1,-2.920900091730149,-3.380685267077351,-0.4597851753472022,0.4597851753472022
C=CCc1ccc(OCC(=O)[O-])c(OC)c1,-2.2785999742399046,-2.4339622348426824,-0.1553622606027778,0.1553622606027778
C=CCc1ccccc1OCC(O)CNC(C)C,-2.8800000994607013,-1.7681023327338958,1.1118977667268055,1.1118977667268055
C=COC(=O)c1ccccc1,-2.622959141093324,-2.2385061230303647,0.3844530180629593,0.3844530180629593
C=CS(=O)(=O)Nc1ccccc1,-1.499600105955695,-1.766213969195736,-0.266613863240041,0.266613863240041
C=C[C@@](C)(/C=C/c1ccc(O)cc1)CCC=C(C)C,-6.337017318503952,-5.199874536834934,1.1371427816690174,1.1371427816690174
C=Cc1cc(Br)ccc1Br,-4.578730530432006,-4.458774984037132,0.11995554639487427,0.11995554639487427
C=Cc1ccc(C(C)(C)C)cc1,-4.563351132371204,-5.212896033787837,-0.6495449014166335,0.6495449014166335
C=Cc1ccc(C)cc1,-3.1231999127799717,-3.2923899050171035,-0.16918999223713183,0.16918999223713183
C=Cc1ccc(O)c(C=C)c1,-3.3940627301576614,-2.83746320260571,0.5565995275519513,0.5565995275519513
C=Cc1ccc(S(=O)(=O)[O-])cc1,-0.03325102540494784,-0.649193350807614,-0.6159423254026661,0.6159423254026661
C=Cc1cccc(C)c1,-3.123150327406543,-3.1186481525290652,0.004502174877477838,0.004502174877477838
C=Cc1ccccc1,-2.7582716844671498,-2.6537776507370667,0.10449403373008304,0.10449403373008304
CC(=NO)C(=NO)c1ccccc1,-2.29999995242383,-2.5309541530697177,-0.23095420064588756,0.23095420064588756
CC(=O)/C(=N\O)c1ccccc1,-2.3675999490525372,-1.9798496823886214,0.3877502666639159,0.3877502666639159
CC(=O)/C=C/c1ccccc1,-2.0509712788787677,-2.5044901686195806,-0.4535188897408129,0.4535188897408129
CC(=O)C(=Cc1ccccc1)CC(=O)O,-1.61110002696837,-2.0426755250472857,-0.4315754980789157,0.4315754980789157
CC(=O)C(=O)Nc1ccccc1,-1.36759999489484,-1.5300779693608348,-0.16247797446599477,0.16247797446599477
CC(=O)C(=O)c1ccccc1,-1.755799985405642,-1.1503231186194505,0.6054768667861916,0.6054768667861916
CC(=O)C(O)c1ccccc1,-1.1766034686691254,-0.9147620571892592,0.26184141147986617,0.26184141147986617
CC(=O)C(Oc1ccccc1Cl)C(=O)O,-2.099999893503896,-1.6219864080407798,0.4780134854631164,0.4780134854631164
CC(=O)CC(=O)Nc1ccc(C)cc1C,-1.9900786700103592,-2.3595350148790333,-0.36945634486867407,0.36945634486867407
CC(=O)CC(=O)Nc1ccc(NC(=O)CC(C)=O)cc1,-3.127500988583751,-2.222062571449049,0.9054384171347016,0.9054384171347016
CC(=O)CC(=O)Nc1ccc(S(=O)(=O)[O-])cc1,0.42174722088715955,-0.641752106329414,-1.0634993272165736,1.0634993272165736
CC(=O)CC(=O)Nc1ccccc1,-1.2990811453798758,-1.5285508828448673,-0.22946973746499144,0.22946973746499144
CC(=O)CC(=O)Nc1ccccc1C,-1.850192288723651,-1.8054458213285793,0.04474646739507171,0.04474646739507171
CC(=O)CC(=O)Nc1ccccc1Cl,-2.406536093287269,-2.169504322531908,0.23703177075536086,0.23703177075536086
CC(=O)CC(=O)c1ccccc1,-2.626800041481633,-1.4772845431284563,1.1495154983531768,1.1495154983531768
CC(=O)CC(C)(C)c1ccccc1,-2.33766624809771,-2.6708363809643503,-0.3331701328666403,0.3331701328666403
CC(=O)CC(C)=Nc1ccc(N=C(C)CC(C)=O)cc1,-1.8900000324987298,-2.3460341075391615,-0.4560340750404317,0.4560340750404317
CC(=O)CC(C)=Nc1ccc(O)cc1,-3.58999988647842,-1.9104311809147003,1.6795687055637198,1.6795687055637198
CC(=O)CC(C)=Nc1ccccc1O,-3.549999929165149,-1.9649793131664746,1.5850206159986744,1.5850206159986744
CC(=O)CC(CC(=O)O)c1ccccc1,-1.4463001020668689,-1.7254882576835306,-0.27918815561666177,0.27918815561666177
CC(=O)CCc1ccc(O)cc1,-1.552040970480401,-1.696447740290165,-0.14440676980976397,0.14440676980976397
CC(=O)CCc1ccccc1,-1.716017979043754,-1.7892210377593831,-0.07320305871562915,0.07320305871562915
CC(=O)COc1c(C)cccc1C,-1.918544798290403,-2.179081568039733,-0.26053676974933015,0.26053676974933015
CC(=O)N(C)C(=O)COC(=O)c1ccccc1,-2.8663999873297747,-1.1777349616119803,1.6886650257177944,1.6886650257177944
CC(=O)N(C)CCOC(=O)c1ccccc1,-0.8494000580054135,-1.2305334263855656,-0.3811333683801521,0.3811333683801521
CC(=O)N(C)N(C(=O)C(=O)N(C)C)c1ccccc1,-0.5345000840842702,-0.6595969851617158,-0.12509690107744564,0.12509690107744564
CC(=O)N(C)c1ccc(S(=O)(=O)N(C)C)cc1,-2.29999995242383,-2.1107372290803434,0.1892627233434867,0.1892627233434867
CC(=O)N(C)c1ccccc1,-0.9510000626078572,-0.8088731646056848,0.14212689800217237,0.14212689800217237
CC(=O)NC(=O)COC(=O)c1ccccc1,-2.4003000133949715,-1.6381322090721429,0.7621678043228286,0.7621678043228286
CC(=O)NC(COC(=O)c1ccccc1)C(=O)O,-3.2199999919549853,-1.6739607308851125,1.5460392610698728,1.5460392610698728
CC(=O)NC(CSc1c(Cl)cccc1Cl)C(=O)O,-2.309999958774247,-2.423747750049012,-0.11374779127476486,0.11374779127476486
CC(=O)NC(CSc1ccc(Cl)c(Cl)c1)C(=O)O,-2.890000088789019,-2.7110587149746586,0.17894137381436037,0.17894137381436037
CC(=O)NC(Cc1ccc(O)cc1)C(=O)O,0.009999812312500023,-1.4464889792737217,-1.4564887915862217,1.4564887915862217
CC(=O)NC(Cc1ccc(OC(C)=O)cc1)C(N)=O,-1.9000000388491463,-1.5213226188652378,0.37867741998390847,0.37867741998390847
CC(=O)NC(Cc1ccccc1)C(=O)O,-1.4100000000323194,-1.3682895941561972,0.04171040587612218,0.04171040587612218
CC(=O)NC(NC(C)=O)c1ccccc1,-1.31439994476941,-1.352781372852653,-0.038381428083243074,0.038381428083243074
CC(=O)NCC(=O)Nc1ccccc1,-1.5678000294299603,-1.2617323458904068,0.3060676835395535,0.3060676835395535
CC(=O)NCc1c(I)c(NC(C)=O)c(I)c(C(=O)O)c1I,-2.3208000718505923,-1.8251895493118226,0.4956105225387697,0.4956105225387697
CC(=O)NS(=O)(=O)c1ccc(N)cc1,-1.4100000000323194,-2.1582144496326023,-0.7482144496002829,0.7482144496002829
CC(=O)N[C@@H](CSc1ccc(Cl)c(Cl)c1)C(=O)O,-2.886800036371474,-2.7110586468862636,0.17574138948521023,0.17574138948521023
CC(=O)N[C@@H](Cc1cc(Br)c(O)c(Br)c1)C(=O)O,-2.183000123242179,-2.218816048702132,-0.035815925459953046,0.035815925459953046
CC(=O)Nc1c(I)c(NC(C)=O)c(I)c(C(=O)O)c1I,-2.0099999725269377,-2.040758564383359,-0.03075859185642127,0.03075859185642127
CC(=O)Nc1c(I)cc(I)c(C(=O)O)c1I,-2.6400001002495945,-2.572289596156316,0.06771050409327861,0.06771050409327861
CC(=O)Nc1cc(Cl)ccc1[N+](=O)[O-],-0.9900000056684077,-2.8083921475673286,-1.8183921418989208,1.8183921418989208
CC(=O)Nc1cc(NS(=O)(=O)C(F)(F)F)c(C)cc1C,-3.2364999888154937,-3.78173278869264,-0.5452327998771462,0.5452327998771462
CC(=O)Nc1ccc(/C=N/NC(N)=S)cc1,-3.4289998727516284,-2.664363353458553,0.7646365192930755,0.7646365192930755
CC(=O)Nc1ccc(Br)cc1,-3.0799998987936306,-2.570772314369183,0.5092275844244476,0.5092275844244476
CC(=O)Nc1ccc(Br)cc1C,-1.756000029109223,-2.5693818812613456,-0.8133818521521226,0.8133818521521226
CC(=O)Nc1ccc(C)cc1,-2.09460000718671,-1.712522729391057,0.38207727779565315,0.38207727779565315
CC(=O)Nc1ccc(C)cc1F,-1.7403000708862493,-1.8757191725977551,-0.13541910171150584,0.13541910171150584
CC(=O)Nc1ccc(C=O)cc1,-1.6300000035646918,-1.7924930936543064,-0.16249309008961466,0.16249309008961466
CC(=O)Nc1ccc(Cl)cc1,-2.8399999038380486,-2.471227557960269,0.36877234587777963,0.36877234587777963
CC(=O)Nc1ccc(Cl)cc1C,-2.309700029395665,-2.542052901845146,-0.23235287244948122,0.23235287244948122
CC(=O)Nc1ccc(F)cc1,-1.779999962644149,-1.7075596301257674,0.07244033251838156,0.07244033251838156
CC(=O)Nc1ccc(F)cc1C,-1.359300019582888,-1.7901789052957944,-0.43087888571290645,0.43087888571290645
CC(=O)Nc1ccc(I)cc1,-3.2499999769620374,-3.181524261445105,0.06847571551693221,0.06847571551693221
CC(=O)Nc1ccc(N)c(S(=O)(=O)O)c1,-1.2318565200710607,-1.6049487852158484,-0.37309226514478766,0.37309226514478766
CC(=O)Nc1ccc(N)cc1,-0.9800001354947807,-1.2982559140363084,-0.31825577854152765,0.31825577854152765
CC(=O)Nc1ccc(O)cc1,-1.0333232894377988,-1.3992785290518337,-0.36595523961403487,0.36595523961403487
CC(=O)Nc1ccc(OC(C)=O)cc1,-1.907600065463749,-1.8690704770336741,0.038529588430074924,0.038529588430074924
CC(=O)Nc1ccc(OP(=O)(O)O)cc1,0.12999988851749755,-1.584743009386281,-1.7147428979037787,1.7147428979037787
CC(=O)Nc1ccc(S(=O)(=O)CCO)cc1,-2.3069322361517695,-1.8617485234229598,0.44518371272880963,0.44518371272880963
CC(=O)Nc1ccc(S(=O)(=O)Cl)cc1,-2.877252324204843,-2.7456403340157842,0.13161199018905867,0.13161199018905867
CC(=O)Nc1ccc(S(=O)(=O)NC(C)=O)cc1,-2.7799999508460433,-2.4131345396160735,0.36686541122996985,0.36686541122996985
CC(=O)Nc1ccc(S(N)(=O)=O)cc1,-1.6066000649637193,-1.7344126035747327,-0.12781253861101338,0.12781253861101338
CC(=O)Nc1ccc([N+](=O)[O-])cc1,-2.690000063913282,-2.5252605334178657,0.16473953049541645,0.16473953049541645
CC(=O)Nc1cccc(C)c1,-2.0910001056713847,-1.5447793431873766,0.5462207624840081,0.5462207624840081
CC(=O)Nc1cccc(N=C=S)c1,-3.529999916464316,-3.3283163038974313,0.20168361256688483,0.20168361256688483
CC(=O)Nc1cccc(O)c1,-1.0600000501213227,-1.4128982506404288,-0.35289820051910614,0.35289820051910614
CC(=O)Nc1ccccc1,-1.3300000854057772,-1.2378225613900422,0.09217752401573498,0.09217752401573498
CC(=O)Nc1ccccc1Cl,-1.400100083622088,-2.000363490115738,-0.6002634064936498,0.6002634064936498
CC(=O)Nc1ccccc1O,-2.1300001168203297,-1.4042807110556719,0.7257194057646579,0.7257194057646579
CC(=O)Nc1ccccc1[N+](=O)[O-],-1.9092999603254242,-2.094438773868099,-0.18513881354267503,0.18513881354267503
CC(=O)OC(C(=O)O)c1ccccc1,-1.230000021901613,-1.298506206975166,-0.0685061850735531,0.0685061850735531
CC(=O)OC(C)(C)Cc1ccccc1,-2.3946499703157174,-2.580317013624349,-0.18566704330863182,0.18566704330863182
CC(=O)OC(c1ccc(Cl)c(Cl)c1)C(Cl)(Cl)Cl,-3.8278998523543937,-5.194999543952365,-1.3670996915979714,1.3670996915979714
CC(=O)OC/C=C/c1ccccc1,-2.7927245994202243,-2.929446691718695,-0.13672209229847088,0.13672209229847088
CC(=O)OCC(C(OC(C)=O)c1ccccc1)[N+](=O)[O-],-3.971999815857713,-3.0300915523205147,0.941908263537198,0.941908263537198
CC(=O)OCCc1ccccc1,-2.231757405614493,-2.182419601589105,0.04933780402538801,0.04933780402538801
CC(=O)OC[C@H]([C@@H](OC(C)=O)c1ccccc1)[N+](=O)[O-],-3.971999815857713,-3.030091509765268,0.9419083060924449,0.9419083060924449
CC(=O)OCc1ccccc1,-1.685300035958959,-1.7775609001697867,-0.0922608642108278,0.0922608642108278
CC(=O)OOC(=O)c1ccccc1,-2.4502000913836577,-2.4260121657910103,0.024187925592647375,0.024187925592647375
CC(=O)O[C@@H](C(=O)O)c1ccccc1,-1.231300101709705,-1.2985064793287446,-0.06720637761903969,0.06720637761903969
CC(=O)Oc1c(C(C)(C)C)cc([N+](=O)[O-])c(C)c1[N+](=O)[O-],-4.46999976443112,-4.754911158151321,-0.28491139372020147,0.28491139372020147
CC(=O)Oc1c([N+](=O)[O-])cc([N+](=O)[O-])c(C)c1C(C)(C)C,-4.471700067823163,-4.637524450711076,-0.16582438288791312,0.16582438288791312
CC(=O)Oc1ccc(/C=N/NC(N)=O)cc1,-2.8399999038380486,-2.528010487502354,0.31198941633569444,0.31198941633569444
CC(=O)Oc1ccc(Br)cc1,-2.41660405185558,-2.6955131812308273,-0.2789091293752475,0.2789091293752475
CC(=O)Oc1ccc(Br)cc1C(=O)O,-2.58949995923856,-2.4535106172215775,0.13598934201698265,0.13598934201698265
CC(=O)Oc1ccc(C#N)cc1,-1.7990173236329057,-2.1122760948885912,-0.3132587712556856,0.3132587712556856
CC(=O)Oc1ccc(C(C)=O)cc1,-1.5200000698869003,-1.884463356596624,-0.3644632867097237,0.3644632867097237
CC(=O)Oc1ccc(C(N)=O)cc1,-1.6400000099151082,-1.6866265340641882,-0.04662652414907997,0.04662652414907997
CC(=O)Oc1ccc(NC(N)=O)cc1,-2.490000004993348,-1.9364553824235748,0.5535446225697733,0.5535446225697733
CC(=O)Oc1ccc([N+](=O)[O-])cc1,-2.599256753843166,-2.714837008084056,-0.11558025424088969,0.11558025424088969
CC(=O)Oc1ccccc1,-1.3735951780467464,-1.4188038294649312,-0.045208651418184864,0.045208651418184864
CC(=O)Oc1ccccc1/C=C/C(=O)O,-3.155899977122406,-2.502785711835462,0.6531142652869439,0.6531142652869439
CC(=O)Oc1ccccc1C(=O)O,-1.7200000607184396,-1.85295286459771,-0.13295280387927044,0.13295280387927044
CC(=O)Oc1ccccc1C(=O)OCC(=O)N(C(C)C)C(C)C,-3.2499999769620374,-2.813433446353913,0.43656653060812456,0.43656653060812456
CC(=O)Oc1ccccc1C(=O)OCC(=O)N(C)C,-1.5499999527613602,-1.4561394198058317,0.09386053295552843,0.09386053295552843
CC(=O)Oc1ccccc1C(=O)OCC(=O)NCC(N)=O,-2.5199999900004,-1.5407694814476598,0.9792305085527404,0.9792305085527404
CC(=O)Oc1ccccc1C(=O)OCC(N)=O,-1.7899999689945654,-1.6940176654839012,0.09598230351066417,0.09598230351066417
CC(=O)Oc1ccccc1C(=O)OCS(C)(=O)=O,-3.393599967383193,-2.018685668594773,1.3749142987884202,1.3749142987884202
CC(=O)Oc1ccccc1C(=O)OC[S+](C)[O-],-1.782400078556752,-1.9038073376146787,-0.12140725905792671,0.12140725905792671
CC(=O)Oc1ccccc1[N+](=O)[O-],-2.185524023856317,-2.2573844475171767,-0.07186042366085976,0.07186042366085976
CC(=O)c1c(C)c([N+](=O)[O-])c(C(C)(C)C)c([N+](=O)[O-])c1C,-5.19010003924771,-5.084102477586221,0.10599756166148921,0.10599756166148921
CC(=O)c1cc(O)c(O)c(O)c1,-1.4711000742393292,-1.3853057010484084,0.08579437319092076,0.08579437319092076
CC(=O)c1ccc(N)cc1,-1.605800026326185,-1.3939755325202827,0.21182449380590218,0.21182449380590218
CC(=O)c1ccc(N=C=S)cc1,-4.019999955281143,-3.6319283794827144,0.388071575798429,0.388071575798429
CC(=O)c1ccc(NN=C(C#N)C#N)cc1,-2.7100000425699178,-3.1666952218785314,-0.4566951793086136,0.4566951793086136
CC(=O)c1ccc(O)c(C(=O)[O-])c1,-2.230400063466472,-1.938244813524259,0.2921552499422131,0.2921552499422131
CC(=O)c1ccc(O)c(O)c1O,-2.0216000561524226,-1.2944097367974114,0.7271903193550111,0.7271903193550111
CC(=O)c1ccc(O)cc1,-1.1383824568437573,-1.4943220297765982,-0.35593957293284095,0.35593957293284095
CC(=O)c1cccc(C(F)(F)F)c1,-2.482107879165552,-2.347564053767706,0.13454382539784593,0.13454382539784593
CC(=O)c1cccc(N)c1,-1.280000053653695,-1.2773036170474283,0.0026964366062667278,0.0026964366062667278
CC(=O)c1ccccc1,-1.2803867957354989,-1.2372744498128379,0.043112345922661,0.043112345922661
CC(C(=O)N(C)C)S(=O)(=O)c1ccccc1,-0.8699999294634102,-1.386766060937586,-0.5167661314741758,0.5167661314741758
CC(C(=O)O)S(=O)(=O)c1ccccc1,-0.8899999421642435,-1.0585527632039244,-0.16855282103968094,0.16855282103968094
CC(C(N)=O)S(=O)(=O)c1ccccc1,-1.6400000099151082,-1.6641998509768257,-0.024199841061717464,0.024199841061717464
CC(C)(C)C(=O)OCCc1ccccc1,-3.675280056112689,-4.109127595833808,-0.433847539721119,0.433847539721119
CC(C)(C)C(=O)Oc1ccccc1C(=O)O,-3.0099999692398813,-2.560411167173364,0.4495888020665175,0.4495888020665175
CC(C)(C)CC(C)(C)c1ccc(O)cc1,-4.469462274643487,-4.045061931596346,0.42440034304714036,0.42440034304714036
CC(C)(C)Cc1ccccc1,-4.150000037836557,-4.303824181603428,-0.1538241437668706,0.1538241437668706
CC(C)(C)NC(=O)COC(=O)c1ccccc1,-2.8664998900268746,-2.6265825331048154,0.23991735692205918,0.23991735692205918
CC(C)(C)NCC(O)c1ccc(O)c(CO)c1,-1.229799978198032,-1.0342996770175645,0.19550030118046746,0.19550030118046746
CC(C)(C)OC(=O)c1cccc([N+](=O)[O-])c1C(=O)[O-],-3.0466999788856755,-2.6937596327141415,0.3529403461715339,0.3529403461715339
CC(C)(C)OOC(=O)c1ccccc1,-2.776432987091646,-3.411514738952638,-0.6350817518609921,0.6350817518609921
CC(C)(C)OOC(C)(C)c1ccc(C(C)(C)OOC(C)(C)C)cc1,-5.73715148014686,-5.895655271191952,-0.15850379104509216,0.15850379104509216
CC(C)(C)OOC(C)(C)c1ccccc1,-4.290933959075475,-4.121284302085833,0.16964965698964196,0.16964965698964196
CC(C)(C)c1cc(C(=O)O)c(O)c(C(C)(C)C)c1,-4.869470971621085,-4.623641363211844,0.24582960840924084,0.24582960840924084
CC(C)(C)c1cc(C(C)(C)C)c(O)c(C(C)(C)C)c1,-3.8749999312884995,-6.083215920845134,-2.208215989556635,2.208215989556635
CC(C)(C)c1cc(CO)cc(C(C)(C)C)c1O,-4.012782040737505,-4.388708893841374,-0.3759268531038682,0.3759268531038682
CC(C)(C)c1cc(O)ccc1O,-1.2206833506802428,-1.8520453824733645,-0.6313620317931217,0.6313620317931217
CC(C)(C)c1cc([N+](=O)[O-])cc([N+](=O)[O-])c1O,-4.727399769925764,-4.174799873832228,0.5525998960935361,0.5525998960935361
CC(C)(C)c1ccc(C(=O)O)cc1,-3.5779623689612894,-3.464448971985223,0.11351339697606644,0.11351339697606644
CC(C)(C)c1ccc(C=O)cc1,-3.130955197956552,-3.178769847570765,-0.04781464961421289,0.04781464961421289
CC(C)(C)c1ccc(CCC=O)cc1,-3.158832765568719,-3.614553378662125,-0.45572061309340617,0.45572061309340617
CC(C)(C)c1ccc(O)c(C(C)(C)C)c1,-3.7960461948462734,-4.49765481916946,-0.7016086243231867,0.7016086243231867
CC(C)(C)c1ccc(O)c(O)c1,-1.9197000540830025,-2.259580638687702,-0.3398805846046995,0.3398805846046995
CC(C)(C)c1ccc(O)cc1,-4.442670308396158,-2.6634409599757722,1.7792293484203858,1.7792293484203858
CC(C)(C)c1cccc(C(C)(C)C)c1O,-4.713587222003424,-4.345251203580877,0.36833601842254726,0.36833601842254726
CC(C)(C)c1cccc(O)c1,-1.8614000470189682,-2.329021949773842,-0.4676219027548736,0.4676219027548736
CC(C)(C)c1ccccc1,-3.6579999705142887,-4.049358309300892,-0.39135833878660353,0.39135833878660353
CC(C)(C)c1ccccc1O,-2.1899588252672553,-2.2799242254281094,-0.08996540016085408,0.08996540016085408
CC(C)(CO)Cc1ccccc1,-2.042313839494726,-1.812323702429166,0.2299901370655597,0.2299901370655597
CC(C)(NC(=O)C(Br)C(C)(C)C)c1ccccc1,-4.94549983489288,-4.646582930739806,0.29891690415307437,0.29891690415307437
CC(C)(NC(=O)c1ccccc1)C(=O)NCC(=O)O,-0.5600000049540794,-1.0767296410487046,-0.5167296360946252,0.5167296360946252
CC(C)(NC(=O)c1ccccc1)C(=O)O,-0.7599999957856189,-1.1986416393764223,-0.4386416435908034,0.4386416435908034
CC(C)(NC(=O)c1ccccc1)C(N)=O,-1.6153999452694396,-1.0797748264125417,0.5356251188568979,0.5356251188568979
CC(C)(O)C(=O)c1ccc(OCCO)cc1,-1.4699305879722406,-1.6505516684392525,-0.18062108046701186,0.18062108046701186
CC(C)(O)C(=O)c1ccccc1,-1.0915321942297465,-1.1168535873286949,-0.02532139309894843,0.02532139309894843
CC(C)(O)CCc1ccccc1,-1.5556397144930172,-1.9139320819041559,-0.3582923674111387,0.3582923674111387
CC(C)(O)c1cccc(C(C)(C)O)c1,-1.8635329840708321,-1.6330423292159522,0.23049065485487996,0.23049065485487996
CC(C)(O)c1ccccc1,-1.7593062653782778,-1.1372939957663424,0.6220122696119355,0.6220122696119355
CC(C)(OO)c1ccccc1,-1.0393798883217102,-1.2780135066504013,-0.238633618328691,0.238633618328691
CC(C)=NNC(=O)Nc1ccc([N+](=O)[O-])cc1,-3.5952000354898015,-3.372008150147246,0.22319188534255563,0.22319188534255563
CC(C)C(=O)OCCOc1ccccc1,-3.0263435628022766,-3.2143971681774444,-0.1880536053751678,0.1880536053751678
CC(C)C(=O)OCCc1ccccc1,-3.079764342736697,-3.3052238014205546,-0.22545945868385742,0.22545945868385742
CC(C)C(=O)Oc1ccc([N+](=O)[O-])cc1,-3.9587999953991324,-3.4533732370871975,0.505426758311935,0.505426758311935
CC(C)C(=O)c1ccccc1,-2.356615316426599,-2.2277002905288654,0.1289150258977334,0.1289150258977334
CC(C)CC(=O)Oc1ccc([N+](=O)[O-])cc1,-4.3944996756324395,-4.064660086591756,0.32983958904068356,0.32983958904068356
CC(C)CC(N)C(=O)NC(Cc1ccc(O)cc1)C(=O)O,-1.5800001079893988,-1.6344493078036977,-0.054449199814298854,0.054449199814298854
CC(C)CC(NC(=O)C(N)Cc1ccc(O)cc1)C(=O)O,-2.069999942541042,-1.594632304006942,0.4753676385340999,0.4753676385340999
CC(C)CCC(C)Nc1ccc(NC(C)CCC(C)C)cc1,-5.575133783228928,-4.493016365370023,1.082117417858905,1.082117417858905
CC(C)CCCCCCCCCCOC(=O)CSCc1cc(C(C)(C)C)c(O)c(C(C)(C)C)c1,-6.789589166763108,-7.913004919533508,-1.1234157527704003,1.1234157527704003
CC(C)CCCCCCCCCCOC(=O)c1ccc(C(=O)OCCCCCCCCCCC(C)C)c(C(=O)OCCCCCCCCCCC(C)C)c1,-7.180237071239581,-7.469636715760547,-0.2893996445209659,0.2893996445209659
CC(C)CCCCCCCCCCOC(=O)c1ccccc1C(=O)OCCCCCCCCCCC(C)C,-5.724958755134047,-7.287319144851594,-1.562360389717547,1.562360389717547
CC(C)CCCCCCCOC(=O)c1ccc(C(=O)OCCCCCCCC(C)C)c(C(=O)OCCCCCCCC(C)C)c1,-5.706573799155114,-7.203817716440044,-1.49724391728493,1.49724391728493
CC(C)CCCCCCCOC(=O)c1ccccc1C(=O)OCCCCCCCC(C)C,-9.419539089742672,-6.98455456551494,2.4349845242277324,2.4349845242277324
CC(C)CCCCCCCOP(OCCCCCCCC(C)C)Oc1ccccc1,-6.382029739168658,-7.0115420816318,-0.6295123424631424,0.6295123424631424
CC(C)CCCCCCOC(=O)c1ccccc1C(=O)OCCCCCCC(C)C,-6.621818000494397,-6.835805662599402,-0.21398766210500497,0.21398766210500497
CC(C)CCCCCCc1ccc(O)cc1,-4.587250158905208,-4.648311150373669,-0.06106099146846056,0.06106099146846056
CC(C)CCCCCOC(=O)c1ccccc1C(=O)OCCCCCC(C)C,-6.637499574850805,-6.613041678773237,0.02445789607756854,0.02445789607756854
CC(C)CCOC(=O)c1cccc([N+](=O)[O-])c1C(=O)[O-],-3.068900086137035,-3.2371349301180183,-0.16823484398098332,0.16823484398098332
CC(C)CCOC(=O)c1ccccc1C(=O)OCCC(C)C,-5.444898931888645,-5.452332822820218,-0.00743389093157365,0.00743389093157365
CC(C)CCOC(=O)c1ccccc1O,-3.1572000739525965,-3.3841847382105184,-0.22698466425792185,0.22698466425792185
CC(C)CCOCCc1ccccc1,-3.933735772166904,-3.9766315289060765,-0.04289575673917234,0.04289575673917234
CC(C)CN(CC(C)C)C(=O)COC(=O)c1ccccc1,-3.559999901471368,-3.308553953738242,0.2514459477331261,0.2514459477331261
CC(C)COC(=O)Cc1ccccc1,-3.2710470870405146,-3.2263346297985875,0.04471245724192707,0.04471245724192707
CC(C)COC(=O)c1cc(N)c(Cl)c(N)c1,-2.7382848128264907,-4.104232857316781,-1.36594804449029,1.36594804449029
CC(C)COC(=O)c1ccc(N)cc1,-2.943700060930316,-3.190840643290798,-0.24714058236048198,0.24714058236048198
CC(C)COC(=O)c1ccccc1C(=O)OCC(C)C,-4.383890141972813,-4.210789697052203,0.17310044492061039,0.17310044492061039
CC(C)Cc1ccc(C(C)C(=O)NO)cc1,-3.043999888512526,-2.922185532533384,0.12181435597914225,0.12181435597914225
CC(C)Cc1ccc(C(C)C(=O)O)cc1,-3.992248215022352,-3.2381848872082397,0.7540633278141122,0.7540633278141122
CC(C)Cc1ccc(C(C)C(=O)OCC(=O)N(C)CC(N)=O)cc1,-3.410000044524503,-2.087858915671043,1.3221411288534597,1.3221411288534597
CC(C)Cc1ccccc1,-4.123499830360448,-3.770030163944761,0.35346966641568667,0.35346966641568667
CC(C)N(C(=O)CCl)c1ccccc1,-2.4806001297536744,-2.5694533740757635,-0.08885324432208908,0.08885324432208908
CC(C)N(C(=O)CO)c1ccc(F)cc1,-1.1786399925541169,-1.7249436867028498,-0.5463036941487329,0.5463036941487329
CC(C)N(C(=O)COC(=O)c1ccccc1)C(C)C,-3.3399998979389958,-2.9956864907423286,0.34431340719666714,0.34431340719666714
CC(C)N(Cc1ccccc1)C(=O)C(C)(C)C,-2.470400079699677,-2.9686470359468986,-0.4982469562472218,0.4982469562472218
CC(C)NC(=O)COC(=O)c1ccccc1,-2.73210000349539,-2.2719822588954046,0.46011774459998556,0.46011774459998556
CC(C)NCC(O)COc1ccc(CC(N)=O)cc1,-1.3016000074528074,-1.3757496310313302,-0.07414962357852284,0.07414962357852284
CC(C)OC(=O)CC(C(=O)OC(C)C)S(=O)(=O)c1ccc([N+](=O)[O-])cc1,-4.289999922477203,-3.565413371423294,0.7245865510539091,0.7245865510539091
CC(C)OC(=O)COc1ccc(Cl)cc1Cl,-3.8480000230838067,-4.360842492725935,-0.5128424696421279,0.5128424696421279
CC(C)OC(=O)CS(=O)(=O)c1ccc(Cl)cc1,-2.4100000903668057,-3.0006369468438305,-0.5906368564770248,0.5906368564770248
CC(C)OC(=O)Nc1cccc(Cl)c1,-3.3803999086152317,-3.4568226632502723,-0.07642275463504067,0.07642275463504067
CC(C)OC(=O)Nc1ccccc1,-3.0004999444826774,-2.6805485095820436,0.3199514349006338,0.3199514349006338
CC(C)OC(=O)c1c(C(=O)[O-])cccc1[N+](=O)[O-],-2.489700075614766,-2.007013955978081,0.4826861196366852,0.4826861196366852
CC(C)OC(=O)c1cc(C(=O)OC(C)C)cc([N+](=O)[O-])c1,-5.038899817946767,-4.066115544116516,0.9727842738302508,0.9727842738302508
CC(C)OC(=O)c1ccc(N)cc1,-2.6098999912581604,-2.781998804826676,-0.17209881356851575,0.17209881356851575
CC(C)OC(=O)c1cccc([N+](=O)[O-])c1C(=O)[O-],-2.346600058275773,-2.064301352436378,0.2822987058393953,0.2822987058393953
CC(C)OC(=O)c1ccccc1C(=O)OC(C)C,-2.8773000031032203,-3.1264723091168687,-0.24917230601364837,0.24917230601364837
CC(C)OP(=O)(OC(C)C)SCc1ccccc1,-2.8578998832037485,-3.3853728806977506,-0.527472997494002,0.527472997494002
CC(C)OP(=S)(OC(C)C)SCCNS(=O)(=O)c1ccccc1,-4.201399762718154,-3.7783655452219485,0.4230342174962054,0.4230342174962054
CC(C)Oc1ccc([N+](=O)[O-])cc1N,-2.66000007890623,-3.0305394292696954,-0.3705393503634653,0.3705393503634653
CC(C)c1ccc(C#N)cc1,-2.988795260060859,-3.341776358200493,-0.35298109813963396,0.35298109813963396
CC(C)c1ccc(C(=O)O)cc1,-3.0364000580510138,-3.11678060701758,-0.08038054896656632,0.08038054896656632
CC(C)c1ccc(C(C)C)cc1,-6.602799277737747,-5.8406915954674234,0.7621076822703232,0.7621076822703232
CC(C)c1ccc(C(C)CC=O)cc1,-3.459862912205495,-3.7135035872086606,-0.25364067500316567,0.25364067500316567
CC(C)c1ccc(C=O)cc1,-2.785256613225012,-2.8265738426660327,-0.041317229441020675,0.041317229441020675
CC(C)c1ccc(CCC=O)cc1,-3.302656851918878,-3.177849411629331,0.12480744028954671,0.12480744028954671
CC(C)c1ccc(N)cc1,-1.7858311889416567,-2.4068652325871702,-0.6210340436455135,0.6210340436455135
CC(C)c1ccc(NC(=O)N(C)C)cc1,-3.4999999655014618,-2.838365271702678,0.6616346937987836,0.6616346937987836
CC(C)c1ccc(S(=O)(=O)O)cc1,0.6127509644827107,-0.734175293273168,-1.3469262577558787,1.3469262577558787
CC(C)c1ccc(S(=O)(=O)[O-])cc1,0.33345509302565945,0.024039094589136667,-0.3094159984365228,0.3094159984365228
CC(C)c1cccc(C(C)C)c1,-6.602799277737747,-5.201004668009896,1.401794609727851,1.401794609727851
CC(C)c1cccc(C(C)CC=O)c1,-3.677346879333315,-3.2847649069837503,0.3925819723495647,0.3925819723495647
CC(C)c1ccccc1,-3.2923998459227275,-3.408791543607261,-0.11639169768453339,0.11639169768453339
CC(C)c1ccccc1Br,-4.189799679092668,-3.9722908937449857,0.21750878534768248,0.21750878534768248
CC(C)c1ccccc1C(C)C,-4.550256236128831,-4.542138193007474,0.008118043121357665,0.008118043121357665
CC(C=O)Cc1ccc(C(C)(C)C)cc1,-3.7917820910408073,-3.8550247708517262,-0.06324267981091891,0.06324267981091891
CC(CC(=O)Nc1ccccc1)C(=O)O,0.3899997812747462,-1.568348277183954,-1.9583480584587003,1.9583480584587003
CC(CC(C)(C)C#N)c1ccccc1,-3.235078779753259,-3.41960377641786,-0.1845249966646012,0.1845249966646012
CC(CC=O)c1ccccc1,-1.869832930877343,-2.0132553467651633,-0.14342241588782034,0.14342241588782034
CC(CCC(=O)O)NC(=O)c1ccccc1,-1.6917000727056548,-1.464268357070338,0.22743171563531672,0.22743171563531672
CC(CCO)CCc1ccccc1,-2.6600258163194206,-2.7733356800616784,-0.11330986374225782,0.11330986374225782
CC(CO)CC(C)c1ccccc1,-2.3469159884271056,-2.326248300928004,0.02066768749910164,0.02066768749910164
CC(N)c1ccccc1,-0.4813816038556711,-0.5240634949471414,-0.04268189109147036,0.04268189109147036
CC(NC(=O)COC(=O)c1ccccc1)C(N)=O,-2.717200015821556,-1.6365981775399174,1.0806018382816387,1.0806018382816387
CC(NC(=O)c1cccc([N+](=O)[O-])c1)C(=O)O,-1.7999999753449818,-1.754608029968308,0.04539194537667379,0.04539194537667379
CC(NC(=O)c1ccccc1)C(=O)O,-1.683900002387471,-1.2712727555767078,0.41262724681076324,0.41262724681076324
CC(Nc1ccccc1Cl)C(=O)O,-2.327100018657103,-1.8614767145513822,0.46562330410572095,0.46562330410572095
CC(O)(C(=O)O)c1ccccc1,-0.894900127752845,-0.7738083222274881,0.12109180552535692,0.12109180552535692
CC(O)C(C)Cc1ccccc1,-1.6969729741667556,-1.801380944165958,-0.10440796999920243,0.10440796999920243
CC(O)C(NC(=O)c1ccccc1)C(=O)O,-1.230000021901613,-1.0379451296689335,0.19205489223267946,0.19205489223267946
CC(O)CC(C)(C)c1ccccc1,-2.147286670816225,-2.145396536979803,0.0018901338364218923,0.0018901338364218923
CC(O)CN(CC(C)O)C(=O)COC(=O)c1ccccc1,-1.1799999901495306,-1.133820398223155,0.04617959192637566,0.04617959192637566
CC(O)COCc1c(Cl)ccc(Cl)c1Cl,-3.5673000327515862,-2.856839202191365,0.7104608305602214,0.7104608305602214
CC(O)COc1ccccc1,-1.0034177770783708,-0.996061915447104,0.00735586163126678,0.00735586163126678
CC(O)c1cc(N)ccc1N,-0.6856367108245784,-0.5900969818793587,0.09553972894521978,0.09553972894521978
CC(O)c1ccccc1,-1.796900046911819,-0.9398576691714364,0.8570423777403826,0.8570423777403826
CC(Oc1cc(Cl)c(Cl)cc1Cl)C(=O)O,-3.549999929165149,-2.957032917601059,0.5929670115640899,0.5929670115640899
CC(Oc1ccc(Cl)cc1)C(=O)O,-2.1350998694937497,-2.3288192506228684,-0.19371938112911868,0.19371938112911868
CC(Oc1ccc(Cl)cc1Cl)C(=O)O,-2.827100029780149,-2.6616289235280526,0.1654711062520966,0.1654711062520966
CC(Oc1cccc(Cl)c1)C(=O)O,-2.223200124259031,-2.1136159383191786,0.10958418593985231,0.10958418593985231
CC(Oc1ccccc1Cl)C(=O)O,-2.223200124259031,-1.8192960902215738,0.4039040340374571,0.4039040340374571
CC(Sc1ccccc1)S(=O)(=O)O,-0.48999996050116446,-0.7925725305648106,-0.30257257006364613,0.30257257006364613
CC([NH3+])c1ccccc1,-0.5941395260485236,-0.5048851729933523,0.08925435305517126,0.08925435305517126
CC/C=C/CCOC(=O)c1ccccc1O,-4.643981409355728,-3.5048885760629673,1.1390928332927608,1.1390928332927608
CC/C=C\CCOC(=O)c1ccccc1,-3.7048973502974207,-4.155006441320865,-0.45010909102344465,0.45010909102344465
CC=C(Cc1ccccc1)C(=O)O,-2.5648000089178904,-2.24121896893975,0.32358103997814025,0.32358103997814025
CC=CC(=O)Nc1ccc(O)cc1,-2.646399966775304,-2.4009640114199278,0.2454359553553762,0.2454359553553762
CC=Cc1ccc(O)c(O)c1,-1.3505000031003784,-2.1260783614633336,-0.7755783583629552,0.7755783583629552
CC=Cc1ccc(OC)cc1,-3.1300000880001253,-3.6239374573942325,-0.49393736939410715,0.49393736939410715
CCC(=O)C(CCCCCCOc1ccc(OC)cc1Cl)C(=O)CC,-5.269999863934068,-5.534540027025619,-0.26454016309155115,0.26454016309155115
CCC(=O)N(C)c1ccc(S(=O)(=O)N(C)C)cc1,-2.480000032687129,-2.2712328780235147,0.20876715466361428,0.20876715466361428
CCC(=O)Nc1ccc(Cl)c(Cl)c1,-2.9863998677806376,-3.7205165556843,-0.7341166879036622,0.7341166879036622
CCC(=O)Nc1ccccc1,-1.5499999527613602,-1.8080969110639868,-0.2580969583026267,0.2580969583026267
CCC(=O)OCCc1ccccc1,-3.1174442560895135,-2.7097146500636007,0.4077296060259128,0.4077296060259128
CCC(=O)OCc1ccc(Cl)cc1Cl,-3.066499925541423,-4.015949240504616,-0.9494493149631933,0.9494493149631933
CCC(=O)OCc1ccccc1,-2.3449797587474834,-2.3149115832131555,0.030068175534327946,0.030068175534327946
CCC(=O)Oc1ccc(NC(C)=O)cc1,-2.720000014876137,-2.345680047886806,0.3743199669893311,0.3743199669893311
CCC(=O)Oc1ccc([N+](=O)[O-])cc1,-3.8924998743133337,-3.1831086443451992,0.7093912299681344,0.7093912299681344
CCC(=O)c1ccc(N)cc1,-2.6270000851852138,-1.9141530287449047,0.7128470564403091,0.7128470564403091
CCC(=O)c1ccc(O)cc1,-2.638999915775887,-1.936545122927768,0.7024547928481193,0.7024547928481193
CCC(=O)c1cccc(Cl)c1,-1.8467056182086843,-2.7400993004564187,-0.8933936822477344,0.8933936822477344
CCC(=O)c1ccccc1,-2.048500078682115,-1.7683259350220373,0.28017414366007753,0.28017414366007753
CCC(C(=O)NC(N)=O)(C(=O)OC)c1ccccc1,-2.749999999883189,-2.341088234637727,0.4089117652454619,0.4089117652454619
CCC(C(=O)O)C(C(=O)O)c1ccccc1,-2.32559989514543,-1.3238447583495747,1.0017551367958555,1.0017551367958555
CCC(C)(C)c1cc(O)c(C(C)(C)CC)cc1O,-6.4955129389416815,-5.601370420529215,0.8941425184124663,0.8941425184124663
CCC(C)(C)c1ccc(O)c(C(C)(C)CC)c1,-4.892804592125636,-5.596073415776397,-0.7032688236507614,0.7032688236507614
CCC(C)(C)c1ccc(O)cc1,-2.990200021520253,-3.316540126661195,-0.32634010514094225,0.32634010514094225
CCC(C)(C)c1ccccc1,-4.500745759934524,-4.460545827006068,0.04019993292845658,0.04019993292845658
CCC(C)(C)c1ccccc1O,-2.491224302418157,-2.8297365656211926,-0.3385122632030355,0.3385122632030355
CCC(C)(O)C(O)c1ccccc1,-1.7244000689596946,-1.1553822225212442,0.5690178464384503,0.5690178464384503
CCC(C)C(=O)N(C)c1ccccc1,-1.5805795402281577,-2.0015992944792487,-0.42101975425109095,0.42101975425109095
CCC(C)C(C)C(C)CCc1ccc(O)cc1,-5.182405369764497,-5.159162987708823,0.02324238205567397,0.02324238205567397
CCC(C)CN(C)N=Nc1ccc(C(=O)O)cc1,-1.7899999689945654,-2.7539108951412326,-0.9639109261466672,0.9639109261466672
CCC(C)N(C(=O)SCc1ccccc1)C(C)CC,-5.0483997831266265,-4.775836219782327,0.2725635633442991,0.2725635633442991
CCC(C)Nc1c([N+](=O)[O-])cc(C(C)(C)C)cc1[N+](=O)[O-],-5.470299988409373,-5.300661021297696,0.16963896711167692,0.16963896711167692
CCC(C)OC(=O)Nc1cccc(Cl)c1,-3.1726999033614964,-3.7071529145481104,-0.5344530111866139,0.5344530111866139
CCC(C)OC(=O)c1cccc([N+](=O)[O-])c1C(=O)[O-],-2.71930003213459,-2.505891768224146,0.21340826391044398,0.21340826391044398
CCC(C)c1cc(C(C)CC)c(O)c(C(C)CC)c1,-5.549793189202678,-6.4730661016894935,-0.9232729124868158,0.9232729124868158
CCC(C)c1cc([N+](=O)[O-])cc([N+](=O)[O-])c1O,-3.6645998466993817,-3.700251474862963,-0.03565162816358125,0.03565162816358125
CCC(C)c1cc([N+](=O)[O-])cc([N+](=O)[O-])c1OC(=O)C=C(C)C,-5.508299849128807,-5.075244858321808,0.4330549908069994,0.4330549908069994
CCC(C)c1cc([N+](=O)[O-])cc([N+](=O)[O-])c1OC(C)=O,-2.249999988760143,-3.861667066106707,-1.611667077346564,1.611667077346564
CCC(C)c1ccc(O)c([N+](=O)[O-])c1,-3.840300042705808,-3.7938382924718628,0.046461750233945054,0.046461750233945054
CCC(C)c1ccc(O)cc1,-2.1944999807506895,-2.8500785182401276,-0.6555785374894381,0.6555785374894381
CCC(C)c1ccccc1,-3.7586077910294007,-3.8889961136113014,-0.1303883225819007,0.1303883225819007
CCC(C)c1ccccc1O,-2.012377755446084,-2.229562508123467,-0.2171847526773827,0.2171847526773827
CCC(C)c1ccccc1OC(=O)NC,-2.5299999623066194,-2.8036985421681977,-0.2736985798615783,0.2736985798615783
CCC(CC)(C(=O)NC(N)=O)C(=O)OCc1ccccc1,-3.6600000671081245,-2.9952564018862593,0.6647436652218652,0.6647436652218652
CCC(CC)(Cc1ccc(C)cc1)C(=O)NO,-3.349999870245215,-3.3527867963280165,-0.0027869260828015108,0.0027869260828015108
CCC(CC)C(=O)Oc1ccccc1C(=O)O,-1.8400000007466475,-2.6853603845227405,-0.845360383776093,0.845360383776093
CCC(CC)Nc1c([N+](=O)[O-])cc(C)c(C)c1[N+](=O)[O-],-5.972099746024897,-5.204690973698074,0.7674087723268226,0.7674087723268226
CCC(CC)c1cccc(OC(=O)NC)c1,-3.947000004246856,-3.178503366616072,0.768496637630784,0.768496637630784
CCC(Cc1c(I)cc(I)c(N)c1I)C(=O)O,-4.579999834285701,-3.6391080964369342,0.9408917378487667,0.9408917378487667
CCC(O)(COC(N)=O)c1ccccc1,-0.9226999384182828,-1.8018141225329363,-0.8791141841146535,0.8791141841146535
CCC(O)c1ccccc1,-2.340367587068394,-1.372721876296532,0.9676457107718619,0.9676457107718619
CCCC(=O)N(C)c1ccc(S(=O)(=O)N(C)C)cc1,-2.1600000677831845,-2.5038038376011684,-0.3438037698179839,0.3438037698179839
CCCC(=O)N(CSP(=S)(OC)OC)c1ccccc1Cl,-5.203999876492034,-4.797443390951276,0.40655648554075796,0.40655648554075796
CCCC(=O)OC(C)(C)Cc1ccccc1,-4.135942371693355,-3.959032108736609,0.17691026295674606,0.17691026295674606
CCCC(=O)OCc1ccccc1,-3.1174442560895135,-2.9969514922605844,0.12049276382892904,0.12049276382892904
CCCC(=O)Oc1ccc(NC(C)=O)cc1,-2.829999914509731,-2.8407115296950862,-0.010711615185355239,0.010711615185355239
CCCC(=O)Oc1ccc([N+](=O)[O-])cc1,-3.940399855708184,-3.7882135101870364,0.15218634552114763,0.15218634552114763
CCCC(C)(C)C(=O)Nc1ccc(Cl)cc1,-4.0218000081713985,-5.129742128542754,-1.107942120371355,1.107942120371355
CCCC(C)C(=O)Nc1ccc(C)c(Cl)c1,-4.450300157727632,-5.499186898384332,-1.0488867406567,1.0488867406567
CCCC(CC)COC(=O)CCc1cc(C(C)(C)C)c(O)c(C(C)(C)C)c1,-7.098737169278156,-7.6970002068243915,-0.5982630375462357,0.5982630375462357
CCCC(CCC)(C(=O)NO)c1ccccc1,-2.890000088789019,-3.106569118113276,-0.21656902932425703,0.21656902932425703
CCCC(O)(CCC)C(O)c1ccccc1,-2.648000010006175,-2.095818108567603,0.5521819014385723,0.5521819014385723
CCCCC(=O)N(C)c1ccc(S(=O)(=O)N(C)C)cc1,-2.8499998931663666,-2.76247861104318,0.08752128212318677,0.08752128212318677
CCCCC(=O)Oc1ccc([N+](=O)[O-])cc1,-4.3944996756324395,-4.389388007489949,0.005111668142490089,0.005111668142490089
CCCCC(C#N)c1ccccc1,-3.6623544276195004,-3.8197601571235276,-0.1574057295040272,0.1574057295040272
CCCCC(CC)CCCCCc1ccc(S(=O)(=O)[O-])cc1,-0.09690577618049279,-1.053746811953565,-0.9568410357730721,0.9568410357730721
CCCCC(CC)CNS(=O)(=O)c1ccc(N)cc1,-5.453967488999787,-3.7929642417493072,1.6610032472504797,1.6610032472504797
CCCCC(CC)COC(=O)COc1ccc(Cl)cc1Cl,-7.012199815524445,-6.563332792996823,0.44886702252762234,0.44886702252762234
CCCCC(CC)COC(=O)Nc1ccc(C)c(NC(=O)OCCN(C)C)c1,-0.23519385049039387,-4.087108966495785,-3.8519151160053915,3.8519151160053915
CCCCC(CC)COC(=O)c1c(Br)c(Br)c(Br)c(Br)c1C(=O)OCC(CC)CCCC,-5.949074974478632,-7.829347704874921,-1.880272730396289,1.880272730396289
CCCCC(CC)COC(=O)c1ccc(C(=O)OCC(CC)CCCC)c(C(=O)OCC(CC)CCCC)c1,-8.252097653323322,-7.643243057453658,0.6088545958696638,0.6088545958696638
CCCCC(CC)COC(=O)c1ccc(C(=O)OCC(CC)CCCC)cc1,-8.989632233952271,-7.55363900240339,1.4359932315488813,1.4359932315488813
CCCCC(CC)COC(=O)c1ccc(N)cc1,-5.054393740687428,-5.5490504809934675,-0.49465674030603957,0.49465674030603957
CCCCC(CC)COC(=O)c1ccccc1,-5.76778444891509,-5.974246709286066,-0.20646226037097648,0.20646226037097648
CCCCC(CC)COC(=O)c1ccccc1C(=O)OCC(CC)CCCC,-6.978908403474183,-7.206899941890589,-0.22799153841640596,0.22799153841640596
CCCCC(O)(CCCC)C(O)c1ccccc1,-3.222500061630984,-3.008191979796121,0.21430808183486283,0.21430808183486283
CCCCC/C(=C\c1ccccc1)C(OCC)OCC,-5.17205661465651,-5.495491605028054,-0.32343499037154366,0.32343499037154366
CCCCC/C(C=O)=C/c1ccccc1,-3.0466584939034522,-3.8861077358204206,-0.8394492419169683,0.8394492419169683
CCCCCC(=O)N(C)c1ccc(S(=O)(=O)N(C)C)cc1,-2.950000033269975,-3.055808683680415,-0.10580865041043985,0.10580865041043985
CCCCCC(=O)Oc1ccc(NC(C)=O)cc1,-4.139999827220956,-3.694352160170771,0.445647667050185,0.445647667050185
CCCCCC(CCC)COC(=O)c1ccccc1C(=O)OCC(CCC)CCCCC,-9.649988891560742,-7.606753669681888,2.043235221878854,2.043235221878854
CCCCCC(CO)Cc1ccccc1,-3.843268560537231,-3.8933032492822073,-0.0500346887449763,0.0500346887449763
CCCCCCC(=O)N(C)S(=O)(=O)c1ccc(N(C)C)cc1,-3.680000011720563,-3.697370586795498,-0.01737057507493489,0.01737057507493489
CCCCCCC(=O)N(C)c1ccc(S(=O)(=O)N(C)C)cc1,-3.680000011720563,-3.3389771081182538,0.34102290360230914,0.34102290360230914
CCCCCCCC(=O)CC(=O)c1ccccc1,-5.883696497903273,-4.925205135619856,0.958491362283417,0.958491362283417
CCCCCCCC(=O)N(C)c1ccc(S(=O)(=O)N(C)C)cc1,-3.58999988647842,-3.614132047675822,-0.024132161197401913,0.024132161197401913
CCCCCCCC(=O)Oc1c(Br)cc(C#N)cc1Br,-6.70229984477851,-7.0252820473254065,-0.32298220254689625,0.32298220254689625
CCCCCCCC(=O)Oc1ccc(NC(C)=O)cc1,-4.44000001773345,-4.500279762961309,-0.060279745227859394,0.060279745227859394
CCCCCCCCCC(=O)Oc1ccc(C(=O)O)cc1,-5.424547583071243,-4.709747036543259,0.7148005465279841,0.7148005465279841
CCCCCCCCCC(=O)Oc1ccc(NC(C)=O)cc1,-4.530000074887198,-5.177512537722521,-0.6475124628353228,0.6475124628353228
CCCCCCCCCCCCCCC(C)c1cc(C)cc(C)c1O,-7.335707115771143,-7.4035441281017444,-0.06783701233060135,0.06783701233060135
CCCCCCCCCCCCCCCCCCNC(=O)CCc1cc(C(C)(C)C)c(O)c(C(C)(C)C)c1,-7.724188719882358,-7.790104277714983,-0.06591555783262493,0.06591555783262493
CCCCCCCCCCCCCCCCCCOC(=O)CCc1cc(C(C)(C)C)c(O)c(C(C)(C)C)c1,-8.270149793229042,-8.412773191805249,-0.1426233985762071,0.1426233985762071
CCCCCCCCCCCCCCCCOC(=O)Oc1c(Cl)cc(C(=O)OCC)cc1Cl,-7.133803781954613,-7.513153642924419,-0.37934986096980516,0.37934986096980516
CCCCCCCCCCCCCCCc1cccc(O)c1,-6.597038727193921,-6.404002136486691,0.19303659070723,0.19303659070723
CCCCCCCCCCCCCC[N+](C)(C)Cc1ccccc1,-0.9531216969862037,-1.4617959312825808,-0.508674234296377,0.508674234296377
CCCCCCCCCCCCOC(=O)c1ccc(N)cc1,-7.799999972644743,-6.355798821293524,1.4442011513512192,1.4442011513512192
CCCCCCCCCCCCc1ccccc1S(=O)(=O)O,0.2137916458439788,-2.514393489449546,-2.7281851352935247,2.7281851352935247
CCCCCCCCCCOC(=O)c1ccccc1C(=O)OCCCCCCCCCC,-9.307599590053918,-7.5295302636137595,1.7780693264401588,1.7780693264401588
CCCCCCCCCCOc1ccc(C(C)=NO)c(O)c1,-4.889999758795032,-5.043032511150494,-0.153032752355462,0.153032752355462
CCCCCCCCCCOc1ccc(C(CC)=NO)c(O)c1,-4.059999912594414,-5.424373276780853,-1.3643733641864388,1.3643733641864388
CCCCCCCCCCc1ccccc1,-7.958999991910291,-7.057930704929856,0.9010692869804355,0.9010692869804355
CCCCCCCCCOC(=O)c1ccc(C(=O)OCCCCCCCCC)c(C(=O)OCCCCCCCCC)c1,-6.757182086782998,-7.761291992620597,-1.0041099058375993,1.0041099058375993
CCCCCCCCCOC(=O)c1ccc(N)cc1,-5.999999918984099,-5.629724606904169,0.37027531207993025,0.37027531207993025
CCCCCCCCCOC(=O)c1ccccc1C(=O)OCCCCCCCC,-4.780941351438928,-7.244010295821877,-2.4630689443829485,2.4630689443829485
CCCCCCCCCc1ccc(O)cc1,-4.498026717981223,-4.71616967863699,-0.21814296065576677,0.21814296065576677
CCCCCCCCCc1ccc(OCC(=O)O)cc1,-3.842596732346886,-4.41808508702053,-0.5754883546736438,0.5754883546736438
CCCCCCCCCc1ccc(OCCOCCO)cc1,-0.30451028746068376,-3.8870026215917495,-3.5824923341310657,3.5824923341310657
CCCCCCCCCc1ccccc1O,-1.4630694566167461,-4.740260305913635,-3.277190849296889,3.277190849296889
CCCCCCCCN(C)N=Nc1ccc(C(=O)O)cc1,-3.7699999326975213,-3.5923497531557467,0.17765017954177464,0.17765017954177464
CCCCCCCCOC(=O)COc1ccc(Cl)cc1Cl,-7.021699780704305,-6.443931894665043,0.5777678860392621,0.5777678860392621
CCCCCCCCOC(=O)[C@@H](C)Oc1ccc(Cl)cc1C,-6.514366887783197,-6.544238628298862,-0.02987174051566477,0.02987174051566477
CCCCCCCCOC(=O)c1cc(O)c(O)c(O)c1,-3.8944999709071695,-3.5712398315331737,0.3232601393739958,0.3232601393739958
CCCCCCCCOC(=O)c1ccc(N)cc1,-5.399899856549296,-5.284318580982486,0.11558127556680997,0.11558127556680997
CCCCCCCCOC(=O)c1ccc(O)c(Br)c1,-4.519999932359992,-5.3373203577025965,-0.8173204253426043,0.8173204253426043
CCCCCCCCOC(=O)c1ccc(O)c(Cl)c1,-4.37999997963095,-5.200342848813569,-0.8203428691826185,0.8203428691826185
CCCCCCCCOC(=O)c1ccc(O)c(I)c1,-4.670000027616238,-5.066021468201155,-0.3960214405849172,0.3960214405849172
CCCCCCCCOC(=O)c1ccc(O)cc1,-4.22240013011368,-4.512237446835673,-0.289837316721993,0.289837316721993
CCCCCCCCOC(=O)c1ccccc1C(=O)OCCCCCCCC,-7.249299947028069,-7.119851652823172,0.1294482942048969,0.1294482942048969
CCCCCCCCSCc1cc(C)c(O)c(CSCCCCCCCC)c1,-7.327113543301316,-7.50951254793031,-0.18239900462899428,0.18239900462899428
CCCCCCCCc1ccccc1,-6.459999938749677,-6.41219071918494,0.04780921956473705,0.04780921956473705
CCCCCCCN(C)N=Nc1ccc(C(=O)O)cc1,-3.3900000658678673,-3.350378101277683,0.03962196459018408,0.03962196459018408
CCCCCCCOC(=O)c1ccc(N)cc1,-4.6000999369267195,-4.87455989823975,-0.2744599613130303,0.2744599613130303
CCCCCCCOC(=O)c1ccc(O)c(Br)c1,-4.420000005032617,-4.981331352595216,-0.5613313475625992,0.5613313475625992
CCCCCCCOC(=O)c1ccc(O)c(Cl)c1,-4.230000020551493,-4.822536143220876,-0.592536122669383,0.592536122669383
CCCCCCCOC(=O)c1ccc(O)c(I)c1,-4.559999821584868,-4.752309909120822,-0.19231008753595358,0.19231008753595358
CCCCCCCOC(=O)c1ccc(O)cc1,-4.072500192886014,-4.133709821320069,-0.06120962843405575,0.06120962843405575
CCCCCCCOC(=O)c1ccccc1C(=O)OCCCCCCC,-8.560000455276393,-6.803840067770421,1.7561603875059717,1.7561603875059717
CCCCCCCc1ccc(O)cc1,-3.659701771851015,-3.905429383845019,-0.24572761199400395,0.24572761199400395
CCCCCCCc1ccccc1,-5.595899926546743,-5.980455826174069,-0.38455589962732617,0.38455589962732617
CCCCCCN(C)N=Nc1ccc(C(=O)O)cc1,-2.5199999900004,-3.109402693257485,-0.5894027032570848,0.5894027032570848
CCCCCCNC(=O)COC(=O)c1ccccc1,-3.9019999075815868,-3.528316567082549,0.3736833404990376,0.3736833404990376
CCCCCCOC(=O)Oc1ccc(NC(C)=O)cc1,-4.320000077705242,-3.9561480205145942,0.3638520571906474,0.3638520571906474
CCCCCCOC(=O)c1ccc(N)cc1,-3.9499999789166225,-4.38413634960799,-0.4341363706913679,0.4341363706913679
CCCCCCOC(=O)c1ccc(O)c(Br)c1,-4.219999741847499,-4.5633230799525935,-0.34332333810509486,0.34332333810509486
CCCCCCOC(=O)c1ccc(O)c(Cl)c1,-4.090000067822453,-4.394026869819755,-0.3040268019973018,0.3040268019973018
CCCCCCOC(=O)c1ccc(O)c(I)c1,-4.429999739029454,-4.482166343500374,-0.05216660447092014,0.05216660447092014
CCCCCCOC(=O)c1ccc(O)cc1,-3.948999828487113,-3.7676235115462684,0.18137631694084444,0.18137631694084444
CCCCCCOC(=O)c1ccccc1C(=O)OCCCCCC,-6.143999792547233,-6.328179444873998,-0.18417965232676448,0.18417965232676448
CCCCCCOC(=O)c1ccccc1O,-5.045878333694697,-3.956058688540769,1.089819645153928,1.089819645153928
CCCCCCOc1ccc(C(C)=NO)c(O)c1,-4.150000037836557,-3.763213902841363,0.38678613499519443,0.38678613499519443
CCCCCCc1ccc(C(=O)O)cc1,-3.650000060757708,-3.858022158162495,-0.20802209740478705,0.20802209740478705
CCCCCCc1ccc(O)cc1O,-2.58949995923856,-2.7182547050552075,-0.12875474581664736,0.12875474581664736
CCCCCCc1ccccc1,-5.255099671995049,-5.451776132105284,-0.19667646011023443,0.19667646011023443
CCCCCN(C)N=Nc1ccc(C(=O)O)cc1,-2.369999860699956,-2.8469127993956014,-0.4769129386956452,0.4769129386956452
CCCCCNCCOC(=O)c1ccc(N)cc1,-3.269999955618673,-3.0329549054985865,0.23704505012008648,0.23704505012008648
CCCCCOC(=O)C(N)Cc1ccc(O)c(O)c1,-0.9900000056684077,-1.7994119639684927,-0.8094119583000849,0.8094119583000849
CCCCCOC(=O)c1ccc(N)cc1,-3.349899984570214,-3.806860470308713,-0.45696048573849923,0.45696048573849923
CCCCCOC(=O)c1ccc(O)c(Br)c1,-4.099999869907685,-4.1271006851133,-0.027100815205614914,0.027100815205614914
CCCCCOC(=O)c1ccc(O)c(Cl)c1,-3.9499999789166225,-3.9719998839461073,-0.02199990502948479,0.02199990502948479
CCCCCOC(=O)c1ccc(O)c(I)c1,-4.219999741847499,-4.192616087450368,0.02738365439713064,0.02738365439713064
CCCCCOC(=O)c1ccc(O)cc1,-3.813499905851117,-3.3719849320046587,0.4415149738464583,0.4415149738464583
CCCCCOC(=O)c1ccccc1C(=O)OCCCCC,-3.4899999591510453,-5.677014448194258,-2.187014489043213,2.187014489043213
CCCCCc1ccc(O)cc1O,-1.9548000300728556,-2.2938412209478938,-0.33904119087503815,0.33904119087503815
CCCCCc1ccccc1,-4.643400070641918,-4.777292222014245,-0.13389215137232746,0.13389215137232746
CCCCN(C(N)=O)c1ccccc1,-1.2971000454481567,-1.8990726749135531,-0.6019726294653964,0.6019726294653964
CCCCN(C)C(=O)Nc1ccc(Cl)c(Cl)c1,-4.758399871318128,-4.119741555239088,0.6386583160790398,0.6386583160790398
CCCCN(C)N=Nc1ccc(C(=O)O)cc1,-1.8099999816953982,-2.6062729224733556,-0.7962729407779574,0.7962729407779574
CCCCN(CC)c1c([N+](=O)[O-])cc(C(F)(F)F)cc1[N+](=O)[O-],-5.530000165221685,-5.5743602990653205,-0.04436013384363591,0.04436013384363591
CCCCN(CCCC)C(=O)COC(=O)c1ccccc1,-3.5613999009986586,-3.9520078375874528,-0.3906079365887942,0.3906079365887942
CCCCNC(=O)COC(=O)c1ccccc1,-2.7588000163656985,-2.577837642820334,0.18096237354536449,0.18096237354536449
CCCCNC(=O)NS(=O)(=O)c1ccc(C)cc1,-3.1700000538244457,-3.0529239401076005,0.11707611371684523,0.11707611371684523
CCCCNC(=O)NS(=O)(=O)c1ccc(N)cc1,-2.1782000275937623,-2.5701113803219875,-0.3919113527282252,0.3919113527282252
CCCCNC(=O)NS(=O)(=O)c1ccccc1,-3.0499999302767367,-2.650085625623734,0.3999143046530027,0.3999143046530027
CCCCNC(=O)Oc1cc(/C=C(/C#N)C(=O)N(CC)CC)cc([N+](=O)[O-])c1O,-2.3199999651246634,-3.976419297379847,-1.6564193322551835,1.6564193322551835
CCCCNS(=O)(=O)c1ccccc1,-2.6757824240867714,-2.488745612498089,0.18703681158868246,0.18703681158868246
CCCCNc1ccc(C(=O)OCCN(C)C)cc1,-3.0099999692398813,-2.798962909207448,0.2110370600324334,0.2110370600324334
CCCCOC(=O)/C=C/c1ccccc1,-1.6111999807317656,-4.1728500945620635,-2.561650113830298,2.561650113830298
CCCCOC(=O)COc1ccc(Cl)cc1Cl,-3.779999939047938,-4.985204356661618,-1.2052044176136798,1.2052044176136798
CCCCOC(=O)Oc1ccc(NC(C)=O)cc1,-3.3699998489018506,-3.200432425670888,0.16956742323096252,0.16956742323096252
CCCCOC(=O)c1ccc(C(=O)OCCCC)c(C(=O)OCCCC)c1,-4.807173631081955,-5.891652218291704,-1.084478587209749,1.084478587209749
CCCCOC(=O)c1ccc(C(=O)OCCCC)cc1,-6.4031951528328985,-5.333745716981699,1.0694494358511992,1.0694494358511992
CCCCOC(=O)c1ccc(N)cc1,-3.059999920136995,-3.214609552902562,-0.15460963276556683,0.15460963276556683
CCCCOC(=O)c1ccc(NC(C)=O)cc1,-3.4600000081881905,-3.304725836946035,0.15527417124215548,0.15527417124215548
CCCCOC(=O)c1ccc(O)c(Br)c1,-3.6700000053701465,-3.7107537693009616,-0.04075376393081509,0.04075376393081509
CCCCOC(=O)c1ccc(O)c(Cl)c1,-3.509999937807681,-3.5833857798188387,-0.07338584201115772,0.07338584201115772
CCCCOC(=O)c1ccc(O)c(I)c1,-3.903299987389679,-3.9173362737769493,-0.01403628638727028,0.01403628638727028
CCCCOC(=O)c1ccc(O)cc1,-2.9723000336435037,-2.9527202923033316,0.019579741340172152,0.019579741340172152
CCCCOC(=O)c1ccccc1,-3.480099872519827,-3.3643158637578465,0.11578400876198058,0.11578400876198058
CCCCOC(=O)c1ccccc1C(=O)OCC(CC)CCCC,-7.21999960432059,-6.334391830004945,0.8856077743156447,0.8856077743156447
CCCCOC(=O)c1ccccc1C(=O)OCCCC,-4.387683346440647,-4.812253161502154,-0.42456981506150715,0.42456981506150715
CCCCOC(=O)c1ccccc1N,-3.3830205968824125,-3.3408097072611675,0.042210889621244974,0.042210889621244974
CCCCOCCOC(=O)COc1ccc(Cl)cc1Cl,-4.42759989547043,-4.755712013849592,-0.32811211837916154,0.32811211837916154
CCCCOCCOC(=O)c1ccccc1,-3.322422470321012,-3.2121572472354334,0.11026522308557851,0.11026522308557851
CCCCOCN(C(=O)CCl)c1c(CC)cccc1CC,-4.192999833642806,-4.173164118238345,0.019835715404460608,0.019835715404460608
CCCCOCc1ccc(O)c(OC)c1,-2.094896804499137,-2.4819627827964807,-0.3870659782973438,0.3870659782973438
CCCCOP(=O)(OCCCC)Oc1ccccc1,-3.4746000324392456,-3.883777546689158,-0.40917751424991256,0.40917751424991256
CCCCOc1ccc(C(=O)OCC)c(N(CC)CC)c1,-3.8399998409736473,-4.278673554198346,-0.43867371322469895,0.43867371322469895
CCCCOc1ccc(C(=O)OCCN(CC)CC)cc1,-3.8399998409736473,-3.0882650894469483,0.751734751526699,0.751734751526699
CCCCOc1ccc([N+](=O)[O-])cc1N,-3.819999896361209,-3.7176947683434203,0.10230512801778868,0.10230512801778868
CCCCOc1ccccc1,-3.613249485903931,-3.55675851939825,0.05649096650568097,0.05649096650568097
CCCCSc1cc(O)cc(O)c1,-2.5190999635552727,-2.6381589219689507,-0.11905895841367808,0.11905895841367808
CCCC[C@@H](CC)COC(=O)/C=C/c1ccc(OC)cc1,-6.42160843358402,-6.26014579325955,0.1614626403244701,0.1614626403244701
CCCC[N+](CCCC)(CCCC)Cc1ccccc1,-2.6418192178903612,-0.44529475467327106,2.19652446321709,2.19652446321709
CCCCc1ccc(C(=O)O)c(C(=O)O)c1CCCC,-4.399999992331784,-2.975346044579126,1.4246539477526579,1.4246539477526579
CCCCc1ccc(C(=O)O)cc1,-3.0799998987936306,-3.2901621208314453,-0.21016222203781476,0.21016222203781476
CCCCc1ccccc1,-4.055900037996926,-4.062606132077725,-0.006706094080799474,0.006706094080799474
CCCN(C)N=Nc1ccc(C(=O)O)cc1,-1.4300000127331522,-2.4748638867667507,-1.0448638740335985,1.0448638740335985
CCCN(CCC)C(=O)COC(=O)c1ccccc1,-2.3791000789146266,-2.78309022774926,-0.40399014883463336,0.40399014883463336
CCCN(CCC)C(=O)COC(=O)c1ccccc1OC(C)=O,-2.6500000725558137,-2.6899439590760625,-0.03994388652024883,0.03994388652024883
CCCN(CCC)C(=O)SCc1ccccc1,-4.279799872423205,-4.785512670081207,-0.5057127976580018,0.5057127976580018
CCCN(CCC)S(=O)(=O)c1ccc(C(=O)O)cc1,-4.019999955281143,-3.007239580608908,1.0127603746722356,1.0127603746722356
CCCN(CCC)c1c([N+](=O)[O-])cc(C(C)C)cc1[N+](=O)[O-],-6.449099803821541,-5.666394020391483,0.7827057834300586,0.7827057834300586
CCCN(CCC)c1c([N+](=O)[O-])cc(C(F)(F)F)c(N)c1[N+](=O)[O-],-7.070000053771501,-5.4827656117080785,1.5872344420634228,1.5872344420634228
CCCN(CCC)c1c([N+](=O)[O-])cc(C(F)(F)F)cc1[N+](=O)[O-],-6.049999950736181,-5.704709538908672,0.3452904118275093,0.3452904118275093
CCCN(CCC)c1c([N+](=O)[O-])cc(C)cc1[N+](=O)[O-],-2.9662999949379514,-4.86787865642301,-1.901578661485059,1.901578661485059
CCCN(CCC)c1c([N+](=O)[O-])cc(S(=O)(=O)N=S(C)C)cc1[N+](=O)[O-],-4.860000012097361,-5.115274706440346,-0.2552746943429849,0.2552746943429849
CCCN(CCC)c1c([N+](=O)[O-])cc(S(C)(=O)=O)cc1[N+](=O)[O-],-5.7600997203375,-4.278371514079529,1.481728206257971,1.481728206257971
CCCN(CCC)c1c([N+](=O)[O-])cc(S(N)(=O)=O)cc1[N+](=O)[O-],-5.130000047381816,-3.337355787264044,1.792644260117772,1.792644260117772
CCCN(CCCl)c1c([N+](=O)[O-])cc(C(F)(F)F)cc1[N+](=O)[O-],-5.5967997827708835,-5.497075613441977,0.0997241693289066,0.0997241693289066
CCCNC(=O)COC(=O)c1ccccc1,-2.5387000931141275,-2.1748649218453617,0.36383517126876574,0.36383517126876574
CCCNC(=O)NS(=O)(=O)c1ccc(Cl)cc1,-3.2499999769620374,-2.934506153084561,0.3154938238774765,0.3154938238774765
CCCOC(=O)/C(O)=C/Oc1ccccc1,-1.622546366998659,-2.703330546001261,-1.0807841790026018,1.0807841790026018
CCCOC(=O)COc1ccc(Cl)cc1Cl,-4.250199668425539,-4.442258782138689,-0.19205911371314954,0.19205911371314954
CCCOC(=O)Oc1ccc(NC(C)=O)cc1,-2.56999991961989,-2.85571577772328,-0.28571585810338984,0.28571585810338984
CCCOC(=O)c1cc(O)c(O)c(O)c1,-1.7826999398469392,-2.07320738254941,-0.29050744270247075,0.29050744270247075
CCCOC(=O)c1ccc(N)cc1,-2.451999871920334,-2.7472182825625806,-0.29521841064224663,0.29521841064224663
CCCOC(=O)c1ccc(NC(C)=O)cc1,-3.2899999342753086,-2.8424658952725084,0.4475340390028002,0.4475340390028002
CCCOC(=O)c1ccc(O)c(Br)c1,-3.509999937807681,-3.335193980732834,0.17480595707484703,0.17480595707484703
CCCOC(=O)c1ccc(O)c(Cl)c1,-3.3800000935616485,-3.205497214953638,0.17450287860801073,0.17450287860801073
CCCOC(=O)c1ccc(O)c(I)c1,-3.6865000022306544,-3.6179219158123157,0.06857808641833874,0.06857808641833874
CCCOC(=O)c1ccc(O)cc1,-2.6800000575628657,-2.5129216907100616,0.1670783668528042,0.1670783668528042
CCCOC(=O)c1ccccc1,-2.6700999709316475,-2.7317604466711023,-0.06166047573945477,0.06166047573945477
CCCOC(=O)c1ccccc1C(=O)OCCC,-3.819999896361209,-3.675200596956093,0.14479929940511616,0.14479929940511616
CCCOC(C)OCCc1ccccc1,-3.3841929088178806,-2.801945759645952,0.5822471491719288,0.5822471491719288
CCCOCCN(C(=O)CCl)c1c(CC)cccc1CC,-3.795000016661957,-3.554158359782066,0.240841656879891,0.240841656879891
CCCOP(=O)(OCCC)Oc1ccc(SC)cc1,-3.386499845762359,-3.8466538474325134,-0.4601540016701544,0.4601540016701544
CCCOc1ccc(NC(C)=O)cc1,-3.0557000411995285,-2.507534196480708,0.5481658447188207,0.5481658447188207
CCCOc1ccc([N+](=O)[O-])cc1N,-3.1591999237260016,-3.2639360202102345,-0.10473609648423299,0.10473609648423299
CCCSP(=O)(OCC)Oc1ccc(Br)cc1Cl,-4.365622978916683,-4.877300319948983,-0.5116773410322999,0.5116773410322999
CCCSP(=S)(OCC)Oc1ccc(Cl)cc1Cl,-6.6929997871254425,-6.043292699152673,0.6497070879727698,0.6497070879727698
CCCSP(=S)(OCC)Oc1ccc(SC)cc1,-6.017099638424982,-5.756582273868137,0.26051736455684527,0.26051736455684527
CCCc1cc(F)ccc1O,-1.8869999216521733,-2.1166179556407863,-0.2296180339886129,0.2296180339886129
CCCc1ccc(O)c(OC)c1,-2.1792905313230175,-2.3310268806437002,-0.1517363493206827,0.1517363493206827
CCCc1ccc(O)cc1,-2.0276000735803517,-2.042822595979803,-0.015222522399451321,0.015222522399451321
CCCc1ccccc1,-3.3621999828488507,-3.3865629296600335,-0.024362946811182784,0.024362946811182784
CCN(C(=O)SCc1ccccc1)C(C)C(C)C,-4.733699716732275,-4.297367631489145,0.43633208524313005,0.43633208524313005
CCN(C(N)=O)c1ccc(OC)cc1,-1.2700000473032786,-1.4342176802534439,-0.16421763295016523,0.16421763295016523
CCN(C(N)=O)c1ccccc1C,-0.20959996763592104,-1.2214138029784103,-1.0118138353424893,1.0118138353424893
CCN(C)N=Nc1ccc(C(=O)O)cc1,-0.4200001884018283,-2.333141161475421,-1.9131409730735927,1.9131409730735927
CCN(CC)C(=O)/C(C#N)=C\c1cc(O)c(O)c([N+](=O)[O-])c1,-4.260000175779532,-2.8811544530820714,1.3788457226974606,1.3788457226974606
CCN(CC)C(=O)/C(C#N)=C\c1cc(OC(=O)NC(C)(C)C)c(O)c([N+](=O)[O-])c1,-3.529999916464316,-3.9452220119964783,-0.41522209553216216,0.41522209553216216
CCN(CC)C(=O)C(C)OC(=O)c1ccccc1,-2.2800000078113922,-2.048401350509823,0.23159865730156914,0.23159865730156914
CCN(CC)C(=O)C(C)OC(=O)c1ccccc1OC(C)=O,-1.6000001206902317,-2.0796280500796955,-0.47962792938946386,0.47962792938946386
CCN(CC)C(=O)COC(=O)c1ccccc1,-2.0706000736517844,-1.841528857560877,0.22907121609090741,0.22907121609090741
CCN(CC)C(=O)COC(=O)c1ccccc1O,-2.559999947313671,-1.7415232108083485,0.8184767365053225,0.8184767365053225
CCN(CC)C(=O)COC(=O)c1ccccc1OC(C)=O,-2.1099998998543126,-1.8080717183579538,0.3019281814963588,0.3019281814963588
CCN(CC)C(=O)Nc1ccc(OCC(O)CNC(C)(C)C)c(C(C)=O)c1,-1.9000000388491463,-2.1119481130913993,-0.21194807424225304,0.21194807424225304
CCN(CC)C(=O)SCc1ccc(Cl)cc1,-3.964099859864528,-4.0042850176113385,-0.04018515774681042,0.04018515774681042
CCN(CC)C(=O)SCc1ccccc1Cl,-4.0310001120610695,-3.7100359814442054,0.320964130616864,0.320964130616864
CCN(CC)C(C#N)c1ccccc1,-0.9738000062748764,-1.455435249628012,-0.4816352433531357,0.4816352433531357
CCN(CC)C(C)C(C)OC(=O)c1ccc(N)cc1,-3.4200000508749193,-2.460921426187354,0.9590786246875651,0.9590786246875651
CCN(CC)C(C)COC(=O)c1ccc(N)cc1,-2.3800001394039514,-2.1570422398297264,0.22295789957422496,0.22295789957422496
CCN(CC)CC(=O)Nc1c(C)cccc1C,-1.779999962644149,-1.6221470966522333,0.15785286599191561,0.15785286599191561
CCN(CC)CC(C)OC(=O)c1ccc(N)cc1,-2.349999916087518,-2.1144871293291576,0.23551278675836018,0.23551278675836018
CCN(CC)CCNC(=O)c1cc(Cl)c(N)cc1OC,-3.202824558219214,-2.382575787198049,0.820248771021165,0.820248771021165
CCN(CC)CCOC(=O)c1ccc(N)cc1,-1.7200000607184396,-1.9663043133270208,-0.24630425260858124,0.24630425260858124
CCN(CC)CCOC(=O)c1ccc(NC(C)=O)cc1,-1.6500000162655246,-1.836829396559803,-0.18682938029427842,0.18682938029427842
CCN(CC)NC(=O)Nc1c(C)cccc1C,-1.090000069172572,-1.8802791885665169,-0.7902791193939449,0.7902791193939449
CCN(CC)S(=O)(=O)c1ccc(N)cc1,-2.630000093899178,-2.302789193512051,0.3272109003871271,0.3272109003871271
CCN(CC)c1c([N+](=O)[O-])cc(C(F)(F)F)c(N)c1[N+](=O)[O-],-5.4667999725690475,-4.3729570522616505,1.093842920307397,1.093842920307397
CCN(CC)c1cccc(NC(C)=O)c1,-2.469378004807079,-1.9157905546370495,0.5535874501700295,0.5535874501700295
CCN(CC)c1cccc(O)c1,-2.0112788768442833,-1.9296468833971707,0.08163199344711258,0.08163199344711258
CCN(CC)c1ccccc1,-3.0278000618666994,-2.1518150256814588,0.8759850361852406,0.8759850361852406
CCN(CCCl)c1ccc(C=O)cc1,-3.0334484357164024,-3.156991842619555,-0.12354340690315269,0.12354340690315269
CCN(CCO)C(=O)COC(=O)c1ccccc1,-1.370000110807443,-1.2904433154535029,0.07955679535394022,0.07955679535394022
CCN(CCO)c1ccccc1,-1.9170999625552132,-1.2582767236834158,0.6588232388717974,0.6588232388717974
CCN(c1c([N+](=O)[O-])cc([N+](=O)[O-])cc1[N+](=O)[O-])[N+](=O)[O-],-3.700699973118745,-3.2172068357840704,0.48349313733467447,0.48349313733467447
CCNC(=O)C(C)OC(=O)Nc1ccccc1,-1.8300001305730205,-1.8382558484284282,-0.008255717855407685,0.008255717855407685
CCNC(=O)COC(=O)c1ccccc1,-2.237299937118541,-1.8122611972828464,0.42503873983569473,0.42503873983569473
CCNC(=O)COC(=O)c1ccccc1OC(C)=O,-1.6800000353167739,-1.8043530025939047,-0.12435296727713085,0.12435296727713085
CCNC(=O)Oc1cc(/C=C(/C#N)C(=O)N(CC)CC)cc([N+](=O)[O-])c1O,-3.1800000431527637,-3.125756666044545,0.054243377108218915,0.054243377108218915
CCNC(=O)[C@H](C)OC(=O)Nc1ccccc1,-1.829300045698882,-1.8382558484284282,-0.008955802729546214,0.008955802729546214
CCNCC(O)c1cccc(O)c1,-3.454102702103642,-1.0588237550147659,2.395278947088876,2.395278947088876
CCNCNC(=O)c1ccccc1,-0.07489987937227571,-1.1841292789335227,-1.109229399561247,1.109229399561247
CCNc1c([N+](=O)[O-])cc([N+](=O)[O-])cc1[N+](=O)[O-],-3.4084999210128304,-2.9864437081957647,0.42205621281706573,0.42205621281706573
CCNc1ccccc1,-1.652077937894484,-1.6308882847617363,0.021189653132747788,0.021189653132747788
CCOC(=O)/C=C/c1ccccc1,-3.013046720636796,-3.2515924794031976,-0.2385457587664015,0.2385457587664015
CCOC(=O)C(=CC=Cc1ccccc1)NC=O,-3.3482999413393424,-3.450586106739212,-0.10228616539986968,0.10228616539986968
CCOC(=O)C(=Cc1ccc(C=C(C(=O)OCC)C(=O)OCC)cc1)C(=O)OCC,-5.621635433262158,-4.6003039297571915,1.0213315035049666,1.0213315035049666
CCOC(=O)C(C)(C)NC(=O)c1ccccc1,-1.1900001326767364,-1.942296821980285,-0.7522966893035485,0.7522966893035485
CCOC(=O)C(C)(C)c1ccccc1,-3.0458383340814077,-3.0852773196219285,-0.03943898554052083,0.03943898554052083
CCOC(=O)C(Cc1ccccc1)NC(C)=O,-1.8600000134474806,-1.8264293028022247,0.03357071064525585,0.03357071064525585
CCOC(=O)C(O)c1ccccc1,-1.2600000409528622,-1.2601039438431496,-0.00010390289028738842,0.00010390289028738842
CCOC(=O)C(SP(=S)(OC)OC)c1ccccc1,-4.464300084912141,-4.0056502580131434,0.4586498268989976,0.4586498268989976
CCOC(=O)C=Cc1ccccc1,-2.9999999799115638,-3.2515924794031976,-0.25159249949163387,0.25159249949163387
CCOC(=O)CCCOc1ccc(Cl)cc1C,-4.409500093688432,-4.422060632209327,-0.012560538520895115,0.012560538520895115
CCOC(=O)CCN(Cc1ccccc1)SN(C)C(=O)O/N=C(/C)SC,-4.300499833821387,-4.351936530701297,-0.05143669687991004,0.05143669687991004
CCOC(=O)CCc1ccccc1,-2.9086000764294133,-2.6608683080710405,0.24773176835837285,0.24773176835837285
CCOC(=O)CN(C(=O)CCl)c1c(CC)cccc1CC,-3.4727000938739896,-3.0525364192647824,0.4201636746092072,0.4201636746092072
CCOC(=O)CN(C)C(=O)COC(=O)c1ccccc1,-1.6700000289663575,-1.3374877661691518,0.3325122627972057,0.3325122627972057
CCOC(=O)CN(C)C(=O)COC(=O)c1ccccc1OC(C)=O,-2.5499999409632546,-1.4268526947772895,1.123147246185965,1.123147246185965
CCOC(=O)CNC(=O)COC(=O)c1ccccc1OC(C)=O,-1.870000019797897,-1.9225305567384015,-0.05253053694050447,0.05253053694050447
CCOC(=O)COC(=O)c1ccccc1OC(C)=O,-2.5799999259703066,-2.331444534856691,0.2485553911136158,0.2485553911136158
CCOC(=O)COc1cc(Cl)c(Cl)cc1Cl,-4.849299784696017,-4.589875783581004,0.25942400111501307,0.25942400111501307
CCOC(=O)COc1ccc(Cl)cc1,-2.4205999554743864,-3.267823152618534,-0.8472231971441477,0.8472231971441477
CCOC(=O)COc1ccc(Cl)cc1Cl,-3.3503000379331787,-3.8991238537901443,-0.5488238158569656,0.5488238158569656
CCOC(=O)Cc1ccccc1,-2.1362025610456534,-2.142336099815557,-0.006133538769903524,0.006133538769903524
CCOC(=O)N(CC)c1ccccc1,0.8673993817713939,-2.0779642420672024,-2.9453636238385963,2.9453636238385963
CCOC(=O)NS(=O)(=O)c1ccc(C)cc1,-2.2430987533401794,-2.666643361442934,-0.4235446081027545,0.4235446081027545
CCOC(=O)OCOc1ccc(NC(C)=O)cc1,-2.430000034979244,-2.421541549884468,0.00845848509477598,0.00845848509477598
CCOC(=O)Oc1ccc(NC(C)=O)cc1,-2.6700000512124493,-2.4812230023882416,0.18877704882420776,0.18877704882420776
CCOC(=O)[C@H](Cc1ccc(O)cc1)NC(C)=O,-1.8585999798759927,-1.5769029030920234,0.28169707678396927,0.28169707678396927
CCOC(=O)[C@H](Cc1ccccc1)NC(C)=O,-1.7557000316422464,-1.826429438979014,-0.07072940733676769,0.07072940733676769
CCOC(=O)c1ccc(N)cc1,-2.3199999651246634,-2.1746998074882535,0.1453001576364099,0.1453001576364099
CCOC(=O)c1ccc(N=C=S)cc1,-4.050000110509182,-4.088465968201833,-0.03846585769265065,0.03846585769265065
CCOC(=O)c1ccc(O)c(Br)c1,-3.3900000658678673,-2.883647662852306,0.5063524030155615,0.5063524030155615
CCOC(=O)c1ccc(O)c(Cl)c1,-3.2232000613946292,-2.737928846699084,0.48527121469554535,0.48527121469554535
CCOC(=O)c1ccc(O)c(I)c1,-3.4923999048426615,-3.2744674564811582,0.21793244836150327,0.21793244836150327
CCOC(=O)c1ccc(O)c(O)c1,-1.8556551568059194,-1.8838546463481511,-0.028199489542231726,0.028199489542231726
CCOC(=O)c1ccc(O)c(OC)c1,-1.7200000607184396,-2.1213877519535687,-0.4013876912351291,0.4013876912351291
CCOC(=O)c1ccc(O)cc1,-2.2000000250964553,-1.9690181805623266,0.23098184453412873,0.23098184453412873
CCOC(=O)c1ccc(OC)c(OC)c1C(=O)[O-],-2.2530000315183045,-1.856210758106539,0.3967892734117655,0.3967892734117655
CCOC(=O)c1ccc([O-])cc1,0.7254770213068515,-1.1297308730616582,-1.8552078943685097,1.8552078943685097
CCOC(=O)c1ccccc1,-2.3999023771700183,-2.033281369232766,0.3666210079372525,0.3666210079372525
CCOC(=O)c1ccccc1C(=O)OCC,-2.349999916087518,-2.325622977111228,0.024376938976289786,0.024376938976289786
CCOCCOC(=O)/C=C/c1ccc(OC)cc1,-2.6995000631373385,-3.142905204864416,-0.44340514172707746,0.44340514172707746
CCOCN(C(=O)CCl)c1c(C)cccc1CC,-3.0826999908955868,-2.9362159633187117,0.14648402757687506,0.14648402757687506
CCOP(=O)(Cc1cc(C(C)(C)C)c(O)c(C(C)(C)C)c1)OCC,-4.472808819242194,-4.506990146610974,-0.03418132736878032,0.03418132736878032
CCOP(=O)(NC(C)C)Oc1ccc(SC)c(C)c1,-2.9647998629152292,-3.0336498177824915,-0.06884995486726231,0.06884995486726231
CCOP(=O)(OCC)O/C(=C\Cl)c1ccc(Cl)cc1Cl,-3.4623999198356095,-3.9540134493412578,-0.4916135295056483,0.4916135295056483
CCOP(=O)(OCC)Oc1ccc([N+](=O)[O-])cc1,-2.059400077433461,-2.2012506046416123,-0.14185052720815117,0.14185052720815117
CCOP(=O)(OCC)SCc1ccccc1,-2.4154999304473876,-2.650480742578084,-0.23498081213069621,0.23498081213069621
CCOP(=O)([O-])Cc1cc(C(C)(C)C)c(O)c(C(C)(C)C)c1,-2.4616735305950312,-2.799075816787932,-0.3374022861929009,0.3374022861929009
CCOP(=S)(CC)Oc1cc(Cl)c(Cl)cc1Cl,-5.752399739959502,-5.383326596576108,0.36907314338339425,0.36907314338339425
CCOP(=S)(NC(C)C)Oc1ccccc1C(=O)OC(C)C,-4.1939000983973145,-4.127737515868777,0.06616258252853768,0.06616258252853768
CCOP(=S)(NC(C)CC)Oc1cc(C)ccc1[N+](=O)[O-],-4.814000037356161,-4.716201407828913,0.09779862952724816,0.09779862952724816
CCOP(=S)(OCC)O/N=C(\C#N)c1ccccc1,-4.630000002214572,-4.837463570517769,-0.20746356830319623,0.20746356830319623
CCOP(=S)(OCC)O/N=C(\C#N)c1ccccc1Cl,-5.2916997714965746,-5.211247341398964,0.08045243009761016,0.08045243009761016
CCOP(=S)(OCC)ON=C(C#N)c1ccccc1,-4.861999904426013,-4.837463570517769,0.0245363339082445,0.0245363339082445
CCOP(=S)(OCC)Oc1cc(Cl)c(Br)cc1Cl,-5.952099733324065,-5.95599166596419,-0.0038919326401245513,0.0038919326401245513
CCOP(=S)(OCC)Oc1cc(Cl)c(Cl)c(SC)c1,-6.08069991848478,-5.904842846817003,0.1758570716677772,0.1758570716677772
CCOP(=S)(OCC)Oc1ccc(Cl)cc1Cl,-6.1093997215511475,-5.312932456494763,0.7964672650563847,0.7964672650563847
CCOP(=S)(OCC)Oc1ccc(N)cc1,-2.8259999596314405,-3.7927978337127,-0.9667978740812595,0.9667978740812595
CCOP(=S)(OCC)Oc1ccc(S(C)(=O)=O)cc1,-3.5799998801280037,-3.4821262171898137,0.09787366293819,0.09787366293819
CCOP(=S)(OCC)Oc1ccc([N+](=O)[O-])cc1,-4.289999922477203,-4.543671407478963,-0.2536714850017603,0.2536714850017603
CCOP(=S)(OCC)Oc1ccc([S+](C)[O-])cc1,-2.29999995242383,-3.270500660651079,-0.9705007082272488,0.9705007082272488
CCOP(=S)(OCC)SCSc1ccc(Cl)cc1,-6.049999950736181,-5.595575553434468,0.4544243973017128,0.4544243973017128
CCOS(=O)(=O)c1ccccc1,-2.1308000192810748,-1.833810901846682,0.2969891174343928,0.2969891174343928
CCOc1cc(C=O)ccc1O,-1.7642022294864093,-1.8462889172332198,-0.0820866877468105,0.0820866877468105
CCOc1ccc(C(=O)O)cc1,-2.454899756649916,-2.3318359750377278,0.12306378161218845,0.12306378161218845
CCOc1ccc(C(=O)OCCN(CC)CC)cc1,-2.7144999364861735,-2.2569602568182967,0.4575396796678768,0.4575396796678768
CCOc1ccc(C=O)cc1OC,-2.191299894288947,-1.995652590264357,0.19564730402458985,0.19564730402458985
CCOc1ccc(N(C(C)=O)C(C)=O)cc1,-1.9470000278430666,-1.8109785481037934,0.13602147973927314,0.13602147973927314
CCOc1ccc(N(C)C(N)=O)cc1,-1.660000022615941,-1.3939417606765196,0.2660582619394214,0.2660582619394214
CCOc1ccc(N(CC)C(N)=O)cc1,-1.8500000070970641,-1.6033526570676715,0.24664735002939264,0.24664735002939264
CCOc1ccc(N)cc1,-0.8608353677157639,-1.4793975983690724,-0.6185622306533085,0.6185622306533085
CCOc1ccc(N=C=S)cc1,-4.260000175779532,-4.151223926730998,0.10877624904853445,0.10877624904853445
CCOc1ccc(NC(=O)CO)cc1,-2.105799935316639,-1.5241172389366386,0.5816826963800004,0.5816826963800004
CCOc1ccc(NC(=O)NN)cc1,-1.6470999953591534,-2.127258401431598,-0.48015840607244464,0.48015840607244464
CCOc1ccc(NC(=O)OC(C)C)cc1OCC,-4.002200082877727,-3.787213019315553,0.214987063562174,0.214987063562174
CCOc1ccc(NC(C)=O)c(C)c1,-1.8390000545823217,-2.030370862713613,-0.19137080813129126,0.19137080813129126
CCOc1ccc(NC(C)=O)cc1,-2.29999995242383,-1.9963468195365528,0.30365313288727735,0.30365313288727735
CCOc1ccc(NC(N)=O)cc1,-2.1730001168917625,-1.902300064821564,0.27070005207019854,0.27070005207019854
CCOc1ccc(O)cc1,-1.2900000600041115,-1.314717917572583,-0.024717857568471446,0.024717857568471446
CCOc1ccc([N+](=O)[O-])cc1N,-3.211299861147477,-2.7598031797066733,0.45149668144080346,0.45149668144080346
CCOc1ccccc1,-2.3318416944628813,-2.1398876411427286,0.1919540533201527,0.1919540533201527
CCOc1ccccc1/C=C/C(=O)[O-],-3.3247999808865796,-2.5803635860863126,0.744436394800267,0.744436394800267
CCOc1ccccc1/C=C\C(=O)O,-2.5234000520773288,-2.608472722328799,-0.08507267025147014,0.08507267025147014
CCOc1ccccc1O,-1.171451492196983,-1.21110671796797,-0.03965522577098701,0.03965522577098701
CCOc1ccccc1OCC,-2.410450699362823,-2.1178451127781717,0.2926055865846515,0.2926055865846515
CCSC(=O)COc1ccc(Cl)cc1C,-5.0269998730310945,-4.440409637515867,0.5865902355152279,0.5865902355152279
CCSC(C(=O)O)c1ccccc1,-1.5686000680674947,-1.8176923361731923,-0.2490922681056975,0.2490922681056975
CCSCc1ccccc1OC(=O)NC,-2.0927000005330596,-2.6962567065007743,-0.6035567059677147,0.6035567059677147
CC[C@@H](C)c1cccc([C@@H](C)CC)c1O,-5.059299918054762,-4.7341710246002755,0.3251288934544867,0.3251288934544867
CC[N+](CC)(CC)Cc1ccccc1,-0.007265770457832499,0.11998245153804188,0.12724822199587438,0.12724822199587438
CCc1cc(C)cc(O)c1,-1.76960000506336,-2.11885745103033,-0.34925744596697017,0.34925744596697017
CCc1cc(CC)c(CC)cc1CC,-4.588176705780064,-5.81590306214527,-1.2277263563652054,1.2277263563652054
CCc1cc(CC)cc(CC)c1,-7.064099513488205,-5.45713387170616,1.606965641782045,1.606965641782045
CCc1cc(CC)cc(OC(=O)NC)c1,-3.3199999022602618,-2.9342336207737896,0.3857662814864722,0.3857662814864722
CCc1ccc(C(=O)O)cc1,-2.5199999900004,-2.78791320109829,-0.2679132110978899,0.2679132110978899
CCc1ccc(C)cc1,-3.102600075366172,-3.551044268962809,-0.4484441935966368,0.4484441935966368
CCc1ccc(CC(C)(C)C#N)cc1,-3.351339305145434,-4.042433038677606,-0.6910937335321718,0.6910937335321718
CCc1ccc(CC)cc1,-3.644870213013838,-4.4420181577518765,-0.7971479447380383,0.7971479447380383
CCc1ccc(NC(C)=O)cc1,-2.145299919547747,-2.3191771849633045,-0.1738772654155576,0.1738772654155576
CCc1ccc(O)cc1,-1.399999993681903,-1.5337539256130226,-0.13375393193111962,0.13375393193111962
CCc1cccc(C)c1N,-1.7061271864784102,-1.773419083121173,-0.0672918966427627,0.0672918966427627
CCc1cccc(C)c1N(C(=O)CCl)C(C)COC,-2.728699907374264,-2.494199833354233,0.23450007402003115,0.23450007402003115
CCc1cccc(C)c1N(COC(C)C)C(=O)CCl,-3.188199971079777,-3.5492742430546094,-0.36107427197483233,0.36107427197483233
CCc1cccc(CC)c1,-3.7476000083492695,-3.8538476586844332,-0.1062476503351637,0.1062476503351637
CCc1cccc(CC)c1N,-2.34780004814368,-2.1054570421610115,0.24234300598266856,0.24234300598266856
CCc1cccc(CC)c1N(COC)C(=O)CCl,-3.1700000538244457,-2.753011924066223,0.41698812975822275,0.41698812975822275
CCc1ccccc1,-2.9714779641547646,-2.881493907773767,0.08998405638099749,0.08998405638099749
CCc1ccccc1Br,-3.670200049073727,-3.447597502831357,0.2226025462423702,0.2226025462423702
CCc1ccccc1C,-3.2072000205941853,-3.2255746101150287,-0.018374589520843365,0.018374589520843365
CCc1ccccc1CC,-3.275899849062219,-3.570477105335926,-0.294577256273707,0.294577256273707
CCc1ccccc1NC(C)=O,-1.5906001092737687,-1.87362096062718,-0.2830208513534114,0.2830208513534114
CCc1ccccc1O,-1.3594001095230732,-1.167996959404307,0.1914031501187663,0.1914031501187663
CCc1ccccc1[N+](=O)[O-],-2.7992999467611326,-2.6681980237587486,0.131101923002384,0.131101923002384
CN(C)C(=O)CCCOC(=O)c1ccccc1,-1.2286001245069145,-1.6056142811854877,-0.3770141566785732,0.3770141566785732
CN(C)C(=O)CCOC(=O)c1ccccc1,-1.0994000805890352,-1.438410291244492,-0.3390102106554569,0.3390102106554569
CN(C)C(=O)COC(=O)c1ccccc1,-1.3720000031360948,-1.401599117719446,-0.029599114583351183,0.029599114583351183
CN(C)C(=O)COC(=O)c1ccccc1O,-1.7100000543680232,-1.4264057625545852,0.283594291813438,0.283594291813438
CN(C)C(=O)Nc1ccc(Cl)c(Cl)c1,-3.744299831947342,-3.4378682159382032,0.3064316160091387,0.3064316160091387
CN(C)C(=O)Nc1ccc(Cl)cc1,-2.890000088789019,-2.7596081745442986,0.1303919142447203,0.1303919142447203
CN(C)C(=O)Nc1cccc(C(F)(F)F)c1,-3.4365000477354277,-2.6353529311356376,0.8011471165997901,0.8011471165997901
CN(C)C(=O)Nc1cccc(OC(=O)NC(C)(C)C)c1,-2.9342000276620626,-2.624803519528518,0.3093965081335446,0.3093965081335446
CN(C)C(=O)Nc1ccccc1,-1.610100080804044,-1.6335303868290454,-0.0234303060250014,0.0234303060250014
CN(C)C(=O)SCCCCOc1ccccc1,-3.926599904138861,-3.6204034654449604,0.3061964386939007,0.3061964386939007
CN(C)C(=O)c1ccc(C(=O)N(C)C)cc1,0.26559983300528334,-0.6440063769006041,-0.9096062099058875,0.9096062099058875
CN(C)C(=O)c1ccc(Cl)cc1,-1.0000000120188242,-1.81077904910737,-0.8107790370885459,0.8107790370885459
CN(C)C(=O)c1ccc([N+](=O)[O-])cc1,-1.2700000473032786,-1.99072122019099,-0.7207211728877114,0.7207211728877114
CN(C)C(=O)c1cccc(C(=O)N(C)C)c1,0.48699987010914336,-0.46686461340193297,-0.9538644835110763,0.9538644835110763
CN(C)C(=O)c1ccccc1C(=O)N(C)C,0.508299826441279,-0.5036998902186971,-1.0119997166599761,1.0119997166599761
CN(C)CNC(=O)c1ccccc1,0.4200000726795743,-1.1199615501924305,-1.5399616228720048,1.5399616228720048
CN(C)Cc1cc(C(C)(C)C)c(O)c(C(C)(C)C)c1,-2.7113869010370344,-4.1087354747688245,-1.3973485737317901,1.3973485737317901
CN(C)Cc1cc(CN(C)C)c(O)c(CN(C)C)c1,0.5055161005130273,-0.11167578310887549,-0.6171918836219028,0.6171918836219028
CN(C)Cc1ccccc1,-1.227918968206498,-1.1780179369802861,0.04990103122621181,0.04990103122621181
CN(C)Cc1ccccc1Cl,-1.8493554823529874,-1.7576073237541283,0.0917481585988591,0.0917481585988591
CN(C)N=Nc1ccc(C(=O)O)cc1,-0.8000000211872846,-2.2865466388718425,-1.4865466176845579,1.4865466176845579
CN(C)S(=O)(=O)N(SC(F)(Cl)Cl)c1ccccc1,-5.408800099148779,-4.824271307870998,0.5845287912777817,0.5845287912777817
CN(C)c1ccc(C(=O)O)cc1,-3.3979000559052497,-2.246840210628053,1.1510598452771967,1.1510598452771967
CN(C)c1ccc(C(=O)O)cc1C(=O)O,-2.019999978877354,-2.0923942155525346,-0.07239423667518041,0.07239423667518041
CN(C)c1ccc(C=O)cc1,-2.2827689585579973,-1.7525469942612302,0.5302219642967672,0.5302219642967672
CN(C)c1ccc(N=C=S)cc1,-4.130000025135724,-4.238582017994226,-0.10858199285850212,0.10858199285850212
CN(C)c1ccc(N=NS(=O)(=O)[O-])cc1,-1.0991000831220583,-1.03675521688344,0.062344866238618346,0.062344866238618346
CN(C)c1cccc(S(=O)(=O)O)c1,0.2982999654361125,-0.6151491534657274,-0.9134491189018399,0.9134491189018399
CN(C)c1ccccc1,-1.922073751698468,-1.3672407605244885,0.5548329911739796,0.5548329911739796
CN(C=O)c1ccc(S(=O)(=O)N(C)C)cc1,-2.369999860699956,-2.211274714283747,0.15872514641620938,0.15872514641620938
CN(C=O)c1ccccc1,-1.4947809455567667,-1.193746900859395,0.3010340446973716,0.3010340446973716
CN(CC(=O)O)C(=O)COC(=O)c1ccccc1,-2.2539999776826303,-1.2364184425148734,1.0175815351677568,1.0175815351677568
CN(CC(=O)O)C(=S)SCc1ccccc1,-3.2299999983054017,-2.440253738688252,0.7897462596171496,0.7897462596171496
CN(CC(N)=O)C(=O)COC(=O)c1ccccc1,-0.9200000973922822,-1.147305168613487,-0.2273050712212048,0.2273050712212048
CN(CCCCC(=O)O)S(=O)(=O)c1ccccc1,-1.5585001079536824,-2.0794966394779557,-0.5209965315242733,0.5209965315242733
CN(CCO)C(=O)COC(=O)c1ccccc1,-1.090000069172572,-1.0062083118460907,0.08379175732648125,0.08379175732648125
CN(Cc1ccccc1)N=O,-1.522400049622714,-1.8281451303482559,-0.30574508072554196,0.30574508072554196
CN(O)C(=O)c1ccc([N+](=O)[O-])cc1,-2.869999871823002,-2.053182449496123,0.8168174223268792,0.8168174223268792
CN(c1c([N+](=O)[O-])cc([N+](=O)[O-])cc1[N+](=O)[O-])[N+](=O)[O-],-3.588900054639093,-3.2096657907413624,0.37923426389773063,0.37923426389773063
CNC(=O)COC(=O)c1ccccc1,-1.7177999885094175,-1.6718589783180138,0.04594101019140373,0.04594101019140373
CNC(=O)OCc1ccc(Cl)c(Cl)c1,-3.1389000156907843,-3.0524861913071293,0.08641382438365497,0.08641382438365497
CNC(=O)OCc1cccc(Cl)c1Cl,-3.1389000156907843,-2.787187446899356,0.3517125687914282,0.3517125687914282
CNC(=O)Oc1c(C(C)(C)C)cc(C)cc1C(C)(C)C,-4.597999954657882,-4.519600798190355,0.07839915646752704,0.07839915646752704
CNC(=O)Oc1cc(C(C)(C)C)cc(C(C)(C)C)c1,-4.24450012508335,-4.669705068690468,-0.4252049436071177,0.4252049436071177
CNC(=O)Oc1cc(C)c(N(C)C)c(C)c1,-3.3468999418120524,-2.122705670921068,1.2241942708909845,1.2241942708909845
CNC(=O)Oc1cc(C)c(SC)c(C)c1,-3.9213999934368613,-3.2785812891995567,0.6428187042373046,0.6428187042373046
CNC(=O)Oc1cc(C)cc(C(C)C)c1,-3.3575000452290142,-3.1352344173856377,0.22226562784337656,0.22226562784337656
CNC(=O)Oc1cc(C)cc(C)c1,-2.581300005778399,-2.5007310083490895,0.08056899742930934,0.08056899742930934
CNC(=O)Oc1cc(C)cc(C)c1C,-1.9851000465910817,-2.8507423800882945,-0.8656423334972128,0.8656423334972128
CNC(=O)Oc1ccc(C)c(C)c1,-2.490000004993348,-2.5227995464804156,-0.03279954148706743,0.03279954148706743
CNC(=O)Oc1ccc(N(C)C)c(C)c1,-2.3571999233833534,-1.8944689461954045,0.46273097718794887,0.46273097718794887
CNC(=O)Oc1cccc(C(C)C)c1,-3.3566999044588877,-2.616094605318095,0.7406052991407925,0.7406052991407925
CNC(=O)Oc1cccc(C)c1,-1.8029999500147489,-2.0540861867587608,-0.25108623674401187,0.25108623674401187
CNC(=O)Oc1cccc(N=CN(C)C)c1,-0.9181499995319347,-2.161061633944699,-1.2429116344127644,1.2429116344127644
CNC(=O)Oc1ccccc1,-1.8029999500147489,-1.668089196257952,0.13491075375679684,0.13491075375679684
CNC(=O)Oc1ccccc1C(C)C,-2.6840998981161572,-2.4812658299884975,0.2028340681276597,0.2028340681276597
CNC(=O)Oc1ccccc1OC(C)C,-2.0511999197081154,-2.30675227852462,-0.25555235881650473,0.25555235881650473
CNC(=O)Oc1ccccc1OC(CCl)OC,-2.3004999255059935,-2.587249978236235,-0.28675005273024157,0.28675005273024157
CNC(=O)Sc1ccc(OS(C)(=O)=O)cc1,-2.7358999146700995,-2.515812928213519,0.22008698645658065,0.22008698645658065
CNC(=O)c1ccc(N)cc1,-1.2400000282520294,-1.3105048800631298,-0.07050485181110044,0.07050485181110044
CNC(=S)N(C)c1ccc(Cl)cc1C,-3.6600000671081245,-3.1029374618728793,0.5570626052352452,0.5570626052352452
CNC(C)C(O)c1ccccc1,-0.4200001884018283,-0.9171802846148482,-0.49718009621301995,0.49718009621301995
CNC(Cc1ccc(O)c(O)c1)C(=O)O,-1.020000024719657,-1.2512110547902913,-0.23121103007063426,0.23121103007063426
CNCC(=O)Nc1cc(Cl)c(S(N)(=O)=O)cc1S(N)(=O)=O,-1.2700000473032786,-1.9659996858492055,-0.6959996385459268,0.6959996385459268
CNCC(C)c1ccccc1,-1.0947000748808036,-1.2747873423334948,-0.1800872674526912,0.1800872674526912
CNCC(O)c1ccc(O)c(O)c1,-0.9600001227939479,-1.0137704813132493,-0.05377035851930145,0.05377035851930145
CNCC(O)c1cccc(O)c1,-0.30892486661840124,-0.8709986500366318,-0.5620737834182306,0.5620737834182306
CNC[C@H](O)c1ccc(O)c(O)c1,-1.5038500473750667,-1.0137704813132493,0.49007956606181735,0.49007956606181735
CNCc1ccccc1,0.9165997834163098,-0.8115622476653255,-1.7281620310816352,1.7281620310816352
CNP(=O)(OC)Oc1ccc(C(C)(C)C)cc1Cl,-3.163899869856888,-3.2014705013362366,-0.03757063147934847,0.03757063147934847
CNS(=O)(=O)c1cc(OC)c(N)cc1C,-2.576943403888755,-2.6975664548609113,-0.12062305097215642,0.12062305097215642
CNS(=O)(=O)c1cc(OC)c(N)cc1OC,-3.6510805554929453,-2.6809476437516797,0.9701329117412656,0.9701329117412656
CN[C@@H](C)[C@@H](O)c1ccccc1,-1.4051913252461725,-0.9171801484380588,0.4880111768081137,0.4880111768081137
CN[C@@H](C)[C@H](O)c1ccccc1,-0.20918462842834984,-0.9171802846148482,-0.7079956561864984,0.7079956561864984
CN[C@@H](Cc1ccc(O)cc1)C(=O)O,-2.1324999141427496,-1.3387958804078164,0.7937040337349333,0.7937040337349333
CNc1ccc(O)cc1,-0.8380792729749214,-0.9248729114462209,-0.0867936384712995,0.0867936384712995
CNc1ccc(S(=O)(=O)N(C)C)cc1,-3.0799998987936306,-2.2052209751124123,0.8747789236812182,0.8747789236812182
CNc1cccc(C)c1,-2.0499999979286034,-1.3644044703555411,0.6855955275730623,0.6855955275730623
CNc1ccccc1,-1.2803000511206717,-1.124995052857823,0.15530499826284871,0.15530499826284871
CNc1ccccc1C(=O)O,-2.8784000732519286,-1.7679446400118082,1.1104554332401204,1.1104554332401204
COC(=O)/C=C/c1ccccc1,-2.734347567359704,-3.2583791901433026,-0.5240316227835984,0.5240316227835984
COC(=O)C(=O)c1ccccc1,-1.914237390265918,-1.75723447170484,0.15700291856107795,0.15700291856107795
COC(=O)C(Cc1ccccc1)NC(=O)C(CC(=O)O)NC(=O)C(F)(F)F,-2.66000007890623,-2.20829189788944,0.45170818101679,0.45170818101679
COC(=O)C(Cl)Cc1ccc(Cl)cc1,-3.7655000387812656,-3.7146303820522824,0.05086965672898325,0.05086965672898325
COC(=O)C(N)Cc1ccc(O)c(O)c1,0.47999983842849403,-1.0750486747607517,-1.5550485131892458,1.5550485131892458
COC(=O)CCc1cc(C(C)(C)C)c(O)c(C(C)(C)C)c1,-5.12358271618287,-6.281931900729727,-1.1583491845468572,1.1583491845468572
COC(=O)CNC(=O)c1ccccc1,-1.055600041880068,-1.6754785573794033,-0.6198785154993354,0.6198785154993354
COC(=O)COc1ccc(Cl)cc1Cl,-2.9595999522132295,-3.816275120730033,-0.8566751685168037,0.8566751685168037
COC(=O)CS(=O)(=O)c1ccc(Br)cc1,-2.480000032687129,-2.818003624515581,-0.3380035918284521,0.3380035918284521
COC(=O)CS(=O)(=O)c1ccc(Cl)cc1,-2.3800001394039514,-2.696081651238042,-0.3160815118340907,0.3160815118340907
COC(=O)CS(=O)(=O)c1ccccc1,-1.1405999596818184,-1.931356446810891,-0.7907564871290726,0.7907564871290726
COC(=O)Cc1ccccc1,-2.2114016991398318,-1.937593071410346,0.2738086277294858,0.2738086277294858
COC(=O)NC(=S)Nc1ccccc1NC(=S)NC(=O)OC,-4.109700151144704,-4.1266463993439695,-0.01694624819926549,0.01694624819926549
COC(=O)NS(=O)(=O)c1ccc(N)cc1,-1.759999949943316,-2.309061768783899,-0.5490618188405829,0.5490618188405829
COC(=O)Oc1ccc(NC(C)=O)cc1,-1.6900000416671903,-2.4209216050508724,-0.7309215633836821,0.7309215633836821
COC(=O)c1c(C(=O)O)cccc1[N+](=O)[O-],-2.085299949533643,-1.726134144195501,0.3591658053381419,0.3591658053381419
COC(=O)c1c(C)cc(O)c(C)c1O,-4.037430720496978,-2.7911478594424337,1.2462828610545444,1.2462828610545444
COC(=O)c1c(Cl)c(Cl)c(C(=O)OC)c(Cl)c1Cl,-5.822099923122229,-4.994441772991577,0.8276581501306524,0.8276581501306524
COC(=O)c1c(Cl)c(Cl)c(Cl)c(Cl)c1C#N,-6.738767444263981,-6.131102216472653,0.6076652277913279,0.6076652277913279
COC(=O)c1cc(C(=O)O)cc([N+](=O)[O-])c1,-2.073730029067003,-2.378353285401735,-0.304623256334732,0.304623256334732
COC(=O)c1cc(C(=O)OC)cc(S(=O)(=O)[O-])c1,-0.9664820017910536,-0.7797336466864491,0.18674835510460452,0.18674835510460452
COC(=O)c1cc(Cl)cc(N)c1Cl,-3.2634000453893828,-3.8641818428759573,-0.6007817974865746,0.6007817974865746
COC(=O)c1cc(O)c(O)c(O)c1,-1.2399000744886335,-1.652498451820051,-0.41259837733141747,0.41259837733141747
COC(=O)c1cc(O)c(OC)c(O)c1,-1.6000001206902317,-1.979912187534941,-0.37991206684470935,0.37991206684470935
COC(=O)c1cc([N+](=O)[O-])ccc1C(=O)[O-],-1.7210000068827656,-2.020721034977055,-0.29972102809428947,0.29972102809428947
COC(=O)c1ccc(C(=O)O)cc1,-2.9700000119266106,-2.51635096270831,0.4536490492183005,0.4536490492183005
COC(=O)c1ccc(C(=O)O)cc1[N+](=O)[O-],-2.6570017383579354,-2.329927525423136,0.3270742129347992,0.3270742129347992
COC(=O)c1ccc(C(=O)OC)c(N)c1,-3.7185036584722635,-2.7774597430613785,0.941043915410885,0.941043915410885
COC(=O)c1ccc(C(=O)OC)c([N+](=O)[O-])c1,-2.835904829472385,-3.1645470500483572,-0.32864222057597203,0.32864222057597203
COC(=O)c1ccc(C(=O)OC)cc1,-3.796856106301037,-2.8055424950509247,0.9913136112501122,0.9913136112501122
COC(=O)c1ccc(C(C)(C)C)cc1,-3.7398163473342048,-4.527102505163035,-0.7872861578288304,0.7872861578288304
COC(=O)c1ccc(C)cc1,-2.5767202441751786,-2.584761960206095,-0.008041716030916302,0.008041716030916302
COC(=O)c1ccc(N(C)C)cc1,-3.0499999302767367,-2.381646652964194,0.6683532773125425,0.6683532773125425
COC(=O)c1ccc(N)cc1,-1.597399961074048,-1.9020861310854678,-0.30468617001141984,0.30468617001141984
COC(=O)c1ccc(NC(C)=O)cc1,-1.9000000388491463,-2.174618578033396,-0.2746185391842497,0.2746185391842497
COC(=O)c1ccc(O)c(Br)c1,-3.1700000538244457,-2.78211159325247,0.3878884605719759,0.3878884605719759
COC(=O)c1ccc(O)c(Cl)c1,-2.872999897559065,-2.597412647761551,0.27558724979751403,0.27558724979751403
COC(=O)c1ccc(O)c(I)c1,-3.3138000624160346,-3.1584288652114547,0.15537119720457992,0.15537119720457992
COC(=O)c1ccc(O)cc1,-1.8270000197264642,-1.7619529974564254,0.06504702227003878,0.06504702227003878
COC(=O)c1ccc(OC(C)=O)cc1,-2.5000000113437646,-2.377365527060057,0.12263448428370749,0.12263448428370749
COC(=O)c1ccc(OC)cc1,-2.3399999097371014,-2.5326684826710655,-0.1926685729339641,0.1926685729339641
COC(=O)c1ccc([N+](=O)[O-])cc1,-3.039999940150508,-3.1801741026227233,-0.14017416247221526,0.14017416247221526
COC(=O)c1ccc([N+](=O)[O-])cc1C(=O)[O-],-2.0557999716529514,-2.044647092603749,0.011152879049202369,0.011152879049202369
COC(=O)c1ccc([O-])cc1,0.3803001809216746,-0.9351537143363133,-1.315453895257988,1.315453895257988
COC(=O)c1cccc(C(=O)OC)c1,-2.8258199509379955,-2.2390177392280184,0.5868022117099772,0.5868022117099772
COC(=O)c1ccccc1,-1.811798332375786,-1.7982449288836129,0.013553403492173155,0.013553403492173155
COC(=O)c1ccccc1C,-1.756647685919455,-2.212829921306719,-0.456182235387264,0.456182235387264
COC(=O)c1ccccc1C(=O)OC,-1.6861579497319743,-1.981745127119828,-0.2955871773878538,0.2955871773878538
COC(=O)c1ccccc1N,-1.7338470613684893,-1.8929332805417067,-0.1590862191732174,0.1590862191732174
COC(=O)c1ccccc1O,-1.3130000473747114,-1.7055251488926162,-0.39252510151790476,0.39252510151790476
COC(=O)c1ccccc1OC(C)=O,-1.8400000007466475,-1.9354365076855267,-0.09543650693887917,0.09543650693887917
COC(C)C(NC(=O)c1ccccc1)C(=O)O,-1.7400000734192727,-1.16979204184175,0.5702080315775226,0.5702080315775226
COC(CC(=O)O)c1ccccc1,-1.69519995236919,-1.2658985385843176,0.4293014137848725,0.4293014137848725
COC(Cc1ccccc1)OC,-1.6296187085544627,-1.7629662889461093,-0.13334758039164663,0.13334758039164663
COCC(=O)N(c1c(C)cccc1C)C(C)C(=O)OC,-1.6000001206902317,-1.7575207153160906,-0.15752059462585888,0.15752059462585888
COCC(=O)c1ccccc1,-0.7616000730606878,-1.4090620143071557,-0.6474619412464679,0.6474619412464679
COCC(C)OC(=O)Oc1ccc(NC(C)=O)cc1,-2.480000032687129,-2.3557865444865076,0.12421348820062139,0.12421348820062139
COCC(NC(C)=O)C(=O)NCc1ccccc1,-3.398457257283144,-1.3556092200606593,2.042848037222485,2.042848037222485
COCCCCC(=O)c1ccc(C(F)(F)F)cc1,-3.54405972739195,-4.180357929490264,-0.6362982020983141,0.6362982020983141
COCCN(C(=O)CCl)c1c(C)cccc1C,-2.0899999552418747,-2.4894296965994767,-0.399429741357602,0.399429741357602
COCCN(CCOC)C(=O)COC(=O)c1ccccc1,-1.5700001016389824,-1.4082836277791309,0.16171647385985155,0.16171647385985155
COCCOC(=O)Oc1ccc(NC(C)=O)cc1,-1.6900000416671903,-2.049387951348791,-0.35938790968160084,0.35938790968160084
COCCOC(=O)c1ccccc1C(=O)OCCOC,-1.5213000135182029,-1.5535850790950396,-0.03228506557683675,0.03228506557683675
COCCc1ccc(OCC(O)CNC(C)C)cc1,-1.1992001003896187,-1.1223135956983867,0.07688650469123193,0.07688650469123193
COCOC(=O)c1ccccc1O,-2.29999995242383,-1.8770282400739453,0.42297171234988484,0.42297171234988484
COCc1ccc(O)c(OC)c1,-1.893447620275148,-1.3689840957819717,0.5244635244931763,0.5244635244931763
COCc1ccccc1,-1.609799947160278,-1.5816120326451426,0.02818791451513536,0.02818791451513536
CON(C)C(=O)Nc1ccc(Br)c(Cl)c1,-3.923599929469094,-3.6945547912333505,0.22904513823574346,0.22904513823574346
CON(C)C(=O)Nc1ccc(Br)cc1,-2.8949999728095364,-2.9059078187483705,-0.010907845938834093,0.010907845938834093
CON(C)C(=O)Nc1ccc(Cl)c(Cl)c1,-3.521300023966189,-3.57894559942472,-0.057645575458530995,0.057645575458530995
CON(C)C(=O)Nc1ccc(Cl)cc1,-2.47000006038091,-2.8752621855387295,-0.4052621251578197,0.4052621251578197
CONC(=O)c1ccc([N+](=O)[O-])cc1,-2.2800000078113922,-2.6039320434641273,-0.3239320356527351,0.3239320356527351
COP(=O)(OC)O/C(=C/Cl)c1cc(Cl)c(Cl)cc1Cl,-4.5220999146288285,-4.207110472557071,0.3149894420717576,0.3149894420717576
COP(=O)(OC)O/C(=C\Cl)c1cc(Cl)c(Cl)cc1Cl,-4.519999932359992,-4.207110472557071,0.31288945980292127,0.31288945980292127
COP(=O)(OC)O/C(=C\Cl)c1ccc(Cl)cc1Cl,-3.4065999484033767,-3.6484727018881618,-0.2418727534847851,0.2418727534847851
COP(=O)(OC)O/C(C)=C/C(=O)OC(C)c1ccccc1,-2.4972998979641847,-2.130644505387617,0.3666553925765679,0.3666553925765679
COP(=O)(OC)OC(=CCl)c1cc(Cl)c(Cl)cc1Cl,-4.519999932359992,-4.207110472557071,0.31288945980292127,0.31288945980292127
COP(=S)(NC(C)C)Oc1ccc(Cl)cc1Cl,-4.7981999891930025,-4.555068451511501,0.2431315376815011,0.2431315376815011
COP(=S)(OC)Oc1c(Cl)cc(C)cc1Cl,-5.437399676098174,-5.248920650177496,0.1884790259206781,0.1884790259206781
COP(=S)(OC)Oc1cc(Cl)c(Br)cc1Cl,-6.086400006534127,-5.605201890674861,0.4811981158592662,0.4811981158592662
COP(=S)(OC)Oc1cc(Cl)c(Cl)cc1Cl,-5.507199540670718,-5.483130020796425,0.024069519874292844,0.024069519874292844
COP(=S)(OC)Oc1cc(Cl)c(I)cc1Cl,-6.615999983345457,-5.589212829128059,1.0267871542173976,1.0267871542173976
COP(=S)(OC)Oc1ccc(C#N)cc1,-3.7232000554955764,-3.77079146028572,-0.04759140479014379,0.04759140479014379
COP(=S)(OC)Oc1ccc(SC)c(C)c1,-4.5694999229415165,-4.861167864242978,-0.2916679413014611,0.2916679413014611
COP(=S)(OC)Oc1ccc([N+](=O)[O-])c(C)c1,-4.039999899893582,-4.240378326022773,-0.2003784261291912,0.2003784261291912
COP(=S)(OC)Oc1ccc([N+](=O)[O-])c(Cl)c1,-3.8717000272401503,-4.4906400803955595,-0.6189400531554092,0.6189400531554092
COP(=S)(OC)Oc1ccc([N+](=O)[O-])cc1,-3.680000011720563,-3.9464053882960823,-0.26640537657551944,0.26640537657551944
COP(=S)(OC)Oc1ccc([N+](=O)[O-])cc1Cl,-4.679999761613076,-4.353325670129636,0.32667409148344007,0.32667409148344007
COP(=S)(OC)SCC(=O)N(c1ccc(Cl)cc1)C(C)C,-4.432099721298291,-4.655810678517719,-0.2237109572194278,0.2237109572194278
COP(=S)(OC)SCSc1ccc(Cl)cc1,-5.2938998437055975,-5.3693989792667525,-0.07549913556115495,0.07549913556115495
COS(=O)(=O)c1ccc(C(=O)O)cc1,-3.0499999302767367,-2.34931045300295,0.7006894772737868,0.7006894772737868
COS(=O)(=O)c1ccccc1,-1.7419000119845285,-1.7234925868353492,0.018407425149179257,0.018407425149179257
COc1c(C(=O)O)cc(C(=O)O)cc1C(=O)O,-1.5354000306428974,-1.3742085183060577,0.1611915123368397,0.1611915123368397
COc1c(C(=O)O)cccc1C(=O)O,-2.292599901424414,-1.5322438611957259,0.760356040228688,0.760356040228688
COc1c(Cl)c(Cl)c(Cl)c(Cl)c1OC,-5.239399849948864,-5.483242775178022,-0.24384292522915807,0.24384292522915807
COc1c(Cl)c(Cl)cc(Cl)c1Cl,-5.130699996079165,-5.226950295511305,-0.09625029943213992,0.09625029943213992
COc1c(Cl)cc(Cl)c(Cl)c1Cl,-5.130000047381816,-5.367538804323992,-0.2375387569421763,0.2375387569421763
COc1c(Cl)cc(Cl)c(OC)c1O,-2.9600000225982925,-2.7282798360232623,0.23172018657503024,0.23172018657503024
COc1c(Cl)cc(Cl)cc1Cl,-4.199999729146666,-4.255657225613023,-0.05565749646635698,0.05565749646635698
COc1c(Cl)ccc(Cl)c1C(=O)O,-1.7000000480176067,-2.3759507863953178,-0.675950738377711,0.675950738377711
COc1c(Cl)cccc1Cl,-3.101900075602527,-2.974574526467915,0.12732554913461192,0.12732554913461192
COc1c(O)c(Cl)c(Cl)c(Cl)c1Cl,-4.019999955281143,-4.031523779904583,-0.01152382462343926,0.01152382462343926
COc1c(O)c(OC)c(Cl)c(Cl)c1Cl,-3.410000044524503,-3.433892602661013,-0.023892558136509923,0.023892558136509923
COc1c(O)cc(Cl)c(Cl)c1Cl,-2.871200065956093,-3.0313796826153396,-0.16017961665924663,0.16017961665924663
COc1c(O)ccc(C=O)c1C,-1.3755000189764195,-1.9206321842062233,-0.5451321652298038,0.5451321652298038
COc1c(O)ccc(C=O)c1N,-0.2232002159436366,-1.23745270523012,-1.0142524892864835,1.0142524892864835
COc1c([N+](=O)[O-])cc([N+](=O)[O-])cc1[N+](=O)[O-],-3.0850000168680047,-2.8888808687793057,0.196119148088699,0.196119148088699
COc1cc(/C=C/C(=O)O)cc(OC)c1OC,-2.8304700648750223,-2.504736648608336,0.3257334162666865,0.3257334162666865
COc1cc(/C=C/C(=O)O)ccc1O,-3.0499999302767367,-2.5318122030195225,0.5181877272572142,0.5181877272572142
COc1cc(C(=O)CO)ccc1O,-1.779999962644149,-1.3792734778097941,0.4007264848343548,0.4007264848343548
COc1cc(C(=O)O)c(C(=O)O)cc1O,-1.2100001453775693,-1.6083572902537182,-0.3983571448761489,0.3983571448761489
COc1cc(C(=O)O)ccc1C(=O)O,-1.9916000371011735,-2.254115319423225,-0.26251528232205135,0.26251528232205135
COc1cc(C(=O)O)ccc1O,-2.0495999105214415,-1.8910002510166344,0.15859965950480714,0.15859965950480714
COc1cc(C(=O)[O-])c([N+](=O)[O-])cc1OC,-0.7543000439130614,-2.17108220299031,-1.4167821590772487,1.4167821590772487
COc1cc(C(C)=O)ccc1O,-1.5216000109851795,-1.6915057484272273,-0.16990573744204784,0.16990573744204784
COc1cc(C=O)c(C)cc1O,-2.7434999753288998,-2.173345325052809,0.5701546502760908,0.5701546502760908
COc1cc(C=O)cc(Cl)c1O,-2.87470004775222,-2.3782652471074086,0.4964348006448116,0.4964348006448116
COc1cc(C=O)cc(OC)c1OC,-2.119499933122566,-1.8895630411816493,0.22993689194091682,0.22993689194091682
COc1cc(C=O)cc([N+](=O)[O-])c1O,-2.4496898369538975,-2.4137369857322355,0.03595285122166203,0.03595285122166203
COc1cc(C=O)ccc1O,-1.2280266840468876,-1.5077964507309383,-0.2797697666840506,0.2797697666840506
COc1cc(C=O)ccc1OC(=O)C(C)C,-2.5886676126577486,-2.8035482370369333,-0.21488062437918476,0.21488062437918476
COc1cc(CC(C(C)=O)C(C)=O)ccc1O,-1.786365955193503,-1.8386401393280232,-0.05227418413452023,0.05227418413452023
COc1cc(CN)ccc1O,0.018846128903394543,-0.468492198388454,-0.48733832729184856,0.48733832729184856
COc1cc(Cl)c(Cl)c(Cl)c1Cl,-5.260499898754208,-5.787480515022054,-0.5269806162678456,0.5269806162678456
COc1cc(Cl)c(Cl)c(Cl)c1O,-3.6600000671081245,-3.322394162570922,0.3376059045372024,0.3376059045372024
COc1cc(Cl)c(Cl)c(Cl)c1OC,-4.37009992704393,-4.594431169538927,-0.2243312424949968,0.2243312424949968
COc1cc(Cl)c(Cl)cc1O,-2.5299999623066194,-2.495809034474189,0.034190927832430607,0.034190927832430607
COc1cc(Cl)c(Cl)cc1OC,-3.4588000523644813,-3.756350524568844,-0.2975504722043629,0.2975504722043629
COc1cc(Cl)c(OC)cc1Cl,-4.412999973351967,-3.760180360593017,0.6528196127589503,0.6528196127589503
COc1cc(Cl)c(OC)cc1N,-3.0061213776695905,-2.5221424253833225,0.4839789522862681,0.4839789522862681
COc1cc(Cl)ccc1O,-1.50130000081737,-1.8855539965026689,-0.38425399568529883,0.38425399568529883
COc1cc(NC(=O)CC(C)=O)c(OC)cc1Cl,-2.9792446881816517,-2.9942716436894727,-0.015026955507821071,0.015026955507821071
COc1cc(OC)cc(OC)c1,-2.6800000575628657,-2.192116137964416,0.4878839195984499,0.4878839195984499
COc1cc(S(=O)(=O)[O-])c(C)cc1NC(=O)CC(C)=O,-0.20187629249657268,-0.9877857710732916,-0.7859094785767189,0.7859094785767189
COc1cc([N+](=O)[O-])c(OC)cc1Cl,-3.179312443988,-3.5319987193786533,-0.3526862753906532,0.3526862753906532
COc1cc([N+](=O)[O-])ccc1N,-3.204512809965398,-2.54935667585448,0.6551561341109182,0.6551561341109182
COc1ccc(/C=C/C(=O)O)cc1,-2.3984000748297154,-2.7807699795236207,-0.3823699046939053,0.3823699046939053
COc1ccc(/C=C/C(=O)OCCC(C)C)cc1,-5.491925134914518,-5.1136265587586305,0.37829857615588747,0.37829857615588747
COc1ccc(C(=O)CCC(=O)O)cc1,-1.0632000684946707,-2.1266147618366524,-1.0634146933419817,1.0634146933419817
COc1ccc(C(=O)NCO)cc1,-1.2200000155511965,-1.3176345520472572,-0.09763453649606069,0.09763453649606069
COc1ccc(C(=O)NN)cc1,-1.1499999710982813,-1.5421353346450162,-0.39213536354673484,0.39213536354673484
COc1ccc(C(=O)O)cc1,-2.4579999574366576,-2.1901014704541177,0.2678984869825398,0.2678984869825398
COc1ccc(C(=O)O)cc1C(=O)O,-3.116499878566299,-2.201819347002406,0.9146805315638931,0.9146805315638931
COc1ccc(C(=O)O)cc1[N+](=O)[O-],-2.6613194958184123,-2.410183520502084,0.25113597531632825,0.25113597531632825
COc1ccc(C(N)=O)cc1,-1.7200000607184396,-1.5587105010932554,0.1612895596251842,0.1612895596251842
COc1ccc(C)cc1,-2.3395421514596424,-2.463505721207577,-0.12396356974793443,0.12396356974793443
COc1ccc(C)cc1N,-1.660175963027804,-1.4544031657413954,0.20577279728640852,0.20577279728640852
COc1ccc(C)cc1NC(C)=O,-1.9311647779798562,-1.9681485555854255,-0.03698377760556926,0.03698377760556926
COc1ccc(C)cc1S(N)(=O)=O,-1.5299999400605273,-2.001440103812478,-0.4714401637519505,0.4714401637519505
COc1ccc(C=O)c(C(=O)O)c1OC,-1.9247000572582107,-1.9978192991599841,-0.07311924190177344,0.07311924190177344
COc1ccc(C=O)cc1,-1.5015999982843466,-1.6835255162167104,-0.18192551793236378,0.18192551793236378
COc1ccc(C=O)cc1O,-1.8262432853079487,-1.575878308928822,0.2503649763791267,0.2503649763791267
COc1ccc(C=O)cc1OC,-1.4198999164425508,-1.6933539398125237,-0.27345402336997293,0.27345402336997293
COc1ccc(CC(C)C=O)cc1,-2.246661887122376,-2.545677519447742,-0.2990156323253661,0.2990156323253661
COc1ccc(CCC#N)cc1OC,-1.9013447846441507,-2.260608773447427,-0.35926398880327626,0.35926398880327626
COc1ccc(CCC(=O)O)cc1,-2.2144000396881265,-2.0073518786808964,0.2070481610072301,0.2070481610072301
COc1ccc(CO)cc1,-0.7447270879741019,-0.9423473894114434,-0.19762030143734144,0.19762030143734144
COc1ccc(COC(C)=O)cc1,-2.474006653877682,-2.1876061669657467,0.2864004869119352,0.2864004869119352
COc1ccc(Cl)c(Cl)c1Cl,-4.291799907279064,-4.398890968559174,-0.10709106128011037,0.10709106128011037
COc1ccc(Cl)c(OC)c1O,-1.5599999591117766,-2.1487775343062205,-0.588777575194444,0.588777575194444
COc1ccc(Cl)cc1,-2.779325467208306,-2.995107275535328,-0.21578180832702198,0.21578180832702198
COc1ccc(N(C)C(N)=O)cc1,-1.1599999774486978,-1.2419815367141165,-0.08198155926541872,0.08198155926541872
COc1ccc(N)c([N+](=O)[O-])c1,-1.2257021462523838,-2.9313667418935307,-1.705664595641147,1.705664595641147
COc1ccc(N)cc1,-0.7480293751162645,-1.1118452773693352,-0.3638159022530707,0.3638159022530707
COc1ccc(NC(=O)CC(C)=O)cc1,-1.9014772165718108,-2.1675416064667536,-0.26606438989494285,0.26606438989494285
COc1ccc(NC(=O)N(C)C)cc1Cl,-2.5639999021919615,-2.818241423234014,-0.25424152104205255,0.25424152104205255
COc1ccc(NC(C)=O)cc1,-1.2999999301777385,-1.8359765213279942,-0.5359765911502556,0.5359765911502556
COc1ccc(NC(N)=O)cc1,-1.5917000092014904,-1.7530710025467167,-0.1613709933452263,0.1613709933452263
COc1ccc(NCC(O)CO)cc1,-0.29500024519841217,-0.9483620458442292,-0.6533618006458171,0.6533618006458171
COc1ccc(O)c(C(C)(C)C)c1,-2.927488307777652,-3.3353327448811996,-0.40784443710354745,0.40784443710354745
COc1ccc(O)c([N+](=O)[O-])c1,-2.840899930283176,-2.5697424093111962,0.27115752097197987,0.27115752097197987
COc1ccc(O)cc1,-0.4919001714199993,-0.9641851078847914,-0.4722849364647921,0.4722849364647921
COc1ccc(OC)c(C=O)c1,-2.3201999407398493,-1.7835558109681144,0.5366441297717348,0.5366441297717348
COc1ccc(OC)c(Cl)c1,-2.6724023799978793,-3.0138073786490556,-0.34140499865117624,0.34140499865117624
COc1ccc(OC)c(N)c1,-1.858869065211783,-1.3716991886083818,0.48716987660340116,0.48716987660340116
COc1ccc(OC)c(NC(C)=O)c1,-1.5915499423796073,-2.20486085559293,-0.6133109132133225,0.6133109132133225
COc1ccc(OC)c([N+](=O)[O-])c1,-3.017325142155007,-3.0195028792428102,-0.002177737087803333,0.002177737087803333
COc1ccc(OC)cc1,-2.2455315516822307,-2.2554429069427693,-0.009911355260538546,0.009911355260538546
COc1ccc(S(=O)(=O)O)cc1N,-0.8997245990465585,-1.4953752210655666,-0.5956506220190081,0.5956506220190081
COc1ccc(S(=O)(=O)[O-])cc1N,-1.5043502247224136,-1.2816541931141427,0.2226960316082709,0.2226960316082709
COc1ccc([N+](=O)[O-])cc1,-2.4142000549044798,-3.0253217134524855,-0.6111216585480057,0.6111216585480057
COc1ccc([N+](=O)[O-])cc1N,-1.8832792994130731,-2.589125404979405,-0.7058461055663316,0.7058461055663316
COc1ccc([N+](=O)[O-])cc1OC(C)=O,-2.946603996919382,-2.8606023796771423,0.08600161724223954,0.08600161724223954
COc1ccc([N+](=O)[O-])cc1[N+](=O)[O-],-3.1070000878629513,-2.860145778902393,0.24685430896055838,0.24685430896055838
COc1ccc([NH2+]CCO)cc1[NH3+],-0.5343423913621823,0.0755166445058566,0.6098590358680389,0.6098590358680389
COc1cccc(C(=O)NCO)c1,-1.2900000600041115,-1.264394874476121,0.025605185527990404,0.025605185527990404
COc1cccc(C(=O)O)c1,-1.9299999898120008,-1.8595976110348993,0.07040237877710154,0.07040237877710154
COc1cccc(C(=O)O)c1OC,-2.140000123170746,-1.7283004445607597,0.41169967860998646,0.41169967860998646
COc1cccc(C(C)=O)c1,-1.8691073809435927,-1.4528704959770637,0.416236884966529,0.416236884966529
COc1cccc(C(N)=O)c1,-1.7200000607184396,-1.2801536610721016,0.439846399646338,0.439846399646338
COc1cccc(Cl)c1,-2.7829999765821065,-2.6652148669224682,0.11778510965963829,0.11778510965963829
COc1cccc(Cl)c1Cl,-3.308999983789717,-3.193582001215457,0.11541798257425961,0.11541798257425961
COc1cccc(OC)c1O,-0.9524999137659513,-1.038132781284682,-0.08563286751873056,0.08563286751873056
COc1cccc(OCC(O)CO)c1OC,-2.9999999799115638,-1.162394646289726,1.8376053336218376,1.8376053336218376
COc1cccc([N+](=O)[O-])c1,-2.4860999698342563,-2.510061297249396,-0.023961327415139788,0.023961327415139788
COc1ccccc1,-1.8500000070970641,-2.081105840597912,-0.231105833500848,0.231105833500848
COc1ccccc1C,-2.68908332176726,-2.070142111109141,0.6189412106581189,0.6189412106581189
COc1ccccc1C(=O)O,-1.6000001206902317,-1.7314240677552726,-0.1314239470650409,0.1314239470650409
COc1ccccc1C(N)=O,-1.7814999499790325,-1.2439503807347925,0.53754956924424,0.53754956924424
COc1ccccc1Cl,-2.4639000891895853,-2.3902406339643907,0.07365945522519457,0.07365945522519457
COc1ccccc1N,-0.9443241316859026,-1.073264486466458,-0.12894035478055543,0.12894035478055543
COc1ccccc1NC(=O)CC(C)=O,-1.8059055541694842,-1.782276702385585,0.023628851783899174,0.023628851783899174
COc1ccccc1O,-0.8221000161569547,-0.8011360079641889,0.020964008192765782,0.020964008192765782
COc1ccccc1OC,-1.3149750193509089,-1.3486594376152867,-0.03368441826437785,0.03368441826437785
COc1ccccc1OCC(O)CO,-0.7300001129111591,-1.1103698018565378,-0.3803696889453787,0.3803696889453787
COc1ccccc1OCC(O)COC(N)=O,-1.5251000268255042,-1.272346237207292,0.25275378961821215,0.25275378961821215
COc1ccccc1[N+](=O)[O-],-1.957200077897064,-2.220713604173574,-0.26351352627651026,0.26351352627651026
CS(=O)(=O)N(SC(Cl)(Cl)C(F)(Cl)Cl)c1ccccc1,-5.148499800394186,-5.225415719271922,-0.07691591887773619,0.07691591887773619
CS(=O)(=O)c1ccc(C(=N)N)cc1,-1.3799999809810701,-2.039846452248175,-0.659846471267105,0.659846471267105
CS(=O)(=O)c1ccc(C(O)C(CO)NC(=O)C(Cl)Cl)cc1,-2.1500001295211626,-1.811908771751963,0.3380913577691995,0.3380913577691995
CSCOC(=O)c1ccccc1OC(C)=O,-2.6403999153031776,-2.8704936148170512,-0.2300936995138736,0.2300936995138736
CSc1cc(O)cc(O)c1,-1.7956999208671227,-1.2031169533821973,0.5925829674849254,0.5925829674849254
CSc1cc(SC)c(N)c(C)c1N,-2.8569254701874294,-3.0547163330534537,-0.19779086286602432,0.19779086286602432
CSc1ccccc1,-2.390000077665973,-2.4033814217847804,-0.013381344118807537,0.013381344118807537
C[C@@H](Oc1cc(Cl)c(Cl)cc1Cl)C(=O)O,-3.1294998851196305,-2.9570328580237137,0.17246702709591677,0.17246702709591677
C[C@@H](Oc1ccc(Cl)cc1Cl)C(=O)O,-2.6003000723149055,-2.6616289916164475,-0.06132891930154205,0.06132891930154205
C[C@H](N)[C@@H](O)c1ccccc1,-0.8786001745959178,-0.7864308211875448,0.09216935340837296,0.09216935340837296
C[C@H](N)c1ccccc1,-0.4601924954300807,-0.5240632225935626,-0.06387072716348197,0.06387072716348197
C[C@H](O)C(=O)Nc1c(I)c(C(=O)NC(CO)CO)c(I)c(C(=O)NC(CO)CO)c1I,-0.744300037562645,-0.766779421067493,-0.022479383504848016,0.022479383504848016
C[C@](N)(Cc1ccc(O)c(O)c1)C(=O)O,-1.3247000847635924,-1.0133197361404425,0.3113803486231499,0.3113803486231499
C[N+](C)(C)c1ccccc1,0.2877473536744426,0.2808527228287634,-0.006894630845679206,0.006894630845679206
Cc1c(C(N)=O)cc([N+](=O)[O-])cc1[N+](=O)[O-],-2.352499985763517,-2.6536511424997444,-0.3011511567362275,0.3011511567362275
Cc1c(C)c(C)c(C)c(C)c1C,-5.229999974709191,-5.045064813555015,0.18493516115417563,0.18493516115417563
Cc1c(Cl)c(O)c(Cl)c(Cl)c1Cl,-4.602099829255371,-4.617253173845823,-0.015153344590451923,0.015153344590451923
Cc1c(Cl)cc(Cl)c(O)c1Cl,-3.2760998927658003,-3.094388206436941,0.18171168632885948,0.18171168632885948
Cc1c(Cl)cccc1Cl,-3.7919361069895823,-3.8389751106336565,-0.04703900364407421,0.04703900364407421
Cc1c(Cl)cccc1[N+](=O)[O-],-3.27068635472548,-3.240567180983534,0.03011917374194617,0.03011917374194617
Cc1c(N)cccc1Cl,-2.151066325693516,-2.093618717242528,0.057447608450988064,0.057447608450988064
Cc1c(O)cccc1O,0.1927724860515192,-0.06710348582740489,-0.2598759718789241,0.2598759718789241
Cc1c([N+](=O)[O-])cc([N+](=O)[O-])c(O)c1[N+](=O)[O-],-2.043400053655116,-2.911624043747257,-0.8682239900921411,0.8682239900921411
Cc1c([N+](=O)[O-])cc([N+](=O)[O-])cc1[N+](=O)[O-],-3.242299996584039,-3.0658390148996135,0.17646098168442537,0.17646098168442537
Cc1c([N+](=O)[O-])cccc1[N+](=O)[O-],-3.000299909290146,-2.7850109673190917,0.2152889419710542,0.2152889419710542
Cc1cc(C(=O)CC(C)C)ccc1O,-1.9800000215640832,-3.1574696529292483,-1.1774696313651651,1.1774696313651651
Cc1cc(C(C)(C)C)c(O)c(C(C)(C)C)c1,-5.462311040884336,-4.986822817803251,0.4754882230810846,0.4754882230810846
Cc1cc(C(C)(C)C)c(O)c(C)c1CC#N,-4.257902508516114,-4.582066589417932,-0.32416408090181825,0.32416408090181825
Cc1cc(C(C)(C)C)cc(C)c1CC#N,-4.701811742673233,-4.617261616806764,0.08455012586646937,0.08455012586646937
Cc1cc(C)c(C(=O)O)c(C)c1,-2.3566000646261895,-2.8094551095409344,-0.4528550449147448,0.4528550449147448
Cc1cc(C)c(C)c(C)c1C,-3.9806999466652213,-4.3469299910401995,-0.3662300443749782,0.3662300443749782
Cc1cc(C)c(C)c(O)c1,-2.2522029887701365,-1.8237542459518885,0.42844874281824796,0.42844874281824796
Cc1cc(C)c(C)cc1C,-3.8399998409736473,-3.680426381248073,0.15957345972557446,0.15957345972557446
Cc1cc(C)c(CC(C)(C)C(=O)NO)c(C)c1,-3.5199999441580974,-3.254873591054614,0.2651263531034833,0.2651263531034833
Cc1cc(C)c(N)c(C)c1N,-0.8207164599769801,-1.3445873430828288,-0.5238708831058487,0.5238708831058487
Cc1cc(C)c(N)c(S(=O)(=O)O)c1,-1.8195435234478547,-1.53775071438096,0.28179280906689486,0.28179280906689486
Cc1cc(C)c(N)cc1C,-1.9549000519246462,-2.1090813874100287,-0.1541813354853825,0.1541813354853825
Cc1cc(C)c(O)c(C(C)(C)C)c1,-3.1719090651682933,-3.605615891710749,-0.43370682654245574,0.43370682654245574
Cc1cc(C)c(O)c(C)c1,-2.0550000691922063,-1.8205534105178045,0.23444665867440184,0.23444665867440184
Cc1cc(C)c(OCC(=O)O)c(Br)c1,-3.123399947972503,-3.0553052359623605,0.06809471201014272,0.06809471201014272
Cc1cc(C)c([PH](=O)O)c(C)c1,-2.7895998868113967,-2.5773343334068315,0.2122655534045652,0.2122655534045652
Cc1cc(C)cc(C(=O)Cl)c1,-3.3292896274994357,-3.849616101131626,-0.5203264736321902,0.5203264736321902
Cc1cc(C)cc(C)c1,-3.3826570048548015,-3.3172933545273846,0.06536365032741687,0.06536365032741687
Cc1cc(C)cc(N)c1,-1.4022004744212933,-1.4798551523813475,-0.07765467796005421,0.07765467796005421
Cc1cc(C)cc(O)c1,-1.6841468909065944,-1.40383323412581,0.28031365678078446,0.28031365678078446
Cc1cc(C)cc(OCC(=O)O)c1,-2.3527000294670977,-2.4306093580232693,-0.07790932855617161,0.07790932855617161
Cc1cc(Cl)c(O)c(Cl)c1,-1.4202000500863168,-2.2042259994008986,-0.7840259493145818,0.7840259493145818
Cc1cc(Cl)cc(C)c1O,-1.6763001119496577,-2.243296073507973,-0.5669959615583153,0.5669959615583153
Cc1cc(Cl)cc(Cl)c1O,-2.043900026737279,-2.277952181252883,-0.23405215451560402,0.23405215451560402
Cc1cc(Cl)ccc1N=CN(C)C,-2.8800000994607013,-3.351903553672179,-0.4719034542114775,0.4719034542114775
Cc1cc(Cl)ccc1NC(=S)N(C)C,-3.660399882161708,-3.870612110869893,-0.21021222870818512,0.21021222870818512
Cc1cc(Cl)ccc1O,-1.5520001174435907,-1.488921939194228,0.06307817824936257,0.06307817824936257
Cc1cc(Cl)ccc1OC(C)C(=O)O,-2.4660308474128194,-2.7929413418026017,-0.32691049438978226,0.32691049438978226
Cc1cc(Cl)ccc1OCC(=O)O,-2.503000020057729,-2.6585016916486217,-0.1555016715908928,0.1555016715908928
Cc1cc(Cl)ccc1OCC(O)=S,-3.160000055985079,-2.931822738383777,0.22817731760130178,0.22817731760130178
Cc1cc(Cl)ccc1OCCCC(=O)O,-3.677999915126727,-3.216575281879181,0.461424633247546,0.461424633247546
Cc1cc(Cl)ccc1O[C@H](C)C(=O)O,-2.397200084961809,-2.792941324780503,-0.3957412398186939,0.3957412398186939
Cc1cc(N)c(S(=O)(=O)O)cc1Cl,-2.345697138073872,-1.9110889828957403,0.43460815517813156,0.43460815517813156
Cc1cc(N)ccc1N,-1.0742662029290457,-0.7099930190172792,0.36427318391176655,0.36427318391176655
Cc1cc(O)c(C(=O)O)c(O)c1,-2.0495999105214415,-1.6947588757484287,0.3548410347730129,0.3548410347730129
Cc1cc(O)c(C(=O)O)cc1Cl,-3.1247999389887444,-2.3901856185414863,0.7346143204472582,0.7346143204472582
Cc1cc(O)c(C(C)C)cc1C(=O)CCl,-2.5799999259703066,-3.896825053408831,-1.3168251274385243,1.3168251274385243
Cc1cc(O)c(C(C)C)cc1Cl,-2.26640009994565,-3.457198238835348,-1.190798138889698,1.190798138889698
Cc1cc(O)c(C)c(C)c1O,-1.6383266695273597,-1.5395007223011223,0.09882594722623739,0.09882594722623739
Cc1cc(O)c(Cl)c(C)c1Cl,-2.9800998954409788,-2.979197988053948,0.0009019073870306649,0.0009019073870306649
Cc1cc(O)c([N+](=O)[O-])cc1Cl,-4.390099939744763,-3.0695795615052077,1.3205203782395554,1.3205203782395554
Cc1cc(O)cc(C)c1Cl,-2.6700000512124493,-1.9574528220181302,0.7125472291943191,0.7125472291943191
Cc1cc(O)ccc1C(C)C,-2.854511242955028,-2.2275622072644468,0.6269490356905814,0.6269490356905814
Cc1cc(O)ccc1Cl,-1.570400052869355,-1.3058950233894597,0.2645050294798952,0.2645050294798952
Cc1cc(O)ccc1N,-1.7894220347004894,-0.8612219736207782,0.9282000610797112,0.9282000610797112
Cc1cc(O)ccc1O,-0.20741759840951657,-0.06393002192798347,0.1434875764815331,0.1434875764815331
Cc1cc(O)ccc1S(=O)(=O)O,-0.29000010584641434,-1.1813036105541461,-0.8913035047077318,0.8913035047077318
Cc1cc(O)ccc1[N+](=O)[O-],-2.1103001015864735,-2.2129361392024256,-0.10263603761595208,0.10263603761595208
Cc1cc(S(=O)(=O)O)c(N)cc1Cl,-2.4061777440660483,-1.9181488642753166,0.48802887979073173,0.48802887979073173
Cc1cc(S(=O)(=O)[O-])ccc1N,-1.7295012514894028,-1.068186045460574,0.6613152060288288,0.6613152060288288
Cc1cc([N+](=O)[O-])cc([N+](=O)[O-])c1O,-3.000299909290146,-2.639607025947085,0.3606928833430607,0.3606928833430607
Cc1cc([N+](=O)[O-])ccc1N,-3.0361525796097832,-2.6909958566855323,0.3451567229242509,0.3451567229242509
Cc1ccc(Br)cc1,-3.1916999528759047,-3.3651476315873037,-0.173447678711399,0.173447678711399
Cc1ccc(C(=O)O)c(C)c1,-2.9700000119266106,-2.5960790684632746,0.37392094346333593,0.37392094346333593
Cc1ccc(C(=O)O)c(O)c1,-1.182269103990762,-2.068946206544916,-0.8866771025541538,0.8866771025541538
Cc1ccc(C(=O)O)cc1,-2.5299999623066194,-2.312045197973758,0.2179547643328612,0.2179547643328612
Cc1ccc(C(=O)O)cc1C,-3.160000055985079,-2.6584457229881915,0.5015543329968875,0.5015543329968875
Cc1ccc(C(=O)O)cc1[N+](=O)[O-],-2.8480980311039605,-2.4643058960219006,0.3837921350820599,0.3837921350820599
Cc1ccc(C(=O)[O-])cc1C,-3.065299965462189,-2.409996890212256,0.6553030752499329,0.6553030752499329
Cc1ccc(C(C)(C)C)c(O)c1,-2.6726746314440226,-3.1805277197005135,-0.5078530882564909,0.5078530882564909
Cc1ccc(C(C)(C)C)cc1,-4.472021445046071,-4.6681487041647864,-0.19612725911871554,0.19612725911871554
Cc1ccc(C(C)C)c(O)c1,-2.1900000868344334,-2.575124660734159,-0.38512457389972576,0.38512457389972576
Cc1ccc(C(C)C)c(O)c1C(=O)O,-3.288300005369436,-2.7294186144243486,0.5588813909450874,0.5588813909450874
Cc1ccc(C(C)C)cc1,-3.7699999326975213,-4.415766268651179,-0.6457663359536578,0.6457663359536578
Cc1ccc(C(C)C)cc1O,-2.079799905187877,-2.7054454396285332,-0.6256455344406562,0.6256455344406562
Cc1ccc(C(N)=O)c(O)c1,-2.9170000395489586,-1.7089260280302814,1.2080740115186772,1.2080740115186772
Cc1ccc(C(N)=O)cc1N,-0.5767320470636701,-1.2062995411265063,-0.6295674940628362,0.6295674940628362
Cc1ccc(C)c(C(=O)O)c1,-2.920000056773972,-2.4991064873403293,0.42089356943364287,0.42089356943364287
Cc1ccc(C)c(C)c1,-3.309999912931944,-3.2307908620317525,0.0792090509001917,0.0792090509001917
Cc1ccc(C)c(O)c1,-1.5375828083996699,-1.2780024763304625,0.2595803320692074,0.2595803320692074
Cc1ccc(C)c(O)c1C,-1.935500851218503,-1.868176067881108,0.06732478333739511,0.06732478333739511
Cc1ccc(C)cc1,-2.8191678339320814,-2.8640435501223616,-0.04487571619028019,0.04487571619028019
Cc1ccc(C=O)cc1,-1.723701482030239,-1.724306106975031,-0.0006046249447919649,0.0006046249447919649
Cc1ccc(C=O)cc1C,-2.2770350305764926,-2.119823761527682,0.15721126904881055,0.15721126904881055
Cc1ccc(CO)cc1,-1.1999000490869678,-0.9535887833737342,0.24631126571323358,0.24631126571323358
Cc1ccc(Cl)c(Cl)c1,-3.7755458005329094,-3.7515885584214503,0.02395724211145911,0.02395724211145911
Cc1ccc(Cl)cc1,-3.1023857373552324,-3.2086558185609193,-0.10627008120568693,0.10627008120568693
Cc1ccc(Cl)cc1Cl,-3.808969440245648,-3.8573642880930605,-0.048394847847412326,0.048394847847412326
Cc1ccc(Cl)cc1N,-2.0718851059246512,-2.182217242880105,-0.11033213695545374,0.11033213695545374
Cc1ccc(N(C)C(N)=O)cc1,-0.42300016307159494,-1.0456924995696322,-0.6226923364980372,0.6226923364980372
Cc1ccc(N(CC(C)O)CC(C)O)cc1,-1.5038218587796677,-1.1200602783647218,0.3837615804149459,0.3837615804149459
Cc1ccc(N(SC(F)(Cl)Cl)S(=O)(=O)N(C)C)cc1,-5.586399961366883,-5.363105432769342,0.22329452859754095,0.22329452859754095
Cc1ccc(N)c(C)c1,-1.3352537859395772,-1.6293688241459732,-0.29411503820639595,0.29411503820639595
Cc1ccc(N)c(Cl)c1O,-1.4815528684143926,-1.6097773418132428,-0.12822447339885024,0.12822447339885024
Cc1ccc(N)c(S(=O)(=O)O)c1,-1.4942009686108504,-1.345345439269238,0.14885552934161228,0.14885552934161228
Cc1ccc(N)c([N+](=O)[O-])c1,-1.8600611568259064,-2.69948300699447,-0.8394218501685637,0.8394218501685637
Cc1ccc(N)cc1,-1.0477452284925586,-1.1668873909245403,-0.11914216243198172,0.11914216243198172
Cc1ccc(N)cc1C,-1.5036000267897878,-1.5742327486061045,-0.07063272181631675,0.07063272181631675
Cc1ccc(N)cc1Cl,-1.7531262903231997,-1.990161601675084,-0.23703531135188438,0.23703531135188438
Cc1ccc(N)cc1N,-0.5071846542586127,-0.7143049208758132,-0.2071202666172005,0.2071202666172005
Cc1ccc(N)cc1S(=O)(=O)O,-1.6199999972142753,-1.2867858792446694,0.333214117969606,0.333214117969606
Cc1ccc(N=C=S)cc1,-4.721300002999623,-3.931685971044949,0.7896140319546738,0.7896140319546738
Cc1ccc(NC(=O)N(C)C)cc1Cl,-3.482599942195826,-3.0266532032881504,0.45594673890767545,0.45594673890767545
Cc1ccc(NCCO)c([N+](=O)[O-])c1,-2.747405049029198,-2.2707179254945213,0.4766871235346768,0.4766871235346768
Cc1ccc(NCCO)cc1O,-0.6550552168827295,-1.0499315468458545,-0.39487632996312505,0.39487632996312505
Cc1ccc(NO)cc1,-0.7894001560797044,-1.556035716596498,-0.7666355605167936,0.7666355605167936
Cc1ccc(O)c(C(=O)O)c1,-2.7599999721894077,-1.9560336556077362,0.8039663165816715,0.8039663165816715
Cc1ccc(O)c(C(C)(C)C)c1,-2.691753612429968,-2.8059894102515304,-0.11423579782156246,0.11423579782156246
Cc1ccc(O)c(C)c1,-1.1910000788410624,-1.292605258161502,-0.10160517932043955,0.10160517932043955
Cc1ccc(O)c(CO)c1,-0.3143000368483171,-0.5310809572568296,-0.2167809204085125,0.2167809204085125
Cc1ccc(O)c(I)c1,-2.466200115162003,-2.2004538342470226,0.26574628091498065,0.26574628091498065
Cc1ccc(O)c([N+](=O)[O-])c1,-2.383699926594278,-2.364082979201936,0.019616947392341988,0.019616947392341988
Cc1ccc(O)cc1,-0.7015478792478613,-0.9912634539201597,-0.28971557467229836,0.28971557467229836
Cc1ccc(O)cc1C,-1.3799999809810701,-1.2927474267296017,0.08725255425146838,0.08725255425146838
Cc1ccc(OCC(=O)O)cc1,-2.141400088653839,-1.8651782720399708,0.27622181661386813,0.27622181661386813
Cc1ccc(OCCCS(=O)(=O)[O-])c([N+](=O)[O-])c1,0.17031012464534223,-0.8952087043575521,-1.0655188290028943,1.0655188290028943
Cc1ccc(P(=O)(O)O)c(C)c1,-1.093799946303084,-1.6556868951663026,-0.5618869488632185,0.5618869488632185
Cc1ccc(S(=O)(=O)N(Cl)Cl)cc1,-3.509999937807681,-3.459722547979854,0.05027738982782681,0.05027738982782681
Cc1ccc(S(=O)(=O)NC(CCC(=O)O)C(=O)O)cc1,-0.9300001037426986,-1.845519518373293,-0.9155194146305945,0.9155194146305945
Cc1ccc(S(=O)(=O)NCl)cc1,-0.3600001502993293,-2.342971763899864,-1.9829716136005349,1.9829716136005349
Cc1ccc(S(=O)(=O)NN)cc1,-1.4800000444852346,-1.9183683131713825,-0.43836826868614787,0.43836826868614787
Cc1ccc(S(=O)(=O)O)cc1,0.5563999196281051,-0.43119392048784055,-0.9875938401159456,0.9875938401159456
Cc1ccc(S(=O)(=O)[O-])cc1,0.30824985872804156,-0.3064194860476168,-0.6146693447756584,0.6146693447756584
Cc1ccc(S(C)(=O)=O)cc1,-1.9873000507117091,-2.131164700723001,-0.1438646500112919,0.1438646500112919
Cc1ccc(S(C)(=O)=O)cc1[N+](=O)[O-],-2.7647011183782504,-2.7438669036878505,0.02083421469039992,0.02083421469039992
Cc1ccc(S(N)(=O)=O)cc1,-1.7421953794406668,-1.479712030575722,0.26248334886494473,0.26248334886494473
Cc1ccc(S(N)(=O)=O)cc1N,-1.9169000550284216,-1.492578422165536,0.4243216328628856,0.4243216328628856
Cc1ccc([N+](=O)[O-])c(C)c1,-3.055599667203072,-3.248942751435684,-0.19334308423261204,0.19334308423261204
Cc1ccc([N+](=O)[O-])c(O)c1,-2.7504999389211546,-2.53538697991721,0.21511295900394467,0.21511295900394467
Cc1ccc([N+](=O)[O-])c([N+](=O)[O-])c1,-3.2604000196533196,-2.9934891207914704,0.26691089886184916,0.26691089886184916
Cc1ccc([N+](=O)[O-])cc1,-2.514943847943775,-2.813697527192694,-0.29875367924891894,0.29875367924891894
Cc1ccc([N+](=O)[O-])cc1C,-3.1794511996253165,-3.3830855191667437,-0.2036343195414272,0.2036343195414272
Cc1ccc([N+](=O)[O-])cc1Cl,-3.544278120917898,-3.4566180576242473,0.08766006329365084,0.08766006329365084
Cc1ccc([N+](=O)[O-])cc1O,-2.1851001055110157,-2.343019357687748,-0.15791925217673208,0.15791925217673208
Cc1ccc([N+](=O)[O-])cc1S(=O)(=O)O,0.49243986049079824,-0.988526572807451,-1.4809664332982493,1.4809664332982493
Cc1ccc([N+](=O)[O-])cc1[N+](=O)[O-],-3.040285327071449,-2.983451308359906,0.05683401871154281,0.05683401871154281
Cc1cccc(Br)c1,-3.5229999528720617,-3.2022675100402074,0.3207324428318543,0.3207324428318543
Cc1cccc(C(=O)O)c1,-2.142800122225327,-2.020248024899187,0.12255209732613981,0.12255209732613981
Cc1cccc(C(=O)O)c1O,-2.039999991578187,-1.732378939402318,0.3076210521758691,0.3076210521758691
Cc1cccc(C(C)C)c1,-3.4993998684349163,-4.054136889016589,-0.5547370205816726,0.5547370205816726
Cc1cccc(C)c1,-2.8328690403070143,-2.898168602432935,-0.06529956212592092,0.06529956212592092
Cc1cccc(C)c1C,-3.359968862331853,-3.266798490366938,0.09317037196491507,0.09317037196491507
Cc1cccc(C)c1N,-1.1675144850395778,-1.493366068715238,-0.32585158367566014,0.32585158367566014
Cc1cccc(C)c1N(COCC(C)C)C(=O)CCl,-3.6821998796644007,-3.820150780243828,-0.1379509005794275,0.1379509005794275
Cc1cccc(C)c1O,-1.2923962267898228,-1.167779076541319,0.12461715024850384,0.12461715024850384
Cc1cccc(C)c1OCC(=O)O,-2.2566444628437536,-2.1262514421626197,0.1303930206811339,0.1303930206811339
Cc1cccc(CC(C)(C)CO)c1,-2.826535440811431,-2.3912959359935946,0.4352395048178366,0.4352395048178366
Cc1cccc(CO)c1,-0.3880000046683483,-0.7640271519775852,-0.3760271473092369,0.3760271473092369
Cc1cccc(Cl)c1,-3.522799943212678,-3.081813292753719,0.44098665045895924,0.44098665045895924
Cc1cccc(Cl)c1O,-0.7739001053835217,-1.4246112248242997,-0.650711119440778,0.650711119440778
Cc1cccc(I)c1O,-1.8378000647144148,-1.9942482671240043,-0.15644820240958945,0.15644820240958945
Cc1cccc(N)c1,-0.9508352886927223,-1.1913296266713318,-0.24049433797860953,0.24049433797860953
Cc1cccc(O)c1,-0.6629186094079693,-0.9028298383745068,-0.2399112289665375,0.2399112289665375
Cc1cccc(O)c1C,-1.4241961579703075,-1.1887810780583181,0.2354150799119894,0.2354150799119894
Cc1cccc(O)c1C(=O)O,-2.039999991578187,-1.7194560344449163,0.32054395713327066,0.32054395713327066
Cc1cccc(O)c1[N+](=O)[O-],-1.6400000099151082,-2.169116218682211,-0.5291162087671026,0.5291162087671026
Cc1cccc(S(=O)(=O)O)c1C,0.7779987748444417,-0.6761726963171126,-1.4541714711615543,1.4541714711615543
Cc1cccc(S(N)(=O)=O)c1,-1.3408999479803345,-1.3905201826668705,-0.04962023468653598,0.04962023468653598
Cc1cccc([N+](=O)[O-])c1,-2.4600000540304934,-2.573866591465587,-0.11386653743509356,0.11386653743509356
Cc1cccc([N+](=O)[O-])c1C,-3.003360014523468,-3.178669400166508,-0.1753093856430401,0.1753093856430401
Cc1ccccc1,-2.2062983377814938,-2.719479002480017,-0.5131806646985231,0.5131806646985231
Cc1ccccc1Br,-2.2300000441477046,-3.1526586631376823,-0.9226586189899777,0.9226586189899777
Cc1ccccc1C,-2.8191678339320814,-2.9609442979889153,-0.14177646405683397,0.14177646405683397
Cc1ccccc1C(=O)O,-2.062099918459462,-1.8172944275946603,0.24480549086480186,0.24480549086480186
Cc1ccccc1C(C)C,-3.760600057457848,-3.7331172663580574,0.02748279109979057,0.02748279109979057
Cc1ccccc1CCO,-1.042878133863773,-0.9060170561296541,0.13686107773411882,0.13686107773411882
Cc1ccccc1CCl,-3.0813269373504926,-2.990380868552058,0.0909460687984347,0.0909460687984347
Cc1ccccc1CO,-1.090000069172572,-0.7180179172147083,0.37198215195786366,0.37198215195786366
Cc1ccccc1Cl,-2.529499989224456,-2.960120462457439,-0.4306204732329828,0.4306204732329828
Cc1ccccc1N,-0.8539253488928864,-1.2929586369299109,-0.43903328803702446,0.43903328803702446
Cc1ccccc1N(C)C(N)=O,-0.40320005789755387,-0.8606106760133074,-0.45741061811575356,0.45741061811575356
Cc1ccccc1N=C(N)N=C(N)N,-1.8422416068764267,-1.788155045852214,0.05408656102421272,0.05408656102421272
Cc1ccccc1O,-0.6190130336872421,-0.7769768837624924,-0.15796385007525027,0.15796385007525027
Cc1ccccc1OCC(=O)O,-2.4423999529770795,-1.7534973720742264,0.6889025809028531,0.6889025809028531
Cc1ccccc1OCC(O)CO,-1.1887000528686444,-1.1714120009280664,0.01728805194057803,0.01728805194057803
Cc1ccccc1S(N)(=O)=O,-1.5259869462546551,-1.2604717573512314,0.26551518890342374,0.26551518890342374
Cc1ccccc1[N+](=O)[O-],-2.324300087690917,-2.502796129359848,-0.1784960416689314,0.1784960416689314
ClC(Cl)(Cl)c1ccccc1,-3.566999865063623,-3.6187466024487254,-0.05174673738510238,0.05174673738510238
ClC(Cl)c1ccccc1,-2.809000006710868,-2.997501178381916,-0.18850117167104807,0.18850117167104807
ClCc1ccc(Cl)cc1Cl,-3.5129420373419666,-4.313812885280327,-0.8008708479383602,0.8008708479383602
ClCc1ccccc1,-2.382200007347789,-2.65184019546634,-0.26964018811855084,0.26964018811855084
ClCc1ccccc1Cl,-3.206909385281478,-3.14244651037153,0.06446287490994784,0.06446287490994784
Clc1c(Cl)c(Cl)c(Cl)c(Cl)c1Cl,-7.559999820234749,-8.158533849591825,-0.5985340293570758,0.5985340293570758
Clc1cc(Cl)c(Cl)c(Cl)c1,-4.679999761613076,-5.620628814435152,-0.940629052822076,0.940629052822076
Clc1cc(Cl)c(Cl)c(Cl)c1Cl,-5.649999969073102,-6.714967826786216,-1.064967857713114,1.064967857713114
Clc1cc(Cl)c(Cl)cc1Cl,-5.4699995824120276,-5.0992806063523375,0.37071897605969006,0.37071897605969006
Clc1cc(Cl)cc(Cl)c1,-4.599999846986534,-4.88232211141049,-0.28232226442395625,0.28232226442395625
Clc1ccc(Br)cc1,-3.6298000043532945,-3.6013679929432176,0.028432011410076896,0.028432011410076896
Clc1ccc(Br)cc1Cl,-1.011493741571813,-4.239212788882576,-3.2277190473107633,3.2277190473107633
Clc1ccc(Cl)c(Cl)c1,-3.702452159867537,-4.116313236478366,-0.4138610766108286,0.4138610766108286
Clc1ccc(Cl)c(Cl)c1Cl,-4.5619000325037025,-5.264111715738604,-0.7022116832349017,0.7022116832349017
Clc1ccc(Cl)cc1,-3.349999870245215,-3.4891814685585514,-0.13918159831333643,0.13918159831333643
Clc1ccc(I)cc1,-4.030000165896744,-4.058618875685044,-0.028618709788299945,0.028618709788299945
Clc1cccc(Br)c1,-3.2102000463302485,-3.5285151128414474,-0.3183150665111989,0.3183150665111989
Clc1cccc(Cl)c1,-3.072159743560839,-3.4421781432332916,-0.3700183996724524,0.3700183996724524
Clc1cccc(Cl)c1Cl,-4.003481778819254,-4.0670545511676,-0.06357277234834591,0.06357277234834591
Clc1cccc(I)c1,-3.549999929165149,-3.8408042372684412,-0.2908043081032923,0.2908043081032923
Clc1ccccc1,-2.449320321235949,-2.7290033433051724,-0.27968302206922324,0.27968302206922324
Clc1ccccc1Br,-3.203000039034413,-3.336104935365308,-0.13310489633089517,0.13310489633089517
Clc1ccccc1C(Cl)(Cl)Cl,-5.043932775905002,-4.1881636511452065,0.8557691247597958,0.8557691247597958
Clc1ccccc1Cl,-3.0533857124087023,-3.1835640025067455,-0.13017829009804327,0.13017829009804327
Clc1ccccc1I,-3.539999922814733,-3.5571468275131313,-0.017146904698398302,0.017146904698398302
FC(F)(F)c1ccc(Cl)c(Cl)c1,-3.2679824454178967,-4.171852599579946,-0.9038701541620493,0.9038701541620493
FC(F)(F)c1ccc(Cl)cc1,-3.7276951832242045,-3.39959348236943,0.3281017008547744,0.3281017008547744
FC(F)(F)c1cccc(Cl)c1,-3.4115137857151128,-3.1237190357231395,0.2877947499919733,0.2877947499919733
FC(F)(F)c1ccccc1,-2.5109999298143095,-2.2933528228928273,0.21764710692148226,0.21764710692148226
Fc1cc(Br)cc(F)c1F,-3.210297787220817,-3.197424944255607,0.012872842965210296,0.012872842965210296
Fc1cc(F)c(F)c(F)c1,-2.305700040473177,-2.0400829913313068,0.26561704914187034,0.26561704914187034
Fc1cc(F)c(F)cc1F,-2.3757000168376976,-2.0457192805548345,0.32998073628286306,0.32998073628286306
Fc1ccc(CCl)cc1,-2.5441999331947094,-3.421306394815322,-0.8771064616206128,0.8771064616206128
Fc1ccc(F)cc1,-1.9709000757029915,-2.0703875016835815,-0.09948742598059002,0.09948742598059002
Fc1ccc(I)cc1,-3.125699973944921,-3.621742423726417,-0.4960424497814957,0.4960424497814957
Fc1cccc(Br)c1,-2.6656000429711946,-2.8061953946675477,-0.14059535169635318,0.14059535169635318
Fc1cccc(CCl)c1,-2.5436000744375455,-2.927494112313299,-0.3838940378757534,0.3838940378757534
Fc1cccc(Cl)c1,-2.3456999977864483,-2.670094353639086,-0.3243943558526379,0.3243943558526379
Fc1cccc(F)c1,-2.000357906867374,-1.8903137838214326,0.11004412304594124,0.11004412304594124
Fc1ccccc1,-1.7924097534592136,-2.342137000181041,-0.5497272467218275,0.5497272467218275
Fc1ccccc1Br,-2.6958000716818273,-2.7194271191232677,-0.023627047441440396,0.023627047441440396
Fc1ccccc1CCl,-2.5409998807771643,-2.5319967225691156,0.009003158208048756,0.009003158208048756
Fc1ccccc1Cl,-2.415699974150969,-2.4975924057077465,-0.08189243155677772,0.08189243155677772
Fc1ccccc1F,-2.0000000342649162,-1.6652105551075116,0.33478947915740465,0.33478947915740465
Ic1ccc(I)cc1,-5.372300089587439,-4.938522408559265,0.4337776810281735,0.4337776810281735
Ic1cccc(I)c1,-4.51800004003134,-4.478786435588272,0.039213604443068206,0.039213604443068206
Ic1ccccc1,-3.0099999692398813,-3.2367198632640264,-0.22671989402414505,0.22671989402414505
Ic1ccccc1I,-4.2169999033545205,-4.346224867624855,-0.12922496427033447,0.12922496427033447
N#C/C=C/c1ccccc1,-2.0829703731979325,-2.384170281224754,-0.3011999080268213,0.3011999080268213
N#CC(C#N)=NNc1ccc(C(=O)CCl)cc1,-3.190000023970032,-3.795716647016004,-0.6057166230459718,0.6057166230459718
N#CC(C#N)=NNc1ccc(Cl)cc1,-4.360000103106907,-3.475714469239232,0.8842856338676754,0.8842856338676754
N#CC(C#N)=NNc1cccc(O)c1,-2.950000033269975,-2.0360576735259963,0.9139423597439786,0.9139423597439786
N#CC(C#N)=NNc1ccccc1,-3.3599998765956314,-2.806861145968667,0.5531387306269644,0.5531387306269644
N#CC(C#N)=NNc1ccccc1[N+](=O)[O-],-3.9300000343041845,-3.406120027353448,0.5238800069507366,0.5238800069507366
N#CCC(=O)Nc1ccccc1,-2.7274999515505547,-1.9149486416367847,0.81255130991377,0.81255130991377
N#CCC(=O)c1ccccc1Cl,-2.1751396585179106,-2.2927040085798853,-0.11756435006197474,0.11756435006197474
N#CCCN(CCC#N)C(Cc1ccc(O)cc1)C(=O)O,-1.6800000353167739,-1.270118384933239,0.40988165038353497,0.40988165038353497
N#CCCNC(Cc1ccccc1)C(=O)O,-1.490000050835651,-1.3048890854464017,0.18511096538924932,0.18511096538924932
N#CCC[NH2+][C@@H](Cc1ccccc1)C(=O)[O-],-1.4939000179063482,-1.1237291534238623,0.37017086448248593,0.37017086448248593
N#CCO/N=C(\C#N)c1ccccc1,-3.2899000315782088,-3.170894114023989,0.11900591755421974,0.11900591755421974
N#CCc1ccc(Cl)cc1F,-2.593906163523731,-2.8115177112810903,-0.21761154775735925,0.21761154775735925
N#CCc1ccccc1,-3.068746068060498,-1.6769884856199107,1.3917575824405874,1.3917575824405874
N#CSc1ccc(N)cc1,-2.601500028138615,-2.114302745956354,0.4871972821822612,0.4871972821822612
N#Cc1c(Cl)c(Cl)c(Cl)c(C#N)c1Cl,-5.646599634642595,-6.227170583714198,-0.5805709490716033,0.5805709490716033
N#Cc1c(Cl)cccc1Cl,-3.9802999273464543,-3.324429120422836,0.6558708069236183,0.6558708069236183
N#Cc1cc(Br)c(O)c(Br)c1,-3.328399848357708,-3.1647308631808553,0.1636689851768529,0.1636689851768529
N#Cc1cc(I)c(O)c(I)c1,-3.6099998651350558,-3.580517692369574,0.029482172765481707,0.029482172765481707
N#Cc1ccc(C(=O)O)cc1,-2.0885000359953856,-2.1196549023088664,-0.031154866313480856,0.031154866313480856
N#Cc1ccc(C(F)(F)F)cc1[N+](=O)[O-],-2.470773476456123,-3.971498276742472,-1.5007248002863491,1.5007248002863491
N#Cc1ccc(Cl)cc1,-2.749354589989981,-2.6978355401967016,0.05151904979327959,0.05151904979327959
N#Cc1ccc(N)cc1,-1.1429744743580201,-1.2526631078953174,-0.1096886335372973,0.1096886335372973
N#Cc1ccc(O)c(O)c1,-1.0235162455979165,-0.713770563154335,0.3097456824435816,0.3097456824435816
N#Cc1cccc(C(=O)O)c1,-2.630000093899178,-1.7148932949403672,0.9151067989588109,0.9151067989588109
N#Cc1cccc(N)c1,-1.169300035101765,-1.1073589330436213,0.06194110205814374,0.06194110205814374
N#Cc1cccc(N=C=S)c1,-3.190000023970032,-3.758466439522037,-0.5684664155520047,0.5684664155520047
N#Cc1cccc([N+](=O)[O-])c1C#N,-2.937344775281026,-2.755303847519673,0.18204092776135283,0.18204092776135283
N#Cc1ccccc1,-1.7122999441636517,-1.8747836380548002,-0.16248369389114847,0.16248369389114847
N#Cc1ccccc1C#N,-2.3800001394039514,-1.8215009286182238,0.5584992107857276,0.5584992107857276
N#Cc1ccccc1O,-0.7749658249371123,-0.845495188570299,-0.07052936363318674,0.07052936363318674
N#[N+]c1ccc(S(=O)(=O)O)cc1,-2.4200000967172226,-0.8018501190476321,1.6181499776695905,1.6181499776695905
N#[N+]c1ccccc1,-1.4438000323908702,-1.161153803385009,0.2826462290058611,0.2826462290058611
NC(=O)C=Cc1ccccc1[N+](=O)[O-],-1.2836999770208113,-2.5083695049066885,-1.2246695278858772,1.2246695278858772
NC(=O)CNC(=O)CNC(=O)OCc1ccccc1,-2.349999916087518,-1.1578339494370176,1.1921659666505002,1.1921659666505002
NC(=O)CNC(=O)COC(=O)c1ccccc1,-1.498300026147603,-1.4687265128006528,0.02957351334695013,0.02957351334695013
NC(=O)CNC(=O)OCc1ccccc1,-1.8800000261483134,-1.4545900002964076,0.4254100258519058,0.4254100258519058
NC(=O)COC(=O)c1ccccc1,-1.6404999149088764,-1.536218725500575,0.10428118940830133,0.10428118940830133
NC(=O)NCc1ccccc1,-0.9461999669594405,-1.2396550924445613,-0.29345512548512076,0.29345512548512076
NC(=O)NS(=O)(=O)c1ccc(N)cc1,-1.9700000152136665,-2.196324409286241,-0.22632439407257454,0.22632439407257454
NC(=O)N[C@@H](Cc1ccccc1)C(=O)[O-],-2.0957999289662226,-1.7270446222092122,0.3687553067570104,0.3687553067570104
NC(=O)Nc1ccc(Br)cc1,-1.633599973168412,-2.4312772370867224,-0.7976772639183103,0.7976772639183103
NC(=O)OCc1ccccc1,-0.3499998715953341,-1.3537148647437676,-1.0037149931484335,1.0037149931484335
NC(=O)SCC(=O)Nc1ccccc1,-1.3228001461983363,-1.8786725748055586,-0.5558724286072223,0.5558724286072223
NC(=O)c1c(Cl)cccc1Cl,-1.842699977949438,-2.3160526085312663,-0.4733526305818283,0.4733526305818283
NC(=O)c1cc(Cl)cc(Cl)c1N,-2.0813999143745514,-2.269900524316343,-0.18850060994179163,0.18850060994179163
NC(=O)c1ccc(Cl)c(N)c1,-1.976703998554231,-1.7539016809618586,0.22280231759237235,0.22280231759237235
NC(=O)c1ccc(N)cc1,-1.2255454067678218,-1.0487781294399112,0.17676727732791053,0.17676727732791053
NC(=O)c1ccc(S(N)(=O)=O)cc1,-2.301500075935503,-1.644446318264748,0.6570537576707551,0.6570537576707551
NC(=O)c1cccc(S(N)(=O)=O)c1,-2.1554000158383486,-1.5578261690231026,0.5975738468152461,0.5975738468152461
NC(=O)c1ccccc1,-0.9530000911132985,-1.0708985509279862,-0.11789845981468772,0.11789845981468772
NC(=O)c1ccccc1C(N)=O,-2.4370999523348944,-1.2900400959801857,1.1470598563547088,1.1470598563547088
NC(=O)c1ccccc1N,-0.913922391106019,-0.9476509306501519,-0.03372853954413291,0.03372853954413291
NC(=O)c1ccccc1O,-1.759999949943316,-1.132081284446142,0.627918665497174,0.627918665497174
NC(=S)NS(=O)(=O)c1ccc(N)cc1,-2.240000050498121,-2.170981295989389,0.06901875450873218,0.06901875450873218
NC(=S)Nc1cccc([N+](=O)[O-])c1,-1.4499000716705894,-2.4350380995670804,-0.985138027896491,0.985138027896491
NC(=S)Nc1ccccc1,-1.7898000614677738,-1.6963461524052967,0.09345390906247708,0.09345390906247708
NC(=S)c1c(Cl)cccc1Cl,-2.3362999182815907,-2.77541588265186,-0.4391159643702691,0.4391159643702691
NC(=S)c1ccccc1,-1.9199999834615844,-1.7836617565102424,0.136338226951342,0.136338226951342
NC(C(=O)NCC(=O)O)c1ccccc1,-1.4100000000323194,-0.8610345943586086,0.5489654056737108,0.5489654056737108
NC(C(=O)O)c1ccc(O)cc1,-0.5299999859028302,-1.1438935315094618,-0.6138935456066317,0.6138935456066317
NC(Cc1cc(Cl)c(O)c(Cl)c1)C(=O)O,-1.7546001317145248,-2.1617419050959845,-0.40714177338145974,0.40714177338145974
NC(Cc1cc(I)c(O)c(I)c1)C(=O)O,-2.859999882494684,-2.7960348018382692,0.06396508065641493,0.06396508065641493
NC(Cc1ccc(N(CCCl)CCCl)cc1)C(=O)O,-3.4899999591510453,-2.5809959910961355,0.9090039680549098,0.9090039680549098
NC(Cc1ccc(O)c(O)c1)C(=O)O,-1.5959001099159538,-1.050847199577562,0.5450529103383919,0.5450529103383919
NC(Cc1ccc(O)cc1)C(=O)NCC(=O)NCC(=O)O,-1.470000038134818,-0.6022216184974876,0.8677784196373304,0.8677784196373304
NC(Cc1ccc(O)cc1)C(=O)NCC(=O)O,-1.1000000755229886,-0.855987065483911,0.2440130100390776,0.2440130100390776
NC(Cc1ccc(O)cc1)C(=O)O,-2.6561000437471383,-1.094575745472111,1.5615242982750273,1.5615242982750273
NC(Cc1ccccc1)C(=O)O,-1.0657001381706694,-1.1352881116589584,-0.06958797348828893,0.06958797348828893
NC(N)=NS(=O)(=O)c1ccc(N)cc1,-1.988500040579616,-2.373186942278314,-0.384686901698698,0.384686901698698
NCC(=O)NC(Cc1ccc(O)cc1)C(=O)O,-0.7300001129111591,-1.2330216486808894,-0.5030215357697303,0.5030215357697303
NCC(=O)NCC(=O)Nc1c(S(N)(=O)=O)cc(S(N)(=O)=O)c(Cl)c1Cl,-1.230000021901613,-1.9368555379191312,-0.7068555160175183,0.7068555160175183
NCC(CC(=O)O)c1ccc(Cl)cc1,-1.7000000480176067,-1.986990929399845,-0.28699088138223816,0.28699088138223816
NCC(O)c1ccccc1,-0.4763999845470277,-0.42545379646241965,0.050946188084608046,0.050946188084608046
NCCCCC(NC(=O)c1ccccc1)C(=O)O,-2.2844999017276484,-1.644452990927427,0.6400469108002214,0.6400469108002214
NCCCNc1ccccc1,-1.6543000707433837,-0.47047003007722843,1.1838300406661553,1.1838300406661553
NCCc1ccc(O)c(O)c1,0.11999988216708113,-0.4603703423169949,-0.580370224484076,0.580370224484076
NCCc1ccc(O)c([N+](=O)[O-])c1,-1.3399000018160085,-2.0318200561060626,-0.6919200542900541,0.6919200542900541
NCCc1ccc(O)cc1,-1.1161078832301181,-0.4338921273923688,0.6822157558377493,0.6822157558377493
NCCc1ccccc1,-0.28238101448130015,-0.3627498320302389,-0.08036881754893876,0.08036881754893876
NCc1ccc(CN)cc1,1.1750715002432757,0.6051956038550208,-0.5698758963882549,0.5698758963882549
NCc1ccc(S(N)(=O)=O)cc1,0.3210000915165252,-0.7817531484727698,-1.102753239989295,1.102753239989295
NCc1ccccc1,-1.5299999400605273,-0.2888586719979358,1.2411412680625915,1.2411412680625915
NNC(=O)Nc1ccccc1,-2.329999903386685,-1.517645845552314,0.8123540578343709,0.8123540578343709
NNC(=O)c1ccc(C(=O)NN)cc1,-2.289999946073414,-1.4472015924124821,0.842798353660932,0.842798353660932
NNC(=O)c1ccc([N+](=O)[O-])cc1,-2.1600000677831845,-2.332854781687381,-0.17285471390419627,0.17285471390419627
NNCc1ccccc1,-1.6467889675722378,-0.7405249446077979,0.9062640229644399,0.9062640229644399
NNP(=S)(NN)c1ccccc1,-1.425000009557944,-1.2935706154213287,0.13142939413661536,0.13142939413661536
NNc1ccc(Cl)cc1,-1.5636655659279723,-1.6617915644568604,-0.09812599852888804,0.09812599852888804
NNc1ccc(S(N)(=O)=O)cc1,-0.19127438473715141,-1.1307727616771093,-0.9394983769399579,0.9394983769399579
NNc1cccc(S(=O)(=O)O)c1,-0.8274999705625352,-0.8486282079632783,-0.0211282374007431,0.0211282374007431
NNc1ccccc1,0.06999985041499857,-0.5855042834811486,-0.6555041338961471,0.6555041338961471
NP(N)(=O)Oc1ccccc1,-1.4876534524012694,-1.1793162464901161,0.3083372059111533,0.3083372059111533
NP(N)(=O)c1ccccc1,-1.1482001224732106,-0.6797525117560066,0.468447610717204,0.468447610717204
NS(=O)(=O)c1ccc(CCCCCO)cc1,-1.9712000050815734,-1.6911409308085117,0.28005907427306176,0.28005907427306176
NS(=O)(=O)c1ccc(CCCCO)cc1,-1.1931000611098994,-1.4982904937723471,-0.3051904326624477,0.3051904326624477
NS(=O)(=O)c1ccc(CCCO)cc1,-1.0320000595755148,-1.2965004590445715,-0.2645003994690567,0.2645003994690567
NS(=O)(=O)c1ccc(NC(=O)CCC(=O)O)cc1,-2.0299999852277706,-1.7420485808617285,0.28795140436604205,0.28795140436604205
NS(=O)(=O)c1ccc(NO)cc1,-0.8399999104121609,-1.4055591387542543,-0.5655592283420934,0.5655592283420934
NS(=O)(=O)c1ccc(S(N)(=O)=O)cc1,-2.528300033400747,-1.3586877687378915,1.1696122646628553,1.1696122646628553
NS(=O)(=O)c1ccc(SCCCCCO)cc1,-2.6617998934871037,-2.4302484214430504,0.23155147204405324,0.23155147204405324
NS(=O)(=O)c1ccc(SCCCCO)cc1,-2.5141000625126564,-2.281691936330889,0.2324081261817672,0.2324081261817672
NS(=O)(=O)c1ccc(SCCCO)cc1,-2.247199989705562,-2.0912147202914277,0.15598526941413438,0.15598526941413438
NS(=O)(=O)c1ccc(SCCO)cc1,-1.8238999551165118,-1.859251041105959,-0.03535108598944725,0.03535108598944725
NS(=O)(=O)c1cccc(S(N)(=O)=O)c1,-2.169300057347857,-1.2635900696509588,0.9057099876968981,0.9057099876968981
NS(=O)(=O)c1ccccc1,-1.5629999337815437,-1.0042385145878892,0.5587614191936545,0.5587614191936545
N[C@@H](Cc1cc(Br)c(O)c(Br)c1)C(=O)O,-1.92809998315835,-2.313507191984408,-0.38540720882605783,0.38540720882605783
N[C@@H](Cc1cc(Cl)c(O)c(Cl)c1)C(=O)O,-0.7960001003531918,-2.1617419050959845,-1.3657418047427927,1.3657418047427927
N[C@@H](Cc1cc(I)c(O)c(I)c1)C(=O)O,-2.858299953588812,-2.796034818860368,0.06226513472844397,0.06226513472844397
N[C@@H](Cc1cc([N+](=O)[O-])c(O)c([N+](=O)[O-])c1)C(=O)O,-1.5125001332124826,-1.899616837363866,-0.38711670415138344,0.38711670415138344
N[C@H](Cc1ccc(O)cc1)C(=O)O,-2.60489988595036,-1.0945758816489004,1.5103240043014594,1.5103240043014594
Nc1c(Br)cc(Br)c(S(=O)(=O)O)c1Br,-0.48880024298683633,-1.639436782714284,-1.1506365397274476,1.1506365397274476
Nc1c(Cl)cc(C(F)(F)F)cc1Cl,-3.591642825397942,-4.086994577992717,-0.4953517525947744,0.4953517525947744
Nc1c(Cl)cc(Cl)cc1Cl,-3.6911999398504913,-3.3306033930748593,0.360596546775632,0.360596546775632
Nc1c(Cl)cc([N+](=O)[O-])cc1Cl,-4.4709000291856285,-3.3965734897116255,1.074326539474003,1.074326539474003
Nc1c(I)c(C(=O)[O-])c(I)c(C(=O)[O-])c1I,-1.569622755755645,-2.108159947164773,-0.5385371914091279,0.5385371914091279
Nc1cc(C(=O)O)cc(S(=O)(=O)O)c1,-0.940000110093115,-1.6020542113810519,-0.6620541012879368,0.6620541012879368
Nc1cc(Cl)c(Cl)cc1Cl,-3.435950472257738,-3.0614161459798437,0.3745343262778942,0.3745343262778942
Nc1cc(Cl)c(Cl)cc1S(=O)(=O)O,-2.10521076643744,-2.032121823871301,0.07308894256613918,0.07308894256613918
Nc1cc(Cl)cc(C(=O)O)c1Cl,-2.4688000705130033,-2.694948251820136,-0.22614818130713266,0.22614818130713266
Nc1cc(Cl)cc(Cl)c1,-2.3152999594164316,-2.550947084577503,-0.23564712516107145,0.23564712516107145
Nc1cc(Cl)ccc1Cl,-2.0750002861582235,-2.446443246118586,-0.37144295996036236,0.37144295996036236
Nc1cc(S(=O)(=O)O)ccc1C(=O)O,-1.31567455951789,-1.6141031337042924,-0.29842857418640234,0.29842857418640234
Nc1cc(S(=O)(=O)O)ccc1O,-1.829744662916167,-1.4863062554240563,0.34343840749211085,0.34343840749211085
Nc1cc([N+](=O)[O-])c(O)c([N+](=O)[O-])c1,-2.385299935780952,-2.6584765670309833,-0.2731766312500312,0.2731766312500312
Nc1cc([N+](=O)[O-])cc(C(=O)O)c1O,-2.4907789362285304,-2.3037029397687077,0.18707599645982276,0.18707599645982276
Nc1cc([N+](=O)[O-])cc(S(=O)(=O)O)c1O,-1.766205526234795,-1.618581988306591,0.14762353792820404,0.14762353792820404
Nc1cc([N+](=O)[O-])cc(S(=O)(=O)[O-])c1O,-0.9940567122236668,-1.490385022619193,-0.4963283103955263,0.4963283103955263
Nc1cc([N+](=O)[O-])cc([N+](=O)[O-])c1O,-2.486200093818639,-2.5606709243990826,-0.07447083058044379,0.07447083058044379
Nc1cc([N+](=O)[O-])cc([N+](=O)[O-])c1[O-],-1.7648129823867227,-2.5500782766613384,-0.7852652942746157,0.7852652942746157
Nc1cc([N+](=O)[O-])ccc1Br,-3.5582999725654956,-3.0103507670325795,0.547949205532916,0.547949205532916
Nc1cc([N+](=O)[O-])ccc1I,-4.421599809954106,-3.2157292154868404,1.2058705944672656,1.2058705944672656
Nc1cc([N+](=O)[O-])ccc1O,-2.205601929680668,-2.098341192121005,0.10726073755966326,0.10726073755966326
Nc1ccc(Br)cc1C(=O)O,-3.069999909465313,-2.4639848592409663,0.6060150502243467,0.6060150502243467
Nc1ccc(C(=O)O)c(O)c1,-1.957200077897064,-1.71566568968966,0.24153438820740392,0.24153438820740392
Nc1ccc(C(=O)O)c(S(=O)(=O)O)c1,-1.8600000134474806,-1.3661200255479935,0.49387998789948706,0.49387998789948706
Nc1ccc(C(=O)O)cc1,-1.351099998034332,-1.819478430942537,-0.468378432908205,0.468378432908205
Nc1ccc(C(F)(F)F)cc1,-2.847330079122421,-1.980334607935559,0.8669954711868619,0.8669954711868619
Nc1ccc(Cl)c(Cl)c1,-2.446137937756824,-2.2751166400562775,0.17102129770054653,0.17102129770054653
Nc1ccc(Cl)cc1,-1.6286409592068036,-1.7746345971430677,-0.14599363793626408,0.14599363793626408
Nc1ccc(Cl)cc1C(F)(F)F,-2.29348137378199,-2.704629468306643,-0.41114809452465284,0.41114809452465284
Nc1ccc(Cl)cc1Cl,-2.417174360249451,-2.4794542701595415,-0.06227990991009058,0.06227990991009058
Nc1ccc(Cl)cc1O,-2.390659786122064,-1.368335485734214,1.0223243003878502,1.0223243003878502
Nc1ccc(Cl)cc1[N+](=O)[O-],-2.538000110372581,-2.9202640184580626,-0.3822639080854815,0.3822639080854815
Nc1ccc(F)cc1,-0.527274543640428,-0.8437907998745748,-0.3165162562341468,0.3165162562341468
Nc1ccc(N(CCO)CCO)cc1,-0.21841332944378866,-0.7114392165203625,-0.4930258870765738,0.4930258870765738
Nc1ccc(N)cc1,-0.4657999832626576,-0.3846789251292524,0.0811210581334052,0.0811210581334052
Nc1ccc(NCCO)c([N+](=O)[O-])c1,-2.191089909679742,-2.163955935425917,0.027133974253825244,0.027133974253825244
Nc1ccc(O)c(C(=O)O)c1,-2.2599999951105594,-1.5562166955495675,0.7037832995609918,0.7037832995609918
Nc1ccc(O)cc1,-0.8000000211872846,-0.37011645162786566,0.429883569559419,0.429883569559419
Nc1ccc(O)cc1[N+](=O)[O-],-1.8337647379150863,-2.0862153980001663,-0.25245066008508,0.25245066008508
Nc1ccc(OCCO)c(N)c1,0.006227442893440127,-0.6714947512487583,-0.6777221941421985,0.6777221941421985
Nc1ccc(S(=O)(=O)CCOS(=O)(=O)O)cc1,-1.9051187200962882,-1.2126707083938564,0.6924480117024319,0.6924480117024319
Nc1ccc(S(=O)(=O)NC(CO)(CO)CO)cc1,-1.399999993681903,-1.5284264172593853,-0.12842642357748235,0.12842642357748235
Nc1ccc(S(=O)(=O)O)cc1,-1.141273081551662,-1.0626958058436426,0.07857727570801942,0.07857727570801942
Nc1ccc(S(=O)(=O)O)cc1N,-1.181216457408951,-1.6136578356030604,-0.43244137819410944,0.43244137819410944
Nc1ccc(S(=O)(=O)O)cc1S(=O)(=O)O,-1.7700929650408705,-0.5467535439451408,1.2233394210957298,1.2233394210957298
Nc1ccc(S(=O)(=O)[O-])cc1,0.037955545401763935,-1.2634454499006504,-1.3014009953024144,1.3014009953024144
Nc1ccc(S(N)(=O)=O)cc1,-1.3400000917561936,-1.2517433698599292,0.08825672189626443,0.08825672189626443
Nc1ccc([N+](=O)[O-])c(N)c1,-2.1850915263732857,-2.11671933926047,0.06837218711281556,0.06837218711281556
Nc1ccc([N+](=O)[O-])cc1,-2.2781998868327427,-2.019150167623306,0.25904971920943654,0.25904971920943654
Nc1ccc([N+](=O)[O-])cc1S(=O)(=O)[O-],-1.7677384683527058,-1.142823181945033,0.6249152864076728,0.6249152864076728
Nc1cccc(C(=O)O)c1,-1.3663000512635375,-1.6285917993858419,-0.2622917481223044,0.2622917481223044
Nc1cccc(C(F)(F)F)c1,-1.5081957210773638,-1.6410707680099053,-0.13287504693254149,0.13287504693254149
Nc1cccc(Cl)c1,-1.3733684436924494,-1.6226738284735072,-0.2493053847810578,0.2493053847810578
Nc1cccc(Cl)c1Cl,-2.1303846800735036,-2.3942408952404572,-0.2638562151669537,0.2638562151669537
Nc1cccc(N)c1,0.5099998574797433,-0.5394179726554897,-1.049417830135233,1.049417830135233
Nc1cccc(O)c1,-0.622962977639637,-0.4650948598473126,0.15786811779232446,0.15786811779232446
Nc1cccc(S(=O)(=O)CCOS(=O)(=O)O)c1,-1.4238809087029216,-1.1938118571879235,0.23006905151499812,0.23006905151499812
Nc1cccc(S(=O)(=O)O)c1,-1.2051066324516466,-1.0041660685359455,0.20094056391570114,0.20094056391570114
Nc1cccc([N+](=O)[O-])c1,-2.061100040383531,-2.000264217236289,0.060835823147241896,0.060835823147241896
Nc1ccccc1,-2.310403586777932,-1.042599107622359,1.267804479155573,1.267804479155573
Nc1ccccc1C(=O)O,-1.5200000698869003,-1.6154477433225076,-0.09544767343560734,0.09544767343560734
Nc1ccccc1C(F)(F)F,-1.6756867716903463,-1.5107433164528519,0.16494345523749443,0.16494345523749443
Nc1ccccc1Cl,-1.3575741149544438,-1.6035856555542793,-0.24601154059983554,0.24601154059983554
Nc1ccccc1N,-0.4396101907779122,-0.803860769342644,-0.36425057856473186,0.36425057856473186
Nc1ccccc1O,-0.7368999184748337,-0.6494142295599681,0.08748568891486563,0.08748568891486563
Nc1ccccc1S(=O)(=O)O,-1.747168691965159,-0.9639700847343797,0.7831986072307793,0.7831986072307793
Nc1ccccc1[N+](=O)[O-],-1.9600000769516448,-2.1735778469206544,-0.21357776996900957,0.21357776996900957
O=C(CCCCl)c1ccc(F)cc1,-2.722633844203492,-4.01958604592986,-1.2969522017263682,1.2969522017263682
O=C(CCCl)NCc1ccccc1,-3.2959000830503347,-2.5327558400814447,0.7631442429688899,0.7631442429688899
O=C(COC(=O)c1ccccc1)NC(CO)(CO)CO,-1.2700000473032786,-1.3115891196600742,-0.04158907235679554,0.04158907235679554
O=C(Cl)c1ccc(C(=O)Cl)cc1,-4.028793775719737,-4.447761141489874,-0.41896736577013716,0.41896736577013716
O=C(NC(CO)C(=O)O)c1ccccc1,-0.9100000910418657,-0.974750247911083,-0.06475015686921726,0.06475015686921726
O=C(NC(CO)C(O)c1ccc([N+](=O)[O-])cc1)C(Cl)Cl,-2.1113999334258002,-2.105756426832436,0.0056435065933642115,0.0056435065933642115
O=C(NCCO)c1cc(O)ccc1O,-0.5436002342105457,-0.7495850587579995,-0.20598482454745382,0.20598482454745382
O=C(NCO)c1ccccc1,-0.5199999795524137,-1.0545246537744324,-0.5345246742220187,0.5345246742220187
O=C(NO)c1ccc([N+](=O)[O-])cc1,-1.940000064250812,-2.4180667948385715,-0.4780667305877595,0.4780667305877595
O=C(Nc1cccc(Cl)c1)OCC#CCCl,-4.2399997545483314,-3.9042422626837077,0.3357574918646238,0.3357574918646238
O=C(Nc1ccccc1)C(Cl)Cl,-3.3554999486351784,-3.2173173262265435,0.13818262240863488,0.13818262240863488
O=C(O)/C(S)=C/c1ccccc1,-2.9600000225982925,-2.1713335853434823,0.7886664372548102,0.7886664372548102
O=C(O)/C=C(\Cl)c1ccccc1,-2.7699999615177258,-2.2775704777122856,0.49242948380544016,0.49242948380544016
O=C(O)/C=C/C=C/c1ccccc1,-3.6400000544072917,-2.735635970008108,0.9043640843991838,0.9043640843991838
O=C(O)/C=C/c1cccc(Br)c1,-2.635999907061923,-2.989560862992782,-0.35356095593085923,0.35356095593085923
O=C(O)/C=C/c1ccccc1,-2.4335000508195685,-2.3279840102852827,0.10551604053428587,0.10551604053428587
O=C(O)/C=C\C(=O)Nc1ccccc1,-2.281500131323065,-2.338781740267814,-0.057281608944748985,0.057281608944748985
O=C(O)/C=C\c1cccc(O)c1,-2.099000015427965,-2.3034047806883873,-0.2044047652604224,0.2044047652604224
O=C(O)C(=O)Nc1ccccc1,-1.301900004919784,-1.5856108640649205,-0.2837108591451365,0.2837108591451365
O=C(O)C(=O)c1c(C(=O)O)cccc1C(=O)O,-0.4541002182273557,-0.7949805447311968,-0.34088032650384115,0.34088032650384115
O=C(O)C(=O)c1ccccc1,-0.3699998842961669,-1.1222327066855022,-0.7522328223893353,0.7522328223893353
O=C(O)C(CO)c1ccccc1,-0.9305001449132559,-0.8142872813973594,0.11621286351589655,0.11621286351589655
O=C(O)C(O)C(O)c1ccccc1,-0.30629992282655216,-0.6300360000793876,-0.3237360772528355,0.3237360772528355
O=C(O)C(O)c1ccccc1,-0.032127022185508114,-0.8107920317446626,-0.7786650095591545,0.7786650095591545
O=C(O)C(S)Cc1ccccc1,-1.5599999591117766,-1.5748648812623487,-0.014864922150572113,0.014864922150572113
O=C(O)C=CC(=O)Nc1ccccc1,-2.720000014876137,-2.338781740267814,0.3812182746083228,0.3812182746083228
O=C(O)C=Cc1ccccc1,-2.480000032687129,-2.327984078373677,0.15201595431345183,0.15201595431345183
O=C(O)CC(=O)c1ccccc1[N+](=O)[O-],-1.8434000628235765,-1.5628746511353255,0.28052541168825096,0.28052541168825096
O=C(O)CC(CSC(=O)O)c1ccccc1,-1.2400000282520294,-1.7107878370945144,-0.47078780884248506,0.47078780884248506
O=C(O)CC(O)(CC(=O)O)C(=O)Nc1ccccc1,-0.4874000732385593,-0.7565510462413072,-0.26915097300274793,0.26915097300274793
O=C(O)CCCCCc1ccccc1,-2.6026000982873234,-2.8410690278113733,-0.23846892952404986,0.23846892952404986
O=C(O)CCCCc1ccccc1,-2.465699937814656,-2.3692758767992834,0.0964240610153726,0.0964240610153726
O=C(O)CCCNC(=O)c1ccccc1,-1.2025000725263624,-1.4091317368233118,-0.20663166429694946,0.20663166429694946
O=C(O)CCCOc1cc(Cl)c(Cl)cc1Cl,-3.8294000439544615,-3.7323655704807486,0.09703447347371297,0.09703447347371297
O=C(O)CCCOc1ccc(Cl)cc1,-3.2899999342753086,-2.76888909935846,0.5211108349168487,0.5211108349168487
O=C(O)CCCOc1ccc(Cl)cc1Cl,-3.5699999078217846,-3.2909098505597636,0.27909005726202096,0.27909005726202096
O=C(O)CCCc1ccc(N(CCCl)CCCl)cc1,-3.400000072218284,-4.017753446786947,-0.6177533745686627,0.6177533745686627
O=C(O)CCCc1ccccc1,-1.779999962644149,-1.8990713131456596,-0.11907135050151063,0.11907135050151063
O=C(O)CCNC(=O)Nc1ccc([N+](=O)[O-])cc1,-2.7000000362195014,-2.4679449483641696,0.2320550878553318,0.2320550878553318
O=C(O)CCP(=O)(O)c1ccccc1,-0.8283053200948549,-0.42873538473259876,0.39956993536225616,0.39956993536225616
O=C(O)CCc1ccccc1,-1.4057515565576306,-1.4821103761900634,-0.07635881963243274,0.07635881963243274
O=C(O)CNC(=O)c1ccccc1,-1.6900000416671903,-1.2667869559581513,0.42321308570903904,0.42321308570903904
O=C(O)CNC(Cc1ccc(O)cc1)C(=O)O,-2.5899998982765258,-1.3590015200605943,1.2309983782159315,1.2309983782159315
O=C(O)CNC(Cc1ccccc1)C(=O)O,-2.1600000677831845,-1.2492266866156274,0.9107733811675571,0.9107733811675571
O=C(O)CNc1c([N+](=O)[O-])cc([N+](=O)[O-])cc1[N+](=O)[O-],-2.392200013698206,-2.264775306583311,0.12742470711489506,0.12742470711489506
O=C(O)CONC(=O)c1ccccc1,-0.9500001164435314,-1.3428498634272883,-0.39284974698375685,0.39284974698375685
O=C(O)COc1c(Cl)c(Cl)c(Cl)c(Cl)c1Cl,-3.7499999199966885,-3.8658348248336956,-0.11583490483700709,0.11583490483700709
O=C(O)COc1c(Cl)cc(Cl)c(Cl)c1Cl,-3.410000044524503,-3.2725218986914637,0.1374781458330392,0.1374781458330392
O=C(O)COc1c(Cl)cc(Cl)cc1Cl,-3.2299999983054017,-2.919047117135126,0.31095288117027575,0.31095288117027575
O=C(O)COc1c(Cl)ccc(Cl)c1Cl,-2.619800077889378,-2.750880961577805,-0.13108088368842674,0.13108088368842674
O=C(O)COc1c(Cl)cccc1Cl,-2.1500001295211626,-2.281163161857775,-0.13116303233661242,0.13116303233661242
O=C(O)COc1cc(Cl)c(Cl)c(Cl)c1,-2.9400000354306077,-3.156449067470284,-0.21644903203967614,0.21644903203967614
O=C(O)COc1cc(Cl)c(Cl)cc1Cl,-2.980000001254928,-2.9851247891799684,-0.005124787925040231,0.005124787925040231
O=C(O)COc1cc(Cl)cc(Cl)c1,-2.3617000896531883,-2.808794924466081,-0.44709483481289247,0.44709483481289247
O=C(O)COc1cc(Cl)cc(Cl)c1Cl,-2.9999999799115638,-3.0503615652949416,-0.05036158538337787,0.05036158538337787
O=C(O)COc1cc(Cl)ccc1Cl,-2.619999883283578,-2.5676130128558556,0.052386870427722165,0.052386870427722165
O=C(O)COc1ccc(Cl)c(Cl)c1,-2.6846001095077017,-2.6678619394425893,0.016738170065112357,0.016738170065112357
O=C(O)COc1ccc(Cl)c(Cl)c1Cl,-3.0999998817057905,-3.0302635138168132,0.0697363678889773,0.0697363678889773
O=C(O)COc1ccc(Cl)cc1,-2.289999946073414,-2.139096249731319,0.1509036963420951,0.1509036963420951
O=C(O)COc1ccc(Cl)cc1CO,-2.0346999228476075,-1.9148010259971102,0.11989889685049726,0.11989889685049726
O=C(O)COc1ccc(Cl)cc1Cl,-1.0319615215441238,-2.5810459679778335,-1.5490844464337097,1.5490844464337097
O=C(O)COc1ccc([N+](=O)[O-])cc1[N+](=O)[O-],-1.9369000677292545,-2.2685221428543647,-0.3316220751251102,0.3316220751251102
O=C(O)COc1cccc(Cl)c1,-2.1954000412400143,-2.0620080672150336,0.1333919740249807,0.1333919740249807
O=C(O)COc1cccc(Cl)c1Cl,-2.8097000064745132,-2.309361357720508,0.5003386487540054,0.5003386487540054
O=C(O)COc1ccccc1,-1.1031000039561514,-1.2264150317447229,-0.12331502778857151,0.12331502778857151
O=C(O)COc1ccccc1Cl,-2.1637001273270897,-1.8817771332495599,0.28192299407752985,0.28192299407752985
O=C(O)COc1ccccc1[N+](=O)[O-],-2.016000058043261,-1.9126582161280172,0.10334184191524365,0.10334184191524365
O=C(O)CSC(=S)OCc1ccccc1,-2.6800000575628657,-2.6955922318570553,-0.015592174294189576,0.015592174294189576
O=C(O)CSC(C(=O)O)c1ccccc1,-1.230000021901613,-1.2495987216041795,-0.019598699702566558,0.019598699702566558
O=C(O)CSC(CC(=O)O)c1ccccc1,-1.5499999527613602,-1.6265352575128131,-0.07653530475145298,0.07653530475145298
O=C(O)Cc1c(Cl)ccc(Cl)c1Cl,-3.0799998987936306,-2.4834332197680715,0.596566679025559,0.596566679025559
O=C(O)Cc1cc(O)ccc1O,0.703699901504772,-0.5265092300841823,-1.2302091315889543,1.2302091315889543
O=C(O)Cc1ccc(Cl)cc1Cl,-2.919141513183306,-2.419562084074222,0.49957942910908404,0.49957942910908404
O=C(O)Cc1ccc(O)cc1,-0.3990807100191853,-1.1478035756625722,-0.7487228656433869,0.7487228656433869
O=C(O)Cc1cccc(O)c1,0.8176997560166566,-0.994772185075004,-1.8124719410916605,1.8124719410916605
O=C(O)Cc1ccccc1,-0.8899999421642435,-1.0960327009415545,-0.20603275877731098,0.20603275877731098
O=C(O)Cc1ccccc1C(=O)O,-1.0515000311057898,-1.2495837421573492,-0.19808371105155942,0.19808371105155942
O=C(O)[C@@H](O)c1ccccc1,0.159199732754423,-0.8107920317446626,-0.9699917644990856,0.9699917644990856
O=C(O)[C@H](O)c1ccccc1,-0.14166681449202656,-0.8107920317446626,-0.6691252172526361,0.6691252172526361
O=C(O)[C@H](O)c1ccccc1Cl,-0.43902789882657656,-1.2326534266424396,-0.793625527815863,0.793625527815863
O=C(O)c1c(Br)c(O)c(O)c(O)c1Br,-0.41879992618034256,-1.2583166234827006,-0.839516697302358,0.839516697302358
O=C(O)c1c(Cl)c(Cl)c(Cl)c(Cl)c1C(=O)O,-1.9263999521198858,-2.113020777661248,-0.18662082554136217,0.18662082554136217
O=C(O)c1c(Cl)ccc(Cl)c1Cl,-1.4665999760578892,-2.4708594720986086,-1.0042594960407194,1.0042594960407194
O=C(O)c1c(Cl)cccc1Cl,-1.130900086975168,-1.9976063186614132,-0.8667062316862453,0.8667062316862453
O=C(O)c1c(O)cccc1O,-1.2073999857613855,-1.1742384863681792,0.03316149939320634,0.03316149939320634
O=C(O)c1c([N+](=O)[O-])cc([N+](=O)[O-])cc1[N+](=O)[O-],-1.0977000495505707,-1.9101791857659758,-0.8124791362154051,0.8124791362154051
O=C(O)c1cc(Br)c(O)cc1O,-2.619999883283578,-1.8312593573443021,0.7887405259392757,0.7887405259392757
O=C(O)c1cc(Br)cc(C(=O)O)c1C(=O)O,-1.4480999506919399,-1.315148780934142,0.13295116975779786,0.13295116975779786
O=C(O)c1cc(Br)ccc1O,-2.6500000725558137,-2.1452233881921225,0.5047766843636912,0.5047766843636912
O=C(O)c1cc(C(=O)O)c(C(=O)O)cc1C(=O)O,-1.7812595979457988,-0.917493627407183,0.8637659705386158,0.8637659705386158
O=C(O)c1cc(C(=O)O)cc(C(=O)O)c1,-1.942299613604467,-1.8875579741350015,0.05474163946946553,0.05474163946946553
O=C(O)c1cc(C(=O)O)cc(S(=O)(=O)[O-])c1,0.1093957955790299,-1.1384915344520405,-1.2478873300310704,1.2478873300310704
O=C(O)c1cc(C(=O)O)cc([N+](=O)[O-])c1,-2.1784198169318016,-2.040023277809169,0.1383965391226325,0.1383965391226325
O=C(O)c1cc(Cl)c(Cl)cc1Cl,-2.4446000932744965,-2.730814222250182,-0.28621412897568543,0.28621412897568543
O=C(O)c1cc(Cl)cc(Cl)c1,-3.1136998880227673,-2.699976715944322,0.41372317207844533,0.41372317207844533
O=C(O)c1cc(Cl)ccc1O,-1.2370000535822623,-1.9672935015249866,-0.7302934479427243,0.7302934479427243
O=C(O)c1cc(Cl)ccc1[N+](=O)[O-],-1.3189999967142456,-2.1582172412567844,-0.8392172445425388,0.8392172445425388
O=C(O)c1cc(I)cc(I)c1O,-3.306999887195881,-3.079165054219839,0.227834832976042,0.227834832976042
O=C(O)c1cc(O)c(O)c(O)c1,-1.1552000179770705,-1.3603745906277873,-0.2051745726507168,0.2051745726507168
O=C(O)c1cc(O)cc(C(=O)O)c1,-2.0051114981422216,-1.8097145551448839,0.19539694299733767,0.19539694299733767
O=C(O)c1cc(O)ccc1O,-0.8499999167625774,-1.1322121503407243,-0.28221223357814695,0.28221223357814695
O=C(O)c1cc(S(=O)(=O)O)ccc1O,0.6554903221792943,-1.1166337979906555,-1.7721241201699498,1.7721241201699498
O=C(O)c1cc([N+](=O)[O-])cc([N+](=O)[O-])c1,-2.2076496881507826,-2.07194032561274,0.13570936253804256,0.13570936253804256
O=C(O)c1cc([N+](=O)[O-])cc([N+](=O)[O-])c1O,-1.0571259028049313,-1.9944282247511533,-0.937302321946222,0.937302321946222
O=C(O)c1cc([N+](=O)[O-])ccc1O,-2.262733471803534,-2.057087387019632,0.2056460847839019,0.2056460847839019
O=C(O)c1ccc(Br)c([N+](=O)[O-])c1,-2.9676999859541926,-2.567463354564341,0.40023663138985155,0.40023663138985155
O=C(O)c1ccc(Br)cc1,-3.5250999691850957,-2.7201148119095735,0.8049851572755222,0.8049851572755222
O=C(O)c1ccc(C(=O)O)c(Br)c1,-2.1338999477142373,-2.487185435022305,-0.35328548730806775,0.35328548730806775
O=C(O)c1ccc(C(=O)O)c(C(=O)O)c1,-1.0003000094858008,-1.718541471127524,-0.7182414616417232,0.7182414616417232
O=C(O)c1ccc(C(=O)O)cc1,-4.044400180488415,-2.4420530426061657,1.6023471378822491,1.6023471378822491
O=C(O)c1ccc(Cl)c(Cl)c1,-3.4949998601936616,-2.6584468124025067,0.8365530477911549,0.8365530477911549
O=C(O)c1ccc(Cl)c([N+](=O)[O-])c1,-2.7599999721894077,-2.453796520390855,0.3062034517985528,0.3062034517985528
O=C(O)c1ccc(Cl)cc1,-3.309999912931944,-2.4773975240213284,0.8326023889106158,0.8326023889106158
O=C(O)c1ccc(Cl)cc1Cl,-2.6003000723149055,-2.5287783884175976,0.07152168389730784,0.07152168389730784
O=C(O)c1ccc(F)c([N+](=O)[O-])c1,-1.5808999642135397,-2.2976301358468616,-0.7167301716333219,0.7167301716333219
O=C(O)c1ccc(F)cc1,-2.0673001015150407,-2.0881953404291758,-0.020895238914135028,0.020895238914135028
O=C(O)c1ccc(I)cc1,-3.963099913700202,-3.2576597341208764,0.7054401795793255,0.7054401795793255
O=C(O)c1ccc(N=C=S)cc1,-3.9799999298794773,-3.2489511603524273,0.73104876952705,0.73104876952705
O=C(O)c1ccc(O)c(C(=O)O)c1,-1.779999962644149,-1.8787721200385863,-0.09877215739443734,0.09877215739443734
O=C(O)c1ccc(O)c(O)c1,-0.9278000315336765,-1.291055838652078,-0.36325580711840155,0.36325580711840155
O=C(O)c1ccc(O)cc1,-1.4100000000323194,-1.4449628459952797,-0.03496284596296029,0.03496284596296029
O=C(O)c1ccc(O)cc1O,-1.4100000000323194,-1.1997625105297065,0.2102374895026129,0.2102374895026129
O=C(O)c1ccc(S(=O)(=O)O)c(C(=O)O)c1,0.6086999773526052,-0.9161544648605426,-1.5248544422131478,1.5248544422131478
O=C(O)c1ccc([N+](=O)[O-])c(C(=O)O)c1,-1.3391000993552635,-1.9185966816471518,-0.5794965822918883,0.5794965822918883
O=C(O)c1ccc([N+](=O)[O-])c([N+](=O)[O-])c1,-1.5004999621798356,-2.1580223041828046,-0.657522342002969,0.657522342002969
O=C(O)c1ccc([N+](=O)[O-])cc1,-2.799999946524778,-2.4371358349188927,0.36286411160588505,0.36286411160588505
O=C(O)c1ccc([N+](=O)[O-])cc1[N+](=O)[O-],-1.0665000406314145,-1.9995225984413934,-0.9330225578099789,0.9330225578099789
O=C(O)c1cccc(Br)c1,-2.6989998857899913,-2.3024160010207897,0.3965838847692016,0.3965838847692016
O=C(O)c1cccc(C(=O)O)c1,-3.2204000623400484,-1.9037537520480627,1.3166463102919856,1.3166463102919856
O=C(O)c1cccc(C(=O)O)c1C(=O)O,-0.8369999357423938,-1.0572778761018655,-0.22027794035947168,0.22027794035947168
O=C(O)c1cccc(C(=O)O)c1O,-2.1099998998543126,-1.4324788388300098,0.6775210610243028,0.6775210610243028
O=C(O)c1cccc(C(=O)O)c1[N+](=O)[O-],-1.99010004976629,-1.3854530443345041,0.6046470054317858,0.6046470054317858
O=C(O)c1cccc(Cl)c1,-2.5415000921687083,-2.147084924902777,0.3944151672659313,0.3944151672659313
O=C(O)c1cccc(Cl)c1C(=O)O,-0.9760000784838985,-1.5064276016442155,-0.530427523160317,0.530427523160317
O=C(O)c1cccc(Cl)c1Cl,-2.33167290333246,-2.130855715587926,0.20081718774453394,0.20081718774453394
O=C(O)c1cccc(Cl)c1[N+](=O)[O-],-2.630000093899178,-1.7890106446198102,0.8409894492793679,0.8409894492793679
O=C(O)c1cccc(F)c1,-1.970399966444039,-1.7651624120282399,0.20523755441579916,0.20523755441579916
O=C(O)c1cccc(I)c1,-3.2706000526852184,-2.842693072201371,0.42790698048384757,0.42790698048384757
O=C(O)c1cccc(N=C=S)c1,-3.2499999769620374,-2.956824116027712,0.29317586093432535,0.29317586093432535
O=C(O)c1cccc(O)c1,-1.2400000282520294,-1.1844019048658365,0.055598123386192855,0.055598123386192855
O=C(O)c1cccc(O)c1C(=O)O,-2.1099998998543126,-1.237353023820303,0.8726468760340096,0.8726468760340096
O=C(O)c1cccc([N+](=O)[O-])c1,-1.745907150188458,-1.9750283431610633,-0.22912119297260536,0.22912119297260536
O=C(O)c1cccc([N+](=O)[O-])c1C(=O)O,-1.0214000582911447,-1.3145502839448715,-0.29315022565372684,0.29315022565372684
O=C(O)c1cccc([N+](=O)[O-])c1O,-2.148999911003258,-1.7416103639535438,0.4073895470497142,0.4073895470497142
O=C(O)c1ccccc1,-1.619929866167751,-1.3034114311049743,0.31651843506277677,0.31651843506277677
O=C(O)c1ccccc1Br,-2.0499999979286034,-1.9642276853775604,0.085772312551043,0.085772312551043
O=C(O)c1ccccc1C(=O)O,-1.4245733676768555,-1.3781076683160187,0.046465699360836776,0.046465699360836776
O=C(O)c1ccccc1C(=O)OCCO,-1.4824999779844439,-1.4292809992852917,0.05321897869915215,0.05321897869915215
O=C(O)c1ccccc1C(F)(F)F,-1.5978000484812096,-1.7000797114393869,-0.10227966295817725,0.10227966295817725
O=C(O)c1ccccc1CO,-1.5507999913988946,-1.061379520997616,0.48942047040127856,0.48942047040127856
O=C(O)c1ccccc1Cl,-1.8900000324987298,-1.7551271358893772,0.13487289660935264,0.13487289660935264
O=C(O)c1ccccc1F,-1.3899999873314866,-1.4525340031305365,-0.06253401579904994,0.06253401579904994
O=C(O)c1ccccc1I,-2.7307998896431007,-2.504274600762012,0.22652528888108892,0.22652528888108892
O=C(O)c1ccccc1O,-1.820000124222604,-1.1984292035850088,0.6215709206375952,0.6215709206375952
O=C(O)c1ccccc1[N+](=O)[O-],-1.35000009810661,-1.525851314172445,-0.17585121606583498,0.17585121606583498
O=C(OCC(=O)N(CCO)CCO)c1ccccc1,0.4300000790299907,-0.9604256752607214,-1.3904257542907121,1.3904257542907121
O=C(OCC([N+](=O)[O-])([N+](=O)[O-])[N+](=O)[O-])c1ccccc1C(=O)OCC([N+](=O)[O-])([N+](=O)[O-])[N+](=O)[O-],-3.57820006554713,-4.007486193487397,-0.42928612794026666,0.42928612794026666
O=C(OCCCO)c1ccccc1,-1.2558000764151882,-1.5068327275925841,-0.2510326511773959,0.2510326511773959
O=C(OCCO)c1ccccc1O,-1.156700005311954,-1.3627578206185087,-0.20605781530655465,0.20605781530655465
O=C([O-])COc1ccccc1,0.10859562076470652,-1.164183328418069,-1.2727789491827755,1.2727789491827755
O=C([O-])c1cc(Br)ccc1Cl,-1.952000031018275,-2.561141619471531,-0.609141588453256,0.609141588453256
O=C([O-])c1cccc(Cl)c1[N+](=O)[O-],-2.632299881562215,-1.8762697353571682,0.7560301462050467,0.7560301462050467
O=C([O-])c1ccccc1,-0.06944953955462907,-1.0719735305032536,-1.0025239909486245,1.0025239909486245
O=C([O-])c1ccccc1C(=O)O,0.1150425023269448,-1.251014960213602,-1.3660574625405468,1.3660574625405468
O=C([O-])c1ccccc1O,-0.10749215978592552,-1.0480227567892895,-0.9405305970033639,0.9405305970033639
O=C(c1ccccc1)C(F)(F)F,-1.1599999774486978,-2.2975098236534555,-1.1375098462047577,1.1375098462047577
O=C/C=C/c1ccccc1,-1.9688183411239297,-2.074587602398045,-0.10576926127411523,0.10576926127411523
O=CC(=O)Cc1ccccc1,-2.1707000909193446,-1.4338769659264463,0.7368231249928983,0.7368231249928983
O=CC(=O)c1ccccc1,-0.7400001192615755,-1.4566800416596208,-0.7166799223980453,0.7166799223980453
O=CNC(Nc1ccc(Cl)c(Cl)c1)C(Cl)(Cl)Cl,-3.3227998842927438,-3.872350135232591,-0.5495502509398471,0.5495502509398471
O=CNc1ccccc1,-0.678499957647404,-1.1255291382257224,-0.4470291805783184,0.4470291805783184
O=COCc1ccccc1,-1.673119839210768,-1.7282418885413318,-0.05512204933056375,0.05512204933056375
O=Cc1cc(Br)ccc1Br,-3.8002998130389583,-3.0623830692727476,0.7379167437662106,0.7379167437662106
O=Cc1cc(O)c(O)c([N+](=O)[O-])c1,-1.9378339000623424,-2.168540599393554,-0.23070669933121168,0.23070669933121168
O=Cc1cc(O)cc(Br)c1,-3.2502000036435197,-2.1242293530173013,1.1259706506262184,1.1259706506262184
O=Cc1cc(O)ccc1O,-1.000400099425986,-0.6658041955746676,0.33459590385131843,0.33459590385131843
O=Cc1ccc(B(O)O)cc1,-2.267384794309567,-1.9094988465262954,0.35788594778327143,0.35788594778327143
O=Cc1ccc(C=O)cc1,-2.826499932713604,-1.8146346225447334,1.0118653101688704,1.0118653101688704
O=Cc1ccc(Cl)cc1,-2.177077998937768,-2.2017562971489286,-0.02467829821116041,0.02467829821116041
O=Cc1ccc(O)c(Br)c1,-2.1793999493732743,-2.2035294551232836,-0.024129505750009272,0.024129505750009272
O=Cc1ccc(O)c(C(=O)O)c1,-2.635400048304759,-2.032396083925087,0.6030039643796719,0.6030039643796719
O=Cc1ccc(O)c(O)c1,-1.3401999992829852,-1.0856865331925656,0.2545134660904196,0.2545134660904196
O=Cc1ccc(O)c([N+](=O)[O-])c1,-2.951199989093684,-2.2875151281978243,0.6636848608958599,0.6636848608958599
O=Cc1ccc(O)cc1,-0.9762001221874792,-1.1026024139678023,-0.12640229178032314,0.12640229178032314
O=Cc1ccc([N+](=O)[O-])cc1,-1.810099935458794,-2.322662561798772,-0.5125626263399781,0.5125626263399781
O=Cc1cccc(C(=O)O)c1O,-2.4423000673020785,-1.6888168015443759,0.7534832657577026,0.7534832657577026
O=Cc1cccc(O)c1,-1.230000021901613,-0.9553761037341832,0.2746239181674297,0.2746239181674297
O=Cc1cccc([N+](=O)[O-])c1,-1.9800000215640832,-2.0216201422288544,-0.041620120664771276,0.041620120664771276
O=Cc1ccccc1,-1.209572414082166,-1.099054327720831,0.11051808636133509,0.11051808636133509
O=Cc1ccccc1C=O,-1.3400000917561936,-1.4937745990833406,-0.15377450732714704,0.15377450732714704
O=Cc1ccccc1Cl,-1.9805722364330054,-1.7447176459333325,0.23585459049967294,0.23585459049967294
O=Cc1ccccc1O,-0.8600001954665726,-0.8061526247076998,0.05384757075887281,0.05384757075887281
O=Cc1ccccc1[N+](=O)[O-],-1.8137999950026997,-1.7990809181935403,0.014719076809159404,0.014719076809159404
O=I(=O)c1ccccc1,-1.841599941844927,-1.8845575909348664,-0.04295764908993949,0.04295764908993949
O=NN([O-])c1ccccc1,-6.1946491152310195,-3.1249882204221437,3.0696608948088757,3.0696608948088757
O=Nc1ccc(O)cc1,-1.5462000756308483,-1.4328507376417725,0.11334933798907576,0.11334933798907576
O=P(O)(O)c1ccccc1,-1.0269232526911032,-0.8487417794056107,0.1781814732854925,0.1781814732854925
O=S(=O)(Cl)c1ccc(I)cc1,-4.268599876204882,-3.4439826899575956,0.8246171862472864,0.8246171862472864
O=S(=O)(Cl)c1ccccc1,-1.8853218150767972,-2.0094520652149175,-0.12413025013812029,0.12413025013812029
O=S(=O)(O)CCSc1ccccc1,-1.5299999400605273,-1.1140823896650653,0.41591755039546197,0.41591755039546197
O=S(=O)(O)OCCOc1ccc(Cl)cc1Cl,-0.06010018590381083,-1.3073578344608459,-1.247257648557035,1.247257648557035
O=S(=O)(O)c1c(Br)c(Br)c(Br)c(Br)c1Br,-2.006099937367846,-1.5135452900708786,0.4925546472969673,0.4925546472969673
O=S(=O)(O)c1ccc(O)cc1,0.7590089215671374,-1.262264797136834,-2.0212737187039713,2.0212737187039713
O=S(=O)(O)c1ccccc1,0.8489068461288598,0.1117783446858045,-0.7371285014430553,0.7371285014430553
O=S(=O)([O-])C[C@@H](O)CNc1ccccc1,0.11878436814518611,-0.11746384136415378,-0.2362482095093399,0.2362482095093399
O=S(=O)([O-])c1ccc(O)cc1,-8.363189588675052,-1.8933881110181943,6.4698014776568575,6.4698014776568575
O=S(=O)([O-])c1cccc(S(=O)(=O)[O-])c1,0.3709472866743324,0.29587656329252754,-0.07507072338180487,0.07507072338180487
O=S(=O)(c1ccccc1)N(Br)Br,-3.2799999449469905,-3.316897386468101,-0.03689744152111052,0.03689744152111052
O=[N+]([O-])c1c(Cl)c(Cl)c(Cl)c(Cl)c1Cl,-5.826899882593857,-6.269379396639406,-0.44247951404554886,0.44247951404554886
O=[N+]([O-])c1c(Cl)c(Cl)cc(Cl)c1Cl,-5.096299968786661,-5.127483908844672,-0.031183940058011395,0.031183940058011395
O=[N+]([O-])c1c(Cl)cc(Cl)cc1Cl,-4.559100101537517,-4.403739679321395,0.15536042221612156,0.15536042221612156
O=[N+]([O-])c1c(O)cccc1O,-2.0734000046179704,-1.7047802618547758,0.36861974276319454,0.36861974276319454
O=[N+]([O-])c1cc(C(F)(F)F)ccc1Cl,-2.5337047539939554,-4.124942555355402,-1.591237801361447,1.591237801361447
O=[N+]([O-])c1cc(C(F)(F)F)ccc1O,-2.503000020057729,-2.929975006595145,-0.42697498653741617,0.42697498653741617
O=[N+]([O-])c1cc(CCO)ccc1O,-1.155599969207443,-2.016390000279615,-0.8607900310721719,0.8607900310721719
O=[N+]([O-])c1cc(Cl)c(Cl)c(Cl)c1Cl,-4.553100016021193,-5.399960863750932,-0.8468608477297392,0.8468608477297392
O=[N+]([O-])c1cc(Cl)c(Cl)cc1Cl,-3.88659994682559,-4.205962229869124,-0.3193622830435343,0.3193622830435343
O=[N+]([O-])c1cc(Cl)cc(Cl)c1,-3.5843333660076526,-3.502625385912073,0.08170798009557956,0.08170798009557956
O=[N+]([O-])c1cc(Cl)cc(Cl)c1O,-4.087600156175034,-2.9035803105976483,1.1840198455773856,1.1840198455773856
O=[N+]([O-])c1cc(Cl)ccc1Cl,-3.3642253402371143,-3.2976948250458045,0.06653051519130981,0.06653051519130981
O=[N+]([O-])c1cc(Cl)ccc1O,-3.09019992331448,-2.357650940909739,0.7325489824047411,0.7325489824047411
O=[N+]([O-])c1cc(N(CCO)CCO)ccc1NCCO,-1.7953856248372626,-1.5648479889900506,0.23053763584721199,0.23053763584721199
O=[N+]([O-])c1cc(O)cc([N+](=O)[O-])c1,-1.6629999972857081,-2.2811590084656994,-0.6181590111799913,0.6181590111799913
O=[N+]([O-])c1cc(O)ccc1NCCCO,-2.1105897496174584,-2.2193450274404305,-0.10875527782297212,0.10875527782297212
O=[N+]([O-])c1cc([N+](=O)[O-])c(Cl)c([N+](=O)[O-])c1,-2.6689999007829392,-3.062803787463499,-0.39380388668055977,0.39380388668055977
O=[N+]([O-])c1cc([N+](=O)[O-])c(O)c([N+](=O)[O-])c1,-1.9700000152136665,-2.6628780051285266,-0.69287798991486,0.69287798991486
O=[N+]([O-])c1cc([N+](=O)[O-])c(O)c([N+](=O)[O-])c1O,-3.509999937807681,-2.491561067618263,1.018438870189418,1.018438870189418
O=[N+]([O-])c1cc([N+](=O)[O-])c(O)cc1O,-3.4086000449972125,-2.3953001463965524,1.01329989860066,1.01329989860066
O=[N+]([O-])c1cc([N+](=O)[O-])c([O-])c([N+](=O)[O-])c1[O-],-2.808391313484494,-2.807894710777868,0.0004966027066259926,0.0004966027066259926
O=[N+]([O-])c1cc([N+](=O)[O-])cc([N+](=O)[O-])c1,-2.8845999130961557,-2.780844808669378,0.10375510442677749,0.10375510442677749
O=[N+]([O-])c1ccc(CO)cc1,-1.8841000369225915,-1.7322830709426031,0.1518169659799884,0.1518169659799884
O=[N+]([O-])c1ccc(Cl)c(Cl)c1,-3.200518097893499,-3.449206567774524,-0.24868846988102522,0.24868846988102522
O=[N+]([O-])c1ccc(Cl)c(Cl)c1Cl,-3.9399999725662065,-4.39353050542251,-0.45353053285630374,0.45353053285630374
O=[N+]([O-])c1ccc(Cl)cc1,-2.8118286028912163,-2.9385036057143465,-0.12667500282313027,0.12667500282313027
O=[N+]([O-])c1ccc(Cl)cc1C(F)(F)F,-3.353300046647143,-3.7097663514012575,-0.35646630475411456,0.35646630475411456
O=[N+]([O-])c1ccc(Cl)cc1Cl,-3.00914571521808,-3.4557526541278167,-0.4466069389097367,0.4466069389097367
O=[N+]([O-])c1ccc(Cl)cc1O,-2.6373770288886,-2.510423799862693,0.126953229025907,0.126953229025907
O=[N+]([O-])c1ccc(F)c([N+](=O)[O-])c1,-2.6677000592842286,-2.753495181447491,-0.08579512216326224,0.08579512216326224
O=[N+]([O-])c1ccc(F)cc1O,-2.0499999979286034,-2.2243043137556175,-0.1743043158270141,0.1743043158270141
O=[N+]([O-])c1ccc(O)c([N+](=O)[O-])c1,-2.5975999929795233,-2.334067640261883,0.2635323527176401,0.2635323527176401
O=[N+]([O-])c1ccc(O)cc1,-0.940000110093115,-1.7497582297917722,-0.8097581196986572,0.8097581196986572
O=[N+]([O-])c1ccc(O)cc1C(F)(F)F,-1.6172000662480892,-2.310217365018472,-0.6930172987703829,0.6930172987703829
O=[N+]([O-])c1ccc([N+](=O)[O-])c(O)c1,-2.679600004199901,-2.48681394474091,0.19278605945899097,0.19278605945899097
O=[N+]([O-])c1ccc([N+](=O)[O-])cc1,-3.3866998894659397,-2.7600808101359964,0.6266190793299433,0.6266190793299433
O=[N+]([O-])c1cccc(Br)c1,-1.3054000207601086,-2.7539628465863766,-1.448562825826268,1.448562825826268
O=[N+]([O-])c1cccc(CO)c1,-2.4142000549044798,-1.4722341545411821,0.9419659003632976,0.9419659003632976
O=[N+]([O-])c1cccc(Cl)c1,-2.7612721868219756,-2.6777767672112565,0.08349541961071916,0.08349541961071916
O=[N+]([O-])c1cccc(Cl)c1Cl,-3.4881000205857893,-3.2512739959370642,0.23682602464872504,0.23682602464872504
O=[N+]([O-])c1cccc(N=C=S)c1,-3.549999929165149,-3.5504243241292133,-0.000424394964064323,0.000424394964064323
O=[N+]([O-])c1cccc(O)c1,-1.0700000564717391,-1.5851007458119497,-0.5151006893402106,0.5151006893402106
O=[N+]([O-])c1cccc(P(=O)(O)O)c1,0.6834999812771474,-1.1274598527453756,-1.810959834022523,1.810959834022523
O=[N+]([O-])c1cccc(S(=O)(=O)[O-])c1,-0.051455683314758804,-0.3786465657138489,-0.3271908823990901,0.3271908823990901
O=[N+]([O-])c1cccc([N+](=O)[O-])c1,-2.498899941195056,-2.4519449245858245,0.046955016609231404,0.046955016609231404
O=[N+]([O-])c1cccc([N+](=O)[O-])c1O,-2.7667999091001803,-2.2735372616531926,0.49326264744698767,0.49326264744698767
O=[N+]([O-])c1ccccc1,-1.7999999753449818,-2.1486553156377632,-0.34865534029278145,0.34865534029278145
O=[N+]([O-])c1ccccc1CO,-1.4860999475881644,-1.3131437138874942,0.17295623370067026,0.17295623370067026
O=[N+]([O-])c1ccccc1Cl,-2.563966504834369,-2.5659179522702034,-0.001951447435834197,0.001951447435834197
O=[N+]([O-])c1ccccc1NCCO,-1.99332655452517,-1.7614883622511033,0.23183819227406666,0.23183819227406666
O=[N+]([O-])c1ccccc1O,-1.8029142948142367,-1.6510356407486648,0.15187865406557188,0.15187865406557188
O=[N+]([O-])c1ccccc1[N+](=O)[O-],-3.10170004466552,-2.3959932862544333,0.7057067584110865,0.7057067584110865
OC(=S)COc1cc(Cl)c(Cl)cc1Cl,-2.9600000225982925,-3.1962658584908064,-0.23626583589251382,0.23626583589251382
OC(=S)COc1ccc(Cl)cc1Cl,-2.690000063913282,-2.821264224538099,-0.13126416062481683,0.13126416062481683
OCC(O)COc1ccc(Cl)cc1,-1.3066999643914112,-1.5513382982472645,-0.24463833385585332,0.24463833385585332
OCCCc1ccccc1,-1.3797999372774892,-1.1067859011139627,0.2730140361635265,0.2730140361635265
OCCN(CCO)c1ccccc1,-0.5833810149813297,-0.6570496621398068,-0.0736686471584771,0.0736686471584771
OCCNc1ccccc1,-0.47450004598177165,-0.5722954072660755,-0.09779536128430388,0.09779536128430388
OCCOCCOc1ccccc1,-0.7165256919568188,-0.856721330732181,-0.14019563877536223,0.14019563877536223
OCCOc1ccc(OCCO)cc1,-1.230000021901613,-0.6328635749338152,0.5971364469677978,0.5971364469677978
OCCOc1cccc(OCCO)c1,-1.020000024719657,-0.6322747464965901,0.3877252782230669,0.3877252782230669
OCCOc1ccccc1,-0.7424613785526044,-0.696081470569069,0.04637990798353542,0.04637990798353542
OCCc1ccccc1,-0.7859239711775188,-0.6577795697308169,0.12814440144670192,0.12814440144670192
OCNC(=S)c1ccccc1,-1.139999964747865,-2.0630508409796158,-0.9230508762317509,0.9230508762317509
OCc1c(Cl)c(Cl)c(Cl)c(Cl)c1Cl,-5.146699815592326,-4.701393816106664,0.44530599948566163,0.44530599948566163
OCc1c(Cl)cccc1Cl,-2.101900104422731,-1.7778796900336962,0.32402041438903484,0.32402041438903484
OCc1cc(Br)ccc1O,-0.20720026025368599,-1.079054723550366,-0.87185446329668,0.87185446329668
OCc1cc(Cl)c(Cl)c(Cl)c1,-3.094799971003791,-2.86674444651848,0.22805552448531063,0.22805552448531063
OCc1cc(O)ccc1O,0.8533998631172524,0.43901607190043723,-0.4143837912168151,0.4143837912168151
OCc1ccc(Br)cc1,-1.929500016729838,-1.7835389250462328,0.14596109168360516,0.14596109168360516
OCc1ccc(CO)cc1,-0.3861000661030922,-0.22526928608128705,0.16083078002180518,0.16083078002180518
OCc1ccc(Cl)c(Cl)c1,-2.043900026737279,-2.1824419345825614,-0.13854190784528253,0.13854190784528253
OCc1ccc(Cl)cc1,-1.7561001190494083,-1.6436902647301792,0.11240985431922912,0.11240985431922912
OCc1ccc(Cl)cc1Cl,-2.247999892166307,-2.109948356939537,0.13805153522676994,0.13805153522676994
OCc1ccc(I)cc1,-2.7460000450048985,-2.477149750353074,0.2688502946518243,0.2688502946518243
OCc1ccc(O)cc1,-1.2677999750942566,-0.2936591761767202,0.9741407989175364,0.9741407989175364
OCc1cccc(CO)c1,-0.2328001348868911,-0.031682813498591145,0.20111732138829996,0.20111732138829996
OCc1cccc(O)c1,-0.2678002932901382,-0.13587603270096116,0.13192426058917706,0.13192426058917706
OCc1ccccc1,-0.4319001333175003,-0.5245992144365133,-0.09269908111901293,0.09269908111901293
OCc1ccccc1Br,-2.1579999711893487,-1.3526575881511178,0.8053423830382309,0.8053423830382309
OCc1ccccc1CO,0.056899915631419606,0.1106339149479596,0.05373399931653999,0.05373399931653999
OCc1ccccc1O,-0.29460015779125026,0.021844197098110474,0.31644435488936073,0.31644435488936073
ONc1ccccc1,-0.4358999179748042,-1.0163916121549956,-0.5804916941801914,0.5804916941801914
Oc1c(Br)c(Br)c(Br)c(Br)c1Br,-6.599999755301928,-6.785016077822567,-0.1850163225206387,0.1850163225206387
Oc1c(Br)cc(Br)cc1Br,-3.674499967374797,-3.5162339410039403,0.15826602637085685,0.15826602637085685
Oc1c(Cl)c(Cl)c(Cl)c(Cl)c1Cl,-4.279300103606227,-4.607144226063912,-0.32784412245768557,0.32784412245768557
Oc1c(Cl)c(Cl)cc(Cl)c1Cl,-3.3699998489018506,-3.1652736893964226,0.20472615950542794,0.20472615950542794
Oc1c(Cl)cc(Cl)c(Cl)c1Cl,-3.0999998817057905,-3.0642370141273947,0.03576286757839586,0.03576286757839586
Oc1c(Cl)cc(Cl)cc1Cl,-2.3924000574017867,-2.2887604649365905,0.10363959246519627,0.10363959246519627
Oc1c(Cl)ccc(Cl)c1Cl,-2.64220000223763,-2.240887855076403,0.4013121471612271,0.4013121471612271
Oc1c(Cl)cccc1Cl,-1.7899999689945654,-1.6101650371325724,0.17983493186199295,0.17983493186199295
Oc1c(F)c(F)c(F)c(F)c1F,-0.5199999795524137,-0.17597791834107346,0.34402206121134027,0.34402206121134027
Oc1c(O)c(Cl)c(Cl)c(Cl)c1Cl,-3.549999929165149,-2.4688251951306412,1.0811747340345077,1.0811747340345077
Oc1cc(Cl)c(Cl)c(Cl)c1Cl,-3.150000066656761,-3.0353743946872394,0.11462567196952156,0.11462567196952156
Oc1cc(Cl)c(Cl)cc1Cl,-2.2163000463417775,-1.9752472473499716,0.24105279899180587,0.24105279899180587
Oc1cc(Cl)cc(Cl)c1,-1.5590000129474508,-1.6806641695185194,-0.12166415657106855,0.12166415657106855
Oc1cc(Cl)cc(Cl)c1Cl,-2.6700000512124493,-2.313202155976225,0.3567978952362245,0.3567978952362245
Oc1cc(Cl)ccc1Cl,-1.9111655823397595,-1.5870551550929528,0.3241104272468067,0.3241104272468067
Oc1cc(F)c(F)c(F)c1,-0.15360979127313934,-0.37502862077393173,-0.2214188295007924,0.2214188295007924
Oc1cc(O)cc(O)c1,-1.0500000437709063,0.1145421888028082,1.1645422325737145,1.1645422325737145
Oc1ccc(Br)cc1,-1.0920000976780133,-1.3940377653130236,-0.3020376676350103,0.3020376676350103
Oc1ccc(Br)cc1Br,-2.1224999758807277,-2.3179470319365527,-0.19544705605582502,0.19544705605582502
Oc1ccc(Cl)c(Cl)c1,-1.2458000700647718,-1.3235500717773834,-0.0777500017126116,0.0777500017126116
Oc1ccc(Cl)c(Cl)c1Cl,-2.6700000512124493,-2.1665581376939413,0.503441913518508,0.503441913518508
Oc1ccc(Cl)c(O)c1,-1.070567641329823,-0.42329267081515676,0.6472749705146663,0.6472749705146663
Oc1ccc(Cl)cc1,-0.6876597532074227,-1.1874615249693468,-0.4998017717619241,0.4998017717619241
Oc1ccc(Cl)cc1Cl,-1.5589831270255692,-1.546543104963265,0.012440022062304212,0.012440022062304212
Oc1ccc(F)cc1,-0.21000005504308294,-0.44631199528984666,-0.23631194024676372,0.23631194024676372
Oc1ccc(I)cc1,-1.7100000543680232,-1.8903497344938256,-0.18034968012580244,0.18034968012580244
Oc1ccc(N=C=S)cc1,-2.6700000512124493,-2.6311087091414196,0.03889134207102973,0.03889134207102973
Oc1ccc(O)cc1,-0.9636183400874434,0.17182795113963323,1.1354462912270766,1.1354462912270766
Oc1cccc(Br)c1,-0.8764001023868957,-1.242397420628845,-0.36599731824194937,0.36599731824194937
Oc1cccc(Cl)c1,-0.7100001002103262,-1.0637428691770898,-0.3537427689667636,0.3537427689667636
Oc1cccc(Cl)c1Cl,-1.655900011841663,-1.4876817771734578,0.16821823466820507,0.16821823466820507
Oc1cccc(N=C=S)c1,-1.9900000279144996,-2.4520200941735553,-0.4620200662590557,0.4620200662590557
Oc1cccc(O)c1,1.003488473286588,0.1919862012697111,-0.811502272016877,0.811502272016877
Oc1cccc(O)c1O,0.604299832934561,-0.08576025067791626,-0.6900600836124773,0.6900600836124773
Oc1ccccc1,-2.037378316029283,-0.7170477937672541,1.320330522262029,1.320330522262029
Oc1ccccc1Cl,-0.7538392216578416,-1.0510693039210204,-0.2972300822631788,0.2972300822631788
Oc1ccccc1O,0.6123418894074506,-0.08930574956588977,-0.7016476389733404,0.7016476389733404
S=C=NCCc1ccccc1,-3.171400044840687,-3.600665184533292,-0.42926513969260505,0.42926513969260505
S=C=NCc1ccccc1,-3.136399963036884,-3.4075879450544355,-0.27118798201755157,0.27118798201755157
S=C=Nc1ccc(Br)cc1,-4.26999990977637,-4.211044075294742,0.05895583448162789,0.05895583448162789
S=C=Nc1ccc(I)cc1,-4.050000110509182,-4.553252261671706,-0.5032521511625241,0.5032521511625241
S=C=Nc1cccc(Br)c1,-4.085100086499035,-3.9422140028961383,0.1428860836028969,0.1428860836028969
S=C=Nc1cccc(Cl)c1,-3.9506999957023665,-3.851684218031751,0.09901577767061553,0.09901577767061553
S=C=Nc1cccc(I)c1,-4.679999761613076,-4.110280808974567,0.5697189526385094,0.5697189526385094
S=C=Nc1cccc(N=C=S)c1,-4.699999774313909,-4.159775148219333,0.5402246260945764,0.5402246260945764
S=C=Nc1ccccc1,-3.177200052609232,-3.24918742708198,-0.07198737447274794,0.07198737447274794
Sc1ccccc1,-2.120399993611891,-1.7139068302781888,0.4064931633337021,0.4064931633337021
Sc1ccccc1Cl,-1.7800350962558058,-2.1506087035928463,-0.3705736073370405,0.3705736073370405
[CH2-]CCCCCCCCCCCOS(=O)(=O)c1ccccc1,-3.543437195199356,-3.9032380269505165,-0.3598008317511603,0.3598008317511603
[N-]=[N+]=NCC(=O)N[C@H](CO)[C@H](O)c1ccc([N+](=O)[O-])cc1,-1.16919994516158,-1.5109079541911972,-0.3417080090296172,0.3417080090296172
[NH3+][C@@H](C(=O)[O-])c1ccccc1,-1.5082783803885098,-1.3499276520546666,0.15835072833384323,0.15835072833384323
[NH3+]c1cc([N+](=O)[O-])cc(Cl)c1O,-2.6990299127720467,-2.054190157737443,0.6448397550346039,0.6448397550346039
c1ccccc1,-1.642308887378835,-2.4415438775907203,-0.7992349902118854,0.7992349902118854
Brc1cc(Br)c(-c2ccccc2)c(Br)c1,-7.299999927477501,-6.772248142051466,0.5277517854260347,0.5277517854260347
Brc1ccc(-c2c(Br)c(Br)c(Br)c(Br)c2Br)c(Br)c1Br,-9.350999677532513,-9.365023163301583,-0.01402348576906931,0.01402348576906931
Brc1ccc(-c2ccc(Br)c(Br)c2Br)c(Br)c1Br,-7.756299751522382,-8.643096621562785,-0.8867968700404028,0.8867968700404028
Brc1ccc(-c2ccc(Br)cc2)cc1,-7.739999389835088,-6.372751742155469,1.3672476476796191,1.3672476476796191
Brc1ccc(-c2ccccc2)cc1,-5.552599792831543,-5.223783231920983,0.32881656091056044,0.32881656091056044
Brc1ccc(Br)c(-c2cc(Br)c(Br)cc2Br)c1,-9.725600236796335,-7.937535261663021,1.7880649751333149,1.7880649751333149
Brc1ccc(Br)c(-c2cc(Br)ccc2Br)c1,-8.060000137755571,-7.213178781294749,0.846821356460822,0.846821356460822
C=C(CC(=O)c1ccc(-c2ccccc2Cl)cc1)C(=O)O,-3.2000000132983497,-3.92412829541184,-0.7241282821134902,0.7241282821134902
C=CC(=O)OCCOc1ccccc1-c1ccccc1,-3.9515186905600443,-3.8604324873343008,0.09108620322574357,0.09108620322574357
CC(=O)C(N=Nc1ccc(-c2ccc(N=NC(C(C)=O)C(=O)NN)c(Cl)c2)c(Cl)c1)C(=O)NN,-8.705297276581463,-6.780708533621293,1.9245887429601707,1.9245887429601707
CC(=O)CC(=O)Nc1ccc(-c2ccc(NC(=O)CC(C)=O)c(C)c2)cc1C,-5.325018282727923,-3.6101607920558907,1.7148574906720322,1.7148574906720322
CC(=O)Oc1ccc(-c2ccccc2)cc1,-4.399999992331784,-3.734551684568861,0.6654483077629232,0.6654483077629232
CC(=O)c1ccc(-c2ccccc2)cc1,-3.3103999833170072,-3.5994877319240253,-0.289087748607018,0.289087748607018
CC(C(=O)O)c1ccc(-c2ccccc2)c(F)c1,-4.289999922477203,-3.764177421714533,0.5258225007626698,0.5258225007626698
CC(C)(C)c1cc(-c2cc(C(C)(C)C)cc(C(C)(C)C)c2O)c(O)c(C(C)(C)C)c1,-6.889187236385059,-7.234629076802346,-0.345441840417287,0.345441840417287
CC(C)c1ccc(-c2ccccc2)cc1,-5.609857502749758,-5.7252970182788365,-0.11543951552907838,0.11543951552907838
COC(=O)c1ccc(-c2cc(C(=O)OC)ccc2C(=O)OC)cc1,-6.731677808255929,-4.255078065727842,2.4765997425280872,2.4765997425280872
COCc1ccc(-c2ccc(COC)cc2)cc1,-4.002368397389385,-3.5502481113637714,0.4521202860256137,0.4521202860256137
COc1cc(-c2cc(OC)cc(C(C)(C)C)c2O)c(O)c(C(C)(C)C)c1,-6.776311112739036,-6.214087262498921,0.5622238502401142,0.5622238502401142
COc1cc(-c2ccc(N)c(OC)c2)ccc1N,-3.609800059740856,-2.610308453537868,0.9994916062029882,0.9994916062029882
COc1ccc(-c2ccccc2)cc1NNC(=O)OC(C)C,-4.902500107175026,-4.532042726727711,0.37045738044731547,0.37045738044731547
Cc1cc(-c2ccc(N)c(C)c2)ccc1N,-2.2130000742050333,-3.043471679359267,-0.8304716051542336,0.8304716051542336
Cc1cc(-c2ccc(N=C=O)c(C)c2)ccc1N=C=O,-2.3081273917436538,-4.111775349237876,-1.803647957494222,1.803647957494222
Cc1ccc(-c2ccc(C)cc2)cc1,-6.017700178066093,-5.053404552489463,0.9642956255766304,0.9642956255766304
Cc1ccc(-c2ccccc2)cc1,-4.618500144706061,-4.6318593600965965,-0.013359215390535084,0.013359215390535084
ClCc1ccc(-c2ccc(CCl)cc2)cc1,-10.098913108339898,-6.956359705983546,3.142553402356352,3.142553402356352
Clc1c(Cl)c(Cl)c(-c2c(Cl)c(Cl)c(Cl)c(Cl)c2Cl)c(Cl)c1Cl,-11.60000020697436,-10.51077218188184,1.0892280250925204,1.0892280250925204
Clc1c(Cl)c(Cl)c(-c2ccccc2)c(Cl)c1Cl,-7.9106997188430945,-8.0027802849848,-0.09208056614170523,0.09208056614170523
Clc1cc(-c2c(Cl)c(Cl)c(Cl)c(Cl)c2Cl)c(Cl)c(Cl)c1Cl,-9.619999494299064,-10.158419097050572,-0.5384196027515085,0.5384196027515085
Clc1cc(-c2c(Cl)c(Cl)c(Cl)c(Cl)c2Cl)cc(Cl)c1Cl,-9.699699956165786,-9.774863007410783,-0.07516305124499745,0.07516305124499745
Clc1cc(-c2c(Cl)c(Cl)cc(Cl)c2Cl)c(Cl)c(Cl)c1Cl,-9.2899995570889,-9.522143398166701,-0.23214384107780184,0.23214384107780184
Clc1cc(-c2c(Cl)c(Cl)cc(Cl)c2Cl)cc(Cl)c1Cl,-9.100000253491723,-9.059329148872054,0.04067110461966905,0.04067110461966905
Clc1cc(-c2c(Cl)cc(Cl)c(Cl)c2Cl)c(Cl)c(Cl)c1Cl,-9.419999911997891,-9.569838501581948,-0.14983858958405705,0.14983858958405705
Clc1cc(-c2c(Cl)cc(Cl)c(Cl)c2Cl)cc(Cl)c1Cl,-9.100000253491723,-9.100962206331815,-0.0009619528400914845,0.0009619528400914845
Clc1cc(-c2c(Cl)ccc(Cl)c2Cl)c(Cl)c(Cl)c1Cl,-8.59009988338388,-8.85788119023917,-0.267781306855289,0.267781306855289
Clc1cc(-c2c(Cl)ccc(Cl)c2Cl)cc(Cl)c1Cl,-8.269999998760737,-8.291837853410875,-0.021837854650138766,0.021837854650138766
Clc1cc(-c2c(Cl)cccc2Cl)c(Cl)c(Cl)c1Cl,-8.129999909854908,-8.30799168887281,-0.17799177901790308,0.17799177901790308
Clc1cc(-c2cc(Cl)c(Cl)c(Cl)c2)cc(Cl)c1Cl,-8.849799914850943,-8.70918212802854,0.14061778682240167,0.14061778682240167
Clc1cc(-c2cc(Cl)c(Cl)c(Cl)c2Cl)c(Cl)c(Cl)c1Cl,-9.159999746887065,-9.78266430332007,-0.6226645564330049,0.6226645564330049
Clc1cc(-c2cc(Cl)c(Cl)c(Cl)c2Cl)cc(Cl)c1Cl,-8.720199374995532,-9.316312181037654,-0.5961128060421217,0.5961128060421217
Clc1cc(-c2ccc(Cl)c(Cl)c2Cl)cc(Cl)c1Cl,-9.100000253491723,-8.597366276864532,0.502633976627191,0.502633976627191
Clc1cc(-c2cccc(Cl)c2Cl)cc(Cl)c1Cl,-7.405199765506875,-7.845864315303734,-0.44066454979685865,0.44066454979685865
Clc1cc(-c2ccccc2)c(Cl)c(Cl)c1Cl,-7.159999566218092,-7.457997957926882,-0.2979983917087896,0.2979983917087896
Clc1cc(Cl)c(-c2c(Cl)c(Cl)c(Cl)c(Cl)c2Cl)c(Cl)c1,-9.479999405393233,-9.55993136780188,-0.0799319624086472,0.0799319624086472
Clc1cc(Cl)c(-c2c(Cl)c(Cl)c(Cl)c(Cl)c2Cl)c(Cl)c1Cl,-10.103500087312955,-9.976464573462072,0.12703551385088296,0.12703551385088296
Clc1cc(Cl)c(-c2c(Cl)c(Cl)c(Cl)c(Cl)c2Cl)cc1Cl,-9.499999962801223,-9.584278688326483,-0.08427872552526061,0.08427872552526061
Clc1cc(Cl)c(-c2c(Cl)c(Cl)cc(Cl)c2Cl)c(Cl)c1,-8.490099819879717,-8.837807642072079,-0.34770782219236196,0.34770782219236196
Clc1cc(Cl)c(-c2c(Cl)c(Cl)cc(Cl)c2Cl)c(Cl)c1Cl,-9.199899546171755,-9.337750765341365,-0.13785121916960996,0.13785121916960996
Clc1cc(Cl)c(-c2c(Cl)c(Cl)cc(Cl)c2Cl)cc1Cl,-8.939999607177903,-8.869690441413123,0.07030916576477964,0.07030916576477964
Clc1cc(Cl)c(-c2c(Cl)cc(Cl)c(Cl)c2Cl)c(Cl)c1Cl,-9.100000253491723,-9.385877821532487,-0.2858775680407639,0.2858775680407639
Clc1cc(Cl)c(-c2c(Cl)cc(Cl)c(Cl)c2Cl)cc1Cl,-7.92000004884974,-8.916443746153105,-0.9964436973033646,0.9964436973033646
Clc1cc(Cl)c(-c2c(Cl)cc(Cl)cc2Cl)c(Cl)c1,-8.709999733471903,-8.294170289459162,0.4158294440127417,0.4158294440127417
Clc1cc(Cl)c(-c2c(Cl)ccc(Cl)c2Cl)c(Cl)c1Cl,-8.150099603965558,-8.663327045391227,-0.5132274414256699,0.5132274414256699
Clc1cc(Cl)c(-c2c(Cl)ccc(Cl)c2Cl)cc1Cl,-7.929999782846579,-8.10514764579533,-0.1751478629487515,0.1751478629487515
Clc1cc(Cl)c(-c2c(Cl)cccc2Cl)c(Cl)c1,-7.31599988316745,-7.438042338859383,-0.12204245569193262,0.12204245569193262
Clc1cc(Cl)c(-c2cc(Cl)c(Cl)c(Cl)c2)cc1Cl,-8.209999960658239,-8.559746621741011,-0.3497466610827722,0.3497466610827722
Clc1cc(Cl)c(-c2cc(Cl)c(Cl)c(Cl)c2Cl)c(Cl)c1,-8.679999986774233,-9.079989891354899,-0.3999899045806661,0.3999899045806661
Clc1cc(Cl)c(-c2cc(Cl)c(Cl)c(Cl)c2Cl)cc1Cl,-8.011499957161583,-9.133820031484731,-1.1223200743231487,1.1223200743231487
Clc1cc(Cl)c(-c2cc(Cl)c(Cl)cc2Cl)c(Cl)c1,-8.119899405033937,-8.33130624462685,-0.21140683959291273,0.21140683959291273
Clc1cc(Cl)c(-c2cc(Cl)c(Cl)cc2Cl)cc1Cl,-8.560000455276393,-8.382411759555017,0.1775886957213757,0.1775886957213757
Clc1cc(Cl)c(-c2cc(Cl)cc(Cl)c2Cl)c(Cl)c1,-8.709999733471903,-8.450102518013837,0.2598972154580661,0.2598972154580661
Clc1cc(Cl)c(-c2cc(Cl)ccc2Cl)c(Cl)c1,-7.469999490727423,-7.621194945840736,-0.15119545511331367,0.15119545511331367
Clc1cc(Cl)c(-c2ccc(Cl)c(Cl)c2)c(Cl)c1,-7.909999770145745,-7.762305147933491,0.1476946222122546,0.1476946222122546
Clc1cc(Cl)c(-c2ccc(Cl)c(Cl)c2Cl)c(Cl)c1,-8.239899481238934,-8.375278274620788,-0.13537879338185377,0.13537879338185377
Clc1cc(Cl)c(-c2ccc(Cl)c(Cl)c2Cl)cc1Cl,-8.381300012246621,-8.426213296208667,-0.04491328396204608,0.04491328396204608
Clc1cc(Cl)c(-c2cccc(Cl)c2Cl)c(Cl)c1,-7.39989976486469,-7.594767388681756,-0.1948676238170659,0.1948676238170659
Clc1cc(Cl)c(-c2cccc(Cl)c2Cl)cc1Cl,-7.2099998703237524,-7.646479707383346,-0.4364798370595935,0.4364798370595935
Clc1cc(Cl)c(-c2ccccc2)c(Cl)c1,-6.059999684733019,-6.426847154670989,-0.36684746993797024,0.36684746993797024
Clc1cc(Cl)c(-c2ccccc2)cc1Cl,-6.269999818091764,-6.522942757270409,-0.2529429391786442,0.2529429391786442
Clc1cc(Cl)c(-c2ccccc2Cl)c(Cl)c1,-6.6500000594075885,-6.928138972862174,-0.2781389134545851,0.2781389134545851
Clc1cc(Cl)c(-c2ccccc2Cl)cc1Cl,-7.2504999368959755,-6.985849606781825,0.26465033011415073,0.26465033011415073
Clc1cc(Cl)c(Cl)c(-c2c(Cl)c(Cl)c(Cl)c(Cl)c2Cl)c1,-9.419999911997891,-9.689591280737455,-0.26959136873956346,0.26959136873956346
Clc1cc(Cl)c(Cl)c(-c2c(Cl)c(Cl)c(Cl)c(Cl)c2Cl)c1Cl,-10.411499847140057,-9.927420230417773,0.4840796167222834,0.4840796167222834
Clc1cc(Cl)c(Cl)c(-c2c(Cl)c(Cl)cc(Cl)c2Cl)c1,-8.59009988338388,-8.982745501360375,-0.3926456179764948,0.3926456179764948
Clc1cc(Cl)c(Cl)c(-c2c(Cl)c(Cl)cc(Cl)c2Cl)c1Cl,-9.379999886596226,-9.278262207259731,0.10173767933649458,0.10173767933649458
Clc1cc(Cl)c(Cl)c(-c2c(Cl)cc(Cl)c(Cl)c2Cl)c1,-8.679999986774233,-9.027864684627946,-0.3478646978537139,0.3478646978537139
Clc1cc(Cl)c(Cl)c(-c2c(Cl)ccc(Cl)c2Cl)c1,-7.8218002425010145,-8.22580572824655,-0.40400548574553596,0.40400548574553596
Clc1cc(Cl)c(Cl)c(-c2cc(Cl)c(Cl)c(Cl)c2Cl)c1,-9.100000253491723,-9.24130382662538,-0.1413035731336567,0.1413035731336567
Clc1cc(Cl)c(Cl)c(-c2cc(Cl)c(Cl)cc2Cl)c1,-8.580099604679885,-8.495625329285094,0.08447427539479158,0.08447427539479158
Clc1cc(Cl)c(Cl)c(-c2cc(Cl)cc(Cl)c2Cl)c1,-8.560000455276393,-8.609239803483067,-0.049239348206674194,0.049239348206674194
Clc1cc(Cl)c(Cl)c(-c2cccc(Cl)c2Cl)c1,-6.959999983916919,-7.769286114863629,-0.8092861309467096,0.8092861309467096
Clc1cc(Cl)c(Cl)c(-c2ccccc2)c1Cl,-7.249999895725418,-7.03981074898303,0.21018914674238776,0.21018914674238776
Clc1cc(Cl)c(Cl)c(-c2ccccc2Cl)c1,-6.229999792690099,-7.120187464785753,-0.8901876720956539,0.8901876720956539
Clc1cc(Cl)cc(-c2c(Cl)c(Cl)c(Cl)c(Cl)c2Cl)c1,-9.100000253491723,-9.401776734044727,-0.3017764805530039,0.3017764805530039
Clc1cc(Cl)cc(-c2c(Cl)c(Cl)cc(Cl)c2Cl)c1,-8.269599638999997,-8.60087636978727,-0.33127673078727327,0.33127673078727327
Clc1cc(Cl)cc(-c2c(Cl)cc(Cl)cc2Cl)c1,-7.92000004884974,-7.957350618637472,-0.03735056978773166,0.03735056978773166
Clc1cc(Cl)cc(-c2c(Cl)ccc(Cl)c2Cl)c1,-7.949999795547411,-7.745113100629418,0.2048866949179935,0.2048866949179935
Clc1cc(Cl)cc(-c2cc(Cl)c(Cl)cc2Cl)c1,-7.469999490727423,-8.016691016372274,-0.5466915256448512,0.5466915256448512
Clc1cc(Cl)cc(-c2cc(Cl)cc(Cl)c2)c1,-8.374799477029372,-7.581445758085087,0.7933537189442852,0.7933537189442852
Clc1cc(Cl)cc(-c2ccccc2Cl)c1,-6.299899883379618,-6.50673554050704,-0.2068356571274217,0.2068356571274217
Clc1ccc(-c2c(Cl)c(Cl)c(Cl)c(Cl)c2Cl)c(Cl)c1,-8.970599621163105,-9.150185213323766,-0.17958559216066128,0.17958559216066128
Clc1ccc(-c2c(Cl)c(Cl)c(Cl)c(Cl)c2Cl)c(Cl)c1Cl,-9.2899995570889,-9.617536328532983,-0.327536771444084,0.327536771444084
Clc1ccc(-c2c(Cl)c(Cl)c(Cl)c(Cl)c2Cl)cc1Cl,-8.899999581776237,-9.209351304768179,-0.30935172299194136,0.30935172299194136
Clc1ccc(-c2c(Cl)c(Cl)cc(Cl)c2Cl)c(Cl)c1Cl,-8.419999821663405,-8.915625051295427,-0.49562522963202227,0.49562522963202227
Clc1ccc(-c2c(Cl)c(Cl)cc(Cl)c2Cl)cc1,-7.8800000234480745,-7.953290916192847,-0.0732908927447724,0.0732908927447724
Clc1ccc(-c2c(Cl)c(Cl)cc(Cl)c2Cl)cc1Cl,-8.479999315058746,-8.402929788762604,0.0770695262961425,0.0770695262961425
Clc1ccc(-c2c(Cl)cc(Cl)c(Cl)c2Cl)c(Cl)c1,-7.472099609173048,-8.397507229009989,-0.9254076198369408,0.9254076198369408
Clc1ccc(-c2c(Cl)cc(Cl)c(Cl)c2Cl)c(Cl)c1Cl,-8.2604997612273,-8.962783618160566,-0.702283856933267,0.702283856933267
Clc1ccc(-c2c(Cl)cc(Cl)c(Cl)c2Cl)cc1,-7.949999795547411,-7.993080139924571,-0.04308034437715946,0.04308034437715946
Clc1ccc(-c2c(Cl)cc(Cl)c(Cl)c2Cl)cc1Cl,-7.650499646205475,-8.43918985482108,-0.7886902086156056,0.7886902086156056
Clc1ccc(-c2c(Cl)cc(Cl)cc2Cl)c(Cl)c1,-7.659999883738914,-7.7272951848014095,-0.06729530106249548,0.06729530106249548
Clc1ccc(-c2c(Cl)cc(Cl)cc2Cl)cc1,-6.939999971216087,-7.2548461553054295,-0.3148461840893422,0.3148461840893422
Clc1ccc(-c2c(Cl)ccc(Cl)c2Cl)c(Cl)c1,-7.429999737679335,-7.490023198189604,-0.06002346051026919,0.06002346051026919
Clc1ccc(-c2c(Cl)ccc(Cl)c2Cl)c(Cl)c1Cl,-7.650000149742075,-8.149270559671887,-0.499270409929812,0.499270409929812
Clc1ccc(-c2c(Cl)ccc(Cl)c2Cl)cc1Cl,-7.649899923625101,-7.535863573733666,0.1140363498914354,0.1140363498914354
Clc1ccc(-c2c(Cl)cccc2Cl)c(Cl)c1,-6.6500000594075885,-6.788102388576793,-0.13810232916920473,0.13810232916920473
Clc1ccc(-c2c(Cl)cccc2Cl)c(Cl)c1Cl,-6.779799689729053,-7.518115108068237,-0.7383154183391838,0.7383154183391838
Clc1ccc(-c2c(Cl)cccc2Cl)cc1,-6.2094997388187085,-6.209499194111551,5.44707157601465e-07,5.44707157601465e-07
Clc1ccc(-c2c(Cl)cccc2Cl)cc1Cl,-7.019899795902444,-6.831623945751504,0.18827585015093984,0.18827585015093984
Clc1ccc(-c2cc(Cl)c(Cl)c(Cl)c2)c(Cl)c1,-8.550000176572398,-7.9639731682579935,0.5860270083144048,0.5860270083144048
Clc1ccc(-c2cc(Cl)c(Cl)c(Cl)c2)cc1,-7.960000074251406,-7.592539536407703,0.36746053784370325,0.36746053784370325
Clc1ccc(-c2cc(Cl)c(Cl)c(Cl)c2)cc1Cl,-8.390000074965734,-8.027048078264412,0.3629519967013213,0.3629519967013213
Clc1ccc(-c2cc(Cl)c(Cl)c(Cl)c2Cl)c(Cl)c1,-8.319999213452084,-8.629178264275106,-0.30917905082302255,0.30917905082302255
Clc1ccc(-c2cc(Cl)c(Cl)c(Cl)c2Cl)c(Cl)c1Cl,-8.056599530971484,-9.18344830060184,-1.1268487696303566,1.1268487696303566
Clc1ccc(-c2cc(Cl)c(Cl)c(Cl)c2Cl)cc1,-7.310200113708287,-8.280473083277416,-0.9702729695691286,0.9702729695691286
Clc1ccc(-c2cc(Cl)c(Cl)c(Cl)c2Cl)cc1Cl,-7.830599441922789,-8.686571333921952,-0.8559718919991628,0.8559718919991628
Clc1ccc(-c2cc(Cl)c(Cl)cc2Cl)c(Cl)c1,-7.950299929191177,-7.786484698653593,0.1638152305375833,0.1638152305375833
Clc1ccc(-c2cc(Cl)c(Cl)cc2Cl)cc1,-7.769899455122941,-7.350066413502793,0.4198330416201479,0.4198330416201479
Clc1ccc(-c2cc(Cl)c(Cl)cc2Cl)cc1Cl,-7.386699876317715,-7.831575557148975,-0.4448756808312595,0.4448756808312595
Clc1ccc(-c2cc(Cl)cc(Cl)c2Cl)c(Cl)c1,-7.819999985345577,-7.909839081534292,-0.08983909618871522,0.08983909618871522
Clc1ccc(-c2cc(Cl)cc(Cl)c2Cl)cc1,-6.769999863259008,-7.4763338902616425,-0.7063340270026348,0.7063340270026348
Clc1ccc(-c2cc(Cl)ccc2Cl)c(Cl)c1,-7.260000174429413,-6.982619493338027,0.2773806810913859,0.2773806810913859
Clc1ccc(-c2cc(Cl)ccc2Cl)cc1,-6.269999818091764,-6.443450645891417,-0.1734508277996527,0.1734508277996527
Clc1ccc(-c2ccc(Cl)c(Cl)c2)c(Cl)c1,-6.899499632290285,-7.14915662554149,-0.2496569932512056,0.2496569932512056
Clc1ccc(-c2ccc(Cl)c(Cl)c2)cc1,-6.554100006677703,-6.723288228616573,-0.16918822193887006,0.16918822193887006
Clc1ccc(-c2ccc(Cl)c(Cl)c2)cc1Cl,-8.529999619164407,-7.230873320951588,1.299126298212819,1.299126298212819
Clc1ccc(-c2ccc(Cl)c(Cl)c2Cl)c(Cl)c1,-7.619999858337248,-7.830282967064299,-0.21028310872705092,0.21028310872705092
Clc1ccc(-c2ccc(Cl)c(Cl)c2Cl)c(Cl)c1Cl,-8.77999950557124,-8.467649714384581,0.3123497911866586,0.3123497911866586
Clc1ccc(-c2ccc(Cl)c(Cl)c2Cl)cc1,-6.875399881168753,-7.402169287236289,-0.5267694060675359,0.5267694060675359
Clc1ccc(-c2ccc(Cl)c(Cl)c2Cl)cc1Cl,-7.982299840571079,-7.881686436807602,0.10061340376347694,0.10061340376347694
Clc1ccc(-c2ccc(Cl)cc2)cc1,-6.556099626652776,-6.170089358915003,0.38601026773777214,0.38601026773777214
Clc1ccc(-c2ccc(Cl)cc2Cl)c(Cl)c1,-6.5099999705017595,-7.102079220042814,-0.5920792495410545,0.5920792495410545
Clc1ccc(-c2ccc(Cl)cc2Cl)cc1,-5.999999918984099,-6.5684225366762234,-0.5684226176921241,0.5684226176921241
Clc1ccc(-c2cccc(Cl)c2)cc1,-6.400100126764153,-5.829495684552781,0.5706044422113719,0.5706044422113719
Clc1ccc(-c2cccc(Cl)c2Cl)c(Cl)c1,-6.6813000220901415,-6.972917441802746,-0.2916174197126047,0.2916174197126047
Clc1ccc(-c2cccc(Cl)c2Cl)cc1,-6.289999830792597,-6.443563672626592,-0.15356384183399463,0.15356384183399463
Clc1ccc(-c2ccccc2)c(Cl)c1,-5.287799668249089,-5.624499503496136,-0.33669983524704694,0.33669983524704694
Clc1ccc(-c2ccccc2)c(Cl)c1Cl,-6.179900079528199,-6.52614618006349,-0.34624610053529103,0.34624610053529103
Clc1ccc(-c2ccccc2)cc1,-5.1999996833043625,-5.063191305987729,0.1368083773166333,0.1368083773166333
Clc1ccc(-c2ccccc2)cc1Cl,-6.389899940533366,-5.782648962535294,0.6072509779980715,0.6072509779980715
Clc1ccc(-c2ccccc2Cl)c(Cl)c1,-6.4901998653277175,-6.216572216551301,0.2736276487764169,0.2736276487764169
Clc1ccc(-c2ccccc2Cl)cc1,-5.28030000392825,-5.576152657966976,-0.2958526540387254,0.2958526540387254
Clc1ccc(-c2ccccc2Cl)cc1Cl,-6.287000128476409,-6.291246937829625,-0.0042468093532157525,0.0042468093532157525
Clc1ccc(Cl)c(-c2c(Cl)c(Cl)c(Cl)c(Cl)c2Cl)c1,-8.45999984706507,-9.047476321125503,-0.5874764740604324,0.5874764740604324
Clc1ccc(Cl)c(-c2c(Cl)c(Cl)c(Cl)c(Cl)c2Cl)c1Cl,-9.100000253491723,-9.336343242046462,-0.236342988554739,0.236342988554739
Clc1ccc(Cl)c(-c2c(Cl)c(Cl)cc(Cl)c2Cl)c1,-7.425399685734499,-8.253665320522522,-0.8282656347880231,0.8282656347880231
Clc1ccc(Cl)c(-c2c(Cl)c(Cl)cc(Cl)c2Cl)c1Cl,-7.940000061550574,-8.606553307782425,-0.6665532462318513,0.6665532462318513
Clc1ccc(Cl)c(-c2c(Cl)cc(Cl)c(Cl)c2Cl)c1,-8.00999983364991,-8.29488766878555,-0.2848878351356401,0.2848878351356401
Clc1ccc(Cl)c(-c2c(Cl)ccc(Cl)c2Cl)c1,-7.189499816452361,-7.382685656920739,-0.19318584046837728,0.19318584046837728
Clc1ccc(Cl)c(-c2c(Cl)ccc(Cl)c2Cl)c1Cl,-7.903200190699046,-7.83254132293917,0.07065886775987629,0.07065886775987629
Clc1ccc(Cl)c(-c2c(Cl)cccc2Cl)c1,-6.800000154663836,-6.671324255208232,0.12867589945560454,0.12867589945560454
Clc1ccc(Cl)c(-c2cc(Cl)c(Cl)c(Cl)c2)c1,-7.314899847062939,-7.853016320281316,-0.538116473218377,0.538116473218377
Clc1ccc(Cl)c(-c2cc(Cl)c(Cl)c(Cl)c2Cl)c1,-7.679399629152215,-8.51442970977528,-0.8350300806230653,0.8350300806230653
Clc1ccc(Cl)c(-c2cc(Cl)c(Cl)cc2Cl)c1,-7.326300023161632,-7.667567500277647,-0.34126747711601446,0.34126747711601446
Clc1ccc(Cl)c(-c2cc(Cl)cc(Cl)c2Cl)c1,-7.820099666755393,-7.789195706176322,0.030903960579070855,0.030903960579070855
Clc1ccc(Cl)c(-c2cc(Cl)ccc2Cl)c1,-7.039999762366673,-6.8624903215367095,0.17750944082996334,0.17750944082996334
Clc1ccc(Cl)c(-c2ccc(Cl)c(Cl)c2)c1,-6.8526000736785235,-7.031309504376393,-0.17870943069786982,0.17870943069786982
Clc1ccc(Cl)c(-c2ccc(Cl)c(Cl)c2Cl)c1,-7.909999770145745,-7.712109293958299,0.19789047618744604,0.19789047618744604
Clc1ccc(Cl)c(-c2cccc(Cl)c2Cl)c1,-6.465400165508836,-6.852321728321056,-0.38692156281222,0.38692156281222
Clc1ccc(Cl)c(-c2ccccc2)c1,-5.299300070464756,-5.483881989027314,-0.18458191856255723,0.18458191856255723
Clc1ccc(Cl)c(-c2ccccc2)c1Cl,-6.289999830792597,-6.082169538395634,0.20783029239696305,0.20783029239696305
Clc1ccc(Cl)c(-c2ccccc2Cl)c1,-6.019999931684932,-6.108090517898168,-0.08809058621323551,0.08809058621323551
Clc1cccc(-c2c(Cl)c(Cl)cc(Cl)c2Cl)c1,-7.759999947243077,-7.763170142899554,-0.003170195656476693,0.003170195656476693
Clc1cccc(-c2c(Cl)c(Cl)cc(Cl)c2Cl)c1Cl,-8.603599360867465,-8.175819041819826,0.42778031904763836,0.42778031904763836
Clc1cccc(-c2c(Cl)cc(Cl)c(Cl)c2Cl)c1Cl,-8.479999315058746,-8.232682656109612,0.2473166589491349,0.2473166589491349
Clc1cccc(-c2c(Cl)cc(Cl)cc2Cl)c1,-7.154699565575907,-7.061792951029897,0.09290661454600979,0.09290661454600979
Clc1cccc(-c2c(Cl)ccc(Cl)c2Cl)c1Cl,-6.779799689729053,-7.343601828957938,-0.5638021392288852,0.5638021392288852
Clc1cccc(-c2c(Cl)cccc2Cl)c1,-6.82449999319253,-6.010029611874598,0.8144703813179319,0.8144703813179319
Clc1cccc(-c2c(Cl)cccc2Cl)c1Cl,-6.300000109496592,-6.621688904898076,-0.3216887954014842,0.3216887954014842
Clc1cccc(-c2cc(Cl)c(Cl)c(Cl)c2Cl)c1Cl,-8.42059954424378,-8.468133414340416,-0.04753387009663612,0.04753387009663612
Clc1cccc(-c2cc(Cl)c(Cl)cc2Cl)c1,-7.129899865757025,-7.131426135212257,-0.0015262694552315992,0.0015262694552315992
Clc1cccc(-c2cc(Cl)ccc2Cl)c1,-6.007699899362098,-6.223750367472443,-0.21605046811034434,0.21605046811034434
Clc1cccc(-c2ccc(Cl)c(Cl)c2Cl)c1,-6.769999863259008,-7.188797688926382,-0.4187978256673741,0.4187978256673741
Clc1cccc(-c2ccc(Cl)c(Cl)c2Cl)c1Cl,-7.050199948597459,-7.6821536685403835,-0.6319537199429242,0.6319537199429242
Clc1cccc(-c2cccc(Cl)c2)c1,-5.798299760937306,-5.4630553832150195,0.33524437772228666,0.33524437772228666
Clc1cccc(-c2cccc(Cl)c2Cl)c1Cl,-7.272199980635273,-6.785960055326463,0.48623992530881033,0.48623992530881033
Clc1cccc(-c2ccccc2)c1,-4.8800000247981945,-4.6898680850081735,0.19013193979002097,0.19013193979002097
Clc1cccc(-c2ccccc2)c1Cl,-5.349799871033818,-5.300468467317531,0.049331403716287525,0.049331403716287525
Clc1cccc(-c2ccccc2Cl)c1,-5.585100017735581,-5.2677088256297475,0.3173911921058332,0.3173911921058332
Clc1cccc(Cl)c1-c1c(Cl)cccc1Cl,-7.3897998047508775,-6.453480611135495,0.9363191936153825,0.9363191936153825
Clc1cccc(Cl)c1-c1ccccc1,-5.209999962008358,-5.083019599757169,0.1269803622511887,0.1269803622511887
Clc1ccccc1-c1c(Cl)c(Cl)c(Cl)c(Cl)c1Cl,-8.013299669609864,-8.43391436600098,-0.4206146963911159,0.4206146963911159
Clc1ccccc1-c1c(Cl)c(Cl)cc(Cl)c1Cl,-7.39989976486469,-7.587737942814604,-0.18783817794991364,0.18783817794991364
Clc1ccccc1-c1c(Cl)cc(Cl)c(Cl)c1Cl,-7.434599789624171,-7.6448134481886445,-0.2102136585644736,0.2102136585644736
Clc1ccccc1-c1c(Cl)ccc(Cl)c1Cl,-6.30009979090641,-6.658993719284579,-0.35889392837816914,0.35889392837816914
Clc1ccccc1-c1c(Cl)cccc1Cl,-5.900299989123701,-5.830285782284692,0.07001420683900861,0.07001420683900861
Clc1ccccc1-c1cc(Cl)c(Cl)c(Cl)c1,-6.906899751378097,-7.196713645692318,-0.28981389431422144,0.28981389431422144
Clc1ccccc1-c1cc(Cl)c(Cl)c(Cl)c1Cl,-7.522599954449268,-7.89642948073169,-0.3738295262824227,0.3738295262824227
Clc1ccccc1-c1ccc(Cl)c(Cl)c1Cl,-6.829899675244532,-7.02669392827757,-0.19679425303303866,0.19679425303303866
Clc1ccccc1-c1cccc(Cl)c1Cl,-5.943999665538904,-5.990865724660482,-0.046866059121578374,0.046866059121578374
Clc1ccccc1-c1ccccc1,-4.5917000078513714,-4.371702183147629,0.21999782470374285,0.21999782470374285
Clc1ccccc1-c1ccccc1Cl,-5.081299686907458,-5.057890488284809,0.023409198622649008,0.023409198622649008
N#Cc1ccccc1-c1ccc(CBr)cc1,-6.656649027325249,-5.4665744638058555,1.190074563519394,1.190074563519394
NC(=O)Cc1ccc(-c2ccccc2)cc1,-3.3299998915885793,-2.730008668452678,0.5999912231359015,0.5999912231359015
Nc1ccc(-c2ccc(Cl)cc2)cc1,-4.638299841349735,-4.029667690265502,0.6086321510842323,0.6086321510842323
Nc1ccc(-c2ccc(N)c(Cl)c2)cc1Cl,-4.087434701375953,-3.7582591784486197,0.3291755229273332,0.3291755229273332
Nc1ccc(-c2ccc(N)cc2)cc1,-2.7000000362195014,-2.5097629339038923,0.19023710231560909,0.19023710231560909
Nc1ccc(-c2ccc(N)cc2S(=O)(=O)O)c(S(=O)(=O)O)c1,-2.691927169748017,-1.5265139504295075,1.1654132193185096,1.1654132193185096
Nc1ccccc1-c1ccccc1,-2.8611137745875133,-2.449693649904,0.4114201246835134,0.4114201246835134
O=C(Cc1ccc(-c2ccccc2)cc1)OCCF,-5.010000107353608,-5.056856497923141,-0.04685639056953317,0.04685639056953317
O=C(O)CCC(=O)c1ccc(-c2ccccc2)cc1,-5.06090013150662,-3.4960081471863362,1.5648919843202838,1.5648919843202838
O=C(O)Cc1ccc(-c2ccccc2)cc1,-3.7299999753842505,-3.1955239332981344,0.5344760420861161,0.5344760420861161
O=C(O)c1cc(-c2ccc(F)cc2F)ccc1O,-4.60999998951374,-3.5951463477905934,1.0148536417231462,1.0148536417231462
O=C(O)c1ccccc1-c1ccccc1,-2.7300000212265534,-2.7478742802011613,-0.017874258974607926,0.017874258974607926
O=C(O)c1ccccc1-c1ccccc1C(=O)O,-2.283900042970484,-2.394083747225527,-0.11018370425504287,0.11018370425504287
O=[N+]([O-])c1c(O)cccc1-c1ccccc1,-3.9499999789166225,-3.251171216505289,0.6988287624113334,0.6988287624113334
O=[N+]([O-])c1cc(-c2ccccc2)ccc1O,-4.410099952445596,-3.8135461378711075,0.5965538145744884,0.5965538145744884
O=[N+]([O-])c1cc([N+](=O)[O-])c(-c2ccccc2)cc1O,-4.461100066538793,-3.6369267485364505,0.8241733180023427,0.8241733180023427
O=[N+]([O-])c1ccc(-c2ccccc2)cc1,-5.209400103251194,-4.559001918072383,0.650398185178811,0.650398185178811
O=[N+]([O-])c1ccc(-c2ccccc2)cc1O,-3.8556999353734103,-3.9676838286954976,-0.11198389332208736,0.11198389332208736
O=[N+]([O-])c1ccc(O)c([N+](=O)[O-])c1-c1ccccc1,-3.716399863253324,-3.3223399301645564,0.3940599330887675,0.3940599330887675
O=[N+]([O-])c1ccc(O)cc1-c1ccccc1,-3.6300000480568753,-3.3072234894840227,0.3227765585728526,0.3227765585728526
O=[N+]([O-])c1ccccc1-c1ccc(Cl)cc1,-4.937209528132973,-4.5016081675415895,0.43560136059138355,0.43560136059138355
Oc1ccc(-c2ccc(O)cc2)cc1,-3.7423729303777913,-2.5838243830112995,1.1585485473664918,1.1585485473664918
Oc1ccc(-c2ccccc2)cc1,-3.4811999426685354,-2.8508117791845757,0.6303881634839597,0.6303881634839597
Oc1ccc(-c2ccccc2)cc1O,-2.065900067943553,-2.4828659072635664,-0.4169658393200133,0.4169658393200133
Oc1ccccc1-c1ccccc1,-2.5067117227171254,-2.3901465358029377,0.11656518691418771,0.11656518691418771
S=C=Nc1ccc(-c2ccccc2)cc1,-4.849999869570155,-4.998651678434874,-0.1486518088647193,0.1486518088647193
c1ccc(-c2ccccc2)cc1,-4.320000077705242,-3.8277319463731034,0.4922681313321382,0.4922681313321382
Brc1ccc2ccccc2c1,-4.400100218448758,-5.538581209426891,-1.1384809909781328,1.1384809909781328
Brc1cccc2ccccc12,-4.346799806029564,-4.860305320459124,-0.5135055144295597,0.5135055144295597
CC(=O)Oc1ccc2ccccc2c1,-3.440000029531555,-3.6789680640107356,-0.2389680344791807,0.2389680344791807
CC(=O)c1ccc2ccccc2c1,-2.7964186501632993,-3.4904460743130135,-0.6940274241497142,0.6940274241497142
CC(=O)c1cccc2ccccc12,-2.8846347232879377,-2.6753573141945632,0.20927740909337444,0.20927740909337444
CC(C)(O)CC(C)(O)c1cccc2ccccc12,-3.241899943221074,-2.9124030515818835,0.3294968916391907,0.3294968916391907
CC(C)COc1ccc2ccccc2c1,-5.211699856870033,-5.65017699889928,-0.4384771420292468,0.4384771420292468
CC(C)NCC(O)COc1cccc2ccccc12,-3.6201998811448557,-2.1380669574688844,1.4821329236759713,1.4821329236759713
CC(C)c1ccc2ccccc2c1,-5.297999718303085,-6.0265217104813225,-0.7285219921782371,0.7285219921782371
CC(C)c1ccc2ccccc2c1C(C)C,-6.230113364132431,-5.9698174230350975,0.26029594109733356,0.26029594109733356
CC(C)c1cccc2ccccc12,-4.782393404543954,-4.917895710273763,-0.13550230572980926,0.13550230572980926
CCC#CCCOC(=O)C(C)c1ccc2cc(OC)ccc2c1,-7.329999674175172,-6.283074151638942,1.0469255225362293,1.0469255225362293
CCC(C)C(N)C(=O)OCCCCOC(=O)C(C)c1ccc2cc(OC)ccc2c1,-4.519999932359992,-4.952085208249905,-0.4320852758899125,0.4320852758899125
CCC(C)C(N)C(=O)OCCOC(=O)C(C)c1ccc2cc(OC)ccc2c1,-3.819999896361209,-4.626423863548991,-0.8064239671877824,0.8064239671877824
CCC=CCCOC(=O)C(C)c1ccc2cc(OC)ccc2c1,-7.359999965579998,-6.500657970397567,0.8593419951824313,0.8593419951824313
CCCCC(CC)COCCCNC(=O)Nc1cccc2c(NC(=O)NCCCOCC(CC)CCCC)cccc12,-8.068071063707807,-5.694793145106927,2.3732779186008797,2.3732779186008797
CCCCCCCCCc1cc2ccccc2c(S(=O)(=O)[O-])c1CCCCCCCCC,-4.73144857822724,-3.6895018833754727,1.041946694851767,1.041946694851767
CCCCCCCOC(=O)C(C)c1ccc2cc(OC)ccc2c1,-7.119999813170004,-7.19625472991215,-0.0762549167421458,0.0762549167421458
CCCCCCOC(=O)C(C)c1ccc2cc(OC)ccc2c1,-7.539999807533915,-7.002569392980373,0.5374304145535422,0.5374304145535422
CCCCCOC(=O)C(C)c1ccc2cc(OC)ccc2c1,-6.969999717913758,-6.748204495767153,0.2217952221466053,0.2217952221466053
CCCCOC(=O)C(C)c1ccc2cc(OC)ccc2c1,-7.530000073537078,-6.4309776690460865,1.0990224044909915,1.0990224044909915
CCCOC(=O)C(C)c1ccc2cc(OC)ccc2c1,-5.820000077030182,-6.010084627297502,-0.1900845502673203,0.1900845502673203
CCN(CC)C(=O)C(C)Oc1cccc2ccccc12,-3.570199917481168,-3.110595729598085,0.459604187883083,0.459604187883083
CCN(CC)C(=O)COC(=O)C(C)c1ccc2cc(OC)ccc2c1,-4.460000030434283,-4.198616309143481,0.2613837212908017,0.2613837212908017
CCN(CC)CCC(C)(O)c1ccc(OC)c2ccccc12,-1.6800000353167739,-2.8333836864382316,-1.1533836511214577,1.1533836511214577
CCNc1cccc2ccccc12,-3.1921999259580676,-3.174266157726506,0.017933768231561675,0.017933768231561675
CCOC(=O)C(C)c1ccc2cc(OC)ccc2c1,-5.239999708706028,-5.3172220253598415,-0.0772223166538133,0.0772223166538133
CCOc1ccc(C(=O)O)c2ccccc12,-4.11219974420194,-3.2603452936060924,0.8518544505958472,0.8518544505958472
CCc1ccc2ccccc2c1,-4.290100012417388,-5.329953465751391,-1.0398534533340031,1.0398534533340031
CCc1cccc2ccccc12,-4.164400052428228,-4.2978815626922175,-0.1334815102639899,0.1334815102639899
CN(C)CC(O)c1ccc(Cl)c2ccccc12,-1.2200000155511965,-2.225207438222703,-1.0052074226715066,1.0052074226715066
CN(C/C=C/C#CC(C)(C)C)Cc1cccc2ccccc12,-3.092203117930274,-3.8330472669040923,-0.7408441489738182,0.7408441489738182
CNC(=N)NS(=O)(=O)c1ccc2ccccc2c1,-3.0999998817057905,-3.1326682253673517,-0.03266834366156113,0.03266834366156113
CNC(=O)Oc1cccc2ccccc12,-3.223999946833276,-2.9127492555357026,0.3112506912975732,0.3112506912975732
CNCc1cccc2ccccc12,-1.7150989218923123,-1.7612817820616329,-0.046182860169320605,0.046182860169320605
COC(=O)C(C)c1ccc2cc(OC)ccc2c1,-4.780000097470819,-5.223278560739587,-0.44327846326876763,0.44327846326876763
COC(=O)c1ccc2cc(C(=O)OC)ccc2c1,-6.211736034053702,-4.621759944689942,1.58997608936376,1.58997608936376
COc1ccc([N+](=O)[O-])c2ccccc12,-4.360000103106907,-4.044811093950331,0.3151890091565761,0.3151890091565761
COc1ccc2cc(C(C)C(=O)O)ccc2c1,-3.2899999342753086,-4.175881253716595,-0.8858813194412862,0.8858813194412862
COc1ccc2cc(C(C)C(=O)OC(C)(C)C)ccc2c1,-6.499999964151343,-6.354808816034821,0.14519114811652134,0.14519114811652134
COc1ccc2cc(C(C)C(=O)OC(C)C)ccc2c1,-5.479999861116023,-5.713998974772169,-0.23399911365614567,0.23399911365614567
COc1ccc2cc(C(C)C(=O)OC(C)OC(=O)CN)ccc2c1,-2.4400000413296605,-3.862650807233098,-1.4226507659034375,1.4226507659034375
COc1ccc2cc(C(C)C(=O)OCC(=O)N(C)C)ccc2c1,-4.900000037499027,-3.9337606925193587,0.9662393449796687,0.9662393449796687
COc1ccc2cc(C(C)C(=O)OCC(=O)N(C)CC(N)=O)ccc2c1,-3.779999939047938,-2.610873859567322,1.1691260794806162,1.1691260794806162
COc1ccc2cc(C(C)C(=O)OCC(=O)N(C)CCO)ccc2c1,-3.3900000658678673,-2.6835584251574343,0.706441640710433,0.706441640710433
COc1ccc2cc(C(C)C(=O)OCC(=O)N(CCO)CCO)ccc2c1,-2.9600000225982925,-2.7685521128710713,0.19144790972722125,0.19144790972722125
COc1ccc2cc(C(C)C(=O)OCC(C)=O)ccc2c1,-4.650000014915405,-4.848207783022079,-0.1982077681066734,0.1982077681066734
COc1ccc2cc(C(C)C(=O)OCC(C)O)ccc2c1,-3.309999912931944,-3.841303869908631,-0.5313039569766866,0.5313039569766866
COc1ccc2cc(C(C)C(=O)OCC(N)=O)ccc2c1,-3.9300000343041845,-4.025998542852784,-0.09599850854859904,0.09599850854859904
COc1ccc2cc(C(C)C(=O)OCC(O)CO)ccc2c1,-2.619999883283578,-2.8785390246433793,-0.2585391413598015,0.2585391413598015
COc1ccc2cc(C(C)C(=O)OCCCO)ccc2c1,-3.400000072218284,-4.305353038417658,-0.9053529661993736,0.9053529661993736
COc1ccc2cc(C(C)C(=O)OCCO)ccc2c1,-3.3299998915885793,-3.9112174421002974,-0.5812175505117181,0.5812175505117181
COc1ccc2cc(C(C)C(=O)OCCOC(=O)C(N)CC(C)C)ccc2c1,-3.819999896361209,-4.245641422755039,-0.42564152639383,0.42564152639383
COc1ccc2cc(C(C)C(=O)OCCOC(=O)CN)ccc2c1,-1.9800000215640832,-3.718016962627064,-1.7380169410629807,1.7380169410629807
COc1ccc2cc(CCC(C)=O)ccc2c1,-1.4600000317844015,-4.119491398477019,-2.6594913666926177,2.6594913666926177
COc1ccc2cc([C@H](C)C(=O)O)ccc2c1,-4.4999999196591585,-4.175881253716595,0.32411866594256367,0.32411866594256367
COc1cccc2ccccc12,-4.1992000990394995,-3.2767795511215336,0.9224205479179659,0.9224205479179659
Cc1cc(C)c2ccccc2c1,-4.290699871174552,-4.834585065544117,-0.5438851943695653,0.5438851943695653
Cc1cc2ccccc2cc1C,-4.719999650837952,-5.058864152328786,-0.3388645014908338,0.3388645014908338
Cc1ccc(C)c2c(C)cccc12,-4.92000005019986,-4.927888226900764,-0.007888176700904026,0.007888176700904026
Cc1ccc(C)c2ccccc12,-4.136899898787793,-4.6387121846679396,-0.5018122858801464,0.5018122858801464
Cc1ccc2cc(C)c(C)cc2c1,-5.000699913523752,-5.5874103931439905,-0.5867104796202387,0.5867104796202387
Cc1ccc2cc(C)ccc2c1,-4.89270014452819,-5.005645718336791,-0.11294557380860137,0.11294557380860137
Cc1ccc2ccccc2c1,-3.762000022940941,-4.671695837174232,-0.9096958142332907,0.9096958142332907
Cc1ccc2ccccc2c1[N+](=O)[O-],-4.26999990977637,-4.568128214142217,-0.2981283043658465,0.2981283043658465
Cc1cccc2c(C)cccc12,-4.739999663538786,-4.457099737174333,0.28289992636445316,0.28289992636445316
Cc1cccc2ccccc12,-3.7413000615427587,-4.1563345054591725,-0.41503444391641375,0.41503444391641375
Clc1c(Cl)c(Cl)c2c(Cl)c(Cl)c(Cl)c(Cl)c2c1Cl,-9.702999792125741,-10.735259619154242,-1.0322598270285006,1.0322598270285006
Clc1c(Cl)c(Cl)c2ccccc2c1Cl,-7.795399920699907,-8.282139887179275,-0.4867399664793677,0.4867399664793677
Clc1cc(Cl)c2c(Cl)c(Cl)c(Cl)c(Cl)c2c1Cl,-8.77499963857282,-10.136375343094912,-1.3613757045220911,1.3613757045220911
Clc1cc(Cl)c2c(Cl)ccc(Cl)c2c1,-7.510000060836246,-7.9269777475369345,-0.41697768670068847,0.41697768670068847
Clc1cc(Cl)c2cc(Cl)cc(Cl)c2c1,-7.822799780134973,-8.381665510749283,-0.5588657306143094,0.5588657306143094
Clc1cc(Cl)c2cc(Cl)ccc2c1,-6.555699811599193,-7.573905104550647,-1.0182052929514542,1.0182052929514542
Clc1cc2c(Cl)ccc(Cl)c2cc1Cl,-7.516300143819546,-7.963775439559832,-0.4474752957402863,0.4474752957402863
Clc1cc2c(Cl)cccc2c(Cl)c1Cl,-7.8565994039631555,-8.16574577235673,-0.30914636839357534,0.30914636839357534
Clc1cc2ccccc2cc1Cl,-5.360000057264605,-6.468787971674722,-1.108787914410117,1.108787914410117
Clc1ccc(Cl)c2ccccc12,-5.357600077528791,-5.847301616823324,-0.48970153929453275,0.48970153929453275
Clc1ccc2cc(Cl)c(Cl)cc2c1,-7.1418997644360935,-7.572276430149811,-0.4303766657137178,0.4303766657137178
Clc1ccc2ccc(Cl)cc2c1,-5.921699899219233,-6.742631324485497,-0.8209314252662647,0.8209314252662647
Clc1ccc2cccc(Cl)c2c1,-5.919999868180767,-6.347374925103248,-0.42737505692248057,0.42737505692248057
Clc1ccc2ccccc2c1,-4.143000074244302,-5.458912885282459,-1.3159128110381566,1.3159128110381566
Clc1ccc2ccccc2c1Cl,-6.161099784341694,-6.37775542210399,-0.21665563776229568,0.21665563776229568
Clc1cccc2c(Cl)cccc12,-5.699999728471607,-5.80994941291412,-0.10994968444251363,0.10994968444251363
Clc1cccc2cccc(Cl)c12,-5.796299868608655,-5.73027863758748,0.06602123102117474,0.06602123102117474
Clc1cccc2ccccc12,-3.9705998503746196,-4.767897112962199,-0.7972972625875796,0.7972972625875796
Fc1cccc2ccccc12,-3.4526998769079724,-3.882066281065571,-0.4293664041575984,0.4293664041575984
Ic1cccc2ccccc12,-4.55000008758803,-4.619065686912306,-0.0690655993242757,0.0690655993242757
N=C(N)NC(=N)Nc1cccc2ccccc12,-2.3150999838012454,-2.2335867365144617,0.08151324728678366,0.08151324728678366
N=C(N)NN=Cc1c(O)ccc2ccccc12,-2.4600000540304934,-2.8498702017965925,-0.3898701477660991,0.3898701477660991
NC(=S)Nc1cccc2ccccc12,-2.527800094362781,-2.731664714388177,-0.20386462002539574,0.20386462002539574
NC(N)=NC(N)=Nc1ccc2ccccc2c1,-2.549700011584673,-2.124022432385857,0.4256775791988159,0.4256775791988159
Nc1c(S(=O)(=O)O)cc(S(=O)(=O)O)c2ccc(S(=O)(=O)O)cc12,-0.3188001350297567,-0.02846359419794231,0.29033654083181437,0.29033654083181437
Nc1c(S(=O)(=O)O)ccc2ccccc12,-2.9600000225982925,-2.025952606782583,0.9340474158157095,0.9340474158157095
Nc1cc(S(=O)(=O)O)cc2cc(S(=O)(=O)[O-])cc(O)c12,-1.476228900657279,-1.0576749676196613,0.4185539330376178,0.4185539330376178
Nc1cc(S(=O)(=O)O)cc2ccccc12,-2.3399999097371014,-2.1168898326007586,0.2231100771363428,0.2231100771363428
Nc1ccc(S(=O)(=O)O)c2cc(S(=O)(=O)O)ccc12,-0.25920018433442005,-0.8422152344215923,-0.5830150500871722,0.5830150500871722
Nc1ccc(S(=O)(=O)O)c2ccc(S(=O)(=O)O)cc12,-1.6429999845848753,-0.8282817615102944,0.8147182230745809,0.8147182230745809
Nc1ccc(S(=O)(=O)O)c2ccccc12,-2.9100000674456545,-2.0306955081794653,0.8793045592661892,0.8793045592661892
Nc1ccc2c(O)cc(S(=O)(=O)O)cc2c1,-2.6798856009714025,-2.3924104749261734,0.28747512604522907,0.28747512604522907
Nc1ccc2c(O)cccc2c1S(=O)(=O)O,-2.0599999361906254,-2.295536349621941,-0.2355364134313156,0.2355364134313156
Nc1ccc2c(S(=O)(=O)O)cccc2c1,-2.749999999883189,-2.0290094352619112,0.7209905646212778,0.7209905646212778
Nc1ccc2cc(S(=O)(=O)O)cc(O)c2c1,-2.8833112551162716,-2.3924379826376256,0.490873272478646,0.490873272478646
Nc1ccc2cc(S(=O)(=O)O)ccc2c1,-3.2696160902715445,-2.1331514519914787,1.1364646382800658,1.1364646382800658
Nc1ccc2ccc(S(=O)(=O)O)cc2c1,-3.0499999302767367,-2.137295107426749,0.9127048228499874,0.9127048228499874
Nc1ccc2cccc(S(=O)(=O)O)c2c1,-2.5399999686570354,-2.0275221123684384,0.512477856288597,0.512477856288597
Nc1ccc2ccccc2c1,-2.879499888069157,-2.7409048542539223,0.13859503381523464,0.13859503381523464
Nc1ccc2ccccc2c1S(=O)(=O)O,-1.7000000480176067,-2.036723101407241,-0.3367230533896344,0.3367230533896344
Nc1cccc2c(N)cccc12,-2.7678537302067996,-1.6031411745137836,1.164712555693016,1.164712555693016
Nc1cccc2c(S(=O)(=O)O)cccc12,-2.349999916087518,-1.922216124531752,0.42778379155576585,0.42778379155576585
Nc1cccc2cc(S(=O)(=O)O)ccc12,-2.240000050498121,-2.0562434994559213,0.18375655104219968,0.18375655104219968
Nc1cccc2ccc(S(=O)(=O)O)cc12,-1.6822793624172079,-2.0581186538455123,-0.3758392914283044,0.3758392914283044
Nc1cccc2cccc(N)c12,-2.3071229517452787,-1.4588763009185406,0.8482466508267381,0.8482466508267381
Nc1cccc2cccc(S(=O)(=O)O)c12,-3.069999909465313,-1.89298856831819,1.177011341147123,1.177011341147123
Nc1cccc2ccccc12,-1.9255000278073502,-2.3076390617769817,-0.38213903396963156,0.38213903396963156
O=C(CS)Nc1ccc2ccccc2c1,-3.3399998979389958,-4.072023097504465,-0.7320231995654689,0.7320231995654689
O=C(O)CCC(=O)c1ccc2ccccc2c1,-3.8533000237259913,-3.493003474417336,0.3602965493086554,0.3602965493086554
O=C(O)CCC(=O)c1cccc2ccccc12,-3.4832999249373726,-2.85084233385169,0.6324575910856827,0.6324575910856827
O=C(O)CNC(=O)CNS(=O)(=O)c1ccc2ccccc2c1,-2.6953999842746654,-2.57988192878232,0.11551805549234562,0.11551805549234562
O=C(O)COc1ccc2ccccc2c1,-3.3599998765956314,-3.273124787382191,0.08687508921344023,0.08687508921344023
O=C(O)Cc1cccc2ccccc12,-2.6468000201382686,-2.481519527347089,0.1652804927911795,0.1652804927911795
O=C(O)c1c(Cl)ccc2ccccc12,-2.3152000737414307,-3.4484393477432276,-1.133239274001797,1.133239274001797
O=C(O)c1c(O)ccc2ccccc12,-3.128400061791353,-3.155586702418466,-0.027186640627113068,0.027186640627113068
O=C(O)c1cc2ccccc2cc1O,-3.417245602956382,-3.3157162911297187,0.10152931182666336,0.10152931182666336
O=C(O)c1ccc2cc(O)ccc2c1,-3.2789427875090316,-3.3517703046837823,-0.07282751717475078,0.07282751717475078
O=C(O)c1ccc2ccccc2c1,-3.56389993663046,-3.5255836350967322,0.03831630153372778,0.03831630153372778
O=C(O)c1cccc2cccc([N+](=O)[O-])c12,-2.75009988555819,-2.6660812917448196,0.0840185938133704,0.0840185938133704
O=C(O)c1cccc2ccccc12,-3.301500047115299,-2.8536158294986405,0.44788421761665864,0.44788421761665864
O=C([O-])CNS(=O)(=O)c1ccc2ccccc2c1,-2.8496999637877845,-3.027979067320204,-0.17827910353241938,0.17827910353241938
O=Cc1c(O)ccc2ccccc12,-3.893567500341975,-3.095647237454088,0.797920262887887,0.797920262887887
O=Nc1c(O)ccc2ccccc12,-2.9374000885906573,-3.6535627860095365,-0.7161626974188793,0.7161626974188793
O=Nc1ccc2ccccc2c1O,-2.5394999955748725,-3.7331491317267695,-1.193649136151897,1.193649136151897
O=P(O)(O)c1cccc2ccccc12,-1.6194000022803219,-2.03594171898985,-0.4165417167095282,0.4165417167095282
O=S(=O)(O)c1ccc2c(S(=O)(=O)O)cccc2c1,0.5401997840577843,-0.37956712080997335,-0.9197669048677577,0.9197669048677577
O=S(=O)(O)c1ccc2ccccc2c1,0.23044307129426356,-1.6257809742765064,-1.85622404557077,1.85622404557077
O=[N+]([O-])c1c(O)ccc2ccccc12,-2.9758000196951557,-3.7082394010620794,-0.7324393813669237,0.7324393813669237
O=[N+]([O-])c1cc([N+](=O)[O-])c2ccc(S(=O)(=O)O)cc2c1O,-2.5399999686570354,-1.7989040245441519,0.7410959441128835,0.7410959441128835
O=[N+]([O-])c1cc([N+](=O)[O-])c2ccccc2c1Cl,-5.400000082666271,-4.567719956127693,0.8322801265385777,0.8322801265385777
O=[N+]([O-])c1ccc2ccccc2c1,-3.819999896361209,-4.6205960416712175,-0.8005961453100086,0.8005961453100086
O=[N+]([O-])c1cccc2ccccc12,-3.7099999626834173,-3.7973617988083532,-0.08736183612493598,0.08736183612493598
OCCOc1ccc2ccccc2c1,-2.714294649976202,-2.6247943956836304,0.08950025429257158,0.08950025429257158
OCc1cccc2ccccc12,-1.7444000816605274,-1.6992156697108498,0.045184411949677594,0.045184411949677594
Oc1cc(O)c2ccccc2c1,-1.9493000538154845,-2.3962359532930866,-0.44693589947760204,0.44693589947760204
Oc1cc2ccccc2cc1O,-2.7376999675603546,-2.5882736191619107,0.14942634839844393,0.14942634839844393
Oc1ccc2cc(O)ccc2c1,-2.204999960183269,-2.567826061442821,-0.3628261012595524,0.3628261012595524
Oc1ccc2ccccc2c1,-2.2809000002123225,-2.8651734429879414,-0.5842734427756189,0.5842734427756189
Oc1cccc2c(O)cccc12,-2.920000056773972,-2.2614197062281107,0.6585803505458614,0.6585803505458614
Oc1cccc2ccccc12,-2.0619738187525076,-2.433442311860877,-0.3714684931083694,0.3714684931083694
S=C=Nc1ccc2ccccc2c1,-4.44000001773345,-5.012718196069384,-0.5727181783359345,0.5727181783359345
S=C=Nc1ccc2ccccc2c1Br,-4.320000077705242,-5.430902953831026,-1.1109028761257846,1.1109028761257846
S=C=Nc1cccc2ccccc12,-4.602199919195556,-4.480999036061916,0.12120088313363997,0.12120088313363997
[NH3+][C@H](CC(=O)[O-])c1cccc2ccccc12,-1.5902000218666068,-1.366675218318245,0.2235248035483619,0.2235248035483619
c1ccc2ccccc2c1,-4.311225390105554,-3.9130341085588554,0.398191281546699,0.398191281546699
Brc1c(Br)c(Br)c(Oc2c(Br)c(Br)c(Br)c(Br)c2Br)c(Br)c1Br,-9.981896393236367,-10.217432125783734,-0.23553573254736726,0.23553573254736726
Brc1cc(Br)c(Oc2cc(Br)cc(Br)c2Br)c(Br)c1,-8.197899835862197,-8.26313723328377,-0.06523739742157275,0.06523739742157275
CC(C(=O)O)c1cccc(Oc2ccccc2)c1,-3.7000000244213958,-3.662330800946545,0.0376692234748508,0.0376692234748508
CC(C)c1cc(Oc2ccccc2)cc(C(C)C)c1NC(=S)NC(C)(C)C,-6.806799734110536,-6.339280849096818,0.4675188850137175,0.4675188850137175
CC(Oc1ccc(Oc2ccc(Cl)cc2Cl)cc1)C(=O)O,-5.0399998540512785,-4.430795556186518,0.6092042978647605,0.6092042978647605
CCCCCCCCCCCCCCCCc1c(Oc2ccccc2S(=O)(=O)[O-])cccc1S(=O)(=O)[O-],0.22276542390972143,-0.783732069575859,-1.0064974934855804,1.0064974934855804
CCCCNc1cc(C(=O)O)cc(S(N)(=O)=O)c1Oc1ccccc1,-3.559999901471368,-3.484101870049958,0.07589803142140994,0.07589803142140994
CCCCOC(=O)C(C)Oc1ccc(Oc2ccc(C#N)cc2F)cc1,-5.70800011484695,-6.031081454096506,-0.32308133924955573,0.32308133924955573
CCOC(=O)C(C)OC(=O)c1cc(Oc2ccc(C(F)(F)F)cc2Cl)ccc1[N+](=O)[O-],-6.623038689234287,-6.000911214058547,0.6221274751757395,0.6221274751757395
CCOC(=O)COC(=O)c1cc(Oc2ccc(C(F)(F)F)cc2Cl)ccc1[N+](=O)[O-],-5.872899857335057,-5.959539343680792,-0.08663948634573515,0.08663948634573515
CCOC(=O)NCCOc1ccc(Oc2ccccc2)cc1,-4.700900039068418,-3.9703535746510483,0.7305464644173694,0.7305464644173694
CCOc1cc(Oc2ccc(C(F)(F)F)cc2Cl)ccc1[N+](=O)[O-],-6.493899788694834,-6.032282805732306,0.4616169829625276,0.4616169829625276
CN(C)C(=O)Nc1ccc(Oc2ccc(Cl)cc2)cc1,-4.895299759437217,-4.877271178116057,0.018028581321159365,0.018028581321159365
CNC(=O)/C(=N\OC)c1ccccc1Oc1ccccc1,-3.3466000124334703,-3.7237495288406746,-0.3771495164072043,0.3771495164072043
COC(=O)C(C)Oc1ccc(Oc2ccc(Cl)cc2Cl)cc1,-3.8340000278109025,-5.7111891029003585,-1.877189075089456,1.877189075089456
COC(=O)c1cc(Oc2ccc(Cl)cc2Cl)ccc1[N+](=O)[O-],-5.934299792832254,-5.811002331849511,0.12329746098274352,0.12329746098274352
COC/C(=N/OCC(=O)OC)c1cc(Oc2ccc(C(F)(F)F)cc2Cl)ccc1[N+](=O)[O-],-5.678299684732309,-5.907109100945657,-0.22880941621334827,0.22880941621334827
COc1cc(Oc2ccc(Cl)cc2Cl)ccc1[N+](=O)[O-],-5.909999589476772,-5.806104325089539,0.10389526438723351,0.10389526438723351
COc1ccc(Oc2ccc(NC(=O)N(C)C)cc2)cc1,-4.155799807295721,-4.093276549463031,0.06252325783268997,0.06252325783268997
CS(=O)(=O)Nc1ccc([N+](=O)[O-])cc1Oc1ccccc1,-4.489999640955164,-4.412539968157484,0.07745967279767996,0.07745967279767996
Cc1cc(Oc2cc(C)cc(S(=O)(=O)[O-])c2)cc(S(=O)(=O)[O-])c1,-0.22079615090414206,-0.1670169408935318,0.05377921001061026,0.05377921001061026
Cc1ccc(Oc2ccc(C)cc2)cc1,-4.849999869570155,-4.851796177598703,-0.0017963080285481325,0.0017963080285481325
Cc1cccc(Oc2ccc([N+](=O)[O-])cc2)c1,-4.661300101073914,-4.913380904999071,-0.25208080392515697,0.25208080392515697
Cc1cccc(Oc2cccc(C)c2)c1,-4.849999869570155,-4.446249987658263,0.4037498819118923,0.4037498819118923
Cc1ccccc1Oc1ccccc1C,-4.843927746532256,-4.541573195508388,0.30235455102386855,0.30235455102386855
Clc1c(Cl)c(Cl)c(Oc2c(Cl)c(Cl)c(Cl)c(Cl)c2Cl)c(Cl)c1Cl,-12.949999702512686,-11.174263629181553,1.7757360733311334,1.7757360733311334
Clc1c(Cl)c(Cl)c(Oc2ccccc2)c(Cl)c1Cl,-7.940000061550574,-8.469375346659447,-0.5293752851088733,0.5293752851088733
Clc1cc(Cl)c(Cl)c(Oc2cc(Cl)c(Cl)cc2Cl)c1,-8.40999954295941,-8.74177468079577,-0.3317751378363596,0.3317751378363596
Clc1cc(Cl)c(Cl)c(Oc2ccc(Cl)c(Cl)c2)c1,-7.829999719342414,-8.066379203276703,-0.23637948393428942,0.23637948393428942
Clc1cc(Cl)c(Cl)c(Oc2ccc(Cl)c(Cl)c2Cl)c1,-8.550000176572398,-8.816787392865304,-0.26678721629290614,0.26678721629290614
Clc1cc(Cl)c(Cl)c(Oc2ccccc2)c1Cl,-7.01999974966584,-7.437972071636068,-0.41797232197022804,0.41797232197022804
Clc1cc(Cl)c(Oc2c(Cl)c(Cl)c(Cl)c(Cl)c2Cl)cc1Cl,-10.10000034382621,-10.077134082062768,0.022866261763441642,0.022866261763441642
Clc1cc(Cl)c(Oc2c(Cl)c(Cl)cc(Cl)c2Cl)cc1Cl,-9.049999949386063,-9.240279777169336,-0.19027982778327335,0.19027982778327335
Clc1cc(Cl)c(Oc2c(Cl)ccc(Cl)c2Cl)cc1Cl,-7.8800000234480745,-8.416793130627378,-0.5367931071793031,0.5367931071793031
Clc1cc(Cl)c(Oc2c(Cl)cccc2Cl)cc1Cl,-7.119999813170004,-7.743892956596683,-0.6238931434266792,0.6238931434266792
Clc1cc(Cl)c(Oc2cc(Cl)c(Cl)c(Cl)c2)cc1Cl,-8.720000012175898,-8.726318070495395,-0.006318058319497055,0.006318058319497055
Clc1cc(Cl)c(Oc2cc(Cl)c(Cl)c(Cl)c2Cl)cc1Cl,-9.499999962801223,-9.488006055900888,0.01199390690033475,0.01199390690033475
Clc1cc(Cl)c(Oc2cc(Cl)c(Cl)cc2Cl)c(Cl)c1,-8.03999958034758,-8.641558913257247,-0.6015593329096678,0.6015593329096678
Clc1cc(Cl)c(Oc2cc(Cl)c(Cl)cc2Cl)cc1Cl,-8.35999923885375,-8.599010203065777,-0.23901096421202794,0.23901096421202794
Clc1cc(Cl)c(Oc2ccc(Cl)c(Cl)c2)c(Cl)c1,-7.619999858337248,-7.954165171180586,-0.3341653128433375,0.3341653128433375
Clc1cc(Cl)c(Oc2ccc(Cl)c(Cl)c2Cl)c(Cl)c1,-8.100000163157237,-8.703001880619883,-0.6030017174626465,0.6030017174626465
Clc1cc(Cl)c(Oc2ccc(Cl)c(Cl)c2Cl)cc1Cl,-8.310000024162402,-8.664959532742166,-0.3549595085797641,0.3549595085797641
Clc1cc(Cl)c(Oc2cccc(Cl)c2Cl)cc1Cl,-7.4799997694314175,-7.818898587473171,-0.3388988180417538,0.3388988180417538
Clc1cc(Cl)c(Oc2ccccc2)c(Cl)c1,-6.1099999888386805,-6.663539572867247,-0.5535395840285666,0.5535395840285666
Clc1cc(Cl)c(Oc2ccccc2)c(Cl)c1Cl,-7.059999775067505,-7.511946571863465,-0.4519467967959603,0.4519467967959603
Clc1cc(Cl)c(Oc2ccccc2)cc1Cl,-6.579999742601095,-6.624126469427756,-0.04412672682666052,0.04412672682666052
Clc1cc(Cl)c(Oc2ccccc2Cl)cc1Cl,-6.999999736965007,-7.124199505354099,-0.12419976838909186,0.12419976838909186
Clc1cc(Cl)cc(Oc2cc(Cl)c(Cl)cc2Cl)c1,-8.060000137755571,-8.12566730912439,-0.06566717136881906,0.06566717136881906
Clc1cc(Cl)cc(Oc2ccc(Cl)c(Cl)c2)c1,-7.319999940178333,-7.300608910079552,0.01939103009878096,0.01939103009878096
Clc1cc(Cl)cc(Oc2ccc(Cl)c(Cl)c2Cl)c1,-7.8600000107472425,-8.185853092367585,-0.3258530816203429,0.3258530816203429
Clc1cc(Cl)cc(Oc2ccc(Cl)cc2Cl)c1,-7.139999825870838,-7.358315731049101,-0.2183159051782635,0.2183159051782635
Clc1cc(Oc2c(Cl)c(Cl)c(Cl)c(Cl)c2Cl)c(Cl)c(Cl)c1Cl,-10.549999812534214,-10.796812617362688,-0.24681280482847434,0.24681280482847434
Clc1cc(Oc2c(Cl)c(Cl)cc(Cl)c2Cl)c(Cl)c(Cl)c1Cl,-10.10000034382621,-10.045834119380217,0.05416622444599284,0.05416622444599284
Clc1cc(Oc2c(Cl)ccc(Cl)c2Cl)c(Cl)c(Cl)c1Cl,-8.8899998477794,-9.29188533326806,-0.4018854854886609,0.4018854854886609
Clc1cc(Oc2cc(Cl)c(Cl)c(Cl)c2Cl)c(Cl)c(Cl)c1Cl,-10.10000034382621,-10.288168886667128,-0.1881685428409181,0.1881685428409181
Clc1cc(Oc2cc(Cl)c(Cl)c(Cl)c2Cl)cc(Cl)c1Cl,-9.53999944349573,-9.611954714290386,-0.07195527079465514,0.07195527079465514
Clc1cc(Oc2ccc(Cl)c(Cl)c2Cl)cc(Cl)c1Cl,-8.489999593762741,-8.789591253907131,-0.2995916601443902,0.2995916601443902
Clc1cc(Oc2ccccc2)c(Cl)c(Cl)c1Cl,-7.519999794833083,-7.7188614838823,-0.19886168904921675,0.19886168904921675
Clc1cc(Oc2ccccc2)cc(Cl)c1Cl,-6.769999863259008,-6.765957591443421,0.0040422718155870285,0.0040422718155870285
Clc1ccc(Cl)c(Oc2cc(Cl)c(Cl)cc2Cl)c1,-7.559999820234749,-7.869069929626278,-0.3090701093915289,0.3090701093915289
Clc1ccc(Cl)c(Oc2ccc(Cl)c(Cl)c2)c1,-7.070000053771501,-7.078462351816379,-0.008462298044877414,0.008462298044877414
Clc1ccc(Cl)c(Oc2ccc(Cl)c(Cl)c2Cl)c1,-7.699999364433422,-7.920410213339316,-0.22041084890589424,0.22041084890589424
Clc1ccc(Cl)c(Oc2ccccc2)c1,-4.9703000794189185,-5.619614569707943,-0.6493144902890249,0.6493144902890249
Clc1ccc(Cl)c(Oc2ccccc2)c1Cl,-5.949999614878438,-6.3666749891067305,-0.4166753742282925,0.4166753742282925
Clc1ccc(Oc2c(Cl)c(Cl)c(Cl)c(Cl)c2Cl)c(Cl)c1,-9.640000051707053,-9.551615323628782,0.08838472807827102,0.08838472807827102
Clc1ccc(Oc2c(Cl)c(Cl)c(Cl)c(Cl)c2Cl)c(Cl)c1Cl,-10.600000116639874,-10.152329815737213,0.44767030090266147,0.44767030090266147
Clc1ccc(Oc2c(Cl)c(Cl)c(Cl)c(Cl)c2Cl)cc1,-8.939999607177903,-9.100826029542448,-0.16082642236454525,0.16082642236454525
Clc1ccc(Oc2c(Cl)c(Cl)c(Cl)c(Cl)c2Cl)cc1Cl,-9.459999937399557,-9.573842643896512,-0.11384270649695516,0.11384270649695516
Clc1ccc(Oc2c(Cl)c(Cl)cc(Cl)c2Cl)c(Cl)c1,-8.419999821663405,-8.637481780183583,-0.21748195852017815,0.21748195852017815
Clc1ccc(Oc2c(Cl)c(Cl)cc(Cl)c2Cl)c(Cl)c1Cl,-9.089999974787728,-9.32338193523446,-0.23338196044673154,0.23338196044673154
Clc1ccc(Oc2c(Cl)c(Cl)cc(Cl)c2Cl)cc1,-7.759999947243077,-8.10586448041456,-0.3458645331714827,0.3458645331714827
Clc1ccc(Oc2c(Cl)c(Cl)cc(Cl)c2Cl)cc1Cl,-8.299999745458408,-8.659832748976056,-0.35983300351764846,0.35983300351764846
Clc1ccc(Oc2c(Cl)cc(Cl)c(Cl)c2Cl)c(Cl)c1,-8.470000125769067,-8.693617665710986,-0.22361753994191957,0.22361753994191957
Clc1ccc(Oc2c(Cl)cc(Cl)c(Cl)c2Cl)cc1,-7.769999681239915,-8.16787557734244,-0.3978758961025246,0.3978758961025246
Clc1ccc(Oc2c(Cl)cc(Cl)cc2Cl)c(Cl)c1,-7.329999674175172,-7.952149209990788,-0.6221495358156162,0.6221495358156162
Clc1ccc(Oc2c(Cl)cc(Cl)cc2Cl)cc1,-6.8299996290079275,-7.3322188111347035,-0.5022191821267761,0.5022191821267761
Clc1ccc(Oc2c(Cl)ccc(Cl)c2Cl)c(Cl)c1,-7.239999617021423,-7.7140925727186485,-0.4740929556972251,0.4740929556972251
Clc1ccc(Oc2c(Cl)ccc(Cl)c2Cl)c(Cl)c1Cl,-7.960000074251406,-8.475099129470145,-0.5150990552187391,0.5150990552187391
Clc1ccc(Oc2c(Cl)ccc(Cl)c2Cl)cc1,-6.639999780703594,-7.072983142519385,-0.43298336181579167,0.43298336181579167
Clc1ccc(Oc2c(Cl)ccc(Cl)c2Cl)cc1Cl,-7.349999686876004,-7.715024021957921,-0.3650243350819178,0.3650243350819178
Clc1ccc(Oc2c(Cl)cccc2Cl)c(Cl)c1Cl,-7.229999883024584,-7.790965459730943,-0.5609655767063586,0.5609655767063586
Clc1ccc(Oc2c(Cl)cccc2Cl)cc1,-5.909999589476772,-6.204280899542987,-0.2942813100662143,0.2942813100662143
Clc1ccc(Oc2c(Cl)cccc2Cl)cc1Cl,-6.559999729900262,-6.9529198802841226,-0.3929201503838602,0.3929201503838602
Clc1ccc(Oc2cc(Cl)c(Cl)c(Cl)c2)c(Cl)c1,-7.889999757444913,-8.037217216187223,-0.1472174587423094,0.1472174587423094
Clc1ccc(Oc2cc(Cl)c(Cl)c(Cl)c2)cc1,-7.349999686876004,-7.407049318660064,-0.05704963178406075,0.05704963178406075
Clc1ccc(Oc2cc(Cl)c(Cl)c(Cl)c2)cc1Cl,-8.249999986059905,-8.002006800821192,0.2479931852387125,0.2479931852387125
Clc1ccc(Oc2cc(Cl)c(Cl)c(Cl)c2Cl)c(Cl)c1,-8.43999928965708,-8.880448407773159,-0.4404491181160779,0.4404491181160779
Clc1ccc(Oc2cc(Cl)c(Cl)c(Cl)c2Cl)c(Cl)c1Cl,-9.1199997214854,-9.561076342246883,-0.4410766207614838,0.4410766207614838
Clc1ccc(Oc2cc(Cl)c(Cl)c(Cl)c2Cl)cc1,-8.060000137755571,-8.36984754426081,-0.3098474065052397,0.3098474065052397
Clc1ccc(Oc2cc(Cl)c(Cl)c(Cl)c2Cl)cc1Cl,-8.77999950557124,-8.895316189636308,-0.11531668406506768,0.11531668406506768
Clc1ccc(Oc2cc(Cl)c(Cl)cc2Cl)c(Cl)c1,-7.6099998519868315,-7.899454784284281,-0.2894549322974491,0.2894549322974491
Clc1ccc(Oc2cc(Cl)c(Cl)cc2Cl)cc1,-7.039999762366673,-7.283105017927825,-0.2431052555611526,0.2431052555611526
Clc1ccc(Oc2cc(Cl)c(Cl)cc2Cl)cc1Cl,-7.829999719342414,-7.904619152844255,-0.07461943350184086,0.07461943350184086
Clc1ccc(Oc2cc(Cl)cc(Cl)c2)cc1,-5.520100112634664,-6.572485507363794,-1.0523853947291304,1.0523853947291304
Clc1ccc(Oc2cc(Cl)cc(Cl)c2Cl)c(Cl)c1,-7.63999987103808,-8.052286539698635,-0.4122866686605544,0.4122866686605544
Clc1ccc(Oc2cc(Cl)cc(Cl)c2Cl)cc1,-7.139999825870838,-7.457403137710925,-0.31740331184008674,0.31740331184008674
Clc1ccc(Oc2cc(Cl)ccc2Cl)c(Cl)c1,-6.769999863259008,-7.083180060507228,-0.31318019724822044,0.31318019724822044
Clc1ccc(Oc2ccc(Cl)c(Cl)c2)c(Cl)c1,-6.999999736965007,-7.083918411059178,-0.08391867409417131,0.08391867409417131
Clc1ccc(Oc2ccc(Cl)c(Cl)c2)cc1,-5.660299564360128,-6.384299533893836,-0.7239999695337085,0.7239999695337085
Clc1ccc(Oc2ccc(Cl)c(Cl)c2)cc1Cl,-6.979999724264174,-7.0539140343506705,-0.0739143100864963,0.0739143100864963
Clc1ccc(Oc2ccc(Cl)c(Cl)c2Cl)c(Cl)c1,-7.439999744029752,-7.965546282528768,-0.5255465384990163,0.5255465384990163
Clc1ccc(Oc2ccc(Cl)c(Cl)c2Cl)c(Cl)c1Cl,-8.140000188558902,-8.73871723952089,-0.5987170509619872,0.5987170509619872
Clc1ccc(Oc2ccc(Cl)c(Cl)c2Cl)cc1,-7.010000015669002,-7.333190296350052,-0.32319028068105027,0.32319028068105027
Clc1ccc(Oc2ccc(Cl)c(Cl)c2Cl)cc1Cl,-7.669999617735751,-7.967691884022043,-0.2976922662862922,0.2976922662862922
Clc1ccc(Oc2ccc(Cl)cc2)cc1,-4.799900020231467,-5.668709842871467,-0.8688098226399994,0.8688098226399994
Clc1ccc(Oc2ccc(Cl)cc2Cl)c(Cl)c1,-6.81999989501109,-7.110379467708345,-0.2903795726972547,0.2903795726972547
Clc1ccc(Oc2ccc(Cl)cc2Cl)cc1,-6.219599971286099,-6.342647956390721,-0.12304798510462156,0.12304798510462156
Clc1ccc(Oc2cccc(Cl)c2)cc1,-5.387355250712758,-5.531904189090621,-0.14454893837786376,0.14454893837786376
Clc1ccc(Oc2cccc(Cl)c2Cl)c(Cl)c1,-6.6500000594075885,-7.0269218882229705,-0.37692182881538194,0.37692182881538194
Clc1ccc(Oc2cccc(Cl)c2Cl)cc1Cl,-6.899999945814422,-7.0096440495415955,-0.10964410372717381,0.10964410372717381
Clc1ccc(Oc2ccccc2)c(Cl)c1,-4.630400089621734,-5.625174940371399,-0.994774850749665,0.994774850749665
Clc1ccc(Oc2ccccc2)cc1,-4.792499901143655,-4.81851538733801,-0.02601548619435512,0.02601548619435512
Clc1ccc(Oc2ccccc2)cc1Cl,-4.720600054302274,-5.672935408645542,-0.9523353543432682,0.9523353543432682
Clc1ccc(Oc2ccccc2Cl)c(Cl)c1,-4.949900115487713,-6.205026331287984,-1.2551262158002707,1.2551262158002707
Clc1ccc(Oc2ccccc2Cl)cc1,-5.519999886517689,-5.475695312804115,0.04430457371357388,0.04430457371357388
Clc1ccc(Oc2ccccc2Cl)cc1Cl,-5.198999737140037,-6.203482086496557,-1.00448234935652,1.00448234935652
Clc1cccc(Cl)c1Oc1ccccc1,-5.0605000440994585,-5.374909781578879,-0.31440973747942014,0.31440973747942014
Clc1cccc(Oc2cc(Cl)c(Cl)cc2Cl)c1,-7.26999990842625,-7.2264748106550165,0.04352509777123359,0.04352509777123359
Clc1cccc(Oc2ccc(Cl)c(Cl)c2)c1,-5.436999588691012,-6.2585225659302886,-0.8215229772392769,0.8215229772392769
Clc1cccc(Oc2ccc(Cl)c(Cl)c2Cl)c1,-7.090000066472333,-7.2678360592432,-0.17783599277086637,0.17783599277086637
Clc1cccc(Oc2ccc(Cl)c(Cl)c2Cl)c1Cl,-7.379999978280832,-7.872949334001781,-0.492949355720949,0.492949355720949
Clc1cccc(Oc2ccccc2)c1,-4.21069995654801,-4.615937297530165,-0.405237340982155,0.405237340982155
Clc1ccccc1Oc1ccc(Cl)c(Cl)c1Cl,-6.739999571854179,-7.159525126283935,-0.4195255544297556,0.4195255544297556
Clc1ccccc1Oc1ccccc1,-4.779600010063657,-4.482834154475433,0.296765855588224,0.296765855588224
NC(Cc1cc(I)c(Oc2ccc(O)c(I)c2)c(I)c1)C(=O)O,-5.219999696005196,-3.401070660092094,1.818929035913102,1.818929035913102
NNS(=O)(=O)c1ccc(Oc2ccc(S(=O)(=O)NN)cc2)cc1,-3.758489112957467,-2.606617313573666,1.1518717993838008,1.1518717993838008
Nc1c([N+](=O)[O-])ccc(Oc2ccccc2)c1Cl,-5.0247996646452835,-4.889959722818958,0.13483994182632575,0.13483994182632575
Nc1cc(Cl)ccc1Oc1ccc(Cl)cc1Cl,-5.0452641763746495,-5.224637605097476,-0.17937342872282613,0.17937342872282613
O=C(C(Cl)Cl)N(CCO)Cc1ccc(Oc2ccc([N+](=O)[O-])cc2)cc1,-5.124100051805677,-5.006530050406944,0.1175700013987333,0.1175700013987333
O=C(O)Cc1ccccc1Oc1ccc(Cl)cc1Cl,-4.860000012097361,-3.927187779338561,0.9328122327588,0.9328122327588
O=C(O)c1cc(Oc2ccc(C(F)(F)F)cc2Cl)ccc1[N+](=O)[O-],-3.4790999603996986,-4.702084096251968,-1.2229841358522697,1.2229841358522697
O=[N+]([O-])c1ccc(Oc2c(Cl)cc(Cl)cc2Cl)cc1,-5.620099903785249,-6.413967553932608,-0.7938676501473587,0.7938676501473587
O=[N+]([O-])c1ccc(Oc2ccc(C(F)(F)F)cc2[N+](=O)[O-])cc1,-5.215099646593384,-5.754366949858706,-0.5392673032653219,0.5392673032653219
O=[N+]([O-])c1ccc(Oc2ccc(Cl)cc2Cl)cc1,-5.453499585551519,-5.881763876908569,-0.42826429135705,0.42826429135705
OCc1cccc(Oc2ccccc2)c1,-2.8258731279742433,-2.582602196326726,0.24327093164751723,0.24327093164751723
Oc1cc(Cl)ccc1Oc1ccc(Cl)cc1,-4.239393223128488,-4.42694529364394,-0.1875520705154523,0.1875520705154523
Oc1cc(Cl)ccc1Oc1ccc(Cl)cc1Cl,-4.461716130333892,-4.769898911765902,-0.30818278143201017,0.30818278143201017
Oc1ccccc1Oc1ccccc1,-3.2285999987781113,-2.844422023785477,0.3841779749926344,0.3841779749926344
c1ccc(Oc2ccccc2)cc1,-3.9599999852670393,-3.8945574375122822,0.06544254775475711,0.06544254775475711
BrC1CCCCC1,-2.2943000686396675,-3.956123304427324,-1.6618232357876566,1.6618232357876566
C#CC1(O)CCCCC1,-0.7048959217912518,-0.7188221773327133,-0.01392625554146143,0.01392625554146143
C#CC1(OC(C)=O)CCCCC1,-2.352215308185344,-2.526852031555204,-0.17463672336986003,0.17463672336986003
C#CC1(OC(N)=O)CCCCC1,-1.8252999886879997,-1.7106513879515681,0.11464860073643157,0.11464860073643157
C/C=C/OC1CCC(O/C=C/C)CC1,-3.9037320082539475,-2.767111719903635,1.1366202883503127,1.1366202883503127
C1CCCCC1,-3.0999998817057905,-4.579176781770764,-1.4791769000649735,1.4791769000649735
C=C(C)C(=O)OC1CC(C)CC(C)(C)C1,-4.5985984516471525,-4.770709163662639,-0.17211071201548656,0.17211071201548656
C=C(C)C(=O)OC1CCCCC1,-3.088564848604544,-3.4478308417599384,-0.35926599315539454,0.35926599315539454
C=C(C)C1CCC(C)(O)C(O)C1,-0.23110010384842683,-0.4898136706533096,-0.2587135668048828,0.2587135668048828
C=C(C)C1CCC(C)CC1O,-1.7111123463835773,-2.056860925018914,-0.3457485786353365,0.3457485786353365
C=CC(=O)OC1CC(C)CC(C)(C)C1,-4.030446961942658,-4.022062897463272,0.008384064479386666,0.008384064479386666
C=CC(=O)OC1CCC(C(C)(C)C)CC1,-3.5393280605801904,-4.3880232437069076,-0.8486951831267171,0.8486951831267171
C=CCCC(=O)C1CCCC(C)(C)C1,-4.779310634386251,-4.150193681231038,0.6291169531552132,0.6291169531552132
C=CCOC(=O)CCC1CCCCC1,-4.062449392593162,-4.3519948143671465,-0.2895454217739841,0.2895454217739841
C=COC1CCCCC1,-2.582541938097431,-2.68329567204235,-0.10075373394491915,0.10075373394491915
C=C[C@]1(C)CC[C@@H](C(C)(C)O)C[C@H]1C(=C)C,-3.0592784661457375,-3.144087542816001,-0.08480907667026338,0.08480907667026338
CC(=O)C=C(C)NC1CCCCC1NC(C)=CC(C)=O,-2.1099998998543126,-1.48556477280595,0.6244351270483626,0.6244351270483626
CC(=O)CC(C)(C)C1CCCCC1,-3.5481536102107065,-3.9623385492708483,-0.41418493906014175,0.41418493906014175
CC(=O)OC(C)C1CCCCC1,-3.5976237780753597,-3.818355493541201,-0.22073171546584147,0.22073171546584147
CC(=O)OC1CCC(C(C)(C)C)CC1,-3.6996407219626493,-3.808961950522233,-0.1093212285595837,0.1093212285595837
CC(=O)OC1CCCCC1,-1.6700000289663575,-2.1165873158631783,-0.4465872868968208,0.4465872868968208
CC(=O)OC1CCCCC1C,-2.5502979638667855,-2.6324847755979786,-0.08218681173119302,0.08218681173119302
CC(=O)O[C@@H]1CCCC[C@@H]1C(C)(C)C,-4.2973354937668535,-4.034881559088412,0.26245393467844114,0.26245393467844114
CC(=O)O[C@@H]1C[C@H](C)CC[C@H]1C(C)C,-3.975116425947573,-3.9202774200737096,0.05483900587386348,0.05483900587386348
CC(=O)O[C@H]1C[C@@H](C)CC[C@@H]1C(C)C,-4.066886849451494,-3.9202772838969207,0.1466095655545736,0.1466095655545736
CC(C)(C)C1CCC(O)CC1,-3.1032621626605525,-2.391846022134245,0.7114161405263077,0.7114161405263077
CC(C)(C)OOC1(OOC(C)(C)C)CCCCC1,-5.386213544510699,-5.523544295991347,-0.13733075148064788,0.13733075148064788
CC(C)(OC1CCCCC1)C(=O)O,-1.0798000191185748,-1.6070520357276301,-0.5272520166090553,0.5272520166090553
CC(C)C1(C)CCCC(O)C1,-0.6000000303557451,-1.3231971015393427,-0.7231970711835976,0.7231970711835976
CC(C)C1C(C)CCCC1O,-0.29000010584641434,-1.986942041932462,-1.6969419360860476,1.6969419360860476
CC(C)C1CCC(O)CC1,-2.0680942845506323,-1.9167925434532158,0.15130174109741645,0.15130174109741645
CC(C)C1CCCCC1,-5.311626384907939,-4.782207114696099,0.5294192702118394,0.5294192702118394
CC(C)COC(=O)C1CCCCC1C(=O)OCC(C)C,-4.1912349824526025,-4.12976403075975,0.06147095169285244,0.06147095169285244
CC(C)[C@@H]1CC[C@@H](C)C[C@@H]1O,-2.5604042902455006,-2.3506963922767383,0.20970789796876232,0.20970789796876232
CC(C)[C@@H]1CC[C@@H](C)C[C@H]1O,-2.570623643359391,-2.350696460365133,0.21992718299425817,0.21992718299425817
CC(C)[C@@H]1CC[C@@H](C)C[C@H]1OC(=O)[C@H](C)O,-2.9799871240372835,-2.646812616491285,0.33317450754599864,0.33317450754599864
CC(C)[C@H]1CC[C@@H](C)CC1O,-2.8302607441276657,-2.350696256099949,0.4795644880277168,0.4795644880277168
CC(O)CCC1CCCCC1,-2.767361621334223,-2.869877942530222,-0.10251632119599918,0.10251632119599918
CC1(C)CC(N)CC(C)(CN)C1,0.1572978877141158,0.2919576676481084,0.13465977993399258,0.13465977993399258
CC1(C)CC(N=C=O)CC(C)(CN=C=O)C1,-4.170824464820221,-3.3875195035169456,0.7833049613032754,0.7833049613032754
CC1(C)CC(O)CC(C)(CN)C1,0.4889992177306377,-0.22993933289585788,-0.7189385506264956,0.7189385506264956
CC1(O)CCC(C(C)(C)O)CC1,-1.655699968138082,-0.4216855123470409,1.234014455791041,1.234014455791041
CC1CC(C)(C)CC(OOC(C)(C)C)(OOC(C)(C)C)C1,-6.480660681232521,-5.948334989805209,0.532325691427312,0.532325691427312
CC1CC(O)CC(C)(C)C1,-1.9916598868001005,-1.6962768384195086,0.29538304838059193,0.29538304838059193
CC1CCC(C(C)C)C(O)C1,-2.4880092024653866,-2.350696596541922,0.1373126059234644,0.1373126059234644
CC1CCC(C(C)C)C(OCC(O)CO)C1,-2.0063586051792495,-1.840723371851768,0.16563523332748153,0.16563523332748153
CC1CCC(C(C)C)C(OO)C1,-2.588821628606523,-2.932717896508685,-0.34389626790216177,0.34389626790216177
CC1CCC(C(C)C)CC1,-5.354573139854729,-5.560311212059849,-0.2057380722051203,0.2057380722051203
CC1CCC(C)CC1,-4.465700118483629,-4.424077138106281,0.04162298037734846,0.04162298037734846
CC1CCC(O)CC1,-0.8815000593254996,-0.5705626937981627,0.31093736552733686,0.31093736552733686
CC1CCCC(C)(C)C1,-4.853199887943504,-4.775789511143575,0.07741037679992857,0.07741037679992857
CC1CCCC(O)(C(C)C)C1,-0.24000007409433222,-1.6236869837864016,-1.3836869096920694,1.3836869096920694
CC1CCCCC1,-3.845934833984653,-4.144420806687774,-0.2984859727031206,0.2984859727031206
CC1CCCCC1C,-4.300000065004409,-4.282920635905142,0.017079429099267074,0.017079429099267074
CC1CCCCC1O,-0.8644957998139637,-1.0030554106418639,-0.13855961082790014,0.13855961082790014
CCC(=O)OC1C(C)CCCC1(C)C,-3.8031811096367916,-3.845053974422629,-0.041872864785837294,0.041872864785837294
CCC(=O)OC1CCC(C(C)C)CC1,-4.173484269870148,-3.8810158133123895,0.2924684565577582,0.2924684565577582
CCC(C)(C)C1CCCCC1OC(C)=O,-4.446203687549877,-4.533640625174149,-0.08743693762427185,0.08743693762427185
CCC(C)(C)OOC1(OOC(C)(C)CC)CCCCC1,-5.460037160855476,-6.010336282004253,-0.5502991211487771,0.5502991211487771
CCC(CC)CC1(C#N)CCCCC1,-6.587338309780112,-4.853270563697185,1.7340677460829266,1.7340677460829266
CCC(CC)CC1(C(=O)O)CCCCC1,-4.281694363916887,-3.3838570968553,0.8978372670615866,0.8978372670615866
CCC(O)COC1CCCCC1C(C)(C)C,-3.6987342611642244,-3.6086798694715188,0.09005439169270568,0.09005439169270568
CCC1CCCCC1,-4.250699981949676,-4.417341697927373,-0.16664171597769695,0.16664171597769695
CCCC(=O)OC(C)C1CCCCC1,-3.9207589412009134,-4.967521392031874,-1.0467624508309608,1.0467624508309608
CCCCC(CC)COC(=O)C1CCC(C(=O)OCC(CC)CCCC)CC1,-6.926267903776264,-6.63789475989355,0.28837314388271373,0.28837314388271373
CCCCCCCCCCNC(=O)NC1CCCCC1,-2.8099999358530954,-4.669757224400795,-1.8597572885477,1.8597572885477
CCCCCOC(=O)CCCNC(=O)NC1CCCCC1,-2.29999995242383,-3.1211672869555755,-0.8211673345317454,0.8211673345317454
CCCCNC1(P(=O)(OCCCC)OCCCC)CCCCC1,-3.310499868992008,-4.129315736769152,-0.8188158677771442,0.8188158677771442
CCCOC(=O)C1CCCCC1C(=O)OCCC,-3.2626917047973887,-3.3785826974495166,-0.11589099265212788,0.11589099265212788
CCOC(=O)C(C)C1CCCCC1,-3.3274566879145486,-4.126090525689771,-0.7986338377752227,0.7986338377752227
CCOC(=O)C1CCC(C(=O)OCC)CC1,-2.2512731736523346,-1.8527893162736795,0.3984838573786551,0.3984838573786551
CCOC(=O)OC1CCCCC1C(C)(C)C,-4.321140285962616,-4.935093885533359,-0.6139535995707428,0.6139535995707428
CCOC1CC(C)CC(C)(C)C1,-4.134294428276824,-3.310643944035159,0.8236504842416652,0.8236504842416652
CCSC(=O)N(CC)C1CCCCC1,-3.403700063673795,-3.712901277269288,-0.30920121359549313,0.30920121359549313
CN(C)C(=O)NC[C@@]1(C)C[C@H](NC(=O)N(C)C)CC(C)(C)C1,-1.8938187020261745,-1.6106902710091628,0.2831284310170117,0.2831284310170117
CN(C)C1CCCCC1,-0.9774880822613174,-1.2722236780968612,-0.29473559583554376,0.29473559583554376
CN(C)CCNC(=O)NC1CCCCC1,-0.6600000684582441,-0.7122546431350951,-0.05225457467685102,0.05225457467685102
CN(C)[P+](CC1CCCCC1)(N(C)C)N(C)C,-1.5071434830259207,-0.7576938418576797,0.749449641168241,0.749449641168241
CNC1CCCCC1,-0.3214681106870456,-0.8701354253688312,-0.5486673146817855,0.5486673146817855
COC(=O)C1CCC(C(=O)OC)CC1,-1.3871946092937257,-1.4439129229492558,-0.05671831365553004,0.05671831365553004
COC1CC(C)CCC1C(C)C,-3.9301742725061803,-3.9243454293024866,0.005828843203693701,0.005828843203693701
CO[SiH](CC1CCCCC1)OC,-3.0959725127375908,-3.9309980059050647,-0.8350254931674739,0.8350254931674739
CP(=O)(F)OC1CCCCC1,-1.6874999719911916,-1.4895819880922925,0.19791798389889914,0.19791798389889914
CS(=O)(=O)NS(=O)(=O)C1CCCCC1,-0.33000013124808003,-1.8934081290062315,-1.5634079977581514,1.5634079977581514
C[C@@H]1CCCC[C@@H]1C,-4.2719001206952045,-4.282920635905142,-0.011020515209937187,0.011020515209937187
C[C@H]1CCCC[C@@H]1C,-4.334099686299568,-4.282920363551563,0.05117932274800552,0.05117932274800552
ClC1C(Cl)C(Cl)C(Cl)C(Cl)C1Cl,-4.790399918874819,-5.037723931370579,-0.24732401249575986,0.24732401249575986
ClC1CCCCC1,-2.3752000437555347,-3.3615179754435007,-0.986317931687966,0.986317931687966
FC(F)(F)C1(F)C(F)(F)C(F)(F)C(F)(F)C(F)(C(F)(F)F)C1(F)F,-7.602120662954025,-6.150216807689019,1.451903855265006,1.451903855265006
ICC1CCC(CI)CC1,-5.748197324239619,-5.854073416204994,-0.10587609196537429,0.10587609196537429
NC(=O)NN=CCOC1CCCCC1,-1.7400000734192727,-1.7513652520830987,-0.011365178663826025,0.011365178663826025
NC1C(O)C(O)C(O)C(O)C1O,-1.4100000000323194,-0.6470156115920482,0.7629843884402712,0.7629843884402712
NC1CCCCC1,1.0035889717571416,-0.3381061908119727,-1.3416951625691143,1.3416951625691143
NCC1(CC(=O)O)CCCCC1,0.019020979900942425,-1.091609134115739,-1.1106301140166814,1.1106301140166814
NCC1CCC(C(=O)O)CC1,0.025499999185471633,-0.6186734087745593,-0.644173407960031,0.644173407960031
O=C(O)/C(S)=C/C1CCCCC1,-2.6700000512124493,-2.7503621960987092,-0.08036214488625992,0.08036214488625992
O=C(O)C1(O)CC(O)C(O)C(O)C1,0.17899983792846452,0.643134457372819,0.4641346194443545,0.4641346194443545
O=C(O)C1(O)CCCCC1,-0.332799926037477,-0.34150325699953576,-0.008703330962058775,0.008703330962058775
O=C(O)C1CCC(C(=O)O)CC1,-0.8723707673662995,-0.6950228322085259,0.17734793515777358,0.17734793515777358
O=C(O)C1CCCCC1,-1.4450320238042784,-1.2895121385678077,0.15551988523647076,0.15551988523647076
O=C(O)C1CCCCC1C(=O)O,-1.934999992987209,-0.7509604443306119,1.184039548656597,1.184039548656597
O=C(O)CC1(CC(=O)O)CCCCC1,-1.4722340183643927,-1.6108550449242978,-0.13862102655990505,0.13862102655990505
O=C(O)CC1CCCCC1,-1.693500057507515,-1.8208438756095253,-0.12734381810201034,0.12734381810201034
O=C(O)CSC1CCCCC1,-1.3381000170141484,-2.178347370879858,-0.8402473538657096,0.8402473538657096
O=NN(CCCl)C(=O)NC1CCCCC1,-3.3699998489018506,-2.7838652098575505,0.5861346390443001,0.5861346390443001
O=P(O)(O)OC1C(O)C(O)C(O)C(O)C1O,0.10759989608085085,0.3866686246532369,0.27906872857238607,0.27906872857238607
O=P(O)(O)O[C@H]1[C@H](OP(=O)(O)O)[C@@H](OP(=O)(O)O)[C@H](OP(=O)(O)O)[C@@H](OP(=O)(O)O)[C@H]1OP(=O)(O)O,0.18039973532316278,0.3378843792766286,0.15748464395346584,0.15748464395346584
O=S(=O)(O)CCCNC1CCCCC1,-3.0802068492137473,-0.8030439809600174,2.27716286825373,2.27716286825373
O=S(=O)([O-])CCNC1CCCCC1,-0.07841868760953297,-0.35648733384080433,-0.27806864623127137,0.27806864623127137
O=[N+](O)OC1CCCCC1O[N+](=O)O,-2.349999916087518,-2.7313289024255964,-0.38132898633807866,0.38132898633807866
O=[N+]([O-])OC1CCCC(O[N+](=O)[O-])C1,-2.329999903386685,-2.7740166491190097,-0.44401674573232475,0.44401674573232475
OC1C(O)C(O)C(O)C(O)C1O,-0.09999998518850184,-0.2862685894641648,-0.18626860427566294,0.18626860427566294
OC1CC(O)C(O)C(O)C1O,-0.17000002964141725,0.09702004896130756,0.2670200786027248,0.2670200786027248
OC1CCCCC1,-0.37740000338397817,-0.8173682812568002,-0.439968277872822,0.439968277872822
OC1[C@@H](O)[C@H](O)C[C@@H](O)[C@@H]1O,-0.1738998605353248,0.09702004896130756,0.27091990949663236,0.27091990949663236
SC1CCCCC1,-3.3672139441449693,-2.8844032908344075,0.48281065331056183,0.48281065331056183
[NH3+][C@@H]1CCCC[C@@H]1[NH3+],0.8890065529403426,0.6820739379388905,-0.2069326150014521,0.2069326150014521
Brc1ccccn1,-0.8806000669245697,-0.5474436879136553,0.33315637901091444,0.33315637901091444
C=Cc1ccccn1,-0.5824002697443049,-0.48579128064897104,0.09660898909533389,0.09660898909533389
C=Cc1ccncc1,-0.5578998865084532,-0.3017780363588134,0.25612185014963984,0.25612185014963984
CC(=NC#N)N(C)Cc1ccc(Cl)nc1,-1.7244000689596946,-1.499017405473991,0.22538266348570346,0.22538266348570346
CC(=NNC(=O)c1ccncc1)C(=O)O,-3.309999912931944,-1.4944061870324272,1.815593725899517,1.815593725899517
CC(=O)c1c(C)ncc(C(=O)O)c1C(=O)O,-1.35000009810661,-1.2718569540030944,0.07814314410351564,0.07814314410351564
CC(CCC(=O)O)=NNC(=O)c1ccncc1,-1.5900001143398153,-1.2192698356066076,0.37073027873320763,0.37073027873320763
CCCC(=O)NNC(=O)c1ccncc1,-0.3200001248976636,-1.1932968365705354,-0.8732967116728718,0.8732967116728718
CCCCC(=O)NNC(=O)c1ccncc1,-1.0100000183692406,-1.4024819518449159,-0.3924819334756753,0.3924819334756753
CCCCCC(=O)NNC(=O)c1ccncc1,-1.2400000282520294,-1.7181687552550249,-0.4781687270029955,0.4781687270029955
CCCCCCC(=O)NNC(=O)c1ccncc1,-2.099999893503896,-2.0415529516841344,0.05844694181976173,0.05844694181976173
CCCCCCC(C)OC(=O)COc1nc(F)c(Cl)c(N)c1Cl,-6.429999647344848,-6.579129300563458,-0.14912965321860927,0.14912965321860927
CCCCCCCC(=O)NNC(=O)c1ccncc1,-2.9100000674456545,-2.3698783229154454,0.5401217445302091,0.5401217445302091
CCCCCCCCC(=O)NNC(=O)c1ccncc1,-3.5199999441580974,-2.6788634579904094,0.841136486167688,0.841136486167688
CCCCCCCCCC(=O)NNC(=O)c1ccncc1,-4.169999982448995,-2.9664498830277983,1.2035500994211965,1.2035500994211965
CCCCCCCCCCCCNC(=O)c1cccnc1,-3.2077998793513496,-4.350183526891769,-1.1423836475404192,1.1423836475404192
CCCCCCCCCCCNC(=O)c1cccnc1,-3.0265998624142023,-3.971293058320895,-0.9446931959066927,0.9446931959066927
CCCCCCCCCCNC(=O)c1cccnc1,-3.076499914869741,-3.556122709968693,-0.479622795098952,0.479622795098952
CCCCCCCCCCOC(=O)c1cccnc1,-3.190099926667132,-4.50511567310533,-1.3150157464381977,1.3150157464381977
CCCCCCCCCNC(=O)c1cccnc1,-3.139800042135912,-3.112468194496086,0.027331847639825657,0.027331847639825657
CCCCCCCCCOC(=O)c1cccnc1,-3.095799900146018,-4.0636255515229305,-0.9678256513769123,0.9678256513769123
CCCCCCCCNC(=O)c1cccnc1,-3.0081000115247645,-2.7083289831433914,0.29977102838137304,0.29977102838137304
CCCCCCCCOC(=O)c1cccnc1,-3.0929000154164363,-3.5809702759290367,-0.4880702605126004,0.4880702605126004
CCCCCCCNC(=O)c1cccnc1,-3.2000000132983497,-2.3332973562528254,0.8667026570455243,0.8667026570455243
CCCCCCCOC(=O)c1cccnc1,-2.7428998782623544,-3.1319304280336078,-0.3890305497712534,0.3890305497712534
CCCCCCNC(=O)c1cccnc1,-2.522099972269237,-1.8954529596753744,0.6266470125938626,0.6266470125938626
CCCCCCOC(=O)c1cccnc1,-2.6538000177747203,-2.6749054796074416,-0.02110546183272133,0.02110546183272133
CCCCCOC(=O)c1cccnc1,-2.3775999554029537,-2.186168684777183,0.1914312706257708,0.1914312706257708
CCCCOC(=O)c1cccnc1,-1.8367000286099038,-1.6794731673187109,0.1572268612911929,0.1572268612911929
CCCOC(=O)c1cccnc1,-1.2403001618957954,-1.2159030006662843,0.024397161229511077,0.024397161229511077
CCN(CC)C(=O)c1cccnc1,0.7489999275486228,-0.6185873450436792,-1.367587272592302,1.367587272592302
CCN(Cc1ccc(Cl)nc1)/C(=C/[N+](=O)[O-])NC,0.4917998295807706,-2.274386596288478,-2.7661864258692486,2.7661864258692486
CCOC(=O)c1cccnc1,-0.4312998660299683,-0.7292399740729092,-0.2979401080429409,0.2979401080429409
CCOC(=O)c1ccnc(C(=O)OCC)c1,-1.2184149177229582,-2.048362403948064,-0.8299474862251057,0.8299474862251057
CCOP(=S)(OCC)Oc1nc(Cl)c(Cl)cc1Cl,-5.495600001752391,-5.715122433284451,-0.2195224315320603,0.2195224315320603
CCc1ccc(C)nc1,-1.0042605752277667,-0.48558919429354974,0.5186713809342169,0.5186713809342169
CCc1cccc(C)n1,-0.8234000959650465,-0.39342447089601507,0.4299756250690314,0.4299756250690314
CCc1ccccn1,0.500999933470442,0.04151466196867393,-0.4594852715017681,0.4594852715017681
CCc1cccnc1,0.5379999842023411,0.019570317069251164,-0.5184296671330899,0.5184296671330899
CCc1ccncc1,-0.0006001889718696418,0.0599592633813506,0.060559452353220244,0.060559452353220244
CNc1nc(OC)ccc1N,0.38192313589735694,-1.1893650041311263,-1.5712881400284833,1.5712881400284833
COC(=O)COc1nc(F)c(Cl)c(N)c1Cl,-3.951280993974203,-4.210860508982674,-0.259579515008471,0.259579515008471
COC(=O)c1cccnc1,-0.45955083039858113,-0.43632778544699713,0.023223044951584004,0.023223044951584004
COP(=S)(OC)Oc1nc(Cl)c(Cl)cc1Cl,-4.830999803033649,-5.453147160020636,-0.6221473569869875,0.6221473569869875
COc1cc(C(Cl)(Cl)Cl)cc(Cl)n1,-4.363499982770443,-4.5532917529406225,-0.18979177017017967,0.18979177017017967
CSC(=O)c1c(C(F)F)nc(C(F)(F)F)c(C(=O)SC)c1CC(C)C,-5.457499914915981,-5.550650013561379,-0.09315009864539814,0.09315009864539814
Cc1c(OCC(F)(F)F)ccnc1CO,-1.7920738053198437,-1.4397965709602536,0.35227723435959013,0.35227723435959013
Cc1cc(C)c(C)c(C)n1,-1.3069000080949922,-1.0628943516025406,0.24400565649245154,0.24400565649245154
Cc1cc(C)c(C)cn1,-0.782400124399055,-0.6881998303540544,0.09420029404500063,0.09420029404500063
Cc1cc(C)nc(C)c1,-0.5394002696728721,-0.4215863756443814,0.11781389402849074,0.11781389402849074
Cc1ccc(C)c(C)n1,-0.5893000753079796,-0.48528606476041736,0.10401401054756221,0.10401401054756221
Cc1ccc(C)nc1,-0.029999940735586872,0.19229940788525646,0.22229934862084333,0.22229934862084333
Cc1cccc(C)n1,0.44699984470747767,0.1596319578838754,-0.28736788682360226,0.28736788682360226
Cc1ccccn1,1.0309150233723696,0.5246178911111921,-0.5062971322611776,0.5062971322611776
Cc1cccnc1,1.0308997715719603,0.5583036711434635,-0.47259610042849687,0.47259610042849687
Cc1cccnc1C,0.09380001259992232,-0.03323032653296387,-0.1270303391328862,0.1270303391328862
Cc1ccnc(C)c1,0.44709979847087356,0.21019766801899076,-0.2369021304518828,0.2369021304518828
Cc1ccncc1,1.0308997715719603,0.6305735103215566,-0.4003262612504037,0.4003262612504037
Cc1ccncc1C,-0.3140001755581294,-0.07295745364873696,0.24104272190939247,0.24104272190939247
Cc1cncc(C)c1,-0.5114998243600914,0.03300824264404101,0.5445080670041325,0.5445080670041325
Cc1nc(C)c(C(=O)O)cc1C(=O)O,-2.809000006710868,-1.795321349392681,1.013678657318187,1.013678657318187
Cc1ncc(CO)c(C=NC(C(=O)O)C(C)C)c1O,-1.6000001206902317,-1.9742494119258809,-0.3742492912356492,0.3742492912356492
Cc1ncc(CO)c(C=O)c1O,0.43294994064127046,-0.7327418963882852,-1.1656918370295557,1.1656918370295557
Cc1ncc(CO)c(CO)c1O,-0.11171282319558351,0.19926430595424893,0.31097712914983244,0.31097712914983244
Clc1cc(Cl)c(Cl)nc1Cl,-3.861424603333238,-4.5329967813140195,-0.6715721779807815,0.6715721779807815
Clc1cccc(C(Cl)(Cl)Cl)n1,-3.5061082434769375,-3.7060924378009106,-0.19998419432397307,0.19998419432397307
Clc1ccccn1,-0.7541456194339187,-0.3753508150575757,0.37879480437634294,0.37879480437634294
N#Cc1cccnc1,0.11279994295964002,-0.16308551698449048,-0.2758854599441305,0.2758854599441305
N#Cc1ccncc1,-0.41540013645699236,0.0984006092519154,0.5138007457089078,0.5138007457089078
NC(=O)c1ccccn1,0.1684997904074903,-0.16866440769129998,-0.3371641980987903,0.3371641980987903
NC(=O)c1cccnc1,0.6121583230953833,0.1304242153931665,-0.4817341077022168,0.4817341077022168
NCc1ccccn1,0.966000092588017,0.8981750638148807,-0.06782502877313634,0.06782502877313634
NCc1ccncc1,0.966000092588017,1.1825745689838487,0.21657447639583172,0.21657447639583172
NNC(=O)c1cccnc1,-0.13719994344719222,-0.18140701457957897,-0.044207071132386755,0.044207071132386755
NNC(=O)c1ccncc1,-0.039999947086003296,-0.12489691523499191,-0.08489696814898862,0.08489696814898862
Nc1c(Cl)c(Cl)nc(C(=O)O)c1Cl,-2.749399902816643,-2.7987424900517577,-0.04934258723511453,0.04934258723511453
Nc1c(Cl)c(F)nc(OCC(=O)O)c1Cl,-3.4474999662059727,-2.924686827800487,0.5228131384054855,0.5228131384054855
Nc1cc(Cl)nc(C(=O)O)c1Cl,-0.004250271634077318,-2.3788631993895217,-2.3746129277554444,2.3746129277554444
Nc1cccc(N)n1,-0.07999997248766899,-0.7360790447885264,-0.6560790723008574,0.6560790723008574
Nc1ccccn1,0.9756996929410886,0.15556354012473061,-0.820136152816358,0.820136152816358
Nc1cccnc1,1.0262997196271244,0.5062176833318492,-0.5200820362952752,0.5200820362952752
Nc1cccnc1N,-1.750000079769689,-0.5845284406085409,1.1654716391611482,1.1654716391611482
Nc1ccncc1,-0.052900246696369724,0.6939706146116182,0.746870861307988,0.746870861307988
Nc1ncccc1O,-0.3461060324801588,-0.6029975538433039,-0.2568915213631451,0.2568915213631451
O=C(O)COc1nc(Cl)c(Cl)cc1Cl,-2.765599953276471,-2.958595367527016,-0.19299541425054478,0.19299541425054478
O=C(O)c1ccc(C(=O)O)nc1,-2.129600029413168,-2.119402498629774,0.010197530783393915,0.010197530783393915
O=C(O)c1cccc(C(=O)O)n1,-1.524099944484389,-2.053618010956915,-0.5295180664725261,0.5295180664725261
O=C(O)c1ccccn1,0.891999718770641,-0.7172692172267658,-1.6092689359974068,1.6092689359974068
O=C(O)c1cccnc1,-0.8350000434137423,-0.4684132158506209,0.36658682756312144,0.36658682756312144
O=C(O)c1cccnc1C(=O)O,-1.4800000444852346,-1.445214500702031,0.03478554378320364,0.03478554378320364
O=C(O)c1ccnc(C(=O)O)c1,-1.8267999760228832,-1.8688903151413407,-0.0420903391184575,0.0420903391184575
O=C(O)c1ccnc(C(=O)O)c1C(=O)O,-1.2450000314272376,-1.233842522367197,0.011157509060040649,0.011157509060040649
O=C(O)c1ccncc1,-1.3759672415407396,-0.4608793711556509,0.9150878703850887,0.9150878703850887
O=C(O)c1ccncc1C(=O)O,-1.8538000204043654,-1.4959237411731392,0.3578762792312262,0.3578762792312262
O=C(O)c1cncc(C(=O)O)c1,-2.22300008055545,-1.7548621358572678,0.4681379446981824,0.4681379446981824
O=C(O)c1nc(Cl)ccc1Cl,-1.3884000462332071,-2.3464209857977547,-0.9580209395645476,0.9580209395645476
OC(=S)c1cccnc1,-1.3801000709212552,-1.2902680559255868,0.0898320149956684,0.0898320149956684
OCc1cccnc1,0.9620637663145586,0.9204751024881315,-0.04158866382642712,0.04158866382642712
OCc1ccncc1,0.9620999893405311,0.9691980683095252,0.007098078968994059,0.007098078968994059
Oc1cccnc1,-0.4557000231488453,0.30751995113703146,0.7632199742858767,0.7632199742858767
c1ccncc1,0.5795434373346984,0.5658876288969208,-0.013655808437777583,0.013655808437777583
C=C(C)C(=O)OCCCOc1ccc(C(C)(C)c2ccc(OCCCOC(=O)C(=C)C)cc2)cc1,-7.456474956714596,-7.176649629900483,0.27982532681411243,0.27982532681411243
C=C(C)C(=O)OCCOc1ccc(C(C)(C)c2ccc(OCCOC(=O)C(=C)C)cc2)cc1,-5.379201801626165,-7.165900106501388,-1.7866983048752232,1.7866983048752232
C=CC(=O)OCCOc1ccc(C(C)(C)c2ccc(OCCOC(=O)C=C)cc2)cc1,-5.999481630123766,-6.089761666756454,-0.09028003663268791,0.09028003663268791
C=CCc1cc(C(C)(C)c2ccc(O)c(CC=C)c2)ccc1O,-3.9963836317618657,-5.038559512150138,-1.042175880388272,1.042175880388272
CC(=O)OCCOc1ccc(C(C)(C)c2ccc(OCCOC(C)=O)cc2)cc1,-8.058502737779685,-6.128733012691237,1.9297697250884482,1.9297697250884482
CC(Br)(CBr)COc1c(Br)cc(C(C)(C)c2cc(Br)c(OCC(C)(Br)CBr)c(Br)c2)cc1Br,-7.68649062692816,-8.974614112913661,-1.2881234859855013,1.2881234859855013
CC(C)(C)c1cc(Cc2cc(C(C)(C)C)c(O)c(C(C)(C)C)c2)cc(C(C)(C)C)c1O,-8.628050720459143,-7.291370131981701,1.3366805884774422,1.3366805884774422
CC(C)(O)C(=O)c1ccc(Cc2ccc(C(=O)C(C)(C)O)cc2)cc1,-4.536378323347595,-3.9758837140672645,0.5604946092803305,0.5604946092803305
CC(C)(c1cc(Br)c(O)c(Br)c1)c1cc(Br)c(O)c(Br)c1,-6.483818348624375,-6.55081269898237,-0.06699435035799528,0.06699435035799528
CC(C)(c1cc(Br)c(OCC(Br)CBr)c(Br)c1)c1cc(Br)c(OCC(Br)CBr)c(Br)c1,-9.816434512961749,-9.391890299136643,0.4245442138251061,0.4245442138251061
CC(C)(c1ccc(O)cc1)c1ccc(O)cc1,-4.238636897240341,-3.7307970181324186,0.5078398791079226,0.5078398791079226
CC(C)(c1ccc(OC#N)cc1)c1ccc(OC#N)cc1,-5.469558097260898,-5.139075277155637,0.330482820105261,0.330482820105261
CC(C)(c1ccc(OCCO)cc1)c1ccc(OCCO)cc1,-3.4517905223527734,-3.66519017308129,-0.21339965072851674,0.21339965072851674
CC(C)(c1ccccc1)c1ccc(O)cc1,-4.096484602266951,-3.952608445316958,0.14387615694999312,0.14387615694999312
CC(C)CC(c1ccc(O)cc1)c1ccc(O)cc1,-3.367399893550851,-4.138229597047573,-0.7708297034967222,0.7708297034967222
CC(C)OC(=O)C(O)(c1ccc(Br)cc1)c1ccc(Br)cc1,-4.933000031220043,-5.413619940431655,-0.4806199092116117,0.4806199092116117
CC(C)OC(=O)C(O)(c1ccc(Cl)cc1)c1ccc(Cl)cc1,-5.354399922978653,-5.073968473275066,0.28043144970358735,0.28043144970358735
CC(C)OC(=O)C(O)(c1ccc(Cl)cc1)c1cccc(Cl)c1,-4.530000074887198,-4.848749766643762,-0.31874969175656354,0.31874969175656354
CC(O)COc1ccc(C(C)(C)c2ccc(OCC(C)O)cc2)cc1,-3.499700989360405,-3.5036996846033936,-0.003998695242988681,0.003998695242988681
CC(c1ccc(OC#N)cc1)c1ccc(OC#N)cc1,-5.217950780032371,-4.84433614072357,0.37361463930880134,0.37361463930880134
CC(c1ccccc1)c1ccccc1,-4.692503786766383,-4.757968463249412,-0.06546467648302912,0.06546467648302912
CCCC(c1cc(C(C)(C)C)c(O)cc1C)c1cc(C(C)(C)C)c(O)cc1C,-7.980671166170243,-6.981426857016746,0.9992443091534966,0.9992443091534966
CCCCCCCCCCCCCCCCCCNC(=O)Nc1ccc(Cc2ccc(NC(=O)NCCCCCCCCCCCCCCCCCC)cc2)cc1,-5.942994408479793,-6.719169697798941,-0.7761752893191485,0.7761752893191485
CCOC(=O)C(O)(c1ccc(Cl)cc1)c1ccc(Cl)cc1,-4.511999954515017,-4.768656434739713,-0.256656480224696,0.256656480224696
CCc1cc(Cc2cc(CC)c(N)c(CC)c2)cc(CC)c1N,-5.84858794277569,-5.633881539576402,0.2147064031992878,0.2147064031992878
CCc1cc(Cc2cc(CC)c(N)c(CC)c2Cl)c(Cl)c(CC)c1N,-7.278038424302617,-6.731089524525861,0.5469488997767558,0.5469488997767558
CCc1cc(Cc2cc(CC)cc(C(C)(C)C)c2O)c(O)c(C(C)(C)C)c1,-5.566509162451123,-7.06998507432467,-1.5034759118735472,1.5034759118735472
CCc1ccc(C(c2ccc(CC)cc2)C(Cl)Cl)cc1,-7.039999762366673,-7.4199349111771795,-0.3799351488105067,0.3799351488105067
CN(C)C(=O)C(c1ccccc1)c1ccccc1,-2.980000001254928,-2.8203641300045765,0.1596358712503516,0.1596358712503516
CN(C)CCOC(c1ccccc1)c1ccccc1,-2.950000033269975,-2.9163593873323297,0.033640645937645264,0.033640645937645264
COc1ccc(C(c2ccc(OC)cc2)C(C)[N+](=O)[O-])cc1,-4.54459999700566,-5.5665222354229025,-1.0219222384172424,1.0219222384172424
COc1ccc(C(c2ccc(OC)cc2)C(Cl)(Cl)Cl)cc1,-6.538599819804731,-6.804498346370225,-0.2658985265654934,0.2658985265654934
Cc1c(Cl)ccc(Cc2c(Cl)cccc2Cl)c1Cl,-7.989999820949077,-7.7046631471156815,0.28533667383339534,0.28533667383339534
Cc1c(Cl)ccc(Cc2ccc(Cl)cc2Cl)c1Cl,-7.399999990981664,-8.067479511734794,-0.6674795207531297,0.6674795207531297
Cc1cc(C(C)(C)c2cc(C)c(O)c(C)c2)cc(C)c1O,-4.952868905672715,-5.364113958071398,-0.4112450523986828,0.4112450523986828
Cc1cc(C)c(O)c(C(c2cc(C)cc(C)c2O)C(C)C)c1,-6.167340494244831,-5.586377083666269,0.5809634105785619,0.5809634105785619
Cc1cc(Cc2c(Cl)cccc2Cl)c(Cl)cc1Cl,-8.35999923885375,-7.543692922061563,0.8163063167921862,0.8163063167921862
Cc1cc(Cc2cc(C)c(O)c(C)c2)cc(C)c1O,-3.4088248728764583,-4.6314929083564085,-1.2226680354799502,1.2226680354799502
Cc1cc(Cc2cc(C)cc(C(C)(C)C)c2O)c(O)c(C(C)(C)C)c1,-7.231099919129097,-6.297413839912924,0.933686079216173,0.933686079216173
Cc1cc(Cc2cc(Cl)ccc2Cl)c(Cl)cc1Cl,-8.060000137755571,-7.801454340755189,0.25854579700038194,0.25854579700038194
Cc1cc(Cc2ccc(Cl)cc2)c(Cl)c(Cl)c1Cl,-8.180000213960568,-8.37594336206006,-0.19594314809949154,0.19594314809949154
Cc1cc(Cc2ccc(Cl)cc2Cl)c(Cl)cc1Cl,-7.489999503428255,-7.901164075344422,-0.4111645719161672,0.4111645719161672
Cc1cc(Cc2ccc(N)c(C)c2)ccc1N,-4.150608475731451,-3.913900124850838,0.2367083508806127,0.2367083508806127
Cc1cc(Cl)c(Cc2cc(Cl)ccc2Cl)cc1Cl,-8.029999301643585,-7.818127282138194,0.2118720195053907,0.2118720195053907
Cc1cc(Cl)c(Cl)c(Cl)c1Cc1ccc(Cl)cc1,-7.439999744029752,-8.016145219800489,-0.5761454757707369,0.5761454757707369
Cc1cc(Cl)c(Cl)c(Cl)c1Cc1ccccc1Cl,-7.239999617021423,-7.6700023412715375,-0.4300027242501141,0.4300027242501141
Cc1cc(O)c(Cc2ccccc2)c(C)c1Cl,-4.30089992122855,-5.154953899326261,-0.8540539780977117,0.8540539780977117
Cc1ccccc1Cc1ccccc1,-4.692503786766383,-4.625274122916361,0.06722966385002227,0.06722966385002227
Clc1ccc(C(c2ccc(Cl)cc2)C(Cl)(Cl)Cl)cc1,-7.809199531827257,-7.279930192260512,0.5292693395667456,0.5292693395667456
Clc1ccc(C(c2ccc(Cl)cc2)C(Cl)Cl)cc1,-7.199999591619758,-7.103712252100909,0.09628733951884882,0.09628733951884882
Clc1ccc(C(c2ccccc2Cl)C(Cl)(Cl)Cl)cc1,-7.129999819520421,-6.6220843622944,0.5079154572260212,0.5079154572260212
Clc1ccc(C(c2ccccc2Cl)C(Cl)Cl)cc1,-6.505199738676553,-6.4615733253740295,0.04362641330252348,0.04362641330252348
Fc1ccc(Cc2ccc(F)cc2)cc1,-6.912155903094105,-5.587420470226403,1.3247354328677012,1.3247354328677012
N#CC(c1ccccc1)c1ccccc1,-2.943700060930316,-3.7705360607172613,-0.8268359997869452,0.8268359997869452
Nc1ccc(Cc2ccc(N)c(Cl)c2)cc1Cl,-4.286890461668785,-4.555955098587074,-0.26906463691828897,0.26906463691828897
Nc1ccc(Cc2ccc(N)cc2)cc1,-2.29293346646997,-2.883578331844419,-0.5906448653744492,0.5906448653744492
O=C(O)C(=O)C(c1ccccc1)c1ccccc1,-2.3354001301458442,-2.540300034212407,-0.20489990406656267,0.20489990406656267
O=C(O)C(CCBr)(c1ccccc1)c1ccccc1,-4.069491298636542,-3.3593562370006858,0.7101350616358566,0.7101350616358566
O=C(O)C(O)(c1ccccc1)c1ccccc1,-2.209199924720943,-1.9276796734979673,0.2815202512229755,0.2815202512229755
O=C(O)C(c1ccccc1)c1ccccc1,-3.2230398323798397,-2.666485532544057,0.5565542998357826,0.5565542998357826
O=C(O)CC(C(=O)O)(c1ccccc1)c1ccccc1,-2.431799883604315,-2.1003177301302802,0.33148215347403465,0.33148215347403465
O=C(O)CCCC(C(=O)O)(c1ccccc1)c1ccccc1,-3.173700070813105,-2.7588385373749906,0.41486153343811427,0.41486153343811427
O=C(O)c1ccccc1C(C(=O)O)c1ccccc1C(=O)O,-2.4997999676401834,-1.9135806096107983,0.5862193580293851,0.5862193580293851
OC(c1ccc(Cl)cc1)(c1ccc(Cl)cc1)C(Cl)(Cl)Cl,-5.6656997911192875,-5.841975197884002,-0.17627540676471476,0.17627540676471476
OC(c1ccccc1)c1ccc(Cl)cc1,-3.488599993667952,-3.575632213874224,-0.08703222020627166,0.08703222020627166
OC(c1ccccc1)c1ccccc1,-2.5494000822060907,-2.2477136485550564,0.3016864336510343,0.3016864336510343
Oc1c(Cl)cc(Cl)c(Cl)c1Cc1c(O)c(Cl)cc(Cl)c1Cl,-3.4633998659999357,-5.666605911475738,-2.2032060454758025,2.2032060454758025
Oc1c(Cl)cc(Cl)cc1Cc1ccccc1,-4.639900190978382,-4.750657948489004,-0.11075775751062178,0.11075775751062178
Oc1ccc(C(c2ccc(O)cc2)(C(F)(F)F)C(F)(F)F)cc1,-3.1795029382942266,-3.6829638995411473,-0.5034609612469207,0.5034609612469207
Oc1ccc(Cc2ccccc2)cc1,-3.40089986035403,-3.0682456332539085,0.3326542271001216,0.3326542271001216
Oc1ccc(Cl)cc1Cc1cc(Cl)ccc1O,-3.9527999779712033,-3.678448004852141,0.27435197311906245,0.27435197311906245
Oc1ccc(Cl)cc1Cc1ccccc1,-3.166599966214369,-3.7473079091360764,-0.5807079429217072,0.5807079429217072
c1ccc(Cc2ccccc2)cc1,-4.169999982448995,-4.30271066399677,-0.132710681547775,0.132710681547775
C=CCN(CC=C)c1cc(NC(C)=O)c(N=Nc2c(Br)cc([N+](=O)[O-])cc2[N+](=O)[O-])cc1OC,-7.009332477047522,-6.599156003915007,0.41017647313251526,0.41017647313251526
C=CCN(CC=C)c1cc(NC(C)=O)c(N=Nc2c(Cl)cc([N+](=O)[O-])cc2[N+](=O)[O-])cc1OC,-4.388179166130734,-6.603283250047158,-2.215104083916424,2.215104083916424
C=CCN(CCC#N)c1cc(NC(C)=O)c(N=Nc2c(Br)cc([N+](=O)[O-])cc2[N+](=O)[O-])cc1OC,-8.899999581776237,-6.36866044669571,2.531339135080527,2.531339135080527
CC(=O)Nc1cc(N(CCOC(C)=O)CCOC(C)=O)ccc1N=Nc1ccc([N+](=O)[O-])cc1Cl,-6.963714886730866,-6.922727307252707,0.04098757947815912,0.04098757947815912
CC(=O)OCCN(CCC#N)c1ccc(N=Nc2c(Cl)cc([N+](=O)[O-])cc2Cl)cc1,-7.051424450287453,-6.988442412851383,0.06298203743606923,0.06298203743606923
CC(=O)OCCN(CCC#N)c1ccc(N=Nc2ccc([N+](=O)[O-])cc2)cc1,-4.2803415836913095,-6.082253423297885,-1.8019118396065759,1.8019118396065759
CC(=O)OCCN(CCOC(C)=O)c1ccc(N=Nc2ccc([N+](=O)[O-])cc2C#N)cc1,-7.300464835036401,-7.374930933473415,-0.07446609843701424,0.07446609843701424
CCCCN(CCOC(C)=O)c1ccc(N=Nc2c(C#N)cc([N+](=O)[O-])cc2C#N)c(C)c1,-8.880899970006702,-8.38054014576195,0.500359824244752,0.500359824244752
CCN(CC)c1cc(NC(C)=O)c(N=Nc2c(Cl)cc([N+](=O)[O-])cc2[N+](=O)[O-])cc1OC,-4.667327830478479,-6.411206978058548,-1.7438791475800688,1.7438791475800688
CCN(CC)c1ccc(N=Nc2c(Br)cc([N+](=O)[O-])cc2[N+](=O)[O-])c(NC(C)=O)c1,-7.3795688425656945,-6.716947020242884,0.6626218223228104,0.6626218223228104
CCN(CC)c1ccc(N=Nc2c(C#N)cc(C)cc2C#N)c(NS(C)(=O)=O)c1,-7.233104986175745,-7.1240690479898845,0.1090359381858601,0.1090359381858601
CCN(CC)c1ccc(N=Nc2c(C#N)cc([N+](=O)[O-])cc2C#N)c(C)c1,-7.472819712035225,-7.747911261297341,-0.27509154926211643,0.27509154926211643
CCN(CC)c1ccc(N=Nc2c(C#N)cc([N+](=O)[O-])cc2C#N)c(NC(C)=O)c1,-8.102752568423934,-7.438249599932799,0.664502968491135,0.664502968491135
CCN(CC)c1ccc(N=Nc2c(C#N)cc([N+](=O)[O-])cc2[N+](=O)[O-])c(NC(C)=O)c1,-6.327772548627367,-6.958685605545945,-0.6309130569185779,0.6309130569185779
CCN(CC)c1ccc(N=Nc2c(Cl)cc([N+](=O)[O-])cc2[N+](=O)[O-])c(NC(C)=O)c1,-7.115885095302474,-6.673062143394141,0.4428229519083331,0.4428229519083331
CCN(CC)c1ccc(N=Nc2ccccc2)cc1,-5.982115276529302,-6.167461419233788,-0.18534614270448646,0.18534614270448646
CCN(CCC#N)c1ccc(N=Nc2c(Br)cc([N+](=O)[O-])cc2Br)cc1,-4.381248448435873,-6.661024387567628,-2.2797759391317554,2.2797759391317554
CCN(CCC#N)c1ccc(N=Nc2ccc([N+](=O)[O-])cc2)cc1,-7.208650903048277,-5.865207775210841,1.3434431278374355,1.3434431278374355
CCN(CCC#N)c1ccc(N=Nc2ccc([N+](=O)[O-])cc2Cl)cc1,-4.252611631718818,-6.381303099820593,-2.128691468101775,2.128691468101775
CCN(CCO)c1ccc(N=Nc2ccc([N+](=O)[O-])cc2)cc1,-6.293000077815943,-5.293460265029519,0.9995398127864243,0.9995398127864243
CCN(CCOC(C)OCC(C)C)c1ccc(N=Nc2ccccc2)cc1,-7.090503648239414,-6.05832879552748,1.0321748527119343,1.0321748527119343
CCN(CC[N+](C)(C)C)c1ccc(N=Nc2ccc([N+](=O)[O-])cc2Cl)cc1,-3.038699605276906,-1.805375690282055,1.2333239149948512,1.2333239149948512
CCN(CC[N+](C)(C)CC(C)O)c1ccc(N=Nc2ccc([N+](=O)[O-])cc2Cl)cc1,-0.5625200926181155,-1.6524792508927502,-1.0899591582746346,1.0899591582746346
CCOc1cc(N=Nc2cc([N+](=O)[O-])cc([N+](=O)[O-])c2Br)c(NC(C)=O)cc1N(CCOC(C)=O)CCOC(C)=O,-8.833599779280622,-6.709748987510494,2.1238507917701277,2.1238507917701277
CN(C)c1ccc(N=Nc2ccc(N)cc2)cc1,-4.593999761470211,-5.086364782587983,-0.4923650211177728,0.4923650211177728
CN(C)c1ccc(N=Nc2ccc(S(=O)(=O)O)cc2)cc1,-3.85999985367448,-2.1546283700613973,1.7053714836130829,1.7053714836130829
CN(C)c1ccc(N=Nc2ccccc2)cc1,-5.249999851233234,-5.9983374727395,-0.7483376215062663,0.7483376215062663
COC(=O)CCN(CCC(=O)OC)c1ccc(N=Nc2c(Cl)cc([N+](=O)[O-])cc2Br)cc1,-7.100221496282261,-7.421127547498461,-0.3209060512162001,0.3209060512162001
COC(=O)CCN(CCC(=O)OC)c1ccc(N=Nc2ccc([N+](=O)[O-])cc2[N+](=O)[O-])c(NC(C)=O)c1,-7.33283133433328,-6.887508448925736,0.4453228854075437,0.4453228854075437
COC(=O)CN(CC(=O)OC)c1ccc(N=Nc2ccc([N+](=O)[O-])cc2C#N)c(NC(C)=O)c1,-5.193519438428729,-6.5732391097161535,-1.3797196712874245,1.3797196712874245
COc1cc(N=Nc2c(Br)cc([N+](=O)[O-])cc2[N+](=O)[O-])c(NC(C)=O)cc1N(CCOC(C)=O)CCOC(C)=O,-5.4951198423930805,-6.713812502905221,-1.2186926605121409,1.2186926605121409
COc1cc(N=Nc2c(Cl)cc([N+](=O)[O-])cc2[N+](=O)[O-])c(NC(C)=O)cc1N(CCOC(C)=O)CCOC(C)=O,-5.4630997768483525,-6.6517823412268315,-1.188682564378479,1.188682564378479
Cc1cc(N(CCO)CCO)ccc1N=Nc1c(Cl)cc([N+](=O)[O-])cc1Cl,-5.95919971876811,-5.939705739016567,0.019493979751542767,0.019493979751542767
Cc1cc(N(CCO)CCO)ccc1N=Nc1ccc([N+](=O)[O-])cc1Cl,-6.570000008604257,-5.489027565190355,1.080972443413902,1.080972443413902
Cc1cc(N(CCO)CCO)ccc1N=Nc1ccccc1,-4.125399973190888,-4.454596535432178,-0.32919656224129046,0.32919656224129046
Cc1cc(N)ccc1N=Nc1ccc(N)cc1,-7.532414760366144,-4.328348804307787,3.2040659560583578,3.2040659560583578
Cc1cc(N=Nc2ccccc2C)ccc1N,-4.050000110509182,-5.520332974944482,-1.4703328644353002,1.4703328644353002
Cc1ccc(N=Nc2cc(C)ccc2N)cc1,-3.9030999436860982,-5.317095653299308,-1.4139957096132099,1.4139957096132099
Cc1cccc(N=Nc2ccc(N(C)C)cc2)c1,-5.776899578488196,-6.067445559222058,-0.29054598073386195,0.29054598073386195
Clc1ccc(N=Nc2ccccc2)cc1,-5.7023000267976025,-6.014709191064425,-0.3124091642668221,0.3124091642668221
N#CC(C#N)=NNc1ccc(N=Nc2ccccc2)cc1,-4.92000005019986,-5.640369274175451,-0.7203692239755908,0.7203692239755908
N#CCCN(CCC#N)c1ccc(N=Nc2c(Cl)cc([N+](=O)[O-])cc2Cl)cc1,-7.1152524179390735,-6.3558138007403535,0.75943861719872,0.75943861719872
N#CCCN(CCC#N)c1ccc(N=Nc2ccc([N+](=O)[O-])cc2Cl)cc1,-4.2819541892310005,-5.99490745176891,-1.7129532625379094,1.7129532625379094
N#CCCN(CCO)c1ccc(N=Nc2ccc([N+](=O)[O-])cc2Cl)cc1,-6.130000001539512,-5.696579512229851,0.43342048930966115,0.43342048930966115
N#CCCOCCN(CCC#N)c1ccc(N=Nc2ccc([N+](=O)[O-])cc2)cc1,-4.593749877061721,-4.908610087360369,-0.3148602102986482,0.3148602102986482
Nc1cc(N)c(S(=O)(=O)[O-])cc1N=Nc1cc([N+](=O)[O-])ccc1O,-0.7639423138378092,-2.6596935109091664,-1.8957511970713572,1.8957511970713572
Nc1ccc(N=Nc2ccc(S(=O)(=O)[O-])cc2)cc1S(=O)(=O)[O-],-0.5243238649684119,-0.5360211788215055,-0.011697313853093583,0.011697313853093583
Nc1ccc(N=Nc2ccccc2)c(N)c1,-3.5461828256707824,-3.7525727080782096,-0.20638988240742728,0.20638988240742728
Nc1ccc(N=Nc2ccccc2)cc1,-3.7597031290346785,-4.362941113226878,-0.6032379841921993,0.6032379841921993
O=C(O)c1c(Cl)cccc1N=Nc1ccc(O)cc1,-2.9999999799115638,-4.212280969072567,-1.2122809891610031,1.2122809891610031
O=C(O)c1cc(Cl)ccc1N=Nc1ccc(O)cc1,-3.85999985367448,-4.396133660928061,-0.5361338072535804,0.5361338072535804
O=C(O)c1cc(N=Nc2ccccc2)ccc1O,-3.0499999302767367,-4.1199504504339775,-1.0699505201572408,1.0699505201572408
O=C(O)c1ccc(Cl)c(N=Nc2ccc(O)cc2)c1,-4.079999857206852,-4.309188321513405,-0.22918846430655293,0.22918846430655293
O=C(O)c1ccc(N=Nc2ccc(O)cc2)cc1,-4.37999997963095,-3.906019642138533,0.4739803374924172,0.4739803374924172
O=C(O)c1ccc(N=Nc2ccc(O)cc2)cc1Cl,-2.619999883283578,-4.228173345098917,-1.6081734618153396,1.6081734618153396
O=C(O)c1cccc(N=Nc2ccc(O)cc2)c1,-3.8499998473240638,-3.6679245349233955,0.1820753124006682,0.1820753124006682
O=C(O)c1ccccc1N=Nc1ccc(O)cc1,-3.3299998915885793,-3.844201167279215,-0.5142012756906356,0.5142012756906356
Oc1ccc(N=Nc2ccccc2)c(O)c1,-3.0799998987936306,-3.5309699037349813,-0.45097000494135075,0.45097000494135075
Oc1ccc(N=Nc2ccccc2)cc1,-3.9499999789166225,-4.035060223036063,-0.08506024411944058,0.08506024411944058
c1ccc(N=Nc2ccccc2)cc1,-4.454400032325121,-4.944430030035608,-0.4900299977104874,0.4900299977104874
C#CC1(O)CCC2C3CCC4=CC(=O)CCC4(C)C3CCC21C,-5.65999970306994,-4.919040276188397,0.7409594268815427,0.7409594268815427
C#CC1(O)CCC2C3CCC4=CC(=O)CCC4(O)C3CCC21C,-4.570000100288864,-4.180265056919915,0.3897350433689484,0.3897350433689484
C#CC1(O)CCC2C3CCC4=CC(=O)CCC4C3CCC21C,-4.630000002214572,-5.214330928617404,-0.5843309264028314,0.5843309264028314
C#CC1(O)CCC2C3CCC4=CC(=O)CCC4C3CCC21CC,-5.189999949307525,-5.283349274595768,-0.09334932528824247,0.09334932528824247
C#CC1(OC(=O)C(C)(C)C)CCC2C3CCC4=CC(=O)CCC4C3CCC21C,-7.159999566218092,-6.287376521122221,0.872623045095871,0.872623045095871
C#CC1(OC(=O)CCCCCC)CCC2C3CCC4=CC(=O)CCC4C3CCC21C,-6.889999667110426,-6.655237963433823,0.23476170367660298,0.23476170367660298
C#CC1(OC(C)=O)CCC2C3CCC4=CC(=O)CCC4C3CCC21C,-4.789999831467657,-5.579222355152899,-0.7892225236852415,0.7892225236852415
C#C[C@]1(O)CC[C@H]2[C@@H]3CCC4=CC(=O)CC[C@@H]4[C@H]3CC[C@@]21C,-4.627099845131411,-5.214330928617404,-0.5872310834859924,0.5872310834859924
C#C[C@]1(O)CC[C@H]2[C@@H]3CCC4=CC(=O)CC[C@@H]4[C@H]3CC[C@@]21CC,-5.256699885446907,-5.283349138418979,-0.026649252972071658,0.026649252972071658
C#C[C@]1(O)CC[C@H]2[C@@H]3CCC4=CC(=O)CC[C@]4(C)[C@H]3CC[C@@]21C,-5.657599723334126,-4.919040276188397,0.7385594471457289,0.7385594471457289
C#C[C@]1(OC(C)=O)CC[C@H]2[C@@H]3CCC4=CC(=O)CC[C@@H]4[C@H]3CC[C@@]21C,-4.804099984769141,-5.579222355152899,-0.775122370383758,0.775122370383758
CC(=O)C1(O)CCC2C3CCC4=CC(=O)CCC4(C)C3CCC21C,-4.709999916841115,-4.2331126134260675,0.47688730341504737,0.47688730341504737
CC(=O)C1CCC2C3CCC4=CC(=O)CC(O)C4(C)C3CCC12C,-3.819999896361209,-4.054128514144043,-0.23412861778283434,0.23412861778283434
CC(=O)C1CCC2C3CCC4=CC(=O)CCC4(C)C3C(O)CC12C,-3.819999896361209,-4.15725104334001,-0.3372511469788013,0.3372511469788013
CC(=O)C1CCC2C3CCC4=CC(=O)CCC4(C)C3CCC12C,-4.429999739029454,-4.7645042682551075,-0.33450452922565344,0.33450452922565344
CC(=O)C1CC[C@H]2[C@@H]3CCC4=CC(=O)CC[C@]4(C)[C@H]3[C@H](O)C[C@]12C,-3.82019994006479,-4.1572511795168,-0.33705123945201,0.33705123945201
CC(=O)OC1(C(C)=O)CCC2C3CCC4=CC(=O)CCC4(C)C3CCC21C,-5.566810385509204,-4.771037077371437,0.7957733081377674,0.7957733081377674
CC(=O)OC1(C)CCC2C3CCC4=CC(=O)CCC4(C)C3CCC21C,-5.2800001426380625,-4.882607674137793,0.39739246850026966,0.39739246850026966
CC(=O)OC1CCC2C3CCC4=CC(=O)CCC4(C)C3CCC12C,-5.183999863791202,-5.072136214574126,0.11186364921707614,0.11186364921707614
CC(=O)OCC(=O)C1(O)CCC2C3CCC4=CC(=O)CCC4(C)C3C(O)CC21C,-4.60999998951374,-4.262619127792649,0.3473808617210903,0.3473808617210903
CC(=O)OCC(=O)C1CCC2C3CCC4=CC(=O)CCC4(C)C3CCC12C,-4.969999673421574,-5.172974990924005,-0.20297531750243092,0.20297531750243092
CC(=O)OCC(=O)[C@@]1(O)CC[C@H]2[C@@H]3CCC4=CC(=O)CC[C@]4(C)[C@H]3[C@@H](O)C[C@@]21C,-4.457699732108286,-4.262619127792649,0.19508060431563656,0.19508060431563656
CC(=O)OCC(=O)[C@H]1CC[C@H]2[C@@H]3CCC4=CC(=O)CC[C@]4(C)[C@H]3CC[C@]12C,-4.6300996836243895,-5.172974854747215,-0.5428751711228257,0.5428751711228257
CC(=O)O[C@]1(C(C)=O)CC[C@H]2[C@@H]3CCC4=CC(=O)CC[C@@H]4[C@H]3CC[C@@]21C,-4.995753700180343,-4.914192246310123,0.0815614538702194,0.0815614538702194
CC(=O)[C@@]1(O)CC[C@H]2[C@@H]3CCC4=CC(=O)CC[C@]4(C)[C@H]3CC[C@@]21C,-4.707600073282091,-4.2331126134260675,0.47448745985602336,0.47448745985602336
CC(=O)[C@H]1CC[C@H]2[C@@H]3CCC4=CC(=O)CC[C@]4(C)[C@H]3CC[C@]12C,-4.552599838673846,-4.7645044044318965,-0.21190456575805072,0.21190456575805072
CC(C)(C)CC(=O)OCC(=O)C1(O)CCC2C3CCC4=CC(=O)CCC4(C)C3C(O)CC21C,-5.511099643918205,-4.762765563008463,0.7483340809097419,0.7483340809097419
CC(O)C1(O)CCC2C3CCC4=CC(=O)CCC4(C)C3CCC21C,-4.1599997718333945,-3.915377234485108,0.24462253734828643,0.24462253734828643
CC12CCC(=O)C=C1CCC1C2C(O)CC2(C)C(C(=O)CO)CCC12,-3.2399999876337198,-3.652411819785802,-0.41241183215208244,0.41241183215208244
CC12CCC(=O)C=C1CCC1C2C(O)CC2(C)C1CCC2(O)C(=O)CO,-3.089999892377473,-3.3539925737094713,-0.2639926813319984,0.2639926813319984
CC12CCC(=O)C=C1CCC1C2C(O)CC2(C=O)C(C(=O)CO)CCC12,-3.8499998473240638,-3.274718396259765,0.5752814510642987,0.5752814510642987
CC12CCC(=O)C=C1CCC1C2CCC2(C)C(C(=O)CO)CCC12,-3.7499999199966885,-4.11585030348291,-0.36585038348622145,0.36585038348622145
CC12CCC(=O)C=C1CCC1C2CCC2(C)C(O)CCC12,-4.019999955281143,-4.394122057395523,-0.3741221021143799,0.3741221021143799
CC12CCC(=O)C=C1CCC1C2CCC2(C)C(OC(=O)C(CO)CO)CCC12,-4.249999897075537,-4.53393558409992,-0.28393568702438277,0.28393568702438277
CC12CCC(=O)C=C1CCC1C2CCC2(C)C(OC(=O)CCC(=O)O)CCC12,-5.079999879452944,-5.077808658735231,0.0021912207177132714,0.0021912207177132714
CC12CCC(=O)C=C1CCC1C2CCC2(C)C(OC=O)CCC12,-4.929999784196697,-4.999975044473947,-0.06997526027724987,0.06997526027724987
CC12CCC(=O)C=C1CCC1C2CCC2(C)C1CCC2(C)O,-3.9699999916174558,-4.444709828170516,-0.47470983655306,0.47470983655306
CC12CCC(=O)C=C1CCC1C3CCC(O)(C(=O)CO)C3(C)CC(O)C12F,-3.4300000231811385,-3.1628407718996803,0.26715925128145823,0.26715925128145823
CC12CCC3C4CCC(=O)C=C4CCC3C1CCC2O,-3.0199999606959618,-3.858630732234179,-0.8386307715382171,0.8386307715382171
CCC(=O)OC1CCC2C3CCC4=CC(=O)CCC4(C)C3CCC12C,-5.369999791261442,-5.4389518191433845,-0.06895202788194243,0.06895202788194243
CCC(=O)O[C@H]1CC[C@H]2[C@@H]3CCC4=CC(=O)CC[C@]4(C)[C@H]3CC[C@]12C,-5.36689986282828,-5.438952091496963,-0.07205222866868333,0.07205222866868333
CCCC(=O)OC1CCC2C3CCC4=CC(=O)CCC4(C)C3CCC12C,-5.929999602177606,-5.781243345715442,0.14875625646216406,0.14875625646216406
CCCC(=O)OC1CCC2C3CCC4=CC(=O)CCC4C3CCC12C,-5.909999589476772,-5.655789116742696,0.2542104727340764,0.2542104727340764
CCCCC(=O)OC1CCC2C3CCC4=CC(=O)CCC4(C)C3CCC12C,-6.190000039642012,-6.043704225410141,0.14629581423187066,0.14629581423187066
CCCCCCCCC(=O)OC1CCC2C3CCC4=CC(=O)CCC4C3CCC12C,-5.719999741172439,-6.388091240416986,-0.6680914992445475,0.6680914992445475
C[C@H]1CC(=O)C=C2CC[C@H]3[C@@H]4CC[C@H](O)[C@@]4(C)CC[C@@H]3[C@]21C,-3.5264224500750387,-4.321102020284804,-0.7946795702097651,0.7946795702097651
C[C@]12CCC(=O)C=C1CC[C@@H]1[C@@H]2CC[C@@]2(C)[C@H]1CCC2(O)C#CCO,-3.526033835562381,-4.748576077733153,-1.2225422421707721,1.2225422421707721
C[C@]12CCC(=O)C=C1CC[C@@H]1[C@@H]2CC[C@@]2(C)[C@H]1CC[C@]2(C)O,-3.950499951998786,-4.444709555816937,-0.49420960381815116,0.49420960381815116
C[C@]12CCC(=O)C=C1CC[C@@H]1[C@@H]2[C@@H](O)C[C@@]2(C)[C@H]1CC[C@]2(O)C(=O)CO,-3.1121091601353936,-3.353992505621077,-0.24188334548568324,0.24188334548568324
C[C@]12CCC(=O)C=C1CC[C@H]1[C@@H]3CC[C@](O)(C(=O)CO)[C@@]3(C)C[C@H](O)[C@@]12F,-3.4342000217630098,-3.1628408910543713,0.2713591307086385,0.2713591307086385
C[C@]12CC[C@H]3[C@@H](CCC4=CC(=O)CC[C@@H]43)[C@@H]1CC[C@@H]2O,-1.9484000614145545,-3.8586309364993627,-1.9102308750848083,1.9102308750848083
C[C@]12CC[C@H]3[C@@H](CCC4=CC(=O)CC[C@@]43C)[C@@H]1CC[C@@H]2C(=O)CO,-3.7446000336795024,-4.115850235394515,-0.371250201715013,0.371250201715013
C[C@]12CC[C@H]3[C@@H](CCC4=CC(=O)CC[C@@]43C)[C@@H]1CC[C@@H]2O,-4.090799766018014,-4.3941219212187335,-0.3033221552007195,0.3033221552007195
C[C@]12C[C@H](O)[C@H]3[C@@H](CCC4=CC(=O)CC[C@@]43C)[C@@H]1CC[C@@H]2C(=O)CO,-3.240799873072366,-3.6524119559625916,-0.41161208289022566,0.41161208289022566
C=C(C)Cn1c(N)cc(=O)n(C)c1=O,-0.9895001006746393,-1.0734823693294462,-0.08398226865480685,0.08398226865480685
CC(=O)OCn1c(=O)[nH]cc(F)c1=O,-1.2000001390271529,-0.8453775318242855,0.3546226072028673,0.3546226072028673
CC(=O)OCn1cc(F)c(=O)[nH]c1=O,-0.6700000748086605,-1.2306587090317838,-0.5606586342231232,0.5606586342231232
CC(=O)OCn1cc(F)c(=O)n(COC(C)=O)c1=O,-1.8099999816953982,-1.049890966162623,0.7601090155327752,0.7601090155327752
CC(=O)n1c(=O)[nH]cc(F)c1=O,-0.6000000303557451,-0.6241150332776866,-0.024115002921941464,0.024115002921941464
CC(=O)n1cc(F)c(=O)[nH]c1=O,-0.6000000303557451,-1.202852225703667,-0.6028521953479218,0.6028521953479218
CC(C)(C)C(=O)OCn1cc(F)c(=O)[nH]c1=O,-2.0299999852277706,-1.9921796055167218,0.03782037971104879,0.03782037971104879
CC(C)(C)C(=O)OCn1cc(F)c(=O)n(COC(=O)C(C)(C)C)c1=O,-3.9000000152529353,-3.212511102622605,0.6874889126303301,0.6874889126303301
CC(C)COC(=O)n1cc(F)c(=O)[nH]c1=O,-1.8900000324987298,-1.6859791496075347,0.20402088289119513,0.20402088289119513
CCC(=O)OCn1c(=O)[nH]cc(F)c1=O,-0.7700000021360354,-1.111436474647654,-0.34143647251161857,0.34143647251161857
CCC(=O)OCn1cc(F)c(=O)[nH]c1=O,-0.8100000275377011,-1.4664155926850855,-0.6564155651473844,0.6564155651473844
CCC(=O)n1c(=O)[nH]cc(F)c1=O,-0.7000000938599098,-0.8577641725851577,-0.1577640787252479,0.1577640787252479
CCC(C)n1c(=O)[nH]c(C)c(Br)c1=O,-2.5057000993931116,-2.0560190120186492,0.44968108737446233,0.44968108737446233
CCCC(=O)OCn1c(=O)[nH]cc(F)c1=O,-1.130000094574238,-1.3765081357481075,-0.2465080411738696,0.2465080411738696
CCCC(=O)OCn1cc(F)c(=O)[nH]c1=O,-1.309999936528155,-1.7087492705576823,-0.3987493340295274,0.3987493340295274
CCCC(=O)n1c(=O)[nH]cc(F)c1=O,-1.280000053653695,-1.1993971482038335,0.0806029054498616,0.0806029054498616
CCCCC(=O)OCn1c(=O)[nH]cc(F)c1=O,-1.660000022615941,-1.6957112962132652,-0.03571127359732418,0.03571127359732418
CCCCC(=O)n1c(=O)[nH]cc(F)c1=O,-2.29999995242383,-1.503222544729661,0.7967774076941692,0.7967774076941692
CCCCCC(=O)OCn1c(=O)[nH]cc(F)c1=O,-2.1099998998543126,-2.1040516296063436,0.005948270247968956,0.005948270247968956
CCCCCCCC(=O)OCn1c(=O)[nH]cc(F)c1=O,-3.2899999342753086,-2.91855768924309,0.37144224503221857,0.37144224503221857
CCCCCCCCNC(=O)n1cc(F)c(=O)[nH]c1=O,-4.179999784534227,-3.315748190542628,0.8642515939915993,0.8642515939915993
CCCCCCOC(=O)n1cc(F)c(=O)[nH]c1=O,-2.240000050498121,-2.6622956450887965,-0.42229559459067545,0.42229559459067545
CCCCNC(=O)n1cc(F)c(=O)[nH]c1=O,-2.446399941899567,-1.8550641495400644,0.5913357923595028,0.5913357923595028
CCCCOC(=O)n1cc(F)c(=O)[nH]c1=O,-1.5900001143398153,-1.9362536365101268,-0.3462535221703116,0.3462535221703116
CCCNC(=O)n1cc(F)c(=O)[nH]c1=O,-1.8300001305730205,-1.6435806424147383,0.18641948815828213,0.18641948815828213
CCNC(=O)n1cc(F)c(=O)[nH]c1=O,-2.1300001168203297,-1.5498997266443857,0.5801003901759441,0.5801003901759441
CCOC(=O)OCn1c(=O)[nH]cc(F)c1=O,-1.4600000317844015,-1.1287967002865968,0.3312033314978047,0.3312033314978047
CCOC(=O)n1c(=O)[nH]cc(F)c1=O,-0.45000020745307756,-0.8501807595388575,-0.40018055208577996,0.40018055208577996
CCOC(=O)n1cc(F)c(=O)[nH]c1=O,-1.470000038134818,-1.413155760949123,0.05684427718569496,0.05684427718569496
CCc1c[nH]c(=O)[nH]c1=O,-1.9423999758982309,-1.5410438776782354,0.4013560982199955,0.4013560982199955
CN(C)C(=O)n1cc(F)c(=O)[nH]c1=O,-1.5299999400605273,-1.069902145360184,0.4600977947003433,0.4600977947003433
CNC(=O)n1cc(F)c(=O)[nH]c1=O,-2.2800000078113922,-1.5733040229026178,0.7066959849087744,0.7066959849087744
COC(=O)n1cc(F)c(=O)[nH]c1=O,-0.9100000910418657,-1.4401966583674155,-0.5301965673255498,0.5301965673255498
CSC[S+]([O-])CC(CO)NC(=O)C=Cc1c(C)[nH]c(=O)[nH]c1=O,-1.980999967728409,-2.094514351986198,-0.11351438425778926,0.11351438425778926
Cc1[nH]c(=O)[nH]c(=O)c1CC(=O)O,-2.309999958774247,-1.266876832639134,1.043123126135113,1.043123126135113
Cc1[nH]c(=O)n(C(C)(C)C)c(=O)c1Cl,-2.4844999266033847,-2.4714498665689115,0.013050060034473177,0.013050060034473177
Cc1[nH]c(=O)n(C(C)C)c(=O)c1Br,-2.0604000235977873,-1.8134539697809167,0.24694605381687063,0.24694605381687063
Cc1c[nH]c(=O)[nH]c1=O,-1.5186999900788083,-1.2849630167421953,0.23373697333661303,0.23373697333661303
Cc1cc(=O)[nH]c(=O)[nH]1,-1.2556999864750031,-1.4415330973782685,-0.18583311090326537,0.18583311090326537
Cn1c(N)c(NC=O)c(=O)n(C)c1=O,-1.1831208898082561,-0.8860794123983515,0.2970414774099046,0.2970414774099046
Cn1c(N)cc(=O)n(C)c1=O,-1.4535787514585643,-0.6224253516752141,0.8311533997833502,0.8311533997833502
Cn1cc([N+](=O)[O-])c(=O)[nH]c1=O,-1.997700008292498,-2.054576491288879,-0.05687648299638082,0.05687648299638082
Cn1ccc(=O)[nH]c1=O,-0.7997999774837039,-0.9690494789777895,-0.16924950149408557,0.16924950149408557
Nc1c[nH]c(=O)[nH]c1=O,-2.4100000903668057,-2.1537400888643528,0.256260001502453,0.256260001502453
O=C(O)Cc1c[nH]c(=O)[nH]c1=O,-1.6287000599333892,-1.2779602615257586,0.3507397984076306,0.3507397984076306
O=C(O)c1c[nH]c(=O)[nH]c1=O,-1.9380999895087665,-2.0299523914398865,-0.09185240193111999,0.09185240193111999
O=C(O)c1cc(=O)[nH]c(=O)[nH]1,-1.9299999898120008,-2.2047754727459967,-0.2747754829339959,0.2747754829339959
O=C(OCCCl)n1cc(F)c(=O)[nH]c1=O,-1.909999977111168,-1.7729529499711678,0.13704702714000017,0.13704702714000017
O=c1[nH]cc(Br)c(=O)[nH]1,-2.369800089349954,-2.0159726184202036,0.3538274709297502,0.3538274709297502
O=c1[nH]cc(F)c(=O)[nH]1,-1.068900020367228,-1.2825763823317398,-0.21367636196451167,0.21367636196451167
O=c1[nH]cc(NS(=O)(=O)O)c(=O)[nH]1,-1.7699999562937325,-1.5314634320158604,0.2385365242778721,0.2385365242778721
O=c1cc[nH]c(=O)[nH]1,-1.4800000444852346,-0.9494190500833,0.5305809944019346,0.5305809944019346
C/C=C/CC1(C/C=C/C)C(=O)NC(=O)NC1=O,-2.1972999798052704,-2.378580360198005,-0.18128038039273475,0.18128038039273475
C=C(Br)CC1(C(C)CC)C(=O)NC(=O)NC1=O,-2.6500000725558137,-2.4520721817954882,0.19792789076032546,0.19792789076032546
C=CC1(C(C)C)C(=O)NC(=O)NC1=O,-1.7100000543680232,-1.7991906766857706,-0.08919062231774744,0.08919062231774744
C=CC1(C(C)CCC)C(=O)NC(=O)NC1=O,-2.359999922437934,-2.596017380377691,-0.2360174579397567,0.2360174579397567
C=CC1(C=C)C(=O)NC(=O)NC1=O,-2.0599999361906254,-1.7501824204906522,0.3098175156999732,0.3098175156999732
C=CC1(CC(C)C)C(=O)NC(=O)NC1=O,-2.119999906204729,-1.9622224140657285,0.1577774921390005,0.1577774921390005
C=CCC1(C(C)C)C(=O)NC(=O)NC1=O,-1.7120000828734645,-1.8420136469310255,-0.13001356405756104,0.13001356405756104
C=CCC1(C(C)CC)C(=O)NC(=O)NC1=O,-2.019999978877354,-2.179762656251755,-0.15976267737440075,0.15976267737440075
C=CCC1(C(C)CCC)C(=O)NC(=O)NC1=O,-2.359999922437934,-2.5978264890244387,-0.23782656658650447,0.23782656658650447
C=CCC1(C)C(=O)NC(=O)NC1=O,-1.1599999774486978,-1.4213122059250816,-0.2613122284763838,0.2613122284763838
C=CCC1(CC(C)C)C(=O)NC(=O)NC1=O,-2.1192998894189854,-2.0317516953578,0.0875481940611853,0.0875481940611853
C=CCC1(CC)C(=O)NC(=O)NC1=O,-1.609999990863859,-1.7453712945222968,-0.13537130365843786,0.13537130365843786
C=CCC1(CC=C)C(=O)NC(=O)NC1=O,-2.0608001110049488,-1.8627348519083489,0.1980652590965999,0.1980652590965999
C=CCC1(CCCC)C(=O)NC(=O)NC1=O,-2.1700000741336005,-2.3122068398227373,-0.14220676568913682,0.14220676568913682
CC(C)=CCC1(C(C)(C)C)C(=O)NC(=O)NC1=O,-3.549999929165149,-3.203102222692735,0.34689770647241414,0.34689770647241414
CC(C)=CCC1(C(C)C)C(=O)NC(=O)NC1=O,-2.5899998982765258,-2.431267432357888,0.158732465918638,0.158732465918638
CC(C)=CCC1(C)C(=O)NC(=O)NC1=O,-2.599999904626942,-1.9655737929404586,0.6344261116864836,0.6344261116864836
CC(C)C1(Br)C(=O)NC(=O)NC1=O,-2.2088001096673597,-1.820207249119232,0.3885928605481277,0.3885928605481277
CC(C)C1(C(C)C)C(=O)NC(=O)NC1=O,-2.7699999615177258,-1.935110704716965,0.8348892568007609,0.8348892568007609
CC(C)C1C(=O)NC(=O)NC1=O,-1.4556000235431468,-1.310775054813235,0.14482496872991169,0.14482496872991169
CC/C=C(\C)C1(CC)C(=O)NC(=O)NC1=O,-2.309999958774247,-2.5355619670915472,-0.22556200831730022,0.22556200831730022
CC1(C)C(=O)NC(=O)NC1=O,-1.7400000734192727,-0.7805103990930014,0.9594896743262713,0.9594896743262713
CC1C(=O)NC(=O)NC1=O,-1.130000094574238,-0.5331835268846645,0.5968165676895734,0.5968165676895734
CC=CCC1(C)C(=O)NC(=O)N(C)C1=O,-1.5445000445923838,-1.7663245447487024,-0.2218245001563186,0.2218245001563186
CC=CCC1(CC=CC)C(=O)NC(=O)NC1=O,-2.2000000250964553,-2.3785804282864,-0.17858040318994473,0.17858040318994473
CCC(C)C1(CC)C(=O)NC(=O)NC1=O,-2.390000077665973,-2.0995996018315504,0.2904004758344225,0.2904004758344225
CCC1(C(C)C)C(=O)NC(=O)NC1=O,-2.1480000329273268,-1.7502543218354383,0.3977457110918885,0.3977457110918885
CCC1(C)C(=O)NC(=O)NC1=O,-1.230000021901613,-1.1896364044723358,0.04036361742927719,0.04036361742927719
CCC1(CC(C)=O)C(=O)NC(=O)NC1=O,-0.7661000350653384,-1.3371982543149565,-0.5710982192496181,0.5710982192496181
CCC1(CC)C(=O)NC(=O)N(C)C1=O,-2.099999893503896,-1.6063746923773161,0.49362520112658004,0.49362520112658004
CCC1(CC)C(=O)NC(=O)N(CO)C1=O,-3.9300000343041845,-1.4977230450910526,2.4322769892131317,2.4322769892131317
CCC1(CC)C(=O)NC(=O)NC1=O,-1.4200000063827358,-1.6064851317534932,-0.18648512537075734,0.18648512537075734
CCC1(CC=C(C)C)C(=O)NC(=O)NC1=O,-2.249999988760143,-2.2536204529706634,-0.0036204642105204243,0.0036204642105204243
CCC1(CCC(C)C)C(=O)NC(=O)NC1=O,-2.574300042186144,-2.308703283385889,0.265596758800255,0.265596758800255
CCC1C(=O)NC(=O)NC1=O,-0.9200000973922822,-0.8618599618789653,0.05814013551331687,0.05814013551331687
CCC=C(C)C1(CC)C(=O)NC(=O)NC1=O,-2.309999958774247,-2.5355619670915472,-0.22556200831730022,0.22556200831730022
CCCC(C)C1(CC)C(=O)NC(=O)NC1=O,-2.390000077665973,-2.5423173571700977,-0.15231727950412477,0.15231727950412477
CCCC1(CC)C(=O)NC(=O)NC1=O,-1.490000050835651,-1.8868472674712924,-0.3968472166356414,0.3968472166356414
CCCC1(CCC)C(=O)NC(=O)NC1=O,-2.5299999623066194,-2.1491021116836784,0.380897850622941,0.380897850622941
CCCCC1(CC)C(=O)NC(=O)NC1=O,-1.6700000289663575,-2.220698760903533,-0.5506987319371757,0.5506987319371757
CCCCC1(CCCC)C(=O)NC(=O)NC1=O,-2.8756000912194466,-2.81826952671892,0.05733056450052665,0.05733056450052665
CCCCCC1(CC)C(=O)NC(=O)NC1=O,-2.509999983649984,-2.54113915558849,-0.031139171938506127,0.031139171938506127
CCCCCCC1(CC)C(=O)NC(=O)NC1=O,-3.0499999302767367,-2.8801064535331973,0.16989347674353938,0.16989347674353938
CCCCCCCC1(CC)C(=O)NC(=O)NC1=O,-3.4300000231811385,-3.2682257082300032,0.16177431495113526,0.16177431495113526
CCCCCCCCC1(CC)C(=O)NC(=O)NC1=O,-3.9399999725662065,-3.6492578291672606,0.2907421433989459,0.2907421433989459
CCCCCCCCCC1(CC)C(=O)NC(=O)NC1=O,-4.460000030434283,-3.98334538506387,0.4766546453704126,0.4766546453704126
CNC(=S)NC1C(=O)NC(=O)NC1=O,-0.460000213803494,-0.9805775250816988,-0.5205773112782048,0.5205773112782048
O=C1CC(=O)NC(=O)N1,-1.048661698285002,-0.7054095806407461,0.343252117644256,0.343252117644256
O=C1NC(=O)C([N+](=O)[O-])C(=O)N1,-2.283999928645485,-1.7567874033053463,0.5272125253401387,0.5272125253401387
CC(=O)NS(=O)(=O)c1ccc(NC(=O)c2ccccc2C(=O)O)cc1,-2.5199999900004,-3.0768492913172,-0.5568493013167997,0.5568493013167997
CC(=O)Nc1ccc(C(=O)Nc2ccc(OC(C)=O)cc2)cc1,-4.409999726328621,-4.058928882146039,0.3510708441825825,0.3510708441825825
CC(=O)Oc1ccc(NC(=O)c2ccccc2)cc1,-4.139999827220956,-4.448821822502258,-0.30882199528130183,0.30882199528130183
CC(C(=O)O)N(C(=O)c1ccccc1)c1ccc(F)c(Cl)c1,-4.247399737459354,-3.424942451268225,0.8224572861911286,0.8224572861911286
CC(C)OC(=O)C(C)N(C(=O)c1ccccc1)c1ccc(F)c(Cl)c1,-4.3056000631135705,-4.761486726779512,-0.4558866636659413,0.4558866636659413
CC(C)OC(=O)[C@@H](C)N(C(=O)c1ccccc1)c1ccc(F)c(Cl)c1,-4.481699801820001,-4.761486862956302,-0.27978706113630025,0.27978706113630025
CC(C)OC(=O)[C@H](C)N(C(=O)c1ccccc1)c1ccc(F)c(Cl)c1,-4.560999767749194,-4.761486726779512,-0.200486959030318,0.200486959030318
CC(C)Oc1cccc(NC(=O)c2ccccc2C(F)(F)F)c1,-4.694699637494935,-5.024808516136592,-0.3301088786416573,0.3301088786416573
CCOC(=O)C(C)N(C(=O)c1ccccc1)c1ccc(Cl)c(Cl)c1,-4.262700016805534,-4.571606169342664,-0.30890615253713083,0.30890615253713083
CCOc1cc(NC(=O)c2ccccc2)c(OCC)cc1N,-2.405757162052087,-4.444078921105376,-2.0383217590532894,2.0383217590532894
CCOc1ccccc1C(=O)N(O)c1ccccc1,-3.3699998489018506,-2.9076053560493795,0.46239449285247103,0.46239449285247103
CN(C)C(=O)N(C(=O)c1ccccc1)c1ccc(Cl)c(Cl)c1,-4.323799954835754,-4.059556316703049,0.26424363813270446,0.26424363813270446
COC(=O)C(C)N(C(=O)c1ccccc1)c1ccc(F)c(Cl)c1,-3.982000026473313,-4.4499659798865245,-0.46796595341321146,0.46796595341321146
COC(=O)[C@@H](C)N(C(=O)c1ccccc1)c1ccc(F)c(Cl)c1,-4.321899880093708,-4.449965707532945,-0.12806582743923656,0.12806582743923656
COC(=O)c1ccc(C(=O)Nc2cc(Cl)ccc2Cl)cc1[N+](=O)[O-],-5.965154457413574,-5.761999114195599,0.20315534321797468,0.20315534321797468
COC(=O)c1ccc(NC(=O)c2cc(Cl)ccc2Cl)cc1N,-5.7900646057770935,-5.521436823999095,0.2686277817779983,0.2686277817779983
COc1cc(OC)cc(C(=O)N(O)c2cccc(C)c2)c1,-3.6099998651350558,-3.794980611469472,-0.1849807463344164,0.1849807463344164
COc1cc(OC)cc(C(=O)N(O)c2ccccc2)c1,-3.0999998817057905,-3.614541599369845,-0.5145417176640543,0.5145417176640543
COc1cc(OC)cc(C(=O)N(O)c2ccccc2C)c1,-3.650000060757708,-3.541817133980448,0.10818292677726005,0.10818292677726005
COc1ccc(C(=O)Nc2ccc(C(N)=O)cc2)cc1[N+](=O)[O-],-4.653605431590701,-4.6140140727339265,0.03959135885677423,0.03959135885677423
COc1ccc(C(=O)Nc2ccccc2)cc1N,-3.8658000997524065,-3.7921917789116195,0.07360832084078694,0.07360832084078694
COc1ccc(C(=O)Nc2ccccc2)cc1[N+](=O)[O-],-4.9878257598569435,-4.998324309433235,-0.01049854957629126,0.01049854957629126
Cc1ccc(C(=O)N(O)c2ccc(Cl)cc2)cc1,-4.420000005032617,-4.30688339317657,0.11311661185604649,0.11311661185604649
Cc1ccc(C(=O)Nc2ccc(S(=O)(=O)[O-])cc2)cc1N,-0.9492776985759366,-1.6448511718595376,-0.695573473283601,0.695573473283601
Cc1ccc(C(=O)Nc2ccc(S(=O)(=O)[O-])cc2)cc1[N+](=O)[O-],-1.232036001079447,-1.521845129206041,-0.289809128126594,0.289809128126594
Cc1cccc(C)c1NC(=O)c1cc(S(N)(=O)=O)c(Cl)cc1O,-3.9000000152529353,-3.4903667513332066,0.40963326391972865,0.40963326391972865
Cc1cccc(N(O)C(=O)c2ccc(Cl)cc2Cl)c1,-4.46999976443112,-4.391636830989565,0.07836293344155454,0.07836293344155454
Cc1cccc(NC(=O)c2ccccc2C(=O)O)c1,-2.407000047608644,-3.5132338301573838,-1.1062337825487396,1.1062337825487396
Cc1ccccc1C(=O)Nc1cccc(OC(C)C)c1,-4.326499932038544,-4.80273508480931,-0.4762351527707658,0.4762351527707658
Cc1ccccc1N(O)C(=O)c1ccc(Cl)cc1Cl,-4.169999982448995,-4.046270568690378,0.12372941375861668,0.12372941375861668
Cc1ccccc1N(O)C(=O)c1cccc(F)c1,-2.5299999623066194,-2.957893367666777,-0.4278934053601575,0.4278934053601575
NC(=O)c1ccc(NC(=O)c2ccc(N)cc2)cc1,-4.915649746486724,-3.3406825181398982,1.574967228346826,1.574967228346826
NC(=O)c1ccc(NC(=O)c2ccc([N+](=O)[O-])cc2)cc1,-4.9367255558235605,-4.717469213737925,0.21925634208563594,0.21925634208563594
O=C(Nc1ccc(Cl)cc1)c1cc([N+](=O)[O-])ccc1O,-5.12200006953684,-4.8301888702529645,0.29181119928387567,0.29181119928387567
O=C(Nc1ccc(Cl)cc1)c1cccc([N+](=O)[O-])c1O,-4.545199855762824,-4.8184350430322835,-0.27323518726945917,0.27323518726945917
O=C(Nc1ccc([N+](=O)[O-])cc1Cl)c1cc(Cl)ccc1O,-4.449849957261983,-4.962543585673332,-0.5126936284113492,0.5126936284113492
O=C(Nc1ccccc1)c1ccccc1I,-4.208399658222014,-4.831502840093572,-0.6231031818715582,0.6231031818715582
O=C(Nc1ccccc1)c1ccccc1O,-3.5884999672319315,-3.2096895365690084,0.3788104306629232,0.3788104306629232
O=C(O)c1c(Cl)c(Cl)c(Cl)c(Cl)c1C(=O)Nc1cccc(Cl)c1Cl,-4.505099740420974,-5.66497560295343,-1.1598758625324566,1.1598758625324566
O=C(O)c1ccccc1C(=O)Nc1ccccc1,-4.08139989077834,-3.149415229901674,0.9319846608766662,0.9319846608766662
O=C(c1cc([N+](=O)[O-])cc([N+](=O)[O-])c1)N(O)c1ccccc1,-3.636699878005364,-3.2036979450799214,0.43300193292544265,0.43300193292544265
O=C(c1ccc(Cl)cc1Cl)N(O)c1ccccc1,-3.6723000313425644,-3.9426929366643444,-0.27039290532177995,0.27039290532177995
O=C(c1cccc(F)c1)N(O)c1ccccc1,-2.599999904626942,-2.9202465622958753,-0.3202466576689331,0.3202466576689331
O=C(c1ccccc1)N(O)c1ccccc1,-2.7300000212265534,-2.437485468825594,0.29251455240095936,0.29251455240095936
O=C(c1ccccc1I)N(O)c1ccccc1,-3.530400003871478,-3.412287201790326,0.11811280208115216,0.11811280208115216
C/C=C/C(=O)C1C(C)=CCCC1(C)C,-3.137855743981519,-3.845463526116652,-0.707607782135133,0.707607782135133
C/C=C/C(=O)C1C(C)C=CCC1(C)C,-3.3963665690801816,-3.661042908961101,-0.26467633988091954,0.26467633988091954
C1=CCCCC1,-2.7104663799851068,-3.6543931920711,-0.9439268120859934,0.9439268120859934
C=C(C)C1CC=C(C)C(O)C1,-1.7200000607184396,-1.8556066778689047,-0.13560661715046507,0.13560661715046507
C=C(C)C1CC=C(C)CC1,-3.846496563240794,-4.344652570414817,-0.49815600717402253,0.49815600717402253
C=C(C)[C@H]1CC=C(C)CC1,-4.346837935530587,-4.344652570414817,0.002185365115770388,0.002185365115770388
C=CC(C)(O)/C=C/C1=C(C)CCCC1(C)C,-3.1641478307682274,-3.564879149878605,-0.4007313191103776,0.4007313191103776
C=CC1CC=CCC1,-3.3351928913185187,-3.416873295614251,-0.08168040429573242,0.08168040429573242
C=CCCC(=O)C1=CCCC(C)(C)C1,-3.534247372657282,-3.82374291968216,-0.2894955470248779,0.2894955470248779
CC(=O)/C(C)=C\C1C(C)=CCCC1(C)C,-3.9923409514159114,-3.8162188797160246,0.1761220716998868,0.1761220716998868
CC(=O)/C=C/C1=C(C)CCCC1(C)C,-3.0798637645595095,-3.5157634501966752,-0.43589968563716575,0.43589968563716575
CC(=O)/C=C/C1C(C)=CCCC1(C)C,-3.258677927974978,-3.713006541927469,-0.45432861395249136,0.45432861395249136
CC(=O)/C=C/[C@H]1C(C)=CC[C@@H](C)C1(C)C,-3.8026768469857632,-3.558827112917138,0.24384973406862542,0.24384973406862542
CC(=O)CCC1=C(C)CCCC1(C)C,-3.655044525654645,-3.3093241185926088,0.3457204070620361,0.3457204070620361
CC(=O)OC(C)(C)C1CC=C(C)CC1,-3.4762646915566715,-3.80322121370126,-0.3269565221445885,0.3269565221445885
CC(=O)OC/C=C(C)/C=C/C=C(C)/C=C/C1=C(C)CCCC1(C)C,-7.516529737886419,-6.035176017799209,1.4813537200872098,1.4813537200872098
CC(=O)OCC1CCC(C)=CC1C,-3.2503986004687135,-3.601540256581768,-0.35114165611305426,0.35114165611305426
CC(=O)OC[C@H]1CCC=C(CCC=C(C)C)C1,-4.9756244557064,-3.909896799597011,1.0657276561093894,1.0657276561093894
CC(C)(O)CCCC1=CCC(C=O)CC1,-1.5376001028519195,-2.1669860732545287,-0.6293859704026092,0.6293859704026092
CC1(C(=O)O)CCCC=C1C(=O)O,-1.9642000414893188,-1.6928999263967723,0.2713001150925465,0.2713001150925465
CC1=C(/C=C/C(C)=C/C=C/C(C)=C/CO)C(C)(C)CCC1,-3.8099998900107925,-4.810730704997026,-1.000730814986233,1.000730814986233
CC1=CC(C)C(C=O)C(C)C1,-1.844063788494954,-1.7390063913872575,0.10505739710769646,0.10505739710769646
CC1=CC(C)C(CO)C(C)C1,-2.3711974674740492,-1.5652905635554952,0.805906903918554,0.805906903918554
CC1=CCC(C(C)(C)O)CC1,-1.909999977111168,-2.39099001483628,-0.4809900377251122,0.4809900377251122
CC1=CCC(C(C)C)CC1,-5.252799373669053,-4.97171236890145,0.2810870047676026,0.2810870047676026
CC1=CCC(O)(C(C)C)CC1,-1.9409971507025612,-1.9496876810464192,-0.008690530343858027,0.008690530343858027
CC1=CCCC(C)(C)C1C(C)CCC=O,-4.653201939763805,-3.9160187633398182,0.7371831764239865,0.7371831764239865
CC1=CCCCC1,-3.267100070889091,-4.231085213385963,-0.9639851424968722,0.9639851424968722
CC1=CC[C@H](C(C)(C)O)CC1,-2.33699986697894,-2.39099015101307,-0.0539902840341302,0.0539902840341302
CC1CCC(N=O)=C(NO)C1,-1.6621999586481737,-1.6521034029540957,0.010096555694077969,0.010096555694077969
CCC(=O)/C=C/C1=C(C)CCCC1(C)C,-4.187455531840495,-4.21189272904608,-0.024437197205585015,0.024437197205585015
CCC(=O)/C=C/C1C(C)=CCCC1(C)C,-3.9923409514159114,-4.382779347901943,-0.3904383964860316,0.3904383964860316
CCC(=O)CCC1C(C)=CCCC1(C)C,-4.321905599518862,-4.255062269220276,0.06684333029858625,0.06684333029858625
CCC(=O)OC/C=C(C)/C=C/C=C(C)/C=C/C1=C(C)CCCC1(C)C,-7.534689729809317,-6.254469127617974,1.280220602191343,1.280220602191343
CCCCCCCCCCCCCCCC(=O)OC/C=C(C)/C=C/C=C(C)/C=C/C1=C(C)CCCC1(C)C,-5.720055028948922,-7.440175139734457,-1.720120110785535,1.720120110785535
CCOC(=O)C(C)(C(=O)NC(=O)NC)C1=CCCCC1,-2.9999999799115638,-2.927630450812604,0.07236952909895988,0.07236952909895988
CNC(=O)NC(=O)C(C)(C(=O)OC)C1=CCCCC1,-2.6800000575628657,-2.7670504743926165,-0.08705041682975079,0.08705041682975079
CNC(=O)NC(=O)C(C)(C(=O)OCOC)C1=CCCCC1,-2.4200000967172226,-2.7264395428917494,-0.3064394461745268,0.3064394461745268
COC(=O)C1C(C)=CCCC1(C)C,-2.908515910662535,-3.210055290403151,-0.30153937974061584,0.30153937974061584
COC(C)(C)C1CC=C(C)CC1,-3.2966136664487196,-3.9650860521731275,-0.6684723857244079,0.6684723857244079
O=C(O)C1=CC(O)C(O)C(O)C1,0.009999812312500023,-0.36923674956855157,-0.3792365618810516,0.3792365618810516
O=C(O)C1=CCC(C(=O)O)CC1,-2.93000004610229,-1.2834682041253078,1.6465318419769823,1.6465318419769823
O=C(O)C1=CCCCC1,-1.2558000764151882,-1.7318500287524143,-0.47604995233722613,0.47604995233722613
O=CC1CC=CCC1,-0.9775500427004795,-1.4402119101678246,-0.46266186746734506,0.46266186746734506
C=CCOc1nc(OCC=C)nc(OCC=C)n1,-2.874225846127445,-3.14917680136559,-0.27495095523814506,0.27495095523814506
CC(C)Nc1nc(Cl)nc(NC(C)C)n1,-4.460000030434283,-3.628517899881399,0.8314821305528834,0.8314821305528834
CC(C)Nc1nc(N)nc(Cl)n1,-2.7063000170702094,-2.904826753772828,-0.19852673670261867,0.19852673670261867
CCCCN(CC)c1nc(N)nc(N=[N+]=[N-])n1,-3.5199999441580974,-3.6680713335023336,-0.14807138934423625,0.14807138934423625
CCCNc1nc(Cl)nc(NC(C)C)n1,-3.739999981734667,-3.7018401132877248,0.03815986844694219,0.03815986844694219
CCN(CC)c1nc(Cl)nc(N(CC)CC)n1,-4.411199988550107,-3.8715675272240957,0.5396324613260117,0.5396324613260117
CCN(CC)c1nc(Cl)nc(NC(C)C)n1,-3.784899920371356,-3.825170052434732,-0.04027013206337626,0.04027013206337626
CCN(CC)c1nc(NC(C)C)nc(OC)n1,-4.888999812630706,-3.46213607730621,1.426863735324496,1.426863735324496
CCNc1nc(Cl)nc(N(CC)CC)n1,-4.0601000025345995,-3.496111981988229,0.5639880205463705,0.5639880205463705
CCNc1nc(Cl)nc(NC(C)(C)C#N)n1,-3.1509999957989883,-3.2579687192559517,-0.1069687234569634,0.1069687234569634
CCNc1nc(Cl)nc(NC(C)(C)C)n1,-4.429999739029454,-3.7095479238311118,0.7204518151983423,0.7204518151983423
CCNc1nc(Cl)nc(NC(C)C)n1,-3.759999926347105,-3.334062283524795,0.42593764282230984,0.42593764282230984
CCNc1nc(Cl)nc(NCC(=O)OCC)n1,-2.9374000885906573,-3.129425234705909,-0.19202514611525157,0.19202514611525157
CCNc1nc(Cl)nc(NCC)n1,-4.55000008758803,-3.0869116240818997,1.4630884635061303,1.4630884635061303
CCNc1nc(N)nc(Cl)n1,-2.4135000381187357,-2.761787190417265,-0.34828715229852936,0.34828715229852936
CCNc1nc(NC(C)(C)C)nc(OC)n1,-3.2388000147879117,-3.3915439361731248,-0.1527439213852131,0.1527439213852131
CCNc1nc(NC(C)(C)C)nc(SC)n1,-3.9846999355877086,-3.8706535086138607,0.11404642697384793,0.11404642697384793
CCNc1nc(NC(C)C(C)C)nc(SC)n1,-3.7081999097931626,-3.805245890205577,-0.09704598041241441,0.09704598041241441
CCNc1nc(NC(C)C)nc(OC)n1,-2.0696001274874587,-2.9999142481116077,-0.930314120624149,0.930314120624149
CCNc1nc(NC(C)C)nc(SC)n1,-3.047039963656163,-3.4846495050083997,-0.4376095413522365,0.4376095413522365
CCNc1nc(NC(C)CC)nc(OC)n1,-2.575000058971888,-3.2350728220187244,-0.6600727630468364,0.6600727630468364
CCNc1nc(NCC)nc(OC)n1,-1.7898000614677738,-2.6443144532903373,-0.8545143918225635,0.8545143918225635
CCNc1nc(NCC)nc(SC)n1,-2.7300000212265534,-3.223896009898791,-0.4938959886722376,0.4938959886722376
CCNc1nc(OC)nc(N(CC)CC)n1,-2.998699883081373,-3.043900866044107,-0.04520098296273378,0.04520098296273378
CCOC(=O)CNc1nc(Cl)nc(NC(C)C)n1,-2.5622000535668907,-3.522379939950071,-0.9601798863831803,0.9601798863831803
CCOc1nc(OCC)nc(OCC)n1,-1.4838000577925359,-2.2377337963694663,-0.7539337385769305,0.7539337385769305
CCSc1nc(NC(C)C)nc(NC(C)C)n1,-4.203100202286986,-3.905003354759483,0.29809684752750343,0.29809684752750343
CN(C)c1nc(N(C)C)nc(N(C)C)n1,-3.3638000260797223,-2.2622138892637023,1.10158613681602,1.10158613681602
CNc1nc(Cl)nc(NC(C)C)n1,-2.889600018403956,-3.1063939777400504,-0.21679395933609458,0.21679395933609458
CNc1nc(NC(C)C)nc(OC)n1,-1.7509000721706192,-2.7424433455759996,-0.9915432734053804,0.9915432734053804
CNc1nc(NC(C)C)nc(SC)n1,-2.5655999113786354,-3.250125855381709,-0.6845259440030738,0.6845259440030738
COCCCNc1nc(NC(C)C)nc(SC)n1,-2.9284000198935174,-3.4282683650833436,-0.49986834518982626,0.49986834518982626
COCCCNc1nc(NCCCOC)nc(SC)n1,-3.4791998460746996,-2.627462643694498,0.8517372023802015,0.8517372023802015
COP(=S)(OC)SCc1nc(N)nc(N)n1,-3.068999982450848,-2.972133902216,0.096866080234848,0.096866080234848
COc1nc(NC(C)C)nc(NC(C)C)n1,-2.559999947313671,-3.4137807207277144,-0.8537807734140435,0.8537807734140435
CSc1nc(N(C)C)nc(N(C)C)n1,-2.6760001026845757,-3.0368974810100196,-0.3608973783254439,0.3608973783254439
CSc1nc(N=[N+]=[N-])nc(NC(C)C)n1,-3.479999986844826,-3.438378198014385,0.0416217888304411,0.0416217888304411
CSc1nc(NC(C)C)nc(NC(C)C)n1,-3.8642000905657325,-3.8050190196744906,0.059181070891241916,0.059181070891241916
Clc1nc(Cl)nc(Cl)n1,-2.622338753685163,-2.8222313691182856,-0.19989261543312287,0.19989261543312287
Nc1nc(N)nc(Cl)n1,-2.384900120727369,-2.802752419879869,-0.4178522991525,0.4178522991525
Nc1nc(N)nc(N)n1,-2.8007795756660054,-2.90628808392163,-0.10550850825562463,0.10550850825562463
O=C(O)CCCCCNc1nc(NCCCCCC(=O)O)nc(NCCCCCC(=O)O)n1,-4.612780991906204,-3.4013277618704203,1.2114532300357839,1.2114532300357839
CC(=O)CCCCn1c(=O)c2c(ncn2C)n(C)c1=O,-0.5580001126254279,-1.2435524721562605,-0.6855523595308326,0.6855523595308326
CC(=O)OCn1cnc2c1c(=O)n(C)c(=O)n2C,-1.8300001305730205,-1.067820683134701,0.7621794474383194,0.7621794474383194
CC(=O)n1cnc2c1c(=O)n(C)c(=O)n2C,-1.399999993681903,-1.0550365423256651,0.34496345135623785,0.34496345135623785
CC(O)Cn1cnc2c1c(=O)n(C)c(=O)n2C,0.622999902004091,-0.6031672301228554,-1.2261671321269465,1.2261671321269465
CCC(=O)OCn1cnc2c1c(=O)n(C)c(=O)n2C,-2.29999995242383,-1.3732761158292581,0.926723836594572,0.926723836594572
CCC(=O)n1cnc2c1c(=O)n(C)c(=O)n2C,-1.1000000755229886,-1.3582735189446355,-0.25827344342164693,0.25827344342164693
CCCC(=O)OCn1cnc2c1c(=O)n(C)c(=O)n2C,-1.8600000134474806,-1.7210792617741775,0.1389207516733031,0.1389207516733031
CCCC(=O)n1cnc2c1c(=O)n(C)c(=O)n2C,-1.5299999400605273,-1.6737439374364393,-0.14374399737591204,0.14374399737591204
CCCCC(=O)OCn1cnc2c1c(=O)n(C)c(=O)n2C,-2.369999860699956,-2.0479857389486735,0.32201412175128263,0.32201412175128263
CCCCC(=O)n1cnc2c1c(=O)n(C)c(=O)n2C,-2.119999906204729,-1.9731328984298564,0.1468670077748726,0.1468670077748726
CCCCCC(=O)OCn1cnc2c1c(=O)n(C)c(=O)n2C,-2.6400001002495945,-2.433068983192826,0.2069311170567687,0.2069311170567687
CCCCCCCC(=O)OCn1cnc2c1c(=O)n(C)c(=O)n2C,-3.450000001837774,-3.2427612784359225,0.20723872340185157,0.20723872340185157
CCCCCCOC(=O)n1cnc2c1c(=O)n(C)c(=O)n2C,-2.9999999799115638,-3.0433207614324504,-0.0433207815208867,0.0433207815208867
CCCCOC(=O)n1cnc2c1c(=O)n(C)c(=O)n2C,-1.9299999898120008,-2.1204715545147037,-0.19047156470270288,0.19047156470270288
CCCCn1c(=O)c2c(ncn2C)n(C)c1=O,-1.6252000440930645,-1.4667286631238414,0.15847138096922309,0.15847138096922309
CCCCn1cnc2c1c(=O)n(C)c(=O)n2C,-1.8069000532622355,-1.5608099386549348,0.24609011460730068,0.24609011460730068
CCCOC(=O)n1cnc2c1c(=O)n(C)c(=O)n2C,-1.450000025433985,-1.8033501967170023,-0.35335017128301716,0.35335017128301716
CCCn1c(=O)c2c(ncn2C)n(C)c1=O,-1.2082000243989197,-1.2186122378907518,-0.010412213491832079,0.010412213491832079
CCCn1cnc2c1c(=O)n(C)c(=O)n2C,0.019999818662916446,-1.272022681155755,-1.2920224998186713,1.2920224998186713
CCCn1cnc2c1c(=O)n(CCCCC(C)=O)c(=O)n2C,-0.9811001715992917,-2.3624222351672044,-1.3813220635679127,1.3813220635679127
CCN(CC)C(=O)CCC(=O)OCn1cnc2c1c(=O)n(C)c(=O)n2C,-1.139999964747865,-1.1963052542012433,-0.056305289453378427,0.056305289453378427
CCOC(=O)OCn1cnc2c1c(=O)n(C)c(=O)n2C,-1.8600000134474806,-1.4363916065189075,0.42360840692857304,0.42360840692857304
CCOC(=O)n1cnc2c1c(=O)n(C)c(=O)n2C,-1.6500000162655246,-1.5053267484789683,0.14467326778655631,0.14467326778655631
CCc1nc2c(c(=O)n(C)c(=O)n2C)n1C,-1.5687000218308904,-0.9846539772714165,0.584046044559474,0.584046044559474
CCn1c(=O)c2c(ncn2C)n(C)c1=O,-0.719000024219627,-0.9020823639776681,-0.183082339758041,0.183082339758041
CCn1cnc2c1c(=O)n(C)c(=O)n2C,-0.7543999976764573,-0.8941933702160276,-0.13979337253957036,0.13979337253957036
CN(CCO)c1nc2c(c(=O)n(C)c(=O)n2C)n1C,-0.6488000722399208,-0.6023874818269372,0.04641259041298351,0.04641259041298351
COC(=O)n1cnc2c1c(=O)n(C)c(=O)n2C,-1.2400000282520294,-1.4231966203363497,-0.18319659208432038,0.18319659208432038
Cc1nc2c([nH]1)c(=O)n(C)c(=O)n2C,-0.7276001331753452,-1.144282588596685,-0.41668245542133975,0.41668245542133975
Cc1nc2c(c(=O)n(C)c(=O)n2C)n1C,-1.449300076736636,-0.5617773844089049,0.8875226923277311,0.8875226923277311
Cn1c(=O)c2[nH]c(Cl)nc2n(C)c1=O,-1.5075001300372743,-1.9000786128566114,-0.39257848281933705,0.39257848281933705
Cn1c(=O)c2[nH]cnc2n(C)c1=O,-1.352585414452753,-1.0457498299979557,0.3068355844547972,0.3068355844547972
Cn1c(=O)c2c(ncn2C)n(C)c1=O,-0.9100000910418657,-0.5946147830434163,0.31538530799844944,0.31538530799844944
Cn1c(=O)c2c(ncn2CC(O)CO)n(C)c1=O,-0.17000002964141725,-0.4812683047669175,-0.31126827512550026,0.31126827512550026
Cn1c(=O)c2c(ncn2CCCO)n(C)c1=O,-0.15510011005597768,-0.5667257765809426,-0.4116256665249649,0.4116256665249649
Cn1c(=O)c2c(ncn2CO)n(C)c1=O,-0.4100001820514114,-0.6961601807533238,-0.28615999870191233,0.28615999870191233
Cn1c(=O)c2c(ncn2COC(=O)C(C)(C)C)n(C)c1=O,-2.1700000741336005,-2.0752631073617027,0.0947369667718978,0.0947369667718978
Cn1cnc2c1c(=O)[nH]c(=O)n2C,-2.7371999944781917,-1.8429715144674368,0.894228480010755,0.894228480010755
Cn1cnc2c1c(=O)n(CC(=O)[O-])c(=O)n2C,-1.3769000525479071,-1.0299346662111768,0.34696538633673035,0.34696538633673035
CC(=O)N/N=C/c1ccc([N+](=O)[O-])o1,-2.595799906045071,-2.78477750923582,-0.18897760319074886,0.18897760319074886
CCCCC(O)CN(/N=C\c1ccc([N+](=O)[O-])o1)C(N)=O,-3.5715999170084585,-3.1402719202442184,0.43132799676424005,0.43132799676424005
CCCCCN(N=Cc1ccc([N+](=O)[O-])o1)C(N)=O,-2.8970999550783736,-4.155247610414835,-1.2581476553364617,1.2581476553364617
CCN(/N=C/c1ccc([N+](=O)[O-])o1)C(N)=O,-2.9395000793705437,-2.7109036776999633,0.22859640167058037,0.22859640167058037
CCOC(=O)C(=Cc1ccoc1)NC=O,-2.747699973910771,-2.2901880062195303,0.4575119676912407,0.4575119676912407
CN/C(=C/[N+](=O)[O-])NCCSCc1ccc(CN(C)C)o1,-2.5000000113437646,-1.9994530801904211,0.5005469311533435,0.5005469311533435
CN/C(=C\[N+](=O)[O-])NCCSCc1ccc(CN(C)C)o1,-2.5000000113437646,-1.9994531482788158,0.5005468630649488,0.5005468630649488
COCc1ccc(C=O)o1,-0.49920006439083586,-0.6290677831069842,-0.12986771871614833,0.12986771871614833
COCc1ccc([N+](=O)[O-])o1,-1.154800066746698,-1.4897870703370801,-0.33498700359038214,0.33498700359038214
Cc1ccc(C(=O)O)o1,-0.8243000883659768,-1.1954962278956107,-0.37119613952963393,0.37119613952963393
Cc1ccco1,-1.4371999519405931,-0.4395916707345582,0.997608281206035,0.997608281206035
Cc1oc(C(O)C(O)C(O)CO)cc1C(=O)O,-1.280000053653695,-0.9607623042840379,0.3192377493696572,0.3192377493696572
Cc1oc([C@H](O)[C@H](O)[C@H](O)CO)cc1C(=O)[O-],-1.2774000302143005,-0.9186095961960499,0.3587904340182506,0.3587904340182506
NC(=O)N(CCO)/N=C/c1ccc([N+](=O)[O-])o1,-2.6851999682648655,-2.364320948141356,0.32087902012350966,0.32087902012350966
NC(=O)N/N=C/c1ccc([N+](=O)[O-])o1,-2.980000001254928,-2.657424397067935,0.32257560418699294,0.32257560418699294
NC(=O)NN=Cc1ccc([N+](=O)[O-])o1,-2.920000056773972,-2.6574243289795403,0.26257572779443183,0.26257572779443183
NCc1ccco1,1.0127046460374047,0.9038819607036959,-0.10882268533370887,0.10882268533370887
O=C(O)/C=C/c1ccco1,-1.8392000982859027,-1.7852179848591345,0.053982113426768175,0.053982113426768175
O=C(O)CNC(=O)c1ccco1,-0.7272000457681833,-0.4569100900991656,0.2702899556690177,0.2702899556690177
O=C(O)c1cc(Br)co1,-1.1841001371005981,-1.7363299727690278,-0.5522298356684296,0.5522298356684296
O=C(O)c1ccc(C(=O)O)o1,-2.2396237940290984,-1.5080170571297136,0.7316067368993848,0.7316067368993848
O=C(O)c1ccc(Cl)o1,-1.6900000416671903,-1.7161537473027533,-0.026153705635562963,0.026153705635562963
O=C(O)c1ccco1,-0.48020013403111816,-0.46548759370784865,0.014712540323269518,0.014712540323269518
O=C(O)c1oc(Cl)c(Cl)c1Cl,-2.219300021011544,-2.4821534303015955,-0.2628534092900514,0.2628534092900514
O=C(O)c1occ(Br)c1Br,-2.0887000796989668,-2.1593071321904875,-0.07060705249152077,0.07060705249152077
O=C(O)c1occ(Cl)c1Cl,-1.8263000710291148,-1.850413439829584,-0.024113368800469104,0.024113368800469104
O=C(O)c1occc1Br,-1.1699999837991142,-1.299791852043585,-0.12979186824447075,0.12979186824447075
O=C([O-])c1ccc(Cl)o1,-1.7187999346737435,-1.297807483868921,0.4209924508048224,0.4209924508048224
O=Cc1ccc(Br)o1,-1.5440000034218262,-1.480145889826647,0.06385411359517912,0.06385411359517912
O=Cc1ccco1,-0.09620010805799017,0.13608808041654186,0.23228818847453203,0.23228818847453203
O=[N+]([O-])c1ccc(/C=N/O)o1,-2.1933999446461785,-2.4538519443441276,-0.2604519996979491,0.2604519996979491
O=[N+]([O-])c1ccc(C=NO)o1,-2.1900000868344334,-2.453852012432522,-0.2638519255980887,0.2638519255980887
OCc1ccco1,1.008299599254943,0.7942441211088327,-0.21405547814611037,0.21405547814611037
c1ccoc1,-0.8200000338881175,-0.9715989808283285,-0.15159894694021103,0.15159894694021103
CCc1nc2cnc(N)nc2nc1CC,-3.039999940150508,-2.410089013810263,0.6299109263402451,0.6299109263402451
CCc1nc2cnc(O)nc2nc1CC,-2.264400003351814,-2.524119848541728,-0.2597198451899141,0.2597198451899141
CCc1nc2cncnc2nc1CC,-0.18000003599183367,-1.5710665020765198,-1.391066466084686,1.391066466084686
CCc1nc2nc(N)nc(N)c2nc1CC,-3.267100070889091,-2.9434543639580997,0.3236457069309915,0.3236457069309915
CCc1nc2ncnc(N)c2nc1CC,-2.93000004610229,-2.463842690672867,0.46615735542942316,0.46615735542942316
CCc1nc2ncnc(O)c2nc1CC,-1.9121999812317954,-2.5407867981460015,-0.6285868169142061,0.6285868169142061
CN(C)c1cnc2cncnc2n1,-0.08999997883808541,-0.9447701106710813,-0.8547701318329959,0.8547701318329959
CN(C)c1ncc2nccnc2n1,0.35859986482879824,-1.0701122661461782,-1.4287121309749764,1.4287121309749764
CN(C)c1ncnc2nccnc12,-1.0216001019947258,-0.8109427794504929,0.21065732254423297,0.21065732254423297
CNc1ncc2nccnc2n1,-1.7124000341038368,-1.026944360093455,0.6854556740103819,0.6854556740103819
COc1cnc2cncnc2n1,-0.9100000910418657,-0.7591207022566726,0.15087938878519314,0.15087938878519314
COc1cnc2ncncc2n1,-1.139999964747865,-0.7457037479074455,0.3942962168404194,0.3942962168404194
COc1ncc2nccnc2n1,-1.113000056543172,-0.7919183372686889,0.32108171927448304,0.32108171927448304
COc1ncnc2nccnc12,-1.113000056543172,-0.8202910436869959,0.292709012856176,0.292709012856176
CSc1cnc2cncnc2n1,-1.5499999527613602,-1.585470601971872,-0.035470649210511906,0.035470649210511906
CSc1cnc2ncncc2n1,-1.5499999527613602,-1.570291519968229,-0.020291567206868866,0.020291567206868866
CSc1ncc2nccnc2n1,-1.7561001190494083,-1.5616689418422653,0.19443117720714298,0.19443117720714298
CSc1ncnc2nccnc12,-1.759999949943316,-1.6175481341217126,0.1424518158216035,0.1424518158216035
Cc1cnc2cncnc2n1,-0.010000200388332825,-0.29357883187099354,-0.2835786314826607,0.2835786314826607
Cc1cnc2ncncc2n1,0.05999984406458214,-0.3041578619298009,-0.364157705994383,0.364157705994383
Cc1nc2cncnc2nc1C,-0.460000213803494,-0.6762829995165003,-0.2162827857130063,0.2162827857130063
Cc1ncc2nc(C)c(C)nc2n1,-1.144200065462328,-0.8240149341690408,0.3201851312932873,0.3201851312932873
Cc1ncc2nccnc2n1,-0.11910014166519423,-0.3301240521264046,-0.21102391046121038,0.21102391046121038
Cc1ncnc2nccnc12,-0.4657999832626576,-0.31820313598516936,0.14759684727748823,0.14759684727748823
Clc1cnc2cncnc2n1,-0.8748999788752228,-0.8476922648899552,0.027207713985267556,0.027207713985267556
Clc1cnc2ncncc2n1,-0.8699999294634102,-0.8345287355457414,0.03547119391766884,0.03547119391766884
Clc1ncc2nccnc2n1,-0.7100001002103262,-0.9236168167410947,-0.21361671653076852,0.21361671653076852
Nc1cnc2cncnc2n1,-2.309999958774247,-1.6798317208051157,0.6301682379691314,0.6301682379691314
Nc1cnc2ncncc2n1,-2.3399999097371014,-1.6960788373677682,0.6439210723693332,0.6439210723693332
Nc1nc(N)c2nccnc2n1,-2.690000063913282,-2.8169049331568647,-0.12690486924358257,0.12690486924358257
Nc1ncc2nccnc2n1,-2.2978999701549934,-1.6189463973949385,0.6789535727600549,0.6789535727600549
Nc1ncnc2nccnc12,-2.309999958774247,-1.5717027200364448,0.7382972387378022,0.7382972387378022
Sc1cnc2ncncc2n1,-2.7100000425699178,-2.0274568155979367,0.6825432269719811,0.6825432269719811
c1cnc2ncncc2n1,0.019999818662916446,0.20785733371692006,0.1878575150540036,0.1878575150540036
CCOc1ccc(NS(=O)(=O)c2ccc([N+](=O)[O-])cc2)cc1,-4.719999650837952,-4.914869725837227,-0.1948700749992751,0.1948700749992751
CCc1ccc(NS(=O)(=O)c2ccc(N)cc2)cc1,-4.519999932359992,-4.200269495366403,0.3197304369935896,0.3197304369935896
COc1c(Cl)cccc1NS(=O)(=O)c1ccc(N)cc1,-4.150000037836557,-4.001163437068667,0.14883660076789074,0.14883660076789074
COc1cc(S(=O)(=O)Nc2ccccc2)c(OC)cc1N,-4.057692941605739,-4.0866177087281415,-0.028924767122402884,0.028924767122402884
COc1ccc(N)cc1NS(=O)(=O)c1ccc(N)cc1,-5.079999879452944,-3.778249114067039,1.301750765385905,1.301750765385905
COc1ccc(NS(=O)(=O)c2ccc(N)cc2)cc1,-4.230000020551493,-4.200590600235731,0.02940942031576199,0.02940942031576199
COc1ccc(NS(=O)(=O)c2ccc([N+](=O)[O-])cc2)cc1,-4.6399997362114105,-5.011163874195542,-0.37116413798413195,0.37116413798413195
Cc1cc(Cl)ccc1NS(=O)(=O)c1ccc(N)cc1,-4.3499998244029126,-4.3488863067962535,0.0011135176066590091,0.0011135176066590091
Cc1cc(N)ccc1S(=O)(=O)Nc1ccc(Cl)cc1,-4.420000005032617,-4.320181601365468,0.09981840366714856,0.09981840366714856
Cc1cc(N)ccc1S(=O)(=O)Nc1ccccc1Cl,-5.050000132755274,-4.118928852160142,0.9310712805951322,0.9310712805951322
Cc1cc(N)ccc1S(=O)(=O)Nc1ccccc1[N+](=O)[O-],-4.510000198363154,-4.100354610443988,0.40964558791916605,0.40964558791916605
Cc1ccc(Cl)cc1NS(=O)(=O)c1ccc(N)cc1,-3.9799999298794773,-4.288228807154688,-0.30822887727521087,0.30822887727521087
Cc1ccc(NS(=O)(=O)c2ccc(N)cc2)c(Cl)c1,-4.320000077705242,-4.279924065655109,0.04007601205013245,0.04007601205013245
Cc1ccc(NS(=O)(=O)c2ccc(N)cc2)cc1Cl,-4.9099997714958645,-4.357743245176719,0.5522565263191455,0.5522565263191455
N#Cc1ccc(NS(=O)(=O)c2ccc(N)cc2)cc1,-3.5999998587846394,-4.0072223509579965,-0.40722249217335715,0.40722249217335715
Nc1ccc(S(=O)(=O)Nc2cc(Cl)c(Cl)cc2Cl)cc1,-4.829999856869323,-4.6540037486996,0.17599610816972255,0.17599610816972255
Nc1ccc(S(=O)(=O)Nc2cc(Cl)ccc2Cl)cc1,-4.399999992331784,-4.256905966771523,0.14309402556026107,0.14309402556026107
Nc1ccc(S(=O)(=O)Nc2ccc(Cl)c(Cl)c2)cc1,-4.939999926723903,-4.416798488714585,0.523201438009318,0.523201438009318
Nc1ccc(S(=O)(=O)Nc2ccc(Cl)cc2)c(Cl)c1,-4.590000112989696,-4.3293242386500275,0.2606758743396682,0.2606758743396682
Nc1ccc(S(=O)(=O)Nc2ccc(Cl)cc2)cc1,-4.130000025135724,-4.021107685374253,0.1088923397614705,0.1088923397614705
Nc1ccc(S(=O)(=O)Nc2ccc(I)cc2)cc1,-4.519999932359992,-4.346556866637332,0.17344306572266,0.17344306572266
Nc1ccc(S(=O)(=O)Nc2ccc(S(N)(=O)=O)cc2)cc1,-2.7592000867507616,-2.5360082865186993,0.2231918002320623,0.2231918002320623
Nc1ccc(S(=O)(=O)Nc2ccc([N+](=O)[O-])cc2)cc1,-3.9399999725662065,-4.225125844729661,-0.2851258721634542,0.2851258721634542
Nc1ccc(S(=O)(=O)Nc2ccc([N+](=O)[O-])cc2Br)cc1,-4.780000097470819,-4.3481278020794765,0.43187229539134275,0.43187229539134275
Nc1ccc(S(=O)(=O)Nc2cccc(Cl)c2Cl)cc1,-4.729999929541948,-4.243714521185488,0.4862854083564594,0.4862854083564594
Nc1ccc(S(=O)(=O)Nc2ccccc2C(=O)O)cc1,-0.8000000211872846,-3.0980338973976913,-2.2980338762104067,2.2980338762104067
Nc1ccc(S(=O)(=O)Nc2ccccc2Cl)c(Cl)c1,-5.110000034680983,-4.126148332736857,0.9838517019441255,0.9838517019441255
Nc1ccc(S(=O)(=O)Nc2ccccc2[N+](=O)[O-])cc1,-4.489999640955164,-3.796008133433645,0.6939915075215186,0.6939915075215186
O=S(=O)(Nc1ccc(Br)cc1Br)c1ccccc1,-5.010000107353608,-4.544019475352586,0.46598063200102136,0.46598063200102136
O=S(=O)(Nc1ccc(Cl)cc1)c1ccccc1,-4.030000165896744,-4.2143162673664545,-0.18431610146971078,0.18431610146971078
O=S(=O)(Nc1cccc(Cl)c1Cl)c1ccccc1,-4.729999929541948,-4.357330493328146,0.3726694362138021,0.3726694362138021
O=S(=O)(Nc1ccccc1Cl)c1ccccc1,-4.320000077705242,-3.85148955331135,0.4685105243938916,0.4685105243938916
O=[N+]([O-])c1ccc(NS(=O)(=O)c2ccccc2)cc1,-3.9300000343041845,-4.323182393095972,-0.3931823587917873,0.3931823587917873
O=[N+]([O-])c1ccccc1NS(=O)(=O)c1ccccc1,-4.010000153195911,-3.8086820391316882,0.20131811406422262,0.20131811406422262
C=CC(=O)Oc1c(Br)cc(Cl)c2cccnc12,-4.716800177171762,-4.356565043595111,0.3602351335766505,0.3602351335766505
CCCCCC(C)OC(=O)COc1ccc(Cl)c2cccnc12,-5.747969636647797,-5.730279999355374,0.01768963729242312,0.01768963729242312
CCCCOc1cc(C(=O)NCCN(CC)CC)c2ccccc2n1,-3.7000000244213958,-3.4515015552057355,0.2484984692156602,0.2484984692156602
CCN(CC)CCCC(C)Nc1ccnc2cc(Cl)ccc12,-2.829999914509731,-2.902244773758025,-0.07224485924829382,0.07224485924829382
CCOc1ccc(NC(C)=O)c2cccnc12,-1.517100048980529,-2.6931746853154133,-1.1760746363348842,1.1760746363348842
CCc1c(C)c(CN)nc2ccccc12,-1.4800000444852346,-1.7820672624835376,-0.30206721799830305,0.30206721799830305
Cc1cc(C)c2ccccc2n1,-1.9423999758982309,-1.9681769484460085,-0.025776972547777666,0.025776972547777666
Cc1cc2cccc(O)c2nc1C,-3.3199999022602618,-2.622626937815662,0.6973729644445998,0.6973729644445998
Cc1ccc2c([N+](=O)[O-])ccc(O)c2n1,-3.959799941563458,-3.107729889065845,0.8520700524976133,0.8520700524976133
Cc1ccc2ccc(C)nc2c1,-1.9423999758982309,-2.250582961595425,-0.30818298569719427,0.30818298569719427
Cc1ccc2cccc(O)c2n1,-1.7306185820461635,-2.107814807092121,-0.3771962250459575,0.3771962250459575
Cc1cnc2c(C(=O)O)c(Cl)ccc2c1,-2.9972998878096075,-3.442472625540299,-0.44517273773069155,0.44517273773069155
Clc1ccc2c(Cl)ccnc2c1,-2.8026246860514425,-3.9131270492175987,-1.1105023631661561,1.1105023631661561
Nc1c(S(=O)(=O)O)ccc2ncccc12,-2.5000000113437646,-1.7604378944979222,0.7395621168458424,0.7395621168458424
Nc1ccc(S(=O)(=O)O)c2ncccc12,-2.7100000425699178,-2.053804709335138,0.6561953332347796,0.6561953332347796
O=C(O)c1c(Cl)ccc2cc(Cl)cnc12,-3.5699999078217846,-3.65381185335729,-0.0838119455355053,0.0838119455355053
O=C(O)c1ccc([N+](=O)[O-])c2cccnc12,-3.1656000370721418,-2.718282348943449,0.44731768812869266,0.44731768812869266
O=C(O)c1ccc2ccccc2n1,-1.0910999691002938,-2.88466543115394,-1.7935654620536463,1.7935654620536463
O=C(O)c1ccc2ncccc2c1,-0.04560008137195437,-2.553985597278661,-2.5083855159067068,2.5083855159067068
O=C(O)c1cccc2cccnc12,-1.7446999429507146,-2.377338087437,-0.6326381444862852,0.6326381444862852
O=C(O)c1cccc2ncccc12,-2.677400102211866,-2.1692438163338483,0.5081562858780178,0.5081562858780178
O=S(=O)(O)c1cc(I)c(O)c2ncccc12,-2.2000000250964553,-1.9653539355140246,0.23464608958243072,0.23464608958243072
O=[N+]([O-])Cc1ccc2ccccc2n1,-2.0545000961100435,-3.500122116081524,-1.4456220199714807,1.4456220199714807
Oc1c(Br)cc(Br)c2cccnc12,-4.19379987228034,-3.8944363763465346,0.2993634959338052,0.2993634959338052
Oc1c(I)cc(Cl)c2cccnc12,-1.8222561650920561,-3.684220402776642,-1.861964237684586,1.861964237684586
Oc1ccc(Cl)c2cccnc12,-3.9755999216382225,-2.722403943738842,1.2531959778993804,1.2531959778993804
Oc1ccc2ncccc2c1,-2.1617999164082553,-1.5181571893963892,0.6436427270118661,0.6436427270118661
Oc1cccc2cccnc12,-2.3496053438403255,-1.579047278994194,0.7705580648461314,0.7705580648461314
Oc1cnc2ccccc2c1,-2.3924999430767877,-1.8419243149572004,0.5505756281195873,0.5505756281195873
c1ccc2ncccc2c1,-1.3250934995080752,-1.244310704519459,0.08078279498861618,0.08078279498861618
CC(C)=CCCc1ccc2c(c1)C(=O)c1ccccc1C2=O,-7.9858181041011775,-6.6479552287384465,1.337862875362731,1.337862875362731
CCCCNc1ccc(NCCCC)c2c1C(=O)c1ccccc1C2=O,-7.931856689546395,-7.1236580664395746,0.8081986231068203,0.8081986231068203
CCNc1cc(C#N)c(N)c2c1C(=O)c1ccccc1C2=O,-7.638280230541946,-6.445582357352177,1.1926978731897693,1.1926978731897693
CCOC(=O)OCCOc1cc(O)c2c(c1N)C(=O)c1ccccc1C2=O,-9.219529158005509,-5.845165820058884,3.374363337946625,3.374363337946625
CCc1ccc2c(c1)C(=O)c1ccccc1C2=O,-5.984242357979223,-6.312208631016972,-0.32796627303774883,0.32796627303774883
CNc1cccc2c1C(=O)c1ccccc1C2=O,-6.300000109496592,-4.8890688542629155,1.4109312552336766,1.4109312552336766
COc1cc(N)c2c(c1N)C(=O)c1ccccc1C2=O,-5.7459997032128065,-6.168392051412327,-0.4223923481995202,0.4223923481995202
Cc1ccc2c(c1)C(=O)c1ccccc1C2=O,-6.117146002037531,-6.071007399324755,0.0461386027127757,0.0461386027127757
Cc1ccc2c(c1N)C(=O)c1ccccc1C2=O,-5.854100106855709,-6.357028770055091,-0.5029286631993823,0.5029286631993823
Nc1c(S(=O)(=O)[O-])cc(Br)c2c1C(=O)c1ccccc1C2=O,-1.3055374231405805,-1.2098811268636622,0.0956562962769183,0.0956562962769183
Nc1cc(S(=O)(=O)[O-])c(O)c2c1C(=O)c1c(O)c(S(=O)(=O)O)cc(N)c1C2=O,-1.7991126473854628,-0.6315549159879934,1.1675577313974694,1.1675577313974694
Nc1ccc(N)c2c1C(=O)c1c(N)ccc(N)c1C2=O,-6.9514998287245975,-6.022725646300913,0.9287741824236848,0.9287741824236848
Nc1ccc(N)c2c1C(=O)c1ccccc1C2=O,-5.859000020090733,-6.151975122393333,-0.2929751023026004,0.2929751023026004
Nc1ccc(O)c2c1C(=O)c1ccccc1C2=O,-3.823999817195302,-5.625859637268339,-1.801859820073037,1.801859820073037
Nc1ccc2c(c1)C(=O)c1ccccc1C2=O,-6.136599945813,-5.694667317753551,0.44193262805944844,0.44193262805944844
O=C(O)CN(CC(=O)O)Cc1cc2c(c(O)c1O)C(=O)c1ccccc1C2=O,-1.8077000918997699,-2.706526683336112,-0.898826591436342,0.898826591436342
O=C(O)c1ccc2c(c1C(=O)O)C(=O)c1ccccc1C2=O,-2.814100014715768,-2.8977713066499553,-0.08367129193418732,0.08367129193418732
O=C1c2c(O)ccc(O)c2C(=O)c2c(NCCNCCO)ccc(NCCNCCO)c21,-1.8388000108787408,-2.5984987257451517,-0.7596987148664109,0.7596987148664109
O=C1c2ccc(O)cc2C(=O)c2ccc(O)cc21,-5.889200219022352,-4.477696612742963,1.411503606279389,1.411503606279389
O=C1c2cccc(O)c2C(=O)c2c(O)cccc21,-5.189999949307525,-4.760467307334306,0.4295326419732195,0.4295326419732195
O=C1c2cccc(S(=O)(=O)O)c2C(=O)c2c1cccc2S(=O)(=O)O,1.2571999942644223,0.0962724383876794,-1.160927555876743,1.160927555876743
O=C1c2cccc(S(=O)(=O)O)c2C(=O)c2cccc(S(=O)(=O)O)c21,0.25719990392993575,0.12052906517056305,-0.1366708387593727,0.1366708387593727
O=C1c2ccccc2C(=O)c2c(NCCCOCCOCCO)ccc(NCCCOCCOCCO)c21,0.05718861042487866,-1.1991344631771435,-1.2563230736020221,1.2563230736020221
O=C1c2ccccc2C(=O)c2c(O)c(O)cc(O)c21,-4.602399690545559,-4.077304033396137,0.5250956571494214,0.5250956571494214
O=C1c2ccccc2C(=O)c2c(O)ccc(O)c21,-6.253493284745367,-4.9050576434561375,1.348435641289229,1.348435641289229
O=C1c2ccccc2C(=O)c2c(O)cccc21,-4.421299812487129,-5.115669482952722,-0.6943696704655924,0.6943696704655924
O=C1c2ccccc2C(=O)c2c1ccc(O)c2O,-2.778500065643752,-4.287750690447219,-1.5092506248034674,1.5092506248034674
O=C1c2ccccc2C(=O)c2cc(O)ccc21,-5.309299804461594,-4.883338807319907,0.42596099714168734,0.42596099714168734
O=C1c2ccccc2C(=O)c2ccccc21,-6.039760545590057,-5.505072459220797,0.5346880863692602,0.5346880863692602
CC(C)Cc1ncc[nH]1,-1.0488000539029996,-0.8148540491947074,0.2339460047082922,0.2339460047082922
CC(C)c1nc([N+](=O)[O-])c[nH]1,-1.1499999710982813,-2.1274253541753625,-0.9774253830770812,0.9774253830770812
CC(C)c1ncc([N+](=O)[O-])n1C,-1.2600000409528622,-1.5684610315655505,-0.3084609906126883,0.3084609906126883
CCCCCCCCCCCCCCCCCc1ncc[nH]1,-7.214642409426871,-5.528819512457867,1.685822896969004,1.685822896969004
CCCCc1nc(C=O)c(Cl)[nH]1,-2.1991274723185827,-2.642536188686381,-0.4434087163677982,0.4434087163677982
CN=C(NC#N)NCCSCc1nc[nH]c1C,-1.4298001052063607,-1.7458394703241424,-0.31603936511778175,0.31603936511778175
C[N+](C)(C)C(Cc1cnc(S)[nH]1)C(=O)[O-],-0.460000213803494,-0.9951947416524116,-0.5351945278489176,0.5351945278489176
Cc1[nH]cnc1CO,0.2683334458750477,0.39851001354948146,0.13017656767443375,0.13017656767443375
Cc1[nH]cnc1S(=O)(=O)O,0.18799976193776535,0.09333755622323014,-0.09466220571453521,0.09466220571453521
Cc1nc(Br)[nH]c1[N+](=O)[O-],-1.7914000025660533,-1.9339568106922589,-0.14255680812620564,0.14255680812620564
Cc1ncc([N+](=O)[O-])[nH]1,-1.6300000035646918,-1.359890209788007,0.27010979377668476,0.27010979377668476
Cc1ncc([N+](=O)[O-])n1C,-1.1599999774486978,-0.9905052215569614,0.16949475589173635,0.16949475589173635
Cc1ncc([N+](=O)[O-])n1CC(C)O,-0.7400001192615755,-0.9511894845218674,-0.21118936526029186,0.21118936526029186
Cc1ncc([N+](=O)[O-])n1CCO,-1.2100001453775693,-0.9173804644952184,0.2926196808823509,0.2926196808823509
Cc1ncc([N+](=O)[O-])n1CCOP(=O)(O)O,-1.3799999809810701,-0.7062884656393242,0.6737115153417459,0.6737115153417459
Cc1ncc[nH]1,0.5121364713049203,1.0143248774772995,0.5021884061723791,0.5021884061723791
Cn1c([N+](=O)[O-])cnc1COC(N)=O,-1.8432999728833914,-1.5982783013654684,0.24502167151792298,0.24502167151792298
Cn1ccnc1,1.085625137915096,1.0347952448086084,-0.05082989310648767,0.05082989310648767
Cn1cncc1CC(N)C(=O)O,0.07999985676541499,-0.14441785799082973,-0.22441771475624472,0.22441771475624472
Cn1cncc1C[C@H](N)C(=O)O,0.07269996379457844,-0.14441785799082973,-0.21711782178540817,0.21711782178540817
NC(Cc1cnc[nH]1)C(=O)O,-0.5314001556511072,-0.3489829033323373,0.18241725231876993,0.18241725231876993
N[C@@H](Cc1cnc[nH]1)C(=O)O,-0.1076498525080134,-0.3489829033323373,-0.24133305082432388,0.24133305082432388
O=C(O)/C=C/c1cnc[nH]1,-1.9639999977857379,-1.5946576328897641,0.3693423648959737,0.3693423648959737
O=C(O)C=Cc1c[nH]cn1,-1.9600000769516448,-1.5859902526000986,0.37400982435154617,0.37400982435154617
O=C(O)c1nc[nH]c1C(=O)O,-2.494400013234603,-1.7095973796018633,0.7848026336327396,0.7848026336327396
O=S(=O)(O)c1c[nH]cn1,0.13039997592465902,0.3211210165054834,0.1907210405808244,0.1907210405808244
O=S(=O)(O)c1ncc[nH]1,-0.30000011219683076,0.2730944587849158,0.5730945709817465,0.5730945709817465
c1c[nH]cn1,0.9683902675949967,1.186128783186342,0.21773851559134538,0.21773851559134538
CC(=O)C1(O)CCC2C3CC(C)C4=CC(=O)C=CC4(C)C3(F)C(O)CC21C,-4.099999869907685,-4.2344402009456115,-0.13444033103792652,0.13444033103792652
CC(=O)OCC(=O)C1(O)C(C)CC2C3CCC4=CC(=O)C=CC4(C)C3(F)C(O)CC21C,-4.900000037499027,-4.667684068959464,0.23231596853956304,0.23231596853956304
CC(=O)OCC(=O)C1(O)C(OC(C)=O)CC2C3CCC4=CC(=O)C=CC4(C)C3(F)C(O)CC21C,-4.130000025135724,-4.314913193738417,-0.18491316860269347,0.18491316860269347
CC(=O)OCC(=O)C1(O)CCC2C3CCC4=CC(=O)C=CC4(C)C3C(O)CC21C,-4.37999997963095,-4.435134965756505,-0.05513498612555434,0.05513498612555434
CC(=O)OCC(=O)[C@@]1(O)CC[C@H]2[C@@H]3CCC4=CC(=O)C=C[C@]4(C)[C@H]3[C@@H](O)C[C@@]21C,-4.369200206996579,-4.435134965756505,-0.0659347587599255,0.0659347587599255
CC(=O)OCC(=O)[C@@]1(O)[C@H](C)C[C@H]2[C@@H]3CCC4=CC(=O)C=C[C@]4(C)[C@@]3(F)[C@@H](O)C[C@@]21C,-4.900000037499027,-4.667684068959464,0.23231596853956304,0.23231596853956304
CC(=O)OCC(=O)[C@@]1(O)[C@H](OC(C)=O)C[C@H]2[C@@H]3CCC4=CC(=O)C=C[C@]4(C)[C@@]3(F)[C@@H](O)C[C@@]21C,-4.129700095757142,-4.314913329915206,-0.18521323415806368,0.18521323415806368
CC(=O)[C@@]1(O)CC[C@H]2[C@@H]3C[C@H](C)C4=CC(=O)C=C[C@]4(C)[C@@]3(F)[C@@H](O)C[C@@]21C,-4.098599836336198,-4.2344402009456115,-0.13584036460941373,0.13584036460941373
CC(C)(C)C(=O)OCC(=O)C1(O)CCC2C3CCC4=CC(=O)C=CC4(C)C3C(O)CC21C,-4.583499850126025,-4.8709597924592405,-0.28745994233321515,0.28745994233321515
CC12C=CC(=O)C=C1CCC1C2C(O)CC2(C)C1CC(O)C2(O)C(=O)CO,-2.6645486219804875,-3.2328848014555613,-0.5683361794750739,0.5683361794750739
CC12C=CC(=O)C=C1CCC1C2C(O)CC2(C)C1CCC2(O)C(=O)CO,-3.1800000431527637,-3.6450340336914473,-0.46503399053868355,0.46503399053868355
CC12C=CC(=O)C=C1CCC1C3CC(O)C(O)(C(=O)CO)C3(C)CC(O)C12F,-3.680000011720563,-3.4553889940118108,0.22461101770875214,0.22461101770875214
CC1CC2C(C(O)CC3(C)C2CCC3(O)C(=O)CO)C2(C)C=CC(=O)C=C12,-3.4899999591510453,-3.746196298004469,-0.25619633885342363,0.25619633885342363
CC1CC2C(C(O)CC3(C)C2CCC3(O)C(=O)COC(=O)CCC(=O)O)C2(C)C=CC(=O)C=C12,-4.199999729146666,-4.3743652564405,-0.17436552729383425,0.17436552729383425
CC1CC2C3CC(F)C4=CC(=O)C=CC4(C)C3(F)C(O)CC2(C)C1(O)C(=O)CO,-5.612999918341204,-3.9312352939605377,1.6817646243806665,1.6817646243806665
CC1CC2C3CCC4=CC(=O)C=CC4(C)C3(F)C(O)CC2(C)C1(O)C(=O)CO,-3.7699999326975213,-3.857816122680182,-0.08781618998266083,0.08781618998266083
CCC(=O)OCC(=O)C1(OC(=O)CC)C(C)CC2C3CCC4=CC(=O)C=CC4(C)C3(F)C(O)CC21C,-3.7699999326975213,-5.0923434883483765,-1.3223435556508552,1.3223435556508552
CCCCC(=O)OC1(C(=O)CO)C(C)CC2C3CCC4=CC(=O)C=CC4(C)C3(F)C(O)CC21C,-4.709999916841115,-4.744269622946194,-0.0342697061050794,0.0342697061050794
CCCCC(=O)O[C@]1(C(=O)CO)[C@@H](C)C[C@H]2[C@@H]3CCC4=CC(=O)C=C[C@]4(C)[C@@]3(F)[C@@H](O)C[C@@]21C,-4.710100142958089,-4.744269895299773,-0.0341697523416844,0.0341697523416844
CSC(=O)C1(OC(C)=O)C(C)CC2C3CCC4=CC(=O)C=CC4(C)C3(F)C(O)CC21C,-6.219999786339683,-5.198888480703124,1.021111305636559,1.021111305636559
C[C@@H]1C[C@H]2[C@@H]3CCC4=CC(=O)C=C[C@]4(C)[C@@]3(F)[C@@H](O)C[C@]2(C)[C@@]1(O)C(=O)CO,-3.6443998583833626,-3.857816122680182,-0.2134162642968196,0.2134162642968196
C[C@@H]1C[C@H]2[C@@H]3C[C@H](F)C4=CC(=O)C=C[C@]4(C)[C@@]3(F)[C@@H](O)C[C@]2(C)[C@@]1(O)C(=O)CO,-5.613299779631391,-3.9312354301373267,1.6820643494940644,1.6820643494940644
C[C@@H]1C[C@H]2[C@@H]3C[C@H](F)C4=CC(=O)C=C[C@]4(C)[C@H]3[C@@H](O)C[C@]2(C)[C@H]1C(=O)CO,-3.203737232083654,-3.7796464241027397,-0.5759091920190857,0.5759091920190857
C[C@H]1C[C@@H]2[C@H]([C@@H](O)C[C@@]3(C)[C@H]2CC[C@]3(O)C(=O)CO)[C@@]2(C)C=CC(=O)C=C12,-3.4941999577329166,-3.746196366092864,-0.2519964083599473,0.2519964083599473
C[C@H]1C[C@H]2[C@@H]3CCC4=CC(=O)C=C[C@]4(C)[C@@]3(F)[C@@H](O)C[C@]2(C)[C@@]1(O)C(=O)CO,-3.770981494995283,-3.8578160545917877,-0.08683455959650477,0.08683455959650477
C[C@]12C=CC(=O)C=C1CC[C@@H]1[C@@H]2[C@@H](O)C[C@@]2(C)[C@H]1CC[C@]2(O)C(=O)CO,-3.1784472192236057,-3.6450340336914473,-0.46658681446784156,0.46658681446784156
C[C@]12C=CC(=O)C=C1CC[C@H]1[C@@H]3C[C@@H](O)[C@](O)(C(=O)CO)[C@@]3(C)C[C@H](O)[C@@]12F,-3.692899902800561,-3.4553890621002052,0.23751084070035589,0.23751084070035589
C[C@]12CC[C@H]3[C@@H](CCC4=CC(=O)C=C[C@@]43C)[C@@H]1CC[C@@H]2O,-3.700359531145326,-4.433377195759348,-0.7330176646140223,0.7330176646140223
CC(=O)Nc1ccc(S(=O)(=O)Nc2nnc(S(N)(=O)=O)s2)cc1,-1.6199999972142753,-2.130507103007145,-0.5105071057928698,0.5105071057928698
CC(C)(C)c1nnc(NS(=O)(=O)c2ccc(N)cc2)s1,-3.739999981734667,-3.405707071239691,0.3342929104949759,0.3342929104949759
CC(C)Cc1nnc(NS(=O)(=O)c2ccc(N)cc2)s1,-3.8225998517122086,-2.8463782714531365,0.9762215802590721,0.9762215802590721
CC(C)c1nnc(NS(=O)(=O)c2ccc(N)cc2)s1,-3.4140998850777944,-2.7478869446425724,0.666212940435222,0.666212940435222
CCCc1nnc(NS(=O)(=O)c2ccc(N)cc2)s1,-3.307499860278044,-3.0398544887110974,0.26764537156694646,0.26764537156694646
CCc1nnc(NS(=O)(=O)c2ccc(N)cc2)s1,-3.119999860362426,-2.852239933263068,0.26775992709935803,0.26775992709935803
CCc1nnc(NS(=O)(=O)c2ccc(NC(C)=O)cc2)s1,-3.400000072218284,-3.003703401319957,0.3962966708983271,0.3962966708983271
COc1ccc(S(=O)(=O)Nc2nnc(S(N)(=O)=O)s2)cc1,-2.249999988760143,-2.124940808653352,0.12505918010679107,0.12505918010679107
Cc1cc(C)c(S(=O)(=O)Nc2nnc(S(N)(=O)=O)s2)c(C)c1,-2.7000000362195014,-2.0958797966531866,0.6041202395663148,0.6041202395663148
Cc1ccc(S(=O)(=O)Nc2nnc(S(N)(=O)=O)s2)cc1,-1.2200000155511965,-1.7632638352308774,-0.5432638196796808,0.5432638196796808
Cc1nnc(NS(=O)(=O)c2ccc(N)cc2)s1,-2.41070010715255,-2.661379311473142,-0.2506792043205923,0.2506792043205923
NCC(=O)NCC(=O)Nc1ccc(S(=O)(=O)Nc2nnc(S(N)(=O)=O)s2)cc1,-1.2900000600041115,-1.72503410809099,-0.4350340480868784,0.4350340480868784
NCC(=O)Nc1ccc(S(=O)(=O)Nc2nnc(S(N)(=O)=O)s2)cc1,-1.1900001326767364,-1.691545648226512,-0.5015455155497757,0.5015455155497757
NS(=O)(=O)c1nnc(NS(=O)(=O)c2c(F)c(F)c(F)c(F)c2F)s1,-1.2100001453775693,-1.1959624972224052,0.014037648155164062,0.014037648155164062
NS(=O)(=O)c1nnc(NS(=O)(=O)c2ccc(Br)cc2)s1,-2.1300001168203297,-1.684582384278992,0.44541773254133776,0.44541773254133776
NS(=O)(=O)c1nnc(NS(=O)(=O)c2ccc(Cl)c([N+](=O)[O-])c2)s1,-1.9900000279144996,-2.025055814536203,-0.03505578662170339,0.03505578662170339
NS(=O)(=O)c1nnc(NS(=O)(=O)c2ccc(Cl)cc2)s1,-2.0099999725269377,-1.810605287524137,0.19939468500280078,0.19939468500280078
NS(=O)(=O)c1nnc(NS(=O)(=O)c2ccc(I)cc2)s1,-2.2000000250964553,-1.929464066057445,0.2705359590390104,0.2705359590390104
NS(=O)(=O)c1nnc(NS(=O)(=O)c2ccc([N+](=O)[O-])cc2)s1,-1.3300000854057772,-1.8985512539870648,-0.5685511685812876,0.5685511685812876
NS(=O)(=O)c1nnc(NS(=O)(=O)c2ccc([N+](=O)[O-])cc2[N+](=O)[O-])s1,-2.9100000674456545,-2.0767853596016477,0.8332147078440069,0.8332147078440069
NS(=O)(=O)c1nnc(NS(=O)(=O)c2cccc([N+](=O)[O-])c2)s1,-1.4600000317844015,-1.8916293877835124,-0.4316293559991109,0.4316293559991109
NS(=O)(=O)c1nnc(NS(=O)(=O)c2ccccc2)s1,-2.900000078117337,-1.7434253282022345,1.1565747499151025,1.1565747499151025
NS(=O)(=O)c1nnc(NS(=O)(=O)c2ccccc2C(=O)O)s1,-2.3199999651246634,-1.994133129648594,0.3258668354760694,0.3258668354760694
NS(=O)(=O)c1nnc(NS(=O)(=O)c2ccccc2[N+](=O)[O-])s1,-1.820000124222604,-1.9593208952146741,-0.13932077099207008,0.13932077099207008
Nc1ccc(S(=O)(=O)Nc2nnc(S(N)(=O)=O)s2)cc1,-1.5000000571860674,-1.9157618894228876,-0.4157618322368202,0.4157618322368202
Nc1ccc(S(=O)(=O)Nc2nncs2)cc1,-2.8684000839236106,-2.5182617273283205,0.35013835659529,0.35013835659529
Nc1cccc(S(=O)(=O)Nc2nnc(S(N)(=O)=O)s2)c1,-1.5399999464109437,-1.9130862197769993,-0.3730862733660556,0.3730862733660556
CC(C(=O)O)c1cccc(C(=O)c2ccccc2)c1,-3.4699999804944097,-3.301944255802216,0.16805572469219365,0.16805572469219365
CC(C(=O)OCC(=O)N(C)CC(N)=O)c1cccc(C(=O)c2ccccc2)c1,-2.4200000967172226,-2.212325113948533,0.20767498276868945,0.20767498276868945
CCCCCCCCOc1ccc(C(=O)c2ccccc2)c(O)c1,-5.513798123176311,-6.06840751206215,-0.5546093888858383,0.5546093888858383
CCCCCCOC(=O)c1ccccc1C(=O)c1ccc(N(CC)CC)cc1O,-7.395233531000221,-5.632857762473937,1.762375768526284,1.762375768526284
CCOC(=O)c1ccccc1C(=O)c1ccccc1,-3.405299868595285,-3.8282157825057266,-0.4229159139104417,0.4229159139104417
CN(C(=O)CNC(=O)CN)c1ccc(Cl)cc1C(=O)c1ccccc1Cl,-2.329999903386685,-2.4065960110745905,-0.07659610768790559,0.07659610768790559
CN(C)c1ccc(C(=O)c2ccc(N(C)C)cc2)cc1,-2.8266999593950857,-3.9266650647325734,-1.0999651053374877,1.0999651053374877
COC(=O)c1ccccc1C(=O)c1ccccc1,-3.477600075197407,-3.7025823448781727,-0.2249822696807655,0.2249822696807655
COc1cc(O)c(C(=O)c2ccccc2)cc1S(=O)(=O)[O-],-0.02238493467415381,-1.5630719713031191,-1.5406870366289653,1.5406870366289653
COc1ccc(C(=O)c2cccc(C)c2)cc1C,-5.079699881985968,-4.713325354037471,0.3663745279484969,0.3663745279484969
COc1ccc(C(=O)c2ccccc2)c(O)c1,-4.580253531644293,-4.046548165075504,0.533705366568789,0.533705366568789
COc1ccc(C(=O)c2ccccc2O)c(O)c1,-7.27388421516617,-3.7685730042101335,3.5053112109560365,3.5053112109560365
Cc1ccc(C(=O)c2cc(O)c(O)c([N+](=O)[O-])c2)cc1,-4.169999982448995,-3.9850016352645525,0.1849983471844423,0.1849983471844423
Nc1ccc(Cl)cc1C(=O)c1ccccc1Cl,-7.425088657947583,-5.145514532817671,2.279574125129912,2.279574125129912
O=C(CBr)Nc1ccc(Cl)cc1C(=O)c1ccccc1Cl,-6.888808120203461,-5.9405522139392755,0.9482559062641851,0.9482559062641851
O=C(CBr)Nc1ccc(Cl)cc1C(=O)c1ccccc1F,-5.569345724973649,-5.911532123064315,-0.3421863980906661,0.3421863980906661
O=C(O)c1ccccc1C(=O)c1ccc(Br)cc1,-3.007400016016644,-3.687208121535366,-0.6798081055187217,0.6798081055187217
O=C(O)c1ccccc1C(=O)c1ccc(Cl)cc1,-2.7170998918371736,-3.5890427679143504,-0.8719428760771768,0.8719428760771768
O=C(O)c1ccccc1C(=O)c1ccc(O)cc1,-2.7300000212265534,-3.033431939175028,-0.3034319179484748,0.3034319179484748
O=C(O)c1ccccc1C(=O)c1ccccc1O,-2.342799908791682,-2.7182461259174775,-0.3754462171257953,0.3754462171257953
O=C(c1ccc(F)cc1)c1ccc(F)cc1,-4.396652085965183,-5.114771805557211,-0.7181197195920284,0.7181197195920284
O=C(c1ccc(O)c(O)c1)c1c(O)cc(O)cc1O,-1.7200000607184396,-2.324529205139028,-0.6045291444205885,0.6045291444205885
O=C(c1ccccc1)c1c(O)cc(O)cc1O,-1.8708000584354312,-2.788664743776711,-0.91786468534128,0.91786468534128
O=C(c1ccccc1)c1ccc(O)c(O)c1,-2.9226200386240584,-2.9878024716890246,-0.06518243306496618,0.06518243306496618
O=C(c1ccccc1)c1ccc(O)c(O)c1O,-3.345107753131383,-2.7466494040249976,0.5984583491063855,0.5984583491063855
O=C(c1ccccc1)c1cccc(N=C=S)c1,-5.400000082666271,-4.678665909961221,0.72133417270505,0.72133417270505
O=C(c1ccccc1)c1ccccc1,-3.8822027982969116,-3.684019269658746,0.19818352863816546,0.19818352863816546
CC(=O)c1cccc(Nc2ccccc2C(=O)O)c1,-4.860000012097361,-3.6194499555658086,1.2405500565315521,1.2405500565315521
CC(C)(C)CC(C)(C)c1ccc(Nc2ccc(C(C)(C)CC(C)(C)C)cc2)cc1,-6.5951197238781525,-7.393671310872596,-0.798551586994444,0.798551586994444
CC(C)CCC(C)Nc1ccc(Nc2ccccc2)cc1,-5.624837221933767,-5.709234965972934,-0.08439774403916722,0.08439774403916722
CCCCCCCCCc1cccc(Nc2cccc(CCCCCCCCC)c2)c1,-7.926046843004817,-7.475045113127068,0.4510017298777491,0.4510017298777491
CCOC(=O)N(c1ccccc1)c1ccccc1,-3.9692394442488377,-4.103594324351437,-0.13435488010259888,0.13435488010259888
CCOc1ccc(Nc2ccc(S(=O)(=O)N(C)C)cc2[N+](=O)[O-])cc1,-4.261751545467588,-5.082675208656859,-0.8209236631892711,0.8209236631892711
CNC(=O)N(c1ccccc1)c1ccccc1,-2.9839460641688262,-3.2923544139413745,-0.3084083497725483,0.3084083497725483
COc1cccc(Nc2ccccc2C(=O)O)c1,-4.800000110171652,-3.9671994478557173,0.8328006623159347,0.8328006623159347
Cc1c(Cl)cccc1Nc1ccccc1C(=O)O,-5.059999866752111,-4.332854349560802,0.7271455171913095,0.7271455171913095
Cc1cccc(Nc2ccccc2C(=O)O)c1,-5.059999866752111,-4.014570995219427,1.0454288715326845,1.0454288715326845
Cc1cccc(Nc2ccccc2C(=O)O)c1C,-4.081499980718525,-4.114600609086884,-0.03310062836835925,0.03310062836835925
Nc1ccc(Nc2ccc([N+](=O)[O-])cc2S(=O)(=O)O)cc1,-1.5982894678621966,-2.5702530041829297,-0.9719635363207331,0.9719635363207331
Nc1ccc(Nc2ccccc2)cc1,-2.563130379347652,-3.7461826122371376,-1.1830522328894855,1.1830522328894855
Nc1cccc(Nc2ccccc2C(=O)O)c1,-4.090000067822453,-3.384221642120437,0.7057784257020163,0.7057784257020163
O=C(O)Cc1ccccc1Nc1c(Cl)cccc1Cl,-4.620257778526429,-3.9979499371931713,0.6223078413332574,0.6223078413332574
O=C(O)c1ccccc1Nc1cccc(C(F)(F)F)c1,-4.399999992331784,-4.166121735576202,0.23387825675558194,0.23387825675558194
O=C(O)c1ccccc1Nc1cccc(Cl)c1,-5.300000155338895,-4.1791738723067136,1.1208262830321818,1.1208262830321818
O=C(O)c1ccccc1Nc1cccc(O)c1,-3.539999922814733,-3.2364872052193916,0.3035127175953414,0.3035127175953414
O=C(O)c1ccccc1Nc1cccc([N+](=O)[O-])c1,-6.429999647344848,-3.9623877771802043,2.467611870164644,2.467611870164644
O=C(O)c1ccccc1Nc1ccccc1,-4.959999939424736,-3.771147085971154,1.1888528534535823,1.1888528534535823
O=C(OCCOCCO)c1ccccc1Nc1cccc(C(F)(F)F)c1,-5.36329962087098,-3.9481261862949255,1.4151734345760545,1.4151734345760545
O=C([O-])Cc1ccccc1Nc1c(Cl)cccc1Cl,-1.1742319498822895,-4.087128984483822,-2.912897034601533,2.912897034601533
O=NN(c1ccccc1)c1ccccc1,-3.7530998484298514,-4.463538311952419,-0.7104384635225678,0.7104384635225678
O=[N+]([O-])c1ccc(Nc2ccc(O)cc2)c([N+](=O)[O-])c1,-5.443999620371661,-4.465813417572383,0.9781862027992787,0.9781862027992787
O=[N+]([O-])c1ccc(Nc2ccccc2)c([N+](=O)[O-])c1,-3.8340000278109025,-5.012277800332569,-1.1782777725216667,1.1782777725216667
OCC(O)C(O)C(O)C=NN(c1ccccc1)c1ccccc1,-3.0999998817057905,-2.400828924044875,0.6991709576609155,0.6991709576609155
c1ccc(Nc2ccccc2)cc1,-4.85381636026897,-4.561538074597564,0.2922782856714061,0.2922782856714061
C1CCOCC1,-0.03100002307670202,-0.7733925744895491,-0.7423925514128471,0.7423925514128471
C=CC1(C)CCCC(C)(C)O1,-2.5359873833815314,-2.3661525259583494,0.16983485742318205,0.16983485742318205
CC(=O)OCC1OC(OC(C)=O)C(OC(C)=O)C(OC(C)=O)C1OC(C)=O,-2.415352791426476,-1.8596029219296848,0.5557498694967911,0.5557498694967911
CC(C)=CC1CC(C)CCO1,-2.2244458014397708,-2.698943406466601,-0.47449760502683036,0.47449760502683036
CC(C)CC1CC(C)(O)CCO1,2.137681529521115,-0.047707008657049244,-2.1853885381781644,2.1853885381781644
CC(C)CC1CC(C)CCO1,-3.0799295677374467,-2.5714440063827384,0.5084855613547083,0.5084855613547083
CCCC1C[C@@](C)(OC(C)=O)CCO1,-2.204723112770485,-1.0563611339558432,1.1483619788146417,1.1483619788146417
CCCCCC1COCCC1OC(C)=O,-2.9987959643173214,-2.212482738582226,0.7863132257350953,0.7863132257350953
CCCCCCCC(=O)OC1C(O)C(O)OC(CO)C1O,-2.630000093899178,-2.1732283491907425,0.4567717447084356,0.4567717447084356
CCCCCCCCCCNC(=O)OCC1OC(O)C(O)C(O)C1O,-3.559999901471368,-3.51063687069575,0.0493630307756181,0.0493630307756181
CCCCCCCCCNC(=O)OCC1OC(O)C(O)C(O)C1O,-2.9600000225982925,-3.2057639512398115,-0.24576392864151897,0.24576392864151897
CCCCCCCCNC(=O)OCC1OC(O)C(O)C(O)C1O,-2.349999916087518,-2.8502046860354766,-0.5002047699479588,0.5002047699479588
CCCCCCCCSC1C(O)C(O)OC(CO)C1O,-2.9100000674456545,-2.814233484991447,0.09576658245420733,0.09576658245420733
CCCCCCOC1O[C@H](CO)[C@@H](O)[C@H](O)[C@H]1O,-0.6586987630590477,-1.4927715208528594,-0.8340727577938116,0.8340727577938116
COC1CCCC(C)O1,-0.5921001424509553,-0.4016244924445713,0.190475650006384,0.190475650006384
COC1OC(CNC(=O)N(CCCl)N=O)C(O)C(O)C1O,-1.5613000389198686,-1.2413861717910015,0.31991386712886705,0.31991386712886705
COC1OC(CO)C(O)C(O)C1O,0.7452123063291536,0.5025360076545082,-0.24267629867464535,0.24267629867464535
O=P(O)(O)OC1OC(CO)C(O)C(O)C1O,0.5847998614042855,0.6290069325366723,0.044207071132386755,0.044207071132386755
OC1COC(O)C(O)C1O,0.5778807187365205,0.29843723163979474,-0.27944348709672573,0.27944348709672573
OCC(O)C(O)C(OC1OC(CO)C(O)C(O)C1O)C(O)CO,0.287199922981185,0.6330121642655508,0.34581224128436583,0.34581224128436583
OCC1(O)OCC(O)C(O)C1O,0.6399996676815785,0.8322091205701896,0.19220945288861113,0.19220945288861113
OCC1CCCCO1,0.9349000374322567,0.7647288914277319,-0.17017114600452476,0.17017114600452476
OCC1OC(O)C(O)C(O)C1O,0.7400000035393215,0.6617359344468476,-0.07826406909247385,0.07826406909247385
OC[C@H]1O[C@H](O)[C@H](O)[C@@H](O)[C@@H]1O,0.44329992134036145,0.661736206800426,0.21843628546006455,0.21843628546006455
C1CO1,1.3559997955471013,1.3418398606350848,-0.014159934912016503,0.014159934912016503
C=C(C)C(=O)OCC1CO1,-0.45378919044043986,-0.7242463712068012,-0.2704571807663614,0.2704571807663614
C=CCOCC1CO1,0.049756625968355284,-0.03759452027861521,-0.08735114624697049,0.08735114624697049
CC(=O)C1(C)CO1,0.3796999136341421,0.48017332765814835,0.10047341402400622,0.10047341402400622
CC1(C)CO1,-0.0945493730172764,-0.12170438658505889,-0.027155013567782493,0.027155013567782493
CC1(CCl)CO1,-0.5504000860108249,-1.0849948912793679,-0.534594805268543,0.534594805268543
CC1CO1,0.8325705337691711,0.813712227270396,-0.018858306498775068,0.018858306498775068
CC1OC1C,0.3972947718811657,0.2283650134885149,-0.1689297583926508,0.1689297583926508
CCC(C)(CCC(C)C)C(=O)OCC1CO1,-3.5134687010748458,-4.337182320280482,-0.8237136192056358,0.8237136192056358
CCC1CO1,0.08054211274067669,0.13645957069793635,0.055917457957259664,0.055917457957259664
CCCC1CO1,-0.5734469181969675,-0.4448519077542481,0.12859501044271937,0.12859501044271937
CCCC1OC1(CC)C(N)=O,-1.1745000819805542,-1.815033892891159,-0.6405338109106047,0.6405338109106047
CCCCC(CC)COCC1CO1,-3.1148650421657442,-3.5677700469400886,-0.45290500477434437,0.45290500477434437
CCCCCCCCCCC1CO1,-5.923156718511886,-5.721498775269797,0.20165794324208886,0.20165794324208886
CCCCCCCCCCCCC1CO1,-5.984684932544667,-6.438520229055576,-0.4538352965109089,0.4538352965109089
CCCCCCCCCCCCCCC1CO1,-6.682020397305895,-6.883604805081726,-0.20158440777583042,0.20158440777583042
CCCCOCC1CO1,-0.6757271258623021,-0.5753152637470902,0.10041186211521191,0.10041186211521191
COCCOCCO[Si](CCCOCC1CO1)(OCCOCCOC)OCCOCCOC,1.582313363564921,0.6622370650317202,-0.9200762985332007,0.9200762985332007
C[C@@H]1CO1,0.8380334018514399,0.8137119549168172,-0.02432144693462268,0.02432144693462268
C[C@H]1CO1,0.8380334018514399,0.8137119549168172,-0.02432144693462268,0.02432144693462268
C[N+](C)(C)CC1CO1,0.7496342390334965,0.45309811368893493,-0.29653612534456153,0.29653612534456153
ClCC1CO1,-0.14737371138084177,-0.25595509144379136,-0.1085813800629496,0.1085813800629496
O=CC1CO1,1.1423000111748185,0.9420449612167934,-0.20025504995802512,0.20025504995802512
OCC1CO1,1.1302998401421713,1.4086013486832605,0.27830150854108915,0.27830150854108915
CC(=O)Nc1ccc2c(c1)C(=O)OC2,-2.599999904626942,-1.9237955029348366,0.6762044016921056,0.6762044016921056
CC1(C)OC(=O)c2cc(C#N)ccc21,-2.9100000674456545,-3.1840297952147774,-0.2740297277691228,0.2740297277691228
CC1(C)OC(=O)c2cc([N+](=O)[O-])ccc21,-3.05159995701745,-3.429454464918735,-0.3778545079012847,0.3778545079012847
CC1(C)OC(=O)c2ccccc21,-1.8683999425228281,-2.345397957667631,-0.476998015144803,0.476998015144803
CC1OC(=O)c2cc(N)ccc21,-1.7891001127704247,-2.410239080632146,-0.6211389678617214,0.6211389678617214
CC1OC(=O)c2cc([N+](=O)[O-])ccc21,-2.6156999990267056,-2.97420220635921,-0.3585022073325046,0.3585022073325046
CCC1(CC)OC(=O)c2cc([N+](=O)[O-])ccc21,-3.6600000671081245,-4.09013944476637,-0.4301393776582456,0.4301393776582456
CCC1OC(=O)c2cc(C#N)ccc21,-2.309999958774247,-3.4161017860140896,-1.1061018272398426,1.1061018272398426
CCC1OC(=O)c2cc([N+](=O)[O-])ccc21,-2.5499999409632546,-3.2583063696051884,-0.7083064286419338,0.7083064286419338
CCC1OC(=O)c2ccccc21,-1.7469999689231326,-2.5248325297688834,-0.7778325608457508,0.7778325608457508
COc1cc(Br)c2c(c1OC)C(=O)OC2,-3.9310998661435113,-2.9453964066844183,0.985703459459093,0.985703459459093
COc1cc(C#N)c2c(c1OC)C(=O)OC2,-3.479999986844826,-2.899006327996927,0.5809936588478992,0.5809936588478992
COc1cc(N)c2c(c1OC)C(=O)OC2,-2.0799999488914582,-2.619825576993187,-0.5398256281017288,0.5398256281017288
COc1cc([N+](=O)[O-])c2c(c1OC)C(=O)OC2,-3.2100000026266677,-2.678544123419343,0.531455879207325,0.531455879207325
COc1ccc2c(c1OC)C(=O)OC2,-1.8903000299657065,-1.781184836888436,0.10911519307727047,0.10911519307727047
N#Cc1ccc2c(c1)C(=O)OC2,-2.702100018488338,-2.394917217264851,0.3071828012234872,0.3071828012234872
Nc1ccc2c(c1)C(=O)OC2,-2.04139995706128,-1.6386647964953593,0.40273516056592085,0.40273516056592085
O=C1OCc2c(Cl)c(Cl)c(Cl)c(Cl)c21,-5.036499838210954,-5.703370376362031,-0.6668705381510769,0.6668705381510769
O=C1OCc2ccc(Br)cc21,-2.64720010754543,-2.591983142992677,0.055216964552752934,0.055216964552752934
O=C1OCc2ccc(Cl)cc21,-2.481699927548804,-2.6136289883698063,-0.13192906082100242,0.13192906082100242
O=C1OCc2ccc(I)cc21,-3.2109000460938937,-3.1034253407539367,0.10747470533995696,0.10747470533995696
O=C1OCc2ccc([N+](=O)[O-])cc21,-2.651099904395141,-2.5837313061757667,0.06736859821937413,0.06736859821937413
O=C1OCc2ccccc21,-0.8627210077181364,-1.1956492906068599,-0.33292828288872345,0.33292828288872345
C1CCNCC1,1.0698155573766814,0.3784824931371964,-0.691333064239485,0.691333064239485
CC(=O)CC1CCCCN1,-0.450900063677218,0.14099507484461204,0.5918951385218301,0.5918951385218301
CC1(C)CC(O)CC(C)(C)N1,-0.19661006369815048,0.5247886568050588,0.7213987205032093,0.7213987205032093
CC1(C)CC(O)CC(C)(C)N1CCO,-0.8598207144581864,0.45532188065930734,1.3151425951174938,1.3151425951174938
CC1(C)CC(O)CC(C)(C)N1[O],0.5627035432079288,0.5358388585550777,-0.02686468465285108,0.02686468465285108
CCC1CCCCN1,-1.5000000571860674,-0.29884587773015125,1.2011541794559162,1.2011541794559162
CCCC1CCCNC1,-1.0110002368871451,-0.6143380845082542,0.3966621523788909,0.3966621523788909
CCCCCCCCCCCCCCCCCC(=O)OC1CC(C)(C)NC(C)(C)C1,-6.214524662346371,-6.75244258980585,-0.5379179274594792,0.5379179274594792
CCCCCCCCCCN1CCCCC1,-1.5299999400605273,-4.122985762980585,-2.592985822920058,2.592985822920058
CCCCNC1CC(C)(C)NC(C)(C)C1,0.5746149269739083,-0.5065601475025732,-1.0811750744764814,1.0811750744764814
CCCOP(=S)(OCCC)SCC(=O)N1CCCCC1C,-4.150400125243719,-4.677065424155784,-0.5266652989120653,0.5266652989120653
CCC[C@H]1CCCCN1,-0.8492999680652282,-0.5190867780029151,0.3302131900623131,0.3302131900623131
CCN1CCCCC1,-1.2757104847886174,0.022250820991162268,1.2979613057797796,1.2979613057797796
CC[C@@H]1CCCCN1,-0.34630022058179666,-0.29884587773015125,0.047454342851645404,0.047454342851645404
CN(C)CCCNC1CC(C)(C)NC(C)(C)C1,0.3161914167303781,-0.1576561483924066,-0.4738475651227847,0.4738475651227847
CN1CCCCC1,0.2299999520216618,0.47765432940842745,0.24765437738676566,0.24765437738676566
NC(=O)C1CCCC(C(N)=O)N1,0.2892997690732324,0.23468116533296035,-0.054618603740272054,0.054618603740272054
O=C(O)C1CCNCC1,0.38403142495034537,0.4952532729591317,0.11122184800878632,0.11122184800878632
O=C(O)C1CCNCC1C(=O)O,-0.5394999510826888,-0.025197257728172495,0.5143026933545163,0.5143026933545163
O=NN1CCCCC1,-0.17380017912550771,-0.06263089535741706,0.11116928376809065,0.11116928376809065
OC[C@H]1NC[C@H](O)[C@@H](O)[C@@H]1O,0.4043517254597706,0.4196599030597339,0.01530817759996328,0.01530817759996328
CC(=O)Nc1ncc2ncn(COCCO)c2n1,-0.8600001954665726,-0.9519941531702405,-0.09199395770366792,0.09199395770366792
CC(=O)Nc1ncc2ncn(COCCOC(C)=O)c2n1,-0.7300001129111591,-1.5342915515774456,-0.8042914386662865,0.8042914386662865
CC(=O)OCCOCn1cnc2cnc(N)nc21,-0.9700001291443643,-1.383369267103602,-0.4133691379592377,0.4133691379592377
CC(=O)OCSc1ncnc2[nH]cnc12,-2.1500001295211626,-2.175593944287241,-0.02559381476607836,0.02559381476607836
CC(=O)OCSc1ncnc2c1ncn2COC(C)=O,-2.5399999686570354,-2.43601904906929,0.10398091958774547,0.10398091958774547
CCC(=O)OCSc1ncnc2[nH]cnc12,-2.390000077665973,-2.4260308220111533,-0.03603074434518039,0.03603074434518039
CCC(=O)OCSc1ncnc2c1ncn2COC(=O)CC,-2.7799999508460433,-2.972135127807104,-0.19213517696106086,0.19213517696106086
CCCC(=O)OCSc1ncnc2[nH]cnc12,-2.690000063913282,-2.761038337230434,-0.07103827331715173,0.07103827331715173
CCCC(=O)OCSc1ncnc2c1ncn2COC(=O)CCC,-3.7099999626834173,-3.618109567428064,0.09189039525535314,0.09189039525535314
CCCCC(=O)OCSc1ncnc2[nH]cnc12,-3.0999998817057905,-2.9974513206549087,0.10254856105088184,0.10254856105088184
CCCCC(=O)OCSc1ncnc2c1ncn2COC(=O)CCCC,-4.329999811702079,-3.9675066626925304,0.36249314900954843,0.36249314900954843
CCCCCC(=O)OCSc1ncnc2[nH]cnc12,-3.6300000480568753,-3.2030184229009775,0.42698162515589777,0.42698162515589777
CCCCCCC(C(C)O)n1cnc2c(N)ncnc21,-2.249999988760143,-2.213303952710507,0.03669603604963578,0.03669603604963578
CCCCCCCC(=O)OCSc1ncnc2[nH]cnc12,-4.619999859687367,-3.5835392510604556,1.036460608626911,1.036460608626911
CN(C)c1ncnc2[nH]cnc12,-1.2999999301777385,-1.0972427678918744,0.20275716228586416,0.20275716228586416
Nc1nc(N)c2nc(N)[nH]c2n1,-1.5200000698869003,-2.8057691442947283,-1.285769074407828,1.285769074407828
Nc1nc(N)c2nc[nH]c2n1,-1.7999999753449818,-2.8693928127181003,-1.0693928373731185,1.0693928373731185
Nc1nc2cncnc2[nH]1,-2.430000034979244,-2.284724933872078,0.14527510110716602,0.14527510110716602
Nc1ncc2ncn(CCC(CO)CO)c2n1,-0.30000011219683076,-0.7671991179323236,-0.4671990057354929,0.4671990057354929
Nc1ncc2ncn(COCCO)c2n1,-1.0774999931461569,-0.6780573830819594,0.39944261006419746,0.39944261006419746
CC(=O)NC(Cc1c[nH]c2ccccc12)C(=O)O,-2.309999958774247,-2.310933995372519,-0.000934036598271959,0.000934036598271959
CC(=O)N[C@@H](Cc1c[nH]c2ccccc12)C(=O)[O-],-2.3122000990716636,-2.34311154937415,-0.030911450302486543,0.030911450302486543
CC(C)CC(N)C(=O)NC(Cc1c[nH]c2ccccc12)C(=O)O,-1.1200000882238215,-2.2521073926640005,-1.132107304440179,1.132107304440179
CC(C)CC(NC(=O)C(N)Cc1c[nH]c2ccccc12)C(=O)O,-1.759999949943316,-2.1684602550878274,-0.40846030514451126,0.40846030514451126
CC(C)NCC(O)COc1cccc2[nH]ccc12,-3.789999945398354,-1.9312758301515853,1.8587241152467688,1.8587241152467688
CCOC(=O)[C@H](Cc1c[nH]c2ccccc12)N(C)C=O,-2.2708999938619057,-2.483485443566794,-0.21258544970488824,0.21258544970488824
CCc1cccc2c(CCO)c[nH]c12,-1.9153263960504903,-2.4521182776386894,-0.5367918815881991,0.5367918815881991
CN(C)Cc1c[nH]c2ccc(Br)cc12,-4.059999912594414,-3.1216882397743504,0.9383116728200633,0.9383116728200633
COc1ccc2[nH]cc(CCNC(C)=O)c2c1,-5.09000002198015,-2.993872373343047,2.096127648637103,2.096127648637103
Cc1c[nH]c2ccccc12,-2.4205999554743864,-2.738560468692368,-0.3179605132179817,0.3179605132179817
Cn1c(C(N)=O)c(C(N)=O)c2ccccc21,-1.8184000469475354,-2.0918757224270177,-0.27347567547948226,0.27347567547948226
NC(Cc1c[nH]c2ccc(O)cc12)C(=O)O,-1.3430000664259607,-2.0360565160232866,-0.6930564495973259,0.6930564495973259
NC(Cc1c[nH]c2ccccc12)C(=O)NCC(=O)O,-0.8499999167625774,-1.362761633568611,-0.5127617168060337,0.5127617168060337
NC(Cc1c[nH]c2ccccc12)C(=O)O,-1.7699999562937325,-1.761294446503044,0.008705509790688515,0.008705509790688515
NCCc1c[nH]c2ccc(O)cc12,-0.9449999770915336,-1.6223252158927262,-0.6773252388011926,0.6773252388011926
NCCc1c[nH]c2ccccc12,-3.299999923603626,-1.120751375570762,2.179248548032864,2.179248548032864
O=C(O)CCCc1c[nH]c2ccccc12,-2.9100999701427543,-3.1491368845442067,-0.23903691440145236,0.23903691440145236
O=C(O)Cc1c[nH]c2ccccc12,-2.0673999871900417,-2.7329743946599194,-0.6655744074698777,0.6655744074698777
c1ccc2[nH]ccc2c1,-1.2100001453775693,-1.9636353844322063,-0.753635239054637,0.753635239054637
CCCCc1c(C)nc(NCC)nc1OS(=O)(=O)N(C)C,-4.157899789564557,-3.394248679563543,0.7636511100010144,0.7636511100010144
CCCSc1nc(Cl)c([N+](=O)[O-])c(Cl)n1,-4.386944723535117,-4.2299842240439265,0.1569604994911904,0.1569604994911904
CCCc1nc(N)c(CC)c(CCC)n1,-2.513200036067529,-2.713731933438338,-0.200531897370809,0.200531897370809
CCN(CC)c1nc(C)cc(OP(=S)(OC)OC)n1,-4.132999863628702,-3.4818157341100555,0.6511841295186462,0.6511841295186462
CCOP(=S)(OCC)Oc1cc(C)nc(C(C)C)n1,-3.881299946183405,-3.9265527869697396,-0.04525284078633485,0.04525284078633485
CCOP(=S)(OCC)Oc1cc(C)nc(N(CC)CC)n1,-4.924200014737534,-3.9366274182007297,0.9875725965368041,0.9875725965368041
CCOP(=S)(Oc1cnc(C(C)(C)C)nc1)OC(C)C,-4.762599835855802,-4.214959430342637,0.5476404055131647,0.5476404055131647
CCOc1cc(OP(=S)(OC)OC)nc(CC)n1,-3.8638000031585706,-3.8569102746773094,0.006889728481261237,0.006889728481261237
CSc1ncccn1,-0.40200006802964694,-0.27751623485793386,0.12448383317171308,0.12448383317171308
Cc1cc(C)nc(C(N)=O)n1,0.12159968708857072,-0.9507283899130687,-1.0723280770016395,1.0723280770016395
Cc1cc(C)nc(N)n1,-0.4884001555796744,-0.7353439624795204,-0.24694380689984596,0.24694380689984596
Cc1cc(N(C)C)nc(Cl)n1,-1.2615000282877458,-1.519350506601617,-0.2578504783138713,0.2578504783138713
Cc1cc(N)nc(C)n1,-1.2842999719547648,-0.5923515248041276,0.6919484471506372,0.6919484471506372
Cc1nc(Cl)ncc1N(C)C,-1.2600000409528622,-0.9570988762964721,0.30290116465639016,0.30290116465639016
Cc1nc(N(C)C)nc(OC(=O)N(C)C)c1C,-1.945700084211764,-1.5743212635191934,0.37137882069257055,0.37137882069257055
Cc1ncc(CN)c(N)n1,0.49030651490856636,-0.1704921725581916,-0.660798687466758,0.660798687466758
Clc1cc(Cl)ncn1,-1.4172531843644032,-1.1779868886723102,0.239266295692093,0.239266295692093
Nc1nc(N)c(N=O)c(N)n1,-3.845472990403513,-2.9950381147484277,0.8504348756550852,0.8504348756550852
c1cncnc1,1.0964002625505924,1.5890453993240947,0.4926451367735023,0.4926451367735023
CC1(N)CN(c2c(F)c(N)c3c(=O)c(C(=O)O)cn(C4CC4)c3c2F)C1,-4.37999997963095,-4.718681187163296,-0.3386812075323453,0.3386812075323453
CC1(N)CN(c2c(F)cc3c(=O)c(C(=O)O)cn(C4CC4)c3c2Cl)C1,-5.329999765859776,-4.733241209482474,0.5967585563773028,0.5967585563773028
CC1(N)CN(c2c(F)cc3c(=O)c(C(=O)O)cn(C4CC4)c3c2F)C1,-5.639999690369107,-4.735718537634648,0.904281152734459,0.904281152734459
CC1(N)CN(c2cc3c(cc2F)c(=O)c(C(=O)O)cn3C2CC2)C1,-5.619999677668274,-4.570956606057381,1.0490430716108934,1.0490430716108934
CC1C(N)CN1c1c(F)c(N)c2c(=O)c(C(=O)O)cn(C3CC3)c2c1F,-3.9799999298794773,-4.527573540677457,-0.5475736107979796,0.5475736107979796
CC1C(N)CN1c1c(F)cc2c(=O)c(C(=O)O)cn(C3CC3)c2c1Cl,-4.479999906958326,-4.5724973102522855,-0.09249740329395983,0.09249740329395983
CC1C(N)CN1c1c(F)cc2c(=O)c(C(=O)O)cn(C3CC3)c2c1F,-4.169999982448995,-4.546816410429407,-0.3768164279804118,0.3768164279804118
CC1C(N)CN1c1cc2c(cc1F)c(=O)c(C(=O)O)cn2C1CC1,-4.630000002214572,-4.438262129547541,0.1917378726670318,0.1917378726670318
CC1N(c2c(F)cc3c(=O)c(C(=O)O)cn(C4CC4)c3c2F)CC1(C)N,-5.0399998540512785,-4.832772007770478,0.2072278462808006,0.2072278462808006
CC1N(c2cc3c(cc2F)c(=O)c(C(=O)O)cn3C2CC2)CC1(C)N,-5.420000095367103,-4.670498979372481,0.7495011159946214,0.7495011159946214
CCC1C(N)CN1c1c(F)cc2c(=O)c(C(=O)O)cn(C3CC3)c2c1F,-3.8099998900107925,-4.6470225094158835,-0.8370226194050909,0.8370226194050909
CCC1C(N)CN1c1cc2c(cc1F)c(=O)c(C(=O)O)cn2C1CC1,-3.9100000216033517,-4.51621707732815,-0.6062170557247986,0.6062170557247986
CNC1CN(c2c(F)cc3c(=O)c(C(=O)O)cn(C4CC4)c3c2F)C1,-5.309999889335733,-4.057337111655121,1.2526627776806123,1.2526627776806123
CNC1CN(c2c(F)cc3c(=O)c(C(=O)O)cn(C4CC4)c3c2F)C1C,-4.44000001773345,-4.148734751198148,0.2912652665353015,0.2912652665353015
CNC1CN(c2cc3c(cc2F)c(=O)c(C(=O)O)cn3C2CC2)C1,-5.409999816663108,-4.033523944586813,1.3764758720762948,1.3764758720762948
CNC1CN(c2cc3c(cc2F)c(=O)c(C(=O)O)cn3C2CC2)C1C,-4.570000100288864,-4.137077745674707,0.4329223546141563,0.4329223546141563
NC1CN(c2c(F)cc3c(=O)c(C(=O)O)cn(C4CC4)c3c2F)C1,-5.269999863934068,-4.553130383445222,0.716869480488846,0.716869480488846
NC1CN(c2cc3c(cc2F)c(=O)c(C(=O)O)cn3C2CC2)C1,-5.320000031862939,-4.451489934336337,0.8685100975266025,0.8685100975266025
C1CCOC1,0.5599998892318254,0.6149047365833482,0.05490484735152279,0.05490484735152279
C=C(C)C(=O)OCC1CCCO1,-0.9524551116022493,-0.7657467924737187,0.1867083191285306,0.1867083191285306
C=CC(=O)OCC1CCCO1,-0.29545180743195454,-0.2847093652259063,0.010742442206048253,0.010742442206048253
C=CC1(C)CCC(C(C)(C)O)O1,-1.7997285750037724,-0.8275514453889161,0.9721771296148563,0.9721771296148563
CC1CCC(C)O1,0.07229987638741653,0.06950634573033065,-0.0027935306570858742,0.0027935306570858742
CC1CCCO1,0.20690001088766596,0.6100772694002683,0.40317725851260233,0.40317725851260233
CC1CCOC1,0.09013113754078184,0.25559764782623695,0.16546651028545512,0.16546651028545512
CCC1CCC(O)O1,-0.06510005290222942,0.11511957838972675,0.18021963129195617,0.18021963129195617
CCCCCCCCCCCC(=O)OCC(O)[C@H]1OC[C@@H](O)[C@@H]1O,-5.06253656798445,-4.476056908022189,0.5864796599622615,0.5864796599622615
CCCCCCCCCCCC(=O)OCCOCC(OCCO)C1OCC(OCCO)C1OCCO,-6.417202297387244,-3.2377294269141013,3.179472870473143,3.179472870473143
CCCCCCCCCCCCCCCC(=O)OCC(O)[C@H]1OC[C@@H](O)[C@@H]1O,-6.9058735230934225,-5.5145846803117,1.391288842781723,1.391288842781723
CCCCCCCCCCCCCCCCCC(=O)OCC(OC(=O)CCCCCCCCCCCCCCCCC)[C@H]1OC[C@@H](O)[C@@H]1OC(=O)CCCCCCCCCCCCCCCCC,-7.284910449801261,-7.937049382878557,-0.6521389330772962,0.6521389330772962
CN=C(NCC1CCOC1)N[N+](=O)[O-],-0.5694147234637943,-0.8500148962094078,-0.28060017274561355,0.28060017274561355
OC1CCOC1,1.0549997950470709,1.4496640977491508,0.39466430270207997,0.39466430270207997
OCC1CCC(CO)O1,0.8789000563406404,1.2853283995226037,0.4064283431819633,0.4064283431819633
OCC1CCCO1,0.38877391781685944,1.3300692836693115,0.9412953658524521,0.9412953658524521
OCC1OC(O)(CO)C(O)C1O,0.6399996676815785,1.0541094711981862,0.41410980351660776,0.41410980351660776
CC(=O)Nc1ccc2nc(S(N)(=O)=O)sc2c1,-3.160000055985079,-2.8927678650108155,0.26723219097426343,0.26723219097426343
CC(C)(C)C(=O)Oc1ccc2nc(S(N)(=O)=O)sc2c1,-3.7299999753842505,-3.454665963348664,0.2753340120355867,0.2753340120355867
CC(C)(C)NSc1nc2ccccc2s1,-5.136722414588945,-4.759118476235621,0.3776039383533245,0.3776039383533245
CCOc1ccc2nc(S(N)(=O)=O)sc2c1,-4.030000165896744,-3.0499983477535006,0.980001818143243,0.980001818143243
CNC(=O)N(C)c1nc2ccccc2s1,-3.5740999866844576,-3.2926068516646647,0.2814931350197929,0.2814931350197929
CNC(=O)Nc1nc2ccccc2s1,-4.23729991352233,-3.4131848791858364,0.8241150343364936,0.8241150343364936
CSc1nc2ccccc2s1,-3.1614000555123694,-3.7981026005425127,-0.6367025450301433,0.6367025450301433
Clc1nc2ccccc2s1,-2.7325882653736677,-3.4016123032718037,-0.669024037898136,0.669024037898136
N#CSCSc1nc2ccccc2s1,-3.2802998743255727,-4.399417155673291,-1.1191172813477182,1.1191172813477182
NC(N)=Nc1nc2ccccc2s1,-2.4412000311975675,-2.697695278103653,-0.2564952469060855,0.2564952469060855
NCC(=O)NCC(=O)OCCOc1ccc2nc(S(N)(=O)=O)sc2c1,-1.2999999301777385,-1.9936941637680676,-0.6936942335903291,0.6936942335903291
NS(=O)(=O)c1nc2ccc(O)cc2s1,-2.5000000113437646,-2.8292621937754308,-0.32926218243166616,0.32926218243166616
NS(=O)(=O)c1nc2ccccc2s1,-2.630000093899178,-2.804384056125874,-0.17438396222669583,0.17438396222669583
Nc1nc2c(O)cccc2s1,-1.919600032231212,-2.537581673143052,-0.6179816409118399,0.6179816409118399
O=C(O)CSc1nc2ccccc2s1,-3.2288980216816423,-2.9968581771156706,0.2320398445659717,0.2320398445659717
[S-]c1nc2ccccc2s1,-4.285895690222454,-3.355643921545737,0.9302517686767171,0.9302517686767171
c1ccc2scnc2c1,-1.6538264478699634,-1.7444525097244339,-0.09062606185447053,0.09062606185447053
CC(CCC(=O)NCC(=O)O)C1CCC2C3C(O)CC4CC(O)CCC4(C)C3CC(O)C12C,-5.1500000600826485,-3.9572180977254443,1.1927819623572042,1.1927819623572042
CC(CCC(=O)O)C1CCC2C3C(O)C(O)C4CC(O)CCC4(C)C3CCC12C,-4.3499998244029126,-4.601678906799435,-0.2516790823965227,0.2516790823965227
CC(CCC(=O)O)C1CCC2C3C(O)CC4CC(O)CCC4(C)C3CC(O)C12C,-3.6300000480568753,-4.293481145920595,-0.6634810978637193,0.6634810978637193
CC(CCC(=O)O)C1CCC2C3C(O)CC4CC(O)CCC4(C)C3CCC12C,-4.570000100288864,-4.929431109924298,-0.3594310096354345,0.3594310096354345
CC(CCC(=O)O)C1CCC2C3C(O)CC4CCCCC4(C)C3CCC12C,-6.459999938749677,-5.580344996604445,0.8796549421452315,0.8796549421452315
CC(CCC(=O)O)C1CCC2C3CC(O)C4CC(O)CCC4(C)C3CCC12C,-4.820000122872485,-4.929648720433708,-0.1096485975612227,0.1096485975612227
CC(CCC(=O)O)C1CCC2C3CCC4CC(O)CCC4(C)C3CC(O)C12C,-3.9499999789166225,-4.967645176733409,-1.0176451978167869,1.0176451978167869
CC(CCC(=O)O)C1CCC2C3CCC4CC(O)CCC4(C)C3CCC12C,-7.339999952879166,-5.748740941982774,1.5912590108963922,1.5912590108963922
C[C@H](CCC(=O)NCC(=O)O)[C@H]1CCC2C3C(CC[C@@]21C)[C@@]1(C)CC[C@@H](O)C[C@H]1C[C@@H]3O,-5.522499820016899,-4.6032611449150975,0.9192386751018011,0.9192386751018011
C[C@H](CCC(=O)NCC(=O)O)[C@H]1CC[C@H]2[C@@H]3[C@H](O)C[C@@H]4C[C@H](O)CC[C@]4(C)[C@H]3CC[C@]12C,-5.1546001120274845,-4.6032612810918865,0.551338830935598,0.551338830935598
C[C@H](CCC(=O)NCC(=O)O)[C@H]1CC[C@H]2[C@@H]3[C@H](O)C[C@@H]4C[C@H](O)CC[C@]4(C)[C@H]3C[C@H](O)[C@]12C,-5.149499746558512,-3.9572180296370494,1.192281716921463,1.192281716921463
C[C@H](CCC(=O)O)[C@H]1CC[C@H]2[C@@H]3CC[C@@H]4C[C@H](O)CC[C@]4(C)[C@H]3CC[C@]12C,-5.999999918984099,-5.748740669629196,0.25125924935490307,0.25125924935490307
C[C@H](CCC(=O)O)[C@H]1CC[C@H]2[C@@H]3CC[C@@H]4C[C@H](O)CC[C@]4(C)[C@H]3C[C@H](O)[C@]12C,-3.9543999871578777,-4.9676450405566195,-1.0132450533987418,1.0132450533987418
C[C@H](CCC(=O)O)[C@H]1CC[C@H]2[C@@H]3[C@@H](O)C[C@@H]4C[C@H](O)CC[C@]4(C)[C@H]3CC[C@]12C,-4.292900079560363,-4.929431109924298,-0.6365310303639351,0.6365310303639351
C[C@H](CCC(=O)O)[C@H]1CC[C@H]2[C@@H]3[C@H](O)C[C@@H]4C[C@H](O)CC[C@]4(C)[C@H]3CC[C@]12C,-3.640199825757294,-4.929431109924298,-1.2892312841670042,1.2892312841670042
C[C@H](CCC(=O)O)[C@H]1CC[C@H]2[C@@H]3[C@H](O)C[C@@H]4C[C@H](O)CC[C@]4(C)[C@H]3C[C@H](O)[C@]12C,-3.368200034320977,-4.293481009743806,-0.9252809754228286,0.9252809754228286
C[C@H](CCC(=O)O)[C@H]1CC[C@H]2[C@@H]3[C@H](O)[C@H](O)[C@@H]4C[C@H](O)CC[C@]4(C)[C@H]3CC[C@]12C,-4.346499808562587,-4.601678770622646,-0.2551789620600591,0.2551789620600591
CC(=O)Nc1ccc(S(=O)(=O)c2ccc(N)cc2)cc1,-3.6115998743217297,-3.5881337878453223,0.023466086476407355,0.023466086476407355
CC(C)Oc1ccc(S(=O)(=O)c2ccc(O)cc2)cc1,-4.171445771421711,-3.9511530558805923,0.2202927155411185,0.2202927155411185
Cc1cc(S(=O)(=O)c2ccccc2)ccc1NS(=O)(=O)C(F)(F)F,-3.800899944149701,-3.862519464719753,-0.061619520570052266,0.061619520570052266
NCCNc1ccc(S(=O)(=O)c2ccc(N)cc2)cc1,-2.349999916087518,-2.595363391346753,-0.2453634752592353,0.2453634752592353
Nc1ccc(N)c(S(=O)(=O)c2ccccc2C(=O)O)c1,-1.83949995957609,-2.9256873356940694,-1.0861873761179794,1.0861873761179794
Nc1ccc(S(=O)(=O)c2ccc(Cl)cc2)cc1,-4.1266998487337965,-4.082417063306521,0.04428278542727515,0.04428278542727515
Nc1ccc(S(=O)(=O)c2ccc(N)cc2)cc1,-3.0940000770540954,-3.4176928075326654,-0.32369273047856995,0.32369273047856995
Nc1ccc(S(=O)(=O)c2ccc(NCCO)cc2)cc1,-2.5969998618687806,-2.860933936115055,-0.26393407424627435,0.26393407424627435
Nc1cccc(S(=O)(=O)c2cccc(N)c2)c1,-3.511895620848269,-3.052857102837169,0.45903851801109985,0.45903851801109985
O=S(=O)(c1ccc(Cl)cc1)c1cc(Cl)c(Cl)cc1Cl,-6.659399798470473,-5.709838229149833,0.9495615693206405,0.9495615693206405
O=S(=O)(c1ccc(Cl)cc1)c1ccc(Cl)cc1,-5.523635806793802,-4.541598796744789,0.9820370100490132,0.9820370100490132
O=S(=O)(c1ccc(O)cc1)c1ccc(O)cc1,-2.3570246638554373,-3.0068730948245226,-0.6498484309690853,0.6498484309690853
O=S(=O)(c1cccc(O)c1)c1cccc(O)c1,-2.329999903386685,-2.720636709454825,-0.39063680606814,0.39063680606814
O=S(=O)(c1cccc(O)c1)c1ccccc1O,-2.289999946073414,-2.6674330506444766,-0.3774331045710624,0.3774331045710624
O=S(=O)(c1ccccc1)c1ccccc1,-4.192880134244952,-3.1658034511512594,1.0270766830936924,1.0270766830936924
O=S(=O)(c1ccccc1O)c1ccccc1O,-3.3191999997995167,-2.5947985300244567,0.72440146977506,0.72440146977506
CC(=O)Nc1ccc(S(=O)(=O)N=c2sc(S(N)(=O)=O)nn2C)cc1,-1.6900000416671903,-2.297248500394659,-0.6072484587274689,0.6072484587274689
COc1ccc(S(=O)(=O)N=c2sc(S(N)(=O)=O)nn2C)cc1,-2.7599999721894077,-2.378000723694062,0.3819992484953456,0.3819992484953456
Cc1cc(C)c(S(=O)(=O)N=c2sc(S(N)(=O)=O)nn2C)c(C)c1,-2.9999999799115638,-2.400327657283213,0.5996723226283507,0.5996723226283507
Cc1ccc(S(=O)(=O)N=c2sc(S(N)(=O)=O)nn2C)cc1,-2.8399999038380486,-2.0629835696456684,0.7770163341923801,0.7770163341923801
Cn1nc(S(N)(=O)=O)sc1=NS(=O)(=O)c1ccc(Br)cc1,-2.509999983649984,-2.0093126201826053,0.5006873634673785,0.5006873634673785
Cn1nc(S(N)(=O)=O)sc1=NS(=O)(=O)c1ccc(Cl)c([N+](=O)[O-])c1,-2.47000006038091,-2.3456046740338907,0.12439538634701908,0.12439538634701908
Cn1nc(S(N)(=O)=O)sc1=NS(=O)(=O)c1ccc(Cl)cc1,-2.4400000413296605,-2.127708669985642,0.31229137134401874,0.31229137134401874
Cn1nc(S(N)(=O)=O)sc1=NS(=O)(=O)c1ccc(F)cc1,-2.0299999852277706,-2.0802237554447838,-0.050223770217013186,0.050223770217013186
Cn1nc(S(N)(=O)=O)sc1=NS(=O)(=O)c1ccc(I)cc1,-2.7699999615177258,-2.2352606896977623,0.5347392718199635,0.5347392718199635
Cn1nc(S(N)(=O)=O)sc1=NS(=O)(=O)c1ccc(N)cc1,-2.5000000113437646,-2.1539717936714617,0.34602821767230285,0.34602821767230285
Cn1nc(S(N)(=O)=O)sc1=NS(=O)(=O)c1ccc([N+](=O)[O-])cc1,-2.7000000362195014,-2.170349163333144,0.5296508728863571,0.5296508728863571
Cn1nc(S(N)(=O)=O)sc1=NS(=O)(=O)c1ccc([N+](=O)[O-])cc1[N+](=O)[O-],-2.7399999935327726,-2.3770587207536122,0.36294127277916033,0.36294127277916033
Cn1nc(S(N)(=O)=O)sc1=NS(=O)(=O)c1cccc(N)c1,-2.450000047680077,-2.1622367034601515,0.28776334421992544,0.28776334421992544
Cn1nc(S(N)(=O)=O)sc1=NS(=O)(=O)c1cccc([N+](=O)[O-])c1,-2.6700000512124493,-2.196258431631793,0.4737416195806565,0.4737416195806565
Cn1nc(S(N)(=O)=O)sc1=NS(=O)(=O)c1ccccc1C(=O)O,-2.509999983649984,-2.2419417953377128,0.268058188312271,0.268058188312271
Cn1nc(S(N)(=O)=O)sc1=NS(=O)(=O)c1ccccc1[N+](=O)[O-],-2.7899999571964598,-2.2945306840324617,0.495469273163998,0.495469273163998
CCCCCc1c2ccccc2cc2c1ccc1ccccc12,-8.569999644566073,-7.615420505264396,0.9545791393016767,0.9545791393016767
CCCCc1c2ccccc2cc2ccc3ccccc3c12,-7.524499620660944,-7.356384199468712,0.16811542119223155,0.16811542119223155
CCCCc1ccc2cc3ccc4ccccc4c3cc2c1,-7.519999794833083,-7.888717516796229,-0.36871772196314545,0.36871772196314545
CCc1c2ccccc2cc2c1ccc1ccccc12,-6.795999825299375,-7.326181549354883,-0.5301817240555087,0.5301817240555087
Cc1c2cc(Cl)ccc2cc2c1ccc1ccccc12,-7.439999744029752,-8.180613009512722,-0.7406132654829705,0.7406132654829705
Cc1c2ccccc2c(C)c2c1ccc1ccccc12,-6.7800001419630025,-7.411726174314104,-0.6317260323511018,0.6317260323511018
Cc1c2ccccc2cc2c1c(F)cc1ccccc12,-7.309999661474338,-7.722960949949419,-0.4129612884750813,0.4129612884750813
Cc1c2ccccc2cc2c1cc(F)c1ccccc12,-7.309999661474338,-7.729314414234151,-0.41931475275981356,0.41931475275981356
Cc1c2ccccc2cc2c1ccc1ccccc12,-7.342999655195355,-7.458039900378006,-0.11504024518265155,0.11504024518265155
Cc1c2ccccc2cc2ccc3ccccc3c12,-6.56479968937189,-7.325436662317044,-0.7606369729451536,0.7606369729451536
Cc1ccc2cc3c(ccc4ccccc43)cc2c1,-6.816199745526999,-7.593257460441249,-0.7770577149142497,0.7770577149142497
Cc1ccc2cc3ccc4ccccc4c3cc2c1,-6.643999837714476,-7.594095764756595,-0.9500959270421188,0.9500959270421188
Cc1cccc2c1c(C)cc1cc3ccccc3cc12,-7.974299726549313,-7.517056742061271,0.4572429844880421,0.4572429844880421
Cc1cccc2ccc3cc4ccccc4cc3c12,-6.643999837714476,-7.296719700975215,-0.6527198632607387,0.6527198632607387
c1ccc2cc3c(ccc4ccccc43)cc2c1,-7.385399660332833,-7.353216454994444,0.0321832053383897,0.0321832053383897
C1CCCC1,-2.6400001002495945,-4.579176509417184,-1.9391764091675898,1.9391764091675898
CC1(C(=O)O)CCC(C(=O)O)C1(C)C,-1.4200000063827358,-1.0933206040045103,0.32667940237822557,0.32667940237822557
CC1(C)[C@@H](C(=O)[O-])CC[C@@]1(C)C(=O)[O-],-1.420699955080085,-1.014110923286668,0.4065890317934169,0.4065890317934169
CC1CCC(C)(C)C1,-4.4784001020368365,-4.801302232631585,-0.32290213059474837,0.32290213059474837
CC1CCCC1,-3.301899879190981,-4.182736393293357,-0.8808365141023762,0.8808365141023762
CCC1CCC(CCC(=O)O)C1,-3.286116325441434,-2.9002719210331116,0.38584440440832246,0.38584440440832246
CCC1CCC(CCC(=O)[O-])C1,-3.1323830796814653,-2.8151697685067436,0.31721331117472173,0.31721331117472173
CCCC1CCCC1,-4.740399750945947,-4.84749911901021,-0.10709936806426246,0.10709936806426246
CCCCCC(O)/C=C/C1C(O)CC(O)C1C/C=C/CCCC(=O)O,-2.329999903386685,-3.031962208620532,-0.7019623052338471,0.7019623052338471
CCCCCC1CCCC1,-6.086299780417152,-5.961536784827235,0.12476299558991677,0.12476299558991677
COC1CCCC1,-0.9037886591484434,-1.266176611588206,-0.36238795243976263,0.36238795243976263
FC1CC(F)(F)C(F)(F)C1(F)F,-2.436880843880802,-2.721776509181831,-0.28489566530102906,0.28489566530102906
NC1(C(=O)O)CCCC1,-0.41219998190685514,-0.1025031869306563,0.30969679497619884,0.30969679497619884
O=C(O)CCC1CCCC1,-1.7690999638928024,-2.1162461930058125,-0.3471462291130101,0.3471462291130101
O=C(O)COC1CCCC1,-0.8471000320329956,-0.6127704173090551,0.23432961472394043,0.23432961472394043
CCN(CC)CCCC(C)Nc1c2ccc(Cl)cc2nc2ccc(OC)cc12,-2.6400001002495945,-4.024718889563097,-1.3847187893135025,1.3847187893135025
Cc1ccc2nc3ccccc3c(N)c2c1,-2.390000077665973,-1.498433479401183,0.8915665982647898,0.8915665982647898
Nc1c2ccccc2nc2c(F)cccc12,-1.660000022615941,-1.9561888971476153,-0.2961888745316743,0.2961888745316743
Nc1c2ccccc2nc2cc(C(F)(F)F)ccc12,-2.1700000741336005,-2.670793144833726,-0.5007930707001256,0.5007930707001256
Nc1c2ccccc2nc2cc(Cl)ccc12,-1.7300000670688562,-2.087324353684381,-0.35732428661552484,0.35732428661552484
Nc1c2ccccc2nc2cc(F)ccc12,-2.119999906204729,-1.5474911677708418,0.5725087384338872,0.5725087384338872
Nc1c2ccccc2nc2ccc(Cl)cc12,-2.4200000967172226,-2.1069703067328582,0.31302978998436437,0.31302978998436437
Nc1c2ccccc2nc2ccc(F)cc12,-2.4000000840163898,-1.5525476843136377,0.8474523997027521,0.8474523997027521
Nc1c2ccccc2nc2cccc(C(F)(F)F)c12,-2.480000032687129,-2.597940537085534,-0.1179405043984052,0.1179405043984052
Nc1c2ccccc2nc2cccc(Cl)c12,-1.5800001079893988,-2.1685476124982066,-0.5885475045088078,0.5885475045088078
Nc1c2ccccc2nc2cccc(F)c12,-0.9500001164435314,-1.6800818775671837,-0.7300817611236523,0.7300817611236523
Nc1c2ccccc2nc2cccc([N+](=O)[O-])c12,-1.8400000007466475,-2.6921860418246046,-0.8521860410779571,0.8521860410779571
Nc1ccc2cc3ccc(N)cc3nc2c1,0.37829974388586507,-1.4067181394085615,-1.7850178832944266,1.7850178832944266
Nc1cccc2nc3ccccc3cc12,-4.222000042706519,-2.103663934287014,2.1183361084195047,2.1183361084195047
c1ccc2nc3ccccc3cc2c1,-3.669100012969216,-3.5291330150232025,0.13996699794601364,0.13996699794601364
Clc1c(Cl)c(Cl)c2c(c1Cl)Oc1c(Cl)c(Cl)c(Cl)c(Cl)c1O2,-12.060499995556917,-12.064421342383545,-0.003921346826627925,0.003921346826627925
Clc1c(Cl)c(Cl)c2c(c1Cl)Oc1ccccc1O2,-8.770000316281559,-9.645328377121427,-0.8753280608398679,0.8753280608398679
Clc1cc(Cl)c2c(c1)Oc1c(Cl)cc(Cl)cc1O2,-9.00269975865998,-9.460971150261328,-0.4582713916013468,0.4582713916013468
Clc1cc(Cl)c2c(c1Cl)Oc1ccccc1O2,-7.579999832935581,-8.660380179669314,-1.0803803467337332,1.0803803467337332
Clc1cc2c(c(Cl)c1Cl)Oc1c(Cl)c(Cl)c(Cl)c(Cl)c1O2,-11.479499544891649,-11.528348338066417,-0.04884879317476809,0.04884879317476809
Clc1cc2c(cc1Cl)Oc1c(Cl)c(Cl)c(Cl)c(Cl)c1O2,-10.948599624449015,-10.909343124317296,0.03925650013171911,0.03925650013171911
Clc1cc2c(cc1Cl)Oc1cc(Cl)c(Cl)cc1O2,-9.206800441149745,-9.370074777479962,-0.16327433633021649,0.16327433633021649
Clc1cc2c(cc1Cl)Oc1ccccc1O2,-7.229999883024584,-7.614878521642712,-0.38487863861812777,0.38487863861812777
Clc1ccc2c(c1)Oc1c(Cl)c(Cl)c(Cl)c(Cl)c1O2,-9.47280001089295,-10.369242010570677,-0.8964419996777266,0.8964419996777266
Clc1ccc2c(c1)Oc1cc(Cl)c(Cl)c(Cl)c1O2,-8.87439997949661,-9.57503609727853,-0.7006361177819187,0.7006361177819187
Clc1ccc2c(c1)Oc1cc(Cl)ccc1O2,-7.180600118560035,-7.476997888286599,-0.29639776972656406,0.29639776972656406
Clc1ccc2c(c1)Oc1ccc(Cl)cc1O2,-7.829199544528091,-7.465227856027983,0.36397168850010786,0.36397168850010786
Clc1ccc2c(c1)Oc1ccccc1O2,-5.835899806603158,-6.299166435192085,-0.46326662858892664,0.46326662858892664
Clc1cccc2c1Oc1ccccc1O2,-5.719600198472435,-6.167904266152812,-0.4483040676803771,0.4483040676803771
c1ccc2c(c1)Oc1ccccc1O2,-5.310599748092897,-4.964532175328467,0.34606757276443023,0.34606757276443023
C=CCC1(C(C)CCC)C(=O)NC(=S)NC1=O,-3.4584998846765176,-3.0927447951541804,0.36575508952233715,0.36575508952233715
CC(C)CC1(CCO)C(=O)NC(=S)NC1=O,-2.619999883283578,-2.099158661387578,0.5208412218959997,0.5208412218959997
CC(C)CCC1(CCO)C(=O)NC(=S)NC1=O,-2.559999947313671,-2.3221129522768846,0.23788699503678634,0.23788699503678634
CCC(CC)CC1(CCO)C(=O)NC(=S)NC1=O,-3.1400000773284433,-2.5500021538360818,0.5899979234923616,0.5899979234923616
CCC1(CC)C(=O)NC(=S)NC1=O,-2.3199999651246634,-2.4138056869224713,-0.09380572179780788,0.09380572179780788
CCC1(CCO)C(=O)NC(=S)NC1=O,-1.470000038134818,-1.9113247049181354,-0.4413246667833175,0.4413246667833175
CCCC(C)C1(CC)C(=O)NC(=S)NC1=O,-3.5999998587846394,-3.1218582394737773,0.4781416193108621,0.4781416193108621
CCCC(C)CC1(CCO)C(=O)NC(=S)NC1=O,-3.089999892377473,-2.5696090922344053,0.5203908001430677,0.5203908001430677
CCCC1(CC)C(=O)NC(=S)NC1=O,-2.799999946524778,-2.5984425528195376,0.20155739370524017,0.20155739370524017
CCCC1(CCO)C(=O)NC(=S)NC1=O,-1.609999990863859,-2.158963830504492,-0.5489638396406329,0.5489638396406329
CCCCC1(CC)C(=O)NC(=S)NC1=O,-3.1400000773284433,-2.8621297045024914,0.27787037282595195,0.27787037282595195
CCCCC1(CCO)C(=O)NC(=S)NC1=O,-2.1700000741336005,-2.3921165373263236,-0.22211646319272305,0.22211646319272305
CCCCCC1(CC)C(=O)NC(=S)NC1=O,-3.7099999626834173,-3.106342988043482,0.6036569746399354,0.6036569746399354
CCCCCC1(CCO)C(=O)NC(=S)NC1=O,-2.3800001394039514,-2.5775408455079076,-0.19754070610395624,0.19754070610395624
CCCCCCC1(CC)C(=O)NC(=S)NC1=O,-4.079999857206852,-3.3397823895621785,0.7402174676446736,0.7402174676446736
CCc1cc(N/N=C2/C(=O)C=Cc3ccccc32)c(S(=O)(=O)[O-])cc1Cl,-5.692859979405066,-3.412923215485067,2.279936763919999,2.279936763919999
COc1cc(S(=O)(=O)[O-])c(C)cc1N/N=C1/C(=O)C=Cc2cc(S(=O)(=O)[O-])ccc21,-0.4405857612969415,-0.8766554338669601,-0.4360696725700186,0.4360696725700186
COc1ccc(N/N=C2\C(=O)C=Cc3ccccc32)c([N+](=O)[O-])c1,-7.9911023082357975,-7.641610025395563,0.3494922828402345,0.3494922828402345
COc1ccccc1N/N=C1\C(=O)C=Cc2ccccc21,-8.926016429738485,-7.249715558589218,1.6763008711492677,1.6763008711492677
C[N+](C)(C)c1ccc2c(c1)/C(=N/Nc1ccc(N)c([N+](=O)[O-])c1)C(=O)C=C2,-1.3972424136972101,-1.9335621703566719,-0.5363197566594617,0.5363197566594617
Cc1cc(N/N=C2/C(=O)C(C(=O)[O-])=Cc3ccccc32)c(S(=O)(=O)[O-])cc1Cl,-3.944100323782458,-3.8781672672323992,0.06593305655005866,0.06593305655005866
Cc1cc(N/N=C2\C(=O)C=Cc3ccccc32)c(S(=O)(=O)[O-])cc1Cl,-6.889673115169523,-3.349724929307482,3.539948185862041,3.539948185862041
Cc1cc(S(=O)(=O)[O-])c(N/N=C2/C(=O)C(C(=O)[O-])=Cc3ccccc32)cc1Cl,-5.7451856383659665,-3.873715035192422,1.8714706031735444,1.8714706031735444
Cc1cc(S(=O)(=O)[O-])c(N/N=C2\C(=O)C(C(=O)[O-])=Cc3ccccc32)cc1Cl,-6.263770547038935,-3.873715035192422,2.390055511846513,2.390055511846513
Cc1cc(S(=O)(=O)[O-])ccc1N/N=C1/C(=O)C=Cc2ccccc21,-0.43660041137931094,-2.320162355945984,-1.8835619445666731,1.8835619445666731
Cc1ccc(N/N=C2\C(=O)C(C(=O)[O-])=Cc3ccccc32)c(S(=O)(=O)[O-])c1,-5.12983976730073,-3.3369305752392435,1.7929091920614866,1.7929091920614866
Cc1ccc(N/N=C2\C(=O)C=Cc3ccccc32)c(C)c1,-6.705444166845007,-7.299031710505098,-0.5935875436600906,0.5935875436600906
Cc1ccc(N/N=C2\C(=O)C=Cc3ccccc32)c([N+](=O)[O-])c1,-7.969061277815923,-7.530380823840149,0.43868045397577404,0.43868045397577404
O=C1C=Cc2cc(S(=O)(=O)[O-])ccc2/C1=N\Nc1ccc(S(=O)(=O)[O-])cc1,-1.3767469898366582,-0.638098210717104,0.7386487791195542,0.7386487791195542
O=C1C=Cc2ccccc2/C1=N/Nc1ccc([N+](=O)[O-])cc1Cl,-7.996998218508255,-7.564589250390014,0.43240896811824037,0.43240896811824037
CC(C)=CC1C(C(=O)OC(C#N)c2cccc(Oc3ccccc3)c2)C1(C)C,-7.57460015088358,-7.202863389500157,0.3717367613834224,0.3717367613834224
CC(C)=CC1C(C(=O)OCc2cccc(Oc3ccccc3)c2)C1(C)C,-5.239999708706028,-6.814824904661544,-1.5748251959555155,1.5748251959555155
CC1(C)C(/C=C(\Cl)C(F)(F)F)C1C(=O)OC(C#N)c1cccc(Oc2ccccc2)c1,-7.95409980632169,-7.4920816465376845,0.4620181597840052,0.4620181597840052
CC1(C)C(C(=O)OC(C#N)c2cccc(Oc3ccccc3)c2)C1(C)C,-6.02479961880298,-6.908128610725349,-0.8833289919223688,0.8833289919223688
CC1(C)C(C=C(Br)Br)C1C(=O)OC(C#N)c1cccc(Oc2ccccc2)c1,-8.401999973644802,-7.698578768166739,0.7034212054780635,0.7034212054780635
CC1(C)C(C=C(Cl)C(F)(F)F)C1C(=O)OC(C#N)c1cccc(Oc2ccccc2)c1,-8.17599933988895,-7.4920816465376845,0.6839176933512654,0.6839176933512654
CC1(C)C(C=C(Cl)Cl)C1C(=O)OC(C#N)c1ccc(F)c(Oc2ccccc2)c1,-7.3369997058558205,-7.873714102850869,-0.5367143969950483,0.5367143969950483
CC1(C)C(C=C(Cl)Cl)C1C(=O)OC(C#N)c1cccc(Oc2ccccc2)c1,-6.558700058622538,-7.425724875907509,-0.867024817284971,0.867024817284971
CC1(C)C(C=C(Cl)Cl)C1C(=O)OCc1cccc(Oc2ccccc2)c1,-6.289999830792597,-7.07749086660103,-0.7874910358084328,0.7874910358084328
CC1(C)[C@H](C(=O)OC(C#N)c2cccc(Oc3ccccc3)c2)[C@@H]1C=C(Cl)Cl,-7.619399591049715,-7.425725148261089,0.19367444278862678,0.19367444278862678
CC1(C)[C@H](C(=O)OCc2cccc(Oc3ccccc3)c2)[C@@H]1C=C(Cl)Cl,-6.98999973061459,-7.077490594247452,-0.08749086363286196,0.08749086363286196
CC1(C)[C@H](C(=O)O[C@H](C#N)c2cccc(Oc3ccccc3)c2)[C@@H]1/C=C\C(=O)OC(C(F)(F)F)C(F)(F)F,-7.432499671178544,-7.3199743389419325,0.11252533223661132,0.11252533223661132
CC1(C)[C@H](C(=O)O[C@H](C#N)c2cccc(Oc3ccccc3)c2)[C@@H]1C(Br)C(Br)(Br)Br,-6.919700097225067,-7.714387803997997,-0.7946877067729305,0.7946877067729305
CC1(C)[C@H](C(=O)O[C@H](C#N)c2cccc(Oc3ccccc3)c2)[C@@H]1C=C(Br)Br,-8.402399788698386,-7.698578768166739,0.7038210205316471,0.7038210205316471
C1CNCCN1,0.7379998388570908,0.7204768819548537,-0.01752295690223704,0.01752295690223704
CC1CN(C(=N)N)C(C)CN1C(=N)N,0.019999818662916446,0.5771276610913181,0.5571278424284016,0.5571278424284016
CC1CNC(C)CN1,0.48999984477891045,1.0912522352053418,0.6012523904264313,0.6012523904264313
CC1CNCCN1,0.6377998678261352,0.7895100712032592,0.15171020337712404,0.15171020337712404
CCNC(=S)N1CCN(C(=O)OCC)CC1,-1.7899999689945654,-1.543717981291046,0.2462819877035194,0.2462819877035194
CCOC(=O)N1CC(C)N(C(N)=O)CC1C,-0.549999998603663,-0.24673102043919126,0.30326897816447174,0.30326897816447174
CCOC(=O)N1CC(C)NCC1C,0.6499999463855737,0.18107816808779198,-0.4689217782977817,0.4689217782977817
CCOC(=O)N1CCN(C(=O)OCC)CC1,-0.7288001230432521,-0.2729488653425465,0.45585125770070567,0.45585125770070567
CCOC(=O)N1CCN(C)CC1,1.1299999788519837,0.5565592464716653,-0.5734407323803183,0.5734407323803183
CN1CCN(C)CC1,0.942364159611071,1.3005984476215446,0.35823428801047363,0.35823428801047363
NCCN1CCNCC1,-0.11128631749128415,0.526927994166023,0.6382143116573071,0.6382143116573071
O=CNC(N1CCN(C(NC=O)C(Cl)(Cl)Cl)CC1)C(Cl)(Cl)Cl,-4.1599997718333945,-2.7146503777942272,1.4453493940391673,1.4453493940391673
O=S(=O)([O-])CCN1CCN(CCO)CC1,0.43186651810506227,-0.5918569307051449,-1.0237234488102072,1.0237234488102072
O=S(=O)([O-])CCN1CCN(CCS(=O)(=O)O)CC1,-2.747593858147656,-0.8701755975216945,1.8774182606259617,1.8774182606259617
CN(C)c1nc2ncncc2[nH]1,-1.388499999996603,-1.460656676262732,-0.07215667626612898,0.07215667626612898
COc1ncc2[nH]cnc2n1,-1.4800000444852346,-1.1237896159183416,0.356210428566893,0.356210428566893
COc1ncnc2nc[nH]c12,-1.5299999400605273,-0.9862043500183661,0.5437955900421612,0.5437955900421612
Cc1nc2ncncc2[nH]1,-0.4100001820514114,-0.6005578104849949,-0.19055762843358348,0.19055762843358348
Cc1ncnc2nc[nH]c12,0.1734999297594877,-0.4140901157432766,-0.5875900455027643,0.5875900455027643
Clc1ncnc2nc[nH]c12,-1.4901000045990467,-1.0355569973137948,0.4545430072852519,0.4545430072852519
Cn1cnc2nc(Cl)nc(Cl)c21,-1.1522000433073034,-1.9664500905800388,-0.8142500472727354,0.8142500472727354
Cn1cnc2nc(Cl)nc(NN)c21,-1.1426999419506552,-1.6710353810959189,-0.5283354391452637,0.5283354391452637
FC(F)(F)c1nc2ncncc2[nH]1,-0.4504999762700561,-1.7237751536732868,-1.2732751774032307,1.2732751774032307
Nc1nc(C(F)(F)F)c2[nH]cnc2n1,-3.1345999016355797,-2.5647580664667653,0.5698418351688144,0.5698418351688144
Nc1ncc2[nH]cnc2n1,-1.2100001453775693,-1.9585118689090417,-0.7485117235314724,0.7485117235314724
Nc1ncnc2nc[nH]c12,-2.117899923935892,-1.8596056454654721,0.2582942784704201,0.2582942784704201
OCc1nc2ncncc2[nH]1,-1.5200000698869003,-0.7825559106460913,0.737444159240809,0.737444159240809
c1ncc2[nH]cnc2n1,0.6193999324003707,-0.07241220178410934,-0.6918121341844801,0.6918121341844801
Brc1ccc2c(c1)Sc1ccccc1N2,-6.111899655050357,-6.311957521017378,-0.2000578659670209,0.2000578659670209
CC(CN1c2ccccc2Sc2ccccc21)N(C)C,-4.259699769782188,-4.097458266310929,0.16224150347125832,0.16224150347125832
CCN(CC)C(C)CN1c2ccccc2Sc2ccccc21,-2.1500001295211626,-3.7926107948925036,-1.642610665371341,1.642610665371341
CN(C)CCCN1c2ccccc2Sc2ccc(C(F)(F)F)cc21,-5.300000155338895,-4.944240744298387,0.35575941104050823,0.35575941104050823
CN(C)CCCN1c2ccccc2Sc2ccc(Cl)cc21,-5.070000009279317,-4.6888527508666495,0.3811472584126676,0.3811472584126676
CN(C)CCCN1c2ccccc2Sc2ccccc21,-4.3017000960428735,-4.3411735258000546,-0.039473429757181044,0.039473429757181044
CN1c2ccccc2Sc2ccc(CC(=O)O)cc21,-3.9421999085984387,-4.324837349617155,-0.38263744101871655,0.38263744101871655
CN1c2ccccc2Sc2ccccc21,-5.593399993047533,-4.955203112019264,0.6381968810282688,0.6381968810282688
COc1ccc2c(c1)N(CC(C)CN(C)C)c1ccccc1S2,-4.369999837103745,-4.351749287615917,0.01825054948782867,0.01825054948782867
COc1ccc2c(c1)N(C[C@H](C)CN(C)C)c1ccccc1S2,-4.2154997798428475,-4.351749287615917,-0.1362495077730692,0.1362495077730692
COc1ccc2c(c1)Sc1ccc(Cl)cc1N2,-4.9787000084942665,-6.110654999195538,-1.1319549907012716,1.1319549907012716
Ic1ccc2c(c1)Sc1ccccc1N2,-6.927799892656648,-6.32255479876596,0.6052450938906881,0.6052450938906881
Oc1ccc2c(c1)Sc1ccccc1N2,-2.574800015268307,-4.325735163189456,-1.7509351479211488,1.7509351479211488
c1ccc2c(c1)Nc1ccccc1S2,-5.589999930970604,-5.385193852711915,0.2048060782586889,0.2048060782586889
CCCCCCCCCCCCCCCC(=O)N1C(=O)CC[C@H]1C(=O)[O-],-4.022319250269256,-4.7406989313521875,-0.718379681082931,0.718379681082931
CCCCCCCCCCCCN1CC(C(=O)O)CC1=O,-3.2230000176910485,-3.2938254126422217,-0.07082539495117324,0.07082539495117324
CCCCCCCCCCCCN1CCCC1=O,-4.670000027616238,-4.1171826571900825,0.5528173704261556,0.5528173704261556
CCCCCCCCN1CCCC1=O,-2.2577490608707085,-2.64105615125114,-0.3833070903804314,0.3833070903804314
CCCCCCN1CC(C(=O)OC)CC1=O,-1.2460001137683527,-2.007207531284167,-0.7612074175158143,0.7612074175158143
CCN1CCCC1=O,0.9463070223704189,0.6154380048905113,-0.3308690174799076,0.3308690174799076
CN1CC(C(=O)O)CC1=O,-0.9540000372776243,-0.45464737656703447,0.4993526607105898,0.4993526607105898
CN1CCCC1=O,1.0037817980908854,1.2000678393460036,0.19628604125511817,0.19628604125511817
COC(=O)C1CC(=O)N(C)C1,0.8039998262991235,-0.04794504568486335,-0.8519448719839868,0.8519448719839868
O=C1CCC(C(=O)O)N1,-0.40425896861167576,-0.10265107492390957,0.3016078936877662,0.3016078936877662
O=C1CCC(C(=O)[O-])N1,-0.2510987547813661,0.19159047151980912,0.44268922630117524,0.44268922630117524
O=C1CCCN1,1.0699999407494851,1.3453099175817482,0.2753099768322631,0.2753099768322631
O=C1CC[C@@H](C(=O)[O-])N1,0.6082045661928861,0.19159047151980912,-0.416614094673077,0.416614094673077
O=NN1CCCC1=O,0.05229986368658368,0.385083526824999,0.33278366313841534,0.33278366313841534
Brc1c(Br)c(Br)c(CCc2c(Br)c(Br)c(Br)c(Br)c2Br)c(Br)c1Br,-9.129987471924771,-10.032821065388253,-0.9028335934634821,0.9028335934634821
C=CC(c1ccc(O)cc1)C(C=C)c1ccc(O)cc1,-4.949999660720741,-4.11766540390839,0.8323342568123513,0.8323342568123513
CC(C)(c1ccccc1)C(C)(C)c1ccccc1,-6.474168588976212,-6.140386205264576,0.33378238371163604,0.33378238371163604
CCC(=O)OC(Cc1ccccc1)(c1ccccc1)C(C)CN(C)C,-2.6099998769331614,-3.8076725605921062,-1.1976726836589449,1.1976726836589449
CCC(=O)O[C@](Cc1ccccc1)(c1ccccc1)[C@H](C)CN(C)C,-5.009699701356263,-3.8076724244153173,1.202027276940946,1.202027276940946
CCC(c1ccc(O)cc1)C(CC)c1ccc(O)cc1,-4.353000071426258,-4.474005268513578,-0.12100519708731916,0.12100519708731916
COC(=O)c1cc(CCc2cc(OC)ccc2OC)ccc1O,-6.389999621943183,-4.279419803004081,2.110579818939102,2.110579818939102
COc1ccc(C(O)C(O)c2ccccc2)cc1,-1.3899999873314866,-2.750806302653034,-1.3608063153215475,1.3608063153215475
Nc1ccc(CCc2ccc(N)cc2)cc1,-3.6457006190754013,-3.353958665688919,0.29174195338648223,0.29174195338648223
O=[N+]([O-])c1ccc(CCc2ccc([N+](=O)[O-])cc2)cc1,-4.589885588309838,-5.301665461296071,-0.7117798729862335,0.7117798729862335
OC(Cc1ccccc1)c1ccccc1,-2.5199999900004,-2.4245407074934993,0.09545928250690094,0.09545928250690094
OC(c1ccccc1)C(O)c1ccccc1,-1.932999964481768,-1.6617129904493955,0.27128697403237245,0.27128697403237245
c1ccc(CCc2ccccc2)cc1,-4.627200071248386,-4.911057456618883,-0.28385738537049665,0.28385738537049665
CCCCCCCc1ccn(CCC(=O)O)c(=O)c1,-4.399999992331784,-3.091550835364728,1.3084491569670562,1.3084491569670562
CCCCn1c(O)c(C#N)c(C)cc1=O,-2.272990716109066,-3.040675484743739,-0.7676847686346733,0.7676847686346733
CCCc1ccn(CCC(=O)O)c(=O)c1,-2.1099998998543126,-1.7344365706896614,0.3755633291646512,0.3755633291646512
COc1ccn(C)c(=O)c1C#N,-1.7840000196550312,-1.1406777166285471,0.6433223030264841,0.6433223030264841
Cc1cc(CC(C)CC(C)(C)C)n(O)c(=O)c1,-3.9054641089263082,-4.0746421176059755,-0.16917800867966726,0.16917800867966726
Cc1cc(O)n(CCC(=O)O)c(=O)c1C#N,-1.443654050872668,-1.687238512555606,-0.2435844616829379,0.2435844616829379
Cc1cc(O)n(CCC(=O)O)c(=O)c1C(N)=O,-1.602448851716639,-1.633616586736715,-0.03116773502007586,0.03116773502007586
Cn1cc(I)ccc1=O,-0.009399933100800784,-1.4444928998951723,-1.4350929667943715,1.4350929667943715
Cn1ccccc1=O,0.9620999893405311,0.08029318156971277,-0.8818068077708183,0.8818068077708183
O=C(O)CCCCCn1ccccc1=O,-0.6400000557574108,-1.414040910080012,-0.7740408543226012,0.7740408543226012
O=C(O)CCn1ccccc1=O,-0.6000000303557451,-0.564954933612007,0.035045096743738124,0.035045096743738124
O=c1ccc(I)c[nH]1,-1.7423000993916904,-1.668924640860722,0.0733754585309685,0.0733754585309685
O=c1cccc[nH]1,1.0217998937992632,0.017870013677208085,-1.003929880122055,1.003929880122055
C1COCCN1,0.8938928484964288,1.0251787122970506,0.1312858638006218,0.1312858638006218
C=CC(=O)N1CCOCC1,0.8502574475258071,0.6312432277716664,-0.2190142197541407,0.2190142197541407
CC(=O)N1CCOCC1,0.8888750061618134,1.345322990553528,0.45644798439171463,0.45644798439171463
CC(C)CN1CCOCC1,-0.7089000641058152,0.03735527811423145,0.7462553422200466,0.7462553422200466
CC1CN(N=O)CC(C)O1,-0.06550014030939133,0.2765824910677761,0.34208263137716743,0.34208263137716743
CC1CNCC(C)O1,0.9386378179468173,0.7106950308210043,-0.22794278712581306,0.22794278712581306
CCCC(CCC)CCCC1COCCN1CCO,0.9642581190984276,-1.7959454476183525,-2.76020356671678,2.76020356671678
CCN1CCOCC1,0.9385999607993734,1.0707118730042988,0.13211191220492546,0.13211191220492546
CN1CCOCC1,0.9949997569445723,1.4218576144210338,0.42685785747646143,0.42685785747646143
ClCCCN1CCOCC1,0.7860893102543463,-0.08404987020345978,-0.870139180457806,0.870139180457806
FC(F)(F)N1C(F)(F)C(F)(F)OC(F)(F)C1(F)F,-5.596058708683145,-5.372393779218523,0.22366492946462202,0.22366492946462202
O=NN1CCOCC1,0.9350999449590485,1.2292189322923357,0.29411898733328723,0.29411898733328723
O=S(=O)([O-])CCN1CCOCC1,0.18852976200198412,-0.12729090319207348,-0.3158206651940576,0.3158206651940576
CC(C=O)Cc1ccc2c(c1)OCO2,-2.313438150352199,-2.782885894476814,-0.469447744124615,0.469447744124615
CCCCOCCOCCOCc1cc2c(cc1CCC)OCO2,-4.151088635090761,-3.508109769927062,0.6429788651636992,0.6429788651636992
CNC(=O)Oc1cccc2c1OC(C)(C)O2,-2.9337999657880487,-2.398664666331457,0.5351352994565919,0.5351352994565919
NNC(=O)c1ccc2c(c1)OCO2,-0.6000000303557451,-1.5149461407031024,-0.9149461103473573,0.9149461103473573
O=C(O)/C=C\c1ccc2c(c1)OCO2,-3.8522998732964817,-2.797257243854323,1.0550426294421587,1.0550426294421587
O=C(O)C(=O)c1ccc2c(c1)OCO2,-1.1912001225446434,-2.0228097826607696,-0.8316096601161262,0.8316096601161262
O=C(O)C=Cc1ccc2c(c1)OCO2,-3.190000023970032,-2.7972572268322247,0.39274279713780746,0.39274279713780746
O=CCc1ccc2c(c1)OCO2,-1.9600000769516448,-1.664415691187973,0.29558438576367174,0.29558438576367174
O=Cc1ccc2c(c1)OCO2,-1.6324001194772948,-1.625251791273024,0.007148328204270804,0.007148328204270804
O=Cc1cccc2c1OC(F)(F)O2,-2.1558332622937213,-3.07314332936058,-0.9173100670668588,0.9173100670668588
O=[N+]([O-])c1cc2c(cc1CO)OCO2,-3.059999920136995,-2.451682103382345,0.6083178167546501,0.6083178167546501
O=[N+]([O-])c1ccc2c(c1CO)OCO2,-3.064300038447724,-2.3933378388617665,0.6709621995859574,0.6709621995859574
OCCNc1ccc2c(c1)OCO2,0.27289727479391157,-1.4692815693941148,-1.7421788441880264,1.7421788441880264
C=C(Br)C(=O)Nc1ccc(Nc2cc(S(=O)(=O)[O-])c(N)c3c2C(=O)c2ccccc2C3=O)c(S(=O)(=O)[O-])c1,-1.0618039840500746,-0.7569222641691229,0.3048817198809517,0.3048817198809517
CC(=O)Nc1cccc(Nc2cc(S(=O)(=O)[O-])c(N)c3c2C(=O)c2ccccc2C3=O)c1,-4.307910847052348,-2.1907720049649635,2.1171388420873845,2.1171388420873845
CCC(=O)Nc1cccc(Nc2cc(S(=O)(=O)[O-])c(N)c3c2C(=O)c2ccccc2C3=O)c1,-2.6879470285925797,-2.3865958621969683,0.30135116639561144,0.30135116639561144
COCCOCCOc1cc(Nc2c(C)cc(C)c(S(=O)(=O)[O-])c2C)c2c(c1N)C(=O)c1ccccc1C2=O,0.23912297984855124,-1.6104989426201015,-1.8496219224686528,1.8496219224686528
CS(=O)(=O)Oc1ccc(Nc2ccc(O)c3c2C(=O)c2ccccc2C3=O)cc1,-6.2142280692991285,-5.315867883366369,0.8983601859327592,0.8983601859327592
Cc1c(CNC(=O)CCl)c(C)c(Nc2cc(S(=O)(=O)[O-])c(N)c3c2C(=O)c2ccccc2C3=O)c(C)c1CNC(=O)CCl,-1.0175519745771968,-2.4218363045450544,-1.4042843299678576,1.4042843299678576
Cc1cc(Nc2cc(S(=O)(=O)[O-])c(N)c3c2C(=O)c2ccccc2C3=O)cc(S(=O)(=O)NCCO)c1C,-2.674843553212477,-1.6439720145073808,1.030871538705096,1.030871538705096
Cc1ccc(Nc2ccc(O)c3c2C(=O)c2ccccc2C3=O)c(S(=O)(=O)[O-])c1,-2.4023933230011294,-2.357908655483617,0.044484667517512566,0.044484667517512566
Cc1ccc(Nc2ccc(O)c3c2C(=O)c2ccccc2C3=O)cc1,-7.549181391380234,-6.969315293370396,0.5798660980098376,0.5798660980098376
Nc1c(S(=O)(=O)[O-])cc(Nc2ccc(S(=O)(=O)CCOS(=O)(=O)[O-])cc2)c2c1C(=O)c1ccccc1C2=O,-0.5639624771710965,-0.20847106205206423,0.35549141511903226,0.35549141511903226
Nc1c(S(=O)(=O)[O-])cc(Nc2cccc(S(=O)(=O)CCOS(=O)(=O)[O-])c2)c2c1C(=O)c1ccccc1C2=O,-0.4545357115997528,-0.33752989063936933,0.11700582096038348,0.11700582096038348
Nc1c(S(=O)(=O)[O-])cc(Nc2ccccc2)c2c1C(=O)c1ccccc1C2=O,-2.173896092077406,-2.1319388657705556,0.041957226306850615,0.041957226306850615
O=C1c2c(O)ccc(Nc3ccccc3)c2C(=O)c2c([N+](=O)[O-])ccc(O)c21,-8.646142623987359,-6.324456916159846,2.3216857078275126,2.3216857078275126
CC(O)CN(CC(C)O)c1nc(Nc2ccc(S(=O)(=O)[O-])cc2)nc(Nc2ccc(/C=C/c3ccc(Nc4nc(Nc5ccc(S(=O)(=O)[O-])cc5)nc(N(CC(C)O)CC(C)O)n4)cc3S(=O)(=O)[O-])c(S(=O)(=O)[O-])c2)n1,-0.08677395069796834,-0.16084486409223686,-0.07407091339426852,0.07407091339426852
CCN(CC)c1nc(Nc2ccc(/C=C/c3ccc(Nc4nc(Nc5cc(S(=O)(=O)[O-])ccc5S(=O)(=O)[O-])nc(N(CC)CC)n4)cc3S(=O)(=O)[O-])c(S(=O)(=O)[O-])c2)nc(Nc2cc(S(=O)(=O)[O-])ccc2S(=O)(=O)[O-])n1,-0.8122489872141063,-0.024632668759454468,0.7876163184546519,0.7876163184546519
CN(CCO)c1nc(Nc2ccccc2)nc(Nc2ccc(/C=C/c3ccc(Nc4nc(Nc5ccccc5)nc(N(C)CCO)n4)cc3S(=O)(=O)[O-])c(S(=O)(=O)[O-])c2)n1,-3.0693211320031857,-1.5130636327668856,1.5562574992363,1.5562574992363
COc1nc(Nc2ccccc2)nc(Nc2ccc(/C=C/c3ccc(Nc4nc(Nc5ccccc5)nc(OC)n4)cc3S(=O)(=O)[O-])c(S(=O)(=O)[O-])c2)n1,-1.7615101505374022,-1.9674599095615937,-0.20594975902419144,0.20594975902419144
NC(=O)CCN(CCO)c1nc(Nc2ccccc2)nc(Nc2ccc(/C=C/c3ccc(Nc4nc(Nc5ccccc5)nc(N(CCO)CCC(N)=O)n4)cc3S(=O)(=O)[O-])c(S(=O)(=O)[O-])c2)n1,-1.2475609721280836,-1.7359831304865088,-0.4884221583584252,0.4884221583584252
O=S(=O)(O)c1cc(Nc2nc(Nc3ccccc3)nc(N(CCO)CCO)n2)ccc1/C=C/c1ccc(Nc2nc(Nc3ccccc3)nc(N(CCO)CCO)n2)cc1S(=O)(=O)O,-1.0592794025519896,-2.1596553362409003,-1.1003759336889107,1.1003759336889107
O=S(=O)(O)c1cccc(Nc2nc(NCCO)nc(Nc3ccc(/C=C/c4ccc(Nc5nc(NCCO)nc(Nc6cccc(S(=O)(=O)O)c6)n5)cc4S(=O)(=O)O)c(S(=O)(=O)O)c3)n2)c1,-0.8876906561701485,-0.6265457889678974,0.26114486720225116,0.26114486720225116
O=S(=O)([O-])c1cc(Nc2nc(NCCO)nc(Nc3ccccc3)n2)ccc1/C=C/c1ccc(Nc2nc(NCCO)nc(Nc3ccccc3)n2)cc1S(=O)(=O)[O-],-1.4592144278865402,-1.2832503212623196,0.17596410662422057,0.17596410662422057
O=S(=O)([O-])c1cc(Nc2nc(Nc3ccccc3)nc(N(CCO)CCO)n2)ccc1/C=C/c1ccc(Nc2nc(Nc3ccccc3)nc(N(CCO)CCO)n2)cc1S(=O)(=O)[O-],-1.2996601690882665,-1.3649513563416413,-0.0652911872533748,0.0652911872533748
O=S(=O)([O-])c1cc(Nc2nc(Nc3ccccc3)nc(N(CC[O-])CC[O-])n2)ccc1/C=C/c1ccc(Nc2nc(Nc3ccccc3)nc(N(CCO)CCO)n2)cc1S(=O)(=O)[O-],-1.8879602403707934,-1.0691494962453496,0.8188107441254437,0.8188107441254437
O=S(=O)([O-])c1ccc(Nc2nc(Nc3ccc(/C=C/c4ccc(Nc5nc(Nc6ccc(S(=O)(=O)[O-])cc6)nc(N(CCO)CCO)n5)c(S(=O)(=O)[O-])c4)cc3S(=O)(=O)[O-])nc(N(CCO)CCO)n2)cc1,-0.4642867867792053,-0.07141674945383247,0.39287003732537285,0.39287003732537285
O=S(=O)([O-])c1ccc(S(=O)(=O)[O-])c(Nc2nc(Nc3ccc(/C=C/c4ccc(Nc5nc(Nc6cc(S(=O)(=O)[O-])ccc6S(=O)(=O)[O-])nc(N(CCO)CCO)n5)cc4S(=O)(=O)[O-])c(S(=O)(=O)[O-])c3)nc(N(CCO)CCO)n2)c1,-0.6924057866704603,0.24971126992903558,0.9421170565994959,0.9421170565994959
C=C(C)C1CCC(C)C(=O)C1,-2.1800000804840174,-2.136777090919995,0.043222989564022374,0.043222989564022374
C=C(OCC)C1C(C)(C)CC(=O)CC1(C)C,-3.6433441478237905,-2.44395121087316,1.1993929369506304,1.1993929369506304
CC(C)(C)C1CCC(=O)CC1,-2.417381553234474,-2.610018533153305,-0.19263697991883078,0.19263697991883078
CC(C)[C@@H]1CC[C@@H](C)CC1=O,-2.491877304167372,-2.4445544059616635,0.04732289820570834,0.04732289820570834
CC1(C)CC(=O)CC(C)(C#N)C1,-1.5404978087528716,-1.3560184313127088,0.18447937744016274,0.18447937744016274
CC1CC(=O)CC(C)(C)C1,-1.6471415292799105,-2.173917471833337,-0.5267759425534266,0.5267759425534266
CC1CCC(C(C)C)C(=O)C1,-2.490000004993348,-2.444554474050058,0.04544553094329018,0.04544553094329018
CC1CCCC(=O)C1,-1.8738000331051983,-1.3307467427418795,0.5430532903633187,0.5430532903633187
CC1CCCCC1=O,-0.940000110093115,-1.1890863864200802,-0.24908627632696523,0.24908627632696523
CCC(C)(C)C1CCC(=O)CC1,-2.656892762882244,-3.207683618417427,-0.5507908555351828,0.5507908555351828
CCC(C)C1CCCCC1=O,-2.427057731179774,-2.973869926482104,-0.5468121953023299,0.5468121953023299
O=C1CCCCC1,-0.05736984127699163,-1.3854096039386958,-1.3280397626617042,1.3280397626617042
C#CC1CN2CCC1CC2C(O)c1ccnc2ccc(OC)cc12,-2.119999906204729,-2.6854859395225374,-0.5654860333178084,0.5654860333178084
C=CC1CN2CCC1CC2C(O)c1ccnc2ccc(OC)cc12,-2.191203140680101,-2.835616645341886,-0.6444135046617849,0.6444135046617849
C=CC1CN2CCC1CC2C(O)c1ccnc2ccccc12,-3.069999909465313,-2.540898395024888,0.5291015144404252,0.5291015144404252
C=CC1CN2CCC1C[C@H]2[C@H](O)c1ccnc2ccc(OC)cc12,-2.7899999571964598,-2.835616900673366,-0.04561694347690626,0.04561694347690626
C=C[C@H]1CN2CCC1C[C@H]2[C@H](O)c1ccnc2ccc(OC)cc12,-2.812143069142063,-2.835616900673366,-0.023473831531303002,0.023473831531303002
C=C[C@H]1CN2CC[C@H]1C[C@@H]2[C@@H](O)c1ccnc2ccc(OC)cc12,-2.812143069142063,-2.835617002805958,-0.023473933663895163,0.023473933663895163
C=C[C@H]1CN2CC[C@H]1C[C@@H]2[C@@H](O)c1ccnc2ccccc12,-3.088723634996471,-2.540898599290072,0.5478250357063987,0.5478250357063987
CC(C)CCOC(=O)C1CN2CCC1CC2C(O)c1ccnc2ccccc12,-1.4100000000323194,-2.8881034525109053,-1.4781034524785859,1.4781034524785859
CCC1CN2CCC1CC2C(O)c1ccnc2ccc(OC)cc12,-3.0513999239526806,-2.92414323559048,0.1272566883622006,0.1272566883622006
CCC1CN2CCC1CC2C(O)c1ccnc2ccccc12,-2.630000093899178,-2.621787544086,0.008212549813177983,0.008212549813177983
COc1ccc2nccc(C(O)C3CC4CCN3CC4C(=O)O)c2c1,-2.0299999852277706,-2.079223128396511,-0.049223143168740435,0.049223143168740435
O=C(O)C1CN2CCC1CC2C(O)c1ccnc2ccccc12,-1.940000064250812,-1.7508050207716406,0.18919504347917138,0.18919504347917138
CC(=O)Nc1ccc(NC(=O)c2cc3ccccc3cc2O)cc1,-5.250349417051541,-5.244066356166911,0.006283060884629599,0.006283060884629599
CCOc1ccc(NC(=O)c2cc3ccccc3cc2O)cc1,-5.311540457353848,-5.770021288857241,-0.458480831503393,0.458480831503393
CCOc1ccccc1NC(=O)c1cc2ccccc2cc1O,-5.186601521352069,-5.360494651363588,-0.1738931300115194,0.1738931300115194
COc1cc(NC(=O)c2cc3ccccc3cc2O)c(OC)cc1Cl,-5.062270070007658,-5.920990690500206,-0.8587206204925479,0.8587206204925479
COc1cc(OC)c(NC(=O)c2cc3ccccc3cc2O)cc1Cl,-5.377540444795881,-5.907165205782876,-0.5296247609869953,0.5296247609869953
COc1ccc(NC(=O)c2cc3ccccc3cc2O)cc1,-5.263224523955874,-5.911489908259611,-0.6482653843037367,0.6482653843037367
COc1ccccc1NC(=O)c1cc2ccccc2cc1[O-],-5.176510276552776,-5.300639369188186,-0.12412909263541039,0.12412909263541039
Cc1ccc(Cl)cc1NC(=O)c1cc2ccccc2cc1O,-5.238559094451309,-6.000898413440346,-0.7623393189890368,0.7623393189890368
Cc1ccccc1NC(=O)c1cc2ccccc2cc1O,-4.6234421365689995,-5.529283058248875,-0.9058409216798751,0.9058409216798751
O=C(Nc1ccc(Cl)cc1)c1cc2ccccc2cc1O,-5.473838678457877,-6.111663796851173,-0.6378251183932955,0.6378251183932955
O=C(Nc1cccc([N+](=O)[O-])c1)c1cc2ccccc2cc1O,-6.64386556740016,-5.542248995071716,1.1016165723284432,1.1016165723284432
O=C(c1ccc2ccccc2c1)N(O)c1ccc(Cl)cc1,-5.4699995824120276,-5.463113666880869,0.006885915531158915,0.006885915531158915
CC(C)(C)C(=O)OCC1OC(n2cc(I)c(=O)[nH]c2=O)CC1O,-3.3599998765956314,-3.085441506274659,0.2745583703209724,0.2745583703209724
CC(C)C(=O)OCC1OC(n2cc(I)c(=O)[nH]c2=O)CC1O,-2.7599999721894077,-2.6695910442255837,0.09040892796382405,0.09040892796382405
CCC(=O)OCC1OC(n2cc(I)c(=O)[nH]c2=O)CC1O,-2.4600000540304934,-2.495250709637782,-0.03525065560728846,0.03525065560728846
CCCC(=O)OCC1OC(n2cc(I)c(=O)[nH]c2=O)CC1O,-2.8399999038380486,-2.8166566658477494,0.023343237990299137,0.023343237990299137
CCCCC(=O)OCC1OC(n2cc(I)c(=O)[nH]c2=O)CC1O,-3.400000072218284,-3.0817462001518074,0.3182538720664767,0.3182538720664767
Cc1cn(C2CC(N=[N+]=[N-])C(CO)O2)c(=O)[nH]c1=O,-1.1599999774486978,-1.597049850548584,-0.4370498730998862,0.4370498730998862
Cc1cn(C2CC(O)C(CO)O2)c(=O)[nH]c1=O,-0.7420621082061789,-0.7483461223283334,-0.006284014122154513,0.006284014122154513
Cc1cn([C@H]2C[C@H](N=[N+]=[N-])[C@@H](CO)O2)c(=O)[nH]c1=O,-1.1221000704926583,-1.5970499867253731,-0.4749499162327149,0.4749499162327149
NC(=O)OC[C@H](O)[C@@H](O)[C@H](N)C(=O)N[C@H](C(=O)O)[C@H]1O[C@@H](n2cc(CO)c(=O)[nH]c2=O)C(O)C1O,0.29460004206899626,-0.8476357515223674,-1.1422357935913636,1.1422357935913636
O=c1[nH]c(=O)n(C2CC(O)C(CO)O2)cc1C(F)(F)F,-0.7100001002103262,-1.4981088339353308,-0.7881087337250046,0.7881087337250046
O=c1[nH]c(=O)n(C2CC(O)C(CO)O2)cc1I,-2.248100050194887,-1.5455352605451558,0.7025647896497311,0.7025647896497311
O=c1[nH]c(=O)n(C2CCCO2)cc1F,-1.0100000183692406,-0.959751191622984,0.050248826746256636,0.050248826746256636
CCc1ccc2cc3ccccc3cc2c1,-6.886300016096889,-6.806872452516059,0.07942756358082992,0.07942756358082992
Cc1c2ccccc2c(C)c2ccccc12,-6.566299812883562,-6.409685066260577,0.15661474662298502,0.15661474662298502
Cc1c2ccccc2cc2ccccc12,-5.889999849129518,-6.124926326721257,-0.23492647759173835,0.23492647759173835
Cc1cc(O)c2c(O)c3c(O)cccc3cc2c1,-3.0585000296152978,-4.788799433069382,-1.7302994034540844,1.7302994034540844
Cc1ccc2cc3ccccc3cc2c1,-6.95549988573548,-6.401540604842083,0.5539592808933973,0.5539592808933973
Cc1cccc2cc3ccccc3cc12,-5.854100106855709,-6.228297038115847,-0.37419693126013787,0.37419693126013787
Nc1ccc2cc3ccccc3cc2c1,-5.1722001449925035,-4.67706855622194,0.4951315887705636,0.4951315887705636
O=C(O)c1c2ccccc2cc2ccccc12,-3.417399857214538,-3.801282192397456,-0.3838823351829177,0.3838823351829177
O=[N+]([O-])c1c2ccccc2cc2ccccc12,-6.291799815594457,-5.433936427990978,0.8578633876034791,0.8578633876034791
Oc1c2ccccc2cc2ccccc12,-4.732900086625108,-4.962842085195627,-0.2299419985705189,0.2299419985705189
c1ccc2cc3ccccc3cc2c1,-6.4448102349564635,-5.91677384004065,0.5280363949158131,0.5280363949158131
CC(=O)OCn1ncc2c(=O)[nH]cnc21,-2.559999947313671,-1.9926118306461744,0.5673881166674966,0.5673881166674966
CC(=O)n1ncc2c(=O)[nH]cnc21,-2.3800001394039514,-2.3153854784401546,0.06461466096379676,0.06461466096379676
CC(C)(C)C(=O)OCn1cnc2c(cnn2COC(=O)C(C)(C)C)c1=O,-4.260000175779532,-4.034397518690605,0.22560265708892668,0.22560265708892668
CC(C)(C)C(=O)OCn1ncc2c(=O)[nH]cnc21,-2.6800000575628657,-2.942375035236622,-0.26237497767375606,0.26237497767375606
CCC(=O)n1ncc2c(=O)[nH]cnc21,-2.8099999358530954,-2.4824406271503716,0.32755930870272376,0.32755930870272376
CCCC(=O)OCn1cnc2c(cnn2COC(=O)CCC)c1=O,-3.8299999027116254,-3.2071872199759848,0.6228126827356406,0.6228126827356406
CCCC(=O)OCn1ncc2c(=O)[nH]cnc21,-2.829999914509731,-2.496876524326041,0.33312339018368986,0.33312339018368986
CCCC(=O)n1ncc2c(=O)[nH]cnc21,-3.269999955618673,-2.7350555845318234,0.5349443710868496,0.5349443710868496
CCN(CC)C(=O)CCC(=O)OCn1ncc2c(=O)[nH]cnc21,-0.9900000056684077,-1.8052306620013787,-0.815230656332971,0.815230656332971
CCN(CC)CC(=O)OCn1ncc2c(=O)[nH]cnc21,-1.7899999689945654,-1.7242039743830053,0.06579599461156005,0.06579599461156005
O=c1c2cnn(CO)c2ncn1CO,-1.7200000607184396,-1.1386778242998954,0.5813222364185442,0.5813222364185442
CC(=O)C1CCOC1=O,0.3975091141476299,0.412234999796258,0.01472588564862809,0.01472588564862809
CC1(C(=O)O)CCOC1=O,0.8411997845578139,0.4331547505324793,-0.40804503402533454,0.40804503402533454
CC1(C)COC(=O)C1O,0.6515305734980648,-0.01852868035284372,-0.6700592538509085,0.6700592538509085
CC1(C)OC(=O)C[C@@H]1C(=O)[O-],-1.2449000776638417,-0.6409780774586489,0.6039220002051928,0.6039220002051928
CCCCCCC1(C)CCC(=O)O1,-2.6432619088411182,-2.8650473603030857,-0.2217854514619675,0.2217854514619675
CCCCCCC[C@H]1CCC(=O)O1,-3.0668186919999467,-3.2568622147539457,-0.19004352275399894,0.19004352275399894
CCCCC[C@H]1CCC(=O)O1,-1.8552940159605167,-2.046677624710009,-0.19138360874949223,0.19138360874949223
CCOC(=O)CC1(C)CCC(=O)O1,-0.7472000584690162,-0.8600426826248553,-0.11284262415583912,0.11284262415583912
O=C1CCCO1,1.0650471909201875,1.0489459196989475,-0.016101271221240054,0.016101271221240054
O=C1OC(C(O)C(O)CO)C(O)C1O,0.3347999749974533,0.6223018597817931,0.2875018847843398,0.2875018847843398
O=C[C@H](O)[C@H]1OC(=O)[C@@H](O)[C@H]1O,0.16409991834302495,0.37328135684409247,0.20918143850106752,0.20918143850106752
CC(C)(C)OC(=O)C1(S(=O)(=O)c2ccc(Cl)cc2)CC1,-4.120600149896051,-4.187715220977819,-0.06711507108176828,0.06711507108176828
CC(C)OC(=O)C1(S(=O)(=O)c2ccc(Cl)cc2)CC1,-3.540100046799115,-3.682770664677035,-0.1426706178779198,0.1426706178779198
CC(C)OC(=O)C1(S(=O)(=O)c2ccc([N+](=O)[O-])cc2)CC1,-4.2604999445965115,-3.8156642316529306,0.44483571294358093,0.44483571294358093
CCOC(=O)C1(S(=O)(=O)c2ccc(C)cc2)CC1,-3.01040003536942,-3.5348536657677436,-0.5244536303983236,0.5244536303983236
COC(=O)C1(S(=O)(=O)c2ccc(Br)cc2)CC1,-3.6702999347487286,-3.538952859481286,0.13134707526744283,0.13134707526744283
COC(=O)C1(S(=O)(=O)c2ccc(C)cc2)CC1,-2.880300028839283,-3.3663109898988703,-0.4860109610595873,0.4860109610595873
COC(=O)C1(S(=O)(=O)c2ccc(Cl)cc2)CC1,-3.3085999134046538,-3.4489216859311673,-0.14032177252651357,0.14032177252651357
COC(=O)C1(S(=O)(=O)c2ccc([N+](=O)[O-])cc2)CC1,-3.379699925873685,-3.650729287464771,-0.27102936159108637,0.27102936159108637
COC(=O)C1(S(=O)(=O)c2ccccc2)CC1,-2.2600998807855603,-2.770042891250574,-0.5099430104650136,0.5099430104650136
COC(=O)C1CC1S(=O)(=O)c1ccc([N+](=O)[O-])cc1,-3.3800000935616485,-3.350870788901615,0.029129304660033384,0.029129304660033384
Cc1ccc(S(=O)(=O)C2(C(=O)OC(C)C)CC2)cc1,-3.2306999810469486,-3.648733820881774,-0.41803383983482556,0.41803383983482556
C=C(C)C(=O)OC1CC2CCC1(C)C2(C)C,-4.544220336116903,-5.265246885454772,-0.7210265493378687,0.7210265493378687
C=CC(=O)OC1C[C@@H]2CC[C@@]1(C)C2(C)C,-4.583092545349027,-4.742238409955988,-0.15914586460696079,0.15914586460696079
CC(=O)OC1C2(C)CCC(C2)C1(C)C,-3.8745967799035768,-3.9102351989185893,-0.035638419015012524,0.035638419015012524
CC(=O)OC1CC2CCC1(C)C2(C)C,-3.9300000343041845,-3.921415585679244,0.008584448624940677,0.008584448624940677
CC(=O)O[C@@H]1C[C@@H]2CC[C@@]1(C)C2(C)C,-3.4963237709398927,-3.9214156537676383,-0.4250918828277457,0.4250918828277457
CC(=O)O[C@H]1C[C@H]2CC[C@@]1(C)C2(C)C,-3.088778233377958,-3.9214156537676383,-0.8326374203896805,0.8326374203896805
CC1(C)C2CCC1(C)C(N)(C(=O)O)C2,-1.5961000174427453,-1.5696611576102466,0.026438859832498718,0.026438859832498718
CC1(C)C2CCC1(C)C(O)C2,-2.3201999407398493,-1.9274579776848768,0.39274196305497244,0.39274196305497244
CC1(C)C2CCC1(C)[C@@H](O)C2,-2.3190000189603373,-1.9274577734196927,0.39154224554064454,0.39154224554064454
CC1(C)[C@@H]2CC[C@@](C)(C2)[C@@H]1O,-2.2702000451645565,-2.305341827428746,-0.03514178226418929,0.03514178226418929
CC1(C)[C@@H]2CC[C@]1(C)[C@H](O)C2,-2.420558421553629,-1.9274577734196927,0.4931006481339364,0.4931006481339364
COC(=O)c1cc2cc3c(C)cc(=O)oc3c(C)c2o1,-5.159999794079486,-5.141722281587364,0.01827751249212195,0.01827751249212195
COC(=O)c1cc2cc3c(C)coc3c(C)c2oc1=O,-4.900000037499027,-5.243436947046455,-0.3434369095474272,0.3434369095474272
COc1c2ccoc2cc2oc(=O)ccc12,-3.5999998587846394,-3.251207779973234,0.3487920788114054,0.3487920788114054
COc1c2occc2c(CN)c2ccc(=O)oc12,-0.9000000846914489,-2.127317229804605,-1.227317145113156,1.227317145113156
COc1c2occc2cc2ccc(=O)oc12,-3.5199999441580974,-3.555794523906317,-0.03579457974821976,0.03579457974821976
COc1cc2cc3c(C)coc3cc2oc1=O,-4.999999964826402,-4.600422267387152,0.3995776974392493,0.3995776974392493
Cc1cc2cc3c(C)cc(=O)oc3c(C)c2o1,-5.2800001426380625,-5.247074773797619,0.03292536884044317,0.03292536884044317
Cc1cc2cc3c(C)cc(=O)oc3cc2o1,-5.229999974709191,-4.7201600670958275,0.5098399076133635,0.5098399076133635
Cc1coc2cc3oc(=O)c(N)cc3cc12,-5.079999879452944,-4.340297091983685,0.739702787469259,0.739702787469259
O=c1ccc2cc3ccoc3c(O)c2o1,-3.2199999919549853,-3.2886955478762525,-0.06869555592126719,0.06869555592126719
O=c1ccc2cc3ccoc3cc2o1,-3.739999981734667,-3.4932312981859477,0.24676868354871928,0.24676868354871928
Brc1cc2oc3cc(Br)c(Br)cc3c2cc1Br,-6.839499866541365,-8.070776079451804,-1.2312762129104389,1.2312762129104389
Clc1c(Cl)c(Cl)c2c(oc3c(Cl)c(Cl)c(Cl)c(Cl)c32)c1Cl,-11.582699218238792,-11.47947339894809,0.10322581929070296,0.10322581929070296
Clc1cc2c(oc3c(Cl)c(Cl)c(Cl)c(Cl)c32)c(Cl)c1Cl,-11.48169961710067,-11.124527508047263,0.3571721090534066,0.3571721090534066
Clc1cc2c(oc3cc(Cl)c(Cl)c(Cl)c32)c(Cl)c1Cl,-10.29999992612738,-10.569483987556922,-0.26948406142954084,0.26948406142954084
Clc1cc2oc3c(Cl)c(Cl)c(Cl)c(Cl)c3c2cc1Cl,-10.659999610035216,-10.584677504300238,0.075322105734978,0.075322105734978
Clc1cc2oc3c(Cl)c(Cl)c(Cl)cc3c2cc1Cl,-9.160899603111204,-10.105434342429133,-0.9445347393179286,0.9445347393179286
Clc1cc2oc3cc(Cl)c(Cl)cc3c2cc1Cl,-8.645600095658518,-9.370106370495096,-0.7245062748365783,0.7245062748365783
Clc1ccc2oc3ccc(Cl)cc3c2c1,-7.213499886164078,-7.856917512943118,-0.6434176267790406,0.6434176267790406
O=S(=O)(O)c1ccc2oc3ccccc3c2c1,-0.4700002201539104,-1.5982728542938938,-1.1282726341399834,1.1282726341399834
O=S(=O)([O-])c1ccc2oc3ccccc3c2c1,-0.46549984961889157,-0.8891252786461354,-0.42362542902724387,0.42362542902724387
c1ccc2c(c1)oc1ccccc12,-4.599999846986534,-5.6368150599729585,-1.0368152129864248,1.0368152129864248
CC(=O)OCN1C(=O)NC(c2ccccc2)(c2ccccc2)C1=O,-4.46999976443112,-3.857368101043163,0.6126316633879569,0.6126316633879569
CCC(=O)OCN1C(=O)NC(c2ccccc2)(c2ccccc2)C1=O,-4.9099997714958645,-4.082217496221703,0.8277822752741617,0.8277822752741617
CCCC(=O)OCN1C(=O)NC(c2ccccc2)(c2ccccc2)C1=O,-4.679999761613076,-4.441307314911378,0.2386924467016982,0.2386924467016982
CCCCC(=O)OCN1C(=O)NC(c2ccccc2)(c2ccccc2)C1=O,-4.679999761613076,-4.757636191883355,-0.077636430270279,0.077636430270279
CCCCCC(=O)OCN1C(=O)NC(c2ccccc2)(c2ccccc2)C1=O,-5.886000064472215,-5.036589170184779,0.8494108942874359,0.8494108942874359
CCCCCCC(=O)OCN1C(=O)NC(c2ccccc2)(c2ccccc2)C1=O,-6.300999919484129,-5.2581809442080685,1.0428189752760604,1.0428189752760604
CCCCCCCC(=O)OCN1C(=O)NC(c2ccccc2)(c2ccccc2)C1=O,-6.519999704498597,-5.452105135228396,1.0678945692702007,1.0678945692702007
O=C(OCN1C(=O)NC(c2ccccc2)(c2ccccc2)C1=O)C(CO)CO,-2.2100000314468717,-2.6248210182459517,-0.41482098679907997,0.41482098679907997
O=C1NC(=O)C(c2ccccc2)(c2ccccc2)N1,-3.9899999362298937,-3.904825031253806,0.0851749049760877,0.0851749049760877
O=C1NC(c2ccccc2)(c2ccccc2)C(=O)N1CO,-3.299999923603626,-3.262780423975662,0.037219499627964225,0.037219499627964225
O=C1NC(c2ccccc2)(c2ccccc2)C(=O)N1COP(=O)(O)O,-0.4300001947522447,-2.264598276757133,-1.8345980820048884,1.8345980820048884
CC(=O)c1cccs1,-0.9549000296785541,-1.445251949319107,-0.4903519196405528,0.4903519196405528
CCc1cccs1,-2.5845999779151425,-2.243803400136762,0.34079657777838035,0.34079657777838035
COC(=O)c1sc(N)c(C#N)c1C,-4.991737710485105,-4.367068359359029,0.6246693511260757,0.6246693511260757
COCC(C)N(C(=O)CCl)c1c(C)csc1C,-2.3613998879210274,-2.3433059417409723,0.01809394618005511,0.01809394618005511
Cc1ccsc1,-2.389899987725788,-2.010919710562326,0.37898027716346183,0.37898027716346183
NC(Cc1cccs1)C(=O)O,-0.8355999021709062,-1.28620222552544,-0.45060232335453376,0.45060232335453376
NNC(=O)c1ccc([N+](=O)[O-])s1,-1.9700000152136665,-2.478606365380544,-0.5086063501668776,0.5086063501668776
NS(=O)(=O)c1ccc(Cl)s1,-3.295936323098405,-2.247808972307614,1.0481273507907911,1.0481273507907911
O=C(O)c1cccs1,-1.2326999991044032,-1.134648080748931,0.09805191835547222,0.09805191835547222
O=C(O)c1ccsc1,-1.474300092612677,-1.2673757843953766,0.20692430821730046,0.20692430821730046
c1ccsc1,-1.4450110525787156,-1.7317941962687735,-0.28678314369005786,0.28678314369005786
CC(C)(C)c1ccc(OP(=O)(Oc2ccccc2)Oc2ccccc2)cc1,-5.077400128367128,-6.641883378054126,-1.5644832496869974,1.5644832496869974
CC(C)c1ccc(OP(=O)(Oc2ccc(C(C)C)cc2)Oc2ccc(C(C)C)cc2)cc1,-6.137134303534479,-6.371480395649932,-0.23434609211545343,0.23434609211545343
CC(C)c1ccccc1OP(=O)(Oc1ccccc1)Oc1ccccc1,-5.223899799252682,-5.754687510020877,-0.5307877107681946,0.5307877107681946
Cc1cc(C)cc(OP(=O)(Oc2cc(C)cc(C)c2)Oc2cc(C)cc(C)c2)c1,-7.3122299649306,-6.91925370970952,0.3929762552210798,0.3929762552210798
Cc1cc(O)ccc1OP(=O)(Oc1cc(O)ccc1C)Oc1c(C)cccc1O,-6.6999995464525135,-4.29618643401817,2.403813112434343,2.403813112434343
Cc1ccc(OP(=O)(Oc2ccc(C)cc2)Oc2ccc(C)cc2)cc1,-6.089199801323524,-6.5978715844376925,-0.5086717831141687,0.5086717831141687
Cc1ccc(OP(=O)(Oc2cccc(C)c2)Oc2ccccc2C)cc1,-6.010000197688095,-6.26139453441805,-0.25139433672995537,0.25139433672995537
Cc1ccc(OP(=O)(Oc2ccccc2)Oc2ccccc2)cc1,-6.151699772925232,-5.8262813676165495,0.3254184053086826,0.3254184053086826
Cc1ccc(OP(=O)(Oc2ccccc2)Oc2ccccc2C)cc1,-6.373299989909462,-6.064132105583166,0.30916788432629616,0.30916788432629616
O=P(Oc1ccccc1)(Oc1ccccc1)Oc1ccccc1,-5.65999970306994,-5.2857237892719695,0.37427591379797054,0.37427591379797054
O=[N+]([O-])c1ccc(OP(=O)(Oc2ccccc2)Oc2ccccc2)cc1,-4.959999939424736,-5.647758499120113,-0.6877585596953768,0.6877585596953768
CC(=O)c1ccc(OC2OC(CO)C(O)C(O)C2O)cc1,-1.1699999837991142,-1.6823225304594374,-0.5123225466603232,0.5123225466603232
CC(=O)c1ccc(O[C@@H]2O[C@H](CO)[C@@H](O)[C@H](O)[C@H]2O)cc1,-1.1740000408099966,-1.6823225304594374,-0.5083224896494407,0.5083224896494407
COc1cc(/C=C/CO)ccc1OC1OC(CO)C(O)C(O)C1O,-1.870000019797897,-2.094682394144278,-0.22468237434638083,0.22468237434638083
O=Cc1ccccc1O[C@@H]1O[C@H](CO)[C@@H](O)[C@H](O)[C@H]1O,-1.19850001551548,-1.2356926202275444,-0.037192604712064536,0.037192604712064536
O=[N+]([O-])c1cccc(OC2OC(CO)C(O)C(O)C2O)c1,-1.280000053653695,-1.5799365134287642,-0.2999364597750691,0.2999364597750691
OC1COC(Oc2ccccc2)C(O)C1O,-1.660000022615941,-1.1979517677614864,0.46204825485445467,0.46204825485445467
OCC(O)C1OC(Oc2ccccc2)C(O)C(O)C1O,-1.5537000123052658,-0.6403113558979054,0.9133886564073603,0.9133886564073603
OCC1OC(Oc2ccccc2)C(O)C(O)C1O,-1.4600000317844015,-0.8520431133102484,0.6079569184741531,0.6079569184741531
OCc1ccccc1OC1OC(CO)C(O)C(O)C1O,-0.8499999167625774,-0.6595683880359489,0.1904315287266285,0.1904315287266285
OCc1ccccc1O[C@@H]1O[C@H](CO)[C@@H](O)[C@H](O)[C@H]1O,-0.854700194824388,-0.6595683880359489,0.1951318067884391,0.1951318067884391
CC(=O)Nc1nnc(S(N)(=O)=O)s1,-2.4400000413296605,-1.9940522406357095,0.445947800693951,0.445947800693951
CCS(=O)(=O)c1nnc(N(C)C(=O)NC)s1,-1.9450000674260202,-2.1726884082209,-0.22768834079487998,0.22768834079487998
CN(C)S(=O)(=O)Nc1nnc(S(N)(=O)=O)s1,-2.6800000575628657,-2.080342297339928,0.5996577602229376,0.5996577602229376
CN(CC(=O)NCCC(=O)Nc1nnc(S(N)(=O)=O)s1)C(=N)N,-1.130000094574238,-1.450979136549538,-0.32097904197530003,0.32097904197530003
CN(CC(=O)Nc1nnc(S(N)(=O)=O)s1)C(=N)N,-1.139999964747865,-1.780701000755813,-0.6407010360079481,0.6407010360079481
CNC(=O)N(C)c1nnc(C(C)(C)C)s1,-1.9969999915067542,-2.6343106339898186,-0.6373106424830643,0.6373106424830643
CNC(=O)N(C)c1nnc(C(C)(C)CCl)s1,-2.47000006038091,-3.0182139020985765,-0.5482138417176667,0.5482138417176667
CNC(=O)N(C)c1nnc(C(F)(F)F)s1,-2.0583999270039515,-2.5333294848066554,-0.47492955780270396,0.47492955780270396
COC(CN(C)C(=O)Nc1nnc(C(C)(C)C)s1)OC,-1.867800083765664,-2.3031467256725358,-0.43534664190687167,0.43534664190687167
CS(=O)(=O)Nc1nnc(S(N)(=O)=O)s1,-1.6800000353167739,-1.599775701341354,0.08022433397541984,0.08022433397541984
CC(=O)Nc1ccc(NC(=O)C2=Cc3ccccc3/C(=N/Nc3cc(C(N)=O)ccc3Cl)C2=O)cc1,-7.304443648468142,-7.450060485228226,-0.14561683676008386,0.14561683676008386
CCN(CC)S(=O)(=O)c1ccc(OC)c(N/N=C2/C(=O)C(C(=O)Nc3cc(Cl)c(OC)cc3OC)=Cc3ccccc32)c1,-7.905255370804181,-7.071271400277036,0.8339839705271448,0.8339839705271448
CCOc1ccccc1NC(=O)C1=Cc2ccccc2/C(=N\Nc2ccc(C(N)=O)cc2)C1=O,-7.581973306967097,-7.43736690198412,0.1446064049829765,0.1446064049829765
COc1ccccc1NC(=O)C1=Cc2ccccc2/C(=N/Nc2ccc(C(N)=O)cc2)C1=O,-8.166783984198869,-7.500716072044323,0.6660679121545456,0.6660679121545456
COc1ccccc1NC(=O)C1=Cc2ccccc2/C(=N\Nc2cc(Cl)ccc2Cl)C1=O,-8.464567761287617,-8.576463684403771,-0.1118959231161547,0.1118959231161547
Cc1cc([N+](=O)[O-])ccc1N/N=C1\C(=O)C(C(=O)Nc2ccccc2C)=Cc2ccccc21,-7.981147784933029,-8.170919400938383,-0.18977161600535375,0.18977161600535375
Cc1ccc([N+](=O)[O-])cc1N/N=C1\C(=O)C(C(=O)Nc2ccccc2)=Cc2ccccc21,-7.557967517830228,-8.373382693712792,-0.8154151758825634,0.8154151758825634
Cc1ccccc1NC(=O)C1=Cc2ccccc2/C(=N/Nc2ccc(Cl)cc2[N+](=O)[O-])C1=O,-7.563214137170981,-8.412112462023236,-0.8488983248522555,0.8488983248522555
Cc1ccccc1NC(=O)C1=Cc2ccccc2/C(=N\Nc2cc(Cl)c(Cl)cc2Cl)C1=O,-7.694309353466489,-8.996637167997338,-1.30232781453085,1.30232781453085
O=C(Nc1ccccc1)C1=Cc2ccccc2/C(=N\Nc2cc(Cl)ccc2Cl)C1=O,-7.907389533447148,-8.795304142574679,-0.887914609127531,0.887914609127531
CC(C)(C)NC(=O)c1cc(N2CC2)c([N+](=O)[O-])cc1[N+](=O)[O-],-3.1700000538244457,-4.312396510494115,-1.1423964566696694,1.1423964566696694
CC(C)CNC(=O)c1cc(N2CC2)c([N+](=O)[O-])cc1[N+](=O)[O-],-3.8499998473240638,-3.975606049593744,-0.12560620226968044,0.12560620226968044
CC(C)NC(=O)c1cc(N2CC2)c([N+](=O)[O-])cc1[N+](=O)[O-],-3.4999999655014618,-3.7303255059992333,-0.23032554049777154,0.23032554049777154
CCCNC(=O)c1cc(N2CC2)c([N+](=O)[O-])cc1[N+](=O)[O-],-3.8900000769909133,-3.906715165090228,-0.016715088099314546,0.016715088099314546
CCN(CC)C(=O)c1cc(N2CC2)c([N+](=O)[O-])cc1[N+](=O)[O-],-2.5899998982765258,-3.3733231413137736,-0.7833232430372479,0.7833232430372479
CCNC(=O)c1cc(N2CC2)c([N+](=O)[O-])cc1[N+](=O)[O-],-3.1300000880001253,-3.341402757178863,-0.21140266917873785,0.21140266917873785
CN(C)C(=O)c1cc(N2CC2)c([N+](=O)[O-])cc1[N+](=O)[O-],-2.480000032687129,-2.955585945592486,-0.47558591290535723,0.47558591290535723
CNC(=O)c1cc(N2CC2)c([N+](=O)[O-])cc1[N+](=O)[O-],-2.8499998931663666,-3.05015083596892,-0.2001509428025532,0.2001509428025532
NC(=O)c1cc(N2CC2)c([N+](=O)[O-])cc1[N+](=O)[O-],-2.29999995242383,-3.242275314540966,-0.9422753621171358,0.9422753621171358
O=[N+]([O-])c1ccc(N2CC2)c([N+](=O)[O-])c1,-2.9999999799115638,-3.8496088837617894,-0.8496089038502257,0.8496089038502257
CC(=O)C(N=Nc1cc(Cl)c(-c2cc(Cl)c(N=NC(C(C)=O)C(=O)Nc3ccc(C)cc3C)cc2Cl)cc1Cl)C(=O)Nc1ccc(C)cc1C,-8.46268743218003,-9.425735133658895,-0.9630477014788656,0.9630477014788656
CC(=O)C(N=Nc1ccc(-c2ccc(N=NC(C(C)=O)C(=O)Nc3ccc(C)cc3)c(Cl)c2)cc1Cl)C(=O)Nc1ccc(C)cc1,-8.10193060532331,-9.187647448078778,-1.0857168427554669,1.0857168427554669
CC(=O)C(N=Nc1ccc(-c2ccc(N=NC(C(C)=O)C(=O)Nc3ccc(C)cc3C)c(Cl)c2)cc1Cl)C(=O)Nc1ccc(C)cc1C,-9.292010071207121,-9.18658363500024,0.10542643620688175,0.10542643620688175
CC(=O)C(N=Nc1ccc(-c2ccc(N=NC(C(C)=O)C(=O)Nc3ccccc3)c(Cl)c2)cc1Cl)C(=O)Nc1ccccc1,-9.196938518063748,-9.111977819177335,0.08496069888641244,0.08496069888641244
CC(=O)C(N=Nc1ccc(-c2ccc(N=NC(C(C)=O)C(=O)Nc3ccccc3C)c(Cl)c2)cc1Cl)C(=O)Nc1ccccc1C,-8.914844485938772,-9.066903846603834,-0.15205936066506176,0.15205936066506176
CCOc1ccc(NC(=O)C(N=Nc2ccc(-c3ccc(N=NC(C(C)=O)C(=O)Nc4ccc(OCC)cc4)c(Cl)c3)cc2Cl)C(C)=O)cc1,-7.830582556000907,-8.887503454876713,-1.0569208988758056,1.0569208988758056
COc1cc(-c2ccc(N=NC(C(C)=O)C(=O)Nc3ccccc3)c(OC)c2)ccc1N=NC(C(C)=O)C(=O)Nc1ccccc1,-8.61676656698499,-8.903515666477707,-0.28674909949271665,0.28674909949271665
COc1cc(NC(=O)C(N=Nc2ccc(-c3ccc(N=NC(C(C)=O)C(=O)Nc4cc(OC)c(Cl)cc4OC)c(Cl)c3)cc2Cl)C(C)=O)c(OC)cc1Cl,-8.528436309622467,-8.838834959771066,-0.31039865014859913,0.31039865014859913
COc1ccc(NC(=O)C(N=Nc2ccc(-c3ccc(N=NC(C(C)=O)C(=O)Nc4ccc(OC)cc4)c(Cl)c3)cc2Cl)C(C)=O)cc1,-8.54048032958129,-9.098712565771464,-0.5582322361901735,0.5582322361901735
COc1ccccc1NC(=O)C(N=Nc1ccc(-c2ccc(N=NC(C(C)=O)C(=O)Nc3ccccc3OC)c(Cl)c2)cc1Cl)C(C)=O,-8.423595978317023,-8.786784922631846,-0.36318894431482285,0.36318894431482285
CC(=O)Nc1ccc2c(c1)Cc1ccccc1-2,-4.2399997545483314,-3.8717886783300286,0.36821107621830285,0.36821107621830285
CC(C)CC(NC(=O)OCC1c2ccccc2-c2ccccc21)C(=O)O,-3.739999981734667,-3.8101870650077783,-0.0701870832731113,0.0701870832731113
CCCCOC(=O)C1(O)c2ccccc2-c2ccccc21,-3.8884999534792404,-5.019370704583568,-1.1308707511043274,1.1308707511043274
COC(=O)C1(O)c2ccccc2-c2ccc(Cl)cc21,-4.183599890314738,-4.533055882040605,-0.3494559917258675,0.3494559917258675
Cc1cccc2c1Cc1ccccc1-2,-5.218399891083706,-5.5989916843725425,-0.3805917932888363,0.3805917932888363
NC(CCCCNC(=O)OCC1c2ccccc2-c2ccccc21)C(=O)O,-2.9999999799115638,-2.6567943070635316,0.34320567284803216,0.34320567284803216
O=C(O)C1(O)c2ccccc2-c2ccc(Cl)cc21,-4.16099971799772,-3.3675580969358982,0.793441621061822,0.793441621061822
O=C(O)C1(O)c2ccccc2-c2ccccc21,-1.9657000288242024,-2.7896671411232457,-0.8239671122990433,0.8239671122990433
O=[N+]([O-])c1ccc2c(c1)Cc1ccccc1-2,-4.719999650837952,-5.16701630315165,-0.4470166523136978,0.4470166523136978
c1ccc2c(c1)Cc1ccccc1-2,-4.9099997714958645,-5.240691486796015,-0.3306917153001505,0.3306917153001505
CC1(C#N)CCCC1=O,0.9095000703258433,0.2512132999157597,-0.6582867704100837,0.6582867704100837
CCCCCC(O)/C=C/C1C(O)CC(=O)C1C/C=C/CCCC(=O)O,-2.47000006038091,-2.8633117701004975,-0.39331170971958773,0.39331170971958773
CCCCCC(O)/C=C/C1C(O)CC(=O)C1CCCCCCC(=O)O,-3.6700000053701465,-3.2937965942291716,0.3762034111409749,0.3762034111409749
CCCCCC(O)C=CC1C(O)CC(=O)C1CC=CCCCC(=O)O,-2.47000006038091,-2.8633118722330897,-0.3933118118521799,0.3933118118521799
CCCCCC1(C)CCC(C)(C)C1=O,-4.016533779372976,-3.4356472405920133,0.5808865387809625,0.5808865387809625
CCCCCC1C(=O)CCC1CC(=O)OC,-2.907599908977805,-3.473810241105111,-0.566210332127306,0.566210332127306
CCCCCCC1CCCC1=O,-3.4515154111940536,-3.603695662803877,-0.15218025160982362,0.15218025160982362
CCCCCCCC1CCCC1=O,-3.76944153977272,-4.118186484392905,-0.3487449446201851,0.3487449446201851
N#CC1CCCC1=O,-0.3567000419857962,-0.1323749274463215,0.22432511453947468,0.22432511453947468
O=C1CCCC1,0.5536774732550689,-0.3503283300112887,-0.9040058032663576,0.9040058032663576
C1COCO1,1.1302998401421713,1.1116989077753003,-0.018600932366870992,0.018600932366870992
CC(C)C1OCCO1,-0.06510005290222942,-0.3761795869976665,-0.3110795340954371,0.3110795340954371
CC(C)CC1(C)OCC(CO)O1,-0.7059804337417748,-0.2875625413167353,0.41841789242503946,0.41841789242503946
CC(C)CC1OCCO1,-0.3695001154791884,-0.599583057026702,-0.23008294154751363,0.23008294154751363
CC1OCCO1,0.8789000563406404,0.8048571953649817,-0.07404286097565871,0.07404286097565871
CCC1OCCO1,0.2918999286894164,0.37308825815676894,0.08118832946735255,0.08118832946735255
CCCCC(CC)C1OCCO1,-3.1195969302647866,-3.239773253279423,-0.12017632301463621,0.12017632301463621
CCOC(=O)CC1(C)OCC(C)O1,-2.179887326102421,-0.9484892349654985,1.2313980911369224,1.2313980911369224
CCOC(=O)CC1(C)OCCO1,-0.14482366482314513,-0.3791128350406434,-0.2342891702174983,0.2342891702174983
C1=CCCC1,-2.279589911410212,-3.485171334465256,-1.2055814230550443,1.2055814230550443
CC1=C(C(=O)O)CCC1(C)C,-2.8870999657500556,-2.347273588675985,0.5398263770740708,0.5398263770740708
CC1=CCC(/C=C/C(C)(C)C(C)O)C1(C)C,-4.216746205995929,-3.858996298825236,0.3577499071706933,0.3577499071706933
CC1=CCC(/C=C\C(C)C(C)O)C1(C)C,-3.786028553601634,-3.6423790629175428,0.14364949068409105,0.14364949068409105
CC1=CCC(CC#N)C1(C)C,-2.6475372131875097,-2.678060423463509,-0.030523210275999357,0.030523210275999357
CC1=CCC(CCC(C)CO)C1(C)C,-3.842746458726796,-3.6154702569849366,0.22727620174185947,0.22727620174185947
CCCCCC1=C(OC(C)=O)CCC1CC(=O)OC,-3.721988626777363,-3.47870892874903,0.24327969802833316,0.24327969802833316
ClC1=C(Cl)C(Cl)(Cl)C(Cl)(Cl)C1(Cl)Cl,-6.536199840068917,-6.0224178867569425,0.513781953311975,0.513781953311975
O=NC1=C(NO)CCC1,-1.9937000193700105,-0.8619812953982917,1.1317187239717188,1.1317187239717188
CC(=NNC(=O)c1nccs1)C(=O)O,-1.9299999898120008,-1.5283727636043745,0.40162722620762636,0.40162722620762636
CC(CCC(=O)O)=NNC(=O)c1nccs1,-1.7300000670688562,-1.488158259759455,0.2418418073094013,0.2418418073094013
CCC(=O)Nc1nc(C)c(Cl)s1,-3.059999920136995,-2.7734779677844688,0.2865219523525262,0.2865219523525262
CCNC(=O)Nc1ncc([N+](=O)[O-])s1,-2.8577999975287476,-2.4886440927016156,0.369155904827132,0.369155904827132
NC(N)=Nc1nc(CSCC/C(N)=N\S(N)(=O)=O)cs1,-2.6500000725558137,-2.45197713039651,0.19802294215930383,0.19802294215930383
NNC(=O)c1nccs1,-0.6787001375277741,-1.1654666584810687,-0.48676652095329453,0.48676652095329453
Nc1nc(CC(=O)O)cs1,-1.9816731576866475,-1.4354164445302464,0.5462567131564011,0.5462567131564011
Nc1nccs1,-0.3600001502993293,-0.13424681359296775,0.22575333670636155,0.22575333670636155
OCc1cncs1,0.5257356301983207,0.5906067120564966,0.06487108185817592,0.06487108185817592
CC1(C)C(=O)[C@@]2(C)CC[C@@H]1C2,-1.8507000919712027,-2.289135155372535,-0.43843506340133254,0.43843506340133254
CC1(C)C2CCC1(CS(=O)(=O)O)C(=O)C2,-0.30000011219683076,-1.7026651639623192,-1.4026650517654884,1.4026650517654884
CC1(C)[C@H]2CC[C@@]1(C)C(=O)C2,-3.1824998574972825,-1.8976323330124127,1.2848675244848697,1.2848675244848697
CC12CCC(C(CO)C1=O)C2(C)C,-0.21499992204150153,-1.3121286520995485,-1.097128730058047,1.097128730058047
CC12CCC(C(O)C1=O)C2(C)C,-0.9249001468040943,-0.9366429437048369,-0.011742796900742647,0.011742796900742647
CC12CCC(C1)C(C)(C)C2=O,-1.8500000070970641,-2.2891350872841407,-0.4391350801870766,0.4391350801870766
CC12CCC(CC1=O)C2(C)C,-1.978400012377409,-1.8976321968356233,0.08076781554178569,0.08076781554178569
CC12CCC(CC1=O)C2(C)C(=O)O,-1.779999962644149,-1.971216210119508,-0.19121624747535915,0.19121624747535915
O=C1CC2CCC1C2,-1.7565000702797808,-1.587821013356356,0.16867905692342489,0.16867905692342489
CC(C)CCNCc1cccc(C(=O)c2csc(S(N)(=O)=O)c2)c1,-1.5000000571860674,-2.3546186923408916,-0.8546186351548242,0.8546186351548242
CC(C)CN(C)Cc1cc(C(=O)c2csc(S(N)(=O)=O)c2)ccc1O,-1.4200000063827358,-2.6405258788333428,-1.220525872450607,1.220525872450607
CC(C)CNCc1ccc(C(=O)c2csc(S(N)(=O)=O)c2)cc1,-2.0499999979286034,-2.3895396639411213,-0.33953966601251784,0.33953966601251784
CC(C)CNCc1cccc(C(=O)c2csc(S(N)(=O)=O)c2)c1,-2.0499999979286034,-2.38537142859537,-0.33537143066676656,0.33537143066676656
CCCCNCc1ccc(C(=O)c2csc(S(N)(=O)=O)c2)cc1,-2.2100000314468717,-2.7217613935582112,-0.5117613621113395,0.5117613621113395
CN(C)Cc1cc(C(=O)c2csc(S(N)(=O)=O)c2)ccc1O,-1.5399999464109437,-2.539543163617102,-0.9995432172061585,0.9995432172061585
COc1ccc(C(=O)c2csc(S(N)(=O)=O)c2)cc1,-4.473299872744653,-3.2688034212367962,1.2044964515078571,1.2044964515078571
Cc1ccc(C(=O)c2csc(S(N)(=O)=O)c2)cc1,-4.449200121623121,-3.0585266809024105,1.3906734407207102,1.3906734407207102
NS(=O)(=O)c1cc(C(=O)c2ccc(O)cc2)cs1,-2.861200076627775,-2.9469422855973186,-0.08574220896954365,0.08574220896954365
C=C(Br)C(=O)Nc1ccc(S(=O)(=O)[O-])c(N=NC2C(=O)N(c3cc(Cl)c(S(=O)(=O)[O-])cc3Cl)N=C2C)c1,-0.5501699472367938,-1.6240832582434612,-1.0739133110066674,1.0739133110066674
CC1=NN(c2cc(Cl)c(S(=O)(=O)[O-])cc2Cl)C(=O)C1N=Nc1ccc(S(=O)(=O)[O-])cc1,-0.660542869140663,-1.1199589628334323,-0.45941609369276937,0.45941609369276937
CC1=NN(c2ccc(S(=O)(=O)[O-])cc2)C(=O)C1N=Nc1ccccc1C(=O)[O-],-1.4913149739137839,-2.631065881541163,-1.1397509076273793,1.1397509076273793
CC1=NN(c2cccc(S(=O)(=O)[O-])c2)C(=O)C1N=Nc1cc(Cl)c(Cl)cc1S(=O)(=O)[O-],-3.551674086613634,-1.4537078470548848,2.0979662395587493,2.0979662395587493
CC1=NN(c2ccccc2)C(=O)C1N=Nc1ccccc1,-7.5414465497441565,-7.1363788850415535,0.405067664702603,0.405067664702603
COc1cc(S(=O)(=O)CCOS(=O)(=O)[O-])c(C)cc1N=NC1C(=O)N(c2ccc(S(=O)(=O)[O-])cc2)N=C1C,-0.23900407705689775,-0.673455152308494,-0.4344510752515962,0.4344510752515962
COc1cc(S(=O)(=O)CCOS(=O)(=O)[O-])c(OC)cc1N=NC1C(=O)N(c2ccc(S(=O)(=O)[O-])cc2)N=C1C,-0.08984310317673394,-0.7596572388067808,-0.6698141356300469,0.6698141356300469
O=C(O)C1=NN(c2ccc(S(=O)(=O)O)cc2)C(=O)C1N=Nc1ccc(S(=O)(=O)O)cc1,-7.751246503222532,-2.020582815535847,5.730663687686685,5.730663687686685
O=C([O-])C1=NN(c2ccc(S(=O)(=O)[O-])cc2)C(=O)C1N=Nc1ccc(S(=O)(=O)[O-])cc1,-0.504996293253476,-1.3738208229867284,-0.8688245297332524,0.8688245297332524
C=CCn1ccc(NS(=O)(=O)c2ccc(N)cc2)nc1=O,-3.1099998710341086,-3.3245161373912415,-0.21451626635713295,0.21451626635713295
CC(C)Cn1ccc(NS(=O)(=O)c2ccc(N)cc2)nc1=O,-3.1099998710341086,-3.4022895785337233,-0.2922897074996147,0.2922897074996147
CC(C)n1ccc(NS(=O)(=O)c2ccc(N)cc2)nc1=O,-3.1700000538244457,-3.524299964591759,-0.35429991076731326,0.35429991076731326
CCC(C)n1ccc(NS(=O)(=O)c2ccc(N)cc2)nc1=O,-2.7599999721894077,-3.5782153513917367,-0.818215379202329,0.818215379202329
CCCCn1ccc(NS(=O)(=O)c2ccc(N)cc2)nc1=O,-3.089999892377473,-3.607713558974167,-0.5177136665966939,0.5177136665966939
CCn1ccc(NS(=O)(=O)c2ccc(N)cc2)nc1=O,-2.2300000441477046,-3.099423266624362,-0.8694232224766574,0.8694232224766574
CCn1ccc(NS(=O)(=O)c2ccc(NC(C)=O)cc2)nc1=O,-2.7100000425699178,-3.3266984725734488,-0.616698430003531,0.616698430003531
Cn1ccc(NS(=O)(=O)c2ccc(N)cc2)nc1=O,-2.359999922437934,-2.8307552360940567,-0.47075531365612244,0.47075531365612244
Nc1ccc(S(=O)(=O)Nc2cc[nH]c(=O)n2)cc1,-3.549999929165149,-2.872147328725032,0.6778526004401169,0.6778526004401169
C=C(C)C1CC=C(C)C(=O)C1,-2.0627999352452058,-1.9579939204906822,0.10480601475452356,0.10480601475452356
C=C(C)[C@@H]1CC=C(C)C(=O)C1,-2.0608001110049488,-1.9579939204906822,0.10280619051426654,0.10280619051426654
C=C(C)[C@H]1CC=C(C)C(=O)C1,-1.9026537159435517,-1.9579939204906822,-0.05534020454713051,0.05534020454713051
CC1=CC(=O)CC(C)(C)C1,-1.0613582774184747,-2.1163193880300977,-1.054961110611623,1.054961110611623
CC1=CC(=O)[C@@H](C(C)C)CC1,-1.788243696942092,-2.4532686310668717,-0.6650249341247796,0.6650249341247796
CC1=CCC(C)C(C)C1=O,-1.8852670720074713,-1.685779514434322,0.1994875575731494,0.1994875575731494
CCCC1CC(=O)C=C(C)C1,-1.7725870429381372,-2.4311049053597777,-0.6585178624216406,0.6585178624216406
CCCCCC1CC(=O)C=C(C)C1C(=O)OCC,-3.1871664232926746,-3.755668415030902,-0.5685019917382275,0.5685019917382275
CN(C)C(=O)OC1=CC(=O)CC(C)(C)C1,-0.8477001631437382,-1.5282609624603039,-0.6805607993165657,0.6805607993165657
CC(C)C1NC(=O)CNC1=O,-0.892600101780427,-1.25725308275774,-0.3646529809773129,0.3646529809773129
CC(C)CC1NC(=O)CNC1=O,-1.2500000346024458,-1.3944023105781607,-0.14440227597571487,0.14440227597571487
CC1NC(=O)C(C)NC1=O,-0.7500001256119919,-0.23044672761304108,0.5195533979989508,0.5195533979989508
CC1NC(=O)CNC1=O,0.29029985141434755,-0.29904033818536835,-0.5893401895997159,0.5893401895997159
CCC1(C)NC(=O)C(C)(CC)NC1=O,-1.9199999834615844,-0.9331367999089903,0.9868631835525941,0.9868631835525941
CCC1(CC)NC(=O)C(CC)(CC)NC1=O,-2.309999958774247,-1.865045363493548,0.44495459528069903,0.44495459528069903
C[C@@H]1NC(=O)[C@@H](C)NC1=O,-0.15280008408355972,-0.23044672761304108,-0.07764664352948136,0.07764664352948136
O=C1CN(CO)C(=O)CN1CO,-0.4168000338516906,-0.3389728198995079,0.07782721395218273,0.07782721395218273
O=C1CNC(=O)CN1,-0.8312001662832302,0.10155337427935285,0.9327535405625831,0.9327535405625831
Cc1ccc(C2(O)CCN(CCCC(=O)c3ccc(F)cc3)CC2)cc1,-4.3499998244029126,-3.6194005233912683,0.7305993010116443,0.7305993010116443
Cc1ccc(C2(O)CCN(CCCC(=O)c3ccccc3)CC2)cc1,-1.6199999972142753,-3.28387951954348,-1.6638795223292047,1.6638795223292047
O=C(CCCN1CCC(O)(c2ccc(Br)cc2)CC1)c1ccc(F)cc1,-3.6693000566727973,-3.931329255945201,-0.26202919927240353,0.26202919927240353
O=C(CCCN1CCC(O)(c2ccc(Cl)cc2)CC1)c1ccc(F)cc1,-4.4288997029249435,-3.884704774447962,0.5441949284769816,0.5441949284769816
O=C(CCCN1CCC(O)(c2ccc(Cl)cc2)CC1)c1ccccc1,-3.349999870245215,-3.526679381632378,-0.17667951138716287,0.17667951138716287
O=C(CCCN1CCC(O)(c2ccc(F)cc2)CC1)c1ccc(F)cc1,-2.829999914509731,-3.598775323050449,-0.7687754085407179,0.7687754085407179
O=C(CCCN1CCC(O)(c2ccc(F)cc2)CC1)c1ccccc1,-2.9700000119266106,-3.2577162815326615,-0.2877162696060509,0.2877162696060509
O=C(CCCN1CCC(O)(c2ccccc2)CC1)c1ccc(F)cc1,-4.118299919658448,-3.273166338325047,0.8451335813334016,0.8451335813334016
O=C(CCCN1CCC(O)(c2ccccc2)CC1)c1ccccc1,-2.6800000575628657,-2.892797704749786,-0.21279764718692018,0.21279764718692018
CC(C)(C)n1cc(C(=O)O)c(=O)c2cc(F)c(N3CCNCC3)cc21,-3.4300000231811385,-3.3323067604446632,0.09769326273647527,0.09769326273647527
CC(C)(CF)n1cc(C(=O)O)c(=O)c2cc(F)c(N3CCNCC3)cc21,-2.599999904626942,-3.3447124659560465,-0.7447125613291043,0.7447125613291043
CCCn1cc(C(=O)O)c(=O)c2cc(F)c(N3CCNCC3)cc21,-3.5699999078217846,-3.0977829576190845,0.47221695020270005,0.47221695020270005
CCn1cc(C(=O)O)c(=O)c2cc(F)c(N3CCN(C)CC3)cc21,-1.470000038134818,-2.88904116588249,-1.4190411277476722,1.4190411277476722
CCn1cc(C(=O)O)c(=O)c2cc(F)c(N3CCNC(C)C3)c(F)c21,-2.329999903386685,-2.849352576798108,-0.5193526734114231,0.5193526734114231
CCn1cc(C(=O)O)c(=O)c2cc(F)c(N3CCNCC3)cc21,-2.7599999721894077,-2.8271225159724933,-0.06712254378308558,0.06712254378308558
CN1CCN(c2c(F)cc3c(=O)c(C(=O)O)cn(CCF)c3c2F)CC1,-2.7300000212265534,-3.01257240836838,-0.28257238714182664,0.28257238714182664
CNn1cc(C(=O)O)c(=O)c2cc(F)c(N3CCN(C)CC3)cc21,-3.7299999753842505,-2.8546915410241507,0.8753084343600999,0.8753084343600999
CC(=O)OC1N=C(c2ccccc2Cl)c2cc(Cl)ccc2NC1=O,-5.028666813109743,-4.749155101441544,0.2795117116681993,0.2795117116681993
CN1C(=O)C(O)N=C(c2ccccc2)c2cc(Cl)ccc21,-2.7000000362195014,-4.024414466350466,-1.3244144301309646,1.3244144301309646
CN1C(=O)CN=C(c2ccccc2)c2cc(Cl)ccc21,-3.7099999626834173,-3.634761809939085,0.07523815274433243,0.07523815274433243
CN1C(=O)CN=C(c2ccccc2)c2cc([N+](=O)[O-])ccc21,-3.799999883660376,-3.639396723141999,0.1606031605183773,0.1606031605183773
O=C1CN=C(c2ccccc2)c2cc([N+](=O)[O-])ccc2N1,-3.799999883660376,-4.099423842088661,-0.29942395842828473,0.29942395842828473
O=C1CN=C(c2ccccc2Cl)c2cc([N+](=O)[O-])ccc2N1,-4.409999726328621,-4.218286774014044,0.1917129523145773,0.1917129523145773
O=C1Nc2ccc(Cl)cc2C(c2ccccc2)=NC1O,-3.9519998712452744,-4.1669596313611805,-0.21495976011590612,0.21495976011590612
O=C1Nc2ccc(Cl)cc2C(c2ccccc2Cl)=NC1O,-3.6035999986093463,-4.314707430609682,-0.7111074320003361,0.7111074320003361
CC(=O)OC1CCC2(C)C(=CCC3C4CCC(=O)C4(C)CCC32)C1,-4.530000074887198,-4.7781403310584265,-0.24814025617122848,0.24814025617122848
CC(=O)O[C@H]1CC[C@@]2(C)C(=CC[C@@H]3[C@@H]2CC[C@]2(C)C(=O)CC[C@@H]32)C1,-4.458399680805635,-4.7781403310584265,-0.3197406502527915,0.3197406502527915
CC12CCC3C(CC=C4CC(O)CCC43C)C1CCC2=O,-4.010000153195911,-4.297513476830558,-0.28751332363464677,0.28751332363464677
CC12CCC3C(CC=C4CC(OC=O)CCC43C)C1CCC2=O,-4.409999726328621,-4.6919156392131045,-0.28191591288448326,0.28191591288448326
CCC(=O)OC1CCC2(C)C(=CCC3C4CCC(=O)C4(C)CCC32)C1,-4.690000040317071,-5.1136992771641525,-0.42369923684708155,0.42369923684708155
CCCCC(=O)OC1CCC2(C)C(=CCC3C4CCC(=O)C4(C)CCC32)C1,-4.760000084769986,-5.653251598449621,-0.8932515136796351,0.8932515136796351
CN(C)CC1CC2C3CC=C4CC(O)CCC4(C)C3CCC2(C)C1=O,-1.490000050835651,-3.6251450731623436,-2.1351450223266926,2.1351450223266926
C[C@]12CC[C@H](O)CC1=CC[C@@H]1[C@@H]2CC[C@]2(C)C(=O)CC[C@@H]12,-4.122000183467538,-4.297513613007347,-0.17551342953980864,0.17551342953980864
CCOP(=S)(OCC)Oc1cnccn1,-2.3380000854968443,-2.18828160384101,0.14971848165583435,0.14971848165583435
CCc1nccnc1C,0.44451053299783894,0.3556625314821402,-0.08884800151569872,0.08884800151569872
COC(=O)c1nc(Cl)c(Cl)nc1N,-4.534838572390216,-3.0617259481756545,1.4731126242145614,1.4731126242145614
COC(=O)c1nccnc1N,-1.6422661278669735,-1.3268913054813056,0.31537482238566783,0.31537482238566783
Cc1cnccn1,1.0262997196271244,1.1431579249478339,0.11685820532070945,0.11685820532070945
N=C(N)NC(=O)c1nc(Cl)c(N)nc1N,-2.869999871823002,-2.5881076196556716,0.2818922521673306,0.2818922521673306
NC(=O)c1cnccn1,-0.6670001001388934,-0.019645330025657604,0.6473547701132358,0.6473547701132358
Nc1nccnc1C(=O)O,-1.7631596599870112,-1.8617754864272547,-0.09861582644024347,0.09861582644024347
CC(=O)Nc1ccc(OC(=O)c2ccccc2OC(C)=O)cc1,-4.194899908384851,-3.705287020180196,0.4896128882046553,0.4896128882046553
CC(=O)Oc1ccccc1C(=O)Oc1ccccc1,-4.107699782197289,-3.954945715641268,0.15275406655602142,0.15275406655602142
CC(C)(C)c1ccc(OC(=O)c2cc(C(C)(C)C)c(O)c(C(C)(C)C)c2)c(C(C)(C)C)c1,-7.341089911901264,-7.689219609787086,-0.34812969788582215,0.34812969788582215
Nc1ccc(C(=O)Oc2ccccc2)c(O)c1,-4.5152001090651535,-3.6195742849745014,0.8956258240906521,0.8956258240906521
O=C(O)c1cc(O)c(O)c(OC(=O)c2cc(O)c(O)c(O)c2)c1,-2.8092000333923504,-2.399199296406514,0.4100007369858365,0.4100007369858365
O=C(Oc1cccc(N=C=S)c1)c1ccccc1,-4.849999869570155,-4.885035570115427,-0.035035700545272164,0.035035700545272164
O=C(Oc1ccccc1)c1ccccc1,-2.8499998931663666,-4.242117848330154,-1.3921179551637874,1.3921179551637874
O=C(Oc1ccccc1)c1ccccc1O,-3.1547686799336856,-3.7086955933064605,-0.5539269133727749,0.5539269133727749
CCCCCCCCCCCCCCCC[n+]1ccccc1,-0.4861496979585862,-2.307817657636237,-1.8216679596776508,1.8216679596776508
CCCCCCCCCCCC[n+]1ccccc1,-0.4539106601365557,-1.5382766291414975,-1.0843659690049419,1.0843659690049419
CN(C)c1cc[nH+]cc1,-0.20620017791257084,0.6017220063118334,0.8079221842244042,0.8079221842244042
C[n+]1ccccc1,0.42018282193090517,0.43301993551100537,0.012837113580100201,0.012837113580100201
Cc1cc(C)c[n+]([O-])c1,0.9095000703258433,0.23239012702864104,-0.6771099432972023,0.6771099432972023
Cc1cc[n+]([O-])cc1,0.9620999893405311,0.7497595216797146,-0.2123404676608165,0.2123404676608165
O=C(O)c1cc[n+]([O-])cc1,-1.1020001040284297,-0.668319653227865,0.4336804508005647,0.4336804508005647
[O-][n+]1ccccc1,1.0217998937992632,1.0344006044730212,0.012600710673758009,0.012600710673758009
C#CC1(O)CCC2C3CCc4cc(O)ccc4C3CCC21C,-4.46999976443112,-5.057837106983376,-0.5878373425522563,0.5878373425522563
C#CC1(O)CCC2C3CCc4cc(OC)ccc4C3CCC21C,-5.489999595112861,-5.884834935862386,-0.3948353407495251,0.3948353407495251
C#C[C@]1(O)CC[C@H]2[C@@H]3CCc4cc(O)ccc4[C@H]3CC[C@@]21C,-4.419199830218293,-5.057837106983376,-0.638637276765083,0.638637276765083
CC12CCC3c4ccc(O)cc4CCC3C1CC(O)C2O,-3.99999994258031,-3.943370143837869,0.05662979874244112,0.05662979874244112
CC12CCC3c4ccc(O)cc4CCC3C1CCC2O,-4.829999856869323,-4.680597986248768,0.14940187062055532,0.14940187062055532
CC[C@]12CC[C@@H]3c4ccc(OC)cc4CC[C@H]3[C@@H]1CC[C@@H]2O,-4.875700378850703,-5.236051398875106,-0.3603510200244031,0.3603510200244031
C[C@]12CC[C@@H]3c4ccc(O)cc4CC[C@H]3[C@@H]1CC[C@@H]2O,-4.878899988693683,-4.680597986248768,0.19830200244491536,0.19830200244491536
C[C@]12CC[C@@H]3c4ccc(O)cc4CC[C@H]3[C@@H]1CC[C@H]2O,-4.844099873994017,-4.6805981224255575,0.16350175156845914,0.16350175156845914
CC(C)(C)CC(C)(C)c1ccc(O)c(-n2nc3ccccc3n2)c1,-5.50979370850817,-6.218247463414101,-0.7084537549059311,0.7084537549059311
CC(C)(C)c1cc(CCC(=O)O)cc(-n2nc3ccccc3n2)c1O,-5.530705288637029,-4.812049168671682,0.7186561199653472,0.7186561199653472
CCC(C)(C)c1cc(-n2nc3ccccc3n2)c(O)c(C(C)(C)CC)c1,-8.545917051720002,-7.3213047861740534,1.2246122655459484,1.2246122655459484
CCC(C)CCCOC(=O)CCc1cc(-n2nc3ccccc3n2)c(O)c(C(C)(C)C)c1,-6.163939887460744,-7.009231706223391,-0.8452918187626466,0.8452918187626466
CCC(C)c1cc(S(=O)(=O)[O-])cc(-n2nc3ccccc3n2)c1O,-1.5762450330225888,-1.6348867076511462,-0.058641674628557405,0.058641674628557405
COC(=O)CCc1cc(-n2nc3ccccc3n2)c(O)c(C(C)(C)C)c1,-6.849323660126339,-6.044377483456774,0.8049461766695654,0.8049461766695654
Cc1cc(-n2nc3ccc(Cl)cc3n2)c(O)c(C(C)(C)C)c1,-5.49941758186552,-6.054228240046044,-0.5548106581805232,0.5548106581805232
Cc1ccc(O)c(-n2nc3ccccc3n2)c1,-5.352666664803584,-4.146122403759316,1.206544261044268,1.206544261044268
CC1c2cccc(O)c2C(=O)C2=C(O)C3(O)C(=O)C(C(N)=O)=C(O)C(N(C)C)C3C(O)C21,-2.869999871823002,-2.145554638232259,0.7244452335907434,0.7244452335907434
CN(C)C1C(O)=C(C(N)=O)C(=O)C2(O)C(O)=C3C(=O)c4c(O)ccc(Cl)c4C(C)(O)C3CC12,-2.8800000994607013,-2.5159871664155147,0.36401293304518667,0.36401293304518667
CN(C)C1C(O)=C(C(N)=O)C(=O)C2(O)C(O)=C3C(=O)c4c(O)ccc(Cl)c4C(O)C3CC12,-2.5199999900004,-2.3004522636297144,0.21954772637068576,0.21954772637068576
CN(C)C1C(O)=C(C(N)=O)C(=O)C2(O)C(O)=C3C(=O)c4c(O)cccc4C(C)(O)C3C(O)C12,-3.150000066656761,-1.9001754345538517,1.2498246321029092,1.2498246321029092
CN(C)C1C(O)=C(C(N)=O)C(=O)C2(O)C(O)=C3C(=O)c4c(O)cccc4C(C)(O)C3CC12,-3.119999860362426,-2.214374983158883,0.9056248772035431,0.9056248772035431
CN(C)C1C(O)=CC(=O)C2(O)C(O)=C3C(=O)c4ccccc4C(C)(O)C3CC12,-1.4200000063827358,-2.2863418289806337,-0.8663418225978978,0.8663418225978978
CN(C)[C@@H]1C(O)=C(C(N)=O)C(=O)[C@@]2(O)C(O)=C3C(=O)c4c(O)cccc4[C@@](C)(O)[C@H]3C[C@@H]12,-2.93000004610229,-2.214374983158883,0.7156250629434071,0.7156250629434071
CN(C)c1ccc(O)c2c1CC1CC3C(N(C)C)C(O)=C(C(N)=O)C(=O)C3(O)C(O)=C1C2=O,-0.940000110093115,-2.3569583457590157,-1.4169582356659007,1.4169582356659007
CCC(C)(C(=O)O)N1C(=O)c2ccccc2C1=O,-1.909999977111168,-2.4827009971716425,-0.5727010200604745,0.5727010200604745
CCOC(=O)N1C(=O)c2ccccc2C1=O,-2.738772632130203,-3.112132697442331,-0.37336006531212806,0.37336006531212806
CCOP(=S)(OCC)N1C(=O)c2ccccc2C1=O,-3.352200010542632,-4.079926662182567,-0.727726651639935,0.727726651639935
CCOP(=S)(OCC)SC(CCl)N1C(=O)c2ccccc2C1=O,-5.8499998237278525,-4.940918983875345,0.9090808398525079,0.9090808398525079
COP(=S)(OC)SCN1C(=O)c2ccccc2C1=O,-4.099999869907685,-4.563495615944722,-0.46349574603703747,0.46349574603703747
O=C(O)CC[C@@H](C(=O)O)N1C(=O)c2ccccc2C1=O,-1.4463318312587916,-1.5225098081149442,-0.07617797685615257,0.07617797685615257
O=C1NC(=O)c2ccccc21,-2.611399876460452,-2.9330546702198403,-0.32165479375938855,0.32165479375938855
O=C1c2ccccc2C(=O)N1SC(Cl)(Cl)Cl,-5.568999563575077,-5.272714684406898,0.29628487916817914,0.29628487916817914
CCOc1nc(NC)nc(NC(=O)NS(=O)(=O)c2ccccc2C(=O)OC)n1,-4.38791076167889,-3.728102964619966,0.6598077970589245,0.6598077970589245
COC(=O)c1cccc(C)c1S(=O)(=O)NC(=O)Nc1nc(OCC(F)(F)F)nc(N(C)C)n1,-5.689999994474768,-4.706159186673792,0.9838408078009753,0.9838408078009753
COC(=O)c1ccccc1S(=O)(=O)NC(=O)N(C)c1nc(C)nc(OC)n1,-3.8980998724224953,-3.2492790059728294,0.648820866449666,0.648820866449666
COC(=O)c1ccccc1S(=O)(=O)NC(=O)Nc1nc(C)nc(OC)n1,-1.6040000415243247,-3.3670347014459643,-1.7630346599216395,1.7630346599216395
COCCOc1ccccc1S(=O)(=O)NC(=O)Nc1nc(OC)nc(OC)n1,-3.537199923760152,-3.756756399489554,-0.21955647572940196,0.21955647572940196
COc1nc(C)nc(NC(=O)NS(=O)(=O)c2ccccc2Cl)n1,-1.7100000543680232,-3.5599957821234898,-1.8499957277554666,1.8499957277554666
COc1nc(C)nc(NC(=O)NS(=O)(=O)c2ccccc2OCCCl)n1,-4.09889976571478,-3.754634288492445,0.344265477222335,0.344265477222335
Cc1cccc(C(=O)O)c1S(=O)(=O)NC(=O)Nc1nc(OCC(F)(F)F)nc(N(C)C)n1,-5.679799808243981,-3.9477385590639904,1.7320612491799907,1.7320612491799907
BrC1CC(Br)CC(Br)CC(Br)CC(Br)CC(Br)C1,-6.990427870440362,-7.323358604511295,-0.3329307340709331,0.3329307340709331
BrC1CCC(Br)C(Br)CCC(Br)C(Br)CCC1Br,-7.872799539533476,-8.12125300232025,-0.24845346278677383,0.24845346278677383
C1CCCCCCCCCCC1,-7.02202578793805,-4.579176645593974,2.442849142344076,2.442849142344076
CC(CO)C1CCCCCCCCCCC1,-5.451794107441481,-3.8900607437505768,1.5617333636909043,1.5617333636909043
CCOCOC1CCCCCCCCCCC1,-5.335319920666787,-4.168282725046676,1.1670371956201118,1.1670371956201118
COC1(OC)CCCCCCCCCCC1,-4.125654147168243,-3.850223449612205,0.2754306975560379,0.2754306975560379
COC1CCCCCCCCCCC1,-4.68359033501833,-4.0842755360394145,0.5993147989789156,0.5993147989789156
OC1CCCCCCCCCCC1,-3.989117578723187,-3.301591626006149,0.6875259527170381,0.6875259527170381
CCN(CC)c1ccc2c(C)cc(=O)oc2c1,-3.99999994258031,-3.9008635122743147,0.0991364303059954,0.0991364303059954
CCOP(=O)(OCC)Oc1ccc2c(C)c(Cl)c(=O)oc2c1,-3.1800000431527637,-3.7443950195231097,-0.564394976370346,0.564394976370346
CCOP(=S)(OCC)Oc1ccc2c(C)c(Cl)c(=O)oc2c1,-5.383500085805762,-6.028219562691158,-0.6447194768853954,0.6447194768853954
CCOP(=S)(OCC)Oc1ccc2oc(=O)c(Cl)c(C)c2c1,-5.381999962294089,-5.9574136239987645,-0.5754136617046752,0.5754136617046752
COc1ccc2ccc(=O)oc2c1,-3.122100089451694,-2.8422129639083566,0.2798871255433375,0.2798871255433375
COc1ccc2ccc(=O)oc2c1CC=C(C)C,-4.308699991546733,-4.198076231996849,0.11062375954988468,0.11062375954988468
O=c1cc(Br)c2ccccc2o1,-1.6533001245790577,-3.2611914451089263,-1.6078913205298686,1.6078913205298686
O=c1ccc2ccccc2o1,-1.8860303429118763,-2.0978316185751913,-0.21180127566331497,0.21180127566331497
CC(C)(C)NCc1ccc(S(=O)(=O)c2csc(S(N)(=O)=O)c2)cc1,-1.9800000215640832,-2.4413480553676097,-0.4613480338035265,0.4613480338035265
CC(C)CNCc1ccc(S(=O)(=O)c2csc(S(N)(=O)=O)c2)cc1,-1.1599999774486978,-1.6001662563732602,-0.4401662789245624,0.4401662789245624
CC(C)NCc1cccc(S(=O)(=O)c2csc(S(N)(=O)=O)c2)c1,-1.5599999591117766,-1.8286459885795496,-0.26864602946777305,0.26864602946777305
CCC(C)NCc1cccc(S(=O)(=O)c2csc(S(N)(=O)=O)c2)c1,-1.3300000854057772,-1.786451474217226,-0.45645138881144875,0.45645138881144875
CCCCNCc1ccc(S(=O)(=O)c2csc(S(N)(=O)=O)c2)cc1,-1.6800000353167739,-1.9201251299310131,-0.24012509461423925,0.24012509461423925
COc1ccc(S(=O)(=O)c2csc(S(N)(=O)=O)c2)cc1,-4.219999741847499,-2.5002081575663127,1.719791584281186,1.719791584281186
NS(=O)(=O)c1cc(S(=O)(=O)c2ccc(O)cc2)cs1,-3.0299999500242794,-2.7117629532408727,0.31823699678340667,0.31823699678340667
NS(=O)(=O)c1cc(S(=O)(=O)c2cccc(O)c2)cs1,-2.720000014876137,-2.5368712388329215,0.18312877604321542,0.18312877604321542
C[N+](C)(C)c1ccc2ccc(O)c(N=Nc3ccc(N)cc3)c2c1,-1.9807853531083657,-2.117568129188598,-0.13678277608023226,0.13678277608023226
Cc1c(Cl)cc(N=Nc2c(O)c(C(=O)[O-])cc3ccccc23)cc1S(=O)(=O)[O-],-5.306582805160133,-3.246874430270375,2.059708374889758,2.059708374889758
Cc1cc(S(=O)(=O)[O-])c(N=Nc2c([O-])c(C(=O)[O-])cc3ccccc23)cc1Cl,-5.170400977251379,-3.228122954462858,1.9422780227885212,1.9422780227885212
Nc1ccc2ccccc2c1N=Nc1ccccc1,-5.915999811169885,-6.314437845058919,-0.3984380338890334,0.3984380338890334
O=S(=O)([O-])c1ccc(N=Nc2c(O)ccc3ccccc23)cc1,-1.1158578626448394,-2.4387758119932466,-1.3229179493484071,1.3229179493484071
O=S(=O)([O-])c1ccc(N=Nc2c([O-])ccc3cc(S(=O)(=O)[O-])ccc23)cc1,-2.9368865318737547,-0.8915795929209067,2.045306938952848,2.045306938952848
[NH-]S(=O)(=O)c1ccc(O)c(N=Nc2c(O)ccc3ccccc23)c1,-2.2022037740787903,-3.2395985044144666,-1.0373947303356763,1.0373947303356763
C#CCOC(=O)C(C)Oc1ccc(Oc2ncc(Cl)cc2F)cc1,-5.1500000600826485,-5.0293140613896075,0.12068599869304109,0.12068599869304109
C#CCOC(=O)[C@@H](C)Oc1ccc(Oc2ncc(Cl)cc2F)cc1,-4.941699957762368,-5.029314197566396,-0.0876142398040285,0.0876142398040285
CCCCOC(=O)C(C)Oc1ccc(Oc2ccc(C(F)(F)F)cn2)cc1,-5.583599894223908,-5.570600457910881,0.012999436313026358,0.012999436313026358
CCCCOC(=O)[C@@H](C)Oc1ccc(Oc2ccc(C(F)(F)F)cn2)cc1,-5.282599757547089,-5.570600730264461,-0.2880009727173718,0.2880009727173718
CCOCCOC(=O)C(C)Oc1ccc(Oc2ncc(C(F)(F)F)cc2Cl)cc1,-5.873899939676172,-5.2470930214873945,0.6268069181887777,0.6268069181887777
COC(=O)C(C)Oc1ccc(Oc2ncc(C(F)(F)F)cc2Cl)cc1,-4.60639988373323,-5.476461988128254,-0.8700621043950241,0.8700621043950241
C[C@@H](Oc1ccc(Oc2ccc(C(F)(F)F)cn2)cc1)C(=O)O,-2.622795558725096,-3.9082403451311443,-1.2854447864060483,1.2854447864060483
CCOP(=O)(OCC)Oc1cc(C)[nH]n1,-2.369600045646373,-0.9691806172259501,1.400419428420423,1.400419428420423
Cc1cc(C)[nH]n1,-0.5204744194865705,0.4954469163536124,1.0159213358401828,1.0159213358401828
Cc1cc(OC(=O)N(C)C)n(C(C)C)n1,0.6752000059651957,-1.116401208034416,-1.7916012139996116,1.7916012139996116
Cc1ccn[nH]1,1.085625137915096,0.9741886752862663,-0.11143646262882978,0.11143646262882978
Nc1cnn(CCO)c1N,0.44425942299824506,-0.6039712178872816,-1.0482306408855266,1.0482306408855266
O=[N+]([O-])c1ccn[nH]1,-1.2854728626415874,-0.9968667202722661,0.28860614236932136,0.28860614236932136
c1cn[nH]c1,1.2878893402234497,1.1335209659178713,-0.15436837430557837,0.15436837430557837
CCCSP(=O)(OCC)Oc1cnn(-c2ccc(Cl)cc2)c1,-4.03879970576049,-4.34284114676265,-0.3040414410021599,0.3040414410021599
Cc1cc(N)n(-c2ccccc2)n1,-0.9376001303573012,-1.5006639190342341,-0.563063788676933,0.563063788676933
Cc1cc(OC(=O)N(C)C)n(-c2ccccc2)n1,-2.0885999216703865,-2.612438530877155,-0.5238386092067686,0.5238386092067686
Cc1nn(-c2ccccc2)c(C)c1N=O,-3.7355000197300163,-2.7985739202086193,0.936926099521397,0.936926099521397
Cc1nn(-c2ccccc2)c(N)c1C,-1.6704001163735194,-1.5332849327504408,0.13711518362307862,0.13711518362307862
N#Cc1nn(-c2c(Cl)cc(C(F)(F)F)cc2Cl)c(N)c1[S+]([O-])C(F)(F)F,-5.361899723476282,-5.426944022210533,-0.065044298734251,0.065044298734251
Oc1cnn(-c2ccccc2)c1,-1.9615999499615295,-2.0187949504682408,-0.057195000506711224,0.057195000506711224
CC(=O)Oc1ccc(NC(=O)Nc2ccccc2)cc1,-4.44000001773345,-4.771700803042814,-0.33170078530936387,0.33170078530936387
CCN(C(=O)N(CC)c1ccccc1)c1ccccc1,-3.5256278244648818,-3.423627732455276,0.10200009200960558,0.10200009200960558
CCOc1ccc(NC(=O)Nc2ccc(OCC)cc2)cc1,-4.44000001773345,-5.18133883315017,-0.7413388154167206,0.7413388154167206
CN(C(=O)N(C)c1ccccc1)c1ccccc1,-3.4975576007399574,-2.591028475610816,0.9065291251291412,0.9065291251291412
N=C(N)c1cccc(NC(=O)Nc2cccc(C(=N)N)c2)c1,-1.7699999562937325,-1.96561335229777,-0.19561339600403738,0.19561339600403738
O=C(Nc1ccc(Cl)cc1)Nc1ccc(Cl)c(Cl)c1,-6.4577263310743955,-6.670977821456081,-0.21325149038168512,0.21325149038168512
O=C(Nc1ccccc1)Nc1ccccc1,-3.1507999606064567,-3.8729591859230372,-0.7221592253165805,0.7221592253165805
CC(=O)C(N=Nc1ccc(C)cc1[N+](=O)[O-])C(=O)Nc1ccc(Cl)cc1,-7.605297939803549,-8.194179485976674,-0.5888815461731252,0.5888815461731252
CC(=O)C(N=Nc1ccc(C)cc1[N+](=O)[O-])C(=O)Nc1ccccc1,-7.417967973631555,-7.673930769291212,-0.2559627956596575,0.2559627956596575
CC(=O)C(N=Nc1ccc(Cl)cc1[N+](=O)[O-])C(=O)Nc1ccccc1Cl,-7.721757691838569,-7.853553946245739,-0.13179625440717047,0.13179625440717047
CC(=O)C(N=Nc1ccc(S(=O)(=O)[O-])cc1[N+](=O)[O-])C(=O)Nc1ccccc1,-4.674561950060051,-2.7529006676293095,1.9216612824307413,1.9216612824307413
CC(=O)C(N=Nc1ccc(S(=O)(=O)[O-])cc1[N+](=O)[O-])C(=O)Nc1ccccc1Cl,-5.451460746661109,-2.997004137356249,2.45445660930486,2.45445660930486
COc1ccc(N=NC(C(C)=O)C(=O)Nc2ccccc2OC)c([N+](=O)[O-])c1,-8.308242798872405,-7.557246870260894,0.7509959286115109,0.7509959286115109
COc1ccccc1NC(=O)C(N=Nc1ccc(Cl)cc1[N+](=O)[O-])C(C)=O,-7.306378175937898,-7.626424679259609,-0.32004650332171103,0.32004650332171103
C#CC(OC(=O)C1C(C=C(C)C)C1(C)C)/C(C)=C/CC,-6.393099550376346,-6.530294125067625,-0.1371945746912795,0.1371945746912795
C=COC1CC1,-1.1001000292863843,-1.510063794273908,-0.4099637649875236,0.4099637649875236
CC1CC1(C(=O)O)C(=O)O,0.8411997845578139,-0.32879986902659475,-1.1699996535844086,1.1699996535844086
CCOC(=O)C1C(C=C(C)C)C1(C)C,-4.765268220043459,-4.785862099722724,-0.020593879679265292,0.020593879679265292
CCOC1CC1,-0.6407000044547604,-0.7015860087488841,-0.06088600429412372,0.06088600429412372
COC1CC1,-0.11760001815352128,-0.1011569431909689,0.016443074962552373,0.016443074962552373
NC1CC1,1.2433941190047615,2.1397574084982343,0.8963632894934728,0.8963632894934728
CCC(=O)OCOC(=O)c1cn(CC)c2nc(C)ccc2c1=O,-2.829999914509731,-3.172186755174962,-0.3421868406652311,0.3421868406652311
CCCC(=O)OCOC(=O)c1cn(CC)c2nc(C)ccc2c1=O,-2.950000033269975,-3.6225483179658937,-0.6725482846959188,0.6725482846959188
CCN(CC)C(=O)COC(=O)c1cn(CC)c2nc(C)ccc2c1=O,-1.4300000127331522,-2.3972332440100197,-0.9672332312768674,0.9672332312768674
CCn1cc(C(=O)O)c(=O)c2ccc(C)nc21,-3.6099998651350558,-2.744670142479935,0.8653297226551206,0.8653297226551206
CCn1cc(C(=O)OC)c(=O)c2ccc(C)nc21,-2.7000000362195014,-2.823716206785352,-0.12371617056585071,0.12371617056585071
CCn1cc(C(=O)OCOC(=O)C(C)C)c(=O)c2ccc(C)nc21,-3.0199999606959618,-3.4586342911676233,-0.43863433047166156,0.43863433047166156
CCn1cc(C(=O)OCOC(C)=O)c(=O)c2ccc(C)nc21,-2.490000004993348,-2.8773776749394555,-0.38737766994610734,0.38737766994610734
CC(C)(C)CC(C)(C)c1ccc([O-])c(Sc2cc(C(C)(C)CC(C)(C)C)ccc2[O-])c1,-6.446040456071609,-7.139191208095573,-0.6931507520239641,0.6931507520239641
COP(=S)(OC)Oc1ccc(Sc2ccc(OP(=S)(OC)OC)cc2)cc1,-6.237500137894884,-5.300490664134197,0.9370094737606864,0.9370094737606864
Cc1cc(O)c(C(C)(C)C)cc1Sc1cc(C(C)(C)C)c(O)cc1C,-7.11206615342145,-6.817104231761978,0.2949619216594721,0.2949619216594721
Clc1ccc(Sc2cc(Cl)c(Cl)cc2Cl)cc1,-7.033500044210159,-7.320458311251345,-0.2869582670411859,0.2869582670411859
Oc1c(Cl)cc(Cl)cc1Sc1cc(Cl)cc(Cl)c1O,-4.949500028080552,-4.917398256462204,0.03210177161834782,0.03210177161834782
Oc1ccc(Sc2ccccc2)cc1,-2.7744998894781787,-3.3243210300962756,-0.5498211406180968,0.5498211406180968
c1ccc(Sc2ccccc2)cc1,-4.360607996294644,-4.048184193022966,0.3124238032716784,0.3124238032716784
CC(=O)C(N=Nc1ccc(Cl)cc1[N+](=O)[O-])C(=O)Nc1ccc2[nH]c(=O)[nH]c2c1,-7.473779486046686,-7.95289600350368,-0.479116517456994,0.479116517456994
CC(=O)C(N=Nc1ccc([N+](=O)[O-])cc1)C(=O)Nc1ccc2[nH]c(=O)[nH]c2c1,-7.525540283685292,-7.561861084591824,-0.036320800906532114,0.036320800906532114
CC(=O)C(N=Nc1ccccc1C(=O)O)C(=O)Nc1ccc2[nH]c(=O)[nH]c2c1,-7.330901436874363,-6.564215763299082,0.7666856735752816,0.7666856735752816
CC(=O)C(N=Nc1ccccc1C(F)(F)F)C(=O)Nc1ccc2[nH]c(=O)[nH]c2c1,-7.455526621553439,-7.653296717459085,-0.19777009590564631,0.19777009590564631
COC(=O)c1cc(N=NC(C(C)=O)C(=O)Nc2ccc3[nH]c(=O)[nH]c3c2)cc(C(=O)OC)c1,-6.37773826382853,-7.619815747318022,-1.242077483489492,1.242077483489492
COC(=O)c1ccc(C(=O)OC)c(N=NC(C(C)=O)C(=O)Nc2ccc3[nH]c(=O)[nH]c3c2)c1,-6.314069078313311,-7.710179396499383,-1.3961103181860715,1.3961103181860715
COc1ccccc1N=NC(C(C)=O)C(=O)Nc1ccc2[nH]c(=O)[nH]c2c1,-7.630599314914459,-7.6475919993989,-0.0169926844844408,0.0169926844844408
CC(C)CCCCCCCOP(=O)(Oc1ccccc1)Oc1ccccc1,-5.716499725332114,-6.117821438912794,-0.40132171358068014,0.40132171358068014
CCCCC(CC)COP(=O)(Oc1ccccc1)Oc1ccccc1,-5.280399685338066,-6.2970178378094435,-1.016618152471377,1.016618152471377
CCCCCCCCOP(=O)(Oc1ccccc1)Oc1ccccc1,-6.4130995630771785,-5.991911562402825,0.4211880006743538,0.4211880006743538
CCOP(=O)(Oc1ccc(Cl)cc1Cl)Oc1ccc(Cl)cc1Cl,-5.774000102288982,-5.8751200837089055,-0.10111998141992373,0.10111998141992373
COP(=O)(Oc1ccccc1)Oc1ccccc1,-2.1208998986056593,-3.3743796689340817,-1.2534797703284224,1.2534797703284224
CP(=O)(Oc1ccccc1)Oc1ccccc1,-2.201708567184255,-2.605388930845176,-0.40368036366092097,0.40368036366092097
NNP(=O)(Oc1ccccc1)Oc1ccccc1,-2.237299937118541,-2.602964575464066,-0.36566463834552465,0.36566463834552465
CC(=O)Oc1ccc2c3c1O[C@H]1[C@@H](OC(C)=O)C=C[C@H]4[C@@H](C2)N(C)CC[C@@]341,-2.789400081417197,-1.829626869993364,0.9597732114238331,0.9597732114238331
CCOc1ccc2c3c1OC1C(O)C=CC4C(C2)N(C)CCC341,-0.8200000338881175,-1.3713094506372119,-0.5513094167490944,0.5513094167490944
CCOc1ccc2c3c1O[C@H]1[C@@H](O)C=C[C@H]4[C@@H](C2)N(C)CC[C@@]341,-2.079000002727132,-1.3713095868140013,0.7076904159131308,0.7076904159131308
CN1CCC23c4c5ccc(O)c4OC2C(O)C=CC3C1C5,-3.150000066656761,-1.9993951369665452,1.1506049296902157,1.1506049296902157
COc1ccc2c3c1OC1C(O)C=CC4C(C2)N(C)CCC341,-1.5200000698869003,-1.2582383218288142,0.26176174805808605,0.26176174805808605
COc1ccc2c3c1OC1C(OC(C)=O)C=CC4C(C2)N(C)CCC341,-1.2999999301777385,-1.5878831099723074,-0.2878831797945689,0.2878831797945689
COc1ccc2c3c1O[C@H]1[C@@H](O)C=C[C@H]4[C@@H](C2)N(C)CC[C@@]341,-1.521999962215552,-1.258238594182393,0.26376136803315897,0.26376136803315897
CC1(C)C(=O)N(Cl)C(=O)N1Cl,-2.595499976666489,-2.4575842096987186,0.1379157669677702,0.1379157669677702
CC1(C)C(=O)NC(=O)N1CO,0.8008998978659609,-0.4578268322451877,-1.2587267301111487,1.2587267301111487
CC1(C)NC(=O)NC1=O,0.038473834262096496,-0.5145183190732125,-0.552992153335309,0.552992153335309
CCC1NC(=O)NC1=O,-0.05999995978683614,-0.9144439482092968,-0.8544439884224606,0.8544439884224606
NC(=O)NC1NC(=O)NC1=O,-1.5087825068627485,-0.9564675607009643,0.5523149461617842,0.5523149461617842
O=C(O)CC1NC(=O)NC1=O,-1.1517000021367458,-0.37345496179600035,0.7782450403407455,0.7782450403407455
O=C1CNC(=O)N1,-0.40159998062248503,-0.45496439613268214,-0.053364415510197105,0.053364415510197105
C1=CC2CCC1C2,-2.8477210767288925,-3.1040999095021675,-0.256378832773275,0.256378832773275
C=CC1CC2C=CC1C2,-3.0798864124617915,-3.491276344197787,-0.4113899317359957,0.4113899317359957
CCCCOC(=O)C1C(C(=O)OCCCC)C2(Cl)C(Cl)=C(Cl)C1(Cl)C2(Cl)Cl,-7.509558575685116,-6.3312494144135,1.1783091612716161,1.1783091612716161
COC(=O)C1C2C=CC(C2)C1C(=O)OC,-1.2000001390271529,-1.55919610752414,-0.3591959684969872,0.3591959684969872
COC(=O)[C@@H]1C2C=CC(C2)[C@@H]1C(=O)OC,-1.2020000313558048,-1.5591958351705613,-0.35719580381475646,0.35719580381475646
O=C(O)C1C(C(=O)O)C2(Cl)C(Cl)=C(Cl)C1(Cl)C2(Cl)Cl,-2.045700079627534,-2.6344993069314873,-0.5887992273039533,0.5887992273039533
OCC1C(CO)C2(Cl)C(Cl)=C(Cl)C1(Cl)C2(Cl)Cl,-3.080199933986162,-3.6958735272615857,-0.6156735932754236,0.6156735932754236
C=C(C)C(=O)OCCN1CCNC1=O,0.7028479795104885,-0.5820775307535038,-1.2849255102639923,1.2849255102639923
C=CN1CCN(C=C)C1=O,-1.1558864851722723,-1.2171205573400197,-0.061234072167747344,0.061234072167747344
CC(C)CNC(=O)N1CCNC1=O,-2.1538000066516747,-0.8920496751978035,1.2617503314538712,1.2617503314538712
NC(=O)NC1(O)NC(=O)NC1(O)C(=O)O,-0.3699998842961669,-0.7167612778024246,-0.3467613935062577,0.3467613935062577
NCCN1CCNC1=O,0.6335457049262927,0.6242284889977654,-0.0093172159285273,0.0093172159285273
O=C1NCCN1,0.8402732376829571,0.6461197249493345,-0.1941535127336227,0.1941535127336227
O=C1NCCN1CCO,0.87767718877212,0.6604716691343593,-0.2172055196377607,0.2172055196377607
CC1(C)Cc2cccc([N+](=O)[O-])c2O1,-3.2067999502091222,-3.587620537526196,-0.3808205873170736,0.3808205873170736
CCCCN(CCCC)SN(C)C(=O)Oc1cccc2c1OC(C)(C)C2,-6.103300090801797,-5.716628548574856,0.38667154222694133,0.38667154222694133
CCCCOC(=O)N(C)SN(C)C(=O)Oc1cccc2c1OC(C)(C)C2,-4.5412000711055205,-4.688305864880549,-0.14710579377502864,0.14710579377502864
CCOC(=O)CCN(SN(C)C(=O)Oc1cccc2c1OC(C)(C)C2)C(C)C,-4.7102999143080915,-4.619296234216705,0.09100368009138649,0.09100368009138649
CCOC1Oc2ccc(OS(C)(=O)=O)cc2C1(C)C,-3.4200000508749193,-3.6369328764919717,-0.2169328256170524,0.2169328256170524
CCS(=O)(=O)Oc1ccc2c(c1)C(C)(C)CO2,-2.992099981363132,-3.9262128216150836,-0.9341128402519514,0.9341128402519514
CNC(=O)Oc1cccc2c1OC(C)(C)C2,-2.4200000967172226,-2.695723233928427,-0.27572313721120434,0.27572313721120434
CC(=O)Nc1ccc(S(=O)(=O)Nc2ncccn2)cc1,-3.58999988647842,-2.841705960699443,0.7482939257789774,0.7482939257789774
COc1cnc(NS(=O)(=O)c2ccc(N)cc2)nc1,-2.5843000485365604,-2.8284993654455914,-0.24419931690903107,0.24419931690903107
Cc1cc(C)nc(NS(=O)(=O)c2ccc(N)cc2)n1,-2.7300000212265534,-2.829323439286449,-0.09932341805989564,0.09932341805989564
Cc1ccnc(NS(=O)(=O)c2ccc(N)cc2)n1,-2.630000093899178,-2.6362687200441344,-0.006268626144956269,0.006268626144956269
Cc1cnc(NS(=O)(=O)c2ccc(N)cc2)nc1,-2.8199999251814134,-2.6439884460565914,0.17601147912482196,0.17601147912482196
Cc1cnc(NS(=O)(=O)c2ccc(N)cc2)nc1C,-3.1435000676356197,-2.8924967540452835,0.25100331359033623,0.25100331359033623
Nc1ccc(S(=O)(=O)Nc2ncccn2)cc1,-2.1600000677831845,-2.5587115446652673,-0.39871147688208275,0.39871147688208275
CCCCNC(=O)Nc1c(C)n(C)n(-c2ccccc2)c1=O,-1.6300000035646918,-2.307219977707703,-0.6772199741430114,0.6772199741430114
CCNC(=O)Nc1c(C)n(C)n(-c2ccccc2)c1=O,-1.8300001305730205,-1.8750667495998952,-0.0450666190268747,0.0450666190268747
Cc1c(C(C)C)c(=O)n(-c2ccccc2)n1C,-1.909999977111168,-2.020146437014319,-0.11014645990315097,0.11014645990315097
Cc1c(N(C)C)c(=O)n(-c2ccccc2)n1C,-0.6286001520122961,-1.0483077748094358,-0.4197076227971397,0.4197076227971397
Cc1c(N)c(=O)n(-c2ccccc2)n1C,0.3099997304714144,-0.6323678914205173,-0.9423676218919317,0.9423676218919317
Cc1c(NC(N)=O)c(=O)n(-c2ccccc2)n1C,-1.5200000698869003,-1.4603835056232606,0.059616564263639704,0.059616564263639704
Cc1cc(=O)n(-c2ccccc2)n1C,-0.5641999694917534,-1.1726735427047672,-0.6084735732130138,0.6084735732130138
CCCOC(=O)Cn1cc(I)c(=O)c(I)c1,-3.503999920379752,-3.6163842755951716,-0.11238435521541978,0.11238435521541978
CCN(CC)C(=O)Cn1cc(Br)c(=O)c(Br)c1,-2.309999958774247,-2.1298186612484975,0.18018129752574952,0.18018129752574952
CCN(CC)C(=O)Cn1cc(I)c(=O)c(I)c1,-3.1800000431527637,-2.578662942252296,0.6013371009004675,0.6013371009004675
Cc1[nH]c(C)c(Cl)c(=O)c1Cl,-4.2833999782037155,-2.337421606495611,1.9459783717081045,1.9459783717081045
N#Cc1c(O)[nH]c(Cl)cc1=O,-1.2318999604668688,-1.5854874878937535,-0.3535875274268847,0.3535875274268847
O=c1cc[nH]c(O)c1,-1.2497999908988648,-0.5996887302152509,0.6501112606836139,0.6501112606836139
O=c1cc[nH]cc1,1.0217998937992632,0.46876961096293135,-0.5530302828363318,0.5530302828363318
CC(=O)OC1CCC2C3CCC4CC(=O)CCC4(C)C3CCC12C,-5.349999778560609,-5.376803728365402,-0.02680394980479317,0.02680394980479317
CC(=O)O[C@H]1CC[C@H]2[C@@H]3CC[C@H]4CC(=O)C[C@H](C)[C@]4(C)[C@H]3CC[C@]12C,-5.0925587838523665,-5.359050360335555,-0.26649157648318855,0.26649157648318855
CC12CCC(=O)CC1CCC1C2CCC2(C)C(OC=O)CCC12,-5.320000031862939,-5.294205560597727,0.02579447126521206,0.02579447126521206
CC12CCC3C(CCC4CC(=O)CCC43C)C1CCC2O,-4.739999663538786,-4.763313129878509,-0.0233134663397232,0.0233134663397232
C[C@H]1CC(=O)C[C@@H]2CC[C@H]3[C@@H]4CC[C@H](O)[C@@]4(C)CC[C@@H]3[C@]21C,-5.006429143406023,-4.639039281316001,0.3673898620900218,0.3673898620900218
C[C@]12CCC(=O)C[C@@H]1CC[C@@H]1[C@@H]2CC[C@]2(C)[C@@H](O)CC[C@@H]12,-4.918998606090851,-4.763313129878509,0.15568547621234163,0.15568547621234163
COC(=O)c1ccc(C(=O)Nc2cc(Cl)ccc2Cl)cc1N/N=C1\C(=O)C(C(=O)Nc2ccccc2OC)=Cc2ccccc21,-8.175068435356833,-8.439102701675885,-0.2640342663190527,0.2640342663190527
COc1cc(NC(=O)C2=Cc3ccccc3/C(=N/Nc3cc(C(=O)Nc4ccccc4)ccc3OC)C2=O)c(OC)cc1Cl,-7.84656045105098,-8.484698503706241,-0.6381380526552611,0.6381380526552611
COc1cc(OC)c(NC(=O)C2=Cc3ccccc3/C(=N\Nc3cc(C(=O)Nc4ccc(C(N)=O)cc4)ccc3OC)C2=O)cc1Cl,-7.866239631236063,-7.9338579436429395,-0.06761831240687677,0.06761831240687677
COc1ccc(C(=O)Nc2ccccc2)cc1N/N=C1\C(=O)C(C(=O)Nc2cc(Cl)ccc2C)=Cc2ccccc21,-7.752070645151784,-8.566091915418381,-0.814021270266597,0.814021270266597
COc1ccc(C(=O)Nc2ccccc2)cc1N/N=C1\C(=O)C(C(=O)Nc2cc(Cl)ccc2OC)=Cc2ccccc21,-8.184413431350391,-8.549462550607975,-0.3650491192575842,0.3650491192575842
COc1ccc(NC(=O)C2=Cc3ccccc3/C(=N/Nc3cc(C(=O)Nc4cccc(S(=O)(=O)[O-])c4)ccc3C)C2=O)cc1,-7.050930945602785,-5.099917913726578,1.9510130318762062,1.9510130318762062
Nc1ncnc2c1ncn2C1OC(CO)C(O)C1O,-1.7300000670688562,-1.560666272142152,0.1693337949267042,0.1693337949267042
Nc1ncnc2c1ncn2C1OC(COP(=O)(O)O)C(O)C1O,-1.995302684004077,-1.5971389101688303,0.3981637738352468,0.3981637738352468
Nc1ncnc2c1ncn2C1OC(COP(=O)(O)OP(=O)(O)OP(=O)(O)O)C(O)C1O,0.2947999495957876,-0.6424291773261492,-0.9372291269219368,0.9372291269219368
Nc1ncnc2c1ncn2[C@@H]1O[C@H](COP(=O)(O)OP(=O)([O-])OP(=O)([O-])O)[C@@H](O)[C@H]1O,0.016887906672289343,-0.44483420477163005,-0.4617221114439194,0.4617221114439194
Nc1ncnc2c1ncn2[C@]1(CO)O[C@H](CO)[C@@H](O)[C@H]1O,-1.570099919225589,-1.7036587098175446,-0.13355879059195574,0.13355879059195574
OC[C@H]1O[C@@H](n2cnc3cncnc32)[C@H](O)[C@@H]1O,-0.4017998881492768,-0.9151637787178935,-0.5133638905686166,0.5133638905686166
CCCCOC1=CC(=O)CC(C)C12Oc1c(Cl)c(OC)cc(OC)c1C2=O,-4.699999774313909,-5.018595994828855,-0.3185962205149462,0.3185962205149462
CCCOC1=CC(=O)CC(C)C12Oc1c(Cl)c(OC)cc(OC)c1C2=O,-4.519999932359992,-4.719751264374146,-0.19975133201415396,0.19975133201415396
CCOC1=CC(=O)CC(C)C12Oc1c(Cl)c(OC)cc(OC)c1C2=O,-4.999999964826402,-4.378858818136051,0.6211411466903511,0.6211411466903511
CCOC1=CC(=O)CC(C)C12Oc1c(Cl)c(OCC)cc(OC)c1C2=O,-4.699999774313909,-4.419659563059198,0.2803402112547113,0.2803402112547113
COC1=CC(=O)CC(C)C12Oc1c(Cl)c(OC)cc(OC)c1C2=O,-3.9699999916174558,-4.375312229833763,-0.405312238216307,0.405312238216307
COC1=CC(=O)CC(C)C12Oc1cc(OC)cc(OC)c1C2=O,-3.698999805903491,-3.950939803028443,-0.25193999712495163,0.25193999712495163
CCc1cc(C)cc(CC)c1Nc1ccc(Nc2c(CC)cc(C)cc2CC)c2c1C(=O)c1ccccc1C2=O,-7.4238290226459345,-7.3160034237639735,0.10782559888196097,0.10782559888196097
CCc1cccc(C)c1Nc1ccc(Nc2c(C)cccc2CC)c2c1C(=O)c1ccccc1C2=O,-7.3753010619869155,-7.022807170355441,0.3524938916314744,0.3524938916314744
Cc1cc(C)c(Nc2ccc(Nc3c(C)cc(C)cc3C)c3c2C(=O)c2ccccc2C3=O)c(C)c1,-7.825072843103095,-7.394712246250522,0.430360596852573,0.430360596852573
Cc1cc(C)c(S(=O)(=O)O)c(C)c1Nc1ccc(Nc2c(C)cc(C)c(S(=O)(=O)O)c2C)c2c1C(=O)c1ccccc1C2=O,-2.820609316313833,-1.9472382010476705,0.8733711152661625,0.8733711152661625
Cc1cc(C)c(S(=O)(=O)[O-])c(C)c1Nc1ccc(Nc2c(C)cc(C)c(S(=O)(=O)[O-])c2C)c2c1C(=O)c1ccccc1C2=O,-1.7922611845820136,-0.9005947687306173,0.8916664158513963,0.8916664158513963
Cc1ccc(Nc2ccc(Nc3ccc(C)cc3S(=O)(=O)[O-])c3c2C(=O)c2ccccc2C3=O)c(S(=O)(=O)[O-])c1,-1.4270313587249397,-0.8288452610646972,0.5981860976602424,0.5981860976602424
CC(=O)Nc1cc(S(=O)(=O)[O-])cc2c1C(=O)/C(=N/Nc1ccccc1)C(S(=O)(=O)[O-])=C2,-0.5866084048893407,-1.0295454729471647,-0.44293706805782396,0.44293706805782396
CC(=O)Nc1ccc2c(c1)C(=O)/C(=N/Nc1ccc(S(=O)(=O)CCOS(=O)(=O)[O-])cc1)C(S(=O)(=O)[O-])=C2,-0.6794077121253279,-0.7168759386590722,-0.037468226533744264,0.037468226533744264
CC(=O)Nc1ccc2c(c1)C=C(S(=O)(=O)[O-])/C(=N/Nc1ccc(S(=O)(=O)CCOS(=O)(=O)[O-])cc1)C2=O,-0.3963936696113852,-0.7543534252144934,-0.3579597556031082,0.3579597556031082
CCN(CC)S(=O)(=O)c1ccc(OC)c(N/N=C2\C=C(S(=O)(=O)[O-])c3ccccc3C2=O)c1,-2.466753946164361,-2.4836167860801392,-0.016862839915778416,0.016862839915778416
Nc1ccc(N/N=C2\C=Cc3c(cccc3S(=O)(=O)[O-])C2=O)cc1,-1.2915601013031062,-1.9816365942187022,-0.690076492915596,0.690076492915596
O=C1/C(=N/Nc2cc(Cl)ccc2O)C(S(=O)(=O)[O-])=Cc2cc(S(=O)(=O)[O-])cc(O)c21,-1.2898087316150502,-1.807567183353347,-0.5177584517382969,0.5177584517382969
O=C(O)C1=C/C(=N/Nc2ccccc2)C=CC1=O,-3.0559000742642977,-3.3442054116808366,-0.28830533741653896,0.28830533741653896
O=C(O)C1=CC(=NNc2ccccc2[N+](=O)[O-])C=CC1=O,-2.0099999725269377,-3.72973409020301,-1.7197341176760723,1.7197341176760723
O=C1C=C/C(=N/Nc2cc([N+](=O)[O-])cc([N+](=O)[O-])c2O)C(O)=C1,-2.5268153999988643,-4.005804205873523,-1.4789888058746588,1.4789888058746588
O=C1C=C/C(=N\Nc2ccccc2)C(O)=C1,-3.0299000526465854,-3.5724720272117656,-0.5425719745651802,0.5425719745651802
O=C1C=CC(=NNc2ccc([N+](=O)[O-])cc2)C=C1,-4.79599991698398,-4.338571732062398,0.4574281849215822,0.4574281849215822
O=C1C=CC(=NNc2ccccc2)C=C1,-3.342900020977959,-3.5949846378532193,-0.2520846168752602,0.2520846168752602
CC(=O)Nc1ccc(S(=O)(=O)Nc2nc(C)cs2)cc1,-4.150000037836557,-2.896469694852983,1.2535303429835745,1.2535303429835745
CC(=O)Nc1ccc(S(=O)(=O)Nc2nccs2)cc1,-3.4300000231811385,-2.897909492046966,0.5320905311341724,0.5320905311341724
CCOC(=O)Cc1sc(NS(=O)(=O)c2ccc(N)cc2)nc1C,-2.8800000994607013,-3.3369021142902655,-0.45690201482956416,0.45690201482956416
Cc1csc(NS(=O)(=O)c2ccc(N)cc2)n1,-2.9100000674456545,-2.6963684395564504,0.2136316278892041,0.2136316278892041
Nc1ccc(S(=O)(=O)Nc2ncc(C(=O)O)s2)cc1,-2.874099950685675,-2.6759527472060727,0.19814720347960213,0.19814720347960213
Nc1ccc(S(=O)(=O)Nc2nccs2)cc1,-2.4247999200120605,-2.612022102255269,-0.18722218224320875,0.18722218224320875
CC(c1ccc(O)cc1)(c1ccc(O)cc1)c1ccc(O)cc1,-4.086559697415871,-4.367892773641861,-0.28133307622599,0.28133307622599
CN(C)c1ccc(C(c2ccc(N(C)C)cc2)c2ccc(N(C)C)cc2)cc1,-5.45839813701865,-4.9129213083349565,0.5454768286836931,0.5454768286836931
Cc1cc(C(O)(c2ccc(N)cc2)c2ccc(N)cc2)ccc1N,-3.0271999626723916,-4.238401583748313,-1.2112016210759218,1.2112016210759218
O=C(O)c1ccccc1C(c1ccc(O)cc1)c1ccc(O)cc1,-3.262599921641355,-3.7536190224393153,-0.4910191007979603,0.4910191007979603
O=C=Nc1ccc(C(c2ccc(N=C=O)cc2)c2ccc(N=C=O)cc2)cc1,-6.565096282419132,-5.724593256631385,0.840503025787747,0.840503025787747
OC(c1ccccc1)(c1ccccc1)c1ccccc1,-2.2595999077033975,-3.874587247528321,-1.6149873398249235,1.6149873398249235
C=C(c1ccccc1)c1ccccc1,-4.436299685835965,-4.176508347831633,0.25979133800433196,0.25979133800433196
CCCCC(CC)COC(=O)C(C#N)=C(c1ccccc1)c1ccccc1,-6.558089986606172,-7.1309075739983445,-0.5728175873921728,0.5728175873921728
CCOC(=O)C(C#N)=C(c1ccccc1)c1ccccc1,-7.744015515707115,-5.152180659010791,2.591834856696324,2.591834856696324
CCOC(=O)C(CC(=O)O)=C(c1ccccc1)c1ccccc1,-2.1907999892951784,-3.2674538922320653,-1.076653902936887,1.076653902936887
ClC(Cl)=C(c1ccc(Cl)cc1)c1ccc(Cl)cc1,-6.900400033221583,-6.958539896381321,-0.05813986315973807,0.05813986315973807
ClC(Cl)=C(c1ccc(Cl)cc1)c1ccccc1Cl,-6.356299679524817,-6.588412744648222,-0.23211306512340535,0.23211306512340535
CC(=O)c1cc2c(cc1C)C(C)(C)C(C)CC2(C)C,-5.315399979918103,-4.931223741179533,0.3841762387385703,0.3841762387385703
CC(C)(C)NCC(O)COc1cccc2c1CC(O)C(O)C2,-1.0100000183692406,-1.3670362229868585,-0.35703620461761787,0.35703620461761787
CC(C)(C)NCC(O)COc1cccc2c1C[C@H](O)[C@H](O)C2,-1.5699000116987973,-1.3670362229868585,0.20286378871193889,0.20286378871193889
COc1ccc2c(c1)CCCC2,-2.7477385800305565,-3.4917282468733033,-0.7439896668427468,0.7439896668427468
Oc1ccc2c(c1)CCCC2,-1.9947999873861268,-2.230246387959671,-0.23544640057354393,0.23544640057354393
c1ccc2c(c1)CCCC2,-3.567367984969481,-3.4904828420461427,0.07688514292333837,0.07688514292333837
CCN1C(=O)c2cccnc2N(CC)c2ncccc21,-2.859999882494684,-3.211508211635209,-0.351508329140525,0.351508329140525
CCN1c2nc(N(C)CCO)ccc2NC(=O)c2cccnc21,-3.3599998765956314,-2.9575137918885135,0.4024860847071179,0.4024860847071179
CCN1c2ncccc2C(=O)N(C)c2ccc(Cl)nc21,-4.113999797092195,-3.866962368649659,0.24703742844253584,0.24703742844253584
CCN1c2ncccc2C(=O)N(C)c2cccnc21,-2.619999883283578,-2.998292986834743,-0.3782931035511652,0.3782931035511652
CCN1c2ncccc2C(=O)Nc2c(C(F)(F)F)cc(C)nc21,-4.2069997608273155,-3.959163451249954,0.24783630957736147,0.24783630957736147
CCN1c2ncccc2C(=O)Nc2c(C)cc(C)nc21,-4.553999872245334,-3.469505284262835,1.084494587982499,1.084494587982499
CC(C)OC(=O)C1(S(=O)(=O)c2ccc([N+](=O)[O-])cc2)CCC1,-3.759900040672104,-4.037792814579907,-0.2778927739078032,0.2778927739078032
CCOC(=O)C1(S(=O)(=O)c2ccc(C)cc2)CCC1,-2.959399917020698,-3.712486618945664,-0.7530867019249659,0.7530867019249659
COC(=O)C1(S(=O)(=O)c2ccc(Br)cc2)CCC1,-3.549999929165149,-3.7548412772122837,-0.20484134804713472,0.20484134804713472
COC(=O)C1(S(=O)(=O)c2ccc(Cl)cc2)CCC1,-2.999599913782025,-3.6625167503524265,-0.6629168365704015,0.6629168365704015
COC(=O)C1(S(=O)(=O)c2ccccc2)CCC1,-3.0004999444826774,-3.001967079167126,-0.001467134684448368,0.001467134684448368
Cc1ccc(S(=O)(=O)C2(C(=O)OC(C)C)CCC2)cc1,-3.3399998979389958,-3.8970521962934956,-0.5570522983544999,0.5570522983544999
CC(C)(C)CC(C)(C)C1CCC(=N/O)/C(=N\O)C1,-6.409999634644016,-4.023715947509404,2.386283687134611,2.386283687134611
CC(C)C1CCC(=NO)C(=NO)C1,-2.390300007044555,-2.212054939198428,0.17824506784612693,0.17824506784612693
CC1CCC(C)C(=NO)C1=NO,-1.3200000790553608,-1.8290154362091038,-0.509015357153743,0.509015357153743
CC1CCCC(=NO)C1=NO,-1.5915999192613053,-1.3463449769031959,0.2452549423581094,0.2452549423581094
CCC(C)(C)C1CCC(=NO)C(=NO)C1,-3.9651998959690387,-3.3451912635474628,0.6200086324215759,0.6200086324215759
CCC1CCC(=NO)C(=NO)C1,-1.8300001305730205,-1.7250012894847522,0.10499884108826829,0.10499884108826829
C=CCC1(c2ccccc2)C(=O)NC(=O)NC1=O,-2.1800000804840174,-2.5408429029832207,-0.3608428224992033,0.3608428224992033
CC1(c2ccccc2)C(=O)NC(=O)NC1=O,-2.458100047376843,-2.3711003053348354,0.08699974204200744,0.08699974204200744
CCC1(c2ccccc2)C(=O)NC(=O)N(C)C1=O,-3.680000011720563,-2.4959212441486276,1.1840787675719353,1.1840787675719353
CCC1(c2ccccc2)C(=O)NC(=O)N(CC(O)CO)C1=O,-1.7872000380283792,-1.738903169380917,0.0482968686474623,0.0482968686474623
CCC1(c2ccccc2)C(=O)NC(=O)N(CO)C1=O,-1.6000001206902317,-2.10448303767506,-0.5044829169848284,0.5044829169848284
CCC1(c2ccccc2)C(=O)NC(=O)NC1=O,-2.289999946073414,-2.4947098835188086,-0.20470993744539445,0.20470993744539445
CCCCNC(=O)n1c(NC(=O)OC)nc2ccccc21,-4.860000012097361,-4.589545282513209,0.2704547295841522,0.2704547295841522
CCCSc1ccc2[nH]c(NC(=O)OC)nc2c1,-4.219999741847499,-4.6335731449907875,-0.41357340314328894,0.41357340314328894
COC(=O)Nc1nc2ccccc2[nH]1,-4.519999932359992,-3.814394655445657,0.7056052769143353,0.7056052769143353
Cc1nc2ccccc2[nH]1,-1.9598000332480638,-1.1486342540777141,0.8111657791703497,0.8111657791703497
FC(F)(F)c1nc2c(Cl)c(Cl)ccc2[nH]1,-3.567699881849367,-4.680194494421872,-1.1124946125725046,1.1124946125725046
c1ccc2[nH]cnc2c1,-1.7691971941204108,-1.0178278687524553,0.7513693253679554,0.7513693253679554
CC12CC(O)C3C(CCC4CC(O)CCC43C)C1CCC2=O,-3.58999988647842,-3.7570508137081666,-0.16705092722974646,0.16705092722974646
CC12CC(O)C3C(CCC4C[C@@H](O)CCC43C)C1CCC2=O,-3.5931999388959657,-3.7570508137081666,-0.16385087481220095,0.16385087481220095
CC12CCC3C(CCC4CC(O)CCC43C)C1CCC2=O,-4.399999992331784,-4.678256017825225,-0.278256025493441,0.278256025493441
CC12CCC3C(CCC4CCCCC43C)C1CCC2=O,-6.6999995464525135,-5.557730117194176,1.142269429258337,1.142269429258337
C[C@]12CC[C@@H](O)C[C@@H]1CC[C@@H]1[C@@H]2CC[C@]2(C)C(=O)CC[C@@H]12,-4.401999884660436,-4.678256290178803,-0.2762564055183674,0.2762564055183674
C[C@]12CC[C@H](O)C[C@@H]1CC[C@@H]1[C@@H]2CC[C@]2(C)C(=O)CC[C@@H]12,-4.157700018214555,-4.678256154002014,-0.5205561357874586,0.5205561357874586
CC(=O)CC(=O)Nc1ccc2[nH]c(=O)[nH]c2c1,-2.5226807662758897,-3.5166953079663177,-0.994014541690428,0.994014541690428
Cc1cc2[nH]c(=O)[nH]c2cc1N,-1.9771385386891027,-2.368470731532148,-0.3913321928430453,0.3913321928430453
Nc1ccc2[nH]c(=O)[nH]c2c1,-2.334782840759641,-2.2748747900783606,0.05990805068128058,0.05990805068128058
O=c1[nH]c2ccc([N+](=O)[O-])cc2[nH]1,-3.2740874040841317,-3.6602046727341495,-0.38611726865001783,0.38611726865001783
O=c1[nH]c2ccccc2[nH]1,-2.3927519382255125,-2.8285875909830027,-0.43583565275749026,0.43583565275749026
O=c1[nH]c2ccccc2n1CCCCl,-3.0203943052725846,-3.8074503881602535,-0.7870560828876689,0.7870560828876689
CCCCCCCCOC(=O)c1ccccc1C(=O)OCc1ccccc1,-8.287651778905717,-6.561733260428911,1.7259185184768064,1.7259185184768064
CCCCOC(=O)c1ccccc1C(=O)OCc1ccccc1,-5.639999690369107,-5.402392708855459,0.23760698151364856,0.23760698151364856
CCN(CC)CC(OC(=O)c1ccc([N+](=O)[O-])cc1)c1ccccc1,-2.8399999038380486,-4.293855632091356,-1.4538557282533073,1.4538557282533073
O=C(OCc1ccccc1)c1ccc(O)cc1,-3.324981181126932,-3.7438427545538295,-0.41886157342689767,0.41886157342689767
O=C(OCc1ccccc1)c1ccccc1,-4.1776246570624735,-4.367928996667833,-0.1903043396053592,0.1903043396053592
O=C(OCc1ccccc1)c1ccccc1O,-4.413922298746353,-3.7223783647485327,0.6915439339978207,0.6915439339978207
C1CCNC1,1.1499999915528165,1.1625140937885372,0.012514102235720692,0.012514102235720692
CC(=O)N1C[C@@H](O)C[C@H]1C(=O)[O-],0.34499253532803564,0.040141182871113124,-0.3048513524569225,0.3048513524569225
CCCCCCCCCCCCCCCC(=O)O[C@@H]1C[C@@H](C(=O)O)N(C(=O)CCCCCCCCCCCCCCC)C1,-5.783875915407496,-6.26242811624935,-0.4785522008418539,0.4785522008418539
O=C(O)C1CC(O)CN1,0.43992191990331,0.6070241857826479,0.16710226587933796,0.16710226587933796
O=C(O)C1CCCN1,1.1291355285930789,0.5297283336625775,-0.5994071949305013,0.5994071949305013
O=NN1CCCC1,0.9994995827724336,0.7530522764466223,-0.24644730632581124,0.24644730632581124
CC1=NN(c2ccc(C)cc2)C(=O)C1,-2.3656680770301746,-2.3847260187021626,-0.019057941671988043,0.019057941671988043
CC1=NN(c2ccc(S(=O)(=O)O)cc2)C(=O)C1,-1.6926403734362376,-1.7478665980106676,-0.05522622457442994,0.05522622457442994
CC1=NN(c2cccc(S(=O)(=O)O)c2)C(=O)C1,-1.7718214570283128,-1.7508558147140747,0.020965642314238142,0.020965642314238142
CC1=NN(c2ccccc2)C(=O)C1,-1.9250853013953315,-2.223374702903,-0.2982894015076685,0.2982894015076685
CCC1(CC)C(=O)N(c2ccccc2)N=C1OC(C)=O,-3.539999922814733,-4.003744668111128,-0.4637447452963954,0.4637447452963954
CCOC(=O)C1=NN(c2ccccc2)C(=O)C1,-3.2553453074529832,-3.049427945738087,0.20591736171489616,0.20591736171489616
COC(=O)C1CCCN1C(=O)COC(=O)c1ccccc1,-2.0799999488914582,-2.099043319646984,-0.019043370755525757,0.019043370755525757
COC(=O)[C@@H]1CCCN1C(=O)COC(=O)c1ccccc1,-2.084100027754131,-2.099043319646984,-0.01494329189285315,0.01494329189285315
NC(=O)C1CCCN1C(=O)COC(=O)c1ccccc1,-2.270000001460976,-1.6480221845767504,0.6219778168842254,0.6219778168842254
O=C(OCC(=O)N1CCCC1)c1ccccc1,-1.5700001016389824,-2.0840595151592938,-0.5140594135203114,0.5140594135203114
O=C(OCC(=O)N1CCCC1C(=O)O)c1ccccc1,-1.5900001143398153,-1.9201599231006967,-0.33015980876088147,0.33015980876088147
O=C(OCC(=O)N1CCC[C@H]1C(=O)O)c1ccccc1,-1.5917000092014904,-1.9201601273658806,-0.32846011816439025,0.32846011816439025
CC12CCC3(O)C(CCC4=CC(=O)CCC43C)C1CCC2=O,-2.6800000575628657,-3.5036830029466963,-0.8236829453838306,0.8236829453838306
CC12CCC3C(CCC4=CC(=O)CCC43C)C1CCC2=O,-3.7000000244213958,-4.151482186012033,-0.45148216159063725,0.45148216159063725
CCC12CC[C@H]3[C@@H](CCC4=CC(=O)CC[C@@H]43)[C@@H]1CCC2=O,-3.7327198343982886,-4.005933710000212,-0.27321387560192356,0.27321387560192356
C[C@]12CCC(=O)C=C1CC[C@@H]1[C@@H]2CC[C@]2(C)C(=O)CC(O)[C@@H]12,-2.213096895902274,-3.4802840175832497,-1.2671871216809758,1.2671871216809758
C[C@]12CCC(=O)C=C1CC[C@@H]1[C@@H]2CC[C@]2(C)C(=O)CC[C@@H]12,-3.694899999394397,-4.151482186012033,-0.45658218661763605,0.45658218661763605
C[C@]12CC[C@H]3[C@@H](CCC4=CC(=O)CC[C@@H]43)[C@@H]1CCC2=O,-3.1565005508077144,-3.7609773352527904,-0.604476784445076,0.604476784445076
COc1ccc(Cn2cc(F)c(=O)[nH]c2=O)cc1,-2.749999999883189,-2.7743742663899873,-0.024374266506798303,0.024374266506798303
Cc1ccc(Cn2cc(F)c(=O)[nH]c2=O)cc1,-2.920000056773972,-2.7963327055871097,0.12366735118686245,0.12366735118686245
Cc1cn(Cc2ccccc2)c(=O)[nH]c1=O,-2.2558000305728854,-2.3743052260726003,-0.11850519549971494,0.11850519549971494
O=c1[nH]c(=O)n(Cc2ccc(Cl)cc2)cc1F,-3.4899999591510453,-3.159254224220762,0.33074573493028314,0.33074573493028314
O=c1[nH]c(=O)n(Cc2ccc(Cl)cc2Cl)cc1F,-3.9399999725662065,-3.3893623840074567,0.5506375885587498,0.5506375885587498
O=c1[nH]c(=O)n(Cc2ccccc2)cc1F,-2.6500000725558137,-2.4078086653839086,0.24219140717190513,0.24219140717190513
CCC(C)(C)C(=O)OC1CC(C)C=C2C=CC(C)C(CCC3CC(O)CC(=O)O3)C21,-5.479999861116023,-5.05523953472619,0.4247603263898334,0.4247603263898334
CCC(C)(C)C(=O)O[C@H]1C[C@@H](C)C=C2C=C[C@H](C)[C@H](CC[C@@H]3C[C@@H](O)CC(=O)O3)[C@H]21,-7.144699831579068,-5.05523953472619,2.089460296852878,2.089460296852878
CCC(C)C(=O)OC1CC(C)C=C2C=CC(C)C(CCC3CC(O)CC(=O)O3)C21,-6.010000197688095,-4.521833961359194,1.488166236328901,1.488166236328901
CCC(C)C(=O)OC1CC(O)C=C2C=CC(C)C(CCC3CC(O)CC(=O)O3)C21,-3.349999870245215,-3.7775544762644753,-0.4275546060192603,0.4275546060192603
CCC(C)C(=O)OC1CCC=C2C=CC(C)C(CCC3CC(O)CC(=O)O3)C21,-5.420000095367103,-4.307951019205212,1.1120490761618909,1.1120490761618909
C1OC1C1CO1,1.0649998013974877,1.2804333886519976,0.2154335872545099,0.2154335872545099
C1O[C@@H]1[C@@H]1CO1,1.0649998013974877,1.2804333886519976,0.2154335872545099,0.2154335872545099
C1O[C@@H]1[C@H]1CO1,1.0649998013974877,1.2804333886519976,0.2154335872545099,0.2154335872545099
C1O[C@H]1[C@H]1CO1,1.0649998013974877,1.2804333886519976,0.2154335872545099,0.2154335872545099
CC1OC1C1OC1C,-0.05750002628762685,0.05291347629947385,0.1104135025871007,0.1104135025871007
CCc1c[nH]c(=O)nc1N,-1.0197001634294698,-1.6697444251327147,-0.6500442617032449,0.6500442617032449
Cc1c[nH]c(=O)nc1N,-1.440000155260358,-1.394006036121101,0.045994119139256995,0.045994119139256995
Nc1ccnc(=O)[nH]1,-1.142600124364049,-0.740510509868125,0.40208961449592384,0.40208961449592384
Nc1nc(=O)[nH]cc1F,-0.9720001576498052,-1.4402232128413421,-0.46822305519153695,0.46822305519153695
O=c1nccc[nH]1,0.6748998723214297,0.45123848345333206,-0.2236613888680976,0.2236613888680976
CC(C)(C1CCC(O)CC1)C1CCC(O)CC1,-3.097609736487484,-3.0089136103916525,0.08869612609583166,0.08869612609583166
CC1CC(CC2CCC(N)C(C)C2)CCC1N,-1.8210383360647422,-1.3603104513599953,0.4607278847047469,0.4607278847047469
CCOC(=O)CC(NC1CCC(CC2CCC(NC(CC(=O)OCC)C(=O)OCC)C(C)C2)CC1C)C(=O)OCC,-5.066533901459545,-3.786406852722497,1.280127048737048,1.280127048737048
CCOC(=O)CC(NC1CCC(CC2CCC(NC(CC(=O)OCC)C(=O)OCC)CC2)CC1)C(=O)OCC,-3.7440776595154888,-3.3117008801858354,0.43237677932965335,0.43237677932965335
NC1CCC(CC2CCC(N)CC2)CC1,-1.624003594821681,-0.950068613368583,0.6739349814530982,0.6739349814530982
CC(C)=NNC(=N)N1Cc2cccc3cccc(c23)C1,-2.480000032687129,-2.508134940387003,-0.028134907699874034,0.028134907699874034
CN(C)NC(=N)N1Cc2cccc3cccc(c23)C1,-1.0700000564717391,-1.717500399572809,-0.64750034310107,0.64750034310107
CN=C(NC)N1Cc2cccc3cccc(c23)C1,-1.1499999710982813,-1.5610197870873501,-0.4110198159890688,0.4110198159890688
COc1cc2c3c(cccc3c1)CN(C(N)=NO)C2,-1.2100001453775693,-1.8954932680050272,-0.6854931226274579,0.6854931226274579
NC(=NO)N1Cc2cccc3c(Cl)ccc(c23)C1,-2.0000000342649162,-2.3833745321560844,-0.3833744978911682,0.3833744978911682
CC1c2nc3ccccc3c(=O)n2C(C)CN1C,-2.0899999552418747,-1.1399651034897869,0.9500348517520878,0.9500348517520878
CCCN1CC(C)n2c(nc3ccccc3c2=O)C1C,-2.240000050498121,-1.9767831172688535,0.26321693322926754,0.26321693322926754
CCCN1CCn2c(nc3ccccc3c2=O)C1C,-2.309999958774247,-2.6440606197549563,-0.3340606609807093,0.3340606609807093
CCN1CC(C)n2c(nc3ccccc3c2=O)C1C,-2.4600000540304934,-1.5810884328900243,0.8789116211404691,0.8789116211404691
CCN1CCn2c(nc3ccccc3c2=O)C1C,-2.5000000113437646,-2.244325774300776,0.25567423704298875,0.25567423704298875
C(=C\c1ccccc1)/c1ccccc1,-5.79050009914949,-5.14761614920798,0.6428839499415098,0.6428839499415098
CC/C(=C(/CC)c1ccc(O)cc1)c1ccc(O)cc1,-4.349500055585933,-4.002289414851552,0.3472106407343807,0.3472106407343807
CCC(=C(CC)c1ccc(O)cc1)c1ccc(O)cc1,-4.3499998244029126,-4.002289346763157,0.3477104776397555,0.3477104776397555
Nc1ccc(/C=C/c2ccc(N)cc2S(=O)(=O)O)c(S(=O)(=O)O)c1,-4.063530363947162,-1.7061221479372035,2.3574082160099588,2.3574082160099588
Nc1ccc(/C=C/c2ccc(N)cc2S(=O)(=O)[O-])c(S(=O)(=O)[O-])c1,-0.6173903510651386,-1.1342938849197859,-0.5169035338546473,0.5169035338546473
CCCc1cc(=O)[nH]c(=S)[nH]1,-2.1503999445747457,-2.4455122054096803,-0.2951122608349346,0.2951122608349346
CCOC(=O)c1c[nH]c(=S)[nH]c1=O,-2.098500042345802,-2.2656970191821455,-0.1671969768363435,0.1671969768363435
Cc1c[nH]c(=S)[nH]c1=O,-2.446100012520985,-2.0946648954268436,0.35143511709414144,0.35143511709414144
Cc1cc(=O)[nH]c(=S)[nH]1,-2.4258999561165715,-2.229830095514574,0.19606986060199771,0.19606986060199771
O=c1cc[nH]c(=S)[nH]1,-2.2572998817309795,-1.8473844595036815,0.40991542222729804,0.40991542222729804
CCOP(=S)(OCC)Oc1ccc(=O)n(-c2ccccc2)n1,-3.53189988907377,-4.329624917000951,-0.7977250279271808,0.7977250279271808
CNc1cnn(-c2cccc(C(F)(F)F)c2)c(=O)c1Cl,-3.9547998022114608,-3.410095708719034,0.544704093492427,0.544704093492427
Nc1cnn(-c2ccccc2)c(=O)c1Br,-3.1240000450390486,-2.9127084535651884,0.21129159147386023,0.21129159147386023
Nc1cnn(-c2ccccc2)c(=O)c1Cl,-2.743599895048098,-2.85105493986409,-0.1074550448159921,0.1074550448159921
O=c1c(Cl)c(Cl)cnn1-c1ccccc1,-3.3821999615054863,-3.8875928117968686,-0.5053928502913823,0.5053928502913823
CC(=O)Nc1nc2c(ncn2COCCO)c(=O)[nH]1,-1.9199999834615844,-1.8693685680255996,0.05063141543598482,0.05063141543598482
CC(=O)Nc1nc2c(ncn2COCCOC(C)=O)c(=O)[nH]1,-2.140000123170746,-2.2593903997129554,-0.11939027654220924,0.11939027654220924
CC(=O)OCCOCn1cnc2c(=O)[nH]c(N)nc21,-2.7000000362195014,-2.2770552528297134,0.4229447833897879,0.4229447833897879
Nc1nc2c(ncn2COC(CO)CO)c(=O)[nH]1,-1.7699999562937325,-2.0029633092899486,-0.23296335299621607,0.23296335299621607
Nc1nc2c(ncn2COCCO)c(=O)[nH]1,-2.119999906204729,-1.901966772129587,0.21803313407514202,0.21803313407514202
CC1=CC(=O)c2ccccc2C1=O,-3.031899907739396,-3.194913657016584,-0.1630137492771877,0.1630137492771877
CSC1=CC(=O)c2ccccc2C1=O,-4.465099715019308,-4.443425817223569,0.021673897795738917,0.021673897795738917
O=C(CC(Cl)Cl)NC1=C(Cl)C(=O)c2ccccc2C1=O,-5.03000012005444,-5.5323859825714035,-0.502385862516963,0.502385862516963
O=C1C(Cl)=C(Cl)C(=O)c2ccccc21,-5.023776432249976,-5.138861207242751,-0.11508477499277525,0.11508477499277525
O=C1C(Cl)=C(NC(=O)C(Cl)Cl)C(=O)c2ccccc21,-5.0261000168069545,-5.576931044495,-0.5508310276880453,0.5508310276880453
CC(C)OC(=O)C1(S(=O)(=O)c2ccc([N+](=O)[O-])cc2)CCCCC1,-4.879599937391032,-4.2459769623640415,0.6336229750269906,0.6336229750269906
COC(=O)C1(S(=O)(=O)c2ccc(Br)cc2)CCCCC1,-4.478600009563627,-4.009836809137064,0.4687632004265634,0.4687632004265634
COC(=O)C1(S(=O)(=O)c2ccc(C)cc2)CCCCC1,-4.60999998951374,-3.8578362768450085,0.752163712668731,0.752163712668731
COC(=O)C1(S(=O)(=O)c2ccccc2)CCCCC1,-3.8499998473240638,-3.3214407207801653,0.5285591265438985,0.5285591265438985
Cc1ccc(S(=O)(=O)C2(C(=O)OC(C)C)CCCCC2)cc1,-4.619999859687367,-4.170775032645681,0.44922482704168587,0.44922482704168587
C=C(Br)C(=O)Nc1ccc(NNC2=C3C(=O)C=C(S(=O)(=O)[O-])C=C3C=CC2=N)c(S(=O)(=O)[O-])c1,-1.678533275118496,-0.8944975891634748,0.7840356859550213,0.7840356859550213
C=C(Br)C(=O)Nc1ccc(NNC2=C3C(=O)C=C(S(=O)(=O)[O-])C=C3C=CC2=NC)c(S(=O)(=O)[O-])c1,-1.9476531998132682,-0.8770067699835282,1.07064642982974,1.07064642982974
CC(=O)Nc1ccc(NNC2=C3C(=O)C=C(S(=O)(=O)[O-])C=C3C=CC2=N)c(C(F)(F)F)c1,-1.3288182070508563,-2.037168603773657,-0.7083503967228009,0.7083503967228009
N=C1C=CC2=CC(S(=O)(=O)[O-])=CC(=O)C2=C1NNc1ccc(N)cc1S(=O)(=O)[O-],0.3165863294195441,-0.9597129259451718,-1.276299255364716,1.276299255364716
N=C1C=CC2=CC(S(=O)(=O)[O-])=CC(=O)C2=C1NNc1ccccc1C(F)(F)F,-2.068630004040004,-1.8799986643804196,0.18863133965958445,0.18863133965958445
CCOC(=O)Cc1ccc(-c2nc3ccccc3s2)cc1,-4.360000103106907,-4.887454614601753,-0.5274545114948452,0.5274545114948452
CCOP(=O)(Cc1ccc(-c2nc3ccccc3s2)cc1)OCC,-4.001699837441985,-4.014415821767943,-0.012715984325957663,0.012715984325957663
Cc1ccc(-c2nc3ccccc3s2)cc1,-4.3499998244029126,-4.590357577061786,-0.24035775265887338,0.24035775265887338
Cc1ccc2nc(-c3ccc(N)cc3)sc2c1,-3.680000011720563,-3.5440758302972926,0.13592418142327034,0.13592418142327034
Cc1ccc2nc(-c3ccc(N)cc3)sc2c1S(=O)(=O)O,-4.33249947284771,-2.8770124317682733,1.4554870410794365,1.4554870410794365
O=C(NC(=O)c1c(F)cccc1F)Nc1cc(Cl)c(F)c(Cl)c1F,-7.30229968109634,-6.583306932107675,0.7189927489886649,0.7189927489886649
O=C(NC(=O)c1c(F)cccc1F)Nc1cc(Cl)c(OC(F)(F)C(F)F)c(Cl)c1,-5.820000077030182,-6.570660738386269,-0.7506606613560871,0.7506606613560871
O=C(NC(=O)c1c(F)cccc1F)Nc1ccc(Cl)cc1,-6.5399997171994295,-5.868951002796976,0.6710487144024535,0.6710487144024535
O=C(NC(=O)c1c(F)cccc1F)Nc1ccc(OC(F)(F)C(F)OC(F)(F)F)c(Cl)c1,-6.967500056768127,-6.767903557763484,0.1995964990046435,0.1995964990046435
O=C(NC(=O)c1ccccc1Cl)Nc1ccc(OC(F)(F)F)cc1,-7.156799684021532,-6.220034375244182,0.9367653087773506,0.9367653087773506
CC(=O)Nc1ccc(S(=O)(=O)Nc2ccccn2)cc1,-3.716200091903322,-3.334645120183288,0.38155497172003416,0.38155497172003416
CCOC(=O)c1ccc(NS(=O)(=O)c2ccccc2)nc1,-4.2399997545483314,-3.88385244392331,0.35614731062502125,0.35614731062502125
Cc1ccc(NS(=O)(=O)c2ccc([N+](=O)[O-])cc2)nc1,-4.289999922477203,-4.011943940687343,0.27805598178986024,0.27805598178986024
Nc1ccc(S(=O)(=O)Nc2ccccn2)cc1,-2.7000000362195014,-3.0337859966996215,-0.3337859604801201,0.3337859604801201
O=S(=O)(Nc1ncccc1Cl)c1ccccc1,-3.1700000538244457,-3.5181290452931737,-0.348128991468728,0.348128991468728
CC(=O)OC1c2ccccc2N(C(N)=O)c2ccccc2C1OC(C)=O,-3.549999929165149,-3.28404589353589,0.2659540356292589,0.2659540356292589
CC(CN(C)C)CN1c2ccccc2CCc2ccccc21,-4.789999831467657,-3.1781589074273664,1.611840924040291,1.611840924040291
CN(C)CCCN1c2ccccc2CCc2ccccc21,-4.186999748126482,-3.1971775280514247,0.989822220075057,0.989822220075057
CNCCCN1c2ccccc2CCc2ccccc21,-3.6576170413825873,-2.9561515558871245,0.7014654854954627,0.7014654854954627
NC(=O)N1c2ccccc2C(O)C(O)c2ccccc21,-2.0299999852277706,-2.6832733390488936,-0.6532733538211231,0.6532733538211231
CCOC(=O)c1c(C)oc(C)c(C(=O)OCC)c1=O,-1.525500114232666,-2.3388626292806984,-0.8133625150480324,0.8133625150480324
CCc1occc(=O)c1O,-1.1759581268643124,-0.5111465817684722,0.6648115450958403,0.6648115450958403
COc1coc(CSP(=O)(OC)OC)cc1=O,0.728599827440628,-0.855977805462234,-1.584577632902862,1.584577632902862
Cc1occc(=O)c1O,-1.0630000247910898,-0.5514167819202429,0.5115832428708469,0.5115832428708469
O=C(O)c1cc(=O)cc(C(=O)O)o1,-1.1096999482296388,-1.33539527362373,-0.2256953253940912,0.2256953253940912
Cc1c(C)c2c3ccccc3ccc2c2ccccc12,-7.010899871893143,-7.425919608716304,-0.4150197368231616,0.4150197368231616
Cc1cc2c3ccccc3ccc2c2ccccc12,-6.571499587408773,-7.321012823137648,-0.749513235728875,0.749513235728875
Cc1cc2ccccc2c2ccc3ccccc3c12,-6.591999913633742,-7.163265085627126,-0.5712651719933834,0.5712651719933834
Nc1cc2c3ccccc3ccc2c2ccccc12,-6.1957998091011754,-5.934679181367432,0.2611206277337432,0.2611206277337432
c1ccc2c(c1)ccc1c3ccccc3ccc21,-8.057499931902782,-7.061778516290225,0.9957214156125573,0.9957214156125573
CC(C)(C)NC(=O)C1N(C(=O)C(O)C(Cc2ccccc2)NC(=O)c2ccc(Cl)cc2)CSC1(C)C,-4.280000188480365,-4.028104516900353,0.25189567158001225,0.25189567158001225
CC(C)(C)NC(=O)C1N(C(=O)C(O)C(Cc2ccccc2)NC(=O)c2ccc([N+](=O)[O-])cc2)CSC1(C)C,-3.9799999298794773,-4.000813598896781,-0.02081366901730375,0.02081366901730375
CC(C)(C)NC(=O)C1N(C(=O)C(O)C(Cc2ccccc2)NC(=O)c2ccccc2)CSC1(C)C,-3.619999837441275,-3.556247243642569,0.06375259379870579,0.06375259379870579
COc1ccc(C(=O)NC(Cc2ccccc2)C(O)C(=O)N2CSC(C)(C)C2C(=O)NC(C)(C)C)cc1,-4.110000080523285,-3.9357371624402395,0.17426291808304573,0.17426291808304573
Cc1ccc(C(=O)NC(Cc2ccccc2)C(O)C(=O)N2CSC(C)(C)C2C(=O)NC(C)(C)C)cc1,-4.110000080523285,-3.909173088049917,0.2008269924733681,0.2008269924733681
C=CC(=O)OCCn1c(=O)n(CCOC(=O)C=C)c(=O)n(CCOC(=O)C=C)c1=O,-2.45141935026726,-2.2790029894480375,0.17241636081922262,0.17241636081922262
C=CCn1c(=O)n(CC=C)c(=O)n(CC=C)c1=O,-1.852602073188299,-2.0117593085571714,-0.15915723536887239,0.15915723536887239
O=c1[nH]c(=O)[nH]c(=O)[nH]1,-1.8076460297143908,-2.218114397794916,-0.4104683680805252,0.4104683680805252
O=c1n(CCO)c(=O)n(CCO)c(=O)n1CCO,0.3403663374396415,0.16289039609986222,-0.1774759413397793,0.1774759413397793
O=c1n(Cl)c(=O)n(Cl)c(=O)n1Cl,-1.2871000390977403,-1.076366321374672,0.21073371772306837,0.21073371772306837
CCc1nc2[nH]c(=O)[nH]c(=O)c2nc1CC,-2.390000077665973,-3.106753790861757,-0.716753713195784,0.716753713195784
Cc1nc2c(=O)[nH]c(=O)n(C)c2nc1C,-2.112900056937473,-2.2168919387567634,-0.1039918818192902,0.1039918818192902
Cc1nc2c(=O)n(C)c(=O)n(C)c2nc1C,-1.342900112662565,-1.2833847277534254,0.05951538490913966,0.05951538490913966
Cn1c(=O)c2nccnc2n(C)c1=O,-1.4597999880808208,-0.9744172956610795,0.4853826924197413,0.4853826924197413
O=c1[nH]c(=O)c2nccnc2[nH]1,-2.1182999432546596,-3.0405724840246813,-0.9222725407700216,0.9222725407700216
CCOP(=S)(OCC)SCn1c(=O)oc2cc(Cl)ccc21,-5.081299686907458,-5.577441162747972,-0.49614147584051427,0.49614147584051427
CCOP(=S)(OCC)SCn1c(=O)oc2ccccc21,-5.190499718124504,-5.110220504902969,0.08027921322153464,0.08027921322153464
O=C(O)CCC(=O)OCn1c(=O)oc2ccc(Cl)cc21,-3.410000044524503,-3.136342930495287,0.2736571140292159,0.2736571140292159
O=c1[nH]c2cc(Cl)ccc2o1,-2.66000007890623,-3.5747181271755943,-0.9147180482693642,0.9147180482693642
O=c1oc2ccc(Cl)cc2n1CO,-2.7000000362195014,-2.9274864183247,-0.22748638210519845,0.22748638210519845
O=C(O)c1ccccc1-c1c2ccc(=O)cc-2oc2cc(O)ccc12,-3.819999896361209,-3.5480824237940647,0.27191747256714427,0.27191747256714427
O=C([O-])c1c(Cl)c(Cl)c(Cl)c(Cl)c1-c1c2cc(Br)c(=O)c(Br)c-2oc2c(Br)c([O-])c(Br)cc12,-6.4900688632563455,-6.569118672423471,-0.07904980916712567,0.07904980916712567
O=C([O-])c1ccccc1-c1c2cc(Br)c(=O)c(Br)c-2oc2c(Br)c([O-])c(Br)cc12,-3.9917899801261303,-5.022004636043515,-1.0302146559173844,1.0302146559173844
O=C([O-])c1ccccc1-c1c2cc(I)c(=O)c(I)c-2oc2c(I)c([O-])c(I)cc12,-1.0993151062724698,-2.731967435390941,-1.6326523291184714,1.6326523291184714
O=C([O-])c1ccccc1-c1c2ccc(=O)cc-2oc2cc([O-])ccc12,-1.5755054568795337,-3.1588351146183355,-1.5833296577388019,1.5833296577388019
Cc1ccc(C(=O)OCCCl)cc1N/N=C1/C(=O)C(C(=O)Nc2cc(C)c(NC(=O)C3=Cc4ccccc4/C(=N/Nc4c(C)cccc4C(=O)OCCCl)C3=O)cc2C)=Cc2ccccc21,-7.814240796569644,-8.793321408521487,-0.9790806119518436,0.9790806119518436
Cc1ccc(Cl)cc1N/N=C1\C(=O)C(C(=O)Nc2cc(C)c(NC(=O)C3=Cc4ccccc4/C(=N\Nc4cc(Cl)ccc4C)C3=O)cc2C)=Cc2ccccc21,-7.678196371041363,-9.0066058536862,-1.3284094826448367,1.3284094826448367
O=C(Nc1cc(Cl)c(NC(=O)C2=Cc3ccccc3/C(=N\Nc3cc(C(F)(F)F)ccc3Cl)C2=O)cc1Cl)C1=Cc2ccccc2/C(=N/Nc2cc(C(F)(F)F)ccc2Cl)C1=O,-7.692243279218204,-9.058017494036866,-1.3657742148186625,1.3657742148186625
O=C(Nc1cc(Cl)c(NC(=O)C2=Cc3ccccc3/C(=N\Nc3cc(Cl)ccc3Cl)C2=O)cc1Cl)C1=Cc2ccccc2/C(=N/Nc2cc(Cl)ccc2Cl)C1=O,-8.150868185764747,-9.281389915757925,-1.1305217299931787,1.1305217299931787
O=C(Nc1ccc(NC(=O)C2=Cc3ccccc3/C(=N\Nc3cc(Cl)ccc3Cl)C2=O)c(Cl)c1)C1=Cc2ccccc2/C(=N\Nc2cc(Cl)ccc2Cl)C1=O,-7.869298161925258,-9.245867383190665,-1.3765692212654077,1.3765692212654077
Cc1ccc2[nH]c3cc4c(=O)c5cc(C)ccc5[nH]c4cc3c(=O)c2c1,-7.783778593495281,-7.103751198662669,0.6800273948326119,0.6800273948326119
O=c1c2cc(Cl)ccc2[nH]c2cc3c(=O)c4cc(Cl)ccc4[nH]c3cc12,-7.419805270873702,-7.250659536093114,0.1691457347805887,0.1691457347805887
O=c1c2cc3[nH]c4c(Cl)cccc4c(=O)c3cc2[nH]c2c(Cl)cccc12,-6.457321613656395,-7.063169153663246,-0.6058475400068506,0.6058475400068506
O=c1c2ccccc2[nH]c2cc3c(=O)c4c(Cl)c(Cl)ccc4[nH]c3cc12,-7.066625320577394,-7.546826894692069,-0.480201574114675,0.480201574114675
O=c1c2ccccc2[nH]c2cc3c(=O)c4ccccc4[nH]c3cc12,-7.4817736082897195,-7.009403016624415,0.47237059166530493,0.47237059166530493
C=CC(=O)OCC1CC2CC1C1CCC(COC(=O)C=C)C21,-4.4930858155326,-4.417947956993637,0.07513785853896326,0.07513785853896326
CC(=O)OC1CC2CC1C1CCCC21,-3.338049846315253,-3.471043605363925,-0.13299375904867228,0.13299375904867228
CN(C)C(=O)NC1CC2CC1C1CCCC21,-3.0099999692398813,-1.8950468804894804,1.114953088750401,1.114953088750401
O=CC1CCC2C3CCC(C3)C12,-2.419967618552958,-2.101518537058923,0.31844908149403484,0.31844908149403484
OCC1CC2CC1C1CCC(CO)C21,-1.251505469008904,-1.1274282597302423,0.12407720927866173,0.12407720927866173
CCCCCC1CCC(c2ccc(CCC)cc2)CC1,-6.772570336335109,-6.9039000490619085,-0.13132971272679939,0.13132971272679939
O=[N+]([O-])c1cc(C2CCCCC2)c(O)c([N+](=O)[O-])c1,-4.249199858438002,-4.260988138386394,-0.011788279948391711,0.011788279948391711
Oc1ccc(C2CCCCC2)c(O)c1,-2.576299900470598,-2.3298955238776347,0.24640437659296355,0.24640437659296355
Oc1ccc(C2CCCCC2)cc1,-3.467999883900574,-3.4429985403008363,0.025001343599737602,0.025001343599737602
c1ccc(C2CCCCC2)cc1,-4.341502120392798,-4.2034693775629615,0.13803274282983669,0.13803274282983669
CN1C2CCC1CC(OC(=O)C(CO)c1ccccc1)C2,-1.909999977111168,-1.5073311346416693,0.40266884246949863,0.40266884246949863
CN1C2CCC1CC(OC(=O)C(COS(=O)(=O)O)c1ccccc1)C2,-1.5675000319629837,-0.8657276550505824,0.7017723769124014,0.7017723769124014
CN1C2CCC1CC(OC(=O)C(O)c1ccccc1)C2,-1.440000155260358,-1.4947541187292614,-0.05475396346890338,0.05475396346890338
CN1[C@@H]2CC[C@H]1CC(OC(=O)[C@H](CO)c1ccccc1)C2,-1.909999977111168,-1.50733099846488,0.40266897864628803,0.40266897864628803
CN1[C@@H]2CC[C@H]1C[C@@H](OC(=O)C(CO)c1ccccc1)C2,-2.0000000342649162,-1.5073311346416693,0.4926688996232469,0.4926688996232469
CCONC(=O)c1cn(C)c(=O)c(C)c1Nc1ccc(Br)cc1F,-3.819999896361209,-3.8641128012437482,-0.04411290488253927,0.04411290488253927
CCONC(=O)c1cn(C)c(=O)c(F)c1Nc1ccc(Br)cc1F,-4.189999995149828,-3.671285514261776,0.5187144808880517,0.5187144808880517
CONC(=O)c1cn(C)c(=O)c(C)c1Nc1ccc(Br)cc1F,-3.2799999449469905,-3.77204789543282,-0.4920479504858295,0.4920479504858295
Cc1c(Nc2ccc(Br)cc2F)c(C(=O)NOCCO)cn(C)c1=O,-2.9600000225982925,-3.048360494185957,-0.08836047158766425,0.08836047158766425
Cn1cc(C(N)=O)c(Nc2ccc(Br)cc2F)c(F)c1=O,-4.139999827220956,-3.4438676886589747,0.6961321385619814,0.6961321385619814
CC1NC(=O)c2ccccc2N(CC(O)C(O)C(O)CO)C1=O,-1.5100000635364839,-1.5937075274303467,-0.08370746389386285,0.08370746389386285
CC1NC(=O)c2ccccc2NC1=O,-2.3800001394039514,-2.0519102859298513,0.32808985347410013,0.32808985347410013
O=C1CNC(=O)c2cc(Cl)ccc2N1,-3.0499999302767367,-2.8184238831096677,0.23157604716706892,0.23157604716706892
O=C1CNC(=O)c2ccccc2N1,-2.8499998931663666,-1.9035628321893694,0.9464370609769972,0.9464370609769972
O=C1NCC(=O)N(CC(O)C(O)C(O)CO)c2ccccc21,-1.4600000317844015,-1.7151754532479369,-0.25517542146353533,0.25517542146353533
CCc1nc2nc(N)[nH]c(=O)c2nc1CC,-4.280000188480365,-3.077925909269464,1.2020742792109007,1.2020742792109007
Cc1cnc2c(=O)[nH]cnc2n1,-1.5599999591117766,-1.8473806465535794,-0.2873806874418028,0.2873806874418028
Cc1cnc2nc[nH]c(=O)c2n1,-1.6500000162655246,-1.8385897539159572,-0.18858973765043263,0.18858973765043263
Cc1nc2nc[nH]c(=O)c2nc1C,-2.289999946073414,-1.9805696490740075,0.3094302969994067,0.3094302969994067
Cn1cnc2nccnc2c1=O,-1.0700000564717391,-1.1518928284704903,-0.08189277199875122,0.08189277199875122
CCOP(=S)(OCC)Oc1cnc2ccccc2n1,-4.132199688814378,-4.421040531880174,-0.28884084306579627,0.28884084306579627
COc1cc2nccnc2c(N)c1OC,-1.7101999618948147,-1.8257866845331991,-0.11558672263838443,0.11558672263838443
Clc1c(Cl)c(Cl)c2nccnc2c1Cl,-5.427999937035289,-5.183647846790686,0.24435209024460303,0.24435209024460303
Oc1cccc2nccnc12,-1.3467999435564728,-1.3865921631775637,-0.03979221962109092,0.03979221962109092
c1ccc2nccnc2c1,0.7051000712530491,-0.05001329876177785,-0.7551133700148269,0.7551133700148269
CC(=O)OCn1cc2c(=O)n(COC(C)=O)cnc2n1,-1.9900000279144996,-2.0635245319414306,-0.073524504026931,0.073524504026931
CC(C)(C)C(=O)OCn1cc2c(=O)[nH]cnc2n1,-2.1700000741336005,-3.1294862333964963,-0.9594861592628958,0.9594861592628958
CC(C)(C)C(=O)OCn1cc2c(=O)n(COC(=O)C(C)(C)C)cnc2n1,-3.9100000216033517,-4.154261690459814,-0.24426166885646206,0.24426166885646206
CCCC(=O)OCn1cc2c(=O)[nH]cnc2n1,-2.2000000250964553,-2.7172926160383257,-0.5172925909418704,0.5172925909418704
CCCC(=O)OCn1cc2c(=O)n(COC(=O)CCC)cnc2n1,-3.549999929165149,-3.332695068559545,0.21730486060560406,0.21730486060560406
CC(C)COC(=O)n1c(-c2cscn2)nc2ccccc21,-4.169999982448995,-3.7699436916835127,0.4000562907654821,0.4000562907654821
CCCOC(=O)n1c(-c2cscn2)nc2ccccc21,-3.5199999441580974,-3.604573186034562,-0.08457324187646442,0.08457324187646442
CCOC(=O)n1c(-c2cscn2)nc2ccccc21,-2.920000056773972,-3.3999568020434623,-0.47995674526949017,0.47995674526949017
COC(=O)n1c(-c2cscn2)nc2ccccc21,-3.1099998710341086,-3.4177199067137494,-0.3077200356796408,0.3077200356796408
c1ccc2[nH]c(-c3cscn3)nc2c1,-3.604799954433056,-2.9154562798873425,0.6893436745457135,0.6893436745457135
CCCCCCCCCCNC(=O)NC12CC3CC(CC(C3)C1)C2,-5.82999981102702,-5.052566248174116,0.7774335628529041,0.7774335628529041
CCCCCOC(=O)CCCNC(=O)NC12CC3CC(CC(C3)C1)C2,-2.3199999651246634,-4.181746796565024,-1.8617468314403607,1.8617468314403607
COC(=O)CCCNC(=O)NC12CC3CC(CC(C3)C1)C2,-2.249999988760143,-2.956666108396799,-0.7066661196366559,0.7066661196366559
NC12CC3CC(CC(C3)C1)C2,-1.8500000070970641,-1.7865762121562865,0.06342379494077766,0.06342379494077766
O=C(O)CCCNC(=O)NC12CC3CC(CC(C3)C1)C2,-1.6000001206902317,-2.2609938814077584,-0.6609937607175267,0.6609937607175267
CC(=O)OCCN1CCN(CCCN2c3ccccc3Sc3ccc(Cl)cc32)CC1,-4.699999774313909,-4.225553031317907,0.474446742996002,0.474446742996002
CN1CCN(CCCN2c3ccccc3Sc3ccc(C(F)(F)F)cc32)CC1,-4.523799809490503,-4.300817261917404,0.22298254757309977,0.22298254757309977
CN1CCN(CCCN2c3ccccc3Sc3ccc(Cl)cc32)CC1,-4.397900010062947,-4.060104632545437,0.33779537751750954,0.33779537751750954
OCCN1CCN(CCCN2c3ccccc3Sc3ccc(C(F)(F)F)cc32)CC1,-4.148799843703466,-4.095586448252678,0.05321339545078807,0.05321339545078807
OCCN1CCN(CCCN2c3ccccc3Sc3ccc(Cl)cc32)CC1,-4.154600089781392,-3.8916943205158296,0.26290576926556275,0.26290576926556275
CC(C)(C)C(O)C(Cc1ccc(Cl)cc1)n1cncn1,-4.050000110509182,-3.7019456502994847,0.3480544602096973,0.3480544602096973
CC(C)(C)C(O)C(Cc1ccc(Cl)cc1Cl)n1cncn1,-4.5619000325037025,-4.124886314341394,0.4370137181623086,0.4370137181623086
CCCC(Cn1cncn1)c1ccc(Cl)cc1Cl,-3.5903000541663834,-4.112696108599184,-0.522396054432801,0.522396054432801
CCCCC(C#N)(Cn1cncn1)c1ccc(Cl)cc1,-3.309999912931944,-4.351793136542094,-1.0417932236101497,1.0417932236101497
CCCCC(O)(Cn1cncn1)c1ccc(Cl)cc1Cl,-4.266799891403022,-3.807910801885105,0.4588890895179172,0.4588890895179172
CC(=O)OCC(=O)C1(O)CCC2C3CCC4=CC(=O)CCC4(C)C3C(=O)CC21C,-4.2100000078506605,-4.131857748896276,0.07814225895438476,0.07814225895438476
CC(=O)OCC(=O)[C@@]1(O)CC[C@H]2[C@@H]3CCC4=CC(=O)CC[C@]4(C)[C@H]3C(=O)C[C@@]21C,-4.303699852194736,-4.13185795316146,0.17184189903327596,0.17184189903327596
CC12CCC(=O)C=C1CCC1C2C(=O)CC2(C)C1CCC2(O)C(=O)CO,-3.1099998710341086,-3.264110122235441,-0.15411025120133237,0.15411025120133237
C[C@]12CCC(=O)C=C1CC[C@@H]1[C@@H]2C(=O)C[C@@]2(C)[C@H]1CC[C@]2(O)C(=O)CO,-3.1096999416555264,-3.264110190323836,-0.15441024866830944,0.15441024866830944
C=CCc1ccc2cncnc2c1O,-3.619999837441275,-2.5809422012643353,1.0390576361769397,1.0390576361769397
CCCc1ncnc2c(O)cccc12,-2.9205999240421856,-2.4865321949637087,0.4340677290784769,0.4340677290784769
Cc1ncnc2c(O)cccc12,-2.6024999402587436,-1.835171444149253,0.7673284961094906,0.7673284961094906
Oc1cccc2cncnc12,-2.036099956419095,-1.5218114935390674,0.5142884628800277,0.5142884628800277
CC1(C)SC2C(NC(=O)C(N)c3ccc(O)cc3)C(=O)N2C1C(=O)O,-2.1700000741336005,-1.6733548803492164,0.4966451937843841,0.4966451937843841
CC1(C)SC2C(NC(=O)C(N)c3ccccc3)C(=O)N2C1C(=O)O,-1.9900000279144996,-1.5665504712107237,0.42344955670377593,0.42344955670377593
CC1(C)SC2C(NC(=O)Cc3ccccc3)C(=O)N2C1C(=O)O,-1.6300000035646918,-2.0239942483746884,-0.3939942448099967,0.3939942448099967
CC1(C)S[C@@H]2[C@H](NC(=O)[C@H](N)c3ccccc3)C(=O)N2[C@H]1C(=O)O,-1.5390164776381314,-1.566550198857145,-0.02753372121901365,0.02753372121901365
CC1(C)C2CC=C(CCC=O)C1C2,-3.4657606608646088,-3.931889487256659,-0.4661288263920502,0.4661288263920502
CC1(C)[C@H]2CC=C(CCO)[C@@H]1C2,-2.6959998430318297,-3.3028492356780568,-0.6068493926462271,0.6068493926462271
CC1=CCC2CC1C2(C)C,-3.7725703376852286,-4.298691133705008,-0.5261207960197791,0.5261207960197791
CC1=CC[C@H]2C[C@@H]1C2(C)C,-4.772570564196505,-4.298690997528219,0.4738795666682858,0.4738795666682858
CCN(C(=O)CNC)C1CC(C)S(=O)(=O)c2sc(S(N)(=O)=O)cc21,-1.2100001453775693,-1.9031876651346618,-0.6931875197570925,0.6931875197570925
NS(=O)(=O)c1cc2c(s1)S(=O)(=O)CC(O)C2,-1.5399999464109437,-2.0356570414116772,-0.4956570950007335,0.4956570950007335
NS(=O)(=O)c1cc2c(s1)S(=O)(=O)CCC2,-2.6800000575628657,-2.1532164891092345,0.5267835684536313,0.5267835684536313
NS(=O)(=O)c1cc2c(s1)S(=O)(=O)CCC2O,-1.6500000162655246,-1.92721830653559,-0.2772182902700653,0.2772182902700653
COC1COC2C(OC)COC12,1.059991763791707,0.4483719620371449,-0.611619801754562,0.611619801754562
O=[N+]([O-])OC1COC2C(O[N+](=O)[O-])COC12,-2.630000093899178,-2.574215204046368,0.05578488985281016,0.05578488985281016
O=[N+]([O-])O[C@H]1CO[C@H]2[C@@H]1OC[C@H]2O[N+](=O)[O-],-2.632800092953759,-2.5742150678695785,0.0585850250841804,0.0585850250841804
O[C@@H]1CO[C@H]2[C@@H]1OC[C@@H]2O,1.1774499640463696,1.3919861462589478,0.2145361822125782,0.2145361822125782
CCCCOC1=CC(=O)C2(Oc3c(Cl)c(OC)cc(OC)c3C2=O)C(C)C1,-5.400000082666271,-5.067440975053522,0.33255910761274876,0.33255910761274876
CCCOC1=CC(=O)C2(Oc3c(Cl)c(OC)cc(OC)c3C2=O)C(C)C1,-5.219999696005196,-4.795417080325487,0.424582615679709,0.424582615679709
CCOC1=CC(=O)C2(Oc3c(Cl)c(OC)cc(OC)c3C2=O)C(C)C1,-4.599999846986534,-4.488127618631728,0.11187222835480615,0.11187222835480615
COC1=CC(=O)C2(Oc3c(Cl)c(OC)cc(OC)c3C2=O)C(C)C1,-4.399999992331784,-4.566238216482585,-0.16623822415080092,0.16623822415080092
CNCCC(Oc1ccc(C(F)(F)F)cc1)c1ccccc1,-1.5900001143398153,-4.229097440791565,-2.63909732645175,2.63909732645175
CO/N=C(/C(=O)OC)c1ccccc1COc1ccccc1C,-5.195000088659523,-4.761544465738203,0.43345562292131934,0.43345562292131934
CO/N=C(\C(=O)OC)c1ccccc1COc1ccccc1C,-5.189999949307525,-4.761544465738203,0.42845548356932195,0.42845548356932195
Nc1ccc(OCc2cccc(F)c2)c(Cl)c1,-4.693292114200032,-4.54130370164223,0.15198841255780238,0.15198841255780238
CC(C)(C)c1ccc(OCC2CO2)cc1,-3.4302389113138867,-4.545782283890949,-1.1155433725770623,1.1155433725770623
CCCCCC/C=C/CCCCCCCc1cccc(OCC2CO2)c1,-6.07985153708702,-6.23338215178441,-0.15353061469738982,0.15353061469738982
Cc1ccccc1OCC1CO1,-2.291104544100369,-2.404555606151102,-0.11345106205073296,0.11345106205073296
c1ccc(OCC2CO2)cc1,-1.7963922436642674,-1.9574125136884775,-0.16102027002421004,0.16102027002421004
COc1cc2c(cc1OC)C13CCN4CC5=CCOC6CC(=O)N2C1C6C5CC43,-2.7899999571964598,-2.7535639166819244,0.03643604051453542,0.03643604051453542
COc1cc2c(cc1OC)[C@@]13CCN4CC5=CCOC6CC(=O)N2C1[C@H]6[C@H]5C[C@H]43,-2.0908999476428045,-2.7535640528587138,-0.6626641052159092,0.6626641052159092
O=C1CC2OCC=C3CN4CCC56c7ccccc7N1C5C2C3CC46,-3.3199999022602618,-2.7529515637043356,0.5670483385559262,0.5670483385559262
O=C1C[C@@H]2OCC=C3CN4CC[C@]56c7ccccc7N1[C@H]5[C@H]2[C@H]3C[C@H]46,-3.320199928941744,-2.7529515637043356,0.5672483652374085,0.5672483652374085
O=C1C(S(=O)(=O)[O-])=Cc2cc(S(=O)(=O)[O-])ccc2/C1=N\Nc1ccc(S(=O)(=O)[O-])c2ccccc12,-1.082414068767274,-0.21755296448856454,0.8648611042787095,0.8648611042787095
O=C1C=C(S(=O)(=O)O)c2cc([N+](=O)[O-])ccc2/C1=N\Nc1c(O)ccc2ccccc12,-5.166184262968613,-4.38296073538538,0.7832235275832335,0.7832235275832335
O=C1C=Cc2cc(S(=O)(=O)[O-])cc(S(=O)(=O)[O-])c2/C1=N/Nc1ccc(S(=O)(=O)[O-])c2ccccc12,-0.8783000409521518,-0.32238485283306817,0.5559151881190836,0.5559151881190836
O=C1C=Cc2ccccc2/C1=N\Nc1ccc(S(=O)(=O)[O-])c2ccccc12,-2.426393052270871,-3.1855155690972707,-0.7591225168263995,0.7591225168263995
CC(=O)C1CCC2C3CC=C4CC(O)CCC4(C)C3CCC12C,-4.650000014915405,-4.882703951127876,-0.23270393621247099,0.23270393621247099
CC(=O)[C@H]1CC[C@H]2[C@@H]3CC=C4C[C@@H](O)CC[C@]4(C)[C@H]3CC[C@]12C,-4.651999907244058,-4.882703951127876,-0.2307040438838186,0.2307040438838186
CC(C)CCCC(C)C1CCC2C3CC=C4CC(O)CCC4(C)C3CCC12C,-6.999999736965007,-6.344210176518345,0.6557895604466619,0.6557895604466619
CC(C)CCC[C@@H](C)[C@H]1CC[C@H]2[C@@H]3CC=C4C[C@@H](O)CC[C@]4(C)[C@H]3CC[C@]12C,-7.100195350338703,-6.344210176518345,0.755985173820358,0.755985173820358
CC(C)C1(C)N=C(c2ncccc2C(=O)O)NC1=O,-1.364029439477623,-2.470134330695226,-1.1061048912176032,1.1061048912176032
CCc1cnc(C2=NC(C)(C(C)C)C(=O)N2)c(C(=O)O)c1,-2.3152999594164316,-2.958218140798369,-0.6429181813819373,0.6429181813819373
COCc1cnc(C2=NC(C)(C(C)C)C(=O)N2)c(C(=O)O)c1,-1.8400000007466475,-2.6372294472931226,-0.7972294465464751,0.7972294465464751
Cc1cnc(C2=NC(C)(C(C)C)C(=O)N2)c(C(=O)O)c1,-2.0910999913463857,-2.7326790952921756,-0.6415791039457899,0.6415791039457899
C1CCCCCC1,-3.5148999191310986,-4.579176781770764,-1.0642768626396655,1.0642768626396655
CN(O)C(=O)C1CCCCCC1,-1.450000025433985,-1.5360592624802256,-0.08605923704624052,0.08605923704624052
O=[N+]([O-])OC1CCCCCC1O[N+](=O)[O-],-3.0199999606959618,-3.2975916200615627,-0.27759165936560093,0.27759165936560093
OC1CCCCCC1,-0.8800002081674054,-1.5554131163155096,-0.6754129081481042,0.6754129081481042
O=[N+]([O-])c1ccc(-c2nc3ccc(Cl)cc3[nH]2)o1,-4.820000122872485,-4.8856181344203415,-0.06561801154785663,0.06561801154785663
O=[N+]([O-])c1ccc(-c2nc3ccc(F)cc3[nH]2)o1,-3.99999994258031,-4.652453103599072,-0.6524531610187618,0.6524531610187618
O=[N+]([O-])c1ccc(-c2nc3ccccc3[nH]2)o1,-3.8900000769909133,-4.530202705949776,-0.6402026289588627,0.6402026289588627
c1coc(-c2nc3ccccc3[nH]2)c1,-3.4139999994027934,-3.4163573898477324,-0.0023573904449389893,0.0023573904449389893
CC1OC(OC2C(O)CC(OC3C(O)CC(OC4CCC5(C)C(CCC6C5CC(O)C5(C)C(C7=CC(=O)OC7)CCC65O)C4)OC3C)OC2C)CC(O)C1O,-4.1599997718333945,-4.036764679820182,0.12323509201321237,0.12323509201321237
CC1OC(OC2C(O)CC(OC3C(O)CC(OC4CCC5(C)C(CCC6C5CCC5(C)C(C7=CC(=O)OC7)CCC65O)C4)OC3C)OC2C)CC(O)C1O,-5.2899998766349,-4.517652108334506,0.7723477683003939,0.7723477683003939
C[C@H]1O[C@@H](O[C@H]2[C@@H](O)C[C@H](O[C@H]3[C@@H](O)C[C@H](O[C@H]4CC[C@@]5(C)[C@H](CC[C@@H]6[C@@H]5CC[C@]5(C)[C@@H](C7=CC(=O)OC7)CC[C@]65O)C4)O[C@@H]3C)O[C@@H]2C)C[C@H](O)[C@@H]1O,-5.292600036251084,-4.517652108334506,0.7749479279165783,0.7749479279165783
C[C@H]1O[C@@H](O[C@H]2[C@@H](O)C[C@H](O[C@H]3[C@@H](O)C[C@H](O[C@H]4CC[C@@]5(C)[C@H](CC[C@@H]6[C@@H]5C[C@@H](O)[C@]5(C)[C@@H](C7=CC(=O)OC7)CC[C@]65O)C4)O[C@@H]3C)O[C@@H]2C)C[C@H](O)[C@@H]1O,-4.081099961399758,-4.036764475554998,0.044335485844760214,0.044335485844760214
CN1C(=O)C(Cc2ccc(O)cc2)N(CC(=O)O)C1=O,-0.04999995343641972,-1.5607620044250774,-1.5107620509886577,1.5107620509886577
COc1ccc(CC2NC(=O)N(C(C)C(=O)O)C2=O)cc1,-0.8600001954665726,-1.7274276875177033,-0.8674274920511307,0.8674274920511307
COc1ccc(CC2NC(=O)N(C)C2=O)cc1,-0.8899999421642435,-2.2117546693778727,-1.3217547272136292,1.3217547272136292
O=C(O)CN1C(=O)NC(=O)C1Cc1ccccc1,-1.7899999689945654,-1.6045488339854759,0.1854511350090895,0.1854511350090895
CC(=O)OC[C@H]1O[C@@](COC(C)=O)(O[C@H]2O[C@H](COC(C)=O)[C@@H](OC(C)=O)[C@H](OC(C)=O)[C@H]2OC(C)=O)[C@@H](OC(C)=O)[C@@H]1OC(C)=O,-2.8726000654833834,-2.977829181522472,-0.10522911603908858,0.10522911603908858
CC(=O)OC[C@H]1O[C@H](O[C@]2(COC(C)=O)O[C@H](COC(=O)C(C)C)[C@@H](OC(=O)C(C)C)[C@@H]2OC(=O)C(C)C)[C@H](OC(=O)C(C)C)[C@@H](OC(=O)C(C)C)[C@@H]1OC(=O)C(C)C,-6.073534840535418,-4.113004480938708,1.96053035959671,1.96053035959671
OCC1OC(OC2(CO)OC(CO)C(O)C2O)C(O)C(O)C1O,0.7899997629378248,0.5511511214587221,-0.23884864147910267,0.23884864147910267
OC[C@H]1O[C@@](CO)(O[C@H]2O[C@H](CO)[C@@H](O)[C@H](O)[C@H]2O)[C@@H](O)[C@@H]1O,0.7877999630823815,0.5511513938123009,-0.2366485692700806,0.2366485692700806
CC1(C)C(C=C(Cl)Cl)C1C(=O)OCc1c(F)c(F)cc(F)c1F,-6.809999888660673,-7.186996342356629,-0.3769964536959556,0.3769964536959556
CC1(C)[C@H](C=C(Cl)Cl)[C@H]1C(=O)OCc1c(F)c(F)cc(F)c1F,-6.813700084381368,-7.186996342356629,-0.37329625797526056,0.37329625797526056
Cc1c(F)c(F)c(COC(=O)C2C(/C=C(\Cl)C(F)(F)F)C2(C)C)c(F)c1F,-7.320899796402474,-7.299686448508377,0.021213347894097012,0.021213347894097012
Cc1c(F)c(F)c(COC(=O)C2C(C=C(Cl)C(F)(F)F)C2(C)C)c(F)c1F,-7.321000022519449,-7.299686176154797,0.021313846364652278,0.021313846364652278
Nc1ccc(CC(=O)c2ccccc2)cc1,-1.80499997852019,-3.38315844183745,-1.57815846331726,1.57815846331726
O=C(Cc1ccccc1)c1ccc(O)cc1,-1.5008000958236016,-3.3388787884763302,-1.8380786926527286,1.8380786926527286
O=C(O)c1ccccc1CC(=O)c1ccccc1C(=O)O,-2.7909998693165883,-2.2843148374708977,0.5066850318456906,0.5066850318456906
O=C(c1ccccc1)C(O)c1ccccc1,-2.8497223648696353,-2.3137802945354844,0.5359420703341509,0.5359420703341509
Nc1ccc(OP(=S)(Oc2ccc(N)cc2)Oc2ccc(N)cc2)cc1,-5.309407111771616,-5.097427648779414,0.21197946299220227,0.21197946299220227
O=C=Nc1ccc(OP(=S)(Oc2ccc(N=C=O)cc2)Oc2ccc(N=C=O)cc2)cc1,-6.491719053589902,-6.163997081712278,0.3277219718776241,0.3277219718776241
O=[N+]([O-])c1ccc(OP(=S)(Oc2ccc([N+](=O)[O-])cc2)Oc2ccc([N+](=O)[O-])cc2)cc1,-5.6788337701002085,-6.476032576869075,-0.7971988067688667,0.7971988067688667
S=P(Oc1ccccc1)(Oc1ccccc1)Oc1ccccc1,-6.954693991496002,-6.4352882091367265,0.5194057823592759,0.5194057823592759
CCN(CC)c1cc2[o+]c3cc(N(CC)CC)c(C)cc3c(-c3ccc(S(=O)(=O)[O-])cc3S(=O)(=O)[O-])c2cc1C,-0.8053203121710855,-0.7886725634941132,0.016647748676972274,0.016647748676972274
CCN(CC)c1ccc2c(-c3ccccc3C(=O)[O-])c3ccc(N(CC)CC)cc3[o+]c2c1,-3.2357623361695884,-2.2925203060910286,0.9432420300785598,0.9432420300785598
CCNc1cc2[o+]c3cc(NCC)c(C)cc3c(-c3ccccc3C(=O)OC)c2cc1C,-1.3909846816954032,-2.4631157108828283,-1.072131029187425,1.072131029187425
CCOC(=O)c1ccccc1-c1c2ccc(N(CC)CC)cc2[o+]c2cc(N(CC)CC)ccc12,-1.280189747921284,-2.509430594449441,-1.2292408465281568,1.2292408465281568
CCC1COC(Cn2cncn2)(c2ccc(Cl)cc2Cl)O1,-3.61299987384902,-3.755890791727939,-0.14289091787891905,0.14289091787891905
CCCC1COC(Cn2cncn2)(c2ccc(Cl)cc2Cl)O1,-3.492899843880627,-3.9019760766434475,-0.40907623276282035,0.40907623276282035
Clc1ccc(C2(Cn3cncn3)OCCO2)c(Cl)c1,-3.003099899833677,-3.596197360250932,-0.5930974604172548,0.5930974604172548
OC[C@@H]1CO[C@@](Cn2cncn2)(c2ccc(Cl)cc2Cl)O1,-2.905955055072182,-2.7897528984563498,0.11620215661583222,0.11620215661583222
C1=CC2C3C=CC(C3)C2C1,-4.995574355348746,-3.9738119203938265,1.02176243495492,1.02176243495492
ClC1=C(Cl)C2(Cl)C3C(Cl)C=CC3C1(Cl)C2(Cl)Cl,-6.316799967647288,-6.597614210305787,-0.28081424265849897,0.28081424265849897
ClC1=C(Cl)C2(Cl)C3CC=CC3C1(Cl)C2(Cl)Cl,-5.639999690369107,-6.685284010239878,-1.0452843198707704,1.0452843198707704
OC1C=CC2C1C1(Cl)C(Cl)=C(Cl)C2(Cl)C1(Cl)Cl,-5.45999984841519,-5.600118955834928,-0.14011910741973743,0.14011910741973743
CC(C)=NOCCOC(=O)C(C)Oc1ccc(Oc2cnc3cc(Cl)ccc3n2)cc1,-5.847899705282226,-4.945392527582858,0.9025071776993681,0.9025071776993681
CC(Oc1ccc(Oc2cnc3cc(Cl)ccc3n2)cc1)C(=O)O,-6.060399772140181,-4.328566006286828,1.7318337658533531,1.7318337658533531
CCOC(=O)C(C)Oc1ccc(Oc2cnc3cc(Cl)ccc3n2)cc1,-5.969999627579272,-5.14788754954919,0.8221120780300817,0.8221120780300817
CCOC(=O)[C@@H](C)Oc1ccc(Oc2cnc3cc(Cl)ccc3n2)cc1,-5.969399904998896,-5.1478874133724,0.8215124916264962,0.8215124916264962
COc1ccc2c3c1CCCC3CN(C(=N)N)C2,-1.2200000155511965,-0.9614185402320001,0.2585814753191964,0.2585814753191964
COc1ccc2c3c1CCCC3CN(C(N)=NO)C2,-1.779999962644149,-1.2300243975469096,0.5499755650972393,0.5499755650972393
Cc1ccc2c3c1CCCC3CN(C(N)=NO)C2,-1.2000001390271529,-1.4239853563003664,-0.22398521727321352,0.22398521727321352
NC(=NO)N1Cc2cccc3c2C(CCC3)C1,-1.35000009810661,-1.1750182346640976,0.17498186344251243,0.17498186344251243
C/C=C/CCC1CCCC(=O)O1,-1.4887262531479069,-1.9810273392630717,-0.4923010861151649,0.4923010861151649
CCCCCC1CCCC(=O)O1,-1.629032331299446,-2.238046117835881,-0.6090137865364349,0.6090137865364349
O=C1CCCCO1,0.9994919568722289,0.05837198672448274,-0.9411199701477462,0.9411199701477462
O=C1OC(CO)C(O)C(O)C1O,0.5201000899471344,0.4420718790538447,-0.0780282108932897,0.0780282108932897
CC(C)OC(=O)C1(S(=O)(=O)c2ccc(Cl)cc2)CCCC1,-4.649799698858246,-4.062114193426135,0.5876855054321108,0.5876855054321108
COC(=O)C1(S(=O)(=O)c2ccc(Br)cc2)CCCC1,-4.01039976398431,-3.8596087539354165,0.15079101004889361,0.15079101004889361
COC(=O)C1(S(=O)(=O)c2ccccc2)CCCC1,-2.5501000989918348,-3.14546604343267,-0.595365944440835,0.595365944440835
Cc1ccc(S(=O)(=O)C2(C(=O)OC(C)C)CCCC2)cc1,-3.9100000216033517,-4.011267550574555,-0.10126752897120328,0.10126752897120328
CCCCOC(=O)c1ccccc1N/N=C1\C(=O)C(C(=O)Nc2ccc3[nH]c(=O)[nH]c3c2)=Cc2ccccc21,-8.213806918981797,-8.310902059215174,-0.0970951402333764,0.0970951402333764
CNS(=O)(=O)c1cc(OC)c(N/N=C2\C(=O)C(C(=O)Nc3ccc4[nH]c(=O)[nH]c4c3)=Cc3ccccc32)cc1C,-8.217167762143388,-7.032714576489088,1.1844531856543004,1.1844531856543004
CNS(=O)(=O)c1cc(OC)c(N/N=C2\C(=O)C(C(=O)Nc3ccc4[nH]c(=O)[nH]c4c3)=Cc3ccccc32)cc1OC,-7.891636057745954,-7.0004749939599,0.8911610637860541,0.8911610637860541
O=C(Nc1ccc2[nH]c(=O)[nH]c2c1)C1=Cc2ccccc2/C(=N/Nc2cc(Cl)ccc2Cl)C1=O,-7.461800013886023,-8.269460193967685,-0.8076601800816618,0.8076601800816618
CCCCCCCC(=O)OC1C(C(O)CO)OC2OC(C)(C)OC21,-3.1700000538244457,-3.306313164669199,-0.13631311084475328,0.13631311084475328
OCC(O)C1OC2OC(C(Cl)(Cl)Cl)OC2C1O,-1.8400000007466475,-1.4708753825368726,0.36912461820977494,0.36912461820977494
OCC(O)[C@H]1OC2O[C@H](C(Cl)(Cl)Cl)O[C@@H]2[C@H]1O,-1.843000111593204,-1.4708753825368726,0.3721247290563314,0.3721247290563314
OCC1OC2OC(C(Cl)(Cl)Cl)OC2C1O,-2.119999906204729,-2.2340609721834346,-0.11406106597870558,0.11406106597870558
Cc1ccnc2c1ccc1c(C)ccnc12,-3.968599958045968,-3.237455320059203,0.7311446379867652,0.7311446379867652
Cc1cnc2c(ccc3c(C)c(C)cnc32)c1C,-5.193900052555012,-4.422122184118121,0.7717778684368914,0.7717778684368914
O=[N+]([O-])c1cc2cccnc2c2ncccc12,-3.9172000288991873,-3.4390627587345355,0.4781372701646518,0.4781372701646518
c1cnc2c(c1)ccc1cccnc12,-1.8259999373853488,-2.6654685642810603,-0.8394686268957114,0.8394686268957114
CC(C)(C)C(=O)C(Oc1ccc(Cl)cc1)n1cncn1,-3.613699856590567,-4.513958993806858,-0.9002591372162909,0.9002591372162909
CC(C)(C)C(O)C(Oc1ccc(Cl)cc1)n1cncn1,-3.3917998804487413,-3.980374416050238,-0.5885745356014969,0.5885745356014969
CC(C)(C)[C@@H](O)[C@H](Oc1ccc(Cl)cc1)n1cncn1,-3.6786000462374697,-3.9803744841386326,-0.3017744379011629,0.3017744379011629
CC(C)(C)[C@H](O)[C@H](Oc1ccc(Cl)cc1)n1cncn1,-3.952399890564042,-3.9803745522270275,-0.027974661662985678,0.027974661662985678
CCOC(=O)CSc1nc(C(C)(C)C)nn1C(=O)N(C)C,-2.861000049946293,-3.753975192831906,-0.892975142885613,0.892975142885613
CCOP(=S)(OCC)Oc1nc(Cl)n(C(C)C)n1,-3.6577000411357066,-4.550287965320753,-0.8925879241850465,0.8925879241850465
Nc1ncn[nH]1,0.8326930928796021,0.1539250609950602,-0.6787680318845419,0.6787680318845419
c1nc[nH]n1,1.005827173467186,1.1634400959562359,0.1576129224890499,0.1576129224890499
NS(=O)(=O)c1ccc(Nc2ccnc(NS(=O)(=O)c3c(F)c(F)c(F)c(F)c3F)n2)cc1,-1.5700001016389824,-3.0572629411472185,-1.4872628395082361,1.4872628395082361
NS(=O)(=O)c1ccc(Nc2ccnc(NS(=O)(=O)c3ccc(Br)cc3)n2)cc1,-2.619999883283578,-2.991982767191684,-0.3719828839081063,0.3719828839081063
NS(=O)(=O)c1ccc(Nc2ccnc(NS(=O)(=O)c3cccc(C(F)(F)F)c3)n2)cc1,-1.820000124222604,-3.126229522923525,-1.3062293987009208,1.3062293987009208
NS(=O)(=O)c1ccc(Nc2ccnc(NS(=O)(=O)c3ccccc3)n2)cc1,-2.5499999409632546,-2.8831774954649156,-0.3331775545016611,0.3331775545016611
C=CC(=O)OCC1(CC)COCOC1,-1.3330549393216595,-1.3873595193856498,-0.054304580063990304,0.054304580063990304
CC(=O)OC1CC(C)OC(C)O1,0.7589999338990392,-0.5139904978376237,-1.272990431736663,1.272990431736663
CCC1(CO)COCOC1,0.8350941620297307,0.5174304801683731,-0.3176636818613576,0.3176636818613576
CCCCC1OC(C)CC(C)(C)O1,-2.453297364369428,-2.545787550293551,-0.09249018592412295,0.09249018592412295
CCN(CC)c1ccc([C+](c2ccc(N(CC)CC)cc2)c2ccc(N(CC)CC)cc2)cc1,-0.1395609766212469,-1.6928250291626201,-1.5532640525413732,1.5532640525413732
CCN(CC)c1ccc([C+](c2ccc(N(CC)CC)cc2)c2ccc(S(=O)(=O)[O-])cc2S(=O)(=O)[O-])cc1,-0.40668917959472894,-0.4834525804683727,-0.07676340087364375,0.07676340087364375
CCN(CC)c1ccc([C+](c2ccccc2)c2ccc(N(CC)CC)cc2)cc1,-1.3526381148702382,-1.8744058836410946,-0.5217677687708564,0.5217677687708564
CN(C)c1ccc([C+](c2ccc(N(C)C)cc2)c2ccc(N(C)C)cc2)cc1,-2.008588568193538,-1.0388158440601498,0.9697727241333882,0.9697727241333882
CC(=O)Oc1ccc2c(c1)CC(=O)N2,-1.5399999464109437,-2.561463132871228,-1.0214631864602843,1.0214631864602843
O=C1Cc2cc(CCCl)c(Cl)cc2N1,-4.777573971791447,-4.391411049872794,0.3861629219186531,0.3861629219186531
O=C1Cc2ccc(Cl)cc2N1,-2.968988635423027,-3.3031355133335047,-0.3341468779104777,0.3341468779104777
O=C1Cc2cccc(F)c2N1,-2.2251370348226,-2.036658621697476,0.18847841312512426,0.18847841312512426
CC1=C(C#N)C(=O)N(C)C(=O)/C1=N/Nc1ccc(Cl)c(Cl)c1,-6.925783386759694,-7.846134490053839,-0.9203511032941449,0.9203511032941449
CCCCC(CC)CNC(=O)c1ccc(N/N=C2\C(=O)N(C)C(=O)C(C#N)=C2C)cc1,-7.024810603280617,-7.65832545393685,-0.6335148506562334,0.6335148506562334
CCN1C(=O)C(C#N)=C(C)/C(=N/Nc2ccccc2[N+](=O)[O-])C1=O,-6.8159758708852785,-6.937604076783955,-0.12162820589867618,0.12162820589867618
CCN1C(=O)C(C#N)=C(C)/C(=N\Nc2ccc(Cl)cc2[N+](=O)[O-])C1=O,-4.967337961896596,-7.461156170025893,-2.493818208129297,2.493818208129297
COc1ccc(-c2cc(=O)c3c(O)cc(O)cc3o2)cc1O,-6.198752394248242,-3.7695839806943985,2.4291684135538434,2.4291684135538434
O=c1c(O)c(-c2ccc(O)c(O)c2)oc2cc(O)cc(O)c12,-1.9900000279144996,-3.1337284978493676,-1.143728469934868,1.143728469934868
O=c1c(O)c(-c2ccc(O)cc2O)oc2cc(O)cc(O)c12,-3.0824091215290226,-3.1632682053083574,-0.08085908377933482,0.08085908377933482
O=c1cc(-c2ccc(O)c(O)c2)oc2cc(O)cc(O)c12,-3.6099998651350558,-3.3448704310317128,0.265129434103343,0.265129434103343
CC(C)(C)N(NC(=O)c1ccc(Cl)cc1)C(=O)c1ccccc1,-4.440400105140611,-5.034955184889157,-0.5945550797485462,0.5945550797485462
CCc1ccc(C(=O)NN(C(=O)c2cc(C)cc(C)c2)C(C)(C)C)cc1,-5.628099745453435,-5.9054164234538185,-0.27731667800038373,0.27731667800038373
COc1cccc(C(=O)NN(C(=O)c2cc(C)cc(C)c2)C(C)(C)C)c1C,-5.566399948666051,-5.267698067663387,0.29870188100266404,0.29870188100266404
O=C(NNC(=O)c1ccccc1)c1ccccc1,-1.588300083301351,-3.1471712747222784,-1.5588711914209274,1.5588711914209274
CC(C)(C)CC(=O)OCC(=O)C12OC(C)(C)OC1CC1C3CCC4=CC(=O)C=CC4(C)C3(F)C(O)CC12C,-5.11999976867782,-5.391844727104626,-0.2718449584268061,0.2718449584268061
CC(C)(C)CC(=O)OCC(=O)[C@@]12OC(C)(C)O[C@@H]1C[C@H]1[C@@H]3CCC4=CC(=O)C=C[C@]4(C)[C@@]3(F)[C@@H](O)C[C@@]12C,-5.124400049272654,-5.391844727104626,-0.2674446778319721,0.2674446778319721
CC1(C)OC2CC3C4CCC5=CC(=O)C=CC5(C)C4(F)C(O)CC3(C)C2(C(=O)CO)O1,-4.309999935178036,-4.309668753226294,0.0003311819517417547,0.0003311819517417547
CC1(C)O[C@@H]2C[C@H]3[C@@H]4CCC5=CC(=O)C=C[C@]5(C)[C@@]4(F)[C@@H](O)C[C@]3(C)[C@]2(C(=O)CO)O1,-4.315800113167568,-4.309668753226294,0.006131359941274006,0.006131359941274006
CCCCCN1C(=O)CCC(N2C(=O)c3ccccc3C2=O)C1=O,-4.699999774313909,-3.6190049298181557,1.0809948444957533,1.0809948444957533
CCCN1C(=O)CCC(N2C(=O)c3ccccc3C2=O)C1=O,-3.719999969033834,-2.9331446915886614,0.7868552774451727,0.7868552774451727
CN1C(=O)CCC(N2C(=O)c3ccccc3C2=O)C1=O,-2.989999990583246,-2.4606161178255923,0.5293838727576539,0.5293838727576539
O=C1CCC(N2C(=O)c3ccccc3C2=O)C(=O)N1,-2.6758000930251917,-2.701045295210489,-0.025245202185297355,0.025245202185297355
C/C(=C\C(C)CC(C)CC(C)C)C1CC(=O)OC1=O,-4.4255031814445385,-4.468821154319144,-0.043317972874605815,0.043317972874605815
CCCCCC/C=C/C1CC(=O)OC1=O,-4.02175323144425,-3.423529208548169,0.5982240228960811,0.5982240228960811
CCCCCCCCC/C=C/CC1CC(=O)OC1=O,-4.4255031814445385,-4.704162017880928,-0.27865883643638956,0.27865883643638956
O=C1CCC(=O)O1,-0.2016663078873675,0.41065970669685425,0.6123260145842218,0.6123260145842218
Cn1c(=O)[nH]c2[nH]c(=O)[nH]c2c1=O,-1.5614001288600539,-2.8460991941454266,-1.2846990652853727,1.2846990652853727
Cn1c(=O)[nH]c2c(=O)[nH]c(=O)[nH]c21,-3.9399999725662065,-3.114060816091937,0.8259391564742695,0.8259391564742695
Cn1c(=O)c2c(n(C)c1=O)n(C)c(=O)n2C,-0.9527002298231109,-0.33242571222029493,0.6202745176028159,0.6202745176028159
O=c1[nH]c(=O)c2[nH]c(=O)[nH]c2[nH]1,-3.619999837441275,-3.703955960152523,-0.08395612271124797,0.08395612271124797
CC(=O)C1(C)CCC2C3C=C(C)C4=CC(=O)CCC4(C)C3CCC21C,-5.272099846202904,-4.648269071745754,0.6238307744571499,0.6238307744571499
CC(=O)OC1(C(C)=O)CCC2C3C=C(C)C4=CC(=O)CCC4(C)C3CCC21C,-5.349999778560609,-4.736397242752856,0.613602535807753,0.613602535807753
CC(=O)O[C@]1(C(C)=O)CC[C@H]2[C@@H]3C=C(C)C4=CC(=O)CC[C@]4(C)[C@H]3CC[C@@]21C,-5.2839997911185765,-4.736397242752856,0.5476025483657203,0.5476025483657203
CC12CCC(=O)C=C1C=CC1C2CCC2(C)C1CCC2(O)CCC(=O)O,-5.1699999366066915,-4.340220969158429,0.829778967448263,0.829778967448263
CN1C(CCl)Nc2cc(Cl)c(S(N)(=O)=O)cc2S1(=O)=O,-3.779999939047938,-2.6063278017194706,1.1736721373284675,1.1736721373284675
NS(=O)(=O)c1cc2c(cc1C(F)(F)F)NCNS2(=O)=O,-2.9700000119266106,-2.2544271642708766,0.7155728476557339,0.7155728476557339
NS(=O)(=O)c1cc2c(cc1Cl)NC(C(Cl)Cl)NS2(=O)=O,-3.1800000431527637,-2.5772924590441013,0.6027075841086624,0.6027075841086624
NS(=O)(=O)c1cc2c(cc1Cl)NCNS2(=O)=O,-2.630000093899178,-2.3817541645394,0.2482459293597783,0.2482459293597783
CC(C)C(C(=O)OC(C#N)c1cccc(Oc2ccc(Br)cc2)c1)c1ccc(OC(F)F)cc1,-8.173100408396893,-7.451964236743585,0.721136171653308,0.721136171653308
CC(C)C(C(=O)OC(C#N)c1cccc(Oc2ccccc2)c1)c1ccc(Cl)cc1,-7.242899637927794,-7.0752687337521305,0.16763090417566318,0.16763090417566318
CC(C)C(C(=O)OC(C#N)c1cccc(Oc2ccccc2)c1)c1ccc(OC(F)F)cc1,-6.876499917273264,-7.140659738592113,-0.26415982131884874,0.26415982131884874
CC(C)[C@@H](C(=O)O[C@@H](C#N)c1cccc(Oc2ccccc2)c1)c1ccc(Cl)cc1,-8.322099604251289,-7.0752687337521305,1.2468308704991582,1.2468308704991582
CC(=O)N=c1sc(S(N)(=O)=O)nn1C,-1.9199999834615844,-2.0172393349149003,-0.09723935145331586,0.09723935145331586
CN(C)S(=O)(=O)N=c1sc(S(N)(=O)=O)nn1C,-2.7000000362195014,-2.1595911969731083,0.540408839246393,0.540408839246393
Cn1nc(S(N)(=O)=O)sc1=NS(=O)(=O)C(F)(F)F,-1.1599999774486978,-1.8090881419137932,-0.6490881644650954,0.6490881644650954
Cn1nc(S(N)(=O)=O)sc1=NS(C)(=O)=O,-2.0499999979286034,-1.9830007452061917,0.0669992527224117,0.0669992527224117
CCOC(=O)C1OC1(C)c1ccccc1,-2.314374910486258,-3.221794019022311,-0.907419108536053,0.907419108536053
CCOC(=O)C1OC1c1ccccc1,-2.409651273520841,-2.869653352960358,-0.460002079439517,0.460002079439517
Clc1cc(Cl)cc(C2(CC(Cl)(Cl)Cl)CO2)c1,-5.249999851233234,-6.180908604830256,-0.9309087535970217,0.9309087535970217
c1ccc(C2CO2)cc1,-1.906541154749627,-2.121268188732504,-0.21472703398287707,0.21472703398287707
CCCCCc1onc(C)c1N=C1C=C(O)C(=O)c2ccccc21,-3.1800000431527637,-4.5843536785953605,-1.4043536354425967,1.4043536354425967
CCCc1onc(C)c1N=C1C=C(O)C(=O)c2ccccc21,-3.7000000244213958,-4.019498416165902,-0.31949839174450645,0.31949839174450645
CCc1onc(C)c1N=C1C=C(O)C(=O)c2ccccc21,-2.720000014876137,-3.7502600857527755,-1.0302600708766385,1.0302600708766385
Cc1noc(C)c1N=C1C=C(O)C(=O)c2ccccc21,-3.8900000769909133,-3.4145323485166283,0.475467728474285,0.475467728474285
CCN(c1ccccc1)c1nc(Cl)nc(Nc2cc(S(=O)(=O)[O-])cc3c2C(=O)/C(=N/Nc2ccc(C)cc2S(=O)(=O)[O-])C(S(=O)(=O)[O-])=C3)n1,-0.800434425145367,-0.5979298708037799,0.2025045543415871,0.2025045543415871
CCN(c1ccccc1)c1nc(Cl)nc(Nc2cc(S(=O)(=O)[O-])cc3c2C(=O)/C(=N/Nc2ccccc2S(=O)(=O)[O-])C(S(=O)(=O)[O-])=C3)n1,-0.266745467879697,-0.6289286104282508,-0.36218314254855377,0.36218314254855377
Cc1ccccc1Nc1nc(Cl)nc(Nc2cc(S(=O)(=O)[O-])cc3c2C(=O)/C(=N\Nc2ccccc2S(=O)(=O)[O-])C(S(=O)(=O)[O-])=C3)n1,-0.45724045499017096,-0.5086382053083218,-0.05139775031815086,0.05139775031815086
O=C1/C(=N/Nc2ccc(S(=O)(=O)CCOS(=O)(=O)[O-])cc2)C(S(=O)(=O)[O-])=Cc2cc(S(=O)(=O)[O-])cc(Nc3nc(Cl)nc(Nc4cccc(S(=O)(=O)[O-])c4)n3)c21,-0.9031879833305432,0.1373479880717703,1.0405359714023135,1.0405359714023135
CC1CN(c2c(F)c(N)c3c(=O)c(C(=O)O)cn(C4CC4)c3c2F)CC(C)N1,-3.3699998489018506,-3.9909183124973886,-0.620918463595538,0.620918463595538
CCN1CCN(c2cc3c(cc2F)c(=O)c(C(=O)O)cn3C2CC2)CC1,-3.1800000431527637,-3.990528914968192,-0.8105288718154284,0.8105288718154284
C[C@@H]1CN(c2c(F)c(N)c3c(=O)c(C(=O)O)cn(C4CC4)c3c2F)C[C@H](C)N1,-3.3699998489018506,-3.9909181082322043,-0.6209182593303537,0.6209182593303537
O=C(O)c1cn(C2CC2)c2cc(N3CCNCC3)c(F)cc2c1=O,-3.5999998587846394,-3.542667626118443,0.05733223266619625,0.05733223266619625
CC1CCCC(C)N1C(=O)COC(=O)c1ccccc1,-3.259999966290355,-3.0022460883864412,0.2577538779039137,0.2577538779039137
CCC1CCCCN1C(=O)COC(=O)c1ccccc1,-2.720000014876137,-2.9503703490265614,-0.2303703341504244,0.2303703341504244
O=C(OCC(=O)N1CCC(O)CC1)c1ccccc1,-1.3486000645351224,-1.4148530684518001,-0.06625300391667777,0.06625300391667777
O=C(OCC(=O)N1CCCCC1)c1ccccc1,-2.5011000474482756,-2.377598797900244,0.12350124954803166,0.12350124954803166
C#CCC1=C(C)C(OC(=O)[C@H]2[C@H](C=C(C)C)C2(C)C)CC1=O,-4.574600152233699,-5.322471912943538,-0.7478717607098391,0.7478717607098391
C=C/C=C\CC1=C(C)[C@@H](OC(=O)[C@@H]2[C@@H](/C=C(\C)C(=O)OC)C2(C)C)CC1=O,-4.616799705137229,-5.200116114459272,-0.5833164093220429,0.5833164093220429
C=C/C=C\CC1=C(C)[C@@H](OC(=O)[C@@H]2[C@@H](C=C(C)C)C2(C)C)CC1=O,-6.215499688158243,-5.360315170355201,0.8551845178030417,0.8551845178030417
C=CCC1=C(C)C(OC(=O)C2C(C=C(C)C)C2(C)C)CC1=O,-4.817900140603648,-5.387000101646087,-0.569099961042439,0.569099961042439
Cc1ccc(Nc2cc(C(=O)O)c(Nc3ccc(C)cc3)cc2C(=O)O)cc1,-5.070513123421653,-5.31050006668308,-0.23998694326142633,0.23998694326142633
O=C(O)c1cc(Nc2ccccc2)c(C(=O)O)cc1Nc1ccccc1,-4.985723462582687,-4.669317237194349,0.31640622538833796,0.31640622538833796
O=[N+]([O-])c1ccc(Nc2ccc(Nc3ccccc3)c(S(=O)(=O)[O-])c2)c([N+](=O)[O-])c1,-2.1991374813126012,-2.685556206745851,-0.48641872543324993,0.48641872543324993
c1ccc(Nc2ccc(Nc3ccccc3)cc2)cc1,-6.239449372457891,-6.530901473548205,-0.2914521010903144,0.2914521010903144
CCc1nc2[nH]c(=O)nc(N)c2nc1CC,-3.549999929165149,-3.0536228057739216,0.4963771233912273,0.4963771233912273
Cn1c(=O)ncc2nccnc21,-1.3713000544387457,-0.9725403709732263,0.3987596834655194,0.3987596834655194
Nc1nc(=O)[nH]c2nccnc12,-3.3599998765956314,-3.0065704504212025,0.35342942617442885,0.35342942617442885
O=c1ncc2nccnc2[nH]1,-2.0000000342649162,-1.36713059350189,0.6328694407630262,0.6328694407630262
CCN1c2cc(Cl)ccc2NC(=O)c2cccnc21,-5.360000057264605,-4.490245303883182,0.8697547533814225,0.8697547533814225
CCN1c2cc(N(C)C)cc(C)c2NC(=O)c2cccnc21,-4.870999692258525,-3.9451036743665178,0.9258960178920068,0.9258960178920068
CCN1c2cc(OC)cc(C)c2NC(=O)c2cccnc21,-5.152999762398837,-4.147601079426663,1.0053986829721735,1.0053986829721735
CCN1c2ccccc2N(C)C(=O)c2cccnc21,-3.323999857138552,-3.501138880079337,-0.1771390229407852,0.1771390229407852
Nc1ccn(C2CC(F)C(CO)O2)c(=O)n1,-1.1799999901495306,-1.0019625919071893,0.17803739824234133,0.17803739824234133
Nc1ccn(C2CCC(CO)O2)c(=O)n1,-0.4300001947522447,-0.7996418762312478,-0.3696416814790031,0.3696416814790031
Nc1ccn(C2OC(COP(=O)(O)O)C(O)C2O)c(=O)n1,-1.1987755011603705,-1.1612942016548469,0.03748129950552359,0.03748129950552359
Nc1ccn([C@H]2CC[C@@H](CO)O2)c(=O)n1,-0.4416002783777295,-0.7996420124080372,-0.3580417340303077,0.3580417340303077
O=C1c2ccccc2C(=O)C1c1ccc2cc(S(=O)(=O)[O-])cc(S(=O)(=O)[O-])c2n1,-0.3778371308778481,-0.4814856429227481,-0.1036485120449,0.1036485120449
O=C1c2ccccc2C(=O)C1c1ccc2ccccc2n1,-4.701186146502879,-5.633658481995418,-0.9324723354925393,0.9324723354925393
O=C1c2ccccc2C(=O)C1c1nc2ccccc2c(Br)c1O,-4.867097274005619,-5.3009410007766355,-0.43384372677101624,0.43384372677101624
COc1ccc2c(c1OC)C(=O)OC2C1c2c(cc3c(c2OC)OCO3)CCN1C,-3.1400000773284433,-2.5758095618962833,0.56419051543216,0.56419051543216
COc1ccc2c(c1OC)C(=O)OC2C1c2cc3c(cc2CCN1C)OCO3,-4.106500064682961,-2.7256506026625487,1.3808494620204121,1.3808494620204121
COc1ccc2c(c1OC)C(=O)O[C@@H]2[C@H]1c2c(cc3c(c2OC)OCO3)CCN1C,-3.1393000860758473,-2.5758095618962833,0.563490524179564,0.563490524179564
CC(=O)CCC1C(=O)N(c2ccccc2)N(c2ccccc2)C1=O,-3.267600026949155,-3.566601650087315,-0.2990016231381598,0.2990016231381598
CCCCC1C(=O)N(c2ccccc2)N(c2ccc(O)cc2)C1=O,-3.7328998601138323,-3.9364313236240402,-0.2035314635102079,0.2035314635102079
CCCCC1C(=O)N(c2ccccc2)N(c2ccccc2)C1=O,-3.8124000740117903,-4.544766268865478,-0.7323661948536881,0.7323661948536881
Cc1c2ccccc2c2ccc3cccc4ccc1c2c43,-8.5233999472445,-7.958363773950365,0.5650361732941338,0.5650361732941338
Cc1cc2cccc3ccc4c5ccccc5cc1c4c32,-8.522399864903383,-8.034316650573693,0.4880832143296896,0.4880832143296896
c1ccc2c(c1)cc1ccc3cccc4ccc2c1c34,-8.19239992769322,-8.045975562572186,0.14642436512103352,0.14642436512103352
CCCCc1c(C)[nH]c(N(C)C)nc1=O,-2.241600059684795,-1.978572480281143,0.26302757940365185,0.26302757940365185
CCCCc1c(C)[nH]c(NCC)nc1=O,-3.0199999606959618,-2.4464622427807026,0.5735377179152592,0.5735377179152592
Nc1cc(=O)nc(N)[nH]1,-1.378146751054567,-2.060244441615935,-0.6820976905613678,0.6820976905613678
O=C1CN(/N=C/c2ccc([N+](=O)[O-])o2)C(=O)N1,-3.3800000935616485,-3.9970432040411676,-0.6170431104795191,0.6170431104795191
O=C1CN(/N=C/c2ccc([N+](=O)[O-])o2)C(=O)N1CO,-2.9100000674456545,-3.181617457435329,-0.27161738998967433,0.27161738998967433
O=C1CN(N=Cc2ccc([N+](=O)[O-])o2)C(=O)N1,-3.3800000935616485,-3.9970434083063515,-0.617043314744703,0.617043314744703
CCOc1nc(C(Cl)(Cl)Cl)ns1,-3.325400077953125,-3.5697791312020226,-0.24437905324889764,0.24437905324889764
CCOc1nsc(N)n1,-0.6514002318561047,-1.5521644828283574,-0.9007642509722527,0.9007642509722527
COc1nsc(N)n1,-1.2427000054548196,-1.3702687876128652,-0.12756878215804557,0.12756878215804557
CCOP(=S)(Oc1ccc(C#N)cc1)c1ccccc1,-5.703699924192302,-5.456370192271388,0.2473297319209138,0.2473297319209138
CCOP(=S)(Oc1ccc([N+](=O)[O-])cc1)c1ccccc1,-5.016899912917283,-5.562364485689933,-0.5454645727726506,0.5454645727726506
COP(=S)(Oc1cc(Cl)c(Br)cc1Cl)c1ccccc1,-7.137899707425211,-6.8194938620618,0.31840584536341066,0.31840584536341066
C1COC2(C1)CCCO2,-0.10780019168347499,0.21428623994296192,0.3220864316264369,0.3220864316264369
CC1(C)CCC2(CCC(C)(C)O2)O1,-1.9644000851928998,-2.391569787517013,-0.4271697023241132,0.4271697023241132
CC1CCC2(CCC(C)O2)O1,-0.44869999146819595,-1.0865297398723295,-0.6378297484041335,0.6378297484041335
CC(C)C(O)(c1ccc(OC(F)(F)F)cc1)c1cncnc1,-3.4377000035591374,-3.6720122897866307,-0.23431228622749334,0.23431228622749334
COCCOc1c(OC)cc(Cc2cnc(N)nc2N)cc1OC,-2.1010001120218007,-2.1617549099793694,-0.06075479795756866,0.06075479795756866
COc1cc(Cc2cnc(N)nc2N)cc(OC)c1OC,-2.860800006242712,-2.3770595378143486,0.48374046842836327,0.48374046842836327
CC(=O)c1cc(C(C)(C)C)cc2c1CCC2(C)C,-4.870866239004945,-5.821575642483165,-0.9507094034782195,0.9507094034782195
Oc1ccc2c(c1)CCC2,-1.3285000980708936,-1.8407839705230367,-0.512283872452143,0.512283872452143
c1ccc2c(c1)CCC2,-3.0350999617527634,-3.2774053345349734,-0.24230537278220998,0.24230537278220998
CC(=O)SC1CC2=CC(=O)CCC2(C)C2CCC3(C)C(CCC34CCC(=O)O4)C12,-4.280000188480365,-4.971680912063106,-0.6916807235827411,0.6916807235827411
CC(=O)S[C@@H]1CC2=CC(=O)CC[C@]2(C)[C@H]2CC[C@@]3(C)[C@@H](CC[C@@]34CCC(=O)O4)[C@H]12,-4.277299802747207,-4.971680912063106,-0.6943811093158994,0.6943811093158994
C[C@]12CCC(=O)C=C1CC[C@@H]1[C@@H]2CC[C@@]2(C)[C@H]1CC[C@@]21CCC(=O)O1,-4.225003694149598,-4.829507441598969,-0.6045037474493711,0.6045037474493711
CCSc1nnc(C(C)(C)C)c(=O)n1N,-2.7353000559129357,-2.8565142503277365,-0.12121419441480086,0.12121419441480086
CSc1nnc(C(C)(C)C)c(=O)n1/N=C/C(C)C,-4.428800021515126,-4.948406800815508,-0.519606779300382,0.519606779300382
CSc1nnc(C(C)(C)C)c(=O)n1N,-2.24499991749654,-2.7524712000798415,-0.5074712825833014,0.5074712825833014
Cc1ccc2c(ccc3c4c5c(cccc5cc32)CC4)c1,-7.92000004884974,-7.456313178688827,0.46368687016091314,0.46368687016091314
Cc1ccc2cc3c(ccc4ccccc43)c3c2c1CC3,-7.96629961252755,-7.64211660305201,0.32418300947554,0.32418300947554
c1cc2c3c(c4ccc5ccccc5c4cc3c1)CC2,-7.861299682024965,-7.417654222308853,0.44364545971611236,0.44364545971611236
C/C=C/C(=O)C1=C(C)C=CCC1(C)C,-3.005249003623754,-3.5815557680349226,-0.5763067644111688,0.5763067644111688
CC1=C(C=O)C(C)(C)CC=C1,-2.465007751194301,-2.0177031530594864,0.4473045981348145,0.4473045981348145
CCOC(=O)C1=C(C)C=CCC1(C)C,-3.411619629124649,-3.366236160753113,0.04538346837153595,0.04538346837153595
CCOC(=O)c1[nH]c(C)cc1C,-2.6212000774166686,-1.9867451302950363,0.6344549471216323,0.6344549471216323
CCOC(=O)c1[nH]c(C=O)c(CC)c1C,-2.7186000153488465,-2.9901041871047354,-0.2715041717558888,0.2715041717558888
c1cc[nH]c1,-0.1734000917183458,0.5949458492729041,0.7683459409912499,0.7683459409912499
COc1cc2c3c(ccc4c5ccc6c7c(cc(OC)c(c1c34)c75)-c1ccccc1C6=O)C(=O)c1ccccc1-2,-5.599170620673772,-5.591399283658145,0.0077713370156269335,0.0077713370156269335
O=C1c2ccccc2-c2ccc3c4c([N+](=O)[O-])cc5c6c(ccc(c7ccc1c2c73)c64)C(=O)c1ccccc1-5,-4.399238083195272,-6.102113718612827,-1.7028756354175547,1.7028756354175547
O=C1c2ccccc2-c2ccc3c4ccc5c6c(ccc(c7ccc1c2c73)c64)C(=O)c1ccccc1-5,-5.513312789099006,-6.811471142693,-1.298158353593994,1.298158353593994
COc1ccc2[nH]c(=S)[nH]c2c1,-2.7506818711117496,-3.255015334070247,-0.5043334629584972,0.5043334629584972
Cc1cccc2[nH]c(=S)[nH]c12,-3.136279080603172,-2.6337807701023896,0.5024983105007825,0.5024983105007825
S=c1[nH]c2ccccc2[nH]1,-2.1766872396406782,-2.549854265842829,-0.3731670262021507,0.3731670262021507
CC1=CCC2C(=O)OC(=O)C2C1,-1.0999944922746245,-1.0554400341525612,0.04455445812206338,0.04455445812206338
CC1C=CCC2C(=O)OC(=O)C12,-0.7362686028793259,-1.0646063661984695,-0.32833776331914355,0.32833776331914355
O=C1OC(=O)C2CC=CCC12,-0.7139217193905325,-0.6011785042909321,0.11274321509960039,0.11274321509960039
CCC1(C2=CCCCC2)C(=O)NC(=O)NC1=O,-2.169300057347857,-2.8497557281830304,-0.6804556708351734,0.6804556708351734
CCC1=C(C2(CC)C(=O)NC(=O)NC2=O)CCCC1,-3.529999916464316,-2.9276428003451898,0.6023571161191263,0.6023571161191263
CN1C(=O)NC(=O)C(C)(C2=CCCCC2)C1=O,-2.9100000674456545,-2.334543578140723,0.5754564893049317,0.5754564893049317
CCOC(=O)c1ccc(N=CN(C)c2ccccc2)cc1,-5.450776866824905,-5.683532414040545,-0.23275554721564085,0.23275554721564085
Cc1ccccc1N=C(N)Nc1ccccc1C,-3.533884495557815,-3.1536985431454903,0.38018595241232456,0.38018595241232456
NC(=Nc1ccccc1)Nc1ccccc1,-2.157516475498699,-2.7596567556139058,-0.6021402801152069,0.6021402801152069
Cc1ccc(C(=O)OOC(=O)c2ccc(C)cc2)cc1,-6.798351598451752,-5.875895201993986,0.9224563964577666,0.9224563964577666
O=C(OOC(=O)c1ccc(Cl)cc1Cl)c1ccc(Cl)cc1Cl,-8.278764336924432,-6.892786933635201,1.385977403289231,1.385977403289231
O=C(OOC(=O)c1ccccc1)c1ccccc1,-4.425199915734616,-4.486719959160036,-0.0615200434254195,0.0615200434254195
COc1cc(NS(=O)(=O)c2ccc(N)cc2)nc(C)n1,-2.542999977371,-3.1434293748598394,-0.6004293974888393,0.6004293974888393
COc1cc(NS(=O)(=O)c2ccc(N)cc2)nc(OC)n1,-2.956500032291116,-3.6830265408642564,-0.7265265085731403,0.7265265085731403
Cc1cc(NS(=O)(=O)c2ccc(N)cc2)nc(C)n1,-2.29999995242383,-2.7531761532742003,-0.45317620085037014,0.45317620085037014
CN1C2CCC1CC(OC(=O)c1ccccc1)C2,-2.368999982624025,-2.0360755807737982,0.33292440185022665,0.33292440185022665
COC(=O)C1C(OC(=O)c2ccccc2)CC2CCC1N2C,-2.2300000441477046,-2.032491952384802,0.19750809176290263,0.19750809176290263
COC(=O)[C@@H]1C2CCC(C[C@@H]1OC(=O)c1ccccc1)N2C,-2.226700072010961,-2.0324918162080126,0.19420825580294832,0.19420825580294832
C1CCC2CCCCC2C1,-4.140677851455218,-4.031232974370888,0.10944487708432948,0.10944487708432948
CC(=O)OC1CCC2CCCCC2C1,-3.5605044024317776,-3.379743332225296,0.18076107020648147,0.18076107020648147
FC1(F)C(F)(F)C(F)(F)C2(F)C(F)(F)C(F)(F)C(F)(F)C(F)(F)C2(F)C1(F)F,-7.664711055943872,-7.020861748742536,0.6438493072013358,0.6438493072013358
CC(=O)Oc1c(C)c(C)c2c(c1C)CC[C@@](C)(CCC[C@H](C)CCC[C@H](C)CCCC(C)C)O2,-5.771545379483843,-6.95598658158068,-1.1844412020968367,1.1844412020968367
Cc1c(C)c2c(c(C)c1O)CC[C@@](C)(CCC[C@H](C)CCC[C@H](C)CCCC(C)C)O2,-8.520248271631376,-7.287497536445665,1.2327507351857108,1.2327507351857108
Cc1c(O)cc2c(c1C)OC(C)(CCCC(C)CCCC(C)CCCC(C)C)CC2,-8.505869636795635,-7.166532783864788,1.3393368529308471,1.3393368529308471
CCCCCCOc1ccc(C(=NO)c2ccccc2)c(O)c1,-3.4699999804944097,-5.227435765765399,-1.7574357852709896,1.7574357852709896
CCOC(=O)CN=C(c1ccccc1)c1ccccc1,-3.427044340012113,-4.75713778483427,-1.3300934448221566,1.3300934448221566
N=C(c1ccccc1)c1ccccc1,-2.7811279202144736,-2.8789258007693808,-0.09779788055490712,0.09779788055490712
CCCc1c2c(c(O)c3c(=O)cc(C(=O)O)oc13)CCCC2,-2.6800000575628657,-3.3836151787889888,-0.703615121226123,0.703615121226123
CCCc1c2c(cc3c(=O)cc(C(=O)O)oc13)CCCC2,-1.9000000388491463,-3.255014857451484,-1.3550148186023379,1.3550148186023379
O=C(O)c1cc(=O)c2cc3c(cc2o1)CCCC3,-1.0500000437709063,-3.29512169652231,-2.2451216527514037,2.2451216527514037
O=S1OCC2C(CO1)C1(Cl)C(Cl)=C(Cl)C2(Cl)C1(Cl)Cl,-6.079999697433852,-6.092134411134394,-0.012134713700541866,0.012134713700541866
O=S1OC[C@@H]2[C@H](CO1)C1(Cl)C(Cl)=C(Cl)[C@@]2(Cl)C1(Cl)Cl,-5.901899794045191,-6.092134683487973,-0.19023488944278188,0.19023488944278188
O=S1OC[C@@H]2[C@H](CO1)[C@]1(Cl)C(Cl)=C(Cl)C2(Cl)C1(Cl)Cl,-5.956299697861739,-6.092134411134394,-0.13583471327265517,0.13583471327265517
CC(C)C(C(=O)O)N1CCCNC1=O,-1.1028619669283368,-1.044003362674317,0.058858604254019786,0.058858604254019786
CC1CC(NC(N)=O)NC(=O)N1,-1.5314235322165757,-0.8189866062216442,0.7124369259949315,0.7124369259949315
CN1CCCN(C)C1=O,0.8921966304080664,1.2250584590235785,0.33286182861551206,0.33286182861551206
C#CCOc1cc(-n2nc(C(C)(C)C)oc2=O)c(Cl)cc1Cl,-5.9647998530540605,-5.345261915704933,0.6195379373491274,0.6195379373491274
CC(C)Oc1cc(-n2nc(C(C)(C)C)oc2=O)c(Cl)cc1Cl,-5.539999899218522,-5.519828848470244,0.020171050748277963,0.020171050748277963
CN(C)C(=O)Nc1ccc(-n2nc(C(C)(C)C)oc2=O)c(Cl)c1,-4.325799847164405,-4.433844282146879,-0.10804443498247362,0.10804443498247362
O=C(O)c1ccc2c(c1)C(=O)OC2=O,-0.8961963946108349,-2.0379762002230013,-1.1417798056121664,1.1417798056121664
O=C1OC(=O)c2c(Cl)c(Cl)c(Cl)c(Cl)c21,-4.553119625478862,-5.545766986248237,-0.9926473607693751,0.9926473607693751
O=C1OC(=O)c2ccccc21,-1.3644250330507357,-1.528580841738528,-0.16415580868779234,0.16415580868779234
CC1=NN(c2ccc(C)cc2)C(=O)C1N=Nc1ccc(-c2ccc(N=NC3C(=O)N(c4ccc(C)cc4)N=C3C)c(Cl)c2)cc1Cl,-8.269885065550511,-8.753898227999583,-0.484013162449072,0.484013162449072
CC1=NN(c2ccccc2)C(=O)C1N=Nc1ccc(-c2ccc(N=NC3C(=O)N(c4ccccc4)N=C3C)cc2S(=O)(=O)[O-])c(S(=O)(=O)[O-])c1,-1.6427811484843615,-2.942931862128346,-1.3001507136439843,1.3001507136439843
CCOC(=O)C1=NN(c2ccccc2)C(=O)C1N=Nc1ccc(-c2ccc(N=NC3C(=O)N(c4ccccc4)N=C3C(=O)OCC)c(Cl)c2)cc1Cl,-8.526559793464983,-8.802720875230793,-0.2761610817658102,0.2761610817658102
CC(COC(=O)c1ccccc1)OC(=O)c1ccccc1,-4.567302574268282,-4.74531900128506,-0.17801642701677878,0.17801642701677878
O=C(O)c1ccccc1C(=O)OCCOC(=O)c1ccccc1C(=O)O,-2.829999914509731,-2.5783338029523946,0.2516661115573364,0.2516661115573364
O=C(OCCOC(=O)c1ccccc1)c1ccccc1,-5.070092609496087,-4.599749826401255,0.47034278309483213,0.47034278309483213
CC(C)CNCc1cc2cc(S(N)(=O)=O)oc2s1,-1.3300000854057772,-1.5443138909213183,-0.21431380551554113,0.21431380551554113
CCNCc1cc2cc(S(N)(=O)=O)oc2s1,-1.0400000374204899,-1.7272990004517508,-0.6872989630312609,0.6872989630312609
CCOCCNCc1cc2cc(S(N)(=O)=O)oc2s1,-0.9200000973922822,-1.056538572312389,-0.13653847492010684,0.13653847492010684
COc1cc(O)c2c(=O)c3cc(O)ccc3oc2c1,-2.93000004610229,-4.621134757049956,-1.6911347109476655,1.6911347109476655
CSc1ccc2oc3ccc(C(=O)O)cc3c(=O)c2c1,-5.320000031862939,-4.92936397476714,0.39063605709579896,0.39063605709579896
C[S+]([O-])c1ccc2oc3ccc(C(=O)O)cc3c(=O)c2c1,-5.019999841350446,-3.358530052419593,1.6614697889308525,1.6614697889308525
CCOP(=O)(OCC)SCn1nnc2ccccc2c1=O,-1.9930000706726612,-2.967695168700269,-0.9746950980276077,0.9746950980276077
CCOP(=S)(OCC)SCn1nnc2ccccc2c1=O,-4.517099775276831,-4.508690313826228,0.008409461450603395,0.008409461450603395
COP(=S)(OC)SCn1nnc2ccccc2c1=O,-4.039999899893582,-4.217934348483161,-0.1779344485895793,0.1779344485895793
CC[C@]12CC[C@@H]3C4=C(CC[C@H]3[C@@H]1CC[C@@H]2O)CC(OC)=CC4,-4.702513597845634,-4.827266924883505,-0.12475332703787068,0.12475332703787068
COC1=CCC2=C(CCC3C2CCC2(C)C3CCC2(O)C#N)C1,-5.683242085125615,-5.5431229777058775,0.14011910741973743,0.14011910741973743
COC1=CCC2=C(CC[C@@H]3[C@@H]2CC[C@]2(C)[C@@H](O)CC[C@@H]32)C1,-4.761072068455888,-4.7923337654606275,-0.03126169700473991,0.03126169700473991
O=C1C2CC=CCC2C(=O)N1SC(Cl)(Cl)C(Cl)Cl,-5.396799928116133,-4.947435315600161,0.44936461251597226,0.44936461251597226
O=C1C2CC=CCC2C(=O)N1SC(Cl)(Cl)Cl,-4.770399906173986,-4.772671335020636,-0.002271428846650103,0.002271428846650103
O=C1NC(=O)C2CC=CCC12,-1.0930914184680047,-1.2318042281839434,-0.1387128097159387,0.1387128097159387
CN(C)C(=O)Nc1cc(C(C)(C)C)on1,-2.4272001040130577,-2.611253316190895,-0.1840532121778371,0.1840532121778371
Cc1oncc1C(=O)[O-],-1.0553611877915172,-0.8187312747415803,0.23662991304993697,0.23662991304993697
c1cnoc1,0.3826998883039092,0.870243842547703,0.4875439542437938,0.4875439542437938
CC(C)N(CCC(C(N)=O)(c1ccccc1)c1ccccn1)C(C)C,-1.7000000480176067,-2.69987812394882,-0.9998780759312134,0.9998780759312134
CN(C)CCOC(C)(c1ccccc1)c1ccccn1,-2.8199999251814134,-3.051933356097544,-0.2319334309161305,0.2319334309161305
CN(C)CC[C@@H](c1ccc(Cl)cc1)c1ccccn1,-2.6700000512124493,-3.2315065902145697,-0.5615065390021203,0.5615065390021203
COc1cc([C@@H]2c3cc4c(c(O)c3C[C@H]3COC(=O)[C@@H]32)OCO4)cc(OC)c1O,-4.125399973190888,-3.697519564203066,0.42788040898782187,0.42788040898782187
COc1cc([C@@H]2c3cc4c(c(O)c3C[C@H]3COC(=O)[C@@H]32)OCO4)cc(OC)c1OC,-4.503499935499484,-3.8400276210386783,0.6634723144608055,0.6634723144608055
COc1cc([C@@H]2c3cc4c(cc3[C@H](O)[C@H]3COC(=O)[C@@H]23)OCO4)cc(OC)c1OC,-3.617399882090275,-4.043366462480326,-0.425966580390051,0.425966580390051
CCN(C(=O)Oc1cccc(NC(=O)OC(C)C)c1)c1ccccc1,-5.0574001156662955,-4.501437265670933,0.5559628499953622,0.5559628499953622
CCOC(=O)Nc1cccc(OC(=O)Nc2ccccc2)c1,-4.519999932359992,-4.246806551364868,0.27319338099512436,0.27319338099512436
COC(=O)Nc1cccc(OC(=O)Nc2cccc(C)c2)c1,-4.778999742776125,-4.601551990031745,0.17744775274437963,0.17744775274437963
Cc1nc2cncnc2n(C)c1=O,-1.4889999684945356,-0.8731592309767375,0.6158407375177981,0.6158407375177981
Cn1c(=O)cnc2cncnc21,-0.9200000973922822,-1.0058260635983358,-0.08582596620605365,0.08582596620605365
O=c1cnc2cncnc2[nH]1,-2.119999906204729,-1.542598335728866,0.577401570475863,0.577401570475863
CC(C(=O)O)c1ccc2c(c1)[nH]c1ccc(Cl)cc12,-4.699999774313909,-5.218273382846384,-0.5182736085324748,0.5182736085324748
CCn1c2ccccc2c2ccccc21,-6.813503172743943,-4.943339934836722,1.8701632379072208,1.8701632379072208
c1ccc2c(c1)[nH]c1ccccc12,-5.210427693303761,-4.843188306565991,0.36723938673777035,0.36723938673777035
CCOC(=O)c1ccccc1S(=O)(=O)NC(=O)Nc1nc(Cl)cc(OC)n1,-4.579999834285701,-4.178767248413662,0.40123258587203914,0.40123258587203914
COC(=O)c1ccccc1S(=O)(=O)NC(=O)Nc1nc(C)cc(C)n1,-3.1742000353842186,-3.2734763788302397,-0.0992763434460211,0.0992763434460211
COC(=O)c1ccccc1S(=O)(=O)NC(=O)Nc1nc(OC(F)F)cc(OC(F)F)n1,-5.151999816234511,-5.113228514003309,0.0387713022312024,0.0387713022312024
Cc1nc2c(=O)[nH]cnc2[nH]c1=O,-2.1500001295211626,-2.6531615188535733,-0.5031613893324107,0.5031613893324107
Nc1nc2[nH]c(=O)cnc2c(=O)[nH]1,-4.55000008758803,-3.6665691673388205,0.8834309202492094,0.8834309202492094
O=c1cnc2c(=O)[nH]cnc2[nH]1,-2.8199999251814134,-2.923866320089301,-0.10386639490788774,0.10386639490788774
C=CC1(C)OC(=O)N(c2cc(Cl)cc(Cl)c2)C1=O,-4.925000053375069,-3.870685714424546,1.0543143389505225,1.0543143389505225
CCOC(=O)C1(C)OC(=O)N(c2cc(Cl)cc(Cl)c2)C1=O,-5.220300102002541,-3.610449282584166,1.6098508194183747,1.6098508194183747
COCC1(C)OC(=O)N(c2cc(Cl)cc(Cl)c2)C1=O,-4.659999748912243,-3.2976684407928643,1.362331308119379,1.362331308119379
CC(=O)OCn1cc(F)c(=O)n(C(=O)c2ccccc2)c1=O,-3.3399998979389958,-2.3445831438484506,0.9954167540905452,0.9954167540905452
CCCC(=O)OCn1cc(F)c(=O)n(C(=O)c2ccccc2)c1=O,-3.7299999753842505,-3.1447842573146025,0.585215718069648,0.585215718069648
O=C(c1ccccc1)n1c(=O)[nH]cc(F)c1=O,-2.2599999951105594,-1.9822519771298541,0.27774801798070525,0.27774801798070525
C1CCCNCC1,-0.48999996050116446,-0.26670243601425714,0.22329752448690732,0.22329752448690732
CCSC(=O)N1CCCCCC1,-2.28579998153574,-2.3843042791854914,-0.09850429764975122,0.09850429764975122
O=NN1CCCCCC1,-1.000599870775988,-0.7189245822783175,0.28167528849767054,0.28167528849767054
COc1ccc2[nH]c(=O)cc(C(=O)[O-])c2c1,-3.1103999371636473,-3.3899904313600198,-0.2795904941963725,0.2795904941963725
Cn1c(=O)ccc2ccccc21,-1.0465999816939775,-1.4887612505827743,-0.4421612688887968,0.4421612688887968
O=c1ccc2ccccc2[nH]1,-2.139399992060003,-2.407955600139636,-0.26855560807963297,0.26855560807963297
CC1COC(=O)O1,0.3712321685176896,0.30397172871327083,-0.06726043980441876,0.06726043980441876
O=C1OCC(CO)O1,0.9277940602094796,0.6612729333629979,-0.26652112684648177,0.26652112684648177
O=C1OCCO1,0.9461909997458777,0.8624441807598875,-0.08374681898599023,0.08374681898599023
COc1ccc(S(=O)(=O)CCOS(=O)(=O)[O-])cc1N/N=C1/C(=O)c2c(cc(S(=O)(=O)[O-])c(N=Nc3ccc(S(=O)(=O)CCOS(=O)(=O)[O-])cc3)c2N)C=C1S(=O)(=O)[O-],-0.4161047151651802,-0.017874759410300367,0.39822995575487985,0.39822995575487985
Nc1c(N=Nc2ccc(S(=O)(=O)CCOS(=O)(=O)[O-])cc2)c(S(=O)(=O)[O-])cc2c1C(=O)/C(=N\Nc1ccc(S(=O)(=O)CCOS(=O)(=O)[O-])cc1)C(S(=O)(=O)[O-])=C2,-0.25528646340799677,0.18667340000932553,0.4419598634173223,0.4419598634173223
Nc1c(N=Nc2ccc([N+](=O)[O-])cc2)c(S(=O)(=O)[O-])cc2c1C(=O)/C(=N/Nc1ccccc1)C(S(=O)(=O)[O-])=C2,-1.2800595629106486,-1.44344910480467,-0.16338954189402144,0.16338954189402144
CC(c1cc2ccccc2s1)N(O)C(N)=O,-3.3699998489018506,-2.985679969183646,0.3843198797182046,0.3843198797182046
Cc1c(CC(=O)O)sc2cc(Cl)ccc12,-3.8399998409736473,-3.989070938172828,-0.14907109719918088,0.14907109719918088
c1ccc2sccc2c1,-3.0137998846701155,-3.5267914551300277,-0.5129915704599122,0.5129915704599122
CC1=C/C(=C(\c2ccc(N)c(S(=O)(=O)[O-])c2)c2ccc(N)c(S(=O)(=O)O)c2)C=C(S(=O)(=O)[O-])C1=N,-1.7675632088247897,-0.8651316092435204,0.9024315995812693,0.9024315995812693
CC1=CC(=C(c2ccc(N)cc2)c2ccc(N)cc2)C=CC1=N,-2.1054833242813595,-2.9305257906418407,-0.8250424663604812,0.8250424663604812
CCN=C1C=CC(=C(c2ccc(NCC)c(C)c2)c2ccc(NCC)c(C)c2)C=C1C,-1.0232212866721464,-3.226839113736898,-2.2036178270647517,2.2036178270647517
CC(Oc1ccc(Oc2nc3ccc(Cl)cc3o2)cc1)C(=O)O,-3.091999984715784,-4.75736165947599,-1.6653616747602058,1.6653616747602058
CCOC(=O)C(C)Oc1ccc(Oc2nc3ccc(Cl)cc3o2)cc1,-5.604199901858694,-5.956267560139448,-0.35206765828075426,0.35206765828075426
CCOC(=O)[C@@H](C)Oc1ccc(Oc2nc3ccc(Cl)cc3o2)cc1,-5.604199901858694,-5.956267560139448,-0.35206765828075426,0.35206765828075426
CC(=O)Nc1ccncc1NS(=O)(=O)c1ccc([N+](=O)[O-])cc1,-3.3900000658678673,-3.6731939638763675,-0.28319389800850026,0.28319389800850026
Nc1ccc(S(=O)(=O)Nc2ccc(I)nc2)cc1,-1.8099999816953982,-3.4095328900485775,-1.5995329083531793,1.5995329083531793
O=S(=O)(Nc1cccnc1Cl)c1ccccc1,-3.759999926347105,-3.3916253698931667,0.36837455645393824,0.36837455645393824
C=CCN1CCC23c4c5ccc(O)c4OC2C(=O)CCC3(O)C1C5,-3.3900000658678673,-3.467597992150953,-0.0775979262830857,0.0775979262830857
C=CCN1CC[C@]23c4c5ccc(O)c4O[C@H]2C(=O)CC[C@@]3(O)[C@H]1C5,-2.900000078117337,-3.467597719797374,-0.5675976416800372,0.5675976416800372
CN1CCC23c4c5ccc(O)c4OC2C(=O)CCC3C1C5,-2.099999893503896,-2.2861454620503654,-0.18614556854646924,0.18614556854646924
CC(O)C(O)c1cnc2[nH]c(N)nc(=O)c2n1,-2.5301001203351987,-2.5012933504007826,0.02880676993441611,0.02880676993441611
Nc1nc(=O)c2nccnc2[nH]1,-3.9699999916174558,-3.022942977295813,0.9470570143216426,0.9470570143216426
O=c1nc[nH]c2nccnc12,-1.4716001154098868,-1.554216939397705,-0.08261682398781822,0.08261682398781822
O=c1[nH]c(=O)c2cc([N+](=O)[O-])cc([N+](=O)[O-])c2[nH]1,-3.2056998970825124,-3.02052109011901,0.1851788069635023,0.1851788069635023
O=c1[nH]c2ccccc2c(=O)n1CCCl,-3.5747994928072413,-3.142521679959261,0.4322778128479805,0.4322778128479805
O=c1[nH]c2ccccc2c(=O)n1CCO,-3.1128935554642494,-1.9612117780234373,1.1516817774408121,1.1516817774408121
CC[P+](c1ccccc1)(c1ccccc1)c1ccccc1,-1.332173330787294,-0.43563873089279737,0.8965345998944967,0.8965345998944967
COC[P+](c1ccccc1)(c1ccccc1)c1ccccc1,0.5063443277459609,-0.6783368178537414,-1.1846811455997024,1.1846811455997024
C[P+](c1ccccc1)(c1ccccc1)c1ccccc1,-0.018923048334852144,-0.31434715401743807,-0.2954241056825859,0.2954241056825859
CN1CC2CC1CN2c1cc2c(cc1F)c(=O)c(C(=O)O)cn2C1CC1,-2.900000078117337,-3.6579832888575914,-0.7579832107402544,0.7579832107402544
CN1C[C@@H]2C[C@H]1CN2c1cc2c(cc1F)c(=O)c(C(=O)O)cn2C1CC1,-2.900000078117337,-3.6579834931227753,-0.7579834150054383,0.7579834150054383
O=C(O)c1cn(C2CC2)c2cc(N3CC4CC3CN4)c(F)cc2c1=O,-3.650000060757708,-4.283250728442568,-0.6332506676848602,0.6332506676848602
COc1ccc2c(c1)[nH]c1c(C)nccc12,-4.479999906958326,-3.44690790357,1.0330920033883255,1.0330920033883255
Cc1nccc2c1[nH]c1ccccc12,-3.789999945398354,-3.0778464373462944,0.7121535080520598,0.7121535080520598
c1ccc2c(c1)[nH]c1cnccc12,-3.7299999753842505,-3.1873009659605698,0.5426990094236808,0.5426990094236808
CCOC(=O)C1CCn2c(C(=O)c3ccccc3)ccc21,-4.199999729146666,-4.566720554670525,-0.366720825523859,0.366720825523859
CN(C)C(=O)COC(=O)C1CCn2c(C(=O)c3ccccc3)ccc21,-3.0299999500242794,-3.504698677530194,-0.4746987275059147,0.4746987275059147
O=C(c1ccccc1)c1ccc2n1CCC2C(=O)O,-3.259999966290355,-3.937148158243271,-0.6771481919529161,0.6771481919529161
O=c1[nH]cncc1Br,-0.44709991419312756,-0.8983316466681179,-0.4512317324749904,0.4512317324749904
O=c1cc(O)nc[nH]1,-1.5871611006350808,-1.0786530020217318,0.508508098613349,0.508508098613349
O=c1ccnc[nH]1,0.5859998512721925,0.4759804443135214,-0.11001940695867107,0.11001940695867107
CC1CCC(C(C)C)C2(C1)OCC(CO)O2,-2.2793855781377657,-2.5982232401002614,-0.31883766196249574,0.31883766196249574
CCCN(CC)CC1COC2(CCC(C(C)(C)C)CC2)O1,-2.8013999290299694,-3.466770105359993,-0.6653701763300237,0.6653701763300237
NC(=O)OCC1COC2(CCCCC2)O1,-1.8900000324987298,-1.6784270572227893,0.21157297527594054,0.21157297527594054
CC1CN(c2cc3c(cc2F)c(=O)c(C(=O)O)cn3-c2ccc(F)cc2F)CCN1,-3.799999883660376,-3.8081709676411917,-0.008171083980815563,0.008171083980815563
CN1CCN(c2cc3c(cc2F)c(=O)c(C(=O)O)cn3-c2ccc(F)cc2)CC1,-3.819999896361209,-3.904018932749145,-0.08401903638793584,0.08401903638793584
O=C(O)c1cn(-c2ccc(F)cc2)c2cc(N3CCNCC3)c(F)cc2c1=O,-3.1300000880001253,-3.686439131205807,-0.5564390432056818,0.5564390432056818
CC(C)(C)C(O)/C(=C\c1ccc(Cl)cc1)n1cncn1,-4.540299806351012,-4.598735445497256,-0.05843563914624461,0.05843563914624461
CC(C)(C)C(O)/C(=C\c1ccc(Cl)cc1Cl)n1cncn1,-4.9114998950075375,-4.857102987080356,0.054396907927181104,0.054396907927181104
CC(C)(C)[C@H](O)/C(=C\c1ccc(Cl)cc1)n1cncn1,-4.540299806351012,-4.598735445497256,-0.05843563914624461,0.05843563914624461
O=C1Nc2ccc(Cl)cc2C(=O)N2CCCC12,-4.699999774313909,-4.385701020917823,0.31429875339608593,0.31429875339608593
O=C1Nc2ccccc2C(=O)N2CC(O)CC12,-2.369999860699956,-2.2660231625926808,0.10397669810727539,0.10397669810727539
O=C1Nc2ccccc2C(=O)N2CCCC12,-3.7499999199966885,-3.5366936184572833,0.21330630153940522,0.21330630153940522
O=C(O)C1CCC(C(=O)O)SS1,-1.9299999898120008,-1.3236806653183868,0.606319324493614,0.606319324493614
O=C(O)[C@@H]1CC[C@H](C(=O)O)SS1,-1.1708999762000443,-1.3236805291415976,-0.15278055294155335,0.15278055294155335
O=C(O)[C@H]1CC[C@H](C(=O)O)SS1,-1.524099944484389,-1.3236805291415976,0.2004194153427914,0.2004194153427914
CC1(C)N=C(c2ccccc2)NC1=O,-0.8499999167625774,-1.9016527484533055,-1.051652831690728,1.051652831690728
COC(=O)c1cc(C)ccc1C1=NC(C)(C(C)C)C(=O)N1,-2.3262000262561733,-3.257694459202165,-0.9314944329459918,0.9314944329459918
COC(=O)c1ccc(C)cc1C1=NC(C)(C(C)C)C(=O)N1,-2.4598998960019136,-3.2302322307975695,-0.7703323347956559,0.7703323347956559
CC1=C(O)C(=O)C(C)O1,0.39066977107843437,-0.10805320815812003,-0.4987229792365544,0.4987229792365544
O=C1C(O)=C(O)OC1C(O)CO,0.276999736750398,0.4010085852807972,0.12400884853039917,0.12400884853039917
O=C1C(O)=C(O)O[C@@H]1[C@H](O)C[O-],-0.13254487607945187,0.052368769142003835,0.1849136452214557,0.1849136452214557
CCN(CC)c1ccc([C+](c2ccc(N(CC)Cc3cccc(S(=O)(=O)[O-])c3)cc2)c2ccc(N(CC)Cc3cccc(S(=O)(=O)[O-])c3)cc2)c(C)c1,-0.6229779570864675,-0.7711459298185632,-0.1481679727320957,0.1481679727320957
CCN(CC)c1ccc([C+](c2ccc(N(CC)Cc3cccc(S(=O)(=O)[O-])c3)cc2)c2ccc(N(CC)Cc3cccc(S(=O)(=O)[O-])c3)cc2)cc1,-0.7717028928870766,-0.7006452994879333,0.0710575933991433,0.0710575933991433
CCN(Cc1cccc(S(=O)(=O)[O-])c1)c1ccc([C+](c2ccc(N(CC)Cc3cccc(S(=O)(=O)[O-])c3)cc2)c2ccccc2S(=O)(=O)[O-])cc1,-0.11315820363793039,-0.16308170403438815,-0.049923500396457765,0.049923500396457765
CC1(C)CC(OC(=O)CCCCCCCCC(=O)OC2CC(C)(C)NC(C)(C)C2)CC(C)(C)N1,-5.05759512082867,-4.334401726418385,0.7231933944102851,0.7231933944102851
CC1(C)CNCC(C)(C)C1OC(=O)CCCCCCCCC(=O)OC1C(C)(C)CNCC1(C)C,-4.407746681348535,-4.225105418211256,0.18264126313727935,0.18264126313727935
CN1C(C)(C)CC(OC(=O)CCCCCCCCC(=O)OC2CC(C)(C)N(C)C(C)(C)C2)CC1(C)C,-4.611221222960788,-4.605446918561236,0.005774304399552399,0.005774304399552399
O=S(=O)([O-])c1cc(O)c2ccc3c(S(=O)(=O)[O-])cc(S(=O)(=O)[O-])c4ccc1c2c34,-0.24253568591235597,0.7252580490295482,0.9677937349419041,0.9677937349419041
O=[N+]([O-])c1ccc2ccc3cccc4ccc1c2c34,-7.321299883809635,-6.8938316819632295,0.42746820184640555,0.42746820184640555
c1cc2ccc3cccc4ccc(c1)c2c34,-6.178796502827165,-7.079586899742976,-0.9007903969158111,0.9007903969158111
Brc1cccc(Nc2ncnc3cc4[nH]ccc4cc23)c1,-2.8199999251814134,-4.112846788216619,-1.292846863035206,1.292846863035206
Cn1ccc2cc3c(Nc4cccc(Br)c4)ncnc3cc21,-3.309999912931944,-3.6056288965941334,-0.29562898366218926,0.29562898366218926
O=C(O)Cn1ccc2cc3c(Nc4cccc(Br)c4)ncnc3cc21,-1.9600000769516448,-3.849840043861741,-1.889839966910096,1.889839966910096
COc1cc(O)c(CC=C(C)C)c2c1C(=O)CC(c1ccc(O)cc1)O2,-5.4399998357143575,-4.2718003031085985,1.168199532605759,1.168199532605759
O=C1CC(c2ccc(O)c(O)c2)Oc2cc(O)cc(O)c21,-3.619999837441275,-2.8207341053191897,0.7992657321220853,0.7992657321220853
O=C1C[C@@H](c2ccc(O)c(O)c2)Oc2cc(O)cc(O)c21,-3.614700041064274,-2.8207340031865975,0.7939660378776763,0.7939660378776763
C1CCCCCCC1,-4.152399949483976,-4.579176781770764,-0.4267768322867882,0.4267768322867882
CN(C)C(=O)NC1CCCCCCC1,-2.2599999951105594,-1.676987940912753,0.5830120541978063,0.5830120541978063
OC1CCCCCCC1,-1.2900000600041115,-2.1119652713668597,-0.8219652113627482,0.8219652113627482
CCS(=O)(=O)c1cccnc1S(=O)(=O)NC(=O)Nc1nc(OC)cc(OC)n1,-4.634900051626385,-3.3896059361952404,1.2452941154311445,1.2452941154311445
COC(=O)c1ccc(C(F)(F)F)nc1S(=O)(=O)NC(=O)Nc1nc(OC)cc(OC)n1,-3.8900000769909133,-4.772175242976971,-0.8821751659860575,0.8821751659860575
COc1cc(OC)nc(NC(=O)NS(=O)(=O)c2ncccc2C(=O)N(C)C)n1,-3.9699999916174558,-3.486337007782242,0.48366298383521356,0.48366298383521356
C=CC(=O)OC1C=CC2C3CCC(C3)C12,-3.7081424431880494,-3.665116160996269,0.043026282191780396,0.043026282191780396
CC(=O)OC1=CCC2C3CCC(C3)C12,-3.009726502841446,-3.5446718761043545,-0.5349453732629086,0.5349453732629086
CCC(=O)OC1C=CC2C3CCC(C3)C12,-3.558592752662636,-3.998516841167308,-0.439924088504672,0.439924088504672
CN1C[C@@H]2C[C@@H](C1)c1cccc(=O)n1C2,0.6483998691105048,0.3495757013509899,-0.2988241677595149,0.2988241677595149
O=c1cccc2n1CC1CNCC2C1,0.3600000345770753,0.2807930773950207,-0.07920695718205462,0.07920695718205462
O=c1cccc2n1C[C@@H]1CNC[C@@H]2C1,0.3629997368932636,0.2807928050414419,-0.08220693185182171,0.08220693185182171
COCOc1ccc2c3c1OC1C(O)CCC4C(C2)N(C)CCC341,-1.9600000769516448,-1.0809695053856632,0.8790305715659816,0.8790305715659816
COc1ccc2c3c1OC1C(O)CCC4C(C2)N(C)CCC341,-1.0000000120188242,-1.498543101716624,-0.4985430896977998,0.4985430896977998
COc1ccc2c3c1OC1C(OC(C)=O)CCC4C(C2)N(C)CCC341,-1.750000079769689,-1.965097855061619,-0.21509777529192986,0.21509777529192986
O=C1CCC(=O)N1,0.3899997812747462,0.47068207779280913,0.08068229651806291,0.08068229651806291
O=C1CCC(=O)N1Br,-1.0830999912553185,-0.8210190448029548,0.2620809464523637,0.2620809464523637
O=C1CCC(=O)N1Cl,-0.970200172847945,-0.9699289086835248,0.0002712641644202485,0.0002712641644202485
Cc1cc(=O)c2ccccc2[nH]1,-1.201900077592409,-2.0712662505053707,-0.8693661729129618,0.8693661729129618
Cn1ccc(=O)c2ccccc21,-0.9818001202966409,-1.2921656794854237,-0.31036555918878284,0.31036555918878284
O=c1cc[nH]c2ccccc12,-1.4809999906495603,-1.6059554040428534,-0.12495541339329308,0.12495541339329308
Cc1ccc2c(ccc3ccccc32)c1,-5.836699709063903,-6.107322480806135,-0.27062277174223226,0.27062277174223226
Cc1cccc2c1ccc1ccccc12,-5.854100106855709,-5.942547476257088,-0.0884473694013792,0.0884473694013792
c1ccc2c(c1)ccc1ccccc12,-5.190299946774502,-5.741856660573088,-0.5515567137985862,0.5515567137985862
CCCCCCCCSc1nc(Nc2cc(C(C)(C)C)c(O)c(C(C)(C)C)c2)nc(SCCCCCCCC)n1,-7.4690645008916245,-7.1387840394953646,0.33028046139626,0.33028046139626
Clc1nc(Cl)nc(Nc2ccccc2Cl)n1,-4.537099787977664,-4.239147696377259,0.29795209160040503,0.29795209160040503
O=S(=O)([O-])c1ccc(Nc2nc(Cl)nc(Cl)n2)cc1,-1.3810309754533718,-0.8087640869974013,0.5722668884559705,0.5722668884559705
CC(=O)C1CC(CC(=O)O)C1(C)C,-0.575200058183285,-1.8640493664561137,-1.2888493082728287,1.2888493082728287
CC1(C)C(O)C(C)(C)C1O,-0.37367747466982726,0.3777626626285997,0.751440137298427,0.751440137298427
FC1(F)C(F)(F)C(F)(F)C1(F)F,-3.637999957813456,-4.939402519148948,-1.3014025613354923,1.3014025613354923
CCNc1nc(=O)nc(NC(C)C)[nH]1,-4.52409980695748,-2.630311462128067,1.8937883448294128,1.8937883448294128
Nc1nc(=O)nc(N)[nH]1,-3.229099954838176,-2.7695011289161737,0.4595988259220021,0.4595988259220021
CC(C)(C)NC(=O)C1N(C(=O)C(O)C(Cc2ccccc2)NC(=O)COc2ccccc2)CSC1(C)C,-3.8299999027116254,-3.657285314723688,0.17271458798793748,0.17271458798793748
Cc1cccc(C)c1OCC(=O)NC(Cc1ccccc1)C(O)C(=O)N1CSC(C)(C)C1C(=O)NC(C)(C)C,-5.010000107353608,-3.9749357874364772,1.0350643199171303,1.0350643199171303
COc1ccc2c(c1)c(CC(=O)O)c(C)n2C(=O)/C=C/c1ccccc1,-5.543300007532055,-4.6777920635038495,0.8655079440282059,0.8655079440282059
COc1ccc2c(c1)c(CC(=O)O)c(C)n2C(=O)C=Cc1ccccc1,-5.539999899218522,-4.677792199680638,0.8622076995378833,0.8622076995378833
O=C1CC(=O)CC(c2ccccc2)C1,-2.509999983649984,-1.7830824604482727,0.7269175232017111,0.7269175232017111
O=C1CC(c2ccccc2)CC(=O)C1[N+](=O)[O-],-1.6688000390984508,-2.4210274825046056,-0.7522274434061549,0.7522274434061549
C=CS(=O)(=O)CCOCCNc1nc(F)nc(Nc2ccc(N=Nc3cc4c(S(=O)(=O)[O-])cc(S(=O)(=O)[O-])cc4cc3S(=O)(=O)[O-])c(NC(N)=O)c2)n1,-0.4145599256665946,-0.14997250922913175,0.26458741643746286,0.26458741643746286
NC(=O)Nc1cc(Nc2nc(N)nc(Cl)n2)ccc1N=Nc1cc2c(S(=O)(=O)[O-])cc(S(=O)(=O)[O-])cc2cc1S(=O)(=O)[O-],-1.0000005567259818,-0.4351416856116055,0.5648588711143763,0.5648588711143763
O=C(CC(CP1(=O)Oc2ccccc2-c2ccccc21)C(=O)OCCO)OCCO,-4.461779588717738,-2.838764303739722,1.6230152849780155,1.6230152849780155
O=C(O)CC(CP1(=O)Oc2ccccc2-c2ccccc21)C(=O)O,-2.8135094500244784,-2.6082967138285413,0.20521273619593705,0.20521273619593705
Cc1cnnc2c(O)cccc12,-2.678299890347612,-2.372938079195745,0.305361811151867,0.305361811151867
Oc1cccc2ccnnc12,-2.408900054262295,-1.9093789428632573,0.4995211113990379,0.4995211113990379
COc1cccc(CC(C)NC(C)Cc2ccccc2OC)c1,-2.9999999799115638,-2.663215587389369,0.33678439252219494,0.33678439252219494
COc1ccccc1CC(C)NC(C)Cc1ccccc1OC,-2.0000000342649162,-2.576035002571081,-0.576034968306165,0.576034968306165
CCC(Cc1ccc(C)cc1)(C(=O)c1ccc(N2CCOCC2)cc1)N(C)C,-5.13323302053819,-4.369107879133388,0.7641251414048025,0.7641251414048025
CCC(Cc1ccccc1)(C(=O)c1ccc(N2CCOCC2)cc1)N(C)C,-4.793227629906036,-4.172959580700715,0.620268049205321,0.620268049205321
O=C(c1ccccc1)C1(O)CCCCC1,-2.6647801225224126,-2.226596781916226,0.4381833406061868,0.4381833406061868
O=C(c1ccccc1)C1CCCCC1,-4.014709895544582,-3.8769271733000235,0.1377827222445589,0.1377827222445589
Nc1nc2c(ncn2C2OC(CO)C(O)C2O)c(=O)[nH]1,-2.7399999935327726,-2.3280234334658045,0.41197656006696803,0.41197656006696803
O=c1[nH]cnc2c1ncn2C1CCC(CO)O1,-0.940000110093115,-1.4701103413342058,-0.5301102312410908,0.5301102312410908
CN(C)c1ccc2nc3ccc(N(C)C)cc3[s+]c2c1,-0.86549996745876,-0.6209576382394109,0.24454232921934915,0.24454232921934915
Cc1cc2nc3ccc(N(C)C)cc3[s+]c2cc1N,-0.9034000105915885,-0.4663839093354656,0.4370161012561229,0.4370161012561229
Cc1cccc(C)c1OP(=O)(Oc1cccc(OP(=O)(Oc2c(C)cccc2C)Oc2c(C)cccc2C)c1)Oc1c(C)cccc1C,-6.836753180699821,-6.789606325038568,0.04714685566125354,0.04714685566125354
O=P(Oc1ccccc1)(Oc1ccccc1)Oc1cccc(OP(=O)(Oc2ccccc2)Oc2ccccc2)c1,-5.7380717628894065,-6.317009407549335,-0.5789376446599288,0.5789376446599288
CC1C(c2ccc(Cl)cc2)SC(=O)N1C(=O)NC1CCCCC1,-5.8499998237278525,-5.3467070237937016,0.503292799934151,0.503292799934151
C[C@H]1C(c2ccc(Cl)cc2)SC(=O)N1C(=O)NC1CCCCC1,-5.84869988009655,-5.3467070237937016,0.5019928563028486,0.5019928563028486
CCCCN1CCCCC1C(=O)Nc1c(C)cccc1C,-3.2199999919549853,-3.442259917395307,-0.22225992544032147,0.22225992544032147
Cc1cccc(C)c1NC(=O)C1CCCCN1C,-1.9900000279144996,-2.1115920107872035,-0.1215919828727039,0.1215919828727039
C1=CCCCCC1,-3.1800000431527637,-3.8141785428809305,-0.6341784997281668,0.6341784997281668
O=NC1=C(NO)CCCCC1,-1.4249000557945484,-1.3341612395584814,0.09073881623606694,0.09073881623606694
COC(=O)c1sccc1S(=O)(=O)NC(=O)Nc1nc(C)nc(OC)n1,-2.2379000001408897,-3.302259436981207,-1.0643594368403173,1.0643594368403173
COC(=O)c1sccc1S(=O)(=O)NC(=O)Nc1nc(OC)nc(OC)n1,-3.190000023970032,-3.7590834565546616,-0.5690834325846295,0.5690834325846295
CC[N+]1(C)CCCC1,1.4101869912186564,1.1655176090548278,-0.2446693821638286,0.2446693821638286
NC(=O)[C@@H]1CCC[NH2+]1,0.785359675016915,0.6170007697252933,-0.16835890529162167,0.16835890529162167
CC(=O)Oc1ccccc1C(=O)OCC(=O)N1CCOCC1,-1.7999999753449818,-1.197297029758207,0.6027029455867747,0.6027029455867747
O=C(OCC(=O)N1CCOCC1)c1ccccc1,-1.7734000183706615,-1.081121342505808,0.6922786758648536,0.6922786758648536
O=C1OC(c2ccc(O)cc2)(c2ccc(O)cc2)c2ccccc21,-2.9007999720670323,-4.060063983773812,-1.1592640117067798,1.1592640117067798
O=C1OC(c2ccccc2)(c2ccccc2)c2ccccc21,-3.8499998473240638,-4.6887517076889385,-0.8387518603648747,0.8387518603648747
CC(=O)C1C(=O)C=C(C)OC1=O,-1.2259999648907305,-1.0954909896734504,0.1305089752172801,0.1305089752172801
CC1=CC(=O)CC(=O)O1,-1.118500100888938,-0.35740897835124397,0.761091122537694,0.761091122537694
Cc1nn(-c2cccc(S(=O)(=O)[O-])c2)c([O-])c1N=Nc1cc(Cl)cc(S(=O)(=O)[O-])c1[O-],-1.133167566694927,-1.523521601659945,-0.3903540349650181,0.3903540349650181
Cc1nn(-c2ccccc2)c(O)c1N=Nc1cc(Cl)c(S([NH-])(=O)=O)cc1O,-2.6924707874911724,-3.165687317883077,-0.4732165303919045,0.4732165303919045
OCC1OC(OCC2OC(OC3(CO)OC(CO)C(O)C3O)C(O)C(O)C2O)C(O)C(O)C1O,0.29999972412099796,0.3442789689517496,0.04427924483075163,0.04427924483075163
OC[C@H]1O[C@H](OC[C@H]2O[C@H](O[C@]3(CO)O[C@H](CO)[C@@H](O)[C@@H]3O)[C@H](O)[C@@H](O)[C@@H]2O)[C@H](O)[C@@H](O)[C@H]1O,-0.39620002621690453,0.344278424244592,0.7404784504614965,0.7404784504614965
CCC(=O)N(c1ccccc1)C1CCN(Cc2ccccc2)CC1,-3.4150433178745327,-3.477311074006172,-0.062267756131639374,0.062267756131639374
c1ccc(CN2CCC(Nc3ccccc3)CC2)cc1,-3.954222889243305,-3.4419716311322155,0.5122512581110894,0.5122512581110894
CCN1C(=O)c2ccccc2Oc2ccccc21,-3.680000011720563,-4.338460884155853,-0.6584608724352901,0.6584608724352901
Cc1ccc2c(c1)C(=O)N(C)c1cc(N)ccc1O2,-3.9279999377103487,-4.147700352306113,-0.21970041459576395,0.21970041459576395
C1CN1,1.3658350279823828,0.7204771543084325,-0.6453578736739503,0.6453578736739503
CC1CN1,1.2433998384299145,1.0912525075589206,-0.15214733087099397,0.15214733087099397
CC12CCC3c4ccc(O)cc4CCC3C1CCC2=O,-5.110000034680983,-4.620122282621008,0.4898777520599751,0.4898777520599751
C[C@]12CC[C@@H]3c4ccc(O)cc4CC[C@H]3[C@@H]1CCC2=O,-5.551147875903307,-4.620122282621008,0.9310255932822988,0.9310255932822988
CCN1CC(=O)N=C1N,-0.16500016264299822,-0.5056575677426451,-0.3406574050996469,0.3406574050996469
CN1CC(=O)N=C1N,-0.14990006317718851,-0.09780100239379497,0.05209906078339355,0.05209906078339355
CC(C)=CC1C(C(=O)OCN2C(=O)C3=C(CCCC3)C2=O)C1(C)C,-5.26000012993723,-6.081512076856567,-0.8215119469193377,0.8215119469193377
CC(C)=C[C@@H]1[C@@H](C(=O)OCN2C(=O)C3=C(CCCC3)C2=O)C1(C)C,-4.8579997112383415,-6.081512621563725,-1.2235129103253835,1.2235129103253835
CC1CC(C)C(=O)C(C(O)CC2CC(=O)NC(=O)C2)C1,-1.130000094574238,-1.2488343612854595,-0.11883426671122166,0.11883426671122166
C[C@@H]1C[C@@H]([C@H](O)CC2CC(=O)NC(=O)C2)C(=O)[C@@H](C)C1,-1.1269999837276814,-1.2488342251086701,-0.12183424138098875,0.12183424138098875
CCCCCCCC/C=C\CCCCCCCC1=NCCN1CCO,-3.8458306587407867,-4.186831297438035,-0.34100063869724817,0.34100063869724817
CCCCCCCCCCCC1=NCCN1CCO,-3.898655609899904,-2.9581992462688445,0.9404563636310597,0.9404563636310597
Clc1ccccc1-c1nnc(-c2ccccc2Cl)nn1,-5.481699892154488,-4.942420469154912,0.5392794229995763,0.5392794229995763
Fc1cccc(F)c1-c1nnc(-c2ccccc2Cl)nn1,-6.119999722835518,-4.89768258089757,1.222317141937948,1.222317141937948
CC1(C)CC(N(C=O)CCCCCCN(C=O)C2CC(C)(C)NC(C)(C)C2)CC(C)(C)N1,-1.5399558251311887,-2.264590855122113,-0.7246350299909241,0.7246350299909241
CC1(C)CC(NCCCCCCNC2CC(C)(C)NC(C)(C)C2)CC(C)(C)N1,-2.3507456882744893,-1.1813913084064989,1.1693543798679904,1.1693543798679904
Brc1cc(Br)c(OCCOc2c(Br)cc(Br)cc2Br)c(Br)c1,-6.536300066185892,-7.704769909718545,-1.1684698435326526,1.1684698435326526
c1ccc(OCCOc2ccccc2)cc1,-3.988526503368937,-4.468974353207182,-0.48044784983824496,0.48044784983824496
CC(=O)/C(=N/Nc1cc(S([NH-])(=O)=O)ccc1O)C(=O)[N-]c1ccccc1,-2.2084700852183277,-2.4615739853620036,-0.2531039001436759,0.2531039001436759
CC(=O)/C(=N\Nc1cc([N+](=O)[O-])cc(S(=O)(=O)[O-])c1[O-])C(=O)[N-]c1ccccc1,-2.008645762445072,-2.0269774732993633,-0.018331710854291305,0.018331710854291305
CC1=C2C3OC(=O)C(C)C3CCC2(C)C=CC1=O,-3.089999892377473,-2.731544742636744,0.3584551497407289,0.3584551497407289
CC1=C2[C@H]3OC(=O)[C@@H](C)[C@@H]3CC[C@@]2(C)C=CC1=O,-3.0905000910024434,-2.731544742636744,0.3589553483656993,0.3589553483656993
CNC(=O)c1cccc(NCC(=O)NCCc2ccc(OC)c(OC)c2)c1,-1.8500000070970641,-2.3840872133832396,-0.5340872062861755,0.5340872062861755
COc1ccc(CCNC(=O)CNc2cccc(C(N)=O)c2)cc1OC,-2.690000063913282,-2.8589600535531723,-0.16895998963989012,0.16895998963989012
Clc1c(Cl)c(Br)c2c(c1Cl)C1=Nc3[n-]c(c4c(Br)c(Cl)c(Br)c(Cl)c34)N=C3N=C(N=c4[n-]c(c5c(Cl)c(Br)c(Cl)c(Br)c45)=NC2=N1)c1c(Cl)c(Br)c(Cl)c(Cl)c13,-9.14423319821409,-10.146506896223856,-1.0022736980097662,1.0022736980097662
c1ccc2c(c1)C1=NC2=Nc2[n-]c(c3ccccc23)N=C2N=C(N=c3[n-]c(c4ccccc34)=N1)c1ccccc12,-8.158424363453173,-7.403462149674546,0.7549622137786276,0.7549622137786276
CC12CCC3C(=CCc4cc(O)ccc43)C1CCC2=O,-4.989999686122407,-4.657819694691258,0.33217999143114874,0.33217999143114874
C[C@]12CC[C@H]3C(=CCc4cc(O)ccc43)[C@@H]1CCC2=O,-5.279499965290715,-4.657819830868047,0.6216801344226681,0.6216801344226681
C=CCn1cnc2c(=O)[nH]c(Nc3ccccc3)nc21,-5.09000002198015,-4.410350653914822,0.6796493680653279,0.6796493680653279
O=c1[nH]c(Nc2ccccc2)nc2[nH]cnc12,-4.119999814520123,-4.210985110744946,-0.09098529622482232,0.09098529622482232
CC1CCC(C(C)C)c2nc(NS(=O)(=O)c3ccc(N)cc3)ncc21,-4.179999784534227,-3.745047170167391,0.4349526143668365,0.4349526143668365
Nc1ccc(S(=O)(=O)Nc2ncc3c(n2)CCCC3)cc1,-3.650000060757708,-4.037857770908435,-0.38785771015072656,0.38785771015072656
C=C1C(O)CC2CC1C2(C)C,-2.096124914874048,-2.2241641878393583,-0.12803927296531015,0.12803927296531015
C=C1CCC2CC1C2(C)C,-4.292313566128557,-4.381836187458783,-0.08952262133022515,0.08952262133022515
COC(=O)C1C2CC3c4[nH]c5cc(OC)ccc5c4CCN3CC2CC(OC(=O)c2cc(OC)c(OC)c(OC)c2)C1OC,-5.969999627579272,-3.81149368130176,2.158505946277512,2.158505946277512
COC(=O)[C@H]1[C@H]2C[C@@H]3c4[nH]c5cc(OC)ccc5c4CCN3C[C@H]2C[C@@H](OC(=O)c2cc(OC)c(OC)c(OC)c2)[C@@H]1OC,-3.920799930414513,-3.8114938174785493,0.10930611293596382,0.10930611293596382
CN1C=CC=C/C1=C\[NH+]=O,-0.7405001604321328,-0.7843974293687088,-0.04389726893657597,0.04389726893657597
O=N/C=C1\C=CC=CN1,-1.0004518466059458,-0.969077939926767,0.03137390667917872,0.03137390667917872
CCC1(C)OC(=O)NC1=O,0.020299952306682467,-0.8337039127325419,-0.8540038650392243,0.8540038650392243
CN1C(=O)OC(C)(C)C1=O,-0.4568000592533563,-0.21322853436540878,0.24357152488794753,0.24357152488794753
O=S(=O)(O)c1cc(O)c2cc(Nc3ccccc3)ccc2c1,-1.976300030108572,-3.0906560091707447,-1.1143559790621727,1.1143559790621727
c1ccc(Nc2ccc3ccccc3c2)cc1,-5.495914842489409,-6.36068920215329,-0.8647743596638815,0.8647743596638815
CN1CCN(Cc2ccc(Cl)nc2)C1=NC#N,-2.1300001168203297,-2.3644747598249465,-0.23447464300461673,0.23447464300461673
N#CN=C1NCCN1Cc1ccc(Cl)nc1,-2.630000093899178,-2.3323793885156987,0.2976207053834794,0.2976207053834794
Nc1ccc(/N=N/c2ccccc2)c(N)n1,-4.189999995149828,-3.602211744330139,0.5877882508196888,0.5877882508196888
Nc1ccc(N=Nc2ccccc2)c(N)n1,-4.2399997545483314,-3.602211744330139,0.6377880102181925,0.6377880102181925
CO/N=C(/C)c1cccc(Oc2nc(OC)cc(OC)n2)c1C(=O)OC,-3.309999912931944,-3.5318933185436827,-0.22189340561173854,0.22189340561173854
CO/N=C(\C)c1cccc(Oc2nc(OC)cc(OC)n2)c1C(=O)OC,-3.6036998842843477,-3.5318933185436827,0.07180656574066502,0.07180656574066502
CC(=O)c1cc(Nc2nc(Nc3cc(C(C)=O)c(N)c4c3C(=O)c3ccccc3C4=O)nc(-c3ccccc3)n2)c2c(c1N)C(=O)c1ccccc1C2=O,-4.950431749673404,-6.524056411053856,-1.5736246613804514,1.5736246613804514
O=C1c2ccccc2C(=O)c2c(Nc3nc(Nc4cccc5c4C(=O)c4ccccc4C5=O)nc(-c4ccccc4)n3)cccc21,-7.777865797300942,-6.814608928273607,0.9632568690273349,0.9632568690273349
CCC1OC(=O)C(C)C(OC2CC(C)(OC)C(O)C(C)O2)C(C)C(OC2OC(C)CC(N(C)C)C2O)C(C)(O)CC(C)C(=O)C(C)C(O)C1(C)O,-1.2700000473032786,-1.2263770384204893,0.04362300888278936,0.04362300888278936
CCC1OC(=O)C(C)C(OC2CC(C)(OC)C(O)C(C)O2)C(C)C(OC2OC(C)CC(N(C)C)C2O)C(C)(OC)CC(C)C(=O)C(C)C(O)C1(C)O,-2.2000000250964553,-1.4611967534093637,0.7388032716870916,0.7388032716870916
CCOC(=O)c1cncn1C(C)c1ccccc1,-4.729999929541948,-3.3375234889801497,1.392476440561798,1.392476440561798
c1ccc(Cn2ccnc2)cc1,-2.2599999951105594,-1.2781936685427346,0.9818063265678247,0.9818063265678247
CN1C2CC(OC(=O)C(CO)c3ccccc3)CC1C1OC12,-1.2400000282520294,-0.6415549223384098,0.5984451059136195,0.5984451059136195
CN1[C@@H]2CC(OC(=O)[C@H](CO)c3ccccc3)C[C@H]1C1OC12,-0.5040000238624631,-0.6415551946919886,-0.1375551708295255,0.1375551708295255
Cn1c(=O)c2[nH]c(/C=C/c3ccccc3)nc2n(C)c1=O,-6.659999793404427,-4.373142797402348,2.2868569960020784,2.2868569960020784
Cn1c(=O)c2c(nc(/C=C/c3ccccc3)n2C)n(C)c1=O,-5.5500001779225165,-3.9388109449298434,1.6111892329926731,1.6111892329926731
CN1CCC23CCCCC2C1Cc1ccc(O)cc13,-2.720000014876137,-3.184427942102691,-0.4644279272265539,0.4644279272265539
COc1ccc2c(c1)C13CCCCC1C(C2)N(C)CC3,-3.479999986844826,-3.079538263733199,0.400461723111627,0.400461723111627
CC(C)(c1ccccc1)c1ccc(Nc2ccc(C(C)(C)c3ccccc3)cc2)cc1,-7.782007205819188,-7.570635772191512,0.21137143362767574,0.21137143362767574
CC(c1ccccc1)c1ccc(Nc2ccc(C(C)c3ccccc3)cc2)cc1,-5.964168537458553,-7.115964894901044,-1.1517963574424908,1.1517963574424908
Cc1ccc(S(=O)(=O)NC(=O)Nc2nccc(Nc3ccc(S(N)(=O)=O)cc3)n2)cc1,-4.300000065004409,-3.4367495917019437,0.8632504733024651,0.8632504733024651
NS(=O)(=O)c1ccc(Nc2ccnc(NC(=O)NS(=O)(=O)c3ccc(Cl)cc3)n2)cc1,-3.99999994258031,-3.506270021502706,0.49372992107760405,0.49372992107760405
CN(C)C1CSSC1,-1.872999994467664,-1.837095758359806,0.03590423610785809,0.03590423610785809
O=C(O)CCCCC1CCSS1,-2.3750474576630483,-2.62200501841862,-0.24695756075557185,0.24695756075557185
COc1ccc([C@@H]2CC(=O)c3c(O)cc(O[C@@H]4O[C@H](CO)[C@@H](O)[C@H](O)[C@H]4O[C@@H]4O[C@@H](C)[C@H](O)[C@@H](O)[C@H]4O)cc3O2)cc1O,-5.185848599883656,-3.484858672556868,1.7009899273267877,1.7009899273267877
C[C@@H]1O[C@@H](O[C@H]2[C@H](Oc3cc(O)c4c(c3)O[C@H](c3ccc(O)cc3)CC4=O)O[C@H](CO)[C@@H](O)[C@@H]2O)[C@H](O)[C@H](O)[C@H]1O,-2.72243880499692,-3.302522019875305,-0.580083214878385,0.580083214878385
Cn1cnc2[nH]c(=O)nc(NCCO)c21,0.07999985676541499,-1.2533966922596405,-1.3333965490250554,1.3333965490250554
O=c1ncc2[nH]cnc2[nH]1,-1.7136000239717437,-1.8148279935856353,-0.10122796961389158,0.10122796961389158
O=C(OCC(=O)N1CCC1)c1ccccc1,-1.6085000035289754,-2.048125524422959,-0.43962552089398366,0.43962552089398366
O=C(OCC(=O)N1CCC1C(=O)O)c1ccccc1,-2.140000123170746,-2.092068616849157,0.04793150632158927,0.04793150632158927
CCN(CC)Cc1cc(Nc2ccnc3cc(Cl)ccc23)ccc1O,-5.789999785625354,-3.929816331815328,1.8601834538100261,1.8601834538100261
O=C(OCC(O)CO)c1ccccc1Nc1ccnc2cc(Cl)ccc12,-4.539999945060824,-3.5330388376958424,1.0069611073649818,1.0069611073649818
CC1(C)Nc2cccc3cccc(c23)N1,-2.9298989603693326,-3.227652225346212,-0.29775326497687926,0.29775326497687926
CCC1(C)Nc2cccc3cccc(c23)N1,-3.247760498594592,-3.6287918194932116,-0.3810313208986198,0.3810313208986198
C1CSCCS1,-1.6029000054198137,-1.4496309863347991,0.15326901908501456,0.15326901908501456
OC1CSC(O)CS1,-1.469038221471515,-0.7279394857344492,0.7410987357370658,0.7410987357370658
CN(C)[C@@H]1C(=O)/C(=C(\N)O)C(=O)[C@@]2(O)C(=O)C3=C(O)c4c(O)ccc(Cl)c4[C@@H](O)[C@H]3C[C@@H]12,-1.0469017494592159,-2.363604385875704,-1.316702636416488,1.316702636416488
CN(C)[C@@H]1C(=O)/C(=C(\N)O)C(=O)[C@@]2(O)C(=O)C3=C(O)c4c(O)cccc4[C@@](C)(O)[C@H]3C[C@@H]12,-3.2839998828031822,-2.2791208504592353,1.004879032343947,1.004879032343947
O=C(O)c1ccccc1C(=O)Nc1cccc2ccccc12,-3.163300011099724,-4.1707740794081545,-1.0074740683084307,1.0074740683084307
O=C(c1ccccc1)N(O)c1cccc2ccccc12,-3.3064999311358165,-3.6514639612434094,-0.3449640301075929,0.3449640301075929
O=C(O)c1ccc(P(=O)(c2ccccc2)c2ccc(C(=O)O)cc2)cc1,-6.010000197688095,-4.109932604924154,1.900067592763941,1.900067592763941
O=P(c1ccccc1)(c1ccccc1)c1ccccc1,-2.8774728625152237,-3.6676035662308566,-0.7901307037156329,0.7901307037156329
CC(C)(c1cc(Br)c(OCC2CO2)c(Br)c1)c1cc(Br)c(OCC2CO2)c(Br)c1,-7.395301619394905,-6.938749868289693,0.45655175110521196,0.45655175110521196
CC(C)(c1ccc(OCC2CO2)cc1)c1ccc(OCC2CO2)cc1,-4.799620040752528,-5.49535488353153,-0.695734842779002,0.695734842779002
COc1cc2c(c(OC)c1OC)-c1ccc(OC)c(=O)cc1C(NC(C)=O)CC2,-0.940000110093115,-2.572298924266388,-1.6322988141732728,1.6322988141732728
COc1cc2c(c(OC)c1OC)-c1ccc(OC)c(=O)cc1[C@@H](NC(C)=O)CC2,-0.9481999954648819,-2.5722988561779934,-1.6240988607131115,1.6240988607131115
CC12CC(=O)C3C(CCC4=CC(=O)CCC43C)C1CCC2=O,-3.479999986844826,-3.415892550377226,0.0641074364676002,0.0641074364676002
C[C@]12CCC(=O)C=C1CC[C@@H]1[C@@H]2C(=O)C[C@]2(C)C(=O)CC[C@@H]12,-3.4842998711016984,-3.415892686554016,0.06840718454768258,0.06840718454768258
Cc1cc2ccccc2cn1,-2.1900000868344334,-1.7882454672403538,0.40175461959407954,0.40175461959407954
c1ccc2cnccc2c1,-1.4559999747735193,-1.3208394727850223,0.13516050198849694,0.13516050198849694
CCOCCCNS(=O)(=O)c1ccc(Oc2cc(O)c3c(c2N)C(=O)c2ccccc2C3=O)cc1,-4.787469802897997,-4.832320445536935,-0.0448506426389379,0.0448506426389379
Nc1c(Oc2ccccc2)cc(O)c2c1C(=O)c1ccccc1C2=O,-4.219226802391049,-6.575085394626399,-2.35585859223535,2.35585859223535
COc1ccc(CC2NCC(O)C2OC(C)=O)cc1,-1.609999990863859,-1.5300825993716733,0.07991739149218557,0.07991739149218557
COc1ccc(C[C@@H]2NC[C@@H](O)[C@@H]2OC(C)=O)cc1,-1.60749992118786,-1.5300827355484627,0.07741718563939726,0.07741718563939726
CC1=C2C(O)C3C(CC(C)C2CC1=O)OC(=O)C3C,-1.9500000706012284,-1.7205805823715135,0.22941948822971492,0.22941948822971492
CC1=C2[C@@H](O)[C@@H]3[C@H](C)C(=O)O[C@@H]3C[C@H](C)[C@H]2CC1=O,-1.9450000674260202,-1.720580037664356,0.22442002976166409,0.22442002976166409
CCOc1ccccc1NC(=O)C(=O)Nc1ccc(CCCCCCCCCC(C)C)cc1,-6.09944955590564,-6.913659567202301,-0.8142100112966615,0.8142100112966615
CCOc1ccccc1NC(=O)C(=O)Nc1ccccc1CC,-6.017546570647687,-4.7257595204978315,1.2917870501498552,1.2917870501498552
CC(C)Nc1nc(NC(C)C)[nH]c(=O)n1,-2.8099999358530954,-2.8400496424103654,-0.030049706557270017,0.030049706557270017
CCNc1nc(N(CC)CC)nc(=O)[nH]1,-3.6400000544072917,-2.8037283308408716,0.8362717235664201,0.8362717235664201
CC(C)Nc1nc(Cl)nc(NC2CC2)n1,-3.5185000589558055,-3.6968924019996336,-0.17839234304382812,0.17839234304382812
Nc1nc(N)nc(NC2CC2)n1,-1.1790000439852049,-2.3025262361317824,-1.1235261921465776,1.1235261921465776
OC(c1ccc(Cl)cc1)(c1cncnc1)c1ccccc1Cl,-4.374000030291417,-4.063245958722568,0.3107540715688488,0.3107540715688488
OC(c1ccc(F)cc1)(c1cncnc1)c1ccccc1Cl,-4.083000104230198,-3.9236950489564673,0.15930505527373073,0.15930505527373073
Cc1cc(C2(c3cc(C)c(O)c(Br)c3C(C)C)OS(=O)(=O)c3ccccc32)c(C(C)C)c(Br)c1O,-5.1799996706035305,-4.358877053124993,0.8211226174785375,0.8211226174785375
O=S1(=O)OC(c2ccc(O)cc2)(c2ccc(O)cc2)c2ccccc21,-3.069999909465313,-3.7593293237478647,-0.6893294142825517,0.6893294142825517
Nc1c(S(=O)(=O)[O-])cc(-c2cc(S(=O)(=O)[O-])c(N)c3c2C(=O)c2ccccc2C3=O)c2c1C(=O)c1ccccc1C2=O,-2.0301800109433144,-0.6863914025912532,1.3437886083520612,1.3437886083520612
Nc1ccc(-c2ccc(N)c3c2C(=O)c2ccccc2C3=O)c2c1C(=O)c1ccccc1C2=O,-6.293710648302863,-6.439653219943114,-0.14594257164025137,0.14594257164025137
CC12C(=O)OC(=O)C1(C)C1CCC2O1,-3.819999896361209,-3.018787125526845,0.8012127708343639,0.8012127708343639
C[C@@]12C(=O)OC(=O)[C@]1(C)[C@H]1CC[C@@H]2O1,-3.815599888119954,-3.0187871595710427,0.7968127285489115,0.7968127285489115
CC1=CC(C)(C)Nc2ccccc21,-5.238695543594256,-3.546947458343081,1.6917480852511746,1.6917480852511746
CCOc1ccc2c(c1)C(C)=CC(C)(C)N2,-3.332762203716703,-3.6799740700421886,-0.34721186632548573,0.34721186632548573
CC(C)C1OC(O)C(Cc2ccccc2)NC1=O,-2.2800000078113922,-1.9267683784235197,0.35323162938787256,0.35323162938787256
CC(C)CC1OC(O)C(Cc2ccccc2)NC1=O,-2.119999906204729,-2.075387913389158,0.04461199281557082,0.04461199281557082
O=c1c2ccccc2nc2n1CCC2O,-2.099999893503896,-2.745465006399473,-0.6454651128955771,0.6454651128955771
O=c1c2ccccc2nc2n1CC[C@@H]2O,-2.1059999790202197,-2.7454649383110787,-0.639464959290859,0.639464959290859
CCOC(=O)Cc1[nH]nc2ccc(Cl)cc12,-3.0255999353997374,-3.9252815766409936,-0.8996816412412563,0.8996816412412563
NC(Cc1[nH]nc2ccccc12)C(=O)O,-1.4091001438081787,-1.5555119806645905,-0.1464118368564118,0.1464118368564118
COC(=O)C(C)N(C(=O)c1ccco1)c1c(C)cccc1C,-3.117300010825376,-2.899782859116197,0.21751715170917896,0.21751715170917896
O=C(c1ccco1)N(O)c1ccccc1,-3.193999978848322,-1.9924727941442302,1.201527184704092,1.201527184704092
CN1CCC23c4c5ccc(OCc6ccccc6)c4OC2C(O)C=CC3C1C5,-2.220000037797288,-2.431012509408192,-0.21101247161090386,0.21101247161090386
CN1CC[C@]23c4c5ccc(OCc6ccccc6)c4O[C@H]2[C@@H](O)C=C[C@H]3[C@H]1C5,-2.973000029151624,-2.4310123732314026,0.5419876559202215,0.5419876559202215
C1=CCC=CC1,-2.058700128736112,-2.4846455336354163,-0.4259454048993043,0.4259454048993043
CC1=CCC(C(C)C)=CC1,-4.195799764608992,-4.45204049709575,-0.2562407324867575,0.2562407324867575
CNC(=O)O/N=C1/C2CC(C[C@@H]2C#N)[C@@H]1Cl,-2.082200089188875,-2.1432234277750757,-0.061023338586200904,0.061023338586200904
CNC(=O)ON=C1C(Cl)C2CC(C#N)C1C2,-2.0799999488914582,-2.1432232915982867,-0.0632233427068285,0.0632233427068285
CC1=NC(=O)C(C(N)=O)C(=O)N1,-2.4100000903668057,-1.2930562756878874,1.1169438146789183,1.1169438146789183
CCC1(CC)C(=O)N=C([O-])NC1=O,-0.06999996613725257,-1.36601530559697,-1.2960153394597174,1.2960153394597174
CC(=O)CC(c1ccc(Cl)cc1)c1c(O)c2ccccc2oc1=O,-5.8390000073899,-5.058809273082671,0.7801907343072285,0.7801907343072285
CC(=O)CC(c1ccccc1)c1c(O)c2ccccc2oc1=O,-4.780000097470819,-4.253024111213811,0.5269759862570078,0.5269759862570078
CC(C)OC(=O)c1cc(-c2nn(C)c(C(F)(F)F)c2Br)c(F)cc1Cl,-6.922699799541255,-5.65471386481385,1.2679859347274052,1.2679859347274052
CCOC(=O)COc1cc(-c2nn(C)c(OC(F)F)c2Cl)c(F)cc1Cl,-5.616099846774366,-5.285213943372577,0.33088590340178925,0.33088590340178925
CC(C)(C)c1cc(Cn2c(=O)n(Cc3cc(C(C)(C)C)c(O)c(C(C)(C)C)c3)c(=O)n(Cc3cc(C(C)(C)C)c(O)c(C(C)(C)C)c3)c2=O)cc(C(C)(C)C)c1O,-7.292308662414021,-7.671450172896094,-0.37914151048207323,0.37914151048207323
Cc1cc(C(C)(C)C)c(O)c(C)c1Cn1c(=O)n(Cc2c(C)cc(C(C)(C)C)c(O)c2C)c(=O)n(Cc2c(C)cc(C(C)(C)C)c(O)c2C)c1=O,-7.544026282841935,-7.2639762643253665,0.28005001851656885,0.28005001851656885
CC1CC(OC(=O)c2ccccc2O)CC(C)(C)C1,-5.8168189872305565,-4.6017740943752035,1.215044892855353,1.215044892855353
O=C(OC1CCCCC1)c1ccccc1O,-4.554076131247379,-3.88413024457362,0.6699458866737595,0.6699458866737595
CC1CCC(=O)N1c1ccccc1,-0.8457001346382973,-1.7414657442032355,-0.8957656095649382,0.8957656095649382
O=C1C(Cl)C(CCl)CN1c1cccc(C(F)(F)F)c1,-4.050000110509182,-4.1323906767614655,-0.08239056625228347,0.08239056625228347
CN1C(=O)COc2ccccc21,-2.144500017087002,-1.1963865517444956,0.9481134653425063,0.9481134653425063
O=C1COc2ccccc2N1,-2.5715999628507618,-1.7138791863899472,0.8577207764608146,0.8577207764608146
CC(=O)OCC(=O)C1(O)CCC2C3CCC4=CC(=O)C=CC4(C)C3C(=O)CC21C,-4.2399997545483314,-4.381536326168596,-0.14153657162026434,0.14153657162026434
CC12C=CC(=O)C=C1CCC1C2C(=O)CC2(C)C1CCC2(O)C(=O)CO,-3.479999986844826,-3.546844917220687,-0.06684493037586092,0.06684493037586092
O=c1n(CC2CO2)c(=O)n(CC2CO2)c(=O)n1CC1CO1,-1.495423155295424,-0.6720873926360862,0.8233357626593378,0.8233357626593378
O=c1n(C[C@@H]2CO2)c(=O)n(C[C@@H]2CO2)c(=O)n1C[C@@H]1CO1,-2.4688253313074306,-0.6720879373432438,1.7967373939641869,1.7967373939641869
CCCC(C)C(CCC)C(C)Cc1ccc(OP(=S)([S-])Oc2ccc(CC(C)C(CCC)C(C)CCC)cc2)cc1,-5.415414750515519,-6.127736743300224,-0.7123219927847044,0.7123219927847044
Cc1ccccc1OP(=S)(S)Oc1ccccc1C,-1.0605300501855413,-4.114029075101909,-3.053499024916368,3.053499024916368
CC1(C)SCC(COC(N)=O)S1,-2.220000037797288,-1.9588092109286257,0.26119082686866246,0.26119082686866246
CNC(=O)O/N=C/C1(C)SCC(C)S1,-2.369800089349954,-2.5192362765214296,-0.14943618717147578,0.14943618717147578
COC1=CC=C2C3Cc4ccc(OC)c5c4C2(CCN3C)C1O5,-2.66000007890623,-1.8094676666257605,0.8505324122804696,0.8505324122804696
COC1=CC=C2[C@H]3Cc4ccc(OC)c5c4[C@@]2(CCN3C)[C@H]1O5,-2.6609999910263586,-1.8094675304489711,0.8515324605773875,0.8515324605773875
COc1ccc(C=CC(=O)c2ccccc2O)cc1,-5.699999728471607,-4.763727652025344,0.9362720764462624,0.9362720764462624
COc1ccc(O)c(C(=O)C=Cc2ccccc2)c1,-5.999999918984099,-4.8482621175610365,1.1517378014230628,1.1517378014230628
C1OCOCO1,0.3717172302414169,0.6247911714914318,0.2530739412500149,0.2530739412500149
CC1OC(C)OC(C)O1,-0.07189990470250862,-0.9800356776368053,-0.9081357729342967,0.9081357729342967
C1CCN2CC3CC(CN4CCCCC34)C2C1,-1.8900000324987298,-1.270194643935285,0.6198053885634449,0.6198053885634449
C1CCN2C[C@@H]3C[C@@H](CN4CCCC[C@@H]34)[C@H]2C1,-1.8871000115923584,-1.270194643935285,0.6169053676570735,0.6169053676570735
Cc1cc(NS(=O)(=O)c2ccc(N)cc2)no1,-2.6182999543777052,-2.9239594139469323,-0.305659459569227,0.305659459569227
Cc1onc(NS(=O)(=O)c2ccc(N)cc2)c1C,-2.1900000868344334,-3.137377593229852,-0.9473775063954188,0.9473775063954188
NC1C2CN(c3nc4c(cc3F)c(=O)c(C(=O)O)cn4-c3ccc(F)cc3F)CC12,-4.530000074887198,-4.510204872077574,0.019795202809624435,0.019795202809624435
NC1[C@H]2CN(c3nc4c(cc3F)c(=O)c(C(=O)O)cn4-c3ccc(F)cc3F)C[C@@H]12,-4.5296001236568255,-4.510204872077574,0.019395251579251926,0.019395251579251926
CCOC(=O)C1(c2ccccc2)CCN(C)CC1,-1.761450096573291,-1.8591663391429722,-0.09771624256968114,0.09771624256968114
OC1(c2ccc(Cl)cc2)CCNCC1,-1.720777494008939,-1.2150070935690354,0.5057704004399037,0.5057704004399037
O=C(Cc1ccccc1)OCc1ccccc1,-3.86327476928198,-4.294462708218356,-0.4311879389363762,0.4311879389363762
O=C(OCc1ccccc1)C(OS(=O)(=O)O)c1ccccc1,-1.5000000571860674,-1.4092970554456041,0.09070300174046331,0.09070300174046331
CCC1(C/C=C2/CCCc3cc(OC)ccc32)C(=O)CCC1=O,-4.8388170316272925,-3.8968359475519803,0.9419810840753122,0.9419810840753122
CCC1(C/C=C2\CCCc3cc(OC)ccc32)C(=O)CCC1=O,-4.172504341693859,-3.896835811375191,0.2756685303186681,0.2756685303186681
O=c1[nH]c(CN2CCCC2)c(Br)c(=O)[nH]1,-1.779999962644149,-2.0262795672538543,-0.24627960460970533,0.24627960460970533
O=c1[nH]c(CN2CCCC2)c(Cl)c(=O)[nH]1,-1.5399999464109437,-1.9769291668754503,-0.43692922046450655,0.43692922046450655
CN1C2CCC1C(C(=O)O)C(O)C2,-0.019999934385170448,0.5158263175896232,0.5358262519747936,0.5358262519747936
CN1C2CCC1[C@@H](C(=O)O)[C@@H](O)C2,-0.017300093359169377,0.5158263175896232,0.5331264109487925,0.5331264109487925
CCCN(CCC)Cc1cccc(C(=O)OCCOCn2cnc3c(=O)[nH]c(N)nc32)c1,-0.3499998715953341,-2.9472723781347456,-2.5972725065394116,2.5972725065394116
CN(C)Cc1ccc(C(=O)OCCOCn2cnc3c(=O)[nH]c(N)nc32)cc1,-2.47000006038091,-2.346849670330684,0.12315039005022577,0.12315039005022577
CC(=O)OCC1=C(C(=O)O)N2C(=O)[C@@H](N)[C@H]2SC1,-2.6489777593538344,-2.1723150114644545,0.4766627478893799,0.4766627478893799
CC1=C(C(=O)O)N2C(=O)C(N)C2SC1,-3.045355297987422,-2.2130840952840733,0.8322712027033488,0.8322712027033488
CC1C(C=O)CC2CC1C2(C)C,-3.5580403515165666,-3.4757768382087626,0.08226351330780401,0.08226351330780401
C[C@@H]1[C@@H](CN)C[C@H]2C[C@@H]1C2(C)C,-2.5159154012475176,-2.400297970743131,0.11561743050438666,0.11561743050438666
C1=C\CCCCCC/1,-3.7703398980521774,-3.9329461510537564,-0.16260625300157905,0.16260625300157905
CN(C)C1CCC=CCCC1,-1.6003999357438148,-1.6147639996630931,-0.014364063919278358,0.014364063919278358
OCC1OC(OC2C(CO)OC(O)C(O)C2O)C(O)C(O)C1O,0.357699736251079,0.7866383750690762,0.4289386388179972,0.4289386388179972
OC[C@H]1O[C@@H](O[C@H]2[C@H](O)[C@@H](O)[C@H](O)O[C@@H]2CO)[C@H](O)[C@@H](O)[C@H]1O,-0.8167000617513738,0.7866383750690762,1.60333843682045,1.60333843682045
CC1(C)SC2C(NC(=O)COc3ccccc3)C(=O)N2C1C(=O)O,-2.8099999358530954,-2.446578673935612,0.3634212619174835,0.3634212619174835
Cc1ccc(OCC(=O)NC2C(=O)N3C2SC(C)(C)C3C(=O)O)cc1,-3.150000066656761,-2.797103568347522,0.3528964983092391,0.3528964983092391
CN1C(=O)c2cccnc2Oc2ccccc21,-3.6719998976987984,-3.384681919668499,0.28731797803029924,0.28731797803029924
Cc1ccc2c(c1)Oc1ncc(N)cc1C(=O)N2C,-3.042999960999367,-3.7643078109903527,-0.7213078499909855,0.7213078499909855
CCOC1=C(O)C(=O)O[C@@H]1[C@@H](O)CO,0.5809705700872705,-0.43128733776534656,-1.012257907852617,1.012257907852617
O=C1OC(C(O)CO)C(O)=C1O,0.2799999837737439,0.2687419762431502,-0.011258007530593694,0.011258007530593694
CC[C@]12CC[C@@H]3C4=C(CC[C@H]3[C@@H]1CCC2=O)CC(OC)=CC4,-5.363817092670577,-4.755122095998051,0.6086949966725257,0.6086949966725257
COC1=CCC2=C(CCC3C2CCC2(C)C(=O)CCC32)C1,-4.979874533302562,-4.665646183306579,0.31422834999598237,0.31422834999598237
CC1CCC2C(=O)OC(=O)C2C1,-1.3015260634561807,-0.805315273629879,0.49621078982630173,0.49621078982630173
O=C1OC(=O)C2CCCCC12,-1.5647364601995586,-0.4250523472873642,1.1396841129121944,1.1396841129121944
O=C([O-])C1=Cc2ccccc2/C(=N/Nc2ccc3ccccc3c2S(=O)(=O)[O-])C1=O,-6.279395471850968,-4.13477656219958,2.1446189096513883,2.1446189096513883
O=C1C=Cc2ccccc2/C1=N/Nc1ccc2ccccc2c1S(=O)(=O)[O-],-5.92536496132827,-3.6140149356369657,2.3113500256913047,2.3113500256913047
C=CCOC(Cn1ccnc1)c1ccc(Cl)cc1Cl,-3.217799868679667,-3.792955798788366,-0.575155930108699,0.575155930108699
OC(Cn1ccnc1)c1ccc(Cl)cc1Cl,-3.264007785378231,-2.377762618577853,0.8862451668003781,0.8862451668003781
C/C=C(/C(=C/C)c1ccc(O)cc1)c1ccc(O)cc1,-4.947999904568879,-4.281490371086415,0.666509533482464,0.666509533482464
CC=C(C(=CC)c1ccc(O)cc1)c1ccc(O)cc1,-4.949999660720741,-4.281490507263204,0.6685091534575376,0.6685091534575376
CC1CCC2(OC1)OC1CC3C4CC=C5CC(O)CCC5(C)C4CCC3(C)C1C2C,-7.319999940178333,-6.162546798905514,1.1574531412728186,1.1574531412728186
C[C@@H]1CC[C@@]2(OC1)O[C@H]1C[C@H]3[C@@H]4CC=C5C[C@@H](O)CC[C@]5(C)[C@H]4CC[C@]3(C)[C@H]1[C@@H]2C,-7.316599605747825,-6.162546526551935,1.15405307919589,1.15405307919589
Cn1c(=O)c2[nH]c(-c3ccccc3)nc2n(C)c1=O,-4.999999964826402,-3.0402087749701416,1.95979118985626,1.95979118985626
Cn1c(=O)c2c(nc(-c3ccccc3)n2C)n(C)c1=O,-3.309999912931944,-2.4190823332452798,0.8909175796866644,0.8909175796866644
NC(=O)c1ccc[n+](Cc2ccccc2)c1,0.2936103091638729,-0.076627690475771,-0.3702379996396439,0.3702379996396439
O=C([O-])c1ccc[n+](Cc2ccccc2)c1,0.5192201155342411,-0.6751949469694534,-1.1944150625036944,1.1944150625036944
Clc1ccc(C(Cn2ccnc2)OCc2cc(Cl)ccc2Cl)c(Cl)c1,-3.539999922814733,-5.689068000528337,-2.149068077713604,2.149068077713604
Clc1ccc(COC(Cn2ccnc2)c2ccc(Cl)cc2Cl)c(Cl)c1,-5.079999879452944,-5.754600356875681,-0.6746004774227368,0.6746004774227368
CC(C)(C)c1ccc(O[P@]2OCC3(CO[P@@](Oc4ccc(C(C)(C)C)cc4C(C)(C)C)OC3)CO2)c(C(C)(C)C)c1,-6.813060598178499,-8.129225336276985,-1.316164738098486,1.316164738098486
Cc1cc(C(C)(C)C)c(OP2OCC3(CO2)COP(Oc2c(C(C)(C)C)cc(C)cc2C(C)(C)C)OC3)c(C(C)(C)C)c1,-7.801238092013673,-7.910988958343712,-0.10975086633003883,0.10975086633003883
CCN(CC)c1ccc(C=CC2=[N+](C)c3ccccc3C2(C)C)cc1,-0.9804542850873212,-1.013855727983393,-0.03340144289607183,0.03340144289607183
CN(CCC#N)c1ccc(C=CC2=[N+](C)c3ccccc3C2(C)C)cc1,-0.852286869763216,-0.9078739628294699,-0.05558709306625387,0.05558709306625387
CC1=C(CC(=O)O)c2cc(F)ccc2/C1=C/c1ccc([S+](C)[O-])cc1,-4.4999999196591585,-4.282756679050744,0.21724324060841482,0.21724324060841482
CC1=C(CC(=O)O)c2cc(F)ccc2/C1=C\c1ccc([S+](C)[O-])cc1,-4.551999979916682,-4.282756679050744,0.26924330086593873,0.26924330086593873
CCOC(=O)c1cnn(C)c1S(=O)(=O)NC(=O)Nc1nc(OC)cc(OC)n1,-4.456099927186796,-3.7623285494452903,0.6937713777415055,0.6937713777415055
COC(=O)c1c(Cl)nn(C)c1S(=O)(=O)NC(=O)Nc1nc(OC)cc(OC)n1,-4.464199994971956,-4.159196328776126,0.3050036661958302,0.3050036661958302
CC(C)Oc1ccc(C(=O)NS(=O)(=O)c2ccc(N)cc2)cc1,-4.300000065004409,-4.155649400031864,0.14435066497254478,0.14435066497254478
Nc1ccc(S(=O)(=O)NC(=O)c2ccccc2)cc1,-2.9500999274560256,-3.4227586521855327,-0.4726587247295071,0.4726587247295071
CCN(CC)c1ccc2cc(-c3nc4cc(Cl)ccc4o3)c(=O)oc2c1,-7.487633023182626,-6.480475753152559,1.007157270030067,1.007157270030067
CCN(CC)c1ccc2cc(-c3nc4cc(S(N)(=O)=O)ccc4o3)c(=O)oc2c1,-7.8310983936790315,-4.5115910156165455,3.319507378062486,3.319507378062486
C1COCCO1,1.0549943479754966,1.341839588281506,0.28684524030600933,0.28684524030600933
COC1(C)COC(C)(OC)CO1,-1.2460001137683527,-0.5426935691469366,0.7033065446214162,0.7033065446214162
CC(C)CC(NC(=O)CC(O)C(CC(C)C)NC(=O)C(Cc1c[nH]cn1)NC(=O)C(Cc1ccccc1)NC(=O)OC(C)(C)C)C(=O)NC(C(=O)O)c1ccccc1,-3.1300000880001253,-3.239335921520369,-0.10933583352024367,0.10933583352024367
CC(C)CC(NC(=O)CC(O)C(CC(C)C)NC(=O)C(Cc1c[nH]cn1)NC(=O)C(Cc1ccccc1)NC(=O)OC(C)(C)C)C(=O)NCc1cccc(CN)c1,-2.8499998931663666,-3.4812651713506426,-0.631265278184276,0.631265278184276
O=C([O-])c1cc2ccccc2c(N=Nc2ccc3ccccc3c2S(=O)(=O)[O-])c1[O-],-7.677004007073661,-3.463169999579483,4.213834007494178,4.213834007494178
O=S(=O)([O-])c1cc([O-])c(N=Nc2ccc3cccc(S(=O)(=O)[O-])c3c2[O-])c2ccccc12,-1.1719513971907511,-1.27389483965598,-0.1019434424652288,0.1019434424652288
CCOC(=O)C1=C(C)NC(C)=C(C(=O)OC)C1c1cccc(Cl)c1Cl,-5.679999715770773,-4.988887121753274,0.6911125940174987,0.6911125940174987
COC(=O)C1=C(C)NC(C)=C(C(=O)OC)C1c1ccccc1[N+](=O)[O-],-4.760000084769986,-3.996784127699396,0.7632159570705905,0.7632159570705905
O=c1c(CO)c/c(=N\Nc2ccc(S(=O)(=O)[O-])c3ccccc23)c(=O)/c1=N/Nc1ccc(S(=O)(=O)[O-])c2ccccc12,-0.8171646969566959,-1.596411589936818,-0.7792468929801222,0.7792468929801222
O=c1cc/c(=N\Nc2ccc(S(=O)(=O)[O-])c3ccccc23)c(=O)/c1=N/Nc1ccc(S(=O)(=O)[O-])c2ccccc12,-2.60384107736883,-1.837607783087828,0.7662332942810022,0.7662332942810022
O=[N+]([O-])c1ccc2c3c(cccc13)-c1ccccc1-2,-7.103099728902334,-6.289411002355372,0.8136887265469621,0.8136887265469621
c1ccc2c(c1)-c1cccc3cccc-2c13,-5.929999602177606,-7.055493685107333,-1.1254940829297269,1.1254940829297269
CC1=CS(=O)(=O)c2ccccc21,-2.6700000512124493,-3.0843650968431033,-0.414365045630654,0.414365045630654
Cc1ccc2c(c1)C=CS2(=O)=O,-2.6500000725558137,-3.108386073947511,-0.4583860013916974,0.4583860013916974
Brc1cccc(Nc2ncnc3cc4[nH]ncc4cc23)c1,-3.9599999852670393,-3.4053929113866204,0.554607073880419,0.554607073880419
Cn1ncc2cc3c(Nc4cccc(Br)c4)ncnc3cc21,-3.479999986844826,-2.933155415510824,0.546844571334002,0.546844571334002
CCOC(=O)C(C)Oc1ccc(Oc2nc3ccc(Cl)cc3s2)cc1,-5.669999981773936,-6.002471255357541,-0.3324712735836055,0.3324712735836055
CCOC(=O)C(C)Oc1cccc(Oc2nc3ccc(Cl)cc3s2)c1,-5.673999766431239,-5.715465871147236,-0.04146610471599743,0.04146610471599743
CC(C)(C)NCC(O)COc1ccccc1C1CCCC1,-1.8400000007466475,-2.8443875540356682,-1.0043875532890207,1.0043875532890207
CC(C)(C)NC[C@@H](O)COc1ccccc1C1CCCC1,-1.619500092220507,-2.8443875540356682,-1.2248874618151613,1.2248874618151613
Cc1ccc2[nH]c(=O)c(=O)[nH]c2c1,-3.0418000002884535,-3.0330871523109235,0.008712847977530025,0.008712847977530025
O=c1[nH]c2ccccc2[nH]c1=O,-2.8120000154248324,-2.673922555541787,0.13807745988304543,0.13807745988304543
CC(=O)CC(c1ccc(Cl)cc1)c1c(O)oc2ccccc2c1=O,-5.835999760366554,-4.819663357672379,1.0163364026941748,1.0163364026941748
CC(=O)CC(c1ccccc1)c1c(O)oc2ccccc2c1=O,-3.062508798749056,-4.000686409775512,-0.9381776110264561,0.9381776110264561
COP(=O)(OC)OC1=C(Cl)C2C=CCC12,-2.001100070369427,-2.06924661254226,-0.06814654217283334,0.06814654217283334
COP(=O)(OC)OC1=C(Cl)CC2C=CC12,-2.0566000783788803,-2.116614074602289,-0.06001399622340875,0.06001399622340875
NNc1nncc2ccccc12,-2.599999904626942,-1.984965163481213,0.6150347411457291,0.6150347411457291
c1ccc2cnncc2c1,-0.41550009022038825,-1.1386892631502024,-0.7231891729298141,0.7231891729298141
CC1=C(C(=O)O)N2C(=O)C(NC(=O)C(N)C3=CCC=CC3)C2SC1,-1.2200000155511965,-2.197821741173732,-0.9778217256225354,0.9778217256225354
COC1=C(C(=O)O)N2C(=O)C(NC(=O)C(N)C3=CCC=CC3)C2SC1,-1.8900000324987298,-2.069610953542213,-0.1796109210434833,0.1796109210434833
CCCCC(CC)CNS(=O)(=O)c1ccc(N=Nc2c(C)c(C#N)c(=O)n(CCCC)c2O)cc1,-8.797313567278588,-6.805833695966763,1.9914798713118245,1.9914798713118245
CCn1c(O)c(N=Nc2ccc(Cl)cc2[N+](=O)[O-])c(C)c(C#N)c1=O,-6.689999812455676,-6.826311416844697,-0.13631160438902068,0.13631160438902068
Cc1ccc(NC(=O)C(O)(O)C(=O)Nc2ccc(C)cc2)cc1,-3.0999998817057905,-2.6466381059357103,0.4533617757700803,0.4533617757700803
O=C(Nc1ccccc1)C(O)(O)C(=O)Nc1ccccc1,-2.4567999675687506,-1.8228765865444148,0.6339233810243359,0.6339233810243359
C=CN1CCCCCC1=O,-0.45078621988130685,-0.6815797319157402,-0.23079351203443332,0.23079351203443332
O=C1CCCCCN1,0.8601207323796984,0.023395250729007167,-0.8367254816506913,0.8367254816506913
COc1cc(N=Nc2ccc([N+](=O)[O-])cc2)ccc1NN=C1C=CC(=O)C=C1,-6.963971988509193,-6.597410217475314,0.36656177103387844,0.36656177103387844
Cc1cc(N/N=C2\C=CC(=O)C(C(=O)[O-])=C2)c(OCCCS(=O)(=O)[O-])cc1N=Nc1ccc([N+](=O)[O-])cc1S(=O)(=O)[O-],0.16145046272908958,-1.4585620048886803,-1.6200124676177698,1.6200124676177698
CC1(O)CC(c2ccc(Cl)cc2)c2c(c3ccccc3oc2=O)O1,-5.840000089731015,-4.828599278590677,1.011400811140338,1.011400811140338
CC1(O)CC(c2ccccc2)c2c(c3ccccc3oc2=O)O1,-4.739999663538786,-4.131912832407576,0.6080868311312102,0.6080868311312102
CN1CCCC1c1cccnc1,0.7899997629378248,0.22490149302774087,-0.5650982699100839,0.5650982699100839
CN1CCC[C@H]1c1cccnc1,0.7897998554110335,0.22490149302774087,-0.5648983623832926,0.5648983623832926
COc1ccc2cc(C(C)C(=O)OCCN3CCN(C)CC3)ccc2c1,-1.490000050835651,-2.617410822075727,-1.127410771240076,1.127410771240076
COc1ccc2cc(C(C)C(=O)OCCN3CCNCC3)ccc2c1,-1.5200000698869003,-2.4712613298040322,-0.951261259917132,0.951261259917132
N#Cc1ccc(C=Cc2ccc(C=Cc3cccc(C#N)c3)cc2)cc1,-8.123728696350954,-6.3051113691087135,1.8186173272422401,1.8186173272422401
N#Cc1ccccc1/C=C/c1ccc(/C=C/c2ccccc2C#N)cc1,-4.220638683343211,-6.406541016547658,-2.1859023332044476,2.1859023332044476
Cc1nc(C(F)(F)F)c(C(=O)Nc2c(Br)cc(OC(F)(F)F)cc2Br)s1,-5.518599989122991,-5.8919572542998875,-0.3733572651768968,0.3733572651768968
Cc1nc(C)c(C(=O)Nc2ccccc2)s1,-1.7300000670688562,-3.2461857161581484,-1.5161856490892922,1.5161856490892922
NS(=O)(=O)c1cc2c(s1)C(O)CCS2(=O)=O,-1.280000053653695,-1.9122944198352219,-0.6322943661815268,0.6322943661815268
NS(=O)(=O)c1cc2c(s1)CC(O)CS2(=O)=O,-1.5900001143398153,-2.048257956350619,-0.4582578420108039,0.4582578420108039
O=S(=O)([O-])c1cccc(N=Nc2ccc(Nc3ccccc3)cc2)c1,-1.2046861185260795,-2.1584340347054574,-0.9537479161793778,0.9537479161793778
O=[N+]([O-])c1ccc(N=Nc2ccc(Nc3ccccc3)cc2)cc1,-7.5228998157394535,-6.91322489089064,0.6096749248488136,0.6096749248488136
CN(C)CCCN1CN(CCCN(C)C)CN(CCCN(C)C)C1,0.16421321743177852,0.5661074182349601,0.4018942008031816,0.4018942008031816
O=[N+]([O-])N1CN([N+](=O)[O-])CN([N+](=O)[O-])C1,-3.5706000048883304,-3.9907954129449843,-0.4201954080566539,0.4201954080566539
COCCCn1c(=O)c2c(N)c3c(=O)c4ccccc4c(=O)c3c(N)c2c1=O,-7.323792736115799,-7.039115975003677,0.2846767611121219,0.2846767611121219
COCCOCCCn1c(=O)c2c(N)c3c(=O)c4ccccc4c(=O)c3c(N)c2c1=O,-8.265048610699333,-6.180582325242931,2.0844662854564024,2.0844662854564024
CC(C)C1=CC2=CCC3C(C)(C(=O)O)CCCC3(C)C2CC1,-3.799999883660376,-4.224601700267385,-0.42460181660700913,0.42460181660700913
CC(C)C1=CC2=CC[C@@H]3[C@](C)(CCC[C@@]3(C)C(=O)O)[C@H]2CC1,-3.7959000771512823,-4.224601836444174,-0.4287017592928919,0.4287017592928919
CC(C)[C@@]12CC[C@@](C)(O1)[C@@H](O)C2,-0.28809281373453244,-1.1102490130443687,-0.8221561993098363,0.8221561993098363
O=C(O)C1C2CCC(O2)C1C(=O)O,-0.2700000931455815,0.13642253061122833,0.4064226237568098,0.4064226237568098
Nc1c(N=Nc2ccc(S(=O)(=O)CCOS(=O)(=O)[O-])cc2S(=O)(=O)[O-])cc(S(=O)(=O)[O-])c(N)c1N=Nc1ccc(S(=O)(=O)CCOS(=O)(=O)[O-])cc1,-0.2891446432556073,0.12479548398144846,0.41394012723705575,0.41394012723705575
Nc1ccc(N=Nc2cccc(N=Nc3ccc(N)cc3N)c2)c(N)c1,-4.1971525448345695,-4.024270595572498,0.172881949262071,0.172881949262071
CC(=O)OC1C(C2COC(C)(C)O2)OC2OC(C)(C)OC21,-1.5200000698869003,-2.2237983488947224,-0.7037982790078221,0.7037982790078221
CC(=O)O[C@@H]1[C@H]2OC(C)(C)O[C@H]2O[C@@H]1[C@H]1COC(C)(C)O1,-1.522899954616482,-2.223798485071512,-0.7008985304550297,0.7008985304550297
O=c1ccc(Br)ccc1O,-3.5629000245103315,-1.59519035648977,1.9677096680205615,1.9677096680205615
O=c1ccccc(Br)c1O,-2.435199945681244,-1.6185744985831758,0.8166254470980681,0.8166254470980681
CC/C=C\CC1=C(C)CCC1=O,-2.0452383041347884,-2.93052990147867,-0.8852915973438815,0.8852915973438815
O=C(O)CC(O)CCC1=CCCC1=O,-0.400000175700995,-1.3869025100805323,-0.9869023343795373,0.9869023343795373
FC(F)(F)/C(=N/OCC1OCCO1)c1ccc(Cl)cc1,-4.013800098414817,-4.35739422406557,-0.3435941256507524,0.3435941256507524
N#C/C(=N\OCC1OCCO1)c1ccccc1,-4.064899893917832,-2.879429569779547,1.1854703241382847,1.1854703241382847
C[N+]1([O-])CCOCC1,0.45630970708937957,0.41237798542509374,-0.04393172166428583,0.04393172166428583
O=S(=O)([O-])CCC[NH+]1CCOCC1,0.45578243056094836,0.09206185206043482,-0.36372057850051354,0.36372057850051354
CC(C)OC(=O)C1(S(=O)(=O)c2ccc(Cl)cc2)CCCCCC1,-5.519999886517689,-4.3538714667014204,1.1661284198162685,1.1661284198162685
CC(C)OC(=O)C1(S(=O)(=O)c2ccc([N+](=O)[O-])cc2)CCCCCC1,-5.07060000421327,-4.343302241371449,0.7272977628418218,0.7272977628418218
CC(=O)c1ccc(S(=O)(=O)NC(=O)NC2CCCCC2)cc1,-2.0599999361906254,-3.9113765646786733,-1.851376628488048,1.851376628488048
Cc1ccc(S(=O)(=O)NC(=O)NC2CCCCC2)cc1,-4.2069997608273155,-4.047247228623722,0.1597525322035933,0.1597525322035933
Cc1ccc(C(=O)COc2c(C(=O)c3ccc(Cl)c(C)c3Cl)c(C)nn2C)cc1,-6.520899560722738,-5.70717324938191,0.8137263113408277,0.8137263113408277
Cc1nn(C)c(OCC(=O)c2ccccc2)c1C(=O)c1ccc(Cl)cc1Cl,-2.651400072083104,-5.0062172523217665,-2.3548171802386624,2.3548171802386624
Cc1nnc2n1-c1ccc(Cl)cc1C(c1ccccc1)=NC2,-3.5999998587846394,-4.543653568319556,-0.9436537095349165,0.9436537095349165
Cc1nnc2n1-c1ccc(Cl)cc1C(c1ccccc1Cl)=NC2,-4.079999857206852,-4.645403231213514,-0.565403374006662,0.565403374006662
NC(=O)NN=C1CCCCC1,-1.412700113411899,-1.3209757857511792,0.0917243276607198,0.0917243276607198
ON=C1CCCCC1,-0.8495730025279102,-1.0261831318408903,-0.17661012931298004,0.17661012931298004
CSC(=O)c1cccc2nnsc12,-4.436299685835965,-3.781129457427347,0.6551702284086178,0.6551702284086178
Nc1ccc2snnc2c1,-1.3045000283591786,-2.273480748285605,-0.9689807199264266,0.9689807199264266
CCOC(=O)C(c1c(O)c2ccccc2oc1=O)c1c(O)c2ccccc2oc1=O,-3.6600000671081245,-4.651750295189147,-0.9917502280810222,0.9917502280810222
O=c1oc2ccccc2c(O)c1Cc1c(O)c2ccccc2oc1=O,-4.26999990977637,-4.506125832528857,-0.23612592275248723,0.23612592275248723
NS(=O)(=O)c1ccc(NC(=S)Nc2ccc(F)cc2)cc1,-2.9899599333295486,-3.529010319735982,-0.5390503864064335,0.5390503864064335
S=C(Nc1ccccc1)Nc1ccccc1,-3.9716884476288237,-4.288255497805404,-0.3165670501765807,0.3165670501765807
CNC1=Nc2ccc(Cl)cc2C(c2ccccc2)=[N+](O)C1,-3.3900000658678673,-2.826482995725426,0.5635170701424412,0.5635170701424412
CNC1=Nc2ccc(Cl)cc2C(c2ccccc2)=[N+]([O-])C1,-4.479999906958326,-3.478948736075106,1.0010511708832195,1.0010511708832195
Cc1cc(Cc2cc(C)cc(C3(C)CCCCC3)c2O)c(O)c(C2(C)CCCCC2)c1,-8.146786695033823,-6.312703769823113,1.8340829252107103,1.8340829252107103
Cc1cc(Cc2cc(C)cc(C3CCCCC3)c2O)c(O)c(C2CCCCC2)c1,-6.979034230827558,-6.169775879945879,0.8092583508816791,0.8092583508816791
CC(C)C1CCC(Cc2ccc(Cl)cc2)C1(O)Cn1cncn1,-4.6827996925792625,-3.9178286890473024,0.7649710035319601,0.7649710035319601
CC1(C)CCC(Cc2ccc(Cl)cc2)C1(O)Cn1cncn1,-4.328800094187751,-3.811217242419344,0.5175828517684073,0.5175828517684073
CC1(C)CCCC2(C)C1CCC1(C)OCCC12,-5.099487731248965,-4.7640537954358795,0.3354339358130858,0.3354339358130858
CC1(C)CCC[C@]2(C)[C@H]3CCO[C@]3(C)CC[C@@H]12,-5.099487731248965,-4.7640536592590905,0.33543407198987474,0.33543407198987474
COC1=Cc2ccccc2Nc2ccccc21,-4.514419543708499,-4.7281623599462215,-0.21374281623772262,0.21374281623772262
NC(=O)N1c2ccccc2C=Cc2ccccc21,-3.2899999342753086,-3.068460520227531,0.22153941404777777,0.22153941404777777
CC(=O)c1cc2ccccc2o1,-2.548488378601275,-2.9788424006682366,-0.4303540220669615,0.4303540220669615
COc1c(C(=O)O)oc2ccccc12,-2.885699966222765,-2.309333305301898,0.5763666609208671,0.5763666609208671
O=C(/C=C/C=C/c1ccc2c(c1)OCO2)N1CCCCC1,-3.8529998900822253,-3.9589499941326207,-0.1059501040503954,0.1059501040503954
O=C(C=CC=Cc1ccc2c(c1)OCO2)N1CCCCC1,-3.4600000081881905,-3.9589499941326207,-0.4989499859444302,0.4989499859444302
CC(Cc1ccc(C(C)(C)C)cc1)CN1CC(C)OC(C)C1,-2.4821000149559658,-3.4796438504964327,-0.9975438355404669,0.9975438355404669
CC(Cc1ccc(C(C)(C)C)cc1)CN1C[C@@H](C)O[C@@H](C)C1,-4.848699925938853,-3.479643782408038,1.3690561435308144,1.3690561435308144
COc1ccc(C2Sc3ccccc3N(CCN(C)C)C(=O)C2OC(C)=O)cc1,-2.950000033269975,-3.292903104269934,-0.342903070999959,0.342903070999959
COc1ccc([C@@H]2Sc3ccccc3N(CCN(C)C)C(=O)[C@@H]2OC(C)=O)cc1,-3.160000055985079,-3.2929030021373418,-0.13290294615226284,0.13290294615226284
CC(=O)Oc1ccc(CC(NC(=O)c2ccccc2)C(N)=O)cc1,-3.8900000769909133,-2.976035379997954,0.9139646969929593,0.9139646969929593
CCOC(=O)C(Cc1ccc(O)cc1)NC(=O)c1ccccc1,-3.3299998915885793,-3.4184570997629904,-0.08845720817441105,0.08845720817441105
CCOc1ccc(NS(=O)(=O)c2ccc(N)cc2)nn1,-2.427000060309477,-3.071341152963516,-0.6443410926540389,0.6443410926540389
COc1ccc(NS(=O)(=O)c2ccc(N)cc2)nn1,-2.6800000575628657,-3.0861403868353166,-0.4061403292724508,0.4061403292724508
CN(C)CCC=C1c2ccccc2CCc2ccccc21,-4.55000008758803,-3.684975775427264,0.8650243121607661,0.8650243121607661
CNCCC=C1c2ccccc2CCc2ccccc21,-4.019999955281143,-3.492434323526174,0.5275656317549693,0.5275656317549693
CCCOC(=O)N1C2CN3C4=C(C(=O)C(N)=C(C)C4=O)C(COC(N)=O)C3(OC)C21,-3.479999986844826,-3.1954345332359146,0.2845654536089115,0.2845654536089115
COC12C(COC(N)=O)C3=C(C(=O)C(C)=C(N)C3=O)N1CC1NC12,-2.559999947313671,-2.9800075548112135,-0.4200076074975425,0.4200076074975425
CC(C)CC(NC(=O)CC(O)C(CC(C)C)NC(=O)C(Cc1c[nH]cn1)NC(=O)C(Cc1ccccc1)NC(=O)OC(C)(C)C)C(=O)NCCC(N)C(=O)O,-2.220000037797288,-2.2189774862859273,0.0010225515113608807,0.0010225515113608807
CC(C)CC(NC(=O)CC(O)C(CC(C)C)NC(=O)C(Cc1c[nH]cn1)NC(=O)C(Cc1ccccc1)NC(=O)OC(C)(C)C)C(=O)NCCCN(CCO)CCO,-2.369999860699956,-2.309725971074039,0.060273889625916954,0.060273889625916954
CC1c2nc3ccccc3c(=O)n2CN1C,0.02999982501333287,-1.5090032494383134,-1.5390030744516463,1.5390030744516463
CCCN1Cn2c(nc3ccccc3c2=O)C1C,-2.6700000512124493,-2.5514885915804233,0.11851145963202603,0.11851145963202603
CCC1(CC)CCC(=O)N(CO)C1=O,-3.9599999852670393,-1.7075893166658496,2.2524106686011898,2.2524106686011898
CCC1(CC)CCC(=O)NC1=O,-4.530000074887198,-1.6576157032109047,2.8723843716762936,2.8723843716762936
CC1(C)C2CC3OC3(C)C1C2,-2.593699923776234,-2.4795473469950737,0.11415257678116042,0.11415257678116042
CC1(C)[C@H]2C[C@@H]3O[C@]3(C)[C@@H]1C2,-2.593688484925927,-2.479547551260258,0.11414093366566913,0.11414093366566913
O=C1C(Cl)=C(Cl)C(=O)N1c1ccc(F)cc1,-4.644199700749084,-5.6025363661997805,-0.9583366654506964,0.9583366654506964
O=C1C=CC(=O)N1c1ccccc1,-2.327317492989723,-2.742370797391464,-0.41505330440174104,0.41505330440174104
O=[N+]([O-])c1ccc2c3c(cccc13)CC2,-5.340299905853959,-5.041413641478492,0.29888626437546684,0.29888626437546684
c1cc2c3c(cccc3c1)CC2,-4.630000002214572,-4.733277296331656,-0.10327729411708386,0.10327729411708386
CC(=O)OCC1=C(C(=O)O)N2C(=O)C(NC(=O)Cc3cccs3)C2SC1,-2.9400000354306077,-2.321050705231423,0.6189493301991846,0.6189493301991846
CC(=O)OCC1=C(C(=O)O)N2C(=O)[C@@H](NC(=O)Cc3cccs3)[C@H]2SC1,-2.9400000354306077,-2.3210506371430286,0.6189493982875791,0.6189493982875791
C#CC1(OC(=O)c2ccccc2)CCC2C3CCC4=CC(=O)CCC4C3CCC21C,-7.749999668539083,-6.41610716364715,1.3338925048919323,1.3338925048919323
CC12CCC(=O)C=C1CCC1C2CCC2(C)C(OC(=O)c3ccccc3)CCC12,-4.479999906958326,-6.199692831155614,-1.7196929241972887,1.7196929241972887
Cc1ccnc(NC(=O)c2cnccn2)n1,-0.7308000153719041,-1.1198655455559263,-0.38906553018402223,0.38906553018402223
O=C(Nc1ncccn1)c1cnccn1,-0.3036000818005511,-0.7910522528883113,-0.4874521710877602,0.4874521710877602
COc1cc(OC)n2nc(S(=O)(=O)Nc3c(Cl)ccc(C)c3Cl)nc2n1,-3.320399972645325,-5.175946232291215,-1.8555462596458905,1.8555462596458905
Cc1ccn2nc(S(=O)(=O)Nc3c(F)cccc3F)nc2n1,-3.8247999920096256,-3.5463249942388817,0.2784749977707439,0.2784749977707439
CC1=Nc2ccc(Cl)cc2S(=O)(=O)N1,-3.3599998765956314,-3.2879085992325963,0.07209127736303511,0.07209127736303511
NS(=O)(=O)c1cc2c(cc1Cl)N=CNS2(=O)=O,-2.920000056773972,-2.6582825831945294,0.26171747357944275,0.26171747357944275
C1=COCCC1,-1.0383983260239487,-1.6018472226612133,-0.5634488966372646,0.5634488966372646
COC1CCC=CO1,-0.8533331160359268,-0.6287641088666946,0.22456900716923212,0.22456900716923212
O=C(Oc1cc([N+](=O)[O-])c(Cl)cc1Cl)Oc1cc([N+](=O)[O-])c(Cl)cc1Cl,-6.812907535467249,-6.474071903455762,0.33883563201148714,0.33883563201148714
O=C(Oc1ccccc1)Oc1ccccc1,-4.216916563159428,-4.087648226581681,0.12926833657774672,0.12926833657774672
C=C1CC23CC1(O)CCC2C12C=CC(O)C(C)(C(=O)O1)C2C3C(=O)O,-1.8400000007466475,-2.7268901518877664,-0.8868901511411189,0.8868901511411189
C=C1C[C@]23C[C@@]1(O)CC[C@H]2[C@@]12C=C[C@H](O)C(C)(C(=O)O1)[C@H]2[C@@H]3C(=O)O,-1.840599995680601,-2.726890288064556,-0.8862902923839548,0.8862902923839548
NCCC(O)C(=O)NC1CC(N)C(OC2OC(CN)C(O)C(O)C2O)C(O)C1OC1OC(CO)C(O)C(N)C1O,-0.4999999668515809,0.08957771506879242,0.5895776819203733,0.5895776819203733
NCC[C@H](O)C(=O)N[C@@H]1C[C@H](N)[C@@H](O[C@H]2O[C@H](CN)[C@@H](O)[C@H](O)[C@H]2O)[C@H](O)[C@H]1O[C@H]1O[C@H](CO)[C@@H](O)[C@H](N)[C@H]1O,-0.5004000542587428,0.08957744271521362,0.5899774969739564,0.5899774969739564
CN(C(=O)NC(C)(C)c1ccccc1)c1ccccc1,-3.349499897163052,-3.6343655354820257,-0.2848656383189736,0.2848656383189736
Cc1ccc(NC(=O)NC(C)(C)c2ccccc2)cc1,-5.349500009743631,-4.996895814912769,0.352604194830862,0.352604194830862
C=C(C)C1Cc2c(ccc3c2OC2COc4cc(OC)c(OC)cc4C2C3=O)O1,-4.46999976443112,-4.966362936084725,-0.4963631716536048,0.4963631716536048
C=C(C)[C@H]1Cc2c(ccc3c2O[C@@H]2COc4cc(OC)c(OC)cc4[C@@H]2C3=O)O1,-6.294899744027621,-4.966362936084725,1.3285368079428963,1.3285368079428963
CN1C(=O)C23CC4=CC=CC(O)C4N2C(=O)C1(CO)SS3,-3.6700000053701465,-3.2004062456831317,0.4695937596870148,0.4695937596870148
CN1C(=O)[C@]23CC4=CC=C[C@H](O)[C@H]4N2C(=O)[C@@]1(CO)SS3,-3.6686999255620547,-3.2004061775947372,0.4682937479673175,0.4682937479673175
CN(C)CC/C=C1\c2ccccc2COc2ccccc21,-3.946899846218276,-3.6066978163022743,0.3402020299160018,0.3402020299160018
CN(C)CCC=C1c2ccccc2COc2ccccc21,-3.400000072218284,-3.6066978163022743,-0.2066977440839901,0.2066977440839901
CC(C)(COCc1cccc(Oc2ccccc2)c1)c1ccc(OC(F)(F)Br)cc1,-9.979900041504237,-7.706789683858444,2.273110357645793,2.273110357645793
CCOc1ccc(C(C)(C)COCc2cccc(Oc3ccccc3)c2)cc1,-8.575799686378815,-6.907525892255608,1.6682737941232073,1.6682737941232073
CCN(c1cccc(S(=O)(=O)CCOS(=O)(=O)[O-])c1)c1nc(Cl)nc(Nc2ccc3c(c2)C=C(S(=O)(=O)[O-])/C(=N/Nc2ccc(OC)cc2S(=O)(=O)[O-])C3=O)n1,-1.1616712751846057,-0.5646700517686503,0.5970012234159554,0.5970012234159554
CN(c1ccc2c(c1)C=C(S(=O)(=O)[O-])/C(=N/Nc1ccccc1S(=O)(=O)[O-])C2=O)c1nc(Cl)nc(Nc2cccc(S(=O)(=O)[O-])c2)n1,-0.7520299768343044,-0.6097603655568746,0.14226961127742976,0.14226961127742976
C=C(C)C1(O)[C@H]2OC(=O)[C@@H]1[C@]1(O)[C@H]3O[C@H]3[C@]3(CO3)[C@]1(C)[C@@H]2O,-1.4200000063827358,-0.525932112850843,0.8940678935318929,0.8940678935318929
C=C(C)[C@@H]1[C@H]2OC(=O)[C@@H]1[C@]1(O)[C@H]3O[C@H]3[C@]3(CO3)[C@]1(C)[C@@H]2O,-1.1900001326767364,-0.9258585590476631,0.2641415736290733,0.2641415736290733
CC(=O)N(c1onc(C)c1C)S(=O)(=O)c1ccc(N)cc1,-3.58999988647842,-2.8782526959216357,0.7117471905567845,0.7117471905567845
Cc1noc(NS(=O)(=O)c2ccc(N)cc2)c1C,-2.9100000674456545,-2.9193904103100725,-0.009390342864417978,0.009390342864417978
O=C(C(=O)c1cc([N+](=O)[O-])ccc1O)c1cc([N+](=O)[O-])ccc1O,-3.521399943685388,-3.5712224009041345,-0.049822457218746674,0.049822457218746674
O=C(C(=O)c1ccccc1)c1ccccc1,-2.799999946524778,-3.400803481231355,-0.6008035347065772,0.6008035347065772
CCOC(=O)C(CCc1ccccc1)NC(C)C(=O)N1CCCC1C(=O)O,-1.1799999901495306,-2.1058917184726726,-0.925891728323142,0.925891728323142
CCOC(=O)[C@H](CCc1ccccc1)N[C@@H](C)C(=O)N1CCC[C@H]1C(=O)O,-1.3609000968579568,-2.1058915142074888,-0.744991417349532,0.744991417349532
CC#Cc1cc(C)nc(Nc2ccccc2)n1,-4.599999846986534,-4.137544900150633,0.4624549468359005,0.4624549468359005
Cc1cc(C)nc(Nc2ccccc2)n1,-3.216599912855958,-2.570257770370558,0.6463421424854001,0.6463421424854001
CC(=O)Nc1ccc(N/N=C2\C=C(C)C=CC2=O)cc1,-5.357999620228796,-4.795228475472213,0.5627711447565824,0.5627711447565824
CC1=C/C(=N\Nc2ccccc2[N+](=O)[O-])C(=O)C=C1,-5.747595695184193,-5.870018084118461,-0.12242238893426727,0.12242238893426727
O=C(Nc1ccccc1)c1cccnc1,-3.092999909602487,-2.5048775234969365,0.5881223861055505,0.5881223861055505
O=C(O)c1ccc(NC(=O)c2cccnc2)cc1,-3.0831999554667004,-2.9312512469540484,0.15194870851265208,0.15194870851265208
C=CC1CN2CCC1CC2C(=O)c1ccnc2ccc(OC)cc12,-5.031299927508954,-3.3656294931564807,1.665670434352473,1.665670434352473
C=CC1CN2CCC1CC2C(=O)c1ccnc2ccccc12,-3.190000023970032,-3.1954416825173566,-0.005441658547324479,0.005441658547324479
C1=CCC=C1,-1.5650000984637742,-1.872160056030845,-0.3071599575670707,0.3071599575670707
ClC1=C(Cl)C(Cl)(Cl)C(Cl)=C1Cl,-5.180499984127666,-5.546090542299774,-0.3655905581721086,0.3655905581721086
COc1ccc(C(=O)CC(=O)c2ccc(C(C)(C)C)cc2)cc1,-7.0605480228215,-6.20418530343685,0.8563627193846504,0.8563627193846504
O=C(CC(=O)c1ccccc1)c1ccccc1,-5.657903125220837,-3.7215471416262336,1.9363559835946038,1.9363559835946038
O=C1c2c(Cl)c(Cl)c(Cl)c(Cl)c2C2=Nc3cccc4cccc(c34)N12,-7.133614496217392,-8.201708428307228,-1.0680939320898357,1.0680939320898357
O=C1c2ccccc2C2=Nc3cccc4cccc(c34)N12,-7.255740019750839,-6.60686578902184,0.6488742307289987,0.6488742307289987
CCC(C)n1ncn(-c2ccc(N3CCN(c4ccc(O)cc4)CC3)cc2)c1=O,-4.828521657820738,-4.448820733087943,0.37970092473279493,0.37970092473279493
COc1ccc(N2CCN(c3ccc(-n4cn[nH]c4=O)cc3)CC2)cc1,-6.488909181718093,-4.845010488184518,1.6438986935335747,1.6438986935335747
CC(NC(=O)C(N)c1ccccc1)c1ccccc1,-1.660000022615941,-1.892716214739455,-0.2327161921235139,0.2327161921235139
CC(NC(=O)Cc1ccccc1)c1ccccc1,-3.190000023970032,-3.1654071766942,0.02459284727583233,0.02459284727583233
CC1C/C=C/C=C/C=C/C=C/C(OC2OC(C)C(O)C([NH3+])C2O)CC2OC(O)(CC(O)CC3OC3/C=C/C(=O)O1)CC(O)C2C(=O)[O-],-2.2100000314468717,-2.169101920119327,0.04089811132754484,0.04089811132754484
CC1CC=CC=CC=CC=CC(OC2OC(C)C(O)C(N)C2O)CC2OC(O)(CC(O)CC3OC3C=CC(=O)O1)CC(O)C2C(=O)O,-3.2100000026266677,-2.3233749706723485,0.8866250319543192,0.8866250319543192
Cc1cccc(N(O)C(=O)CCc2ccccc2)c1,-3.410000044524503,-3.242527071380309,0.16747297314419374,0.16747297314419374
Cc1ccccc1N(O)C(=O)CCc1ccccc1,-2.7899999571964598,-2.9452814564520935,-0.15528149925563373,0.15528149925563373
COCC1COc2cc3ncnc(Nc4cccc(Br)c4)c3cc2O1,-3.2199999919549853,-4.208928705048706,-0.9889287130937205,0.9889287130937205
COCC1COc2cc3ncnc(Nc4cccc(I)c4)c3cc2O1,-3.5199999441580974,-4.336116328373312,-0.8161163842152148,0.8161163842152148
CCCCC(CC)COC(=O)c1ccc(Nc2nc(Nc3ccc(C(=O)NC(C)(C)C)cc3)nc(Nc3ccc(C(=O)OCC(CC)CCCC)cc3)n2)cc1,-8.185258816858786,-7.533513979409918,0.6517448374488684,0.6517448374488684
CCCCC(CC)COC(=O)c1ccc(Nc2nc(Nc3ccc(C(=O)OCC(CC)CCCC)cc3)nc(Nc3ccc(C(=O)OCC(CC)CCCC)cc3)n2)cc1,-8.216478162882032,-7.607639363519935,0.608838799362097,0.608838799362097
CCOC(=O)c1nc(C(Cl)(Cl)Cl)n(-c2ccc(Cl)cc2Cl)n1,-5.651599773994592,-5.847343014567292,-0.19574324057269976,0.19574324057269976
CCOP(=S)(OCC)Oc1ncn(-c2ccccc2)n1,-3.904899996576353,-4.232676439169723,-0.32777644259337047,0.32777644259337047
CCC1(c2ccccc2)CCC(=O)N(CO)C1=O,-1.660000022615941,-2.1518293923327367,-0.4918293697167957,0.4918293697167957
CCC1(c2ccccc2)CCC(=O)NC1=O,-2.3373999543861017,-2.3125288979295915,0.02487105645651022,0.02487105645651022
CC(=O)C(N=Nc1cc(C(=O)Nc2cc(Cl)ccc2C)ccc1Cl)C(=O)Nc1cc(C)c(NC(=O)C(N=Nc2cc(C(=O)Nc3cc(Cl)ccc3C)ccc2Cl)C(C)=O)cc1C,-7.263233556116155,-8.871348530000462,-1.608114973884307,1.608114973884307
CC(=O)C(N=Nc1cc(C(=O)Nc2cccc(Cl)c2C)ccc1Cl)C(=O)Nc1cc(Cl)c(NC(=O)C(N=Nc2cc(C(=O)Nc3cccc(Cl)c3C)ccc2Cl)C(C)=O)cc1C,-7.971771195924337,-9.024499483809095,-1.052728287884758,1.052728287884758
CC(C)(C)CC(C)(C)N(c1ccccc1)c1cccc2ccccc12,-8.290038140962594,-6.785695327647932,1.5043428133146612,1.5043428133146612
c1ccc(Nc2cccc3ccccc23)cc1,-4.863891536207118,-5.770461412240477,-0.9065698760333598,0.9065698760333598
CCS(=O)(=O)c1nc2ccccn2c1S(=O)(=O)NC(=O)Nc1nc(OC)cc(OC)n1,-4.419099740278108,-4.078499801783574,0.3405999384945346,0.3405999384945346
COc1cc(OC)nc(NC(=O)NS(=O)(=O)c2c(Cl)nc3ccccn23)n1,-4.788599934072958,-4.793379739379759,-0.004779805306800888,0.004779805306800888
CC1=C(C(=O)O)N2C(=O)C(NC(=O)C(N)c3ccccc3)C2SC1,-1.5800001079893988,-1.856226690790895,-0.27622658280149626,0.27622658280149626
N[C@@H](C(=O)N[C@@H]1C(=O)N2C(C(=O)O)=C(Cl)CS[C@H]12)c1ccccc1,-1.5656000933977277,-1.941878691148532,-0.3762785977508043,0.3762785977508043
COc1ccc(N(C)N=CC2=[N+](C)c3ccccc3C2(C)C)cc1,-1.6925364705459502,-1.4323423896870635,0.26019408085888673,0.26019408085888673
Cc1ccc(N(C)N=CC2=[N+](C)c3ccccc3C2(C)C)cc1,-1.5027125626534796,-1.0350024854274902,0.46771007722598945,0.46771007722598945
CC(C)(O)C(=O)c1ccc(C2(C)CC(C)(C)c3cc(C(=O)C(C)(C)O)ccc32)cc1,-5.882309401126776,-5.2052212461158724,0.6770881550109031,0.6770881550109031
CC(C)(O)C(=O)c1ccc(C2(C)CC(C)(C)c3ccc(C(=O)C(C)(C)O)cc32)cc1,-5.963849339064275,-5.232773078847872,0.7310762602164029,0.7310762602164029
COc1cc(NS(=O)(=O)c2ccc(C)cc2)c2c(c1N)C(=O)c1ccccc1C2=O,-5.112570235403506,-5.51826635598904,-0.4056961205855334,0.4056961205855334
COc1cc(NS(=O)(=O)c2ccccc2)c2c(c1N)C(=O)c1ccccc1C2=O,-2.3558504794891157,-5.2940482764060075,-2.9381977969168918,2.9381977969168918
COc1ccc(S(=O)(=O)c2coc(S(N)(=O)=O)c2)cc1,-3.0199999606959618,-2.4520368439186475,0.5679631167773143,0.5679631167773143
NS(=O)(=O)c1cc(S(=O)(=O)c2ccc(O)cc2)co1,-2.4000000840163898,-2.5570508006305355,-0.1570507166141457,0.1570507166141457
CCOP(=O)(N=C1SCC(C)S1)OCC,-3.6744000136114012,-2.4598803546326393,1.214519658978762,1.214519658978762
CCOP(=O)(N=C1SCCS1)OCC,-2.5940999771391984,-1.821091989719753,0.7730079874194453,0.7730079874194453
CN1C(=O)c2ccc3c4ccc5c6c(ccc(c7ccc(c2c37)C1=O)c64)C(=O)N(C)C5=O,-7.7185101477657305,-6.188313353928905,1.5301967938368257,1.5301967938368257
O=C1NC(=O)c2ccc3c4ccc5c6c(ccc(c7ccc1c2c73)c64)C(=O)NC5=O,-7.591458565053703,-6.465455180931741,1.1260033841219617,1.1260033841219617
CCC1(c2ccccc2)NC(=O)NC1=O,-2.6400001002495945,-2.7860622180888117,-0.1460621178392172,0.1460621178392172
O=C1NC(=O)C(c2ccc(O)cc2)N1,-2.17310504110797,-2.037862764957458,0.1352422761505121,0.1352422761505121
Cc1ccccc1C(=O)NNC(=O)c1ccncc1,-2.7300000212265534,-2.4711059520873637,0.25889406913918966,0.25889406913918966
O=C(NNC(=O)c1ccncc1)c1ccccc1,-2.5399999686570354,-2.3043373193419763,0.2356626493150591,0.2356626493150591
CC1(C)CC(=O)CC(C)(C)N1[O],0.10341245980779856,-0.023729271938790042,-0.1271417317465886,0.1271417317465886
CCOC(=O)N1CCC(=O)CC1,0.766506270882557,0.18499352313568762,-0.5815127477468693,0.5815127477468693
Cc1cccc2n[nH]nc12,-1.5169634636607934,-2.06496616752207,-0.5480027038612767,0.5480027038612767
c1ccc2n[nH]nc2c1,-0.7793998773757091,-1.207871429806176,-0.42847155243046675,0.42847155243046675
Nc1nc2[nH]cnc2c(=S)[nH]1,-3.309999912931944,-3.071548043806287,0.2384518691256572,0.2384518691256572
S=c1[nH]cnc2[nH]cnc12,-2.950000033269975,-2.754863485827056,0.19513654744291875,0.19513654744291875
CC1=C[C@H]2C(=O)O[C@H]3CC(C/C=C(\C)C[C@@H](C)/C=C/C=C4\CO[C@H]([C@@H]1O)[C@@]42O)O[C@@]1(CC[C@H](C)C(C)O1)C3,-5.778699835643635,-4.421387101809114,1.3573127338345206,1.3573127338345206
CCC1O[C@]2(CCC1C)C[C@@H]1C[C@@H](C/C=C(\C)CC(C)/C=C/C=C3\CO[C@@H]4[C@H](O)C(C)=C[C@@H](C(=O)O1)[C@]34O)O2,-4.877200093832008,-4.579914451438768,0.2972856423932404,0.2972856423932404
C1CN2CCN1CC2,0.6033000229470242,0.8256660981946577,0.22236607524763352,0.22236607524763352
OCC1CN2CCN1CC2,0.8470940607087987,0.5770056466880447,-0.270088414020754,0.270088414020754
Cc1c(O)c(=O)ccn1-c1ccccc1,-2.0299999852277706,-1.9125897192029653,0.11741026602480531,0.11741026602480531
Cc1ccc(-n2ccc(=O)c(O)c2C)cc1,-3.2199999919549853,-2.356799563622613,0.8632004283323722,0.8632004283323722
CCOC(=O)Cn1c(=O)sc2cccc(Cl)c21,-3.762000022940941,-4.080264040178226,-0.3182640172372846,0.3182640172372846
O=C(O)Cn1c(=O)sc2cccc(Cl)c21,-2.6087000354344507,-2.950616037487728,-0.34191600205327743,0.34191600205327743
O/N=C1/C=CCCC1,-0.7034001559368384,-1.1251148884324664,-0.4217147324956281,0.4217147324956281
O/N=C1\C=CCCC1,-0.9667001570076206,-1.1251148884324664,-0.15841473142484586,0.15841473142484586
Cc1c(C(=O)O)c(O)cc2c1C(=O)c1c(O)c(C3OC(CO)C(O)C(O)C3O)c(O)c(O)c1C2=O,-2.5783998827394354,-2.8074715243828097,-0.22907164164337424,0.22907164164337424
Cc1c(C(=O)O)c(O)cc2c1C(=O)c1c(O)c([C@H]3O[C@H](CO)[C@@H](O)[C@H](O)[C@H]3O)c(O)c(O)c1C2=O,-2.5783998827394354,-2.807471507360711,-0.2290716246212754,0.2290716246212754
Oc1c(-c2ccccc2)cccc1-c1ccccc1,-5.683909896100673,-4.047670534173471,1.6362393619272018,1.6362393619272018
c1ccc(-c2cccc(-c3ccccc3)c2)cc1,-5.183000053803665,-5.036026215337533,0.1469738384661321,0.1469738384661321
CC(=O)OC1(C)CCC23CC1C(C)(C)[C@@H]2CC[C@H]3C,-5.426640892677401,-4.680702161492634,0.7459387311847676,0.7459387311847676
CO[C@]1(C)CCC23C[C@@H]1C(C)(C)[C@@H]2CC[C@H]3C,-4.740177101895331,-4.78627634951598,-0.04609924762064832,0.04609924762064832
CCN(CC)C(=O)CSc1ccc(Cl)nn1,-1.7156000524771848,-2.1168299148134366,-0.4012298623362518,0.4012298623362518
c1ccnnc1,1.0964002625505924,1.2214405140836617,0.1250402515330693,0.1250402515330693
CCN(c1ccccc1)c1nc(Cl)nc(Nc2cc(S(=O)(=O)[O-])cc3c2C(=O)/C(=N/Nc2ccc4ccccc4c2S(=O)(=O)[O-])C(S(=O)(=O)[O-])=C3)n1,-0.4592357173079846,-0.8190640908147944,-0.35982837350680974,0.35982837350680974
O=C1/C(=N/Nc2ccc3c(S(=O)(=O)[O-])cccc3c2S(=O)(=O)[O-])C(S(=O)(=O)[O-])=Cc2cc(S(=O)(=O)[O-])cc(Nc3nc(Cl)nc(Nc4cccc(S(=O)(=O)CCOS(=O)(=O)[O-])c4)n3)c21,-0.41089785944692236,0.24610966620384245,0.6570075256507648,0.6570075256507648
C/C(=N/Nc1nc(C)cc(C)n1)c1ccccc1C,-3.195899934435677,-3.3525669389015826,-0.15666700446590553,0.15666700446590553
CC(=NNc1nc(C)cc(C)n1)c1ccccc1C,-3.2000000132983497,-3.352566870813188,-0.15256685751483845,0.15256685751483845
CC(C)(C)c1ccc(OP(Oc2ccc(C(C)(C)C)cc2C(C)(C)C)Oc2ccc(C(C)(C)C)cc2C(C)(C)C)c(C(C)(C)C)c1,-8.111891665111969,-8.646698225287977,-0.5348065601760084,0.5348065601760084
Cc1ccccc1OP(Oc1ccccc1C)Oc1ccccc1C,-7.779842539575402,-6.754421510908939,1.0254210286664627,1.0254210286664627
O=C1C(Cl)=C(Cl)C(=O)C(Cl)=C1Cl,-5.089685862127079,-4.759416294873968,0.3302695672531115,0.3302695672531115
O=C1C=CC(=O)C=C1,-0.8899999421642435,-0.6423692595388277,0.24763068262541577,0.24763068262541577
Cc1c(Nc2nc(Cl)nc(Nc3cccc(S(=O)(=O)[O-])c3)n2)c(C)c(S(=O)(=O)[O-])c(C)c1Nc1cc(S(=O)(=O)[O-])c(N)c2c1C(=O)c1ccccc1C2=O,-0.42442811288490345,-0.17004741916411703,0.2543806937207864,0.2543806937207864
Cc1c(Nc2nc(Cl)nc(Nc3ccccc3S(=O)(=O)[O-])n2)c(C)c(S(=O)(=O)[O-])c(C)c1Nc1cc(S(=O)(=O)[O-])c(N)c2c1C(=O)c1ccccc1C2=O,-0.42442811288490345,-0.2531408619147215,0.17128725097018194,0.17128725097018194
CCC1C2CC3C4N(C)c5ccccc5C45CC(C2C5O)N3C1O,-2.8199999251814134,-2.204112564135355,0.6158873610460582,0.6158873610460582
CC[C@H]1[C@@H]2C[C@H]3[C@@H]4N(C)c5ccccc5[C@]45C[C@@H](C2C5O)N3[C@@H]1O,-2.826600056697986,-2.2041127003121446,0.6224873563858413,0.6224873563858413
O=C(O)c1cc(/N=N/c2ccc(S(=O)(=O)Nc3ccccn3)cc2)ccc1O,-6.1399997355363505,-4.395757812989406,1.7442419225469443,1.7442419225469443
O=C(O)c1cc(N=Nc2ccc(S(=O)(=O)Nc3ccccn3)cc2)ccc1O,-6.1399997355363505,-4.395757812989406,1.7442419225469443,1.7442419225469443
Cn1c(=O)ncc2[nH]c(=O)[nH]c21,-0.7940002080245399,-2.4070427390321107,-1.613042531007571,1.613042531007571
O=c1ncc2[nH]c(=O)[nH]c2[nH]1,-3.5999998587846394,-3.366224585726017,0.23377527305862245,0.23377527305862245
CC[C@@H]1C(=O)O[C@H]1C,-0.6665000589683356,-0.6325400188822781,0.033960040086057575,0.033960040086057575
O=C1CCO1,0.7104891315154802,1.1355028829103264,0.4250137513948462,0.4250137513948462
CN(C(=O)COC(=O)c1ccccc1)C1CCCCC1,-3.2899999342753086,-3.0047275188643954,0.2852724154109132,0.2852724154109132
O=C(COC(=O)c1ccccc1)NC1CCCCC1,-3.9000000152529353,-3.3087485844144457,0.5912514308384895,0.5912514308384895
C=CC(O)CC,0.019299869965567318,-0.16361197645218528,-0.1829118464177526,0.1829118464177526
O=C(O)c1cccc2cccc(-c3cccc4cccc(C(=O)O)c34)c12,-2.2334404145542863,-3.2593373810995887,-1.0258969665453024,1.0258969665453024
CC(C)(C)OC(N)=O,0.09999986946624784,-0.3628762040907718,-0.46287607355701965,0.46287607355701965
CCSCC,-1.468024929981831,-1.6033809818398599,-0.1353560518580288,0.1353560518580288
CCCCCCCCC(=O)OCC,-3.80069990044612,-4.3558961432057375,-0.5551962427596173,0.5551962427596173
O=c1[nH]c2nc[nH]c(=O)c2[nH]1,-2.9600000225982925,-3.358860349222204,-0.39886032662391147,0.39886032662391147
CCC(C)Cl,-2.001263891047036,-2.0873007950998206,-0.08603690405278464,0.08603690405278464
CS(=O)(=O)c1ccc(C2=C(c3ccccc3)C(=O)OC2)cc1,-4.519999932359992,-3.6502000363728944,0.8697998959870978,0.8697998959870978
O=C(O)CCI,-0.4300001947522447,-0.49858263882784337,-0.06858244407559866,0.06858244407559866
CC(=O)OCCBr,-0.6736999981757767,-0.8245769357787607,-0.15087693760298393,0.15087693760298393
O=C1/C(=C2/Nc3ccccc3C2=O)Nc2ccccc21,-6.719775139804469,-6.704673406217187,0.015101733587282062,0.015101733587282062
CCCOP(=O)(OCC)OCCC,-0.980200043021572,-0.9525313706042953,0.027668672417276774,0.027668672417276774
CC(C)(C)c1cc(C(C)(CC(=O)OCCOC(=O)CC(C)(c2ccc(O)c(C(C)(C)C)c2)c2ccc(O)c(C(C)(C)C)c2)c2ccc(O)c(C(C)(C)C)c2)ccc1O,-6.201435349352362,-7.529955135196587,-1.3285197858442253,1.3285197858442253
CNC(=S)NN,-0.4655728403779924,-0.6655702438505342,-0.1999974034725418,0.1999974034725418
CCCCN(CCN(CCCC)C(=O)N1CCOCC1)C(=O)N1CCOCC1,0.09850001830815369,-0.5964057801771783,-0.694905798485332,0.694905798485332
CC(C)(O)CCl,0.16020008744911696,0.012486128132772834,-0.14771395931634412,0.14771395931634412
O=[N+]([O-])c1ccc(N=Nc2c(O)c(N=Nc3cc([N+](=O)[O-])cc([N+](=O)[O-])c3O)cc(N=Nc3cc(S(=O)(=O)[O-])cc4cc(S(=O)(=O)[O-])cc(O)c34)c2O)cc1,-0.9675670584487341,-2.4561845846575987,-1.4886175262088646,1.4886175262088646
Cc1cc(O)c(C2CCCCC2)cc1C(C[C@H](C)c1cc(C2CCCCC2)c(O)cc1C)c1cc(C2CCCCC2)c(O)cc1C,-7.396501881616391,-7.140494964676977,0.25600691693941435,0.25600691693941435
CNCC(=O)O,0.5272997568009967,0.516322001102921,-0.010977755698075686,0.010977755698075686
CCC(O)(CC)CC,-0.8499999167625774,-1.2479418586079447,-0.39794194184536735,0.39794194184536735
CCCCC(CC)C(=O)[O-],-2.621416087848803,-2.134932303954433,0.4864837838943701,0.4864837838943701
CCCCCCCCN(C)C,-5.465370116280688,-2.464785987292816,3.0005841289878723,3.0005841289878723
CCCC(=O)N(C)N=O,-1.5347000819455483,-0.8573760687354599,0.6773240132100884,0.6773240132100884
ClC(Cl)COCC(Cl)Cl,-1.1200000882238215,-1.8397181147926567,-0.7197180265688352,0.7197180265688352
CC/C=C(\C)C(O)CCCCC,-3.431863738720423,-3.587674327357996,-0.15581058863757313,0.15581058863757313
CCOP(=O)(N=C1SCS1)OCC,-0.6835000969994014,-2.0352378211656093,-1.3517377241662079,1.3517377241662079
O=C(Nc1ccccc1SSc1ccccc1NC(=O)c1ccccc1)c1ccccc1,-6.978287164961088,-6.4382541396091515,0.5400330253519368,0.5400330253519368
CCC(CO)(CO)[N+](=O)[O-],0.8263998187357702,-0.02610637397398996,-0.8525061927097601,0.8525061927097601
CC12CCC(=O)C=C1CCC1C2CCC2(C)C(OC(=O)CCc3ccccc3)CCC12,-5.269999863934068,-6.35133385672374,-1.0813339927896726,1.0813339927896726
ClCC(Cl)Cl,-1.5811040932208016,-1.492193858912362,0.08891023430843958,0.08891023430843958
CCOC(=O)c1cnc(=S)[nH]c1,-1.7400000734192727,-2.1961203483673737,-0.45612027494810103,0.45612027494810103
O=C([O-])c1cc2ccccc2c(Cc2c(O)c(C(=O)O)cc3ccccc23)c1O,-0.9807589125651366,-3.605853792561774,-2.6250948799966376,2.6250948799966376
CC(=O)C(N=Nc1ccc(C(=O)Nc2ccc(C(N)=O)cc2)cc1)C(=O)Nc1ccc2[nH]c(=O)[nH]c2c1,-6.672808582212339,-7.185177292804257,-0.5123687105919181,0.5123687105919181
C=COCCCl,-2.3951001026929717,-1.2846114082720483,1.1104886944209234,1.1104886944209234
CC(=O)OCC=C(C)C,-1.4743213361918184,-1.2349441925931803,0.23937714359863804,0.23937714359863804
CCCCCCCCCCCC(=O)N(C)C,-3.9093069498338657,-4.083603844025859,-0.17429689419199335,0.17429689419199335
CCC1(c2ccccc2)C(=O)NC(=S)NC1=O,-3.5799998801280037,-3.09846886308503,0.48153101704297363,0.48153101704297363
N#CCCCCC#N,-0.13091266108209254,-0.6678305062004566,-0.536917845118364,0.536917845118364
CC(O)C1C(=O)N2C(C(=O)O)=C(SCC(=N)N(C)C)C(C)C12,-0.2800000994959979,-0.6836182984525725,-0.4036181989565746,0.4036181989565746
CCCCCCCC/C=C\CCCCCCCC(=O)N(C)CC(=O)O,0.7757804549456444,-3.922875809391632,-4.698656264337276,4.698656264337276
CCCCC(C)CCC,-6.0473997911199975,-5.972922253832678,0.07447753728731943,0.07447753728731943
O=c1cccc2[nH]cccc1-2,-2.541699897562908,-1.708597978144695,0.833101919418213,0.833101919418213
CCCCCC(C(=O)O)C(=O)O,0.5921000267287013,-1.1907365767536362,-1.7828366034823375,1.7828366034823375
O=C1CCCCCCCCCCC(=O)OCCO1,-3.5337583618066635,-2.2549700330416904,1.278788328764973,1.278788328764973
CN1CC2c3ccccc3Oc3ccc(Cl)cc3C2C1,-2.1300001168203297,-2.923257609840828,-0.7932574930204983,0.7932574930204983
CNC(=O)O/N=C/C(C)(C)SC,-1.4991000647851374,-2.023634741650758,-0.5245346768656207,0.5245346768656207
CCCCCCCCCC=O,-3.7255255465276065,-3.7192234208924653,0.006302125635141209,0.006302125635141209
c1ccc2cc3c(cc2c1)-c1cccc2cccc-3c12,-8.498900108715805,-7.9621680087381375,0.5367320999776677,0.5367320999776677
COC(/C=C\C(OC)OC)OC,0.05499997706616355,-0.17898987656830512,-0.23398985363446867,0.23398985363446867
CCCCI,-2.958699925768102,-3.0159284002318496,-0.05722847446374768,0.05722847446374768
CCOc1cccc2c1C(=O)c1c(NC3CCCCC3)ccc(Nc3ccccc3S(=O)(=O)[O-])c1C2=O,-1.987836859615396,-2.694329192135671,-0.7064923325202752,0.7064923325202752
O=C(CCl)NC(=O)CCl,-2.230400063466472,-1.357802755783792,0.8725973076826801,0.8725973076826801
NCCCC(=O)O,1.1006002270882669,0.9540824446897269,-0.14651778239853996,0.14651778239853996
CC12CCC3C(CCC4C(C)(C)CCCC43C)(CO1)O2,-5.645384665327858,-5.240459986254091,0.4049246790737664,0.4049246790737664
CC[N+](CC)(CC)CC,0.6804735883102433,0.6627191308660811,-0.017754457444162153,0.017754457444162153
c1ccc2c(c1)ccc1[nH]c3ccc4ccccc4c3c12,-6.62769974838076,-7.3032458374288645,-0.6755460890481046,0.6755460890481046
CC1(C)CC(=O)CC(=O)C1,-1.527600096501503,-1.1413329993389838,0.3862670971625193,0.3862670971625193
FC(F)(F)C(F)(F)F,-2.423907281157756,-2.1325596276648873,0.29134765349286873,0.29134765349286873
N#CI,-0.6333001577205275,-0.6727285129604286,-0.03942835523990107,0.03942835523990107
NS(=O)(=O)c1cc(C(=O)O)c(NCc2ccco2)cc1Cl,-3.8299999027116254,-3.189422838648298,0.6405770640633275,0.6405770640633275
Cc1nc(=O)c(C#N)c(NCc2cccnc2)[nH]1,-2.349999916087518,-2.7220579866054537,-0.37205807051793593,0.37205807051793593
CCN(CC)c1ccc(C(c2ccc(N(CC)CC)cc2)c2c(S(=O)(=O)O)ccc3ccc(S(=O)(=O)O)cc23)cc1,-0.6984760032333082,-1.53482672635966,-0.8363507231263518,0.8363507231263518
CN(C)C(N)=O,0.21243151207177569,0.7698347039682787,0.557403191896503,0.557403191896503
CCSSCC,-2.4200000967172226,-2.168685559585836,0.25131453713138674,0.25131453713138674
OCCCO,1.1186436516794669,1.7651862634209148,0.6465426117414479,0.6465426117414479
c1ccc(CNC23OC4C5C6CC(C7C6C4C72)C53)cc1,-3.400000072218284,-3.192746386391701,0.2072536858265832,0.2072536858265832
CC(=O)NC(CCC(=O)O)C(=O)O,-0.7100001002103262,-0.13896343286950197,0.5710366673408243,0.5710366673408243
O=S(=O)([O-])CCO,0.5569421756033668,0.6696298305729056,0.11268765496953881,0.11268765496953881
CCOC(=O)C(=O)C(=O)OCC,0.511699888518208,-0.09255002539578205,-0.6042499139139901,0.6042499139139901
NS(=O)(=O)c1cc2cc(CNCc3ccccn3)sc2o1,-1.3300000854057772,-1.832247047597585,-0.5022469621918078,0.5022469621918078
Nc1nc(N)nc(Nc2nc(N)nc(N)n2)n1,-4.225336918753181,-2.9596243363695756,1.265712582383605,1.265712582383605
CC(Cl)CCl,-1.6216647584642936,-1.5772931857703507,0.04437157269394287,0.04437157269394287
CCC(C)(C)Cl,-2.51054499720523,-2.347403637509831,0.16314135969539878,0.16314135969539878
Cc1cccc(CN2CCN(C(c3ccccc3)c3ccc(Cl)cc3)CC2)c1,-4.630000002214572,-4.601101517212517,0.028898485002055274,0.028898485002055274
C[C@H](NC(N)=O)C(=O)O,-0.7845002428446812,-0.8905374319518771,-0.10603718910719584,0.10603718910719584
CCCCOC(=O)CO,-0.45833912932678844,-0.6079511207333375,-0.14961199140654902,0.14961199140654902
CCC(O)CCC(C)C,-1.92719999075742,-1.7512010228751214,0.17599896788229863,0.17599896788229863
CC(C)=CCO,-0.12899474718064008,-0.23163228274127512,-0.10263753556063504,0.10263753556063504
CC(C)COC(=O)CC(C(=O)OCC(C)C)S(=O)(=O)[O-],0.17737415941699464,-0.19833869186238218,-0.3757128512793768,0.3757128512793768
C=C(Cl)Cl,-1.5885810160178162,-1.5556075767707265,0.03297343924708973,0.03297343924708973
CC(=O)OC(OC(C)=O)C(OC(C)=O)OC(C)=O,-2.099999893503896,-1.3492458148703033,0.7507540786335929,0.7507540786335929
CCCCCCCCn1sccc1=O,-2.6301000136183768,-3.0366858899402525,-0.4065858763218757,0.4065858763218757
C#CC1(OC(=O)c2ccc(-c3ccccc3)cc2)CCC2C3CCC4=CC(=O)CCC4C3CCC21C,-8.109999352446916,-6.978056481479899,1.1319428709670172,1.1319428709670172
B12B3B4B1C234,-4.7424029115175435,-4.711448837879986,0.030954073637557755,0.030954073637557755
CC(C[N+](C)(C)C)OC(N)=O,0.5020999695749531,-0.06618865015643394,-0.568288619731387,0.568288619731387
CC(C)(C)S(=O)(=O)C(C)(C)C,-1.2176999895787786,-2.121500642511954,-0.9038006529331755,0.9038006529331755
C=C(C)C(=O)[O-],-3.2935843116366463,-0.7506701154156801,2.5429141962209663,2.5429141962209663
CCOC[C@H](N)C(=O)O,0.523999920841042,-0.10688072600166532,-0.6308806468427073,0.6308806468427073
COC(=O)/C(=C/c1ccccc1)S(=O)(=O)c1ccc([N+](=O)[O-])cc1,-4.570000100288864,-5.091418030887834,-0.5214179305989699,0.5214179305989699
CC(C)COC(N)=O,-0.30000011219683076,-0.5267017840643482,-0.22670167186751744,0.22670167186751744
CC(C)O,0.4300000790299907,0.7768679627855337,0.346867883755543,0.346867883755543
CCC(C=O)CC,-1.5200000698869003,-1.1789473435677196,0.3410527263191807,0.3410527263191807
O=C(O)CCCCC(=O)O,-0.23700718061761217,-0.3952217321620881,-0.15821455154447595,0.15821455154447595
CCCOC(N)=O,-0.1301999117665429,-0.1048010340744443,0.025398877692098587,0.025398877692098587
CCCCCCCCCCCCCCCCNC(=O)C(C)O,-3.6511999825372206,-5.128842408495402,-1.477642425958181,1.477642425958181
CC(C)I,-2.0843000714577116,-2.1972796894636546,-0.11297961800594303,0.11297961800594303
CC(C)CCCO,-1.12860006100275,-0.6940124004314185,0.43458766057133147,0.43458766057133147
C=CC(=O)NCNC(=O)C=C,-0.6552428684984779,-0.6441981138200337,0.011044754678444235,0.011044754678444235
C[C@H](NC(N)=O)C(=O)[O-],-0.9656001209031095,-1.0870576972847075,-0.12145757638159793,0.12145757638159793
O=C1NC(=O)C(=c2[nH]c(=C3C(=O)NC(=O)NC3=O)c3ccccc23)C(=O)N1,-7.564993695454435,-5.371096831476587,2.193896863977848,2.193896863977848
NC=O,1.3463914336429057,1.5270266764960119,0.18063524285310617,0.18063524285310617
C[Si]1(C)O[Si](C)(C)O[Si](C)(C)O1,0.6527381892661763,-3.2530921433182063,-3.9058303325843826,3.9058303325843826
CCC(C)CC,-3.682599967071563,-3.8118306507670496,-0.12923068369548663,0.12923068369548663
CCCCCCCC/C=C/CCCCCCCCO[P+](=O)OCCCCCCCC/C=C/CCCCCCCC,-9.534420008081764,-7.553318442241219,1.9811015658405449,1.9811015658405449
CCOCCOCCOCCO,0.7489999275486228,0.9663590546047902,0.21735912705616744,0.21735912705616744
CC(C)(CO)C(O)C(=O)NCCCO,0.4376763646466393,0.156722949309406,-0.2809534153372333,0.2809534153372333
C=C(C)C(=O)OCCOCCOCCOC(=O)C(=C)C,-1.9005552997077924,-1.7727022485019421,0.12785305120585022,0.12785305120585022
O=C(O)C1CCC(=O)N1CN1C(=O)CCC1C(=O)O,-1.309999936528155,-1.0639499940737178,0.24604994245443712,0.24604994245443712
C=C(C)C(=C)C,-2.401400117587877,-2.8137152471974103,-0.4123151296095333,0.4123151296095333
CCCCCCCC(C(=O)O)C(=O)O,-2.041100027682698,-1.9706887974142877,0.07041123026841034,0.07041123026841034
CCCCCCCCCCOC(C)=O,-4.985758187663976,-5.182736687893028,-0.1969785002290525,0.1969785002290525
C[C@H](O)[C@@H](C)O,1.045169192622628,1.0738382197345993,0.028669027111971168,0.028669027111971168
CC(CCl)OC(C)CCl,-2.002700079556101,-1.7194782312615833,0.2832218482945179,0.2832218482945179
NC(=O)N=C(N)N,-0.7814000420579394,-1.3762661495934014,-0.594866107535462,0.594866107535462
c1ccc2c(c1)Nc1c(ccc3ccccc13)S2,-5.895699937178865,-6.6355655920882075,-0.7398656549093428,0.7398656549093428
C=C(C)C(=O)O,0.05627350240032891,-0.244710156884977,-0.3009836592853059,0.3009836592853059
FC(F)=C(F)F,-2.8001000705091603,-2.7725077592265213,0.02759231128263906,0.02759231128263906
O=C1CN(O)C(c2ccccc2Cl)=c2cc(Cl)ccc2=N1,-4.465332849682705,-4.103232570710482,0.36210027897222297,0.36210027897222297
Cc1ccc(Sc2ccc(C(=O)c3ccccc3)cc2)cc1,-7.615407976999775,-6.382746029080732,1.232661947919043,1.232661947919043
CCC(C)(C)NC(N)=O,-1.0141999829069146,-0.7152916578915702,0.29890832501534437,0.29890832501534437
CCCCC1=NC(=O)C2(CCCC2)N1,-1.0196140996985892,-2.6502284750757803,-1.6306143753771911,1.6306143753771911
Cc1nnc(-c2ccccc2)c(=O)n1N,-2.0506000609509516,-2.2905966727644227,-0.2399966118134711,0.2399966118134711
CCCCCCCCOC(N)=O,-3.299999923603626,-2.860323676855603,0.4396762467480233,0.4396762467480233
CN1CCC(=C2c3ccccc3C=Cc3ccccc32)CC1,-3.089999892377473,-3.4881207194577732,-0.3981208270803003,0.3981208270803003
CCCCCCCCCCCCCCCCO,-6.76970000196882,-6.229065075207879,0.5406349267609407,0.5406349267609407
CC(C)(C)C(=O)C(Oc1ccc(Cl)cc1)n1ccnc1,-3.703092531219538,-4.583057139383792,-0.8799646081642538,0.8799646081642538
O=C(OCCCc1ccccc1)c1ccccc1,-4.80097377421563,-5.068219770111915,-0.2672459958962845,0.2672459958962845
O=C(O)CCSCCC(=O)O,-0.7991433330053734,-0.8768325998699269,-0.07768926686455346,0.07768926686455346
O=S1(=O)NCc2ccccc21,-1.5207999723476453,-1.9807458618394491,-0.4599458894918038,0.4599458894918038
NC(=O)CC(N)C(=O)O,-0.7400001192615755,-0.361184071306091,0.3788160479554845,0.3788160479554845
CCn1nc2cc(-c3cc4c5c(n(CC)nc5c3)-c3ccccc3C4=O)cc3c2c1-c1ccccc1C3=O,-4.393183663139991,-5.19900749921703,-0.8058238360770389,0.8058238360770389
CNC(C)=O,1.136112137865957,0.9978551118640309,-0.13825702600192624,0.13825702600192624
c1ccc2sc(SN(C3CCCCC3)C3CCCCC3)nc2c1,-6.7885997062115635,-6.3590191300084875,0.429580576203076,0.429580576203076
O=C(O)COCCOCC(=O)O,0.6709251441933697,0.5658405117277998,-0.10508463246556987,0.10508463246556987
CCCC(C(=O)O)C(=O)O,0.6802998267270102,-0.12097611311552159,-0.8012759398425318,0.8012759398425318
CN[C@@H](CC(C)C)C(=O)O,-0.5146000251468332,-0.6313430249037375,-0.11674299975690428,0.11674299975690428
C#CCOC(=O)/C=C(C)/C=C/CC(C)CCCC(C)C,-4.723899754085439,-5.39462164419341,-0.6707218901079708,0.6707218901079708
Cc1cc(CCC(=O)OCC(C)(C)C2OCC3(CO2)COC(C(C)(C)COC(=O)CCc2cc(C)c(O)c(C(C)(C)C)c2)OC3)cc(C(C)(C)C)c1O,-8.267742732300182,-6.8038169177162295,1.463925814583952,1.463925814583952
Cc1ccc(C(=O)OC(C)C)cc1N=Nc1c(O)c(C(=O)Nc2cc(Cl)c(NC(=O)c3cc4ccccc4c(N=Nc4cc(C(=O)OC(C)C)ccc4C)c3O)cc2Cl)cc2ccccc12,-7.007487553905171,-8.055559685007873,-1.0480721311027024,1.0480721311027024
O=C(CCc1ccc(O)cc1)c1c(O)cc(O)cc1O[C@@H]1O[C@H](CO)[C@@H](O)[C@H](O)[C@H]1O,-2.639897593171398,-2.9141984148839546,-0.27430082171255643,0.27430082171255643
CCCCC(NC(N)=O)C(=O)O,-2.1600000677831845,-1.575593427085465,0.5844066406977195,0.5844066406977195
OCC(CO)(CBr)CBr,-1.1304018161028722,-0.7102010971514328,0.4202007189514394,0.4202007189514394
FC(F)(F)C(Cl)Cl,-1.8623000394198983,-2.0670310161792504,-0.20473097675935215,0.20473097675935215
CCC(=O)O,1.1303047425065889,0.8301035550529887,-0.30020118745360014,0.30020118745360014
CC(C)(C)CCCCC1(C(=O)OC(C)(C)CC(C)(C)C)OO1,-6.971234024332585,-7.75688149876656,-0.7856474744339756,0.7856474744339756
C#CCN1C(=O)COc2cc(F)c(N3C(=O)C4=C(CCCC4)C3=O)cc21,-5.296599820908387,-4.7064399832134685,0.5901598376949186,0.5901598376949186
CC(=O)OC[C@@H](OC(C)=O)[C@@H](OC(C)=O)[C@H](OC(C)=O)[C@H](C=O)OC(C)=O,-2.4154000447723867,-1.9575328258818836,0.4578672188905031,0.4578672188905031
NS(=O)(=O)c1cc2c(cc1C(F)(F)F)NC=NS2(=O)=O,-0.8186000003166298,-2.497170461925891,-1.6785704616092612,1.6785704616092612
BrC=CBr,-1.3200000790553608,-1.571135816062308,-0.25113573700694714,0.25113573700694714
CCCCCCS(=O)(=O)NS(=O)(=O)CCCCCC,-2.2000000250964553,-3.0193155425358875,-0.8193155174394322,0.8193155174394322
ICI,-2.33450006965652,-2.5821265988898596,-0.24762652923333972,0.24762652923333972
CCCCc1ccc2[n-]nnc2c1,0.40402544587244593,-1.6559001480184523,-2.059925593890898,2.059925593890898
ClC(Cl)C(Cl)C(Cl)Cl,-2.7223000408485545,-2.8025852628709207,-0.08028522202236621,0.08028522202236621
NC(=O)C(Cl)Cl,-0.25580012225749105,-0.7942928519448906,-0.5384927296873996,0.5384927296873996
CC(C)CC(Br)C(=O)NC(C)C(=O)NC(C)C(=O)O,-1.4300000127331522,-0.603530005089731,0.8264700076434213,0.8264700076434213
CCCC(=O)OC,-0.8331001048484863,-0.5708192508693313,0.262280853979155,0.262280853979155
CC(=O)NCCO,0.986700053986199,0.9097808668655194,-0.07691918712067958,0.07691918712067958
c1ccc2c(c1)ccc1ccc3ccccc3c12,-7.820699934042926,-7.00696245620537,0.8137374778375559,0.8137374778375559
OCC(F)(F)F,0.9998304923705965,0.5753192333285173,-0.4245112590420792,0.4245112590420792
C#CCO,1.2513160675494288,0.7859730152762268,-0.46534305227320205,0.46534305227320205
O=C([O-])CN(CCN(CC(=O)[O-])CC(=O)[O-])CCN(CC(=O)[O-])CC(=O)[O-],0.20129851483382133,-0.06860143051044787,-0.2698999453442692,0.2698999453442692
CCCCCCCCCCCCCCCCCCNC(=O)NCCCNC(=O)NCCCCCCCCCCCCCCCCCC,-5.8229188903334865,-6.228754319774543,-0.40583542944105666,0.40583542944105666
C=CC(C)(CCC=C(C)C)OC(C)=O,-3.8157767817693427,-3.919252825910508,-0.10347604414116551,0.10347604414116551
Fc1ccc(C(c2ccccc2)(c2ccccc2F)n2ccnc2)cc1,-8.399999264255415,-5.30037613945434,3.0996231248010755,3.0996231248010755
CCCCC(C(=O)OCC)C(=O)OCC,-2.816496351722466,-2.356233068178844,0.4602632835436222,0.4602632835436222
COP(=O)(NC(C)=O)SC,0.5399998765309926,0.06473062572721089,-0.4752692508037817,0.4752692508037817
CC(C)N(C(=O)SCC(Cl)=C(Cl)Cl)C(C)C,-4.881800145776844,-4.789341144337486,0.09245900143935781,0.09245900143935781
CCOC(=O)CO[N+](=O)[O-],-1.711099954295745,-1.36301165415389,0.3480883001418551,0.3480883001418551
Nc1ccc2c(O)c(N=Nc3ccc(N=Nc4ccc(S(=O)(=O)[O-])cc4)cc3)c(S(=O)(=O)[O-])cc2c1,-0.46035427345584967,-1.078490406935227,-0.6181361334793773,0.6181361334793773
CC(CC(C)(C)C)CC(C)(C)CC(C)(C)C,-3.3549685187146716,-5.5874188361049315,-2.23245031739026,2.23245031739026
C=CCOC(=O)CCCCC,-2.6105518355046655,-2.868847901295446,-0.25829606579078046,0.25829606579078046
CCCCC(CC)COC(=O)OOC(C)(C)C,-4.6599582149914855,-4.825936613828174,-0.16597839883668808,0.16597839883668808
CCCCOCCOCCOCCO,0.6855001459593781,0.30437562907053506,-0.3811245168888431,0.3811245168888431
CCOC(=O)C1=C(COCCN2C(=O)c3ccccc3C2=O)NC(C)=C(C(=O)OC)C1c1ccccc1Cl,-4.501126646414386,-5.465454273536517,-0.964327627122131,0.964327627122131
C=CCCl,-1.3561999549729358,-1.6345101788285448,-0.278310223855609,0.278310223855609
Cc1cn(C2CC(N=[N+]=[N-])C(COC(=O)c3ccncc3)O2)c(=O)[nH]c1=O,-2.720000014876137,-2.4329029155981923,0.2870970992779447,0.2870970992779447
CC(C)CO[N+](=O)[O-],-1.9521000528700654,-1.6844652722401359,0.2676347806299295,0.2676347806299295
O=C(C(F)(F)C(F)(F)F)C(F)(C(F)(F)F)C(F)(F)F,-1.4997435001148989,-4.085347928255684,-2.5856044281407855,2.5856044281407855
COc1ccc(C(=O)c2coc(S(N)(=O)=O)c2)cc1,-4.148099826917722,-2.9112715075727325,1.2368283193449896,1.2368283193449896
COC(=O)C=C(C)C,-1.4140004655735698,-1.3577200964726457,0.056280369100924155,0.056280369100924155
CC(C)(c1ccccc1)c1cc(-n2nc3ccccc3n2)c(O)c(C(C)(C)c2ccccc2)c1,-7.0488123071138045,-7.353669106642302,-0.30485679952849765,0.30485679952849765
CC/C=C(\C)C=O,-1.0573697954346886,-1.3226789488557993,-0.2653091534211107,0.2653091534211107
CCCCCCCCCCCCCCCCCC,-5.578671383863117,-8.25299805425462,-2.674326670391503,2.674326670391503
Nc1ccc(C#Cc2ccc(N)cc2)cc1,-2.432599990330244,-2.408613878739439,0.023986111590805326,0.023986111590805326
O=[N+]([O-])C(Cl)([N+](=O)[O-])[N+](=O)[O-],-1.9258999790377227,-1.5578411484699328,0.3680588305677899,0.3680588305677899
[O-][S+](CCCl)CC[S+]([O-])CCCl,-2.039999991578187,-0.7587993250337655,1.2812006665444216,1.2812006665444216
CCCC(C)(COC(N)=O)COC(N)=O,-1.7400000734192727,-1.9921956062894726,-0.2521955328701999,0.2521955328701999
CCOC(=O)N(CC)CC,-1.0651000070599268,-0.27072863896869803,0.7943713680912288,0.7943713680912288
CCCCCCCCCCCCCCCCCC(=O)OCCCC,-7.116029442699205,-7.669704386456402,-0.5536749437571977,0.5536749437571977
C=CCCCCCC=O,-1.9972522590090576,-2.4614624565715113,-0.46421019756245374,0.46421019756245374
CCS(=O)(=O)CCSP(=S)(OC)OC,-2.5415000921687083,-1.9689598288080825,0.5725402633606258,0.5725402633606258
CC(C)CCCCCCCCCCCCCCC(=O)OCC(COC(=O)CCCCCCCCCCCCCCC(C)C)OC(=O)CCCCCCCCCCCCCCC(C)C,-8.45876009357467,-7.724278596563341,0.7344814970113287,0.7344814970113287
CCO[Si](CCCSSCCC[Si](OCC)(OCC)OCC)(OCC)OCC,-5.676541642381574,-4.833135599798089,0.8434060425834851,0.8434060425834851
CCCCOC(=O)CCC(C)(OOC(C)(C)C)OOC(C)(C)C,-5.189881203147197,-5.773144639698176,-0.583263436550979,0.583263436550979
COc1cncnc1N1CCN(CCc2c[nH]c3ccc(CS(=O)(=O)N(C)C)cc23)CC1,-3.759999926347105,-3.3393674588849755,0.42063246746212934,0.42063246746212934
CCCC[O-],-1.7373355021817178,-0.5288514708613041,1.2084840313204137,1.2084840313204137
C1=Cc2cccc3cccc1c23,-3.9755999216382225,-4.838423072175653,-0.8628231505374302,0.8628231505374302
C=C(C)C(=O)OC(C)(C)C,-2.486375557611739,-1.6465671355823581,0.8398084220293807,0.8398084220293807
CC1=CCCN1C,0.12649987267717266,0.32210366821755976,0.1956037955403871,0.1956037955403871
C[C@H](CC(=O)O)C(=O)O,0.6310996974356731,0.5733506616614199,-0.057749035774253166,0.057749035774253166
CCOC(C)OCC,-0.429100066174525,-0.32662321922534376,0.10247684694918124,0.10247684694918124
C=C(Cl)C(N)=O,-0.21040014245024485,-0.19165132209012103,0.01874882036012382,0.01874882036012382
Oc1cncc2cccnc12,-1.6576000428801274,-1.194336682534146,0.4632633603459815,0.4632633603459815
CC(C)(CO)[N+](=O)[O-],1.4680999838473077,0.22349533150073153,-1.2446046523465761,1.2446046523465761
O=C(OCCCOCCCOC(=O)c1ccccc1)c1ccccc1,-4.595502336164092,-4.579363616325776,0.01613871983831583,0.01613871983831583
CN(C)c1ccc(C(O)(c2ccc(N(C)C)cc2)c2ccc(Nc3ccccc3)c3ccccc23)cc1,-6.989135552709264,-6.558444046258527,0.43069150645073684,0.43069150645073684
CCC(C)C1NC(=O)C(Cc2ccccc2)NC(=O)C2CCCN2C(=O)C(Cc2ccccc2)N(C)C(=O)C2CCCCN2C(=O)C2CCCCN2C1=O,-5.57000019062335,-2.9736809811868565,2.5963192094364937,2.5963192094364937
O=C1NC(=O)C2(CCCCCCCCC2)C(=O)N1,-4.590000112989696,-2.7574152686388174,1.8325848443508783,1.8325848443508783
NC(N)=S,0.1885161443230472,0.0907602743076601,-0.0977558700153871,0.0977558700153871
CN(C)C(=S)[S-],-2.540910957333707,-2.053651238093521,0.4872597192401864,0.4872597192401864
O=C1CCCCCCCCCCC1,-3.845829909768445,-3.7906909064276055,0.055139003340839654,0.055139003340839654
CCCCOCCOC(C)=O,-1.2503999858328183,-1.148549688291517,0.10185029754130137,0.10185029754130137
CCN(CC)CC(C)O,0.10211115440860263,0.08135372640530747,-0.020757428003295164,0.020757428003295164
C/C=C\C,-1.930199965427187,-2.0742485221925198,-0.14404855676533268,0.14404855676533268
CCOc1nc2cccc(C(=O)O)c2n1Cc1ccc(-c2ccccc2-c2nn[nH]n2)cc1,-6.497781099545388,-4.162167502054942,2.335613597490446,2.335613597490446
Nc1ncc2ncn(CCC3COC(=O)OC3)c2n1,-1.4300000127331522,-2.098072515315583,-0.6680725025824306,0.6680725025824306
COC1=CC(=N/N(O)c2ccc(N/N=C3/C(=O)c4c(O)cc(S(=O)(=O)[O-])cc4C=C3S(=O)(=O)[O-])c(OC)c2)/C=CC/1=N/N=C1\C(=O)c2c(O)cc(S(=O)(=O)[O-])cc2C=C1S(=O)(=O)[O-],-0.9094796233529028,-1.0066843859017194,-0.0972047625488166,0.0972047625488166
CCCCCCCCCC(C)=O,-4.201820821350878,-4.326763297949181,-0.12494247659830293,0.12494247659830293
C=C(C)C(=O)OCCCCOC(=O)C(=C)C,-2.969024637161716,-3.1908790451453997,-0.22185440798368372,0.22185440798368372
COP(=O)(CCC(=O)NCO)OC,1.5784906087337949,0.8872106534421631,-0.6912799552916318,0.6912799552916318
O=C(NCCCCCCNC(=O)OCCCCO)OCCCCO,-1.9299999898120008,-1.3801998885078617,0.5498001013041391,0.5498001013041391
CCCCCCCCCCCCCCCO,-6.347599889159282,-6.050167992894261,0.29743189626502087,0.29743189626502087
ClCCl,-0.6300000494069944,-0.719363071540081,-0.08936302213308656,0.08936302213308656
Nc1c(-c2nc3cc4c(cc3o2)C(=O)c2ccccc2C4=O)ccc2c1C(=O)c1ccccc1C2=O,-5.496412704831336,-6.683654791131884,-1.1872420863005484,1.1872420863005484
CC(O)CO,1.1185998027532906,1.3674683323940573,0.24886852964076667,0.24886852964076667
CCCCCCC(O)C(O)C(=O)O,-1.5469000243281974,-1.5225016375075822,0.024398386820615237,0.024398386820615237
O=[N+]([O-])N1CN([N+](=O)[O-])CN([N+](=O)[O-])CN([N+](=O)[O-])C1,-4.825116557202602,-3.9907952086798004,0.8343213485228014,0.8343213485228014
O=C1CCCCCCCCCCCCN1,-2.6259999347557037,-2.714356712547956,-0.08835677779225248,0.08835677779225248
O=C1NCCN1/N=C/c1ccc([N+](=O)[O-])o1,-3.3571998775410505,-3.5020533753083347,-0.14485349776728418,0.14485349776728418
C=CCCC=C,-2.6867000917765385,-2.569702169069938,0.11699792270660048,0.11699792270660048
c1ccc2c(c1)-c1cccc3cc4c(ccc5ccccc54)c-2c13,-8.480600127053435,-7.798500938547386,0.682099188506049,0.682099188506049
Nc1nc(=O)c2[nH]c(=O)c(=O)[nH]c2[nH]1,-5.165500110778831,-3.67040942088738,1.4950906898914513,1.4950906898914513
CC12CCC(=O)C=C1CCC1C2CCC2(C)C(OC(=O)Cc3ccccc3)CCC12,-4.659999748912243,-6.147805389102898,-1.487805640190655,1.487805640190655
CCCCCCC(CO)CCCC,-5.270303674351146,-4.705111987163556,0.5651916871875899,0.5651916871875899
CCCCCCCCCCCCCCCCCCCCCCCCO,-5.549815522196134,-6.8710642845488685,-1.3212487623527345,1.3212487623527345
CCCCCCCCCCCCCCCCCC(=O)OC(CCCCCC)CCCCCCCCCCC(=O)OCCCCCCCCCCCCCC(C)C,-8.75537166086054,-7.738204579751223,1.0171670811093172,1.0171670811093172
Cc1cccc(C)c1N(Cn1cccn1)C(=O)CCl,-2.8101999625345777,-2.513727584949539,0.29647237758503886,0.29647237758503886
CCC(=O)C(C)CC=C(C)C,-2.701095340180582,-2.861818063920024,-0.16072272373944196,0.16072272373944196
NCCCC[C@H](N)C(=O)O,0.43734790623068465,0.26265514611199947,-0.17469276011868518,0.17469276011868518
C=CCC(C(=O)NC(N)=O)C(C)C,-2.746900071450026,-1.8860736471308952,0.8608264243191308,0.8608264243191308
C/C(=N\NC(=O)Nc1cc(F)cc(F)c1)c1ncccc1C(=O)O,-3.7248000646822508,-3.9744110982670438,-0.24961103358479297,0.24961103358479297
O=C(NC1CC1)c1cc(N2CC2)c([N+](=O)[O-])cc1[N+](=O)[O-],-3.3900000658678673,-4.637920452814557,-1.2479203869466895,1.2479203869466895
CCCCCCCC/C=C\CCCCCCCCNCCCNCCCN,-3.7183913807094298,-4.189308080883052,-0.4709167001736221,0.4709167001736221
CC(O)C(=O)N(C)C,1.6302350651576751,0.8791203903858373,-0.7511146747718378,0.7511146747718378
ClCCN(Cl)CCCl,-1.9203000490169557,-1.8841408899594017,0.03615915905755407,0.03615915905755407
CCO,1.2336681003545524,1.2781932804669016,0.04452518011234918,0.04452518011234918
N#CCCC#N,0.17524081383476275,0.6236843265474525,0.4484435127126898,0.4484435127126898
CC(C)CC(C)CO,-1.600700069387581,-0.9690669096068283,0.6316331597807527,0.6316331597807527
CC(C)CCOCC(O)COCCC(C)C,-1.3661999613233522,-1.7219540614690747,-0.3557541001457225,0.3557541001457225
NCCNCCNCCNCCN,0.7229999655082557,0.426341553406842,-0.29665841210141375,0.29665841210141375
CC(C)CC(C)(O)C#CC(C)(O)CC(C)C,-2.124350822713417,-1.9471574482115757,0.17719337450184147,0.17719337450184147
CC(C)(C)c1ccc(CSc2cnn(C(C)(C)C)c(=O)c2Cl)cc1,-7.482999744101184,-6.715500005679065,0.7674997384221189,0.7674997384221189
CC(=O)OCC(C)OC(C)=O,-0.204600100637502,-0.35727661451197834,-0.15267651387447634,0.15267651387447634
COP(=S)(OC)SSP(=S)(OC)OC,-4.398099781412949,-4.7646727189435545,-0.3665729375306057,0.3665729375306057
CCCCOCCOP(=O)(OCCOCCCC)OCCOCCCC,-2.778562298436493,-2.1758138698020693,0.6027484286344236,0.6027484286344236
C[Si](C)(C)CCN,-1.8070000070256311,-1.367644388528174,0.4393556184974572,0.4393556184974572
Nc1ccccc1C(=O)OCC=Cc1ccccc1,-6.039999944385765,-4.830961128825468,1.2090388155602971,1.2090388155602971
C=C(C)C,-2.3290691350313577,-2.388996931347097,-0.05992779631573919,0.05992779631573919
CC=CCCCC,-3.819999896361209,-3.855500844907355,-0.03550094854614594,0.03550094854614594
C=CCCCCCCC,-5.051999888907137,-5.457100372215976,-0.4051004833088392,0.4051004833088392
N#CCCCC#N,1.0262997196271244,0.1871756200085133,-0.8391240996186111,0.8391240996186111
CCOCC,-0.08890021508715318,0.037366444610959615,0.1262666596981128,0.1262666596981128
CCCCCCCCCCC=O,-3.1520232877716414,-4.1859334838657345,-1.033910196094093,1.033910196094093
ClCCOCCOCCCl,-0.9955001861909629,-1.1866292124327322,-0.1911290262417693,0.1911290262417693
C#CC(C)(C)N,1.031656097460108,0.8847755400946928,-0.14688055736541505,0.14688055736541505
O=C(Nc1ccccc1)n1cc(F)c(=O)[nH]c1=O,-1.618400056115996,-2.7263456489954803,-1.1079455928794844,1.1079455928794844
CNCCC(=O)O,-0.054300144091068425,0.5735543821383136,0.627854526229382,0.627854526229382
C=CC(=O)OC(C)(C)C,-1.8045937631575066,-1.2464606636699938,0.5581330994875129,0.5581330994875129
Cc1cccc(C)c1NC(=O)C[NH+]1CC[NH2+]CC1,0.443282763064901,-0.26836678873390696,-0.711649551798808,0.711649551798808
CN1c2ccccc2C(O)(c2ccccc2)c2ccccc21,-3.9030999436860982,-4.721432775369257,-0.8183328316831586,0.8183328316831586
C=CC(=O)OCCOC,0.04394160470878239,-0.4946871655911953,-0.5386287702999777,0.5386287702999777
CC(C)(C)COC(N)=O,-0.8000000211872846,-0.8163797739427814,-0.016379752755496746,0.016379752755496746
C=C1C=CC(=O)O1,-0.9826999765207818,-0.9372189715238615,0.045481004996920316,0.045481004996920316
CC(Cl)Cl,-1.2913001398122035,-1.2925191944306218,-0.0012190546184183138,0.0012190546184183138
Cc1ccc(S(=O)(=O)Oc2ccc(N=Nc3ccc(N=Nc4ccc(Nc5ccc([N+](=O)[O-])cc5S(=O)(=O)[O-])cc4)c4ccc(S(=O)(=O)[O-])cc34)cc2)cc1,-1.570984796002899,-1.9250934039142988,-0.35410860791139975,0.35410860791139975
C#CC(C)(O)CC/C=C(\C)CC,-2.3027680180213044,-2.221716410050477,0.08105160797082744,0.08105160797082744
CCCCOCCC(=O)OC,-1.2909000524050416,-1.3087311773816175,-0.017831124976575907,0.017831124976575907
CCCCOC(=O)CCCCCCCCC(=O)OCCCC,-3.8954999170714952,-5.750927124159281,-1.8554272070877857,1.8554272070877857
CCCC[NH+](C)C,-0.6670325102147627,0.2286869354185801,0.8957194456333428,0.8957194456333428
C1CC2C3CC(C2C1)C1(CCCO1)C3,-5.94156101159491,-5.896152588826723,0.045408422768186796,0.045408422768186796
CCCCC(CC)C(=O)OOC(C)(C)CCC(C)(C)OOC(=O)C(CC)CCCC,-7.188495921161143,-6.9839349611233175,0.20456096003782598,0.20456096003782598
CCC(N)(CO)CO,0.9015783941347544,0.972867215722244,0.07128882158748961,0.07128882158748961
O=C(O)CCCC1CCCC2NC(=O)NC12,-0.9600001227939479,-1.5289459317108225,-0.5689458089168746,0.5689458089168746
NCCCCC(=O)O,0.9312997954749576,0.44468429458107206,-0.4866155008938855,0.4866155008938855
CCCCCCCCC(CO)CCCCCC,-5.384616735478576,-6.080236372693773,-0.6956196372151968,0.6956196372151968
CN1CSC(=S)N(C)C1,-1.7331001316788084,-1.9896337123511008,-0.25653358067229237,0.25653358067229237
O=C(O)Cc1sc(-c2ccccc2)nc1-c1ccc(Cl)cc1,-4.964399675312412,-4.1002899264690384,0.864109748843374,0.864109748843374
CCCCCCC(O)CCCCCCCCCCC(=O)[O-],-5.913832966097469,-5.330505798809066,0.5833271672884033,0.5833271672884033
CC12CCCC1C1CCC3CC(=O)C(=O)CC3(C)C1CC2,-3.759999926347105,-4.140792035693102,-0.38079210934599717,0.38079210934599717
CC(C)=CCC/C(C)=C\CO,-2.3206012537381158,-2.315957557132288,0.004643696605827863,0.004643696605827863
O=c1[nH]c2c(c(=O)n1C1CCCCC1)CCC2,-4.591599917911186,-3.865344656480367,0.7262552614308189,0.7262552614308189
O=S(=O)([O-])C(F)(F)C(F)(F)C(F)(F)C(F)(F)F,-0.8645163625091579,-1.1235461318189524,-0.2590297693097945,0.2590297693097945
CCC#N,0.27179996222518765,0.059512603512225315,-0.21228735871296234,0.21228735871296234
Cl/C=C\Cl,-1.2999999301777385,-1.126249921971845,0.1737500082058936,0.1737500082058936
CCC(C)C1(CC)C(=O)[N-]C(=O)NC1=O,0.15279996836130572,-1.683094108147994,-1.8358940765092997,1.8358940765092997
O=P(O)(O)CN(CCCCCCN(CP(=O)(O)O)CP(=O)(O)O)CP(=O)(O)O,-1.516100102816203,-1.0345781585518208,0.48152194426438233,0.48152194426438233
CC[S+]([O-])CCSP(=O)(OC)OC,0.6086000235892093,-0.3053864489234748,-0.9139864725126841,0.9139864725126841
CCCCCCCC/C=C/CCCCCCCC(=O)N(CCO)CCO,-5.567720318815758,-4.494007732396619,1.0737125864191395,1.0737125864191395
O=NN(CCO)CCO,0.87239979347697,0.5958263683929546,-0.2765734250840155,0.2765734250840155
CCS[S+]([O-])CC,-0.09930003649115271,-0.4831279350025204,-0.38382789851136767,0.38382789851136767
CC(O)C(C)Cl,-0.21220012725210502,-0.3028560118234469,-0.09065588457134188,0.09065588457134188
CC(C)=CCC/C(C)=C/CO,-2.3519093870280297,-2.315957489043893,0.03595189798413667,0.03595189798413667
CCCCCCCCCCSC(=N)N,-2.7100000425699178,-3.020269958841793,-0.31026991627187517,0.31026991627187517
CN(C)CCCN,0.9906295714201891,0.8415012799694739,-0.14912829145071527,0.14912829145071527
CC(C)COC(=O)[C@@H](C)O,-0.41285744344592157,-0.36737031049348,0.045487132952441556,0.045487132952441556
CCCCCCCCCC(C)(C)SSc1n[nH]c(=S)s1,-3.9885639519860128,-4.412976414767407,-0.4244124627813939,0.4244124627813939
CC(C)(C)CC(C)(C)c1cc(Cc2cc(C(C)(C)CC(C)(C)C)cc(-n3nc4ccccc4n3)c2O)c(O)c(-n2nc3ccccc3n2)c1,-7.973715255769349,-7.66310525924365,0.31060999652569876,0.31060999652569876
CC(=O)NCC(=O)O,-0.6489999797667121,0.3160786623487817,0.9650786421154938,0.9650786421154938
COc1ccc2cc(C(C)C(=O)OC3COC4C(O)COC34)ccc2c1,-3.9799999298794773,-4.68133170678988,-0.7013317769104028,0.7013317769104028
CCSC(=S)NCC(=O)O,-1.0882000843707118,-1.5330430827725239,-0.4448429984018121,0.4448429984018121
O=C(O)CCS,0.7549176261073787,0.4491647833048429,-0.3057528428025358,0.3057528428025358
COC(=O)CCCCC(=O)OC,-1.462900052690773,-1.2404716084736092,0.2224284442171638,0.2224284442171638
O=C=O,-1.4747999976064454,-0.9847612845814382,0.49003871302500723,0.49003871302500723
COCCOCCOCCOCCOC,0.6530974236365279,1.6055630991672207,0.9524656755306928,0.9524656755306928
N[C@@H](CS/C(Cl)=C/Cl)C(=O)O,-1.4895001458418826,-1.8632811931872915,-0.37378104734540885,0.37378104734540885
C/C=C(\C)C(=O)OCCC(C)CCC=C(C)C,-5.791792689234168,-5.909683386971861,-0.11789069773769345,0.11789069773769345
CCN(Cc1cccc(S(=O)(=O)[O-])c1)c1ccc(N=Nc2ccc(N=Nc3cccc(S(=O)(=O)[O-])c3)c3ccccc23)cc1,0.17154361400343365,-1.3122382744149894,-1.483781888418423,1.483781888418423
C/C(Cl)=C/Cl,-1.6138001403479496,-1.8460527866804564,-0.23225264633250675,0.23225264633250675
CCC(C)C(C)O,-0.721600183835811,-0.7521928442743882,-0.030592660438577113,0.030592660438577113
NC(CSCCCCCSCC(N)C(=O)O)C(=O)O,-2.9100000674456545,-2.5609709899544537,0.3490290774912008,0.3490290774912008
C=CCOCC(O)CS(=O)(=O)[O-],0.553839795987995,0.5384845012189108,-0.01535529476908426,0.01535529476908426
CCCCCCCC/C=C/CCCCCCCC(=O)NCCCN(C)C,-4.149259508455976,-4.622850720772776,-0.47359121231680046,0.47359121231680046
CC(C)CC(=O)CC(C)C,-2.4540579117380457,-2.5275707045610916,-0.0735127928230459,0.0735127928230459
O=C(Oc1ccccc1)c1ccccc1C(=O)Oc1ccccc1,-6.589099620373792,-5.762340917936911,0.826758702436881,0.826758702436881
CC(CC(=O)O)CC(C)(C)C,-2.354220851850754,-2.304319956801332,0.04990089504942219,0.04990089504942219
CCC(C)(CCC(C)C)C(=O)[O-],-2.7160174906268857,-2.441936883804835,0.2740806068220505,0.2740806068220505
CCCCOCCOCCO,0.7899000815280077,-0.03998360587127925,-0.829883687399287,0.829883687399287
CCCCCO[N+](=O)[O-],-2.568000061335436,-2.7630223990073217,-0.19502233767188581,0.19502233767188581
C=CCN(CC=C)CC=C,-1.7395000322487149,-1.6551381027051515,0.08436192954356336,0.08436192954356336
COP(=O)(OC)OC,0.5525997701440142,1.2599687407458426,0.7073689706018285,0.7073689706018285
CCS(=O)(=O)CI,-0.9714000265390625,-1.2965426738492754,-0.3251426473102128,0.3251426473102128
CCCCCCCCCCCCCCCCCCCCCC(=O)OCC(CO)(CO)COC(=O)CCCCCCCCCCCCCCCCCCCCC,-8.348749946637675,-7.359048906883055,0.9897010397546193,0.9897010397546193
CCCCCCCCCC(=O)O,-6.27998920265261,-3.508235733457227,2.771753469195383,2.771753469195383
CCCCCCCO,-1.842499934245857,-1.7015035759490138,0.1409963582968432,0.1409963582968432
CN(C)C(=O)C(CCN1CCC(O)(c2ccc(Cl)cc2)CC1)(c1ccccc1)c1ccccc1,-4.673121335805332,-3.9168360283412076,0.7562853074641245,0.7562853074641245
CC(=O)OO,1.1188996640434774,0.4634777809281081,-0.6554218831153693,0.6554218831153693
CCCCCCC(CCC)(CCC)C(=O)NO,-2.8199999251814134,-3.9985384932768175,-1.1785385680954041,1.1785385680954041
C=CC(C)(CCC=C(C)C)OC(=O)C(C)C,-4.810584995832402,-4.939724168725434,-0.12913917289303178,0.12913917289303178
ClCCCCCl,-0.9200000973922822,-1.8463638144673717,-0.9263637170750896,0.9263637170750896
CC(O)C([N+](=O)[O-])[N+](=O)[O-],0.07890009301448275,-0.13628401836190607,-0.21518411137638882,0.21518411137638882
[O-]c1ccccc1N=Cc1c([O-])ccc2ccccc12,-7.432469167577727,-5.616066347284182,1.8164028202935452,1.8164028202935452
COP(=O)(OC)C(O)C(Cl)(Cl)Cl,-0.331500254759753,0.06940666432051357,0.40090691908026654,0.40090691908026654
c1ccc2c(c1)ccc1cc3c(ccc4ccccc43)cc12,-8.66789986197819,-8.12721536686592,0.54068449511227,0.54068449511227
CC(=O)CCCC(C)CCCC(C)CCCC(C)C,-5.474677527480382,-6.167569271250968,-0.6928917437705859,0.6928917437705859
CCCBr,-1.7107563802561705,-1.9796074238803365,-0.268851043624166,0.268851043624166
C[Si]1(C)O[Si](C)(C)O[Si](C)(C)O[Si](C)(C)O[Si](C)(C)O1,-7.338699736894284,-3.253092160340305,4.085607576553979,4.085607576553979
CC(C)CC(NC(=S)Nc1ccccc1)C(=O)NC1CCOC1O,-2.369999860699956,-2.877615371525297,-0.5076155108253406,0.5076155108253406
CCCCCCCCCCCC(=O)O,-4.61958356724227,-4.343894882758776,0.2756886844834936,0.2756886844834936
BrC(Br)Br,-1.9112999888308653,-1.9504489773873785,-0.039148988556513276,0.039148988556513276
O=C(O)CC(O)C(=O)O,0.6399996676815785,0.5701379788466605,-0.06986168883491795,0.06986168883491795
S=c1[nH]sc(=S)[nH]1,-1.7618000709219657,-1.3128450781884111,0.44895499273355455,0.44895499273355455
CCCCCCOC,-2.2450852322550787,-2.279786414517269,-0.03470118226219032,0.03470118226219032
Nc1ccccc1C=Nc1ccccc1O,-3.6400000544072917,-3.722500855770569,-0.08250080136327753,0.08250080136327753
CC1(O)CC(C)(O)OO1,0.5714406460137504,0.34675684181108135,-0.2246838042026691,0.2246838042026691
Cc1ccc(-c2nc3ccc(C)cn3c2CC(=O)N(C)C)cc1,-1.2999999301777385,-3.057924475223392,-1.7579245450456535,1.7579245450456535
CC(Cl)C(C)Cl,-2.354099994950191,-2.270445640004181,0.08365435494601003,0.08365435494601003
C=CCN=C=S,-1.6953000423093754,-1.911635051821104,-0.21633500951172868,0.21633500951172868
O=C(OCC1CCC2OC2C1)C1CCC2OC2C1,-1.2604846941462213,-1.5134979005481786,-0.25301320640195724,0.25301320640195724
C[C@]12CC[C@@H]3C4=C(CC[C@H]3[C@@H]1CC[C@@H]2O)CC(=O)CC4,-4.94702855553032,-4.209113769305457,0.737914786224863,0.737914786224863
OC(C(F)(F)F)C(F)(F)F,0.0201103942158829,-0.33718536336226945,-0.35729575757815235,0.35729575757815235
CCOC(F)(C(F)(F)C(F)(F)C(F)(F)F)C(F)(C(F)(F)F)C(F)(F)F,-7.288733749339544,-5.844228923748035,1.4445048255915092,1.4445048255915092
CCCCCO,-0.6027998251451421,-0.31700341847084124,0.28579640667430084,0.28579640667430084
O=C1CCCCCCCCCCCC(=O)OCCO1,-4.261695304453579,-2.5446949358240607,1.7170003686295185,1.7170003686295185
FC(F)(Cl)CCl,-2.2007000418821994,-2.201938569781497,-0.001238527899297459,0.001238527899297459
CCC(=O)OC(C)C,-1.2905999187612756,-0.9290995666346107,0.36150035212666487,0.36150035212666487
O=C([O-])C(Br)(Br)Br,-0.17129997327271962,-0.6161584958285196,-0.44485852255579994,0.44485852255579994
CCC(Cl)(CC)C(N)=O,-1.0289001311423518,-1.2504193229369085,-0.2215191917945567,0.2215191917945567
O=C1/C(=N\Nc2ccccc2S(=O)(=O)[O-])C(S(=O)(=O)[O-])=Cc2cc(S(=O)(=O)[O-])cc(Nc3nc(Cl)nc(Nc4ccc(Nc5nc(Cl)nc(Nc6cc(S(=O)(=O)[O-])cc7c6C(=O)/C(=N\Nc6ccccc6S(=O)(=O)[O-])C(S(=O)(=O)[O-])=C7)n5)cc4)n3)c21,-0.6303807997100663,-0.05182935242478326,0.5785514472852831,0.5785514472852831
CCI,-1.600900113091162,-1.7764471102095496,-0.17554699711838762,0.17554699711838762
N#CCCN(CCC#N)C(CCC(=O)O)C(=O)O,-0.2275001342447065,-0.32911988448160834,-0.10161975023690184,0.10161975023690184
N#CN,0.3392091070835961,0.141579817978156,-0.1976292891054401,0.1976292891054401
O=C(O)CC(O)(CC(=O)O)C(=O)[O-],0.42524805378822084,0.5551342925477232,0.12988623875950234,0.12988623875950234
CCOCCOC(C)(C)C,-0.6879154932178548,-0.7680790923452165,-0.0801635991273617,0.0801635991273617
NCCN(CCN)CCN,0.5339097781568971,0.95213103129809,0.41822125314119285,0.41822125314119285
CCCCCCCCCCCCCCCCCOC(=O)/C=C/C(=O)OCCCCCCCCCCCCCCCCC,-7.074076914491586,-7.436919969761416,-0.3628430552698294,0.3628430552698294
Cn1c(=O)c2nc3c(=O)n(C)c(=O)n(C)c3nc2n(C)c1=O,-3.309999912931944,-2.020205061122142,1.2897948518098024,1.2897948518098024
O=C1NC2C(O)C(O)C(O)C(O)C2c2cc3c(c(O)c21)OCO3,-3.799999883660376,-3.0960727984319107,0.7039270852284654,0.7039270852284654
CC(C)C(C)(C)O,-0.4109999920389482,-0.30185511242159535,0.10914487961735286,0.10914487961735286
CS(C)(=O)=O,0.19999993297041252,0.006766975332914704,-0.19323295763749782,0.19323295763749782
CSc1ccc2c(c1)N(CCC1CCCCN1C)c1ccccc1S2,-5.820000077030182,-5.09199596518191,0.7280041118482714,0.7280041118482714
CCCCCCCCCCCCS,-7.573831296730811,-7.009913951938122,0.5639173447926886,0.5639173447926886
CC1(C)NC(=O)N(Cc2ccccc2)C1=O,-1.7999999753449818,-2.378883353554348,-0.5788833782093663,0.5788833782093663
NC(=S)NC(N)=S,-1.699599960610445,-1.39959799979969,0.30000196081075514,0.30000196081075514
NC(N)=NCCS(=O)(=O)O,-0.632100167852621,-0.9801472064272976,-0.34804703857467656,0.34804703857467656
CCCCOP(=O)(O)OCCCC,-1.0872512045023988,-0.8120904774312825,0.2751607270711163,0.2751607270711163
CCC(Br)C(=O)O,-0.37759991091076994,-0.5561072552532189,-0.17850734434244897,0.17850734434244897
ON=C1C=CC(=NO)c2ncccc21,-3.799799839956795,-2.741760861551887,1.058038978404908,1.058038978404908
CCCCCCCC(=O)OC,-3.1700000538244457,-3.6011305006225607,-0.43113044679811496,0.43113044679811496
O=P(OC(Cl)CCCl)(OC(Cl)CCCl)OC(Cl)CCCl,-3.634399852032946,-3.600506674750468,0.03389317728247798,0.03389317728247798
CC1=NN(c2ccccc2)C(=O)/C1=C/C1C(=O)N(c2ccccc2)N=C1C,-7.882270907587568,-6.736229381263749,1.1460415263238186,1.1460415263238186
CCCOC(C)=O,-0.7200001065607426,-0.2727304377724007,0.44726966878834196,0.44726966878834196
CCCCCCCCCCCCCCCCCCCCCC(=O)NCCCN(C)C,-6.628141233531889,-5.838032607478233,0.7901086260536561,0.7901086260536561
Nc1nc(Cl)nc(Nc2ccc(S(=O)(=O)[O-])c(N/N=C3/C(=O)c4c(cc(S(=O)(=O)[O-])c(N=Nc5cc(S(=O)(=O)[O-])ccc5S(=O)(=O)[O-])c4N)C=C3S(=O)(=O)[O-])c2)n1,-0.5908004711732313,0.04729890727384989,0.6380993784470812,0.6380993784470812
CCCN(CCC)CCC,-2.4722201846221665,-1.6837882012434005,0.7884319833787661,0.7884319833787661
CCCCCCCCN,-2.749999999883189,-1.5804767267521853,1.1695232731310037,1.1695232731310037
O=C([O-])CCl,0.8486241431141326,0.28179234267539943,-0.5668318004387332,0.5668318004387332
COC(=O)C(C)N(C(=O)Cc1ccccc1)c1c(C)cccc1C,-3.944200005192275,-3.399379616721728,0.5448203884705469,0.5448203884705469
Cc1c(Cl)ccc(OC(C)C(=O)Nc2ccccc2)c1Cl,-7.005699825014354,-6.3495156242321045,0.6561842007822491,0.6561842007822491
CCCCCCCCCC(C)O,-2.941800096831912,-3.706776998521061,-0.764976901689149,0.764976901689149
N#CC(Cl)(Cl)Cl,-2.1679999775397647,-1.8968527208932835,0.2711472566464812,0.2711472566464812
C=CC(C)(CCC=C(C)C)OC=O,-4.04059022627549,-3.2799990597978597,0.7605911664776301,0.7605911664776301
CN(/C(N)=N/[N+](=O)[O-])[N+](=O)[O-],-0.6104001241133235,-1.4442133289466006,-0.8338132048332771,0.8338132048332771
C=CCCCCCCCCC(=O)OC,-5.397515128613891,-5.013064221291167,0.3844509073227247,0.3844509073227247
COC(=O)C(C)OC(C)=O,-0.26170011783362934,-0.1705253996947973,0.09117471813883204,0.09117471813883204
CC(=O)OC(C)(C)C1CCC(C)C2=C(C1)C(C)CC2,-5.022602452148838,-5.325896214488974,-0.30329376234013594,0.30329376234013594
Cc1nnc(SCC2=C(C(=O)O)N3C(=O)C(NC(=O)Cn4cnnn4)C3SC2)s1,-2.619999883283578,-2.3081177231916086,0.31188216009196923,0.31188216009196923
CC(C)=CCCC(C)CCCC(C)C=O,-5.496890413008437,-4.433088500965889,1.063801912042548,1.063801912042548
COc1ccc(-c2cc(=O)c3c(O)cc(O[C@@H]4O[C@H](CO[C@@H]5O[C@@H](C)[C@H](O)[C@@H](O)[C@H]5O)[C@@H](O)[C@H](O)[C@H]4O)cc3o2)cc1O,-7.505541632752353,-4.3434179916424105,3.1621236411099423,3.1621236411099423
CC/C=C/CCCCCCCCCCCCCCOCC,-4.799983905133717,-6.633324939195955,-1.8333410340622374,1.8333410340622374
CCCCl,-1.4534068963503826,-1.6947007282593687,-0.24129383190898612,0.24129383190898612
CC(C#N)CCC#N,-0.31550084377695997,0.351136287357142,0.666637131134102,0.666637131134102
CCC(CC)(C(=O)NC(N)=O)C(=O)OC(C)C,-2.7699999615177258,-1.9870346421492318,0.782965319368494,0.782965319368494
O=C(c1ccc(F)cc1)C1CCNCC1,0.5890194353996283,-1.2030514523465115,-1.7920708877461398,1.7920708877461398
CC1CC(OC(=O)c2ccccc2)CC(C)(C)N1,-1.9220000800554202,-2.3042059087402365,-0.38220582868481623,0.38220582868481623
CC(C)NC(=O)N1CC(=O)N(c2cc(Cl)cc(Cl)c2)C1=O,-4.375699925153092,-4.007709182979986,0.3679907421731059,0.3679907421731059
O=C1OCCCN1/N=C/c1ccc([N+](=O)[O-])o1,-3.4756998642785724,-3.334301478055319,0.1413983862232535,0.1413983862232535
CC(C)C(C)(C)C,-4.360000103106907,-4.374308334542545,-0.01430823143563753,0.01430823143563753
C/C=C/C#N,-0.4286999787673631,-0.4910727612478021,-0.06237278248043898,0.06237278248043898
CCc1cccc2c3c([nH]c12)C(CC)(CC(=O)O)OCC3,-3.309999912931944,-3.7995903319663533,-0.48959041903440914,0.48959041903440914
O=C(Nc1ccccc1)N(Cc1ccc(Cl)cc1)C1CCCC1,-5.91499972882877,-6.318531319347307,-0.40353159051853726,0.40353159051853726
O=C1OC2(c3ccc(O)cc3Oc3cc(O)ccc32)c2ccccc21,-3.8225998517122086,-4.380010873774101,-0.557411022061892,0.557411022061892
CCCCC(O)CC,-1.4630999602175645,-1.4336462824452578,0.029453677772306674,0.029453677772306674
CC/C(N=O)=C(/CC)NO,-2.5525000106392532,-1.6453173050095429,0.9071827056297104,0.9071827056297104
CCOCCOCCOC,0.8291456875165775,0.6899340622211856,-0.13921162529539188,0.13921162529539188
CSCC[C@@H](NC(C)=O)C(=O)[O-],-0.32159992981915364,-1.1186069996685915,-0.7970070698494378,0.7970070698494378
CCC(=O)OC(C)C(=O)OC,-0.8622001314988053,-0.6008489564606627,0.26135117503814254,0.26135117503814254
ClC=C(Cl)Cl,-1.9600000769516448,-1.9872867053863512,-0.027286628434706417,0.027286628434706417
C=CCOC(=O)OCCOCCOC(=O)OCC=C,-2.0652647351327587,-1.5139049329715981,0.5513598021611605,0.5513598021611605
CCCCCCCC(=O)OCC(C)(C)COC(=O)CCCCCCC,-6.8531464149574655,-6.812419205500577,0.04072720945688868,0.04072720945688868
NS(=O)(=O)c1nnc(NC(=O)c2c(F)c(F)c(F)c(F)c2F)s1,-1.370000110807443,-1.6455005989680316,-0.2755004881605885,0.2755004881605885
CC(=O)CC/C=C(\C)CCC=C(C)C,-3.697448479919016,-3.8807197649723046,-0.1832712850532885,0.1832712850532885
CCOP(=S)([S-])OCC,0.6814774836014608,-0.24881016765925512,-0.9302876512607159,0.9302876512607159
CCOc1ccc([Si](C)(C)CCCc2ccc(F)c(Oc3ccccc3)c2)cc1,-8.611300430659778,-7.956641954625603,0.6546584760341752,0.6546584760341752
CC(=O)OCCC(C)CC(C)(C)C,-3.989167896046858,-4.543751479431111,-0.554583583384253,0.554583583384253
O=C1NC(=O)C(c2ccccc2)(c2ccccc2)C(=O)N1,-4.199999729146666,-3.546483095491338,0.653516633655328,0.653516633655328
CCCCCCCCCCCCCCC(=O)O,-4.309999935178036,-5.4300515765439,-1.1200516413658645,1.1200516413658645
O=c1[nH]ccc2cccnc12,-1.1428000318908405,-1.369396983807334,-0.22659695191649365,0.22659695191649365
NNC(=O)C(N)CO,0.5104625862100143,0.26214802374839463,-0.24831456246161965,0.24831456246161965
Cc1cccc2sc3nncn3c12,-2.0729000996242024,-3.6327795525046565,-1.559879452880454,1.559879452880454
C#CCCCC#C,-1.7469999689231326,-1.7133983461466904,0.033601622776442186,0.033601622776442186
CCCC(C)C(=O)OCC,-2.4896905432395102,-1.9479484991810117,0.5417420440584986,0.5417420440584986
Nc1nc(=O)[nH]c2[nH]cnc12,-3.3800000935616485,-3.310545045641881,0.06945504791976775,0.06945504791976775
O=C(OCC1CO1)c1ccc(C(=O)OCC2CO2)cc1,-3.5579600072108395,-3.033354697146784,0.5246053100640555,0.5246053100640555
CCCCNCC,-0.4404999699196397,-0.4747922813717542,-0.03429231145211453,0.03429231145211453
NC(CSCC(N)C(=O)O)C(=O)O,-2.559999947313671,-1.3462954085518661,1.2137045387618048,1.2137045387618048
NC(=O)CBr,0.06430003471923085,-0.14857043300580353,-0.21287046772503437,0.21287046772503437
Nc1ccc(S(=O)(=O)c2cnc(N)s2)cc1,-2.805000051832578,-2.7259156707830523,0.07908438104952564,0.07908438104952564
CCCCCCCC(=O)N(C)C,-1.6002483709772488,-1.7903717316295389,-0.19012336065229007,0.19012336065229007
CC(CCO)CCO,0.9274705041579421,0.2893365368063616,-0.6381339673515805,0.6381339673515805
FCF,-1.43744180191851,-1.1272079256850456,0.31023387623346443,0.31023387623346443
O=C(O)c1ccc(P(=O)(O)c2ccccc2)cc1,-4.070000123210015,-2.40713023261928,1.662869890590735,1.662869890590735
CCOP(=O)(SC(C)CC)N1CCSC1=O,-1.4588999956798905,-2.252531447186091,-0.7936314515062006,0.7936314515062006
O=c1oc(-c2ccccc2)nc2ccccc12,-4.608399776061882,-4.215495966892746,0.3929038091691357,0.3929038091691357
CCCCC(NC(C)=O)C(=O)O,-0.6823001071314945,-1.2078010264060728,-0.5255009192745783,0.5255009192745783
CCCCCCOC(CO)CO,-1.055812341494692,-1.0059947866403625,0.04981755485432959,0.04981755485432959
Cc1nn(-c2ccccc2)c([O-])c1N=Nc1c([O-])cc(S(=O)(=O)[O-])c2ccccc12,-1.212102987358983,-3.038865412220654,-1.826762424861671,1.826762424861671
FC(F)(F)C(Cl)Br,-1.7043001024954658,-2.24800356893962,-0.5437034664441542,0.5437034664441542
C/C=C/CC,-2.544904716168081,-2.7874614686437607,-0.24255675247567954,0.24255675247567954
CCOCCC(=O)OC,-0.07189990470250862,-0.15347334213019304,-0.08157343742768441,0.08157343742768441
CCCCCCCCCCCCCCO,-5.787142524230845,-5.838397833627316,-0.05125530939647138,0.05125530939647138
CCCCCCCCCCCCCCCC,-8.400699212952764,-8.156239543044562,0.24445966990820267,0.24445966990820267
CC(C)(C)c1ccc(C(O)CCCN2CCC(C(O)(c3ccccc3)c3ccccc3)CC2)cc1,-6.689999812455676,-4.768025800028152,1.9219740124275244,1.9219740124275244
c1ccc(-c2ccc(-c3ccccc3)cc2)cc1,-6.183335547570364,-5.626021415294107,0.5573141322762565,0.5573141322762565
Nc1c(S(=O)(=O)[O-])cc(NC2CCC(Nc3nc(F)nc(Nc4cc(S(=O)(=O)[O-])ccc4S(=O)(=O)[O-])n3)CC2)c2c1C(=O)c1ccccc1C2=O,-0.7569465036376304,-0.20412293716755814,0.5528235664700722,0.5528235664700722
COc1ccsc1CN(C(=O)CCl)c1c(C)cccc1C,-4.468900136856977,-3.971090427258316,0.4978097095986609,0.4978097095986609
CCCCCCO[N+](=O)[O-],-3.1264998678946165,-3.4570786075258884,-0.3305787396312718,0.3305787396312718
ClC1=C(Cl)C2(Cl)C3C4CC(C5OC45)C3C1(Cl)C2(Cl)Cl,-6.290800005606921,-6.542923160513572,-0.25212315490665116,0.25212315490665116
CC1=CC2OC3CC(O)C(C)(C2(CO)CC1)C31CO1,-2.6099998769331614,-2.6912766532252084,-0.08127677629204699,0.08127677629204699
CCCNCCC,-0.46108254692538697,-0.60898197902885,-0.147899432103463,0.147899432103463
O=C([O-])CCCCCCCCC(=O)[O-],-1.544206311257718,-2.216583021710083,-0.672376710452365,0.672376710452365
S=c1nc[nH]c2nccnc12,-2.6470999495168503,-2.6021556172468276,0.0449443322700227,0.0449443322700227
OCC(O)C(O)c1nn(-c2ccccc2)c2nc3ccccc3nc12,-3.1300000880001253,-3.280585368964482,-0.15058528096435664,0.15058528096435664
CC1=CCCC2(C)C(OC=O)C(C)CCC12C,-5.031142098610077,-4.182204622930877,0.8489374756792003,0.8489374756792003
CCCC(=O)NNC(=O)CCC,-1.0000000120188242,-1.2562623966150912,-0.25626238459626705,0.25626238459626705
Nc1c(N=Nc2cc(Nc3nc(Cl)nc(Nc4cccc(S(=O)(=O)CCOS(=O)(=O)[O-])c4)n3)ccc2S(=O)(=O)[O-])c(S(=O)(=O)[O-])cc2cc(S(=O)(=O)[O-])c(N=Nc3ccc4c(S(=O)(=O)[O-])cccc4c3S(=O)(=O)[O-])c(O)c12,-1.27702118638628,0.1470042842058228,1.4240254705921027,1.4240254705921027
CCCCCCCCCCCCNc1nc(Cl)nc(Nc2ccc3c(O)c(N=Nc4ccc(N=Nc5ccc(S(=O)(=O)[O-])cc5)cc4)c(S(=O)(=O)[O-])cc3c2)n1,-3.35891124529723,-2.0185277035191067,1.3403835417781234,1.3403835417781234
O=C(OCc1ccccc1)n1cc(F)c(=O)[nH]c1=O,-2.8199999251814134,-2.665114845070678,0.15488508011073554,0.15488508011073554
CN1C(=O)CCS(=O)(=O)C1c1ccc(Cl)cc1,-2.039400132821023,-2.232207333726563,-0.19280720090553993,0.19280720090553993
CCCCCCCCCCCC(=O)OCCS(=O)(=O)[O-],-2.4084791998947543,-1.50141411696686,0.9070650829278943,0.9070650829278943
C/C=C/CCCC,-3.815999907438721,-3.855500844907355,-0.0395009374686337,0.0395009374686337
C/C(=C\CO)CCC[C@H](C)CCC[C@H](C)CCCC(C)C,-4.861741032349426,-5.077403941317231,-0.21566290896780504,0.21566290896780504
C[Si]([O-])(O)O,0.8786633810807198,0.4140597687737828,-0.46460361230693703,0.46460361230693703
COc1ccc2cc(C(C)C(=O)OC3CCCCC3=O)ccc2c1,-5.589999930970604,-5.210294240050182,0.3797056909204226,0.3797056909204226
c1ccc(C(c2ccccc2)(c2ccccc2)N2CCOCC2)cc1,-7.21679999447761,-4.503653406741101,2.7131465877365084,2.7131465877365084
CN(C(=S)SSC(=S)N(C)c1ccccc1)c1ccccc1,-6.2607697553084325,-6.171904595517273,0.08886515979115917,0.08886515979115917
C#CC(C)(CC)OC(N)=O,-0.9456001082022767,-0.8692098317314998,0.0763902764707769,0.0763902764707769
CCOC(C)(C)CC,-1.4719351103117309,-1.2432338184691405,0.22870129184259036,0.22870129184259036
O=C(O)C1=CC(=O)C(=O)C(=C(O)O)O1,-1.377000006311303,-1.3315480069705181,0.04545199934078492,0.04545199934078492
CCC(C)NCCO,0.6667006678336094,0.3674404619945397,-0.29926020583906965,0.29926020583906965
CC(C)=CC=C(C)C,-3.536999914100768,-3.849295881411428,-0.3122959673106598,0.3122959673106598
CC(C)(C)CCCO,-1.5401999901145247,-1.067059318705347,0.4731406714091777,0.4731406714091777
CC[C@H]1OC[C@@H](COc2ccc(Oc3ccccc3)cc2)O1,-4.787399671851473,-4.222161003671551,0.565238668179922,0.565238668179922
c1ccc2ocnc2c1,-1.154800066746698,-0.8714705026117904,0.2833295641349076,0.2833295641349076
Cc1cc(=O)n(O)c2ccc3ccccc3c12,-3.99999994258031,-4.210094650719271,-0.21009470813896103,0.21009470813896103
C#CC,-1.0416999322821652,-1.2389848302872943,-0.19728489800512916,0.19728489800512916
CCCC(N)C(=O)O,-0.10999999153891826,-0.33314990038615155,-0.2231499088472333,0.2231499088472333
CCCCCl,-2.0299999852277706,-2.0601535436090317,-0.030153558381261103,0.030153558381261103
CC(C)CCCCCCCCCCCCCCC(=O)O,-6.6557420899080615,-6.110124182070583,0.5456179078374781,0.5456179078374781
CCOCCc1ccc(OCCNc2ncnc(CC)c2Cl)c(C)c1C,-5.240899973460538,-3.9649428622791074,1.2759571111814303,1.2759571111814303
CCOCCOC(=O)CCCCCCCCC(=O)OCCOCC,-3.1972000312658677,-3.361570335419013,-0.16437030415314524,0.16437030415314524
CCCCCCCC(=O)O,-2.7500004765019517,-2.448520418775204,0.3014800577267476,0.3014800577267476
NS(=O)(=O)c1cc2c(s1)C(O)CC[S+]2[O-],-1.5700001016389824,-2.001549249509156,-0.4315491478701734,0.4315491478701734
CC1c2nc3ccccc3c(=O)n2CN1Cc1ccccc1,-3.99999994258031,-3.330067469320303,0.6699324732600069,0.6699324732600069
C=CC(C)(CCC=C(C)C)OC(=O)CC,-4.3823580169156395,-4.487884679239496,-0.10552666232385643,0.10552666232385643
CCCl,-1.0507488799356384,-1.1720453591754147,-0.12129647923977638,0.12129647923977638
CC(C)CCCCCCOC(=O)CCCCC(=O)OCCCCCCC(C)C,-6.600567612513591,-6.795233967035971,-0.19466635452238013,0.19466635452238013
O=C(NC(=O)c1c(F)cccc1F)Nc1ccc(Cl)c(Oc2ncc(C(F)(F)F)cc2Cl)c1,-7.40329955458804,-7.009904691916445,0.3933948626715953,0.3933948626715953
C#CC1(O)CCC2C3CCC4=Cc5oncc5CC4(C)C3CCC21C,-5.510000152520851,-5.6678914203673685,-0.15789126784651764,0.15789126784651764
C#CCC(NC(=O)OC(C)(C)C)C(=O)NCC(=O)OC,-1.450000025433985,-1.6470162466336922,-0.19701622119970708,0.19701622119970708
O=P(OCCCl)(OCCCl)OCC(CCl)(CCl)COP(=O)(OCCCl)OCCCl,-3.4001752977020026,-3.6291103370035422,-0.2289350393015397,0.2289350393015397
C=CCNC(N)=S,-0.2939998905037178,-0.6922679757596204,-0.3982680852559026,0.3982680852559026
O=C([O-])O,0.08504248327569552,-0.8191591422137732,-0.9042016254894687,0.9042016254894687
CCC(=O)NCCNC(=O)CC,0.37459982051874885,-0.23971573695813264,-0.6143155574768815,0.6143155574768815
NC(CO)C(=O)O,-0.019999934385170448,0.15320931579014463,0.17320925017531508,0.17320925017531508
O=C(O)CCCCC1SCC2NC(=O)NC21,-3.0459999817817334,-2.4603477814621435,0.5856522003195899,0.5856522003195899
CC(C)(C)CC(C)(C)c1ccc(OCCOCC[N+](C)(C)Cc2ccccc2)cc1,0.07290940369662557,-1.6579137942028301,-1.7308231978994557,1.7308231978994557
CCCCCCCC/C=C/CCCCCCCC(=O)OCCCCCCCCCCCC,-6.955005836343655,-7.632159356213455,-0.6771535198698002,0.6771535198698002
O=CC(O)CO,-0.4890001505136281,0.5071020154020021,0.9961021659156302,0.9961021659156302
CCNC(C)CC,-0.21000005504308294,-0.08085380095700367,0.12914625408607927,0.12914625408607927
CCC(OCCCOC)OC(C)=O,-0.016848531125626565,-0.9425260533590936,-0.925677522233467,0.925677522233467
C=C(C)C(=O)OCC(F)(F)F,-2.2684757746575848,-2.1671985771343367,0.10127719752324804,0.10127719752324804
CC12CCC(=O)C=C1CCC1C2C2CC3(C(O)O2)C(C(=O)CO)CCC13,-3.8499998473240638,-3.6258431834730365,0.22415666385102728,0.22415666385102728
CCCCCCCCNC(=O)C(C)O,-2.282700053102577,-2.120781697152488,0.16191835595008897,0.16191835595008897
CCNP(=S)(OC)OC(C)=CC(=O)OC(C)C,-3.407999947930667,-2.3890440485162183,1.0189558994144488,1.0189558994144488
CCCCCCCCCCOC(=O)C(CC)CCCC,-8.19398665964293,-7.194180212702925,0.9998064469400045,0.9998064469400045
CNC(=O)/C=C(\C)OP(=O)(OC)OC,0.6513998437802719,0.13681907742186672,-0.5145807663584052,0.5145807663584052
CCC(C)(CC)OC(N)=O,-1.5599001415251703,-1.575921340794262,-0.016021199269091735,0.016021199269091735
C1CCOCOC1,0.4107896193539107,0.681558372614345,0.27076875326043437,0.27076875326043437
ClC(Cl)=C(Cl)Cl,-2.7399999935327726,-3.0312122362307137,-0.2912122426979411,0.2912122426979411
COCC(C)C,-0.9007001695655878,-0.8531404258789719,0.047559743686615974,0.047559743686615974
CN(C)CCCOC1(Cc2ccccc2)CCCCCC1,-1.6199999972142753,-3.444418455683572,-1.8244184584692966,1.8244184584692966
C=CC(=O)NC(C)(C)CC(C)(C)C,-2.2588293513407613,-2.234572792646272,0.024256558694489172,0.024256558694489172
O=C(NCCc1c[nH]cn1)c1ccccc1,-0.6340001064178771,-1.7248239873049958,-1.0908238808871187,1.0908238808871187
CC(C)(C)C(C)(C)C,-4.869999746094199,-4.71624076292104,0.15375898317315873,0.15375898317315873
C=CC(=C)C,-2.025733225974912,-2.421790549143827,-0.39605732316891507,0.39605732316891507
CCNC(=O)CSP(=S)(OC)OC,-1.4567000596476578,-1.7194214455404169,-0.26272138589275906,0.26272138589275906
CCCCCCCCCCCCOC(=O)/C=C/C(=O)OCCCCCCCCCCCC,-6.479738219661345,-7.1364458840219225,-0.6567076643605771,0.6567076643605771
CC1(C)SC2C(N=CN3CCCCCC3)C(=O)N2C1C(=O)O,-4.4999999196591585,-3.1954537341632157,1.3045461854959428,1.3045461854959428
CCCCCN(CCCCC)CCCCC,-4.032599848894165,-5.090036381182911,-1.0574365322887456,1.0574365322887456
O=C1NC(=O)C2CCCC12,0.1553573684656282,-0.5485499881504774,-0.7039073566161056,0.7039073566161056
C=C(C)C(=O)OCCCCCC,-3.7554208456278317,-3.9490593377440666,-0.19363849211623485,0.19363849211623485
CCCC1CCC(C2CCC(c3ccc(-c4cc(F)c(F)c(F)c4)c(F)c3)CC2)CC1,-6.636031044354266,-7.307474126738727,-0.671443082384461,0.671443082384461
O=P(Oc1ccccc1)(N1CCOCC1)N1CCOCC1,0.3924997147739555,-0.7106474846669792,-1.1031471994409348,1.1031471994409348
C=C(C)C#N,-0.40670851669881936,-0.33703910949048854,0.06966940720833081,0.06966940720833081
CCC(=O)N(c1ccccc1)C1CCN(CCc2ccccc2)CC1,-3.819999896361209,-3.5162433372024067,0.3037565591588023,0.3037565591588023
CCCCCCCCCCCCCCCCCC(=O)NCCNCCNC(=O)CCCCCCCCCCCCCCCCC,-7.138082456676543,-6.28825104846354,0.849831408213003,0.849831408213003
CCCCCCCCCCCCCCCOC(=O)/C=C/C(=O)OCCCCCCCCCCCCCCC,-6.553787617122893,-7.370077865053933,-0.8162902479310397,0.8162902479310397
CC(O)CNCCN,0.9274999183444455,0.7104624408647644,-0.21703747747968105,0.21703747747968105
O=C1CCC2CCCCC2O1,-0.5865601983059046,-1.4962233301097478,-0.9096631318038433,0.9096631318038433
O=C([O-])C(Cl)(Cl)Cl,0.731962849430849,-0.46258103631558756,-1.1945438857464366,1.1945438857464366
CCCCCC(N)C(=O)O,-0.940000110093115,-1.2449541398492208,-0.30495402975610575,0.30495402975610575
CCCCOP(=S)([S-])OCCCC,-2.508383973690559,-1.845375715683721,0.6630082580068382,0.6630082580068382
Cc1cc(O)c(C(C)(C)C)cc1C(C)CC(c1cc(C(C)(C)C)c(O)cc1C)c1cc(C(C)(C)C)c(O)cc1C,-7.134192702865047,-7.507820415145629,-0.373627712280582,0.373627712280582
CSC,-0.9312188860075379,-0.9594706674368867,-0.02825178142934881,0.02825178142934881
CC(C)CC(C)OC(=O)CC(C(=O)OC(C)CC(C)C)S(=O)(=O)[O-],0.10962566199948265,-0.25846455731825646,-0.3680902193177391,0.3680902193177391
Cc1cc(=O)[nH]o1,-0.06660017641390237,-0.0494119420599306,0.017188234353971765,0.017188234353971765
ClCCOCCCl,-1.1200000882238215,-1.2975167464236215,-0.1775166581998,0.1775166581998
C/C=C1\CC2C=CC1C2,-3.1767964075834483,-3.455587880212682,-0.27879147262923354,0.27879147262923354
C1CC[C@@H]2NCCC[C@H]2C1,-1.0830999912553185,-0.6493409664472884,0.4337590248080301,0.4337590248080301
CCN(CC)N=O,0.016099715415430094,-0.4249044592941109,-0.441004174709541,0.441004174709541
O=C(Nc1ccccn1)c1cccnc1,-2.9770998739604404,-1.5574598534597037,1.4196400205007367,1.4196400205007367
COc1ccc([C@@H]2CC(=O)c3c(O)cc(O[C@@H]4O[C@H](CO[C@@H]5O[C@@H](C)[C@H](O)[C@@H](O)[C@H]5O)[C@@H](O)[C@H](O)[C@H]4O)cc3O2)cc1O,-5.010485577607703,-3.7902417272878766,1.2202438503198265,1.2202438503198265
CC1(C)CON(Cc2ccccc2Cl)C1=O,-2.3383000148754265,-2.8522204599821883,-0.5139204451067618,0.5139204451067618
CCC(C)(OO)OOC(C)(CC)OO,-1.5077733006767458,-1.1224764631384703,0.3852968375382755,0.3852968375382755
CCCCCCCCCCCC(=O)NCCC[N+](C)(C)CC(=O)[O-],-3.1367509076451827,-1.3301851496625277,1.806565757982655,1.806565757982655
CCC(COC(=O)CCCCCCCCCCCCCCC(C)C)(COC(=O)CCCCCCCCCCCCCCC(C)C)COC(=O)CCCCCCCCCCCCCCC(C)C,-7.271182467665119,-7.740914497859638,-0.46973203019451937,0.46973203019451937
C=CCO,1.235999991695682,0.8685615144918564,-0.3674384772038257,0.3674384772038257
Cc1cccc(Cc2ccccc2)c1Cc1ccccc1,-7.179920051673934,-5.864417405125352,1.3155026465485813,1.3155026465485813
CCOP(=S)(OCC)SC[S+]([O-])C(C)(C)C,-2.4421000235984973,-2.8830431911064016,-0.4409431675079043,0.4409431675079043
CS/C(C)=N/OC(=O)N(C)SN(C)C(=O)O/N=C(\C)SC,-4.005499782660892,-3.3488510828501106,0.6566486998107814,0.6566486998107814
O=C1CCc2cccc3c2N1CC3,-1.6364999940747835,-2.2234709118046885,-0.586970917729905,0.586970917729905
CC(C)CC(NC(=O)CC(O)C(CC(C)C)NC(=O)C(Cc1c[nH]cn1)NC(=O)C(Cc1ccccc1)NC(=O)OC(C)(C)C)C(=O)NCC(N)c1ccccn1,-3.400000072218284,-2.7310367351240084,0.6689633370942758,0.6689633370942758
Cc1cnc(C(=O)NCCc2ccc(S(=O)(=O)NC(=O)NC3CCCCC3)cc2)cn1,-5.489999595112861,-3.589620157501269,1.9003794376115923,1.9003794376115923
Br/C=C/Br,-1.7415000607541562,-1.571135816062308,0.1703642446918483,0.1703642446918483
CC1COCc2cc3c(cc21)C(C)(C)C(C)C3(C)C,-5.169299987909342,-5.95945573113212,-0.7901557432227779,0.7901557432227779
CCCCCC(=O)OC,-1.870000019797897,-2.062994191435239,-0.192994171637342,0.192994171637342
NC(CO)CO,0.9744269846676601,1.3305873001760653,0.3561603155084052,0.3561603155084052
CNC(=O)N(C)C(=O)CC#N,0.1709000424968825,0.10037272151553633,-0.07052732098134618,0.07052732098134618
Cl/C=C/Cl,-1.1871804560760921,-1.1262500581486343,0.0609303979274578,0.0609303979274578
CCN(CC)c1ccc2cc3c(oc2c1)c(C#N)c(=O)n1c2ccccc2nc31,-7.202332844728781,-7.068433203633038,0.13389964109574315,0.13389964109574315
CNc1cc(NS(C)(=O)=O)ccc1Nc1c2ccccc2nc2ccccc12,-2.9400000354306077,-4.4389381111299615,-1.4989380756993538,1.4989380756993538
COc1cc(N=Nc2cc(S(=O)(=O)[O-])cc3cc(S(=O)(=O)[O-])cc(O)c23)c(C)cc1N=Nc1c(S(=O)(=O)[O-])cc2cc(S(=O)(=O)[O-])cc(Nc3nc(Nc4ccccc4)nc(Nc4ccc(N=Nc5ccc(O)c(C(=O)[O-])c5)cc4)n3)c2c1O,-2.483387940985607,-1.5427711440745733,0.9406167969110335,0.9406167969110335
C/C=C(\C)C=O,-0.5270000112330631,-0.8656090450670431,-0.33860903383398,0.33860903383398
Cc1cc2c(cc1NNC1C(=O)NC(=O)NC1=O)=NC(=O)N=2,-6.489139865199281,-6.024243745148782,0.46489612005049885,0.46489612005049885
CCC(O)C(Cl)(Cl)Cl,-0.9481001778782754,-1.2297928970049847,-0.28169271912670935,0.28169271912670935
CCC(CC)C(=O)N(CC)CC,-1.0876000894367583,-1.445151587025343,-0.35755149758858473,0.35755149758858473
O=C1CC=NC=N1,0.5859998512721925,0.8816952211191991,0.2956953698470066,0.2956953698470066
CCOP(=S)(OCC)SCSCC,-3.716599906956905,-4.262232249534056,-0.5456323425771505,0.5456323425771505
ClC1=C(Cl)C2(Cl)C3C(Cl)C(Cl)CC3C1(Cl)C2(Cl)Cl,-6.86439979247722,-6.987400932766301,-0.12300114028908027,0.12300114028908027
[NH3+]CCCCCCCC[NH3+],0.36214209547382703,-0.13435956797456416,-0.4965016634483912,0.4965016634483912
C=COCCOCCOC=C,-1.053070285663987,-0.9201874766544518,0.1328828090095353,0.1328828090095353
O=C(OCCc1ccccc1)c1ccccc1O,-4.489105095625808,-4.001670287078692,0.48743480854711585,0.48743480854711585
CCC(CC)C(=O)OCCOCCOCCOC(=O)C(CC)CC,-3.2385999881064294,-2.8538191244230675,0.38478086368336184,0.38478086368336184
CCCC(C)C=O,-1.3774493897162159,-1.2698103530356897,0.10763903668052621,0.10763903668052621
CCCCC(C)(O)CC,-1.7356000651780177,-1.6501059618076526,0.08549410337036512,0.08549410337036512
CC(=O)Nc1ccc(S(=O)(=O)[O-])c2c1C(=O)/C(=N\Nc1ccc(N=Nc3ccc(S(=O)(=O)[O-])cc3)c3ccc(S(=O)(=O)[O-])cc13)C(S(=O)(=O)[O-])=C2,-1.4612448238160103,-0.04613226026480266,1.4151125635512076,1.4151125635512076
CSSC,-1.496899992576115,-1.6426188257514354,-0.1457188331753203,0.1457188331753203
CN(C)c1nc(=O)n(C2CCCCC2)c(=O)n1C,-0.8833999978907556,-1.9239049890734883,-1.0405049911827327,1.0405049911827327
CCCOC=O,-0.48999996050116446,-0.5903211288746575,-0.10032116837349303,0.10032116837349303
CC(=O)OCCCOC(C)=O,-0.204600100637502,-0.2283411620958402,-0.02374106145833821,0.02374106145833821
CCCCCCCC/C=C\CCCCCCCC(=O)N(CCCC)CCCC,-4.788985178210079,-6.931536039049737,-2.142550860839658,2.142550860839658
N[C@@H](CSSC[C@H](N)C(=O)O)C(=O)O,-3.1599218564637845,-2.202586022326545,0.9573358341372393,0.9573358341372393
CC=CCC#N,-0.9600001227939479,-0.729854131392957,0.2301459914009909,0.2301459914009909
BrC(Br)(Br)Br,-3.140399909404125,-3.0605493126271246,0.07985059677700024,0.07985059677700024
CC(C)[C@@H](O)C#N,0.304799955946204,-0.003842285973132409,-0.3086422419193364,0.3086422419193364
Nc1ccc(N=Nc2ccc(NS(=O)(=O)c3ccc(N=Nc4c(S(=O)(=O)[O-])cc5cc(S(=O)(=O)[O-])c(N=Nc6ccc([N+](=O)[O-])cc6)c(N)c5c4O)cc3)cc2)c(N)c1,-0.5256788240226191,-2.233705142232817,-1.708026318210198,1.708026318210198
O=C([O-])/C=C\C(=O)[O-],-2.0840678219434454,-1.7721264930364962,0.31194132890694926,0.31194132890694926
CC(=O)N1CCN(C(=O)/C=C/c2ccc(Sc3ccccc3C(C)C)c([N+](=O)[O-])c2)CC1,-2.7000000362195014,-4.128965830508872,-1.428965794289371,1.428965794289371
CC(Br)CCl,-1.8476000273612503,-1.8123010970821312,0.03529893027911912,0.03529893027911912
CC1CCc2cc(F)cc3c(=O)c(C(=O)O)cn1c23,-3.739999981734667,-4.5641115435630315,-0.8241115618283645,0.8241115618283645
O=C(OCC(=O)N(C1CCCCC1)C1CCCCC1)c1ccccc1,-5.059999866752111,-4.5803299268231275,0.4796699399289839,0.4796699399289839
Nc1nc(=O)c2nc(CNc3ccc(C(=O)NC(CCC(=O)O)C(=O)O)cc3)cnc2[nH]1,-5.4399998357143575,-3.333159567588077,2.1068402681262803,2.1068402681262803
CC(C)(CC(=O)O)C(=O)O,-0.3200001248976636,0.13915151347015398,0.4591516383678176,0.4591516383678176
O=c1c(C2CCCc3ccccc32)c(O)oc2ccccc12,-4.863800025404663,-4.688641404489552,0.17515862091511103,0.17515862091511103
O=C1NC(=S)SC1=Cc1ccc(O)c(O)c1,-3.3399998979389958,-3.1976428952069895,0.14235700273200624,0.14235700273200624
COCC(C)OC(C)=O,0.08302325384295361,0.00027842367312969074,-0.08274483016982392,0.08274483016982392
CC(C(C)(C)C)C(C)(C)SSSC(C)(C)C(C)C(C)(C)C,-9.129965683638472,-8.854502371741383,0.2754633118970897,0.2754633118970897
CCCCCCCCCCCCCCC,-9.446399689091843,-8.080670140260093,1.3657295488317498,1.3657295488317498
CNCCO,1.1242960778525348,1.2877967400066797,0.16350066215414483,0.16350066215414483
NCCOCCN,0.9823282343403439,1.0349681893311051,0.05263995499076124,0.05263995499076124
CCOC(=O)CC#N,-0.32761240742330955,-0.2856192985324606,0.04199310889084895,0.04199310889084895
CCCCC(=O)NCCNC(=O)CCCC,-1.8144999437000489,-1.342743373178003,0.4717565705220459,0.4717565705220459
[N-]=[N+]=C1C(=O)NC(=O)NC1=O,-1.4717571272480274,-1.5405151032051212,-0.06875797595709376,0.06875797595709376
CCO[Si](OCC)(OCC)OCC,-2.145565532375408,-2.3120993282475317,-0.16653379587212358,0.16653379587212358
CC(C)(C)NC(N)=O,-0.7305998354915335,-0.3406954562850073,0.3899043792065262,0.3899043792065262
CC(SSC(C)C(=O)O)C(=O)O,-0.620000043056578,-0.9956649601060978,-0.3756649170495199,0.3756649170495199
O=C(O)C(F)(F)F,0.9430112717141457,0.4701692360040508,-0.47284203571009487,0.47284203571009487
O=c1[nH]c2nc[nH]c(=O)c2[nH]c1=O,-3.6900000180709793,-3.300302150965529,0.3896978671054505,0.3896978671054505
NC(=O)NC(=O)C=CC(=O)O,-1.9202000271651654,-1.7111231043499373,0.20907692281522805,0.20907692281522805
NS(=O)(=O)c1ccccc1-c1nc2ccccc2c(=O)[nH]1,-3.0799998987936306,-2.9960481294841177,0.08395176930951287,0.08395176930951287
C=C/C=C/CC/C=C/CC,-3.341906509166931,-3.5921571310871863,-0.25025062192025516,0.25025062192025516
CCBr,-1.0860000121616897,-1.331067847611208,-0.24506783544951838,0.24506783544951838
O=C1C=CC=C2C(=O)C(NNc3cc(S(=O)(=O)[O-])ccc3O)=CC=C12,-0.9011961254324641,-1.9525508661312667,-1.0513547406988026,1.0513547406988026
N=C1C=CC2=CC(S(=O)(=O)[O-])=CC(=O)C2=C1NNc1ccccc1S(=O)(=O)c1ccccc1,-2.0888316945658905,-2.133550790426299,-0.044719095860408675,0.044719095860408675
C=COCC(C)C,-1.5236000394906206,-1.6691752061531582,-0.14557516666253756,0.14557516666253756
ClCC(Cl)CCl,-1.9255000278073502,-1.820332395588661,0.10516763221868919,0.10516763221868919
O=C([O-])c1cc(S(=O)(=O)[O-])ccc1NN/C(=N\Nc1cc(S(=O)(=O)[O-])cc([N-]c2nc(Cl)nc(N=C3C=C(S(=O)(=O)[O-])C(=Nc4nc(Cl)nc(Nc5cccc(S(=O)(=O)[O-])c5)n4)C=C3S(=O)(=O)[O-])n2)c1[O-])c1ccccc1,-0.825411427144005,-0.903960378079836,-0.07854895093583103,0.07854895093583103
C=CC,-1.0800000628221555,-1.7289182786541204,-0.6489182158319649,0.6489182158319649
C=C(C)C(=O)OCCCCCCOC(=O)C(=C)C,-4.043662987439173,-4.517400725981333,-0.4737377385421597,0.4737377385421597
CCCCCC(=O)O,-1.0522194530840185,-1.3034811536211306,-0.25126170053711205,0.25126170053711205
O=C1c2ccccc2C(=O)N1SC1CCCCC1,-4.323794235410601,-5.289169879103705,-0.965375643693104,0.965375643693104
O=S(=O)(C1CCCCC1)C1CCCCC1,-2.0599999361906254,-3.540002237820152,-1.4800023016295265,1.4800023016295265
CCC(CC)(C(=O)NC(N)=O)C(=O)OCC(=O)OC,-2.0099999725269377,-2.032484054131019,-0.02248408160408122,0.02248408160408122
C=C[Si](OC(=C)C)(OC(=C)C)OC(=C)C,0.6452231369681387,-1.2426823024722018,-1.8879054394403405,1.8879054394403405
CCCCC(=O)CC(C)=O,-1.5599999591117766,-0.9812100662683112,0.5787898928434654,0.5787898928434654
CNNC,1.2210997997566637,1.4823195641930673,0.2612197644364036,0.2612197644364036
CC(=O)N(C)N=O,-0.7684000610377559,-0.17978923432189253,0.5886108267158634,0.5886108267158634
CC(C)COC(=O)C(C)(C)O,-0.7276001331753452,-0.588731945742738,0.1388681874326072,0.1388681874326072
CCCC(Cl)CCCC(Cl)CCC(Cl)CCC(Cl)CCC(Cl)CCCC(Cl)CCC,-7.965810465500141,-7.880319221842353,0.08549124365778837,0.08549124365778837
CCOC(CC(C)O)OCC,0.09089971933997232,-0.37323163186143793,-0.46413135120141025,0.46413135120141025
CC(C)CCOCCC(C)C,-3.760106961303548,-3.6536907921915422,0.10641616911200558,0.10641616911200558
CCNCC,1.1358506784303715,0.6851757728471046,-0.45067490558326684,0.45067490558326684
CC(C)OC(C)(C)C,-2.366199983569444,-1.3174564328067644,1.0487435507626797,1.0487435507626797
CCOCCOCC,-0.7700000021360354,0.05869881101896457,0.8286988131549999,0.8286988131549999
CN(C)P(=O)(OP(=O)(N(C)C)N(C)C)N(C)C,0.5432997124909469,0.5900644560812349,0.04676474359028804,0.04676474359028804
O=C1NC(=O)C(=O)N1,-0.400000175700995,-0.7810738986474042,-0.3810737229464092,0.3810737229464092
NN=C(N)N,-1.615379382574245,-1.316739734364323,0.29863964820992206,0.29863964820992206
COCCNC(=O)CSP(=S)(OC)OC,-1.1355999565066102,-1.4305376386975754,-0.2949376821909653,0.2949376821909653
CN(C)C(C)(C)CO,0.8134586660885934,0.8970848324392042,0.08362616635061082,0.08362616635061082
CNC(=O)c1cc(Oc2ccc(NC(=O)Nc3ccc(Cl)c(C(F)(F)F)c3)cc2)ccn1,-6.667294784010846,-5.362268762575468,1.3050260214353777,1.3050260214353777
O=P(OCc1ccccc1)(OCc1ccccc1)OP(=O)(OCc1ccccc1)OCc1ccccc1,-7.254042439894583,-5.884445197891216,1.3695972420033673,1.3695972420033673
O=c1[nH]c2cc(Cl)ccc2n1C1CC[NH2+]CC1,-2.663075904047675,-2.463238950877206,0.19983695317046912,0.19983695317046912
c1ccc2c3c(ccc2c1)Sc1ccc2ccccc2c1N3,-7.90809983158049,-7.077255825462583,0.830844006117907,0.830844006117907
CCCCOC(=O)/C=C/C(=O)OCCCC,-4.313551425844741,-3.3202292239735565,0.9933222018711847,0.9933222018711847
OCCN(CCO)CCO,0.5390164077581803,0.9162754103040363,0.377259002545856,0.377259002545856
CCCCC(=O)N(Cc1ccc(-c2ccccc2-c2nn[nH]n2)cc1)[C@H](C(=O)O)C(C)C,-2.7359261287020527,-3.484392947937231,-0.7484668192351784,0.7484668192351784
CC(C)Br,-1.5985187895754915,-1.8124049999724186,-0.213886210396927,0.213886210396927
c1ccc2c(c1)CC1COCOC21,-1.6560932467057754,-2.4518116075090335,-0.7957183608032581,0.7957183608032581
CCCC(C)O[N+](=O)[O-],-2.4809000591322565,-2.115176251971752,0.3657238071605047,0.3657238071605047
NC(=O)NN=C[C@H](O)[C@@H](O)[C@H](O)[C@H](O)CO,-1.0040998866163129,-0.5429373255999046,0.4611625610164083,0.4611625610164083
FC(F)(F)C(F)(F)Cl,-3.410999990688829,-2.7390978563474095,0.6719021343414195,0.6719021343414195
O=C(O)C=C(Br)Br,-0.8357999458744874,-0.8602690084487841,-0.024469062574296707,0.024469062574296707
C1=CC(c2ccc(C3CC=CCC3)cc2)CCC1,-6.591928829349692,-5.72129559950006,0.8706332298496324,0.8706332298496324
O=C([O-])C(O)C(O)C1OB(O)OC1CO,0.3169725267941903,0.3547929065052391,0.03782037971104879,0.03782037971104879
CCCOC(C)C,-1.337299978376614,-1.1439075577187667,0.19339242065784723,0.19339242065784723
CC(O)C(N)=O,0.9434998740343961,0.750071911234524,-0.19342796279987207,0.19342796279987207
CCC(C)(C)OC,-0.9795638250616472,-1.049893962051989,-0.07033013699034174,0.07033013699034174
CC(C)=NNC(=O)NC1c2ccccc2Oc2ccccc21,-4.169999982448995,-4.578836475974134,-0.40883649352513896,0.40883649352513896
CC(C)=CCC/C(C)=C/COC=O,-3.746150678780031,-3.1365578515131065,0.6095928272669244,0.6095928272669244
CCOP(=O)(OCC)SCC(=O)NC(C)(C)C#N,-0.623700238777273,-0.882706449502507,-0.259006210725234,0.259006210725234
CCCCCCCCCCCC(=O)OCC(COC(C)=O)OC(C)=O,-6.3783674005954065,-5.5968926553412315,0.781474745254175,0.781474745254175
CC(C)C(=O)C(C)C,-1.301800051156388,-1.6546828636982958,-0.3528828125419077,0.3528828125419077
C/C(Br)=C/C(=O)O,-0.6000000303557451,-1.0144056098588594,-0.4144055795031143,0.4144055795031143
CCC(C)C(C)C,-3.775602994784444,-4.193009774548429,-0.4174067797639851,0.4174067797639851
CCCCCCCCCCCCCCCCC(CO)CCCCCCCCCCCCCC,-5.669204164616872,-7.011348710590898,-1.3421445459740262,1.3421445459740262
CC1CCCCCCCCCCCCC(=O)C1,-5.74386499586268,-3.857793313067963,1.8860716827947166,1.8860716827947166
O=C([O-])C(F)(F)F,0.6610692128861038,0.37642649597132527,-0.2846427169147785,0.2846427169147785
CCC(C)OC(C)=O,-1.272700024506069,-0.9347745981547138,0.33792542635135514,0.33792542635135514
CC(C)(C)C(O)(CCc1ccc(Cl)cc1)Cn1cncn1,-3.9319998585444416,-4.054463304780703,-0.12246344623626149,0.12246344623626149
CCCC(CC)(CC)CO,-2.4189998781993176,-2.38125146792145,0.037748410277867794,0.037748410277867794
CC(C)(C)NC(=O)[C@@H]1C[C@@H]2CCCC[C@H]2C[NH2+]1,-2.16160940507993,-0.9982180025531604,1.1633914025267695,1.1633914025267695
CC1=CCC(=C(C)C)CC1,-4.287342977139852,-4.179905958726353,0.10743701841349917,0.10743701841349917
CCCCS[S+]([O-])CCCC,-2.288599980590321,-2.2088912800278413,0.0797087005624797,0.0797087005624797
N=NN=NC1=CCc2c(cccc2S(=O)(=O)Oc2ccc(C(=O)c3ccc(O)c(O)c3O)cc2)C1=O,-5.1052907689510745,-4.10189150168879,1.0033992672622842,1.0033992672622842
CCC(C)(O)C(C)C,-0.8504000041697393,-0.9059220047306757,-0.05552200056093648,0.05552200056093648
CCCCCOC(=O)CCOCC,-2.1956000168552006,-2.27200050658518,-0.07640048972997926,0.07640048972997926
O=C(O)CCCCCCCCCC(=O)O,-1.6274001163020866,-2.6065946401382365,-0.9791945238361499,0.9791945238361499
CCC(CC)(C(=O)NC(N)=O)C(=O)OC,-1.9600000769516448,-1.7634115870473412,0.19658848990430355,0.19658848990430355
c1ccc2c(c1)-c1ccc3ccc4cccc5cc-2c1c3c45,-9.162699315559486,-7.847653678316023,1.315045637243463,1.315045637243463
Cc1c(Cc2c(C)n(C)n(-c3ccccc3)c2=O)c(=O)n(-c2ccccc2)n1C,-2.9549000060823434,-2.726542560632906,0.22835744544943726,0.22835744544943726
O=C1CC/C=C\CCCCCCCCCC1,-4.883187242553341,-3.788454747369401,1.0947324951839406,1.0947324951839406
NC(=O)NN=C[C@@H](O)[C@@H](O)[C@H](O)[C@H](O)CO,-0.5299999859028302,-0.5429378703070622,-0.012937884404232047,0.012937884404232047
S=c1[nH][nH]c(=S)s1,-0.7551999001372023,-1.009505968977415,-0.2543060688402128,0.2543060688402128
CCCCCCCCN(CCCCCCCC)CCCCCCCC,-6.849599554301598,-7.034695676420807,-0.18509612211920867,0.18509612211920867
COP(=S)(OC)SCCSC(C)C,-3.4288000673574293,-3.9528577169298953,-0.524057649572466,0.524057649572466
O=C1CSC(=S)N1,-1.7722999822661505,-2.126559474060169,-0.3542594917940187,0.3542594917940187
CCC(CC)COC(C)=O,-1.3528000290727962,-2.3976295184670793,-1.044829489394283,1.044829489394283
Nc1ccc(S(=O)(=O)Nc2ccn(Cc3ccccc3)c(=O)n2)cc1,-4.800000110171652,-4.125873527975914,0.6741265821957381,0.6741265821957381
CC(C)OC(=O)C(F)(F)F,-1.336078744929566,-1.4187462266830289,-0.08266748175346295,0.08266748175346295
CC(CN/C=C1/C=CC=CC1=O)N/C=C1/C=CC=CC1=O,-3.172023504737658,-2.215853182207468,0.9561703225301903,0.9561703225301903
O=C(O)C(S)CS,-0.23740018683172703,-0.23310680501654701,0.00429338181518002,0.00429338181518002
O=C(O)c1cc(Br)nn1-c1ncccc1Cl,-1.448934714410763,-3.0438120340944304,-1.5948773196836674,1.5948773196836674
c1cnc2c(c1)ccc1ncccc12,-2.6805999163200296,-2.070809717819016,0.6097901985010137,0.6097901985010137
O=c1[nH]ccc2ccccc12,-2.484199997224803,-2.035212424194392,0.4489875730304109,0.4489875730304109
CCCCCCCCCCOC(=O)C(C)O,-3.059999920136995,-3.5868842296260857,-0.5268843094890907,0.5268843094890907
CNC=O,1.2286475344841494,1.1909352791438592,-0.03771225534029021,0.03771225534029021
CCCCCCCl,-3.1223888182893504,-3.465040387781446,-0.34265156949209574,0.34265156949209574
O=C(OC[C@H]1O[C@@H](Oc2ccccc2CO)[C@H](O)[C@@H](O)[C@@H]1O)c1ccccc1,-2.8924999031335377,-2.7012469049471477,0.19125299818638997,0.19125299818638997
CCN(CC)C(=S)[S-],-5.533333228318244,-2.5577042449543157,2.9756289833639284,2.9756289833639284
CC(C)NC(C)C,0.03624216903794153,0.12807952343383633,0.0918373543958948,0.0918373543958948
CCCCCCP(=O)(OCC)OCC,-2.5687000781211795,-1.6096749368676384,0.9590251412535411,0.9590251412535411
CCC(N)C(=O)O,0.2867998355740231,-0.03031151322965986,-0.31711134880368297,0.31711134880368297
C=CC(C)(O)CCC=C(C)C,-1.9871000070081282,-2.170512439303596,-0.183412432295468,0.183412432295468
CCCCCCCCCCCCCCOC(=O)OOC(=O)OCCCCCCCCCCCCCC,-4.349900687700252,-6.955440512655316,-2.6055398249550636,2.6055398249550636
CCN(CCCl)CCCl,-3.0264999650365088,-1.820642197784472,1.2058577672520367,1.2058577672520367
BrCCBr,-1.6800000353167739,-1.745133529848061,-0.06513349453128714,0.06513349453128714
CCCCCCCCCCCCCCC/C=C/CC(CC(=O)O)C(=O)O,-6.964445883736191,-5.023090645938721,1.9413552377974703,1.9413552377974703
COCC(C)OCC(C)OC(C)CO,0.6855001459593781,0.5573112147025525,-0.12818893125682562,0.12818893125682562
O=c1oc2ccccc2c(O)c1C1CCCc2ccccc21,-4.860000012097361,-4.883666993382283,-0.023666981284922173,0.023666981284922173
CC1(C)SC2C(NC(=O)C3(N)CCCCC3)C(=O)N2C1C(=O)O,-1.0400000374204899,-2.1340844672638304,-1.0940844298433405,1.0940844298433405
CN1CCC23C=CC=CC2C1Cc1ccc(O)c(O)c13,-1.7200000607184396,-2.8365161611240532,-1.1165161004056137,1.1165161004056137
C=CC(=C)CCCC(C)(C)OC(C)=O,-3.5974163467809555,-3.5255499994297583,0.07186634735119712,0.07186634735119712
O=C(O)C(=O)[C@@H](O)[C@H](O)[C@@H](O)CO,0.23732054386448231,0.4942673530041106,0.2569468091396283,0.2569468091396283
C=CC(=O)OCCCCCCCCCCCCCC,-4.42884863662893,-6.476219956131246,-2.0473713195023153,2.0473713195023153
NC(CC(=O)O)C(=O)O,-1.2293181847172496,-0.30258474765902665,0.926733437058223,0.926733437058223
CCOC(OCC)OCC,-2.0405201869135707,-1.021567964272435,1.0189522226411358,1.0189522226411358
CC(O)C(=O)NCCCCCCNC(=O)C(C)O,-0.7000000938599098,-0.6981350165527318,0.001865077307177998,0.001865077307177998
CCCC(Br)(CCC)C(N)=O,-1.8281000558309752,-2.317288140541198,-0.48918808471022257,0.48918808471022257
OCCOCCOCCOCCO,0.7116902107977023,1.3792348240561494,0.667544613258447,0.667544613258447
FC(Br)C(F)(F)F,-1.9010000531018667,-2.0473473421601183,-0.14634728905825156,0.14634728905825156
CCS(=O)(=O)C(C)(CO)S(=O)(=O)CC,-0.16530002393318544,-0.7248872191775653,-0.5595871952443798,0.5595871952443798
CC(C)(C)C(C)(C)O,-0.7230000812305097,-0.829657010906117,-0.10665692967560725,0.10665692967560725
CN(C(=O)COc1nc2ccccc2s1)c1ccccc1,-4.872700131827358,-4.524185053627624,0.3485150781997337,0.3485150781997337
NC(=O)[O-],0.7115940699844088,0.5505731871646464,-0.16102088281976235,0.16102088281976235
O=S(=O)([O-])c1ccc(N=Nc2ccc(N=Nc3ccc(/C=C/c4ccc(N=Nc5ccc(/C=C/c6ccc(N=Nc7ccc(N=Nc8ccc(S(=O)(=O)[O-])cc8)cc7)cc6S(=O)(=O)[O-])c(S(=O)(=O)[O-])c5)cc4S(=O)(=O)[O-])c(S(=O)(=O)[O-])c3)cc2)cc1,-1.231545764637724,-0.13671923938072483,1.094826525256999,1.094826525256999
C=CC(=C)Cl,-2.5509255005563887,-2.0453251168380104,0.5056003837183782,0.5056003837183782
CC(C)c1cccc(C(C)C)c1N=C=Nc1c(C(C)C)cccc1C(C)C,-6.860410901963067,-6.734763574302997,0.12564732766006959,0.12564732766006959
CC1OC(=O)C(C)OC1=O,-0.9360259266722122,-0.02842274116113197,0.9076031855110802,0.9076031855110802
C=C(C)CCl,-1.8108000203329326,-1.7881701614758336,0.022629858857099006,0.022629858857099006
COc1ccc(CN(CCN(C)C)c2ncccn2)cc1,-2.989999990583246,-1.9644152689049141,1.025584721678332,1.025584721678332
CN1C(=O)C(N)C(=S)N(C)C1=O,-1.116999977377265,-1.5567803312807598,-0.4397803539034948,0.4397803539034948
NC(N)=O,0.9578398346619568,0.7082876975385646,-0.2495521371233922,0.2495521371233922
CN(C)CCOCCN(C)CCO,0.4764655060372487,0.8686285134722254,0.3921630074349767,0.3921630074349767
OCC1=C[C@@H](O)[C@@H]2C=CO[C@@H](O[C@@H]3O[C@H](CO)[C@@H](O)[C@H](O)[C@H]3O)[C@H]12,0.011899750877756077,-0.5397979058978253,-0.5516976567755814,0.5516976567755814
CC(Cl)(Cl)Cl,-2.140000123170746,-2.4242276370547433,-0.28422751388399714,0.28422751388399714
CCCCCCCCCCCCCCCCCCOCCCN(C)C,-6.852054004753159,-5.836606836493554,1.0154471682596045,1.0154471682596045
CCCCC(CC)CO,-1.699130559217495,-2.2871998789304384,-0.5880693197129434,0.5880693197129434
ClC(Cl)Br,-1.5399999464109437,-1.4757793810755768,0.06422056533536691,0.06422056533536691
CC(S(C)(=O)=O)S(C)(=O)=O,-1.4188000165148291,-0.4053170622650617,1.0134829542497674,1.0134829542497674
Cc1ncc([N+](=O)[O-])n1CCOC(=O)c1ccc(CN2CCOCC2)cc1,-2.890000088789019,-2.4846692964851607,0.40533079230385827,0.40533079230385827
C=CC(=O)OCCCOCC(COCCCOC(=O)C=C)OCCCOC(=O)C=C,-2.5527472396003503,-2.7459112577382307,-0.19316401813788042,0.19316401813788042
CCCC(O)CCC,-1.3931000519414387,-1.3336222518261647,0.05947780011527404,0.05947780011527404
CC(=O)CC1=NCCS1,-1.156000056614605,-0.48299339233462524,0.6730066642799797,0.6730066642799797
C1=CC[C@@H](c2cccnc2)NC1,0.7952997635800099,0.22894512661122057,-0.5663546369687893,0.5663546369687893
CC(=O)N(c1onc(C)c1C)[S+]([O-])c1ccc(N)cc1,-3.58999988647842,-2.085247385292947,1.504752501185473,1.504752501185473
CC1CCc2c(N3CCC(O)CC3)c(F)cc3c(=O)c(C(=O)O)cn1c23,-3.779999939047938,-3.9278312146683225,-0.14783127562038434,0.14783127562038434
CC(CC(=O)O)CC(C)(C)C(=O)O,-0.27903760194874794,-1.0240948607759393,-0.7450572588271913,0.7450572588271913
CCCCSC(=Nc1cccnc1)SCc1ccc(C(C)(C)C)cc1,-5.571199908137678,-6.451073822560213,-0.8798739144225349,0.8798739144225349
Cc1ccccc1COC1CC2(C(C)C)CCC1(C)O2,-3.639100062006362,-3.94314497551665,-0.30404491351028806,0.30404491351028806
CCCC[N+](CCCC)(CCCC)CCCC,1.3320245100110504,0.07897635201652875,-1.2530481579945216,1.2530481579945216
CC(=O)CC(N)=O,0.9952271721828168,0.45216993269260586,-0.5430572394902109,0.5430572394902109
CC(O)(CCC(C)(O)C(=O)O)C(=O)O,-0.837199979445975,0.15979428061680157,0.9969942600627766,0.9969942600627766
CC(C)CCOC(=S)[S-],0.23788976284403862,-1.470979966311107,-1.7088697291551456,1.7088697291551456
CCCCOCCOCCOC(C)=O,-0.8188000440202106,-0.9490677139667318,-0.13026766994652128,0.13026766994652128
O=C1NC(=O)C2C=CC=CC12,-2.9319999043867444,-2.359894453514569,0.5721054508721752,0.5721054508721752
C=CCS(=O)(=O)[O-],0.694952721616537,0.5770056466880447,-0.11794707492849232,0.11794707492849232
CN1C(C(=O)Nc2ccccn2)=C(O)c2ccccc2S1(=O)=O,-4.4999999196591585,-3.555428344519708,0.9445715751394506,0.9445715751394506
C=C1CCC(C)=CCCC=C(C)CC[C@@H]1C(C)=O,-5.449126131784192,-3.2913680173675908,2.1577581144166014,2.1577581144166014
O=[N+](O)OCCCCO[N+](=O)O,-1.6800000353167739,-2.1886934024520572,-0.5086933671352833,0.5086933671352833
OCCC(F)(F)C(F)(F)C(F)(F)C(F)(F)C(F)(F)C(F)(F)F,-4.287063950898439,-4.513135124231185,-0.22607117333274562,0.22607117333274562
O=C1C=C(O)C[C@@H](c2ccccc2)C1,-2.511300097502273,-1.7121016707583325,0.7991984267439403,0.7991984267439403
CCCCCCCCCCCCCCCCCCCCCCCCCC,-8.333900140110723,-8.30885940737466,0.025040732736062665,0.025040732736062665
Cn1c2ccccc2c(=O)c2ccccc21,-4.460000030434283,-4.213489538078204,0.24651049235607836,0.24651049235607836
O=C(C1CCCCC1)N1CC(=O)N2CCc3ccccc3C2C1,-2.8926999468371184,-2.9579657371192765,-0.06526579028215806,0.06526579028215806
C[Si](C)(C)CN,-1.7619999784487572,-1.184553878162771,0.5774461002859863,0.5774461002859863
CNC(=O)CSP(=S)(OC)OC,-0.9623999663529719,-1.3680052570199979,-0.405605290667026,0.405605290667026
CCCCCCCCCCCCCCCCCCCCCCCCCCCCCCCCCCCC,-8.474599633006745,-8.154561844999552,0.32003778800719296,0.32003778800719296
CCN1c2ccccc2N(C)C(=S)c2cccnc21,-4.705999723653443,-4.315124540115516,0.3908751835379274,0.3908751835379274
CCC(Cl)(Cl)[N+](=O)[O-],-1.499600105955695,-1.7249879441593943,-0.22538783820369934,0.22538783820369934
O=C(O)CC(Br)C(=O)O,-0.21499992204150153,0.3749928267328637,0.5899927487743652,0.5899927487743652
O=C([O-])C(O)[C@H](O)[C@@H](O)[C@H](O)[C@H](O)CO,0.7066661043307758,0.033915997121964914,-0.6727501072088109,0.6727501072088109
COP(=O)(OC)O/C(C)=C/C(=O)N(C)C,0.6248998405693471,0.3979876393854678,-0.22691220118387934,0.22691220118387934
C#CC1(OC(=O)c2ccc(Oc3ccccc3)cc2)CCC2C3CCC4=CC(=O)CCC4C3CCC21C,-6.839999907711922,-6.939950947571915,-0.09995103985999254,0.09995103985999254
C[Si](C)(C)C,-3.653340545489289,-3.6133313962427356,0.0400091492465533,0.0400091492465533
CC(C)=CCCC(C)C=O,-2.4478585995788777,-2.4180463683201663,0.029812231258711464,0.029812231258711464
Cc1onc(-c2ccccc2)c1-c1ccc(S(N)(=O)=O)cc1,-4.519999932359992,-2.947687351367195,1.5723125809927971,1.5723125809927971
CNC(=O)O/N=C(/C)C(C)SC,-0.7353001135533441,-1.5946272654657352,-0.8593271519123911,0.8593271519123911
C=CC(C)C(=O)OCC,-1.5763109425886426,-1.2266967815219243,0.3496141610667183,0.3496141610667183
CCN(CC)[S+]([O-])N(CC)CC,-1.280000053653695,-0.7466825866694196,0.5333174669842755,0.5333174669842755
NS(=O)(=O)c1cc2c(s1)S(=O)(=O)CCC2=O,-3.0199999606959618,-2.195296342614911,0.8247036180810507,0.8247036180810507
O=C1CCCCCN1C(=O)c1ccccc1,-2.166699897731673,-2.162067163357389,0.00463273437428402,0.00463273437428402
C#CCCCC,-2.359999922437934,-2.225639595263761,0.13436032717417312,0.13436032717417312
N#Cc1c[nH]cc1-c1cccc2c1OC(F)(F)O2,-5.139500012561674,-4.781398088390466,0.35810192417120845,0.35810192417120845
O=C1C(Br)=CC(=NCl)C=C1Br,-3.7067999443100694,-3.4534016299477805,0.2533983143622889,0.2533983143622889
O=C(C1CCCC1)N(O)C1CCCCC1,-3.160000055985079,-2.5563092499240345,0.6036908060610444,0.6036908060610444
CCCCCCCCOC(=O)CCCCCCC,-6.709998463388615,-6.671457436108233,0.03854102728038189,0.03854102728038189
CCCCCCCCC(C)C=O,-4.027084280394411,-3.9403596835553207,0.0867245968390904,0.0867245968390904
Cc1cnc(NC(=O)C2=C(O)c3ccccc3S(=O)(=O)N2C)s1,-1.9199999834615844,-3.2639168363050324,-1.343916852843448,1.343916852843448
NC(CS)C(=O)O,0.3596999009333093,-0.043315034846366895,-0.4030149357796762,0.4030149357796762
CC1(C)OCC(COC(=O)c2ccccc2C(=O)O)O1,-1.230000021901613,-2.0257908287568145,-0.7957908068552015,0.7957908068552015
FC(F)(F)CCl,-1.109800038169824,-1.8026204253027815,-0.6928203871329575,0.6928203871329575
C=CCCCCCCCC,-5.510000152520851,-6.045348968672123,-0.5353488161512718,0.5353488161512718
COc1cc(N=Nc2cc(S(=O)(=O)[O-])cc3cc(S(=O)(=O)[O-])cc(O)c23)c(C)cc1NC(=O)Nc1cc(C)c(N=Nc2cc(S(=O)(=O)[O-])cc3cc(S(=O)(=O)[O-])cc(O)c23)cc1OC,-2.6903135769266036,-0.8052569899640294,1.8850565869625742,1.8850565869625742
CC(C)N(CCO)C(C)C,-1.082900083728527,-0.09423017462299921,0.9886699091055278,0.9886699091055278
O=C(NCCCCCCNC(=O)OCCO)OCCO,-0.9200000973922822,-0.689235591013984,0.23076450637829815,0.23076450637829815
O=C1C=CN(C2OC(CO)C(O)C2O)C(=O)C1,-0.7700000021360354,-1.2643213390098627,-0.4943213368738273,0.4943213368738273
CCCCCCCC/C=C\CCCCCCCCCCCC(N)=O,-6.528392280027319,-6.374590673519087,0.15380160650823171,0.15380160650823171
c1ccc(-c2cccnc2)nc1,-0.5916001012803975,0.17356420520406912,0.7651643064844666,0.7651643064844666
C#CCOS(=O)OC1CCCCC1Oc1ccc(C(C)(C)C)cc1,-5.845699633073204,-6.266302618260435,-0.42060298518723105,0.42060298518723105
Cl/C=C/CCl,-1.5980000921847906,-1.4495716132546348,0.14842847893015576,0.14842847893015576
C1CC(COCC2CO2)CCC1COCC1CO1,-1.835797176496397,-1.4652062066187124,0.3705909698776846,0.3705909698776846
CCCCC(CC)CCCCCC(C)CCCC(=O)O,-5.056117875017611,-5.842863342904257,-0.7867454678866466,0.7867454678866466
CN=C(SC)N(C)C,-0.4401001548660566,-0.3896711662274668,0.0504289886385898,0.0504289886385898
O=C1NC(=S)NC(=O)C12CCCCC2,-3.4600000081881905,-2.978189496796089,0.4818105113921014,0.4818105113921014
CC/C(C)=C/CC/C(C)=C/C#N,-3.589641060638437,-3.4516388894978127,0.13800217114062407,0.13800217114062407
CN1CCC(c2c(O)cc(O)c3c(=O)cc(-c4ccccc4Cl)oc23)C(O)C1,-4.260000175779532,-3.5016818169385457,0.7583183588409863,0.7583183588409863
NC(=O)CCNCCO,-0.12111011107625913,0.420530889804529,0.5416410008807881,0.5416410008807881
O=C(O)CNC(=S)SCC(=O)O,-1.301100102459039,-1.1449231642138697,0.1561769382451692,0.1561769382451692
CCCC(=O)OCCOCCOCCOC(=O)CCC,-1.559800051584985,-1.7955062774726422,-0.23570622588765722,0.23570622588765722
NCC(O)C(=O)O,-0.8229000547944887,-0.1723041409175159,0.6505959138769728,0.6505959138769728
CCC(C)C1NC(=O)C(Cc2ccccc2)NC(=O)C2CCCN2C(=O)C(Cc2ccccc2)N(C)C(=O)C2CCC=NN2C(=O)C2CCC=NN2C1=O,-4.039999899893582,-2.792696461891121,1.2473034380024606,1.2473034380024606
CC1(C(=O)O)NCCc2cc(O)c(O)cc21,-0.7500001256119919,-1.7020559090066887,-0.9520557833946968,0.9520557833946968
CCC(Cl)CC,-2.630700110684922,-2.534227026025377,0.09647308465954518,0.09647308465954518
C/C(I)=C/C(=O)O,-1.1599999774486978,-1.3786632696166383,-0.21866329216794056,0.21866329216794056
CN1CCCC(CN2c3ccccc3Sc3ccccc32)C1,-4.739999663538786,-4.13965999804309,0.6003396654956958,0.6003396654956958
O=C([O-])[C@H](O)[C@H](O)[C@@H](O)[C@H](O)[C@H](O)CO,0.3170700293753774,0.03391572476838611,-0.2831543046069913,0.2831543046069913
Nc1ccc2c(c1)C=C(S(=O)(=O)O)/C(=N/Nc1ccc(N=Nc3ccc(S(=O)(=O)O)cc3)cc1)C2=O,-0.6359046749939714,-2.100568091157532,-1.4646634161635608,1.4646634161635608
CC(C)C(C)CO,-0.3899998969970002,-0.6972708386474054,-0.30727094165040514,0.30727094165040514
O=CC=O,1.2362998529858698,1.204316282820693,-0.03198357016517672,0.03198357016517672
C=CCOC1=NS(=O)(=O)c2ccccc21,-3.1726999033614964,-3.411617484340216,-0.23891758097871962,0.23891758097871962
COC(C)(C)CCOC(C)=O,-0.43902926059447056,-1.1512126254075994,-0.7121833648131288,0.7121833648131288
CC(C)CC(C)O,-0.7944999768415189,-0.5348043030317173,0.2596956738098015,0.2596956738098015
O=C(O)CCCC(=O)O,0.9999998962965706,0.3316030886902608,-0.6683968076063098,0.6683968076063098
c1ccc2sc(SSc3nc4ccccc4s3)nc2c1,-4.521799917161852,-4.700284519980476,-0.17848460281862444,0.17848460281862444
CC(C)CCCCCOC(=O)CCCCC(=O)OCCCCCC(C)C,-6.869904875364194,-6.558731379284093,0.3111734960801007,0.3111734960801007
CCOC(=O)C(Cl)C(=O)OCC,-1.720972362994524,-0.9530093511349755,0.7679630118595484,0.7679630118595484
CCC(CC)(C(=O)O)C(CC)(CC)C(=O)O,-2.9644000308395473,-1.7947090985476846,1.1696909322918627,1.1696909322918627
COC(N)=O,0.9639996555522079,0.8718550863195,-0.09214456923270786,0.09214456923270786
CC(=O)OC(C)CC(C)C,-2.045100016605186,-1.7082459611441798,0.336854055461006,0.336854055461006
CC(=O)CC(C)C,-0.8514796137558451,-0.8297565561391447,0.02172305761670046,0.02172305761670046
CC(=O)OCC(C)C,-1.2656999928254196,-0.878100814309307,0.3875991785161126,0.3875991785161126
C=CC(=O)CCC,-0.8300000402385339,-1.09910403224895,-0.2691039920104161,0.2691039920104161
CCCCCCCC(=O)OCC(O)CO,0.17947400550904202,-1.7491764825475942,-1.9286504880566362,1.9286504880566362
ClC(Br)Br,-1.9000000388491463,-1.642533442904502,0.25746659594464427,0.25746659594464427
CCOC(=O)CC,-0.6600000684582441,-0.1702546802375342,0.4897453882207099,0.4897453882207099
CCOC(OCC)C(C)=O,-0.20590004426880482,-0.20485638535509176,0.0010436589137130525,0.0010436589137130525
CCCCCCCCCCCCCCCCCC(=O)O,-4.97020952185399,-6.215443310967444,-1.2452337891134544,1.2452337891134544
O=C1NC(=O)C2=C1CCCC2,-1.9745177482893297,-1.852524997125517,0.12199275116381258,0.12199275116381258
CC(=O)C(N=Nc1ccc(N=Nc2c(S(=O)(=O)[O-])cc3c(c2N)C(=O)/C(=N/Nc2ccc(S(=O)(=O)[O-])c4ccccc24)C(S(=O)(=O)[O-])=C3)cc1)C(=O)Nc1ccccc1,-2.2180283340640354,-1.681767746219554,0.5362605878444815,0.5362605878444815
CC(C)(O)C(Cl)(Cl)Cl,-1.3460000410957278,-1.1836650522585688,0.16233498883715902,0.16233498883715902
CCCOc1ccc2c(c1)C(c1ccc(OC)cc1OCC(=O)O)C(C(=O)O)C2c1ccc2c(c1)OCO2,-6.769999863259008,-4.49503232655982,2.2749675366991875,2.2749675366991875
COc1ccc(Cl)cc1C(=O)NCCc1ccc(S(=O)(=O)NC(=O)NC2CCCCC2)cc1,-5.091699916841825,-5.294529116649265,-0.2028291998074403,0.2028291998074403
CCC(C)C1NC(=O)C(Cc2ccc3ccccc3c2)NC(=O)C2CCCN2C(=O)C(Cc2c[nH]cn2)NC(=O)C2CCCCN2C(=O)C2CCCCN2C1=O,-3.9799999298794773,-2.992852051726612,0.9871478781528653,0.9871478781528653
CC(CC(=O)OOC(C)(C)C)CC(C)(C)C,-4.210095876310375,-5.129040137193564,-0.9189442608831886,0.9189442608831886
CCC(C)O,0.38770002765590705,0.35876082579383084,-0.028939201862076214,0.028939201862076214
O=C(O)C(NCCCCCNC(C(=O)O)c1ccccc1)c1ccccc1,-2.019999978877354,-2.3319821608211138,-0.3119821819437596,0.3119821819437596
CCOCCO,1.0451996962234467,0.9779730282627903,-0.06722666796065635,0.06722666796065635
CCCC[P+](CCCC)(CCCC)CCCC,0.41483080175518205,0.4212607973955387,0.006429995640356623,0.006429995640356623
NC(=O)C[C@H](NC(=O)CCl)C(=O)O,-0.3192999038467357,-0.7904289717233759,-0.4711290678766402,0.4711290678766402
CC1(C)C2CCC3(C2)C1C(=O)CCC3(C)C,-4.097612350348099,-3.5462059757249746,0.5514063746231241,0.5514063746231241
CC/C=C\C#N,-0.8598992884656513,-1.0339235567253313,-0.17402426825967998,0.17402426825967998
Cc1cccc(C)c1N(C(=O)CCl)C1CCOC1=O,-3.285500023336954,-2.747953909578744,0.5375461137582098,0.5375461137582098
CC12CCC(c3cnc(NS(=O)(=O)c4ccc(N)cc4)nc31)C2(C)C,-4.079999857206852,-4.073438450964756,0.006561406242096446,0.006561406242096446
NC(=O)OC(CCl)CCl,-1.3605000094507949,-1.2591724946038756,0.10132751484691926,0.10132751484691926
CCCCCCCCCCCCCCCCCCCN,-5.857124320993984,-6.129004276855658,-0.2718799558616736,0.2718799558616736
O=C(O)CCC(=O)OOC(=O)CCC(=O)O,-0.8471000320329956,-0.34928113050105214,0.4978189015319434,0.4978189015319434
C=CCCC,-2.6756730060365146,-2.8662224127964397,-0.19054940675992516,0.19054940675992516
C=CCOCC(CC)(CO)CO,-0.19975520282538373,-1.0030934039660973,-0.8033382011407135,0.8033382011407135
CCOP(=S)(OCC)Oc1cc(-c2ccccc2)on1,-5.217199765039009,-4.649280456760387,0.567919308278622,0.567919308278622
OC(CCN1CCCC1)(c1ccccc1)C1CCCCC1,-4.699999774313909,-4.447357922016557,0.25264185229735237,0.25264185229735237
C=CC=C,-1.8668457568257764,-1.952259243536836,-0.08541348671105964,0.08541348671105964
CCCCCCCC/C=C/CCCCCCCCNCCCNCCCNCCCN,-3.8360757025228374,-3.588057120312908,0.24801858220992923,0.24801858220992923
CCCCCCCCCCCCC(CO)CCCCCCCCCC,-5.549815522196134,-6.821815131613359,-1.2719996094172252,1.2719996094172252
CCC(CO)(CO)C(=O)O,0.5168035222301248,0.48154353851276444,-0.03525998371736039,0.03525998371736039
CN(C)C(=O)CCC(=O)N(C)C,0.5034998669696518,0.9048774130339727,0.40137754606432097,0.40137754606432097
CC(=O)NCCNC(C)=O,0.6754998672553829,0.5338049220290841,-0.14169494522629877,0.14169494522629877
CCC(=O)CC,-0.25300005511451573,-0.2928176036184289,-0.03981754850391317,0.03981754850391317
CCOC(C)C(=O)C=O,-0.1554002436997437,0.05485018259785912,0.21025042629760282,0.21025042629760282
C=CC(=O)OCCCO,0.8855789831519614,-0.17548414130282675,-1.0610631244547881,1.0610631244547881
O=S(=O)([O-])CCBr,0.3327486078424209,0.2979818564561496,-0.03476675138627128,0.03476675138627128
C=C(C)C(=O)NC(C)C,-0.6201430286854142,-0.8540299326671206,-0.23388690398170642,0.23388690398170642
FC(Cl)(Cl)CCl,-3.039999940150508,-2.562137139890203,0.47786280026030514,0.47786280026030514
Cc1nnc(N)nc1C,-1.0939000362432691,-0.9736534800495167,0.12024655619375246,0.12024655619375246
OCC(O)CCl,0.9564998550545796,0.726284277314222,-0.2302155777403576,0.2302155777403576
NCC(=O)O,0.9199998454932388,0.5677173002388631,-0.35228254525437563,0.35228254525437563
NCCCCCCCCCCN,1.52770102395696,-0.7120612720941932,-2.239762296051153,2.239762296051153
O=C(/C=C/c1ccccc1)OCCc1ccccc1,-5.401939240146865,-5.299654402470691,0.1022848376761738,0.1022848376761738
CO[Si](OC)(C1CCCC1)C1CCCC1,-4.632799524650391,-5.477899742670397,-0.845100218020006,0.845100218020006
CN(C)CCN(Cc1ccccc1)c1ccccn1,-2.6400001002495945,-2.5582095970196588,0.08179050322993575,0.08179050322993575
FC(F)(F)C(F)(Cl)Cl,-3.096100067833982,-3.2833643967935,-0.18726432895951817,0.18726432895951817
CCSC(=S)OC(CC(=O)O)C(=O)O,-1.2900000600041115,-1.0758912005565686,0.21410885944754288,0.21410885944754288
c1ccc2cc3cc4ccccc4cc3cc2c1,-8.599999935970901,-7.464911653523071,1.13508828244783,1.13508828244783
CCN1C[C@]2(COC)[C@H](O)C[C@H](OC)[C@]34C1[C@H]([C@H](OC)[C@H]23)[C@]1(OC(C)=O)[C@H]2[C@@H](OC(=O)c3ccccc3)[C@](O)(C[C@H]24)[C@@H](OC)[C@@H]1O,-3.3187000437394527,-2.478201579874149,0.8404984638653037,0.8404984638653037
Nc1nc2nc[nH]c2c(=O)[nH]1,-4.429999739029454,-3.386487623895513,1.0435121151339413,1.0435121151339413
CCCOP(=O)(OCCC)OCCC,-1.54120007245564,-1.4886083240483146,0.0525917484073255,0.0525917484073255
CCCCCCCCC(=O)O,-5.63536777305556,-2.989688213823989,2.6456795592315707,2.6456795592315707
CCN(OC(=O)c1ccccc1)C(=O)c1c(OC)ccc(Cl)c1OC,-4.0837001210159425,-3.8443617878022738,0.2393383332136687,0.2393383332136687
CC(C)(S)[C@@H](N)C(=O)O,-0.12850015308165696,-0.5064740837716926,-0.3779739306900356,0.3779739306900356
CCCCC(CC)C(=O)OCCOCCOCCOC(=O)C(CC)CCCC,-5.420152068664038,-4.0728020287396465,1.3473500399243914,1.3473500399243914
C/C=C/C(CCC)(C(=O)O)C(CCC)(CCC)C(=O)O,-3.495359605226973,-2.711097593448023,0.7842620117789503,0.7842620117789503
NC(=O)Nc1cc(Nc2nc(Cl)nc(Nc3cc(N)c(S(=O)(=O)[O-])cc3N=Nc3ccc(S(=O)(=O)CCOS(=O)(=O)[O-])cc3)n2)ccc1N=Nc1cc2c(S(=O)(=O)[O-])cc(S(=O)(=O)[O-])cc2cc1S(=O)(=O)[O-],-0.5105577533312466,-0.05697111563772328,0.45358663769352336,0.45358663769352336
CC(C)C1(O)CCN2CC3c4ccccc4CCc4cccc(c43)C2C1,-3.8099998900107925,-3.751467429167308,0.058532460843484735,0.058532460843484735
CCC(C)(C)C,-3.549999929165149,-4.184672418707796,-0.6346724895426474,0.6346724895426474
CN(C)CCCO,0.9864671916763812,0.80043499030706,-0.1860322013693212,0.1860322013693212
NCCNCCN,0.9863999203424334,1.0219989842653185,0.035599063922885144,0.035599063922885144
CCCC[N+](=O)[O-],-1.3506000930405635,-1.4762811925443962,-0.12568109950383266,0.12568109950383266
CC(O)C(Cl)(Cl)Cl,-0.7573999723462244,-0.5668951805069158,0.19050479183930857,0.19050479183930857
CC(C)N1C(=O)c2ccccc2NS1(=O)=O,-2.6816999864687383,-2.8640833137448567,-0.1823833272761184,0.1823833272761184
O=C(OCC1CO1)C1CC=CCC1C(=O)OCC1CO1,-1.3401088970108983,-1.6388864923084496,-0.2987775952975513,0.2987775952975513
NCCNCCNCCNCCNCCN,0.3327785667360814,0.38424903545975475,0.051470468723673335,0.051470468723673335
C1=CCC(C2OCC3(CO2)COC(C2CC=CCC2)OC3)CC1,-5.239735525734655,-4.858464074090085,0.38127145164457055,0.38127145164457055
CC(=O)OCCC(C)C,-1.8135001337125123,-1.5706077224731405,0.24289241123937177,0.24289241123937177
COc1cc(OC)c2c(c1Cl)O[C@]1(C2=O)C(OC)CC(=O)C[C@H]1C,-4.610999935678065,-4.02415096426304,0.5868489714150256,0.5868489714150256
Nc1ccc(S(=O)(=O)Nc2ccnn2-c2ccccc2)cc1,-2.321300044932755,-3.786227031272137,-1.464926986339382,1.464926986339382
O=C1NC(=O)C2(CCCCC2)C(=O)N1,-3.059999920136995,-2.070967614806287,0.9890323053307077,0.9890323053307077
O=C([O-])CF,1.0451996962234467,0.8229218635353233,-0.2222778326881234,0.2222778326881234
c1ccc(N=NNc2ccccc2)cc1,-2.595999949748652,-3.9347600939765273,-1.3387601442278751,1.3387601442278751
CCN(CC)c1ccc2cc(-c3n(C)c4ccccc4[n+]3C)c(=O)oc2c1,-1.4505614823365476,-1.4494355726420567,0.0011259096944908897,0.0011259096944908897
CC(O)COC(C)CO,0.872300112067153,0.973441881773375,0.10114176970622202,0.10114176970622202
CCCC(N)=O,0.2720998235153753,0.02073299449687127,-0.25136682901850405,0.25136682901850405
NC(=O)CC[C@H](N)C(=O)O,-0.5483114064155057,-0.23425831594743896,0.31405309046806673,0.31405309046806673
CN1/C(=C(/O)Nc2ccccn2)C(=O)c2ccccc2S1(=O)=O,-4.158599806350301,-3.4944896398080987,0.6641101665422022,0.6641101665422022
CC(O)CN(CCCN(C)C)CCCN(C)C,0.6101058665260357,0.6979197415032772,0.08781387497724147,0.08781387497724147
NCCNCCS(=O)(=O)[O-],0.24453573487233227,0.011236569913536165,-0.2332991649587961,0.2332991649587961
CCCCCCCCCCCCCCCCOP(=O)([O-])O,-3.2602593660520016,-3.15541489837658,0.10484446767542144,0.10484446767542144
O=[N+]([O-])c1cc(S(=O)(=O)Nc2ccccc2)ccc1Nc1ccccc1,-6.269000008104228,-5.495302591644412,0.7736974164598154,0.7736974164598154
CCN,1.3459995168431056,1.4522528185150283,0.1062533016719227,0.1062533016719227
COc1ccc(CCN(C)CCCC(C#N)(c2ccc(OC)c(OC)c2)C(C)C)cc1OC,-3.9799999298794773,-4.671127162901834,-0.6911272330223563,0.6911272330223563
CCOC(=O)c1ccc2sc3ccccc3c(=O)c2c1,-6.7566022460138715,-5.984966273791501,0.7716359722223709,0.7716359722223709
CC(C)(C)Cl,-1.5069999526899274,-2.037610633631944,-0.5306106809420168,0.5306106809420168
CC(C)CCCC(C)(C)O,-2.2869837663657124,-2.2033902824445497,0.08359348392116273,0.08359348392116273
Cc1ccccc1N1C(=O)c2cc(S(N)(=O)=O)c(Cl)cc2NC1C,-3.782999913717705,-3.785319753412976,-0.002319839695271053,0.002319839695271053
O=C(Cl)Cl,-1.160845907664249,-1.536688535423893,-0.37584262775964405,0.37584262775964405
CCC[C@@H](N)C(=O)O,-0.068700294859529,-0.33314990038615155,-0.26444960552662256,0.26444960552662256
O=C(O)COCC(=O)O,0.4926999581584903,0.8414789469760175,0.3487789888175272,0.3487789888175272
Nc1ccc2cc(S(=O)(=O)[O-])c(N=Nc3ccc(N=Nc4cccc(C(=O)[O-])c4O)c4ccccc34)c(O)c2c1,-2.7868203993857144,-4.545049516587363,-1.7582291172016484,1.7582291172016484
CC(C)C[C@H](N)C(=O)N[C@H](CCC(N)=O)C(=O)O,-1.5687000218308904,-0.9008328057584318,0.6678672160724586,0.6678672160724586
CCCC(C)CO,-1.110000081873405,-0.8916561242765315,0.21834395759687353,0.21834395759687353
CC(=O)NNC(C)=O,0.3286679341722327,-0.008220369751299028,-0.33688830392353175,0.33688830392353175
C=C(Cl)CCl,-1.7127999853342093,-1.6360924169442064,0.07670756839000292,0.07670756839000292
CC(C)(C)c1ccc(OC(=O)c2cc(C(C)(C)C)c(O)c(C(C)(C)C)c2)c(C2C(=O)Oc3ccc(C(C)(C)C)cc32)c1,-8.848512227130682,-7.854375909346363,0.994136317784319,0.994136317784319
CCCCCC(=O)OCC,-2.349999916087518,-2.2841058060992183,0.06589410998829948,0.06589410998829948
ON=C(C(=NO)c1ccccc1)c1ccccc1,-5.899999855479935,-4.266445967927456,1.6335538875524795,1.6335538875524795
CC(CCN)CC(C)(C)CN,0.4781560047004576,-0.3137389884761226,-0.7918949931765802,0.7918949931765802
CC1OCC(c2ccccc2)O1,-1.8054505875162072,-1.8076699968293195,-0.002219409313112264,0.002219409313112264
Cc1csc(=S)n1CC(=O)O,-1.9631999591482034,-2.044646547896592,-0.0814465887483884,0.0814465887483884
Nc1c(S(=O)(=O)O)cc(Nc2ccc(S(=O)(=O)O)c(Nc3nc(Cl)nc(Cl)n3)c2)c2c1C(=O)c1ccccc1C2=O,0.19560006090594717,-1.2392599074018167,-1.4348599683077639,1.4348599683077639
CC(C)CCCC(C)C1CCC2C3CCC4CC(C)(CCC=C(c5cc(Cl)c(O)c(C(=O)O)c5)c5cc(Cl)c(O)c(C(=O)O)c5)CCC4(C)C3CCC12C,-8.45999984706507,-6.650479401706162,1.809520445358908,1.809520445358908
O=C1NC(=O)C(O)(C2(O)C(=O)NC(=O)NC2=O)C(=O)N1,-1.9941999924521734,-1.3606985552096926,0.6335014372424808,0.6335014372424808
Cc1ncc2n1-c1ccc(Cl)cc1C(c1ccccc1F)=NC2,-4.130000025135724,-3.9196625137813204,0.21033751135440326,0.21033751135440326
CCCCCOP(=O)(OCC)OCC,-1.4756999900073755,-1.4531865623051858,0.02251342770218967,0.02251342770218967
N[C@@H](CS)C(=O)O,0.6219268289038751,-0.043315034846366895,-0.665241863750242,0.665241863750242
COc1ccc(Cc2nccc3cc(OC)c(OC)cc23)cc1OC,-3.8699998600248966,-3.6763832923717503,0.19361656765314628,0.19361656765314628
CC(C=NNC(N)=O)=NNC(N)=O,-1.9500000706012284,-1.6995569287450047,0.25044314185622363,0.25044314185622363
O=C1COC2(CCN(CCc3c[nH]c4ccccc34)CC2)CN1,-2.989999990583246,-2.6313239365570147,0.3586760540262315,0.3586760540262315
O=[N+]([O-])C(CCl)([N+](=O)[O-])[N+](=O)[O-],-0.2586001894004668,-1.4293185840791571,-1.1707183946786903,1.1707183946786903
C=CC(C#N)OC(C)=O,-0.8986941492814142,-0.4197485336950768,0.4789456155863374,0.4789456155863374
CCC(=O)C(C)=O,-0.1764000663881129,0.25631529950620413,0.43271536589431703,0.43271536589431703
OCC1OC(n2c(-c3ccco3)nc3ccccc32)C(O)C(O)C1O,-2.329999903386685,-2.627524263691687,-0.29752436030500196,0.29752436030500196
CCC(N)CO,1.0498999742852564,1.0014218543311464,-0.04847811995411,0.04847811995411
O=C([O-])CN(CCN(CC(=O)[O-])CC(=O)[O-])CC(=O)[O-],-0.0836304456922079,-0.12630307676200125,-0.042672631069793354,0.042672631069793354
Nc1c(Oc2ccccc2)c(Oc2ccccc2)c(N)c2c1C(=O)c1ccccc1C2=O,-8.271656997933762,-7.018487370243124,1.2531696276906388,1.2531696276906388
CC(C(=O)O)N(CCC#N)CCC#N,-0.17000002964141725,-0.07825091780503257,0.09174911183638468,0.09174911183638468
C=CCl,-1.3600001044570267,-1.3209695216188684,0.0390305828381583,0.0390305828381583
C=CC(N)=O,0.9544000089625322,0.263035079354335,-0.6913649296081972,0.6913649296081972
O=C(O)CC(CC(=O)O)C(=O)O,0.2750001167753253,0.4067212015947659,0.13172108481944056,0.13172108481944056
COc1cc2ncnc(N3CCN(C(=O)Nc4ccsc4)CC3)c2cc1OC,-5.300000155338895,-3.784966578909751,1.5150335764291443,1.5150335764291443
CCCC=C(C=O)CC,-2.4600000540304934,-2.331518342676528,0.12848171135396536,0.12848171135396536
CC12CCCC(C)(CC1)C2=NO,-3.074152207871183,-3.899363184497458,-0.8252109766262747,0.8252109766262747
CC12CCC(CC1)C(C)(C)O2,-4.171352354144204,-3.27177551370894,0.8995768404352642,0.8995768404352642
C=CC(=O)OCCOCCOC[C@@H](CC)CCCC,-3.994274117117773,-3.2958716561455543,0.6984024609722188,0.6984024609722188
COc1ccc2cc(C(C)C(=O)OCCCCN3CCOCC3)ccc2c1,-3.7000000244213958,-3.823775602111608,-0.1237755776902123,0.1237755776902123
OC(CI)CI,-1.3970999727755318,-1.4334989391591622,-0.03639896638363038,0.03639896638363038
COc1c2c(cc3oc(=O)ccc13)OC(C)(C)C=C2,-3.8099998900107925,-3.572557001528331,0.23744288848246153,0.23744288848246153
CCC(C)[N+](=O)[O-],-0.620000043056578,-1.06876615858328,-0.448766115526702,0.448766115526702
COc1cc(S(=O)(=O)[O-])c(C)cc1NC(=O)C(N=Nc1ccc(-c2nc3ccc(C)c(S(=O)(=O)[O-])c3s2)cc1)C(C)=O,-0.7697043623263182,-1.623545632279038,-0.8538412699527198,0.8538412699527198
OCC(O)C(O)C(O)C(O)C(O)CO,0.37219984078293544,0.4303800122723258,0.058180171489390364,0.058180171489390364
CC(=O)CC(=O)OCCOC(=O)CC(C)=O,-0.03375596893992272,-0.36082783282510533,-0.3270718638851826,0.3270718638851826
CC(C)CN,1.135899974428122,0.4324332859024098,-0.7034666885257121,0.7034666885257121
N=C(N)N,0.7166396923840548,0.18788156048459426,-0.5287581318994605,0.5287581318994605
C[N+](CCO)(CCO)CCO,0.3926661228105628,0.7322150488447576,0.33954892603419484,0.33954892603419484
CC12CCc3c(ccc4cc(O)ccc34)C1CCC2=O,-4.959999939424736,-4.555930586764987,0.4040693526597492,0.4040693526597492
CCCCCCCCCO,-3.0130119125727766,-3.047561689650576,-0.034549777077799604,0.034549777077799604
C=CC(=O)OCCCOCC(C)(C)COCCCOC(=O)C=C,-3.049542166679872,-3.072661608223717,-0.023119441543844932,0.023119441543844932
O=c1ccn(CCO)c(C(O)c2ccccc2)c1O,-2.8199999251814134,-1.6572522473600826,1.1627476778213308,1.1627476778213308
CC(C#N)NC=O,1.0083088592766205,0.7282803566927716,-0.2800285025838489,0.2800285025838489
C/C=C/CC(C)C(O)C1C(=O)NC(CC)C(=O)N(C)CC(=O)N(C)C(CC(C)C)C(=O)NC(C(C)C)C(=O)N(C)C(CC(C)C)C(=O)NC(C)C(=O)NC(C)C(=O)N(C)C(CC(C)C)C(=O)N(C)C(CC(C)C)C(=O)N(C)C(C(C)C)C(=O)N1C,-4.6399997362114105,-1.6460152110550514,2.993984525156359,2.993984525156359
CCC(=O)CC(C)CC,-1.6308176090080544,-1.9904951667206399,-0.35967755771258547,0.35967755771258547
C=C1CCO[C@]2(C(O)C(C)(O)CO)NC(=O)[C@@]1(O)NC2=O,-0.19710002778629532,-0.823402819500834,-0.6263027917145387,0.6263027917145387
CCCCCCCCCCCO,-4.4804405750487195,-4.4584045831700525,0.022035991878667005,0.022035991878667005
C[N+](C)(C)CCO,0.6032049715480459,0.6306938906033577,0.02748891905531181,0.02748891905531181
COc1nn(CSP(=S)(OC)OC)c(=O)s1,-3.0999998817057905,-3.2153685342381015,-0.11536865253231099,0.11536865253231099
CC(O)C(F)(F)F,0.30940000789103994,0.5310157490292582,0.22161574113821825,0.22161574113821825
CCCCCCCCCCCCCCCCCCN(CCO)CCO,-5.775274172330304,-4.978042955485568,0.797231216844736,0.797231216844736
CC/C(CC(C)CC)=N\O,-2.130728254113078,-2.3394076087917473,-0.20867935467866916,0.20867935467866916
C=CC(=O)OC(C)COCC(C)OCC(C)OC(=O)C=C,-1.875569105775872,-1.8522270423103808,0.02334206346549128,0.02334206346549128
O=[N+]([O-])CCl,-0.28099990948353426,-0.7174860106754388,-0.43648610119190456,0.43648610119190456
Nc1ccc(N=Nc2ccc(NC(=O)c3ccc(N=Nc4c(S(=O)(=O)[O-])cc5c(c4N)C(=O)/C(=N/Nc4ccccc4)C(S(=O)(=O)[O-])=C5)cc3)cc2)c(N)c1,-1.3406827460012931,-2.8516329082023635,-1.5109501622010704,1.5109501622010704
O=C([O-])[C@H](O)[C@@H](O)[C@H](O)[C@H](O)CO,-0.1798001284650419,-0.03206029555871792,0.14773983290632398,0.14773983290632398
CCCCP(=O)(CCCC)CCCC,-0.5931999062018876,-1.27567548735375,-0.6824755811518624,0.6824755811518624
CN(C)[C@@H]1C(O)=C(C(N)=O)C(=O)[C@@]2(O)C(=O)C3=C(O)c4c(O)cccc4[C@@](C)(O)[C@H]3[C@H](O)[C@@H]12,-3.089999892377473,-1.9046977976403532,1.1853020947371198,1.1853020947371198
S=C([S-])NCCNC(=S)[S-],-0.10780019168347499,-0.0018094388614535717,0.10599075282202142,0.10599075282202142
CCCCCCCCCCCCOCCO,-1.4593774315034131,-4.026544679866542,-2.5671672483631287,2.5671672483631287
FC(Cl)Cl,-0.7383000882231108,-1.0800603891398455,-0.3417603009167347,0.3417603009167347
CC(C)(C)C(=O)C1C(=O)c2ccccc2C1=O,-4.10699983349994,-4.825628990460992,-0.7186291569610521,0.7186291569610521
CCCCCCCCBr,-5.063099795185274,-5.702887765820513,-0.639787970635239,0.639787970635239
CCCCCCCCCCCCCCCCCC(=O)NCCCN(C)C,-4.566614064421239,-5.094231715709746,-0.5276176512885069,0.5276176512885069
CCCCOP(=O)(OC)OCCCC,-1.4995000160155096,-1.742018349614489,-0.24251833359897934,0.24251833359897934
CCOC(=S)SC(C)C(=O)O,-1.448899989329474,-1.5165922457329775,-0.0676922564035034,0.0676922564035034
CN=C(N)N,-1.6135000067041836,-0.9755483800735663,0.6379516266306173,0.6379516266306173
O=C1CC2OCC=C3C[N+]4(O)CCC56c7ccccc7N1C5C2C3CC64,-1.280000053653695,-1.0760401779641366,0.20395987568955842,0.20395987568955842
C=CC(=O)OCC(C)C,-1.8067597911691868,-1.5283625503451719,0.27839724082401496,0.27839724082401496
Cc1cc(=O)oc2c1cc(C)c1oc3c(c12)CCCC3,-5.09000002198015,-5.649241192002746,-0.5592411700225961,0.5592411700225961
CCOC(=O)C(Cl)Cc1cc(-n2nc(C)n(C(F)F)c2=O)c(F)cc1Cl,-4.272699750802371,-4.444707921695464,-0.1720081708930934,0.1720081708930934
O=C(O)[C@@H]1C[C@@H](C2CCCCC2)CN1,0.6312682843009099,-0.7482723145084966,-1.3795405988094065,1.3795405988094065
CCOC(=O)CC(=O)C(F)(F)F,-1.6630245091077942,-1.2918663629023937,0.37115814620540055,0.37115814620540055
CCOCCOCCOC(C)=O,0.7539643885818061,0.019778939910562343,-0.7341854486712438,0.7341854486712438
O=C(O)C(Br)=C(Br)Br,-1.359300019582888,-0.919472139979904,0.439827879602984,0.439827879602984
CC(C)N(N=O)C(C)C,-1.000599870775988,-1.2219875157920157,-0.2213876450160277,0.2213876450160277
C=C(C)C(=O)OCCCCCCCCCCCCOC(=O)C(=C)C,-7.4842204328410755,-6.657295322367587,0.8269251104734883,0.8269251104734883
CN(C)C(=S)SC(=S)N(C)C,-2.830299128960169,-3.0367656618779115,-0.20646653291774264,0.20646653291774264
O[Si](O)(c1ccccc1)c1ccccc1,-2.7330205245473174,-2.0063661629910596,0.7266543615562577,0.7266543615562577
CO[C@H]1C[C@H](OC2/C(C)=C/C[C@@H]3C[C@@H](C[C@]4(C=C[C@H](C)[C@@H](C5CCCCC5)O4)O3)OC(=O)[C@@H]3C=C(C)[C@@H](O)[C@H]4OC/C(=C\C=C\[C@@H]2C)[C@]43O)O[C@@H](C)C1O[C@H]1C[C@H](OC)[C@@H](O)[C@H](C)O1,-7.555881289417117,-4.626110520756656,2.929770768660461,2.929770768660461
CCCCS(=O)(=O)C(S(=O)(=O)CCCC)S(=O)(=O)CCCC,-2.9700000119266106,-2.2813307954854865,0.6886692164411241,0.6886692164411241
CC(C)(C)N(CC(=O)c1ccc(O)c(CO)c1)Cc1ccccc1,-1.348776685830932,-3.0328964069287414,-1.6841197210978094,1.6841197210978094
O=C(c1ccccc1)c1ccccn1,-2.019999978877354,-2.6981473850443534,-0.6781474061669992,0.6781474061669992
COCCOCCO,0.9202999791370048,1.0638376686770248,0.14353768954002,0.14353768954002
CCCC(C)CC,-4.306300147987709,-4.384558906185397,-0.07825875819768768,0.07825875819768768
CCCCCCC#CC(=O)OC,-3.651887607235132,-3.76615688752478,-0.11426928028964811,0.11426928028964811
C=CC(=O)OCCCCCCCCCCCC,-4.3809108661750304,-5.952781979038797,-1.5718711128637661,1.5718711128637661
O=C(O)CN(CCCN(CC(=O)O)CC(=O)O)CC(=O)O,-1.469072674199225,-0.2109519308007619,1.2581207433984631,1.2581207433984631
C#CC(C)(O)CC(C)C,-1.0365980688685097,-0.5177762125820418,0.5188218562864679,0.5188218562864679
C=C(C)C=O,-0.06751119913477144,-0.2745391378887807,-0.20702793875400927,0.20702793875400927
CCCCN(c1nc(NCCCN(CCN(CCCNc2nc(N(CCCC)C3CC(C)(C)N(C)C(C)(C)C3)nc(N(CCCC)C3CC(C)(C)N(C)C(C)(C)C3)n2)c2nc(N(CCCC)C3CC(C)(C)N(C)C(C)(C)C3)nc(N(CCCC)C3CC(C)(C)N(C)C(C)(C)C3)n2)c2nc(N(CCCC)C3CC(C)(C)N(C)C(C)(C)C3)nc(N(CCCC)C3CC(C)(C)N(C)C(C)(C)C3)n2)nc(N(CCCC)C2CC(C)(C)N(C)C(C)(C)C2)n1)C1CC(C)(C)N(C)C(C)(C)C1,-5.359014409663162,-5.723652547370434,-0.3646381377072716,0.3646381377072716
COc1cc2nc(N3CCN(C(=O)c4ccco4)CC3)nc(N)c2cc1OC,-5.09000002198015,-3.7064629748447797,1.3835370471353703,1.3835370471353703
CCCCCCl,-2.7323999328739723,-2.603509759240299,0.1288901736336734,0.1288901736336734
COC(=O)C1=CCCN(C)C1,0.8090999194145172,0.25553636827102144,-0.5535635511434958,0.5535635511434958
CCOC(=O)CN(N=O)C(N)=O,0.7565996818096465,-0.7950411434024653,-1.5516408252121119,1.5516408252121119
C=CC(C)(C)O,0.35105730481930886,0.03318145952011653,-0.31787584529919233,0.31787584529919233
O=C([O-])CCC(=O)C(=O)[O-],0.42952563909583397,0.29120869530658666,-0.1383169437892473,0.1383169437892473
C=CC(=O)OCCC(F)(F)C(F)(F)C(F)(F)C(F)(F)C(F)(F)C(F)(F)F,-6.354159252749538,-5.293654180777578,1.06050507197196,1.06050507197196
CCCCNC(=O)OCC#CI,-3.2033374000079724,-2.8296326797530043,0.37370472025496815,0.37370472025496815
CN(C)C(=S)SSC(=S)N(C)C,-4.116196124439509,-4.240492578349053,-0.12429645390954391,0.12429645390954391
CC(C)CC(NC=O)C(=O)O,-0.7328001800541344,-0.8721294620955402,-0.13932928204140582,0.13932928204140582
CCCCCCCCCCCC(=O)OC,-4.690000040317071,-5.83246951327899,-1.1424694729619187,1.1424694729619187
CCCCC(CC)C(=O)OCC,-3.4232911715203542,-3.4023590286963006,0.020932142824053646,0.020932142824053646
ICCI,-3.2195999385920206,-2.802122857560524,0.4174770810314965,0.4174770810314965
CCOC(=O)CCC(=O)OCC,-0.9600001227939479,-0.5912147209664873,0.36878540182746056,0.36878540182746056
CCCCCOC(=O)CCCC,-3.624481143225782,-3.8015667337988392,-0.17708559057305706,0.17708559057305706
OCC1OCOC2COCOC12,-0.620000043056578,0.4504483857214212,1.0704484287779992,1.0704484287779992
CCCCCCCC/C=C/CCCCCCCCOC(=O)C(CC(=O)[O-])S(=O)(=O)[O-],-0.9624269293572669,-2.01266406714573,-1.050237137788463,1.050237137788463
O=C(O)C1OC(c2ccccc2)OC1C1COC(c2ccccc2)O1,-2.450000047680077,-2.2047558632883275,0.24524418439174944,0.24524418439174944
CC(=O)C(C)(C)C,-0.7219000451259987,-0.5638622510541218,0.1580377940718769,0.1580377940718769
N#Cc1sc2c(=O)c3ccccc3c(=O)c=2sc1C#N,-6.329999856194263,-6.464079250651971,-0.1340793944577081,0.1340793944577081
C=CC(C)(O)CC/C=C(\C)CC,-2.409128695091643,-2.528563229090397,-0.11943453399875414,0.11943453399875414
CCOP(=S)(OCC)SCCS(=O)(=O)CC,-2.5402998980356175,-2.557716024246596,-0.017416126210978433,0.017416126210978433
CC(=O)OCCOC(C)=O,0.06847494272766097,-0.020096892259199972,-0.08857183498686094,0.08857183498686094
C#CCN(CC)CC,-0.6020132680097552,-0.3155618509785967,0.2864514170311585,0.2864514170311585
CCCOP(=O)(OC)OCCC,-0.6591998936439203,-0.6108318045356187,0.04836808910830159,0.04836808910830159
CCCCCCCC/C=C\CCCCCCCCCCCC(=O)OCCCCCCCC/C=C\CCCCCCCC,-7.071179344767424,-7.431018067710225,-0.3598387229428006,0.3598387229428006
CC1=CCC(C(C)CC2CCCC2=O)CC1,-4.680366894237211,-4.419601279393349,0.2607656148438622,0.2607656148438622
CCCCCCCC/C=C\CCCCCCCC(=O)NCC(C)O,-5.530921265024967,-4.607045906421989,0.9238753586029773,0.9238753586029773
CCC1(c2ccccc2)C(=O)NCNC1=O,-2.6400001002495945,-2.053624070824042,0.5863760294255527,0.5863760294255527
CCC(O)CC,-0.2334001298208448,-0.3823056360441548,-0.14890550622331,0.14890550622331
CCCCCCCCCC(=O)OC,-4.626748509014844,-4.8838784759361715,-0.25712996692132783,0.25712996692132783
NC(CSSCC(N)C(=O)O)C(=O)O,-3.309999912931944,-2.2025860904149397,1.1074138225170045,1.1074138225170045
OCC(O)C(O)C(O)C(O)CO,1.089999953450318,0.385837129177359,-0.704162824272959,0.704162824272959
Cc1c(OCc2ccccn2)ccc2c(=O)cc(N3CCOCC3)oc12,-4.449999751730287,-3.686358650723291,0.7636411010069959,0.7636411010069959
NNC(N)=S,-0.8457608694863552,-0.453925094876229,0.3918357746101262,0.3918357746101262
C[C@H](C[C@H](C)C(=O)[O-])C(=O)[O-],-0.45639997184619485,-0.2792947037270741,0.17710526811912075,0.17710526811912075
CCCCC(C)CC,-5.159099937855346,-5.2709028522243635,-0.11180291436901779,0.11180291436901779
CCNC(C)C,1.0596998007553027,0.5366063509399535,-0.5230934498153492,0.5230934498153492
CCOC(=O)C(C)CC,-2.336416485613289,-1.3353394411400894,1.0010770444731996,1.0010770444731996
FC(F)(Br)C(F)(F)Br,-4.937600083164879,-4.3534677025209465,0.5841323806439327,0.5841323806439327
CC(=O)C=C(C)[O-],-1.8656838964588924,-0.6499981556327765,1.215685740826116,1.215685740826116
C=CC#N,0.14739974160214642,-0.23844874810985717,-0.3858484897120036,0.3858484897120036
O=c1occo1,0.7770763132732661,0.5735799833747146,-0.2034963298985515,0.2034963298985515
CCSS(=O)(=O)CC,-1.1089999995322897,-1.4566220303473503,-0.3476220308150606,0.3476220308150606
CCC(O)CN,1.0498999742852564,0.8723564892579514,-0.177543485027305,0.177543485027305
CCCCOCCOCCOCCCC,-1.8620060337316537,-1.5296473783528548,0.33235865537879894,0.33235865537879894
C=C(Br)C(F)(F)F,-2.238585241744987,-2.1727925834647666,0.06579265828022063,0.06579265828022063
Cc1cccc2[n-]c(=S)[nH]c12,-4.087958777749833,-3.0839042107550134,1.0040545669948195,1.0040545669948195
C=C(C)CO,0.42979989914962013,0.321140081255995,-0.10865981789362511,0.10865981789362511
CCCCCCCCC(=O)N(C)C,-2.1440496804445637,-2.3606854363956105,-0.21663575595104678,0.21663575595104678
CCCCN(CCCC)N=O,-2.0954999995876404,-2.306417964506723,-0.21091796491908266,0.21091796491908266
CCN1C(=O)C(C(N)=O)=C(C)/C(=N/Nc2cc(Nc3nc(F)nc(Nc4cc(S(=O)(=O)[O-])ccc4Cl)n3)ccc2S(=O)(=O)[O-])C1=O,-0.9210343601075284,-1.7187492769080988,-0.7977149168005704,0.7977149168005704
O=C1OC([C@@H](O)C[O-])C(=O)C1O,0.5110429716862988,0.5386021579649243,0.027559186278625525,0.027559186278625525
Cc1cc(Nc2nc(NCCO)nc(Nc3ccc(N=Nc4cc(S(=O)(=O)[O-])c5cccc(S(=O)(=O)[O-])c5c4)c(C)c3)n2)ccc1N=Nc1cc(S(=O)(=O)[O-])c2cccc(S(=O)(=O)[O-])c2c1,-1.174873478737,-0.2079247207731214,0.9669487579638787,0.9669487579638787
CC(=O)O,1.0017173579640732,1.178882543870516,0.1771651859064427,0.1771651859064427
CC(=O)N[C@H](C(=O)O)C(C)C,-0.35990019653593386,-0.5783958550761628,-0.2184956585402289,0.2184956585402289
CCCCP(=O)(CCCC)OCC,-1.2005000440209213,-1.0638353332170702,0.136664710803851,0.136664710803851
CCCCCC(=O)CCCCC,-3.532200056761733,-4.536070836157203,-1.0038707793954695,1.0038707793954695
CC(CCOS(=O)(=O)c1ccccc1)[N-]c1ccc([N-]C(C)CCOS(=O)(=O)c2ccccc2)c2c1C(=O)c1ccccc1C2=O,-0.4376462491216535,-2.595026489969858,-2.1573802408482043,2.1573802408482043
CC(C)CCCCCCCOC(=O)CCCCCCCCC(=O)OCCCCCCCC(C)C,-7.252394428389657,-7.212956813128079,0.039437615261578074,0.039437615261578074
CC(SCSC(C)C(=O)O)C(=O)O,-1.820000124222604,-1.3302970869833879,0.48970303723921615,0.48970303723921615
CCSCCSP(=O)(OC)OC,-1.843800014053949,-1.5429026908531025,0.3008973232008465,0.3008973232008465
NCCCCCC(=O)O,0.585400128691818,-0.26206343750766203,-0.84746356619948,0.84746356619948
CC(C)CCC(C)(O)C#CC(C)(O)CCC(C)C,-3.437525220649984,-2.967545238055175,0.469979982594809,0.469979982594809
CCCCCCCCCCCC(=O)OCC[N+](C)(C)C,-2.2111003399049616,-1.492387638483632,0.7187127014213295,0.7187127014213295
CN(CC(=O)O)C(=N)N,-0.9387417003825695,-0.6768451373030095,0.26189656307956,0.26189656307956
CCOC(=S)SC(CC(N)=O)C(=O)O,-1.7000000480176067,-1.6782904719030538,0.02170957611455293,0.02170957611455293
CC(C)(C)N,1.1358506784303715,1.0179371029920632,-0.11791357543830827,0.11791357543830827
O=C(Nc1ccccc1)Nc1cnns1,-3.8499998473240638,-2.8387734275846097,1.011226419739454,1.011226419739454
CCOS(C)(=O)=O,0.40199995230739294,-0.21354146862737533,-0.6155414209347683,0.6155414209347683
CCCCCCCCCCCCCC(=O)[O-],-6.707031171148296,-5.463603903322592,1.2434272678257043,1.2434272678257043
CCC1(CC)C(=O)NCC(C)C1=O,-0.38000016300016215,-1.3403965023900426,-0.9603963393898804,0.9603963393898804
C[S+](C)(C)=O,-0.7568846793752577,-0.2554174654793684,0.5014672138958893,0.5014672138958893
CCOC(C)C,-0.5606999536514286,-0.5279685005590453,0.032731453092383234,0.032731453092383234
COc1ccc(C(=O)Nc2ccccc2)cc1N/N=C1\C(=O)C(C(=O)Nc2ccc3[nH]c(=O)[nH]c3c2)=Cc2ccccc21,-8.479082572912723,-8.287625088255,0.1914574846577235,0.1914574846577235
CC1COC(Cn2cncn2)(c2ccc(Oc3ccc(Cl)cc3)cc2Cl)O1,-4.9099997714958645,-4.72941382464051,0.18058594685535478,0.18058594685535478
CC(C)C(=O)OC(=O)C(C)C,0.5917900883561007,-1.1802395251220281,-1.7720296134781288,1.7720296134781288
COCOC,0.5059998004688611,0.460959055031966,-0.04504074543689507,0.04504074543689507
N#C[O-],0.5685384462787493,0.40789504551911415,-0.16064340075963512,0.16064340075963512
O=c1[n-]c(=O)n(Cl)c(=O)n1Cl,-0.8951599530669583,-0.7769224130467451,0.11823754002021314,0.11823754002021314
ClCCCCl,-1.6137000504077645,-1.3681741162388137,0.24552593416895085,0.24552593416895085
O=C(Nc1cc(S(=O)(=O)[O-])cc2c1C(=O)/C(=N/Nc1ccc3c(CNc4nc(F)nc(F)c4Cl)cccc3c1S(=O)(=O)[O-])C(S(=O)(=O)[O-])=C2)c1ccccc1,-0.8900866867790702,-0.7488099404729196,0.1412767463061506,0.1412767463061506
O=C(O)CC1(O)CC(=O)N(c2ccccc2)C1=O,-0.680000081159077,-1.536754444989947,-0.8567543638308701,0.8567543638308701
NNC(=O)CCCCC(=O)NN,-0.232458058792,-0.12066290649997624,0.11179515229202375,0.11179515229202375
Cc1ccc(S(=O)(=O)NC(=O)NN2CCCCCC2)cc1,-3.6777998714231463,-3.507568399100931,0.17023147232221536,0.17023147232221536
C=CC(C)C,-2.732000117820389,-3.058643961034491,-0.3266438432141019,0.3266438432141019
CCCOCC(O)COCCC,-0.34310006603165943,-0.5503224652408854,-0.20722239920922592,0.20722239920922592
O=S1OCCO1,0.22139984306594362,0.1435715396994457,-0.07782830336649793,0.07782830336649793
CCCCCCC=O,-1.750124545355171,-2.2127612882048777,-0.4626367428497067,0.4626367428497067
CCOC(=O)NCC(C)C,-0.7680002459841728,-1.0323936104967868,-0.26439336451261397,0.26439336451261397
O=C(O)CCCCCCCCCCBr,-3.698999805903491,-4.408179042654777,-0.7091792367512859,0.7091792367512859
O=C(O)CN1CCCCS1(=O)=O,-0.5900000240053287,-0.30455386403328166,0.28544615997204703,0.28544615997204703
CCC(=O)OCCC(C)C,-2.87007354346605,-2.2252211920784295,0.6448523513876205,0.6448523513876205
O=c1c2ccc3c(=O)n4c5ccccc5nc4c4ccc(c2c34)c2nc3ccccc3n12,-5.633055491172099,-6.413837913629129,-0.7807824224570297,0.7807824224570297
CCC(C)C(O)C(C)CC,-2.5107998861107284,-2.320547600083105,0.19025228602762345,0.19025228602762345
OCC(S)CS,-0.15470002264881577,0.00814753562352255,0.16284755827233832,0.16284755827233832
NC(Cc1ccc(O)c(O)c1)C(=O)OC1CCCCC1,-1.2700000473032786,-1.8965464592939958,-0.6265464119907171,0.6265464119907171
CC[S+]([O-])CSP(=S)(OC(C)C)OC(C)C,-2.307400003423247,-2.586957470492673,-0.2795574670694263,0.2795574670694263
NC(=O)C1(N2C(=O)c3cccc(Cl)c3C2=O)CCCCC1,-4.009699747198566,-3.7616781690992704,0.24802157809929515,0.24802157809929515
CC(C)(CO)[C@@H](O)C(=O)NCCCO,0.394426071636349,0.156722949309406,-0.23770312232694302,0.23770312232694302
COc1ccc(C(=O)CSc2cccc(OC)c2)cc1,-5.284725068698748,-5.165467700702962,0.11925736799578601,0.11925736799578601
Cl/C=C/C[N+]12CN3CN(CN(C3)C1)C2,0.08289987767178664,-0.15521449855904645,-0.2381143762308331,0.2381143762308331
CCOC(=O)CCCCCC(=O)OCC,-2.040800098304116,-2.288675967238788,-0.24787586893467228,0.24787586893467228
C=C1C2CCC(C)(OCC)C1CCC2(C)C,-4.734296171069705,-4.34796112168929,0.3863350493804143,0.3863350493804143
Nc1ccc(C2(c3ccc(N)c(Cl)c3)c3ccccc3-c3ccccc32)cc1Cl,-6.904485609256188,-6.2869837872616845,0.6175018219945034,0.6175018219945034
CC(CCOC(=O)CC(C)CC(C)(C)C)CC(C)(C)C,-8.27796634093874,-7.123901278185384,1.1540650627533555,1.1540650627533555
CC(C)(S(C)(=O)=O)S(C)(=O)=O,-1.4503999766643576,-0.9951449009475031,0.45525507571685453,0.45525507571685453
O=S(=O)(CCCl)CCOCCS(=O)(=O)CCCl,-1.940799966711557,-1.5178250542071219,0.4229749125044351,0.4229749125044351
CCCCOCCOC(=O)CCCCC(=O)OCCOCCCC,-4.958732950576461,-3.566494206600504,1.3922387439759567,1.3922387439759567
O=C(O)C(Br)=C(Br)I,-1.0197001634294698,-1.0776409361231523,-0.057940772693682474,0.057940772693682474
COc1cc(OC)nc(NC(=O)NS(=O)(=O)Nc2ccccc2C(=O)C2CC2)n1,-6.394299812597831,-5.132449731645749,1.2618500809520823,1.2618500809520823
c1ccc2c(c1)ccc1ncccc12,-3.3573999212446317,-3.593616333473654,-0.23621641222902223,0.23621641222902223
CCCS[S+]([O-])CCC,-0.9199000074520969,-1.4400874445823426,-0.5201874371302457,0.5201874371302457
CCOP(=O)(Sc1ccccc1)Sc1ccccc1,-3.3304998646707427,-4.858002434774129,-1.527502570103386,1.527502570103386
CCOP(=S)(OCC)SCCSCC,-4.226200007244192,-4.139120601780405,0.08707940546378712,0.08707940546378712
O=C(c1ccc(F)cc1)C1CCN(CCn2c(=O)[nH]c3ccccc3c2=O)CC1,-4.597099689903374,-4.069952529422131,0.5271471604812428,0.5271471604812428
CC(C)CN(C=O)CC(C)C,-1.082666676711551,-1.5245862317992205,-0.44191955508766956,0.44191955508766956
COC(C)COC(C)COCCC[Si](C)(O[Si](C)(C)C)O[Si](C)(C)O[Si](C)(C)C,-6.2877395684426745,-6.2786721007458475,0.00906746769682698,0.00906746769682698
CCCCCCCC/C=C\CCCCCCCCCCCC(=O)NCCCCCCCCCCCCCCCCCC,-7.7709093421928905,-7.09360112549037,0.6773082167025208,0.6773082167025208
CCCCC(=O)N(Cc1ccc(-c2ccccc2-c2nnn[nH]2)cc1)C(C(=O)O)C(C)C,-4.199999729146666,-3.459906250468711,0.7400934786779549,0.7400934786779549
CCCCC(=O)OCC,-1.770599951227686,-1.4965986333412449,0.2740013178864411,0.2740013178864411
CC(C)(O)[C@@H]1C2OC(=O)C1[C@]1(O)C[C@H]3O[C@]34C(=O)O[C@H]2[C@]14C,-2.1672000750790197,-1.1314255932053374,1.0357744818736823,1.0357744818736823
CC[C@H](C)[C@@H](NC(C)=O)C(=O)O,-0.5912000138732356,-0.7941592625145213,-0.20295924864128567,0.20295924864128567
CC(C)(CO)CO,0.9014228802412965,0.7848043460698744,-0.1166185341714221,0.1166185341714221
Cc1ccccc1Oc1cccnn1,-1.969000000960946,-2.2202480157307267,-0.25124801476978065,0.25124801476978065
CCOP(=O)(OCC)SCCSCC,-3.023149946865791,-2.2046316019680297,0.8185183448977615,0.8185183448977615
Nc1nc2c(ncn2COCCOC(=O)c2ccc(CN3CCOCC3)cc2)c(=O)[nH]1,-2.749999999883189,-2.843046893544345,-0.09304689366115593,0.09304689366115593
NCCCCCCCCCCC(=O)O,-2.4007754065666536,-2.1705526114564595,0.23022279511019406,0.23022279511019406
COCCOC,1.045169192622628,0.866947819537851,-0.17822137308477703,0.17822137308477703
COC(=O)CC(=O)OC,0.027341926438457342,0.031706937244844635,0.004365010806387293,0.004365010806387293
CN(C)C(=O)N(C)C,0.9349000374322567,1.3194355105411781,0.38453547310892144,0.38453547310892144
O=C(O)C(Br)=C(Cl)Br,-1.0071001336396588,-0.8400234689967219,0.1670766646429369,0.1670766646429369
CCCC[N+](C)(CCCC)CCCC,0.48506180204286453,0.5712072389967746,0.08614543695391008,0.08614543695391008
CC(C)C(C)C(C)C,-4.69610021577358,-4.489491293000454,0.2066089227731256,0.2066089227731256
CC1(C)OC(c2ccco2)CN1C(=O)C(Cl)Cl,-3.1498000399752786,-2.493470674735564,0.6563293652397144,0.6563293652397144
NC(C(=O)O)C(O)C(O)C(O)CO,-0.858999976948668,-0.4002452939218566,0.45875468302681144,0.45875468302681144
CCCCCCCC/C=C\CCCCCCCCNCCCN,-6.102617028026329,-4.920945389471649,1.18167163855468,1.18167163855468
CC(Br)CBr,-2.1498000858175814,-2.1686111389704466,-0.01881105315286513,0.01881105315286513
CCC(C)C(C)(C)C,-4.677599781877262,-4.408700599758055,0.26889918211920705,0.26889918211920705
CC(CCCO[N+](=O)O)O[N+](=O)O,-2.4400000413296605,-2.2566036098069433,0.18339643152271723,0.18339643152271723
O=C(O)[C@@H](O)[C@H](O)[C@H](O)[C@H](O)C(=O)O,0.19989970685343783,0.261878666059026,0.06197895920558816,0.06197895920558816
CN1CCN(C2=Nc3ccccc3Oc3ccc(Cl)cc32)CC1,-4.420000005032617,-4.0998614462012934,0.32013855883132347,0.32013855883132347
CCC/C=C(/C=O)CC,-2.2559578594717626,-2.3315184107649225,-0.07556055129315986,0.07556055129315986
O=C(c1ccccc1O)N1CCOCC1,-1.703699971384723,-1.0192317152740453,0.6844682561106776,0.6844682561106776
CCCCCCCC/C=C/CCCCCCCC(=O)OCCC(C)C,-8.070164373313965,-7.210153750095737,0.8600106232182281,0.8600106232182281
O=C1C(=C2Nc3ccccc3C=C2O)C(=O)c2ccccc21,-7.0463597631372945,-6.535071751545797,0.511288011591498,0.511288011591498
CCCCN(CCCC)C(=O)N(CCCC)CCCC,-4.820595215442021,-4.4897859795726465,0.33080923586937416,0.33080923586937416
O=C(Cl)OCCOCCOC(=O)Cl,-4.886548902775669,-2.8752371970978805,2.0113117056777883,2.0113117056777883
O=[N+](O)OCCCCCCCO[N+](=O)O,-3.400000072218284,-3.521691430103029,-0.12169135788474472,0.12169135788474472
S=c1cnc2cncnc2[nH]1,-2.7100000425699178,-2.492832686477377,0.21716735609254068,0.21716735609254068
CCCCCC(C)O,-1.5507000376354987,-1.3915777316130988,0.15912230602239985,0.15912230602239985
CCCCCCCCCCC,-7.550499855054889,-7.1580783840736935,0.39242147098119595,0.39242147098119595
CCCC(C(CC)CO)C(CC)CO,-2.925284609861613,-2.477272173286716,0.4480124365748974,0.4480124365748974
CCO[Si](CC(C)C)(OCC)OCC,-3.0168461594482676,-3.2772203553887165,-0.26037419594044886,0.26037419594044886
O=[N+]([O-])OCC(O)CO[N+](=O)[O-],-0.3660000996388635,-0.6546679300937681,-0.28866783045490463,0.28866783045490463
CCCCCCCCCCC(C(=O)O)C(=O)O,-3.9899999362298937,-2.9522823477487257,1.037717588481168,1.037717588481168
C=C(CC(=O)O)C(=O)O,-0.22502825316410657,0.06439372435031565,0.2894219775144222,0.2894219775144222
OCCCCCCCl,-1.0824422573626733,-1.7684769550814459,-0.6860346977187726,0.6860346977187726
O=c1c2ccccc2c2cc3ccc4c(=O)c5c(Br)c(Br)ccc5c5cc6ccc1c2c6c3c45,-4.450427483025691,-7.013483690294603,-2.563056207268912,2.563056207268912
CC(C)(c1ccc(OS(=O)(=O)c2cccc(NNC3=C4C(=O)C=C(S(=O)(=O)O)C=C4C=CC3=N)c2)cc1)c1ccc(OS(=O)(=O)c2cccc(NNC3=C4C(=O)C=C(S(=O)(=O)O)C=C4C=CC3=N)c2)cc1,-2.9562873667013707,-2.8503682513816058,0.10591911531976494,0.10591911531976494
CCCCCCCC(CC)CCCC(CC)CCCC,-6.269131010175599,-7.589372064287014,-1.3202410541114151,1.3202410541114151
O=C(O)/C=C/C=C/C(=O)O,-2.8499998931663666,-1.8599575262891979,0.9900423668771687,0.9900423668771687
C=C[C@@H](COC(C)=O)OC(C)=O,-0.8176813516955566,-0.8898366661937915,-0.07215531449823498,0.07215531449823498
CC(=O)OC1(C(C)=O)CCC2C3C=C(Cl)C4=CC(=O)C=CC4(C)C3CCC21C,-4.945300063542877,-4.965221366059456,-0.019921302516578976,0.019921302516578976
O=C(O)/C=C/C(=O)O,-1.2196294785073274,-0.8418453782616702,0.37778410024565723,0.37778410024565723
CC(Cc1cccc(CC(C)c2ccc(O)cc2)c1)c1ccc(O)cc1,-6.238635307611052,-5.153766029192608,1.0848692784184433,1.0848692784184433
COC(OC(C)=O)C(OC(C)=O)C(OC(C)=O)C(COC(C)=O)OC(C)=O,-1.820000124222604,-2.294639285021982,-0.47463916079937807,0.47463916079937807
CC12CCC3C(CCC4CC5SC5CC43C)C1CCC2O,-5.406999841993341,-5.866805946010859,-0.45980610401751854,0.45980610401751854
O=S1(=O)OC2(c3cc(O)ccc3Oc3ccc(O)cc32)c2ccccc21,-3.4999999655014618,-4.049358922096445,-0.5493589565949835,0.5493589565949835
COCC(=O)N(c1c(C)cccc1C)N1CCOC1=O,-1.9130000198693298,-1.8976155832673205,0.015384436602009277,0.015384436602009277
CCOP(=S)(OCC)SCSC(C)(C)C,-4.755000081594778,-4.979076809670446,-0.22407672807566836,0.22407672807566836
CCCCCCC(C)(C)S,-3.990160148222585,-4.849272821691722,-0.859112673469137,0.859112673469137
CO[Si](CCC(F)(F)C(F)(F)C(F)(F)C(F)(F)C(F)(F)C(F)(F)F)(OC)OC,-2.8923561344881628,-5.593050291052437,-2.7006941565642744,2.7006941565642744
O=C([O-])CN(CCN(CC(=O)[O-])CC(=O)O)CC(=O)O,-0.09135984025670973,-0.1916616715261128,-0.10030183126940306,0.10030183126940306
COc1cccc(N(C)C(=S)Oc2cccc(C(C)(C)C)c2)n1,-6.013999709991819,-5.533012940509652,0.48098676948216745,0.48098676948216745
CCCCCCCC/C=C\CCCCCCCCOCCO,-2.4949028460293423,-5.1379041567670765,-2.643001310737734,2.643001310737734
CC(C)CC(=O)O,-0.3279247969781185,-0.30295405911179163,0.024970737866326864,0.024970737866326864
O=S1(=O)CCCC1,-0.0798068738003459,-0.3837172446427388,-0.3039103708423929,0.3039103708423929
NC(CCC(=O)O)C(=O)O,-0.3378501784479617,-0.1849473387495566,0.15290283969840512,0.15290283969840512
C=C(C)C(=O)OCCCC,-2.5443675327782236,-2.090241805219791,0.4541257275584325,0.4541257275584325
O=C1C(S(=O)(=O)O)=C(O)c2ccccc21,-2.2300000441477046,-1.115083016713338,1.1149170274343665,1.1149170274343665
CC1(C)COC(=O)C2CC=CCC2C(=O)OC1,-3.004181126519157,-1.5583771403128837,1.4458039862062733,1.4458039862062733
CCCCCCCCCCCCCCCCCCCCCCOC(=O)CCCCCCCCCCCCCCCCCCCCC,-7.113398779482202,-7.909491558367826,-0.7960927788856242,0.7960927788856242
CCOC(/C=C(\C)CCC=C(C)C)OCC,-2.354799739382356,-4.058100382559527,-1.7033006431771707,1.7033006431771707
C/C=N/O,0.4958194960493221,0.4522355699050813,-0.04358392614424078,0.04358392614424078
CCCCCCCCCCCCCCCCCCCCCC(=O)[O-],-6.82983322097132,-6.983663696958898,-0.1538304759875775,0.1538304759875775
C=CC(C)CCCC(C)(C)OC(C)=O,-4.030164190839537,-3.9135226427907113,0.11664154804882587,0.11664154804882587
C=CBr,-1.2750000504784869,-1.5589725052359984,-0.28397245475751154,0.28397245475751154
CC(C)(N=NC(C)(C)C(=N)N)C(=N)N,-0.1451393226208988,-0.32434906684290565,-0.17920974422200686,0.17920974422200686
CC(C)CC(N)C(=O)NC(CC(C)C)C(=O)O,-0.6900000875094934,-1.251448819464527,-0.5614487319550336,0.5614487319550336
CC1CC(C)(C)OC(Cc2ccccc2)O1,-2.744685394280344,-2.8307731433418586,-0.08608774906151462,0.08608774906151462
CCCC(=O)CCC,-1.4800000444852346,-1.4665071034875405,0.013492940997694047,0.013492940997694047
Nc1nc(=O)c(O[C@@H]2O[C@H](CO)[C@@H](O)[C@H](O)[C@H]2O)c(N)[nH]1,-1.483199926681793,-1.7481332321642493,-0.2649333054824563,0.2649333054824563
C/C=C\C=O,0.4120162998725334,-0.1725018696156777,-0.5845181694882111,0.5845181694882111
C=CCCCC=C,-3.3396000488412154,-3.279480396451356,0.06011965238985928,0.06011965238985928
CC(C)(C(=O)O)C(=O)O,-0.16700005497165016,0.614829566995617,0.7818296219672671,0.7818296219672671
CC(C)C[C@H](N)C(=O)N[C@@H](CCC(=O)O)C(=O)O,-0.8969000200814969,-0.7656381233958034,0.13126189668569355,0.13126189668569355
c1ccc(CCOC2CCCCC2)cc1,-2.418090081069553,-4.17093013800877,-1.7528400569392169,1.7528400569392169
CC/C=C\CCOC(=O)C/C=C\CC,-4.509709324741065,-3.9036758353283334,0.6060334894127317,0.6060334894127317
CCCCC(CC)C(=O)OCC(COC(=O)C(CC)CCCC)OC(=O)C(CC)CCCC,-6.973765550846927,-7.175962754174913,-0.20219720332798552,0.20219720332798552
C[C@@H](CCl)[N+](=O)[O-],-1.1887000528686444,-0.9957733568304343,0.1929266960382101,0.1929266960382101
O=Nc1ccc(NNC(=O)c2ccccc2)cc1,-4.683499777453401,-4.168981039622553,0.5145187378308478,0.5145187378308478
CCC(C)C(N)C(=O)O,-0.503300075165114,-0.8578175538865898,-0.35451747872147577,0.35451747872147577
CCCCCCCC/C=C\CCCCCCCC(=O)OCC(C)OC(=O)CCCCCCC/C=C\CCCCCCCC,-4.781755824816135,-7.494251487499467,-2.712495662683332,2.712495662683332
CCOC(=O)Nc1ccc2c(c1)N(C(=O)CCN1CCOCC1)c1ccccc1S2,-3.9000000152529353,-4.166728130819256,-0.2667281155663206,0.2667281155663206
O=C1C=Cc2ccccc2/C1=N/Nc1ccc(N=Nc2ccc(S(=O)(=O)O)cc2)cc1,-4.65844147791151,-4.332849038666017,0.32559243924549364,0.32559243924549364
O=c1nc([N+](=O)[O-])[nH][nH]1,-0.87862550347874,-1.4695852436344046,-0.5909597401556645,0.5909597401556645
CCC1(CC)C(=O)NC(=O)N=C1N,-1.3967000215451593,-1.843007192786251,-0.44630717124109176,0.44630717124109176
Cc1c(Cc2cc(C(C)(C)C)c(O)c(C(C)(C)C)c2)c(C)c(Cc2cc(C(C)(C)C)c(O)c(C(C)(C)C)c2)c(C)c1Cc1cc(C(C)(C)C)c(O)c(C(C)(C)C)c1,-7.981472975106039,-8.054581390953057,-0.07310841584701855,0.07310841584701855
C/C(N=O)=C(\C)NO,-2.286799927700066,-0.8516179693738426,1.4351819583262233,1.4351819583262233
BrCC(Br)Br,-2.7272000221719725,-2.415365251602703,0.31183477056926945,0.31183477056926945
CC(C)C(Br)C(=O)O,-1.1030000501927555,-0.7574315653613577,0.3455684848313978,0.3455684848313978
c1ccc(NNc2ccccc2)cc1,-2.9209999859161995,-3.212239787391889,-0.2912398014756894,0.2912398014756894
CCOC(=O)C(C)OC(C)=O,-0.6994000989259561,-0.3540680170009005,0.3453320819250556,0.3453320819250556
CC(=O)OCCC(C)CCC=C(C)C,-4.095938601429982,-4.577135491698144,-0.48119689026816204,0.48119689026816204
O=c1cnc2c(=O)[nH]c(=O)[nH]c2[nH]1,-3.3399998979389958,-3.5581980442386545,-0.21819814629965872,0.21819814629965872
CN(C)NC(=O)CCC(=O)O,-0.204600100637502,0.3394632129725559,0.5440633136100579,0.5440633136100579
C=CF,-0.27600004248511567,-0.833958154798291,-0.5579581123131754,0.5579581123131754
CCCCCCCC/C=C\CCCCCCCCOC(=O)CCCCCC/C=C\CCCCCCCCC,-7.027706538883306,-7.3937282327705525,-0.36602169388724626,0.36602169388724626
O=c1[nH]c(=O)c2[nH]c(=O)c(=O)[nH]c2[nH]1,-4.059999912594414,-3.565918451135058,0.4940814614593556,0.4940814614593556
CCCCOC(=O)CCC,-2.361047734743723,-2.2821367578133582,0.07891097693036464,0.07891097693036464
COc1ccc2c(c1O)C13CCN(C)C(C2)C1C=CC(=O)C3,-1.870000019797897,-2.234423883327099,-0.3644238635292021,0.3644238635292021
CCC(C)C(=O)O,-0.35595379318006204,-0.3450841618527445,0.010869631327317553,0.010869631327317553
CCC(C)C(C)=O,-0.6805001223296343,-0.8050250808917365,-0.12452495856210222,0.12452495856210222
NC(CCCC(=O)O)C(=O)O,-1.8647999729191078,-0.34947531860269043,1.5153246543164174,1.5153246543164174
CCC(C)CCCC(C)(C)O,-2.7493445809959627,-3.1138101827111058,-0.3644656017151431,0.3644656017151431
CCC(C)=O,0.5199998638301597,0.331971310728711,-0.18802855310144873,0.18802855310144873
CCOP(=S)(OCC)OC(Cl)C(Cl)(Cl)Cl,-5.52629996950099,-4.5367639760150835,0.989535993485906,0.989535993485906
O=C(O)CCl,0.9276998258712372,0.5201196994048032,-0.40758012646643405,0.40758012646643405
CC(=O)OCCOC(C)C,-0.16577528092807814,-0.6218882704179487,-0.45611298948987056,0.45611298948987056
O=c1ccc2ccc[nH]c-2c1,-2.503799922518474,-1.9019884242390965,0.6018114982793774,0.6018114982793774
CC(C)OCCO,-0.017655242425840267,0.49611527203582817,0.5137705144616684,0.5137705144616684
O=C(O)CCCCCCCCCCCC(=O)O,-3.789999945398354,-3.3022012214037524,0.4877987239946018,0.4877987239946018
OCCSCCO,0.9129676760902985,0.571103199929698,-0.34186447616060045,0.34186447616060045
C=CC(=C)CC/C=C(\C)CCC=C(C)C,-6.310389309111022,-5.9326855531710905,0.37770375593993144,0.37770375593993144
C=C(C)OC(C)=O,-0.5277514347567931,0.10243035280287982,0.6301817875596729,0.6301817875596729
CCCCCCCCC,-5.765699854623451,-6.164912189736828,-0.3992123351133774,0.3992123351133774
C=C(Cl)CSC(=S)N(CC)CC,-3.3900000658678673,-3.612917895421821,-0.22291782955395378,0.22291782955395378
CCCCCOC(=O)COc1cc(N2C(=O)C3=C(CCCC3)C2=O)c(F)cc1Cl,-6.350799771355841,-6.455938602183579,-0.10513883082773834,0.10513883082773834
CC/C=C\C(=O)O,-0.20189998725792258,-1.0733076545086875,-0.8714076672507649,0.8714076672507649
CCCC(=O)OCCC(C)CCC=C(C)C,-5.142611924552302,-5.72772505043326,-0.5851131258809579,0.5851131258809579
CSC(CCC(SC)C(=O)O)C(=O)O,-2.890000088789019,-1.2038569380556206,1.6861431507333984,1.6861431507333984
I/C=C\I,-2.781300047676234,-2.6592006190200506,0.1220994286561834,0.1220994286561834
O=C(CCCCC(=O)NCCO)NCCO,0.41209991242120525,0.367060801105783,-0.045039111315422264,0.045039111315422264
CC1Cc2ccccc2N1NC(=O)c1ccc(Cl)c(S(N)(=O)=O)c1,-3.789999945398354,-3.924411134603356,-0.13441118920500195,0.13441118920500195
O=C(O)CO,0.5960161988373329,1.1667688013955364,0.5707526025582035,0.5707526025582035
CC1(C)C(=O)C(=O)C2CCC1C2,-1.5200000698869003,-2.380232933625375,-0.8602328637384749,0.8602328637384749
C/C(Cl)=C\C(=O)O,-0.605000169707743,-0.9057077986410005,-0.30070762893325753,0.30070762893325753
CC12CCC(=O)C=C1C=CC1C2CCC2(C)C1CCC21CCC(=O)O1,-4.100706014648951,-4.888922328037555,-0.7882163133886042,0.7882163133886042
ClCC(Br)CBr,-2.374000053887628,-2.3404195385135376,0.033580515374090236,0.033580515374090236
O=C1NC(=O)C(=O)C(=O)N1,-1.2500000346024458,-0.7363230735950728,0.513676961007373,0.513676961007373
CCCCC(CC)C(=O)OOC(C)(C)C,-3.669517735270601,-4.537686165232681,-0.8681684299620795,0.8681684299620795
CCCCCCCCCCC(O)CCC,-5.8369998427076695,-5.581238043989117,0.2557617987185523,0.2557617987185523
CC1C(=O)CCC2C(O)CCC(O)C12,-0.30000011219683076,0.1252364244254207,0.42523653662225147,0.42523653662225147
CP(=O)(O)O,-0.6813000247903793,-0.5344535116223064,0.14684651316807296,0.14684651316807296
CCC(SC(CC)C(=O)O)C(=O)O,-0.7100001002103262,-0.7198661086000047,-0.009866008389678438,0.009866008389678438
c1ccc2c(c1)Nc1ccc3ccccc3c1S2,-6.572699849630259,-6.82802261437989,-0.2553227647496312,0.2553227647496312
C=CCS[S+]([O-])CC=C,-0.8300000402385339,-1.1522516543104737,-0.3222516140719398,0.3222516140719398
IC(I)I,-3.5952000354898015,-3.82730741523225,-0.23210737974244866,0.23210737974244866
O=C(c1cccc2ccccc12)N(O)c1ccccc1,-3.94329994470295,-3.821495730304017,0.1218042143989333,0.1218042143989333
CNC(=O)C(C)(C(C)C)C(C)C,-1.3948677628442188,-1.5540130827440217,-0.15914531989980296,0.15914531989980296
NC(=O)c1nc(-c2ccccc2)n(-c2ccc(Cl)c(COCC(F)(F)C(F)(F)F)c2)n1,-5.6634997189102645,-5.160667468877755,0.5028322500325091,0.5028322500325091
CC(C)(C)NC(=O)C1CCC2C3CC=C4C=C(C(=O)O)CCC4(C)C3CCC12C,-8.760000037577564,-5.061734214341497,3.698265823236067,3.698265823236067
Cc1cc(C)c(C(=O)P(=O)(C(=O)c2c(C)cc(C)cc2C)c2ccccc2)c(C)c1,-6.621667116611777,-5.928948862070845,0.6927182545409316,0.6927182545409316
C=CCCCCCCCCC(=O)N(CCO)CCO,-2.7615134580485377,-2.2163712668026165,0.5451421912459211,0.5451421912459211
CCCC(O)C(C)CC,-1.840599995680601,-1.7955638802545446,0.045036115426056345,0.045036115426056345
c1ccc(C[P+](c2ccccc2)(c2ccccc2)c2ccccc2)cc1,-0.718824628514922,-1.069337147861098,-0.350512519346176,0.350512519346176
CCOC=O,0.15149430530484986,0.26168175442160013,0.11018744911675027,0.11018744911675027
CC(=O)NC(CC(C)C)C(=O)O,-1.130000094574238,-0.7968881091966575,0.33311198537758036,0.33311198537758036
Nc1c(OCCOC(=O)Oc2ccccc2)cc(O)c2c1C(=O)c1ccccc1C2=O,-8.05441525527003,-6.438915141744742,1.6155001135252878,1.6155001135252878
CC(C)(C)NC(=O)C1N(C(=O)C(O)C(Cc2ccccc2)NC(=O)Cc2ccccc2)CSC1(C)C,-3.719999969033834,-3.456537032434574,0.26346293659926,0.26346293659926
COC(=O)COCO,0.9204424200586834,0.44513776328966603,-0.47530465676901734,0.47530465676901734
N#CC(=C1CCCCC1)c1ccccc1,-4.420023835970756,-4.890489586706387,-0.4704657507356309,0.4704657507356309
CCCCCCCCC(CC)(CC)C(=O)NO,-5.219999696005196,-4.401681230973315,0.8183184650318811,0.8183184650318811
C=C(COC(C)=O)COC(C)=O,-0.7796166708243821,-0.35389888542850567,0.42571778539587646,0.42571778539587646
Cc1nc(=O)c2cc([N+](=O)[O-])ccc2[nH]1,-2.220000037797288,-2.8391063117462187,-0.6191062739489306,0.6191062739489306
CCCCCCCCCCCC(=O)N[C@@H](CCCNC(=N)N)C(=O)OCC,-0.23161212857644875,-2.9789914333976255,-2.7473793048211768,2.7473793048211768
CN1CCN(C2=Nc3cc(Cl)ccc3Nc3ccccc32)CC1,-4.6399997362114105,-4.422831256660357,0.21716847955105312,0.21716847955105312
Cc1cc(C2(c3ccc(NNC4=C(S(=O)(=O)[O-])C=C5C=CC(=O)C=C5C4=O)c(C)c3)CCCCC2)ccc1NNC1=C(S(=O)(=O)[O-])C=C2C=CC(=O)C=C2C1=O,-0.8547885735606875,-2.422195266561827,-1.5674066930011397,1.5674066930011397
CCOC(C)(C)C,-0.9302001474462793,-0.6447259350556225,0.28547421239065685,0.28547421239065685
CNCl,0.2805999787076976,0.42751621439192666,0.14691623568422907,0.14691623568422907
C=CC(=O)OCCCCCC(C)C,-4.170655197071037,-4.139688254726884,0.030966942344153203,0.030966942344153203
CCCCCCCCCCCCCCCCCCCCCCCCCCCCCCCCCCCCC(CCCC)(CCCC)CCCCCCCCCCCCCCCC(CCCC)(CCCC)CCCCC,-6.8063024164757655,-7.7519050541759125,-0.945602637700147,0.945602637700147
C/C=C(\C)C(=O)OC1C(OC(C)=O)C2(CO)C(O)CC3(C)C(=CCC4C5(C)CCC(OC6OC(C(=O)O)C(OC7OC(CO)C(O)C(O)C7O)C(O)C6OC6OC(CO)C(O)C(O)C6O)C(C)(CO)C5CCC43C)C2CC1(C)C,-1.1031036807294643,-2.9230748265452995,-1.8199711458158352,1.8199711458158352
O=S(=O)(O)c1cccc2cc(Nc3ccccc3)cc(Nc3ccccc3)c12,-4.672502957004814,-3.67528734157092,0.9972156154338938,0.9972156154338938
CC(C)=NNC(N)=O,-0.2674002058829763,-0.8107104618478318,-0.5433102559648555,0.5433102559648555
c1cc2c3c(c1)ccc1cccc(c13)C2,-5.237899726437192,-6.517368224220858,-1.2794684977836663,1.2794684977836663
CCCCCCCC/C=C\CCCCCCCCNC(=O)CCCCCCCCCCCCCCC,-7.704078131628558,-6.9986246237459735,0.7054535078825843,0.7054535078825843
CCCCC(CC)COC(=O)CC(C(=O)OCC(CC)CCCC)S(=O)(=O)[O-],-1.7357141813275077,-1.8587149130862188,-0.12300073175871118,0.12300073175871118
CC[N+](CC)(CC(=O)Nc1c(C)cccc1C)Cc1ccccc1,-1.0209587093168047,-0.7858846160853914,0.23507409323141326,0.23507409323141326
O=C(O)/C=C\C(=O)OCCOCCOCCOC(=O)/C=C\C(=O)O,0.15953254882763712,-0.6278748744321248,-0.7874074232597619,0.7874074232597619
NC(=O)C(Br)(Br)Br,-1.2668000289299306,-1.2809565594222128,-0.01415653049228216,0.01415653049228216
O=C([O-])CS,0.5215370274285407,0.5641974025872907,0.042660375158749986,0.042660375158749986
CC(=O)CC(=O)N(C)C,0.8888750061618134,0.7603325599597901,-0.12854244620202326,0.12854244620202326
CCCCC(Cc1cc(C(C)(C)C)c(O)c(C(C)(C)C)c1)(C(=O)OC1CC(C)(C)N(C)C(C)(C)C1)C(=O)OC1CC(C)(C)N(C)C(C)(C)C1,-5.835720325594772,-6.04924226308014,-0.21352193748536852,0.21352193748536852
C=CN(C)N=O,-0.45790009535786735,-0.6863282165609865,-0.22842812120311917,0.22842812120311917
CC(C)=O,1.235999991695682,0.9356860498604864,-0.30031394183519566,0.30031394183519566
CC(C)C(=O)O,0.27769995780132595,0.04735855270759304,-0.2303414050937329,0.2303414050937329
CCCCCCCCCCCCCCCOS(=O)(=O)[O-],-1.0420056491742953,-1.001699089819763,0.0403065593545322,0.0403065593545322
CCC(C)(C)O,0.12665947187431126,-0.06251650685434873,-0.18917597872866,0.18917597872866
CC1=Nc2ccccc2/C1=N/Nc1cc(Cl)c(S(=O)(=O)NCCS(=O)(=O)[O-])cc1Cl,-3.756179554609793,-2.7250356963701594,1.0311438582396337,1.0311438582396337
CCOCCCC(C)OCCOCC(C)CO,-0.7908609244992499,-0.40076548925724076,0.3900954352420092,0.3900954352420092
O=C(O)c1cccnc1Nc1cccc(C(F)(F)F)c1,-4.171800103427644,-3.6906704844934306,0.4811296189342138,0.4811296189342138
CN(c1ccccc1)S(=O)(=O)C1=CC(=O)C2=C(NNc3ccc(NC(=O)CCl)cc3S(=O)(=O)[O-])C(=N)C=CC2=C1,-4.358857035136956,-2.860851481069093,1.4980055540678632,1.4980055540678632
OC1(c2ccc(Cl)cc2)CCCCCC1n1cncn1,-3.3680999103365945,-3.500792446327186,-0.1326925359905915,0.1326925359905915
CC(C)CC(NC(=O)CC(O)C(CC(C)C)NC(=O)C(Cc1c[nH]cn1)NC(=O)C(Cc1ccccc1)NC(=O)OC(C)(C)C)C(=O)NCc1ccccn1,-3.4200000508749193,-3.3304074346749593,0.08959261619996006,0.08959261619996006
CCCCOC(=O)CCOC,-1.2135000250411048,-1.2468969741031275,-0.03339694906202273,0.03339694906202273
CCOCCC(=O)OCC,-0.4317086687516496,-0.4023282540920228,0.02938041465962682,0.02938041465962682
ClCCSCCCl,-2.366600070976606,-2.09722481480177,0.26937525617483615,0.26937525617483615
OCCS,1.1071484241817946,1.3469644655725639,0.23981604139076929,0.23981604139076929
CCCCC(CC)CCl,-4.680881914854599,-4.921987958971047,-0.24110604411644854,0.24110604411644854
C=CCCCCCCCCC=O,-3.8931860691549565,-3.8759085709155543,0.017277498239402167,0.017277498239402167
CCCCC[N+](=O)[O-],-1.9548000300728556,-2.126524680890486,-0.17172465081763044,0.17172465081763044
O=C1C=C(O)C(N=Nc2ccc(N=Nc3ccc(Nc4ccc([N+](=O)[O-])cc4S(=O)(=O)[O-])cc3)c3c(S(=O)(=O)[O-])cccc23)=C/C1=N/Nc1ccc(Nc2ccc([N+](=O)[O-])cc2S(=O)(=O)[O-])cc1,-0.32257740681323366,-1.7822953586057284,-1.4597179517924948,1.4597179517924948
CC(C)CC(C)(C)O,-0.9307000524400477,-0.7820199188031407,0.14868013363690702,0.14868013363690702
CCCCOCCCC,-2.6375999502927945,-2.4048062395319327,0.23279371076086175,0.23279371076086175
CCC(=O)OOC(=O)CC,-0.9633999125172981,-1.034900897542622,-0.07150098502532387,0.07150098502532387
CN(C)CCN(Cc1cccs1)c1ccccn1,-2.638299933034341,-2.59955845352001,0.03874147951433082,0.03874147951433082
OC(CCN1CCCCC1)(c1ccccc1)C1CCCCC1,-5.1999996833043625,-4.6108756062693725,0.5891240770349899,0.5891240770349899
C#CC(O)CCC,-0.41210002814345925,-0.4395483665155395,-0.027448338372080272,0.027448338372080272
CCCCCCCCCCCCC,-7.593599536536139,-7.784612540153368,-0.19101300361722906,0.19101300361722906
CCO[Si](CCCCl)(OCC)OCC,-3.328583448713973,-3.3472301705262684,-0.01864672181229521,0.01864672181229521
CCN(CCOc1ccc(C2CCCCC2)cc1)c1ccc(C=C(C#N)C#N)c(C)c1,-8.38609506935383,-7.3017353644812,1.0843597048726306,1.0843597048726306
CCC(C)C1NC(=O)C(Cc2c[nH]c3ccccc23)NC(=O)C2CCCN2C(=O)C(Cc2c[nH]cn2)NC(=O)C2CCCCN2C(=O)C2CCC=NN2C1=O,-2.599999904626942,-2.849804053921157,-0.2498041492942149,0.2498041492942149
CC(O)CCO,1.0451996962234467,1.383966422779514,0.33876672655606743,0.33876672655606743
O=C(O)CCC(=O)O,-0.17000002964141725,0.9397059886826162,1.1097060183240335,1.1097060183240335
OCC[C@@H]1CCCC[NH2+]1,0.6427482599981729,0.9631207705536302,0.32037251055545735,0.32037251055545735
CCCCC(=O)CC,-1.424200107097199,-1.4278620371400819,-0.003661930042882844,0.003661930042882844
CC(C)CCCCCOC(=O)CCS,-4.454381376104978,-5.003443467299139,-0.5490620911941608,0.5490620911941608
C#CC#C,-0.7241001173350208,-0.8606535717019583,-0.13655345436693755,0.13655345436693755
CC1=C(C#N)C(=O)N(C)C(=O)/C1=N\Nc1cccc(OS(=O)(=O)c2ccccc2)c1,-8.782715415458386,-6.876353663401483,1.9063617520569025,1.9063617520569025
CC(O)C(=O)O,1.0454001484573952,0.7166810901280227,-0.3287190583293724,0.3287190583293724
CN(C)P(=O)(N(C)C)N(C)C,0.7466999015762048,0.816520737374312,0.06982083579810716,0.06982083579810716
C=COCCCCO,-0.18999541233141137,-0.33616430979559153,-0.14616889746418016,0.14616889746418016
CN1CCN(C(c2ccccc2)c2ccccc2)CC1,-2.425499936797804,-2.3554537284132935,0.07004620838451059,0.07004620838451059
OCCF,1.1933998066778329,1.5433880453849436,0.3499882387071107,0.3499882387071107
C[Si](C)(C)N[Si](C)(C)C,-2.2100722732336315,-2.3037007609400777,-0.09362848770644616,0.09362848770644616
CC1=NN(c2cccc(S(=O)(=O)O)c2)C(=N)C1,-1.1387882636760724,-1.6734798906418558,-0.5346916269657833,0.5346916269657833
CO[Si](CC(C)C)(OC)C(C)C,-4.024300962996528,-3.3333289715140504,0.6909719914824777,0.6909719914824777
COc1cc2c(c3c1c(=O)c1ccccc1n3C)C=CC(C)(C)O2,-5.209999962008358,-5.365026070206582,-0.15502610819822404,0.15502610819822404
Oc1ccc(C(c2ccc(O)cc2)c2ccccn2)cc1,-4.523907525330893,-3.90289063996084,0.6210168853700528,0.6210168853700528
CCC(Cl)Cl,-1.6217000282527398,-1.6726496207570818,-0.050949592504341945,0.050949592504341945
N#CCCNCC(=O)O,0.3236999325425258,0.2889552417961325,-0.0347446907463933,0.0347446907463933
C[C@H]([NH3+])C(C)(C)C,0.9861000590522457,0.10043046047422832,-0.8856695985780174,0.8856695985780174
NC(CSCCCCSCC(N)C(=O)O)C(=O)O,-3.619999837441275,-2.456463542810618,1.1635362946306569,1.1635362946306569
CC(C)C1OCC2(CO1)COC(C(C)C)OC2,-3.1099998710341086,-2.5577011128881604,0.5522987581459482,0.5522987581459482
CCOC(=O)C(CC)(CC)C(=O)NC(N)=O,-2.0799999488914582,-1.8905334369826825,0.18946651190877573,0.18946651190877573
CCCCNC(=O)OCC(C)(CCC)COC(N)=O,-2.7399999935327726,-2.91523346061574,-0.1752334670829674,0.1752334670829674
Clc1cc(Cl)c2c(c1Cl)C1=NC2N=C2[N-]C(N=C3N=C(N=c4[n-]c(c5c(Cl)c(Cl)c(Cl)c(Cl)c45)=N1)c1c(Cl)c(Cl)c(Cl)c(Cl)c13)c1c(Cl)c(Cl)c(Cl)c(Cl)c12,-9.039323689099646,-10.027026470647087,-0.9877027815474406,0.9877027815474406
OCC1=C[C@H](N[C@H]2C[C@H](CO)[C@@H](O[C@@H]3O[C@H](CO)[C@@H](O)[C@H](O)[C@H]3O)[C@H](O)[C@H]2O)[C@H](O)[C@@H](O)[C@@H]1O,0.3031998786711356,0.3981998028233025,0.09499992415216685,0.09499992415216685
N=C(NN)N[N+](=O)[O-],-1.6458000517278508,-1.1426660339301027,0.5031340177977481,0.5031340177977481
CCN(CC)C(=O)/C(Cl)=C(\C)OP(=O)(OC)OC,0.523299699790114,-0.36665238645993403,-0.8899520862500481,0.8899520862500481
C#CCCC,-1.637400122652503,-1.8812305196170385,-0.24383039696453546,0.24383039696453546
CCOP(=S)(OCC)SCSP(=S)(OCC)OCC,-5.283800019768575,-5.033006903563676,0.25079311620489886,0.25079311620489886
CC(C)CCCCCCCOC(=O)CCCCCCCC(=O)OCCCCCCCC(C)C,-6.971983269027685,-7.15932358463567,-0.18734031560798492,0.18734031560798492
CCCCCCCOCC(COCCCCCCC)(COCCCCCCC)COCCCCCCC,-7.94522434789787,-7.750058496912089,0.19516585098578076,0.19516585098578076
CCCCC(CC)C(=O)OC,-2.989804010905723,-3.120248842599686,-0.13044483169396326,0.13044483169396326
CCC[N+](=O)[O-],-0.8000000211872846,-1.220042094179111,-0.4200420729918264,0.4200420729918264
COS(=O)(=O)OC,-0.6536999854749439,-0.23068285816580447,0.42301712730913943,0.42301712730913943
CC(O)CN,1.1242998908026371,1.316906162855466,0.19260627205282876,0.19260627205282876
O=[N+]([O-])c1ccc(O/N=C/c2cc(Br)c(O)c(Br)c2)c([N+](=O)[O-])c1,-5.189999949307525,-5.406116599337503,-0.21611665002997782,0.21611665002997782
CC(C)(C)CCCCC(=O)O,-2.475043061377361,-2.626131107048062,-0.1510880456707011,0.1510880456707011
CC(C)COC=O,-1.000599870775988,-0.9280343917881777,0.0725654789878103,0.0725654789878103
O=S(=O)([O-])CCCSSCCCS(=O)(=O)[O-],0.2286526188676592,0.16038038551823952,-0.06827223334941968,0.06827223334941968
c1ccc2sc(SN3CCOCC3)nc2c1,-3.8109626599116213,-3.536881882868584,0.2740807770430371,0.2740807770430371
Nc1ccc(N=Nc2ccc(S(=O)(=O)Nc3ccc(N=Nc4c(S(=O)(=O)[O-])cc5cc(S(=O)(=O)[O-])c(N=Nc6ccccc6)c(O)c5c4N)cc3)cc2)c(N)c1,-0.6029812126285794,-2.160565814254612,-1.5575846016260324,1.5575846016260324
CCCCCC(C)(C)O,-1.7168000423450918,-1.7937265830123976,-0.07692654066730586,0.07692654066730586
O=C1OC(=O)c2ccc3c4ccc5c6c(ccc(c7ccc1c2c73)c64)C(=O)OC5=O,-5.593642660086186,-5.115928491206099,0.47771416888008655,0.47771416888008655
N#CNC(N)=S,-0.004900107272939547,-0.6761253067944124,-0.6712251995214729,0.6712251995214729
CCCCC(C)=O,-0.8000000211872846,-0.7623442792145814,0.03765574197270327,0.03765574197270327
CC(O)CSCCCCCCCCC(C)(C)C,-4.730940774979688,-5.0390972742913505,-0.30815649931166256,0.30815649931166256
O=C1CCCCCCCCCCCCCCO1,-5.9037893831744555,-4.192543913752003,1.7112454694224528,1.7112454694224528
CN1COCN=C1N[N+](=O)[O-],-1.002292275914248,-0.9242563029439648,0.07803597297028331,0.07803597297028331
NC(=O)C(N)C(O)C(=O)O,-1.1493999761643279,-0.8923345570411607,0.25706541912316716,0.25706541912316716
CNC(=O)O/N=C(/C)SC,-1.2100001453775693,-1.6199121631851332,-0.4099120178075639,0.4099120178075639
C#CC(C)(O)CC,0.01673184807167427,0.16191727676304168,0.1451854286913674,0.1451854286913674
O=C1C=Cc2ccccc2C1=NO,-2.9400000354306077,-3.078060558325476,-0.13806052289486814,0.13806052289486814
CCC(CC)COC(=O)NS(N)(=O)=O,-1.748699999961597,-1.8600979245590357,-0.11139792459743858,0.11139792459743858
Clc1ccc(CSC(Cn2cncn2)=Nc2ccc(Cl)cc2Cl)cc1,-5.384200034503111,-5.5192947631023435,-0.1350947285992321,0.1350947285992321
CCCC,-2.9776041323559435,-3.0323099913740026,-0.05470585901805913,0.05470585901805913
CC(=O)OCC(COC(C)=O)(COC(C)=O)COC(C)=O,-1.5686000680674947,-2.0830524197135265,-0.5144523516460318,0.5144523516460318
O=C(O)CCSSCCC(=O)O,-0.930100057506094,-1.6710509052499067,-0.7409508477438127,0.7409508477438127
O=S(=O)(O)c1ccc2nc(-c3ccccc3)[nH]c2c1,-2.9611060419704867,-2.650521595614894,0.31058444635559246,0.31058444635559246
CC(Oc1ccc(Oc2cnc3cc(Cl)ccc3n2)cc1)C(=O)OC1CCCO1,-5.019999841350446,-5.394367810658029,-0.374367969307583,0.374367969307583
O=c1c2ccccc2c(=O)c2c1ccc1c2[nH]c2c3c(=O)c4ccccc4c(=O)c3c3[nH]c4c(ccc5c(=O)c6ccccc6c(=O)c54)c3c12,-4.5096148180492435,-6.347444102912245,-1.8378292848630018,1.8378292848630018
CCCCCCOC(=O)C(C)O,-1.139999964747865,-1.6909112005648486,-0.5509112358169836,0.5509112358169836
C=CC(=O)OCCOC(=O)NCCCC,-1.63484067989634,-1.486390276503096,0.1484504033932439,0.1484504033932439
COC(=O)C1CC(=O)C(C(=O)OC)CC1=O,-4.1541957128053655,-1.296394785856022,2.857800926949343,2.857800926949343
C=C(C)CS(=O)(=O)[O-],0.5194213848289264,0.23458447981250963,-0.2848369050164168,0.2848369050164168
CCCCCCCCl,-3.9956998200140568,-4.320131215953403,-0.3244313959393459,0.3244313959393459
NNC(=O)C(O)C(O)C(O)C(O)CO,-0.49849984333990793,-0.10702507339839507,0.39147476994151287,0.39147476994151287
CC(O)(P(=O)([O-])[O-])P(=O)([O-])[O-],0.4204600778740577,0.39929738774560475,-0.021162690128452954,0.021162690128452954
C=CC1=C(C)/C(=C/c2[nH]c(Cc3[nH]c(/C=C4\NC(=O)C(C)=C4C=C)c(C)c3CCC(=O)O)c(CCC(=O)O)c2C)NC1=O,-4.812699685194491,-5.292604121554765,-0.47990443636027447,0.47990443636027447
CCOC(=O)C(C)O,0.9275998721078413,0.4103780930964418,-0.5172217790113995,0.5172217790113995
Clc1cc(Cl)c2nsnc2c1Cl,-4.979999952125569,-5.278255309435896,-0.29825535731032726,0.29825535731032726
CCn1cc(C(=O)O)c(=O)c2cnc(N3CCNCC3)nc21,-2.9739999582938514,-2.458438719052,0.5155612392418516,0.5155612392418516
O=c1nc[nH]c2nc[nH]c12,-2.2888000242939017,-1.9448862917185037,0.34391373257539803,0.34391373257539803
CCCCCCOC(=O)CCCCC(=O)OCCCCCC,-5.082600039069128,-5.840729180261288,-0.7581291411921605,0.7581291411921605
O=C1C(O)=C(C2CCC(c3ccc(Cl)cc3)CC2)C(=O)c2ccccc21,-5.931000229225878,-5.7912980951351845,0.13970213409069387,0.13970213409069387
FCCl,-0.8202000775916987,-0.9558592589828594,-0.13565918139116073,0.13565918139116073
CCCCCCCCCC(=O)N(C)C,-2.768111223493395,-2.9582929954772745,-0.19018177198387942,0.19018177198387942
Nc1cn(N2CCOCC2)n[o+]1,0.14719819995388228,-0.21824528728570902,-0.3654434872395913,0.3654434872395913
CN(C)C(=N)N(C)C,0.9386228384999868,1.0354352757186356,0.09681243721864874,0.09681243721864874
CCOC(=O)N(C)CC,-0.41890015229731725,0.069481561554666,0.48838171385198326,0.48838171385198326
c1ccc2c3c(ccc2c1)-c1cccc2cccc-3c12,-8.003999339603219,-7.653404024769106,0.35059531483411277,0.35059531483411277
CC[C@H](C)[C@H](NCCC#N)C(=O)O,-0.9818001202966409,-0.842473697967812,0.13932642232882886,0.13932642232882886
OC(Cn1cncn1)(Cn1cncn1)c1ccc(F)cc1F,-1.7999999753449818,-2.4487881423431004,-0.6487881669981186,0.6487881669981186
CC(C)(C)c1cc(CCC(=O)OCCCCCCOC(=O)CCc2cc(C(C)(C)C)c(O)c(C(C)(C)C)c2)cc(C(C)(C)C)c1O,-8.106483267745446,-8.270437398608186,-0.1639541308627397,0.1639541308627397
CCC(O)CNCC(O)CC,0.7924999687906129,-0.10475418925890168,-0.8972541580495146,0.8972541580495146
CC(C)C=O,-0.07982621090443631,-0.11551270032609562,-0.035686489421659306,0.035686489421659306
CCCCCCCCO,-2.637593039320734,-2.375309938424554,0.2622831008961799,0.2622831008961799
CC(C)C(C)C(C)C(O)C#CC(C)C(C)O,-2.2755999314817426,-2.074156330506118,0.20144360097562464,0.20144360097562464
S=C(SSSSSSC(=S)N1CCCCC1)N1CCCCC1,-7.631731761094841,-7.908316080322006,-0.2765843192271653,0.2765843192271653
CCCCN(C)N=O,-0.6996000064527479,-1.008401847569223,-0.308801841116475,0.308801841116475
ClC(Cl)=C=C(Cl)C(Cl)Cl,-4.230000020551493,-4.051815210934662,0.17818480961683125,0.17818480961683125
COC(=O)OC,0.18526015728926915,0.16800410689419243,-0.017256050395076716,0.017256050395076716
CC(C)CC(CC(C)C)(CC(C)C)C(=O)NO,-3.99999994258031,-3.3203536214706437,0.6796463211096664,0.6796463211096664
S=c1[nH]c2cncnc2[nH]1,-2.5243000785224563,-2.8175370487910105,-0.2932369702685542,0.2932369702685542
c1ccc2c(c1)-c1cccc3c1c-2cc1ccccc13,-8.225899417877637,-7.69468356728367,0.5312158505939664,0.5312158505939664
C1COC1,1.235999991695682,1.4047066925073488,0.16870670081166672,0.16870670081166672
c1ccc2cc3c4ccccc4c4ccccc4c3cc2c1,-8.240500293233625,-7.633622439638419,0.606877853595206,0.606877853595206
CC(C)COC(C)(C)C,0.8852853859940848,-1.6538919489056492,-2.539177334899734,2.539177334899734
CC1=CC(=O)N(Cc2cccc(CN3C(=O)C=C(C)C3=O)c2)C1=O,-3.9003350101547793,-3.802464615459534,0.09787039469524528,0.09787039469524528
CCCCCCCCCCCC(=O)N(CCCC)CCCC,-7.016412035973163,-6.346045567285441,0.670366468687722,0.670366468687722
NC(N)=NCCC[C@H](N)C(=O)O,0.5397305188416235,-0.7493110710577922,-1.2890415898994156,1.2890415898994156
CCn1cc(C(=O)O)c(=O)c2cc(F)c(N3CCNCC3)nc21,-2.920000056773972,-2.7771617712241436,0.14283828554982847,0.14283828554982847
CC[NH+](CC)CC,0.5951969592724979,0.4205534951515637,-0.17464346412093423,0.17464346412093423
CC(C)(CCC(C)(C)CC(=O)O)CC(=O)O,-3.13190004358748,-2.4308546124209203,0.7010454311665599,0.7010454311665599
CCCCC(CC)COCOCC(CC)CCCC,-5.435323252413896,-6.485400995270405,-1.0500777428565087,1.0500777428565087
CCNC(=S)NCC,-1.4600000317844015,-1.249461455400497,0.2105385763839045,0.2105385763839045
NC(=O)N=NC(N)=O,-3.546243390297853,-1.9024342670474859,1.6438091232503673,1.6438091232503673
CCCC(O)C(CC)CO,-0.5417999770551067,-0.8652322438908633,-0.32343226683575654,0.32343226683575654
CC/C=C\CCOC(C)=O,-2.111500772338327,-2.022176220148237,0.08932455219009006,0.08932455219009006
O=C(NCNC(=O)NC1C(=O)NC(=O)N1CO)NC1C(=O)NC(=O)N1CO,0.4108359194622957,-0.10667918435340162,-0.5175151038156973,0.5175151038156973
CC1(C)CCC2OC23C(C)(C)C2CCC13C2,-4.652928769124333,-4.065187090766608,0.587741678357725,0.587741678357725
C=C(C)C(=O)OCC(CC)CCCC,-4.805973913567628,-5.4526348629390355,-0.646660949371408,0.646660949371408
COc1cc(NC(=O)c2cccnc2)c2ncccc2c1,-4.446100193189958,-3.8169698266209915,0.6291303665689663,0.6291303665689663
CC#N,0.25999997107291106,0.3272759350313179,0.06727596395840685,0.06727596395840685
O=C(O)C(=O)O,-0.11416618423282898,0.24148782597270824,0.3556540102055372,0.3556540102055372
CCC(C)C1NC(=O)C(Cc2ccccc2)NC(=O)C2CCCN2C(=O)C(Cc2ccccc2)N(C)C(=O)C(CCCN)NC(=O)C2CCC=NN2C1=O,-2.7000000362195014,-2.194653996699464,0.5053460395200373,0.5053460395200373
CCSC(=S)N[C@@H](C)C(=O)O,-0.9612999302484608,-1.4097469835576746,-0.44844705330921375,0.44844705330921375
CC1COC2CC3(C)C(CC4C5C=C6CC(O)CCC6(C)CC5CCC43C)OC2C1,-7.319999940178333,-5.543640994212631,1.7763589459657014,1.7763589459657014
NC1=CC(=O)C(=O)c2ccccc21,-3.8399998409736473,-2.5717429825237947,1.2682568584498526,1.2682568584498526
O=c1[nH]c(=S)c2[nH]c(=O)[nH]c2[nH]1,-4.039999899893582,-3.54981677138345,0.4901831285101319,0.4901831285101319
CCN1c2ccccc2C(=O)N(C)c2ccccc21,-4.748999996078455,-4.076546413828492,0.6724535822499629,0.6724535822499629
CCCCCCCCCCCCC(=O)O,-3.8125998453617926,-4.7367050022968264,-0.9241051569350338,0.9241051569350338
CC(C)OP(=S)(S)OC(C)C,-0.5528548088159644,-0.8633662133461599,-0.31051140453019554,0.31051140453019554
C=CCCCOC(=O)C(CC)N(Cc1ccco1)C(=O)n1ccnc1,-2.891900044376374,-2.8616941941079954,0.03020585026837841,0.03020585026837841
O=C(O)CSCC(=O)O,0.4254997084949719,0.24166485579888564,-0.18383485269608624,0.18383485269608624
CCOc1ccc(C(=O)OCCNC(C)c2ccccc2)cc1,-1.490000050835651,-3.9112878455004005,-2.4212877946647495,2.4212877946647495
CCCCCCCCCCCC,-6.409999634644016,-7.511527964412949,-1.1015283297689331,1.1015283297689331
O=C(/C=C/c1ccc(O)c(O)c1)O[C@@H]1C[C@](O)(C(=O)O)C[C@@H](O)[C@H]1O,-0.9473000030639516,-1.733872526428101,-0.7865725233641494,0.7865725233641494
CCCn1c(=O)c2[nH]c(C3CCC(=O)C3)nc2n(CCC)c1=O,-3.160000055985079,-3.78722765832041,-0.6272276023353309,0.6272276023353309
CC(N)C(O)C(=O)O,-0.35349988743565897,-0.17756519499794177,0.1759346924377172,0.1759346924377172
CCCCCC,-3.9441701824754034,-3.9370385359278304,0.007131646547573034,0.007131646547573034
CN(Cc1ccc(OCCN2CCOCC2)cc1)C(=O)c1ccc([N+](=O)[O-])o1,-2.289999946073414,-2.5160592039370897,-0.22605925786367553,0.22605925786367553
CC(C)(C)C1CCC(CC2=C(O)C(=O)c3ccccc3C2=O)CC1,-7.039999762366673,-6.119347708368026,0.9206520539986469,0.9206520539986469
O=S(=O)(CCCl)CCS(=O)(=O)CCCl,-1.4486001280392868,-1.5703690045613792,-0.12176887652209234,0.12176887652209234
O=C(O)CC(SC(CC(=O)O)C(=O)O)C(=O)O,-0.49079986296190947,-0.010196839672179436,0.48060302328973004,0.48060302328973004
C[NH+](C)C(CSC(N)=O)CSC(N)=O,-0.1364000409864472,-1.0940999437700607,-0.9576999027836135,0.9576999027836135
N#CNC(N)=NCCCCCCN=C(N)NC#N,-4.4346903485392195,-2.199097309159738,2.2355930393794816,2.2355930393794816
CC(Oc1ccc(Oc2cnc3cc(Cl)ccc3n2)cc1)C(=O)OCC1CCCO1,-5.030299981344628,-5.155852938489666,-0.12555295714503778,0.12555295714503778
CC(C)C(C)C,-3.5831999325455492,-3.945669557014735,-0.3624696244691856,0.3624696244691856
O=C1CCCCCCCCCCCCCCCCCN1,-2.8473999378153665,-3.5251770792920754,-0.6777771414767089,0.6777771414767089
O=S(=O)(O)C(Cl)(S(=O)(=O)O)S(=O)(=O)O,0.5366000868076424,0.9843986662458879,0.4477985794382455,0.4477985794382455
CC(C)N(C(=O)SCC(Cl)=CCl)C(C)C,-4.079999857206852,-4.222129955363575,-0.14213009815672262,0.14213009815672262
CC(C)CCC(C)O,-1.374999977805862,-1.0343465218331067,0.3406534559727552,0.3406534559727552
CC(C)(C)CC(C)(C)CC(=O)[O-],-2.6165602278051403,-2.479783477547837,0.13677675025730318,0.13677675025730318
FC(F)OC(F)(F)C(F)Cl,-1.5161999204028096,-2.134034626558922,-0.6178347061561122,0.6178347061561122
CCCCCCCCCCCCCCCCOC(=O)C(CC)CCCC,-6.867639438296274,-7.778376187907492,-0.9107367496112175,0.9107367496112175
CCCCOCCO,-0.4200001884018283,-0.09228938302093281,0.3277108053808955,0.3277108053808955
CCCCCCCCP(=O)(O)O,-3.014809586624742,-1.9899068149021775,1.0249027717225647,1.0249027717225647
CC1CCCCC1NC(=O)Nc1ccccc1,-4.110799710630452,-3.8281785381538347,0.28262117247661767,0.28262117247661767
N=C(N)NN=C1C=CC(=NNC(=N)N)c2ccccc21,-3.2899999342753086,-2.401839832440745,0.8881601018345635,0.8881601018345635
O=C([O-])CO,1.7009157212038493,0.6842121858855399,-1.0167035353183094,1.0167035353183094
CCCCNCCCC,-1.5039655252924504,-1.556846377023603,-0.052880851731152534,0.052880851731152534
CC1=C2CC(C=O)C(C1)C(C(C)C)C2,-3.850854356677345,-3.3335681660445746,0.5172861906327704,0.5172861906327704
N=C(N)NCCCC(N)C(=O)O,-1.9403791640115742e-07,-0.4052506079918503,-0.4052504139539339,0.4052504139539339
CCCCCCCC/C=C\CCCCCCCC(=O)OCC(COC(=O)CCCCCCC/C=C\CCCCCCCC)(COC(=O)CCCCCCC/C=C\CCCCCCCC)COC(=O)CCCCCCC/C=C\CCCCCCCC,-7.378019150702691,-7.769823196120894,-0.391804045418203,0.391804045418203
CCCCC(CC)C(=O)OCC(C)(C)COC(=O)C(CC)CCCC,-5.020637829608632,-6.68280096266255,-1.6621631330539177,1.6621631330539177
CC1=NNC(=O)N(/N=C/c2cccnc2)C1,-2.874500021070738,-2.2254004007332373,0.6490996203375006,0.6490996203375006
ClCC(Cl)(Cl)CCl,-2.578500040768015,-2.5053234343937207,0.07317660637429446,0.07317660637429446
O=C1c2c(Cl)c(Cl)c(Cl)c(Cl)c2C(=O)C1c1ccc2cccc(N3C(=O)c4c(Cl)c(Cl)c(Cl)c(Cl)c4C3=O)c2n1,-7.727395955625543,-8.12242902507323,-0.39503306944768646,0.39503306944768646
CCCCCCCC/C=C/CCCCCCCCN(CCO)CCO,-4.780118435100779,-4.506380755478554,0.27373767962222484,0.27373767962222484
O=S(=O)([O-])C(F)(F)F,0.9030401157918257,0.8840192142065453,-0.01902090158528047,0.01902090158528047
CC1(C)COP(=S)(OP2(=S)OCC(C)(C)CO2)OC1,-5.39338352482448,-5.152965990555074,0.2404175342694055,0.2404175342694055
NC(=O)c1cn(Cc2c(F)cccc2F)nn1,-3.4999999655014618,-2.5363287105040815,0.9636712549973803,0.9636712549973803
Cc1cc(Oc2ccccn2)nn1C,-0.9800001354947807,-1.4756448384076817,-0.49564470291290097,0.49564470291290097
Cc1cc(C)c(C(=O)P(=O)(c2ccccc2)c2ccccc2)c(C)c1,-5.01057667987979,-5.233727133434181,-0.2231504535543909,0.2231504535543909
CCCCCCCC(=O)OOC(=O)CCCCCCC,-7.611892981712618,-6.066057917738402,1.5458350639742156,1.5458350639742156
CC12CC1(C)C(=O)N(c1cc(Cl)cc(Cl)c1)C2=O,-4.80029997146184,-4.809598803523802,-0.009298832061962692,0.009298832061962692
c1ccc2c3c(ccc2c1)Nc1ccc2ccccc2c1S3,-6.87860003571889,-7.238552874811182,-0.35995283909229236,0.35995283909229236
O=S(=O)(O)CCO,0.8991999303316609,0.9903411489803084,0.09114121864864755,0.09114121864864755
Cc1ccc2nc3sc(=O)sc3nc2c1,-5.36979988373465,-4.145883481582371,1.2239164021522795,1.2239164021522795
O=C([O-])CP(=O)([O-])O[O-],0.3010768825248955,0.07559426527579616,-0.22548261724909935,0.22548261724909935
CC1COc2ccccc2N1C(=O)C(Cl)Cl,-3.8353900523883717,-3.410486672281308,0.42490338010706363,0.42490338010706363
CCOC(=O)[C@H](C)NC(=O)CCl,-0.4628000085928905,-0.836916187016933,-0.37411617842404254,0.37411617842404254
CCCCCCC(=O)OCC(CC)(COC(=O)CCCCCC)COC(=O)CCCCCC,-6.973765550846927,-7.190575613088365,-0.2168100622414375,0.2168100622414375
CC(C)CC(NC(=O)CC(O)C(CC1CCCCC1)NC(=O)C(Cc1c[nH]cn1)NC(=O)C(Cc1ccccc1)NC(=O)OC(C)(C)C)C(=O)NCc1cccc(CN)c1,-4.699999774313909,-4.079947701496525,0.6200520728173844,0.6200520728173844
CCCCOCC(C)O,-0.4052380797272286,-0.38297181289774107,0.022266266829487513,0.022266266829487513
CCC(O)CN(CC(O)CC)CC(O)CC,-0.5229002728123637,-0.7570282097112511,-0.23412793689888733,0.23412793689888733
CC(=O)C=CC(=O)O,-0.23320022229405302,-0.8922672857072129,-0.6590670634131599,0.6590670634131599
CCCC(=O)CC,-0.8334001023154629,-0.8284955590696015,0.004904543245861426,0.004904543245861426
CC(F)(F)Cl,-1.7233908627736916,-1.9117375929434979,-0.1883467301698063,0.1883467301698063
CC1=Nc2ccccc2N=C(C)C1,-1.370000110807443,-1.3230443111816723,0.04695579962577079,0.04695579962577079
CC(C)(C)C(=O)O,-0.5635621174103558,-0.33916292269746506,0.22439919471289071,0.22439919471289071
C=CCC=C,-2.0866000974301295,-2.183376243534412,-0.09677614610428265,0.09677614610428265
N#CC(OC1OC(COC2OC(CO)C(O)C(O)C2O)C(O)C(O)C1O)c1ccccc1,-0.7700000021360354,-0.8729443440031157,-0.10294434186708035,0.10294434186708035
Fc1ccc(Oc2ccnc3cc(Cl)cc(Cl)c23)cc1,-6.4243001040026595,-5.861360508557629,0.5629395954450302,0.5629395954450302
CC12CC(C)(NC(=O)N1)NC(=O)N2,-2.0899999552418747,-1.5542911557479104,0.5357087994939642,0.5357087994939642
NC(CCSSCCC(N)C(=O)O)C(=O)O,-3.119999860362426,-2.4265519024956683,0.6934479578667578,0.6934479578667578
CCc1[nH]c(=O)[nH]c1C(=O)c1ccncc1,-1.9900000279144996,-2.5064269430063604,-0.5164269150918608,0.5164269150918608
Cc1cc(C(=O)NNCc2ccccc2)no1,-2.4600000540304934,-2.359036267387975,0.10096378664251837,0.10096378664251837
C#CCOc1cc(-n2nc3n(c2=O)CCCC3)c(Cl)cc1Cl,-4.325099898467056,-5.1691130171775415,-0.8440131187104853,0.8440131187104853
OCCOCC#CCOCCO,0.7589615320444376,0.26775496687381395,-0.49120656517062367,0.49120656517062367
CCCCCCCCCCCCN,-3.3758999806547783,-4.180490429506319,-0.804590448851541,0.804590448851541
ClCCCl,-1.0800000628221555,-1.0519914931386174,0.028008569683538154,0.028008569683538154
COCC(C)OCC(C)OCC(C)O,0.6855001459593781,0.5297277889554199,-0.1557723570039582,0.1557723570039582
O=C(Cc1ccccc1)NNC(=O)c1ccncc1,-2.47000006038091,-2.0999294220153986,0.37007063836551124,0.37007063836551124
CC1OC(C)OC(C)OC(C)O1,-2.8996999104293733,-0.9800356776368053,1.919664232792568,1.919664232792568
CCCCC(CC)COP(=O)(OCC(CC)CCCC)OCC(CC)CCCC,-8.859980491624059,-7.792828902916648,1.0671515887074108,1.0671515887074108
CC12CCC3C(=CCc4cc(O)ccc43)C1CCC2O,-4.399999992331784,-4.7602189208705,-0.36021892853871584,0.36021892853871584
CC(=O)N1CCN(C(=O)/C=C/c2ccc(Sc3ccc4c(c3)OCCO4)c(Cl)c2)CC1,-2.0499999979286034,-4.023685988615744,-1.973685990687141,1.973685990687141
O=C(O)CF,1.107699667825154,1.2428840007517903,0.13518433292663623,0.13518433292663623
CC1(C)CC/C(=C\c2ccc(Cl)cc2)C1=O,-5.671591071380906,-4.784495293287842,0.8870957780930642,0.8870957780930642
CCCCCCCCCCCCCC(=O)OCC(COC(=O)CCCCCCCCCCCCC)OC(=O)CCCCCCCCCCCCC,-8.647056097890436,-8.259640213332812,0.3874158845576243,0.3874158845576243
CCOC(=S)SC(CC(=O)O)C(=O)O,-1.1900001326767364,-1.150011273771799,0.03998885890493753,0.03998885890493753
CCOC(N)=O,0.7313998945836033,0.5963111577631031,-0.13508873682050027,0.13508873682050027
CCCCCCOC(N)=O,-1.9199999834615844,-1.8242485676972928,0.09575141576429158,0.09575141576429158
CC(C)CCOCC(O)CO,-1.2101000991409652,-0.26618414715392413,0.943915951987041,0.943915951987041
CC(=O)[c-]1c(=O)cc(C)oc1=O,0.08456123450207054,-0.1822959766605705,-0.26685721116264105,0.26685721116264105
C/C=C/C(C)O,0.015199859191289189,-0.09088049795813591,-0.1060803571494251,0.1060803571494251
CCCCOC(=O)NS(N)(=O)=O,-1.0374999677444912,-1.4717271683543667,-0.4342272006098755,0.4342272006098755
C1=C\CC/C=C/CC/C=C\CC/1,-5.365155982863639,-3.3536718773705108,2.0114841054931283,2.0114841054931283
Cc1ccc(S(=O)(=O)Oc2ccc(Nc3cc(S(=O)(=O)[O-])c(N)c4c3C(=O)c3ccccc3C4=O)cc2)cc1,-2.6221985596805086,-2.2715197344303175,0.3506788252501911,0.3506788252501911
O=C(O)C(O)(CO)CC(O)CO,0.6099999209839075,0.5734732207718505,-0.03652670021205706,0.03652670021205706
NS(=O)(=O)c1cc2c(cc1C(F)(F)F)NC(Cc1ccccc1)NS2(=O)=O,-3.5912999662865124,-2.736911878436087,0.8543880878504253,0.8543880878504253
N#CCCO,1.1482999605143527,1.1327330470145909,-0.015566913499761803,0.015566913499761803
CN1C(C(=O)Nc2ccccn2)=C(O)c2sccc2S1(=O)=O,-3.880000070640497,-3.539612363672193,0.3403877069683041,0.3403877069683041
O=[N+]([O-])C([N+](=O)[O-])([N+](=O)[O-])[N+](=O)[O-],-2.3380999711718453,-1.8879599680172146,0.45014000315463076,0.45014000315463076
O=[N+]([O-])C(Br)(CO)CO,0.12713064356552328,0.3974216886488562,0.2702910450833329,0.2702910450833329
CCC(C)(C)OO,-0.2165948245985745,-0.3309656246846959,-0.11437080008612144,0.11437080008612144
C#CCCCCCCC,-4.093999784391362,-4.526952029810784,-0.4329522454194219,0.4329522454194219
CCSC,-1.0569733848008396,-1.2672149596071336,-0.21024157480629402,0.21024157480629402
O[C@]12COC(c3ccccc3)O[C@@H]1[C@H]1OC(c3ccccc3)OC[C@H]1O2,-4.437962404434143,-3.136454272042694,1.301508132391449,1.301508132391449
CC(CCCCO[N+](=O)O)O[N+](=O)O,-2.8399999038380486,-2.6867969134737786,0.15320299036427,0.15320299036427
CCCCCCCCCCCC(=O)NCCC[N+](C)(C)C,-0.011381305386098273,-1.0308184535741725,-1.0194371481880742,1.0194371481880742
CCCCSP(=O)(SCCCC)SCCCC,-5.139999781378654,-5.614237765356554,-0.4742379839779005,0.4742379839779005
CCCCCC(=O)CC,-1.6930000163369574,-2.158786392147946,-0.4657863758109888,0.4657863758109888
CCCCCCCC/C=C\CCCCCCCC(=O)OCC(CC)(CO)COC(=O)CCCCCCC/C=C\CCCCCCCC,-8.721196189093703,-7.347068345308077,1.374127843785626,1.374127843785626
CCN(CC)c1ccc2c(C#N)c(-c3nc4ccccc4s3)c(=O)oc2c1,-8.097434047738394,-6.462002009906959,1.6354320378314355,1.6354320378314355
O=C(O)CCCCCCCCC(=O)O,-2.3059000841767583,-2.249253535689225,0.056646548487533366,0.056646548487533366
CC(=O)OCCN(CCC#N)c1ccc(N=Nc2nc3ccc([N+](=O)[O-])cc3s2)cc1,-4.340908934298314,-5.963980613489225,-1.623071679190911,1.623071679190911
O=C([O-])C(O)C(O)C(=O)[O-],-1.3206369778992328,-0.801639998261638,0.5189969796375948,0.5189969796375948
CN(C)N,1.2210997997566637,0.7378258049202793,-0.48327399483638445,0.48327399483638445
CCN(CC)C(=O)OC,-0.2918000906482745,-0.10705012992763852,0.184749960720636,0.184749960720636
c1ccc(-c2cnc(-c3ccc(CN4CCOCC4)cc3)o2)cc1,-4.3499998244029126,-3.689017979154455,0.6609818452484575,0.6609818452484575
CC(C)=CC1C(C(=O)OCc2coc(Cc3ccccc3)c2)C1(C)C,-6.052399930471995,-6.640315438501348,-0.5879155080293534,0.5879155080293534
NS(=O)(=O)c1ccc(CNC(=S)NC(C(=O)O)C(O)c2ccccc2)cc1,-1.2900000600041115,-2.1612859171167873,-0.8712858571126758,0.8712858571126758
CCN(CC)CCCNc1nc(Nc2ccc(N=Nc3c(S(=O)(=O)O)cc4cc(S(=O)(=O)O)cc(Nc5nc(NCC(C)N)nc(NCC(C)N)n5)c4c3O)cc2)nc(Nc2ccc(N=Nc3c(S(=O)(=O)O)cc4cc(S(=O)(=O)O)cc(Nc5nc(NCC(C)N)nc(NCC(C)N)n5)c4c3O)cc2)n1,-0.7942190441250534,-0.9336647573213686,-0.13944571319631516,0.13944571319631516
Oc1cc2ccccc2cc1C1=NCCN1,-3.301500047115299,-3.6328557434183075,-0.33135569630300843,0.33135569630300843
CC(O)C(O)C(O)C(O)C=NNC(N)=O,-0.7000000938599098,-0.7053020009771456,-0.005301907117235771,0.005301907117235771
Nc1nc(=O)n(-c2ccccc2)[nH]1,-2.47000006038091,-2.7617803305115007,-0.29178027013059094,0.29178027013059094
CCCCCCCC(=O)NCCCC[C@H](N)C(=O)O,0.05757072249584416,-1.6091021772915586,-1.6666728997874027,1.6666728997874027
COC(=O)Nc1nc2cc(C(=O)c3ccccc3)ccc2[nH]1,-3.880000070640497,-5.212370255204089,-1.332370184563592,1.332370184563592
CCCCCCCCCCCCCCCCCC[NH+](C)C,-4.67868987707615,-3.6790765969118615,0.9996132801642883,0.9996132801642883
CC(=O)C(C)=O,0.36609993768000537,0.8483645901535981,0.48226465247359274,0.48226465247359274
COc1ccc2cc(C3N(C)c4cc(S(C)(=O)=O)ccc4[NH+]3C)oc2c1,0.21257449770061188,-1.201832261551304,-1.4144067592519158,1.4144067592519158
CCCCCCCC(=O)SCCC[Si](OCC)(OCC)OCC,-5.832680042595352,-5.586950115595928,0.24572992699942375,0.24572992699942375
CCCCC(CC)COC(=O)CS,-4.635481798870563,-4.203582676651715,0.43189912221884796,0.43189912221884796
CCOP(=S)(OCC)SCCl,-3.5924000364352207,-3.598887260371309,-0.006487223936088249,0.006487223936088249
N#CC(CCc1ccc(Cl)cc1)(Cn1cncn1)c1ccccc1,-6.226399823086378,-4.801284938179335,1.4251148849070434,1.4251148849070434
CCCI,-2.289999946073414,-2.453595455361354,-0.16359550928793976,0.16359550928793976
COCCNC(=O)C(NC(=O)C(Cc1cc(OC)c(OC)c(OC)c1)CC(O)C(Cc1ccccc1)NC(=O)OC(C)(C)C)C(C)C,-3.99999994258031,-3.7993975056326086,0.20060243694770152,0.20060243694770152
O=S(=O)(NS(=O)(=O)c1ccc(Cl)cc1)c1ccc(Cl)cc1,-2.480000032687129,-3.2846182105374044,-0.8046181778502755,0.8046181778502755
N#CCCN(CCOC(=O)c1ccccc1)c1ccc(N=Nc2ccc([N+](=O)[O-])cc2)cc1,-7.169735661950714,-6.745443102832358,0.4242925591183564,0.4242925591183564
C=C(C)C(=O)OC(C)CO,-0.04493172568973858,-0.3742652136927376,-0.329333488002999,0.329333488002999
O=P(OCC(Br)CBr)(OCC(Br)CBr)OCC(Br)CBr,-4.940499695540883,-5.45943144649637,-0.5189317509554874,0.5189317509554874
O=c1c2cc(F)ccc2nc(-n2cncn2)n1-c1ccc(Cl)cc1Cl,-5.5753998726753515,-4.826415819949958,0.7489840527253939,0.7489840527253939
CCCCCCC(O)CC,-2.660799981366975,-2.742122751369631,-0.08132277000265598,0.08132277000265598
NS(=O)(=O)c1cc2c(s1)SCCC2O,-2.5899998982765258,-2.4944685782480494,0.09553132002847642,0.09553132002847642
CC(C)(C)OOC(C)(C)C,-2.93204043400368,-1.9471456008309005,0.9848948331727794,0.9848948331727794
CCOC(=O)C(C)C,-1.255496946882056,-0.8524502819104574,0.4030466649715987,0.4030466649715987
CCC(C)(C)CC,-4.228599986980006,-4.307614390181895,-0.07901440320188868,0.07901440320188868
CCC1NC(=O)c2cc(S(N)(=O)=O)c(Cl)cc2N1,-3.285900093722017,-3.0496689318444963,0.2362311618775208,0.2362311618775208
CC/C(C)=C/CCC(C)=O,-2.192585947887734,-2.036200795331622,0.15638515255611196,0.15638515255611196
O=C(N=NNc1cc(Cl)c(-c2ccc(-c3cc(Cl)c(NN=NC(=O)c4cc5ccccc5cc4O)cc3Cl)cc2)cc1Cl)c1cc2ccccc2cc1O,-8.087170130770184,-7.947134635899118,0.14003549487106604,0.14003549487106604
CCC(C)(OOC(C)(C)C)OOC(C)(C)C,-4.450760707629273,-4.750453683304953,-0.2996929756756801,0.2996929756756801
FC(F)(Cl)C(F)(F)Cl,-2.7399999935327726,-3.272482952129705,-0.5324829585969324,0.5324829585969324
CCCn1c(=O)c2[nH]c(C3CCCC3)nc2n(CCC)c1=O,-4.959999939424736,-5.021218759792075,-0.06121882036733872,0.06121882036733872
C=CCCCCCCO,-1.744232856563184,-2.085198634002354,-0.3409657774391699,0.3409657774391699
CCCCCCCCCCCCCCCCOC(=O)OOC(=O)OCCCCCCCCCCCCCCCC,-5.756556944985315,-7.147085376575209,-1.3905284315898943,1.3905284315898943
CCCCOC(=O)C(C)OC(=O)C(C)O,-1.3752000215094429,-0.8701339274241482,0.5050660940852947,0.5050660940852947
CC[C@H](C)[C@H](N)C(=O)O,-0.5029539137665417,-0.8578175538865898,-0.354863640120048,0.354863640120048
CCO/N=C(\OC(=O)c1ccccc1)c1c(OC)ccc(Cl)c1OC,-4.079999857206852,-5.020951036224178,-0.9409511790173255,0.9409511790173255
CCOC(=O)CCCCC(=O)O,-0.3602000578261211,-0.9434338078370175,-0.5832337500108964,0.5832337500108964
CCCCC(=O)OCC(CO)(CO)COCC(CO)(CO)CO,-6.830456638313045,-1.417198305118288,5.413258333194757,5.413258333194757
O=P1(N(CCCl)CCCl)NCCCCO1,-0.9623999663529719,-1.0391767125519737,-0.07677674619900188,0.07677674619900188
CC1OC(O[C@@H]2C=C3CC[C@@H]4[C@H](CC[C@]5(C)[C@@H](c6ccc(=O)oc6)CC[C@]45O)[C@@]3(C)CC2)C(O)C(O)C1O,-3.9549998459150415,-4.862081338146055,-0.9070814922310135,0.9070814922310135
CC(C)OP(C)(=O)OC(C)C,-0.051600030711488554,0.1924576453145015,0.24405767602599004,0.24405767602599004
FC(F)(F)c1cccc(C(c2ccccc2)(c2ccccc2)n2cncn2)c1,-8.402999511278761,-5.062664846520034,3.3403346647587266,3.3403346647587266
CCC(C#N)(CC)C(=O)NC(N)=O,-1.564000016122659,-1.174220647208772,0.3897793689138871,0.3897793689138871
CC(Oc1ccc(Oc2ncc(Cl)cc2Cl)cc1)C(=O)N1CCCO1,-4.59219977666835,-4.649965562187695,-0.057765785519345414,0.057765785519345414
OC(=S)CCCCCCCCC(O)=S,-3.069999909465313,-2.766871470002993,0.30312843946231993,0.30312843946231993
O=NN(CCCl)C(=O)NCCCl,-1.7285000797339727,-2.0026334891061,-0.27413340937212727,0.27413340937212727
C=C(C)C(=O)OCCOC(=O)CCC(=O)O,-0.7067089795648913,-0.8931935602284908,-0.18648458066359952,0.18648458066359952
CCC(CO)(CO)COCC(CC)(CO)CO,-1.0763023182836693,-0.9920203245154644,0.08428199376820489,0.08428199376820489
C=C(C)C(=O)OCCCCCCCC(C)C,-6.055946791127862,-6.165473238109023,-0.10952644698116032,0.10952644698116032
Cc1c2c(cc3c1ccc1ccccc13)CCCC2,-6.749999850558175,-7.092578982509377,-0.3425791319512017,0.3425791319512017
O=S(=O)(F)C(F)(F)C(F)(F)C(F)(F)C(F)(F)F,-6.042384127614012,-4.678424877044041,1.3639592505699714,1.3639592505699714
CCC(C)(C)CO,-1.0400000374204899,-0.8404364931988733,0.1995635442216166,0.1995635442216166
CCCO[N+](=O)[O-],-1.5044000654273222,-1.5765354981143098,-0.07213543268698763,0.07213543268698763
CON(C(=O)c1cc(C)oc1C)C1CCCCC1,-2.920000056773972,-3.2542846604847964,-0.33428460371082425,0.33428460371082425
O=C(Oc1ccccc1)n1c(C(F)(F)F)nc2cc(Cl)c(Cl)cc21,-4.460299891724469,-6.155118899752672,-1.6948190080282028,1.6948190080282028
CC(C)(C)c1cc(CCC(=O)OCCNC(=O)C(=O)NCCOC(=O)CCc2cc(C(C)(C)C)c(O)c(C(C)(C)C)c2)cc(C(C)(C)C)c1O,-8.667094784799449,-7.158626359474109,1.50846842532534,1.50846842532534
Fc1ccc2c(c1)CC[C@@H]([C@@H]1CO1)O2,-3.0521011131354707,-2.7958479672832572,0.2562531458522135,0.2562531458522135
C=CCC,-1.940000064250812,-2.362541730299874,-0.4225416660490622,0.4225416660490622
CC(C)c1ccc2c(c1)CC[C@H]1[C@](C)(C(=O)O)CCC[C@]21C,-4.658199764110383,-4.7178319887048,-0.059632224594417416,0.059632224594417416
C#CC(C)(C)O,1.075110655654449,0.6830236348679399,-0.39208702078650903,0.39208702078650903
O=C1Nc2cccc3cccc1c23,-3.2547671518716244,-4.9615563039504185,-1.7067891520787941,1.7067891520787941
CC(C)OC=O,-0.6301000031703903,-0.36404786918649057,0.2660521339838997,0.2660521339838997
COc1ccc(N2CCN(c3ccc([N+](=O)[O-])cc3)CC2)cc1,-6.929012955496335,-5.169620003364357,1.7593929521319778,1.7593929521319778
O=C1NCCCC1N1C(=O)c2ccccc2S1(=O)=O,-2.6400001002495945,-2.706475140421336,-0.06647504017174155,0.06647504017174155
CCCCCCOC(=O)CCOCC,-2.828900082670404,-2.952026794981379,-0.12312671231097516,0.12312671231097516
Cc1ccc2ccccc2c1NS(=O)(=O)c1ccc(N)cc1,-4.4999999196591585,-4.691020685353381,-0.19102076569422266,0.19102076569422266
COC(=O)N(C)C(=O)CSP(C)(=S)OC,-1.9563000174077392,-1.3145147418028467,0.6417852756048925,0.6417852756048925
CCCCCC(C)C,-5.079999879452944,-5.330141934427877,-0.25014205497493247,0.25014205497493247
C=C(C)C(=O)OCCC[Si](OC)(OC)OC,-3.4779805871910976,-2.755697738882919,0.7222828483081787,0.7222828483081787
CCC#CCC,-2.167500004457602,-2.2524016707058236,-0.08490166624822182,0.08490166624822182
CCCCCCCCCCCCCCCC(=O)OC,-7.830037848843437,-6.960784634577256,0.8692532142661813,0.8692532142661813
CC(C)=CCCC(C)CC#N,-3.1041569462992893,-3.350849545322474,-0.24669259902318474,0.24669259902318474
CC(C)CC(N)C(=O)NCC(=O)NCC(=O)O,0.3099997304714144,-0.42311264509961255,-0.7331123755710269,0.7331123755710269
CCCCC(C=O)CC,-2.2628407791135556,-2.4899210905439095,-0.2270803114303539,0.2270803114303539
CCCCCCC(CC=CCCCCCCCC(=O)O)OS(=O)(=O)O,-0.5781000790896562,-1.978586506490448,-1.4004864274007918,1.4004864274007918
CCC(CC)(CC(=O)O)C(=O)O,-0.7962001440567725,-0.8010078656053938,-0.004807721548621302,0.004807721548621302
Nc1nc(N)nc(-c2ccccc2)n1,-2.494168512692678,-2.713136636603618,-0.21896812391094,0.21896812391094
C=CC(=O)OCCOCC(CC)(COCCOC(=O)C=C)COCCOC(=O)C=C,-2.68744586396351,-3.401713823068277,-0.7142679591047671,0.7142679591047671
C/C=C(/CCCC)C(=O)NC(N)=O,-2.788300028290587,-2.276875976086511,0.511424052204076,0.511424052204076
CCCCCC(O)CC,-2.0171000941477724,-2.074088922995381,-0.05698882884760881,0.05698882884760881
N=C(N)S(=O)O,-0.5567927692108952,-0.6844664074967537,-0.12767363828585854,0.12767363828585854
COC(=O)CCC(=O)OC,-0.07522316307023447,-0.0889459704883806,-0.013722807418146132,0.013722807418146132
CCCCCCBr,-3.807800022066955,-4.020631679407019,-0.2128316573400646,0.2128316573400646
NS(=O)(=O)c1cc(C(=O)c2ccc(CNCc3ccccc3)cc2)cs1,-3.3699998489018506,-3.112802397870342,0.2571974510315087,0.2571974510315087
FC(F)(F)C(F)(F)C(F)(F)F,-4.51800004003134,-3.1278791004615285,1.3901209395698113,1.3901209395698113
O=c1c2ccccc2c(=O)c2c1ccc1[nH]c3c(ccc4c(=O)c5ccccc5c(=O)c43)[nH]c12,-7.946874265877847,-6.960696119664167,0.98617814621368,0.98617814621368
CC(=O)CCCCCl,-1.4155738521979224,-1.5234910980591267,-0.10791724586120433,0.10791724586120433
Cc1ccccc1Oc1ccccc1N/N=C1/C(=O)c2c(cc(S(=O)(=O)[O-])cc2NC(=O)c2ccccc2)C=C1S(=O)(=O)[O-],-2.0506716218537644,-1.8339326438963766,0.21673897795738784,0.21673897795738784
CC(C)(C)Br,-2.3585998888664466,-2.2321439434311126,0.126455945435334,0.126455945435334
FC(F)=C(F)OC(F)(F)C(F)(F)F,-4.954296446955656,-4.400475113149887,0.5538213338057689,0.5538213338057689
CCCOCC,-0.6806000760930302,-0.5479420949627407,0.13265798113028948,0.13265798113028948
CCCCCCCCCCCCCC(=O)OC(C)C,-6.733127818709114,-6.934087447375327,-0.20095962866621253,0.20095962866621253
C[S+](C)[O-],1.1071998990081755,0.6357504071461535,-0.471449491862022,0.471449491862022
Cc1cc(C)c(S(=O)(=O)NC2CCCCC2)c(C)c1Nc1ccc(Nc2c(C)cc(C)c(S(=O)(=O)NC3CCCCC3)c2C)c2c1C(=O)c1ccccc1C2=O,-4.818703583660916,-5.960720541151766,-1.14201695749085,1.14201695749085
CCS(=O)(=O)CC,0.043299939677282406,-0.413145593532223,-0.4564455332095054,0.4564455332095054
O=C([O-])[O-],-3.267909965321756,-2.88758262735787,0.3803273379638856,0.3803273379638856
NC(=O)C[NH+](CC(=O)[O-])CC(=O)[O-],-1.76358194421084,-1.0706351850173494,0.6929467591934906,0.6929467591934906
Cc1cc(C2CC2)nc(Nc2ccccc2)n1,-4.050000110509182,-4.6966025719495565,-0.6466024614403745,0.6466024614403745
NC(=O)CF,1.1132001207012885,1.0516062694560318,-0.06159385124525674,0.06159385124525674
CCCC#N,-0.32100020723877876,-0.47997952763234286,-0.1589793203935641,0.1589793203935641
CCCCCCCCCCCCCCNC(=O)C(C)O,-3.9783999206928033,-4.5562789269921895,-0.5778790062993862,0.5778790062993862
OC(=S)CCCCCCCC(O)=S,-2.390000077665973,-2.5344990391621387,-0.1444989614961658,0.1444989614961658
ClC(Cl)(Cl)C(Cl)(Cl)Cl,-3.9399999725662065,-4.263228655101858,-0.3232286825356514,0.3232286825356514
CC(C)S[S+]([O-])C(C)C,-0.8230000085578846,-0.9422398097478428,-0.11923980118995825,0.11923980118995825
C=C(C)C(=O)OCCOC(=O)CC(C)=O,-1.0636822705058213,-1.0465506856962263,0.01713158480959498,0.01713158480959498
C=CC(C)(O)CC/C=C(\C)CCC=C(C)C,-3.985352222408779,-4.031554692035769,-0.04620246962698982,0.04620246962698982
C=COCCCCOC=C,-2.647743452935007,-2.0854967930826738,0.5622466598523332,0.5622466598523332
CC(C)CCCC(C)CC=O,-3.8064829882485864,-3.3036199282174823,0.5028630600311041,0.5028630600311041
CC[n+]1c(-c2ccccc2)c2cc(N)ccc2c2ccc(N)cc21,-1.2948000194757388,-1.314311838386689,-0.019511818910950218,0.019511818910950218
CC(C)CCl,-2.0000000342649162,-2.1453121073703953,-0.1453120731054791,0.1453120731054791
C=CCN(CC=C)C(=O)CCl,-0.9452000207951148,-1.5537228900058795,-0.6085228692107647,0.6085228692107647
CCCCC(CC)CN(CC(CC)CCCC)CC(CC)CCCC,-8.247579307452106,-7.17753287255632,1.0700464348957865,1.0700464348957865
CC(=O)Oc1ccc(C(C)(C)CC(C)(C)C)cc1C1C(=O)Oc2ccc(C(C)(C)CC(C)(C)C)cc21,-6.692582541442821,-7.291504947003174,-0.5989224055603533,0.5989224055603533
FC(F)=C(F)C(F)(F)F,-2.8887982264902585,-2.9499610441529693,-0.06116281766271081,0.06116281766271081
CCCCCCCCCCCC(=O)N(C)CC(=O)O,-2.7346415390037513,-2.5259400555968097,0.2087014834069416,0.2087014834069416
CCCCCCCC(=O)NCC(=O)O,-2.1115376762482456,-1.7893732834098959,0.32216439283834974,0.32216439283834974
O=C1CNC(=S)N1c1ccccc1,-3.2425000402876196,-3.4840606084827797,-0.24156056819516003,0.24156056819516003
C=C[NH+]1C=CN(C)C1,0.6585801735300438,0.8633456711055008,0.20476549757545692,0.20476549757545692
O=C1CCCCCCCN1,0.632899954591112,-0.8286303740910754,-1.4615303286821875,1.4615303286821875
CC(C)c1cc(OP(=O)(Oc2ccccc2)Oc2ccccc2)cc(-c2ccccc2)c1,-6.848499518197087,-6.7258625146427775,0.12263700355430984,0.12263700355430984
Cc1cc(C2(c3ccc(O)c(C)c3)CCCCC2)ccc1O,-5.371522247766571,-4.38613011398112,0.9853921337854512,0.9853921337854512
NCCCCCCNC(=O)O,-0.09529889006595571,-0.7929757500381278,-0.6976768599721721,0.6976768599721721
c1ccc2sc(SNC3CCCCC3)nc2c1,-5.917142606786258,-5.36303925084971,0.5541033559365482,0.5541033559365482
CCCOC(=O)CCOC,-0.6598001609314523,-0.6940080427741591,-0.03420788184270673,0.03420788184270673
CC(Cl)[N+](=O)[O-],-1.437399995644174,-0.7743191213644058,0.6630808742797683,0.6630808742797683
C=C[Si](C)(C)O[Si](C)(C)C=C,-5.954482554784418,-6.214403192650255,-0.25992063786583675,0.25992063786583675
CCCCCCCCCCCCCCCCCO,-7.505999731471784,-6.386987391362373,1.1190123401094105,1.1190123401094105
CCC(C)(CC)c1cc(NC(=O)c2c(OC)cccc2OC)on1,-5.369399796327489,-5.275773487449673,0.0936263088778162,0.0936263088778162
Cc1occc1C(=O)Nc1ccccc1,-3.3036999320812357,-3.3093267910621003,-0.005626858980864569,0.005626858980864569
c1ccc2c(c1)-c1nc3nc(nc4[n-]c(nc5[n-]c(nc-2n1)c1ccccc51)c1ccccc41)-c1ccccc1-3,-6.983720618856853,-7.345210893901104,-0.36149027504425124,0.36149027504425124
CCCC(Cl)Cl,-2.403599985531715,-2.169362426317387,0.23423755921432798,0.23423755921432798
C=C(C)OC,1.1420001498846308,0.3914933683005293,-0.7505067815841016,0.7505067815841016
CCCCOC(C)=O,-1.2199586178072286,-0.9535398959063515,0.2664187219008771,0.2664187219008771
O=C(O)C(F)F,1.0175999292615896,0.931137200388453,-0.08646272887313655,0.08646272887313655
CCCCC(C)(C)O,-1.0784001217238763,-1.0209604796150664,0.05743964210880992,0.05743964210880992
CC(CC=O)CCCC(C)(C)O,-2.807293643451698,-1.8711659654684618,0.9361276779832364,0.9361276779832364
CCC(Cl)[N+](=O)[O-],-1.1887000528686444,-1.2352214485363326,-0.0465213956676882,0.0465213956676882
CCCCOC(=O)CCCCC(=O)OCCCC,-3.8681537793798353,-4.085059233462225,-0.2169054540823896,0.2169054540823896
CC(C)CCBr,-2.8859998956013473,-2.8249456108397624,0.06105428476158492,0.06105428476158492
CCCCC(CCCC)(CCCC)C(=O)NO,-4.1599997718333945,-3.9596790165745,0.2003207552588946,0.2003207552588946
NS(=O)(=O)c1cc(C(=O)c2cccc(CN3CCOCC3)c2)cs1,-1.9199999834615844,-2.5669390739252758,-0.6469390904636914,0.6469390904636914
ClCCBr,-1.317700053082943,-1.366802271262725,-0.049102218179782,0.049102218179782
CCCCCCCCOCCCCCCCC,-6.384616825813063,-6.9301538446376565,-0.5455370188245938,0.5455370188245938
CC(C)SC(C)C,-2.240000050498121,-2.558094936163011,-0.3180948856648902,0.3180948856648902
NS(=O)(=O)c1cc2c(cc1Cl)CN(C1CCCCC1)C2=O,-4.312799866144222,-4.026274641293226,0.28652522485099574,0.28652522485099574
S=C(N=Nc1ccccc1)NNc1ccccc1,-6.610000034005923,-4.896129076084465,1.7138709579214577,1.7138709579214577
COC(C)CCOC(C)=O,-0.687784763500062,-0.543042998788454,0.14474176471160805,0.14474176471160805
CCCCCC(O)CCC,-2.591000082750233,-2.597744646774029,-0.006744564023795974,0.006744564023795974
C#CCN1CC(=O)N(COC(=O)C2C(C=C(C)C)C2(C)C)C1=O,-3.5320999327773506,-3.713053931450169,-0.18095399867281836,0.18095399867281836
CCCCCCCCOC(=O)C(C)O,-1.2726000707426732,-2.6592281267315028,-1.3866280559888295,1.3866280559888295
OC(O)C(Cl)(Cl)Cl,1.0371674444793908,0.10960115017739636,-0.9275662943019944,0.9275662943019944
CCC=O,0.5799999019326583,0.3206642795539447,-0.25933562237871355,0.25933562237871355
O=C(O)C(F)(F)Cl,0.8844999182730127,0.23988366339395828,-0.6446162548790544,0.6446162548790544
CCOC(=O)CCCCCCCCC(=O)OCC,-3.5090999113625534,-3.9293719188632266,-0.4202720075006732,0.4202720075006732
CC(C)=CC=O,0.11650367927685856,-0.8770307370984569,-0.9935344163753155,0.9935344163753155
CCCCCCO,-1.382910215146644,-1.034837983865934,0.34807223128070985,0.34807223128070985
CCCCCCCCCCCCCC(=O)O,-5.329299817162427,-5.097564778806307,0.23173503835612053,0.23173503835612053
CCOC(=O)N(C)N=O,-0.5528000657466388,-0.579569699000511,-0.02676963325387227,0.02676963325387227
CCCCCCCCOCC(O)CO,-1.9208000220991188,-1.6931750035112947,0.22762501858782413,0.22762501858782413
C=C(C)C(=O)OCCCCCCCCCCCC,-8.405541114875517,-6.836742014203093,1.5687991006724236,1.5687991006724236
C=CC(=O)OCCCC,-1.8773407658055439,-1.6625054031867252,0.21483536261881864,0.21483536261881864
C=C(C)CC(C)(C)C,-4.6883266999293225,-4.139822320776016,0.5485043791533064,0.5485043791533064
O=S(=O)([O-])c1ccccc1/C=C\c1ccc(-c2ccc(/C=C\c3ccccc3S(=O)(=O)[O-])cc2)cc1,-1.5046684698791657,-1.3204193673898235,0.18424910248934223,0.18424910248934223
c1ccc2c(c1)CCc1ccccc1-2,-4.634699735569225,-4.784929697245924,-0.15022996167669866,0.15022996167669866
O=[N+]([O-])C(CO)(CO)CO,0.8209998643301897,0.7241457570139942,-0.09685410731619548,0.09685410731619548
CC(SC(=S)SC(C)C(=O)O)C(=O)O,-1.4100000000323194,-1.2286852350002693,0.18131476503205013,0.18131476503205013
Cc1ccc(N=CN(C)C=Nc2ccc(C)cc2C)c(C)c1,-5.467500193619976,-5.970547058272529,-0.5030468646525526,0.5030468646525526
CC(C)CCCCCCCCCCCCCCC(=O)OC(CO)CO,-6.855595418337451,-5.1791768904421716,1.6764185278952795,1.6764185278952795
N[C@@H](CCO)C(=O)O,0.923999902504121,0.295187236384749,-0.628812666119372,0.628812666119372
CCC(CC)(C(N)=O)C(N)=O,-1.1992001003896187,-0.5730283107464516,0.6261717896431671,0.6261717896431671
CCN(CC)c1ccc(/C=C(\C#N)C(=O)OCCC[N+](C)(C)CCOC(=O)/C(C#N)=C/c2ccc(N(CC)CC)cc2)cc1,-0.8036189193647272,-2.4159367855876788,-1.6123178662229516,1.6123178662229516
O=C(NC(CO)C(=O)O)C(Cl)Cl,-0.029999940735586872,-0.19620398451225673,-0.16620404377666986,0.16620404377666986
OCCCCCO,0.9823445755550675,0.8698919617239773,-0.11245261383109018,0.11245261383109018
CCCCOCCC(=O)OCCCC,-2.4028999687459716,-2.836857947843267,-0.4339579790972956,0.4339579790972956
CCCCC(=O)[O-],-1.2721999833355113,-0.6237413641676621,0.6484586191678492,0.6484586191678492
CCCCCCCC[Si](OCC)(OCC)OCC,-6.3277404109050766,-5.22438023096557,1.1033601799395063,1.1033601799395063
O=C(Nc1ccc2c(O)c(N=Nc3ccccc3)c(S(=O)(=O)[O-])cc2c1)Nc1ccc2c(O)c(N=Nc3ccccc3)c(S(=O)(=O)[O-])cc2c1,-1.8872468101712967,-2.5603295972765325,-0.6730827871052358,0.6730827871052358
Cc1ccnc2c1NC(=O)c1cccnc1N2C1CC1,-3.190000023970032,-4.323920743647923,-1.1339207196778909,1.1339207196778909
CC(C)CCCC(C)CCCC(C)CCCCC(C)CCCC(C)CCCC(C)C,-5.149040149894397,-6.343184765294408,-1.1941446154000115,1.1941446154000115
C=CCCBr,-2.247299943468958,-2.1351441950386887,0.11215574843026932,0.11215574843026932
O=S(=O)(CCl)CCCl,-1.5000000571860674,-1.1772688284619752,0.3227312287240922,0.3227312287240922
CNCC(O)C(O)C(O)C(O)CO,0.40839998905408903,0.25939806966390666,-0.14900191939018237,0.14900191939018237
OCC(O)C(O)CO,0.6984998546259829,0.56969240839185,-0.12880744623413287,0.12880744623413287
CCC(C(=O)O)C(CC)C(=O)O,-0.8608000979273176,-0.5100762322040433,0.3507238657232743,0.3507238657232743
CC(C)CCCCCCCOC(=O)CCCCC(=O)OCCCCCCCC(C)C,-6.6301043581274115,-6.972123531120734,-0.3420191729933224,0.3420191729933224
CCCCOC(N)=O,-0.6571000475518725,-0.6730956455845636,-0.015995598032691127,0.015995598032691127
CC(C)c1nn(C(=O)NC(C)(C)C)c(=O)n1N,-1.7188474603732327,-2.5289473838132026,-0.81009992343997,0.81009992343997
CCCCCCCCCOS(=O)(=O)[O-],-0.13619904404534067,-0.14043278042677798,-0.004233736381437314,0.004233736381437314
CC(C)CCCCCCCCCCCCCCC(=O)OCC(COC(=O)CCCCCCCCCCCCCCC(C)C)(COC(=O)CCCCCCCCCCCCCCC(C)C)COC(=O)CCCCCCCCCCCCCCC(C)C,-7.380942594016833,-7.739851229488256,-0.3589086354714226,0.3589086354714226
Cc1c(NC(=O)Nc2ccccc2)c(=O)n(-c2ccccc2)n1C,-2.29999995242383,-3.4839512585209174,-1.1839513060970872,1.1839513060970872
CCSC(=S)N[C@@H](CC(=O)O)C(=O)O,-1.3863000639643703,-1.0857275224061653,0.300572541558205,0.300572541558205
O=[N+](O)OCCCCCCO[N+](=O)O,-2.7699999615177258,-3.111569121288484,-0.3415691597707582,0.3415691597707582
O=C(O)CC(O)(CC(=O)O)C(=O)O,0.576299978565542,0.8286203174631974,0.25232033889765537,0.25232033889765537
NCCCCCCN,0.49513398209164583,1.1653879687513498,0.6702539866597039,0.6702539866597039
Cn1cc2nccnc2nc1=O,-0.9089000549373543,-1.3437115901504062,-0.43481153521305194,0.43481153521305194
OCCCl,1.0941285613503635,0.6119981791910871,-0.4821303821592764,0.4821303821592764
CC(=O)OC/C=C(/C)CCC=C(C)C,-3.7549530783563543,-3.6123673326624077,0.14258574569394655,0.14258574569394655
CC(C)CCCCCN(CCCCCC(C)C)CCCCCC(C)C,-4.0572475754161115,-5.865294383648879,-1.8080468082327679,1.8080468082327679
CCC1(C2=CCCCCC2)C(=O)NC(=O)NC1=O,-2.9999999799115638,-2.9772269864822656,0.02277299342929817,0.02277299342929817
Cc1ccc(S(=O)(=O)/C(C#N)=C/N2CC(=O)NC2=S)cc1,-3.5292992187946255,-4.318487698282525,-0.7891884794878998,0.7891884794878998
OC(c1ccccc1)(c1ccccc1)C1CCNCC1,-1.3899999873314866,-2.1538971687908885,-0.763897181459402,0.763897181459402
CC1(C2CCC3C4=CC=C5CC6(CCC5(C)C4CCC32C)OCCO6)OCCO1,-6.700119382027157,-6.152430497576978,0.5476888844501797,0.5476888844501797
c1cc[n+]2c(c1)-c1cccc[n+]1CC2,-1.5558501076325901,-0.7091285687583739,0.8467215388742162,0.8467215388742162
CCC(CO)[N+](=O)[O-],-0.34360010720221723,-0.3933653701694295,-0.04976526296721229,0.04976526296721229
CC1=NN(c2cc(S(=O)(=O)[O-])ccc2Cl)C(=O)C1N=Nc1cc(Cl)ccc1Oc1ccccc1Cl,-2.316221467750082,-4.129581077243235,-1.813359609493153,1.813359609493153
O=C(Nc1ccc(F)cc1F)c1cccnc1Oc1cccc(C(F)(F)F)c1,-6.896900017381259,-5.927979283330549,0.9689207340507098,0.9689207340507098
NC(=O)NCl,0.3255998711077819,-0.33246520348921127,-0.6580650745969931,0.6580650745969931
CCCOCCC,-1.3192000404178266,-1.2114754847135774,0.10772455570424921,0.10772455570424921
S=c1ncc2nccnc2[nH]1,-2.6800000575628657,-2.5205170192254314,0.15948303833743438,0.15948303833743438
CCCCCCCCCCCCCCC(CO)CCCCCCCCCCCC,-5.613599640921579,-6.924794470915307,-1.3111948299937284,1.3111948299937284
C=CCOCC(CC)(CO)COCC=C,-1.7182485548535944,-2.5384839124610066,-0.8202353576074122,0.8202353576074122
CCCCOCCOCCCC,-1.9401999717776035,-2.017972034130093,-0.07777206235248935,0.07777206235248935
Cn1c(=O)[nH]n(-c2ccccc2)c1=O,-2.980400067384467,-2.238666539288239,0.7417335280962276,0.7417335280962276
CC(=O)OCC(COC(C)=O)OC(C)=O,-0.575436733443206,-1.0210085500217132,-0.4455718165785072,0.4455718165785072
COC(C)OC,1.0451996962234467,0.31303347698494477,-0.7321662192385019,0.7321662192385019
CC/C=C\CCOC(=O)C(C)C,-3.174187396475955,-3.079553124025339,0.09463427245061595,0.09463427245061595
O=C1CN=C(c2ccccc2)c2cc(Cl)ccc2N1CC1CC1,-4.9099997714958645,-5.063993114923525,-0.15399334342766036,0.15399334342766036
c1ccc2c(c1)c1cccc3ccc4cccc2c4c31,-7.659999883738914,-7.608714070741623,0.05128581299729085,0.05128581299729085
CC(C)CCC(C)(C)C,-5.047399836962301,-4.9721864003052385,0.07521343665706226,0.07521343665706226
CCC(CO)(CO)CO,0.872300112067153,0.6782122365460057,-0.19408787552114726,0.19408787552114726
FCCCl,-0.5291001296786892,-0.9461960178325488,-0.41709588815385956,0.41709588815385956
CCCCCCCCCCCC(=O)[O-],-5.297808526090813,-4.675465483057505,0.6223430430333083,0.6223430430333083
CCCC(C)(COC(N)=O)COC(=O)NC(C)C,-2.938400009221835,-2.596452669484904,0.3419473397369308,0.3419473397369308
COC(OC)OC,-1.025801292123504,0.09028256613055863,1.1160838582540626,1.1160838582540626
CCCCCCCC(C)O,-2.7439999484110627,-2.5459475580210578,0.19805239039000488,0.19805239039000488
CC(C1CC1)C(O)(Cn1cncn1)c1ccc(Cl)cc1,-3.3189000704209346,-4.1701822550815635,-0.8512821846606289,0.8512821846606289
OCC1OC(OCCc2cccc3ccccc23)C(O)C(O)C1O,-1.110000081873405,-2.2292716345013774,-1.1192715526279724,1.1192715526279724
CCOC(=O)OCC,-0.7982097049374697,-0.4539392572623231,0.3442704476751466,0.3442704476751466
NCC(=O)NCC(=O)NCC(=O)O,-0.5299999859028302,0.08992523823525822,0.6199252241380884,0.6199252241380884
N#CSCC(CSC#N)SC#N,-1.935099946750605,-1.9328756350730754,0.002224311677529567,0.002224311677529567
CCC(C)(O)CCCC(C)C,-2.694289666822557,-2.7192699030199425,-0.02498023619738543,0.02498023619738543
C=C(C)C(=O)OCCOCC,-0.9674740497015963,-0.9318726707732914,0.03560137892830495,0.03560137892830495
CCOC(=O)c1ccccc1S(=O)(=O)NN(C=O)c1nc(Cl)cc(OC)n1,-4.576000185805187,-4.314496492762952,0.26150369304223453,0.26150369304223453
[O-][n+]1nc(-n2ccnc2)nc2ccc(Cl)cc21,-3.6300000480568753,-2.493940280393698,1.1360597676631774,1.1360597676631774
CCOC(=O)N1CCN(CN2CCN(C(=O)OCC)CC2)CC1,-0.8443001010668096,-0.18992705158314882,0.6543730494836608,0.6543730494836608
CCCCCCCCCCNCC(O)CO,-3.1099998710341086,-2.005867619765185,1.1041322512689238,1.1041322512689238
