smiles,observed_logS,predicted_logS,residual,absolute_error
Clc1ccc(-c2cc(Cl)c(Cl)cc2Cl)cc1,-7.769899851464366,-7.315362873981533,0.4545369774828334,0.4545369774828334
Cc1ccc(-c2nc3ccccc3s2)cc1,-4.349999864395942,-5.023349801963763,-0.6733499375678207,0.6733499375678207
NC(=O)Nc1cc(Nc2nc(N)nc(Cl)n2)ccc1N=Nc1cc2c(S(=O)(=O)[O-])cc(S(=O)(=O)[O-])cc2cc1S(=O)(=O)[O-],-1.000000432516694,-0.6032659513471659,0.39673448116952814,0.39673448116952814
C=C(C)C(=O)OCC(CC)CCCC,-4.80597397809116,-4.8277660811088365,-0.021792103017676645,0.021792103017676645
NC(=O)NCC(=O)NCC(=O)NCC(=O)O,-1.3504999007973486,-0.3351735187654872,1.0153263820318614,1.0153263820318614
O=C(O)C(F)F,1.0176003686792434,0.5147056624210333,-0.5028947062582101,0.5028947062582101
O=N/C=C1\C=CC=CN1,-1.0004516424934793,-0.7585009550213808,0.24195068747209847,0.24195068747209847
O=C(O)C(I)=CBr,-1.211799831099575,-1.1218460359357139,0.08995379516386115,0.08995379516386115
Nc1ccccc1C(=O)OCC=Cc1ccccc1,-6.040000000112892,-4.96115114848906,1.0788488516238317,1.0788488516238317
CCOc1ccccc1NC(=O)C(=O)Nc1ccccc1CC,-6.017546610157687,-4.177634754698818,1.839911855458869,1.839911855458869
O=C1c2ccc3c4ccc5c6c(ccc(c7ccc(c2c37)C(=O)N1CCc1ccccc1)c64)C(=O)N(CCc1ccccc1)C5=O,-8.476149331775112,-7.826254031385377,0.6498953003897352,0.6498953003897352
COc1ccc(N/N=C2\C(=O)C=Cc3ccccc32)c([N+](=O)[O-])c1,-7.991102885565265,-7.1188710740696255,0.8722318114956398,0.8722318114956398
O=C(O)c1cc([N+](=O)[O-])cc([N+](=O)[O-])c1,-2.207649580583494,-2.1078512919432626,0.09979828864023155,0.09979828864023155
C=CCOC(=O)CCC1CCCCC1,-4.062449501912957,-4.527805442874028,-0.4653559409610706,0.4653559409610706
CC(C)=CC1C(C(=O)OCc2coc(Cc3ccccc3)c2)C1(C)C,-6.05240033792702,-6.484598763845804,-0.43219842591878344,0.43219842591878344
CCCCOCC(C)OCC(C)O,-0.6530595740927168,-0.5224130986823292,0.13064647541038754,0.13064647541038754
CN(C)Cc1cc(CN(C)C)c(O)c(CN(C)C)c1,0.5055166587518682,-0.8631891230888287,-1.368705781840697,1.368705781840697
CSc1ccc(C(=O)c2cc(CC(=O)O)cc3ccoc23)cc1,-5.510000396950055,-4.431309586140974,1.0786908108090811,1.0786908108090811
Clc1ccc(Oc2c(Cl)cccc2Cl)cc1Cl,-6.560000105576682,-6.99889421701821,-0.43889411144152746,0.43889411144152746
C[C@](C#N)(CCC(=O)[O-])N=N[C@](C)(C#N)CCC(=O)[O-],-2.008299933449397,-2.129555333790799,-0.12125540034140192,0.12125540034140192
Nc1ncc2nccnc2n1,-2.2978998575552887,-1.8200689062204571,0.47783095133483156,0.47783095133483156
Cn1cnc2c(=O)n(C)c(=O)n(C)c2c1=O,-1.9849998864132505,-1.1847763700732914,0.8002235163399591,0.8002235163399591
O=CC(Cl)(Cl)Cl,-0.6913407861519025,-0.5448402635241685,0.14650052262773405,0.14650052262773405
O=C(OCc1ccccc1)C(OS(=O)(=O)O)c1ccccc1,-1.4999998862594417,-1.5324243403697286,-0.03242445411028694,0.03242445411028694
O=C(O)C(S)Cc1ccccc1,-1.5599997710188829,-1.7397595345233758,-0.17975976350449296,0.17975976350449296
CCCCCCCCCCCCCCCCCCCCCCCCCC,-8.333901004239095,-7.675678816275331,0.658222187963764,0.658222187963764
COC(=O)CCN(CCC(=O)OC)c1ccc(N=Nc2ccc([N+](=O)[O-])cc2[N+](=O)[O-])c(NC(C)=O)c1,-7.3328318360744955,-6.446139497069563,0.8866923390049326,0.8866923390049326
ClC(Cl)=C(Cl)C(Cl)(Cl)Cl,-4.165100116698881,-3.7707921486501492,0.39430796804873136,0.39430796804873136
Nc1ccc(S(=O)(=O)Nc2cccc(Cl)c2Cl)cc1,-4.730000100727457,-4.578272498925401,0.15172760180205636,0.15172760180205636
CC(O)CN(CC(C)O)C(=O)CCCCC(=O)N(CC(C)O)CC(C)O,0.21099345270594805,-0.2084838608541828,-0.41947731356013085,0.41947731356013085
CCCCCCCC/C=C\CCCCCCCCNC(=O)CC(C(=O)[O-])S(=O)(=O)[O-],-0.01951563188587002,-1.566207393379219,-1.546691761493349,1.546691761493349
CC1CCCCC1=O,-0.9399998576226907,-1.3920080440426044,-0.4520081864199137,0.4520081864199137
CCSC(CCC(SCC)C(=O)O)C(=O)O,-1.3599998791002539,-1.2823228876638821,0.07767699143637175,0.07767699143637175
N#CNC(N)=NCCCCCCN=C(N)NC#N,-4.434690555361334,-2.1263812669121958,2.308309288449138,2.308309288449138
CCCCOCCC(=O)OC,-1.2908998800032627,-1.015500992811267,0.2753988871919957,0.2753988871919957
O=C(Nc1cc(S(=O)(=O)[O-])cc2c1C(=O)/C(=N/Nc1ccc3c(CNc4nc(F)nc(F)c4Cl)cccc3c1S(=O)(=O)[O-])C(S(=O)(=O)[O-])=C2)c1ccccc1,-0.8900862894902244,-1.054894977838591,-0.1648086883483666,0.1648086883483666
Clc1ccc(-c2ccc(Cl)c(Cl)c2Cl)cc1Cl,-7.982300081197124,-7.905637173486491,0.07666290771063267,0.07666290771063267
FC(F)(Br)C(F)(F)Br,-4.937600168526087,-4.585687994796551,0.3519121737295361,0.3519121737295361
CC(C)CCCCCCCCCCOC(=O)CCCCC(=O)OCCCCCCCCCCC(C)C,-5.708288203046706,-7.095750738073484,-1.3874625350267777,1.3874625350267777
CCCCCCCCCCCCCCCC(=O)O,-6.8069087197438325,-5.536568645219092,1.2703400745247402,1.2703400745247402
CCOC(=O)[C@H](C)NC(=O)CCl,-0.46279982730464875,-0.8918356425785623,-0.42903581527391355,0.42903581527391355
CNC1CN(c2cc3c(cc2F)c(=O)c(C(=O)O)cn3C2CC2)C1C,-4.5700001319817884,-4.2224443636628655,0.347555768318923,0.347555768318923
O=C([O-])[C@H](O)[C@@H](O)[C@H](O)[C@H](O)CO,-0.1797999360711766,-0.04762205206720349,0.13217788400397312,0.13217788400397312
CC(C)(C#N)N=NC(C)(C)C#N,-2.7132510463548583,-2.02399856236333,0.6892524839915284,0.6892524839915284
C=Cc1ccccn1,-0.5823998708850882,-0.5439800798058063,0.03841979107928184,0.03841979107928184
O=C(O)/C=C/CBr,-0.7402997601578938,-1.1358069060219542,-0.39550714586406044,0.39550714586406044
O=C1C(O)=C(C2CCC(c3ccc(Cl)cc3)CC2)C(=O)c2ccccc21,-5.931000423408287,-5.597304351448782,0.3336960719595048,0.3336960719595048
C=C(C)C(=O)OCCCC,-2.5443674757371753,-2.11759150608728,0.42677596964989517,0.42677596964989517
COC(=O)CCCC(=O)OC,-0.43369988940753057,-0.5795233900297183,-0.14582350062218774,0.14582350062218774
O=S(=O)([O-])C[C@@H](O)CNc1ccccc1,0.11878457384654784,-0.19828201570149062,-0.31706658954803846,0.31706658954803846
O=C(OCC(=O)N1CCOCC1)c1ccccc1,-1.7733997986919414,-1.6255353631288745,0.14786443556306694,0.14786443556306694
ClCCCCCCCl,-3.4346472722234864,-3.5440495424451512,-0.10940227022166482,0.10940227022166482
CCCCCCCC(=O)OCC(O)CO,0.17947445514130544,-2.0825191436886334,-2.261993598829939,2.261993598829939
Clc1cc(Cl)c(Oc2ccccc2)c(Cl)c1Cl,-7.0599998353732545,-7.652080631108301,-0.5920807957350469,0.5920807957350469
NS(=O)(=O)c1nnc(NS(=O)(=O)c2ccccc2[N+](=O)[O-])s1,-1.8199999617776905,-2.1811973439343673,-0.36119738215667674,0.36119738215667674
CCCCCCOC(=O)c1ccccc1C(=O)OCCCCCC,-6.144000242048709,-6.094063761448777,0.049936480599932054,0.049936480599932054
Cn1c(=O)c2c(nc(/C=C/c3ccccc3)n2C)n(C)c1=O,-5.550000320123015,-4.401262783624478,1.1487375364985368,1.1487375364985368
O=C(O)c1cccc(C(=O)O)c1O,-2.1099998188623936,-1.6558103241316433,0.4541894947307503,0.4541894947307503
O=[N+]([O-])c1cc(C(F)(F)F)ccc1O,-2.5029999474089735,-3.3638136551061764,-0.8608137076972029,0.8608137076972029
C=CCCCCCCO,-1.7442327797153747,-1.9779629293494838,-0.2337301496341091,0.2337301496341091
CN(C)c1ccc(N=Nc2ccccc2)cc1,-5.249999930137422,-5.713234811534938,-0.4632348813975158,0.4632348813975158
C=C(C)C(=O)OCCOC(=O)NCCC(C)CC(C)(C)CNC(=O)OCCOC(=O)C(=C)C,-4.6199240521326885,-4.090593189360651,0.5293308627720377,0.5293308627720377
CC(C)CC(NC(=O)C(N)Cc1c[nH]c2ccccc12)C(=O)O,-1.7599998699778805,-2.0532250019257043,-0.29322513194782385,0.29322513194782385
NCc1ccncc1,0.966000387730515,1.0542705306163622,0.08827014288584722,0.08827014288584722
O=S(=O)([O-])c1cc(S(=O)(=O)[O-])c2cc(NS(=O)(=O)c3cccc(N=Nc4ccc(N=Nc5c(O)ccc6ccccc56)cc4)c3)ccc2c1,-1.2096460591577711,-1.3208772549827985,-0.11123119582502738,0.11123119582502738
CCCc1nc(C)c2c(=O)nc(-c3cc(S(=O)(=O)N4CCN(CC)CC4)ccc3OCC)[nH]n12,-4.843867748607111,-3.8476684459674226,0.9961993026396883,0.9961993026396883
C[C@H](CCC(=O)O)[C@H]1CC[C@H]2[C@@H]3CC[C@@H]4C[C@H](O)CC[C@]4(C)[C@H]3C[C@H](O)[C@]12C,-3.954400033460174,-4.854436607319997,-0.9000365738598228,0.9000365738598228
O=S(=O)(Nc1ccccc1Cl)c1ccccc1,-4.32000012905659,-4.098578736380201,0.2214213926763886,0.2214213926763886
CCCCCCCC(=O)OC1C(C(O)CO)OC2OC(C)(C)OC21,-3.1700000258831826,-3.1463403152199305,0.02365971066325212,0.02365971066325212
N[C@@H](Cc1cnc[nH]1)C(=O)O,-0.10764968023604604,-0.4054507493987285,-0.29780106916268245,0.29780106916268245
O=C(CBr)Nc1ccc(Cl)cc1C(=O)c1ccccc1F,-5.569345896117591,-5.501705807673538,0.06764008844405289,0.06764008844405289
CCCC(=O)n1ncc2c(=O)[nH]cnc21,-3.2699999373357693,-2.7194648971796185,0.5505350401561508,0.5505350401561508
CCCCC1(CC)C(=O)NC(=S)NC1=O,-3.140000048996734,-2.8809390364836176,0.2590610125131163,0.2590610125131163
CCCOC1=CC(=O)C2(Oc3c(Cl)c(OC)cc(OC)c3C2=O)C(C)C1,-5.219999780717332,-4.362804345009712,0.8571954357076201,0.8571954357076201
Clc1ccc(Oc2c(Cl)c(Cl)c(Cl)c(Cl)c2Cl)c(Cl)c1Cl,-10.600000903714296,-10.077625355087314,0.5223755486269823,0.5223755486269823
C(/C=C/c1ccccc1)=NCCCCCCN=C/C=C/c1ccccc1,-3.8937389997901173,-3.958091356193168,-0.06435235640305059,0.06435235640305059
CC(=O)CC(=O)C(C)(C)C,-1.629999843611933,-0.9485373742651115,0.6814624693468214,0.6814624693468214
Cc1cccc(S(N)(=O)=O)c1,-1.34089985298292,-1.3845504499631591,-0.04365059698023921,0.04365059698023921
Cc1cccc(C(=O)O)c1,-2.142799982228358,-1.9784725937236898,0.1643273885046681,0.1643273885046681
CC(=O)c1cc2c(cc1C)C(C)(C)C(C)CC2(C)C,-5.315400117846304,-5.043033819947655,0.27236629789864875,0.27236629789864875
O=C(O)c1c(Cl)cccc1Cl,-1.1308999112575946,-2.08345068732073,-0.9525507760631355,0.9525507760631355
CCC1CO1,0.08054256143049665,-0.20981029948278707,-0.2903528609132837,0.2903528609132837
CC(C)(CO)C(O)C(=O)NCCC(=O)O,0.659100308445582,0.0240586362117865,-0.6350416722337955,0.6350416722337955
CC(C)CC(NC(=O)C(N)Cc1ccc(O)cc1)C(=O)O,-2.0699998266759767,-1.6022774143010239,0.4677224123749528,0.4677224123749528
C=CCS[S+]([O-])CC=C,-0.8299997238297672,-1.072143787006202,-0.2421440631764349,0.2421440631764349
CC(=O)N1CCN(c2ccc(O)cc2)CC1,-1.8179143751306348,-1.529451102648734,0.28846327248190073,0.28846327248190073
CC(C)=CCCC(C)CCOC=O,-4.055960649718513,-3.7859403952507042,0.2700202544678083,0.2700202544678083
Nc1ccc(/C=C/c2ccc(N)cc2S(=O)(=O)O)c(S(=O)(=O)O)c1,-4.0635303906643205,-1.9381417510281405,2.12538863963618,2.12538863963618
Cc1nc(C(F)(F)F)c(C(=O)Nc2c(Br)cc(OC(F)(F)F)cc2Br)s1,-5.518600025703076,-6.514562474161007,-0.9959624484579308,0.9959624484579308
Cc1cccnc1,1.0309003659086935,0.13373316451825046,-0.897167201390443,0.897167201390443
NC(N)=NCCCCCCCCNCCCCCCCCN=C(N)N,0.33220040560108144,-1.223123420969714,-1.5553238265707954,1.5553238265707954
Cc1ccc(Br)cc1,-3.1916999269233455,-3.2366175764531087,-0.04491764952976318,0.04491764952976318
CC1(CCl)CO1,-0.5503997115036596,-1.2186225013817698,-0.6682227898781101,0.6682227898781101
CCCCCCCCC(=O)OC,-3.3800000711286926,-3.8898967446283645,-0.5098966734996719,0.5098966734996719
Cc1c(OCC(F)(F)F)ccnc1CO,-1.7920735977036428,-1.698072094318853,0.09400150338478985,0.09400150338478985
Clc1nc(Cl)nc(Nc2ccccc2Cl)n1,-4.537099899104301,-4.534118103714735,0.002981795389565889,0.002981795389565889
O=C(O)CCCC(C(=O)O)(c1ccccc1)c1ccccc1,-3.1737000443116603,-2.997747442626431,0.1759526016852293,0.1759526016852293
O=C(O)c1c(Cl)c(Cl)c(Cl)c(Cl)c1C(=O)Nc1cccc(Cl)c1Cl,-4.505099739722873,-6.037109992620102,-1.532010252897229,1.532010252897229
Cc1ccc2c(ccc3c4c5c(cccc5cc32)CC4)c1,-7.920000253995598,-7.039058392216981,0.8809418617786164,0.8809418617786164
Cc1cc(C)cc(C(=O)Cl)c1,-3.3292896391239486,-3.90423373805102,-0.5749440989270713,0.5749440989270713
COP(=O)(OC)SCn1c(=O)oc2cc(Cl)cnc21,-2.4699999555805157,-3.0020846622962147,-0.5320847067156991,0.5320847067156991
O=c1[nH]c2c(c(=O)n1C1CCCCC1)CCC2,-4.591599963510427,-3.3802424808936755,1.211357482616752,1.211357482616752
Clc1ccc(Cl)c(Oc2ccccc2)c1Cl,-5.949999827906448,-6.526560601552269,-0.5765607736458209,0.5765607736458209
CCc1cc(CC)c(CC)cc1CC,-4.5881767580548605,-5.444007797732955,-0.8558310396780948,0.8558310396780948
O=C1C=C(O)C[C@@H](c2ccccc2)C1,-2.5112999887485317,-1.9664922027906777,0.544807785957854,0.544807785957854
CC(=O)CC(=O)Nc1ccccc1Cl,-2.406536009399423,-2.337397604314044,0.06913840508537916,0.06913840508537916
C=CCCC,-2.6756729261343066,-2.687252107339567,-0.011579181205260358,0.011579181205260358
Cc1ccc(S(=O)(=O)NC(CCC(=O)O)C(=O)O)cc1,-0.9299999458429067,-1.7331567411127073,-0.8031567952698007,0.8031567952698007
O=[N+]([O-])c1cc(S(=O)(=O)Nc2ccccc2)ccc1Nc1ccccc1,-6.269000174497853,-5.594452991491477,0.6745471830063758,0.6745471830063758
CC(=O)SC1CC2=CC(=O)CCC2(C)C2CCC3(C)C(CCC34CCC(=O)O4)C12,-4.2800002058836295,-5.170831419885161,-0.8908312140015315,0.8908312140015315
CC(C)=NOCCOC(=O)C(C)Oc1ccc(Oc2cnc3cc(Cl)ccc3n2)cc1,-5.8478999405011844,-5.1012999486598645,0.74659999184132,0.74659999184132
O=C1NCCCC1N1C(=O)c2ccccc2S1(=O)=O,-2.640000025892973,-2.7325280057205834,-0.09252797982761063,0.09252797982761063
C#CC=C,-1.4647998489667826,-1.3842968945249963,0.08050295444178635,0.08050295444178635
CCNC(CC)C(=O)O,-0.4188998156936199,-0.1817107806470757,0.2371890350465442,0.2371890350465442
CNC(=O)N(C)c1nnc(C(C)(C)C)s1,-1.9969998771678301,-2.3016803456737223,-0.30468046850589214,0.30468046850589214
Nc1cc2c3ccccc3ccc2c2ccccc12,-6.195799809912835,-6.054980889082106,0.14081892083072844,0.14081892083072844
CC=C(C)C,-2.2331508808193257,-2.6488233100042486,-0.415672429184923,0.415672429184923
O=C(C1CCC1)N(O)C1CCCCC1,-2.6999999796658702,-2.330360371196452,0.36963960846941823,0.36963960846941823
CCCOC(=O)n1cnc2c1c(=O)n(C)c(=O)n2C,-1.4499999132797845,-2.0813103039894334,-0.6313103907096489,0.6313103907096489
N#CCc1ccc(Cl)cc1F,-2.5939060937619822,-3.045069193157083,-0.4511630993951008,0.4511630993951008
CS/C(C)=N/OC(=O)N(C)SN(C)C(=O)O/N=C(\C)SC,-4.005499804878199,-2.8666813222687986,1.1388184826094006,1.1388184826094006
Nc1cc(S(=O)(=O)[O-])c(O)c2c1C(=O)c1c(O)c(S(=O)(=O)O)cc(N)c1C2=O,-1.79911255615764,-1.1048331147614725,0.6942794413961675,0.6942794413961675
NCCCNc1ccccc1,-1.6542998956287491,-0.5310706987385778,1.1232291968901713,1.1232291968901713
CN(C)C(=O)NC1CC2CC1C1CCCC21,-3.009999936363966,-2.392033763255842,0.6179661731081239,0.6179661731081239
CC(CCO)CC(C)(C)C,-2.5570799614137996,-2.5650740315951936,-0.007994070181394086,0.007994070181394086
O=C(O)c1occc1Br,-1.1699997609344963,-1.5512458281777468,-0.3812460672432505,0.3812460672432505
CCCCCCO[N+](=O)[O-],-3.1264998437307816,-3.3549934938537946,-0.22849365012301304,0.22849365012301304
COc1ccc(NC(C)=O)cc1,-1.2999998563139001,-1.8861776550843796,-0.5861777987704795,0.5861777987704795
CC(C)c1ccc(C#N)cc1,-2.988795224125567,-3.353960051853585,-0.3651648277280177,0.3651648277280177
Clc1cccc(Oc2ccccc2)c1,-4.210700067763591,-4.687573112326049,-0.47687304456245805,0.47687304456245805
C=CC(OC(C)=O)OC(C)=O,-1.2448997889193716,-0.7413535956344175,0.5035461932849541,0.5035461932849541
CCC1C(=O)NC(=O)NC1=O,-0.9199998960362101,-1.3852790940339603,-0.4652791979977502,0.4652791979977502
COc1cc(Cl)c(OC)cc1Cl,-4.413000178178129,-3.8116225107418398,0.6013776674362896,0.6013776674362896
COC1OC(COS(=O)(=O)c2ccc(C)cc2)C2OC(C)(C)OC12,-4.1564426546695445,-4.054328274438473,0.10211438023107178,0.10211438023107178
COc1ccc(Cn2cc(F)c(=O)[nH]c2=O)cc1,-2.749999935392163,-2.9381851721928993,-0.18818523680073618,0.18818523680073618
COc1ccc2cc(C(C)C(=O)OCC(=O)N(C)C)ccc2c1,-4.900000119279821,-3.728911746822027,1.171088372457794,1.171088372457794
CCC(C)=O,0.5200000987286284,0.026332767621243036,-0.49366733110738537,0.49366733110738537
CS(=O)(=O)O,0.8747877871251482,0.3898387879154881,-0.48494899920966006,0.48494899920966006
COC(=O)/C(C)=C/OP(=S)(OC)OC,-2.778500008327792,-2.232504983882536,0.545995024445256,0.545995024445256
COc1ccc2c(c1)[nH]c1c(C)nccc12,-4.480000097802258,-3.544542781616776,0.9354573161854822,0.9354573161854822
CCN(CC)C(=O)Cn1cc(I)c(=O)c(I)c1,-3.180000023929787,-2.9002891501129393,0.2797108738168479,0.2797108738168479
CC(O)(CCC(C)(O)C(=O)O)C(=O)O,-0.8371997596905887,-0.19362498767557046,0.6435747720150182,0.6435747720150182
CCCCC(=O)OC1CCC2(C)C(=CCC3C4CCC(=O)C4(C)CCC32)C1,-4.760000250147546,-5.100108086270895,-0.34010783612334894,0.34010783612334894
CC(C)COP(=O)(OCC(C)C)OCC(C)C,-3.0021545297939585,-2.6534938646675887,0.34866066512636973,0.34866066512636973
OC1CCCCC1,-0.37739981603619865,-0.8189768946018474,-0.44157707856564876,0.44157707856564876
CCCCCCCC1CCCC1=O,-3.769441555311867,-4.107637856724755,-0.3381963014128875,0.3381963014128875
CC(C)c1ccccc1Br,-4.189799756627227,-4.004211668717799,0.18558808790942827,0.18558808790942827
CC(=O)CC(=O)c1ccccc1,-2.626799977401497,-1.6528921591487147,0.9739078182527825,0.9739078182527825
OCC1OC(OCC2OC(OC3(CO)OC(CO)C(O)C3O)C(O)C(O)C2O)C(O)C(O)C1O,0.3000001071966065,0.20011334330549735,-0.09988676389110918,0.09988676389110918
C#CC1(O)CCC2C3CCc4cc(OC)ccc4C3CCC21C,-5.489999745229012,-5.628057299649351,-0.13805755442033885,0.13805755442033885
CC(C)(C)c1ccccc1O,-2.189958740228775,-2.4261954240861714,-0.23623668385739638,0.23623668385739638
O=[N+]([O-])c1ccc(O)c([N+](=O)[O-])c1,-2.5975999009794,-2.318327081449245,0.27927281953015504,0.27927281953015504
C#CC(C)(C)N,1.0316562012812467,0.6271644696053533,-0.40449173167589336,0.40449173167589336
CCSCCSP(=O)(OC)OC,-1.843799804263803,-1.222162615632179,0.6216371886316241,0.6216371886316241
CC(C)(C)C(=O)OCCc1ccccc1,-3.6752800787355526,-3.8649374760777073,-0.1896573973421547,0.1896573973421547
CCCCCCCCCCCCCCCCC(CO)CCCCCCCCCCCCCC,-5.6692042264647355,-6.980221384194895,-1.3110171577301593,1.3110171577301593
CCOP(=O)(OCC)SCn1nnc2ccccc2c1=O,-1.9929999262586078,-2.7492122503095633,-0.7562123240509555,0.7562123240509555
NC(Cc1c[nH]c2ccccc12)C(=O)NCC(=O)O,-0.8499999614700724,-1.5526970431352018,-0.7026970816651295,0.7026970816651295
O=S1(=O)c2ccccc2-c2ccccc21,-4.5700001319817884,-4.283118923970341,0.28688120801144734,0.28688120801144734
C=C[Si](OC(=C)C)(OC(=C)C)OC(=C)C,0.6452236347759337,-0.60027739263889,-1.2455010274148237,1.2455010274148237
CCOC(=O)CN(N=O)C(N)=O,0.7566003109666788,-1.1631069729807793,-1.919707283947458,1.919707283947458
CO[Si](OC)(C1CCCC1)C1CCCC1,-4.632799616606367,-4.868233087353514,-0.2354334707471466,0.2354334707471466
Clc1ccccc1-c1ccccc1,-4.591700033021951,-4.623312198752495,-0.03161216573054393,0.03161216573054393
c1ccc2sc(SN(C3CCCCC3)C3CCCCC3)nc2c1,-6.78860000191555,-6.457725476100261,0.33087452581528876,0.33087452581528876
CCOc1ccccc1/C=C/C(=O)[O-],-3.324799968729369,-2.5345090415426483,0.7902909271867204,0.7902909271867204
CC(C)COC=O,-1.000599883397446,-0.9178077526127464,0.08279213078469971,0.08279213078469971
CCCCI,-2.9586998792693002,-2.988486268135421,-0.029786388866120728,0.029786388866120728
Cc1c(Cl)cc(Cl)c(O)c1Cl,-3.2760998641976697,-3.541275753612641,-0.26517588941497117,0.26517588941497117
CCC(C)C(C)C,-3.7756030076699902,-3.982144063982881,-0.20654105631289088,0.20654105631289088
C=CC(=O)OCCCCCCCCCCOC(=O)C=C,-4.960875508744906,-4.473912006748099,0.48696350199680705,0.48696350199680705
CCCC(=O)OCOC(=O)c1cn(CC)c2nc(C)ccc2c1=O,-2.94999998690441,-3.32176779351676,-0.3717678066123504,0.3717678066123504
CCOC(=O)OCOc1ccc(NC(C)=O)cc1,-2.4299999633940987,-2.5849793757331923,-0.15497941233909351,0.15497941233909351
C=C(C#N)C(=O)OCC,-6.717139880642648,-2.1958983143251416,4.5212415663175065,4.5212415663175065
CCC(O)C(Cl)(Cl)Cl,-0.9480998289526585,-0.8720435495222252,0.07605627943043336,0.07605627943043336
CC(C)C1OCCO1,-0.06509984788256196,-0.37821969589612614,-0.3131198480135642,0.3131198480135642
Brc1cccc2ccccc12,-4.346799848457799,-5.068267486000254,-0.7214676375424549,0.7214676375424549
COCC(NC(C)=O)C(=O)NCc1ccccc1,-3.39845723690131,-1.3443216781693632,2.054135558731947,2.054135558731947
Clc1ccc(Oc2c(Cl)cc(Cl)c(Cl)c2Cl)c(Cl)c1,-8.470000508879478,-8.652288235285415,-0.18228772640593682,0.18228772640593682
O=C1NC(=O)C2=C1CCCC2,-1.9745175705744686,-2.293624197888456,-0.31910662731398753,0.31910662731398753
CC(O)CCO,1.0452005061457257,1.2430024575105683,0.19780195136484258,0.19780195136484258
O=c1n(Cl)c(=O)n(Cl)c(=O)n1Cl,-1.2870998610767181,-1.5533416288163235,-0.2662417677396054,0.2662417677396054
CCCCCCCN(C)N=Nc1ccc(C(=O)O)cc1,-3.3900000519219327,-3.0456698172665906,0.34433023465534207,0.34433023465534207
CCCCCCCC/C=C/CCCCCCCCO[P+](=O)OCCCCCCCC/C=C/CCCCCCCC,-9.534420441156966,-8.187709523868328,1.3467109172886378,1.3467109172886378
Cc1cc(C)c(C(=O)P(=O)(c2ccccc2)c2ccccc2)c(C)c1,-5.010576791486031,-5.417013322358285,-0.40643653087225395,0.40643653087225395
CCCCCCCCCCCCCCCO,-6.347600151897749,-5.782027700751737,0.5655724511460125,0.5655724511460125
CC(C)N(C(=O)SCC(Cl)=C(Cl)Cl)C(C)C,-4.881800166658547,-4.570508071019589,0.311292095638958,0.311292095638958
Clc1ccc(Oc2cc(Cl)c(Cl)cc2Cl)cc1,-7.04000028786751,-7.385196486118174,-0.3451961982506635,0.3451961982506635
C#CC(OC(=O)C1C(C=C(C)C)C1(C)C)/C(C)=C/CC,-6.393099895424024,-6.241165391280212,0.15193450414381182,0.15193450414381182
CCCCCCCCC(CC)(CC)C(=O)NO,-5.219999780717332,-4.2686415571777285,0.9513582235396036,0.9513582235396036
Cc1c(Cl)ccc(Cc2c(Cl)cccc2Cl)c1Cl,-7.990000326588648,-7.703065564135173,0.28693476245347505,0.28693476245347505
C=CC(=O)OCCN(C)S(=O)(=O)C(F)(F)C(F)(F)C(F)(F)C(F)(F)F,-5.308745840397293,-4.786322120377868,0.5224237200194253,0.5224237200194253
C=C/C=C\C#N,-0.722099807536619,-0.6363187039629059,0.08578110357371305,0.08578110357371305
Cn1nc(S(N)(=O)=O)sc1=NS(=O)(=O)c1ccccc1[N+](=O)[O-],-2.7899998930718524,-2.5161107097414606,0.2738891833303918,0.2738891833303918
C/C=C\CO,0.3621000714289102,0.428766241978745,0.06666617054983481,0.06666617054983481
O=c1[nH]c(=O)c2nccnc2[nH]1,-2.118299860201952,-2.7257674820557174,-0.6074676218537656,0.6074676218537656
CNCCC=C1c2ccccc2CCc2ccccc21,-4.019999946111366,-3.6192677224632135,0.4007322236481521,0.4007322236481521
Nc1ccc(S(=O)(=O)N=C2CC=CN2)cc1,-1.6899998663982867,-2.3480337511467466,-0.6580338847484599,0.6580338847484599
CC(C)CC(C)O,-0.7944998920832762,-0.4030929736803297,0.3914069184029465,0.3914069184029465
CCOC(=O)C(C)C,-1.2554966670954835,-0.824746695595906,0.4307499714995775,0.4307499714995775
CC(CO)CC(C)c1ccccc1,-2.346915871182848,-2.9450238406569147,-0.5981079694740665,0.5981079694740665
O=C(O)CCCOc1cc(Cl)c(Cl)cc1Cl,-3.829400031997575,-3.422911016391863,0.40648901560571193,0.40648901560571193
CCCCCCCCCCCCCCCCN,-3.58351012545773,-5.045564543387348,-1.4620544179296182,1.4620544179296182
CC(=O)CC(CC(=O)O)c1ccccc1,-1.4462998258378506,-1.6349465901270772,-0.18864676428922666,0.18864676428922666
Clc1cc(Cl)c(-c2c(Cl)cc(Cl)cc2Cl)c(Cl)c1,-8.710000600024893,-8.276782707330785,0.43321789269410793,0.43321789269410793
O=C(O)CC1(CC(=O)O)OCOC1=O,-0.6109998753053274,-0.3237388172308293,0.2872610580744981,0.2872610580744981
c1ccc(-c2cnc(-c3ccc(CN4CCOCC4)cc3)o2)cc1,-4.349999864395942,-3.980405476993714,0.36959438740222783,0.36959438740222783
O=C1OC(=O)C2CCCCC12,-1.564736302546372,-1.3062157602889832,0.25852054225738885,0.25852054225738885
CCCCCOC(=O)CCCNC(=O)NC12CC3CC(CC(C3)C1)C2,-2.3199998296011755,-4.257904029577834,-1.9379041999766589,1.9379041999766589
CCC(C)(C)c1ccccc1,-4.500745818796683,-4.953480026776061,-0.45273420797937813,0.45273420797937813
CNC(=O)Oc1cc(C)cc(C)c1C,-1.9850998869113177,-2.7917176466239217,-0.8066177597126041,0.8066177597126041
CS(=O)(=O)NS(=O)(=O)C1CCCCC1,-0.32999971797936967,-0.8565486483310623,-0.5265489303516926,0.5265489303516926
CN(C)C(=O)C(c1ccccc1)c1ccccc1,-2.9799999594775173,-2.6883780618778435,0.29162189759967383,0.29162189759967383
ClC1C(Cl)C(Cl)C(Cl)C(Cl)C1Cl,-4.790400125506078,-4.958830502010109,-0.16843037650403048,0.16843037650403048
CCC(C)NCc1cccc(S(=O)(=O)c2csc(S(N)(=O)=O)c2)c1,-1.329999867707077,-2.286387791936205,-0.956387924229128,0.956387924229128
Cc1cc(Oc2ccccn2)nn1C,-0.9799999188225639,-1.3891307350257598,-0.4091308162031959,0.4091308162031959
CC(=O)Nc1ncc2ncn(COCCOC(C)=O)c2n1,-0.7299997778704528,-1.8002484486336126,-1.0702486707631598,1.0702486707631598
NNC(N)=S,-0.8457606028812128,-0.3606635007944985,0.4850971020867143,0.4850971020867143
NP(N)(=O)c1ccccc1,-1.148199928409723,-0.6207948171201294,0.5274051112895937,0.5274051112895937
NC(=O)NN=C[C@H](O)[C@@H](O)[C@H](O)CO,-0.1287998200839371,-0.612123138318811,-0.48332331823487396,0.48332331823487396
CCOc1ccc(C2(C(=O)OC(C#N)c3cccc(Oc4ccccc4)c3)CC2(Cl)Cl)cc1,-6.724300164752686,-6.784387144493881,-0.060086979741194924,0.060086979741194924
CCC(C)(OOC(C)(C)C)OOC(C)(C)C,-4.450760890750482,-4.581022685155883,-0.13026179440540098,0.13026179440540098
NS(=O)(=O)c1cc2c(s1)SCCC2O,-2.5899998286195824,-2.3567219931775583,0.23327783544202418,0.23327783544202418
CC(C)(O)C#N,1.0700000775586829,0.7423029312678957,-0.32769714629078717,0.32769714629078717
O=I(=O)c1ccccc1,-1.84159979330633,-1.8738065789756897,-0.03220678566935975,0.03220678566935975
COC(C)C(C)Cl,-1.9985998851369016,-1.526521619458985,0.47207826567791655,0.47207826567791655
FC(F)(F)C(F)(F)C(F)(F)F,-4.518000149040792,-3.607826809717496,0.910173339323296,0.910173339323296
c1ccc2c(c1)ccc1cc3ccc4ccccc4c3cc12,-8.431800180590985,-7.980479782275788,0.45132039831519677,0.45132039831519677
C=CC(C)CC/C=C(\C)CCC=O,-3.7935759750337485,-3.358210004007975,0.43536597102577357,0.43536597102577357
N[C@@H](COP(=O)(O)O)C(=O)O,-0.8149407116281084,-0.17425898369795334,0.6406817279301551,0.6406817279301551
Cc1cccc(Cl)c1O,-0.7738999275083938,-1.4818864765122701,-0.7079865490038764,0.7079865490038764
O=Cc1cccc2c1OC(F)(F)O2,-2.1558331734360503,-3.0733417459809087,-0.9175085725448584,0.9175085725448584
C#C[C@]1(O)CC[C@H]2[C@@H]3CCC4=CC(=O)CC[C@]4(C)[C@H]3CC[C@@]21C,-5.657600027881594,-5.206961206460055,0.4506388214215393,0.4506388214215393
CCCC(=O)N(CSP(=S)(OC)OC)c1ccccc1Cl,-5.204000115107355,-4.616088560289645,0.5879115548177101,0.5879115548177101
CC(CN1c2ccccc2Sc2ccccc21)N(C)C,-4.259699759708754,-4.1419908228557345,0.11770893685301953,0.11770893685301953
CC(C)OC(=O)CCCCCCCCC(=O)OC(C)C,-5.155961090472816,-4.676971127154177,0.4789899633186394,0.4789899633186394
O=c1nc(-c2ccccc2)[nH]c(-c2ccccc2)n1,-5.493585132306704,-4.649268435691748,0.844316696614956,0.844316696614956
CCNC(=O)NC(=O)/C(C#N)=N/OC,-2.299999868014695,-2.079871994548292,0.22012787346640295,0.22012787346640295
CN(CC(=O)O)C(=O)COC(=O)c1ccccc1,-2.25399984594426,-1.2010803850252112,1.0529194609190486,1.0529194609190486
CCC1CCC(O)O1,-0.06509984788256196,-0.20472511197445975,-0.1396252640918978,0.1396252640918978
CCCOCC(O)COCCC,-0.3430998522395985,-0.43402038789822983,-0.09092053565863134,0.09092053565863134
C1COCO1,1.1303004469065185,0.6225035768258844,-0.5077968700806341,0.5077968700806341
CNC(=O)CCSCCSP(=O)(OC)OC,0.5416002063110925,-0.8142061324000718,-1.3558063387111643,1.3558063387111643
COc1cc(OC)nc(NC(=O)NS(=O)(=O)Nc2ccccc2C(=O)C2CC2)n1,-6.394300177454653,-4.826348406691106,1.567951770763547,1.567951770763547
CCN(CC)CC(C)OC(=O)c1ccc(N)cc1,-2.349999806487624,-2.012243431351429,0.33775637513619516,0.33775637513619516
CCCCCCC(CCC)(CCC)C(=O)NO,-2.819999861331619,-3.9784355568992877,-1.1584356955676687,1.1584356955676687
CNS(=O)(=O)c1cc(OC)c(N/N=C2\C(=O)C(C(=O)Nc3ccc4[nH]c(=O)[nH]c4c3)=Cc3ccccc32)cc1C,-8.217168331737804,-6.719317393213393,1.4978509385244116,1.4978509385244116
O=C(NC1CCCCC1)c1cccnc1,-2.318999893633962,-1.785065764318402,0.5339341293155602,0.5339341293155602
C1=C\CCCCCC/1,-3.770339972484977,-3.9644122296351654,-0.1940722571501885,0.1940722571501885
CCCCCCCCCC(=O)OOC(=O)CCCCCCCCC,-6.449752489529743,-6.261261005517018,0.18849148401272497,0.18849148401272497
O=C(O)c1ccncc1C(=O)O,-1.8537999230839557,-1.4703935276205602,0.3834063954633955,0.3834063954633955
CCC#CC(C)O,-0.41209978182506646,-0.5163437792882637,-0.10424399746319724,0.10424399746319724
O=C(O)c1ccccc1Br,-2.049999865089496,-1.992995026303216,0.057004838786280265,0.057004838786280265
N=C(N)NC(=O)c1nc(Cl)c(N)nc1N,-2.8699998192145824,-2.633933794851073,0.23606602436350954,0.23606602436350954
COc1ccc(C=O)c(C(=O)O)c1OC,-1.9246999311461521,-2.128442008715011,-0.20374207756885898,0.20374207756885898
C#CC1(OC(=O)C(C)(C)C)CCC2C3CCC4=CC(=O)CCC4C3CCC21C,-7.160000333440218,-5.865841782796185,1.294158550644033,1.294158550644033
C=CCOc1ccc(CC(=O)O)cc1Cl,-3.130000068203494,-2.800006507783572,0.329993560419922,0.329993560419922
CSc1ccc(C(=O)C(C)(C)N2CCOCC2)cc1,-4.19338127895137,-3.645641352785703,0.5477399261656672,0.5477399261656672
COCCOC,1.0451693120635128,0.8151435977190795,-0.2300257143444333,0.2300257143444333
CCCCOC1=CC(=O)C2(Oc3c(Cl)c(OC)cc(OC)c3C2=O)C(C)C1,-5.4000001251302185,-4.658634251835756,0.7413658732944626,0.7413658732944626
OCc1ccccc1CO,0.056900207651484624,-0.17705375262115552,-0.23395396027264015,0.23395396027264015
Nc1ccc(CCc2ccc(N)cc2)cc1,-3.645700635344598,-3.3908541969628754,0.2548464383817226,0.2548464383817226
NC1CN(c2cc3c(cc2F)c(=O)c(C(=O)O)cn3C2CC2)C1,-5.320000278784297,-4.452451996481768,0.8675482823025291,0.8675482823025291
CC(=O)OCC(=O)C1(O)C(C)CC2C3CCC4=CC(=O)C=CC4(C)C3(F)C(O)CC21C,-4.900000119279821,-4.902086534088351,-0.0020864148085300016,0.0020864148085300016
C1CCN2C[C@@H]3C[C@@H](CN4CCCC[C@@H]34)[C@H]2C1,-1.887099881899886,-1.5469044677005899,0.3401954141992962,0.3401954141992962
Oc1ccc(Cl)cc1,-0.6876596083969737,-1.2319691517076263,-0.5443095433106526,0.5443095433106526
CN(C)[P+](CC1CCCCC1)(N(C)C)N(C)C,-1.5071433310861604,-0.6598292420405323,0.8473140890456281,0.8473140890456281
COC(=O)c1ccccc1C(=O)c1ccccc1,-3.477600074147856,-3.608489407910692,-0.13088933376283585,0.13088933376283585
O=C(O)[C@H]1CC[C@H](C(=O)O)SS1,-1.5240997992532115,-1.5073427799746444,0.016757019278567098,0.016757019278567098
O=[N+]([O-])c1cccc(OC2OC(CO)C(O)C(O)C2O)c1,-1.2799997567005073,-1.6009943161229279,-0.3209945594224206,0.3209945594224206
O=C(O)Cc1ccccc1C(=O)O,-1.0514997918462496,-1.5440606992234696,-0.4925609073772199,0.4925609073772199
CN(C)C(=O)Nc1ccc(Cl)cc1,-2.890000040679859,-2.519483742414354,0.37051629826550503,0.37051629826550503
FC(F)(F)F,-3.6703395434314685,-2.866756460669261,0.8035830827622075,0.8035830827622075
CCCCCC(C)CO,-2.528126884151524,-2.4874259913037076,0.040700892847816306,0.040700892847816306
CN(C)C(=O)OC1=CC(=O)CC(C)(C)C1,-0.8476997429741635,-1.3766972707526441,-0.5289975277784806,0.5289975277784806
CCN(CC)CCOC(=O)c1ccc(N)cc1,-1.7199998777914636,-1.9064919039504993,-0.1864920261590357,0.1864920261590357
O=[N+]([O-])c1cccc([N+](=O)[O-])c1,-2.498899857974772,-2.364783869079691,0.13411598889508092,0.13411598889508092
CCOP(=S)(OCC)SCCSCC,-4.226200075950515,-3.8711437871823753,0.35505628876813944,0.35505628876813944
CCCCCCCCCCCCCCCC(=O)OCC(O)CO,-4.72679138909383,-5.3083220977760845,-0.581530708682255,0.581530708682255
COC(=O)c1ccc(C(C)(C)C)cc1,-3.739816425012893,-4.900246359291625,-1.1604299342787319,1.1604299342787319
CCCCCCCC(=O)Oc1c(Br)cc(C#N)cc1Br,-6.702300331231778,-6.722487595338448,-0.020187264106669822,0.020187264106669822
C1OC1C1CO1,1.0650001906822473,0.9341446044995045,-0.13085558618274273,0.13085558618274273
CCOP(=S)(OCC)SCn1c(=O)oc2ccccc21,-5.190499840827947,-4.9130903156023535,0.27740952522559326,0.27740952522559326
CCN(C#N)CCC[NH+](C)C,0.7173645047810178,-0.34408508834063634,-1.061449593121654,1.061449593121654
O=Cc1ccccc1Cl,-1.9805721210889025,-1.7824402163898585,0.19813190469904396,0.19813190469904396
CC(C)=CCC1(C(C)C)C(=O)NC(=O)NC1=O,-2.5899998286195824,-2.451799692398688,0.13820013622089444,0.13820013622089444
O=C(O)c1cccc(Cl)c1Cl,-2.331672800093443,-2.200027320397501,0.13164547969594187,0.13164547969594187
Clc1cc(Cl)c(-c2cc(Cl)c(Cl)c(Cl)c2Cl)cc1Cl,-8.011501054794152,-9.183704546677596,-1.1722034918834439,1.1722034918834439
CC1CC(C)(C)OC(Cc2ccccc2)O1,-2.744685347155351,-2.8045831696397205,-0.05989782248436937,0.05989782248436937
O=C1CCC(=O)N1Cl,-0.9701998700120014,-0.5645968836640072,0.4056029863479942,0.4056029863479942
O=C1CNC(=S)N1c1ccccc1,-3.2425000074077226,-3.2526401200238233,-0.010140112616100705,0.010140112616100705
CC(C)(C)c1cccc(O)c1,-1.8613998919235888,-2.565475413856586,-0.7040755219329973,0.7040755219329973
Nc1nc(N)nc(NC2CC2)n1,-1.178999805760523,-2.2592129153869682,-1.0802131096264451,1.0802131096264451
C=CC(=O)O[Si](C(C)C)(C(C)C)C(C)C,-4.943738087295639,-5.604219499762316,-0.6604814124666767,0.6604814124666767
O=S(=O)(O)c1c(Br)c(Br)c(Br)c(Br)c1Br,-2.0060998534784678,-1.3065765626381165,0.6995232908403513,0.6995232908403513
COc1ccc(C(=O)O)cc1C(=O)O,-3.116499845684177,-2.2362351611913827,0.8802646844927944,0.8802646844927944
CC(=O)NC(Cc1ccccc1)C(=O)O,-1.409999852079911,-1.36994968711082,0.04005016496909097,0.04005016496909097
CC(C)CCCC(C)CCO,-3.3932597299929803,-3.0872361906155343,0.306023539377446,0.306023539377446
Cc1ccc(N(CC(C)O)CC(C)O)cc1,-1.5038217134381526,-1.3574505220273805,0.14637119141077215,0.14637119141077215
CC(C)(O)CCCC1=CCC(C=O)CC1,-1.5375999355057077,-2.3029391511152277,-0.76533921560952,0.76533921560952
Clc1ccc(Cl)c(-c2c(Cl)cccc2Cl)c1,-6.800000196722096,-6.699177058256955,0.1008231384651408,0.1008231384651408
CCCCN(CC)c1c([N+](=O)[O-])cc(C(F)(F)F)cc1[N+](=O)[O-],-5.530000220509622,-5.590887204235353,-0.060886983725730204,0.060886983725730204
CN1CC(C(=O)O)CC1=O,-0.9539997893251531,-0.38681684016472406,0.567182949160429,0.567182949160429
CCC(C)C1NC(=O)C(Cc2ccccc2)NC(=O)C2CCCN2C(=O)C(Cc2ccccc2)N(C)C(=O)C2CCC=NN2C(=O)C2CCC=NN2C1=O,-4.039999976711302,-2.8528500767067086,1.1871499000045933,1.1871499000045933
C=C(OCC)C1C(C)(C)CC(=O)CC1(C)C,-3.6433441708818677,-2.7565475525445815,0.8867966183372862,0.8867966183372862
CCOC(=O)c1[nH]c(C=O)c(CC)c1C,-2.7185999687861413,-2.779659563792567,-0.06105959500642566,0.06105959500642566
COc1cc(OC)n2nc(S(=O)(=O)Nc3c(Cl)ccc(C)c3Cl)nc2n1,-3.3203999468144225,-5.135590112545681,-1.8151901657312584,1.8151901657312584
COc1c2c(cc3oc(=O)ccc13)OC(C)(C)C=C2,-3.8099999353725837,-3.7689681230021783,0.04103181237040543,0.04103181237040543
CC1CC(O)CC(C)(C)C1,-1.9916597539522156,-1.922679838269052,0.06897991568316364,0.06897991568316364
Cc1cc(O)cc(C)c1Cl,-2.6700000027794215,-2.155401770321201,0.5145982324582206,0.5145982324582206
Nc1cccc(S(=O)(=O)O)c1,-1.2051064920343422,-0.9301655781378415,0.27494091389650066,0.27494091389650066
O=C1CCCCCCC/C=C\CCCCCCO1,-5.629397540969199,-4.458800682346624,1.1705968586225755,1.1705968586225755
Cc1[nH]cnc1S(=O)(=O)O,0.18800010146925628,-0.3296176594857201,-0.5176177609549764,0.5176177609549764
CC(C)C(C)(C)C(C)(C)C(C)(C)S,-7.711833585721378,-7.863886793009893,-0.15205320728851568,0.15205320728851568
ClC(Cl)c1ccccc1,-2.8089999445711653,-2.9196960704434143,-0.11069612587224897,0.11069612587224897
Clc1cc(Oc2cc(Cl)c(Cl)c(Cl)c2Cl)c(Cl)c(Cl)c1Cl,-10.100001173917724,-10.17640072627941,-0.07639955236168561,0.07639955236168561
CCOc1ccc([N+](=O)[O-])cc1N,-3.21129985201083,-2.7904328576161483,0.42086699439468145,0.42086699439468145
NS(=O)(=O)c1nnc(NS(=O)(=O)c2cccc([N+](=O)[O-])c2)s1,-1.4599999630864808,-2.1802139711966473,-0.7202140081101664,0.7202140081101664
CC(C)C(C)(C)O,-0.4109997073328735,-0.2033335246431811,0.2076661826896924,0.2076661826896924
CCCCC(=O)N(Cc1ccc(-c2ccccc2-c2nnn[nH]2)cc1)C(C(=O)O)C(C)C,-4.199999807430057,-3.358591579407431,0.841408228022626,0.841408228022626
O=S(=O)([O-])OCCS(=O)(=O)c1ccc(N=Nc2c(S(=O)(=O)[O-])cc3cc(Nc4nc(Cl)nc(Cl)n4)ccc3c2O)cc1,-1.5783821952184112,-0.8654850627504516,0.7128971324679596,0.7128971324679596
CC(C)CCOCCC(C)C,-3.760107002263528,-3.431819411348026,0.3282875909155023,0.3282875909155023
OCCN1CCN(CCCN2c3ccccc3Sc3ccc(Cl)cc32)CC1,-4.154600133415306,-3.712415391367614,0.44218474204769187,0.44218474204769187
CCCCCCCCCCCCCCCCCC(=O)OCCCCCCCC,-6.899492479697436,-7.618423596669874,-0.7189311169724384,0.7189311169724384
C#CC(C)(O)CCCC(C)CCCC(C)C,-4.953059734827664,-4.396942817318751,0.5561169175089136,0.5561169175089136
CCCCCCCCCCCCOC(=O)c1ccc(N)cc1,-7.800000760530541,-6.21817424847412,1.5818265120564208,1.5818265120564208
O=C(NCN1CCCCC1)c1ccccc1,-2.1500000180891794,-1.9587838138113185,0.1912162042778609,0.1912162042778609
NS(=O)(=O)c1cc2c(cc1C(F)(F)F)NCNS2(=O)=O,-2.969999970057595,-2.3661736620611076,0.6038263079964876,0.6038263079964876
CC1(C)CNCC(C)(C)C1OC(=O)CCCCCCCCC(=O)OC1C(C)(C)CNCC1(C)C,-4.4077467358635305,-3.917739326366558,0.49000740949697263,0.49000740949697263
COC(=O)c1ccccc1S(=O)(=O)NC(=O)Nc1nc(C)nc(OC)n1,-1.6039998521414347,-3.4684738037103977,-1.864473951568963,1.864473951568963
CCOC(=O)c1ccccc1S(=O)(=O)NC(=O)Nc1nc(Cl)cc(OC)n1,-4.57999990573466,-4.228700571496383,0.3512993342382771,0.3512993342382771
O=CNC(N1C=CN(C(NC=O)C(Cl)(Cl)Cl)C=C1)C(Cl)(Cl)Cl,-4.190000033677186,-2.769240792093602,1.4207592415835837,1.4207592415835837
CCOC(=S)SC(C)C(=O)O,-1.4488998387875915,-1.5407800755684584,-0.09188023678086688,0.09188023678086688
OCc1cccc(O)c1,-0.2677998222624556,-0.2914129143360289,-0.023613092073573316,0.023613092073573316
CCCC(=O)Oc1ccc(NC(C)=O)cc1,-2.829999855064882,-2.8405033019612915,-0.010503446896409585,0.010503446896409585
O=S(=O)([O-])CCO,0.5569424497370905,0.46530168964931695,-0.09164076008777355,0.09164076008777355
Nc1cc(S(=O)(=O)O)cc2ccccc12,-2.3399998256943837,-2.3268252259148907,0.01317459977949298,0.01317459977949298
CC(=O)N/N=C/c1ccc([N+](=O)[O-])o1,-2.5957998575074663,-2.706874151239771,-0.1110742937323046,0.1110742937323046
Nc1ccc(C(=O)O)c(S(=O)(=O)O)c1,-1.8599998849506514,-1.5342505744482986,0.3257493105023528,0.3257493105023528
C=CCO,1.2360000761883687,0.8331831630680928,-0.4028169131202759,0.4028169131202759
Cc1cc(=S)n(C)n1-c1ccccc1,-1.6667998888736635,-1.5429773259876827,0.12382256288598081,0.12382256288598081
O=C(c1ccc(O)c(O)c1)c1c(O)cc(O)cc1O,-1.7199998777914636,-2.586016786007135,-0.8660169082156712,0.8660169082156712
O=C(O)[C@@H]1C[C@@H](C2CCCCC2)CN1,0.6312685618200158,-0.9654506400085672,-1.596719201828583,1.596719201828583
Cc1cc(N(C)C)nc(Cl)n1,-1.2614998715984875,-1.421879552380294,-0.16037968078180653,0.16037968078180653
CCC(O)OC(O)CC,0.8723002661090504,0.3235041580093476,-0.5487961080997028,0.5487961080997028
C=CC(C)CCCC(C)(C)O,-2.2212070670181117,-2.5272820214204437,-0.306074954402332,0.306074954402332
CCC(Br)(CC)C(N)=O,-1.439999863473088,-1.5383419681870163,-0.09834210471392835,0.09834210471392835
C=C(C)[C@@H]1[C@H]2OC(=O)[C@@H]1[C@]1(O)[C@H]3O[C@H]3[C@]3(CO3)[C@]1(C)[C@@H]2O,-1.1899998605478892,-1.8906833366008033,-0.7006834760529141,0.7006834760529141
CCCCOC(=O)c1cccnc1,-1.8366998379145048,-1.5747432536986907,0.261956584215814,0.261956584215814
COC(=O)NC(=S)Nc1ccccc1NC(=S)NC(=O)OC,-4.1097002548505195,-4.040980933978054,0.06871932087246524,0.06871932087246524
C=CC(=O)OCCN(C)C,0.22431084132636636,-0.019203415009917624,-0.24351425633628399,0.24351425633628399
Cc1ccc(S(=O)(=O)NCl)cc1,-0.3599995913456344,-1.992815729343949,-1.6328161379983146,1.6328161379983146
CC(=O)OCC(=O)C1(O)CCC2C3CCC4=CC(=O)CCC4(C)C3C(=O)CC21C,-4.209999995263667,-4.226838036339839,-0.016838041076171706,0.016838041076171706
CC[NH+](CC)CC,0.5951974366829118,0.34812898735114883,-0.24706844933176297,0.24706844933176297
Cc1cncc(C)c1,-0.5114998628228915,-0.07456711380721792,0.4369327490156736,0.4369327490156736
CCOS(=O)(=O)c1ccccc1,-2.1307999224603225,-2.0972624883415287,0.03353743411879373,0.03353743411879373
O=C([O-])C1=NN(c2ccc(S(=O)(=O)[O-])cc2)C(=O)C1N=Nc1ccc(S(=O)(=O)[O-])cc1,-0.5049963107622717,-0.46106400085373034,0.043932309908541356,0.043932309908541356
C=C(C)C1CC=C(C)C(=O)C1,-2.062799790815155,-2.0560712548872484,0.006728535927906787,0.006728535927906787
O=P(N1CCOCC1)(N1CCOCC1)N1CCOCC1,0.2984000992275351,0.16193427116152126,-0.13646582806601382,0.13646582806601382
O=CNCC(=O)O,0.26720021988446696,0.40737483108789885,0.1401746112034319,0.1401746112034319
COc1cc(C=O)ccc1O,-1.228026412953613,-1.713048152346132,-0.48502173939251914,0.48502173939251914
C=CCC1(C)C(=O)NC(=O)NC1=O,-1.1599998491547125,-1.4119164937861333,-0.2519166446314207,0.2519166446314207
Cc1cccc([N+](=O)[O-])c1C,-3.0033599705804397,-3.043277043099205,-0.039917072518765195,0.039917072518765195
O=S(=O)(CCl)CCCl,-1.4999998862594417,-1.4347759589177527,0.06522392734168903,0.06522392734168903
CCOC(=O)CN(C(=O)CCl)c1c(CC)cccc1CC,-3.472700084249303,-2.95197030813955,0.5207297761097531,0.5207297761097531
Clc1nc(Cl)nc(Cl)n1,-2.622338688790789,-2.8480764504465,-0.22573776165571102,0.22573776165571102
CCC(C)(C)OOC(C)(C)CC,-4.1004351983525975,-3.6593619870308314,0.44107321132176613,0.44107321132176613
CC(=O)N(O)CCCCCNC(=O)CCC(=O)N(O)CCCCCNC(=O)CCC(=O)N(O)CCCCCN,-1.6694998333080153,-0.727338895052323,0.9421609382556924,0.9421609382556924
Nc1nc2c(ncn2COC(CO)CO)c(=O)[nH]1,-1.7699998507711208,-2.355916537129981,-0.5859166863588603,0.5859166863588603
Cc1c(O)cccc1O,0.19277279604780606,-0.17810330926339324,-0.3708761053111993,0.3708761053111993
O=c1ccc2ccc[nH]c-2c1,-2.5037998478733248,-2.204462608188577,0.29933723968474757,0.29933723968474757
O=C1C2CC=CCC2C(=O)N1SC(Cl)(Cl)Cl,-4.770400025892686,-4.307484814824394,0.4629152110682915,0.4629152110682915
CCCCCCCCN,-2.749999935392163,-1.7666285434346327,0.9833713919575304,0.9833713919575304
Cc1ccc2[nH]c3cc4c(=O)c5cc(C)ccc5[nH]c4cc3c(=O)c2c1,-7.783778733564613,-7.439175222875994,0.3446035106886196,0.3446035106886196
CN(C)Cc1cc(C(C)(C)C)c(O)c(C(C)(C)C)c1,-2.711386837622001,-3.9065156679810293,-1.1951288303590282,1.1951288303590282
Cc1cnc2c(C(=O)O)c(Cl)ccc2c1,-2.9972998472294154,-3.4681826704453216,-0.47088282321590613,0.47088282321590613
CC1(C)CCC2(CCC(C)(C)O2)O1,-1.9643999218383685,-2.321949390726016,-0.3575494688876475,0.3575494688876475
CC1=CCC(/C=C/C(C)(C)C(C)O)C1(C)C,-4.216746336663279,-4.317591145353674,-0.10084480869039503,0.10084480869039503
CCCCCOC(=O)CCOCC,-2.195599900140434,-2.0542650347109834,0.1413348654294504,0.1413348654294504
CCC1(c2ccccc2)NC(=O)NC1=O,-2.640000025892973,-2.8211921895614176,-0.18119216366844482,0.18119216366844482
CCCCC(C)(C)C,-5.756800245910198,-5.051368160974956,0.705432084935242,0.705432084935242
CC(=O)Nc1ccc(NNC2=C3C(=O)C=C(S(=O)(=O)[O-])C=C3C=CC2=N)c(C(F)(F)F)c1,-1.3288180812827164,-1.8267013754173016,-0.4978832941345852,0.4978832941345852
O=C1CC/C=C\CCCCCCCCCC1,-4.883187337128627,-4.597599165232971,0.28558817189565566,0.28558817189565566
Oc1c(O)c(Cl)c(Cl)c(Cl)c1Cl,-3.5499999516541445,-2.6997121763000567,0.8502877753540878,0.8502877753540878
CC(C)CCCCCCCOC(=O)CCCCCCCC(=O)OCCCCCCCC(C)C,-6.971983385952482,-6.939704688261738,0.032278697690744096,0.032278697690744096
CNC1(c2ccccc2Cl)CCCCC1=O,-0.13699999895234072,-2.2256055016235647,-2.088605502671224,2.088605502671224
C#CC1(O)CCCCC1,-0.7048959951424649,-1.4883149419325197,-0.7834189467900547,0.7834189467900547
ClC1=C(Cl)C2(Cl)C3C(Cl)C(Cl)CC3C1(Cl)C2(Cl)Cl,-6.8643999653695715,-6.983931547601438,-0.11953158223186655,0.11953158223186655
CC(C)c1ccc(OP(=O)(Oc2ccc(C(C)C)cc2)Oc2ccc(C(C)C)cc2)cc1,-6.137134783423656,-6.572140676741587,-0.43500589331793105,0.43500589331793105
CCc1[nH]c(=O)[nH]c1C(=O)c1ccncc1,-1.9899999113165987,-2.4524343056353852,-0.4624343943187865,0.4624343943187865
COC(=O)CCl,-0.3727676328545182,-0.5064734747792663,-0.1337058419247481,0.1337058419247481
CC(C)(C)CC(=O)OCC(=O)C1(O)CCC2C3CCC4=CC(=O)CCC4(C)C3C(O)CC21C,-5.5110999193345975,-4.971585292935399,0.5395146263991988,0.5395146263991988
O=[N+]([O-])c1cccc(CO)c1,-2.414199988219703,-1.5743544318863312,0.8398455563333718,0.8398455563333718
N#CCCCl,-0.28999979480640903,-0.27763672425864083,0.012363070547768196,0.012363070547768196
CCN(OC(=O)c1ccccc1)C(=O)c1c(OC)ccc(Cl)c1OC,-4.0837001253531096,-3.5402220561630298,0.5434780691900798,0.5434780691900798
O=CO,0.9252714064060155,0.7410474384722887,-0.18422396793372675,0.18422396793372675
O=P(Oc1ccccc1)(Oc1ccccc1)Oc1ccc(-c2ccc(OP(=O)(Oc3ccccc3)Oc3ccccc3)cc2)cc1,-7.813287231122571,-7.093187578309367,0.7200996528132038,0.7200996528132038
CCCO,0.6200003207417679,0.41352862295238113,-0.2064716977893868,0.2064716977893868
O=C1C=CC(=NNc2ccc(N=Nc3ccccc3)c3ccccc23)C=C1,-6.009200122762092,-6.090782309632291,-0.08158218687019936,0.08158218687019936
c1coc(CNc2ncnc3[nH]cnc23)c1,-3.9500000115452276,-3.169922385744932,0.7800776258002955,0.7800776258002955
C[C@@H]1NC(=O)[C@@H](C)NC1=O,-0.15279993962000882,-0.38193261984091764,-0.22913268022090882,0.22913268022090882
O=C(Nc1ccc2c(O)c(N=Nc3ccccc3)c(S(=O)(=O)[O-])cc2c1)Nc1ccc2c(O)c(N=Nc3ccccc3)c(S(=O)(=O)[O-])cc2c1,-1.887246604507816,-2.4928957562968366,-0.6056491517890206,0.6056491517890206
CN(C)P(=O)(N(C)C)N(C)C,0.7467001926445929,0.8363519849240229,0.08965179227942999,0.08965179227942999
COC(=O)Nc1cccc(OC(=O)Nc2cccc(C)c2)c1,-4.77899979267262,-4.3419922330704,0.43700755960222004,0.43700755960222004
CN1CC(=O)N=C1N,-0.14989971813569802,-0.1664138100483603,-0.016514091912662288,0.016514091912662288
C=CCC1(CC(C)C)C(=O)NC(=O)NC1=O,-2.119299796169165,-2.2334125108318665,-0.11411271466270145,0.11411271466270145
CC(C)CC(C)(C)C,-4.6704002179602835,-4.803343047113032,-0.13294282915274813,0.13294282915274813
OCCOc1ccccc1,-0.7424609855529698,-1.0024450271630212,-0.2599840416100514,0.2599840416100514
CC/C(C)=C/CC/C(C)=C/C#N,-3.5896410738682025,-3.4643496630867023,0.1252914107815002,0.1252914107815002
CCOc1nc(F)cc2nc(S(=O)(=O)Nc3c(Cl)cccc3C(=O)OC)nn12,-4.429200120838065,-4.383096095489102,0.04610402534896263,0.04610402534896263
CC(=O)NC(CC(C)C)C(=O)O,-1.1299998377615357,-0.8305777805390901,0.2994220572224455,0.2994220572224455
COc1c2occc2c(OC)c2c(=O)cc(C)oc12,-3.0209998531244198,-3.721486727093919,-0.7004868739694992,0.7004868739694992
O=[N+](O)OCCCCCCCO[N+](=O)O,-3.4000000672219013,-3.6460695122681095,-0.2460694450462082,0.2460694450462082
COc1ccc(-c2c(Cl)ncn2-c2ccc(S(=O)(=O)NP(=O)(O)O)cc2)cc1F,-2.5499998709398937,-2.9640393597971038,-0.4140394888572101,0.4140394888572101
C[C@@]12C(=O)OC(=O)[C@]1(C)[C@H]1CC[C@@H]2O1,-3.8155998942508775,-3.5910507427250113,0.2245491515258662,0.2245491515258662
O=Cc1ccc([N+](=O)[O-])cc1,-1.8100998434556048,-2.359217243700753,-0.5491174002451482,0.5491174002451482
Cc1ccccc1Oc1ccccc1C,-4.843927928340937,-4.70733608170386,0.13659184663707702,0.13659184663707702
C=CCC(C(=O)NC(N)=O)C(C)C,-2.7469000062189077,-1.7598076675022998,0.987092338716608,0.987092338716608
CC(C)OC(=O)c1cccc([N+](=O)[O-])c1C(=O)[O-],-2.346599962086988,-2.2118420790355784,0.1347578830514098,0.1347578830514098
CS(C)(=O)=O,0.20000016123729214,0.10122893085256957,-0.09877123038472257,0.09877123038472257
Cc1noc(C)c1N=C1C=C(O)C(=O)c2ccccc21,-3.89000005777233,-3.714056393329682,0.1759436644426482,0.1759436644426482
CC(C#N)CCC#N,-0.31550054293459073,-0.19223008769839334,0.1232704552361974,0.1232704552361974
CN(C)C(=O)n1cc(F)c(=O)[nH]c1=O,-1.5299998976526186,-1.412093582314801,0.11790631533781748,0.11790631533781748
CCCCC(CC)COC(=O)OOC(C)(C)CC,-6.08823874968974,-5.014442649249812,1.0737961004399281,1.0737961004399281
CC(=O)N[C@@H](Cc1cc(Br)c(O)c(Br)c1)C(=O)O,-2.182999975410909,-2.2246406244921126,-0.04164064908120357,0.04164064908120357
CCC(C)C1NC(=O)C(Cc2ccccc2)NC(=O)C2CCCN2C(=O)C(Cc2ccccc2)N(C)C(=O)C(CCCN)NC(=O)C2CCC=NN2C1=O,-2.6999999796658702,-1.9551432159686488,0.7448567636972214,0.7448567636972214
CCCCN(CC)N=O,-1.035399918697837,-1.270349881170686,-0.23494996247284883,0.23494996247284883
CCCCCCCC/C=C/CCCCCCCCN(CCO)CCO,-4.780118500797992,-4.211656732293753,0.568461768504239,0.568461768504239
CC(=O)C(C)O,1.0550004169293756,1.0561642598551186,0.0011638429257430083,0.0011638429257430083
Cc1ccc(S(=O)(=O)Nc2cc(S(=O)(=O)[O-])cc3c2C(=O)/C(=N/Nc2ccc(Oc4ccccc4C)cc2Oc2ccccc2C)C(S(=O)(=O)[O-])=C3)cc1,-2.566969072089618,-2.0736819706192926,0.4932871014703255,0.4932871014703255
O=[N+]([O-])c1ccn[nH]1,-1.2854726618058947,-0.8637246675091181,0.42174799429677656,0.42174799429677656
O=[N+]([O-])c1cccc([N+](=O)[O-])c1O,-2.7667998551604547,-2.368126052737653,0.3986738024228016,0.3986738024228016
CC(C)(C)NC(N)=O,-0.7305999188857668,-0.6917610781003001,0.03883884078546673,0.03883884078546673
CCCCCCCCCCCCCCCCCCCCCC(=O)NCCCN(C)C,-6.6281415077667365,-5.831549824560508,0.7965916832062288,0.7965916832062288
O=C1Cc2cc(CCCl)c(Cl)cc2N1,-4.7775741126939675,-4.20724276966065,0.5703313430333177,0.5703313430333177
CC(C)CCCCCOC(=O)CS,-4.2850370839726,-4.0414361467353,0.24360093723730003,0.24360093723730003
CCc1nc2nc(N)nc(N)c2nc1CC,-3.2671000609187395,-2.916294975173884,0.35080508574485547,0.35080508574485547
CNC(=O)O/N=C(\SC)C(=O)N(C)C,0.10620010813121672,-0.3984149655637177,-0.5046150736949344,0.5046150736949344
CCSc1nnc(C(C)(C)C)c(=O)n1N,-2.7353000002032317,-2.830255286806386,-0.09495528660315422,0.09495528660315422
FC(F)=C(F)C(F)(F)F,-2.8887981724180727,-2.896174369439244,-0.007376197021171205,0.007376197021171205
CC(F)(Cl)Cl,-2.444799830067641,-2.2253591925983054,0.21944063746933562,0.21944063746933562
Cc1cc(O)c(C(C)(C)C)cc1Sc1cc(C(C)(C)C)c(O)cc1C,-7.112066623339874,-6.705294963124202,0.40677166021567235,0.40677166021567235
CC(=O)/C=C/c1ccccc1,-2.0509711604723773,-2.35706492104153,-0.3060937605691527,0.3060937605691527
O=c1nc[nH]c2c1ncn2C1OC(CO)C(O)C1O,-1.2298485062248095,-1.2439142767645088,-0.014065770539699374,0.014065770539699374
CCC#CC(C)C,-2.7448000130128656,-2.785802330757418,-0.04100231774455221,0.04100231774455221
NC(Cc1ccc(O)c(O)c1)C(=O)OCc1ccccc1,-1.809999842957538,-2.01539707024699,-0.2053972272894522,0.2053972272894522
Cc1cc2cccc3ccc4c5ccccc5cc1c4c32,-8.522400493812743,-8.14723175152448,0.37516874228826325,0.37516874228826325
CCCCCCCCCCCCCCCCCCSSCCCCCCCCCCCCCCCCCC,-6.0577588187219895,-7.584319907142772,-1.5265610884207828,1.5265610884207828
COc1cccc([N+](=O)[O-])c1,-2.4860998632356566,-2.58599621999718,-0.09989635676152364,0.09989635676152364
Clc1ccc(Cl)c(-c2c(Cl)c(Cl)c(Cl)c(Cl)c2Cl)c1Cl,-9.10000061010928,-9.524247857709712,-0.424247247600432,0.424247247600432
O=C1CCCCCCCCCCC1,-3.845829927493645,-4.620721985713537,-0.7748920582198919,0.7748920582198919
COc1cc(-c2ccc(N=NC(C(C)=O)C(=O)Nc3ccccc3)c(OC)c2)ccc1N=NC(C(C)=O)C(=O)Nc1ccccc1,-8.61676728542132,-8.741634712034514,-0.12486742661319461,0.12486742661319461
CCCCCCCOC(=O)c1ccc(O)c(Br)c1,-4.4200000750159045,-4.815646213980798,-0.3956461389648931,0.3956461389648931
CCC1(c2ccccc2)CCC(=O)N(CO)C1=O,-1.6599998550051098,-2.072916680403237,-0.41291682539812724,0.41291682539812724
CC(C)(C=O)CO,-0.32789977653341973,0.28427525316930913,0.6121750297027289,0.6121750297027289
CCCSC(=O)N(CCC)CCC,-3.299999914222218,-3.36913497215497,-0.0691350579327521,0.0691350579327521
CCC1(C)NC(=O)C(C)(CC)NC1=O,-1.9199998387235486,-1.0141219659290213,0.9058778727945274,0.9058778727945274
O=C(NC(CO)C(O)c1ccc([N+](=O)[O-])cc1)C(Cl)Cl,-2.111399756821875,-2.1223949806673055,-0.010995223845430502,0.010995223845430502
Clc1ccccc1Oc1ccccc1,-4.7796002097417585,-4.571424845772054,0.20817536396970482,0.20817536396970482
O=C(OCC1CO1)C1CC=CCC1C(=O)OCC1CO1,-1.3401086827207807,-2.0838279148724443,-0.7437192321516637,0.7437192321516637
Nc1ccnc(=O)[nH]1,-1.142599900517973,-0.8819585747508549,0.26064132576711807,0.26064132576711807
CCC/C(=C\C(=O)O)C(=O)O,-1.1537998182745606,-1.1302896942776717,0.0235101239968889,0.0235101239968889
Nc1c(S(=O)(=O)[O-])cc(Nc2ccc(S(=O)(=O)CCOS(=O)(=O)[O-])cc2)c2c1C(=O)c1ccccc1C2=O,-0.5639622359205814,-0.713900732883515,-0.1499384969629336,0.1499384969629336
O=C(c1ccccc1)c1ccc(O)c(O)c1,-2.922619995893267,-2.7264086860774843,0.19621130981578272,0.19621130981578272
Cc1c(Cl)cccc1Cl,-3.7919361463004364,-4.112672940463865,-0.3207367941634285,0.3207367941634285
COc1ccc(CCN(C)CCCC(C#N)(c2ccc(OC)c(OC)c2)C(C)C)cc1OC,-3.9800000229384045,-3.679990592190046,0.3000094307483585,0.3000094307483585
CCCCCCCC/C=C\CCCCCCCCCCCC(=O)OCCCCCCCC/C=C\CCCCCCCC,-7.071179739227537,-7.657720962858486,-0.5865412236309488,0.5865412236309488
Cc1cc(S(=O)(=O)[O-])c(N/N=C2/C(=O)C(C(=O)[O-])=Cc3ccccc32)cc1Cl,-5.745185833335536,-2.955774019286003,2.789411814049533,2.789411814049533
CC(=O)Nc1ccc(S(=O)(=O)c2ccc(N)cc2)cc1,-3.6115999133961134,-3.805206329716798,-0.19360641632068454,0.19360641632068454
CC1NC(C)SC(C)S1,-1.367899849434088,-1.338838973153192,0.02906087628089593,0.02906087628089593
OCC1OC(n2c(-c3ccco3)nc3ccccc32)C(O)C(O)C1O,-2.3299998449011436,-2.3423339297972983,-0.012334084896154618,0.012334084896154618
Cc1cc(Cl)cc(Cl)c1O,-2.0438999037208676,-2.3649195495346254,-0.32101964581375775,0.32101964581375775
CCNC(=O)C(C)OC(=O)Nc1ccccc1,-1.8299999425709306,-1.6295131607186493,0.2004867818522813,0.2004867818522813
CN(C)C1C(O)=C(C(N)=O)C(=O)C2(O)C(O)=C3C(=O)c4c(O)cccc4C(C)(O)C3C(O)C12,-3.1500000470433385,-2.1494824171675075,1.000517629875831,1.000517629875831
O=CCc1ccc2c(c1)OCO2,-1.959999899923422,-1.9201787216020785,0.039821178321343575,0.039821178321343575
Oc1cc2ccccc2cc1O,-2.737699908636655,-2.362001108497872,0.3756988001387831,0.3756988001387831
C1=C\CC/C=C/CC/C=C\CC/1,-5.3651563352985825,-3.5736450659714056,1.7915112693271769,1.7915112693271769
O=S1OC[C@@H]2[C@H](CO1)[C@]1(Cl)C(Cl)=C(Cl)C2(Cl)C1(Cl)Cl,-5.956299928298123,-5.803818285473376,0.15248164282474708,0.15248164282474708
CCN(CC)c1cccc(NC(C)=O)c1,-2.469377902792851,-1.9046585614859382,0.5647193413069127,0.5647193413069127
O=S(=O)([O-])c1ccc(Nc2nc(Cl)nc(NCCNc3ccc4c(c3S(=O)(=O)[O-])Oc3c(Cl)c5c(c(Cl)c3=N4)Oc3c(ccc(NCCNc4nc(Cl)nc(Nc6ccc(S(=O)(=O)[O-])cc6S(=O)(=O)[O-])n4)c3S(=O)(=O)[O-])N=5)n2)c(S(=O)(=O)[O-])c1,-0.8795538698822245,0.20189527074517244,1.081449140627397,1.081449140627397
CCc1ccc(C)nc1,-1.0042602190885956,-0.5748953476554113,0.42936487143318436,0.42936487143318436
CC(C)(C)c1ccc(O)cc1,-4.4426703052505605,-2.722414911872594,1.7202553933779665,1.7202553933779665
OCCCOCC(OCCCO)C(OCCCO)C(OCCCO)C(COCCCO)OCCCO,0.053341597794807516,0.11103353455124276,0.05769193675643525,0.05769193675643525
CC(C)OC(=O)CCCCC(=O)OC(C)C,-3.1070289047929776,-2.765827697109371,0.3412012076836066,0.3412012076836066
O=NN1CCCC1,0.999500347542579,1.08724074313846,0.0877403955958811,0.0877403955958811
CC(C)OC(=O)CS(=O)(=O)c1ccc(Cl)cc1,-2.410000001807618,-3.2460604116142613,-0.8360604098066431,0.8360604098066431
Clc1ccc(Oc2cc(Cl)c(Cl)c(Cl)c2)cc1,-7.349999899498327,-7.509554869478269,-0.15955496997994167,0.15955496997994167
C[C@H]1CC(=O)C=C2CC[C@H]3[C@@H]4CC[C@H](O)[C@@]4(C)CC[C@@H]3[C@]21C,-3.526422470523982,-4.713065854893309,-1.1866433843693271,1.1866433843693271
CCCCCC(=O)CCCCC,-3.5322000700385936,-4.165227239485243,-0.6330271694466494,0.6330271694466494
O=C(N=C1C=CC2=C(S(=O)(=O)[O-])C(NNc3ccc4c(S(=O)(=O)[O-])cccc4c3)=CC(=O)C2=C1)Nc1ccc2c(c1)C=C(S(=O)(=O)[O-])/C(=N\Nc1ccc3cccc(S(=O)(=O)[O-])c3c1)C2=O,-0.6872168180618479,-0.6895537517164669,-0.0023369336546190667,0.0023369336546190667
CCC(=O)C(CCCCCCOc1ccc(OC)cc1Cl)C(=O)CC,-5.270000029750815,-5.173781607111778,0.09621842263903702,0.09621842263903702
N=C1C=CC2=CC(S(=O)(=O)[O-])=CC(=O)C2=C1NNc1ccc(N)cc1S(=O)(=O)[O-],0.3165868012652151,-0.769506668912157,-1.0860934701773721,1.0860934701773721
Cc1cc(C)nc(NS(=O)(=O)c2ccc(N)cc2)n1,-2.729999939298955,-2.9784020477921787,-0.24840210849322375,0.24840210849322375
CCCCC(=O)Oc1ccc([N+](=O)[O-])cc1,-4.39449974096846,-4.0314352687671295,0.3630644722013301,0.3630644722013301
O=C(Nc1cc2c3cc(NC(=O)c4ccccc4)c4c(=O)c5ccccc5c(=O)c4c3[nH]c2c2c(=O)c3ccccc3c(=O)c12)c1ccccc1,-4.522223082427071,-6.532056833205859,-2.009833750778788,2.009833750778788
CC(C)Cc1ncc[nH]1,-1.048799847411898,-0.9854194075128349,0.06338043989906317,0.06338043989906317
CCOc1ccc(C=O)cc1OC,-2.1912998097100984,-2.183539936692397,0.007759873017701313,0.007759873017701313
Oc1ccccc1O,0.6123420355316265,0.2094199459040662,-0.40292208962756026,0.40292208962756026
c1ccc2c(c1)OCCOCCOc1ccccc1OCCOCCO2,-4.693500125973383,-1.576407858262787,3.1170922677105963,3.1170922677105963
COc1ccc(C(=O)NC(Cc2ccccc2)C(O)C(=O)N2CSC(C)(C)C2C(=O)NC(C)(C)C)cc1,-4.110000187331265,-3.918134428403434,0.19186575892783075,0.19186575892783075
OCCNCCO,0.8699060512857661,0.8500652347293354,-0.019840816556430774,0.019840816556430774
CC12CCC3c4ccc(O)cc4CCC3C1CC(O)C2O,-3.9999999845248846,-4.003425605451421,-0.003425620926535977,0.003425620926535977
Cc1cc(C)c(O)c(C(C)(C)C)c1,-3.1719090416024924,-4.1284913767378,-0.956582335135308,0.956582335135308
CN(C)C(=O)SCCCCOc1ccccc1,-3.926599964011014,-3.1392100174566226,0.7873899465543914,0.7873899465543914
CC(C)(C)c1ccc(O[P@]2OCC3(CO[P@@](Oc4ccc(C(C)(C)C)cc4C(C)(C)C)OC3)CO2)c(C(C)(C)C)c1,-6.813060855285365,-7.790693329770498,-0.9776324744851328,0.9776324744851328
NS(=O)(=O)c1cc(C(=O)c2ccc(CN3CCOCC3)cc2)cs1,-1.519999847845922,-2.657348197184181,-1.1373483493382588,1.1373483493382588
COc1ccc([C@@H]2CC(=O)c3c(O)cc(O[C@@H]4O[C@H](CO[C@@H]5O[C@@H](C)[C@H](O)[C@@H](O)[C@H]5O)[C@@H](O)[C@H](O)[C@H]4O)cc3O2)cc1O,-5.010485693723817,-3.728445077831048,1.282040615892769,1.282040615892769
c1ccc2c3c(ccc2c1)Nc1ccc2ccccc2c1S3,-6.878600174121993,-7.146523109655188,-0.26792293553319535,0.26792293553319535
COP(=O)(OC)O/C(=C/Cl)c1cc(Cl)c(Cl)cc1Cl,-4.522099962421169,-4.045556457112175,0.47654350530899414,0.47654350530899414
CN(CCCCC(=O)O)S(=O)(=O)c1ccccc1,-1.5584999705882472,-1.9748053566869181,-0.41630538609867096,0.41630538609867096
CCNc1nc(NCC)nc(OC)n1,-1.7897999493883796,-2.252276994023112,-0.4624770446347324,0.4624770446347324
CC(C)c1ccccc1C(C)C,-4.550256210317896,-4.604148404201611,-0.05389219388371558,0.05389219388371558
Cc1nnc(NS(=O)(=O)c2ccc(N)cc2)s1,-2.4107000052940872,-2.677510029832232,-0.26681002453814484,0.26681002453814484
C=C(C)CCl,-1.8107998469420734,-1.8024978732257413,0.008301973716332123,0.008301973716332123
NCc1ccco1,1.0127048301486168,0.6950334066702406,-0.3176714234783762,0.3176714234783762
CNC(=O)O/N=C/C(C)(C)[S+](C)[O-],-0.8672998405952885,-0.855617794833528,0.011682045761760573,0.011682045761760573
O=C(Oc1ccccc1)c1ccccc1,-2.849999838218068,-4.394032381842918,-1.5440325436248505,1.5440325436248505
CCNC(C)C,1.0597002332981544,0.45775962309945495,-0.6019406101986995,0.6019406101986995
Fc1cccc(CCl)c1,-2.5436000115972486,-2.8297915853940245,-0.28619157379677596,0.28619157379677596
CC(C)CC(NC(=O)OCC1c2ccccc2-c2ccccc21)C(=O)O,-3.740000000806446,-4.262948775200815,-0.5229487743943695,0.5229487743943695
O=NC1=C(NO)CCC1,-1.9936999297450764,-0.504330468936633,1.4893694608084433,1.4893694608084433
CCN(CC)C(=O)CCl,-0.24299969874184812,-0.6514293382298195,-0.4084296394879714,0.4084296394879714
COC(=O)c1nc(Cl)c(Cl)nc1N,-4.534838742224615,-3.224529628048573,1.3103091141760417,1.3103091141760417
C=CCCC(=O)C1=CCCC(C)(C)C1,-3.5342473542174457,-3.997411496822333,-0.46316414260488736,0.46316414260488736
N[C@@H](C(=O)N[C@@H]1C(=O)N2C(C(=O)O)=C(Cl)CS[C@H]12)c1ccccc1,-1.5655999369375453,-1.8499486271594374,-0.28434869022189213,0.28434869022189213
FC(Cl)(Cl)C(F)(Cl)Cl,-3.230099876633963,-3.22752036068072,0.0025795159532426837,0.0025795159532426837
CC(C)(C)c1ccc(CCC=O)cc1,-3.1588327342380245,-4.056322625296402,-0.8974898910583775,0.8974898910583775
Cc1c(F)c(F)c(COC(=O)C2C(C=C(Cl)C(F)(F)F)C2(C)C)c(F)c1F,-7.321000445193469,-7.562269831825734,-0.24126938663226483,0.24126938663226483
CN1c2ccccc2Sc2ccccc21,-5.593400122203341,-4.617067033071973,0.9763330891313675,0.9763330891313675
I/C=C/I,-3.219999964356112,-3.145990520517065,0.07400944383904706,0.07400944383904706
COc1ccc2c3c1OC1C(OC(C)=O)C=CC4C(C2)N(C)CCC341,-1.2999998563139001,-1.7548315212548047,-0.45483166494090455,0.45483166494090455
Oc1c(Cl)c(Cl)c(Cl)c(Cl)c1Cl,-4.279300271410617,-5.054135600569493,-0.7748353291588765,0.7748353291588765
c1ccc2c(c1)-c1cccc3c1c-2cc1ccccc13,-8.225899914219124,-7.747397599982156,0.47850231423696776,0.47850231423696776
O=C1NC(c2ccccc2)(c2ccccc2)C(=O)N1COP(=O)(O)O,-0.4299999399925092,-1.9945598374096138,-1.5645598974171047,1.5645598974171047
CC(=O)C1(C)CC2=C(CCCC2(C)C)CC1C,-4.941791631776328,-3.7334002439878513,1.208391387788477,1.208391387788477
CCCC(=O)OCn1cc(F)c(=O)[nH]c1=O,-1.3099997680936841,-1.9298040973549409,-0.6198043292612567,0.6198043292612567
Clc1c(Cl)c(Cl)c(Oc2c(Cl)c(Cl)c(Cl)c(Cl)c2Cl)c(Cl)c1Cl,-12.950000185865836,-11.082351960377903,1.8676482254879332,1.8676482254879332
CC(=O)C(N=Nc1cc(C(=O)Nc2cc(C(F)(F)F)ccc2Oc2ccc(Cl)cc2)ccc1Cl)C(=O)Nc1cc(Cl)c(NC(=O)C(N=Nc2cc(C(=O)Nc3cc(C(F)(F)F)ccc3Oc3ccc(Cl)cc3)ccc2Cl)C(C)=O)cc1C,-7.691683312827244,-8.946450638982203,-1.2547673261549583,1.2547673261549583
C1=CCCCCC1,-3.180000023929787,-3.8860219841287305,-0.7060219601989433,0.7060219601989433
c1ccc(Sc2ccccc2)cc1,-4.360608060778874,-4.243633979207716,0.11697408157115863,0.11697408157115863
CCCCCCCC/C=C\CCCCCCCC(=O)OCC(CC)(CO)COC(=O)CCCCCCC/C=C\CCCCCCCC,-8.721196791054844,-7.462465608028268,1.2587311830265762,1.2587311830265762
CC(=O)Nc1ccc(C(=O)Nc2ccc(OC(C)=O)cc2)cc1,-4.409999887182296,-3.9569332413842915,0.45306664579800415,0.45306664579800415
C[C@@H]1C[C@H]2[C@@H]3CCC4=CC(=O)C=C[C@]4(C)[C@@]3(F)[C@@H](O)C[C@]2(C)[C@@]1(O)C(=O)CO,-3.6443998697217093,-4.0475738584644825,-0.4031739887427732,0.4031739887427732
NS(=O)(=O)c1cc2c(cc1C(F)(F)F)NC(Cc1ccccc1)NS2(=O)=O,-3.5912999503154324,-2.9190095159542273,0.6722904343612051,0.6722904343612051
CCCCOC(=O)C1(O)c2ccccc2-c2ccccc21,-3.8884999812878696,-5.215563319697501,-1.3270633384096313,1.3270633384096313
N#Cc1c[nH]cc1-c1cccc(Cl)c1Cl,-4.693699850915692,-4.526520274292245,0.16717957662344762,0.16717957662344762
C#CCN(C)[C@H](C)Cc1ccccc1,-2.509999913260205,-1.6747091070106312,0.8352908062495736,0.8352908062495736
Cn1c(N)c(NC=O)c(=O)n(C)c1=O,-1.1831207372585042,-1.325462785068072,-0.14234204780956783,0.14234204780956783
O=C(OCC(=O)N1CCC[C@H]1C(=O)O)c1ccccc1,-1.5916998598926544,-1.7605225088818566,-0.16882264898920218,0.16882264898920218
c1ccc(-c2nc3ncncc3[nH]2)cc1,-3.0599998920902594,-3.307091184876032,-0.2470912927857727,0.2470912927857727
CC1=C(C=O)C(C)(C)CC=C1,-2.4650076946909927,-2.7118383236526116,-0.2468306289616189,0.2468306289616189
C=CCOC(=O)CCCCCC,-3.597623791336048,-3.5314046209421686,0.06621917039387926,0.06621917039387926
Cc1cc(=O)n2[nH]cnc2n1,-1.3471953984864842,-2.108941497511216,-0.7617460990247318,0.7617460990247318
CC(=O)c1cc(O)c(O)c(O)c1,-1.4710998113315452,-1.3285091770526627,0.14259063427888252,0.14259063427888252
Nc1ccc(N)c2c1C(=O)c1ccccc1C2=O,-5.859000340853898,-5.812274366237455,0.04672597461644301,0.04672597461644301
CCC(C)CCO,-0.7199998660906686,-0.858208559980135,-0.13820869388946644,0.13820869388946644
CC=CC=CC(=O)O,-1.7699998507711208,-1.4921291776310461,0.27787067314007463,0.27787067314007463
Cc1cc2ccccc2cc1C,-4.719999774866936,-5.091606594652623,-0.3716068197856872,0.3716068197856872
CC(C)CCOC(=O)C1CN2CCC1CC2C(O)c1ccnc2ccccc12,-1.409999852079911,-2.915115448940215,-1.5051155968603038,1.5051155968603038
COc1ccc(-c2cc(=O)c3c(O)cc(O[C@@H]4O[C@H](CO[C@@H]5O[C@@H](C)[C@H](O)[C@@H](O)[C@H]5O)[C@@H](O)[C@H](O)[C@H]4O)cc3o2)cc1O,-7.505542151079645,-4.006912579340538,3.498629571739107,3.498629571739107
Clc1ccc2c(Cl)ccnc2c1,-2.8026246367655716,-3.816850763144917,-1.0142261263793455,1.0142261263793455
Cc1ccc(N=Nc2cc(C)ccc2N)cc1,-3.90309998499219,-5.144939365460196,-1.2418393804680061,1.2418393804680061
FC1CC(F)(F)C(F)(F)C1(F)F,-2.436880743006433,-2.942277195679405,-0.5053964526729717,0.5053964526729717
Cc1ccc(C(=O)NC(Cc2ccccc2)C(O)C(=O)N2CSC(C)(C)C2C(=O)NC(C)(C)C)cc1,-4.110000187331265,-3.85534343243397,0.25465675489729467,0.25465675489729467
c1ccc(P(c2ccccc2)c2ccccc2)cc1,-6.888020786950242,-5.497561135546617,1.3904596514036252,1.3904596514036252
Oc1c(Br)cc(Br)cc1Br,-3.674499950626409,-3.6453806199480927,0.029119330678316402,0.029119330678316402
CCOC(=O)[C@H](Cc1c[nH]c2ccccc12)N(C)C=O,-2.270899930117577,-2.438882823371459,-0.16798289325388183,0.16798289325388183
C=CCCCCCC=O,-1.997252121350325,-2.379693260108259,-0.38244113875793406,0.38244113875793406
CCCCCCC(C)=O,-2.1536961717641088,-2.285674399839229,-0.13197822807512027,0.13197822807512027
CCC(C)O,0.38770019893405294,0.2861562839321201,-0.10154391500193283,0.10154391500193283
CCCCCS[S+]([O-])CCCCC,-3.1710998588282786,-3.063697080967032,0.10740277786124652,0.10740277786124652
CCCC(C)C1(CC)C(=O)NC(=S)NC1=O,-3.5999998556203456,-3.0946612448503705,0.5053386107699751,0.5053386107699751
C/C=C/CCCC,-3.8159999652566015,-3.841829079409492,-0.025829114152890575,0.025829114152890575
CCOC(=O)CSc1nc(C(C)(C)C)nn1C(=O)N(C)C,-2.860999996525618,-3.8527398307845058,-0.9917398342588877,0.9917398342588877
CC(=O)CC(=O)O,0.9910000981665186,0.6229317363082911,-0.36806836185822744,0.36806836185822744
O=c1[nH]c2ccccc2c(=O)o1,-2.735417771666276,-2.2149797068092956,0.5204380648569806,0.5204380648569806
CC(O)CNCC(C)O,0.8150447704497683,0.5016723331864283,-0.31337243726333996,0.31337243726333996
C1=CC(c2ccc(C3CC=CCC3)cc2)CCC1,-6.591929043071288,-5.818078950013449,0.7738500930578391,0.7738500930578391
CC[S+]([O-])CCSP(=O)(OC)OC,0.6086001259352214,-0.18078213558014067,-0.7893822615153621,0.7893822615153621
CCOC(=O)C1CCn2c(C(=O)c3ccccc3)ccc21,-4.199999807430057,-4.340120726164548,-0.14012091873449073,0.14012091873449073
O=C(OCC(=O)N1CCC1)c1ccccc1,-1.6084999435679044,-1.698108671450651,-0.08960872788274665,0.08960872788274665
NC(=S)Nc1ccccc1,-1.7897999493883796,-1.6364849000662853,0.15331504932209428,0.15331504932209428
O=[N+]([O-])c1c(O)ccc2ccccc12,-2.975799973065433,-3.9141785080792815,-0.9383785350138485,0.9383785350138485
O=C(O)C1(O)c2ccccc2-c2ccccc21,-1.965699928313239,-3.0613629423573894,-1.0956630140441503,1.0956630140441503
CCN(CC)c1ccc([C+](c2ccccc2)c2ccc(N(CC)CC)cc2)cc1,-1.3526379376711335,-1.608118713235729,-0.2554807755645956,0.2554807755645956
N#CN=C1NCCN1Cc1ccc(Cl)nc1,-2.6300000450997323,-2.3630502510593723,0.26694979404036,0.26694979404036
COc1cc(OC)cc(C(=O)N(O)c2ccccc2)c1,-3.099999849769948,-3.557150435853398,-0.4571505860834497,0.4571505860834497
CCC(C)Br,-3.1114780297820266,-2.6136752053373975,0.4978028244446291,0.4978028244446291
Cc1cccc2c1Cc1ccccc1-2,-5.218400048802087,-5.389021740568106,-0.17062169176601927,0.17062169176601927
NC(=NCCCCCCN=C(N)N=C(N)Nc1ccc(Cl)cc1)N=C(N)Nc1ccc(Cl)cc1,-2.800594976898102,-2.4540007730647324,0.3465942038333698,0.3465942038333698
CS(=O)(=O)c1cc(C(F)(F)F)ccc1C(=O)c1cnoc1C1CC1,-4.7631001965741655,-5.256307760036194,-0.4932075634620281,0.4932075634620281
c1ccc2c(c1)Nc1c(ccc3ccccc13)S2,-5.895700040550281,-6.417715338935778,-0.5220152983854973,0.5220152983854973
O=C(O)CF,1.1077004723702975,0.844509651503393,-0.2631908208669045,0.2631908208669045
Cc1ccccc1NC(=O)c1cc2ccccc2cc1O,-4.623442220104018,-5.236335541859115,-0.6128933217550969,0.6128933217550969
CCN(CC)C(C)COC(=O)c1ccc(N)cc1,-2.38000002492117,-1.8805533344560392,0.4994466904651307,0.4994466904651307
CCC(=O)c1ccc(O)cc1,-2.6389998656320266,-2.019617657175757,0.6193822084562695,0.6193822084562695
C#CCOc1cc(-n2nc(C(C)(C)C)oc2=O)c(Cl)cc1Cl,-5.964799901620359,-5.7671144449696214,0.19768545665073756,0.19768545665073756
Cc1cc(S(=O)(=O)[O-])c(N/N=C2\C(=O)C(C(=O)[O-])=Cc3ccccc32)cc1Cl,-6.2637706108391065,-2.95577404947939,3.3079965613597166,3.3079965613597166
COP(=S)(OC)Oc1cc(Cl)c(I)cc1Cl,-6.616000384494182,-5.658163177684373,0.9578372068098089,0.9578372068098089
CCOP(=O)(Cc1ccc(-c2nc3ccccc3s2)cc1)OCC,-4.001699923978567,-4.2247404413514005,-0.2230405173728336,0.2230405173728336
COP(=O)(OC)O/C(C)=C/C(=O)OC(C)c1ccccc1,-2.4972998154989723,-2.038090696043306,0.4592091194556662,0.4592091194556662
COc1ccc(C(O)(c2cncnc2)C2CC2)cc1,-2.595899996032446,-3.2229526705738802,-0.6270526745414342,0.6270526745414342
O=S(=O)(c1ccccc1)N(Br)Br,-3.2799999181290094,-3.310825537498981,-0.030825619369971413,0.030825619369971413
COC(C)(C)CCCC(C)C/C=C/C(C)=C/C(=O)OC(C)C,-5.345900200743272,-5.451266909112303,-0.10536670836903106,0.10536670836903106
CC(C)COC(C)(C)C,0.8852858380319488,-1.5222386443657925,-2.4075244823977413,2.4075244823977413
CC[S+]([O-])CSP(=S)(OC(C)C)OC(C)C,-2.3073999048716503,-2.4336532942194418,-0.1262533893477915,0.1262533893477915
O=C(OC[C@H]1O[C@@H](Oc2ccccc2CO)[C@H](O)[C@@H](O)[C@@H]1O)c1ccccc1,-2.8924998595703553,-2.5400680409346736,0.3524318186356816,0.3524318186356816
CC(O)COc1ccccc1,-1.003417564788114,-1.0540209914289842,-0.05060342664087014,0.05060342664087014
COC(N)=O,0.9640003777691755,0.7085346471380367,-0.25546573063113875,0.25546573063113875
COc1ccc(C[C@@H]2NC[C@@H](O)[C@@H]2OC(C)=O)cc1,-1.6074998005603223,-1.4817603199142946,0.1257394806460277,0.1257394806460277
CN(CCCN)CCCN,0.8378840836521708,0.840284923767253,0.0024008401150821257,0.0024008401150821257
CCCCC(=O)NNC(=O)c1ccncc1,-1.0099997921888282,-1.3855191228347035,-0.3755193306458753,0.3755193306458753
Cc1ccc(S(=O)(=O)N=c2sc(S(N)(=O)=O)nn2C)cc1,-2.8399998487981453,-2.426806124160288,0.4131937246378574,0.4131937246378574
O=S(=O)(c1cccc(O)c1)c1ccccc1O,-2.289999887221455,-2.3225213052377347,-0.032521418016279835,0.032521418016279835
CNC(=O)NC(=O)C(C)(C(=O)OC)C1=CCCCC1,-2.6799999835726616,-2.3633739931825137,0.3166259903901478,0.3166259903901478
Nc1c(Br)cc(Br)c(S(=O)(=O)O)c1Br,-0.4887999568020591,-1.9351577472079753,-1.4463577904059162,1.4463577904059162
CNC(=O)/C(=N\OC)c1ccccc1Oc1ccccc1,-3.346600008294511,-3.5329425858140957,-0.18634257751958483,0.18634257751958483
O=c1[nH]cnc2c1ncn2C1CCC(CO)O1,-0.9399998576226907,-1.655649936859381,-0.7156500792366904,0.7156500792366904
CC1COCc2cc3c(cc21)C(C)(C)C(C)C3(C)C,-5.169300149318488,-5.6336727865552945,-0.46437263723680644,0.46437263723680644
CCOC(=O)CC,-0.6599998433043148,-0.44194092424201825,0.21805891906229657,0.21805891906229657
Nc1ccc(-c2ccc(N)cc2)cc1,-2.6999999796658702,-2.8311446028299563,-0.13114462316408604,0.13114462316408604
O=C(O)CC(=O)C(=O)O,0.8791927780089428,0.7637106293344105,-0.11548214867453233,0.11548214867453233
ClCC(Cl)CCl,-1.9254999351306878,-2.107340454340301,-0.1818405192096133,0.1818405192096133
CCCCCCCCCCOc1ccc(C(CC)=NO)c(O)c1,-4.059999938297782,-5.33364976015606,-1.2736498218582781,1.2736498218582781
Cn1ccccc1=O,0.9621002992924468,0.091674984026898,-0.8704253152655488,0.8704253152655488
CC(C)(O)CCl,0.16020010103355276,0.16222412767765748,0.002024026644104726,0.002024026644104726
O=[N+]([O-])c1ccc(O/N=C/c2cc(Br)c(O)c(Br)c2)c([N+](=O)[O-])c1,-5.190000045377981,-5.428462378691837,-0.2384623333138558,0.2384623333138558
CNC(=O)c1cc(N2CC2)c([N+](=O)[O-])cc1[N+](=O)[O-],-2.849999838218068,-3.1689655141744018,-0.31896567595633396,0.31896567595633396
CC12CCC(=O)C=C1CCC1C2CCC2(C)C(OC=O)CCC12,-4.929999854619173,-4.611996890497102,0.31800296412207096,0.31800296412207096
CCCCCCCCC(=O)OCC(CC)(COC(=O)CCCCCCCC)COC(=O)CCCCCCCC,-6.841088048018955,-7.389346127213944,-0.5482580791949889,0.5482580791949889
Clc1cc(Cl)c(Cl)c(-c2cc(Cl)c(Cl)c(Cl)c2Cl)c1,-9.10000061010928,-9.300676833898892,-0.20067622378961225,0.20067622378961225
FC(F)(F)c1cccc(Cl)c1,-3.411513754657206,-3.8547877360844636,-0.4432739814272577,0.4432739814272577
COC(=O)C(C)Oc1ccc(Oc2ncc(C(F)(F)F)cc2Cl)cc1,-4.606400037224339,-5.631026534589884,-1.0246264973655448,1.0246264973655448
CCCCC(CC)COCCCN,-1.0965089877256926,-1.6637441110590263,-0.5672351233333337,0.5672351233333337
Cn1c(=O)c2[nH]c(Cl)nc2n(C)c1=O,-1.5074998546010077,-1.9978004332600157,-0.490300578659008,0.490300578659008
CCCCS,-2.1791998184574517,-2.1147625064897912,0.06443731196766045,0.06443731196766045
CCCCCCCC/C=C\CCCCCCCC(=O)OCC(O)COB(OCC(O)COC(=O)CCCCCCC/C=C\CCCCCCCC)OCC(O)COC(=O)CCCCCCC/C=C\CCCCCCCC,-5.345705030689073,-6.280231976471216,-0.9345269457821423,0.9345269457821423
Cc1cc(C)c(C(=O)P(=O)(C(=O)c2c(C)cc(C)cc2C)c2ccccc2)c(C)c1,-6.621667493465381,-5.9448442466727744,0.6768232467926065,0.6768232467926065
CC(=O)Nc1ccc(S(=O)(=O)CCO)cc1,-2.3069321316653717,-2.1458649388326725,0.1610671928326992,0.1610671928326992
CCOC(=O)CCCCCCC(=O)OCC,-2.5303999458524093,-2.709623267761682,-0.17922332190927248,0.17922332190927248
Clc1cc(Oc2cc(Cl)c(Cl)c(Cl)c2Cl)cc(Cl)c1Cl,-9.540000593173323,-9.530424285987834,0.00957630718548863,0.00957630718548863
CCOC(=O)N1CCC(=O)CC1,0.766506778526737,0.21315937101604732,-0.5533474075106897,0.5533474075106897
Cc1ccc(N2C(=O)N(c3ccc(C)c(N=C=O)c3)C2=O)cc1N=C=O,-5.0368261975873185,-5.157826938275258,-0.12100074068793987,0.12100074068793987
COc1cc(N=Nc2cc(S(=O)(=O)[O-])cc3cc(S(=O)(=O)[O-])cc(O)c23)c(C)cc1NC(=O)Nc1cc(C)c(N=Nc2cc(S(=O)(=O)[O-])cc3cc(S(=O)(=O)[O-])cc(O)c23)cc1OC,-2.6903135097508866,-0.9091407667264513,1.7811727430244353,1.7811727430244353
CC(C)=CCC/C(C)=C\CO,-2.3206011438452454,-2.0349532753099573,0.2856478685352881,0.2856478685352881
Cc1ccc2c([N+](=O)[O-])ccc(O)c2n1,-3.959799991342334,-3.0558121210599265,0.9039878702824073,0.9039878702824073
COC(=O)C=C(C)C,-1.414000286083327,-1.058141784900053,0.355858501183274,0.355858501183274
C=CCOc1ccccc1OCC(O)CNC(C)C,-0.31999966817267333,-1.7214222451242172,-1.4014225769515438,1.4014225769515438
Brc1ccc(-c2c(Br)c(Br)c(Br)c(Br)c2Br)c(Br)c1Br,-9.351000341961322,-8.784460046105242,0.5665402958560808,0.5665402958560808
CC[C@]12CC[C@@H]3C4=C(CC[C@H]3[C@@H]1CCC2=O)CC(OC)=CC4,-5.363817198194033,-4.49398470851744,0.8698324896765932,0.8698324896765932
O=C1c2ccccc2C(=O)c2c(O)ccc(O)c21,-6.25349340299222,-4.8453941882318485,1.4080992147603713,1.4080992147603713
CCCC(=O)OCCOCCOCCOC(=O)CCC,-1.5597999080496614,-1.8128022723743806,-0.25300236432471923,0.25300236432471923
CCN(CC)CC(=O)OCn1ncc2c(=O)[nH]cnc21,-1.789999812357601,-2.0173076387690645,-0.2273078264114634,0.2273078264114634
CC(C)C1(C(C)C)C(=O)NC(=O)NC1=O,-2.7699999142320078,-1.959982853599735,0.8100170606322727,0.8100170606322727
Cc1c(C)c(C)c(C)c(C)c1C,-5.2300001065778545,-5.5546325033046955,-0.32463239672684097,0.32463239672684097
CCCCCCCCCCCC(=O)N[C@@H](CCC(=O)O)C(=O)[O-],-3.609110598030154,-2.722426299092871,0.8866842989372832,0.8866842989372832
CCOC(=O)C(c1c(O)c2ccccc2oc1=O)c1c(O)c2ccccc2oc1=O,-3.6600000854470682,-4.136465329496705,-0.47646524404963664,0.47646524404963664
CC(C)(c1ccc(OCCO)cc1)c1ccc(OCCO)cc1,-3.451790525309805,-3.385215003934719,0.06657552137508604,0.06657552137508604
CC(=O)NC(C(=O)O)C(C)C,-0.632499775349356,-0.5491859028356112,0.08331387251374478,0.08331387251374478
C=CC(Cl)CCl,-2.0555101754881564,-2.0435580110587397,0.011952164429416712,0.011952164429416712
CCCC[C@H](N)C(=O)O,-1.0386998661205908,-0.8714344367576019,0.16726542936298894,0.16726542936298894
Clc1cc(-c2c(Cl)ccc(Cl)c2Cl)cc(Cl)c1Cl,-8.270001169068498,-8.287451635555193,-0.017450466486694793,0.017450466486694793
Clc1ccc(-c2ccccc2)c(Cl)c1,-5.287799980379822,-5.58994972544602,-0.30214974506619807,0.30214974506619807
Clc1ccc(-c2ccccc2Cl)cc1Cl,-6.287000264149906,-6.3445663203621905,-0.05756605621228417,0.05756605621228417
CCOC(=O)CC(O)(CC(=O)OCC)C(=O)OCC,-0.6284997554266774,-1.2768418389706604,-0.648342083543983,0.648342083543983
CCC1O[C@]2(CCC1C)C[C@@H]1C[C@@H](C/C=C(\C)CC(C)/C=C/C=C3\CO[C@@H]4[C@H](O)C(C)=C[C@@H](C(=O)O1)[C@]34O)O2,-4.877200143747466,-4.221116544765136,0.6560835989823293,0.6560835989823293
CN(C)c1ccc(N=NS(=O)(=O)[O-])cc1,-1.0990998908992122,-0.8133368389054882,0.285763051993724,0.285763051993724
Nc1ncnc2c1ncn2[C@@H]1O[C@H](COP(=O)(O)OP(=O)([O-])OP(=O)([O-])O)[C@@H](O)[C@H]1O,0.01688813811022838,-0.23635011420786034,-0.2532382523180887,0.2532382523180887
O=C1c2ccccc2-c2ccc3c4ccc5c6c(ccc(c7ccc1c2c73)c64)C(=O)c1ccccc1-5,-5.513312766794929,-7.599856768515318,-2.086544001720389,2.086544001720389
C=C(F)F,-0.706099865872817,-1.2416796210520116,-0.5355797551791945,0.5355797551791945
CC(C(=O)OCC(=O)N(C)CC(N)=O)c1cccc(C(=O)c2ccccc2)c1,-2.4199999826008587,-2.2609425306268265,0.1590574519740322,0.1590574519740322
CCc1ccccc1NC(C)=O,-1.590599923427374,-1.9398138090455084,-0.3492138856181344,0.3492138856181344
CCCC(=O)OC(C)C1CCCCC1,-3.920758941130134,-4.701025215213015,-0.780266274082881,0.780266274082881
Nc1c(S(=O)(=O)[O-])cc(-c2cc(S(=O)(=O)[O-])c(N)c3c2C(=O)c2ccccc2C3=O)c2c1C(=O)c1ccccc1C2=O,-2.030179890596845,-0.9309319035557404,1.0992479870411047,1.0992479870411047
CC1(C)SC2C(NC(=O)Cc3ccccc3)C(=O)N2C1C(=O)O,-1.629999843611933,-2.053893052181942,-0.4238932085700089,0.4238932085700089
CCCCCCOc1ccc(C(C)=NO)c(O)c1,-4.150000110504225,-3.8411360462821014,0.3088640642221234,0.3088640642221234
C=CCOC(C)=O,-0.5533998644725808,-0.20923224277346408,0.34416762169911674,0.34416762169911674
O=C(Nc1ccccc1)Nc1ccnc(Cl)c1,-3.8027998995117622,-3.7590859481787104,0.04371395133305178,0.04371395133305178
Clc1cc(Cl)c(Cl)c(-c2ccccc2Cl)c1,-6.2300001182786495,-7.159213027931628,-0.9292129096529784,0.9292129096529784
C=COCCCCO,-0.1899951559320714,-0.3039537635470273,-0.11395860761495591,0.11395860761495591
c1ccc2[nH]ncc2c1,-2.155399906957883,-1.4407272653016772,0.7146726416562059,0.7146726416562059
CC(O)(P(=O)(O)O)P(=O)(O)O,0.5249003301742783,0.4830778996493832,-0.04182243052489509,0.04182243052489509
CCCCNS(=O)(=O)c1ccccc1,-2.675782364222512,-2.2569634907948397,0.4188188734276723,0.4188188734276723
O=C(OCCO)c1ccccc1O,-1.1566999017319588,-1.6414516604837341,-0.48475175875177534,0.48475175875177534
C=CCCCC=C,-3.3396000424432795,-3.039679181839301,0.2999208606039785,0.2999208606039785
CCCCC(CC)CNC(=O)c1ccc(N/N=C2\C(=O)N(C)C(=O)C(C#N)=C2C)cc1,-7.0248112543143275,-7.524975512190537,-0.5001642578762091,0.5001642578762091
CCCCOCCOP(=O)(OCCOCCCC)OCCOCCCC,-2.7785622412119406,-1.5437671159806974,1.2347951252312432,1.2347951252312432
CCC(C)(N)C(=O)O,0.38000022959635293,0.09332302536150072,-0.2866772042348522,0.2866772042348522
CCOP(=S)(OCC)Oc1ccc(N)cc1,-2.825999908469001,-3.6799504263585243,-0.8539505178895235,0.8539505178895235
CCOC(=O)c1c[nH]c(=S)[nH]c1=O,-2.098499899611605,-2.4889169235052186,-0.39041702389361355,0.39041702389361355
C[Si](C)(O)O,1.0354003193082506,0.6880257803253684,-0.3473745389828822,0.3473745389828822
O=C1CCCCCCCCCOCCCCCO1,-3.883849371513378,-2.9974639871083597,0.8863853844050182,0.8863853844050182
CSc1cc(SC)c(N)c(C)c1N,-2.8569254205035137,-3.1451794053660773,-0.2882539848625636,0.2882539848625636
CC12CCC(=O)C=C1CCC1C2C(O)CC2(C=O)C(C(=O)CO)CCC12,-3.8499998585455444,-3.269145895815011,0.5808539627305334,0.5808539627305334
Nc1cc([N+](=O)[O-])cc([N+](=O)[O-])c1[O-],-1.7648127994014084,-2.2791760237878256,-0.5143632243864171,0.5143632243864171
O=S(=O)(O)c1cccc2cc(Nc3ccccc3)cc(Nc3ccccc3)c12,-4.672503057971395,-3.90477073175389,0.7677323262175046,0.7677323262175046
O=C(Nc1ccc(Cl)cc1)c1cccc([N+](=O)[O-])c1O,-4.545199870434269,-4.846462792588004,-0.30126292215373507,0.30126292215373507
CCCN(CCC)CCC,-2.4722200839604778,-1.9545750281835657,0.5176450557769121,0.5176450557769121
CN(C)CCN(Cc1ccccc1)c1ccccn1,-2.640000025892973,-2.7763870319652977,-0.1363870060723249,0.1363870060723249
O=C(O)CCCC(=O)O,1.000000281019458,0.14128792954405744,-0.8587123514754005,0.8587123514754005
CCCC(=O)OCn1cc2c(=O)n(COC(=O)CCC)cnc2n1,-3.5499999516541445,-3.393867151927926,0.15613279972621852,0.15613279972621852
C=CC(=O)OCCCOCC(C)(C)COCCCOC(=O)C=C,-3.049542127788529,-2.669622240373421,0.37991988741510774,0.37991988741510774
CC(C)C1OC(O)C(Cc2ccccc2)NC1=O,-2.2799999064282144,-1.7628289385888254,0.517170967839389,0.517170967839389
O=C(O)CCCNC(=O)c1ccccc1,-1.2024998537928036,-1.2810310937903022,-0.07853123999749867,0.07853123999749867
C/C(C=O)=C/c1ccccc1,-2.4747184745959308,-2.2850694968954355,0.18964897770049527,0.18964897770049527
CCC1(c2ccccc2)C(=O)NC(=O)N(CO)C1=O,-1.599999832218756,-2.1022177235117887,-0.5022178912930326,0.5022178912930326
Clc1cccc(Oc2ccc(Cl)c(Cl)c2Cl)c1Cl,-7.380000601026065,-7.958611902483179,-0.5786113014571139,0.5786113014571139
CC(C)[C@@H](C(=O)O[C@@H](C#N)c1cccc(Oc2ccccc2)c1)c1ccc(Cl)cc1,-8.322100255332632,-6.818247354547427,1.5038529007852048,1.5038529007852048
CC1=CC(=O)C=C/C1=N\Nc1ccc(Nc2ccc(S(=O)(=O)[O-])cc2[N+](=O)[O-])cc1,-2.6993633995456703,-2.1479440382148436,0.5514193613308267,0.5514193613308267
CNCC(O)c1ccc(O)c(O)c1,-0.959999819209171,-1.0833842846750488,-0.12338446546587778,0.12338446546587778
CCCCCCCCCC(=O)N(C)C,-2.7681111625887818,-2.690192011561206,0.07791915102757585,0.07791915102757585
CCC(=O)/C=C/C1C(C)=CCCC1(C)C,-3.992341009180181,-4.498645739323821,-0.5063047301436394,0.5063047301436394
O=C(Nc1cccc2c1C(=O)c1ccccc1C2=O)c1ccc(-c2ccc(N=Nc3ccc(-c4ccc(C(=O)Nc5cccc6c5C(=O)c5ccccc5C6=O)cc4)cc3)cc2)cc1,-5.7164582920481966,-7.7341194110048725,-2.017661118956676,2.017661118956676
O=C(O)COc1cc(Cl)ccc1Cl,-2.619999805506031,-2.5090380037073703,0.11096180179866089,0.11096180179866089
CCC(C)c1cc([N+](=O)[O-])cc([N+](=O)[O-])c1O,-3.66459990131778,-3.7604068657308165,-0.0958069644130366,0.0958069644130366
C=COC(=O)CCCCCCCCCCC,-5.35479990000395,-5.614173448580255,-0.25937354857630446,0.25937354857630446
CCCCOP(=O)(OCC)OCC,-1.1465999204406516,-0.6575403417514436,0.489059578689208,0.489059578689208
O=Cc1cc(O)c(O)c([N+](=O)[O-])c1,-1.9378338129864738,-2.072398872441197,-0.13456505945472297,0.13456505945472297
CCOP(=O)(OCC)OCC,0.4385266770654357,0.27678039182350345,-0.16174628524193224,0.16174628524193224
O=C1CC2OCC=C3C[N+]4(O)CCC56c7ccccc7N1C5C2C3CC64,-1.2799997567005073,-2.058209084720665,-0.7782093280201576,0.7782093280201576
CC(C)CCCCCCCOC(=O)c1ccc(C(=O)OCCCCCCCC(C)C)c(C(=O)OCCCCCCCC(C)C)c1,-5.70657390879413,-7.2525164602067225,-1.5459425514125922,1.5459425514125922
C=CCOC(CO)CO,0.48100031856324943,0.6244077961099861,0.14340747754673666,0.14340747754673666
c1ccc2c(c1)cc1ccc3cccc4ccc2c1c34,-8.192400230460885,-8.100933660336619,0.09146657012426651,0.09146657012426651
Cc1nc(=O)c2cc([N+](=O)[O-])ccc2[nH]1,-2.219999952655317,-2.7410935418262308,-0.5210935891709139,0.5210935891709139
CC(C)CCOC=O,-1.520599850834324,-1.5586592536452095,-0.0380594028108856,0.0380594028108856
Cc1c(N)cccc1Cl,-2.1510662069743667,-2.272412981131808,-0.12134677415744122,0.12134677415744122
CCCC1(CC)C(=O)NC(=O)NC1=O,-1.4899998364527451,-1.9537806833024403,-0.4637808468496951,0.4637808468496951
CC1(C)SC2C(NC(=O)C(N)c3ccccc3)C(=O)N2C1C(=O)O,-1.9899999113165987,-1.451645470129963,0.5383544411866357,0.5383544411866357
CC(C)COC(=O)C(C)C,-2.1589997868613815,-1.8176397015748678,0.34136008528651374,0.34136008528651374
CCSC(=O)N(CC)C1CCCCC1,-3.403700085650379,-3.7797802541482493,-0.3760801684978703,0.3760801684978703
c1ccc2[nH]ccc2c1,-1.2099998221343697,-1.9491161328097915,-0.7391163106754217,0.7391163106754217
COCCOCCO[Si](CCCOCC1CO1)(OCCOCCOC)OCCOCCOC,1.5823134642683683,0.6479231651295483,-0.93439029913882,0.93439029913882
CCCC(=O)OCn1ncc2c(=O)[nH]cnc21,-2.829999855064882,-2.6586038280067,0.17139602705818202,0.17139602705818202
CC1(C)C2CCC1(C)C(O)C2,-2.3201998996107656,-2.333650518708422,-0.013450619097656435,0.013450619097656435
NCCCCCCCCCCN,1.5277014600362473,-1.1076379596492831,-2.6353394196855304,2.6353394196855304
C#CC(C)(CC)OC(N)=O,-0.9455998855144405,-1.0341182007888656,-0.08851831527442511,0.08851831527442511
CCOC(=O)OC,-0.34445058360479264,-0.30282470340322076,0.041625880201571874,0.041625880201571874
O=C1NC(=S)NC(=O)C12CCCCC2,-3.4599999864880706,-2.874063743441053,0.5859362430470174,0.5859362430470174
COC(=O)C1CC2(C(C)C)C=CC1(C)CC2,-4.20086620235948,-4.000419103244527,0.20044709911495318,0.20044709911495318
C=CCC(C)C,-3.2439000143806602,-2.971679378008051,0.2722206363726092,0.2722206363726092
CN(C)S(=O)(=O)N(SC(F)(Cl)Cl)c1ccccc1,-5.408800168960111,-4.597636984606981,0.8111631843531297,0.8111631843531297
CCN(CC)C(=O)SCc1ccccc1Cl,-4.031000138925644,-3.7029084427056302,0.3280916962200138,0.3280916962200138
CCCCCCCCCCC(O)CCC,-5.836999955225341,-5.605960019128256,0.23103993609708517,0.23103993609708517
O=C(O)[C@@H]1CC[C@H](C(=O)O)SS1,-1.1708998344305552,-1.5073427799746444,-0.33644294554408916,0.33644294554408916
Clc1ccc2c(c1)Oc1cc(Cl)ccc1O2,-7.180600574068926,-6.639807818460479,0.5407927556084466,0.5407927556084466
CC1(C)OC(=O)c2cc3ccccc3cc21,-2.984399972765782,-4.29158066383783,-1.3071806910720478,1.3071806910720478
O=[N+]([O-])c1ccc(Cl)cc1C(F)(F)F,-3.3533000416649976,-4.025677062033716,-0.6723770203687183,0.6723770203687183
CC(=O)OC1CC(C)OC(C)O1,0.759000322920286,-0.4732111973104334,-1.2322115202307193,1.2322115202307193
ClC(Cl)(Cl)c1ccccc1,-3.566999898298616,-3.342944227491472,0.22405567080714395,0.22405567080714395
CCSc1nc(NC(C)C)nc(NC(C)C)n1,-4.203100167937414,-3.5735211868174854,0.6295789811199288,0.6295789811199288
O=C1C=CC(=O)O1,0.618115977333058,0.11436025919501125,-0.5037557181380468,0.5037557181380468
Cc1cn(Cc2ccccc2)c(=O)[nH]c1=O,-2.255799923922922,-2.3191440627440114,-0.06334413882108958,0.06334413882108958
COc1cc(C2c3cc4c(cc3C(OC3OC5COC(C)OC5C(O)C3O)C3COC(=O)C23)OCO4)cc(OC)c1O,-3.470000001788039,-3.4877997798834053,-0.01779977809536648,0.01779977809536648
C=CC(C)(CCC=C(C)C)OC=O,-4.040590248802376,-3.086791122836353,0.953799125966023,0.953799125966023
C1CCC2CCCCC2C1,-4.14067791086455,-4.584117800640567,-0.443439889776017,0.443439889776017
O=C([O-])CCCC(=O)[O-],0.3427542193805104,0.46802772117012115,0.12527350178961072,0.12527350178961072
CCCCOP(=O)(OC)OCCCC,-1.499499952782563,-1.2280315199493734,0.27146843283318955,0.27146843283318955
C=C(Br)C(F)(F)F,-2.2385851383892286,-2.347006209797044,-0.10842107140781554,0.10842107140781554
CCCCCCCCCCOS(=O)(=O)[O-],0.10298822187860379,-0.47599216354239093,-0.5789803854209947,0.5789803854209947
CC(C(N)=O)S(=O)(=O)c1ccccc1,-1.6399998934186295,-1.6685046592692812,-0.028504765850651648,0.028504765850651648
CCOCCOCCOCCO,0.7490002731135896,0.6902267574712289,-0.058773515642360774,0.058773515642360774
CCCCCCCCCCCCN1CCCC1=O,-4.670000077941103,-4.503256390307159,0.16674368763394387,0.16674368763394387
C=CCC(CC=C)(C(=O)NC(N)=O)C(=O)OC,-2.16999997967566,-2.158943678921472,0.011056300754187731,0.011056300754187731
CC12C=CCC1C1CCC3CC(=O)CCC3(C)C1CC2,-6.070000149532981,-5.418805187735656,0.6511949617973247,0.6511949617973247
O=C1CCCCC1C1=CCCCC1,-2.773999856514548,-3.197800819973633,-0.4238009634590849,0.4238009634590849
CC(=O)Nc1ccc(O)cc1,-1.0333230277462655,-1.6310405665317742,-0.5977175387855087,0.5977175387855087
CC(C)N(C(=O)CO)c1ccc(F)cc1,-1.1786396935459522,-1.910719668278713,-0.7320799747327609,0.7320799747327609
Nc1nccnc1C(=O)O,-1.763159513044133,-1.7364296352606214,0.026729877783511657,0.026729877783511657
CCN1c2ccccc2N(C)C(=S)c2cccnc21,-4.705999843164473,-4.429534836100746,0.27646500706372645,0.27646500706372645
CC(C)(C)S,-1.7878456953485162,-1.8172706176109876,-0.029424922262471398,0.029424922262471398
O=C([O-])CN(CCCN(CC(=O)[O-])CC(=O)[O-])CC(=O)[O-],0.10500562323091112,-0.00573502494728384,-0.11074064817819496,0.11074064817819496
O=[N+]([O-])c1ccccc1Cl,-2.5639664346362725,-2.8111575640131536,-0.24719112937688115,0.24719112937688115
CCC(=O)OCOC(=O)c1cn(CC)c2nc(C)ccc2c1=O,-2.829999855064882,-3.096908633545541,-0.26690877848065897,0.26690877848065897
CCCCCOC(=O)CCC,-2.466999906131779,-2.836784175432122,-0.369784269300343,0.369784269300343
O=C1CCCN1,1.0700000775586829,0.9207112732726319,-0.14928880428605096,0.14928880428605096
Cc1cc(C2(c3cc(C)c(O)c(Br)c3C(C)C)OS(=O)(=O)c3ccccc32)c(C(C)C)c(Br)c1O,-5.179999857544372,-4.5023448605773675,0.6776549969670045,0.6776549969670045
O=C1OC(c2ccc(Br)cc2)C(Br)C1=O,-3.0499998940436552,-2.9021398580884226,0.14786003595523267,0.14786003595523267
COc1ccc2cc(C(C)C(=O)OCCN3CCN(C)CC3)ccc2c1,-1.4899998364527451,-2.8067433770863173,-1.3167435406335721,1.3167435406335721
OCC1OC(OCC2OC(O)C(O)C(O)C2O)C(O)C(O)C1O,0.4656003798878494,0.1330634579390635,-0.3325369219487859,0.3325369219487859
CC1OCCO1,0.8789004370083826,0.784673052581375,-0.09422738442700762,0.09422738442700762
Clc1cc(Cl)cc(-c2cc(Cl)cc(Cl)c2)c1,-8.374800034719728,-7.521346508608511,0.8534535261112168,0.8534535261112168
Clc1cc(Cl)c(Oc2cc(Cl)c(Cl)c(Cl)c2Cl)cc1Cl,-9.500000393946538,-9.42518539053973,0.07481500340680824,0.07481500340680824
CCCC(O)CO,0.9823452586485186,0.16007311627410248,-0.8222721423744161,0.8222721423744161
CC(CCC(=O)O)C1CCC2C3CC(O)C4CC(O)CCC4(C)C3CCC12C,-4.8200002729339,-4.692926210071434,0.1270740628624658,0.1270740628624658
N#CCCN(CCO)c1ccc(N=Nc2ccc([N+](=O)[O-])cc2Cl)cc1,-6.130000172319335,-5.575783747367886,0.5542164249514485,0.5542164249514485
Cc1ccccc1CCO,-1.0428779407603244,-1.2166364321385874,-0.17375849137826305,0.17375849137826305
C/C=C/c1ccc(OC)cc1,-3.1255397285278086,-3.166482582553143,-0.04094285402533426,0.04094285402533426
Cc1cccc(Br)c1,-3.5229999552029767,-3.2633603252462056,0.25963962995677115,0.25963962995677115
COc1ccc(C=O)cc1O,-1.8262431950814377,-1.7204510877682488,0.10579210731318889,0.10579210731318889
CCN(CC)S(=O)(=O)c1ccc(OC)c(N/N=C2\C=C(S(=O)(=O)[O-])c3ccccc3C2=O)c1,-2.4667538731603442,-2.076184812622672,0.3905690605376724,0.3905690605376724
COC1=Cc2ccccc2Nc2ccccc21,-4.514419592905036,-4.855931714835609,-0.341512121930573,0.341512121930573
Cc1cccc(O)c1[N+](=O)[O-],-1.6399998934186295,-2.217940660135082,-0.5779407667164527,0.5779407667164527
CCCCCCCCCCCCCCCCN(C)C,-4.652434911090166,-5.648413232643028,-0.9959783215528617,0.9959783215528617
FC(F)(F)c1ccccc1,-2.510999849227418,-2.9976007286451836,-0.4866008794177654,0.4866008794177654
FC(F)(Cl)CCl,-2.200699925541849,-2.335677650958057,-0.13497772541620767,0.13497772541620767
CCCC(=O)NNC(=O)c1ccncc1,-0.31999966817267333,-1.176446169853364,-0.8564465016806906,0.8564465016806906
CCC(CO)(CO)C(=O)O,0.5168042235978589,0.06298277762914495,-0.453821445968714,0.453821445968714
[NH-]S(=O)(=O)c1ccc([O-])c(N=Nc2c(S(=O)(=O)[O-])cc3cc(Nc4ccc5c(O)c(N=Nc6cc(S([NH-])(=O)=O)ccc6O)c(S(=O)(=O)[O-])cc5c4)ccc3c2[O-])c1,-2.7104891968502742,-1.4297713791262938,1.2807178177239804,1.2807178177239804
CN1[C@@H]2CC(OC(=O)[C@H](CO)c3ccccc3)C[C@H]1C1OC12,-0.5039997564544132,-1.4950194611776608,-0.9910197047232476,0.9910197047232476
CCN(/N=C/c1ccc([N+](=O)[O-])o1)C(N)=O,-2.9395000295008806,-2.405531484037371,0.5339685454635097,0.5339685454635097
O=C(O)c1ccc(NC(=O)c2cccnc2)cc1,-3.083199921374975,-2.821393915893957,0.26180600548101784,0.26180600548101784
CN(C)[C@@H]1C(O)=C(C(N)=O)C(=O)[C@@]2(O)C(=O)C3=C(O)c4c(O)cccc4[C@@](C)(O)[C@H]3[C@H](O)[C@@H]12,-3.089999851723344,-2.2485847051017314,0.8414151466216127,0.8414151466216127
CCCCCCCCCOS(=O)(=O)[O-],-0.13619889075250535,-0.2735036463923648,-0.13730475563985944,0.13730475563985944
CCNC(=O)Nc1ncc([N+](=O)[O-])s1,-2.857799941767406,-2.495928069536358,0.36187187223104766,0.36187187223104766
CN1C=CC=C/C1=C\[NH+]=O,-0.7404997611540276,-1.2874787449513816,-0.546978983797354,0.546978983797354
CCCCCCOC(=O)n1cc(F)c(=O)[nH]c1=O,-2.2399999142417975,-2.8207377704589183,-0.5807378562171208,0.5807378562171208
CC(=O)OC(C)CC(C)C,-2.045099840684215,-1.7795484145472071,0.265551426137008,0.265551426137008
O=C(OCCOCCO)c1ccccc1Nc1cccc(C(F)(F)F)c1,-5.363299873326186,-3.836182053354054,1.527117819972132,1.527117819972132
Cc1ccc(N)c([N+](=O)[O-])c1,-1.8600610308728647,-2.669550604405862,-0.8094895735329972,0.8094895735329972
O=C(O)CSC(C(=O)O)c1ccccc1,-1.2299999217477626,-1.5442198442535195,-0.3142199225057569,0.3142199225057569
N#Cc1ccc(N)cc1,-1.142974229504526,-1.389437982932864,-0.24646375342833804,0.24646375342833804
Oc1cc(Cl)ccc1Oc1ccc(Cl)cc1Cl,-4.4617162248182165,-5.095900059791161,-0.6341838349729443,0.6341838349729443
CC(=O)NC(Cc1c[nH]c2ccccc12)C(=O)O,-2.3099998488079354,-2.2148406446950064,0.095159204112929,0.095159204112929
CCCCC(CC)C(=O)OCC(COC(=O)C(CC)CCCC)(COC(=O)C(CC)CCCC)COC(=O)C(CC)CCCC,-9.204760276117375,-7.432504658251315,1.77225561786606,1.77225561786606
CCCCCCCCCc1ccc(OCCOCCO)cc1,-0.3045102880580086,-3.907709807814054,-3.6031995197560454,3.6031995197560454
C[Si]1(C)O[Si](C)(C)O[Si](C)(C)O[Si](C)(C)O[Si](C)(C)O1,-7.33869963617639,-5.988057160313648,1.3506424758627418,1.3506424758627418
NC(=O)c1ccc[n+](C2OC(COP(=O)([O-])OP(=O)(O)OCC3OC(n4cnc5c(N)ncnc54)C(O)C3O)C(O)C2O)c1,0.17820488360062914,-0.40881694973945626,-0.5870218333400854,0.5870218333400854
O=C(O)CC(CP1(=O)Oc2ccccc2-c2ccccc21)C(=O)O,-2.813509395947635,-2.652972813073106,0.1605365828745291,0.1605365828745291
CCCCCCCCCCCCCCCCCC(=O)[O-],-5.989362342797735,-6.331171912724628,-0.3418095699268928,0.3418095699268928
c1ccc(Nc2ccccc2)cc1,-4.85381659042929,-4.513488739407502,0.34032785102178753,0.34032785102178753
CC1CC(CC2CCC(N)C(C)C2)CCC1N,-1.8210382692265639,-2.1942125916434416,-0.37317432241687776,0.37317432241687776
C=CCS(=O)(=O)[O-],0.6949530750071973,0.6373122082083666,-0.057640866798830626,0.057640866798830626
CCCCNc1cc(C(=O)O)cc(S(N)(=O)=O)c1Oc1ccccc1,-3.559999932447385,-3.1018280852387488,0.45817184720863624,0.45817184720863624
O=C(c1ccccc1)c1ccc(O)c(O)c1O,-3.3451077648373313,-2.5240550557276458,0.8210527091096855,0.8210527091096855
O=C1OC(c2ccccc2)(c2ccccc2)c2ccccc21,-3.8499998585455444,-4.927142697531545,-1.077142838986001,1.077142838986001
CCCC(C)C=O,-1.3774492413716488,-1.4598231506116377,-0.08237390923998889,0.08237390923998889
Nc1ccc(Cl)c(Cl)c1,-2.446137828450162,-2.3855427026307985,0.06059512581936355,0.06059512581936355
CCOc1cc(C=O)ccc1O,-1.7642020993272922,-2.0959920196259216,-0.3317899202986294,0.3317899202986294
CCCCCCCCCNCC(O)CO,-2.640000025892973,-1.964644436513766,0.6753555893792067,0.6753555893792067
CC(C)=NNC(=O)Nc1ccc([N+](=O)[O-])cc1,-3.5952000387535,-3.053951069692692,0.541248969060808,0.541248969060808
N#CC(C#N)=NNc1ccc(C(=O)CCl)cc1,-3.1900000047230272,-4.148681263355806,-0.9586812586327791,0.9586812586327791
COc1ccc(Cl)c(OC)c1O,-1.5599997710188829,-2.221537227392682,-0.6615374563737992,0.6615374563737992
N#CCN(CC#N)CCN(CC#N)CC#N,-2.820404219798311,-1.871805533812507,0.948598685985804,0.948598685985804
CC(C#N)CC(C)(C)CC#N,-1.5746821077764774,-1.891616191488568,-0.31693408371209064,0.31693408371209064
CC(=O)NC(CCC(=O)O)C(=O)O,-0.7099998162839722,-0.22475999436978888,0.48523982191418336,0.48523982191418336
Cc1nnc(N)nc1C,-1.0938998649997302,-0.6277408834620508,0.46615898153767943,0.46615898153767943
CCOP(=O)(Oc1ccc(Cl)cc1Cl)Oc1ccc(Cl)cc1Cl,-5.7740003315777155,-5.8212817264898415,-0.04728139491212602,0.04728139491212602
CC12CCC3C4CCC(=O)C=C4CCC3C1CCC2O,-3.0199999257838885,-4.266580815374914,-1.246580889591025,1.246580889591025
OC(=S)COc1ccc(Cl)cc1Cl,-2.6899999816192657,-3.026856335019494,-0.33685635340022824,0.33685635340022824
C=CBr,-1.2749998698240717,-1.14703042638057,0.1279694434435017,0.1279694434435017
CC(C)NP(=O)(F)NC(C)C,-0.35739971642280555,-0.17886080095889545,0.1785389154639101,0.1785389154639101
O=[N+]([O-])c1ccc2c(c1)Cc1ccccc1-2,-4.719999774866936,-5.132940823988196,-0.41294104912126084,0.41294104912126084
CCN(C(C)C)C(C)C,-1.2416021879541295,-0.9572997367479068,0.28430245120622266,0.28430245120622266
CCCCOCCC(=O)OCCCC,-2.4028998974314075,-2.4253738533965663,-0.022473955965158776,0.022473955965158776
COCCOC(=O)c1ccccc1C(=O)OCCOC,-1.5212997853073364,-1.7911154838909005,-0.269815698583564,0.269815698583564
CC(=O)CC(C)=Nc1ccc(N=C(C)CC(C)=O)cc1,-1.889999896343828,-2.087381210692992,-0.19738131434916406,0.19738131434916406
CC[N+]1(C)CCCC1,1.410187279156689,0.8454617611454438,-0.5647255180112452,0.5647255180112452
C[Si](C)(C)O[Si](C)(C)O[Si](C)(C)C,-6.842400131848665,-6.801353412571714,0.04104671927695058,0.04104671927695058
C=CCl,-1.3599998791002539,-1.2061975947772259,0.153802284323028,0.153802284323028
CCC(C)NCCO,0.6667014505139708,0.20481757653547428,-0.4618838739784965,0.4618838739784965
CCOCOCC,-0.1725999002103551,-0.3049251969568205,-0.13232529674646543,0.13232529674646543
Clc1ccc(Oc2cc(Cl)c(Cl)c(Cl)c2Cl)cc1,-8.060000951289348,-8.48417090381881,-0.42416995252946244,0.42416995252946244
CCOC(=O)C1=NN(c2ccccc2)C(=O)C1,-3.255345309480848,-2.698429181642145,0.5569161278387034,0.5569161278387034
Cc1ccc(C(=O)Nc2ccc(S(=O)(=O)[O-])cc2)cc1[N+](=O)[O-],-1.2320358187063378,-1.902059169657303,-0.6700233509509652,0.6700233509509652
CCCCCCCCCCCCCCCCCCNC(=O)CCc1cc(C(C)(C)C)c(O)c(C(C)(C)C)c1,-7.724189202815873,-7.622294975510153,0.10189422730572062,0.10189422730572062
C[Si]1(C)O[Si](C)(C)O[Si](C)(C)O1,0.6527386480509563,-5.988056884259823,-6.640795532310779,6.640795532310779
CC(C)(C)C(=O)C(Oc1ccc(Cl)cc1)n1ccnc1,-3.7030925706068327,-4.323335825449667,-0.6202432548428343,0.6202432548428343
CC1(C)C(=O)[C@@]2(C)CC[C@@H]1C2,-1.85069990764388,-2.58202273574842,-0.7313228281045399,0.7313228281045399
C=CC(=O)OCc1c(Br)c(Br)c(Br)c(Br)c1Br,-7.806077257324054,-7.092601239985296,0.713476017338758,0.713476017338758
CN1CCN(CCCN2c3ccccc3Sc3ccc(Cl)cc32)CC1,-4.397900171983474,-3.959470521102326,0.4384296508811478,0.4384296508811478
Nc1ccc(OCCO)c(N)c1,0.006227767554391583,-0.8215871215431094,-0.827814889097501,0.827814889097501
O=C([O-])CCC(=O)C(=O)[O-],0.4295259421048465,0.28475337839402126,-0.14477256371082525,0.14477256371082525
CCOC(=O)C(SP(=S)(OC)OC)c1ccccc1,-4.464300226646113,-4.0687023971005765,0.3955978295455367,0.3955978295455367
Clc1cc(Cl)c(Cl)c(Cl)c1,-4.6799998516939745,-5.966780863867781,-1.2867810121738064,1.2867810121738064
CC(C)COP(=S)([S-])OCC(C)C,-0.9706955246545941,-1.5822099575543576,-0.6115144328997635,0.6115144328997635
CC(O)C(=O)[O-],-0.074401757566108,0.26689380013883746,0.34129555770494546,0.34129555770494546
O=C(OCn1ncc2c(=O)[nH]cnc21)c1ccccc1,-4.050000164544911,-3.706309977935944,0.343690186608967,0.343690186608967
O=c1[nH]c(=S)c2[nH]c(=O)[nH]c2[nH]1,-4.039999976711302,-3.21869029599737,0.8213096807139317,0.8213096807139317
CCC(C)(O)CCCC(C)C,-2.6942896165109835,-2.379535081266596,0.3147545352443877,0.3147545352443877
CC(C)c1ccc(CCC=O)cc1,-3.3026568287666147,-3.255261872212275,0.047394956554339895,0.047394956554339895
CC(C)CCCCCCO,-2.486999902224987,-2.6393516272183946,-0.15235172499340743,0.15235172499340743
Clc1cccc(Oc2ccc(Cl)c(Cl)c2Cl)c1,-7.090000536900993,-7.353612891958507,-0.26361235505751424,0.26361235505751424
O=c1c2ccccc2c2ccc3sc4ccccc4c4ccc1c2c34,-7.982807468127275,-7.493105098106806,0.4897023700204688,0.4897023700204688
CC(O)C([N+](=O)[O-])[N+](=O)[O-],0.07890031722621682,-0.6691263207821421,-0.7480266380083589,0.7480266380083589
CCN1c2ccccc2N(C)C(=O)c2cccnc21,-3.3239998267179205,-3.3081193128401125,0.015880513877807978,0.015880513877807978
O=c1oc2ccccc2c(O)c1Cc1c(O)c2ccccc2oc1=O,-4.27000001805002,-4.414682864267756,-0.1446828462177363,0.1446828462177363
CC(C)NCC(O)COc1cccc2[nH]ccc12,-3.789999973786103,-1.938232986817267,1.8517669869688362,1.8517669869688362
CCCCC(=O)n1c(=O)[nH]cc(F)c1=O,-2.299999868014695,-1.7645475116756877,0.5354523563390072,0.5354523563390072
Cn1c(N)cc(=O)n(C)c1=O,-1.453578537038766,-1.0315388918759916,0.42203964516277437,0.42203964516277437
O=P(O)(O)O[C@H]1[C@H](OP(=O)(O)O)[C@@H](OP(=O)(O)O)[C@H](OP(=O)(O)O)[C@@H](OP(=O)(O)O)[C@H]1OP(=O)(O)O,0.18040006361616712,0.7683908458816218,0.5879907822654546,0.5879907822654546
CC(C)C=CCC(=O)O,-1.1486998618866018,-1.4416055305455697,-0.29290566865896794,0.29290566865896794
CC(=O)OC(C)(C)Cc1ccccc1,-2.394649890847611,-2.518077075642891,-0.12342718479527992,0.12342718479527992
CC(C)(C)c1cc(Cn2c(=O)n(Cc3cc(C(C)(C)C)c(O)c(C(C)(C)C)c3)c(=O)n(Cc3cc(C(C)(C)C)c(O)c(C(C)(C)C)c3)c2=O)cc(C(C)(C)C)c1O,-7.2923090669571895,-7.2359962951099135,0.05631277184727601,0.05631277184727601
Clc1cc(Cl)c(Oc2c(Cl)cccc2Cl)cc1Cl,-7.120000410267258,-7.730639476488291,-0.610639066221033,0.610639066221033
O=C1c2c(Cl)c(Cl)c(Cl)c(Cl)c2C2=Nc3cccc4cccc(c34)N12,-7.133614832803259,-8.389554007444882,-1.2559391746416235,1.2559391746416235
C=CC=C,-1.8668456057272245,-1.5331736884773965,0.3336719172498279,0.3336719172498279
CC(Oc1ccc(Oc2ccc(Cl)cc2Cl)cc1)C(=O)O,-5.039999988412097,-4.512623448693379,0.527376539718718,0.527376539718718
CCCCCCCCCC1(CC)C(=O)NC(=O)NC1=O,-4.459999998188865,-4.115882480258966,0.34411751792989875,0.34411751792989875
O=[N+]([O-])OCC(CO[N+](=O)[O-])O[N+](=O)[O-],-2.152068282358723,-2.0310723726127193,0.1209959097460036,0.1209959097460036
O=c1cc[nH]cc1,1.0218002515711437,0.6625487728261272,-0.3592514787450165,0.3592514787450165
S=P(Oc1ccccc1)(Oc1ccccc1)Oc1ccccc1,-6.954694134899524,-6.262338719649394,0.6923554152501303,0.6923554152501303
CCOC(=O)c1cncn1C(C)c1ccccc1,-4.730000100727457,-3.3775517152490013,1.3524483854784557,1.3524483854784557
Nc1ccc(S(=O)(=O)[O-])cc1,0.03795573786447681,-1.2850425699467138,-1.3229983078111907,1.3229983078111907
C=CC(=O)OCC(C)O,0.8855999872846754,0.09630330245502972,-0.7892966848296457,0.7892966848296457
NCCN1CCNC1=O,0.6335460058753712,0.5584400417371271,-0.07510596413824411,0.07510596413824411
CC(C)CC(C)OC(=O)CC(C(=O)OC(C)CC(C)C)S(=O)(=O)[O-],0.10962621215194579,-0.5998263206890169,-0.7094525328409627,0.7094525328409627
CC(C)(c1ccc(Oc2ccc(N)cc2)cc1)c1ccc(Oc2ccc(N)cc2)cc1,-7.191727199535004,-6.076653598820517,1.1150736007144868,1.1150736007144868
Oc1ccc(Cc2ccccc2)cc1,-3.400899864664135,-3.156660104369308,0.24423976029482697,0.24423976029482697
CCCCC(NC(C)=O)C(=O)O,-0.682299609305967,-1.1584322775100657,-0.4761326682040987,0.4761326682040987
Oc1cc(F)c(F)c(F)c1,-0.15360960548841573,-0.8187563275957594,-0.6651467221073437,0.6651467221073437
CC(C)CC(NC(=O)CC(O)C(CC(C)C)NC(=O)C(Cc1c[nH]cn1)NC(=O)C(Cc1ccccc1)NC(=O)OC(C)(C)C)C(=O)NCCC(N)C(=O)O,-2.219999952655317,-1.9571377738669464,0.2628621787883705,0.2628621787883705
O=C(NC(=O)c1c(F)cccc1F)Nc1ccc(OC(F)(F)C(F)OC(F)(F)F)c(Cl)c1,-6.967499995782418,-7.032200663099026,-0.06470066731660751,0.06470066731660751
CC1(C)C(C=C(Cl)C(F)(F)F)C1C(=O)OC(C#N)c1cccc(Oc2ccccc2)c1,-8.175999872724077,-7.544038133014597,0.6319617397094799,0.6319617397094799
c1ccc(NNc2ccccc2)cc1,-2.9209999416718335,-3.5654946458049386,-0.6444947041331051,0.6444947041331051
CC(C)CC(NC(=O)CC(O)C(CC(C)C)NC(=O)C(Cc1c[nH]cn1)NC(=O)C(Cc1ccccc1)NC(=O)OC(C)(C)C)C(=O)NCCCN(CCO)CCO,-2.369999802580833,-2.005146915674942,0.3648528869058909,0.3648528869058909
CCNc1nc(N)nc(Cl)n1,-2.413499984733234,-2.7139149385503583,-0.30041495381712435,0.30041495381712435
CC1(O)CC(c2ccc(Cl)cc2)c2c(c3ccccc3oc2=O)O1,-5.840000108194262,-4.604405548339497,1.235594559854765,1.235594559854765
Cc1cc(C)nc(C(N)=O)n1,0.12160004680661674,-0.9716009812002384,-1.0932010280068551,1.0932010280068551
COCCNC(=O)C(NC(=O)C(Cc1cc(OC)c(OC)c(OC)c1)CC(O)C(Cc1ccccc1)NC(=O)OC(C)(C)C)C(C)C,-3.9999999845248846,-3.4672367720143304,0.5327632125105541,0.5327632125105541
OC[C@H]1O[C@@H](n2cnc3cncnc32)[C@H](O)[C@@H]1O,-0.4017996615107129,-0.582679789463528,-0.18088012795281516,0.18088012795281516
CN(C)C,1.038517243045101,1.0016149198412485,-0.03690232320385256,0.03690232320385256
O=C(O)c1cc(Cl)c(Cl)cc1Cl,-2.4446000016051475,-2.851490813552989,-0.4068908119478416,0.4068908119478416
FCC(F)(F)F,-2.0087276788510664,-1.9172567608790576,0.09147091797200879,0.09147091797200879
CC(C)(NC(=O)c1ccccc1)C(=O)NCC(=O)O,-0.5599997593180883,-1.217753759994836,-0.6577540006767477,0.6577540006767477
CCCCCCCCCCCC(=O)NCCC[N+](C)(C)C,-0.011380877773965903,-1.656760777450745,-1.645379899676779,1.645379899676779
CC(=O)OCC1=C(C(=O)O)N2C(=O)[C@@H](NC(=O)Cc3cccs3)[C@H]2SC1,-2.9399999974844877,-2.53678417364722,0.4032158238372676,0.4032158238372676
CCSC,-1.056973249059287,-1.0821305862293038,-0.02515733717001689,0.02515733717001689
Oc1ccc2ncccc2c1,-2.1617998008072563,-1.7522247449863537,0.4095750558209026,0.4095750558209026
OCc1cccc2ccccc12,-1.7443999303063467,-2.2736698541965388,-0.5292699238901921,0.5292699238901921
CSc1nc(NC(C)C)nc(NC(C)C)n1,-3.8642000672979657,-3.530736432659019,0.3334636346389468,0.3334636346389468
FCCl,-0.8201998130461172,-1.1910499692977767,-0.3708501562516595,0.3708501562516595
CCCCCCCCCCCCCCCCC(=O)O,-4.690000039527583,-5.8013928765678795,-1.1113928370402961,1.1113928370402961
CCC(C)c1cc(S(=O)(=O)[O-])cc(-n2nc3ccccc3n2)c1O,-1.5762448484791884,-1.6312227620562025,-0.05497791357701409,0.05497791357701409
CCCCCCCCCCCC(=O)OC,-4.690000039527583,-5.4029812303852225,-0.7129811908576391,0.7129811908576391
CCC(C)(CC)OC(N)=O,-1.5598999775611846,-1.5246281662740537,0.03527181128713086,0.03527181128713086
Cn1nc(S(N)(=O)=O)sc1=NS(=O)(=O)c1ccccc1C(=O)O,-2.509999913260205,-2.3688017634875314,0.14119814977267353,0.14119814977267353
O=c1n(C[C@@H]2CO2)c(=O)n(C[C@@H]2CO2)c(=O)n1C[C@@H]1CO1,-2.468825243035418,-1.2174197348667173,1.2514055081687006,1.2514055081687006
CCCCBr,-2.1977640931141273,-2.377261087884052,-0.17949699476992453,0.17949699476992453
Cc1snnc1C(=O)O,-0.45979995038955224,-0.9843571523946522,-0.5245572020050999,0.5245572020050999
CC(C(=O)O)N(C(=O)c1ccccc1)c1ccc(F)c(Cl)c1,-4.2473997674599735,-3.160959021570888,1.0864407458890857,1.0864407458890857
CCOC(=O)CCc1ccccc1,-2.908600028721795,-2.5266342266136075,0.38196580210818754,0.38196580210818754
CN(C)C(=O)Nc1cccc(C(F)(F)F)c1,-3.4365000419759744,-2.601633219894706,0.8348668220812683,0.8348668220812683
O=c1cccc[nH]1,1.0218002515711437,-0.008938629585150348,-1.030738881156294,1.030738881156294
CCCCCCCCOC(=O)COc1ccc(Cl)cc1Cl,-7.021700403761626,-6.257927931635278,0.7637724721263481,0.7637724721263481
COC1=CC(=O)CC(C)C12Oc1cc(OC)cc(OC)c1C2=O,-3.6989998656124468,-3.703414173312831,-0.004414307700384423,0.004414307700384423
CC(Oc1ccc(Oc2cnc3cc(Cl)ccc3n2)cc1)C(=O)O,-6.060400101718552,-4.457958304099967,1.6024417976185852,1.6024417976185852
Nc1ccc(/N=N/c2ccccc2)c(N)n1,-4.190000033677186,-3.754757700258236,0.4352423334189499,0.4352423334189499
C=C(C(=O)O)c1ccccc1,-2.0567997609311375,-2.1451753563780938,-0.08837559544695628,0.08837559544695628
[N-]=[N+]=C1C=Cc2c(cccc2S(=O)(=O)Oc2ccc(C(=O)c3ccccc3)c(OS(=O)(=O)c3cccc4c3C=CC(=[N+]=[N-])C4=O)c2OS(=O)(=O)c2cccc3c2C=CC(=[N+]=[N-])C3=O)C1=O,-6.820895262835787,-6.57205841270177,0.24883685013401724,0.24883685013401724
CCCCCCCCCCCCN(CCC(=O)[O-])CCC(=O)O,-0.04072926411348643,-2.911125819856039,-2.8703965557425524,2.8703965557425524
CNCCS(=O)(=O)[O-],0.1906883136160502,0.31062541891668216,0.11993710530063195,0.11993710530063195
CCN1c2ncccc2C(=O)N(C)c2cccnc21,-2.619999805506031,-2.7503541124494992,-0.13035430694346806,0.13035430694346806
O=[N+]([O-])c1ccc(-c2ccccc2)cc1,-5.209400280029884,-4.734424415378994,0.47497586465089014,0.47497586465089014
CCOCCC(=O)OCC,-0.43170843711476303,-0.44469456114531125,-0.012986124030548218,0.012986124030548218
O=P(OCCCl)(OCCCl)OCC(CCl)(CCl)COP(=O)(OCCCl)OCCCl,-3.400175292387251,-3.0838846556342543,0.3162906367529965,0.3162906367529965
CCC(C)N(C(=O)SCc1ccccc1)C(C)CC,-5.048400030249722,-4.657515819764208,0.39088421048551414,0.39088421048551414
CCOc1ccc(N)cc1,-0.8608352121239782,-1.4872176279785758,-0.6263824158545976,0.6263824158545976
CC(C)Nc1nc(NC(C)C)[nH]c(=O)n1,-2.8099998719116965,-2.8780784804832713,-0.06807860857157477,0.06807860857157477
C1N2CN3CN1CN(C2)C3,0.7924031117859882,0.35659942291412117,-0.43580368887186705,0.43580368887186705
O=CCC/C=C1\CC2CC1C1CCCC21,-4.090188080372623,-3.4585738924286806,0.6316141879439421,0.6316141879439421
CCC(C)(CC)c1cc(NC(=O)c2c(OC)cccc2OC)on1,-5.36940011074864,-5.361172602551573,0.008227508197067301,0.008227508197067301
CCN(CC)c1ccc(N=Nc2c(C#N)cc([N+](=O)[O-])cc2C#N)c(C)c1,-7.4728198348923005,-7.289084758282456,0.18373507660984423,0.18373507660984423
Cc1cc(S(=O)(=O)c2ccccc2)ccc1NS(=O)(=O)C(F)(F)F,-3.800899959061946,-4.189672771867777,-0.38877281280583054,0.38877281280583054
Clc1cc2c(cc1Cl)Oc1ccccc1O2,-7.229999853925619,-7.23992509314577,-0.009925239220150317,0.009925239220150317
CC(=O)OCC(COC(C)=O)(COC(C)=O)COC(C)=O,-1.5685999518795544,-1.6059341612924498,-0.03733420941289545,0.03733420941289545
Clc1cc(Cl)c(-c2ccccc2)cc1Cl,-6.27000004145161,-6.457758878613072,-0.18775883716146247,0.18775883716146247
CC1(C)Cc2cccc([N+](=O)[O-])c2O1,-3.206799933118001,-3.212429222715189,-0.005629289597188336,0.005629289597188336
CN(C)c1ccc(C(=O)O)cc1C(=O)O,-2.0199998536963193,-2.178878146737997,-0.15887829304167767,0.15887829304167767
O=C(O)c1cc[n+]([O-])cc1,-1.1019998363296981,-1.0084469894238133,0.09355284690588483,0.09355284690588483
C=C(Cl)Cl,-1.5885808657521172,-1.616170099092516,-0.027589233340398867,0.027589233340398867
CC(C)(c1cc(Br)c(O)c(Br)c1)c1cc(Br)c(O)c(Br)c1,-6.48381863573666,-6.035708191297303,0.4481104444393571,0.4481104444393571
Cc1ccc(O)c(C)c1,-1.190999865528559,-1.210872428274852,-0.01987256274629301,0.01987256274629301
Cc1occc1C(=O)Nc1ccccc1,-3.3036999326506957,-3.5573543016030804,-0.2536543689523847,0.2536543689523847
COc1ccc2c(c1)CCCC2,-2.7477385197120157,-3.8987222544236033,-1.1509837347115877,1.1509837347115877
CC(C)(C)S(=O)(=O)C(C)(C)C,-1.2176997914720697,-1.7124811377898048,-0.49478134631773507,0.49478134631773507
CCOC(=O)n1cnc2c1c(=O)n(C)c(=O)n2C,-1.6499998051984135,-1.777175731922264,-0.12717592672385059,0.12717592672385059
Oc1cnn(-c2ccccc2)c1,-1.9615998388790372,-2.149648118475899,-0.18804827959686166,0.18804827959686166
O=Cc1ccccc1O,-0.859999735222944,-0.7520523376719144,0.10794739755102967,0.10794739755102967
Oc1cc2ccccc2cc1C1=NCCN1,-3.301500025213407,-3.1623033346846534,0.1391966905287534,0.1391966905287534
C1CNCCNCCNCCN1,-0.031020175038225517,0.5273400938786699,0.5583602689168954,0.5583602689168954
CCCCCCC(=O)OCC(CC)(COC(=O)CCCCCC)COC(=O)CCCCCC,-6.973765865499807,-6.762750873860355,0.21101499163945192,0.21101499163945192
CCCCCCCC/C=C\CCCCCCCC(=O)OCCCCCCCCCCCCCC,-6.981226220117501,-7.648926992212742,-0.667700772095241,0.667700772095241
CC(=O)Nc1ccc(NC(=O)C2=Cc3ccccc3/C(=N/Nc3cc(C(N)=O)ccc3Cl)C2=O)cc1,-7.304443840991773,-6.995626567892968,0.30881727309880525,0.30881727309880525
O=NN(CCCl)C(=O)NC1CCCCC1,-3.3699998487883556,-2.72471243884371,0.6452874099446455,0.6452874099446455
CC(=O)N(C)c1ccc(S(=O)(=O)N(C)C)cc1,-2.299999868014695,-2.432755498167438,-0.13275563015274328,0.13275563015274328
O=c1occo1,0.7770766034280094,0.3375437034356823,-0.43953289999232714,0.43953289999232714
CCCCCCCCOC(=O)c1ccccc1C(=O)OCc1ccccc1,-8.287652602739714,-6.410180449785364,1.8774721529543497,1.8774721529543497
CC(C)(CCC(C)(C)CC(=O)O)CC(=O)O,-3.131900025906674,-2.2028842014313037,0.9290158244753703,0.9290158244753703
CN(C)C(=O)COC(=O)C1CCn2c(C(=O)c3ccccc3)ccc21,-3.0299999152038106,-3.3781085848272636,-0.348108669623453,0.348108669623453
COP(=O)(OC)OC=C(Cl)Cl,-1.3439997994095396,-0.8598430746773182,0.4841567247322214,0.4841567247322214
CC1(C)CC(O)CC(C)(C)N1,-0.19660968163029757,0.25724958371242623,0.4538592653427238,0.4538592653427238
NC(CCC(=O)O)C(=O)O,-0.33784986059781064,-0.039501376700368684,0.29834848389744195,0.29834848389744195
CCCCOC(=O)/C=C/C(=O)OCCCC,-4.313551373680211,-3.4454404591758245,0.8681109145043862,0.8681109145043862
N#CCC(=O)c1ccccc1Cl,-2.175139549787491,-2.6977136156212977,-0.5225740658338069,0.5225740658338069
Cc1cc(C)c(C)c(O)c1,-2.252202873571129,-2.2477782138523104,0.004424659718818447,0.004424659718818447
C1CCNCC1,1.0698156736036553,0.29216652780765884,-0.7776491457959964,0.7776491457959964
N#CN=C(N)N,-0.3086999569583875,-1.0084189699605868,-0.6997190130021993,0.6997190130021993
O=C(Nc1ccc(F)cc1F)c1cccnc1Oc1cccc(C(F)(F)F)c1,-6.896900334281703,-5.74050258019625,1.1563977540854529,1.1563977540854529
CC(C)(C)N(NC(=O)c1ccc(Cl)cc1)C(=O)c1ccccc1,-4.440400176621565,-4.744441166442096,-0.30404098982053096,0.30404098982053096
C=CCOc1nc(OCC=C)nc(OCC=C)n1,-2.874225789192935,-2.6571361188332077,0.21708967035972737,0.21708967035972737
Oc1cc(Cl)cc(Cl)c1Cl,-2.6700000027794215,-2.679255483660293,-0.00925548088087158,0.00925548088087158
OCC1OC2OC3C(CO)OC(OC4C(CO)OC(OC5C(CO)OC(OC6C(CO)OC(OC7C(CO)OC(OC8C(CO)OC(OC9C(CO)OC(OC1C(O)C2O)C(O)C9O)C(O)C8O)C(O)C7O)C(O)C6O)C(O)C5O)C(O)C4O)C(O)C3O,-0.7499998774838454,0.5990842745373848,1.3490841520212302,1.3490841520212302
CCc1ccc(C(=O)O)cc1,-2.519999894053445,-2.7455713073996124,-0.22557141334616748,0.22557141334616748
Nc1cccc(N)c1,0.5100003249757568,-0.4972985498551705,-1.0072988748309273,1.0072988748309273
NC(=O)Nc1ccc(Br)cc1,-1.6335998615423437,-2.102321312709579,-0.4687214511672353,0.4687214511672353
CCC(C)CO,-0.4681008889040412,-0.5380708716301781,-0.06996998272613686,0.06996998272613686
Cc1cc(CC(C)CC(C)(C)C)n(O)c(=O)c1,-3.9054641789620175,-3.9759476218024528,-0.07048344284043528,0.07048344284043528
Cc1ccc(O)cc1,-0.7015477383003552,-0.9176824241762456,-0.21613468587589035,0.21613468587589035
COc1cc(C=O)c(C)cc1O,-2.7434999202711747,-2.2498715990199196,0.4936283212512551,0.4936283212512551
CCCN(CCOc1c(Cl)cc(Cl)cc1Cl)C(=O)n1ccnc1,-4.044499861097403,-4.40458412521866,-0.36008426412125694,0.36008426412125694
O=C(Cl)OCCOCCOC(=O)Cl,-4.886548982581243,-2.507117566261056,2.3794314163201875,2.3794314163201875
NCCCC(=O)O,1.1006003679940863,0.9288512724072091,-0.17174909558687723,0.17174909558687723
Ic1ccc2c(c1)Sc1ccccc1N2,-6.927800419170939,-6.214653457991453,0.7131469611794863,0.7131469611794863
CC#Cc1cc(C)nc(Nc2ccccc2)n1,-4.599999867321141,-4.677225234699989,-0.07722536737884855,0.07722536737884855
CC(C)(C)OC(=O)c1cccc([N+](=O)[O-])c1C(=O)[O-],-3.0466999466209015,-2.524189562953824,0.5225103836670777,0.5225103836670777
CC(=O)OO,1.1189002520999725,0.6493580929113345,-0.46954215918863795,0.46954215918863795
NC(=O)NCNC(N)=O,-0.6524997369358365,-0.5940231171821471,0.05847661975368945,0.05847661975368945
CCCC(O)C(C)CC,-1.8405999263525727,-1.6801615841329767,0.16043834221959608,0.16043834221959608
CC(=NNC(=O)c1nccs1)C(=O)O,-1.929999819516789,-1.8476715281713634,0.08232829134542552,0.08232829134542552
Nc1ccc(Br)cc1C(=O)O,-3.0699998728834994,-2.756611976605966,0.3133878962775336,0.3133878962775336
CCNc1nc(Cl)nc(NC(C)C)n1,-3.7599999623929263,-2.961539493999024,0.7984604683939023,0.7984604683939023
CCCc1cc(F)ccc1O,-1.8869998814018192,-1.9761716160797627,-0.08917173467794348,0.08917173467794348
CCc1ccccn1,0.5010001421228174,-0.10383130373014637,-0.6048314458529638,0.6048314458529638
CSc1ccc2c(c1)N(CCC1CCCCN1C)c1ccccc1S2,-5.820000284634695,-5.129765790921207,0.6902344937134881,0.6902344937134881
Cn1c(=O)on(-c2ccc(Cl)c(Cl)c2)c1=O,-2.819999861331619,-3.0275828137931065,-0.2075829524614874,0.2075829524614874
CC[NH+](C)CC,0.7130003698633072,0.5232219229189377,-0.18977844694436952,0.18977844694436952
COc1cc(CN)ccc1O,0.01884646394400935,-0.6676653059139035,-0.6865117698579128,0.6865117698579128
CCOC(=O)COc1ccc(Cl)cc1Cl,-3.3503000267229885,-3.5574151714714692,-0.2071151447484807,0.2071151447484807
CCC(=O)OC1CCC2C3CCC4=CC(=O)CCC4(C)C3CCC12C,-5.3699999757101295,-5.113217192280433,0.2567827834296965,0.2567827834296965
CC(C)(C)c1ccc(OCC2CO2)cc1,-3.430238934187065,-4.5179027020406055,-1.0876637678535404,1.0876637678535404
NS(=O)(=O)c1cc2c(s1)C(O)CC[S+]2[O-],-1.5699999588524918,-2.1500428064320376,-0.5800428475795458,0.5800428475795458
O=C([O-])c1ccccc1O,-0.10749205350203317,-1.2809587676881806,-1.1734667141861475,1.1734667141861475
ON=C1CCCCC1,-0.8495727681760528,-0.8959691345255756,-0.04639636634952282,0.04639636634952282
COc1ccccc1C,-2.6890832586268933,-2.189181786738618,0.4999014718882755,0.4999014718882755
O=C1OC(CN2CCOCC2)CN1/N=C/c1ccc([N+](=O)[O-])o1,-2.6358999364587707,-2.891406048588482,-0.2555061121297113,0.2555061121297113
C=CCC1(CC)C(=O)NC(=O)NC1=O,-1.6099998820254526,-1.7167044852568207,-0.1067046032313681,0.1067046032313681
CC(C)CC(NC(=O)CC(O)C(CC(C)C)NC(=O)C(Cc1c[nH]cn1)NC(=O)C(Cc1ccccc1)NC(=O)OC(C)(C)C)C(=O)NCc1cc[n+]([O-])cc1,-2.38000002492117,-2.402517390350292,-0.022517365429122194,0.022517365429122194
CCCCN(C(N)=O)c1ccccc1,-1.2970997728565021,-2.1143275836886746,-0.8172278108321724,0.8172278108321724
Oc1ccc(Br)cc1,-1.0919997865230016,-1.53427886996535,-0.44227908344234845,0.44227908344234845
CCCCC(CC)C(=O)OCCOCCOCCOC(=O)C(CC)CCCC,-5.420152330401127,-4.337471161553239,1.0826811688478877,1.0826811688478877
O=c1[nH]c(=O)n(C2CC(O)C(CO)O2)cc1I,-2.2480999545852214,-1.8765600778520706,0.3715398767331508,0.3715398767331508
O=C(O)C(O)C(Cl)(Cl)Cl,0.36000012998296027,0.2903125503196873,-0.06968757966327299,0.06968757966327299
O=C(Nc1cc(Cl)c(NC(=O)C2=Cc3ccccc3/C(=N\Nc3cc(C(F)(F)F)ccc3Cl)C2=O)cc1Cl)C1=Cc2ccccc2/C(=N/Nc2cc(C(F)(F)F)ccc2Cl)C1=O,-7.692244254199423,-9.119402777137957,-1.4271585229385337,1.4271585229385337
CN(C)C1C(O)=CC(=O)C2(O)C(O)=C3C(=O)c4ccccc4C(C)(O)C3CC12,-1.419999763859695,-2.4208236582008786,-1.0008238943411836,1.0008238943411836
CCCCCCc1ccc(C(=O)O)cc1,-3.650000035640372,-4.104412995942372,-0.4544129603020002,0.4544129603020002
CC(C(=O)O)c1ccc(-c2ccccc2)c(F)c1,-4.289999979636501,-3.8501674232172536,0.4398325564192471,0.4398325564192471
Clc1cccc(Cl)c1-c1ccccc1,-5.2100001449913735,-5.121433244243768,0.08856690074760554,0.08856690074760554
CCc1cccc(CC)c1,-3.7476000386595354,-3.876061548045906,-0.12846150938637058,0.12846150938637058
CCCCC(=O)CC(C)=O,-1.5599997710188829,-1.235223274195448,0.3247764968234348,0.3247764968234348
CCCCCCCCCCOC(=O)C(C)O,-3.0599998920902594,-3.736748500829961,-0.6767486087397017,0.6767486087397017
Cc1ncc([N+](=O)[O-])n1C,-1.1599998491547125,-1.1338218029671592,0.026178046187553372,0.026178046187553372
O=C(Nc1cc(S(=O)(=O)[O-])cc2c1C(=O)/C(=N/Nc1ccc3cc(S(=O)(=O)CCOS(=O)(=O)[O-])ccc3c1S(=O)(=O)[O-])C(S(=O)(=O)[O-])=C2)c1ccccc1,-0.3893145751723428,-0.5462738110368304,-0.15695923586448757,0.15695923586448757
ClC=C(Cl)Cl,-1.959999899923422,-2.236462215462356,-0.27646231553893386,0.27646231553893386
COC(=O)CN(CC(=O)OC)c1ccc(N=Nc2ccc([N+](=O)[O-])cc2C#N)c(NC(C)=O)c1,-5.1935195936184355,-6.205347407500534,-1.0118278138820989,1.0118278138820989
CCN(c1ccccc1)c1nc(Cl)nc(Nc2cc(S(=O)(=O)[O-])cc3c2C(=O)/C(=N/Nc2ccc4ccccc4c2S(=O)(=O)[O-])C(S(=O)(=O)[O-])=C3)n1,-0.45923514426382406,-0.9813928864229666,-0.5221577421591426,0.5221577421591426
COc1cc2nc(N3CCN(C(=O)C4CCCO4)CC3)nc(N)c2cc1OC,-1.7999998621642976,-3.2482459642526558,-1.4482461020883581,1.4482461020883581
CC(C)CCNCc1cccc(C(=O)c2csc(S(N)(=O)=O)c2)c1,-1.4999998862594417,-2.538854439306994,-1.0388545530475524,1.0388545530475524
O=[N+]([O-])c1ccc(Nc2ccc(Nc3ccccc3)c(S(=O)(=O)[O-])c2)c([N+](=O)[O-])c1,-2.1991373228660507,-3.018168282775687,-0.8190309599096364,0.8190309599096364
CC1(C)SCC(COC(N)=O)S1,-2.219999952655317,-1.7996481695913857,0.4203517830639312,0.4203517830639312
C=CCC1(CCCC)C(=O)NC(=O)NC1=O,-2.16999997967566,-2.3614953778906704,-0.1914953982150105,0.1914953982150105
OCC1OC(OCCc2cccc3ccccc23)C(O)C(O)C1O,-1.1099998761750551,-2.4478724126588682,-1.337872536483813,1.337872536483813
CCCCCCCC/C=C\CCCCCCCCNCCCN,-6.1026172892130415,-4.541047606827163,1.561569682385879,1.561569682385879
Cc1cc(Cl)ccc1OCC(O)=S,-3.1600000278365785,-2.9100296575641456,0.24997037027243296,0.24997037027243296
C=CCOC(=O)C(C)OC(=O)C(C)O,-0.6825998178405364,-0.4876374941454409,0.19496232369509547,0.19496232369509547
CC(=O)CCCCn1c(=O)c2c(ncn2C)n(C)c1=O,-0.5580000254105739,-1.491182589065493,-0.9331825636549191,0.9331825636549191
CN(C)C1C(O)=C(C(N)=O)C(=O)C2(O)C(O)=C3C(=O)c4c(O)ccc(Cl)c4C(C)(O)C3CC12,-2.8800000501816014,-2.687148552648505,0.1928514975330966,0.1928514975330966
CCN(CCOC(C)OCC(C)C)c1ccc(N=Nc2ccccc2)cc1,-7.090504059077595,-5.896436552155091,1.1940675069225044,1.1940675069225044
C1O[C@@H]1[C@@H]1CO1,1.0650001906822473,0.9341446044995045,-0.13085558618274273,0.13085558618274273
O=S(=O)(O)c1ccccc1N=C1C=CC(=C(c2ccc(Nc3ccccc3)cc2)c2ccc(Nc3ccccc3)cc2)C=C1,-8.377105084157572,-5.14272568983839,3.2343793943191814,3.2343793943191814
CCOC(=O)n1cc(F)c(=O)[nH]c1=O,-1.4699998748662648,-1.845556955872694,-0.37555708100642926,0.37555708100642926
C=C1CCC(C)=CCCC=C(C)CC[C@@H]1C(C)=O,-5.449126387754094,-3.507226101621761,1.9419002861323333,1.9419002861323333
CCCCCCCCCCCCCCC/C=C/CC(CC(=O)O)C(=O)O,-6.964446564425293,-4.973501520560884,1.990945043864409,1.990945043864409
CCCCOc1cc(C(=O)NCCN(CC)CC)c2ccccc2n1,-3.700000008620029,-3.428344790867572,0.27165521775245693,0.27165521775245693
CCCCCCCCCCCCCCCCc1c(Oc2ccccc2S(=O)(=O)[O-])cccc1S(=O)(=O)[O-],0.22276576806844828,-1.3016614242859224,-1.5244271923543706,1.5244271923543706
COc1cc(C#N)c2c(c1OC)C(=O)OC2,-3.479999982581279,-3.370860205040358,0.10913977754092086,0.10913977754092086
COc1ccc(O)cc1,-0.4918997652017665,-1.1122475064173223,-0.6203477412155558,0.6203477412155558
CCCCCCCCCCOC(=O)c1ccccc1C(=O)OCCCCCCCCCC,-9.307600263827172,-7.316595454309674,1.9910048095174986,1.9910048095174986
O=Cc1ccco1,-0.09619979574101922,-0.18590735089307708,-0.08970755515205786,0.08970755515205786
Cc1cccc2cc3ccccc3cc12,-5.854100385462074,-5.9171767520730185,-0.06307636661094485,0.06307636661094485
COc1ccc(C(=O)O)cc1,-2.457999861305752,-2.1964382065931733,0.26156165471257875,0.26156165471257875
CCC(N)C(=O)O,0.2868000414517673,-0.02566887164270293,-0.3124689130944702,0.3124689130944702
CCCCOC(=O)c1ccccc1C(=O)OCCCC,-4.387683419924238,-4.514792679649377,-0.1271092597251391,0.1271092597251391
Cn1cnc2c1c(=O)n(CC(=O)[O-])c(=O)n2C,-1.3768997562332022,-1.0663498313024657,0.3105499249307364,0.3105499249307364
CC1=CC(=C(c2ccc(N)cc2)c2ccc(N)cc2)C=CC1=N,-2.1054831642064307,-3.46297605376077,-1.3574928895543392,1.3574928895543392
NS(=O)(=O)c1cc(S(=O)(=O)c2cccc(O)c2)cs1,-2.7199999585057144,-2.23376654986229,0.48623340864342435,0.48623340864342435
CC(C)OP(=S)(OC(C)C)SCCNS(=O)(=O)c1ccccc1,-4.201399814402995,-3.9739848100940174,0.22741500430897776,0.22741500430897776
O=Cc1ccccc1C=O,-1.3399999175137736,-1.5971878099314984,-0.2571878924177249,0.2571878924177249
CCCN(CCC)c1c([N+](=O)[O-])cc(C(C)C)cc1[N+](=O)[O-],-6.449100174341524,-5.51273553824708,0.936364636094444,0.936364636094444
CN(C(=O)COC(=O)c1ccccc1)C1CCCCC1,-3.2899999334289776,-2.813886442339027,0.4761134910899507,0.4761134910899507
Nc1ccc(S(=O)(=O)O)c2ncccc12,-2.7099999604591103,-2.3294485654128354,0.3805513950462749,0.3805513950462749
CCCCCCCCCCCCCCCCCCCCCC(=O)O,-7.328114904368574,-6.667078071606216,0.6610368327623579,0.6610368327623579
CCCCCCCC/C=C\CCCCCCCC(=O)[O-],-9.398089051303673,-6.129576429698126,3.268512621605547,3.268512621605547
CC(Cl)CCl,-1.6216646744231575,-1.692016301562207,-0.07035162713904941,0.07035162713904941
COCC(=O)O,1.0454000930611222,0.8595650750053285,-0.18583501805579372,0.18583501805579372
Nc1ccc(S(=O)(=O)Nc2ccc([N+](=O)[O-])cc2Br)cc1,-4.780000211734026,-4.612216215260979,0.1677839964730472,0.1677839964730472
CC(=O)OCC=C(C)C,-1.4743212214411172,-1.3823607910241194,0.09196043041699786,0.09196043041699786
Cc1nc(C)c(C(=O)O)cc1C(=O)O,-2.8089999445711653,-1.8749580684927687,0.9340418760783966,0.9340418760783966
CCC(C)C1(CC)C(=O)NC(=O)NC1=O,-2.39000000571441,-2.28164642946678,0.10835357624762976,0.10835357624762976
CCCCCCCCSC1C(O)C(O)OC(CO)C1O,-2.9100000222155415,-2.5152766821230066,0.39472334009253496,0.39472334009253496
C=C(C)CC,-2.7306999427854235,-2.596742167238734,0.13395777554668964,0.13395777554668964
O=C(c1ccccc1)c1ccc(OCC(O)COc2ccc(C(=O)c3ccccc3)c(O)c2)cc1O,-7.138755231076566,-5.341610048250633,1.7971451828259326,1.7971451828259326
C#CC(C)N(C(=O)CCl)c1ccccc1,-2.646799956241342,-2.739824142819195,-0.09302418657785338,0.09302418657785338
O=C([O-])c1ccc(Cl)o1,-1.71879987181466,-1.4100256631125385,0.30877420870212147,0.30877420870212147
CN(O)C(=O)C1CCCCCC1,-1.4499999132797845,-1.522902001707007,-0.07290208842722246,0.07290208842722246
Nc1nc(O)c2ncn(C3C=CC(CO)C3)c2n1,-2.299999868014695,-2.2347658647083977,0.06523400330629725,0.06523400330629725
Cc1cc(Cl)ccc1OC(C)C(=O)O,-2.466030750166041,-2.705772834505366,-0.23974208433932542,0.23974208433932542
CCCCC(CC)COC(=O)CC(CC(=O)OCC(CC)CCCC)(OC(C)=O)C(=O)OCC(CC)CCCC,-7.057520319918078,-6.80359303725306,0.25392728266501763,0.25392728266501763
Clc1cc(Cl)c(Cl)c(Oc2ccc(Cl)c(Cl)c2)c1,-7.830000081789155,-8.097023081853203,-0.26702300006404833,0.26702300006404833
O=C(O)CN1C(=O)NC(=O)C1Cc1ccccc1,-1.789999812357601,-1.7726405816600332,0.01735923069756784,0.01735923069756784
Oc1cc(Cl)ccc1Oc1ccc(Cl)cc1,-4.239393240349732,-4.522698861194272,-0.2833056208445397,0.2833056208445397
Clc1ccccc1-c1c(Cl)cc(Cl)c(Cl)c1Cl,-7.434600182836066,-7.743823807165111,-0.3092236243290447,0.3092236243290447
C=C(C)C=O,-0.0675109019891651,-0.10161790416216565,-0.034107002173000556,0.034107002173000556
CCCC1(CC)C(=O)NC(=S)NC1=O,-2.7999998824917744,-2.670904889964052,0.1290949925277225,0.1290949925277225
CNC(=O)N(C)c1nnc(C(C)(C)CCl)s1,-2.4699999555805157,-2.70280839600004,-0.2328084404195243,0.2328084404195243
COC(=O)c1sccc1S(=O)(=O)NC(=O)Nc1nc(OC)nc(OC)n1,-3.1900000047230272,-3.6913664942600017,-0.5013664895369745,0.5013664895369745
CC(=O)C(N=Nc1ccc(-c2ccc(N=NC(C(C)=O)C(=O)Nc3ccc(C)cc3C)c(Cl)c2)cc1Cl)C(=O)Nc1ccc(C)cc1C,-9.292010952227898,-9.010767315428385,0.2812436367995126,0.2812436367995126
CC(C)CC1OCCO1,-0.36949970767545226,-0.5891535277110598,-0.21965382003560752,0.21965382003560752
c1cc(OCC2CO2)c2ccc(OCC3CO3)cc2c1,-3.919173702040694,-3.1549258307211545,0.7642478713195393,0.7642478713195393
Cc1cccc(C)c1OCC(=O)O,-2.256644372573265,-2.0440601529662175,0.21258421960704732,0.21258421960704732
CN(C)CNC(=O)c1ccccc1,0.4200004288231387,-0.9806450566113354,-1.400645485434474,1.400645485434474
Nc1[nH]c(=O)[nH]c2nc(=O)[nH]c1-2,-3.4599999864880706,-3.3225774938918953,0.13742249259617534,0.13742249259617534
CCOC(OCC)C(Cl)(Cl)Cl,-1.6463997872680027,-2.2698603114130353,-0.6234605241450326,0.6234605241450326
CCOC(C)OCC,-0.4290997284695379,-0.4279902681472989,0.0011094603222390198,0.0011094603222390198
CC(=O)C=C(C)[O-],-1.8656837641917121,-1.3478982315246582,0.517785532667054,0.517785532667054
C=CC(C)CCC=C(C)C,-5.964586235959893,-4.77532593034405,1.1892603056158428,1.1892603056158428
COC(=O)[C@@H]1C2CCC(C[C@@H]1OC(=O)c1ccccc1)N2C,-2.2266999860258037,-2.3222576738349634,-0.09555768780915974,0.09555768780915974
NCC1CCC(C(=O)O)CC1,0.025500189285370123,-0.649835127391071,-0.6753353166764411,0.6753353166764411
CC(C)N(C(=O)COc1nnc(C(F)(F)F)s1)c1ccc(F)cc1,-3.81209994583199,-4.366185590283896,-0.5540856444519062,0.5540856444519062
O=C(O)/C=C\C=C/C(=O)O,-2.8515998634405033,-2.12232693339947,0.7292729300410334,0.7292729300410334
CC(=O)Nc1ccc(S(=O)(=O)Nc2nccs2)cc1,-3.4300000441083496,-2.8738553918167162,0.5561446522916333,0.5561446522916333
CC1(C)[C@H](C=C(Cl)Cl)[C@H]1C(=O)OCc1c(F)c(F)cc(F)c1F,-6.813700195943815,-7.313981500641777,-0.5002813046979622,0.5002813046979622
CCCCCCCCCCNC(=O)OCC1OC(O)C(O)C(O)C1O,-3.559999932447385,-3.1656312325571774,0.3943686998902076,0.3943686998902076
CCS[S+]([O-])CC,-0.09929960414072658,-0.3438402285979576,-0.24454062445723102,0.24454062445723102
CCCCNc1ccc(NCCCC)c2c1C(=O)c1ccccc1C2=O,-7.93185731788234,-6.6559840204914735,1.2758732973908664,1.2758732973908664
CC12CCC3(O)C(CCC4=CC(=O)CCC43C)C1CCC2=O,-2.6799999835726616,-3.6423917161725354,-0.9623917325998739,0.9623917325998739
NC(=Nc1ccc(N)cc1)N1Cc2cccc3cccc(c23)C1,-1.8299999425709306,-2.1336761962753235,-0.3036762537043929,0.3036762537043929
FC1(F)C(F)(F)C(F)(F)C2(F)C(F)(F)C(F)(F)C(F)(F)C(F)(F)C2(F)C1(F)F,-7.664711197812391,-6.948722262505646,0.7159889353067452,0.7159889353067452
CC(CC(=O)O)CC(C)(C)C,-2.3542207729904003,-2.236312456262352,0.11790831672804813,0.11790831672804813
CC(C)(CO)[C@@H](O)C(=O)NCCCO,0.39442625037753576,0.2755066794754537,-0.11891957090208205,0.11891957090208205
CC(C)CCC(C)Nc1ccc(NC(C)CCC(C)C)cc1,-5.575133916664091,-4.881766212038085,0.6933677046260067,0.6933677046260067
Nc1ccc([N+](=O)[O-])cc1,-2.2781998284495533,-2.100539247242992,0.17766058120656147,0.17766058120656147
O=C([O-])CCl,0.8486245098172267,0.5190852563529376,-0.32953925346428914,0.32953925346428914
CCN1C[C@]2(COC)[C@H](O)C[C@H](OC)[C@]34C1[C@H]([C@H](OC)[C@H]23)[C@]1(OC(C)=O)[C@H]2[C@@H](OC(=O)c3ccccc3)[C@](O)(C[C@H]24)[C@@H](OC)[C@@H]1O,-3.3187000418674684,-2.828726078016717,0.4899739638507512,0.4899739638507512
CC(=O)/C(=N\Nc1cc([N+](=O)[O-])cc(S(=O)(=O)[O-])c1[O-])C(=O)[N-]c1ccccc1,-2.0086456908650736,-1.8897488253900891,0.11889686547498446,0.11889686547498446
CCCOC(=O)c1cccnc1,-1.2402999040352036,-1.1914273348764035,0.04887256915880012,0.04887256915880012
CC(Cl)(Cl)[N+](=O)[O-],-1.7602999404855377,-1.5803351380026065,0.17996480248293123,0.17996480248293123
CC1CN(c2cc3c(cc2F)c(=O)c(C(=O)O)cn3-c2ccc(F)cc2F)CCN1,-3.7999999545793433,-3.8006883638051665,-0.0006884092258232499,0.0006884092258232499
c1ccc(Nc2cccc3ccccc23)cc1,-4.8638915888494445,-5.578518888664911,-0.7146272998154668,0.7146272998154668
O=C(CS)Nc1ccc2ccccc2c1,-3.339999871901907,-4.118652956445578,-0.778653084543671,0.778653084543671
Cc1c(Nc2nc(Cl)nc(Nc3cccc(S(=O)(=O)[O-])c3)n2)c(C)c(S(=O)(=O)[O-])c(C)c1Nc1cc(S(=O)(=O)[O-])c(N)c2c1C(=O)c1ccccc1C2=O,-0.42442779353707305,-0.49949290170923355,-0.0750651081721605,0.0750651081721605
C[C@H](CCC(=O)O)[C@H]1CC[C@H]2[C@@H]3[C@@H](O)C[C@@H]4C[C@H](O)CC[C@]4(C)[C@H]3CC[C@]12C,-4.2929000630938985,-4.689483680848124,-0.39658361775422524,0.39658361775422524
C#CCCC,-1.6373998804688883,-2.053306368790591,-0.41590648832170274,0.41590648832170274
O=[N+]([O-])N1CN([N+](=O)[O-])CN([N+](=O)[O-])C1,-3.5705999852424832,-3.313597739021998,0.2570022462204853,0.2570022462204853
NS(=O)(=O)c1cc(C2(O)NC(=O)c3ccccc32)ccc1Cl,-3.4507000091812987,-3.028447785319994,0.4222522238613049,0.4222522238613049
CCC(C)C(C)(C)C,-4.677599977767279,-4.893391804792655,-0.21579182702537558,0.21579182702537558
CCCCCCCC/C=C\CCCCCCCCNC(=O)CCCCCCCCCCCCCCC,-7.704078129564875,-7.353572312046248,0.3505058175186271,0.3505058175186271
O=C1NC(=O)c2cccc3cccc1c23,-4.692831523609496,-4.626848448249356,0.06598307536014048,0.06598307536014048
O=c1[nH]c2cncnc2[nH]c1=O,-2.6899999816192657,-2.4830124772580695,0.20698750436119617,0.20698750436119617
C=CC(C#N)OC(C)=O,-0.8986936477503429,-0.9583154767965951,-0.05962182904625224,0.05962182904625224
CN(C=O)c1ccccc1,-1.494780812646042,-1.2438264916481931,0.25095432099784887,0.25095432099784887
O=[N+]([O-])C(Br)(CO)CO,0.12713106124214413,0.2265946346196941,0.09946357337754996,0.09946357337754996
CCCCC(CC)COS(=O)(=O)[O-],0.33296397048073123,0.05556383108518448,-0.27740013939554675,0.27740013939554675
CCC(CC)C(=O)N(CC)CC,-1.0875999026349676,-1.3857090478662288,-0.2981091452312612,0.2981091452312612
Clc1ccc(Oc2c(Cl)cc(Cl)c(Cl)c2Cl)cc1,-7.769999782948977,-8.259234517790079,-0.48923473484110147,0.48923473484110147
CC(C)CC1CC(C)(O)CCO1,2.1376818618310884,-0.4401772163547859,-2.5778590781858743,2.5778590781858743
C=C(C)C1CCC(C)CC1O,-1.71111232489908,-2.1421625739466834,-0.43105024904760336,0.43105024904760336
O=C(O)Cc1ccc(Cl)cc1Cl,-2.9191414675258547,-2.4042441760384454,0.5148972914874093,0.5148972914874093
O=c1cc[nH]c(O)c1,-1.2497998823381091,-0.5227465717027981,0.727053310635311,0.727053310635311
CC(C)NCC(O)COc1ccc(CC(N)=O)cc1,-1.3015998642829716,-1.3645253674786135,-0.06292550319564194,0.06292550319564194
O=C1c2ccccc2C(=O)c2c(O)c(O)cc(O)c21,-4.602399879274747,-4.245743858591362,0.35665602068338575,0.35665602068338575
Clc1cc(Cl)c2c(Cl)c(Cl)c(Cl)c(Cl)c2c1Cl,-8.775000233633858,-10.281922300844204,-1.506922067210347,1.506922067210347
CC(CCC(=O)O)C1CCC2C3CCC4CC(O)CCC4(C)C3CCC12C,-7.340000677853105,-5.425931241171407,1.9140694366816984,1.9140694366816984
Cc1cc(S(=O)(=O)O)c(N)cc1Cl,-2.406177657027986,-1.9488966700190027,0.4572809870089831,0.4572809870089831
Clc1cc(Cl)c(Cl)c(-c2c(Cl)c(Cl)c(Cl)c(Cl)c2Cl)c1Cl,-10.41150030992535,-10.172490699903646,0.23900961002170362,0.23900961002170362
CCn1cc(C(=O)O)c(=O)c2cc(F)c(N3CCNC(C)C3)c(F)c21,-2.3299998449011436,-3.104738624234765,-0.7747387793336213,0.7747387793336213
O=C(O)c1cc(S(=O)(=O)O)ccc1O,0.6554903525774751,-1.2268045987246428,-1.8822949513021179,1.8822949513021179
NS(=O)(=O)c1ccc(NO)cc1,-0.8399997736364635,-1.3427172533390934,-0.5027174797026299,0.5027174797026299
CC(C)Oc1cccc(NC(=O)c2ccccc2C(F)(F)F)c1,-4.694699855896362,-4.9813627053323195,-0.28666284943595777,0.28666284943595777
COC(=O)c1nccnc1N,-1.6422658812402517,-1.3460699270424012,0.2961959541978505,0.2961959541978505
O=C(O)c1ccc(F)cc1,-2.067299951255081,-2.071412463111403,-0.004112511856321888,0.004112511856321888
CCc1ccccc1,-2.9714779234159954,-2.78277296784315,0.18870495557284528,0.18870495557284528
CC1=C2C3OC(=O)C(C)C3CCC2(C)C=CC1=O,-3.089999851723344,-3.282921085197284,-0.19292123347393986,0.19292123347393986
CC1(C)[C@H]2CC=C(CCO)[C@@H]1C2,-2.695999787209551,-3.2661519195504214,-0.5701521323408705,0.5701521323408705
C=CC(F)(F)C(F)(F)C(F)(F)C(F)(F)F,-4.197937547331206,-5.25736228564728,-1.059424738316074,1.059424738316074
CCOC(=O)CCCCCCCC(=O)OCC,-2.98999994889744,-3.178233227690389,-0.18823327879294904,0.18823327879294904
CCN(CC)c1nc(NC(C)C)nc(OC)n1,-4.888999926465543,-3.6101420041334054,1.2788579223321372,1.2788579223321372
CCOP(C)(=O)SCCN(C(C)C)C(C)C,-0.949999907429387,-1.1799121636517897,-0.22991225622240274,0.22991225622240274
CCOCCOCCO,0.8723002661090504,0.5331874659975226,-0.3391128001115278,0.3391128001115278
CCCCCCCCCCCCCC(=O)OC,-6.649738302703303,-6.128429702109527,0.5213086005937759,0.5213086005937759
Fc1ccc(Cc2ccc(F)cc2)cc1,-6.912156448914335,-5.639927614119687,1.2722288347946478,1.2722288347946478
O=C(OOC(=O)c1ccccc1)c1ccccc1,-4.425199962888474,-4.434098695960765,-0.008898733072291165,0.008898733072291165
CCC(C)C(=O)OC1CC(C)C=C2C=CC(C)C(CCC3CC(O)CC(=O)O3)C21,-6.010000402800452,-4.614710637622698,1.395289765177754,1.395289765177754
OCc1c(Cl)cccc1Cl,-2.1018999855593385,-1.948520546682588,0.15337943887675065,0.15337943887675065
CCc1ccc(C)cc1,-3.102600052506694,-3.4912202938141803,-0.3886202413074864,0.3886202413074864
CNC(=O)Oc1ccccc1OC(C)C,-2.0511998020528437,-2.1459868165963623,-0.09478701454351857,0.09478701454351857
C=CC(=O)OC1CCC(C(C)(C)C)CC1,-3.5393280558511186,-4.067065259892057,-0.527737204040938,0.527737204040938
OCC[S-],0.9537306233755602,0.7126737981884603,-0.24105682518709992,0.24105682518709992
O=S(=O)([O-])c1ccc2oc3ccccc3c2c1,-0.4654999097659127,-1.2919390846270669,-0.8264391748611541,0.8264391748611541
CCCC1CCC(C2CCC(c3ccc(-c4cc(F)c(F)c(F)c4)c(F)c3)CC2)CC1,-6.636031402135963,-6.7607939282956995,-0.12476252615973671,0.12476252615973671
CC(C)CC(C)C,-4.260499901720202,-4.028558718898303,0.2319411828218989,0.2319411828218989
O=C(O)CO,0.5960167644351899,0.35695829288648007,-0.23905847154870985,0.23905847154870985
COc1cc(S(=O)(=O)[O-])c(C)cc1NC(=O)C(N=Nc1ccc(-c2nc3ccc(C)c(S(=O)(=O)[O-])c3s2)cc1)C(C)=O,-0.7697041854238673,-1.51395951410347,-0.7442553286796028,0.7442553286796028
C[N+](C)(C)c1ccccc1,0.28774773423262,-0.07227200230706954,-0.36001973653968955,0.36001973653968955
CC/C=C(\C)C1(CC)C(=O)NC(=O)NC1=O,-2.3099998488079354,-2.344520483130808,-0.034520634322872557,0.034520634322872557
Cc1cc(=O)n(O)c2ccc3ccccc3c12,-3.9999999845248846,-4.180893294047839,-0.18089330952295413,0.18089330952295413
CN(C)NC(=N)N1Cc2cccc3cccc(c23)C1,-1.0699999530020943,-1.5390122268738529,-0.4690122738717586,0.4690122738717586
CCOC(=O)C1CCC(C(=O)OCC)CC1,-2.2512730552754374,-1.487471321443651,0.7638017338317864,0.7638017338317864
c1ccc(C(c2ccccc2)(c2ccccc2)N2CCOCC2)cc1,-7.216800064234604,-5.0789106031920355,2.137889461042569,2.137889461042569
O=c1[nH]ccc2ccccc12,-2.4841999227858405,-2.169808605361554,0.3143913174242865,0.3143913174242865
CCCCCCCCCc1ccc(OCC(=O)O)cc1,-3.8425967850965153,-4.7892186151355425,-0.9466218300390272,0.9466218300390272
CCCCCCCC/C=C/CCCCCCCC(=O)OCCC(C)C,-8.070165253121855,-7.255875483148003,0.8142897699738523,0.8142897699738523
COc1ccc(/C=C2/N=C(c3ccc(C4=N/C(=C/c5ccc(OC)cc5)C(=O)O4)cc3)OC2=O)cc1,-6.983571297359955,-6.1726595980413,0.8109116993186545,0.8109116993186545
CCCCCCP(=O)(OCC)OCC,-2.568699998585144,-1.6718697553947093,0.8968302431904347,0.8968302431904347
CCCCCCCCBr,-5.0630998964251965,-5.5813680401916175,-0.5182681437664209,0.5182681437664209
C=CC(=O)O,0.005967724851343448,0.313741238438233,0.30777351358688954,0.30777351358688954
O=C(O)c1ccccc1Nc1cccc(Cl)c1,-5.300000179170905,-4.088286897680595,1.2117132814903098,1.2117132814903098
CN(C)P(=O)(OP(=O)(N(C)C)N(C)C)N(C)C,0.5433001457647748,0.6163370864854567,0.0730369407206819,0.0730369407206819
CCCOC(C)=O,-0.7199998660906686,-0.4091741633888657,0.3108257027018029,0.3108257027018029
CCCSP(=O)(OCC)SCCC,-2.5093998067516186,-2.8558621431235105,-0.34646233637189194,0.34646233637189194
CCCCC(CC)C1CCON1CCOC(=O)NCCCCCCNC(=O)OCCN1OCCC1C(CC)CCCC,-5.79056080053296,-4.316029508866262,1.4745312916666977,1.4745312916666977
CSCOC(=O)c1ccccc1OC(C)=O,-2.6403998553515997,-2.9929713405084803,-0.35257148515688064,0.35257148515688064
Cc1c[nH]c(=O)nc1N,-1.439999863473088,-1.4240211779538028,0.015978685519285163,0.015978685519285163
CC(C)OC(=O)c1c(C(=O)[O-])cccc1[N+](=O)[O-],-2.4896999846862515,-2.0918204322510734,0.39787955243517814,0.39787955243517814
CCCCCCCCCl,-5.172243711253307,-4.953880304822154,0.21836340643115282,0.21836340643115282
O=C1CCC(C(=O)Nc2ccccc2)N1,-1.3277998567496039,-2.0689147281037843,-0.7411148713541804,0.7411148713541804
C=C(Cl)CCl,-1.712799841930642,-1.6134160481084856,0.09938379382215645,0.09938379382215645
CC1=NN(c2cccc(S(=O)(=O)[O-])c2)C(=O)C1N=Nc1cc(Cl)c(Cl)cc1S(=O)(=O)[O-],-3.5516740800751996,-1.210934678412365,2.3407394016628347,2.3407394016628347
CC(=O)c1c(O)c(C)c(O)c2c1OC1=CC(=O)C(C(C)=O)C(=O)C12C,-3.5369998869054395,-3.423547113417869,0.11345277348757055,0.11345277348757055
COCCOC(C)=O,0.9276004725266254,0.31033197370082233,-0.617268498825803,0.617268498825803
O=C([O-])CCCCCCCC(=O)[O-],-0.017921697100946155,-1.4297094050426056,-1.4117877079416594,1.4117877079416594
O=C(O)CC1CCCCC1,-1.6934999528440866,-1.7087522027231696,-0.015252249879083024,0.015252249879083024
O=C(COC(=O)c1ccccc1)NC1CCCCC1,-3.9000001075790265,-3.255497898232557,0.6445022093464696,0.6445022093464696
CNC(=O)O/N=C(/C)SC,-1.2099998221343697,-1.0187371718004707,0.191262650333899,0.191262650333899
CCN(CC)C(C)C(C)OC(=O)c1ccc(N)cc1,-3.4200000288083814,-2.2281981991469464,1.191801829661435,1.191801829661435
N#CC(OC1OC(COC2OC(CO)C(O)C(O)C2O)C(O)C(O)C1O)c1ccccc1,-0.769999839070326,-1.5880435269819657,-0.8180436879116397,0.8180436879116397
CCC(=O)N(c1ccccc1)C1CCN(Cc2ccccc2)CC1,-3.415043309848813,-3.3203157503978304,0.09472755945098266,0.09472755945098266
C(=C\c1ccccc1)/CN1CCN(C(c2ccccc2)c2ccccc2)CC1,-4.199999807430057,-4.374216548157641,-0.17421674072758364,0.17421674072758364
O=C(O)C(Cl)=C(Br)Br,-0.6872997722362277,-0.6642150471834967,0.02308472505273107,0.02308472505273107
Cc1cc(Oc2cc(C)cc(S(=O)(=O)[O-])c2)cc(S(=O)(=O)[O-])c1,-0.22079586144434593,-0.2031413911810569,0.017654470263289035,0.017654470263289035
CC(C)(C)CC(C)(C)N(c1ccccc1)c1cccc2ccccc12,-8.290038812002077,-6.768414118078005,1.521624693924072,1.521624693924072
CCC(=O)n1c(=O)[nH]cc(F)c1=O,-0.6999999045041885,-1.3382319307922554,-0.638232026288067,0.638232026288067
CCCCN(C)N=O,-0.6995997644850078,-0.7491125024637317,-0.04951273797872391,0.04951273797872391
O=P(OCc1ccccc1)(OCc1ccccc1)OP(=O)(OCc1ccccc1)OCc1ccccc1,-7.254043037858374,-5.601531287615521,1.6525117502428524,1.6525117502428524
CCCCC(CC)COP(=O)(OCC(CC)CCCC)OCC(CC)CCCC,-8.859981195196122,-6.891631294925999,1.9683499002701232,1.9683499002701232
O=C(O)/C=C/C=C/C(=O)O,-2.849999838218068,-2.12232693339947,0.7276729048185979,0.7276729048185979
Nc1ncc2[nH]cnc2n1,-1.2099998221343697,-2.3164430140943604,-1.1064431919599906,1.1064431919599906
CC(C)(C)c1ccc2oc(-c3ccc(-c4nc5cc(C(C)(C)C)ccc5o4)s3)nc2c1,-5.634047115541847,-7.068648601707107,-1.4346014861652598,1.4346014861652598
CCCCCCOCCOCCO,-1.0489998484080318,-0.7980252374540537,0.2509746109539781,0.2509746109539781
Nc1ccn(C2CCC(CO)O2)c(=O)n1,-0.4299999399925092,-1.1221477627663203,-0.6921478227738111,0.6921478227738111
CC(C)CNCc1ccc(S(=O)(=O)c2csc(S(N)(=O)=O)c2)cc1,-1.1599998491547125,-2.2321760657501777,-1.0721762165954651,1.0721762165954651
Cc1ccccc1OP(=S)(S)Oc1ccccc1C,-1.0605297885122773,-3.59236503498532,-2.531835246473043,2.531835246473043
O=C(O)c1ccccc1C(C(=O)O)c1ccccc1C(=O)O,-2.4997998969641024,-1.9505170369576599,0.5492828600064426,0.5492828600064426
NC(=O)c1ccc(S(N)(=O)=O)cc1,-2.301500013512612,-1.8584194768031472,0.44308053670946457,0.44308053670946457
COc1ccc(NC(=N)Nc2ccc(OC)cc2)cc1,-2.734499858191784,-3.338190304573015,-0.6036904463812309,0.6036904463812309
COc1ccc(N)c([N+](=O)[O-])c1,-1.2257019017211135,-2.8346785921361257,-1.6089766904150122,1.6089766904150122
Cc1ccc(O)c(CO)c1,-0.31429998485013755,-0.5351159914885386,-0.22081600663840106,0.22081600663840106
CCCCCCCCCCCCCC(=O)N[C@@H](CCC(=O)O)C(=O)[O-],-0.8308225022548563,-3.3091671786526726,-2.4783446763978163,2.4783446763978163
COc1cc2cc3c(C)coc3cc2oc1=O,-5.000000065239136,-4.536299343012116,0.46370072222701975,0.46370072222701975
CCOc1ccccc1O,-1.1714512519457763,-1.1996023928467419,-0.0281511409009656,0.0281511409009656
NC(=S)c1c(Cl)cccc1Cl,-2.336299807265906,-2.8366932502035485,-0.5003934429376424,0.5003934429376424
COc1ccc2cc(C(C)C(=O)OCCCO)ccc2c1,-3.4000000672219013,-4.133228046292202,-0.7332279790703007,0.7332279790703007
O=C([O-])c1ccccc1-c1c2ccc(=O)cc-2oc2cc([O-])ccc12,-1.575505300282304,-3.113792637583558,-1.538287337301254,1.538287337301254
O=C(NC1CC1)c1cc(N2CC2)c([N+](=O)[O-])cc1[N+](=O)[O-],-3.3900000519219327,-4.585506351379772,-1.1955062994578394,1.1955062994578394
CCCCCCCCCCCCCCCC(=O)NCC(=O)O,-5.593122688109324,-4.231007967391738,1.362114720717586,1.362114720717586
Oc1cccc2ccnnc12,-2.4088999273154257,-1.972315006119115,0.43658492119631065,0.43658492119631065
O=[N+]([O-])c1ccc(-c2nc3ccc(Cl)cc3[nH]2)o1,-4.8200002729339,-4.799671669268886,0.0203286036650141,0.0203286036650141
CC(C)=CC1C(C(=O)OCN2C(=O)C3=C(CCCC3)C2=O)C1(C)C,-5.2600002559979435,-5.6452444107870985,-0.38524415478915497,0.38524415478915497
CC(C)Nc1nc(N)nc(Cl)n1,-2.7062999420306326,-2.9246892414478913,-0.2183892994172587,0.2183892994172587
CCC(C)CN(C)N=Nc1ccc(C(=O)O)cc1,-1.789999812357601,-2.6105610421387957,-0.8205612297811946,0.8205612297811946
O=S(=O)(F)C(F)(F)C(F)(F)C(F)(F)C(F)(F)F,-6.0423842769984795,-5.309270894772237,0.7331133822262421,0.7331133822262421
CC(C)CNCc1cccc(C(=O)c2csc(S(N)(=O)=O)c2)c1,-2.049999865089496,-2.457445890292651,-0.40744602520315487,0.40744602520315487
CC1=NN(c2cc(Cl)c(S(=O)(=O)[O-])cc2Cl)C(=O)C1N=Nc1cccc(S(=O)(=O)NCCc2ccccc2)c1,-2.429980915680181,-2.5254055110390152,-0.09542459535883419,0.09542459535883419
CCOC(=O)CCCC(=O)OCC,-1.32969979719942,-1.0170307450819036,0.3126690521175164,0.3126690521175164
COC1(C)COC(C)(OC)CO1,-1.2459998634115643,-0.6521589484890078,0.5938409149225565,0.5938409149225565
CN(C)C(=N)N=C(N)N,0.25798775164018606,-0.14612799472620486,-0.4041157463663909,0.4041157463663909
COC(=O)CS(=O)(=O)c1ccc(Br)cc1,-2.479999936373756,-2.8862891062636105,-0.4062891698898543,0.4062891698898543
CC(=O)OC(C(=O)O)c1ccccc1,-1.2299999217477626,-1.5899489885082796,-0.35994906676051697,0.35994906676051697
c1ccc2c(c1)CCC2,-3.035099923351862,-3.3540733029352467,-0.3189733795833849,0.3189733795833849
CCC(CO)(CO)COCC(CC)(CO)CO,-1.076302123797456,-1.9734230171587737,-0.8971208933613177,0.8971208933613177
CCOC(=O)C1=CC2(CC)CCCN3CCc4c(n1c1ccccc41)C32,-4.84000023452038,-4.989148113328824,-0.14914787880844393,0.14914787880844393
O=C(O)CC(C(=O)O)(c1ccccc1)c1ccccc1,-2.4317997998256637,-2.5460194163320544,-0.11421961650639068,0.11421961650639068
O=C(O)/C=C(\CC(=O)O)C(=O)O,0.36120041201358877,-0.26470857153131977,-0.6259089835449085,0.6259089835449085
Nc1ncc2ncn(CCC3COC(=O)OC3)c2n1,-1.4299998136663916,-1.8318755212707,-0.40187570760430846,0.40187570760430846
CCCCCCCCCCCCCCOC(=O)OOC(=O)OCCCCCCCCCCCCCC,-4.3499007610728055,-6.137554385237491,-1.7876536241646859,1.7876536241646859
OCC[C@@H]1CCCC[NH2+]1,0.6427485361819558,0.39952662084623203,-0.2432219153357238,0.2432219153357238
O=C(O)c1cc(Nc2ccccc2)c(C(=O)O)cc1Nc1ccccc1,-4.985723527604132,-4.761991978494138,0.22373154910999382,0.22373154910999382
C=CC1(C)CCCC(C)(C)O1,-2.535987309774942,-2.070270566464739,0.4657167433102032,0.4657167433102032
Clc1cc(Cl)c(Cl)c(-c2cc(Cl)c(Cl)cc2Cl)c1,-8.580100712183924,-8.481569372573032,0.09853133961089178,0.09853133961089178
CC(O)C(C)Cl,-0.2121998213910481,-0.29741073578944777,-0.08521091439839967,0.08521091439839967
COc1ccc(CCC(=O)c2c(O)cc(O[C@@H]3O[C@H](CO)[C@@H](O)[C@H](O)[C@H]3O[C@@H]3O[C@@H](C)[C@H](O)[C@@H](O)[C@H]3O)cc2O)cc1O,-3.185103361977101,-3.4103469096461176,-0.22524354766901666,0.22524354766901666
CO[SiH](CC1CCCCC1)OC,-3.0959724832652413,-3.202192008166183,-0.10621952490094166,0.10621952490094166
C=C1C2CCC3C2C(C)(C)CCCC13C,-4.41276263386181,-5.438902182241586,-1.026139548379776,1.026139548379776
CCOC=O,0.15149446761177288,0.13791952077273084,-0.013574946839042035,0.013574946839042035
O=c1ccc2nc3ccccc3sc-2c1,-3.7200000392199657,-3.3491580265561405,0.3708420126638252,0.3708420126638252
CN(C)C(CSC(N)=O)CSC(N)=O,-0.06999980327438715,-0.9349696048255167,-0.8649698015511296,0.8649698015511296
NC(=O)c1ccc(NC(=O)c2ccc([N+](=O)[O-])cc2)cc1,-4.936725630008831,-4.3498404433120665,0.5868851866967644,0.5868851866967644
O=C(O)c1cc(Br)c(O)cc1O,-2.619999805506031,-1.9074974990211229,0.7125023064849083,0.7125023064849083
CCCCC(CC)COC(=O)C(C#N)=C(c1ccccc1)c1ccccc1,-6.558090365216081,-7.207779177344799,-0.6496888121287174,0.6496888121287174
CC(C)CCCCCOC(=O)CCS,-4.454381474690847,-4.64376902941917,-0.1893875547283228,0.1893875547283228
Brc1ccc(I)cc1,-4.452000096370421,-4.572889587366928,-0.12088949099650748,0.12088949099650748
Nc1c2ccccc2nc2ccc(Cl)cc12,-2.4199999826008587,-2.138035086170361,0.2819648964304977,0.2819648964304977
O=C(O)COc1ccc(Cl)cc1,-2.289999887221455,-2.1470363732386,0.1429635139828549,0.1429635139828549
Cc1cccc(I)c1O,-1.8377999124066977,-2.0329930170994026,-0.1951931046927049,0.1951931046927049
Cc1ccc(S(=O)(=O)O)cc1,0.5564002800250032,-0.4406042716218934,-0.9970045516468966,0.9970045516468966
CCN(CC)c1cc2[o+]c3cc(N(CC)CC)c(C)cc3c(-c3ccc(S(=O)(=O)[O-])cc3S(=O)(=O)[O-])c2cc1C,-0.8053203738575503,-1.0996094862599621,-0.29428911240241185,0.29428911240241185
CC(C)CCCCCCCOP(=O)(Oc1ccccc1)Oc1ccccc1,-5.716499976175755,-6.151942586644664,-0.4354426104689093,0.4354426104689093
CCNc1nc(Cl)nc(NC(C)(C)C#N)n1,-3.1509999657571877,-3.421412458203439,-0.2704124924462512,0.2704124924462512
CCC#N,0.27180038082246005,0.039535317850506235,-0.23226506297195382,0.23226506297195382
CN(C)CCC=C1c2ccccc2COc2ccccc21,-3.4000000672219013,-3.958183006063032,-0.5581829388411306,0.5581829388411306
CC(=O)OCC(=O)[C@H]1CC[C@H]2[C@@H]3CCC4=CC(=O)CC[C@]4(C)[C@H]3CC[C@]12C,-4.630099810198928,-5.096906828090541,-0.46680701789161283,0.46680701789161283
O=c1[nH]c(=O)n(Cc2ccc(Cl)cc2Cl)cc1F,-3.940000030751987,-3.3600389296113375,0.5799611011406496,0.5799611011406496
CCCOC(=O)c1ccccc1C(=O)OCCC,-3.819999916165824,-3.373025398709167,0.4469745174566566,0.4469745174566566
Nc1ccc(O)c2c1C(=O)c1ccccc1C2=O,-3.823999867075046,-5.389424779152448,-1.5654249120774022,1.5654249120774022
Clc1cc(Cl)c(-c2c(Cl)ccc(Cl)c2Cl)cc1Cl,-7.93000002774847,-8.166376636388359,-0.23637660863988863,0.23637660863988863
CCC(C)(C)C1CCC(=NO)C(=NO)C1,-3.965199949224494,-2.971501996172194,0.9936979530522998,0.9936979530522998
CNC(=O)N(C)C(=O)CC#N,0.17090022334017396,-0.15948844774330606,-0.33038867108348,0.33038867108348
COC(=O)CC#N,-0.2636314095065928,0.13797114283798528,0.4016025523445781,0.4016025523445781
CCOC(=O)c1nn(-c2ccc(OC)cc2)c2c1CCN(c1ccc([N+](=O)[O-])cc1)C2=O,-6.6187192386155385,-5.463956827388743,1.1547624112267956,1.1547624112267956
O=c1ccc(I)c[nH]1,-1.7422999198469402,-1.741374035318254,0.0009258845286861384,0.0009258845286861384
Cc1ccccc1Oc1cccnn1,-1.9689998757359926,-2.185873005593468,-0.2168731298574753,0.2168731298574753
C=CC(C)C(=O)OCC,-1.576310687316425,-1.1153411036059693,0.4609695837104557,0.4609695837104557
CC(CN/C=C1/C=CC=CC1=O)N/C=C1/C=CC=CC1=O,-3.172023483166274,-2.3714509140181033,0.8005725691481707,0.8005725691481707
C1=COCCC1,-1.0383981392899844,-1.5103432089973907,-0.47194506970740635,0.47194506970740635
CCc1nc2c(c(=O)n(C)c(=O)n2C)n1C,-1.568699883364165,-1.2353347999407043,0.3333650834234607,0.3333650834234607
CCN1C(=O)C(C(N)=O)=C(C)/C(=N/Nc2cc(Nc3nc(F)nc(Nc4cc(S(=O)(=O)[O-])ccc4Cl)n3)ccc2S(=O)(=O)[O-])C1=O,-0.9210341316911663,-1.3927097728654787,-0.4716756411743124,0.4716756411743124
O=C(O)[C@@H](O)[C@@H](O)[C@@H](O)[C@@H](O)C(=O)O,-0.32249988766471605,0.04927698127710434,0.3717768689418204,0.3717768689418204
CCCCOP(=O)(S)OCCCC,-1.8796972225315944,-1.3073039644667057,0.5723932580648887,0.5723932580648887
CC1(C2CCC3C4=CC=C5CC6(CCC5(C)C4CCC32C)OCCO6)OCCO1,-6.700119506015135,-6.079574248287869,0.6205452577272652,0.6205452577272652
CCN(CC)CCSc1nnc2[nH]c3ccccc3c2n1,-3.089999851723344,-3.5385272927185643,-0.44852744099522024,0.44852744099522024
CC/C=C/CCCCCCC,-5.188357387092964,-6.0275905525225415,-0.8392331654295777,0.8392331654295777
CC(C)c1ccc2ccccc2c1,-5.29799989315574,-5.777773159202509,-0.4797732660467684,0.4797732660467684
Cc1ccc(C(=O)c2ccc(CC(=O)O)n2C)cc1,-4.090000087717872,-2.8030183412799587,1.2869817464379132,1.2869817464379132
CCOC(=O)C(C)c1ccc2cc(OC)ccc2c1,-5.239999880330726,-5.003409882084196,0.23658999824652938,0.23658999824652938
NCC(=O)NC(Cc1ccc(O)cc1)C(=O)O,-0.7299997778704528,-1.4663799810604619,-0.7363802031900091,0.7363802031900091
Clc1ccc(Oc2cc(Cl)c(Cl)c(Cl)c2Cl)c(Cl)c1,-8.440000083405565,-8.858658345267242,-0.41865826186167787,0.41865826186167787
CCC(=O)N(C)c1ccc(S(=O)(=O)N(C)C)cc1,-2.479999936373756,-2.5325265955059173,-0.052526659132161146,0.052526659132161146
Cc1ccccc1OP(Oc1ccccc1C)Oc1ccccc1C,-7.779842758129311,-7.018459255803574,0.7613835023257369,0.7613835023257369
CCSC(=O)N(CC(C)C)CC(C)C,-3.683999997942771,-3.1526741976984267,0.5313258002443444,0.5313258002443444
CC1CC2C3CC(F)C4=CC(=O)C=CC4(C)C3(F)C(O)CC2(C)C1(O)C(=O)CO,-5.612999943770641,-4.269695530681165,1.3433044130894753,1.3433044130894753
Cc1cccc(C)n1,0.4470001492204818,0.10197234380300291,-0.3450278054174789,0.3450278054174789
O=P(O)(O)OC1OC(CO)C(O)C(O)C1O,0.5848001454221965,0.5142987590831432,-0.07050138633905334,0.07050138633905334
CC(C)(C)OOC(=O)C(C)(C)C,-2.06796158325989,-2.175729407797828,-0.10776782453793787,0.10776782453793787
CC(=O)OCC(=O)C1(O)CCC2C3CCC4=CC(=O)C=CC4(C)C3C(O)CC21C,-4.3800001518429434,-4.665574521047354,-0.2855743692044106,0.2855743692044106
NCC(O)C(=O)O,-0.8228998955073816,-0.04494046521220696,0.7779594302951747,0.7779594302951747
O=C([O-])CCCCC(=O)[O-],0.08462236090856878,-0.0770830683672794,-0.1617054292758482,0.1617054292758482
CCN(CC)c1ccc([C+](c2ccc(N(CC)CC)cc2)c2ccc(N(CC)CC)cc2)cc1,-0.139560674232035,-1.478701229453759,-1.339140555221724,1.339140555221724
NS(=O)(=O)c1cc2c(s1)SCCC2=O,-3.5499999516541445,-2.6353248990881575,0.914675052565987,0.914675052565987
COC(=O)c1ccc(O)cc1,-1.8269999276289217,-2.0600930140486375,-0.23309308641971582,0.23309308641971582
CC(C)(OOC(C)(C)c1ccccc1)c1ccccc1,-5.769200031616677,-6.271478861791554,-0.5022788301748768,0.5022788301748768
CCCCOC(=O)CCOC,-1.2134999085801697,-1.12296998908376,0.09052991949640976,0.09052991949640976
CCCCN(CCCC)C(=S)[S-],-5.675922824454946,-4.731142411454858,0.9447804130000881,0.9447804130000881
CC[C@@H](C)[NH2+][C@@H](C)CC,-1.7689999148039073,-0.8049715798497998,0.9640283349541074,0.9640283349541074
CC(O)C(=O)N(C)C,1.6302353040542417,0.9334539178296257,-0.6967813862246159,0.6967813862246159
CC(C)(C)c1ccc(OC(=O)c2cc(C(C)(C)C)c(O)c(C(C)(C)C)c2)c(C(C)(C)C)c1,-7.341090538353777,-7.735714450005096,-0.39462391165131905,0.39462391165131905
CCC(C)C=O,-0.8212310121089996,-0.8130017095620699,0.008229302546929773,0.008229302546929773
O=C(O)C1CC1C(=O)Nc1ccc(Cl)cc1Cl,-3.8696999566647365,-3.3831013633177087,0.4865985933470278,0.4865985933470278
C1=CCC(C2OCC3(CO2)COC(C2CC=CCC2)OC3)CC1,-5.239735696820304,-4.437446262668313,0.8022894341519908,0.8022894341519908
O=C1c2ccccc2/C(=N/O)C1[N+](=O)[O-],-2.6799999835726616,-3.225924251971925,-0.5459242683992636,0.5459242683992636
Cl/C=C/CCl,-1.5979999602843293,-1.8435750274368852,-0.24557506715255584,0.24557506715255584
FC(F)(F)C(F)(F)C(F)(F)N(C(F)(F)C(F)(F)C(F)(F)F)C(F)(F)C(F)(F)C(F)(F)F,-9.1359665587391,-7.795222820929318,1.340743737809781,1.340743737809781
O=C(O)CCI,-0.4299999399925092,-0.6494900601099562,-0.21949012011744706,0.21949012011744706
Nc1c(OCCOC(=O)Oc2ccccc2)cc(O)c2c1C(=O)c1ccccc1C2=O,-8.054416382411793,-6.390780215133461,1.663636167278332,1.663636167278332
O=C(O)C(=O)Nc1ccccc1,-1.3018999347906288,-1.65266220631258,-0.35076227152195116,0.35076227152195116
S=c1[nH]sc(=S)[nH]1,-1.761799947956542,-1.324431447978277,0.437368499978265,0.437368499978265
COC(=O)c1ccc(OC(C)=O)cc1,-2.4999999324669644,-2.498508344637619,0.001491587829345331,0.001491587829345331
CC(C)SC(C)C,-2.2399999142417975,-2.5258312550504542,-0.2858313408086568,0.2858313408086568
CC/C(N=O)=C(/CC)NO,-2.552499917898296,-1.509291167870729,1.043208750027567,1.043208750027567
CC(=O)OC(C)=O,0.0702002048809347,0.12754514197948152,0.05734493709854682,0.05734493709854682
O=[N+]([O-])c1ccc(O)cc1-c1ccccc1,-3.6300000740538914,-3.16715922498468,0.4628408490692113,0.4628408490692113
CCN(C(=O)CNC)C1CC(C)S(=O)(=O)c2sc(S(N)(=O)=O)cc21,-1.2099998221343697,-2.0817468141000433,-0.8717469919656735,0.8717469919656735
CC(=O)OCCC(C)CC(C)(C)C,-3.989167908489965,-4.5528661612053325,-0.5636982527153673,0.5636982527153673
OCc1ccc(Cl)cc1,-1.756099919566725,-1.6366317607011276,0.11946815886559747,0.11946815886559747
COc1ccc(C(=O)c2csc(S(N)(=O)=O)c2)cc1,-4.473299995418316,-2.7461718970023923,1.7271280984159234,1.7271280984159234
O=C(O)c1cc(=O)c2cc3c(cc2o1)CCCC3,-1.0499998533887016,-3.7550827536370455,-2.705082900248344,2.705082900248344
Cn1c2ccccc2c(=O)c2ccccc21,-4.459999998188865,-4.014502955309756,0.44549704287910874,0.44549704287910874
CC1CCC(C)(C)C1,-4.478400227860099,-4.600908222431946,-0.1225079945718468,0.1225079945718468
CC(C)S[S+]([O-])C(C)C,-0.822999826991992,-0.7948811224154513,0.028118704576540754,0.028118704576540754
COc1cc(OC)c2c(c1Cl)OC1(C2=O)C(C)CC(O)CC1O,-2.3399998256943837,-3.868982975868037,-1.5289831501736533,1.5289831501736533
Cc1c(Cl)ccc(Cc2ccc(Cl)cc2Cl)c1Cl,-7.400000148531808,-7.961034550850428,-0.5610344023186205,0.5610344023186205
C[C@H](NC(N)=O)C(=O)O,-0.7844997042496673,-1.080100348374139,-0.2956006441244716,0.2956006441244716
CCOCCOC(C)=O,0.27160024179941367,-0.05900982445162972,-0.3306100662510434,0.3306100662510434
Cn1nc(S(N)(=O)=O)sc1=NS(=O)(=O)c1ccc(Cl)c([N+](=O)[O-])c1,-2.4699999555805157,-2.7784819181755793,-0.30848196259506366,0.30848196259506366
NCCCCC(N)C(=O)O,0.8351000808281395,-0.08921535791743818,-0.9243154387455776,0.9243154387455776
COc1ccc(NC(N)=O)cc1,-1.5916998598926544,-1.6587342862448946,-0.06703442635224022,0.06703442635224022
N[C@@H](CS)C(=O)O,0.6219271764395109,-0.20181881730600137,-0.8237459937455123,0.8237459937455123
C[C@]12CC[C@H]3[C@@H](CCC4=CC(=O)C=C[C@@]43C)[C@@H]1CC[C@@H]2O,-3.70035956872695,-4.522567735627447,-0.8222081669004973,0.8222081669004973
CC(C)(C)NC[C@@H](O)COc1ccccc1C1CCCC1,-1.619499860328358,-2.672207277403162,-1.052707417074804,1.052707417074804
CCCCC(CC)C(=O)OCC(COCC(COC(=O)CCCCCC(C)C)(COC(=O)C(CC)CCCC)COC(=O)C(CC)CCCC)(COC(=O)CCCCCC(C)C)COC(=O)CCCCCC(C)C,-7.323687001017314,-7.691634727354064,-0.3679477263367499,0.3679477263367499
O=C(O)CCCCCn1ccccc1=O,-0.6399998817178347,-1.411213246667222,-0.7712133649493873,0.7712133649493873
Cc1ncc([N+](=O)[O-])n1CCOC(=O)c1ccc(CN2CCOCC2)cc1,-2.890000040679859,-3.0303317405280126,-0.1403316998481534,0.1403316998481534
COC(CN(C)C(=O)Nc1nnc(C(C)(C)C)s1)OC,-1.8677998547864183,-2.0901735641452266,-0.2223737093588083,0.2223737093588083
Cc1c(N)c(=O)n(-c2ccccc2)n1C,0.31000015700330286,-0.628635849962349,-0.9386360069656519,0.9386360069656519
CCC(C)C1NC(=O)C(Cc2c[nH]c3ccccc23)NC(=O)C2CCCN2C(=O)C(Cc2c[nH]cn2)NC(=O)C2CCCCN2C(=O)C2CCCCN2C1=O,-2.5799998478263424,-2.637531845897981,-0.05753199807163867,0.05753199807163867
O=C(O)C(Cl)Cl,0.8896002832611791,0.0023641182212092993,-0.8872361650399698,0.8872361650399698
C=C(C)C(=O)OCC1CCCO1,-0.9524548540941475,-0.7161066789982233,0.2363481750959242,0.2363481750959242
Nc1ccc(S(=O)(=O)Nc2ccccc2[N+](=O)[O-])cc1,-4.489999733528217,-3.957590870608639,0.5324088629195778,0.5324088629195778
CCCCCCCCNC(=O)C(C)O,-2.282699988889479,-1.961290175500965,0.3214098133885137,0.3214098133885137
CSCC[C@@H](NC(C)=O)C(=O)[O-],-0.3215996761417448,-0.8468852461638212,-0.5252855700220764,0.5252855700220764
CCNC1CN(CCCOC)S(=O)(=O)c2sc(S(N)(=O)=O)cc21,-2.94999998690441,-2.111770359081792,0.838229627822618,0.838229627822618
O=C(NC(=O)c1ccccc1Cl)Nc1ccc(OC(F)(F)F)cc1,-7.156799765394426,-6.269902318397598,0.8868974469968283,0.8868974469968283
Cc1ccccc1COC1CC2(C(C)C)CCC1(C)O2,-3.6391000503645285,-4.6726896703570215,-1.033589619992493,1.033589619992493
CC=CC=O,0.3200002068099992,0.2342708633284536,-0.0857293434815456,0.0857293434815456
Cc1nn(C)c(Oc2ccccc2)c1/C=N/OCc1ccc(C(=O)OC(C)(C)C)cc1,-7.460399897256606,-5.76757545485719,1.6928244423994157,1.6928244423994157
Cc1cc(O)c(C(=O)O)c(O)c1,-2.0495997940837722,-1.8034521912983914,0.24614760278538084,0.24614760278538084
CCCC1CO1,-0.5734466171823804,-0.649608487200835,-0.07616187001845454,0.07616187001845454
CN=C(SC)N(C)C,-0.4400996452299917,-0.2633277502992124,0.17677189493077927,0.17677189493077927
CCCCSP(=O)(SCCCC)SCCCC,-5.139999934371412,-4.957667211192017,0.1823327231793952,0.1823327231793952
C=C(C)CS(=O)(=O)[O-],0.5194217659654807,0.7999258545681078,0.2805040886026271,0.2805040886026271
COc1cccc(C(=O)O)c1OC,-2.139999968282483,-2.040769246306229,0.09923072197625427,0.09923072197625427
CCN(C(=O)N(CC)c1ccccc1)c1ccccc1,-3.525627849589032,-3.686752461617308,-0.1611246120282761,0.1611246120282761
O=c1c(CO)c/c(=N\Nc2ccc(S(=O)(=O)[O-])c3ccccc23)c(=O)/c1=N/Nc1ccc(S(=O)(=O)[O-])c2ccccc12,-0.8171644632145223,-1.7171082139757246,-0.8999437507612023,0.8999437507612023
CCCCCCCCCCCCO,-4.899778448058433,-4.685363853565442,0.21441459449299138,0.21441459449299138
CCc1nc2cncnc2nc1CC,-0.17999979904039787,-1.756308547244887,-1.576308748204489,1.576308748204489
O=C(O)CSC1CCCCC1,-1.3380998390370449,-2.011633076344594,-0.6735332373075491,0.6735332373075491
CCOCCOCC,-0.769999839070326,-0.044392774423621884,0.7256070646467041,0.7256070646467041
CC(C)CCOCC(O)COCCC(C)C,-1.3661997719534933,-1.731275020215334,-0.3650752482618407,0.3650752482618407
NC(Cc1ccc(O)cc1)C(=O)NCC(=O)NCC(=O)O,-1.4699998748662648,-1.0181058367029436,0.4518940381633212,0.4518940381633212
NC(=O)C(Br)Br,-1.057399890245657,-1.0086969561622525,0.048702934083404426,0.048702934083404426
C=CC(=O)OCC(C)C,-1.8067597302013294,-1.5796575638894101,0.22710216631191926,0.22710216631191926
CC1(C)SC2C(NC(=O)COc3ccccc3)C(=O)N2C1C(=O)O,-2.8099998719116965,-2.3902881368941404,0.4197117350175561,0.4197117350175561
CCc1ccccc1CC,-3.275899828694808,-3.5961432456596985,-0.32024341696489067,0.32024341696489067
O=C(O)COc1c(Cl)cc(Cl)c(Cl)c1Cl,-3.4100000480151413,-3.4578155380649753,-0.047815490049833986,0.047815490049833986
CC1(C)CC(O)CC(C)(CN)C1,0.48899953024713216,-0.1865000384551192,-0.6754995687022514,0.6754995687022514
CC(CO)C1CCCCCCCCCCC1,-5.451794171917847,-4.186341354308986,1.2654528176088604,1.2654528176088604
CC(=O)NC(CSc1ccc(Cl)c(Cl)c1)C(=O)O,-2.890000040679859,-2.6787796013729084,0.21122043930695078,0.21122043930695078
Nc1ccc(S(=O)(=O)O)cc1S(=O)(=O)O,-1.770092811896653,-0.60773526277216,1.162357549124493,1.162357549124493
Cc1c(OCc2ccccn2)ccc2c(=O)cc(N3CCOCC3)oc12,-4.449999810355257,-3.912559935490486,0.5374398748647709,0.5374398748647709
C[C@]12CC[C@@H]3C4=C(CC[C@H]3[C@@H]1CC[C@@H]2O)CC(=O)CC4,-4.947028648888346,-4.448950943847581,0.49807770504076476,0.49807770504076476
C=C(C)C1CC=C(C)CC1,-3.8464965974807583,-4.307321390960058,-0.4608247934792997,0.4608247934792997
CCC(C(=O)O)C(=O)O,0.7315001169384145,0.31939978974086003,-0.4121003271975545,0.4121003271975545
COc1ccc(N(C)C(N)=O)cc1,-1.1599998491547125,-1.4212170232005543,-0.26121717404584177,0.26121717404584177
FC(F)CCl,-0.9229629197656837,-1.2103577259183416,-0.2873948061526579,0.2873948061526579
COc1ccccc1NC(=O)C1=Cc2ccccc2/C(=N\Nc2cc(Cl)ccc2Cl)C1=O,-8.464568321713262,-8.097794928347602,0.3667733933656603,0.3667733933656603
CC1COC(=O)O1,0.37123248406397247,0.19625052213379002,-0.17498196193018245,0.17498196193018245
c1ccnnc1,1.0964002090483613,1.0178990589177763,-0.078501150130585,0.078501150130585
Cc1cccc(C(C)C)c1,-3.499399837659173,-3.975749139102356,-0.47634930144318277,0.47634930144318277
C=CCCCCCCCCC(=O)OC,-5.39751536465237,-4.458208270838407,0.9393070938139632,0.9393070938139632
O=C(OC(=O)c1ccccc1)c1ccccc1,-4.3546000253339345,-4.387912268545072,-0.033312243211137904,0.033312243211137904
COc1ccccc1NC(=O)CC(C)=O,-1.8059054816402025,-1.8310972565248747,-0.02519177488467217,0.02519177488467217
c1ccc2c(c1)ccc1c3ccc4ccccc4c3[nH]c21,-7.410000198338505,-7.379300252472316,0.030699945866189182,0.030699945866189182
CC(C)OC(=O)[C@@H](C)N(C(=O)c1ccccc1)c1ccc(F)c(Cl)c1,-4.481699899229028,-4.429679764358815,0.0520201348702134,0.0520201348702134
Clc1ccc(-c2cccc(Cl)c2Cl)c(Cl)c1,-6.681300364664628,-6.950359537741077,-0.26905917307644955,0.26905917307644955
CC(C)(S)C(N)C(=O)O,-0.12999955000691577,-0.32694435424546997,-0.1969448042385542,0.1969448042385542
CCCCCCCCCCCCCCC1CO1,-6.682020865147596,-6.7427794838447515,-0.0607586186971556,0.0607586186971556
O=C([O-])C(O)C(O)C1OB(O)OC1CO,0.31697300056623856,0.0577744701149161,-0.25919853045132246,0.25919853045132246
O=P(O)(O)CN(CCCCCCN(CP(=O)(O)O)CP(=O)(O)O)CCCCCCN(CP(=O)(O)O)CP(=O)(O)O,-0.087765247175283,-0.7767845519515979,-0.6890193047763149,0.6890193047763149
CC(=O)C1CC(CC(=O)O)C1(C)C,-0.5751998350242666,-1.80899231551014,-1.2337924804858733,1.2337924804858733
N=C(N)c1cccc(NC(=O)Nc2cccc(C(=N)N)c2)c1,-1.7699998507711208,-1.5918095912880488,0.178190259483072,0.178190259483072
Cl/C=C\CCl,-1.7067528828963927,-1.8435750274368852,-0.13682214454049246,0.13682214454049246
CCCCOC(=O)c1ccccc1C(=O)OCC(CC)CCCC,-7.219999804118922,-5.959637142987237,1.2603626611316852,1.2603626611316852
CCCCOC(=O)CCC,-2.361047653093425,-2.106690830676875,0.25435682241655,0.25435682241655
Cc1cc2cc3c(C)cc(=O)oc3cc2o1,-5.2300001065778545,-4.766116498691844,0.4638836078860109,0.4638836078860109
O=C(c1ccccc1)n1c(=O)[nH]cc(F)c1=O,-2.259999875828278,-2.2080002379545625,0.05199963787371553,0.05199963787371553
CC(C)COC(=O)n1cc(F)c(=O)[nH]c1=O,-1.889999896343828,-2.0384772404116105,-0.14847734406778246,0.14847734406778246
COP(=O)(CCC(=O)NCO)OC,1.5784906709012696,0.5192412267640014,-1.0592494441372682,1.0592494441372682
O=C1C(Cl)C(CCl)CN1c1cccc(C(F)(F)F)c1,-4.050000164544911,-4.289927653534379,-0.23992748898946825,0.23992748898946825
CC(C)(NC(N)=O)C(=O)O,-1.1647998730619267,-0.49451289070819016,0.6702869823537365,0.6702869823537365
O=C(O)CCCCCCCCCCC(=O)O,-1.741718688518631,-2.690755264884169,-0.949036576365538,0.949036576365538
COc1nsc(N)n1,-1.2426997779618982,-1.1746596875255781,0.06804009043632009,0.06804009043632009
CCC(C)(CCC(C)C)C(=O)OCC1CO1,-3.5134687138044023,-4.361601164413922,-0.8481324506095196,0.8481324506095196
Nc1cnn(-c2ccccc2)c(=O)c1Br,-3.124000021066112,-3.0720939481856706,0.05190607288044147,0.05190607288044147
C=CC(C)(CCC=C(C)C)OC(=O)C(C)C,-4.8105850431552355,-4.3429453089008385,0.467639734254397,0.467639734254397
C=CCCCO,-0.17930000259429812,0.11576758159430822,0.29506758418860635,0.29506758418860635
OCC1CCC(CO)O1,0.8789004370083826,1.0198126640319245,0.1409122270235419,0.1409122270235419
CCCCN(CCCC)C(=O)COC(=O)c1ccccc1,-3.5613999394203226,-3.956944076496918,-0.3955441370765955,0.3955441370765955
CCCCC(=O)n1cnc2c1c(=O)n(C)c(=O)n2C,-2.119999799655634,-2.1797428163310135,-0.0597430166753794,0.0597430166753794
NC(=O)C=Cc1ccccc1[N+](=O)[O-],-1.2836998441424412,-2.443523357181342,-1.159823513038901,1.159823513038901
CC(C)c1ccc(C=O)cc1,-2.785256555092243,-2.85351295095373,-0.06825639586148702,0.06825639586148702
C=CCCCOC(=O)C(CC)N(Cc1ccco1)C(=O)n1ccnc1,-2.8918999983830393,-2.9593855107035103,-0.06748551232047095,0.06748551232047095
CCN(CC)C(=O)n1cnc(S(=O)(=O)c2c(C)cc(C)cc2C)n1,-5.146699898728441,-4.189948273585019,0.956751625143422,0.956751625143422
CCC(O)CO,1.0451693120635128,0.841302734219628,-0.20386657784388484,0.20386657784388484
Cc1cc(N/N=C2/C(=O)C(C(=O)[O-])=Cc3ccccc32)c(S(=O)(=O)[O-])cc1Cl,-3.944100396240014,-2.962727487321104,0.9813729089189098,0.9813729089189098
CCOP(=O)(O/C=C/Cl)OCC,-1.3315998756761485,-0.5805285020061484,0.7510713736700001,0.7510713736700001
Cc1c2c(cc3c1ccc1ccccc13)CCCC2,-6.75000022374244,-6.8277275950018534,-0.07772737125941376,0.07772737125941376
CC(=NNC(=O)c1ccncc1)C(=O)O,-3.309999895015458,-1.4884793319852425,1.8215205630302156,1.8215205630302156
CC1N(c2cc3c(cc2F)c(=O)c(C(=O)O)cn3C2CC2)CC1(C)N,-5.420000224743612,-4.74594082884582,0.6740593958977925,0.6740593958977925
CCOC(=O)C(CC)(CC)C(=O)NC(N)=O,-2.0799998074692168,-2.05063948180177,0.02936032566744684,0.02936032566744684
NS(=O)(=O)c1ccc(SCCCCCO)cc1,-2.661799823911018,-2.182078921824158,0.4797209020868598,0.4797209020868598
CCc1ccc2cc3ccccc3cc2c1,-6.886300143459692,-6.615436682583753,0.2708634608759395,0.2708634608759395
CC(c1ccccc1)c1ccc(Nc2ccc(C(C)c3ccccc3)cc2)cc1,-5.964168566522832,-6.98092587355602,-1.0167573070331875,1.0167573070331875
Clc1ccccc1-c1c(Cl)c(Cl)c(Cl)c(Cl)c1Cl,-8.013300373624794,-8.607029210694446,-0.5937288370696514,0.5937288370696514
COC(=O)c1ccc([N+](=O)[O-])cc1C(=O)[O-],-2.055799824963924,-2.1559258585077576,-0.10012603354383343,0.10012603354383343
CCS(=O)(=O)Oc1ccc2c(c1)C(C)(C)CO2,-2.992099942103482,-4.081526477535913,-1.0894265354324313,1.0894265354324313
C=C1CCOC1=O,0.18440035959267043,0.15944454171482425,-0.024955817877846176,0.024955817877846176
CC(=O)Nc1ccc(N/N=C2\C=C(C)C=CC2=O)cc1,-5.357999915942093,-4.811745297381255,0.5462546185608383,0.5462546185608383
Nc1cc([N+](=O)[O-])cc(C(=O)O)c1O,-2.490778837540656,-2.259125820405215,0.23165301713544117,0.23165301713544117
CCCCCCCC(=O)N(C)C,-1.600248142634246,-1.9241180786967371,-0.32386993606249104,0.32386993606249104
COc1ncc2[nH]cnc2n1,-1.4799999246729612,-1.4429917348272625,0.03700818984569865,0.03700818984569865
COC(=O)c1cc(Cl)cc(N)c1Cl,-3.263400042490262,-3.7224357311304397,-0.45903568864017785,0.45903568864017785
CC(C)N(C(=O)SC/C(Cl)=C/Cl)C(C)C,-4.285600233775379,-3.98223854340445,0.3033616903709291,0.3033616903709291
O=[N+]([O-])c1ccc(-c2nc3ccc(F)cc3[nH]2)o1,-3.9999999845248846,-4.605563594134917,-0.6055636096100327,0.6055636096100327
O=C([O-])C(Cl)=C(Cl)Cl,-0.46589963570435566,-0.9567026323246663,-0.4908029966203107,0.4908029966203107
OC[C@H]1O[C@H](OC[C@H]2O[C@H](O[C@]3(CO)O[C@H](CO)[C@@H](O)[C@@H]3O)[C@H](O)[C@@H](O)[C@@H]2O)[C@H](O)[C@@H](O)[C@H]1O,-0.3961996336189628,0.20011306725167266,0.5963127008706355,0.5963127008706355
C=C(C)c1cccc(C(=C)C)c1,-4.451139498571321,-4.382580564971118,0.06855893360020282,0.06855893360020282
O=S1(=O)OC2(c3cc(O)ccc3Oc3ccc(O)cc32)c2ccccc21,-3.4999999786744875,-3.997485203193579,-0.4974852245190915,0.4974852245190915
CC(=O)N1C[C@@H](O)C[C@H]1C(=O)[O-],0.344992739846556,-0.18303694322185482,-0.5280296830684108,0.5280296830684108
CC(=O)Nc1ccc(Cl)cc1,-2.8399998487981453,-2.5652743431518807,0.2747255056462645,0.2747255056462645
CCC1OC(=O)C(C)C(OC2CC(C)(OC)C(O)C(C)O2)C(C)C(OC2OC(C)CC(N(C)C)C2O)C(C)(OC)CC(C)C(=O)C(C)C(O)C1(C)O,-2.1999999220553805,-1.7415046087774277,0.4584953132779528,0.4584953132779528
CCCCCOC(=O)c1ccc(O)c(Br)c1,-4.099999861470743,-3.9871739717127737,0.11282588975796948,0.11282588975796948
CC1=NN(c2ccc(S(=O)(=O)CCOS(=O)(=O)[O-])cc2)C(O)C1N=Nc1ccc2c(S(=O)(=O)[O-])cccc2c1S(=O)(=O)O,-0.39283978251620777,-0.36246061119454254,0.030379171321665233,0.030379171321665233
COc1ccc(Cl)c(Cl)c1Cl,-4.291799988601706,-4.7484235189199815,-0.4566235303182751,0.4566235303182751
CCCC(O)(CCC)C(O)c1ccccc1,-2.6479999277114175,-2.5959763249150285,0.05202360279638896,0.05202360279638896
CCOP(=S)(OCC)Oc1cnccn1,-2.337999953759957,-2.3365330727479394,0.0014668810120177511,0.0014668810120177511
CN1C2CCC1CC(OC(=O)C(CO)c1ccccc1)C2,-1.9099998579303086,-2.0954989184812094,-0.18549906055090082,0.18549906055090082
O=C(Nc1ccccc1)C(Cl)Cl,-3.355499949102286,-3.3042875477237055,0.05121240137858063,0.05121240137858063
O=Cc1ccc(Cl)cc1,-2.1770779307324233,-2.272715812177714,-0.0956378814452905,0.0956378814452905
CNC(=O)O/N=C/C(C)(C)SC,-1.4990998127633828,-1.6114687644277006,-0.11236895166431782,0.11236895166431782
Nc1ncnc2c1ncn2[C@]1(CO)O[C@H](CO)[C@@H](O)[C@H]1O,-1.57009975231019,-1.2927937472689313,0.2773060050412588,0.2773060050412588
C=C(C)C(=O)OCCCCCCCC(C)C,-6.055946801415402,-5.822538323500748,0.23340847791465436,0.23340847791465436
CC=O,1.356100053245687,0.6503540951115432,-0.7057459581341439,0.7057459581341439
O=S(=O)(O)C(Cl)(S(=O)(=O)O)S(=O)(=O)O,0.5366000433808318,1.2609285647375503,0.7243285213567185,0.7243285213567185
C=CC(=O)OCC(CC)(COCC(CC)(COC(=O)C=C)COC(=O)C=C)COC(=O)C=C,-4.49278553070211,-4.377167839599556,0.11561769110255415,0.11561769110255415
COc1ccc(CN(CCN(C)C)c2ncccn2)cc1,-2.98999994889744,-2.490829631444436,0.4991703174530038,0.4991703174530038
CC(C)C(NC(=O)CN)C(=O)O,0.4579004105501494,-0.4524839719222764,-0.9103843824724258,0.9103843824724258
CC12CCC(=O)C=C1C=CC1C2CCC2(C)C1CCC21CCC(=O)O1,-4.100706145181729,-4.9373293597238685,-0.83662321454214,0.83662321454214
CCNC(=S)OC(C)C,-1.7447886140917939,-1.553563438064624,0.19122517602716993,0.19122517602716993
C=C[C@]1(C)CC[C@@H](C(C)(C)O)C[C@H]1C(=C)C,-3.0592784254189054,-3.1293540332397916,-0.07007560782088618,0.07007560782088618
C#CC,-1.0416998810625997,-1.0352650664043777,0.006434814658222043,0.006434814658222043
CC(C)CN(CC(C)C)C(=O)COC(=O)c1ccccc1,-3.559999932447385,-3.2763191199480897,0.28368081249929533,0.28368081249929533
CC(CN(C)C)CN1c2ccccc2CCc2ccccc21,-4.789999985486898,-3.4444627110347867,1.3455372744521115,1.3455372744521115
CCCCC(CC)COCC(O)CO,-2.0550171433569,-1.757231947289149,0.2977851960677509,0.2977851960677509
CC12C=CC(=O)C=C1CCC1C2C(O)CC2(C)C1CC(O)C2(O)C(=O)CO,-2.6645485608589192,-3.3359654832780294,-0.6714169224191102,0.6714169224191102
CC1(O)CC(C)(O)OO1,0.5714410726742196,0.3429723019021744,-0.2284687707720452,0.2284687707720452
CC12CCC3C(CC=C4CC(OC=O)CCC43C)C1CCC2=O,-4.409999887182296,-4.36484603909861,0.045153848083685943,0.045153848083685943
CCC(O)COC1CCCCC1C(C)(C)C,-3.698734232819445,-3.364236776606279,0.3344974562131662,0.3344974562131662
Cc1cc(C2CCCCC2)n(O)c(=O)c1,-0.9331684916450118,-2.402139817731297,-1.4689713260862851,1.4689713260862851
Oc1cccc(O)c1,1.0034884971507876,-0.011877498604945913,-1.0153659957557335,1.0153659957557335
Ic1ccccc1I,-4.217000030128354,-4.197318082548149,0.019681947580204806,0.019681947580204806
CC1=C(C(=O)O)CCC1(C)C,-2.887099916245721,-2.1546449687602607,0.7324549474854605,0.7324549474854605
Nc1ccc2cc(S(=O)(=O)O)ccc2c1,-3.2696160844922573,-2.189095588931796,1.0805204955604615,1.0805204955604615
Cc1nc(NS(=O)(=O)c2ccc(N)cc2)oc1C,-2.219999952655317,-3.04620272192218,-0.826202769266863,0.826202769266863
CCc1ccc(C(=O)NN(C(=O)c2cc(C)cc(C)c2)C(C)(C)C)cc1,-5.628100087992209,-5.704107643922549,-0.0760075559303397,0.0760075559303397
CNC(N)=O,1.1302813991926013,0.4566175884258783,-0.673663810766723,0.673663810766723
CC(C)c1nc([N+](=O)[O-])c[nH]1,-1.149999799348016,-2.4375131823192597,-1.2875133829712437,1.2875133829712437
Clc1ccc(-c2cc(Cl)ccc2Cl)c(Cl)c1,-7.260000555453358,-6.9331216326995495,0.32687892275380825,0.32687892275380825
CC(C)CCCCCCCCCCCCCCCO,-6.256077818900854,-6.1020367480192945,0.1540410708815596,0.1540410708815596
O=C(O)c1ccc([N+](=O)[O-])c(C(=O)O)c1,-1.3390998440177146,-2.008261492954281,-0.6691616489365664,0.6691616489365664
CCN(CC)S(=O)(=O)c1ccc(N)cc1,-2.6300000450997323,-2.385817790267303,0.24418225483242928,0.24418225483242928
O=C(N=NNc1cc(Cl)c(-c2ccc(-c3cc(Cl)c(NN=NC(=O)c4cc5ccccc5cc4O)cc3Cl)cc2)cc1Cl)c1cc2ccccc2cc1O,-8.087171272950474,-7.695902519486886,0.3912687534635886,0.3912687534635886
CN1C2CCC1CC(OC(=O)C(O)c1ccccc1)C2,-1.439999863473088,-2.0614077203896835,-0.6214078569165955,0.6214078569165955
CCOC(=O)C(C)Oc1ccc(Oc2nc3ccc(Cl)cc3s2)cc1,-5.670000089641897,-5.786650222049547,-0.11665013240764921,0.11665013240764921
CCCCNCc1ccc(C(=O)c2csc(S(N)(=O)=O)c2)cc1,-2.209999971862077,-2.635019445530915,-0.4250194736688382,0.4250194736688382
C=CC(C)(O)/C=C/C1=C(C)CCCC1(C)C,-3.1641478055690304,-3.430986833012153,-0.2668390274431225,0.2668390274431225
COc1ccccc1N/N=C1\C(=O)C=Cc2ccccc21,-8.926017134863729,-6.801724981020019,2.12429215384371,2.12429215384371
CCCCCCCC(CC)CCCC(CC)CCCC,-6.269131300064676,-7.0560666204762,-0.7869353204115237,0.7869353204115237
C=CC(=O)OCCOc1ccc(C(C)(C)c2ccc(OCCOC(=O)C=C)cc2)cc1,-5.9994816478567845,-5.864171381101767,0.13531026675501767,0.13531026675501767
O=NN(CCCl)C(=O)NCCCl,-1.7284998511136993,-1.6570928702020893,0.07140698091161002,0.07140698091161002
O=C1OC(C(O)C(O)CO)C(O)C1O,0.33480028052390987,0.33201959034577744,-0.002780690178132428,0.002780690178132428
Oc1cccc2cncnc12,-2.0360997958581883,-1.6288314457980795,0.40726835006010886,0.40726835006010886
CCCC,-2.9776040883312835,-3.0727047862866996,-0.09510069795541609,0.09510069795541609
O=C([O-])C(Br)(Br)Br,-0.17129968669511575,-0.7424148845642127,-0.5711151978690969,0.5711151978690969
CC(=O)Nc1cc(Cl)ccc1[N+](=O)[O-],-0.9899998306023479,-2.786861928857536,-1.796862098255188,1.796862098255188
CNC(Cc1ccc(O)c(O)c1)C(=O)O,-1.0199998419955247,-1.5286891940920335,-0.5086893520965088,0.5086893520965088
CCc1nc2ncnc(N)c2nc1CC,-2.9300000037512244,-2.5282069052540144,0.40179309849721,0.40179309849721
c1ccc(-c2ccccc2)cc1,-4.32000012905659,-4.1532067517341655,0.16679337732242416,0.16679337732242416
C1COC1,1.2360000761883687,0.8544208119784744,-0.3815792642098943,0.3815792642098943
CCCC#N,-0.32099981118025545,-0.24874989991433916,0.07224991126591629,0.07224991126591629
Clc1cccc(-c2ccc(Cl)c(Cl)c2Cl)c1Cl,-7.050199924589604,-7.747817201795991,-0.6976172772063869,0.6976172772063869
COC(=O)c1cc(C(=O)OC)cc(S(=O)(=O)[O-])c1,-0.966481701044537,-0.7938646922322006,0.17261700881233644,0.17261700881233644
ClCC(Br)CBr,-2.3739999950371518,-2.5974858217362637,-0.223485826699112,0.223485826699112
CCCCCCCCCc1ccc(O)cc1,-4.498026826648413,-4.845327797286962,-0.3473009706385488,0.3473009706385488
Clc1cc(Cl)c(-c2cc(Cl)cc(Cl)c2Cl)c(Cl)c1,-8.710000600024893,-8.44082493223434,0.26917566779055235,0.26917566779055235
CC(C)(C)C(=O)C1C(=O)c2ccccc2C1=O,-4.106999896335431,-3.469274670363136,0.6377252259722948,0.6377252259722948
O=CC1CC2C3C1C1(Cl)C(Cl)(Cl)C3(Cl)C3(Cl)C2C13Cl,-7.200600121574668,-6.917837084522954,0.2827630370517138,0.2827630370517138
CN1CC[C@]23c4c5ccc(OCc6ccccc6)c4O[C@H]2[C@@H](O)C=C[C@H]3[C@H]1C5,-2.972999989312945,-2.747327734367213,0.22567225494573195,0.22567225494573195
ICI,-2.3344999708343415,-2.473888691305035,-0.13938872047069362,0.13938872047069362
CC1=NN(c2ccccc2)C(=O)C1,-1.9250851642587885,-2.2269110291749334,-0.30182586491614494,0.30182586491614494
CN(CC(=O)O)C(=N)N,-0.9387414662619225,-0.45013392571097466,0.4886075405509478,0.4886075405509478
OC1CCCCCC1,-0.8799996968094246,-1.591634435136155,-0.7116347383267305,0.7116347383267305
CCn1c(=O)c2c(ncn2C)n(C)c1=O,-0.718999861109999,-1.028037977268717,-0.3090381161587179,0.3090381161587179
CC1=C(CC(=O)O)c2cc(F)ccc2/C1=C/c1ccc([S+](C)[O-])cc1,-4.500000059388738,-4.164270160874344,0.33572989851439416,0.33572989851439416
CCOP(=S)(OCC)Oc1cc(Cl)c(Cl)c(SC)c1,-6.0806999957857775,-5.972600630604145,0.10809936518163266,0.10809936518163266
CC1CCCCC1C,-4.30000016747011,-4.3809323856096025,-0.08093221813949292,0.08093221813949292
CC(C)N1C(=O)N(c2ccccc2)CSC1=NC(C)(C)C,-5.530700293009548,-4.264381494552002,1.2663187984575455,1.2663187984575455
CC(C)(C)NCC(O)COc1cccc2c1CC(O)C(O)C2,-1.0099997921888282,-1.5504356102016903,-0.5404358180128621,0.5404358180128621
O=c1c(Cl)c(Cl)cnn1-c1ccccc1,-3.3821999785659815,-3.7995013323581333,-0.4173013537921517,0.4173013537921517
CCn1c(O)c(N=Nc2ccc(Cl)cc2[N+](=O)[O-])c(C)c(C#N)c1=O,-6.690000200956085,-6.277579927375482,0.4124202735806026,0.4124202735806026
CC(=O)C(N=Nc1ccc(C)cc1[N+](=O)[O-])C(=O)Nc1ccc(Cl)cc1,-7.605298341511581,-7.8488506932757005,-0.24355235176411938,0.24355235176411938
CCc1ccc(CC)cc1,-3.6448702654393244,-4.660613971840966,-1.0157437064016412,1.0157437064016412
CCCCC1=NC(=O)C2(CCCC2)N1,-1.0196137807214138,-1.9526926861650864,-0.9330789054436726,0.9330789054436726
CCCCCCCCCCCCCCCCCCCCCCCCO,-5.549815640114163,-6.725002169629384,-1.175186529515221,1.175186529515221
COc1ccc2cc(C(C)C(=O)OCCN3CCNCC3)ccc2c1,-1.519999847845922,-2.4932639085790576,-0.9732640607331355,0.9732640607331355
C=C(C)C(=O)OC(=O)C(=C)C,-0.19675957885721385,-1.1450991538216289,-0.948339574964415,0.948339574964415
CC/C=C\CCOC(=O)C/C=C\CC,-4.509709424517824,-3.8994783658499816,0.6102310586678428,0.6102310586678428
CC(O)(CCl)CCl,-0.18219967197095865,-0.31368521298210394,-0.1314855410111453,0.1314855410111453
O=C1OCCCN1/N=C/c1ccc([N+](=O)[O-])o1,-3.475699857644215,-3.214254042017907,0.261445815626308,0.261445815626308
COc1ccc(O)c(C(C)(C)C)c1,-2.927488265482004,-3.2021851413272886,-0.2746968758452848,0.2746968758452848
NCCNCCS(=O)(=O)[O-],0.2445362008608707,0.2830506784020903,0.038514477541219616,0.038514477541219616
Nc1ccc(S(=O)(=O)NC(CO)(CO)CO)cc1,-1.3999998022732147,-1.8148272652068727,-0.4148274629336579,0.4148274629336579
Oc1ccc(Cl)c(Cl)c1Cl,-2.6700000027794215,-2.4669573938427454,0.20304260893667614,0.20304260893667614
N#Cc1c(Cl)cccc1Cl,-3.980299955419149,-3.588829268582653,0.3914706868364961,0.3914706868364961
CC(C)N(c1n[n+](C)c(N=Nc2ccc(N(C)C)cc2)s1)C(C)C,-1.259698206310333,-2.5118654505020936,-1.2521672441917606,1.2521672441917606
CCCCCC(C)(C)O,-1.7167998618533207,-1.7083447472776299,0.008455114575690814,0.008455114575690814
CCOCCC(=O)OC,-0.0718996056972907,-0.14567388618425836,-0.07377428048696766,0.07377428048696766
O=C(O)c1cc(-c2ccc(F)cc2F)ccc1O,-4.610000193181662,-3.562192835018867,1.0478073581627951,1.0478073581627951
CCC(=O)CC,-0.25299974854854446,-0.5423041570348901,-0.28930440848634564,0.28930440848634564
CNCC(=O)O,0.5273003421278855,0.4329498376949763,-0.09435050443290915,0.09435050443290915
CN(C)[C@@H]1C(=O)/C(=C(\N)O)C(=O)[C@@]2(O)C(=O)C3=C(O)c4c(O)cccc4[C@@](C)(O)[C@H]3C[C@@H]12,-3.2839998690382317,-2.5603464718170135,0.7236533972212182,0.7236533972212182
CC1CCC(C(C)C)C(OO)C1,-2.588821561881489,-2.499892858089635,0.08892870379185425,0.08892870379185425
O=c1cc[nH]c(=S)[nH]1,-2.2572997933670136,-1.448987899957732,0.8083118934092817,0.8083118934092817
CCCCOC(=O)c1ccccc1C(=O)OCc1ccccc1,-5.639999940221808,-5.204552912891701,0.435447027330107,0.435447027330107
OCC(CO)(CBr)CBr,-1.1304016341036653,-0.8989242907210397,0.2314773433826256,0.2314773433826256
CC(=O)CC(C)C,-0.8514793339176663,-0.8858888910827485,-0.034409557165082205,0.034409557165082205
CC1(C)S[C@@H]2[C@H](N)C(=O)N2[C@H]1C(=O)O,-1.9440449550330774,-1.7057842100248481,0.23826074500822925,0.23826074500822925
COP(=S)(OC)SCCSC(C)C,-3.4288000726382744,-3.29314094286205,0.1356591297762244,0.1356591297762244
CCCCCCCCOC(=O)c1cccnc1,-3.0928999869408345,-3.496879742291738,-0.4039797553509037,0.4039797553509037
OCCCO,1.1186443502042978,1.2108786260155884,0.09223427581129062,0.09223427581129062
COP(=S)(OC)Oc1cc(Cl)c(Br)cc1Cl,-6.086400231215963,-5.598411879394247,0.4879883518217163,0.4879883518217163
Clc1ccc2oc3ccc(Cl)cc3c2c1,-7.213500392865676,-7.582114237081889,-0.36861384421621324,0.36861384421621324
O=[N+]([O-])c1cccc2ccccc12,-3.7099999894132694,-3.732534401166079,-0.022534411752809458,0.022534411752809458
COc1cc(C(=O)[O-])c([N+](=O)[O-])cc1OC,-0.7542996918603562,-2.3396699413736384,-1.5853702495132822,1.5853702495132822
CN=C1CN(O)C(c2ccccc2)=c2cc(Cl)ccc2=N1,-2.1756998700385646,-3.7751433090380897,-1.5994434389995251,1.5994434389995251
Clc1ccc(Cl)c(-c2cc(Cl)c(Cl)c(Cl)c2Cl)c1,-7.679400021834869,-8.569673055002472,-0.8902730331676025,0.8902730331676025
CCOC(=O)c1ccc(O)cc1,-2.1999999220553805,-2.162375856126349,0.03762406592903167,0.03762406592903167
S=c1nc[nH]c2nccnc12,-2.6470998887220865,-2.4227640750427697,0.22433581367931676,0.22433581367931676
C=CF,-0.2759997250770341,-0.8803562203242721,-0.604356495247238,0.604356495247238
Cc1nn(-c2cccc(S(=O)(=O)[O-])c2)c([O-])c1N=Nc1cc(Cl)cc(S(=O)(=O)[O-])c1[O-],-1.1331674173752537,-1.4806679749291989,-0.34750055755394516,0.34750055755394516
CCOC(=O)N1CC(C)NCC1C,0.6500001941080322,-0.391793538519869,-1.0417937326279012,1.0417937326279012
COc1cnc2cncnc2n1,-0.9099999842564261,-0.8614436347540395,0.04855634950238663,0.04855634950238663
CCCCCCCCCCCCCC(=O)OC(C)C,-6.733128090018893,-6.5201589133530335,0.21296917666585902,0.21296917666585902
CC(=O)C(C)C,-0.15129986313554777,-0.4634896858130526,-0.31218982267750484,0.31218982267750484
CC(C)C(=O)OCCOc1ccccc1,-3.0263435305330297,-3.3853598286726028,-0.35901629813957303,0.35901629813957303
Cc1ccc2c(c1)Oc1ncc(N)cc1C(=O)N2C,-3.042999928192424,-3.93538240940957,-0.8923824812171461,0.8923824812171461
CCCCCC1=C(OC(C)=O)CCC1CC(=O)OC,-3.721988661961028,-3.0904081180769944,0.6315805438840334,0.6315805438840334
C=CCCN=C=S,-2.390999941681623,-1.8564813028985836,0.5345186387830396,0.5345186387830396
Clc1ccc(Cl)c(Cl)c1Cl,-4.56190016065182,-5.743321917909868,-1.1814217572580477,1.1814217572580477
CC1=C(C(=O)Nc2ccccc2)S(=O)(=O)CCO1,-2.4299999633940987,-2.9325136894939123,-0.5025137260998136,0.5025137260998136
NC(=O)OCC1CSC2(CCCCC2)O1,-2.819999861331619,-2.3347895858033807,0.48521027552823837,0.48521027552823837
CCCCc1nc(C=O)c(Cl)[nH]1,-2.1991273159148985,-2.80438347920414,-0.6052561632892415,0.6052561632892415
CC(C)OC(=O)COc1ccc(Cl)cc1Cl,-3.8480000556245737,-4.195434705327826,-0.34743464970325233,0.34743464970325233
C=C(F)C(F)(F)F,-2.7599572399894114,-2.009155148198911,0.7508020917905003,0.7508020917905003
CCCCCNC(=O)C(C)O,-0.3824996343972451,-0.7253147303813057,-0.34281509598406057,0.34281509598406057
O=C1OCCC1N(C(=O)C1CC1)c1cccc(Cl)c1,-2.6877998498882443,-4.03363314030746,-1.3458332904192156,1.3458332904192156
CCC(C)c1ccccc1,-3.7586078229539983,-3.984198870628461,-0.2255910476744627,0.2255910476744627
CCOP(=S)(OCC)Oc1cc(C)nc(N(CC)CC)n1,-4.9242001017851145,-3.9942680029048367,0.9299320988802777,0.9299320988802777
Cc1ccc(O)c(-n2nc3ccccc3n2)c1,-5.352666832099014,-4.75904786445167,0.5936189676473438,0.5936189676473438
N#CC(C#N)=NNc1ccc(N=Nc2ccccc2)cc1,-4.920000080866302,-5.1925920527668,-0.2725919719004981,0.2725919719004981
CCC(C(=O)O)C(C(=O)O)c1ccccc1,-2.3255998229861974,-1.5033760245378653,0.822223798448332,0.822223798448332
NC(=O)Nc1cc(Nc2nc(Cl)nc(Nc3cc(N)c(S(=O)(=O)[O-])cc3N=Nc3ccc(S(=O)(=O)CCOS(=O)(=O)[O-])cc3)n2)ccc1N=Nc1cc2c(S(=O)(=O)[O-])cc(S(=O)(=O)[O-])cc2cc1S(=O)(=O)[O-],-0.5105571390108867,-0.1877726465878693,0.32278449242301743,0.32278449242301743
COC(C)COC(C)COCCC[Si](C)(O[Si](C)(C)C)O[Si](C)(C)O[Si](C)(C)C,-6.287739812346791,-5.425299077912404,0.8624407344343865,0.8624407344343865
Cc1cc(C)nc(N)n1,-0.48839967875596635,-0.6998316496979169,-0.21143197094195054,0.21143197094195054
OCc1ccc(CO)cc1,-0.3860999283814808,-0.7327724624876635,-0.3466725341061827,0.3466725341061827
c1ccc2c(c1)Oc1ccccc1O2,-5.310599817885265,-5.239779037270813,0.07082078061445252,0.07082078061445252
CCOc1ccc2c3c1O[C@H]1[C@@H](O)C=C[C@H]4[C@@H](C2)N(C)CC[C@@]341,-2.0789998715020035,-1.6053148345363055,0.47368503696569797,0.47368503696569797
O=C(O)COc1ccc(Cl)cc1CO,-2.0346997888852507,-1.8802618216169538,0.15443796726829695,0.15443796726829695
CC(=O)OC1C2C(CC(C)C3C=CC(=O)C31C)OC(=O)C2C,-2.1899999412621405,-3.3952888636328455,-1.205288922370705,1.205288922370705
Cc1nccc2c1[nH]c1ccccc12,-3.789999973786103,-2.99377757295744,0.7962224008286634,0.7962224008286634
O=S(=O)(Nc1cccc(Cl)c1Cl)c1ccccc1,-4.730000100727457,-4.718146211459701,0.011853889267755768,0.011853889267755768
Nc1ccc(Cl)cc1,-1.628640830631992,-1.7302199424965985,-0.10157911186460655,0.10157911186460655
O=C(OCc1ccccc1)c1sc(Cl)nc1C(F)(F)F,-5.808499882289713,-5.7394588206843355,0.06904106160537715,0.06904106160537715
CCCCCCC(O)CCCCCCCCCCC(=O)O,-5.488369923446852,-4.942192876010808,0.5461770474360437,0.5461770474360437
CN(CC(N)=O)C(=O)COC(=O)c1ccccc1,-0.9199998960362101,-1.2280123342085434,-0.30801243817233326,0.30801243817233326
CN(CC(=O)Nc1nnc(S(N)(=O)=O)s1)C(=N)N,-1.139999887568232,-1.836285274082974,-0.696285386514742,0.696285386514742
C=CC(=O)OC1C=CC2C3CCC(C3)C12,-3.70814249223903,-3.549727624555889,0.15841486768314095,0.15841486768314095
COC(=O)C1=CO[C@@H](O[C@@H]2O[C@H](CO)[C@@H](O)[C@H](O)[C@H]2O)[C@H]2[C@@H]1C(=O)C[C@@H]2C,-0.2649998083165803,-1.159676728152677,-0.8946769198360967,0.8946769198360967
COC(OC)OC,-1.0258011131256206,-0.2791064348223635,0.7466946783032571,0.7466946783032571
CCOCCOCCOC,0.8291461519328789,0.40502892568397053,-0.42411722624890835,0.42411722624890835
CCCC(C)C(=O)Nc1ccc(C)c(Cl)c1,-4.45030029494365,-4.937581534892907,-0.4872812399492563,0.4872812399492563
O=C1C=Cc2ccccc2/C1=N\Nc1ccc(S(=O)(=O)[O-])c2ccccc12,-2.4263929405978812,-2.5341426145968327,-0.10774967399895141,0.10774967399895141
O=C(O)C1CCCCC1C(=O)O,-1.9349998444201373,-0.8899779383639546,1.0450219060561827,1.0450219060561827
O=[N+]([O-])c1c(O)cccc1-c1ccccc1,-3.9500000115452276,-3.3819513575899385,0.5680486539552891,0.5680486539552891
Nc1ccccc1C=Nc1ccccc1O,-3.6400000548471314,-3.9436080542433203,-0.3036079993961889,0.3036079993961889
O=S(=O)([O-])c1ccc(S(=O)(=O)[O-])c(Nc2nc(Nc3ccc(/C=C/c4ccc(Nc5nc(Nc6cc(S(=O)(=O)[O-])ccc6S(=O)(=O)[O-])nc(N(CCO)CCO)n5)cc4S(=O)(=O)[O-])c(S(=O)(=O)[O-])c3)nc(N(CCO)CCO)n2)c1,-0.6924052497006845,0.3875541664606854,1.07995941616137,1.07995941616137
Oc1cncc2cccnc12,-1.6575999810784152,-1.2356526759200668,0.42194730515834844,0.42194730515834844
CCC(CC)CO,-1.1699997609344963,-1.045474088956517,0.12452567197797926,0.12452567197797926
CCCCCCCOC(=O)c1ccccc1C(=O)OCCCCCCC,-8.56000068108592,-6.61715152894398,1.9428491521419406,1.9428491521419406
Cc1ccc(OP(=O)(Oc2ccccc2)Oc2ccccc2C)cc1,-6.3733002108875025,-5.925000669578095,0.4482995413094075,0.4482995413094075
CC(C)CC(NC(=S)Nc1ccccc1)C(=O)NC1CCOC1O,-2.369999802580833,-2.720440126329504,-0.3504403237486713,0.3504403237486713
CC(=O)OCCN(CCOC(C)=O)c1ccc(N=Nc2sc([N+](=O)[O-])cc2[N+](=O)[O-])cc1,-7.547293911825369,-6.616516605146729,0.9307773066786398,0.9307773066786398
O=C=Nc1ccc(C(c2ccc(N=C=O)cc2)c2ccc(N=C=O)cc2)cc1,-6.56509661129183,-5.377076891565049,1.188019719726781,1.188019719726781
CONC(=O)c1cn(C)c(=O)c(C)c1Nc1ccc(Br)cc1F,-3.2799999181290094,-3.706537032206917,-0.42653711407790773,0.42653711407790773
O=C(CCCN1CCC(O)(c2ccc(Cl)cc2)CC1)c1ccccc1,-3.349999852695147,-3.4095573957069276,-0.059557543011780734,0.059557543011780734
CCOS(=O)(=O)OCC,-1.3429495526327397,-0.7481276804434311,0.5948218721893086,0.5948218721893086
CCOC(=O)C(C#N)=C(c1ccccc1)c1ccccc1,-7.744015940627236,-5.782146679950266,1.9618692606769699,1.9618692606769699
Cc1c(Cl)cccc1[N+](=O)[O-],-3.270686345171362,-3.399896616051023,-0.12921027087966097,0.12921027087966097
COc1cc(Cl)c(Cl)c(Cl)c1Cl,-5.260499913420997,-6.1260796558982245,-0.8655797424772276,0.8655797424772276
N#CCCN(CCOC(=O)c1ccccc1)c1ccc(N=Nc2ccc([N+](=O)[O-])cc2)cc1,-7.169736199736494,-6.540333478983758,0.6294027207527364,0.6294027207527364
CC(=O)Oc1ccc(NC(N)=O)cc1,-2.489999917166996,-1.9562878731535616,0.5337120440134346,0.5337120440134346
CN1CCN(c2c(F)cc3c(=O)c(C(=O)O)cn(CCF)c3c2F)CC1,-2.729999939298955,-3.444604292140228,-0.7146043528412731,0.7146043528412731
CC(C)CCCO,-1.128599830788598,-0.7105832560428804,0.41801657474571763,0.41801657474571763
C/C(Cl)=C/Cl,-1.6137999009519972,-1.9360446391338955,-0.32224473818189825,0.32224473818189825
C=CCC1(CC=C)C(=O)NC(=O)NC1=O,-2.0607999878941845,-1.7748019450820218,0.2859980428121627,0.2859980428121627
CC(=O)C(N=Nc1ccccc1OCCOc1ccccc1N=NC(C(C)=O)C(=O)Nc1ccc2[nH]c(=O)[nH]c2c1)C(=O)Nc1ccc2[nH]c(=O)[nH]c2c1,-7.634485512417365,-8.102996886623858,-0.4685113742064928,0.4685113742064928
Cc1cccc2[n-]c(=S)[nH]c12,-4.087958807709711,-2.811256391282465,1.2767024164272462,1.2767024164272462
COC(=O)CCS,-0.7575874929148148,-1.2476737157787943,-0.4900862228639795,0.4900862228639795
CN1C(=O)C(O)N=C(c2ccccc2)c2cc(Cl)ccc21,-2.6999999796658702,-4.052508803678613,-1.3525088240127427,1.3525088240127427
N#C[S-],-0.9001625301525911,-0.9476029320678536,-0.04744040191526255,0.04744040191526255
CCCCCCCCCCCCCC(=O)OCC(COC(=O)CCCCCCCCCCCCC)OC(=O)CCCCCCCCCCCCC,-8.647057015303721,-7.831230729740522,0.8158262855631992,0.8158262855631992
COC(=O)/C=C(\C)N,-0.8059232754111134,-0.6355341589925638,0.1703891164185496,0.1703891164185496
CCCCCC1(CC)C(=O)NC(=S)NC1=O,-3.7099999894132694,-3.079855926113787,0.6301440632994826,0.6301440632994826
C=CC(N)=O,0.9544003299547468,0.23775687102918397,-0.7166434589255628,0.7166434589255628
CC(C)CCCC(C)(C)O,-2.2869836541172335,-1.9583134180937032,0.3286702360235303,0.3286702360235303
COC(=O)C1C2CC3c4[nH]c5cc(OC)ccc5c4CCN3CC2CC(OC(=O)c2cc(OC)c(OC)c(OC)c2)C1OC,-5.969999927519842,-3.626708891340078,2.343291036179764,2.343291036179764
OCc1cccnc1,0.962064136241386,0.5178722758463641,-0.4441918603950219,0.4441918603950219
NC(N)=Nc1nc2ccccc2s1,-2.4411999156574145,-2.9007616593676513,-0.45956174371023684,0.45956174371023684
O=c1[nH]cc(Br)c(=O)[nH]1,-2.3698000086250675,-2.1433605785332563,0.2264394300918111,0.2264394300918111
CC(C)CN(C=O)CC(C)C,-1.0826665447303307,-1.4532638356783896,-0.3705972909480588,0.3705972909480588
Clc1ccc(-c2c(Cl)ccc(Cl)c2Cl)c(Cl)c1,-7.429999745844247,-7.49720863821382,-0.06720889236957284,0.06720889236957284
NS(=O)(=O)c1ccc(SCCO)cc1,-1.8238998431753897,-1.8096617460355018,0.014238097139887884,0.014238097139887884
CC(C)Cc1ccc(C(C)C(=O)O)cc1,-3.9922482550950176,-3.4850004560720924,0.5072477990229252,0.5072477990229252
CC1=Nc2ccc(C(=O)O)cc2C1(C)C,-2.6625889927829265,-3.298523578366698,-0.6359345855837715,0.6359345855837715
CC(C)(CC(=O)O)C(=O)O,-0.31999966817267333,0.1647287640308983,0.48472843220357165,0.48472843220357165
Cc1ccc(Nc2ccc(Nc3ccc(C)cc3S(=O)(=O)[O-])c3c2C(=O)c2ccccc2C3=O)c(S(=O)(=O)[O-])c1,-1.4270311308335077,-1.0564887745966023,0.37054235623690546,0.37054235623690546
O=C(O)c1cn(C2CC2)c2cc(N3CCNCC3)c(F)cc2c1=O,-3.5999998556203456,-3.6854564579228986,-0.08545660230255292,0.08545660230255292
CCOC(C)C(=O)C=O,-0.15539981454283724,0.0474663442396408,0.20286615878247805,0.20286615878247805
CC(=O)C1CCC2C3CC=C4CC(O)CCC4(C)C3CCC12C,-4.650000116354622,-5.090784920442833,-0.44078480408821097,0.44078480408821097
C[C@@H](Oc1cc(Cl)c(Cl)cc1Cl)C(=O)O,-3.1294998586727902,-3.2797231396628277,-0.15022328099003746,0.15022328099003746
O=C(NC(=O)c1cccnc1)Nc1ccccc1,-3.382499876539998,-2.868657539841105,0.5138423366988931,0.5138423366988931
CCCCCCCC1(CC)C(=O)NC(=O)NC1=O,-3.4300000441083496,-3.289986130737733,0.14001391337061664,0.14001391337061664
CCCCC(CC)COC(=O)/C=C\C(=O)OCC(CC)CCCC,-6.975819982010824,-6.280809205019063,0.6950107769917615,0.6950107769917615
O=C(O)c1ccccc1Nc1ccccc1,-4.960000142066175,-3.655758035333416,1.304242106732759,1.304242106732759
C=C(C)C(=O)OCCOCCOCCOCCOC(=O)C(=C)C,-1.4186390945568046,-1.0864037614117126,0.332235333145092,0.332235333145092
CCS(=O)(=O)c1nc2ccccn2c1S(=O)(=O)NC(=O)Nc1nc(OC)cc(OC)n1,-4.419099863492933,-4.254559775516186,0.16454008797674735,0.16454008797674735
O=C(O)CCC(=O)OCn1c(=O)oc2ccc(Cl)cc21,-3.4100000480151413,-2.778528864579175,0.6314711834359663,0.6314711834359663
CCCCOCC1CO1,-0.6757269057622115,-0.5983411511111005,0.07738575465111097,0.07738575465111097
FCF,-1.437441672677818,-1.2710161370770616,0.16642553560075646,0.16642553560075646
COc1ccc(N)cc1,-0.7480292672548572,-1.1396984367914504,-0.39166916953659325,0.39166916953659325
CCCC(O)C(C)C,-1.3092998336206716,-1.1651780668020282,0.14412176681864342,0.14412176681864342
Cc1cccc(Oc2cccc(C)c2)c1,-4.850000008273252,-4.869231159957409,-0.019231151684157233,0.019231151684157233
O=C(O)COCC(=O)O,0.49270030782362806,0.22468903506646765,-0.2680112727571604,0.2680112727571604
CCCCCCc1ccccc1,-5.255099748498468,-5.362034166539059,-0.10693441804059134,0.10693441804059134
CC(C)(C)NC(=O)C1N(C(=O)C(O)C(Cc2ccccc2)NC(=O)Cc2ccccc2)CSC1(C)C,-3.7200000392199657,-3.384966037891395,0.33503400132857086,0.33503400132857086
C=CN1CCN(C=C)C1=O,-1.155886233083091,-0.8449819930681062,0.31090424001498485,0.31090424001498485
CC(NC(=O)COC(=O)c1ccccc1)C(N)=O,-2.7171999618132037,-1.6851888003380768,1.0320111614751268,1.0320111614751268
COCC(C)OCC(C)OC(C)CO,0.6855001638814358,-0.01955372731370497,-0.7050538911951407,0.7050538911951407
O=C(O)C1(O)c2ccccc2-c2ccc(Cl)cc21,-4.160999751210854,-3.4768675308167785,0.6841322203940754,0.6841322203940754
CCOP(=S)(OCC)O/N=C(\C#N)c1ccccc1,-4.630000154768142,-4.800406248496922,-0.17040609372878013,0.17040609372878013
CCCCc1ccccc1,-4.055900124917406,-4.100675089126428,-0.04477496420902227,0.04477496420902227
CC(C)COC(=O)[C@@H](C)O,-0.412856997466744,-0.4214414432593965,-0.008584445792652495,0.008584445792652495
Cc1cccc(S(=O)(=O)O)c1C,0.7779991753107969,-0.8568966141773382,-1.634895789488135,1.634895789488135
C=COC1CC1,-1.100099895879882,-1.4686692954302876,-0.3685693995504056,0.3685693995504056
C#CC(C)OC(=O)Nc1cccc(Cl)c1,-2.6171998260668845,-3.378075251327908,-0.7608754252610237,0.7608754252610237
CCCCCCCCCCCCS,-7.573832070227493,-6.918166140682224,0.6556659295452683,0.6556659295452683
CC(=O)Nc1ccc(C)cc1,-2.0945998801869936,-1.8250244174445416,0.26957546274245203,0.26957546274245203
O=c1[nH]c2ccccc2c(=O)n1CCO,-3.112893530275886,-2.0675341139120453,1.0453594163638407,1.0453594163638407
COC(=O)C1(S(=O)(=O)c2ccc(Br)cc2)CC1,-3.670299998721053,-3.5588547231548224,0.11144527556623052,0.11144527556623052
CCOC(=O)[C@@H](C)Oc1ccc(Oc2nc3ccc(Cl)cc3o2)cc1,-5.604199899940747,-6.1318604990452785,-0.5276605991045313,0.5276605991045313
FC(F)(Cl)Cl,-1.9899999113165987,-2.6606398284854595,-0.6706399171688608,0.6706399171688608
O=[N+]([O-])OCC(O)CO[N+](=O)[O-],-0.36599962122965213,-0.5115487243498973,-0.14554910312024516,0.14554910312024516
CCOC(=O)C(=CC=Cc1ccccc1)NC=O,-3.3482999477481927,-3.2271716356864255,0.12112831206176722,0.12112831206176722
ClC(Cl)=C(Cl)C(Cl)=C(Cl)Cl,-4.911099967524885,-4.776302746803429,0.13479722072145606,0.13479722072145606
COC(C)C(NC(=O)c1ccccc1)C(=O)O,-1.739999839377944,-1.5194596105106093,0.2205402288673346,0.2205402288673346
CCOC(=O)N1CCN(C(=O)OCC)CC1,-0.7287999099205615,-0.5610426906685282,0.16775721925203335,0.16775721925203335
O=C(c1ccccc1I)N(O)c1ccccc1,-3.530399992059932,-3.4251433256468484,0.10525666641308362,0.10525666641308362
CCCCOC(=O)c1ccc(O)cc1,-2.9722999944531585,-2.869669630803296,0.10263036364986267,0.10263036364986267
COS(=O)(=O)c1ccc(C(=O)O)cc1,-3.0499998940436552,-2.2482342547710314,0.8017656392726238,0.8017656392726238
CCCCCCOC,-2.245085170763581,-2.040779253257381,0.20430591750620009,0.20430591750620009
CCC(=O)OCSc1ncnc2[nH]cnc12,-2.39000000571441,-2.531741567441382,-0.14174156172697217,0.14174156172697217
C=C1C(=O)O[C@@H]2/C=C(\CO)CC/C=C(\C)C[C@H](OC(=O)C(C)CO)[C@@H]12,-2.243599794145296,-1.9130875889751766,0.33051220517011926,0.33051220517011926
O=C(O)C(S)CCC(S)C(=O)O,-2.4757999499616714,-1.13136920275991,1.3444307472017614,1.3444307472017614
COC1CC1,-0.11759976430043739,0.0235551140351844,0.1411548783356218,0.1411548783356218
CCOC(OCC)OCC,-2.040520107729264,-0.966857272273302,1.073662835455962,1.073662835455962
COc1ccc(NS(=O)(=O)c2ccc(N)cc2)cc1,-4.229999956850147,-4.142383647448555,0.08761630940159204,0.08761630940159204
C=CCC,-1.9399999383369417,-1.9304895390021466,0.009510399334795139,0.009510399334795139
C1CC(COCC2CO2)CCC1COCC1CO1,-1.8357970728936532,-1.5892631327803366,0.24653394011331664,0.24653394011331664
COP(=S)(OC)Oc1ccc(SC)c(C)c1,-4.569499922451085,-4.9255404811318755,-0.35604055868079065,0.35604055868079065
Cc1ccc(N(C)N=CC2=[N+](C)c3ccccc3C2(C)C)cc1,-1.502712391142826,-1.5948990476693226,-0.0921866565264966,0.0921866565264966
COc1ccsc1CN(C(=O)CCl)c1c(C)cccc1C,-4.468900249557194,-3.6404381522672344,0.8284620972899597,0.8284620972899597
C=CC(C)(C)O,0.3510576423794234,0.09776445535018086,-0.25329318702924253,0.25329318702924253
CCC(CC)(C(=O)O)C(CC)(CC)C(=O)O,-2.9643999939259373,-2.1179298100496844,0.846470183876253,0.846470183876253
C=CCc1ccc(O)c(O)c1,-0.7786999514156081,-1.5985247386054482,-0.8198247871898401,0.8198247871898401
CC(C)CCCCCCCCCCOC(=O)CSCc1cc(C(C)(C)C)c(O)c(C(C)(C)C)c1,-6.789589654877786,-7.569116518790695,-0.7795268639129089,0.7795268639129089
CC(C)CCCC(C)CCCC(C)CCCCC(C)CCCC(C)CCCC(C)C,-5.1490402830558715,-6.272254573039499,-1.1232142899836273,1.1232142899836273
CCOP(=O)(OCC)Oc1ccc([N+](=O)[O-])cc1,-2.0593999809212473,-2.1706795551790865,-0.11127957425783919,0.11127957425783919
NC(=O)OC[C@H](O)[C@@H](O)[C@H](N)C(=O)N[C@H](C(=O)O)[C@H]1O[C@@H](n2cc(CO)c(=O)[nH]c2=O)C(O)C1O,0.29460021832790284,-0.8348263869310837,-1.1294266052589865,1.1294266052589865
CC(Oc1ccc2ccccc2c1)C(=O)Nc1ccccc1,-5.5893998262268365,-6.298701357625584,-0.7093015313987472,0.7093015313987472
OCc1cccc(CO)c1,-0.2327997859659301,-0.4673337353246674,-0.23453394935873728,0.23453394935873728
C=C(C)CC(C)(C)C,-4.688326877294916,-4.478151779417697,0.21017509787721878,0.21017509787721878
C=CC(O)CCC,-0.5993000240718613,-0.7523761488085121,-0.15307612473665078,0.15307612473665078
CC(=O)Nc1c(I)c(NC(C)=O)c(I)c(C(=O)O)c1I,-2.0099998729030792,-1.7797624942884105,0.23023737861466875,0.23023737861466875
O=C1CNC(=O)c2ccccc2N1,-2.849999838218068,-2.0124959515877485,0.8375038866303193,0.8375038866303193
CC(C)(C)OC(N)=O,0.10000021527797731,-0.45721636264239196,-0.5572165779203693,0.5572165779203693
O=C1OCc2ccccc21,-0.8627207977748999,-1.2991413289184874,-0.4364205311435876,0.4364205311435876
CC1CCC(C(C)C)C2(C1)OCC(CO)O2,-2.279385479627462,-2.5702430704528316,-0.29085759082536944,0.29085759082536944
CCCCCC(=O)CC,-1.6929998813402956,-2.2006752187245215,-0.507675337384226,0.507675337384226
O=C(O)CNC(Cc1ccccc1)C(=O)O,-2.1599999988824194,-1.2183646671093211,0.9416353317730983,0.9416353317730983
CC12CCC(=O)C=C1CCC1C2CCC2(C)C(OC(=O)CCC(=O)O)CCC12,-5.079999911585057,-4.640250585394015,0.4397493261910421,0.4397493261910421
CC(=O)C(N=Nc1ccc(Cl)cc1[N+](=O)[O-])C(=O)Nc1ccccc1Cl,-7.721758272833879,-7.699646361460065,0.022111911373814408,0.022111911373814408
FC(F)=C(F)OC(F)(F)C(F)(F)F,-4.95429659399009,-4.407494974775229,0.546801619214861,0.546801619214861
CCC(Br)(Br)C(=O)O,-0.8721997959871137,-0.6399363893381094,0.23226340664900436,0.23226340664900436
Cc1cc([N+](=O)[O-])ccc1N,-3.0361525424662195,-2.6567746953629685,0.37937784710325095,0.37937784710325095
CCCCCCCC(=O)OCN1C(=O)NC(c2ccccc2)(c2ccccc2)C1=O,-6.520000182403721,-5.2257463931901,1.294253789213621,1.294253789213621
CCCC(C)(COC(N)=O)COC(N)=O,-1.739999839377944,-2.2054225853646376,-0.46542274598669375,0.46542274598669375
CCN1c2nc(N(C)CCO)ccc2NC(=O)c2cccnc21,-3.3599998679951155,-2.7969933285247883,0.5630065394703272,0.5630065394703272
Nc1c2ccccc2nc2cccc(F)c12,-0.949999907429387,-1.6494210583545283,-0.6994211509251413,0.6994211509251413
O=[N+]([O-])C12COP(=O)(OC1)OC2,-0.8099997622432866,-1.2402888618822079,-0.43028909963892126,0.43028909963892126
CCCC(C)=O,-0.18999984884709464,-0.46953885327790124,-0.2795390044308066,0.2795390044308066
COc1cccc(Cl)c1,-2.782999918593939,-2.706289779799204,0.0767101387947351,0.0767101387947351
CC(C)(O)C(=O)c1ccc(C2(C)CC(C)(C)c3cc(C(=O)C(C)(C)O)ccc32)cc1,-5.882309497666267,-4.398539512641923,1.4837699850243435,1.4837699850243435
Cc1ccc(C)nc1,-0.029999880101426513,0.022983958671483506,0.05298383877291002,0.05298383877291002
CCCCOC(=O)CC,-1.938499930865937,-1.5839593106426952,0.35454062022324173,0.35454062022324173
CCC1=C(C2(CC)C(=O)NC(=O)NC2=O)CCCC1,-3.529999921054208,-2.5586971192267427,0.9713028018274654,0.9713028018274654
CCCC(c1cc(C(C)(C)C)c(O)cc1C)c1cc(C(C)(C)C)c(O)cc1C,-7.980671363630263,-7.03434146051106,0.946329903119203,0.946329903119203
O=C([O-])O,0.08504279088387845,-0.4958569967815869,-0.5808997876654654,0.5808997876654654
C[P+](c1ccccc1)(c1ccccc1)c1ccccc1,-0.018922944323827906,-0.4308118142915154,-0.4118888699676875,0.4118888699676875
O=C1CN(O)C(c2ccccc2Cl)=c2cc(Cl)ccc2=N1,-4.4653329440050324,-4.235979144670385,0.22935379933464706,0.22935379933464706
CCCCCC(C)C,-5.079999911585057,-5.08669946186135,-0.006699550276293209,0.006699550276293209
NC1C(O)C(O)C(O)C(O)C1O,-1.409999852079911,-0.7118576585254925,0.6981421935544185,0.6981421935544185
ClCOCCl,-0.7180999256408525,-0.9362292384284969,-0.21812931278764447,0.21812931278764447
C=CCc1ccc(OCC(=O)[O-])c(OC)c1,-2.278599899455277,-2.2294631467860557,0.04913675266922146,0.04913675266922146
C=C(Cl)C(Cl)CCl,-2.424454111065484,-2.517475795905549,-0.09302168484006534,0.09302168484006534
CCCCCCCCCCCCCCCCCCCCO,-5.475024377336295,-6.4891909192228745,-1.0141665418865795,1.0141665418865795
CC(C)CC=O,-0.7590831525380772,-0.7920122330402659,-0.03292908050218868,0.03292908050218868
CCCCCO[N+](=O)[O-],-2.5679999950986754,-2.610118389830582,-0.042118394731906594,0.042118394731906594
CN(CCCl)CCCl,-1.1140998275823446,-1.2277151622660476,-0.113615334683703,0.113615334683703
CC(=O)OCCN(CCC#N)c1ccc(N=Nc2c(Cl)cc([N+](=O)[O-])cc2Cl)cc1,-7.051424499356823,-6.791577794524655,0.2598467048321682,0.2598467048321682
COc1cc(N=Nc2ccc(S(=O)(=O)[O-])cc2)c(C)cc1N/N=C1/C(=O)c2ccc(Nc3ccccc3)cc2C=C1S(=O)(=O)[O-],-2.0454014985013655,-1.5026893406484476,0.5427121578529179,0.5427121578529179
CC(C)CCOC(N)=O,-1.4402997959538326,-1.2843912209468822,0.15590857500695043,0.15590857500695043
CCOC1=C(O)C(=O)O[C@@H]1[C@@H](O)CO,0.5809707267633009,0.0818474678607588,-0.49912325890254206,0.49912325890254206
O=C1CCCCCCCCCCCN1,-2.819504189435662,-2.9501253886677077,-0.13062119923204563,0.13062119923204563
Cc1cc(N)ccc1N=Nc1ccc(N)cc1,-7.532414886717538,-4.164148973245217,3.368265913472321,3.368265913472321
FC(F)(F)N=C1SC(=Nc2ccccc2)N(c2ccccc2)C1=NC(F)(F)F,-5.420000224743612,-6.186293896452694,-0.7662936717090822,0.7662936717090822
O=C(O)COc1ccc(Cl)c(Cl)c1Cl,-3.099999849769948,-3.0033649481759697,0.09663490159397847,0.09663490159397847
COc1ccc(COC(C)=O)cc1,-2.4740065662882635,-2.39034003501322,0.08366653127504353,0.08366653127504353
CCCCCCCCN1CCCC1=O,-2.2577490019535684,-2.69342763844276,-0.43567863648919136,0.43567863648919136
Nc1ccn(C2CC(F)C(CO)O2)c(=O)n1,-1.1799998107411929,-1.2550127447404487,-0.0750129339992558,0.0750129339992558
CC(=O)OC[C@H]1CCC=C(CCC=C(C)C)C1,-4.9756246505281245,-3.916831316323033,1.0587933342050917,1.0587933342050917
COc1ccc(S(=O)(=O)N=c2sc(S(N)(=O)=O)nn2C)cc1,-2.7599999161854036,-2.425729583256667,0.33427033292873665,0.33427033292873665
CCC1CN2CCC1CC2C(O)c1ccnc2ccccc12,-2.6300000450997323,-2.7011024178689387,-0.07110237276920639,0.07110237276920639
S=C=Nc1cccc2ccccc12,-4.602200016305526,-4.517326853761881,0.0848731625436443,0.0848731625436443
BrCCCCBr,-2.790216612577756,-2.6962280664693723,0.09398854610838381,0.09398854610838381
C/C=C/C(O)CC,-0.41979975116276647,-0.48003828445382624,-0.06023853329105977,0.06023853329105977
O=C(O)Cc1cccc2ccccc12,-2.646799956241342,-2.68933810806736,-0.04253815182601839,0.04253815182601839
CCC(CC)CC1(CCO)C(=O)NC(=S)NC1=O,-3.140000048996734,-2.621427624901827,0.518572424094907,0.518572424094907
Cc1c(F)c(F)c(COC(=O)C2C(/C=C(\Cl)C(F)(F)F)C2(C)C)c(F)c1F,-7.320900237655033,-7.562269831825734,-0.2413695941707008,0.2413695941707008
Nc1nc2c(ncn2COCCO)c(=O)[nH]1,-2.119999799655634,-2.1663028598123435,-0.046303060156709375,0.046303060156709375
CC(C)(C)c1ccc(OP(=O)(Oc2ccccc2)Oc2ccccc2)cc1,-5.077400312716054,-6.844169636866219,-1.7667693241501654,1.7667693241501654
COP(=S)(OC)SCc1nc(N)nc(N)n1,-3.06899995416965,-3.07784290711595,-0.008842952946299665,0.008842952946299665
CCOC(=O)C(=Cc1ccc(C=C(C(=O)OCC)C(=O)OCC)cc1)C(=O)OCC,-5.621635459520898,-4.980433232103911,0.6412022274169873,0.6412022274169873
CN1C(=O)CCC(N2C(=O)c3ccccc3C2=O)C1=O,-2.98999994889744,-2.4183471448310483,0.5716528040663915,0.5716528040663915
COc1ccc(C(=O)Cc2c(CCN(C)C)cc3c(c2OC)OCO3)c(C(=O)O)c1OC,-2.5350000032702176,-2.503127691316442,0.0318723119537756,0.0318723119537756
CC(C)(O)[C@@H]1C2OC(=O)C1[C@]1(O)C[C@H]3O[C@]34C(=O)O[C@H]2[C@]14C,-2.167199965729785,-1.7481743452406324,0.4190256204891527,0.4190256204891527
Cc1ccc(C(N)=O)cc1N,-0.5767316576985899,-1.3404155165471476,-0.7636838588485577,0.7636838588485577
CC(C)CC(O)CC(C)C,-2.1589997868613815,-1.5634098639177683,0.5955899229436132,0.5955899229436132
CCOP(=O)(OCC)SCC(=O)NC(C)(C)C#N,-0.6236997315194635,-0.7605353336839191,-0.13683560216445567,0.13683560216445567
CC(C)(S)[C@@H](N)C(=O)O,-0.1284997495762803,-0.32694435424546997,-0.19844460466918967,0.19844460466918967
CC1(C)[C@@H]2CC[C@]1(C)[C@H](O)C2,-2.420558370475158,-2.333650518708422,0.08690785176673588,0.08690785176673588
Clc1nc2ccccc2s1,-2.732588219961138,-3.481775112195516,-0.7491868922343778,0.7491868922343778
Clc1ccccc1-c1ccc(Cl)c(Cl)c1Cl,-6.829899862549925,-7.1038584389105495,-0.2739585763606245,0.2739585763606245
O=C1CNC(=O)CN1,-0.831199729806571,0.16773581834544204,0.998935548152013,0.998935548152013
O=C(c1ccc(Oc2ccccc2)cc1)c1ccc(C(=O)c2ccc(Oc3ccccc3)cc2)cc1,-7.973612115220137,-7.235121756592656,0.7384903586274802,0.7384903586274802
COc1ccc(OC)c(Cl)c1,-2.672402309430448,-3.0871342232339654,-0.4147319138035175,0.4147319138035175
CNC(=O)C=C(C)OP(=O)(OC)OC,0.6510003371156143,0.2684645464024702,-0.38253579071314414,0.38253579071314414
CC(C)(C)n1cc(C(=O)O)c(=O)c2cc(F)c(N3CCNCC3)cc21,-3.4300000441083496,-3.425441739831556,0.004558304276793379,0.004558304276793379
C=COC=C,-1.260999938121609,-1.043458067873334,0.21754187024827498,0.21754187024827498
CCC(=O)N(c1ccccc1)C1(COC)CCN(CCc2cccs2)CC1,-3.706399902469402,-3.293803541055246,0.4125963614141561,0.4125963614141561
CCc1nccnc1C,0.4445109718814346,0.15827048479756067,-0.28624048708387395,0.28624048708387395
COC(=O)Nc1nc2ccccc2[nH]1,-4.520000020975219,-3.820365273403068,0.6996347475721514,0.6996347475721514
O=c1ccc2ccccc2o1,-1.8860301733284315,-2.246177929829414,-0.36014775650098274,0.36014775650098274
CC1(C)CC(O)CC(C)(C)N1[O],0.5627039691164017,0.2153887817058715,-0.34731518741053025,0.34731518741053025
NS(=O)(=O)c1nnc(NS(=O)(=O)c2ccccc2C(=O)O)s1,-2.3199998296011755,-2.0916438268165987,0.2283560027845768,0.2283560027845768
CC1(C)CC(=O)CC(C)(C#N)C1,-1.5404976725055943,-1.5179691959100199,0.022528476595574443,0.022528476595574443
Sc1cnc2ncncc2n1,-2.7099999604591103,-1.956375589256421,0.7536243712026893,0.7536243712026893
NC(=O)N=C(N)N,-0.7813997578230474,-0.8925248109524038,-0.11112505312935639,0.11112505312935639
CC1(C)OC(=O)c2ccccc21,-1.86839985777482,-2.3333392680208567,-0.4649394102460367,0.4649394102460367
ICC1CCC(CI)CC1,-5.748197580565103,-6.27916447633036,-0.5309668957652569,0.5309668957652569
O=S(=O)([O-])CCCSSCCCS(=O)(=O)[O-],0.22865289193808547,-0.3447973072088564,-0.5734501991469418,0.5734501991469418
CCN(CC)C(=S)[S-],-5.533333294391364,-3.209544356724888,2.3237889376664755,2.3237889376664755
CCCCC(CC)COC(=O)OCC(CC)CCCC,-6.979937048755257,-6.277730652763873,0.702206395991384,0.702206395991384
O=C1CC(c2ccccc2)CC(=O)C1[N+](=O)[O-],-1.6687998988350028,-2.4661158437575637,-0.7973159449225609,0.7973159449225609
CCOc1ccc(NC(N)=O)cc1,-2.172999994617669,-1.8153396211058712,0.3576603735117978,0.3576603735117978
Clc1cc(Cl)c(Oc2ccc(Cl)c(Cl)c2Cl)c(Cl)c1,-8.100000598408485,-8.669616685981508,-0.5696160875730225,0.5696160875730225
COC(=O)c1cc(C(=O)O)cc([N+](=O)[O-])c1,-2.0737298659579113,-2.394444265254795,-0.3207143992968837,0.3207143992968837
CCCCCCCCCCNC(=O)NC1CCCCC1,-2.8099998719116965,-4.606999626132003,-1.7969997542203067,1.7969997542203067
C=CC(=O)OCCC(F)(F)C(F)(F)C(F)(F)C(F)(F)C(F)(F)C(F)(F)F,-6.354159466830997,-5.9607109923660655,0.3934484744649316,0.3934484744649316
FC(F)(F)C(Cl)Br,-1.7042998686084063,-2.320232681002471,-0.6159328123940648,0.6159328123940648
CC(C(=O)O)S(=O)(=O)c1ccccc1,-0.8899998846430335,-1.2415299998789204,-0.35153011523588695,0.35153011523588695
Fc1ccccc1Br,-2.6957999932537855,-2.765781302813425,-0.06998130955963955,0.06998130955963955
CCCC(=O)CC,-0.8333998787909564,-0.9799747979244988,-0.14657491913354237,0.14657491913354237
O=[N+]([O-])c1cc([N+](=O)[O-])c(O)c([N+](=O)[O-])c1O,-3.5099999594677276,-2.8982631738386964,0.6117367856290312,0.6117367856290312
CCC(C)C(C)=O,-0.6804998763945864,-0.915683242376381,-0.23518336598179457,0.23518336598179457
CCCCCCCCOP(=O)(Oc1ccccc1)Oc1ccccc1,-6.413099995037417,-5.907974773874083,0.5051252211633335,0.5051252211633335
CCCCC(C)(C)CCC,-4.810800089084827,-5.731373756260911,-0.9205736671760842,0.9205736671760842
CCS(=O)(=O)C(C)(C)S(=O)(=O)CC,-1.9269999426016926,-1.3075521368552832,0.6194478057464095,0.6194478057464095
N#CN,0.33920941221507794,-0.19620747120743065,-0.5354168834225086,0.5354168834225086
CCCCCCCCCCCCCCCCCCn1c(=O)c2ccc3sc4ccccc4c4ccc(c1=O)c2c34,-7.966789720991768,-8.100514610630432,-0.13372488963866402,0.13372488963866402
O=C(O)[C@@H](O)[C@H](O)C(=O)O,0.8236002305908072,0.123992605306952,-0.6996076252838552,0.6996076252838552
CC(=O)OCn1cc(F)c(=O)[nH]c1=O,-0.6699998931110116,-1.5439966547360948,-0.8739967616250832,0.8739967616250832
COc1cc([N+](=O)[O-])c2c(c1OC)C(=O)OC2,-3.209999983562872,-3.0920837302873583,0.11791625327551358,0.11791625327551358
CC(=O)CC(=O)Nc1ccccc1,-1.2990810111577487,-1.7153784607089542,-0.4162974495512055,0.4162974495512055
O=C1CN(N=Cc2ccc([N+](=O)[O-])o2)C(=O)N1,-3.3800000711286926,-3.806306473222447,-0.4263064020937546,0.4263064020937546
CC1(N)CN(c2c(F)cc3c(=O)c(C(=O)O)cn(C4CC4)c3c2F)C1,-5.639999940221808,-4.650556778892517,0.9894431613292918,0.9894431613292918
CCC(C)(O)C(C)C,-0.8503998254354279,-0.6920528669932104,0.15834695844221747,0.15834695844221747
Oc1cccc(N=C=S)c1,-1.9899999113165987,-2.349372474170558,-0.35937256285395947,0.35937256285395947
CC(=O)Nc1ccccc1O,-2.129999987489243,-1.5281216274280565,0.6018783600611866,0.6018783600611866
CCCN(CCC)Cc1cccc(C(=O)OCCOCn2cnc3c(=O)[nH]c(N)nc32)c1,-0.3499998175927628,-2.7377613996261494,-2.3877615820333866,2.3877615820333866
COC(=O)C1(S(=O)(=O)c2ccc(Br)cc2)CCCC1,-4.010399829283481,-3.776063396436453,0.23433643284702743,0.23433643284702743
CC1CCC(C)C(=NO)C1=NO,-1.319999955927293,-1.960544899187214,-0.6405449432599211,0.6405449432599211
Cc1c2ccccc2cc2c1c(F)cc1ccccc12,-7.309999976325365,-7.516382784783136,-0.20638280845777146,0.20638280845777146
O=c1c2ccccc2[nH]c2cc3c(=O)c4c(Cl)c(Cl)ccc4[nH]c3cc12,-7.0666259553321265,-7.752665811176387,-0.6860398558442604,0.6860398558442604
Brc1ccccn1,-0.8805998378247386,-0.8417600308508848,0.03883980697385381,0.03883980697385381
CCCCCCCCCCCCNc1nc(Cl)nc(Nc2ccc3c(O)c(N=Nc4ccc(N=Nc5ccc(S(=O)(=O)[O-])cc5)cc4)c(S(=O)(=O)[O-])cc3c2)n1,-3.3589112497366553,-1.5057052286853878,1.8532060210512675,1.8532060210512675
CN(c1ccc2c(c1)C=C(S(=O)(=O)[O-])/C(=N/Nc1ccccc1S(=O)(=O)[O-])C2=O)c1nc(Cl)nc(Nc2cccc(S(=O)(=O)[O-])c2)n1,-0.7520299773120982,-0.7568190970932291,-0.004789119781130946,0.004789119781130946
CCCCCCCCCCCCCCCCCC(=O)O,-4.970209578699052,-6.039734712387171,-1.0695251336881189,1.0695251336881189
Nc1ccc(S(=O)(=O)Nc2ccc(Cl)c(Cl)c2)cc1,-4.940000042452782,-4.716605279009157,0.22339476344362552,0.22339476344362552
CCOC(=O)C(C)(C)NC(=O)c1ccccc1,-1.1899998605478892,-2.0244037403648143,-0.8344038798169251,0.8344038798169251
C=C(Br)C(=O)Nc1ccc(N=Nc2c(N)ccc3cc(S(=O)(=O)[O-])ccc23)c(S(=O)(=O)c2ccc(C)c(S(=O)(=O)[O-])c2)c1,-1.8948360833021032,-1.3098961098824373,0.5849399734196659,0.5849399734196659
CCCCCCCCCCCC(=O)OCCCCCC,-6.7550878957351905,-6.826475690905971,-0.07138779517078042,0.07138779517078042
CC(C)(N=NC(C)(C)C(=N)N)C(=N)N,-0.1451391699254434,-1.0777678315807178,-0.9326286616552744,0.9326286616552744
S=c1[nH]nc(SSc2n[nH]c(=S)s2)s1,-3.252213202783629,-2.394111620395801,0.8581015823878277,0.8581015823878277
CC(=O)O,1.0017181639717578,0.8815773309483559,-0.12014083302340195,0.12014083302340195
c1ccc2cc3c(cc4c5c(cccc53)CC4)cc2c1,-2.969999970057595,-7.080458460389792,-4.1104584903321975,4.1104584903321975
CC(F)F,-1.3147227729837538,-1.1899885423410688,0.12473423064268507,0.12473423064268507
O=C(O)COc1ccccc1[N+](=O)[O-],-2.015999902787097,-1.99183946499222,0.024160437794876977,0.024160437794876977
CCCCCCCCCCCCCCCCCO,-7.505999848321316,-6.144719638316377,1.3612802100049395,1.3612802100049395
CCCCOC(=O)N(C)SN(C)C(=O)Oc1cccc2c1OC(C)(C)C2,-4.541200126565416,-3.971626137200688,0.569573989364728,0.569573989364728
O=C1CCC2CCCCC2O1,-0.5865600020262036,-1.8077297833419983,-1.2211697813157947,1.2211697813157947
Nc1ccccc1S(=O)(=O)O,-1.7471685431296402,-0.755466571378173,0.9917019717514672,0.9917019717514672
C#CC1(O)CCC2C3CCC4=CC(=O)CCC4(O)C3CCC21C,-4.5700001319817884,-4.597580945680528,-0.02758081369873988,0.02758081369873988
CCCCCCCCCCCCCO,-3.301824043390373,-5.139876952392422,-1.838052909002049,1.838052909002049
CC#N,0.26000018402364544,0.2635433348661289,0.003543150842483467,0.003543150842483467
Nc1ccc(N=Nc2ccc(N=Nc3c(S(=O)(=O)[O-])cc4c(c3N)C(=O)/C(=N\Nc3ccc(N=Nc5ccc(N)cc5N)cc3)C(S(=O)(=O)[O-])=C4)cc2)c(N)c1,-1.5687181029166077,-1.7700703825233806,-0.20135227960677282,0.20135227960677282
OCC(Br)CBr,-0.622199793061915,-0.7983389726260426,-0.1761391795641276,0.1761391795641276
CCCN(CCC)c1c([N+](=O)[O-])cc(C(F)(F)F)c(N)c1[N+](=O)[O-],-7.070000161233775,-5.380833432014173,1.6891667292196022,1.6891667292196022
C=C(Br)C(=O)Nc1ccc(S(=O)(=O)[O-])c(N=NC2C(=O)N(c3cc(Cl)c(S(=O)(=O)[O-])cc3Cl)N=C2C)c1,-0.5501697586675247,-1.3876207206036029,-0.8374509619360782,0.8374509619360782
O=S(=O)(O)c1ncc[nH]1,-0.29999984461310536,-0.11402127856836808,0.18597856604473728,0.18597856604473728
Nc1cccc(S(=O)(=O)Nc2nnc(S(N)(=O)=O)s2)c1,-1.5399998094324026,-2.2599722704457887,-0.7199724610133862,0.7199724610133862
Nc1c2ccccc2nc2ccc(F)cc12,-2.400000021014378,-1.7563358765735513,0.6436641444408269,0.6436641444408269
Clc1cccc(-c2cccc(Cl)c2Cl)c1Cl,-7.2721999260829655,-6.902577933298248,0.3696219927847171,0.3696219927847171
CCCCCCCCSCc1cc(C)c(O)c(CSCCCCCCCC)c1,-7.327113657145691,-6.920700866902379,0.4064127902433121,0.4064127902433121
CCCCCCOC(CO)CO,-1.0558120286448807,-1.0179378579504972,0.03787417069438348,0.03787417069438348
CCOP(=S)(OCC)OC(Cl)C(Cl)(Cl)Cl,-5.526299995040777,-4.475486755792193,1.0508132392485834,1.0508132392485834
CN(C)CC1CC2C3CC=C4CC(O)CCC4(C)C3CCC2(C)C1=O,-1.4899998364527451,-3.421436267845836,-1.931436431393091,1.931436431393091
CC(=O)Oc1ccccc1,-1.373594977868513,-1.6337964118656665,-0.26020143399715345,0.26020143399715345
CC1(C)C(=O)N(Cl)C(=O)N1Cl,-2.595499925026722,-2.5097757230476647,0.08572420197905739,0.08572420197905739
CCC1(c2ccccc2)C(=O)NC(=O)N(C)C1=O,-3.6800000470335483,-2.3446275230014098,1.3353725240321386,1.3353725240321386
CCN(CCOc1ccc(C2CCCCC2)cc1)c1ccc(C=C(C#N)C#N)c(C)c1,-8.386095605126641,-7.24860367329271,1.1374919318339316,1.1374919318339316
CC(=O)OC[C@H]([C@@H](OC(C)=O)c1ccccc1)[N+](=O)[O-],-3.9719998450661347,-3.0980455094632644,0.8739543356028703,0.8739543356028703
CCN(CC)NC(=O)Nc1c(C)cccc1C,-1.0899999145885748,-1.946663049508349,-0.8566631349197742,0.8566631349197742
CCNc1nc(NCC)nc(SC)n1,-2.729999939298955,-2.935308967391354,-0.20530902809239926,0.20530902809239926
Fc1cccc(F)c1C1SCc2nc3ccccc3n21,-3.7599999623929263,-4.449253636866574,-0.6892536744736479,0.6892536744736479
C[N+](C)(C)C,1.0002070453343017,1.0295719949033155,0.02936494956901381,0.02936494956901381
Nc1nc(=O)n(-c2ccccc2)[nH]1,-2.4699999555805157,-2.7629177792344612,-0.2929178236539456,0.2929178236539456
COC(=O)c1cc(N=NC(C(C)=O)C(=O)Nc2ccc3[nH]c(=O)[nH]c3c2)cc(C(=O)OC)c1,-6.377738604284109,-6.8414350476768435,-0.46369644339273464,0.46369644339273464
CCCCCCCC(C)=O,-2.930311379525679,-2.9299486232330665,0.0003627562926125094,0.0003627562926125094
CCc1cccs1,-2.584599905244151,-1.8416016566696478,0.7429982485745033,0.7429982485745033
CN(C)P(=O)(F)N(C)C,0.8121001042996503,1.0468093478371934,0.23470924353754308,0.23470924353754308
CC1(C)OC(c2ccco2)CN1C(=O)C(Cl)Cl,-3.149800011540476,-2.6287347006332498,0.5210653109072263,0.5210653109072263
COc1ccc(OC)cc1,-2.245531480784974,-2.3494008387010656,-0.10386935791609142,0.10386935791609142
O=C1CCC(=O)O1,-0.20166615954083644,0.6109374736705782,0.8126036332114146,0.8126036332114146
FC(F)(F)c1nc2ncncc2[nH]1,-0.45049969702895565,-2.7340603114891002,-2.2835606144601446,2.2835606144601446
O=C(Oc1ccccc1)n1c(=O)[nH]cc(F)c1=O,-3.219999964356112,-2.4231958922383563,0.7968040721177556,0.7968040721177556
NC(=S)NC(N)=S,-1.6995999142127152,-1.2873383715814244,0.4122615426312908,0.4122615426312908
C=C(C)C(=O)OCC(F)(F)C(F)(F)C(F)(F)C(F)F,-4.045967570270895,-4.725197868389643,-0.6792302981187488,0.6792302981187488
Cc1nnc(-c2ccccc2)c(=O)n1N,-2.0505999370913544,-2.3185724932995737,-0.26797255620821936,0.26797255620821936
N#CCCCCCCC#N,-1.0810920717400618,-1.531215362643616,-0.4501232909035542,0.4501232909035542
CCN(C=O)CC,0.9950003941430219,0.11849996235308469,-0.8765004317899372,0.8765004317899372
CC/C=C/CCOC(=O)c1ccccc1O,-4.643981452837425,-3.6577427243074734,0.9862387285299512,0.9862387285299512
Nc1c(Cl)cc(C(F)(F)F)cc1Cl,-3.591642809165948,-4.508730399627846,-0.9170875904618985,0.9170875904618985
CC1CC(C)(c2ccccc2)CO1,-2.433237936733164,-2.5370501170007747,-0.10381218026761063,0.10381218026761063
C[C@H](CCC(=O)O)[C@H]1CC[C@H]2[C@@H]3CC[C@@H]4C[C@H](O)CC[C@]4(C)[C@H]3CC[C@]12C,-6.00000007693993,-5.4259309651175816,0.5740691118223484,0.5740691118223484
CCCCCCCCCCCCCCCCCCO,-5.432168953398656,-6.282405348234587,-0.8502363948359308,0.8502363948359308
CCOCCOC(C)(C)C,-0.6879149581849986,-0.8006474727366983,-0.11273251455169975,0.11273251455169975
ClCCBr,-1.3176998754582967,-1.4530636966553432,-0.13536382119704649,0.13536382119704649
CC12C=CC(=O)C=C1CCC1C2C(O)CC2(C)C1CCC2(O)C(=O)CO,-3.180000023929787,-3.7427020156444843,-0.5627019917146971,0.5627019917146971
CCCCCC(=O)OCN1C(=O)NC(c2ccccc2)(c2ccccc2)C1=O,-5.886000337305067,-4.705167954963162,1.1808323823419045,1.1808323823419045
CCCCNC(=O)Nc1c(C)n(C)n(-c2ccccc2)c1=O,-1.629999843611933,-2.119295724375248,-0.489295880763315,0.489295880763315
CC1COC(Cn2cncn2)(c2ccc(Oc3ccc(Cl)cc3)cc2Cl)O1,-4.909999893032692,-4.726578275541014,0.1834216174916783,0.1834216174916783
O=C1NC(=O)C(c2ccccc2)(c2ccccc2)N1,-3.9900000037316445,-4.098353614486003,-0.10835361075435834,0.10835361075435834
O=[N+]([O-])c1ccc(NS(=O)(=O)c2ccccc2)cc1,-3.930000049958747,-4.257277111341506,-0.3272770613827589,0.3272770613827589
Cc1ccc(NS(=O)(=O)c2ccc(N)cc2)c(Cl)c1,-4.32000012905659,-4.450195394490192,-0.1301952654336027,0.1301952654336027
CCc1cc(Cc2cc(CC)c(N)c(CC)c2Cl)c(Cl)c(CC)c1N,-7.2780384644794225,-6.242556702557666,1.0354817619217567,1.0354817619217567
CCCCC(CC)COC(=O)[C@H](C)O,-2.673525727724208,-2.45858019545913,0.21494553226507795,0.21494553226507795
ClCCOCCOCCCl,-0.9954999270094871,-1.0884766495828233,-0.09297672257333622,0.09297672257333622
Clc1cc(Cl)cc(C2(CC(Cl)(Cl)Cl)CO2)c1,-5.249999930137422,-6.120841810624732,-0.8708418804873101,0.8708418804873101
CC12CCC(=O)C=C1CCC1C2CCC2(C)C(OC(=O)CCc3ccccc3)CCC12,-5.270000029750815,-5.728938685471544,-0.4589386557207291,0.4589386557207291
Cc1ccc(S(=O)(=O)Oc2ccc(Nc3cc(S(=O)(=O)[O-])c(N)c4c3C(=O)c3ccccc3C4=O)cc2)cc1,-2.6221985052078365,-2.44825516128708,0.17394334392075628,0.17394334392075628
CCN1c2ccccc2C(=O)N(C)c2ccccc21,-4.749000057333268,-3.8164950677915446,0.932504989541723,0.932504989541723
C#CC1(OC(C)=O)CCC2C3CCC4=CC(=O)CCC4C3CCC21C,-4.789999985486898,-5.195726091840793,-0.40572610635389506,0.40572610635389506
CCC(CC)(C(=O)NC(N)=O)C(=O)OC,-1.959999899923422,-1.8462797337997163,0.11372016612370572,0.11372016612370572
CCC(CC)(C(N)=O)C(N)=O,-1.19919990637005,-1.0332832759954813,0.16591663037456872,0.16591663037456872
CNc1cccc(C)c1,-2.049999865089496,-1.2250919607950157,0.8249079042944805,0.8249079042944805
C=CC(C)(O)CCCC(C)CCCC(C)CCCC(C)C,-4.708653962663893,-5.609471147727052,-0.9008171850631594,0.9008171850631594
COc1ccc2cc(C(C)C(=O)OCCOC(=O)C(N)CC(C)C)ccc2c1,-3.819999916165824,-4.153440569323848,-0.3334406531580245,0.3334406531580245
Cc1cc(C)c(C)cn1,-0.7823997628037169,-0.6037708537928923,0.17862890901082462,0.17862890901082462
CC(=O)Oc1c([N+](=O)[O-])cc([N+](=O)[O-])c(C)c1C(C)(C)C,-4.4717002635030685,-4.472573835831938,-0.0008735723288690878,0.0008735723288690878
O=S(=O)(c1ccccc1)c1ccccc1,-4.192880103232279,-3.5046314717216056,0.6882486315106737,0.6882486315106737
O=c1oc(-c2ccccc2)nc2ccccc12,-4.6083999091587655,-4.324981934407496,0.28341797475126995,0.28341797475126995
CCc1nnc(NS(=O)(=O)c2ccc(N)cc2)s1,-3.1199998286097927,-2.78953040315585,0.33046942545394264,0.33046942545394264
CCOC(=S)SC(CC(=O)O)C(=O)O,-1.1899998605478892,-1.2803144580608836,-0.09031459751299442,0.09031459751299442
c1ccc(-c2cnc(-c3ccccc3)o2)cc1,-5.553210273998854,-4.265051753238839,1.2881585207600148,1.2881585207600148
NS(=O)(=O)c1cc(C(=O)O)c(NCc2ccco2)cc1Cl,-3.8299998969590643,-2.876025019600087,0.9539748773589771,0.9539748773589771
COc1ccccc1NC(=O)c1cc2ccccc2cc1[O-],-5.17651039917083,-4.581427656116999,0.5950827430538315,0.5950827430538315
NC1CONC1=O,-0.009999780488033405,-0.2222868281525856,-0.2122870476645522,0.2122870476645522
C=C(C)C(=O)O,0.056273565468980546,-0.4983693626419248,-0.5546429281109053,0.5546429281109053
CC(=O)Nc1ccc(/C=N/NC(N)=S)cc1,-3.4289998665940393,-2.209002934460025,1.2199969321340145,1.2199969321340145
CC(C)CC(NC(=O)CC(O)C(CC(C)C)NC(=O)C(Cc1c[nH]cn1)NC(=O)C(Cc1ccccc1)NC(=O)OC(C)(C)C)C(=O)NCc1ccccn1,-3.4200000288083814,-2.9038728808676812,0.5161271479407001,0.5161271479407001
CCCCCCCCCCCCCCCCO,-6.769700252848175,-5.984899380610713,0.7848008722374615,0.7848008722374615
COC(C)(C)CCCC(C)CC=CC(C)=CC(=O)OC(C)C,-5.190000045377981,-5.451267185166128,-0.2612671397881474,0.2612671397881474
CC(=O)Oc1ccccc1C(=O)OCN1C(=O)CCC1=O,-2.7699999142320078,-1.8394260074622213,0.9305739067697865,0.9305739067697865
CC(=O)Nc1ccc(S(=O)(=O)Nc2ccccn2)cc1,-3.716200089306877,-3.345474157276419,0.37072593203045834,0.37072593203045834
CCC#CCC,-2.1674998982105294,-2.137438671881683,0.030061226328846224,0.030061226328846224
CNC(=O)/C(C#N)=c1\[nH]c(=C2C(=O)NC(=O)NC2=O)c2ccccc12,-7.528009895833744,-5.370168368543313,2.157841527290431,2.157841527290431
C[N+](C)(C)c1ccc2c(c1)/C(=N/Nc1ccc(N)c([N+](=O)[O-])c1)C(=O)C=C2,-1.397242300616373,-2.8444357232035995,-1.4471934225872265,1.4471934225872265
CC(C)c1ccccc1OP(=O)(Oc1ccccc1)Oc1ccccc1,-5.223899869155401,-5.60278181144228,-0.37888194228687855,0.37888194228687855
CCCCCCCCCCC(C)CCCCCCCC,-6.451104877217887,-7.365938143132265,-0.9148332659143783,0.9148332659143783
Nc1ccc(Nc2ccccc2)cc1,-2.563130302107404,-3.624106946013563,-1.0609766439061588,1.0609766439061588
CNC1=C(c2cccc(C(F)(F)F)c2)C(=O)C(c2ccccc2)O1,-3.9788000169616007,-4.312688567450512,-0.3338885504889113,0.3338885504889113
CCCC(C)CC,-4.306300129834872,-4.389608343245206,-0.08330821341033445,0.08330821341033445
CCOCCOCCOCC,0.7899004078095215,0.15374623866141324,-0.6361541691481083,0.6361541691481083
CC(=O)CC(=O)CC(C)C,-1.599999832218756,-1.1260997493234677,0.4739000828952884,0.4739000828952884
COc1ccccc1O,-0.8220997534959333,-0.7361988425622172,0.0859009109337161,0.0859009109337161
Clc1cccc(-c2c(Cl)cc(Cl)c(Cl)c2Cl)c1Cl,-8.4799997305247,-8.33389051419375,0.14610921633095053,0.14610921633095053
CC(CC(C)O[N+](=O)O)O[N+](=O)O,-2.219999952655317,-1.9732105247270635,0.24678942792825342,0.24678942792825342
CN(C)CCC=C1c2ccccc2CCc2ccccc21,-4.550000170395308,-4.021637704440991,0.5283624659543174,0.5283624659543174
CC(C)Cl,-1.4036998897151487,-1.422858301216447,-0.019158411501298378,0.019158411501298378
CC1c2nc3ccccc3c(=O)n2C(C)CN1C,-2.0899997882624572,-1.4890482789183441,0.6009515093441131,0.6009515093441131
CC1(C(=O)O)CCOC1=O,0.8412003182505932,0.04603914596495118,-0.795161172285642,0.795161172285642
Cc1cc(C)c(S(=O)(=O)O)c(C)c1Nc1ccc(Nc2c(C)cc(C)c(S(=O)(=O)O)c2C)c2c1C(=O)c1ccccc1C2=O,-2.820609267403431,-1.9702389433290182,0.8503703240744129,0.8503703240744129
CC1CCCC(OC2CCCC(C)O2)O1,-1.1082997986944605,-1.7670101878475453,-0.6587103891530848,0.6587103891530848
COc1ccc2cc(C(C)C(=O)OC(C)(C)C)ccc2c1,-6.5000000827903275,-6.241035922036339,0.25896416075398854,0.25896416075398854
O=[N+]([O-])c1ccc(CCc2ccc([N+](=O)[O-])cc2)cc1,-4.589885669257852,-5.485653277756095,-0.8957676084982431,0.8957676084982431
CC(C)CC(NC(=O)CN)C(=O)O,-0.4299999399925092,-0.695683526898184,-0.26568358690567484,0.26568358690567484
NC(=O)NN=CCOC1CCCCC1,-1.739999839377944,-1.313845611955161,0.42615422742278297,0.42615422742278297
O=C(O)CCCCCCC(=O)O,-1.1672998165001447,-1.4645185501192182,-0.29721873361907347,0.29721873361907347
CCc1cccc(C)c1N(C(=O)CCl)C(C)COC,-2.728699846557264,-2.5471900915899632,0.18150975496730082,0.18150975496730082
CN(C)S(=O)(=O)Nc1nnc(S(N)(=O)=O)s1,-2.6799999835726616,-1.5424961641708967,1.1375038194017648,1.1375038194017648
C=Cc1ccc(C(C)(C)C)cc1,-4.5633512375823635,-5.468148428665897,-0.9047971910835333,0.9047971910835333
COC(=O)c1ccc(OC)cc1,-2.3399998256943837,-2.6160768736139537,-0.27607704791957,0.27607704791957
COc1cc2c(c3c1c(=O)c1cccnc1n3C)C=CC(C)(C)O2,-3.960000061351924,-4.404030913353578,-0.44403085200165426,0.44403085200165426
NC1CCC(CC2CCC(N)CC2)CC1,-1.6240034024276386,-1.1871907368257928,0.43681266560184584,0.43681266560184584
O=C(c1ccccc1)C(F)(F)F,-1.1599998491547125,-2.470232875995268,-1.3102330268405555,1.3102330268405555
CNC=O,1.2286482107238572,1.0378237958369736,-0.19082441488688362,0.19082441488688362
CC(C=O)Cc1ccc2c(c1)OCO2,-2.3134380991969596,-2.870256107154278,-0.5568180079573182,0.5568180079573182
CCCCCCCCCCCCN(CCCN)CCCN,-0.19771113639161486,-1.1418128710632074,-0.9441017346715925,0.9441017346715925
C=CCCCCCC,-4.437300230194945,-4.5375908608318705,-0.10029063063692512,0.10029063063692512
CCC1(C(C)C)C(=O)NC(=O)NC1=O,-2.1479998701009277,-1.8791650597706597,0.268834810330268,0.268834810330268
CCCCN(CCCC)C(=S)SCSC(=S)N(CCCC)CCCC,-6.240523566137339,-6.4101183376747635,-0.1695947715374242,0.1695947715374242
COC(=O)c1ccccc1S(=O)(=O)NC(=O)Nc1nc(OC(F)F)cc(OC(F)F)n1,-5.151999994139446,-4.6487127393422405,0.5032872547972058,0.5032872547972058
CC1=C[C@H]2C(=O)O[C@H]3CC(C/C=C(\C)C[C@@H](C)/C=C/C=C4\CO[C@H]([C@@H]1O)[C@@]42O)O[C@@]1(CC[C@H](C)C(C)O1)C3,-5.77869987189267,-4.119636260169841,1.6590636117228286,1.6590636117228286
COc1cc2c(cc1OC)C13CCN4CC5=CCOC6CC(=O)N2C1C6C5CC43,-2.7899998930718524,-3.0059327577217005,-0.21593286464984818,0.21593286464984818
CCC(C)OP(=S)([S-])OC(C)CC(C)C,-2.990876851125572,-2.090560798648093,0.9003160524774789,0.9003160524774789
Brc1ccc(-c2ccccc2)cc1,-5.552599918992019,-5.388798136969944,0.16380178202207496,0.16380178202207496
N#Cc1ccccc1O,-0.7749653572455628,-1.381501159413407,-0.6065358021678442,0.6065358021678442
Cc1ccc2c(ccc3ccccc32)c1,-5.8367001607715085,-6.192268805438647,-0.3555686446671382,0.3555686446671382
S=C=Nc1cccc(Cl)c1,-3.950700015031696,-3.7497313812280666,0.20096863380362961,0.20096863380362961
CCCCCCCCCCN1CCCCC1,-1.5299998976526186,-4.05161135269389,-2.521611455041272,2.521611455041272
CC(C)(C)COC(N)=O,-0.7999998504635029,-1.2924368096733463,-0.49243695920984343,0.49243695920984343
CCCCCCOC(=O)c1ccccc1O,-5.04587841658625,-3.8917845387098855,1.1540938778763645,1.1540938778763645
C/C(I)=C/C(=O)O,-1.1599998491547125,-1.0001156849885862,0.15988416416612639,0.15988416416612639
Cc1cc[n+]([O-])cc1,0.9621002992924468,0.4537331020095867,-0.5083671972828601,0.5083671972828601
O=C(O)C(F)(F)F,0.9430114533550209,0.24861600033894282,-0.6943954530160781,0.6943954530160781
CN1CCCC(CN2c3ccccc3Sc3ccccc32)C1,-4.739999736453416,-4.1295149843204975,0.6104847521329182,0.6104847521329182
Clc1ccc(-c2c(Cl)cccc2Cl)c(Cl)c1Cl,-6.779799958085658,-7.56192642086757,-0.7821264627819122,0.7821264627819122
[NH3+]CCCCCCCCCCCC(=O)[O-],-3.1963979834489904,-2.189216293466729,1.0071816899822612,1.0071816899822612
CCC(C)C1CCCCC1=O,-2.427057643701492,-2.624035539892305,-0.19697789619081307,0.19697789619081307
Cn1nc(S(N)(=O)=O)sc1=NS(=O)(=O)c1ccc([N+](=O)[O-])cc1,-2.6999999796658702,-2.59127029733519,0.10872968233068026,0.10872968233068026
CC(C)OP(=O)(OC(C)C)SCc1ccccc1,-2.8578998387452885,-3.2376825576028123,-0.3797827188575238,0.3797827188575238
O=S(=O)(NS(=O)(=O)c1ccc(Cl)cc1)c1ccc(Cl)cc1,-2.479999936373756,-3.237519582325942,-0.7575196459521858,0.7575196459521858
CCCCNC1(P(=O)(OCCCC)OCCCC)CCCCC1,-3.3104998629990647,-3.520317609199962,-0.20981774620089721,0.20981774620089721
C=C[C@H]1CN2CC[C@H]1C[C@H]2[C@@]12Nc3ccccc3[C@]1(O)CCO2,-2.670599867740911,-3.1238586642544033,-0.45325879651349243,0.45325879651349243
CC1COc2ccccc2N1C(=O)C(Cl)Cl,-3.83539005493044,-3.4319831457729144,0.40340690915752564,0.40340690915752564
c1ccc2c(c1)c1ccccc1c1ccccc21,-6.744699990304522,-6.372835612300211,0.37186437800431094,0.37186437800431094
CC(C)CCCCCN(CCCCCC(C)C)CCCCCC(C)C,-4.0572476126501575,-5.697394843062661,-1.640147230412503,1.640147230412503
CO[Si](OC)(C(C)C)C(C)C,-6.246331186505408,-5.045234383012778,1.2010968034926304,1.2010968034926304
CN(C)c1cc[nH+]cc1,-0.20619979150703038,0.3454901888390105,0.5516899803460409,0.5516899803460409
Cc1ccncc1C,-0.3139996382886556,-0.39005357126157714,-0.07605393297292151,0.07605393297292151
O=C1CC(=O)NC(=O)N1,-1.0486614064187147,-0.8536481507929268,0.19501325562578797,0.19501325562578797
Cc1ccccc1CCl,-3.08132691342645,-2.9309246417243577,0.15040227170209208,0.15040227170209208
OC[P+](CO)(CO)CO,0.7795793074044761,0.7808742758970424,0.001294968492566273,0.001294968492566273
O=S(=O)([O-])c1cc(Nc2nc(Nc3ccccc3)nc(N(CCO)CCO)n2)ccc1/C=C/c1ccc(Nc2nc(Nc3ccccc3)nc(N(CCO)CCO)n2)cc1S(=O)(=O)[O-],-1.2996598960285464,-1.313442849424644,-0.013782953396097586,0.013782953396097586
CCC(=O)OC1C(C)CCCC1(C)C,-3.8031811298439373,-3.777370649324227,0.025810480519710133,0.025810480519710133
COc1ccc(C(=O)O)cc1[N+](=O)[O-],-2.66131942124225,-2.4786166306572244,0.1827027905850258,0.1827027905850258
CCCn1c(=O)c2[nH]c(C3CCC(=O)C3)nc2n(CCC)c1=O,-3.1600000278365785,-3.4176341095021483,-0.2576340816655698,0.2576340816655698
CCCCOC(=O)C(C)Oc1ccc(Oc2ccc(C#N)cc2F)cc1,-5.708000278907344,-5.9933322728535,-0.2853319939461567,0.2853319939461567
Cc1ccc(N)cc1S(=O)(=O)O,-1.619999931832149,-1.2151502963722838,0.4048496354598652,0.4048496354598652
Oc1ccc(-c2ccccc2)cc1O,-2.0659000132956,-2.335242038022378,-0.2693420247267784,0.2693420247267784
CC(=O)CCl,-0.011999790449372938,-0.10562979439931475,-0.09363000394994181,0.09363000394994181
NC(=O)C(Cl)CCl,-0.5137996672380631,-1.2334305806566024,-0.7196309134185392,0.7196309134185392
CC(=O)Oc1ccccc1C(=O)OCS(C)(=O)=O,-3.393599931825431,-2.2890361143053024,1.1045638175201287,1.1045638175201287
CC(=O)Nc1ccc(S(=O)(=O)NC(C)=O)cc1,-2.77999990365193,-2.314831273837731,0.4651686298141988,0.4651686298141988
CN(C(=O)CNC(=O)CN)c1ccc(Cl)cc1C(=O)c1ccccc1Cl,-2.3299998449011436,-2.3761058716403367,-0.04610602673919306,0.04610602673919306
NS(=O)(=O)c1ccc(SCCCCO)cc1,-2.5141000026944065,-2.028642753886393,0.48545724880801355,0.48545724880801355
CC(=O)Oc1ccc(C(C)(C)CC(C)(C)C)cc1C1C(=O)Oc2ccc(C(C)(C)CC(C)(C)C)cc21,-6.692582684487946,-7.611554273291274,-0.9189715888033279,0.9189715888033279
CNC1CN(c2c(F)cc3c(=O)c(C(=O)O)cn(C4CC4)c3c2F)C1,-5.309999952923776,-4.264320210602877,1.0456797423208988,1.0456797423208988
C[C](C)C,-4.376546442439725,-3.756898842737551,0.6196475997021742,0.6196475997021742
COCOC,0.5060003050530781,0.5298411415321871,0.02384083647910895,0.02384083647910895
CC(=O)Nc1ccc(S(=O)(=O)Nc2nc(C)cs2)cc1,-4.150000110504225,-3.039952483752626,1.1100476267515988,1.1100476267515988
COc1cc(C(Cl)(Cl)Cl)cc(Cl)n1,-4.3635001386753505,-4.445274044926938,-0.08177390625158765,0.08177390625158765
O=C1c2ccccc2C(=O)c2c(Nc3nc(Nc4cccc5c4C(=O)c4ccccc4C5=O)nc(-c4ccccc4)n3)cccc21,-7.777865660635436,-6.991941525384492,0.7859241352509443,0.7859241352509443
CC(=O)Nc1ncc2ncn(COCCO)c2n1,-0.859999735222944,-1.0258370001228565,-0.16583726489991246,0.16583726489991246
O=c1nc[nH]c2cccnc12,-2.0655998047610304,-1.5019312968452954,0.5636685079157351,0.5636685079157351
CCC1(C2=CC3CCC(C2)C3)C(=O)NC(=O)NC1=O,-2.769599843226284,-3.4246690651756846,-0.6550692219494008,0.6550692219494008
Oc1ccc(-c2ccccc2)cc1,-3.4811999540513545,-3.0249323261268204,0.4562676279245341,0.4562676279245341
N=NN=NC1=CCc2c(cccc2S(=O)(=O)Oc2ccc(C(=O)c3ccc(O)c(O)c3O)cc2)C1=O,-5.105290996833235,-3.8641365059047845,1.2411544909284502,1.2411544909284502
CC(C)=CC=C(C)C,-3.5369998869054395,-3.6058815964403976,-0.06888170953495809,0.06888170953495809
CC(C)(c1ccccc1)c1cc(-n2nc3ccccc3n2)c(O)c(C(C)(C)c2ccccc2)c1,-7.048812202011874,-7.649430514389344,-0.6006183123774704,0.6006183123774704
O=C(O)c1cccc2cccnc12,-1.7446998627870913,-2.5190076185798724,-0.7743077557927811,0.7743077557927811
NC(=O)C1CCCC(C(N)=O)N1,0.28930026094381,0.024464159280552344,-0.26483610166325766,0.26483610166325766
NS(=O)(=O)c1cc2c(s1)CC(O)CS2(=O)=O,-1.589999920438972,-2.1554866568723554,-0.5654867364333833,0.5654867364333833
COC(=O)CC(=O)OC,0.02734229645887165,-0.32316076052150633,-0.350503056980378,0.350503056980378
CN(C)C(=O)N(C)C,0.9349004398720577,1.1635497498455813,0.22864930997352362,0.22864930997352362
COc1ccccc1NC(=O)C(N=Nc1ccc(Cl)cc1[N+](=O)[O-])C(C)=O,-7.306378702250438,-7.3518616064933955,-0.045482904242957645,0.045482904242957645
CCCCCCCS,-4.15490006589605,-4.33625224588943,-0.18135217999337971,0.18135217999337971
Clc1ccc(-c2cc(Cl)c(Cl)c(Cl)c2)cc1,-7.960000453222385,-7.611496301988046,0.348504151234339,0.348504151234339
C=C(C)C1(O)[C@H]2OC(=O)[C@@H]1[C@]1(O)[C@H]3O[C@H]3[C@]3(CO3)[C@]1(C)[C@@H]2O,-1.419999763859695,-1.6158436654445818,-0.19584390158488674,0.19584390158488674
O=S(=O)(O)OCCOc1ccc(Cl)cc1Cl,-0.06009996100612636,-1.3832262197651544,-1.323126258759028,1.323126258759028
CCCCCCCCCCCC(=O)OCCOCC(OCCO)C1OCC(OCCO)C1OCCO,-6.417202706982955,-2.915743540405299,3.501459166577656,3.501459166577656
CCCCCCCCNC(=O)n1cc(F)c(=O)[nH]c1=O,-4.179999845843577,-3.320892357824573,0.8591074880190042,0.8591074880190042
Nc1c(N=Nc2ccc(S(=O)(=O)CCOS(=O)(=O)[O-])cc2)c(S(=O)(=O)[O-])cc2c1C(=O)/C(=N\Nc1ccc(S(=O)(=O)CCOS(=O)(=O)[O-])cc1)C(S(=O)(=O)[O-])=C2,-0.2552863023801213,0.04264423602643497,0.29793053840655626,0.29793053840655626
Cc1cc(C)c2ccccc2n1,-1.9423998812770926,-2.029126193147234,-0.08672631187014135,0.08672631187014135
N[C@@H](Cc1cc(I)c(O)c(I)c1)C(=O)O,-2.8582999054376717,-2.6438946795213627,0.21440522591630895,0.21440522591630895
CC(CO)(CO)[N+](=O)[O-],0.7724005276881716,0.3436845207703949,-0.42871600691777667,0.42871600691777667
CC1=C(O)C(=O)C(C)O1,0.39066998598223623,-0.22626862852282104,-0.6169386145050573,0.6169386145050573
CCC(O)C(C)(C)C,-1.1513998063209534,-0.9850573629214896,0.1663424433994638,0.1663424433994638
C=CC1(C=C)C(=O)NC(=O)NC1=O,-2.0599998458827367,-1.6986796887874394,0.3613201570952973,0.3613201570952973
NC(=O)COC(=O)c1ccccc1,-1.640499826895508,-1.6445336634117358,-0.004033836516227796,0.004033836516227796
Cc1cn(C2CC(N=[N+]=[N-])C(CO)O2)c(=O)[nH]c1=O,-1.1599998491547125,-1.389931843225595,-0.22993199407088238,0.22993199407088238
COC(/C=C\C(OC)OC)OC,0.05500040522858107,-0.6371068376329712,-0.6921072428615522,0.6921072428615522
CCOC(=O)c1ccccc1C(=O)OCC,-2.349999806487624,-2.2506655988337636,0.09933420765386058,0.09933420765386058
Nc1ccc(F)cc1,-0.5272741304848445,-0.9766512478997169,-0.4493771174148724,0.4493771174148724
CCCCC(=O)O[C@]1(C(=O)CO)[C@@H](C)C[C@H]2[C@@H]3CCC4=CC(=O)C=C[C@]4(C)[C@@]3(F)[C@@H](O)C[C@@]21C,-4.7101002086524995,-4.778870461455658,-0.06877025280315863,0.06877025280315863
C=CC(C)(CCC=C(C)C)OC(=O)CC,-4.382358065588255,-4.037135021103121,0.34522304448513363,0.34522304448513363
OCCN1CCN(CCCN2c3ccccc3Sc3ccc(C(F)(F)F)cc32)CC1,-4.148799828473597,-4.156092480392669,-0.007292651919072135,0.007292651919072135
CCOC(=O)NS(=O)(=O)c1ccc(C)cc1,-2.243098618426205,-2.527578537735105,-0.2844799193088998,0.2844799193088998
CC(C)(c1ccc(OCC2CO2)cc1)c1ccc(OCC2CO2)cc1,-4.799620185230544,-5.2782642531065935,-0.47864406787604974,0.47864406787604974
CCCCCCCCCC(C(=O)O)C(=O)O,-3.3015999221912895,-2.602191193688268,0.6994087285030215,0.6994087285030215
CC(=O)C(N=Nc1ccc(S(=O)(=O)[O-])cc1[N+](=O)[O-])C(=O)Nc1ccccc1,-4.674562005424349,-2.5204965838978812,2.1540654215264676,2.1540654215264676
CCCCC[N+](=O)[O-],-1.9547998740239398,-2.0156838901710525,-0.060884016147112696,0.060884016147112696
COP(=O)(OC)OC,0.552600399125371,0.6402378266445674,0.08763742751919645,0.08763742751919645
CCCCCCCC(=O)OCn1cnc2c1c(=O)n(C)c(=O)n2C,-3.45000000569483,-3.5986567847487922,-0.14865677905396213,0.14865677905396213
CCCCCCCCCCCCCCCCCCC1CC(=O)N(CCNCCNCCNCCN2C(=O)CC(CCCCCCCCCCCCCCCCCC)C2=O)C1=O,-10.2347176488954,-7.031063873448122,3.203653775447277,3.203653775447277
Clc1ccc(-c2ccccc2)cc1,-5.199999819130852,-5.24087828360153,-0.04087846447067811,0.04087846447067811
OCCOCCOc1ccccc1,-0.7165253146236714,-1.0798411338325657,-0.36331581920889433,0.36331581920889433
CC(=O)c1ccc(N=C=S)cc1,-4.019999946111366,-3.845595764836681,0.1744041812746846,0.1744041812746846
C#C[C@]1(O)CC[C@H]2[C@@H]3CCC4=CC(=O)CC[C@@H]4[C@H]3CC[C@@]21C,-4.627100071310744,-5.145623702892102,-0.518523631581358,0.518523631581358
CCC1(C)Nc2cccc3cccc(c23)N1,-3.247760489094856,-3.3098631103452245,-0.06210262125036836,0.06210262125036836
Clc1ccc(-c2ccc(Cl)c(Cl)c2)cc1Cl,-8.530000255612007,-7.342929056827554,1.1870711987844533,1.1870711987844533
CN1C2CCC1C(C(=O)O)C(O)C2,-0.019999830294729737,-0.33566682695056826,-0.3156669966558385,0.3156669966558385
Clc1ccc2c(c1)Oc1ccccc1O2,-5.835899880733148,-6.032030602242097,-0.19613072150894872,0.19613072150894872
CCOC(=O)C(C)C1CCCCC1,-3.327456676233397,-3.6565245677916836,-0.32906789155828653,0.32906789155828653
Nc1cc(S(=O)(=O)O)cc2cc(S(=O)(=O)[O-])cc(O)c12,-1.4762287533711178,-1.4368919114855465,0.039336841885571294,0.039336841885571294
CC(C)c1ccc(C(C)C)cc1,-6.602799490587868,-5.798370363239142,0.8044291273487261,0.8044291273487261
O=C(O)c1ccc(Cl)o1,-1.6899998663982867,-1.670044763558351,0.019955102839935623,0.019955102839935623
CCC(C)(C)CO,-1.039999803582005,-0.9636235777685225,0.07637622581348258,0.07637622581348258
CCC(=O)OCCc1ccccc1,-3.1174442258191313,-2.794715815455977,0.32272841036315425,0.32272841036315425
C1=CC=CCC=C1,-2.172099990135066,-2.014522945810471,0.15757704432459496,0.15757704432459496
O=C(O)CN(CCCN(CC(=O)O)CC(=O)O)CC(=O)O,-1.4690724720415416,-0.8235101124873041,0.6455623595542375,0.6455623595542375
O=C(O)CCCCCCCCCC(=O)O,-1.6273999686891043,-2.422313969281284,-0.7949140005921798,0.7949140005921798
C/C=C/C#N,-0.42869972647726984,-0.346692140662912,0.08200758581435785,0.08200758581435785
CC(=O)NC(Cc1ccc(O)cc1)C(=O)O,0.010000319125359258,-1.6115152794971948,-1.621515598622554,1.621515598622554
Cc1ccc(N/N=C2\C(=O)C=Cc3ccccc32)c(C)c1,-6.705444584297293,-6.932108515162197,-0.22666393086490366,0.22666393086490366
CC(C)C1C(=O)NC(=O)NC1=O,-1.4555999411715344,-1.4521324290770716,0.0034675120944627214,0.0034675120944627214
CC(C)(c1cc(Br)c(OCC2CO2)c(Br)c1)c1cc(Br)c(OCC2CO2)c(Br)c1,-7.395302264539804,-6.665102630435292,0.7301996341045127,0.7301996341045127
CCC(C)C(C)(C)O,-0.8899998846430335,-0.7814571770186247,0.10854270762440876,0.10854270762440876
Cc1cc(C)c(Nc2ccc(Nc3c(C)cc(C)cc3C)c3c2C(=O)c2ccccc2C3=O)c(C)c1,-7.825073625230141,-7.511611470473712,0.31346215475642936,0.31346215475642936
Cc1cc(Cc2cc(Cl)ccc2Cl)c(Cl)cc1Cl,-8.060000951289348,-7.691738523592223,0.36826242769712536,0.36826242769712536
CCCCCCCCC(=O)OCC,-3.8006999580658123,-3.986321172434227,-0.18562121436841483,0.18562121436841483
C=CC(C)(O)CC/C=C(\C)CCC=C(C)C,-3.985352292522314,-3.658664330001874,0.32668796252043997,0.32668796252043997
COc1nn(CSP(=S)(OC)OC)c(=O)s1,-3.099999849769948,-3.407044270698571,-0.30704442092862294,0.30704442092862294
Cc1ccc2cc(C)c(C)cc2c1,-5.000699999712149,-5.576114459850107,-0.5754144601379583,0.5754144601379583
CC12CCC(CC1=O)C(C)(C)O2,-0.9248998514280351,-0.9398038594070175,-0.014904007978982392,0.014904007978982392
CCOP(=S)(OCC)Oc1nc(Cl)c(Cl)cc1Cl,-5.495600325228412,-5.829621312539815,-0.33402098731140306,0.33402098731140306
CC(O)COc1ccc(C(C)(C)c2ccc(OCC(C)O)cc2)cc1,-3.49970101238213,-3.645788765528195,-0.14608775314606515,0.14608775314606515
OCCC(F)(F)C(F)(F)C(F)(F)C(F)(F)C(F)(F)C(F)(F)F,-4.287064147208779,-5.530606434709084,-1.243542287500305,1.243542287500305
CC(=O)Nc1ccc(S(=O)(=O)N=c2sc(S(N)(=O)=O)nn2C)cc1,-1.6899998663982867,-2.563352628956626,-0.8733527625583393,0.8733527625583393
Cc1cc(C)cc(N2C(=O)c3ccc4c5ccc6c7c(ccc(c8ccc(c3c48)C2=O)c75)C(=O)N(c2cc(C)cc(C)c2)C6=O)c1,-7.476149044020493,-7.488082022709079,-0.011932978688586005,0.011932978688586005
CC1C(=O)NC(=O)NC1=O,-1.1299998377615357,-1.201711029988176,-0.07171119222664024,0.07171119222664024
Cc1ccc(O)c(C(C)(C)C)c1,-2.6917535445284333,-2.935941467090955,-0.24418792256252164,0.24418792256252164
C=CC1CN2CCC1C[C@H]2[C@H](O)c1ccnc2ccc(OC)cc12,-2.7899998930718524,-2.712429941506082,0.07756995156577018,0.07756995156577018
CCCCCCCCCC(=O)Oc1ccc(C(=O)O)cc1,-5.42454765940105,-4.817254089483878,0.6072935699171715,0.6072935699171715
CC12CCCC1C1CCC3CC(=O)C(=O)CC3(C)C1CC2,-3.7599999623929263,-4.730358142538341,-0.9703581801454146,0.9703581801454146
CCC1(CO)COCOC1,0.8350945597516417,0.07109461927358307,-0.7639999404780586,0.7639999404780586
Clc1ccc(Oc2c(Cl)cc(Cl)cc2Cl)c(Cl)c1,-7.330000351992583,-7.915759515137614,-0.5857591631450312,0.5857591631450312
COP(=S)(OC)SCC(=O)N(c1ccc(Cl)cc1)C(C)C,-4.432099790214726,-4.188876218556053,0.2432235716586728,0.2432235716586728
NC(C(=O)NCC(=O)O)c1ccccc1,-1.409999852079911,-0.9064961710839903,0.5035036809959208,0.5035036809959208
CCCCCCOC(=O)CCCCC(=O)OCCCCCC,-5.082600200588623,-5.494893351382864,-0.4122931507942411,0.4122931507942411
CC(=O)Nc1ccc(NC(=O)c2cc3ccccc3cc2O)cc1,-5.250349690333559,-5.163884249327941,0.08646544100561826,0.08646544100561826
CCC(O)CN,1.049900322514504,0.7286247402983439,-0.32127558221616015,0.32127558221616015
Clc1c(Cl)c(Cl)c2c(oc3c(Cl)c(Cl)c(Cl)c(Cl)c32)c1Cl,-11.582700622209137,-11.3316887439888,0.25101187822033744,0.25101187822033744
CC(C)(C)C1CCC(O)CC1,-3.1032621330989683,-2.3845475285920643,0.7187146045069039,0.7187146045069039
CO/N=C(\C)c1cccc(Oc2nc(OC)cc(OC)n2)c1C(=O)OC,-3.6036998740488233,-3.5667990001275514,0.03690087392127195,0.03690087392127195
NC(=O)OCC1CSC2(CCCCC2)S1,-3.519999940260968,-2.797079698865251,0.722920241395717,0.722920241395717
C/C=C/C=C/C(=O)O,-1.7699998507711208,-1.4921291776310461,0.27787067314007463,0.27787067314007463
O=C(OOC(=O)c1ccc(Cl)cc1Cl)c1ccc(Cl)cc1Cl,-8.278765325901157,-6.736119685319242,1.542645640581915,1.542645640581915
CC(C)CC(N)C(=O)NC(Cc1c[nH]c2ccccc12)C(=O)O,-1.1199997879548391,-2.1620182283962017,-1.0420184404413626,1.0420184404413626
Cc1cc(C)c(O)c(C)c1,-2.0549999590063006,-2.0348782576830433,0.0201217013232573,0.0201217013232573
O=C(O)/C=C/c1cccc(Br)c1,-2.6359998334366535,-2.796207109978133,-0.1602072765414797,0.1602072765414797
CC1CCCC(=O)C1,-1.8737999536838923,-1.5141528898078065,0.3596470638760858,0.3596470638760858
Clc1ccc(Oc2cc(Cl)c(Cl)c(Cl)c2Cl)cc1Cl,-8.780000120510293,-8.91125267209323,-0.13125255158293747,0.13125255158293747
Clc1ccc(-c2ccc(Cl)cc2Cl)cc1,-6.00000007693993,-6.568436310465367,-0.5684362335254374,0.5684362335254374
c1ccc2nccnc2c1,0.7051002615025608,-0.6836249437192712,-1.388725205221832,1.388725205221832
Cl/C=C/C[N+]12CN3CN(CN(C3)C1)C2,0.08290033714889544,-0.0012074661652374807,-0.08410780331413292,0.08410780331413292
Nc1c2ccccc2nc2cc(Cl)ccc12,-1.72999992759816,-2.106907325889046,-0.37690739829088615,0.37690739829088615
ClC1=C(Cl)C2(Cl)C3C(Cl)C=CC3C1(Cl)C2(Cl)Cl,-6.316800274546949,-6.85297409755731,-0.536173823010361,0.536173823010361
Clc1cc(Cl)ncn1,-1.4172530283020242,-1.5965454326809758,-0.17929240437895166,0.17929240437895166
CCOCCOC(=O)/C=C/c1ccc(OC)cc1,-2.699500011682263,-2.8260246842997847,-0.12652467261752154,0.12652467261752154
Nc1ccc(S(=O)(=O)Nc2ccccn2)cc1,-2.6999999796658702,-3.0307489096175155,-0.3307489299516453,0.3307489299516453
Cc1ccc(N(C)C(N)=O)cc1,-0.42300004315473405,-1.401079862863103,-0.9780798197083689,0.9780798197083689
CC(=O)c1ccc(O)c(C(=O)[O-])c1,-2.2304000044542813,-2.1509465376412766,0.07945346681300469,0.07945346681300469
COc1ccc2[nH]cc(CCNC(C)=O)c2c1,-5.090000237445579,-2.713403410812834,2.3765968266327446,2.3765968266327446
Clc1ccccc1Br,-3.2030000177116404,-3.405184634107189,-0.20218461639554874,0.20218461639554874
Cn1nc(S(N)(=O)=O)sc1=NS(=O)(=O)c1ccc(F)cc1,-2.02999983448956,-2.4583021747507363,-0.42830234026117653,0.42830234026117653
CN(CC(=O)[O-])C(N)=NP(=O)([O-])O,0.3126585553370087,-0.20862243987427842,-0.5212809952112871,0.5212809952112871
CCCC[P+](CCCC)(CCCC)CCCC,0.41483104489821976,0.16494298179901445,-0.2498880630992053,0.2498880630992053
CN1CCC23c4c5ccc(OCc6ccccc6)c4OC2CCCC3C1C5,-4.219999769016538,-3.931929942248564,0.2880698267679742,0.2880698267679742
C=CCc1ccc(OC(C)=O)c(OC)c1,-2.701591171165909,-2.817989137031201,-0.11639796586529183,0.11639796586529183
CC[N+](CC)(CC)CC,0.6804740518916352,0.47932715633058187,-0.20114689556105336,0.20114689556105336
CN1CCC[C@H]1c1cccnc1,0.789800200271086,0.29684343170897165,-0.49295676856211434,0.49295676856211434
O=P(Oc1ccccc1)(Oc1ccccc1)Oc1cccc(OP(=O)(Oc2ccccc2)Oc2ccccc2)c1,-5.738071926268081,-6.301143881868224,-0.5630719556001438,0.5630719556001438
CC(C)N,1.2283001068506691,1.1799296795993466,-0.04837042725132257,0.04837042725132257
Nc1ncnc2nc[nH]c12,-2.117899789196228,-2.14192620285912,-0.024026413662892043,0.024026413662892043
CC(C)C(=O)OOC(C)(C)C,-1.60700248959478,-1.50573131577184,0.10127117382294015,0.10127117382294015
COc1cc(C(=O)O)c(C(=O)O)cc1O,-1.2099998221343697,-1.750721217829082,-0.5407213956947123,0.5407213956947123
CC(C)CCCCCCCOP(OCCCCCCCC(C)C)Oc1ccccc1,-6.382030137045874,-7.3112761731578395,-0.9292460361119659,0.9292460361119659
O=[N+]([O-])c1ccc2c3c(cccc13)CC2,-5.3403001728515225,-4.930146577227103,0.41015359562441933,0.41015359562441933
CC(=O)NC(COC(=O)c1ccccc1)C(=O)O,-3.219999964356112,-1.5371623901932547,1.6828375741628572,1.6828375741628572
CC(C)COc1ccc2ccccc2c1,-5.211700084445056,-5.71726547343218,-0.5055653889871241,0.5055653889871241
CNC(=O)O/N=C(/C)C(C)SC,-0.7352998732814582,-1.1120825642569494,-0.3767826909754912,0.3767826909754912
CC(=O)CC(c1ccc(Cl)cc1)c1c(O)oc2ccccc2c1=O,-5.836000088271584,-4.662825715085996,1.1731743731855877,1.1731743731855877
O=S(=O)(CCCl)CCOCCS(=O)(=O)CCCl,-1.9407998733080212,-2.1703676143569592,-0.22956774104893807,0.22956774104893807
NC(=O)NC(=O)C=CC(=O)O,-1.9201999087331387,-1.8508796186838843,0.06932029004925444,0.06932029004925444
ClC(Cl)(Cl)Cl,-2.3099998488079354,-2.2584388604619723,0.05156098834596312,0.05156098834596312
CCCCCCCCCCCCCCCC[n+]1ccccc1,-0.48614928797545076,-2.0038130926065225,-1.5176638046310718,1.5176638046310718
CCOC(=O)C1OC1(C)c1ccccc1,-2.3143748188382727,-3.9080396231213435,-1.5936648042830708,1.5936648042830708
Cc1cccc(O)c1C(=O)O,-2.039999884296256,-1.590476389340735,0.44952349495552113,0.44952349495552113
NC(=O)CF,1.113200292723612,0.3771842045286342,-0.7360160881949778,0.7360160881949778
CCCCCOC(=O)c1ccc(O)c(I)c1,-4.219999769016538,-3.9123234263760103,0.3076763426405278,0.3076763426405278
COc1c(O)cc(Cl)c(Cl)c1Cl,-2.8712000192917317,-3.4058010622981723,-0.5346010430064405,0.5346010430064405
Clc1ccc(Oc2ccc(Cl)cc2)cc1,-4.799900103808984,-5.692383914033229,-0.8924838102242454,0.8924838102242454
O=C1CSC(=S)N1,-1.772299862226661,-2.0205855018858268,-0.24828563965916572,0.24828563965916572
CC(=O)Oc1ccccc1[N+](=O)[O-],-2.1855238665184364,-2.2678532620791616,-0.08232939556072516,0.08232939556072516
CCN=C1C=CC(=C(c2ccc(NCC)c(C)c2)c2ccc(NCC)c(C)c2)C=C1C,-1.0232211140781842,-3.64084678094153,-2.6176256668633457,2.6176256668633457
O=S(=O)(O)CCSc1ccccc1,-1.5299998976526186,-1.0912603763530295,0.43873952129958904,0.43873952129958904
N#CSCC(CSC#N)SC#N,-1.935099844918204,-2.0309952845821186,-0.09589543966391467,0.09589543966391467
CCCCC(O)CCCC,-2.489999917166996,-2.451315493989828,0.03868442317716836,0.03868442317716836
O=[N+]([O-])c1ccc2ccc3cccc4ccc1c2c34,-7.321299963593477,-7.171283757478836,0.15001620611464084,0.15001620611464084
CC(C)C(=O)OCC(C)(C)C(OC(=O)C(C)C)C(C)C,-4.333139462959953,-4.641842587802165,-0.30870312484221163,0.30870312484221163
CCC1CCC(=NO)C(=NO)C1,-1.8299999425709306,-1.5731015616020607,0.25689838096886985,0.25689838096886985
CNP(=O)(OC)Oc1ccc(C(C)(C)C)cc1Cl,-3.1638998402208216,-3.0857620286838854,0.07813781153693622,0.07813781153693622
C=C(C)C(=O)OCCN(C)C,0.5024817230010106,-0.3364505437594354,-0.838932266760446,0.838932266760446
Clc1ccc(C(c2ccc(Cl)cc2)C(Cl)Cl)cc1,-7.20000025661318,-6.852397973224761,0.3476022833884187,0.3476022833884187
CCCSP(=S)(OCC)Oc1ccc(SC)cc1,-6.017099955069012,-5.395442476481259,0.6216574785877533,0.6216574785877533
CNCCO,1.1242968283227772,0.8387072761579977,-0.28558955216477955,0.28558955216477955
CC(=O)C(N=Nc1ccc(Cl)cc1[N+](=O)[O-])C(=O)Nc1ccc2[nH]c(=O)[nH]c2c1,-7.473779950095274,-7.611924737524278,-0.13814478742900427,0.13814478742900427
Nc1ccc(S(=O)(=O)Nc2ncc(C(=O)O)s2)cc1,-2.874099904335443,-2.6462231935343232,0.22787671080111993,0.22787671080111993
CC[C@@H]1CCCCN1,-0.34629959212391626,-0.304701869412483,0.04159772271143325,0.04159772271143325
NS(=O)(=O)c1nnc(NS(=O)(=O)c2ccc([N+](=O)[O-])cc2)s1,-1.329999867707077,-2.178124726836412,-0.8481248591293349,0.8481248591293349
CCCCCCC1(C)CCC(=O)O1,-2.643261826127799,-2.7683517952572667,-0.1250899691294678,0.1250899691294678
C=CS(=O)(=O)CCOCCNc1nc(F)nc(Nc2ccc(N=Nc3cc4c(S(=O)(=O)[O-])cc(S(=O)(=O)[O-])cc4cc3S(=O)(=O)[O-])c(NC(N)=O)c2)n1,-0.41455942140485025,-0.3256212282627651,0.08893819314208518,0.08893819314208518
NC(=O)c1cc(Cl)cc(Cl)c1N,-2.0813998144421544,-2.287921132906565,-0.2065213184644108,0.2065213184644108
Cc1cc(Cc2cc(C)cc(C3CCCCC3)c2O)c(O)c(C2CCCCC2)c1,-6.979034904855512,-6.2025106783959485,0.7765242264595633,0.7765242264595633
Clc1cccc2c1Oc1ccccc1O2,-5.719600336683112,-6.153628999460927,-0.4340286627778145,0.4340286627778145
Fc1cc(F)c(F)c(F)c1,-2.3056999654179684,-2.11998434064144,0.18571562477652837,0.18571562477652837
O=c1cnc2cncnc2[nH]1,-2.119999799655634,-1.6997752083915214,0.4202245912641127,0.4202245912641127
CC1=NN(c2ccc(S(=O)(=O)[O-])cc2)C(=O)C1N=Nc1ccccc1C(=O)[O-],-1.4913148188476162,-1.776264754300122,-0.2849499354525058,0.2849499354525058
OCC(O)C(O)CO,0.6985000906032286,0.9030363750263004,0.2045362844230718,0.2045362844230718
CC(=O)C1CCOC1=O,0.3975094955477494,0.1394811572601422,-0.2580283382876072,0.2580283382876072
NCC(=O)O,0.9200004346735362,0.39292368940865074,-0.5270767452648855,0.5270767452648855
Cc1cn([C@H]2C[C@H](N=[N+]=[N-])[C@@H](CO)O2)c(=O)[nH]c1=O,-1.1220998674277016,-1.389931843225595,-0.2678319757978933,0.2678319757978933
CCc1nc2cnc(O)nc2nc1CC,-2.2643998977432243,-2.629237325634921,-0.3648374278916968,0.3648374278916968
CNCCC(Oc1ccc(C(F)(F)F)cc1)c1ccccc1,-1.589999920438972,-4.242557921398289,-2.652558000959317,2.652558000959317
CCC1(CC)C(=O)NC(=O)N(CO)C1=O,-3.930000049958747,-1.3805051572131983,2.5494948927455487,2.5494948927455487
CSCC(NC(=O)COc1cccc2cnccc12)C(=O)NC(Cc1ccccc1)C(O)C(=O)N1CSCC1C(=O)NC(C)(C)C,-3.9500000115452276,-3.5140777575555693,0.43592225398965834,0.43592225398965834
COc1ccc(NC(=O)CC(C)=O)cc1,-1.9014771101675192,-2.2414279406779616,-0.3399508305104424,0.3399508305104424
O=C1C=Cc2ccccc2/C1=N/Nc1ccc([N+](=O)[O-])cc1Cl,-7.99699829104965,-7.11003017427365,0.886968116776,0.886968116776
CC(=O)OCC1=C(C(=O)O)N2C(=O)C(NC(=O)Cc3cccs3)C2SC1,-2.9399999974844877,-2.536784104633764,0.4032158928507239,0.4032158928507239
CC(CC(=O)O)C(=O)O,0.4800001755556673,0.3725153061882436,-0.10748486936742374,0.10748486936742374
C[S+]([O-])c1ccc2oc3ccc(C(=O)O)cc3c(=O)c2c1,-5.020000026825617,-3.205801480940096,1.814198545885521,1.814198545885521
Clc1ccc(-c2c(Cl)ccc(Cl)c2Cl)c(Cl)c1Cl,-7.65000028948392,-8.22415580615346,-0.5741555166695402,0.5741555166695402
CCNc1c([N+](=O)[O-])cc([N+](=O)[O-])cc1[N+](=O)[O-],-3.4084999025172245,-2.977171382587448,0.4313285199297763,0.4313285199297763
Nc1nc(N)c2nccnc2n1,-2.6899999816192657,-2.7736690232587797,-0.08366904163951405,0.08366904163951405
COC(=O)C1(S(=O)(=O)c2ccc(Cl)cc2)CC1,-3.3085999225492486,-3.6045969799662645,-0.2959970574170159,0.2959970574170159
CCOC(=O)OC1CCCCC1C(C)(C)C,-4.321140231353392,-4.319600265091235,0.0015399662621575771,0.0015399662621575771
CNC(=O)c1cc(Oc2ccc(NC(=O)Nc3ccc(Cl)c(C(F)(F)F)c3)cc2)ccn1,-6.66729504991258,-5.162777687570863,1.5045173623417174,1.5045173623417174
CC(=O)OCC(C(OC(C)=O)c1ccccc1)[N+](=O)[O-],-3.9719998450661347,-3.0980455094632644,0.8739543356028703,0.8739543356028703
Cc1ccc(N=C=S)cc1,-4.721300126409087,-3.9526615844979194,0.7686385419111676,0.7686385419111676
Nc1cc(Cl)cc(Cl)c1,-2.3152998752054845,-2.6094159018596894,-0.2941160266542049,0.2941160266542049
Cc1ccc(NS(=O)(=O)c2ccc(N)cc2)cc1Cl,-4.909999893032692,-4.517280062638562,0.39271983039412994,0.39271983039412994
Cc1ccc(N)cc1Cl,-1.753126129738081,-1.9997697322333359,-0.24664360249525497,0.24664360249525497
Cc1ccc([N+](=O)[O-])c(O)c1,-2.7504998861224057,-2.5182443987675036,0.2322554873549021,0.2322554873549021
Cc1ccc(C(=O)OOC(=O)c2ccc(C)cc2)cc1,-6.798351879333669,-5.449285394757232,1.3490664845764373,1.3490664845764373
CCCCCCC(C(=O)O)C(=O)O,-1.656599838070833,-1.6640748235412464,-0.0074749854704132535,0.0074749854704132535
C=COCCCCCCCCCCCCCCCCCC,-6.472081655263747,-7.361164620392239,-0.8890829651284928,0.8890829651284928
CCCCCN(C)N=Nc1ccc(C(=O)O)cc1,-2.369999802580833,-2.5854503925719134,-0.21545058999108058,0.21545058999108058
CCOC(=O)COc1ccc(Cl)cc1,-2.420599847562348,-3.073546646932434,-0.6529467993700862,0.6529467993700862
CC(C)=NNC(N)=O,-0.2673998202701875,-0.6151600064464433,-0.3477601861762558,0.3477601861762558
O=C([O-])CS,0.5215371664256243,0.06673186462499725,-0.45480530180062706,0.45480530180062706
OCCCCO,1.0451693120635128,1.2678776676715455,0.2227083556080327,0.2227083556080327
O=C(O)C=Cc1c[nH]cn1,-1.959999899923422,-1.7025648703189629,0.2574350296044592,0.2574350296044592
COc1ccc2cc(C(C)C(=O)OCC(=O)N(C)CCO)ccc2c1,-3.3900000519219327,-2.749661769456671,0.6403382824652617,0.6403382824652617
CCNC(=O)COC(=O)c1ccccc1OC(C)=O,-1.6799998165915901,-1.706725415540816,-0.02672559894922588,0.02672559894922588
Nc1ccc2snnc2c1,-1.3044998097134575,-1.9214471199139989,-0.6169473102005414,0.6169473102005414
CCC(=O)N(c1ccccc1)C1CC[NH2+]CC1,-0.8352254227349643,-1.5907328433440593,-0.755507420609095,0.755507420609095
O=C(C(Cl)Cl)N(CCO)Cc1ccc(Oc2ccc([N+](=O)[O-])cc2)cc1,-5.124100200246045,-4.913384588979689,0.21071561126635618,0.21071561126635618
Cc1cccc2sc3nncn3c12,-2.072899979146831,-3.8811242371675045,-1.8082242580206733,1.8082242580206733
CCSC(=S)N[C@@H](C)C(=O)O,-0.9612998946974978,-1.3622965088964392,-0.4009966141989414,0.4009966141989414
OCc1ccc(O)cc1,-1.2677998339632501,-0.7916493602874457,0.47615047367580443,0.47615047367580443
Cc1c(C(=O)O)c(O)cc2c1C(=O)c1c(O)c([C@H]3O[C@H](CO)[C@@H](O)[C@H](O)[C@H]3O)c(O)c(O)c1C2=O,-2.578399805350543,-2.8612537072440576,-0.2828539018935148,0.2828539018935148
Cc1ccccc1CO,-1.0899999145885748,-0.9475931321570701,0.14240678243150473,0.14240678243150473
CN(C(=S)SSC(=S)N(C)c1ccccc1)c1ccccc1,-6.260769905762536,-6.066599718517967,0.19417018724456891,0.19417018724456891
C#CCCCCCCC,-4.093999831586725,-4.36931797303494,-0.2753181414482153,0.2753181414482153
COc1cc(NS(=O)(=O)c2ccc(N)cc2)nc(C)n1,-2.5429999050886622,-3.2174258659591826,-0.6744259608705203,0.6744259608705203
C[C@]12CCC(=O)C=C1CC[C@@H]1[C@@H]2CC[C@@]2(C)[C@H]1CC[C@@]21CCC(=O)O1,-4.225003658673435,-4.728121830502895,-0.5031181718294597,0.5031181718294597
Clc1ccc(Oc2c(Cl)cc(Cl)cc2Cl)cc1,-6.830000070088361,-7.3717755773134215,-0.5417755072250605,0.5417755072250605
N#CCCN(CCC#N)C(CCC(=O)O)C(=O)O,-0.22749982858183726,-0.7080213385209744,-0.4805215099391371,0.4805215099391371
CC1CO1,0.8325708756844832,0.6394231918073126,-0.19314768387717063,0.19314768387717063
CCCCCCCCCCC,-7.550500553055308,-6.690138779976181,0.8603617730791271,0.8603617730791271
C[C@]12CC[C@H]3C(=CCc4cc(O)ccc43)[C@@H]1CCC2=O,-5.279500146080633,-4.147014312334198,1.1324858337464345,1.1324858337464345
O=C(O)c1cccc(I)c1,-3.270600043844355,-2.7050311813980668,0.5655688624462885,0.5655688624462885
Cc1ccc2cc3c(ccc4ccccc43)c3c2c1CC3,-7.96630055361406,-7.397555691912393,0.568744861701667,0.568744861701667
Oc1ccc(N=Nc2ccccc2)c(O)c1,-3.079999870930104,-3.750959751735378,-0.6709598808052739,0.6709598808052739
CCCCCCCCCC(=O)OCC,-4.1005997264322325,-4.508900586810892,-0.40830086037865954,0.40830086037865954
CNC(=O)OCc1cccc(Cl)c1Cl,-3.1388999917579055,-2.6232405393833456,0.5156594523745599,0.5156594523745599
CCCCCCCOC(=O)c1cccnc1,-2.7428998310159525,-3.052097661565734,-0.30919783054978156,0.30919783054978156
O=Cc1ccc(O)c(O)c1,-1.340199780482995,-1.107019599081526,0.23318018140146912,0.23318018140146912
Cc1nc2c(=O)[nH]cnc2[nH]c1=O,-2.1500000180891794,-2.4764238316059264,-0.326423813516747,0.326423813516747
Clc1cc(Cl)c(Cl)c(Oc2cc(Cl)c(Cl)cc2Cl)c1,-8.4100002100393,-8.696783694996736,-0.2867834849574358,0.2867834849574358
CS(=O)(=O)Oc1ccc(Nc2ccc(O)c3c2C(=O)c2ccccc2C3=O)cc1,-6.2142283351011205,-5.61528208074102,0.5989462543601007,0.5989462543601007
CC(=O)/C(=N\O)c1ccccc1,-2.3675998596406815,-1.9662516908957408,0.4013481687449407,0.4013481687449407
Nc1c(Cl)cc([N+](=O)[O-])cc1Cl,-4.470900121491621,-3.624363123963062,0.8465369975285588,0.8465369975285588
NC(CO)(CO)CO,0.6710219689273487,0.28046543433198057,-0.3905565345953681,0.3905565345953681
OCC1OC(O)(CO)C(O)C1O,0.6400004203551606,0.6414113314541812,0.0014109110990205842,0.0014109110990205842
[CH2-]C(C)(C)c1ccc(S(=O)(=O)Nc2ccc3cc(S(=O)(=O)c4cc5c(c(S(=O)(=O)[O-])c4N)Oc4c(Cl)c6c(c(Cl)c4=N5)Oc4c(ccc(N)c4S(=O)(=O)[O-])N=6)ccc3c2)cc1,-2.1807657337791495,-2.146952590902745,0.033813142876404356,0.033813142876404356
Nc1ccc(S(=O)(=O)Nc2nncs2)cc1,-2.868400031225903,-2.381646755000104,0.4867532762257989,0.4867532762257989
CO[C@]1(C)CCC23C[C@@H]1C(C)(C)[C@@H]2CC[C@H]3C,-4.740177239062821,-4.941628483965817,-0.20145124490299615,0.20145124490299615
O=C(O)c1ccc2ccccc2n1,-1.0910998510538552,-3.135490916807499,-2.044391065753644,2.044391065753644
CCC(O)C(C)C,-0.7061996593305153,-0.7664685585423134,-0.06026889921179812,0.06026889921179812
CNC1=Nc2ccc(Cl)cc2C(c2ccccc2)=[N+]([O-])C1,-4.480000097802258,-3.647327420534684,0.8326726772675741,0.8326726772675741
CC(C)(N)CO,1.049900322514504,0.7203533395431183,-0.32954698297138574,0.32954698297138574
Clc1cccc(C(Cl)(Cl)Cl)n1,-3.506108221657863,-3.950561297984688,-0.44445307632682507,0.44445307632682507
S=C=NCCc1ccccc1,-3.171400015602756,-3.3787700097917037,-0.20736999418894753,0.20736999418894753
Cc1c(-c2ccc(-c3ccccc3F)cc2)nc2ccc(F)cc2c1C(=O)O,-6.390000087024317,-5.743373816028948,0.6466262709953696,0.6466262709953696
O=C(Cc1ccccc1)OCCc1ccccc1,-4.188747853527478,-4.4027725219928096,-0.2140246684653313,0.2140246684653313
c1ccc(CN2CCC(Nc3ccccc3)CC2)cc1,-3.9542228759180498,-3.196483353094338,0.7577395228237118,0.7577395228237118
Clc1ccccc1-c1ccccc1Cl,-5.081299849046472,-5.196386964697584,-0.11508711565111263,0.11508711565111263
CC(=O)OCCOCCOCCOC(C)=O,0.6303244577388867,0.014667009035151057,-0.6156574487037356,0.6156574487037356
CC(C)C1(C)N=C(c2ncccc2C(=O)O)NC1=O,-1.3640292987552833,-2.543188242810695,-1.1791589440554116,1.1791589440554116
CNCCCN1c2ccccc2CCc2ccccc21,-3.657617050803692,-3.183180905887192,0.4744361449165,0.4744361449165
CCCCCCCCCCCCCCCCCCOC(=O)CCSCCC(=O)OCCCCCCCCCCCCCCCCCC,-8.232476620543341,-7.487886576601056,0.744590043942285,0.744590043942285
[O-][n+]1ccccc1,1.0218002515711437,0.45519453095856255,-0.5666057206125812,0.5666057206125812
O=C(CCCN1CCC(O)(c2ccccc2)CC1)c1ccc(F)cc1,-4.1183000216304535,-3.2031837315321057,0.9151162900983478,0.9151162900983478
NC(=O)NCO,-0.34629959212391626,0.010138069983980369,0.3564376621078966,0.3564376621078966
CCCCCCC(=O)OCC(COC(=O)CCCCCC)(COC(=O)CCCCCC)COC(=O)CCCCCC,-7.068063091544511,-6.825463953637743,0.24259913790676801,0.24259913790676801
CC(C)CCCCCCCCCCOC(=O)c1ccc(C(=O)OCCCCCCCCCCC(C)C)c(C(=O)OCCCCCCCCCCC(C)C)c1,-7.180237287235368,-7.5060103383666625,-0.3257730511312946,0.3257730511312946
CCCCOC(=O)/C=C\C(=O)OCCCC,-3.1280340646227085,-3.4454404936825527,-0.3174064290598442,0.3174064290598442
C1=NC=NC2N=C(c3ccccc3)N=C12,-3.0699998728834994,-2.5232954936284564,0.546704379255043,0.546704379255043
CCn1cc(C(=O)O)c(=O)c2cc(F)c(N3CCNCC3)nc21,-2.920000014331302,-2.8667833586638243,0.053216655667477575,0.053216655667477575
CN1CCN(C)CC1,0.9423646592433004,0.9561654181111034,0.013800758867803076,0.013800758867803076
COc1ccc2c(c1)N(CC(C)CN(C)C)c1ccccc1S2,-4.3699999640093345,-4.441240346437622,-0.07124038242828767,0.07124038242828767
Cc1cccc(C)c1NC(=O)C1CCCCN1C,-1.9899999113165987,-1.987801625695531,0.0021982856210676083,0.0021982856210676083
O=NC1=C(NO)CCCCC1,-1.4248998572784326,-1.1906618376199791,0.23423801965845348,0.23423801965845348
CCCCC(CC)CCCCCC(C)CCCC(=O)O,-5.0561180811129525,-5.484750581748699,-0.42863250063574654,0.42863250063574654
Nc1cc(Cl)cc(C(=O)O)c1Cl,-2.4687999841104404,-2.9101181759484334,-0.4413181918379929,0.4413181918379929
CC1=C(C#N)C(=O)N(C)C(=O)/C1=N/Nc1ccc(Cl)c(Cl)c1,-6.925783569926281,-7.7310226391972385,-0.8052390692709572,0.8052390692709572
C[C@H](C[C@H](C)C(=O)[O-])C(=O)[O-],-0.45639979542836295,-0.6232155331106033,-0.16681573768224034,0.16681573768224034
O=C1OC([C@@H](O)C[O-])C(=O)C1O,0.5110432563261971,0.4882028389084949,-0.022840417417702152,0.022840417417702152
c1ccc2nc3ccccc3nc2c1,-3.700000008620029,-3.0911729942123127,0.6088270144077161,0.6088270144077161
CC(C)=CCC[C@@H](C)CC=O,-3.2437510143286747,-2.78809682113646,0.4556541931922147,0.4556541931922147
CCCCCCCCOC(=O)c1ccc(O)c(Br)c1,-4.520000020975219,-5.166923877993821,-0.646923857018602,0.646923857018602
Cn1nc(S(N)(=O)=O)sc1=NS(=O)(=O)c1cccc(N)c1,-2.4499999594873074,-2.5970055570944086,-0.1470055976071012,0.1470055976071012
CCc1cccc(CC)c1N(COC)C(=O)CCl,-3.1700000258831826,-2.74098301677609,0.42901700910709284,0.42901700910709284
Clc1cc(Cl)c(-c2ccc(Cl)c(Cl)c2Cl)c(Cl)c1,-8.239900260002324,-8.372003609473577,-0.13210334947125268,0.13210334947125268
Oc1cc(O)c2ccccc2c1,-1.9492999156437132,-2.506917358224553,-0.55761744258084,0.55761744258084
CCCCCOC(=O)c1ccc(O)cc1,-3.8134998837914713,-3.2925907330823128,0.5209091507091586,0.5209091507091586
NC=O,1.3463920683857258,1.123074185932332,-0.22331788245339368,0.22331788245339368
c1ncc2n[nH]nc2n1,-0.23189985049678397,-0.29999846434398103,-0.06809861384719706,0.06809861384719706
COC(=O)c1ccc(C)cc1C1=NC(C)(C(C)C)C(=O)N1,-2.459899801755568,-3.4025779613589227,-0.9426781596033544,0.9426781596033544
Cc1ccc(OCC(=O)NC2C(=O)N3C2SC(C)(C)C3C(=O)O)cc1,-3.1500000470433385,-2.6059354497421845,0.544064597301154,0.544064597301154
CC(C)(C)C(=O)OCC(=O)C1(O)CCC2C3CCC4=CC(=O)C=CC4(C)C3C(O)CC21C,-4.58349999218046,-4.933879515074199,-0.3503795228937392,0.3503795228937392
O=C(O)c1ccccc1CC(=O)c1ccccc1C(=O)O,-2.7909998204123836,-2.4771964372483417,0.3138033831640419,0.3138033831640419
COc1cc2c3c(cccc3c1)CN(C(N)=NO)C2,-1.2099998221343697,-1.724931579373151,-0.5149317572387813,0.5149317572387813
Cc1ccccc1N=C(N)Nc1ccccc1C,-3.533884481464626,-2.92601991146403,0.6078645700005958,0.6078645700005958
C=C(C)C(=O)OCCOC(=O)CC(C)=O,-1.0636820471387138,-1.0165734619209708,0.04710858521774308,0.04710858521774308
CC1=Nc2ccccc2N=C(C)C1,-1.3699999289069502,-1.345686212225802,0.024313716681148234,0.024313716681148234
CC[n+]1c(-c2ccccc2)c2cc(N)ccc2c2ccc(N)cc21,-1.2947998304144182,-1.445725909935901,-0.15092607952148285,0.15092607952148285
CN(C)c1ccc(C(c2ccc(N(C)C)cc2)c2ccc(N(C)C)cc2)cc1,-5.458398483624552,-5.183903258628339,0.2744952249962127,0.2744952249962127
Cc1ccc(S(=O)(=O)NC(=O)Nc2nccc(Nc3ccc(S(N)(=O)=O)cc3)n2)cc1,-4.30000016747011,-3.3230958539615854,0.9769043135085242,0.9769043135085242
CC(C)(C)CCCCC(=O)O,-2.475042975867091,-2.684998334899696,-0.20995535903260532,0.20995535903260532
COP(=S)(OC)Oc1ccc(C#N)cc1,-3.7232000551581086,-3.921170744423416,-0.19797068926530725,0.19797068926530725
NS(=O)(=O)c1ccc(Nc2ccnc(NC(=O)c3cccnc3)n2)cc1,-1.2699998449207233,-3.011517464626169,-1.7415176197054458,1.7415176197054458
N#CCCl,-0.09199991284911935,-0.21752931653440433,-0.12552940368528498,0.12552940368528498
O=C1C=C2CC3(O)COc4c(ccc(O)c4O)C3=C2C=C1O,-2.699399873157284,-2.7792421876626947,-0.0798423145054108,0.0798423145054108
Cc1ccc2c(c1)C(=O)N(C)c1cc(N)ccc1O2,-3.9279999709839517,-4.273913357071683,-0.34591338608773103,0.34591338608773103
Cn1cncc1C[C@H](N)C(=O)O,0.07270014831915228,-0.46449093303593436,-0.5371910813550866,0.5371910813550866
O=S(=O)([O-])c1ccc(Nc2nc(Cl)nc(Cl)n2)cc1,-1.3810307636957917,-0.8657970035725793,0.5152337601232124,0.5152337601232124
CN(C)C(CSS(=O)(=O)c1ccccc1)CSS(=O)(=O)c1ccccc1,-5.760000261848341,-4.501764595437445,1.2582356664108962,1.2582356664108962
COc1ccc2c(c1OC)C(=O)OC2,-1.890299897838029,-2.2192675128444237,-0.3289676150063947,0.3289676150063947
Oc1cccc2ccccc12,-2.0619736997441676,-2.7493268816603496,-0.687353181916182,0.687353181916182
CCCCc1ccc2cc3ccc4ccccc4c3cc2c1,-7.51999991805069,-7.623961236397198,-0.10396131834650824,0.10396131834650824
Cc1cnc2cncnc2n1,-0.009999780488033405,-0.32977252568148385,-0.31977274519345045,0.31977274519345045
CCOC(=O)CNC(=O)OCC,-0.24349990827255175,-0.513301114030309,-0.26980120575775723,0.26980120575775723
CC(O)c1ccccc1,-1.796899915737678,-1.0674929701913418,0.7294069455463361,0.7294069455463361
CC(=O)N(C)N(C(=O)C(=O)N(C)C)c1ccccc1,-0.534499563297556,-0.5658645228279089,-0.0313649595303529,0.0313649595303529
O=C(O)c1cncc(C(=O)O)c1,-2.222999967597326,-1.8863869038836476,0.3366130637136784,0.3366130637136784
CNC[C@H](O)c1ccc(O)c(O)c1,-1.5038498709282917,-1.0833842846750488,0.42046558625324293,0.42046558625324293
Clc1ccc(Oc2c(Cl)c(Cl)cc(Cl)c2Cl)cc1,-7.760000561303755,-8.235792579087938,-0.47579201778418323,0.47579201778418323
CCCCC(CC)CNC(=O)CCCCCC(C)C,-5.731545461739994,-5.233469827102915,0.49807563463707893,0.49807563463707893
COCc1ccccc1,-1.6097998810293186,-1.5992157013291517,0.010584179700166896,0.010584179700166896
COP(=O)(NC(C)=O)SC,0.5400001983420211,0.28920336605127295,-0.2507968322907481,0.2507968322907481
CCCCCCCCCCCCc1ccccc1S(=O)(=O)O,0.21379181032887384,-2.7915524974231807,-3.0053443077520545,3.0053443077520545
CCCCCc1ccc(O)cc1O,-1.9547998740239398,-2.1922628234782326,-0.2374629494542928,0.2374629494542928
CC(C)CC(NC(=O)C(C)NC(=O)CN)C(=O)NC(C(=O)O)C(C)C,-2.129999987489243,-0.8434799842068714,1.2865200032823716,1.2865200032823716
O=C(O)c1c2ccccc2cc2ccccc12,-3.4173998433249997,-3.9465627273445905,-0.5291628840195908,0.5291628840195908
O=C(O)c1cccc(C(=O)O)c1,-3.220400035361836,-2.0138954754664926,1.2065045598953432,1.2065045598953432
C[Si]1O[Si](C)O[Si](C)O[Si](C)O[Si](C)O1,0.5292959352280264,0.7485508574866659,0.21925492225863952,0.21925492225863952
CCCCN,1.135900474798269,0.20998061122242095,-0.9259198635758481,0.9259198635758481
CC(C)NC(=O)c1cc(N2CC2)c([N+](=O)[O-])cc1[N+](=O)[O-],-3.4999999786744875,-3.636362079515798,-0.1363621008413105,0.1363621008413105
CC1(C)C(=O)NC(=O)N1CO,0.8009003245699753,-0.6486497522669863,-1.4495500768369616,1.4495500768369616
COc1cccc(CC(C)NC(C)Cc2ccccc2OC)c1,-2.999999938317362,-2.305018181483942,0.6949817568334198,0.6949817568334198
CNC(=O)NC(=O)C(C)(C(=O)OCOC)C1=CCCCC1,-2.4199999826008587,-2.4099710161560046,0.01002896644485407,0.01002896644485407
CCNC(=O)n1cc(F)c(=O)[nH]c1=O,-2.129999987489243,-1.9025825677092976,0.22741741977994545,0.22741741977994545
OC(CCN1CCCCC1)(c1ccccc1)C1CCCCC1,-5.199999819130852,-4.330190932056286,0.8698088870745657,0.8698088870745657
O=C1OC(CO)C(O)C(O)C1O,0.5201000302132393,0.2503101426623022,-0.269789887550937,0.269789887550937
COc1c(O)ccc(C=O)c1N,-0.22320001420532654,-1.3937989432315883,-1.1705989290262617,1.1705989290262617
O=C(CC(=O)c1ccccc1)c1ccccc1,-5.657903134981325,-3.735112467836741,1.922790667144584,1.922790667144584
ClCCCl,-1.0799998647818783,-1.3120199299842406,-0.2320200652023623,0.2320200652023623
CC1(C)CON(Cc2ccccc2Cl)C1=O,-2.338299886240702,-2.659312665215565,-0.32101277897486336,0.32101277897486336
CCC1(CC)C(=O)NC(=O)N(C)C1=O,-2.0999997690556973,-1.4157119578245672,0.6842878112311301,0.6842878112311301
O=C(O)c1ccccn1,0.8920002952147863,-0.7289921814095988,-1.620992476624385,1.620992476624385
COC(=O)CNC(=O)c1ccccc1,-1.0555998812804515,-1.6073813734694438,-0.5517814921889923,0.5517814921889923
C/C=C/C(CCC)(C(=O)O)C(CCC)(CCC)C(=O)O,-3.4953596519049728,-2.976478591007155,0.5188810608978178,0.5188810608978178
O=C([O-])c1ccccc1C(=O)O,0.11504294030396789,-1.4706701335531016,-1.5857130738570695,1.5857130738570695
COC(=O)C1(O)c2ccccc2-c2ccc(Cl)cc21,-4.1836000018009,-4.59800882910911,-0.41440882730821027,0.41440882730821027
CN1C(=O)C(Cc2ccc(O)cc2)N(CC(=O)O)C1=O,-0.04999970366099449,-1.8716820687393243,-1.8216823650783298,1.8216823650783298
CCCCOCC(C)O,-0.405237635845912,-0.3498256276292562,0.05541200821665582,0.05541200821665582
CC(C)(C)OC(=O)C1(S(=O)(=O)c2ccc(Cl)cc2)CC1,-4.120600240126363,-4.344875753298305,-0.22427551317194183,0.22427551317194183
CC(Oc1ccc(Oc2cnc3cc(Cl)ccc3n2)cc1)C(=O)OC1CCCO1,-5.020000026825617,-5.400131526750867,-0.3801314999252501,0.3801314999252501
C=CCCCCCCCC,-5.510000396950055,-5.57592674324918,-0.06592634629912553,0.06592634629912553
Nc1ccccc1[N+](=O)[O-],-1.959999899923422,-2.3586034380211065,-0.39860353809768445,0.39860353809768445
CC(=O)OC1CCC2C3CCC4=CC(=O)CCC4(C)C3CCC12C,-5.184000015493963,-5.077774365648782,0.10622564984518057,0.10622564984518057
CCCCOC(=O)/C=C\C(=O)O,-0.6677809724665331,-1.9076073684434296,-1.2398263959768965,1.2398263959768965
CC(=O)OCCN1CCN(CCCN2c3ccccc3Sc3ccc(Cl)cc32)CC1,-4.699999813280455,-3.999678588859255,0.7003212244211996,0.7003212244211996
CC(=O)CCCCCl,-1.4155736548582964,-1.3897910557749003,0.025782599083396196,0.025782599083396196
CCCCCCC(C/C=C\CCCCCCCC(=O)O)OS(=O)(=O)O,-0.5780997804547523,-1.7783646957460721,-1.2002649152913198,1.2002649152913198
c1ccc2c(c1)ccc1c2ccc2c3ccccc3ccc21,-7.870000281015942,-7.739642695933304,0.1303575850826384,0.1303575850826384
O=C(O)/C=C/c1cnc[nH]1,-1.9639998508326444,-1.6581716885497655,0.3058281622828789,0.3058281622828789
OCC1CN2CCN1CC2,0.8470946195196776,0.3595175878970496,-0.487577031622628,0.487577031622628
N#CCN(CC#N)CC#N,-1.6475576950365103,-1.1397250759855524,0.5078326190509579,0.5078326190509579
Cc1nn(-c2ccccc2)c(N)c1C,-1.670399906804074,-1.525406362006423,0.14499354479765092,0.14499354479765092
CC(C)OC(=O)C(O)(c1ccc(Br)cc1)c1ccc(Br)cc1,-4.933000145615007,-5.408712383843796,-0.4757122382287893,0.4757122382287893
CCCCCC(=O)O,-1.0522191881139171,-1.444349643591904,-0.39213045547798697,0.39213045547798697
O=C(/C=C/c1ccccc1)OCc1ccccc1,-4.820795998084149,-4.920836800009548,-0.10004080192539888,0.10004080192539888
O=C(OCC(=O)N1CCCCC1)c1ccccc1,-2.501099972452429,-2.0656372790677593,0.4354626933846699,0.4354626933846699
C=C(CC(=O)O)C(=O)O,-0.2250280426337583,-0.31333379646301696,-0.08830575382925865,0.08830575382925865
Nc1ccc(S(=O)(=O)Nc2nccs2)cc1,-2.4247998339744323,-2.557497527330676,-0.13269769335624382,0.13269769335624382
C=C(OC(C)=O)c1ccccc1,-2.1135953509181498,-2.2946669221985276,-0.18107157128037787,0.18107157128037787
O=C(OCC(=O)N1CCCCCC1)c1ccccc1,-2.5420998660993317,-2.4443225675111315,0.09777729858820017,0.09777729858820017
CCOc1ccccc1NC(=O)c1cc2ccccc2cc1O,-5.186601684766654,-5.104112661081684,0.08248902368496935,0.08248902368496935
CCCCCCCCCCOC(=O)c1cccnc1,-3.19009990170091,-4.337287033652036,-1.1471871319511258,1.1471871319511258
OCCS,1.1071491928819888,0.22138467078251578,-0.885764522099473,0.885764522099473
Cc1cc(O)ccc1S(=O)(=O)O,-0.28999979480640903,-0.8864886180173253,-0.5964888232109162,0.5964888232109162
CCOC(=O)[C@@H](C)Oc1ccc(Oc2cnc3cc(Cl)ccc3n2)cc1,-5.969400062558352,-5.188692240382557,0.7807078221757946,0.7807078221757946
COC(=O)C(=O)c1ccccc1,-1.9142372841423938,-1.8308510855265276,0.08338619861586616,0.08338619861586616
CC1=C(CC(=O)O)c2cc(F)ccc2/C1=C\c1ccc([S+](C)[O-])cc1,-4.552000042329735,-4.164270160874344,0.38772988145539067,0.38772988145539067
C=C1C(O)CC2CC1C2(C)C,-2.0961248015156944,-2.687041823338456,-0.5909170218227615,0.5909170218227615
CCCCCC(CO)Cc1ccccc1,-3.8432686310928452,-4.034382557428584,-0.19111392633573887,0.19111392633573887
N#C/C=C/c1ccccc1,-2.0829702846519624,-2.0651998717822186,0.01777041286974379,0.01777041286974379
Nc1ccc2ccc(S(=O)(=O)O)cc2c1,-3.0499998940436552,-2.1739779843058034,0.8760219097378519,0.8760219097378519
CCCCCCCCCCCCCC(=O)O,-5.329299980037243,-4.890819397225403,0.4384805828118399,0.4384805828118399
COC(=O)c1ccc(C)cc1,-2.5767201558529904,-2.4323623285073364,0.14435782734565406,0.14435782734565406
CCCCc1ccc2[n-]nnc2c1,0.40402574608431463,-0.7932395683457338,-1.1972653144300485,1.1972653144300485
CCCOCCC(=O)OCCC,-1.6847998404988045,-1.489341172026554,0.19545866847225057,0.19545866847225057
CCCCCCC(CCCC)COS(=O)(=O)[O-],0.14208738142094335,-0.657303487569687,-0.7993908689906304,0.7993908689906304
Cc1cc(=O)oc2c1cc(C)c1oc3c(c12)CCCC3,-5.090000237445579,-5.535599696293723,-0.445599458848144,0.445599458848144
NS(=O)(=O)c1nnc(NS(=O)(=O)c2ccc([N+](=O)[O-])cc2[N+](=O)[O-])s1,-2.9100000222155415,-2.4659047315949776,0.44409529062056396,0.44409529062056396
C=C(C)[C@@H]1CC=C(C)C(=O)C1,-2.0607999878941845,-2.05607104784688,0.0047289400473045085,0.0047289400473045085
CCOC(=O)CCCCCC(=O)OCC,-2.040799957294248,-2.1650509557164606,-0.12425099842221243,0.12425099842221243
C=C1CCO[C@]2(C(O)C(C)(O)CO)NC(=O)[C@@]1(O)NC2=O,-0.19709967716948018,-0.8191251355058142,-0.622025458336334,0.622025458336334
CC(=O)Nc1cccc(O)c1,-1.0599997651684856,-1.5230731550784398,-0.46307338990995417,0.46307338990995417
O=c1ncc2nccnc2[nH]1,-1.9999998921098392,-1.6033957083456596,0.3966041837641796,0.3966041837641796
Cc1cc(N)nc(C)n1,-1.284299847130843,-0.4757216307939971,0.808578216336846,0.808578216336846
CCN(CC)Cc1cc(Nc2ccnc3cc(Cl)ccc23)ccc1O,-5.790000135214605,-3.6541990903707973,2.1358010448438076,2.1358010448438076
COP(N)(=O)SC,0.8504000880189291,0.2743776193316476,-0.5760224686872815,0.5760224686872815
Nc1ccc2ccccc2c1N=Nc1ccccc1,-5.915999934617505,-6.435542342839625,-0.5195424082221196,0.5195424082221196
CC1C(c2ccc(Cl)cc2)SC(=O)N1C(=O)NC1CCCCC1,-5.849999881947134,-5.2003698692831195,0.6496300126640149,0.6496300126640149
C#CC1(OC(=O)CCCCCC)CCC2C3CCC4=CC(=O)CCC4C3CCC21C,-6.890000092874715,-6.006357044419533,0.8836430484551814,0.8836430484551814
COC(=O)/C=C(\C)OP(=O)(OC)OC,0.4276001906224032,0.11119861473852799,-0.3164015758838752,0.3164015758838752
Cc1cccc(O)c1,-0.6629184223679809,-0.9263830886291775,-0.2634646662611966,0.2634646662611966
COc1coc(CSP(=O)(OC)OC)cc1=O,0.7286001715079289,-0.8759477787676664,-1.6045479502755953,1.6045479502755953
NC(CSCCCCCSCC(N)C(=O)O)C(=O)O,-2.9100000222155415,-2.0804926325601043,0.8295073896554372,0.8295073896554372
CC(Cc1cccc(CC(C)c2ccc(O)cc2)c1)c1ccc(O)cc1,-6.238635634028906,-5.158242261254808,1.0803933727740986,1.0803933727740986
COc1ccc2c3c1CCCC3CN(C(N)=NO)C2,-1.779999831564361,-1.5017714616806832,0.27822836988367783,0.27822836988367783
c1cnc2ncncc2n1,0.020000092878230902,-0.31658239787434095,-0.33658249075257185,0.33658249075257185
CNC(=O)NC,0.9386365523381399,0.6792817754219289,-0.259354776916211,0.259354776916211
CC(C)CN1CCOCC1,-0.7088997417917793,-0.6414806344345529,0.06741910735722634,0.06741910735722634
Clc1ccc(Oc2ccc(Cl)c(Cl)c2Cl)c(Cl)c1,-7.44000007170477,-8.008010078124574,-0.5680100064198044,0.5680100064198044
COC(=O)c1c(Cl)c(Cl)c(Cl)c(Cl)c1C#N,-6.738767869661427,-6.408281751577761,0.330486118083666,0.330486118083666
CC(NC(=O)Cc1ccccc1)c1ccccc1,-3.1900000047230272,-3.2968852679294227,-0.10688526320639546,0.10688526320639546
CCCCCCCC/C=C\CCCCCCCCOCCO,-2.4949027711239826,-5.1121552132160755,-2.617252442092093,2.617252442092093
O=C(O)c1cc(C(=O)O)cc(C(=O)O)c1,-1.9422994666982882,-1.9051602893126787,0.03713917738560957,0.03713917738560957
CCCCCCCN,-1.8499999041574111,-1.3654914178388216,0.48450848631858956,0.48450848631858956
CC(CCC(=O)O)C1CCC2C3C(O)CC4CC(O)CCC4(C)C3CCC12C,-4.5700001319817884,-4.689483680848124,-0.11948354886633528,0.11948354886633528
Clc1ccc(-c2cc(Cl)c(Cl)cc2Cl)c(Cl)c1,-7.950300473923345,-7.715511174776584,0.23478929914676172,0.23478929914676172
CC1(C)[C@H](C(=O)O[C@H](C#N)c2cccc(Oc3ccccc3)c2)[C@@H]1C=C(Br)Br,-8.402400448240035,-7.888218177135835,0.5141822711042003,0.5141822711042003
Nc1nc(N)nc(N)n1,-2.8007795102533604,-2.7012693269128136,0.09951018334054673,0.09951018334054673
COC(=O)COCO,0.9204429489548374,0.47167218376633935,-0.448770765188498,0.448770765188498
CC(=O)OC(OC(C)=O)C(OC(C)=O)OC(C)=O,-2.0999997690556973,-1.2474539769341806,0.8525457921215167,0.8525457921215167
COc1cc(OC)nc(NC(=O)NS(=O)(=O)c2c(Cl)nc3ccccn23)n1,-4.788599978513961,-4.697032648743608,0.09156732977035276,0.09156732977035276
COc1ccc2c3c1OC1C(O)CCC4C(C2)N(C)CCC341,-0.9999998804090442,-2.0166787191425053,-1.016678838733461,1.016678838733461
COP(=S)(OC)SCN1C(=O)c2ccccc2C1=O,-4.099999861470743,-4.187412443149565,-0.08741258167882204,0.08741258167882204
CCCCCCCC/C=C\CCCCCCCC(=O)OCC(COC(=O)CCCCCCC/C=C\CCCCCCCC)(COC(=O)CCCCCCC/C=C\CCCCCCCC)COC(=O)CCCCCCC/C=C\CCCCCCCC,-7.378019638778644,-7.783943813751899,-0.4059241749732543,0.4059241749732543
C1CC2C3CC(C2C1)C1(CCCO1)C3,-5.941561414587163,-5.8359225171467894,0.10563889744037347,0.10563889744037347
CCN1c2ncccc2C(=S)N(C)c2cccnc21,-4.633999898636996,-3.9959860928975055,0.6380138057394906,0.6380138057394906
CC1(C)CC(NCCCCCCNC2CC(C)(C)NC(C)(C)C2)CC(C)(C)N1,-2.3507456004022966,-1.2824997001387253,1.0682459002635714,1.0682459002635714
Nc1nc(Cl)nc(Nc2ccc(S(=O)(=O)[O-])c(N/N=C3/C(=O)c4c(cc(S(=O)(=O)[O-])c(N=Nc5cc(S(=O)(=O)[O-])ccc5S(=O)(=O)[O-])c4N)C=C3S(=O)(=O)[O-])c2)n1,-0.5908003268034503,-0.09383484262317321,0.4969654841802771,0.4969654841802771
O=S1(=O)CCCO1,-0.08687552569765744,0.03220332826138694,0.11907885395904438,0.11907885395904438
Nc1cc(=O)nc(N)[nH]1,-1.3781465533333248,-2.031605363535129,-0.6534588102018042,0.6534588102018042
CC(C)=CC1CC(C)CCO1,-2.2244457304917393,-2.544319407864916,-0.3198736773731765,0.3198736773731765
COc1cc(NC(=O)c2cc3ccccc3cc2O)c(OC)cc1Cl,-5.062270216654485,-5.699908313138298,-0.6376380964838129,0.6376380964838129
CCOC(=O)CCSP(=S)(OC(C)C)OC(C)C,-4.274778371731981,-3.8864685011904925,0.38830987054148824,0.38830987054148824
C=CC(c1ccc(O)cc1)C(C=C)c1ccc(O)cc1,-4.949999816205654,-4.148208383153767,0.8017914330518874,0.8017914330518874
CC(=O)OC(C)C,-0.5467676713295613,-0.46007655632209365,0.08669111500746762,0.08669111500746762
COCC(F)F,-0.28359976293012323,-0.24717832548923147,0.03642143744089177,0.03642143744089177
c1cc(OCC2CO2)cc(N(CC2CO2)CC2CO2)c1,-2.1925610306225716,-2.303398987774041,-0.11083795715146927,0.11083795715146927
CCC1(CC)OC(=O)c2cc([N+](=O)[O-])ccc21,-3.6600000854470682,-4.0053550836605,-0.3453549982134314,0.3453549982134314
CCCCCCCCCCCCOC(=O)/C=C/C(=O)OCCCCCCCCCCCC,-6.4797382841509386,-7.095807329107586,-0.6160690449566477,0.6160690449566477
O=C(O)CCl,0.9277004040112362,0.3866779716204798,-0.5410224323907564,0.5410224323907564
Clc1cc(Cl)c(-c2c(Cl)c(Cl)c(Cl)c(Cl)c2Cl)c(Cl)c1Cl,-10.103500984309699,-10.15433077508698,-0.05082979077728034,0.05082979077728034
CC(C)C(NCCC#N)C(=O)O,-1.1199997879548391,-0.7525390205651981,0.36746076738964106,0.36746076738964106
CN(C)C(=O)C(CCN1CCC(O)(c2ccc(Cl)cc2)CC1)(c1ccccc1)c1ccccc1,-4.673121418539152,-4.272201271249705,0.4009201472894466,0.4009201472894466
CCCCOP(=O)(OCCCC)Oc1ccccc1,-3.474600024699119,-3.453469657206436,0.021130367492682822,0.021130367492682822
O=C(C(F)(F)C(F)(F)F)C(F)(C(F)(F)F)C(F)(F)F,-1.499743294229205,-4.474971501328033,-2.9752282070988283,2.9752282070988283
c1ccc(N=Nc2ccccc2)cc1,-4.454400108324028,-5.50236115945383,-1.0479610511298025,1.0479610511298025
COc1ccc(N)cc1NS(=O)(=O)c1ccc(N)cc1,-5.079999911585057,-3.8252019434555367,1.2547979681295205,1.2547979681295205
CC(=O)Nc1c(I)c(C(=O)NC2C(O)[C@H](O)C(CO)O[C@@H]2O)c(I)c(N(C)C(C)=O)c1I,-0.19819975166167314,-0.9092805879887589,-0.7110808363270857,0.7110808363270857
Oc1c2ccccc2cc2ccccc12,-4.732900184184855,-4.899097837353163,-0.16619765316830826,0.16619765316830826
CC=CC(=O)Nc1ccc(O)cc1,-2.646399902488982,-2.241108546402562,0.40529135608642,0.40529135608642
CNC(=O)CSP(=S)(OC)OC,-0.9623998311627782,-1.0246633572863302,-0.062263526123552015,0.062263526123552015
O=c1nc(-c2ccccc2)oc2ccccc12,-4.610000193181662,-4.77089913120809,-0.16089893802642763,0.16089893802642763
COC(=O)C(NC(=O)C(Cl)Cl)C(C)O,-0.6199999201313542,-0.8425641756427935,-0.22256425551143932,0.22256425551143932
Cc1cccc2[nH]c(=S)[nH]c12,-3.1362790504775644,-2.5551413044150424,0.581137746062522,0.581137746062522
Nc1nc2c(O)cccc2s1,-1.919599905744737,-2.354703418596495,-0.43510351285175797,0.43510351285175797
CCCCCCCCOC(N)=O,-3.299999914222218,-2.7491953765195167,0.5508045377027013,0.5508045377027013
Cc1ccc(C(=O)O)cc1,-2.529999874846685,-2.188503660517772,0.3414962143289131,0.3414962143289131
CCCCCCCCc1ccccc1,-6.460000159617367,-6.178765356540252,0.28123480307711546,0.28123480307711546
Clc1cc(-c2c(Cl)cc(Cl)c(Cl)c2Cl)cc(Cl)c1Cl,-9.10000061010928,-9.068501764473854,0.03149884563542571,0.03149884563542571
CC(C)C(N)C(=O)NC(C(=O)O)C(C)C,-0.39999979057241974,-0.9586940846174339,-0.5586942940450141,0.5586942940450141
N=C(N)N,0.7166401395445021,0.0869387285532337,-0.6297014109912684,0.6297014109912684
O=C1NC(=O)C(O)(C2(O)C(=O)NC(=O)NC2=O)C(=O)N1,-1.994199863221955,-1.1172582974198413,0.8769415658021138,0.8769415658021138
Cc1ncc(CO)c(C=NC(C(=O)O)C(C)C)c1O,-1.599999832218756,-2.144249747903232,-0.544249915684476,0.544249915684476
Cc1ccc(-c2ccc(C)cc2)cc1,-6.017700372138152,-5.353546615638943,0.6641537564992088,0.6641537564992088
CCOP(=S)(OCC)ON=C(C#N)c1ccccc1,-4.862000068041287,-4.80040611047001,0.06159395757127761,0.06159395757127761
CCOP(=S)(OCC)SC(CCl)N1C(=O)c2ccccc2C1=O,-5.849999881947134,-4.933931275166366,0.916068606780768,0.916068606780768
NCCCC[C@H](N)C(=O)O,0.43734820328697355,-0.08921535791743818,-0.5265635612044117,0.5265635612044117
CCOC(=O)OCn1cnc2c1c(=O)n(C)c(=O)n2C,-1.8599998849506514,-1.856983375792605,0.003016509158046299,0.003016509158046299
CC1(C)[C@H](C(=O)O[C@H](C#N)c2cccc(Oc3ccccc3)c2)[C@@H]1/C=C\C(=O)OC(C(F)(F)F)C(F)(F)F,-7.432500241390116,-7.189442578080202,0.24305766330991396,0.24305766330991396
O=[N+]([O-])c1cc(Cl)cc(Cl)c1O,-4.087600213791177,-3.21545094238918,0.8721492714019967,0.8721492714019967
O=[N+]([O-])c1cc(Cl)ccc1Cl,-3.364225354879274,-3.5569927401059287,-0.1927673852266545,0.1927673852266545
CN(C)CCCNC1CC(C)(C)NC(C)(C)C1,0.3161917682417954,-0.16013358553207757,-0.476325353773873,0.476325353773873
O=C([O-])c1cc2ccccc2c(N=Nc2ccc3ccccc3c2S(=O)(=O)[O-])c1[O-],-7.67700442674246,-2.791510226681244,4.885494200061216,4.885494200061216
Clc1cc(Cl)c(Cl)cc1Cl,-5.469999921669444,-5.612000076816884,-0.14200015514743924,0.14200015514743924
O=C(Nc1ccc(NC(=O)C2=Cc3ccccc3/C(=N\Nc3cc(Cl)ccc3Cl)C2=O)c(Cl)c1)C1=Cc2ccccc2/C(=N\Nc2cc(Cl)ccc2Cl)C1=O,-7.869298552193067,-9.043255537972222,-1.1739569857791547,1.1739569857791547
Ic1cccc(I)c1,-4.518000149040792,-4.630622242062535,-0.1126220930217432,0.1126220930217432
NCCS(=O)(=O)O,-0.19059971380858398,0.41670048140038496,0.6073001952089689,0.6073001952089689
CC(C(=O)O)c1ccc2c(c1)[nH]c1ccc(Cl)cc12,-4.699999813280455,-5.376640174414071,-0.6766403611336163,0.6766403611336163
CC(=O)C(=O)O,1.0552000038447722,0.6123182949026855,-0.44288170894208667,0.44288170894208667
COC(=O)/C=C\C(=O)OC,-0.2672049262698142,-0.8751980165792608,-0.6079930903094466,0.6079930903094466
CCOP(=S)(OCC)SCSC(C)(C)C,-4.755000087217285,-4.475788206568975,0.27921188064830993,0.27921188064830993
CN1c2ccccc2Sc2ccc(CC(=O)O)cc21,-3.942199903682548,-3.8740165413111094,0.06818336237143852,0.06818336237143852
CC(C)(C)CC(C)(C)c1ccc(O)cc1,-4.469462433171586,-4.67411852495466,-0.20465609178307442,0.20465609178307442
CC(=O)OC1C(=O)C2(C)C(O)CC3OCC3(OC(C)=O)C2C(OC(=O)c2ccccc2)C2(O)CC(OC(=O)C(O)C(NC(=O)c3ccccc3)c3ccccc3)C(C)=C1C2(C)C,-6.3300000642379635,-4.357509080540642,1.9724909836973215,1.9724909836973215
CC(=O)OCCC(C)C,-1.8134999294033378,-1.5553811144746224,0.25811881492871547,0.25811881492871547
C1CCCCCC1,-3.5148999148595528,-4.556075148892784,-1.0411752340332314,1.0411752340332314
C(=C\CSc1nnc(-c2ccccc2)c(-c2ccccc2)n1)/CSc1nnc(-c2ccccc2)c(-c2ccccc2)n1,-7.025125955674705,-6.1432929921493376,0.8818329635253672,0.8818329635253672
CC12CCC3C(=CCc4cc(O)ccc43)C1CCC2O,-4.400000113429424,-4.477806712136582,-0.07780659870715745,0.07780659870715745
Nc1nc(N)c2nc(N)[nH]c2n1,-1.519999847845922,-2.7683011566337634,-1.2483013087878414,1.2483013087878414
CCc1nc2[nH]c(=O)[nH]c(=O)c2nc1CC,-2.39000000571441,-2.8795322575652884,-0.48953225185087845,0.48953225185087845
O=C(O)C1CCNCC1,0.3840317196550691,0.5310966343277941,0.14706491467272498,0.14706491467272498
O=C(OCc1ccccc1)c1ccccc1,-4.17762467873421,-4.356530469731402,-0.17890579099719162,0.17890579099719162
Clc1cc(Cl)c(-c2cc(Cl)c(Cl)c(Cl)c2Cl)c(Cl)c1,-8.680000726658628,-9.147568548891641,-0.4675678222330131,0.4675678222330131
Cc1ccc(N/N=C2\C(=O)C(C(=O)[O-])=Cc3ccccc32)c(S(=O)(=O)[O-])c1,-5.129839911373191,-2.6292743513541845,2.500565560019006,2.500565560019006
CCCCCC1(CC)C(=O)NC(=O)NC1=O,-2.509999913260205,-2.5680675247655893,-0.05806761150538442,0.05806761150538442
NS(=O)(=O)c1cc2c(cc1Cl)NC(C(Cl)Cl)NS2(=O)=O,-3.180000023929787,-2.777304997199882,0.402695026729905,0.402695026729905
CCC(C)OC(=O)Nc1cccc(Cl)c1,-3.172699884050714,-3.805897775534695,-0.6331978914839809,0.6331978914839809
O=C(O)COc1cccc(Cl)c1Cl,-2.809699939430952,-2.2980041368876414,0.5116958025433105,0.5116958025433105
CCCCC(=O)OCn1c(=O)[nH]cc(F)c1=O,-1.6599998550051098,-1.8901260529418036,-0.23012619793669375,0.23012619793669375
Nc1c(S(=O)(=O)[O-])cc(NC2CCCCC2)c2c1C(=O)c1ccccc1C2=O,-1.2963650556015531,-1.7416351822366014,-0.4452701266350483,0.4452701266350483
CC(C)(C)Cl,-1.5069997830972166,-1.703969018099274,-0.19696923500205732,0.19696923500205732
O=C(Cn1cnc([N+](=O)[O-])n1)Nc1cc(C(F)(F)F)ccc1Cl,-5.968106750388735,-4.810322101887027,1.1577846485017078,1.1577846485017078
O=C(O)CCP(=O)(O)c1ccccc1,-0.8283048913718454,-0.503742198235789,0.32456269313605635,0.32456269313605635
CCCCCCCCCC[N+](C)(C)CCCCCCCCCC,-2.9677471508660886,-2.382307489829982,0.5854396610361068,0.5854396610361068
COC(=O)c1cccnc1,-0.45955067378567493,-0.5227181381588344,-0.06316746437315945,0.06316746437315945
CCNP(=S)(OC)OC(C)=CC(=O)OC(C)C,-3.407999969040346,-2.2751195508579567,1.1328804181823893,1.1328804181823893
O=C(OCC(=O)N(CCO)CCO)c1ccccc1,0.43000020257601035,-0.9881639346399065,-1.4181641372159168,1.4181641372159168
CCCCC(CC)C1OCCO1,-3.1195969107989994,-2.982118638076832,0.13747827272216728,0.13747827272216728
Cc1cccc2c1c(C)cc1cc3ccccc3cc12,-7.974300041351766,-7.256690394039083,0.717609647312683,0.717609647312683
COc1ccc2c3c1OC1C(O)C=CC4C(C2)N(C)CCC341,-1.519999847845922,-1.3967920568279748,0.12320779101794721,0.12320779101794721
N#C[O-],0.5685386427593095,0.538226828570918,-0.030311814188391573,0.030311814188391573
Cc1cc(OC(=O)N(C)C)n(-c2ccccc2)n1,-2.0885997812895196,-2.4093743258135016,-0.320774544523982,0.320774544523982
Clc1cccc(-c2cc(Cl)c(Cl)c(Cl)c2Cl)c1Cl,-8.420600124807486,-8.58393123505812,-0.16333111025063474,0.16333111025063474
O=C([O-])Cc1ccccc1Nc1c(Cl)cccc1Cl,-1.1742318040969963,-3.879986895408951,-2.705755091311955,2.705755091311955
Cc1cccc(N)c1,-0.9508351082765965,-1.1501316150494016,-0.1992965067728052,0.1992965067728052
OCc1ccncc1,0.9621002992924468,0.681783375183096,-0.28031692410935083,0.28031692410935083
CCC(=O)OCC(=O)C1(OC(=O)CC)C(C)CC2C3CCC4=CC(=O)C=CC4(C)C3(F)C(O)CC21C,-3.769999943186167,-5.1641032980379915,-1.3941033548518247,1.3941033548518247
COc1ccc(N/N=C2/C(=O)c3ccc(Nc4nc(Nc5ccc6c(c5)C=C(S(=O)(=O)[O-])/C(=N/Nc5ccc(OC)cc5S(=O)(=O)[O-])C6=O)nc(N5CCOCC5)n4)cc3C=C2S(=O)(=O)[O-])c(S(=O)(=O)[O-])c1,-1.8252825967842714,-0.8739499772369261,0.9513326195473453,0.9513326195473453
OCC1CC2CC1C1CCC(CO)C21,-1.251505342868289,-1.6439598855366988,-0.39245454266840984,0.39245454266840984
CN=C(NC)N1Cc2cccc3cccc(c23)C1,-1.149999799348016,-1.499408578966524,-0.3494087796185079,0.3494087796185079
CC(=O)Oc1ccccc1C(=O)OCC(=O)NCC(N)=O,-2.519999894053445,-1.59186383586464,0.928136058188805,0.928136058188805
C[C@]12CCC(=O)C=C1CC[C@@H]1[C@@H]2C(=O)C[C@]2(C)C(=O)CC[C@@H]12,-3.4842998314645177,-3.673941976832847,-0.18964214536832946,0.18964214536832946
CC(=O)O[C@@H]1C[C@@H]2CC[C@@]1(C)C2(C)C,-3.4963237698884067,-4.087827544115975,-0.5915037742275686,0.5915037742275686
CCC(Cl)Cl,-1.6216998712858313,-1.83444668659574,-0.2127468153099088,0.2127468153099088
CN(C)C(=O)Nc1ccc(Cl)c(Cl)c1,-3.744299884196413,-3.2364246493362376,0.5078752348601752,0.5078752348601752
CCCCCCCc1ccn(CCC(=O)O)c(=O)c1,-4.400000113429424,-2.923508140844752,1.4764919725846726,1.4764919725846726
CCOC(=O)C1=NN(c2ccccc2)C(=O)C1N=Nc1ccc(-c2ccc(N=NC3C(=O)N(c4ccccc4)N=C3C(=O)OCC)c(Cl)c2)cc1Cl,-8.526560072846209,-7.863049797812822,0.6635102750333868,0.6635102750333868
O=c1c2ccc3c4c(ccc(c24)c2nc4ccccc4n12)c(=O)n1c2ccccc2nc31,-7.757995306319742,-7.324915440538081,0.4330798657816608,0.4330798657816608
Cc1cc(C)c(S(=O)(=O)Nc2nnc(S(N)(=O)=O)s2)c(C)c1,-2.6999999796658702,-2.286841072316677,0.41315890734919325,0.41315890734919325
COc1cc(-c2ccc(N)c(OC)c2)ccc1N,-3.6098000424578207,-2.5043116171579456,1.1054884252998751,1.1054884252998751
CCCCCCC(=O)N(C)S(=O)(=O)c1ccc(N(C)C)cc1,-3.6800000470335483,-3.498643381165514,0.18135666586803412,0.18135666586803412
CC(=O)O[C@H]1CC[C@@]2(C)C(=CC[C@@H]3[C@@H]2CC[C@]2(C)C(=O)CC[C@@H]32)C1,-4.458399852192882,-4.8465496115159326,-0.38814975932305096,0.38814975932305096
O=C1CN(/N=C/c2ccc([N+](=O)[O-])o2)C(=O)N1,-3.3800000711286926,-3.8063063351955346,-0.426306264066842,0.426306264066842
CC1(C)OC(=O)c2cc([N+](=O)[O-])ccc21,-3.0515999192660908,-3.180119537982601,-0.1285196187165103,0.1285196187165103
OCCCCl,0.42230023323831034,0.2577773986256191,-0.16452283461269124,0.16452283461269124
CCOP(=S)(OCC)Oc1cc(-c2ccccc2)on1,-5.217199766771458,-4.792991442760336,0.4242083240111221,0.4242083240111221
O=C(O)C(=O)C(c1ccccc1)c1ccccc1,-2.3354000098236725,-2.5389995055919745,-0.20359949576830205,0.20359949576830205
CCCCCCOCCO,-1.1693997579460946,-1.289997045968955,-0.1205972880228603,0.1205972880228603
CCCCC(CC)COC(=O)c1c(Br)c(Br)c(Br)c(Br)c1C(=O)OCC(CC)CCCC,-5.949075323646887,-7.662145001456198,-1.7130696778093109,1.7130696778093109
NCCO,0.9211783563443485,1.2197479593555287,0.2985696030111802,0.2985696030111802
CC(C)C1OCC2(CO1)COC(C(C)C)OC2,-3.1099998478165527,-2.3915504620219132,0.7184493857946395,0.7184493857946395
c1ccc(C2=[NH+]CCN2)cc1,-1.1265179708681785,-1.5029590452353667,-0.3764410743671882,0.3764410743671882
CON(C)C(=O)Nc1ccc(Br)cc1,-2.8949999167729423,-2.80296908292558,0.09203083384736255,0.09203083384736255
Cc1ccc(C(=O)O)cc1C,-3.1600000278365785,-2.6472565320143486,0.5127434958222299,0.5127434958222299
COc1cc(N=Nc2c(Br)cc([N+](=O)[O-])cc2[N+](=O)[O-])c(NC(C)=O)cc1N(CCOC(C)=O)CCOC(C)=O,-5.4951199915731,-6.517561798968454,-1.0224418073953538,1.0224418073953538
CCCCc1ccc(C(=O)O)c(C(=O)O)c1CCCC,-4.400000113429424,-3.28997156889847,1.1100285445309543,1.1100285445309543
CCCN(CCC)c1c([N+](=O)[O-])cc(S(=O)(=O)N=S(C)C)cc1[N+](=O)[O-],-4.860000196106861,-4.975652117883701,-0.11565192177684036,0.11565192177684036
CCC1OC(=O)c2cc(C#N)ccc21,-2.3099998488079354,-3.465030066751604,-1.1550302179436684,1.1550302179436684
Clc1cc(Cl)c(Oc2c(Cl)c(Cl)c(Cl)c(Cl)c2Cl)cc1Cl,-10.100001173917724,-9.987599233821332,0.11240194009639204,0.11240194009639204
Cc1cc(C)c(N)cc1C,-1.954899943535463,-2.1153412533336766,-0.16044130979821358,0.16044130979821358
Clc1cc(Cl)c(-c2ccccc2)c(Cl)c1,-6.060000099726285,-6.337407692575104,-0.2774075928488191,0.2774075928488191
CN=C(NCC1CCOC1)N[N+](=O)[O-],-0.5694145750160144,-1.1609120690190666,-0.5914974940030522,0.5914974940030522
c1cc2ccc3ccc4ccc5ccc6ccc1c1c2c3c4c5c61,-8.8300006455976,-9.411033767260488,-0.5810331216628875,0.5810331216628875
CC1(C)[C@@H](C(=O)[O-])CC[C@@]1(C)C(=O)[O-],-1.4206998363596202,-1.2102108652834993,0.21048897107612086,0.21048897107612086
O=C(c1ccccc1)c1ccccc1,-3.882202848474812,-3.8105365149947166,0.07166633348009555,0.07166633348009555
CN1C(=O)CN=C(c2ccccc2)c2cc(Cl)ccc21,-3.7099999894132694,-3.8587598745708283,-0.1487598851575589,0.1487598851575589
CCCCCCCCC(=O)OC1CCC2C3CCC4=CC(=O)CCC4C3CCC12C,-5.71999978656773,-5.740318452295048,-0.02031866572731822,0.02031866572731822
C=COC(=O)C(CC)CCCC,-4.151910817053212,-3.624607707651916,0.5273031094012959,0.5273031094012959
CC(C)CNCc1cc2cc(S(N)(=O)=O)oc2s1,-1.329999867707077,-2.7734327039313085,-1.4434328362242315,1.4434328362242315
COc1cc(N=Nc2ccc3cc(S(=O)(=O)[O-])cc(S(=O)(=O)[O-])c3c2)ccc1NC(=O)c1ccc(N=Nc2c([O-])nc(NC#N)nc2O)cc1,-0.8216486815460606,-1.688105308998056,-0.8664566274519954,0.8664566274519954
O=C(C1CCCC1)N(O)C1CCCCC1,-3.1600000278365785,-2.574024662786565,0.5859753650500137,0.5859753650500137
Cc1ccc2[nH]c(=O)c(=O)[nH]c2c1,-3.0417999653490306,-2.757292285377365,0.2845076799716657,0.2845076799716657
Cc1ccc(C2(O)CCN(CCCC(=O)c3ccc(F)cc3)CC2)cc1,-4.349999864395942,-3.408014565386337,0.9419852990096049,0.9419852990096049
Cc1c(Cl)cc(-c2ccc(=O)[nH]n2)cc1Cl,-5.537500050824276,-4.098472317630706,1.4390277331935701,1.4390277331935701
CCCCCCNC(=O)C(C)O,-0.9486998319410602,-1.1797600579942746,-0.2310602260532144,0.2310602260532144
Oc1ccc(Cl)c(O)c1,-1.0705675196660713,-0.5390447895243953,0.5315227301416761,0.5315227301416761
CCOC(=O)c1c(C)oc(C)c(C(=O)OCC)c1=O,-1.5254999442530612,-1.773569640807706,-0.24806969655464473,0.24806969655464473
CN(C)C(=O)COC(=O)c1ccccc1O,-1.7099999660116796,-1.5453956955206452,0.16460427049103443,0.16460427049103443
Clc1cccc(Oc2cc(Cl)c(Cl)cc2Cl)c1,-7.26999977709858,-7.278653512401281,-0.008653735302701193,0.008653735302701193
CCCOC(=O)c1ccccc1,-2.6700998997573038,-2.700484850955928,-0.030384951198624055,0.030384951198624055
Cc1c(Cl)ccc(OC(C)C(=O)Nc2ccccc2)c1Cl,-7.005700600124737,-6.388831551183551,0.6168690489411857,0.6168690489411857
CCCCCCCC,-5.238200285446258,-5.208459902675392,0.029740382770865992,0.029740382770865992
Cc1cc(O)n(CCC(=O)O)c(=O)c1C(N)=O,-1.602448705699369,-1.894235597219508,-0.2917868915201389,0.2917868915201389
CC(C)CC(N)C(=O)NC(C(=O)O)C(C)C,-0.16999974923370154,-1.0298309468613875,-0.859831197627686,0.859831197627686
CCCCCCS(=O)(=O)NS(=O)(=O)CCCCCC,-2.1999999220553805,-2.6419077476099777,-0.4419078255545972,0.4419078255545972
C[C@H](N)c1ccccc1,-0.46019222287472283,-0.8350664157318266,-0.37487419285710377,0.37487419285710377
CC(=O)C(N=Nc1ccc(-c2ccc(N=NC(C(C)=O)C(=O)Nc3ccccc3C)c(Cl)c2)cc1Cl)C(=O)Nc1ccccc1C,-8.914845236570368,-8.85364907256076,0.06119616400960837,0.06119616400960837
CCCCCCCCC(=O)O,-5.635368033093953,-2.8716249372983667,2.7637430957955864,2.7637430957955864
CCC(C)(C)c1ccc(O)c(C(C)(C)CC)c1,-4.89280463830711,-6.074543719436871,-1.181739081129761,1.181739081129761
Clc1cc(Cl)c2nsnc2c1Cl,-4.980000103652655,-4.87207837910734,0.10792172454531457,0.10792172454531457
O=C([O-])CSSCC(=O)[O-],0.4596033865959055,-0.5818295436828622,-1.0414329302787677,1.0414329302787677
CCCCC1(CCCC)C(=O)NC(=O)NC1=O,-2.875600034736667,-2.8511766384202164,0.024423396316450408,0.024423396316450408
CNn1cc(C(=O)O)c(=O)c2cc(F)c(N3CCN(C)CC3)cc21,-3.7300000200132057,-3.2074333386192144,0.5225666813939913,0.5225666813939913
CN(C)c1ccc(C(=O)c2ccc(N(C)C)cc2)cc1,-2.8266999033287874,-4.2268337575055535,-1.400133854176766,1.400133854176766
O=C(O)c1ccccc1[N+](=O)[O-],-1.3499998292935576,-1.6555546982897937,-0.3055548689962362,0.3055548689962362
Cc1ccccc1NC(=O)C1=Cc2ccccc2/C(=N\Nc2cc(Cl)c(Cl)cc2Cl)C1=O,-7.6943096889172615,-8.525774423660566,-0.8314647347433048,0.8314647347433048
CCCC1CC(=O)C=C(C)C1,-1.7725869582045481,-2.6365278036301225,-0.8639408454255744,0.8639408454255744
CNC1CN(c2cc3c(cc2F)c(=O)c(C(=O)O)cn3C2CC2)C1,-5.40999989888309,-4.2820457647260755,1.1279541341570143,1.1279541341570143
CCCCCCCCSc1nc(Nc2cc(C(C)(C)C)c(O)c(C(C)(C)C)c2)nc(SCCCCCCCC)n1,-7.46906522681995,-7.47932669959882,-0.010261472778870129,0.010261472778870129
Clc1cnc2cncnc2n1,-0.8748998784483781,-1.2226742813966154,-0.34777440294823725,0.34777440294823725
NC(=O)C(Cl)(Cl)Cl,-1.0965999474609944,-0.8986146963564239,0.19798525110457055,0.19798525110457055
CC(C)=NNC(=O)NC1c2ccccc2Oc2ccccc21,-4.170000072090706,-4.585864393190656,-0.4158643210999502,0.4158643210999502
CON(C)C(=O)Nc1ccc(Br)c(Cl)c1,-3.923599949069005,-3.5845375287805203,0.33906242028848466,0.33906242028848466
CC(=O)c1c(C)c([N+](=O)[O-])c(C(C)(C)C)c([N+](=O)[O-])c1C,-5.190100252916416,-5.160381678397717,0.029718574518699192,0.029718574518699192
CCCN(CCC)c1c([N+](=O)[O-])cc(C)cc1[N+](=O)[O-],-2.9662999516291175,-4.766710842576835,-1.8004108909477172,1.8004108909477172
C/C(=C/C(=O)O)C(=O)O,0.7795003560105571,-0.06275062983273516,-0.8422509858432923,0.8422509858432923
CC(=O)OCCS,-1.4999998862594417,-1.1590150271344117,0.34098485912502996,0.34098485912502996
CCCC(=O)OCN1C(=O)NC(c2ccccc2)(c2ccccc2)C1=O,-4.6799998516939745,-4.133976980319133,0.5460228713748414,0.5460228713748414
O=c1[nH]c2cc(Cl)ccc2o1,-2.660000004732817,-3.254697859741293,-0.594697855008476,0.594697855008476
O=C(O)CC(O)(CC(=O)O)C(=O)Nc1ccccc1,-0.48739981180220937,-1.2526225326976252,-0.7652227208954159,0.7652227208954159
CN1/C(=C(/O)Nc2ccccn2)C(=O)c2ccccc2S1(=O)=O,-4.158599877284159,-3.6605083005386936,0.4980915767454652,0.4980915767454652
CC(=O)O[C@]1(C(C)=O)CC[C@H]2[C@@H]3CCC4=CC(=O)CC[C@@H]4[C@H]3CC[C@@]21C,-4.995753805304654,-4.600429545099584,0.3953242602050695,0.3953242602050695
COC12C(COC(N)=O)C3=C(C(=O)C(C)=C(N)C3=O)N1CC1NC12,-2.5599998517331337,-2.3572743078677103,0.2027255438654234,0.2027255438654234
CCN1c2cc(OC)cc(C)c2NC(=O)c2cccnc21,-5.152999861093204,-4.241296769499272,0.9117030915939326,0.9117030915939326
O=C(O)COc1c(Cl)cccc1Cl,-2.1500000180891794,-2.249546338600741,-0.09954632051156143,0.09954632051156143
CCCCCCCC(C(=O)O)C(=O)O,-2.041099889774993,-1.9948069055828916,0.04629298419210115,0.04629298419210115
C[Si](C)(C)O[Si](C)(O[Si](C)(C)C)O[Si](C)(C)C,-5.936026259344263,-7.35684907094771,-1.420822811603447,1.420822811603447
COc1ccc(S(=O)(=O)Nc2nnc(S(N)(=O)=O)s2)cc1,-2.249999895035038,-1.9182125972477446,0.3317872977872933,0.3317872977872933
O=Nc1c(O)ccc2ccccc12,-2.9374000406081797,-3.517380189462747,-0.5799801488545673,0.5799801488545673
CN(C)CCOC(c1ccccc1)c1ccccc1,-2.94999998690441,-3.0884432014581447,-0.13844321455373487,0.13844321455373487
CN(C)N=O,1.1303004469065185,0.4169864731629729,-0.7133139737435457,0.7133139737435457
Cc1ccc(C(C)C)c(O)c1,-2.1899999412621405,-2.5881175556145597,-0.3981176143524192,0.3981176143524192
CCCC(=O)OCCC(C)C,-2.932851967576271,-2.7966989343739055,0.1361530332023655,0.1361530332023655
CC(C)(C)NCc1ccc(S(=O)(=O)c2csc(S(N)(=O)=O)c2)cc1,-1.9799999305233587,-2.4218262511861566,-0.4418263206627979,0.4418263206627979
Nc1cccc2cccc(S(=O)(=O)O)c12,-3.0699998728834994,-2.1150700304507204,0.954929842432779,0.954929842432779
C=C(C)CCC,-3.0329999387725017,-3.0314781575560588,0.0015217812164429745,0.0015217812164429745
CC(Cl)C(Cl)(Cl)C(O)O,-0.8665999061222762,-0.5263523867635316,0.34024751935874464,0.34024751935874464
CCCCNCc1ccc(S(=O)(=O)c2csc(S(N)(=O)=O)c2)cc1,-1.6799998165915901,-2.2817796254372906,-0.6017798088457005,0.6017798088457005
CCCCC1CCC(C2CCC(=O)CC2)CC1,-6.373645830276267,-4.407582345810807,1.9660634844654599,1.9660634844654599
FC(F)F,-1.2333998006551268,-1.2559932879264635,-0.0225934872713367,0.0225934872713367
O=C1OC2(c3ccc(O)cc3Oc3cc(O)ccc32)c2ccccc21,-3.8225998601021085,-4.123467749232423,-0.3008678891303149,0.3008678891303149
COC[C@H](N)C(=O)O,0.6524002060616394,-0.13302482387390224,-0.7854250299355416,0.7854250299355416
CCc1ccccc1[N+](=O)[O-],-2.799299887631988,-2.635048155128704,0.16425173250328395,0.16425173250328395
Cc1cc(O)c(C)c(C)c1O,-1.6383264551321368,-1.9856254933939113,-0.34729903826177444,0.34729903826177444
COc1ccc2cc(C(C)C(=O)OCCOC(=O)CN3CCOCC3)ccc2c1,-4.30000016747011,-3.8563410219436722,0.44365914552643737,0.44365914552643737
CN1C(C)(C)CC(OC(=O)CCCCCCCCC(=O)OC2CC(C)(C)N(C)C(C)(C)C2)CC1(C)C,-4.61122131727607,-4.066408803896465,0.5448125133796049,0.5448125133796049
COc1cccc(C(=O)O)c1,-1.929999819516789,-2.010318300990092,-0.0803184814733029,0.0803184814733029
O=[N+]([O-])C(CO)(CO)CO,0.8210000796141541,0.39998487019555196,-0.42101520941860215,0.42101520941860215
CC1CCCCN1CCCOC(=O)c1ccc(Cl)c(Cl)c1,-4.217800172139802,-3.770046734309486,0.4477534378303165,0.4477534378303165
C[C@H](NC(N)=O)C(=O)[O-],-0.9655998471009211,-1.0776861196485499,-0.11208627254762882,0.11208627254762882
Cc1cc2c3ccccc3ccc2c2ccccc12,-6.571499955814014,-7.247251561658391,-0.6757516058443773,0.6757516058443773
Clc1ccc(-c2c(Cl)cc(Cl)c(Cl)c2Cl)c(Cl)c1,-7.472099610463159,-8.370018782472606,-0.8979191720094466,0.8979191720094466
CC1(C)CC2(CC(C)(C)N1)OC1(CCCCCCCCCCC1)NC2=O,-5.08466439306425,-4.411634263852566,0.6730301292116838,0.6730301292116838
N#CCCCCC#N,-0.13091246000583245,-0.07651329327270329,0.05439916673312917,0.05439916673312917
Nc1ccc(-c2ccc(N)c(Cl)c2)cc1Cl,-4.087434719523154,-4.109878999702137,-0.022444280178983256,0.022444280178983256
NC(Cc1ccccc1)C(=O)O,-1.0656998625717586,-1.0890781708672619,-0.023378308295503247,0.023378308295503247
C=Cc1ccc(O)c(C=C)c1,-3.3940627015561335,-2.890397891393296,0.5036648101628374,0.5036648101628374
O=[N+]([O-])c1cccc(Br)c1,-1.3053998832095164,-2.931795086880992,-1.6263952036714755,1.6263952036714755
CC(C)(C)Cc1ccccc1,-4.150000110504225,-4.369506517797341,-0.21950640729311655,0.21950640729311655
CNC(=S)NC1C(=O)NC(=O)NC1=O,-0.4599998133587735,-1.2511381912811832,-0.7911383779224097,0.7911383779224097
Cc1ccc(P(=O)(O)O)c(C)c1,-1.093799795488207,-1.8096984611942124,-0.7158986657060054,0.7158986657060054
O=C1NCC(=O)N(CC(O)C(O)C(O)CO)c2ccccc21,-1.4599999630864808,-1.6423038386411744,-0.18230387555469352,0.18230387555469352
CN(C)c1ccc(O)c2c1CC1CC3C(N(C)C)C(O)=C(C(N)=O)C(=O)C3(O)C(O)=C1C2=O,-0.9399998576226907,-2.474869683078515,-1.5348698254558244,1.5348698254558244
C/C=C\C(=O)O,1.0650001906822473,-0.12448151010115893,-1.1894817007834062,1.1894817007834062
C1CC[C@@H]2NCCC[C@H]2C1,-1.083099811208498,-0.4684401590548326,0.6146596521536654,0.6146596521536654
O=C(Oc1cccc(N=C=S)c1)c1cccnc1,-4.30000016747011,-3.951412095873004,0.3485880715971055,0.3485880715971055
O=C(O)Cc1ccccc1Oc1ccc(Cl)cc1Cl,-4.860000196106861,-3.6504235712212116,1.2095766248856492,1.2095766248856492
CCCCCCCCCC(C)O,-2.941800053896444,-3.6996943480224176,-0.7578942941259736,0.7578942941259736
Clc1cc(Cl)c(-c2c(Cl)cc(Cl)c(Cl)c2Cl)c(Cl)c1Cl,-9.10000061010928,-9.49217813276441,-0.39217752265513006,0.39217752265513006
CCC1(CC)C(=O)NC(=S)NC1=O,-2.3199998296011755,-2.464883643003432,-0.14488381340225676,0.14488381340225676
CC(C)=CC1C(C(=O)OC(C#N)c2cccc(Oc3ccccc3)c2)C1(C)C,-7.574600604075991,-7.051326776302812,0.5232738277731794,0.5232738277731794
O=C(O)c1cccc(Cl)c1[N+](=O)[O-],-2.6300000450997323,-1.9895100538043287,0.6404899912954036,0.6404899912954036
NCCN1CCNCC1,-0.11128558516369269,0.44831416542696534,0.559599750590658,0.559599750590658
OC[C@H]1OC2(COC3(CO2)O[C@H](CO)[C@@H](O)[C@@H]3O)[C@@H](O)[C@@H]1O,-0.00579989759613353,-0.36914856721018996,-0.36334866961405643,0.36334866961405643
Nc1nc2c(ncn2C2OC(CO)C(O)C2O)c(=O)[nH]1,-2.739999937345559,-1.963975005988404,0.776024931357155,0.776024931357155
Clc1ccccc1-c1c(Cl)cccc1Cl,-5.900300201488273,-5.8781054739669925,0.022194727521280377,0.022194727521280377
C[C@H]1O[C@@H](O[C@H]2[C@@H](O)C[C@H](O[C@H]3[C@@H](O)C[C@H](O[C@H]4CC[C@@]5(C)[C@H](CC[C@@H]6[C@@H]5C[C@@H](O)[C@]5(C)[C@@H](C7=CC(=O)OC7)CC[C@]65O)C4)O[C@@H]3C)O[C@@H]2C)C[C@H](O)[C@@H]1O,-4.081099974376455,-3.88968231981988,0.1914176545565751,0.1914176545565751
CC[C@@H](C)c1cccc([C@@H](C)CC)c1O,-5.059300015525565,-4.532074753302888,0.527225262222677,0.527225262222677
CCCCCOC(N)=O,-1.4699998748662648,-1.3280919216963392,0.14190795316992566,0.14190795316992566
CCOC1=CC(=O)CC(C)C12Oc1c(Cl)c(OC)cc(OC)c1C2=O,-5.000000065239136,-4.154311795195206,0.8456882700439294,0.8456882700439294
O=C(O)c1ccccc1CO,-1.5507998632236346,-1.0869177736336606,0.463882089589974,0.463882089589974
CCc1cc(CC)cc(OC(=O)NC)c1,-3.319999875808698,-3.0143435311517686,0.3056563446569296,0.3056563446569296
CCc1nc2cnc(N)nc2nc1CC,-3.0399999046237327,-2.5811743188243437,0.45882558579938904,0.45882558579938904
O=[N+]([O-])c1cc(Cl)cc(Cl)c1,-3.584333386977013,-3.8451272324823838,-0.26079384550537066,0.26079384550537066
CCOC(=O)C1=C(C)NC(C)=C(C(=O)OC)C1c1cccc(Cl)c1Cl,-5.6799998633947695,-4.428854915530039,1.2511449478647307,1.2511449478647307
c1ccc2c(c1)c1cccc3ccc4cccc2c4c31,-7.66000006323679,-7.854955347559352,-0.19495528432256215,0.19495528432256215
CC(=O)OC1(C(C)=O)CCC2C3CCC4=CC(=O)CCC4(C)C3CCC21C,-5.566810617789786,-4.797411616604499,0.7693990011852865,0.7693990011852865
Clc1cc(Cl)nc(-c2ccccc2)n1,-4.954400114174425,-4.106524393622055,0.8478757205523699,0.8478757205523699
Nc1ccc([N+](=O)[O-])cc1S(=O)(=O)[O-],-1.767738348824153,-1.344128992599589,0.42360935622456397,0.42360935622456397
CCCC(CCC)C(=O)NCCCC(=O)O,-1.4999998862594417,-1.5611314536740257,-0.06113156741458403,0.06113156741458403
CCNCC(O)c1cccc(O)c1,-3.4541027176403682,-1.1387403919921644,2.315362325648204,2.315362325648204
CCCCC(CC)C(=O)O,-1.9509559625392374,-2.0328599591558048,-0.08190399661656733,0.08190399661656733
COC(=O)N(C)C(=O)CSP(C)(=S)OC,-1.9562998814949442,-1.173302192841674,0.7829976886532701,0.7829976886532701
CN(C)c1cccc(S(=O)(=O)O)c1,0.2983001677429242,-0.7841874873737149,-1.0824876551166391,1.0824876551166391
CCC(CC)(C(=O)NC(N)=O)C(=O)OCC(=O)OC,-2.0099998729030792,-2.0310735458414753,-0.021073672938396015,0.021073672938396015
NNCCO,1.11860045764614,0.6801005510665572,-0.4384999065795827,0.4384999065795827
CCCCCC1CCC(c2ccc(CCC)cc2)CC1,-6.772570660519397,-6.6808029156721735,0.09176774484722383,0.09176774484722383
O=C(O)c1ccccc1C1OC(=O)c2ccccc21,-3.104199836182033,-2.8356974722970723,0.2685023638849606,0.2685023638849606
O=C(O)C1CN2CCC1CC2C(O)c1ccnc2ccccc12,-1.9399999383369417,-1.8714125021793178,0.06858743615762397,0.06858743615762397
O=C(O)c1cccc(N=Nc2ccc(O)cc2)c1,-3.8499998585455444,-3.3318211562183886,0.5181787023271558,0.5181787023271558
CC#CCCCC,-2.769499946248401,-2.6140552624408167,0.15544468380758447,0.15544468380758447
OC(O)C(Cl)(Cl)Cl,1.0371676158952066,0.1797684524648151,-0.8573991634303915,0.8573991634303915
CCCC(O)CC(C)C,-1.9078998474709024,-1.404988094889005,0.5029117525818974,0.5029117525818974
O=C(O)c1ccncc1,-1.3759669703588937,-0.4868286564385089,0.8891383139203848,0.8891383139203848
CCCCNC(=S)N(CCCC)CCCC,-4.184066256711143,-4.374316065561514,-0.19024980885037124,0.19024980885037124
Cc1cccc2n[n-]nc12,0.6051676726765196,0.27062880838962,-0.3345388642868996,0.3345388642868996
CC(O)C#N,1.1482591284848387,0.7063002674793641,-0.44195886100547455,0.44195886100547455
Nc1nc(=O)[nH]n1-c1ccccc1,-1.699999916204983,-2.612395937406122,-0.9123960212011388,0.9123960212011388
CNNC,1.2211003470436723,0.757323019880245,-0.46377732716342734,0.46377732716342734
CC(C)N(C)C,1.0597002332981544,0.4328049094369084,-0.626895323861246,0.626895323861246
c1ccc2cc3c(ccc4ccccc43)cc2c1,-7.385400213840944,-7.113370149501012,0.2720300643399316,0.2720300643399316
O=C(O)CCC1CCCC1,-1.7690998462885181,-2.051883242309819,-0.28278339602130087,0.28278339602130087
CC(=O)Nc1ccc(OC(C)=O)cc1,-1.9075999149901577,-1.9723340538330327,-0.06473413884287504,0.06473413884287504
Cc1ccc([N+](=O)[O-])c([N+](=O)[O-])c1,-3.260400027548253,-2.8174647037773632,0.44293532377088995,0.44293532377088995
Cc1cnc(C(=O)NCCc2ccc(S(=O)(=O)NC(=O)NC3CCCCC3)cc2)cn1,-5.489999745229012,-3.392358552281622,2.09764119294739,2.09764119294739
CC(=O)[c-]1c(=O)cc(C)oc1=O,0.08456162906709253,-0.8684620271980821,-0.9530236562651746,0.9530236562651746
NCC(O)CO,1.0404344368589729,0.8990493296333919,-0.14138510722558095,0.14138510722558095
c1ccc2c(c1)Cc1ccccc1-2,-4.909999893032692,-5.106936691710326,-0.19693679867763336,0.19693679867763336
O=c1cc(-c2ccc(O)c(O)c2)oc2cc(O)cc(O)c12,-3.6099998364135857,-3.2018773413125348,0.4081224951010509,0.4081224951010509
CCCN1Cn2c(nc3ccccc3c2=O)C1C,-2.6700000027794215,-2.2944687845657117,0.3755312182137098,0.3755312182137098
NC(Cc1cccs1)C(=O)O,-0.8356000277753419,-1.051957213034095,-0.21635718525875314,0.21635718525875314
Nc1ccccc1,-2.310403508513383,-0.956845904259785,1.353557604253598,1.353557604253598
C1OCOCO1,0.37171751063430714,0.4178670848643766,0.04614957423006949,0.04614957423006949
COc1ccc2cc(C(C)C(=O)OCC(N)=O)ccc2c1,-3.930000049958747,-3.6657009419983595,0.2642991079603876,0.2642991079603876
CC(C)C(CC(=O)O)C(=O)O,-0.4072997579178521,-0.2997320724029606,0.10756768551489149,0.10756768551489149
CCCCCCCCNC(=O)c1cccnc1,-3.008099978660786,-2.8389249210840637,0.16917505757672213,0.16917505757672213
CCCCC(=O)OCn1cnc2c1c(=O)n(C)c(=O)n2C,-2.369999802580833,-2.337070411518091,0.03292939106274195,0.03292939106274195
CCI,-1.600899905714815,-1.4771527055230298,0.1237472001917852,0.1237472001917852
Brc1ccccc1Br,-3.4999999786744875,-3.666806123486313,-0.16680614481182543,0.16680614481182543
Cc1c(Cl)c(O)c(Cl)c(Cl)c1Cl,-4.602099946794003,-5.056398965879779,-0.4542990190857763,0.4542990190857763
CCNC(=S)N1CCN(C(=O)OCC)CC1,-1.789999812357601,-1.6947746313805234,0.09522518097707766,0.09522518097707766
CCCOc1ccc2c(c1)C(c1ccc(OC)cc1OCC(=O)O)C(C(=O)O)C2c1ccc2c(c1)OCO2,-6.770000047302007,-4.344191001785662,2.4258090455163455,2.4258090455163455
O=S(=O)([O-])c1cc(Nc2nc(NCCO)nc(Nc3ccccc3)n2)ccc1/C=C/c1ccc(Nc2nc(NCCO)nc(Nc3ccccc3)n2)cc1S(=O)(=O)[O-],-1.4592143139008396,-1.1266860876475375,0.33252822625330203,0.33252822625330203
CC(C)NC(=O)N1CC(=O)N(c2cc(Cl)cc(Cl)c2)C1=O,-4.375700061412608,-4.087558529663618,0.28814153174898927,0.28814153174898927
COC(=O)C1CC(=O)C(C(=O)OC)CC1=O,-4.154195852588752,-1.1724990142381522,2.9816968383506,2.9816968383506
[N-]=[N+]=NCC(=O)N[C@H](CO)[C@H](O)c1ccc([N+](=O)[O-])cc1,-1.1691997569499608,-1.6176600996123682,-0.4484603426624074,0.4484603426624074
CCCCOP(=O)(OCC)OCCCC,-1.8455998822424646,-1.6350336851088305,0.21056619713363411,0.21056619713363411
CC1(N)CN(c2cc3c(cc2F)c(=O)c(C(=O)O)cn3C2CC2)C1,-5.619999840608416,-4.64918451532898,0.9708153252794354,0.9708153252794354
O=[N+]([O-])c1ccc(C=NO)o1,-2.1899999412621405,-2.37380378978111,-0.18380384851896947,0.18380384851896947
CC12CCCC(C)(CC1)C2=NO,-3.074152170997334,-3.2757131472957246,-0.20156097629839076,0.20156097629839076
COc1ccccc1OCC(O)CO,-0.7299997778704528,-1.0759874224370796,-0.3459876445666268,0.3459876445666268
CC(C)NC(C)C,0.036242547827200156,0.11880444972194004,0.08256190189473989,0.08256190189473989
CC(=O)C1=C(C)C2CC3(C1)C(C)CCC3C2(C)C,-4.61347874742912,-4.977964344720993,-0.364485597291873,0.364485597291873
O=C1CCc2cccc3c2N1CC3,-1.6364998069728294,-1.3100725082765432,0.32642729869628617,0.32642729869628617
Cc1ccccc1N,-0.8539250327792929,-1.3979478941927959,-0.544022861413503,0.544022861413503
CC(=O)OCC1=C(C(=O)O)N2C(=O)[C@@H](N)[C@H]2SC1,-2.6489776758524552,-2.2238432430189135,0.4251344328335418,0.4251344328335418
COc1ccc2c(c1O)C13CCN(C)C(C2)C1C=CC(=O)C3,-1.8699998657438914,-2.389082057733189,-0.5190821919892976,0.5190821919892976
CCCCC(CC)CNS(=O)(=O)c1ccc(N=Nc2c(C)c(C#N)c(=O)n(CCCC)c2O)cc1,-8.797314216407491,-6.427275082891773,2.370039133515718,2.370039133515718
CCCCCCCCSC(=O)Oc1cc(Cl)nnc1-c1ccccc1,-5.402500344622261,-6.043228449594999,-0.6407281049727374,0.6407281049727374
CCCCCCCC/C=C\CCCCCCCCO,-6.785897987077512,-6.058026038824485,0.7278719482530267,0.7278719482530267
CCCCC(=O)[O-],-1.2721998558781966,-0.5601292285619621,0.7120706273162345,0.7120706273162345
Nc1ccc(S(=O)(=O)Nc2ncc3c(n2)CCCC3)cc1,-3.650000035640372,-3.967940956665298,-0.3179409210249262,0.3179409210249262
Cc1cc(C)cc(OP(=O)(Oc2cc(C)cc(C)c2)Oc2cc(C)cc(C)c2)c1,-7.312230491230489,-6.792942604634919,0.5192878865955697,0.5192878865955697
O=C(O)c1ccccc1F,-1.3899998904934308,-1.4755459342352486,-0.08554604374181785,0.08554604374181785
CCC(CC)c1cccc(OC(=O)NC)c1,-3.9469999966032185,-3.0620747816516003,0.8849252149516182,0.8849252149516182
Nc1ccc2ccccc2c1S(=O)(=O)O,-1.699999916204983,-2.2412576844814596,-0.5412577682764765,0.5412577682764765
CC(c1cc2ccccc2s1)N(O)C(N)=O,-3.3699998487883556,-2.8692071457531,0.5007927030352555,0.5007927030352555
OC(c1ccc(F)cc1)(c1cncnc1)c1ccccc1Cl,-4.083000190880097,-3.929243731492001,0.153756459388096,0.153756459388096
COc1cc2nc(N3CCN(C(=O)c4ccco4)CC3)nc(N)c2cc1OC,-5.090000237445579,-3.7780578163078387,1.31194242113774,1.31194242113774
C=CCOC(=O)COc1ccccc1,-2.5363730604885,-2.7649493973587504,-0.22857633687025025,0.22857633687025025
O=C(CCCCl)c1ccc(F)cc1,-2.7226337707956407,-3.420124011482486,-0.6974902406868453,0.6974902406868453
O=C(O)c1ccc(Br)c([N+](=O)[O-])c1,-2.967699945662032,-2.5501155374925233,0.4175844081695086,0.4175844081695086
O=C(OCC(=O)N1CCCC1C(=O)O)c1ccccc1,-1.589999920438972,-1.7605225088818566,-0.17052258844288448,0.17052258844288448
CCCCCCCCCCNC(=O)NC12CC3CC(CC(C3)C1)C2,-5.830000058387566,-4.980890101184105,0.8491099572034608,0.8491099572034608
O=C1c2cccc(S(=O)(=O)O)c2C(=O)c2c1cccc2S(=O)(=O)O,1.2572001817785652,0.1176154858981322,-1.139584695880433,1.139584695880433
CC(=O)N(C)CCOC(=O)c1ccccc1,-0.8493998204547584,-1.3867196809191569,-0.5373198604643985,0.5373198604643985
CCCCOC1=CC(=O)CC(C)C12Oc1c(Cl)c(OC)cc(OC)c1C2=O,-4.699999813280455,-4.76236396102318,-0.06236414774272525,0.06236414774272525
CCC(C)c1ccccc1O,-2.0123776625237824,-2.4163115584330264,-0.403933895909244,0.403933895909244
C[N+](CCO)(CCO)CCO,0.39266668329767684,0.44392987858003785,0.05126319528236101,0.05126319528236101
O=C1C=Cc2cc(S(=O)(=O)[O-])ccc2/C1=N\Nc1ccc(S(=O)(=O)[O-])cc1,-1.3767466843872997,-0.19990990510687645,1.1768367792804233,1.1768367792804233
CCCC(Cl)CCCC(Cl)CCC(Cl)CCC(Cl)CCC(Cl)CCCC(Cl)CCC,-7.965811386236352,-7.692767652251417,0.27304373398493453,0.27304373398493453
Cn1cc(I)ccc1=O,-0.009399639472719379,-1.6958212894575997,-1.6864216499848803,1.6864216499848803
FC(F)OC(Cl)C(F)(F)F,-1.6156998414018133,-1.9757282736369868,-0.36002843223517345,0.36002843223517345
Cc1cc(O)c(C(=O)O)cc1Cl,-3.1247999215304634,-2.3738503738640606,0.7509495476664028,0.7509495476664028
Cc1ncc([N+](=O)[O-])n1CCO,-1.2099998221343697,-1.183446066691139,0.026553755443230687,0.026553755443230687
C[C@]12CC[C@@H]3c4ccc(O)cc4CC[C@H]3[C@@H]1CC[C@H]2O,-4.844100047900757,-4.630304918190823,0.21379512970993453,0.21379512970993453
COc1cc(NS(=O)(=O)c2ccccc2)c2c(c1N)C(=O)c1ccccc1C2=O,-2.3558503532254633,-5.222086195525863,-2.8662358423003997,2.8662358423003997
O=C1Nc2ccc(Cl)cc2C(c2ccccc2)=NC1O,-3.9519998834796546,-4.235829799551119,-0.2838299160714648,0.2838299160714648
CC(C)=CCl,-1.956899884483346,-2.185173623228105,-0.22827373874475887,0.22827373874475887
CC1CCCO1,0.20690012659045642,0.40191200194712007,0.19501187535666364,0.19501187535666364
Cc1ccc2ccc(C)nc2c1,-1.9423998812770926,-2.3912969065837504,-0.44889702530665776,0.44889702530665776
Clc1cc(Cl)c(-c2ccccc2Cl)cc1Cl,-7.250500163069715,-7.023950518488316,0.22654964458139837,0.22654964458139837
COc1ccc2cc([C@H](C)C(=O)O)ccc2c1,-4.500000059388738,-4.001297920596069,0.49870213879266956,0.49870213879266956
O=S(=O)(CCCl)CCS(=O)(=O)CCCl,-1.4485999063068469,-1.8158065661506753,-0.3672066598438284,0.3672066598438284
O=C1NCCN1CCO,0.8776775185641128,0.38300590364177234,-0.49467161492234046,0.49467161492234046
O=[N+]([O-])c1ccc([N+](=O)[O-])c(O)c1,-2.6795999298203017,-2.522617298394154,0.15698263142614755,0.15698263142614755
COP(=O)(OC)OC1=C(Cl)CC2C=CC12,-2.056599966975372,-2.2756551642917024,-0.21905519731633039,0.21905519731633039
CN(C)CCCN1c2ccccc2Sc2ccc(Cl)cc21,-5.0700002758590985,-4.941675413116049,0.12832486274304955,0.12832486274304955
CCCCn1c(=O)c2c(ncn2C)n(C)c1=O,-1.6251999577316312,-1.4211486998788938,0.20405125785273737,0.20405125785273737
O=c1nc([N+](=O)[O-])[nH][nH]1,-0.8786252248152895,-1.3445339635607048,-0.4659087387454153,0.4659087387454153
CCNc1nc(Cl)nc(NCC(=O)OCC)n1,-2.9374000406081797,-2.8152846549621025,0.12211538564607727,0.12211538564607727
COC1=C(OC)C2C(=O)OCC2C=C1,-1.8989999411698548,-1.6778813795393726,0.22111856163048227,0.22111856163048227
O=C(COC(=O)c1ccccc1)NC(CO)(CO)CO,-1.2699998449207233,-1.309344830394129,-0.039344985473405814,0.039344985473405814
Fc1ccc(I)cc1,-3.12569994326643,-3.7031739374717194,-0.5774739942052896,0.5774739942052896
COC(=O)C1=C(C)NC(C)=C(C(=O)OC)C1c1ccccc1[N+](=O)[O-],-4.760000250147546,-3.536646745049947,1.2233535050975992,1.2233535050975992
CC(CC=O)CC(C)(C)C,-2.675906588443713,-2.8199755340883,-0.14406894564458694,0.14406894564458694
O=c1[nH]cncc1Br,-0.4470998181215915,-1.0027589003619228,-0.5556590822403313,0.5556590822403313
Cc1cc(C(C)(C)C)c(O)c(C(C)(C)C)c1,-5.462311270538565,-5.3338590089553275,0.12845226158323708,0.12845226158323708
COc1cccc(OC)c1O,-0.9524998508676048,-1.0735821654607995,-0.12108231459319474,0.12108231459319474
O=C1CCCO1,1.0650473958863036,0.8080230653598268,-0.2570243305264768,0.2570243305264768
CC(C)(C)N(CC(=O)c1ccc(O)c(CO)c1)Cc1ccccc1,-1.3487764967685505,-3.074630555022507,-1.7258540582539565,1.7258540582539565
C[C@@H]1C[NH2+][C@@H](C)C[NH2+]1,0.4864002074319531,0.5302237521334869,0.04382354470153382,0.04382354470153382
O=c1cnc2c(=O)[nH]c(=O)[nH]c2[nH]1,-3.339999871901907,-3.2285806144086724,0.11141925749323445,0.11141925749323445
CCC1CCC(CCC(=O)O)C1,-3.286116304700219,-2.829621217050656,0.45649508764956304,0.45649508764956304
Cc1ncc(CO)c(CO)c1O,-0.11171236437697507,-0.13558715547654598,-0.023874791099570913,0.023874791099570913
CC/C=C/CCOC(=O)OC,-3.069830600128749,-2.4649116969733864,0.6049189031553626,0.6049189031553626
O=C(Nc1ccccc1)C(O)COc1ccccc1,-2.410000001807618,-2.8841910626877065,-0.47419106088008833,0.47419106088008833
OCC(O)CO,1.0357691272183058,1.0469203214748002,0.011151194256494357,0.011151194256494357
O=c1c2ccccc2c(=O)c2c1ccc1[nH]c3c(ccc4c(=O)c5ccccc5c(=O)c43)[nH]c12,-7.94687519806409,-6.935295004462921,1.0115801936011692,1.0115801936011692
COc1ccc2cc(C(C)C(=O)OCC(=O)N(CCO)CCO)ccc2c1,-2.959999976324332,-3.0125621644464253,-0.052562188122093456,0.052562188122093456
C1CCCCCCC1,-4.15239998443092,-4.556075010865872,-0.4036750264349518,0.4036750264349518
CC(=O)Nc1ccc2c(c1)C=C(S(=O)(=O)[O-])/C(=N/Nc1ccc(S(=O)(=O)CCOS(=O)(=O)[O-])cc1)C2=O,-0.3963934234040365,-0.8360759445694552,-0.4396825211654187,0.4396825211654187
COC(C)OC,1.0452005061457257,0.2318567726297771,-0.8133437335159486,0.8133437335159486
O=C1NCCN1/N=C/c1ccc([N+](=O)[O-])o1,-3.3571998540492403,-3.0950432343305643,0.262156619718676,0.262156619718676
Cc1ccccc1C,-2.8191677833433038,-2.9584218930676345,-0.13925410972433072,0.13925410972433072
CCOc1ccc(C(=O)OCCNC(C)c2ccccc2)cc1,-1.4899998364527451,-3.814718592414911,-2.3247187559621656,2.3247187559621656
CCCCC(CC)COC(=O)OOC(C)(C)C,-4.6599583440068475,-4.5412681738332505,0.11869017017359695,0.11869017017359695
O=C(CC(CP1(=O)Oc2ccccc2-c2ccccc21)C(=O)OCCO)OCCO,-4.461779579171028,-2.8538434736489453,1.607936105522083,1.607936105522083
NCCCCCCNCCCCCCCCCCC(=O)O,-2.3017000145087456,-2.3996066443139075,-0.09790662980516185,0.09790662980516185
COc1cc(O)c(C(=O)c2ccccc2)cc1S(=O)(=O)[O-],-0.022384659287967956,-1.7302805363111622,-1.7078958770231942,1.7078958770231942
Cc1cc(O)ccc1OP(=O)(Oc1cc(O)ccc1C)Oc1c(C)cccc1O,-6.699999974708957,-3.9536114857093714,2.7463884889995858,2.7463884889995858
CCCCC(=O)OC,-1.3605998820886556,-1.1910403074139055,0.16955957467475002,0.16955957467475002
Clc1ccc(-c2cc(Cl)c(Cl)c(Cl)c2)c(Cl)c1,-8.55000090733305,-7.883221602905298,0.6667793044277524,0.6667793044277524
C=C(C)C(=O)NCOC,0.7919655664735354,-0.1659895153195019,-0.9579550817930373,0.9579550817930373
CCOC(=S)SSC(=S)OCC,-4.943200196417838,-4.498015370414681,0.4451848260031568,0.4451848260031568
O=[N+]([O-])C(Cl)([N+](=O)[O-])[N+](=O)[O-],-1.9258998681094996,-1.7229390228650838,0.20296084524441582,0.20296084524441582
CCCCCCCCCCCCC(=O)O,-3.8125998793088685,-4.538092726685523,-0.7254928473766546,0.7254928473766546
COC(C)COC(C)CO,0.8292002584825573,0.22981204194880522,-0.5993882165337521,0.5993882165337521
Cc1c(Nc2nc(Cl)nc(Nc3ccccc3S(=O)(=O)[O-])n2)c(C)c(S(=O)(=O)[O-])c(C)c1Nc1cc(S(=O)(=O)[O-])c(N)c2c1C(=O)c1ccccc1C2=O,-0.42442779353707305,-0.5332357888872026,-0.10880799535012953,0.10880799535012953
CC(=O)O[C@H]1CC[C@H]2[C@@H]3CC[C@H]4CC(=O)C[C@H](C)[C@]4(C)[C@H]3CC[C@]12C,-5.092558842321586,-5.469667000756624,-0.3771081584350382,0.3771081584350382
N[C@@H](CCO)C(=O)O,0.9240001785423897,0.08153745941540569,-0.842462719126984,0.842462719126984
Clc1ccccn1,-0.7541455157991543,-1.0127392123201395,-0.2585936965209852,0.2585936965209852
O=C(O)c1ccc(I)cc1,-3.9630999387650876,-3.0870816522336875,0.8760182865314001,0.8760182865314001
COCCOCCOC,0.8454565161227712,0.6072466340317781,-0.23820988209099303,0.23820988209099303
CCCOCC(=Nc1ccc(Cl)cc1C(F)(F)F)n1ccnc1,-4.440000036602385,-5.136595638602849,-0.696595602000464,0.696595602000464
c1ccc2cnncc2c1,-0.4154996607324306,-1.2954767143930521,-0.8799770536606215,0.8799770536606215
CCCCOC(=O)C(C)OC(=O)C(C)O,-1.3751999548064324,-1.0095345034669736,0.3656654513394588,0.3656654513394588
COC(=O)C1C(OC(=O)c2ccccc2)CC2CCC1N2C,-2.2299999334485574,-2.3222579498887885,-0.09225801644023113,0.09225801644023113
CCC(SC(CC)C(=O)O)C(=O)O,-0.7099998162839722,-0.984429892577511,-0.27443007629353877,0.27443007629353877
CN(CC(=O)O)C(=S)SCc1ccccc1,-3.22999997965608,-2.096391538523996,1.133608441132084,1.133608441132084
O=NN(c1ccccc1)c1ccccc1,-3.7530999280263058,-4.211290960975772,-0.45819103294946606,0.45819103294946606
CCOC(=O)c1ccc(N=CN(C)c2ccccc2)cc1,-5.450777189626946,-5.364962545513508,0.08581464411343731,0.08581464411343731
C/C=C/CC,-2.544904641973686,-2.7232597055902183,-0.1783550636165323,0.1783550636165323
Cc1cc(C2(c3ccc(NNC4=C(S(=O)(=O)[O-])C=C5C=CC(=O)C=C5C4=O)c(C)c3)CCCCC2)ccc1NNC1=C(S(=O)(=O)[O-])C=C2C=CC(=O)C=C2C1=O,-0.8547883911166414,-1.9061171608832088,-1.0513287697665674,1.0513287697665674
CCC(C)C(NCCC#N)C(=O)O,-0.9799999188225639,-1.0422942249475913,-0.0622943061250274,0.0622943061250274
O=C(O)CC(CC(=O)O)C(=O)O,0.27500039676060295,0.053127656080516505,-0.22187274068008644,0.22187274068008644
CCF,-1.3476998868514736,-1.39839510138912,-0.05069521453764647,0.05069521453764647
CC(O)CN(CCCN(C)C)CCCN(C)C,0.6101062756038296,0.2651165656141856,-0.34498970998964396,0.34498970998964396
O=C1/C(=N/Nc2ccc(S(=O)(=O)CCOS(=O)(=O)[O-])cc2)C(S(=O)(=O)[O-])=Cc2cc(S(=O)(=O)[O-])cc(Nc3nc(Cl)nc(Nc4cccc(S(=O)(=O)[O-])c4)n3)c21,-0.9031878040195773,-0.025619734061872013,0.8775680699577053,0.8775680699577053
C/C(=C\C(=O)O)C(=O)O,-0.6939998746201703,-0.06275062983273516,0.6312492447874352,0.6312492447874352
O=C1CC=CS1,-0.22249994170540166,-0.6043977720292211,-0.3818978303238194,0.3818978303238194
COCC(C)OC(=O)Oc1ccc(NC(C)=O)cc1,-2.479999936373756,-2.3260789143992966,0.15392102197445956,0.15392102197445956
O=c1cccc2n1CC1CNCC2C1,0.36000012998296027,-0.18881309345388564,-0.5488132234368459,0.5488132234368459
C=CCCCCCCCCC(=O)N(CCO)CCO,-2.7615133985337352,-2.363966956798381,0.39754644173535425,0.39754644173535425
O=S(=O)(Nc1ccc(Br)cc1Br)c1ccccc1,-5.010000253072745,-4.69030287057349,0.31969738249925506,0.31969738249925506
CC(=O)CCCC(C)CCCC(C)CCCC(C)C,-5.474677653732231,-5.981316754071271,-0.50663910033904,0.50663910033904
Cc1nnc(SCC2=C(C(=O)O)N3C(=O)C(NC(=O)Cn4cnnn4)C3SC2)s1,-2.619999805506031,-2.124822252936121,0.49517755256991025,0.49517755256991025
COc1cc(NC(=O)c2cccnc2)c2ncccc2c1,-4.446100274024838,-3.702078831948375,0.744021442076463,0.744021442076463
CCCCCCCCCCCCCC[N+](C)(C)CCCCCCCCCCCCCC,-3.375024994589769,-3.702858545976781,-0.3278335513870121,0.3278335513870121
O=[N+]([O-])NC1=NCCN1Cc1ccc(Cl)nc1,-2.6222998342149357,-3.1664289245909294,-0.5441290903759937,0.5441290903759937
Clc1ccc(Oc2cccc(Cl)c2Cl)c(Cl)c1,-6.650000277783125,-7.0671352746390514,-0.4171349968559266,0.4171349968559266
Cc1[nH]c(C)c(Cl)c(=O)c1Cl,-4.283400084790993,-2.110139571111245,2.173260513679748,2.173260513679748
C=C[C@H]1CN2CC[C@H]1C[C@@H]2[C@@H](O)c1ccnc2ccc(OC)cc12,-2.8121430157812424,-2.712429699958985,0.09971331582225718,0.09971331582225718
O=Cc1cccc([N+](=O)[O-])c1,-1.9799999305233587,-2.1888617713421126,-0.20886184081875392,0.20886184081875392
COc1ccc(Cc2nccc3cc(OC)c(OC)cc23)cc1OC,-3.869999889145481,-3.585437188195842,0.2845627009496394,0.2845627009496394
CC(CCOS(=O)(=O)c1ccccc1)[N-]c1ccc([N-]C(C)CCOS(=O)(=O)c2ccccc2)c2c1C(=O)c1ccccc1C2=O,-0.43764607883435547,-2.3921523973870893,-1.9545063185527338,1.9545063185527338
O=c1cc[nH]c2ccccc12,-1.4809997916267184,-1.7839924670472236,-0.30299267542050523,0.30299267542050523
N#Cc1c[nH]cc1-c1cccc2c1OC(F)(F)O2,-5.139500138921445,-4.744690028965236,0.39481010995620913,0.39481010995620913
CCCCC(CC)COCC1CO1,-3.1148650031730774,-3.1614881477397487,-0.04662314456667138,0.04662314456667138
Clc1cc(Oc2c(Cl)ccc(Cl)c2Cl)c(Cl)c(Cl)c1Cl,-8.890000944437778,-9.258256194735457,-0.368255250297679,0.368255250297679
CC(O)(C(=O)O)c1ccccc1,-0.8948999780617708,-0.8793794038648932,0.015520574196877579,0.015520574196877579
O=C1NC(=O)C2(CCCCC2)C(=O)N1,-3.0599998920902594,-2.301088624300067,0.7589112677901921,0.7589112677901921
ClC(Cl)=CC(Cl)=C(Cl)Cl,-4.229999956850147,-4.11099770782751,0.11900224902263723,0.11900224902263723
c1ccc(-c2ccc(-c3ccccc3)cc2)cc1,-6.183335979718981,-6.099564409963566,0.08377156975541489,0.08377156975541489
CCCCCCCCCCC(CO)CCCCCCCC,-6.47502438903709,-6.68067399853595,-0.20564960949885958,0.20564960949885958
CS(=O)(=O)Nc1ccc([N+](=O)[O-])cc1Oc1ccccc1,-4.489999733528217,-4.159894155642164,0.3301055778860533,0.3301055778860533
C#CCCCC#C,-1.7469998742426314,-1.6601169018268638,0.08688297241576759,0.08688297241576759
CCC(C)CC(O)CC,-1.8601999549602415,-1.6082379684880823,0.25196198647215917,0.25196198647215917
CCCCC(CC)COC(=O)CCC(=O)OCC(CC)CCCC,-7.83571550017971,-6.12261600855731,1.7130994916223994,1.7130994916223994
NCCNCCN,0.9864002132823506,0.6387730850496927,-0.34762712823265796,0.34762712823265796
Cn1ccc(=O)[nH]c1=O,-0.7997997114404565,-0.9244352528407427,-0.12463554140028621,0.12463554140028621
CCCC=O,-0.159007009872695,-0.7073633642293458,-0.5483563543566508,0.5483563543566508
O=C(O)CCC(=O)C(=O)O,0.6148803504515041,0.3931149947093009,-0.22176535574220324,0.22176535574220324
CC(C(=O)O)C(C)(C)CCC(=O)O,-1.5264998112068184,-1.3664769299936843,0.16002288121313413,0.16002288121313413
C/C=C/C(=O)C1=C(C)C=CCC1(C)C,-3.0052489637707622,-3.829082846152774,-0.8238338823820119,0.8238338823820119
Cc1ccc(Cl)cc1N,-2.071884998246161,-2.2196437051942945,-0.14775870694813342,0.14775870694813342
N#Cc1ccccc1,-1.712299770426851,-1.8248032983308033,-0.11250352790395235,0.11250352790395235
CCCCCCCC(OC)OC,-2.918005403594577,-3.182917378004605,-0.26491197441002834,0.26491197441002834
CN(C)C(=S)[S-],-2.5409108677687957,-2.5443857988098024,-0.0034749310410067125,0.0034749310410067125
CC(C)(O)CC(C)(O)c1cccc2ccccc12,-3.241899935405865,-2.8719639227686513,0.36993601263721354,0.36993601263721354
CNS#CNCO,-0.0797997140580371,0.06237987607558182,0.14217959013361892,0.14217959013361892
OC(=S)c1cccnc1,-1.3800999101982574,-1.2201595690787659,0.1599403411194915,0.1599403411194915
Cc1cc(C(C)(C)C)c(O)c(C)c1Cn1c(=O)n(Cc2c(C)cc(C(C)(C)C)c(O)c2C)c(=O)n(Cc2c(C)cc(C(C)(C)C)c(O)c2C)c1=O,-7.544026538753952,-6.935871956956943,0.6081545817970095,0.6081545817970095
C=CN(C)N=O,-0.45789987191282355,-0.24335221947623475,0.2145476524365888,0.2145476524365888
ClCCN(Cl)CCCl,-1.9202999092312059,-2.069701412491269,-0.14940150326006307,0.14940150326006307
CCOC(=O)COC(=O)c1cc(Oc2ccc(C(F)(F)F)cc2Cl)ccc1[N+](=O)[O-],-5.872900203044837,-5.791787031623128,0.08111317142170904,0.08111317142170904
COc1ccc(C(=O)c2cccc(C)c2)cc1C,-5.079699979104313,-4.808856808184503,0.27084317091981003,0.27084317091981003
Clc1ccc(Oc2ccc(Cl)c(Cl)c2Cl)cc1Cl,-7.6700003890973125,-8.018155608296988,-0.3481552191996755,0.3481552191996755
OCC(S)CS,-0.15469974204291237,-0.3077525402313599,-0.15305279818844753,0.15305279818844753
FC(F)(F)C(F)(F)F,-2.4239071794249174,-2.7442873810600417,-0.32038020163512426,0.32038020163512426
NC(=O)CNC(=O)CNC(=O)OCc1ccccc1,-2.349999806487624,-1.3042033279055238,1.0457964785821003,1.0457964785821003
NS(=O)(=O)c1nc2ccc(O)cc2s1,-2.4999999324669644,-2.5187076860991278,-0.01870775363216337,0.01870775363216337
CCC(C)[N+](=O)[O-],-0.6199999201313542,-1.2666341966876455,-0.6466342765562914,0.6466342765562914
CCCNC(=O)NS(=O)(=O)c1ccc(Cl)cc1,-3.2499999412425606,-2.8345186793313752,0.4154812619111854,0.4154812619111854
CCC(=O)Nc1ccc(Cl)c(Cl)c1,-2.986399827446845,-3.7681582500934026,-0.7817584226465577,0.7817584226465577
C1CCN2CC3CC(CN4CCCCC34)C2C1,-1.889999896343828,-1.5469047437544148,0.34309515258941325,0.34309515258941325
c1ccc2c(c1)CC1COCOC21,-1.6560931412752447,-2.781132587002188,-1.1250394457269435,1.1250394457269435
CC(=O)Nc1ccc(OC(=O)c2ccccc2OC(C)=O)cc1,-4.194899989069011,-3.8697851882831715,0.32511480078583954,0.32511480078583954
C[C@@H]1CO1,0.838033704825262,0.6394229157534874,-0.19861078907177454,0.19861078907177454
N#CC1CCCC1=O,-0.35669964392288067,-0.49587217974195585,-0.13917253581907518,0.13917253581907518
CC1CC2C(C(O)CC3(C)C2CCC3(O)C(=O)COC(=O)CCC(=O)O)C2(C)C=CC(=O)C=C12,-4.199999807430057,-4.38962325015175,-0.18962344272169318,0.18962344272169318
Clc1ccc2cccc(Cl)c2c1,-5.92000023059401,-6.3378248099045145,-0.4178245793105049,0.4178245793105049
O=C([O-])CCC(=O)[O-],0.09140003441730604,0.8525734597823003,0.7611734253649942,0.7611734253649942
CC(=O)C(N=Nc1cc(C(=O)Nc2cccc(Cl)c2C)ccc1Cl)C(=O)Nc1cc(Cl)c(NC(=O)C(N=Nc2cc(C(=O)Nc3cccc(Cl)c3C)ccc2Cl)C(C)=O)cc1C,-7.971771940423411,-8.785469298889044,-0.8136973584656335,0.8136973584656335
O=[N+]([O-])c1ccccc1,-1.7999998621642976,-2.1463022771047573,-0.34630241494045966,0.34630241494045966
Nc1ccc(Cl)cc1C(F)(F)F,-2.2934812710206183,-3.0970612222972496,-0.8035799512766313,0.8035799512766313
C/C(Br)=C/C(=O)O,-0.5999999585448736,-0.7759614974726841,-0.1759615389278104,0.1759615389278104
CCCCCCCCCCCCC1CO1,-5.984685162842597,-6.225059030866915,-0.24037386802431815,0.24037386802431815
CCCCCCCCCCCCCCCC[N+](C)(C)C,-3.124945591683186,-2.611971573663807,0.5129740180193787,0.5129740180193787
O=C1Cc2c(ccc3ccccc23)O1,-2.7077998459814525,-3.977631550134291,-1.2698317041528386,1.2698317041528386
CCCCCOC(=O)CC,-2.250522257885189,-2.2885515708291613,-0.03802931294397238,0.03802931294397238
CC1OC(C)OC(C)O1,-0.0718996056972907,-1.1770118041405666,-1.105112198443276,1.105112198443276
COc1ccccc1N,-0.9443238267088794,-0.927678747256306,0.01664507945257343,0.01664507945257343
C/C=C/C,-3.3046543197368017,-2.4443818500700267,0.860272469666775,0.860272469666775
NS(=O)(=O)c1cc2c(cc1Cl)CN(C1CCCCC1)C2=O,-4.312799955168856,-3.6780054201217944,0.6347945350470616,0.6347945350470616
OCCOc1ccc2ccccc2c1,-2.7142945988264042,-2.9977681811700263,-0.2834735823436221,0.2834735823436221
CCCC(CC)COC(=O)CCc1cc(C(C)(C)C)c(O)c(C(C)(C)C)c1,-7.098737088351161,-6.961787890037762,0.13694919831339902,0.13694919831339902
C#CC1(O)CCC2C3CCC4=CC(=O)CCC4(C)C3CCC21C,-5.660000039835202,-5.206961206460055,0.45303883337514694,0.45303883337514694
CC(C)CC(NC(=O)CNC(=O)CN)C(=O)O,-0.10999972644734779,-0.6032388980723264,-0.49323917162497866,0.49323917162497866
CON(C(=O)c1cc(C)oc1C)C1CCCCC1,-2.920000014331302,-2.954335179303917,-0.03433516497261513,0.03433516497261513
CCC1CCCCN1,-1.4999998862594417,-0.304701869412483,1.1952980168469587,1.1952980168469587
CC(=O)C=C(C)C,-0.5608259884159885,-0.9782218561364373,-0.4173958677204488,0.4173958677204488
Cc1ccc(C(=O)OCCCl)cc1N/N=C1/C(=O)C(C(=O)Nc2cc(C)c(NC(=O)C3=Cc4ccccc4/C(=N/Nc4c(C)cccc4C(=O)OCCCl)C3=O)cc2C)=Cc2ccccc21,-7.814240721033746,-8.580285116138953,-0.7660443951052063,0.7660443951052063
CC(=O)N1CCN(C(=O)/C=C/c2ccc(Sc3ccc4[nH]ccc4c3)c(Cl)c2)CC1,-2.739999937345559,-4.308097930369478,-1.5680979930239194,1.5680979930239194
Cc1cc(OC(=O)N(C)C)n(C(C)C)n1,0.6752003196209073,-1.068072683223614,-1.7432730028445214,1.7432730028445214
CCN(CC)C(=O)COC(=O)c1ccccc1,-2.070599898677835,-1.7464581186112818,0.32414178006655314,0.32414178006655314
c1ccc(Cc2ccccc2)cc1,-4.170000072090706,-4.510099212518571,-0.34009914042786527,0.34009914042786527
NC(CCCC(=O)O)C(=O)O,-1.8647998398444094,-0.4177185813769091,1.4470812584675004,1.4470812584675004
CCCCCCOc1ccc(-c2nc(-c3ccccc3)nc(-c3ccccc3)n2)c(O)c1,-9.151810944072576,-6.760001377764436,2.3918095663081402,2.3918095663081402
CNC(=O)Oc1cccc2c1OC(C)(C)O2,-2.9337999191575848,-2.325462624235226,0.6083372949223587,0.6083372949223587
CC1(C)S[C@@H]2[C@H](NC(=O)[C@H](N)c3ccccc3)C(=O)N2[C@H]1C(=O)O,-1.5390163676812263,-1.451645470129963,0.08737089755126326,0.08737089755126326
Cc1ccc(C(=O)O)cc1[N+](=O)[O-],-2.848097974018159,-2.3441187558021346,0.5039792182160245,0.5039792182160245
CCCCC,-3.0069839361801596,-3.2452829750299106,-0.238299038849751,0.238299038849751
CC(O)C(N)=O,0.9435003446789039,0.53099200992816,-0.4125083347507439,0.4125083347507439
CCCCCCCCC(C)C=O,-4.0270843154195575,-3.903760512781699,0.12332380263785847,0.12332380263785847
CCCCCCCC(=O)OCSc1ncnc2[nH]cnc12,-4.619999966934533,-3.867013331827436,0.7529866351070975,0.7529866351070975
CCOC(N)=O,0.7314001854538037,0.27374711239559524,-0.45765307305820846,0.45765307305820846
O=C(O)c1cc(=O)[nH]c(=O)[nH]1,-1.929999819516789,-2.4442281225962903,-0.5142283030795014,0.5142283030795014
NC(=O)N/N=C/c1ccc([N+](=O)[O-])o1,-2.9799999594775173,-2.690226138715308,0.28977382076220914,0.28977382076220914
NS(=O)(=O)c1ccc(NC(=S)Nc2ccc(F)cc2)cc1,-2.989959895212784,-3.4648651936046875,-0.4749052983919033,0.4749052983919033
C=CCCCC,-3.2260999257247405,-3.2836209161501118,-0.05752099042537129,0.05752099042537129
C=CCCCCC=C,-4.023272978286192,-3.82957077128827,0.19370220699792196,0.19370220699792196
CC(=O)CC(=O)Nc1ccc2[nH]c(=O)[nH]c2c1,-2.522680687253695,-3.2547841610683,-0.7321034738146048,0.7321034738146048
CCNc1nc(NC(C)(C)C)nc(SC)n1,-3.9846999773340954,-3.9292244077242584,0.05547556960983702,0.05547556960983702
C=C[Si](C)(OC)OC,0.5776238501903155,-0.3454394084055541,-0.9230632585958696,0.9230632585958696
CC12CCC(=O)C=C1C=CC1C2CCC2(C)C1CCC2(O)CCC(=O)O,-5.1700000837915,-4.580005426811158,0.589994656980342,0.589994656980342
Nc1c(S(=O)(=O)O)cc(Nc2ccc(S(=O)(=O)O)c(Nc3nc(Cl)nc(Cl)n3)c2)c2c1C(=O)c1ccccc1C2=O,0.19560013932234543,-1.5796104967122662,-1.7752106360346116,1.7752106360346116
COc1ccc([N+](=O)[O-])cc1N,-1.8832792279499309,-2.515391900088171,-0.63211267213824,0.63211267213824
O=C(O)c1ccccc1C(=O)Nc1cccc2ccccc12,-3.1632999925126963,-4.091339914956983,-0.9280399224442863,0.9280399224442863
O=C1OCC(CO)O1,0.9277945383655242,0.7460470492948996,-0.18174748907062455,0.18174748907062455
CCN1C(=O)c2cccnc2N(CC)c2ncccc21,-2.85999982763799,-3.0789624779095255,-0.2189626502715356,0.2189626502715356
CCC(CC)COC(C)=O,-1.3527998432394324,-2.247030315027223,-0.8942304717877907,0.8942304717877907
CN(C(=O)NC(C)(C)c1ccccc1)c1ccccc1,-3.3494998847115403,-3.6895201082522147,-0.3400202235406744,0.3400202235406744
Cc1ccc(O)c(I)c1,-2.4662000401741553,-2.0125191401090397,0.45368090006511563,0.45368090006511563
Cc1cccc(Nc2ccccc2C(=O)O)c1C,-4.081500114395636,-3.9951020305232903,0.08639808387234593,0.08639808387234593
CC(C)CC(NC=O)C(=O)O,-0.7327997918163276,-1.0703388090721488,-0.33753901725582125,0.33753901725582125
COc1cc(OC)c(NC(=O)C2=Cc3ccccc3/C(=N\Nc3cc(C(=O)Nc4ccc(C(N)=O)cc4)ccc3OC)C2=O)cc1Cl,-7.866239875813269,-7.646514833890839,0.21972504192243036,0.21972504192243036
CC(C)OC(=O)C1(S(=O)(=O)c2ccc([N+](=O)[O-])cc2)CC1,-4.260499901720202,-4.015837813580019,0.2446620881401831,0.2446620881401831
Nc1ccc(O)c(C(=O)O)c1,-2.259999875828278,-1.6123068638400713,0.6476930119882067,0.6476930119882067
NCC(O)c1ccccc1,-0.47639961898793093,-0.5812440335202673,-0.1048444145323364,0.1048444145323364
Cc1onc(-c2ccccc2)c1-c1ccc(S(N)(=O)=O)cc1,-4.520000020975219,-3.123015699393369,1.3969843215818503,1.3969843215818503
CC(C)OCCO,-0.01765502910610106,0.5004386486429881,0.5180936777490892,0.5180936777490892
Cc1ccc2ccccc2c1[N+](=O)[O-],-4.27000001805002,-4.417995786220279,-0.14799576817025972,0.14799576817025972
OCc1cncs1,0.525735945102225,0.5297574972232453,0.004021552121020289,0.004021552121020289
CC(C)CC(CC(C)C)(CC(C)C)C(=O)NO,-3.9999999845248846,-3.287362618706148,0.7126373658187366,0.7126373658187366
CCOC(=O)CC1(C)CCC(=O)O1,-0.7471998635379706,-0.46887494382903716,0.27832491970893347,0.27832491970893347
CCCCCCCCCCCCCCCCCC(=O)NCCNCCNC(=O)CCCCCCCCCCCCCCCCC,-7.1380827639591296,-6.997405734794395,0.1406770291647348,0.1406770291647348
O=C1C=C/C(=N\Nc2cc(S(=O)(=O)[O-])cc3cc(S(=O)(=O)[O-])cc(O)c23)C(O)=C1,-1.3075463397249605,-0.9511239986043454,0.3564223411206151,0.3564223411206151
CCC(C)(C)NC(N)=O,-1.0141998131076408,-0.9653987418894876,0.04880107121815325,0.04880107121815325
CCC(CC)(C(=O)NC(N)=O)C(=O)OC(C)C,-2.7699999142320078,-2.084989066273394,0.6850108479586137,0.6850108479586137
O=[N+]([O-])O[C@H]1CO[C@H]2[C@@H]1OC[C@H]2O[N+](=O)[O-],-2.6328000245388794,-2.54542238092227,0.08737764361660938,0.08737764361660938
CCCCCC1COCCC1OC(C)=O,-2.9987959295600977,-2.1864819113177223,0.8123140182423754,0.8123140182423754
Cc1cc(Cl)ccc1NC(=S)N(C)C,-3.660399880398967,-3.5015904627866004,0.15880941761236667,0.15880941761236667
C/C=C/CCC1CCCC(=O)O1,-1.4887261241046956,-1.689487234445463,-0.20076111034076738,0.20076111034076738
CCCCCCC(C)OC(=O)COc1nc(F)c(Cl)c(N)c1Cl,-6.430000010197277,-6.012487095655075,0.4175129145422023,0.4175129145422023
COP(=S)(Oc1cc(Cl)c(Br)cc1Cl)c1ccccc1,-7.137899740273227,-6.682503407233506,0.4553963330397206,0.4553963330397206
CC1CCC2(CCC(C)O2)O1,-0.44869982609066295,-1.2275528426170115,-0.7788530165263485,0.7788530165263485
CCN(c1ccccc1)c1nc(Cl)nc(Nc2cc(S(=O)(=O)[O-])cc3cc(S(=O)(=O)[O-])c(N=Nc4ccc5c(S(=O)(=O)[O-])cccc5c4S(=O)(=O)[O-])c(O)c23)n1,-0.5025261811371418,-0.5950180151670561,-0.09249183402991434,0.09249183402991434
CCC(C)(C)c1ccc(O)cc1,-2.9901999844003018,-3.4700952403576264,-0.47989525595732463,0.47989525595732463
CCOC(C)(C)C,-0.9301998088121282,-0.5691724758115844,0.3610273330005438,0.3610273330005438
COc1ccc(N=Nc2ccc(N=Nc3cccc(S(=O)(=O)[O-])c3)cc2OC)cc1,-0.8354591022977349,-1.1527256928419076,-0.3172665905441727,0.3172665905441727
COc1ccc(C(=O)c2ccccc2O)c(O)c1,-7.273884130468629,-3.967813281771286,3.3060708486973427,3.3060708486973427
O=C([O-])C(O)C(O)C(=O)[O-],-1.320636812101318,-0.4026678507899968,0.9179689613113211,0.9179689613113211
NC(=O)Cc1ccc(-c2ccccc2)cc1,-3.329999891108667,-2.943708241454279,0.386291649654388,0.386291649654388
CCOC(=O)C(C)Oc1cccc(Oc2nc3ccc(Cl)cc3s2)c1,-5.673999833510751,-5.431603871219103,0.24239596229164828,0.24239596229164828
CC(=O)OC1(C)CCC2C3CCC4=CC(=O)CCC4(C)C3CCC21C,-5.280000355611336,-5.002065914037711,0.2779344415736249,0.2779344415736249
Clc1ccc(Oc2ccc(Cl)cc2Cl)c(Cl)c1,-6.82000029633549,-7.113119768681836,-0.29311947234634594,0.29311947234634594
NC(=O)c1ccc(Cl)c(N)c1,-1.9767039168676097,-1.8816231810544064,0.09508073581320331,0.09508073581320331
Clc1cc(Cl)c(-c2c(Cl)c(Cl)cc(Cl)c2Cl)cc1Cl,-8.939999813202137,-8.964249485395909,-0.024249672193771943,0.024249672193771943
O=C(O)CCC(C(=O)O)N(CC(=O)O)CC(=O)O,0.043604075175582846,-0.5155490203264006,-0.5591530955019834,0.5591530955019834
CNc1ncc2nccnc2n1,-1.7123998399383742,-1.2574616182210616,0.4549382217173126,0.4549382217173126
O=C(O)CNC(=S)SCC(=O)O,-1.301099930806093,-1.2700844554180526,0.031015475388040503,0.031015475388040503
CN(C)NC(=O)CCC(=O)O,-0.20459978353795893,0.33585894694236895,0.5404587304803279,0.5404587304803279
O=c1nc[nH]c2nccnc12,-1.4715998828353363,-1.658918414146097,-0.18731853131076082,0.18731853131076082
CC/C(C)=N/O,0.059900360620405824,-0.3026333981025706,-0.36253375872297644,0.36253375872297644
Clc1cc(Cl)c(Oc2ccccc2Cl)cc1Cl,-7.00000036469455,-7.220455568983818,-0.22045520428926757,0.22045520428926757
COC(=O)C1(S(=O)(=O)c2ccccc2)CCCCC1,-3.8499998585455444,-3.364934088567955,0.4850657699775893,0.4850657699775893
Clc1ccc(Oc2cc(Cl)c(Cl)c(Cl)c2Cl)c(Cl)c1Cl,-9.120000157615022,-9.520040797418364,-0.4000406398033416,0.4000406398033416
CC1(C)C2CC=C(CCC=O)C1C2,-3.4657606777059073,-3.8408409447432925,-0.3750802670373852,0.3750802670373852
FC(F)(F)N1C(F)(F)C(F)(F)OC(F)(F)C1(F)F,-5.596058796590871,-5.397652563403341,0.19840623318753003,0.19840623318753003
CCCCC(CC)COP(=O)(O)OCC(CC)CCCC,-3.3623020188677986,-3.5804600757599596,-0.21815805689216106,0.21815805689216106
C1=CCCCC1,-2.7104663188895364,-3.7939810840217767,-1.0835147651322403,1.0835147651322403
Clc1ccc(-c2ccc(Cl)c(Cl)c2)cc1,-6.554100283231099,-6.857745135812911,-0.3036448525818116,0.3036448525818116
CC1CCCC(C)N1C(=O)COC(=O)c1ccccc1,-3.259999956542529,-3.042764652693478,0.21723530384905088,0.21723530384905088
O=C(O)/C(S)=C/C1CCCCC1,-2.6700000027794215,-2.484466659794142,0.18553334298527968,0.18553334298527968
CCCN(CC)CC1COC2(CCC(C(C)(C)C)CC2)O1,-2.80139988083803,-3.098723790964387,-0.29732391012635695,0.29732391012635695
CC12CCC(=O)C=C1CCC1C2CCC2(C)C(OC(=O)C(CO)CO)CCC12,-4.25000005646354,-4.508729571466372,-0.25872951500283214,0.25872951500283214
C#CCC(NC(=O)OC(C)(C)C)C(=O)NCC(=O)OC,-1.4499999132797845,-1.559882724197129,-0.10988281091734442,0.10988281091734442
CC(=O)Nc1ccc(S(N)(=O)=O)cc1,-1.6065998650911757,-1.6696686402219365,-0.06306877513076081,0.06306877513076081
Clc1ccc(-c2c(Cl)cc(Cl)c(Cl)c2Cl)c(Cl)c1Cl,-8.260500500631032,-9.010506168510037,-0.7500056678790052,0.7500056678790052
Nc1nc(N)c(N=O)c(N)n1,-3.8454730589115167,-2.573797677529048,1.2716753813824688,1.2716753813824688
Cc1cc2ccccc2c2ccc3ccccc3c12,-6.59200026495811,-7.0912275961526365,-0.49922733119452634,0.49922733119452634
C=C(C)C(=O)OCc1ccccc1,-2.9682044383403623,-2.9803761949607988,-0.012171756620436458,0.012171756620436458
CCOP(=S)(OCC)Oc1ccc2oc(=O)c(Cl)c(C)c2c1,-5.382000035478165,-5.453218057546637,-0.07121802206847239,0.07121802206847239
Clc1ccc(-c2ccc(Cl)c(Cl)c2)c(Cl)c1,-6.899499933150707,-7.140738401754586,-0.24123846860387843,0.24123846860387843
C=Cc1cccc(C)c1,-3.1231502928863675,-3.1879149529302575,-0.06476466004389003,0.06476466004389003
CCCCCCCCC(CO[N+](=O)O)O[N+](=O)O,-5.71999978656773,-4.9299417452890335,0.7900580412786962,0.7900580412786962
CC1(C)C(C=C(Cl)Cl)C1C(=O)OC(C#N)c1cccc(Oc2ccccc2)c1,-6.5587001681152675,-7.338291352569376,-0.7795911844541088,0.7795911844541088
CC(C)C(=O)OCCc1ccccc1,-3.079764310750651,-3.361407431941509,-0.2816431211908581,0.2816431211908581
COc1cc(Br)c2c(c1OC)C(=O)OC2,-3.931099848397115,-3.036123315267509,0.894976533129606,0.894976533129606
OCC1OC(O)C(O)C(O)C1O,0.740000366314475,0.38205075740764727,-0.3579496089068277,0.3579496089068277
O=C(O)COc1cc(Cl)c(Cl)c(Cl)c1,-2.9399999974844877,-3.10723587614819,-0.1672358786637025,0.1672358786637025
O=C(O)C(Cl)(Cl)Cl,0.519000231774871,0.0880628197281923,-0.4309374120466787,0.4309374120466787
FC(Cl)Cl,-0.7382998882234668,-1.2140055011604585,-0.47570561293699165,0.47570561293699165
Clc1cc(Cl)c(Cl)c(-c2c(Cl)c(Cl)cc(Cl)c2Cl)c1Cl,-9.38000034837383,-9.524543787409995,-0.1445434390361644,0.1445434390361644
CCCCC(CC)C(=O)OCC,-3.4232911770154666,-3.181084932714975,0.24220624430049176,0.24220624430049176
Cc1c(OCc2ccccc2)ccc2c(=O)cc(N3CCOCC3)oc12,-5.159999895957892,-4.809849773792637,0.350150122165255,0.350150122165255
CN(CC(=O)O)N=O,0.9278003354958471,0.2675422505735079,-0.6602580849223392,0.6602580849223392
CCC(C)C1NC(=O)C(Cc2ccccc2)NC(=O)C2CCCN2C(=O)C(Cc2ccccc2)N(C)C(=O)C2CCCCN2C(=O)C2CCCCN2C1=O,-5.5700001436825834,-2.966070939101324,2.6039292045812594,2.6039292045812594
C[n+]1ccccc1,0.42018317645521686,0.21637318964543484,-0.20380998680978202,0.20380998680978202
CCOc1ccc2nc(S(N)(=O)=O)sc2c1,-4.03000020295843,-3.0300634593436278,0.9999367436148021,0.9999367436148021
COC(=O)[C@H]1[C@H]2C[C@@H]3c4[nH]c5cc(OC)ccc5c4CCN3C[C@H]2C[C@@H](OC(=O)c2cc(OC)c(OC)c(OC)c2)[C@@H]1OC,-3.92079993512313,-3.626708891340078,0.2940910437830522,0.2940910437830522
CNC(=O)Oc1cc(C)cc(C)c1,-2.581299923314669,-2.562638857285641,0.018661066029028284,0.018661066029028284
NC(CS)C(=O)O,0.35970005947530304,-0.20181881730600137,-0.5615188767813044,0.5615188767813044
CCOc1ccc(C)cc1N=Nc1ccc(N=Nc2cccc(S(=O)(=O)[O-])c2)c2ccccc12,-1.8471354316434239,-2.399031727716843,-0.5518962960734193,0.5518962960734193
CCOC(=O)C(C)N(C(=O)c1ccccc1)c1ccc(Cl)c(Cl)c1,-4.262700050704588,-4.393842318784481,-0.13114226807989304,0.13114226807989304
[O-]n1ccccc1=S,0.6370126898083592,-0.7257612474430677,-1.362773937251427,1.362773937251427
Nc1ccccc1-c1ccccc1,-2.861113722074791,-2.8886126771877687,-0.02749895511297762,0.02749895511297762
Nc1ccc(S(=O)(=O)O)c2ccccc12,-2.9100000222155415,-2.2797484904071945,0.630251531808347,0.630251531808347
CCC/C=C(/C=O)CC,-2.2559577576973036,-2.3432836929818377,-0.08732593528453414,0.08732593528453414
CCCOCC(C)OCC(C)O,-0.07005252955494123,-0.2222023556821684,-0.15214982612722716,0.15214982612722716
CNC1CCCCC1,-0.3214679984672717,-0.6574293681138372,-0.33596136964656553,0.33596136964656553
CN(C)c1ncnc2nccnc12,-1.0215998499645962,-1.1227831006443083,-0.10118325067971212,0.10118325067971212
CCC(=O)OC(Cc1ccccc1)(c1ccccc1)C(C)CN(C)C,-2.609999824712791,-3.824150316409612,-1.2141504916968207,1.2141504916968207
CCCCC(=O)N(C)c1ccc(S(=O)(=O)N(C)C)cc1,-2.849999838218068,-2.8492690374767595,0.0007308007413082684,0.0007308007413082684
OC1CCN2C1=Nc1ccccc1C2O,-2.0699998266759767,-2.7092199876302434,-0.6392201609542667,0.6392201609542667
COC(=O)C(C)c1ccc2cc(OC)ccc2c1,-4.780000211734026,-4.907268340435391,-0.12726812870136506,0.12726812870136506
CCc1cccc(CC)c1N,-2.3477999335570634,-2.1247566211392526,0.22304331241781084,0.22304331241781084
CCCCOC(=O)C1C(C(=O)OCCCC)C2(Cl)C(Cl)=C(Cl)C1(Cl)C2(Cl)Cl,-7.509559010285642,-6.064218478224452,1.4453405320611896,1.4453405320611896
O=C1C(Cl)=C(Cl)C(=O)c2ccccc21,-5.023776581177045,-4.839794712447748,0.18398186872929667,0.18398186872929667
Clc1ccc(Cl)cc1,-3.349999852695147,-3.3944432072470185,-0.04444335455187165,0.04444335455187165
CCCCC(C)C,-4.596099916909985,-4.427961329298864,0.16813858761112055,0.16813858761112055
NC1C2CN(c3nc4c(cc3F)c(=O)c(C(=O)O)cn4-c3ccc(F)cc3F)CC12,-4.530000208808827,-4.476195662014515,0.05380454679431246,0.05380454679431246
O=C(c1ccco1)c1no[n+]([O-])c1C(=O)c1ccco1,-3.8499998585455444,-3.786697265825101,0.06330259272044358,0.06330259272044358
CCC1(CC)C(=O)NC(=O)NC1=O,-1.419999763859695,-1.6361719930557708,-0.2161722291960757,0.2161722291960757
O=C1NC(=O)C2(CC2)C(=O)N1,-1.889999896343828,-1.4927863237612005,0.39721357258262757,0.39721357258262757
O=C(O)COc1c(Cl)cc(Cl)cc1Cl,-3.22999997965608,-2.895442050401899,0.33455792925418093,0.33455792925418093
Nc1ccc(N=Nc2ccc(S(=O)(=O)Nc3ccc(N=Nc4c(S(=O)(=O)[O-])cc5cc(S(=O)(=O)[O-])c(N=Nc6ccccc6)c(O)c5c4N)cc3)cc2)c(N)c1,-0.6029812018267902,-1.809826550168962,-1.206845348342172,1.206845348342172
CN(Cc1cc(Br)cc(Br)c1N)C1CCCCC1,-1.973299897152872,-2.9827833756871707,-1.0094834785342988,1.0094834785342988
CCCOC(C)C,-1.3372998350525092,-1.1190333235138938,0.21826651153861532,0.21826651153861532
ClC(Cl)C(Cl)(Cl)Cl,-2.6247998811733377,-2.4126141970226134,0.21218568415072436,0.21218568415072436
COc1cc(OC)cc(C(=O)N(O)c2ccccc2C)c1,-3.650000035640372,-3.484785341129046,0.16521469451132598,0.16521469451132598
O=C1C(Cl)=C(Cl)C(=O)C(Cl)=C1Cl,-5.08968595016594,-4.655441689350885,0.4342442608150545,0.4342442608150545
C=CCN(CCC#N)c1cc(NC(C)=O)c(N=Nc2c(Br)cc([N+](=O)[O-])cc2[N+](=O)[O-])cc1OC,-8.900000166083,-6.336498647329735,2.563501518753265,2.563501518753265
Cc1ccc(C(C)(C)C)c(O)c1,-2.672674584768611,-3.437178685797742,-0.7645041010291309,0.7645041010291309
Nc1c(N=Nc2ccc(S(=O)(=O)CCOS(=O)(=O)[O-])cc2)c(S(=O)(=O)[O-])cc2c1C(=O)/C(=N/Nc1cc(Nc3nc(F)nc(F)c3Cl)ccc1S(=O)(=O)[O-])C(S(=O)(=O)[O-])=C2,-0.9138008313444455,-0.3323809582728843,0.5814198730715612,0.5814198730715612
CC(C)CCCCCCc1ccc(O)cc1,-4.587250321418525,-4.590083599850299,-0.0028332784317743887,0.0028332784317743887
CNC(=O)Oc1cccc2ccccc12,-3.2239999152653342,-2.788098719006506,0.43590119625882817,0.43590119625882817
CN(C)Cc1ccccc1,-1.2279187519619053,-1.0348421519446438,0.19307660001726146,0.19307660001726146
CCCCCC(C)OC(=O)COc1ccc(Cl)c2cccnc12,-5.747969836159568,-5.37407287384258,0.3738969623169881,0.3738969623169881
COC(=O)c1cc(Oc2ccc(Cl)cc2Cl)ccc1[N+](=O)[O-],-5.934300094777216,-5.714895551345485,0.21940454343173066,0.21940454343173066
C/C=C(/C)C(=O)O[C@H]1CC[C@@]2(C)[C@@H]3CC[C@H]4[C@]5(O)C[C@H](O)[C@@]6(O)[C@@H](CN7C[C@@H](C)CC[C@H]7[C@@]6(C)O)[C@]5(O)C[C@@]42O[C@]13O,-3.016299907355411,-3.0058397707161224,0.010460136639288464,0.010460136639288464
CCCCc1c2ccccc2cc2ccc3ccccc3c12,-7.524500423557898,-7.142723228755555,0.38177719480234273,0.38177719480234273
N#Cc1nn(-c2c(Cl)cc(C(F)(F)F)cc2Cl)c(N)c1[S+]([O-])C(F)(F)F,-5.3619000043801615,-5.685153236197845,-0.3232532318176835,0.3232532318176835
CCc1cccc(C)c1N(COC(C)C)C(=O)CCl,-3.1881999439977298,-3.208350699986057,-0.020150755988327163,0.020150755988327163
CCC1(CC)CCC(=O)NC1=O,-4.530000208808827,-1.5351137947587346,2.994886414050093,2.994886414050093
CCN1CCOCC1,0.9386003892870791,0.537480655082236,-0.40111973420484315,0.40111973420484315
COP(=O)(OC)O/C(C)=C/C(=O)N(C)C,0.6249002761335927,0.5158863446300943,-0.10901393150349836,0.10901393150349836
COc1ccc2cc(C(C)C(=O)OCCCCN3CCN(C)CC3)ccc2c1,-1.2899998065072038,-2.8111045961855026,-1.5211047896782988,1.5211047896782988
Oc1cccc(O)c1O,0.6043003115587107,0.11058384287049483,-0.49371646868821584,0.49371646868821584
CC(C)C[C@H](N)C(=O)N[C@@H](C)C(=O)NCC(=O)O,-0.8952997040002137,-0.5301641379776343,0.36513556602257946,0.36513556602257946
COC(=O)COc1nc(F)c(Cl)c(N)c1Cl,-3.951281039319637,-3.734656564944933,0.21662447437470433,0.21662447437470433
O=S(=O)(O)C(Cl)S(=O)(=O)O,0.6765002570823215,1.3336927642792396,0.657192507196918,0.657192507196918
CCCOP(=O)(OC)OC,0.4733003492255494,0.3471578299951803,-0.12614251923036912,0.12614251923036912
CCOC(=O)N1CCN(C)CC1,1.1300001003450366,-0.012642719807545166,-1.1426428201525818,1.1426428201525818
C#CC(C)(C)NC(=O)c1cc(Cl)cc(Cl)c1,-4.232399968803755,-3.6394827299792847,0.5929172388244699,0.5929172388244699
O=C(O)COc1ccc(Cl)c(Cl)c1,-2.6846000409904702,-2.618245863022855,0.06635417796761534,0.06635417796761534
CC(=O)OCC(=O)[C@@]1(O)[C@H](C)C[C@H]2[C@@H]3CCC4=CC(=O)C=C[C@]4(C)[C@@]3(F)[C@@H](O)C[C@@]21C,-4.900000119279821,-4.902086534088351,-0.0020864148085300016,0.0020864148085300016
CCCCC(=O)OCSc1ncnc2c1ncn2COC(=O)CCCC,-4.329999902809462,-3.84136903571031,0.4886308670991517,0.4886308670991517
C=CCN(CC=C)c1cc(NC(C)=O)c(N=Nc2c(Cl)cc([N+](=O)[O-])cc2[N+](=O)[O-])cc1OC,-4.388179350620655,-6.370136634054246,-1.9819572834335908,1.9819572834335908
CCCCCCCCOC(=O)C(C)O,-1.2725998578704645,-2.689999429511616,-1.4173995716411514,1.4173995716411514
CCCCCCCCCCCC(=O)N(C)C,-3.90930698623142,-3.497578296495626,0.4117286897357939,0.4117286897357939
CC(C)CCC[C@@H](C)[C@H]1CC[C@H]2[C@@H]3CC=C4C[C@@H](O)CC[C@]4(C)[C@H]3CC[C@]12C,-7.100195204654238,-5.936219497021687,1.1639757076325505,1.1639757076325505
C/C=C/C(=O)O,0.038175200655265584,-0.12448151010115893,-0.16265671075642452,0.16265671075642452
CC12CCC(=O)C=C1CCC1C2CCC2(C)C(OC(=O)Cc3ccccc3)CCC12,-4.659999890107494,-5.5802168957418194,-0.9202170056343251,0.9202170056343251
CCC(COC(=O)CCCCCCCCCCCCCCC(C)C)(COC(=O)CCCCCCCCCCCCCCC(C)C)COC(=O)CCCCCCCCCCCCCCC(C)C,-7.271182391684414,-7.691752878391117,-0.42057048670670305,0.42057048670670305
CCCCCCCC[Si](OC)(OC)OC,-4.246128125515611,-4.245660076255508,0.00046804926010324266,0.00046804926010324266
C(CCOCC1CO1)COCC1CO1,-0.5608135659938682,0.19836012546361115,0.7591736914574794,0.7591736914574794
CN1C2CCCC1CC(=O)C2,0.41670048140038496,0.25036369710433126,-0.1663367842960537,0.1663367842960537
CN1CSC(=S)N(C)C1,-1.7330998740247796,-1.9255443107830392,-0.19244443675825962,0.19244443675825962
CCCCCCOC(C)=O,-2.4509998954545207,-2.3975970069754253,0.053402888479095356,0.053402888479095356
CNC1CCC(c2ccc(Cl)c(Cl)c2)c2ccccc21,-5.2300001065778545,-4.70793594666535,0.5220641599125049,0.5220641599125049
Clc1cc(Cl)cc(-c2c(Cl)ccc(Cl)c2Cl)c1,-7.950000127361863,-7.741721933342387,0.208278194019476,0.208278194019476
FC(Br)C(F)(F)F,-1.900999882117738,-2.1787992643575342,-0.27779938223979617,0.27779938223979617
CN1C(=O)c2cccnc2Oc2ccccc21,-3.6719999381747352,-3.40331471451083,0.26868522366390524,0.26868522366390524
Clc1cc(Cl)c(-c2cc(Cl)c(Cl)cc2Cl)c(Cl)c1,-8.119900214429617,-8.311721183624359,-0.19182096919474212,0.19182096919474212
CCCCCOC(=O)C(N)Cc1ccc(O)c(O)c1,-0.9899998306023479,-2.0896397450613424,-1.0996399144589946,1.0996399144589946
O=C(OCCCO)c1ccccc1,-1.2557999122221268,-1.4883353699155617,-0.23253545769343487,0.23253545769343487
Cc1cc(C(C)(C)C)c(O)c(C)c1CC#N,-4.25790264930871,-4.587175096751241,-0.3292724474425306,0.3292724474425306
O=C(OCCOCCOC(=O)c1ccccc1)c1ccccc1,-3.937488769106949,-4.011968505143427,-0.07447973603647817,0.07447973603647817
CN(C)C(=S)SSC(=S)N(C)C,-4.116196215430955,-3.429327956564923,0.6868682588660322,0.6868682588660322
COc1ccc([C@@H]2CC(=O)c3c(O)cc(O[C@@H]4O[C@H](CO)[C@@H](O)[C@H](O)[C@H]4O[C@@H]4O[C@@H](C)[C@H](O)[C@@H](O)[C@H]4O)cc3O2)cc1O,-5.185848747959262,-3.46563655700489,1.7202121909543715,1.7202121909543715
O=C(O)CN(CC(=O)O)CC(=O)O,-0.5100999938768664,-0.5438749032985228,-0.033774909421656396,0.033774909421656396
Clc1cc(Cl)c(Oc2ccc(Cl)c(Cl)c2)c(Cl)c1,-7.620000416117655,-7.953094138631247,-0.3330937225135919,0.3330937225135919
CCCCCCCl,-3.1223887811570403,-3.478997734663282,-0.35660895350624155,0.35660895350624155
O=C1C=CC=C/C1=C/NNC(=O)c1ccncc1,-3.683499995452436,-2.7414793960599733,0.9420205993924626,0.9420205993924626
C=CC1(C)OC(=O)N(c2cc(Cl)cc(Cl)c2)C1=O,-4.925000243796562,-3.718129015408307,1.2068712283882554,1.2068712283882554
CCN(CCO)c1ccc(N=Nc2sc3cc(OC)ccc3[n+]2C)cc1,-0.7312860506675349,-1.6777461131651756,-0.9464600624976407,0.9464600624976407
O=C1NC(=O)C2CC=CCC12,-1.0930911653197104,-1.6659390150207392,-0.5728478497010288,0.5728478497010288
Nc1c(S(=O)(=O)[O-])cc(NC2CCC(Nc3nc(F)nc(Nc4cc(S(=O)(=O)[O-])ccc4S(=O)(=O)[O-])n3)CC2)c2c1C(=O)c1ccccc1C2=O,-0.7569463579065041,-0.23242600908702737,0.5245203488194767,0.5245203488194767
CCN(CC)C1=C[C@@H]2Oc3cc(N(CC)CC)c(C)cc3C(c3ccccc3C(=O)OC)=C2C=C1C,-7.6872217309093465,-5.267787182290484,2.419434548618862,2.419434548618862
CCCCCC(CO)CCC,-3.5181984820131817,-3.5766766200629085,-0.05847813804972679,0.05847813804972679
CC(=O)C(N=Nc1ccc(S(=O)(=O)[O-])cc1[N+](=O)[O-])C(=O)Nc1ccccc1Cl,-5.4514609749512015,-2.7259256263906524,2.725535348560549,2.725535348560549
Clc1ccccc1Cl,-3.053385676952586,-3.2822934078129364,-0.22890773086035043,0.22890773086035043
CNC(=O)COC(=O)c1ccccc1,-1.7177998668339902,-1.5017397154908207,0.21606015134316947,0.21606015134316947
CC(=O)c1ccc(-c2ccccc2)cc1,-3.310399966021182,-4.194971210955833,-0.884571244934651,0.884571244934651
C=CC(=O)OCCCCCC(C)C,-4.170655285844086,-3.995033776215086,0.17562150962900036,0.17562150962900036
CCCCOC=O,-1.1306997722345482,-1.1670884972971902,-0.03638872506264201,0.03638872506264201
CC(C)Cc1ccc(C(C)C(=O)NO)cc1,-3.043999855532955,-3.1469765502728495,-0.10297669473989446,0.10297669473989446
CCC(C)(C(=O)O)N1C(=O)c2ccccc2C1=O,-1.9099998579303086,-2.0224623918412643,-0.11246253391095573,0.11246253391095573
CCC(Cl)CC,-2.6307000313328373,-2.5469437825647034,0.08375624876813381,0.08375624876813381
CC(=O)c1c(C)ncc(C(=O)O)c1C(=O)O,-1.3499998292935576,-1.570422735285313,-0.2204229059917555,0.2204229059917555
COCCOCCCn1c(=O)c2c(N)c3c(=O)c4ccccc4c(=O)c3c(N)c2c1=O,-8.265049315557594,-5.507511219611008,2.757538095946586,2.757538095946586
CCOC(=O)CN=C(c1ccccc1)c1ccccc1,-3.427044370311964,-4.540081142386217,-1.1130367720742531,1.1130367720742531
CCCCCCCCCCCC(CC)CCCCCCC(CC)CCCCCCC,-5.405053290394859,-7.085458071212402,-1.6804047808175433,1.6804047808175433
CCCCOC(=O)c1ccc(C(=O)OCCCC)c(C(=O)OCCCC)c1,-4.807173708014139,-5.711659924463932,-0.9044862164497935,0.9044862164497935
N#CC(C#N)=NNc1ccccc1[N+](=O)[O-],-3.930000049958747,-3.400011109374897,0.5299889405838503,0.5299889405838503
Cc1ccc2cc3ccccc3cc2c1,-6.955499936014382,-6.208059084222444,0.7474408517919384,0.7474408517919384
COC(=O)C(N)CO,0.5774209506290204,0.49241652449163986,-0.08500442613738057,0.08500442613738057
CC(C)C(NC(N)=O)NC(N)=O,-1.809694320386839,-1.3777573174402278,0.4319370029466112,0.4319370029466112
CC1(C)CC(=O)CC(=O)C1,-1.5275998856990114,-0.9856824868079563,0.5419173988910551,0.5419173988910551
CCCCCCCC/C=C\CCCCCCCC(=O)OCC,-7.3556065526818735,-6.778053917643218,0.5775526350386553,0.5775526350386553
CCOc1ccc(N(CC)C(N)=O)cc1,-1.8499999041574111,-1.770870938615566,0.07912896554184501,0.07912896554184501
CCCC(C)(C)O,-0.49879973055493076,-0.4891386748452011,0.009661055709729638,0.009661055709729638
O=P(OC(Cl)CCCl)(OC(Cl)CCCl)OC(Cl)CCCl,-3.6343998889284688,-3.9291492520704314,-0.29474936314196265,0.29474936314196265
CC12CC(C)(NC(=O)N1)NC(=O)N2,-2.0899997882624572,-1.1762848163927149,0.9137149718697424,0.9137149718697424
Nc1c2ccccc2nc2c(F)cccc12,-1.6599998550051098,-1.9482937684654396,-0.28829391346032973,0.28829391346032973
O=c1nc(-c2ccccc2)[nH]cc1Br,-3.479199840569831,-3.0733727330227527,0.4058271075470783,0.4058271075470783
C=CC(=O)OC(C)(C)C,-1.8045935358374054,-1.1396520597488686,0.6649414760885368,0.6649414760885368
CC(C)(C)c1ccc(C=O)cc1,-3.1309551626775263,-3.4557508970018835,-0.32479573432435727,0.32479573432435727
Cn1nc(S(N)(=O)=O)sc1=NS(=O)(=O)c1ccc(Cl)cc1,-2.439999978694067,-2.430274360896041,0.009725617798026054,0.009725617798026054
C[C@@H]1C[C@@H]([C@H](O)CC2CC(=O)NC(=O)C2)C(=O)[C@@H](C)C1,-1.1269998228195266,-1.498047771636721,-0.3710479488171945,0.3710479488171945
O=C(Nc1ccc(Cl)cc1)c1cc([N+](=O)[O-])ccc1O,-5.122000258800095,-4.767986763355483,0.3540134954446117,0.3540134954446117
Cc1cccc(CN2CCN(C(c3ccccc3)c3ccc(Cl)cc3)CC2)c1,-4.630000154768142,-4.490396698928411,0.13960345583973144,0.13960345583973144
Clc1ccc(Cl)c(-c2c(Cl)ccc(Cl)c2Cl)c1Cl,-7.903200722427998,-7.975499219167096,-0.07229849673909783,0.07229849673909783
CCOc1cc(OP(=S)(OC)OC)nc(CC)n1,-3.863800065305698,-3.619270552014919,0.2445295132907792,0.2445295132907792
CCc1cc(C)cc(O)c1,-1.7695999177923092,-2.098155453451597,-0.32855553565928775,0.32855553565928775
FC(F)(Cl)C(Cl)(Cl)Cl,-3.3092998915289895,-3.2214907585307104,0.08780913299827908,0.08780913299827908
Cc1cc(O)c(C(C)(C)C)cc1C(C)CC(c1cc(C(C)(C)C)c(O)cc1C)c1cc(C(C)(C)C)c(O)cc1C,-7.1341928895125815,-7.641110804214762,-0.5069179147021803,0.5069179147021803
C1=CCCC1,-2.2795898284713383,-3.648300924348164,-1.3687110958768258,1.3687110958768258
CC12C=CC(=O)C=C1CCC1C2CCC2(C)C(=O)CCC12,-2.8204595340834735,-4.253878750730179,-1.4334192166467052,1.4334192166467052
CC(C)(C)NC(=O)C1CCC2C3CC=C4C=C(C(=O)O)CCC4(C)C3CCC12C,-8.76000057300455,-5.203013636764106,3.5569869362404445,3.5569869362404445
NC(=O)c1cn(Cc2c(F)cccc2F)nn1,-3.4999999786744875,-2.6286451556738006,0.8713548230006869,0.8713548230006869
CCCCOCC,-1.549960521569052,-1.0588511052031118,0.4911094163659402,0.4911094163659402
CC(C)OC(=O)Nc1ccccc1,-3.0004999063009685,-2.9160015644647523,0.08449834183621618,0.08449834183621618
CCC(C)C(N)C(=O)OCCOC(=O)C(C)c1ccc2cc(OC)ccc2c1,-3.819999916165824,-4.338572616314556,-0.5185727001487321,0.5185727001487321
O=[N+]([O-])c1cc(Cl)ccc1O,-3.090199887226206,-2.4914860529333,0.5987138342929059,0.5987138342929059
CC(C)CC(c1ccc(O)cc1)c1ccc(O)cc1,-3.367399904852071,-3.8677988429861645,-0.5003989381340936,0.5003989381340936
ClCCCCl,-1.6136999694673866,-1.292129561766242,0.32157040770114453,0.32157040770114453
O/N=C1/C=CCCC1,-0.7033997834115526,-1.0549027073456878,-0.3515029239341352,0.3515029239341352
OCC(CO)(CO)COCC(CO)(CO)CO,-1.9581998909582166,-1.2420397332665827,0.7161601576916339,0.7161601576916339
Cc1ccccc1N(C)C(N)=O,-0.40319980651056264,-1.2065995291462681,-0.8033997226357055,0.8033997226357055
CC(=O)C=C(C)NC1CCCCC1NC(C)=CC(C)=O,-2.1099998188623936,-1.385566604092585,0.7244332147698087,0.7244332147698087
O=[N+]([O-])c1cc2cccnc2c2ncccc12,-3.9172000552196318,-3.429033993748142,0.4881660614714898,0.4881660614714898
Clc1cccc(Cl)c1Oc1ccccc1,-5.060500159529281,-5.451284024449446,-0.3907838649201656,0.3907838649201656
CCN(CC)CC,-0.13768268006129736,0.12533395084210008,0.26301663090339744,0.26301663090339744
CC(COS)(COS)COC(=O)CCCC(=O)OCC(C)(COS)COS,-5.841947115821222,-5.537488456563631,0.3044586592575911,0.3044586592575911
C=CCCl,-1.3561998601737093,-1.370822845358952,-0.014622985185242632,0.014622985185242632
C/C=N/O,0.4958194399910778,0.590612182651463,0.09479274266038518,0.09479274266038518
Nc1c(S(=O)(=O)O)ccc2ccccc12,-2.959999976324332,-2.2109621574687366,0.7490378188555953,0.7490378188555953
CC(=O)c1ccc(OC2OC(CO)C(O)C(O)C2O)cc1,-1.1699997609344963,-1.4452792548472264,-0.2752794939127301,0.2752794939127301
O=C1CCCCCCCCN1,-1.0736997643902033,-1.7589563175063343,-0.685256553116131,0.685256553116131
O=C1c2c(O)ccc(Nc3ccccc3)c2C(=O)c2c([N+](=O)[O-])ccc(O)c21,-8.646143277143329,-6.39872338789089,2.2474198892524395,2.2474198892524395
CCCN(CCC)C(=O)COC(=O)c1ccccc1OC(C)=O,-2.650000023939577,-2.619610673133119,0.030389350806458104,0.030389350806458104
Nc1c(I)c(C(=O)[O-])c(I)c(C(=O)[O-])c1I,-1.569622593273865,-2.2210247334667708,-0.6514021401929058,0.6514021401929058
Oc1ccc(F)cc1,-0.2099999484604873,-0.6293684968136111,-0.41936854835312376,0.41936854835312376
COCCNC(=O)CSP(=S)(OC)OC,-1.1355998656532855,-1.0809182958572925,0.054681569795993035,0.054681569795993035
CCCC(C)(COC(N)=O)COC(=O)NC(C)C,-2.938399967948711,-2.582926363437474,0.355473604511237,0.355473604511237
CC(C)(C)NC(=O)C1N(C(=O)C(O)C(Cc2ccccc2)NC(=O)c2ccccc2)CSC1(C)C,-3.6199998862202825,-3.553304108897728,0.0666957773225545,0.0666957773225545
CCOC(=O)C1(c2ccccc2)CCN(C)CC1,-1.7614499117065796,-1.658050776974463,0.1033991347321166,0.1033991347321166
OCC(O)C1OC2OC(C(Cl)(Cl)Cl)OC2C1O,-1.8399999233641708,-1.6791749677628143,0.16082495560135657,0.16082495560135657
CC(Oc1ccc(Cl)cc1)C(=O)O,-2.1350998058502895,-2.342747458426986,-0.20764765257669637,0.20764765257669637
Cc1ccc2nc(-c3ccc(NC(=O)/C(C#N)=C/c4ccc(N(C)CCS(=O)(=O)[O-])cc4)cc3)sc2c1S(=O)(=O)[O-],-0.4159499045208288,-2.063082469931844,-1.6471325654110154,1.6471325654110154
CCCCCCCCC(O)CO,-2.4785789493101267,-2.5618812620699543,-0.08330231275982758,0.08330231275982758
NC(=O)NCl,0.32560023470174926,-0.25414067900682147,-0.5797409137085707,0.5797409137085707
C/C=C/CCl,-1.956899884483346,-2.150438046495826,-0.19353816201248009,0.19353816201248009
CCOC(=O)CCCCC(=O)OCC,-1.6794998831147117,-1.57816880561177,0.10133107750294168,0.10133107750294168
O=P(OCCCl)(OCCCl)OCCCl,-1.6104998155023311,-1.1929390056215097,0.41756080988082145,0.41756080988082145
CCCC(C)CC1(CCO)C(=O)NC(=S)NC1=O,-3.089999851723344,-2.684282078744287,0.40571777297905687,0.40571777297905687
CCCCCC/C=C/CCCCCCCc1cccc(OCC2CO2)c1,-6.079851682381886,-6.5047691886691545,-0.42491750628726876,0.42491750628726876
COc1ccc(Cl)cc1,-2.7793254178908997,-2.9656651701721204,-0.18633975228122068,0.18633975228122068
CCCOCC,-0.6805998078791973,-0.6697358476275026,0.010863960251694671,0.010863960251694671
CCN(CC)c1nc(Nc2ccc(/C=C/c3ccc(Nc4nc(Nc5cc(S(=O)(=O)[O-])ccc5S(=O)(=O)[O-])nc(N(CC)CC)n4)cc3S(=O)(=O)[O-])c(S(=O)(=O)[O-])c2)nc(Nc2cc(S(=O)(=O)[O-])ccc2S(=O)(=O)[O-])n1,-0.8122487727546783,0.08000149593370898,0.8922502686883873,0.8922502686883873
Cc1cc(C)nc(C)c1,-0.5393997947432059,-0.3081674491301718,0.23123234561303407,0.23123234561303407
O=C(O)CBr,1.1002000899479936,0.3170044707022761,-0.7831956192457175,0.7831956192457175
O=[N+]([O-])c1ccc(Oc2ccc(Cl)cc2Cl)cc1,-5.4534999085018505,-5.833665501074476,-0.3801655925726255,0.3801655925726255
CN1C(=O)CCS(=O)(=O)C1c1ccc(Cl)cc1,-2.039400019334767,-2.6566023687627798,-0.617202349428013,0.617202349428013
Cc1ccc(-c2nc3ccc(C)cn3c2CC(=O)N(C)C)cc1,-1.2999998563139001,-3.2931739312941244,-1.9931740749802243,1.9931740749802243
CC1(C)C2CCC1(CS(=O)(=O)O)C(=O)C2,-0.29999984461310536,-1.519269133371434,-1.2192692887583287,1.2192692887583287
CCOP(=O)(OCC)Oc1ccc2c(C)c(Cl)c(=O)oc2c1,-3.180000023929787,-3.4444830700043725,-0.2644830460745853,0.2644830460745853
COc1ccc(S(=O)(=O)c2coc(S(N)(=O)=O)c2)cc1,-3.0199999257838885,-2.38934368774573,0.6306562380381586,0.6306562380381586
O=C([O-])C1=Cc2ccccc2/C(=N/Nc2ccc3ccccc3c2S(=O)(=O)[O-])C1=O,-6.279395809435618,-3.240195510077528,3.03920029935809,3.03920029935809
Clc1cc(Cl)c(-c2cc(Cl)c(Cl)c(Cl)c2)cc1Cl,-8.21000031812067,-8.479727541453357,-0.26972722333268706,0.26972722333268706
NS(=O)(=O)c1nnc(NS(=O)(=O)c2c(F)c(F)c(F)c(F)c2F)s1,-1.2099998221343697,-1.776896089397649,-0.5668962672632794,0.5668962672632794
C=C(C)[C@H]1CC=C(C)C(=O)C1,-1.9026535825557507,-2.0560711168603363,-0.1534175343045856,0.1534175343045856
OCC(O)C(O)C(OC1OC(CO)C(O)C(O)C1O)C(O)CO,0.28720031949786007,0.1331887863755643,-0.15401153312229576,0.15401153312229576
Clc1cc(Cl)c(-c2c(Cl)c(Cl)c(Cl)c(Cl)c2Cl)c(Cl)c1,-9.480000294333145,-9.664068567909633,-0.18406827357648758,0.18406827357648758
CCCc1ncnc2c(O)cccc12,-2.9205998749794504,-2.5942436730830964,0.32635620189635395,0.32635620189635395
CCN(C(N)=O)c1ccc(OC)cc1,-1.2699998449207233,-1.5449241955877304,-0.27492435066700716,0.27492435066700716
O=C(CCCN1CCC(O)(c2ccc(Cl)cc2)CC1)c1ccc(F)cc1,-4.428899774276583,-3.709881424295478,0.7190183499811047,0.7190183499811047
CCCCOc1ccc(C(=O)OCCN(CC)CC)cc1,-3.8399998777523043,-2.8677964071877198,0.9722034705645846,0.9722034705645846
CN1CCOCC1,0.9950003941430219,1.0376261412983512,0.0426257471553293,0.0426257471553293
C1CN1,1.3658353674343124,0.5273403699324946,-0.8384949975018179,0.8384949975018179
CC(C)(C)c1cc(C(C)(C)C)c(O)c(C(C)(C)C)c1,-3.8749999830622857,-6.432201815504612,-2.5572018324423267,2.5572018324423267
O=C(O)CCP(=O)(O)O,0.5007003476689853,0.6263992484027541,0.12569890073376877,0.12569890073376877
CCCCCC(=O)OCC,-2.349999806487624,-2.100663195410368,0.24933661107725635,0.24933661107725635
CCN,1.346000348008205,1.3291144115934137,-0.016885936414791303,0.016885936414791303
C=C(C)OC,1.142000160113072,0.3345761248180983,-0.8074240352949738,0.8074240352949738
CC1(C)COP(=S)(OP2(=S)OCC(C)(C)CO2)OC1,-5.393383667055218,-4.845408128950005,0.5479755381052129,0.5479755381052129
C[C@]12CC[C@H]3[C@@H](CCC4=CC(=O)CC[C@@]43C)[C@@H]1CC[C@@H]2C(=O)CO,-3.7446000237175263,-4.093966291047001,-0.3493662673294744,0.3493662673294744
CC1=CC(=O)N(Cc2cccc(CN3C(=O)C=C(C)C3=O)c2)C1=O,-3.9003350298820765,-3.612782527981949,0.2875525019001275,0.2875525019001275
CCCCCCOC(=O)c1ccc(O)c(Br)c1,-4.219999769016538,-4.417107168957953,-0.19710739994141502,0.19710739994141502
CCCCCCC(=O)OCN1C(=O)NC(c2ccccc2)(c2ccccc2)C1=O,-6.301000333879282,-4.986518700646732,1.3144816332325497,1.3144816332325497
CN(CCO)C(=O)COC(=O)c1ccccc1,-1.0899999145885748,-0.9781938366732108,0.11180607791536401,0.11180607791536401
Cn1c(=O)ncc2[nH]c(=O)[nH]c21,-0.7939996825525726,-2.4709817065020143,-1.6769820239494417,1.6769820239494417
CCCCCCCCCCCCOS(=O)(=O)[O-],-0.08745910348347818,-0.814462862457221,-0.7270037589737428,0.7270037589737428
COC1=CC(=N/N(O)c2ccc(N/N=C3/C(=O)c4c(O)cc(S(=O)(=O)[O-])cc4C=C3S(=O)(=O)[O-])c(OC)c2)/C=CC/1=N/N=C1\C(=O)c2c(O)cc(S(=O)(=O)[O-])cc2C=C1S(=O)(=O)[O-],-0.9094794847695931,-0.7940779438119292,0.11540154095766386,0.11540154095766386
CCOCCc1ccc(OCCNc2ncnc(CC)c2Cl)c(C)c1C,-5.240900091853697,-3.892216079851647,1.34868401200205,1.34868401200205
CC1=CC(=O)CC(C)(C)C1=O,-0.8779040341977602,-1.5039691261806447,-0.6260650919828845,0.6260650919828845
O=C(CCS)OCC(COC(=O)CCS)(COC(=O)CCS)COC(=O)CCS,-5.123168932667774,-4.832303991909316,0.2908649407584578,0.2908649407584578
C=CC(=O)OCC1CC2CC1C1CCC(COC(=O)C=C)C21,-4.493085877263592,-4.620831579082019,-0.12774570181842648,0.12774570181842648
CCc1ccc2ccccc2c1,-4.290100049148023,-5.546006373384484,-1.2559063242364612,1.2559063242364612
CCCCOC(=O)c1ccc(N)cc1,-3.0599998920902594,-3.0605074515540505,-0.0005075594637911074,0.0005075594637911074
CCCCCCCCN(C)N=Nc1ccc(C(=O)O)cc1,-3.769999943186167,-3.3251569063249535,0.4448430368612133,0.4448430368612133
CCCCC/C=C/CCC=O,-3.3017427455389425,-3.3041240893526416,-0.002381343813699033,0.002381343813699033
Clc1ccc(COC(Cn2ccnc2)c2ccc(Cl)cc2Cl)c(Cl)c1,-5.079999911585057,-5.441845744176405,-0.3618458325913476,0.3618458325913476
COc1nc(C)nc(NC(=O)NS(=O)(=O)c2ccccc2OCCCl)n1,-4.09889978697855,-3.8877442149287726,0.21115557204977753,0.21115557204977753
O=C(O)c1ccccc1C(=O)c1ccc(-c2ccccc2)cc1,-4.828233302207465,-4.548228594974066,0.2800047072333989,0.2800047072333989
COc1ccc(C(=O)CC(=O)c2ccc(C(C)(C)C)cc2)cc1,-7.060548078269489,-6.484040859065697,0.5765072192037923,0.5765072192037923
CCOC(/C=C(\C)CCC=C(C)C)OCC,-2.354799657861198,-3.631263296356595,-1.2764636384953971,1.2764636384953971
O=C(O)c1occ(Br)c1Br,-2.088699919814499,-2.356031720588417,-0.26733180077391827,0.26733180077391827
COC(=O)C1(S(=O)(=O)c2ccc(Br)cc2)CCCCC1,-4.478600090829321,-3.9741386410879382,0.5044614497413829,0.5044614497413829
CC[S+]([O-])CCSP(=S)(OC)OC,-0.9136997956445352,-1.4067001807109825,-0.4930003850664473,0.4930003850664473
C=C(C)C(=O)OCC(F)(F)F,-2.2684756944408355,-2.3213671932093196,-0.05289149876848409,0.05289149876848409
COc1ccc2c(c1)N(C[C@H](C)CN(C)C)c1ccccc1S2,-4.215499815616981,-4.441240346437622,-0.22574053082064083,0.22574053082064083
OCC1CCCCO1,0.9349004398720577,0.6984893245040578,-0.23641111536799997,0.23641111536799997
Clc1c(Cl)c(Cl)c2c(c1Cl)Oc1ccccc1O2,-8.77000089886507,-9.109139095928489,-0.3391381970634182,0.3391381970634182
C=C(C)C(=O)OCCOCCOCCOCC,-0.6030111536667908,-0.46258367715975846,0.14042747650703236,0.14042747650703236
CCCCCCOC(N)=O,-1.9199998387235486,-1.853121934890022,0.06687790383352654,0.06687790383352654
CCC1OCCO1,0.29190013586663843,0.3138030744950089,0.02190293862837045,0.02190293862837045
C=C(C)C1CC=C(C)C(O)C1,-1.7199998777914636,-1.9053333060474293,-0.18533342825596577,0.18533342825596577
COc1ccc(CCC(=O)O)cc1,-2.2143999247635673,-2.0562090057458695,0.15819091901769777,0.15819091901769777
CCCCCCCCCCCCCCCC[Si](OC)(OC)OC,-5.539863623672998,-6.403759713872212,-0.8638960901992139,0.8638960901992139
NC(=O)c1ccc[n+](Cc2ccccc2)c1,0.29361056536566643,-0.3180084919337305,-0.6116190572993969,0.6116190572993969
Clc1ccc(Oc2ccccc2)cc1Cl,-4.720600191936074,-5.6926953027477065,-0.9720951108116322,0.9720951108116322
C[C@H]1CO1,0.838033704825262,0.6394229157534874,-0.19861078907177454,0.19861078907177454
O=C(O)[C@@H](O)[C@H](O)[C@H](O)[C@H](O)C(=O)O,0.1999002297526813,0.04927698127710434,-0.15062324847557695,0.15062324847557695
Clc1cc2c(Cl)cccc2c(Cl)c1Cl,-7.856600076248055,-8.234546472122377,-0.37794639587432144,0.37794639587432144
Oc1cc(Cl)c(Cl)c(Cl)c1Cl,-3.1500000470433385,-3.5038850911925548,-0.3538850441492163,0.3538850441492163
Nc1ccccc1C(=O)O,-1.519999847845922,-1.7669468334947327,-0.24694698564881068,0.24694698564881068
COc1ccc(NC(=O)c2cc3ccccc3cc2O)cc1,-5.263224564672677,-5.755601344148694,-0.4923767794760172,0.4923767794760172
Oc1ccccc1-c1ccccc1,-2.5067116291115528,-2.6265229918949466,-0.11981136278339388,0.11981136278339388
C=C(C)C(=O)OCCO,-0.5373379487250909,-0.2693286083447046,0.26800934038038626,0.26800934038038626
CN1CCC23CCCCC2C1Cc1ccc(O)cc13,-2.7199999585057144,-3.027585186130664,-0.30758522762494955,0.30758522762494955
OCc1cc(Cl)c(Cl)c(Cl)c1,-3.0947999446440146,-2.830753831387458,0.2640461132565566,0.2640461132565566
NC(=O)C(=NO)C(N)=O,-0.03839964588522626,-0.7571753445542515,-0.7187756986690252,0.7187756986690252
O=C(NC(=O)c1c(F)cccc1F)Nc1ccc(Cl)cc1,-6.5400000059632895,-5.788356786795026,0.7516432191682636,0.7516432191682636
O=C(c1cccc2ccccc12)N(O)c1ccccc1,-3.943299978174741,-4.1614142460289285,-0.21811426785418764,0.21811426785418764
CCOc1ccccc1OS(=O)(=O)NC(=O)Nc1nc(OC)cc(OC)n1,-4.185299941254582,-4.163662428378846,0.021637512875736675,0.021637512875736675
CCCCCCC[C@H]1CCC(=O)O1,-3.0668186631121777,-3.260644542223651,-0.1938258791114733,0.1938258791114733
CC(C)CCCCCCCCCCCCCCC(=O)[O-],-8.14690159114991,-6.161721793391447,1.9851797977584624,1.9851797977584624
CCOC(=O)[C@H](Cc1ccccc1)NC(C)=O,-1.7556998485610011,-1.8836964833062544,-0.12799663474525325,0.12799663474525325
CCc1cccc2c(CCO)c[nH]c12,-1.9153262474681347,-2.552437081146405,-0.6371108336782703,0.6371108336782703
Cc1ccc(C)c2ccccc12,-4.136899976243996,-4.764170871334008,-0.6272708950900112,0.6272708950900112
Clc1cc(Cl)c(-c2cccc(Cl)c2Cl)cc1Cl,-7.210000306419875,-7.673133600009832,-0.4631332935899568,0.4631332935899568
Clc1ccc(-c2c(Cl)c(Cl)c(Cl)c(Cl)c2Cl)cc1Cl,-8.900000166083,-9.237064646813833,-0.3370644807308327,0.3370644807308327
C#CCC1=C(C)C(OC(=O)[C@H]2[C@H](C=C(C)C)C2(C)C)CC1=O,-4.574600292919781,-5.291940235645546,-0.717339942725765,0.717339942725765
CC(=O)OC1CCCCC1,-1.6699997667848938,-1.738478920829704,-0.0684791540448102,0.0684791540448102
OCC1OC2OC(C(Cl)(Cl)Cl)OC2C1O,-2.119999799655634,-2.252969060962115,-0.132969261306481,0.132969261306481
Clc1cccc(-c2ccccc2)c1,-4.880000157693341,-4.8818421268399295,-0.001841969146588518,0.001841969146588518
CN1C2CCC1CC(OC(=O)c1ccccc1)C2,-2.368999866613619,-2.287221957581571,0.08177790903204807,0.08177790903204807
CN(C1CCCCC1)S(=O)(=O)c1ccccc1NNC1=C2C(=O)C=C(S(=O)(=O)[O-])C=C2C=CC1=N,-2.711685821167723,-2.0192894291779613,0.6923963919897616,0.6923963919897616
CNC(=O)ON=C(SC)C(=O)N(C)C,0.10600024516199547,-0.39841468950989256,-0.504414934671888,0.504414934671888
CC1=NNC(=O)N(/N=C/c2cccnc2)C1,-2.8744999710278263,-1.9618780321210716,0.9126219389067547,0.9126219389067547
c1ccc(CCNCc2ccccc2)cc1,-2.7228998349227442,-3.084645943069849,-0.36174610814710473,0.36174610814710473
Cc1ccc(S(=O)(=O)NC(=O)NC2CCCCC2)cc1,-4.206999842294746,-3.771917067986582,0.4350827743081638,0.4350827743081638
CCC1(c2ccccc2)C(=O)NC(=O)NC1=O,-2.289999887221455,-2.5352520059056154,-0.24525211868416052,0.24525211868416052
CCOC(=O)NCC(C)C,-0.7679996910820743,-0.9602521324051219,-0.19225244132304753,0.19225244132304753
CCC(C)S,-1.8345998274550985,-1.5698924358876964,0.2647073915674021,0.2647073915674021
O=P(O)(O)OC1C(O)C(O)C(O)C(O)C1O,0.10760025313106691,0.062434258679085364,-0.04516599445198155,0.04516599445198155
Cc1ccccc1C(=O)NNC(=O)c1ccncc1,-2.729999939298955,-2.430468150681115,0.2995317886178399,0.2995317886178399
COP(=O)(Oc1cc(Cl)c(Br)cc1Cl)c1ccccc1,-4.989999877405527,-4.995535998836814,-0.005536121431287455,0.005536121431287455
O=[N+]([O-])c1cccc(Cl)c1,-2.761272118864098,-2.897863327126705,-0.13659120826260684,0.13659120826260684
COC,0.8843660266874105,0.27908654547664735,-0.6052794812107631,0.6052794812107631
c1ccc(-c2cccc(-c3ccccc3)c2)cc1,-5.183000148540206,-5.192731736002195,-0.009731587461989655,0.009731587461989655
Cc1cc2nc3c(C)c(N)ccc3[n+](-c3ccccc3)c2cc1N,-0.8461998045166155,0.20273806307256637,1.0489378675891818,1.0489378675891818
O=C([O-])CF,1.0452005061457257,0.776711660271503,-0.2684888458742227,0.2684888458742227
C[C@@H]1CCCC[C@@H]1C,-4.271900234553661,-4.38093224758269,-0.10903201302902854,0.10903201302902854
NCC(=O)NCC(=O)OCCOc1ccc2nc(S(N)(=O)=O)sc2c1,-1.2999998563139001,-2.319292165621066,-1.019292309307166,1.019292309307166
CC(C)(c1cc(Br)c(OCC(Br)CBr)c(Br)c1)c1cc(Br)c(OCC(Br)CBr)c(Br)c1,-9.816435372343225,-9.012794102610739,0.803641269732486,0.803641269732486
O=C(O)c1cccnc1,-0.8349998867600279,-0.6081570730165944,0.2268428137434335,0.2268428137434335
Cc1ccc(NCCO)cc1O,-0.6550551671928577,-1.2732977219397903,-0.6182425547469326,0.6182425547469326
CC(C)(C)C(O)(CCc1ccc(Cl)cc1)Cn1cncn1,-3.931999921893174,-4.149780509686524,-0.21778058779334986,0.21778058779334986
CCNC(=O)Nc1c(C)n(C)n(-c2ccccc2)c1=O,-1.8299999425709306,-1.6026925992536607,0.22730734331726987,0.22730734331726987
CN(C)C(C)(C)CO,0.8134591172795913,0.6507079961150541,-0.16275112116453716,0.16275112116453716
Cc1cc2c(cc1NNC1C(=O)NC(=O)NC1=O)=NC(=O)N=2,-6.489140125319095,-5.8019275928266945,0.6872125324924001,0.6872125324924001
O=C1C=CC(=O)N1c1ccc(Cc2ccc(N3C(=O)C=CC3=O)cc2)cc1,-5.998008900700988,-5.563651457817727,0.43435744288326106,0.43435744288326106
CC=Cc1ccc(O)c(O)c1,-1.3504999007973486,-1.7746346564641375,-0.42413475566678893,0.42413475566678893
CCCCCCCCCCCCCCCCCC,-5.578671546430076,-7.702855763228255,-2.124184216798179,2.124184216798179
CC(C)(C)NC(=O)COC(=O)c1ccccc1,-2.866499836288967,-2.5315349066467228,0.33496492964224434,0.33496492964224434
O=Cc1ccc(O)c(Br)c1,-2.1793998884670422,-2.158544643117591,0.020855245349451046,0.020855245349451046
O=C(O)CC(SC(CC(=O)O)C(=O)O)C(=O)O,-0.4907996907095735,-0.5157027823068656,-0.024903091597292093,0.024903091597292093
Clc1ccc(C2(Cn3cncn3)CC(Br)CO2)c(Cl)c1,-3.877500064527416,-3.911366209738199,-0.03386614521078313,0.03386614521078313
COC1CCCC1,-0.903788359115629,-0.6646813020937383,0.23910705702189072,0.23910705702189072
Clc1ccc(Cl)c(-c2ccccc2)c1Cl,-6.290000141065002,-6.137885097719712,0.15211504334529025,0.15211504334529025
O=C1C=CC(=O)C=C1,-0.8899998846430335,-0.78507210185558,0.10492778278745352,0.10492778278745352
CN(C(=O)N(C)c1ccccc1)c1ccccc1,-3.4975575924587594,-2.5653264138046006,0.9322311786541588,0.9322311786541588
CCCCCC(N)C(=O)O,-0.9399998576226907,-1.404073390540227,-0.4640735329175363,0.4640735329175363
CCOC(=O)CO[N+](=O)[O-],-1.71109990247696,-1.184270363412265,0.5268295390646949,0.5268295390646949
Cc1nc(N(C)C)nc(OC(=O)N(C)C)c1C,-1.9456999667267585,-1.494642095599034,0.45105787112772444,0.45105787112772444
O=C([O-])C(Cl)(Cl)Cl,0.7319630592027577,-0.2703041825618717,-1.0022672417646294,1.0022672417646294
Clc1ccc(Cl)c(-c2cc(Cl)cc(Cl)c2Cl)c1,-7.820100239520896,-7.790116929384125,0.029983310136771024,0.029983310136771024
C[C@H]1C(c2ccc(Cl)cc2)SC(=O)N1C(=O)NC1CCCCC1,-5.848700220539545,-5.2003698692831195,0.6483303512564254,0.6483303512564254
CC(=O)/C(C)=C\C1C(C)=CCCC1(C)C,-3.992341009180181,-4.355291540165288,-0.36295053098510666,0.36295053098510666
CCC1(c2ccccc2)C(=O)NC(=S)NC1=O,-3.5799998940338655,-3.003413110941731,0.5765867830921345,0.5765867830921345
COc1cccc(N(C)C(=S)Oc2cccc(C(C)(C)C)c2)n1,-6.014000146669305,-5.419702362666554,0.5942977840027517,0.5942977840027517
Clc1ccc(-c2c(Cl)cccc2Cl)cc1,-6.209499809134552,-6.143297409010536,0.06620240012401624,0.06620240012401624
CCNc1nc(NC(C)C)nc(SC)n1,-3.0470399241596198,-3.245610719933513,-0.19857079577389314,0.19857079577389314
O=C1Nc2cccc3cccc1c23,-3.254767149251341,-4.774521647525229,-1.5197544982738882,1.5197544982738882
CCCCC(CC)C(=O)[O-],-2.621416013387817,-2.0492815040236723,0.5721345093641448,0.5721345093641448
O=NN(CCO)CCO,0.8724001975936613,0.5233621582619827,-0.34903803933167854,0.34903803933167854
CCN(N=O)C(N)=O,-0.9546998618250782,-0.8959150279758972,0.058784833849180984,0.058784833849180984
CCC(=O)C(C)CC=C(C)C,-2.7010952749762196,-2.450963421842907,0.25013185313331254,0.25013185313331254
O=[N+]([O-])C([N+](=O)[O-])([N+](=O)[O-])[N+](=O)[O-],-2.33809985073784,-1.8179766252681477,0.5201232254696921,0.5201232254696921
CCCCN(CCCC)C(=O)N(CCCC)CCCC,-4.820595306953454,-4.752079161696107,0.0685161452573464,0.0685161452573464
CSc1ncnc2nccnc12,-1.7599998699778805,-1.7547677528212549,0.0052321171566256375,0.0052321171566256375
CCCCCCC,-4.4693999069802475,-4.514278391373605,-0.044878484393357176,0.044878484393357176
CCOP(=S)(OCC)OCCSCC,-3.6340000249631137,-3.1799552859567903,0.45404473900632336,0.45404473900632336
C[C@@H]1CC[C@@]2(OC1)O[C@H]1C[C@H]3[C@@H]4CC=C5C[C@@H](O)CC[C@]5(C)[C@H]4CC[C@]3(C)[C@H]1[C@@H]2C,-7.3166001472246975,-5.8630265858899415,1.453573561334756,1.453573561334756
CC(Cl)C(Cl)Cl,-1.889799826334238,-2.0855930030288006,-0.19579317669456264,0.19579317669456264
CCOC(=O)N1CC(C)N(C(N)=O)CC1C,-0.5499997095113915,-0.8052033270357959,-0.25520361752440435,0.25520361752440435
O=C(O)CC1(O)CC(=O)N(c2ccccc2)C1=O,-0.6799999429177079,-1.5088888194209495,-0.8288888765032416,0.8288888765032416
O=C(O)c1ccccc1-c1ccccc1,-2.729999939298955,-2.765034663483914,-0.03503472418495912,0.03503472418495912
Cc1cc(Cc2cc(C)cc(C3(C)CCCCC3)c2O)c(O)c(C2(C)CCCCC2)c1,-8.146787304866404,-6.2687417881177545,1.8780455167486494,1.8780455167486494
NCCN,1.2211003470436723,1.3145912198658691,0.09349087282219681,0.09349087282219681
Clc1cc2ccccc2cc1Cl,-5.3600002019572575,-6.352025018656936,-0.9920248166996783,0.9920248166996783
CCCC(=O)OCC(O)CO,-1.3349998926104252,-0.43554392895780625,0.8994559636526189,0.8994559636526189
OCC1OC(OC2C(CO)OC(O)C(O)C2O)C(O)C(O)C1O,0.35770032556778864,0.30926309329084267,-0.04843723227694596,0.04843723227694596
CCC(CC)O[N+](=O)[O-],-2.452199832417868,-1.919165811105095,0.5330340213127731,0.5330340213127731
COCC(C)C,-0.90069973089583,-1.0099100746957386,-0.10921034379990857,0.10921034379990857
CCC(=O)O[C@H]1CC[C@H]2[C@@H]3CCC4=CC(=O)CC[C@]4(C)[C@H]3CC[C@]12C,-5.3668998912565975,-5.113216916226608,0.2536829750299896,0.2536829750299896
CCC(=O)O[C@](Cc1ccccc1)(c1ccccc1)[C@H](C)CN(C)C,-5.009699906511263,-3.824150247396156,1.185549659115107,1.185549659115107
CCCCN(CCO)CCCC,-1.6367384555044482,-1.2522135589560484,0.38452489654839983,0.38452489654839983
Cc1cc(O)ccc1N,-1.7894218936751907,-0.9111824608153491,0.8782394328598415,0.8782394328598415
CCCSc1nc(Cl)c([N+](=O)[O-])c(Cl)n1,-4.38694483791574,-4.38006709489548,0.006877743020259786,0.006877743020259786
Sc1ccccc1Cl,-1.7800350284270345,-2.271507110505426,-0.4914720820783913,0.4914720820783913
NC1[C@H]2CN(c3nc4c(cc3F)c(=O)c(C(=O)O)cn4-c3ccc(F)cc3F)C[C@@H]12,-4.52960020681656,-4.476195662014515,0.05340454480204482,0.05340454480204482
NNC(=O)c1cccnc1,-0.13719986192156242,-0.524681709015288,-0.3874818470937256,0.3874818470937256
C[C@]12CC[C@@H]3c4ccc(O)cc4CC[C@H]3[C@@H]1CCC2=O,-5.55114787587309,-4.499852094538596,1.0512957813344936,1.0512957813344936
CCCCCCCCCCCO,-4.480440679706785,-4.176821914211425,0.3036187654953597,0.3036187654953597
C#CCCCC,-2.3599997872808642,-2.396895623219832,-0.036895835938967725,0.036895835938967725
CCCCCCC(C)(C)S,-3.990160183963538,-4.832894194986935,-0.8427340110233965,0.8427340110233965
CCN(CC)CCCC(C)Nc1c2ccc(Cl)cc2nc2ccc(OC)cc12,-2.640000025892973,-3.8966483310506494,-1.2566483051576767,1.2566483051576767
CCN(CC)CC(C)O,0.1021114749307479,0.2896776265224368,0.18756615159168888,0.18756615159168888
S=C=NCc1ccccc1,-3.136399927546139,-3.165178435270899,-0.028778507724759983,0.028778507724759983
O=C1NC(=O)C2(CCCCCC2)C(=O)N1,-2.9799999594775173,-2.7521288624897267,0.22787109698779062,0.22787109698779062
CN1CCN=C(c2ccccc2)c2cc(Cl)ccc21,-4.429999848768776,-3.856692852543496,0.5733069962252797,0.5733069962252797
CC1=NN(c2cc(Cl)c(S(=O)(=O)[O-])cc2Cl)C(=O)C1N=Nc1ccc(S(=O)(=O)[O-])cc1,-0.660542565124052,-0.8176083577649478,-0.15706579264089582,0.15706579264089582
O=C(Oc1ccccc1)c1ccccc1O,-3.154768652574607,-3.7481559420494106,-0.5933872894748036,0.5933872894748036
CCCC(=O)n1cnc2c1c(=O)n(C)c(=O)n2C,-1.5299998976526186,-1.8904667033617197,-0.36046680570910117,0.36046680570910117
Clc1cc(-c2cccc(Cl)c2Cl)cc(Cl)c1Cl,-7.405200450485115,-7.838601366865127,-0.43340091638001255,0.43340091638001255
COc1cccc(C(=O)NCO)c1,-1.2899998065072038,-1.434352216296544,-0.14435240978934027,0.14435240978934027
O=C([O-])CN(CCN(CC(=O)[O-])CC(=O)O)CC(=O)O,-0.09135974402919578,-0.5149229302515468,-0.423563186222351,0.423563186222351
S=C=Nc1cccc(Br)c1,-4.085100132326047,-3.8770224914103535,0.20807764091569325,0.20807764091569325
Cc1cc2cc3c(C)cc(=O)oc3c(C)c2o1,-5.280000355611336,-5.140230991422845,0.13976936418849117,0.13976936418849117
CCCCCCCC1N(CCO)C=CN1CCC(=O)[O-],0.21270691879704984,-1.1620621092535648,-1.3747690280506146,1.3747690280506146
O=C([O-])CC(O)(CC(=O)[O-])C(=O)O,0.34541316982186565,-0.10761158480821109,-0.45302475463007674,0.45302475463007674
CNN,1.3365535100665915,1.280748953310939,-0.055804556755652435,0.055804556755652435
O=S(=O)([O-])c1cc(Nc2nc(Nc3ccccc3)nc(N(CC[O-])CC[O-])n2)ccc1/C=C/c1ccc(Nc2nc(Nc3ccccc3)nc(N(CCO)CCO)n2)cc1S(=O)(=O)[O-],-1.8879600656182483,-0.9363368994202046,0.9516231661980437,0.9516231661980437
CCCCOCCOCCOCCCC,-1.8620059680961383,-1.2699883886869903,0.592017579409148,0.592017579409148
Cc1ccc([N+](=O)[O-])c(C)c1,-3.055599628628216,-3.102902849045872,-0.047303220417656,0.047303220417656
Cc1cc(O)c(C2CCCCC2)cc1C(C[C@H](C)c1cc(C2CCCCC2)c(O)cc1C)c1cc(C2CCCCC2)c(O)cc1C,-7.396501994462783,-7.3451893855457655,0.0513126089170175,0.0513126089170175
Cc1cc(C)cc(C)c1,-3.3826570201798174,-3.376722863639764,0.005934156540053248,0.005934156540053248
Fc1ccc2c(c1)CC[C@@H]([C@@H]1CO1)O2,-3.0521010777318174,-2.6422173764813217,0.40988370125049567,0.40988370125049567
O=[N+]([O-])Cc1ccc2ccccc2n1,-2.054500025529422,-3.657400141510783,-1.602900115981361,1.602900115981361
CC1=CCC(C(C)C)CC1,-5.252799668029472,-4.746087827507575,0.5067118405218975,0.5067118405218975
O=C(O)CSc1nc2ccccc2s1,-3.228898007293841,-2.692804170879242,0.5360938364145991,0.5360938364145991
CC(=O)OC1CCC2(C)C(=CCC3C4CCC(=O)C4(C)CCC32)C1,-4.530000208808827,-4.846549749542845,-0.31654954073401775,0.31654954073401775
C=CC(=C)CCC=C(C)C,-4.386099837157747,-4.108512947349661,0.2775868898080862,0.2775868898080862
c1ccc(Oc2ccccc2)cc1,-3.960000061351924,-4.165555053402302,-0.20555499205037764,0.20555499205037764
NC1=NC(N)C(=O)C(=O)N1,-1.69779990524751,-1.3345789105274657,0.3632209947200442,0.3632209947200442
Cn1c(=O)c2c(ncn2CC(O)CO)n(C)c1=O,-0.16999974923370154,-1.0029982390281038,-0.8329984897944023,0.8329984897944023
CC(C)C(Br)C(=O)O,-1.1029998413103677,-0.6968680738607937,0.4061317674495739,0.4061317674495739
CC1(N)CN(c2c(F)cc3c(=O)c(C(=O)O)cn(C4CC4)c3c2Cl)C1,-5.3300000525371685,-4.7296502025044065,0.600349850032762,0.600349850032762
O=C(O)c1ccccc1C(=O)c1ccc(Cl)cc1,-2.717099823288224,-3.5239523408988527,-0.8068525176106287,0.8068525176106287
Cc1c2ccccc2cc2ccccc12,-5.89000008117392,-5.859961836325995,0.03003824484792439,0.03003824484792439
O=S(=O)(O)c1ccc2nc(-c3ccccc3)[nH]c2c1,-2.961106003227124,-2.455053090245219,0.5060529129819051,0.5060529129819051
CCCOP(=O)(OCC)OCCC,-0.9801999198186977,-0.6995587704920117,0.28064114932668605,0.28064114932668605
COC1COC2C(OC)COC12,1.0599920221910648,0.5992112592968346,-0.4607807628942302,0.4607807628942302
O=[N+]([O-])c1ccc(N=Nc2c(O)c(N=Nc3cc([N+](=O)[O-])cc([N+](=O)[O-])c3O)cc(N=Nc3cc(S(=O)(=O)[O-])cc4cc(S(=O)(=O)[O-])cc(O)c34)c2O)cc1,-0.9675668686301857,-2.6763694099345083,-1.7088025413043226,1.7088025413043226
CCC(Cc1c(I)cc(I)c(N)c1I)C(=O)O,-4.57999990573466,-3.5240299810371036,1.055969924697556,1.055969924697556
CCNc1nc(NC(C)C)nc(OC)n1,-2.0696000317240775,-2.7149486220976646,-0.6453485903735872,0.6453485903735872
Nc1ccc(N=Nc2ccc(NS(=O)(=O)c3ccc(N=Nc4c(S(=O)(=O)[O-])cc5cc(S(=O)(=O)[O-])c(N=Nc6ccc([N+](=O)[O-])cc6)c(N)c5c4O)cc3)cc2)c(N)c1,-0.5256785393769712,-1.940445627237229,-1.4147670878602578,1.4147670878602578
Nc1cccc2nc3ccccc3cc12,-4.222000193058615,-2.61443086817631,1.6075693248823049,1.6075693248823049
CCCCCl,-2.02999983448956,-2.001095687767746,0.02890414672181363,0.02890414672181363
O=P(O)(O)CN(CCCCCCN(CP(=O)(O)O)CP(=O)(O)O)CP(=O)(O)O,-1.5160998974347666,-0.5497175825023524,0.9663823149324142,0.9663823149324142
CCCN(CCC)N=O,-1.000599883397446,-1.4295740006414963,-0.4289741172440502,0.4289741172440502
O=S(=O)([O-])c1cc(O)c2ccc3c(S(=O)(=O)[O-])cc(S(=O)(=O)[O-])c4ccc1c2c34,-0.24253537620838062,0.1666708026890107,0.4092061788973913,0.4092061788973913
CC(C)(C)O,1.1300473055490934,0.5135224957275479,-0.6165248098215454,0.6165248098215454
O=C(c1ccccc1)N(O)c1ccccc1,-2.729999939298955,-2.6449812963895925,0.08501864290936245,0.08501864290936245
c1cc[n+]2c(c1)-c1cccc[n+]1CC2,-1.5558498538692882,-0.7793804240939659,0.7764694297753223,0.7764694297753223
O=C(c1ccccc1)c1c(O)cc(O)cc1O,-1.8707998697284272,-3.0674029655392885,-1.1966030958108613,1.1966030958108613
Cc1cc(NS(=O)(=O)c2ccc(N)cc2)nc(C)n1,-2.299999868014695,-2.8724699725630876,-0.5724701045483926,0.5724701045483926
NCc1ccccc1,-1.5299998976526186,-0.4639564928309441,1.0660434048216745,1.0660434048216745
N#Cc1ccccc1C#N,-2.38000002492117,-1.5730801674306316,0.8069198574905383,0.8069198574905383
CCN(CC)C(=O)CSc1ccc(Cl)nn1,-1.715599855876517,-1.7641321886961383,-0.048532332819621216,0.048532332819621216
CCCC(=O)OC1CCC2C3CCC4=CC(=O)CCC4(C)C3CCC12C,-5.93000000434688,-5.318550168042142,0.6114498363047378,0.6114498363047378
COc1ccc(C)cc1S(N)(=O)=O,-1.5299998976526186,-1.9261456940405655,-0.3961457963879469,0.3961457963879469
O=C1CCCCCCCCCCC(=O)OCCO1,-3.5337583938801065,-3.0164525047338016,0.5173058891463049,0.5173058891463049
CCCCCC1CCCC1,-6.086300023677527,-6.071873450788695,0.014426572888831757,0.014426572888831757
CCNc1cccc2ccccc12,-3.192199894906952,-2.889420039732074,0.30277985517487815,0.30277985517487815
Cc1cc(C)c(O)c(C(c2cc(C)cc(C)c2O)C(C)C)c1,-6.167340868997115,-5.546731566782475,0.6206093022146408,0.6206093022146408
O=C(O)c1cc(Oc2ccc(C(F)(F)F)cc2Cl)ccc1[N+](=O)[O-],-3.4790999435919483,-5.0141820544391145,-1.5350821108471662,1.5350821108471662
FC(F)=C(F)Cl,-2.160954109914701,-2.41659140799801,-0.2556372980833088,0.2556372980833088
CC(NC(=O)c1cccc([N+](=O)[O-])c1)C(=O)O,-1.7999998621642976,-1.8277000001288468,-0.027700137964549176,0.027700137964549176
Cc1nn(-c2ccccc2)c(O)c1N=Nc1cc(Cl)c(S([NH-])(=O)=O)cc1O,-2.692470715112137,-2.9186406131506697,-0.2261698980385325,0.2261698980385325
CC1C(NC(=O)/C(=N\OC(C)(C)C(=O)O)c2csc(N)n2)C(=O)N1S(=O)(=O)O,-1.6399998934186295,-1.3780858214918488,0.26191407192678073,0.26191407192678073
CC/C(=C(\c1ccccc1)c1ccc(OCCN(C)C)cc1)c1ccccc1,-8.490000056385222,-5.063653936451754,3.426346119933468,3.426346119933468
O=C(c1ccccc1O)N1CCOCC1,-1.7036998656200046,-1.649438587772409,0.05426127784759571,0.05426127784759571
CCCCN(CC)C(=O)SCCC,-3.4100000480151413,-3.288931570619919,0.1210684773952222,0.1210684773952222
COC(=O)C1(S(=O)(=O)c2ccc([N+](=O)[O-])cc2)CC1,-3.379699897100851,-3.70662523140397,-0.3269253343031191,0.3269253343031191
O=C(Cc1ccccc1)OCc1ccccc1,-3.8632748038903855,-3.9887482376626737,-0.12547343377228826,0.12547343377228826
Cc1ccc(-n2ccc(=O)c(O)c2C)cc1,-3.219999964356112,-2.111887681957371,1.108112282398741,1.108112282398741
CC(C)c1cccc(C(C)C)c1,-6.602799490587868,-5.133099969018247,1.4696995215696216,1.4696995215696216
CC(O)C1(O)CCC2C3CCC4=CC(=O)CCC4(C)C3CCC21C,-4.159999884257097,-4.1483165962531245,0.011683288003972336,0.011683288003972336
C1CSCCS1,-1.6028999156761543,-1.352059052800336,0.2508408628758183,0.2508408628758183
CSC[S+]([O-])CC(CO)NC(=O)C=Cc1c(C)[nH]c(=O)[nH]c1=O,-1.980999866490572,-2.0178924587970974,-0.03689259230652553,0.03689259230652553
NS(=O)(=O)c1cc2c(s1)C(O)CCS2(=O)=O,-1.2799997567005073,-2.22618735407298,-0.9461875973724729,0.9461875973724729
C=CCCCC(C)C,-4.458990055270499,-4.29011564618913,0.16887440908136941,0.16887440908136941
O=P(OCC(Br)CBr)(OCC(Br)CBr)OCC(Br)CBr,-4.940499837902749,-4.624615724913633,0.31588411298911634,0.31588411298911634
CCCCl,-1.453406693532771,-1.6514045050863742,-0.1979978115536032,0.1979978115536032
COc1c2occc2c(CN)c2ccc(=O)oc12,-0.8999996583959047,-2.221941025125042,-1.3219413667291375,1.3219413667291375
COc1cc([N+](=O)[O-])ccc1N,-3.204512792672046,-2.5265079664954477,0.6780048261765983,0.6780048261765983
CCCCOCOCCCC,-2.8068768318572883,-2.3323108985096797,0.47456593334760866,0.47456593334760866
CP(=O)(Oc1ccccc1)Oc1ccccc1,-2.2017084881910907,-2.569751384083972,-0.3680428958928812,0.3680428958928812
OCNC(=S)c1ccccc1,-1.139999887568232,-1.9498578894372751,-0.8098580018690431,0.8098580018690431
Brc1cc2oc3cc(Br)c(Br)cc3c2cc1Br,-6.839500186418179,-7.783460719558338,-0.9439605331401593,0.9439605331401593
CCCN1CCn2c(nc3ccccc3c2=O)C1C,-2.3099998488079354,-2.073493563883804,0.23650628492413128,0.23650628492413128
CCC(OCCCOC)OC(C)=O,-0.016848399829767935,-0.4263863954246787,-0.4095379955949108,0.4095379955949108
CCCCCN(N=Cc1ccc([N+](=O)[O-])o1)C(N)=O,-2.897099907822314,-3.5332836503147496,-0.6361837424924355,0.6361837424924355
COc1ccc(/C=C/C(=O)OCCC(C)C)cc1,-5.491925220657631,-4.990628866045542,0.501296354612089,0.501296354612089
CC(C)OP(=O)(F)OC(C)C,-1.0776999223397945,-0.1767241443542349,0.9009757779855596,0.9009757779855596
O=S(=O)([O-])CCN1CCN(CCS(=O)(=O)O)CC1,-2.7475938157476802,-0.6643856484472797,2.0832081673004006,2.0832081673004006
O=C(O)Cc1ccccc1Nc1c(Cl)cccc1Cl,-4.620257939233895,-3.9016909372564874,0.7185670019774073,0.7185670019774073
CCOC(=O)C(c1c(O)oc2ccccc2c1=O)c1c(O)oc2ccccc2c1=O,-3.4263999226577546,-4.107720810899135,-0.6813208882413804,0.6813208882413804
CCCCOC(=O)n1cnc2c1c(=O)n(C)c(=O)n2C,-1.929999819516789,-2.485490336390296,-0.5554905168735071,0.5554905168735071
CN(c1ccccc1)S(=O)(=O)C1=CC(=O)C2=C(NNc3ccc(NC(=O)CCl)cc3S(=O)(=O)[O-])C(=N)C=CC2=C1,-4.3588571893945,-2.4303370251142913,1.9285201642802083,1.9285201642802083
CC(=O)Oc1ccccc1C(=O)OC[S+](C)[O-],-1.7823999125314243,-1.9358507113219092,-0.15345079879048495,0.15345079879048495
CCCCC(CC)CC(CC)(CC)C(=O)NO,-3.349999852695147,-4.090615825774292,-0.7406159730791453,0.7406159730791453
CC1(C)COC(=O)C2CC=CCC2C(=O)OC1,-3.0041810840558973,-1.4913625761593223,1.512818507896575,1.512818507896575
N#Cc1ccccc1/C=C/c1ccc(/C=C/c2ccccc2C#N)cc1,-4.22063869559425,-5.715703836944767,-1.4950651413505174,1.4950651413505174
Oc1ccc2cc(O)ccc2c1,-2.204999808931816,-2.688456185110288,-0.4834563761784718,0.4834563761784718
Cc1nc2n(c(=O)c1CCCl)CCCC2,0.5797671320867734,-1.4607062467974659,-2.040473378884239,2.040473378884239
Clc1cc(-c2c(Cl)c(Cl)cc(Cl)c2Cl)cc(Cl)c1Cl,-9.10000061010928,-9.075473779875315,0.024526830233964958,0.024526830233964958
O=C(O)COC1CCCC1,-0.8470998780126742,-0.504625846529267,0.34247403148340716,0.34247403148340716
ClC(Br)Br,-1.8999998771370683,-1.6605580358390406,0.2394418412980277,0.2394418412980277
Nc1c(N=Nc2ccc([N+](=O)[O-])cc2)c(S(=O)(=O)[O-])cc2c1C(=O)/C(=N/Nc1ccccc1)C(S(=O)(=O)[O-])=C2,-1.2800592462997715,-1.5087020690084105,-0.228642822708639,0.228642822708639
CC(C)(C)NC(=O)C1N(C(=O)C(O)C(Cc2ccccc2)NC(=O)c2ccc(Cl)cc2)CSC1(C)C,-4.2800002058836295,-3.9764447947410826,0.3035554111425469,0.3035554111425469
CCCCCOC(=O)C(C)c1ccc2cc(OC)ccc2c1,-6.969999663166812,-6.557583530393581,0.41241613277323097,0.41241613277323097
Ic1cccc2ccccc12,-4.550000170395308,-5.011304469368445,-0.4613042989731371,0.4613042989731371
O=c1nc[nH]c2nc[nH]c12,-2.288799881244651,-2.146163767098118,0.1426361141465331,0.1426361141465331
O=[N+]([O-])OC1CCCCCC1O[N+](=O)[O-],-3.0199999257838885,-2.906143854911516,0.1138560708723726,0.1138560708723726
Nc1ccc(N)c2c1C(=O)c1c(N)ccc(N)c1C2=O,-6.951500192145529,-6.173290657085003,0.778209535060526,0.778209535060526
CCOC(=O)c1ccccc1C(=O)c1ccccc1,-3.4052998520723534,-3.698942377403413,-0.2936425253310597,0.2936425253310597
C1CCCNCC1,-0.4899996867250378,-0.35800151376106903,0.13199817296396876,0.13199817296396876
CNCc1cccc2ccccc12,-1.7150986801574264,-2.1615638438004305,-0.44646516364300415,0.44646516364300415
CC(=O)C(N=Nc1cc(C(=O)Nc2cc(Cl)ccc2C)ccc1Cl)C(=O)Nc1cc(C)c(NC(=O)C(N=Nc2cc(C(=O)Nc3cc(Cl)ccc3C)ccc2Cl)C(C)=O)cc1C,-7.263233697850488,-8.581747097195578,-1.3185133993450897,1.3185133993450897
Nc1cccc(Cl)c1,-1.3733681996513645,-1.6816197004360538,-0.3082515007846893,0.3082515007846893
CCCCCOC(=O)c1ccc(N)cc1,-3.349899955717264,-3.603738452570852,-0.2538384968535876,0.2538384968535876
CCCCCCCCCCN,-2.4563998188299525,-2.451771638428733,0.004628180401219595,0.004628180401219595
CCCSCCC,-2.5799998478263424,-2.8399633147997574,-0.259963466973415,0.259963466973415
O=C1c2cccc(S(=O)(=O)O)c2C(=O)c2cccc(S(=O)(=O)O)c21,0.25720017007777063,0.1287161623046713,-0.12848400777309932,0.12848400777309932
CCc1ccccc1Br,-3.670200067236442,-3.4992342743776943,0.1709657928587478,0.1709657928587478
c1cncc([C@@H]2CCCCN2)c1,0.789800200271086,0.01635618238966252,-0.7734440178814235,0.7734440178814235
CCC(=O)OCN1C(=O)NC(c2ccccc2)(c2ccccc2)C1=O,-4.909999893032692,-3.865586685660396,1.0444132073722963,1.0444132073722963
CN1C2CC(OC(=O)C(CO)c3ccccc3)CC1C1OC12,-1.2399998335275466,-1.4950193231507483,-0.25501948962320165,0.25501948962320165
Clc1cc(Cl)c(-c2c(Cl)c(Cl)c(Cl)c(Cl)c2Cl)cc1Cl,-9.500000393946538,-9.688250882970133,-0.18825048902359498,0.18825048902359498
CCN(CC)c1nc(C)cc(OP(=S)(OC)OC)n1,-4.132999887805929,-3.6453226486448655,0.48767723916106354,0.48767723916106354
CC(=O)Oc1ccccc1C(=O)OCC(=O)N(C(C)C)C(C)C,-3.2499999412425606,-2.6701170668545395,0.5798828743880211,0.5798828743880211
O=C(O)Cc1cccc(O)c1,0.817700408245225,-1.187353608582479,-2.005054016827704,2.005054016827704
CC(=O)CCCC(C)CCCC(C)C,-4.005176062755058,-4.658673037398152,-0.6534969746430948,0.6534969746430948
Oc1cccc(Cl)c1Cl,-1.6558999035978206,-1.7689627165510031,-0.11306281295318255,0.11306281295318255
CCOC(=O)CC(NC1CCC(CC2CCC(NC(CC(=O)OCC)C(=O)OCC)C(C)C2)CC1C)C(=O)OCC,-5.06653414403376,-3.6666649219548813,1.3998692220788786,1.3998692220788786
CCCCCCC(C)O,-2.065499942289876,-2.0577838928168757,0.007716049473000197,0.007716049473000197
CCCC(Cl)Cl,-2.4035999009178766,-2.3395869181858027,0.0640129827320739,0.0640129827320739
CCOC(CC(C)O)OCC,0.09090010094042755,-0.18964511968210873,-0.2805452206225363,0.2805452206225363
Brc1ccc(Br)c(Br)c1,-4.808000075138952,-5.0681861881488235,-0.2601861130098717,0.2601861130098717
Nc1c2ccccc2nc2cccc([N+](=O)[O-])c12,-1.8399999233641708,-2.4743999429887342,-0.6344000196245634,0.6344000196245634
O=C1C=CC(=NNc2ccccc2)C=C1,-3.342899989866033,-3.5454853674018683,-0.20258537753583505,0.20258537753583505
CCOCOCOCC,-0.12770002164556926,-0.3160736306750658,-0.1883736090294965,0.1883736090294965
O=C1NC(=O)C2(CCCCCCCCCC2)C(=O)N1,-4.590000231595181,-3.983362565565952,0.6066376660292292,0.6066376660292292
CC(NC(=O)c1ccccc1)C(=O)O,-1.6838999050296581,-1.430244259328333,0.25365564570132504,0.25365564570132504
CCCCCCC(=O)O,-4.167734636376733,-2.001432266393745,2.1663023699829878,2.1663023699829878
CCC(=O)c1ccc(N)cc1,-2.6270000129043596,-1.90324778841383,0.7237522244905297,0.7237522244905297
CCN1CCN(c2cc3c(cc2F)c(=O)c(C(=O)O)cn3C2CC2)CC1,-3.180000023929787,-4.3123916715618416,-1.1323916476320544,1.1323916476320544
CCOC(=O)C(Cl)Cc1cc(-n2nc(C)n(C(F)F)c2=O)c(F)cc1Cl,-4.27269982445746,-4.457273276533499,-0.18457345207603915,0.18457345207603915
O=C(O)c1ccc(O)cc1O,-1.409999852079911,-1.2902085031988217,0.11979134888108933,0.11979134888108933
O=C1NC(=O)C(c2ccccc2)(c2ccccc2)C(=O)N1,-4.199999807430057,-3.736549189968389,0.46345061746166794,0.46345061746166794
Cc1cc(Cl)c(O)c(Cl)c1,-1.4201999028827414,-2.2937838260126995,-0.873583923129958,0.873583923129958
N#CCC(=O)Nc1ccccc1,-2.7274998923405525,-2.1376453671830706,0.5898545251574818,0.5898545251574818
CCN1C=CC(=CC=Cc2cc[n+](CC)c3ccccc23)c2ccccc21,-2.681600026048461,-1.5853038307968295,1.0962961952516317,1.0962961952516317
NC(CSCCSCC(N)C(=O)O)C(=O)O,-2.849999838218068,-1.8893359178815077,0.9606639203365601,0.9606639203365601
CCCCCCNC(=O)COC(=O)c1ccccc1,-3.901999910499997,-3.3556849051649635,0.5463150053350336,0.5463150053350336
c1ccc(OCC2CO2)cc1,-1.7963921147267898,-1.9823716469599144,-0.18597953223312458,0.18597953223312458
Nc1ccc(S(N)(=O)=O)cc1,-1.3399999175137736,-1.310859537731309,0.02914037978246453,0.02914037978246453
CCOC(=O)CCC(=O)OCC,-0.959999819209171,-0.6923544557969046,0.2676453634122664,0.2676453634122664
CCC(C)C,-3.1630000600319517,-3.5913313514380136,-0.42833129140606196,0.42833129140606196
Cc1ccc(C(C)C)cc2c(C)ccc1-2,-5.4752002236227515,-6.10836279747051,-0.6331625738477582,0.6331625738477582
CC(C)CCCCCCCO,-1.6216563928084107,-3.249745557642923,-1.6280891648345122,1.6280891648345122
CC(=O)N(c1onc(C)c1C)[S+]([O-])c1ccc(N)cc1,-3.5899998748271056,-2.3966604943744807,1.1933393804526249,1.1933393804526249
CC[N+](CC)(CC(=O)Nc1c(C)cccc1C)Cc1ccccc1,-1.0209584389024606,-1.2472114636490135,-0.22625302474655284,0.22625302474655284
c1cc2c3c(cccc3c1)CC2,-4.630000154768142,-4.17947009855361,0.45053005621453224,0.45053005621453224
Clc1cc(Cl)c(Cl)c(-c2c(Cl)c(Cl)c(Cl)c(Cl)c2Cl)c1,-9.420000547600615,-9.806989914670735,-0.3869893670701199,0.3869893670701199
Clc1ccc(-c2cc(Cl)c(Cl)c(Cl)c2Cl)c(Cl)c1,-8.320000037832857,-8.620858403106213,-0.3008583652733563,0.3008583652733563
CCOC(=O)C(C)OC(=O)c1cc(Oc2ccc(C(F)(F)F)cc2Cl)ccc1[N+](=O)[O-],-6.623038928867441,-5.742662701376027,0.8803762274914142,0.8803762274914142
O=C(O)c1c(O)ccc2ccccc12,-3.1284000429810583,-3.248272051339108,-0.11987200835804979,0.11987200835804979
NCC(CC(=O)O)c1ccc(Cl)cc1,-1.699999916204983,-1.7910771124092404,-0.09107719620425736,0.09107719620425736
Cc1[nH]c(=O)[nH]c(=O)c1CC(=O)O,-2.3099998488079354,-1.5324286192040144,0.777571229603921,0.777571229603921
Cc1ccc(N)c(S(=O)(=O)O)c1,-1.4942008235599449,-1.3216880250665048,0.17251279849344003,0.17251279849344003
CC(=O)C1CCC2C3CCC4=CC(=O)CC(O)C4(C)C3CCC12C,-3.819999916165824,-4.52673780470626,-0.7067378885404358,0.7067378885404358
Cc1ccn[nH]1,1.0856252761551946,0.6795197338189851,-0.40610554233620944,0.40610554233620944
Cc1ccnc2c1ccc1c(C)ccnc12,-3.968600035172227,-3.482373596887881,0.486226438284346,0.486226438284346
CCOC(=O)C(=O)OCC,-0.6084997938401973,-0.6106835176220016,-0.0021837237818043143,0.0021837237818043143
CC1(C)C(C=C(Cl)Cl)C1C(=O)OCc1cccc(Oc2ccccc2)c1,-6.290000141065002,-6.913795932580365,-0.6237957915153629,0.6237957915153629
Nc1ccc(Cl)cc1[N+](=O)[O-],-2.5380000182122266,-3.111185585261282,-0.5731855670490553,0.5731855670490553
[NH3+]c1cc([N+](=O)[O-])cc(Cl)c1O,-2.699029840258381,-2.09252485259874,0.6065049876596409,0.6065049876596409
O=S(=O)([O-])CS(=O)(=O)[O-],0.1255001352446845,0.5678645193189245,0.44236438407423995,0.44236438407423995
CNC(=O)Oc1cc(C)c(SC)c(C)c1,-3.921400076138444,-3.2096157166386226,0.7117843594998217,0.7117843594998217
Clc1cc(-c2ccccc2)c(Cl)c(Cl)c1Cl,-7.160000333440218,-7.542469043073913,-0.38246870963369517,0.38246870963369517
CC1CCCCC1NC(=O)Nc1ccccc1,-4.110799777235063,-3.6700484446731205,0.44075133256194254,0.44075133256194254
Nc1cnc2cncnc2n1,-2.3099998488079354,-1.8130326392912526,0.49696720951668283,0.49696720951668283
CC(Cl)C(C)(C)O,-0.29259966972923745,-0.2270771901759283,0.06552247955330914,0.06552247955330914
CC1CCCCC1O,-0.8644958238689529,-1.1120671052427555,-0.2475712813738027,0.2475712813738027
CCOc1no[n+]([O-])c1S(=O)(=O)c1ccccc1,-4.239999730603018,-3.147031761037828,1.0929679695651902,1.0929679695651902
Cc1ccc2cc3c(ccc4ccccc43)cc2c1,-6.816199863328207,-7.335395271892439,-0.5191954085642321,0.5191954085642321
CC(C)OC(C)C,-1.516592653512198,-1.2138165423173202,0.3027761111948779,0.3027761111948779
[O-][S+](CCCl)CC[S+]([O-])CCCl,-2.039999884296256,-1.178503046902631,0.8614968373936251,0.8614968373936251
CCCCN(CCCC)SN(C)C(=O)Oc1cccc2c1OC(C)(C)C2,-6.103300246375824,-5.449066760127918,0.6542334862479056,0.6542334862479056
Nc1cnn(CCO)c1N,0.4442597629007832,-0.8723245723159647,-1.316584335216748,1.316584335216748
C=CC(=C)CC/C=C(\C)CCC=C(C)C,-6.310389752625317,-5.790932368981264,0.5194573836440535,0.5194573836440535
COc1cc([C@@H]2c3cc4c(cc3[C@H](O)[C@H]3COC(=O)[C@@H]23)OCO4)cc(OC)c1OC,-3.617399873270541,-3.8010304635076637,-0.1836305902371227,0.1836305902371227
CC(C)COC(=O)c1ccc(N)cc1,-2.943700011599624,-2.9771958737377253,-0.033495862138101185,0.033495862138101185
Clc1cccc(-c2c(Cl)cccc2Cl)c1,-6.824500249735046,-5.905381248189228,0.9191190015458188,0.9191190015458188
O=c1[nH]c(=O)[nH]c(=O)[nH]1,-1.8076459319926876,-2.261792914434405,-0.45414698244171725,0.45414698244171725
CCCCCCCc1ccccc1,-5.595900065641558,-5.83769008978757,-0.24179002414601136,0.24179002414601136
O=C(Nc1ccccc1)n1cc(F)c(=O)[nH]c1=O,-1.6183997858361652,-2.982229171753655,-1.36382938591749,1.36382938591749
COc1cc(N=Nc2cccc(S(=O)(=O)[O-])c2)ccc1NC(=O)Nc1ccc(N=Nc2cccc(S(=O)(=O)[O-])c2)cc1OC,-0.7148754789392067,-0.6998701592064891,0.01500531973271757,0.01500531973271757
OC(=S)CCCCCCCC(O)=S,-2.39000000571441,-2.42010885132805,-0.030108845613640245,0.030108845613640245
CC(Oc1cc(Cl)c(Cl)cc1Cl)C(=O)O,-3.5499999516541445,-3.279723001635915,0.2702769500182294,0.2702769500182294
O=C(O)/C(S)=C/c1ccccc1,-2.959999976324332,-2.142274789826502,0.8177251864978299,0.8177251864978299
Clc1ccc(Oc2ccccc2)cc1,-4.792500066952028,-4.911808045585733,-0.11930797863370479,0.11930797863370479
CC(c1ccccc1)c1cc(C(=O)[O-])c(O)c(C(C)c2ccccc2)c1,-3.924409131843219,-4.967426542063407,-1.0430174102201883,1.0430174102201883
CC(C)(O)C(=O)c1ccc(Cc2ccc(C(=O)C(C)(C)O)cc2)cc1,-4.536378432432947,-3.578092707171146,0.9582857252618013,0.9582857252618013
CC1(C)[C@H](C(=O)OCc2cccc(Oc3ccccc3)c2)[C@@H]1C=C(Cl)Cl,-6.9900000388340295,-6.913795656526542,0.0762043823074876,0.0762043823074876
CCCCC(CC)COC(=O)/C=C/C(=O)OCC(CC)CCCC,-5.456575424164968,-6.280809205019063,-0.8242337808540947,0.8242337808540947
CCCCCCCCOC(=O)CCCCCCC,-6.709998644246529,-6.414558111340494,0.295440532906035,0.295440532906035
CC1=CS(=O)(=O)c2ccccc21,-2.6700000027794215,-2.538911444421834,0.13108855835758737,0.13108855835758737
CC1=CCC(CCC(C)CO)C1(C)C,-3.8427464752830627,-3.5531779522997526,0.28956852298331004,0.28956852298331004
NS(=O)(=O)c1cccc(S(N)(=O)=O)c1,-2.1692999761891913,-1.1187763174029197,1.0505236587862716,1.0505236587862716
CCOC(=O)CC(C)=O,-0.07299968018948366,-0.17705761737470382,-0.10405793718522016,0.10405793718522016
CCCCCCOC(=O)CCOCC,-2.8289000350598092,-2.721623224009533,0.10727681105027642,0.10727681105027642
CN(C)CC(O)c1ccc(Cl)c2ccccc12,-1.219999871941066,-2.4892634055621854,-1.2692635336211193,1.2692635336211193
CO/N=C(\C(=O)OC)c1ccccc1COc1ccccc1C,-5.190000045377981,-4.64017467059217,0.5498253747858106,0.5498253747858106
CC1CCC(C(C)C)CC1,-5.354573259813715,-5.246897637253291,0.10767562256042407,0.10767562256042407
COc1ccc(C(=O)Nc2ccccc2)cc1N,-3.8658001442804935,-3.9157282742522224,-0.04992812997172891,0.04992812997172891
C=CC(=O)OCCCO,0.8855792832478087,-0.00037764836761366993,-0.8859569316154223,0.8859569316154223
CCCCCCC#CC(=O)OC,-3.651887622681524,-3.538960283142907,0.11292733953861722,0.11292733953861722
Clc1cc(Cl)c(Oc2cc(Cl)c(Cl)cc2Cl)cc1Cl,-8.360000237059642,-8.57937137797856,-0.21937114091891807,0.21937114091891807
Cc1[nH]c(=O)n(C(C)(C)C)c(=O)c1Cl,-2.484499855266585,-2.3853774844166007,0.09912237084998443,0.09912237084998443
CCOP(=O)(N=C1SCC(C)S1)OCC,-3.674400088155255,-2.3912539112005233,1.2831461769547317,1.2831461769547317
O=C(C1CC1)N(O)C1CCCCC1,-2.039999884296256,-2.526426013016183,-0.48642612871992696,0.48642612871992696
O=c1oc2ccc(Cl)cc2n1CO,-2.6999999796658702,-3.005951382728199,-0.3059514030623287,0.3059514030623287
O=C(O)CC(=O)c1ccccc1[N+](=O)[O-],-1.8433998712849915,-1.795209638167867,0.04819023311712445,0.04819023311712445
ClC1=C(Cl)C(Cl)(Cl)C(Cl)(Cl)C1(Cl)Cl,-6.536200125063656,-6.0503771394443895,0.48582298561926684,0.48582298561926684
CC(C)OC(=O)C(F)(F)F,-1.336078572931189,-1.1882380850374314,0.1478404878937576,0.1478404878937576
NC1CCCCC1,1.003589256796873,-0.2923835195843476,-1.2959727763812205,1.2959727763812205
CC(C)CCC1(CCO)C(=O)NC(=S)NC1=O,-2.5599998517331337,-2.4900800762963993,0.06991977543673444,0.06991977543673444
CC(Br)CCl,-1.847599892203804,-2.065984899846754,-0.21838500764294988,0.21838500764294988
CCCC1CCCC1,-4.740399876472596,-4.90497309090833,-0.16457321443573392,0.16457321443573392
Cc1ccccc1Br,-2.2299999334485574,-3.2074518687322104,-0.977451935283653,0.977451935283653
Ic1ccccc1,-3.009999936363966,-3.394491758213471,-0.38449182184950503,0.38449182184950503
COCCc1ccc(OCC(O)CNC(C)C)cc1,-1.19919990637005,-1.426741412344284,-0.22754150597423406,0.22754150597423406
CCCCCCCC/C=C/CCCCCCCC(=O)NCCCN(C)C,-4.149259596118954,-4.684970200811147,-0.5357106046921931,0.5357106046921931
NS(=O)(=O)c1cc2c(s1)C(=O)CCS2,-3.489999997881247,-2.662318546301353,0.827681451579894,0.827681451579894
Cc1ncc([N+](=O)[O-])[nH]1,-1.629999843611933,-1.1451477392948097,0.4848521043171232,0.4848521043171232
CC(CCC(=O)O)C1CCC2C3C(O)CC4CC(O)CCC4(C)C3CC(O)C12C,-3.6300000740538914,-4.232086095604853,-0.6020860215509614,0.6020860215509614
COC(=O)c1ccccc1,-1.8117981955997937,-1.7908410863889581,0.0209571092108356,0.0209571092108356
CN(O)C(=O)c1ccc([N+](=O)[O-])cc1,-2.8699998192145824,-1.86017165944319,1.0098281597713923,1.0098281597713923
CCCOC(=O)C(C)c1ccc2cc(OC)ccc2c1,-5.820000284634695,-5.808785321944651,0.011214962690043961,0.011214962690043961
FC(F)(F)/C(=N/OCC1OCCO1)c1ccc(Cl)cc1,-4.013800122271582,-3.8788796435173114,0.1349204787542706,0.1349204787542706
CCCn1c(=O)c2c(ncn2C)n(C)c1=O,-1.2081998131691642,-1.2122586325565448,-0.004058819387380508,0.004058819387380508
O=c1[nH]cc(F)c(=O)[nH]1,-1.0688998785099015,-1.3206376402627926,-0.2517377617528911,0.2517377617528911
COc1ccc(C(=O)Nc2ccccc2)cc1N/N=C1\C(=O)C(C(=O)Nc2cc(Cl)ccc2C)=Cc2ccccc21,-7.75207063912992,-8.198869275793394,-0.4467986366634733,0.4467986366634733
C=C(C)C(=C)C,-2.4013999934805876,-2.3792506768135016,0.022149316667086083,0.022149316667086083
Cn1nc(S(N)(=O)=O)sc1=NS(=O)(=O)c1ccc(N)cc1,-2.4999999324669644,-2.5362815486455488,-0.036281616178584386,0.036281616178584386
CCNC(C)C(=O)O,0.6522003430924177,-0.011458448898760576,-0.6636587919911783,0.6636587919911783
CCOP(=S)(OCC)Oc1ccc([S+](C)[O-])cc1,-2.299999868014695,-2.874194748234328,-0.574194880219633,0.574194880219633
COCCOCCOCCOC,0.7490242897963548,0.7933289963146746,0.04430470651831975,0.04430470651831975
CCNCC,1.1358513372174381,0.7899467848521033,-0.3459045523653348,0.3459045523653348
Clc1ccc(N=Nc2ccccc2)cc1,-5.702300043477159,-6.08405404975821,-0.38175400628105116,0.38175400628105116
O=C(O)CC(O)CCC1=CCCC1=O,-0.39999979057241974,-1.186595978860064,-0.7865961882876442,0.7865961882876442
CON(C)C(=O)Nc1ccc(Cl)cc1,-2.4699999555805157,-2.822004236394064,-0.3520042808135484,0.3520042808135484
CC12CCC3C(CCC4CC(O)CCC43C)C1CCC2=O,-4.400000113429424,-4.8526265223901826,-0.4526264089607581,0.4526264089607581
C=CCC(CC)(C(=O)NC(N)=O)C(=O)OC,-1.9199998387235486,-1.999313760328071,-0.07931392160452244,0.07931392160452244
Clc1ccc(Oc2c(Cl)c(Cl)cc(Cl)c2Cl)c(Cl)c1Cl,-9.090000836356408,-9.31427524531305,-0.2242744089566422,0.2242744089566422
CCCN(CC1CC1)c1c([N+](=O)[O-])cc(C(F)(F)F)cc1[N+](=O)[O-],-6.540700078463214,-6.7770562591200605,-0.2363561806568466,0.2363561806568466
CCCCC(CC)COC(=O)C(C)O,-2.673525727724208,-2.45858019545913,0.21494553226507795,0.21494553226507795
S=C=Nc1ccc2ccccc2c1Br,-4.32000012905659,-5.42571867972624,-1.1057185506696499,1.1057185506696499
CCC(=O)c1cccc(Cl)c1,-1.846705408797699,-2.6619992210394097,-0.8152938122417106,0.8152938122417106
CC(C)(C)NC(=O)[C@@H]1C[C@@H]2CCCC[C@H]2C[NH2+]1,-2.161609323668081,-1.4714259689256546,0.6901833547424265,0.6901833547424265
CCC(=O)Nc1cccc(Nc2cc(S(=O)(=O)[O-])c(N)c3c2C(=O)c2ccccc2C3=O)c1,-2.6879469520701833,-2.310582391391913,0.3773645606782705,0.3773645606782705
CC(=O)Nc1ccc2c(c1)C(=O)/C(=N/Nc1ccc(S(=O)(=O)CCOS(=O)(=O)[O-])cc1)C(S(=O)(=O)[O-])=C2,-0.6794071173287533,-0.8021601096701918,-0.12275299234143855,0.12275299234143855
CN(Cc1cnc2nc(N)nc(N)c2n1)c1ccc(C(=O)NC(CCC(=O)O)C(=O)O)cc1,-3.9999999845248846,-2.9547549967848026,1.045244987740082,1.045244987740082
O=C(c1ccccc1)c1cccc(N=C=S)c1,-5.4000001251302185,-4.409307544189468,0.9906925809407507,0.9906925809407507
O=C([O-])C(=O)O,-0.7096902219193564,-0.2469643837749409,0.4627258381444155,0.4627258381444155
Cc1ccnc2c1NC(=O)c1cccnc1N2C1CC1,-3.1900000047230272,-3.509304372842457,-0.31930436811942986,0.31930436811942986
O=c1[nH]c(=O)n(C2CC(O)C(CO)O2)cc1C(F)(F)F,-0.7099998162839722,-1.6919040856823886,-0.9819042693984164,0.9819042693984164
c1ccc2c(c1)-c1ccc3ccc4cccc5cc-2c1c3c45,-9.162700163249248,-8.525627563025724,0.6370726002235241,0.6370726002235241
CC(=O)OCC(=O)[C@@]1(O)[C@H](OC(C)=O)C[C@H]2[C@@H]3CCC4=CC(=O)C=C[C@]4(C)[C@@]3(F)[C@@H](O)C[C@@]21C,-4.1297002164370005,-4.599857009466759,-0.47015679302975855,0.47015679302975855
CCC1(CC)CCC(=O)N(CO)C1=O,-3.960000061351924,-1.4984008444787573,2.4615992168731666,2.4615992168731666
CC(=O)Nc1ccc([N+](=O)[O-])cc1,-2.6899999816192657,-2.259453772349186,0.4305462092700796,0.4305462092700796
O=C(O)C(S)CS,-0.2373999469039232,-0.17267664317367482,0.06472330373024837,0.06472330373024837
CCCCOCCCC,-2.637599875912453,-2.1479425199188062,0.4896573559936468,0.4896573559936468
CCC(C)n1c(=O)[nH]c(C)c(Br)c1=O,-2.505700029870238,-2.034050372262193,0.47164965760804467,0.47164965760804467
O=C1c2ccccc2C(=O)C1c1ccc2cc(S(=O)(=O)[O-])cc(S(=O)(=O)[O-])c2n1,-0.3778368092410016,-0.8466568116237232,-0.4688200023827216,0.4688200023827216
CCCCCCCCOC(=O)/C=C/C(=O)OCCCCCCCC,-6.3560311117637625,-6.443031959162758,-0.08700084739899516,0.08700084739899516
O=C(O)CCCCCCCC(=O)O,-1.8944612712213567,-1.8137292611183664,0.08073201010299025,0.08073201010299025
NC(=O)N(CCO)/N=C/c1ccc([N+](=O)[O-])o1,-2.6851999059519596,-2.125918393661309,0.5592815122906507,0.5592815122906507
CC(C)C,-2.9776040883312835,-3.5208800688681783,-0.5432759805368947,0.5432759805368947
COc1c(Cl)c(Cl)c(Cl)c(Cl)c1OC,-5.239400015369236,-5.738818927918237,-0.4994189125490003,0.4994189125490003
Clc1ccc(-c2c(Cl)cc(Cl)c(Cl)c2Cl)cc1,-7.950000127361863,-7.950764244349163,-0.0007641169873000564,0.0007641169873000564
COc1cc2c(cc1OC)[C@@]13CCN4CC5=CCOC6CC(=O)N2C1[C@H]6[C@H]5C[C@H]43,-2.090899861758516,-3.0059327922284287,-0.9150329304699127,0.9150329304699127
CN(C)CC[C@@H](c1ccc(Cl)cc1)c1ccccn1,-2.6700000027794215,-2.95278339017404,-0.2827833873946184,0.2827833873946184
COC1=CC=C2[C@H]3Cc4ccc(OC)c5c4[C@@]2(CCN3C)[C@H]1O5,-2.6609999407000307,-2.366512518131162,0.2944874225688685,0.2944874225688685
CCOCCNCc1cc2cc(S(N)(=O)=O)oc2s1,-0.9199998960362101,-2.2579997278400263,-1.3379998318038162,1.3379998318038162
O=C(NCCO)c1cc(O)ccc1O,-0.5435999536889309,-1.319529560209678,-0.775929606520747,0.775929606520747
Nc1ccc2ccccc2c1,-2.8794998471209095,-3.152021330402558,-0.2725214832816487,0.2725214832816487
CC(C)(c1ccccc1)c1ccc(O[P@]2OCC3(CO[P@@](Oc4ccc(C(C)(C)c5ccccc5)cc4C(C)(C)c4ccccc4)OC3)CO2)c(C(C)(C)c2ccccc2)c1,-7.231973914827419,-8.232970204782246,-1.000996289954827,1.000996289954827
ClCCSCCCl,-2.3665999581801964,-2.3026849745559588,0.06391498362423764,0.06391498362423764
Cc1ccc(C(N)=O)c(O)c1,-2.9169999918409464,-1.869726641470705,1.0472733503702414,1.0472733503702414
COc1cc(N=Nc2c(Cl)cc([N+](=O)[O-])cc2[N+](=O)[O-])c(NC(C)=O)cc1N(CCOC(C)=O)CCOC(C)=O,-5.463099956316279,-6.389665509788548,-0.926565553472269,0.926565553472269
C#CC(C)(O)CC,0.016732167699164968,0.09529432572505137,0.0785621580258864,0.0785621580258864
Clc1cc(Cl)c(-c2c(Cl)ccc(Cl)c2Cl)c(Cl)c1Cl,-8.150099950765103,-8.779234899307694,-0.6291349485425908,0.6291349485425908
Nc1cccc2ccc(S(=O)(=O)O)cc12,-1.6822791930237198,-2.204116022611426,-0.5218368295877063,0.5218368295877063
C/C=C\C,-1.9301998895263792,-2.444381884576755,-0.5141819950503757,0.5141819950503757
Clc1ccc(Oc2c(Cl)c(Cl)c(Cl)c(Cl)c2Cl)cc1,-8.939999813202137,-9.147058401423243,-0.20705858822110557,0.20705858822110557
CC(C)c1ccc(S(=O)(=O)O)cc1,0.6127514233539406,-0.9597962295133136,-1.5725476528672542,1.5725476528672542
CC(C)c1ccc2c(c1)CC[C@H]1[C@](C)(C(=O)O)CCC[C@]21C,-4.658199881142289,-4.375546713512881,0.28265316762940795,0.28265316762940795
[O-][S+](Cc1ccccc1)Cc1ccccc1,-2.858808689890311,-2.4976287681380587,0.3611799217522522,0.3611799217522522
O=[N+]([O-])c1ccc(Cl)cc1,-2.8118285473412805,-3.046379258343198,-0.23455071100191738,0.23455071100191738
Cc1ccc(Sc2ccc(C(=O)c3ccccc3)cc2)cc1,-7.615408536794408,-6.379139025337784,1.2362695114566247,1.2362695114566247
OCCNc1ccc2c(c1)OCO2,0.2728976947764039,-1.38946710661139,-1.6623648013877939,1.6623648013877939
Cn1c(=O)[nH]c2c(=O)[nH]c(=O)[nH]c21,-3.940000030751987,-2.948949209586665,0.991050821165322,0.991050821165322
CCOC(=O)C(CC(=O)O)=C(c1ccccc1)c1ccccc1,-2.19079987623322,-3.229865852003911,-1.0390659757706913,1.0390659757706913
S=c1[nH]c2cncnc2[nH]1,-2.524300018990509,-2.8664636020677796,-0.3421635830772707,0.3421635830772707
Cc1cc(N(CCO)CCO)ccc1N=Nc1ccc([N+](=O)[O-])cc1Cl,-6.570000431437203,-4.970022414205776,1.599978017231427,1.599978017231427
CCCCCCCC(=O)CC(=O)c1ccccc1,-5.883696668136346,-4.864171369400972,1.019525298735374,1.019525298735374
C=CC(C)CCCC(C)(C)OC(C)=O,-4.030164247943873,-3.385074181977296,0.6450900659665768,0.6450900659665768
NC(Cc1ccc(O)c(O)c1)C(=O)OC1CCCCC1,-1.2699998449207233,-1.8846611533973379,-0.6146613084766146,0.6146613084766146
CCOC(=O)C1=C(COCCN2C(=O)c3ccccc3C2=O)NC(C)=C(C(=O)OC)C1c1ccccc1Cl,-4.5011267730750335,-4.76779752845852,-0.26667075538348683,0.26667075538348683
CC(C)c1ccc(S(=O)(=O)[O-])cc1,0.3334550702352135,-0.2607394696370289,-0.5941945398722424,0.5941945398722424
CCCCCC1CC(=O)C=C(C)C1C(=O)OCC,-3.187166398477336,-3.449803662411876,-0.26263726393454023,0.26263726393454023
O=C1OC(=O)C2C1C1(Cl)C(Cl)=C(Cl)C2(Cl)C1(Cl)Cl,-5.171235148604065,-4.763811311227086,0.40742383737697896,0.40742383737697896
O=C(O)CCC(=O)OOC(=O)CCC(=O)O,-0.8470998780126742,-0.4349832636394515,0.41211661437322267,0.41211661437322267
O=C(O)CC(Br)C(=O)O,-0.2149998353369229,0.13794408956314586,0.35294392490006876,0.35294392490006876
CNc1ccc(/C=C/c2ccc(Nc3nc(Nc4ccc(S(=O)(=O)[O-])cc4)nc(N4CCOCC4)n3)cc2S(=O)(=O)[O-])c(S(=O)(=O)[O-])c1,-0.484335614345913,-0.5881638747488238,-0.10382826040291082,0.10382826040291082
CC(=O)Oc1ccccc1C(=O)OCC(=O)N(C)C,-1.5499998592390989,-1.397187227878307,0.15281263136079182,0.15281263136079182
CC(C)=CCC/C(C)=C/C=O,-2.411668195071438,-2.2980176635250613,0.1136505315463765,0.1136505315463765
CCCCCCCCCCCC(=O)N(CCCC)CCCC,-7.016412040638178,-6.60149596442673,0.41491607621144766,0.41491607621144766
CCC(C)n1ccc(NS(=O)(=O)c2ccc(N)cc2)nc1=O,-2.7599999161854036,-3.32835740535729,-0.5683574891718863,0.5683574891718863
Cc1c(C)c2c(c(C)c1O)CC[C@@](C)(CCC[C@H](C)CCC[C@H](C)CCCC(C)C)O2,-8.520248930301538,-6.846526860476969,1.673722069824569,1.673722069824569
Clc1cc(-c2ccc(Cl)c(Cl)c2Cl)cc(Cl)c1Cl,-9.10000061010928,-8.570208599422761,0.5297920106865188,0.5297920106865188
CC=CCC1(C)C(=O)NC(=O)N(C)C1=O,-1.544499900858872,-1.5837657969114463,-0.039265896052574245,0.039265896052574245
Cc1cc(C(=O)CC(C)C)ccc1O,-1.9799999305233587,-2.9718479174948293,-0.9918479869714707,0.9918479869714707
CC(C)N(N=O)C(C)C,-1.000599883397446,-1.3154717070106845,-0.3148718236132384,0.3148718236132384
CN1C(=O)c2ccc3c4ccc5c6c(ccc(c7ccc(c2c37)C1=O)c64)C(=O)N(C)C5=O,-7.718510223530204,-6.643474917470338,1.075035306059866,1.075035306059866
CC[C@H](C)[C@H](N)C(=O)O,-0.502953512458074,-0.7984608503897324,-0.2955073379316584,0.2955073379316584
CCC1(C/C=C2\CCCc3cc(OC)ccc32)C(=O)CCC1=O,-4.172504432390122,-3.4673831495549794,0.7051212828351425,0.7051212828351425
COc1cc([N+](=O)[O-])c(OC)cc1Cl,-3.1793124256120744,-3.664378506150217,-0.4850660805381426,0.4850660805381426
C=CC(=C)CCCC(C)(C)OC(C)=O,-3.5974164059000984,-3.027507796166192,0.5699086097339063,0.5699086097339063
COc1ccc(C2Sc3ccccc3N(CCN(C)C)C(=O)C2OC(C)=O)cc1,-2.94999998690441,-3.6123932230753955,-0.6623932361709857,0.6623932361709857
NC(=O)C(N)C(O)C(=O)O,-1.1493997963596143,-0.7075023573301786,0.4418974390294357,0.4418974390294357
O=S1(=O)CCCC1,-0.07980661540365963,-0.38214021231723594,-0.3023335969135763,0.3023335969135763
CC1CCCC(C)(C)C1,-4.853200024211395,-4.682972675334232,0.1702273488771633,0.1702273488771633
COc1ccccc1OCCNCC(O)COc1cccc2[nH]c3ccccc3c12,-4.2600002442971485,-4.6787250351306255,-0.418724790833477,0.418724790833477
CC1=CC[C@H]2C[C@@H]1C2(C)C,-4.772570637117807,-4.6422903471061385,0.13028029001166885,0.13028029001166885
O=CC1CO1,1.1423002306207297,0.5524463610910817,-0.589853869529648,0.589853869529648
O=C(O)C(Br)=C(Cl)Br,-1.0070998467583425,-0.8016654212159859,0.20543442554235658,0.20543442554235658
C1CCC(NCCNC2CCCCC2)CC1,-0.9799999188225639,-1.7291592056744527,-0.7491592868518888,0.7491592868518888
NCC(=O)NCC(=O)Nc1ccc(S(=O)(=O)Nc2nnc(S(N)(=O)=O)s2)cc1,-1.2899998065072038,-1.8344698061035747,-0.5444699995963709,0.5444699995963709
CCN(CC)C(=O)c1cccnc1,0.7490002731135896,-0.590244768480856,-1.3392450415944457,1.3392450415944457
CCCCOCCOCCOCCO,0.6855001638814358,0.21566373131546346,-0.4698364325659723,0.4698364325659723
Cc1occc(=O)c1O,-1.0629997801104945,-0.195107120661413,0.8678926594490814,0.8678926594490814
CC(C)CCCC(C)C1CCC2C3CCC4CC(C)(CCC=C(c5cc(Cl)c(O)c(C(=O)O)c5)c5cc(Cl)c(O)c(C(=O)O)c5)CCC4(C)C3CCC12C,-8.460000735126606,-6.555096837538958,1.9049038975876478,1.9049038975876478
Clc1ccc(-c2cc(Cl)c(Cl)c(Cl)c2)cc1Cl,-8.390000662533556,-8.032778179401493,0.3572224831320625,0.3572224831320625
C=CC(=O)OCCn1c(=O)n(CCOC(=O)C=C)c(=O)n(CCOC(=O)C=C)c1=O,-2.451419255721259,-2.0633346451008827,0.38808461062037614,0.38808461062037614
COP(=O)(OC)OC(Br)C(Cl)(Cl)Br,-2.27969997394747,-1.5159948589543955,0.7637051149930747,0.7637051149930747
COC(=O)c1ccccc1S(=O)(=O)NC(=O)N(C)c1nc(C)nc(OC)n1,-3.8980998910753857,-3.1974672779397078,0.7006326131356779,0.7006326131356779
CCCCNC(=O)OCC(C)(CCC)COC(N)=O,-2.739999937345559,-2.9413846360233924,-0.20138469867783337,0.20138469867783337
CCCn1c(=O)c2[nH]c(C3CCCC3)nc2n(CCC)c1=O,-4.960000142066175,-4.542554308603421,0.41744583346275377,0.41744583346275377
CCCCCCCCOC(=O)c1ccc(N)cc1,-5.3998999175917834,-5.059370685304737,0.34052923228704657,0.34052923228704657
O=C(OCc1ccccc1)c1ccccc1O,-4.41392233598018,-3.692842485048241,0.7210798509319392,0.7210798509319392
Oc1c(Cl)cc(Cl)cc1Cl,-2.392399948654561,-2.515810225153066,-0.12341027649850522,0.12341027649850522
O=C(O)C(O)c1ccccc1,-0.032126598768390746,-0.8376193615044238,-0.8054927627360331,0.8054927627360331
C=C(C)C(=O)OCCC(F)(F)C(F)(F)C(F)(F)C(F)(F)C(F)(F)C(F)(F)F,-6.058169034705779,-6.352539030878884,-0.29436999617310455,0.29436999617310455
Nc1ccc(O)cc1[N+](=O)[O-],-1.833764557594433,-2.173753000438517,-0.3399884428440838,0.3399884428440838
C1CCOCC1,-0.03099974705518349,-1.1337247700477098,-1.1027250229925263,1.1027250229925263
CCC(C(=O)NC(N)=O)(C(=O)OC)c1ccccc1,-2.749999935392163,-2.503612338312767,0.24638759707939606,0.24638759707939606
CO/N=C(/C)c1cccc(Oc2nc(OC)cc(OC)n2)c1C(=O)OC,-3.309999895015458,-3.5667990691410076,-0.25679917412554953,0.25679917412554953
CC(Sc1ccccc1)S(=O)(=O)O,-0.4899996867250378,-0.5842850424552726,-0.09428535573023478,0.09428535573023478
CCSC(=S)N[C@@H](CC(=O)O)C(=O)O,-1.3862998030514968,-1.2003779660677747,0.1859218369837221,0.1859218369837221
O=NN1CCCC1=O,0.052300322767316665,0.2936577705697232,0.24135744780240653,0.24135744780240653
CC(C)[C@@]12CC[C@@](C)(O1)[C@@H](O)C2,-0.2880925389302331,-1.1802479831297703,-0.8921554441995372,0.8921554441995372
Brc1cc(Br)cc(Br)c1,-5.600400019041116,-5.232725309937184,0.3676747091039321,0.3676747091039321
CCCCOC(=O)C(C)Oc1ccc(Oc2ccc(C(F)(F)F)cn2)cc1,-5.58360021141969,-5.773118615661012,-0.18951840424132183,0.18951840424132183
CC(C)(C)CCCCCCCC(=O)O,-2.11139692727017,-4.1189448833654,-2.0075479560952303,2.0075479560952303
CNC(=O)c1cccc(NCC(=O)NCCc2ccc(OC)c(OC)c2)c1,-1.8499999041574111,-2.384347182528649,-0.534347278371238,0.534347278371238
CCCCC(CC)COC(=O)c1ccc(Nc2nc(Nc3ccc(C(=O)NC(C)(C)C)cc3)nc(Nc3ccc(C(=O)OCC(CC)CCCC)cc3)n2)cc1,-8.185259270118591,-7.7444245002880745,0.4408347698305164,0.4408347698305164
Clc1ccc(Oc2cc(Cl)ccc2Cl)c(Cl)c1,-6.770000047302007,-7.114258214655688,-0.3442581673536811,0.3442581673536811
CCCCOC(=O)c1ccccc1N,-3.3830205830671995,-3.1098549368118484,0.2731656462553511,0.2731656462553511
CCCOCCN(C(=O)CCl)c1c(CC)cccc1CC,-3.7950000677029077,-3.379655486941772,0.4153445807611358,0.4153445807611358
O=S(=O)(NS(=O)(=O)C(F)(F)F)C(F)(F)F,0.454144422208675,-0.44757435464658,-0.901718776855255,0.901718776855255
CCCCCCCC(=O)OCCCOC(=O)CCCCCCC,-7.516526608825906,-5.8829642973389085,1.6335623114869975,1.6335623114869975
CCC(C)CCCOC(=O)CCc1cc(-n2nc3ccccc3n2)c(O)c(C(C)(C)C)c1,-6.163940161928275,-6.9936039215179875,-0.8296637595897121,0.8296637595897121
Nc1ccc(Cl)cc1C(=O)c1ccccc1Cl,-7.425089300407077,-5.204812955594749,2.220276344812328,2.220276344812328
CCCCCCOC(=O)C(C)c1ccc2cc(OC)ccc2c1,-7.540000569771733,-6.777100703785868,0.7628998659858652,0.7628998659858652
CCO[Si](CC(C)CC(C)(C)C)(OCC)OCC,-6.441684264389638,-5.814370995037506,0.6273132693521317,0.6273132693521317
CC(C)C1=CC2=CC[C@@H]3[C@](C)(CCC[C@@]3(C)C(=O)O)[C@H]2CC1,-3.7959000721855105,-4.197498897803452,-0.4015988256179419,0.4015988256179419
CC(=O)CC(=O)OCCOC(=O)CC(C)=O,-0.033755868442900905,-0.4690772912826824,-0.4353214228397815,0.4353214228397815
Cc1cc(Cl)c(Cl)c(Cl)c1Cc1ccc(Cl)cc1,-7.44000007170477,-7.994302349395758,-0.5543022776909883,0.5543022776909883
CCN1C(=O)C(C#N)=C(C)/C(=N/Nc2ccccc2[N+](=O)[O-])C1=O,-6.815976259730045,-6.640031974166291,0.1759442855637534,0.1759442855637534
CC(C)(c1ccccc1)c1ccc(O)cc1,-4.096484592064574,-4.365773027842595,-0.2692884357780212,0.2692884357780212
CC1=CCC(C(C)(C)O)CC1,-1.9099998579303086,-2.27199324129106,-0.3619933833607516,0.3619933833607516
C=C(C)C(=O)OCCOCCOCCCC,-2.0159484187487546,-1.574424687584766,0.4415237311639886,0.4415237311639886
Cc1cc2ccccc2cn1,-2.1899999412621405,-1.825472866883078,0.3645270743790625,0.3645270743790625
Cc1ccccc1Oc1ccccc1N/N=C1/C(=O)c2c(cc(S(=O)(=O)[O-])cc2NC(=O)c2ccccc2)C=C1S(=O)(=O)[O-],-2.0506715040454573,-1.8448496369598657,0.20582186708559158,0.20582186708559158
CCCCCCCCCCCC(=O)NCCC[N+](C)(C)CC(=O)[O-],-3.1367508782243965,-1.5316954202451023,1.6050554579792942,1.6050554579792942
CCN(CC)C(=O)CCC(=O)OCn1cnc2c1c(=O)n(C)c(=O)n2C,-1.139999887568232,-1.5833630343809295,-0.4433631468126975,0.4433631468126975
O=C(c1ccc(F)cc1)c1ccc(F)cc1,-4.396652270668052,-5.079527307436843,-0.6828750367687908,0.6828750367687908
COC(=O)C1(S(=O)(=O)c2ccc(C)cc2)CCCCC1,-4.610000193181662,-3.8301923064750136,0.7798078867066485,0.7798078867066485
Oc1c(-c2ccccc2)cccc1-c1ccccc1,-5.683909889770533,-4.337491589536281,1.3464183002342516,1.3464183002342516
CCOP(=S)(OCC)Oc1ccc([N+](=O)[O-])cc1,-4.289999979636501,-4.416599644000891,-0.12659966436438985,0.12659966436438985
Cc1cccc2c(C)cccc12,-4.739999736453416,-4.6659623766713265,0.07403735978208914,0.07403735978208914
CC(C)(C)c1cc(CCC(=O)NCCCCCCNC(=O)CCc2cc(C(C)(C)C)c(O)c(C(C)(C)C)c2)cc(C(C)(C)C)c1O,-7.804113962521425,-6.565175562685749,1.2389383998356767,1.2389383998356767
CCCCCC(O)/C=C/C1C(O)CC(=O)C1CCCCCCC(=O)O,-3.6700000662403083,-2.9478956674173307,0.7221043988229776,0.7221043988229776
NC1CN(c2c(F)cc3c(=O)c(C(=O)O)cn(C4CC4)c3c2F)C1,-5.270000029750815,-4.4864814275299745,0.7835186022208402,0.7835186022208402
Cn1c(=O)c2c(ncn2CO)n(C)c1=O,-0.4099998403791165,-1.1635185692336927,-0.7535187288545762,0.7535187288545762
CC(=O)O[C@@H]1C[C@H](C)CC[C@H]1C(C)C,-3.9751164927491605,-3.5042748101798455,0.4708416825693149,0.4708416825693149
O=C1Cc2ccc(Cl)cc2N1,-2.968988595110013,-3.190189394900267,-0.2212007997902541,0.2212007997902541
CCCC(=O)N(C)N=O,-1.5346998520483095,-0.800169899619636,0.7345299524286735,0.7345299524286735
O=C(O)c1ccc(O)cc1,-1.409999852079911,-1.7831260721178015,-0.3731262200378904,0.3731262200378904
COC1(OC)CCCCCCCCCCC1,-4.125654233552477,-4.40905937180089,-0.28340513824841285,0.28340513824841285
CCOC(=O)Cc1[nH]nc2ccc(Cl)cc12,-3.0255999019155464,-3.8851214275384782,-0.8595215256229318,0.8595215256229318
Cc1ccc2cc(C)ccc2c1,-4.892700289961302,-5.346438229647986,-0.4537379396866843,0.4537379396866843
CCC(Cl)(Cl)Cl,-1.889799826334238,-2.382971399278846,-0.493171572944608,0.493171572944608
C/C(=C\C(C)CC(C)CC(C)C)C1CC(=O)OC1=O,-4.425503208015117,-4.150225094371512,0.2752781136436049,0.2752781136436049
Nc1ccc(S(=O)(=O)Nc2cc(Cl)c(Cl)cc2Cl)cc1,-4.829999908659859,-5.0787797536790364,-0.24877984501917716,0.24877984501917716
c1ccc2ocnc2c1,-1.1547999612821427,-1.2851213833137203,-0.1303214220315776,0.1303214220315776
CCCCCCCCCCNC(=O)C(C)O,-3.3605000430190906,-2.688135997180142,0.6723640458389486,0.6723640458389486
CC[C@H](C)[C@H](NCCC#N)C(=O)O,-0.9817999277877691,-1.0422943629745036,-0.060494435186734474,0.060494435186734474
Cc1cc(N=Nc2ccccc2C)ccc1N,-4.050000164544911,-5.418329823049193,-1.3683296585042823,1.3683296585042823
O=C(Cl)c1ccc(C(=O)Cl)cc1,-4.028793778730198,-4.392989174438654,-0.3641953957084558,0.3641953957084558
CCCCCCC(O)CCCCCCCCCCCO,-5.156094562497151,-5.382400313524258,-0.22630575102710715,0.22630575102710715
CCNc1nc(NC(C)C(C)C)nc(SC)n1,-3.7081999804480636,-3.465314091630689,0.2428858888173746,0.2428858888173746
O=Cc1cccc(C(=O)O)c1O,-2.4422999901496074,-1.8045582009478194,0.637741789201788,0.637741789201788
CNCC(C)c1ccccc1,-1.094699868984266,-1.621719333080486,-0.52701946409622,0.52701946409622
O=C1CNC(=O)N1,-0.4015997985414912,-0.5097576871340008,-0.10815788859250963,0.10815788859250963
CCNCNC(=O)c1ccccc1,-0.07489975866621235,-1.121819120687787,-1.0469193620215747,1.0469193620215747
CCCOC(=O)c1ccc(O)c(Cl)c1,-3.3800000711286926,-3.070418612029132,0.3095814590995607,0.3095814590995607
CCNc1nc(NC(C)CC)nc(OC)n1,-2.574999960949907,-2.9998605138824277,-0.4248605529325209,0.4248605529325209
O=C(O)c1cc(N=Nc2ccc(S(=O)(=O)Nc3ccccn3)cc2)ccc1O,-6.139999946072206,-4.077001817319028,2.0629981287531782,2.0629981287531782
O=C(O)CS,-1.9643491279345884,0.027718557822198786,1.9920676857567872,1.9920676857567872
COC(=O)CCCNC(=O)NC12CC3CC(CC(C3)C1)C2,-2.249999895035038,-3.4198526505726177,-1.1698527555375797,1.1698527555375797
CC12CCC3C(CCC4C(C)(C)CCCC43C)(CO1)O2,-5.645384922183968,-5.278392342081343,0.36699258010262525,0.36699258010262525
Fc1cccc(Br)c1,-2.665599980864475,-2.9022289975938165,-0.23662901672934167,0.23662901672934167
Cc1nc2c(=O)[nH]c(=O)n(C)c2nc1C,-2.112899902319792,-1.8019991819910746,0.3109007203287173,0.3109007203287173
COc1ccc2c(c1OC)C(=O)O[C@@H]2[C@H]1c2c(cc3c(c2OC)OCO3)CCN1C,-3.1393000627636294,-2.9559451036439794,0.18335495911964994,0.18335495911964994
CCCI,-2.289999887221455,-2.37663513583611,-0.08663524861465532,0.08663524861465532
CC(CC(=O)Nc1ccccc1)C(=O)O,0.39000027940304927,-1.5364443741947118,-1.926444653597761,1.926444653597761
NC(=O)CNC(=O)COC(=O)c1ccccc1,-1.498299808778847,-1.5193541579495007,-0.02105434917065363,0.02105434917065363
NN=C(N)N,-1.6153792048842017,-0.6737231690742362,0.9416560358099655,0.9416560358099655
CNC(=S)NC,0.9823002618750611,0.16187188299709598,-0.8204283788779652,0.8204283788779652
COC1OC(CNC(=O)N(CCCl)N=O)C(O)C(O)C1O,-1.5612998465072097,-1.0912192443331208,0.47008060217408887,0.47008060217408887
O=C(c1ccc(F)cc1)C1CCNCC1,0.5890199041894886,-1.2976594719864696,-1.8866793761759582,1.8866793761759582
COC(=O)C(C)OC(C)=O,-0.2616995848400019,-0.4448800693156385,-0.18318048447563662,0.18318048447563662
CCC(=O)OC(C)C(=O)OC,-0.8621998842073295,-0.8919704948720217,-0.02977061066469222,0.02977061066469222
c1ccc(CCOC2CCCCC2)cc1,-2.4180900006931623,-3.8330731351781253,-1.414983134484963,1.414983134484963
Cc1cc(C)c(C)cc1C,-3.8399998777523043,-4.122035858042711,-0.28203598029040666,0.28203598029040666
COc1cc(C(=O)CO)ccc1O,-1.779999831564361,-1.7220891911651552,0.05791064039920579,0.05791064039920579
C=CCc1ccc(OC)cc1,-2.9209000425372804,-3.1851955467012507,-0.2642955041639703,0.2642955041639703
NC(=O)NN=C[C@@H](O)[C@@H](O)[C@H](O)[C@H](O)CO,-0.5299998859518236,-0.59550414595269,-0.0655042600008664,0.0655042600008664
O=C(O)c1cccnc1C(=O)O,-1.4799999246729612,-1.4379422962892587,0.04205762838370242,0.04205762838370242
CC(C)(OC1CCCCC1)C(=O)O,-1.0797998637857444,-1.3604828352669016,-0.2806829714811572,0.2806829714811572
Cc1cccc2c1ccc1ccccc12,-5.854100385462074,-5.995842430283239,-0.14174204482116526,0.14174204482116526
O=C1NC(=O)C2C=CC=CC12,-2.9319998605889577,-1.865503501044058,1.0664963595448997,1.0664963595448997
CC(C)NCc1cccc(S(=O)(=O)c2csc(S(N)(=O)=O)c2)c1,-1.5599997710188829,-2.270195716810279,-0.710195945791396,0.710195945791396
CCO,1.2336682495295102,1.0633071525741875,-0.17036109695532264,0.17036109695532264
CCN(CCO)c1ccccc1,-1.9170998242796067,-1.4032074096915421,0.5138924145880646,0.5138924145880646
N#Cc1cccc(C(=O)O)c1,-2.6300000450997323,-2.106193519711333,0.5238065253883994,0.5238065253883994
CCCCCCCOC(=O)c1ccc(O)c(I)c1,-4.5599999441481796,-4.528545129097824,0.0314548150503553,0.0314548150503553
CCN(CC)C(=O)/C(Cl)=C(\C)OP(=O)(OC)OC,0.5233000461513821,0.33106195962722884,-0.1922380865241533,0.1922380865241533
NS(=O)(=O)c1ccc(Nc2ccnc(NS(=O)(=O)Cc3ccccc3)n2)cc1,-2.6999999796658702,-3.015259374222574,-0.31525939455670393,0.31525939455670393
NS(=O)(=O)c1ccc(Nc2ccnc(NS(=O)(=O)c3ccccc3)n2)cc1,-2.5499998709398937,-2.9084173738265484,-0.35841750288665475,0.35841750288665475
C=C(C)C(=O)OCCCOc1ccc(C(C)(C)c2ccc(OCCCOC(=O)C(=C)C)cc2)cc1,-7.456475792135771,-6.676199166034458,0.7802766261013137,0.7802766261013137
CC(C)(C)c1cc(CCC(=O)OCC(COC(=O)CCc2cc(C(C)(C)C)c(O)c(C(C)(C)C)c2)(COC(=O)CCc2cc(C(C)(C)C)c(O)c(C(C)(C)C)c2)COC(=O)CCc2cc(C(C)(C)C)c(O)c(C(C)(C)C)c2)cc(C(C)(C)C)c1O,-7.0710185237938,-7.9797338848409325,-0.9087153610471326,0.9087153610471326
CCCCCCCCNC(=O)OCC1OC(O)C(O)C(O)C1O,-2.349999806487624,-2.409154345421791,-0.059154538934167,0.059154538934167
Nc1nc(N)nc(-c2ccccc2)n1,-2.494168433443043,-3.0297729213196116,-0.5356044878765687,0.5356044878765687
CCN(CCO)c1ccc(N=Nc2ccc([N+](=O)[O-])cc2)cc1,-6.293000294033924,-4.792145613840868,1.500854680193056,1.500854680193056
CC12CC(O)C3C(CCC4C[C@@H](O)CCC43C)C1CCC2=O,-3.5931999597787048,-4.107340408728435,-0.5141404489497301,0.5141404489497301
FC(F)(F)C(F)(F)C(F)(F)C(F)(F)C(F)(F)C(F)(F)C(F)(F)C(F)(F)Br,-7.397034226237173,-7.526592083389101,-0.12955785715192825,0.12955785715192825
CCCCC(CC)CN(CC(CC)CCCC)CC(CC)CCCC,-8.247580077410808,-6.9917317244775745,1.2558483529332332,1.2558483529332332
CC(=O)C(N=Nc1ccc(N=Nc2c(S(=O)(=O)[O-])cc3c(c2N)C(=O)/C(=N/Nc2ccc(S(=O)(=O)[O-])c4ccccc24)C(S(=O)(=O)[O-])=C3)cc1)C(=O)Nc1ccccc1,-2.218028238211029,-1.4045816056318523,0.8134466325791767,0.8134466325791767
Nc1ccn(C2OC(COP(=O)(O)O)C(O)C2O)c(=O)n1,-1.1987751975604544,-0.8931560080230185,0.30561918953743583,0.30561918953743583
F[N+]12CC[N+](CCl)(CC1)CC2,-0.30381159582720807,-0.607248855932701,-0.3034372601054929,0.3034372601054929
CC(=O)c1cc2ccccc2o1,-2.5484883037149717,-3.307900816237711,-0.7594125125227391,0.7594125125227391
Clc1cc(Oc2ccccc2)cc(Cl)c1Cl,-6.770000047302007,-6.904794369458303,-0.13479432215629572,0.13479432215629572
CCCCCCCC(=O)O,-2.7500004012329926,-2.43853692792887,0.31146347330412283,0.31146347330412283
c1ccc2c(c1)-c1cccc3cccc-2c13,-5.93000000434688,-7.046309774089233,-1.1163097697423527,1.1163097697423527
CC(C)=CCC(C)(C)C(=O)C(C)C,-3.4892157979781864,-3.8217278060692763,-0.33251200809108994,0.33251200809108994
CC=C(CCCC)C(N)=O,-1.3716998683606325,-1.8201023777467251,-0.4484025093860926,0.4484025093860926
N#CCC[NH2+][C@@H](Cc1ccccc1)C(=O)[O-],-1.4938997868639006,-1.124041077924339,0.3698587089395615,0.3698587089395615
O=C(O)c1cccnc1Nc1cccc(C(F)(F)F)c1,-4.1718000810559115,-3.9048950940020033,0.2669049870539082,0.2669049870539082
COc1c(Cl)ccc(Cl)c1C(=O)O,-1.699999916204983,-2.5073239510018905,-0.8073240347969075,0.8073240347969075
CCC(=O)NCCNC(=O)CC,0.37460006467382456,-0.16869429069578956,-0.5432943553696141,0.5432943553696141
CC(C)(C)c1cc(C(=O)O)c(O)c(C(C)(C)C)c1,-4.8694710507312395,-4.393773719408995,0.47569733132224457,0.47569733132224457
COCCOCCOc1cc(Nc2c(C)cc(C)c(S(=O)(=O)[O-])c2C)c2c(c1N)C(=O)c1ccccc1C2=O,0.23912333746239733,-1.8193557211638498,-2.058479058626247,2.058479058626247
CC(C)C1(C)CCCC(O)C1,-0.5999999585448736,-1.4932988176871118,-0.8932988591422382,0.8932988591422382
CC(CCC(=O)O)C(=O)O,0.8352251332108156,-0.10315138315943839,-0.938376516370254,0.938376516370254
IC(I)I,-3.5952000387535,-3.9110799419217863,-0.3158799031682862,0.3158799031682862
CC(C)OC(=O)C(O)(c1ccc(Cl)cc1)c1cccc(Cl)c1,-4.530000208808827,-5.150999299024215,-0.6209990902153875,0.6209990902153875
S=c1[nH][nH]c(=S)s1,-0.75520004141024,-0.9902764365348891,-0.23507639512464906,0.23507639512464906
C=CC(=C)Cl,-2.550925410401299,-1.8652849354282,0.6856404749730991,0.6856404749730991
C/C=C/C(=O)C1C(C)C=CCC1(C)C,-3.396366543258494,-3.739846997974,-0.3434804547155057,0.3434804547155057
C=C(C)CCO,0.01906813516539696,-0.06274842140213588,-0.08181655656753284,0.08181655656753284
CC(C)OP(C)(=O)F,0.8536003800108967,0.3993654054124951,-0.45423497459840156,0.45423497459840156
COc1c([N+](=O)[O-])cc([N+](=O)[O-])cc1[N+](=O)[O-],-3.0849999821002725,-2.852128644542083,0.23287133755818967,0.23287133755818967
C=CC(=O)OCC1(CC)COCOC1,-1.3330548173602395,-1.4278471459398872,-0.0947923285796477,0.0947923285796477
Nc1cc(N2CCCCC2)nc(N)[n+]1[O-],-1.9399999383369417,-2.296976595537939,-0.35697665720099714,0.35697665720099714
Cc1ccc2c(c1)C=CS2(=O)=O,-2.650000023939577,-2.428420693968622,0.22157932997095475,0.22157932997095475
COC(=O)c1cc2cc3c(C)cc(=O)oc3c(C)c2o1,-5.159999895957892,-4.666635257869499,0.4933646380883925,0.4933646380883925
CCCCCCCCOC(=O)c1ccccc1C(=O)OCCCCCCCC,-7.249300433146736,-6.951710545160097,0.2975898879866392,0.2975898879866392
O=C(Nc1ccccn1)c1cccnc1,-2.9770998328867093,-1.7167069697412447,1.2603928631454646,1.2603928631454646
Cc1nc(Cl)ncc1N(C)C,-1.259999795114027,-1.0830567468118149,0.17694304830221208,0.17694304830221208
Cc1cc(-c2ccc(N=C=O)c(C)c2)ccc1N=C=O,-2.3081273067002397,-4.514317729043651,-2.2061904223434117,2.2061904223434117
CC(=O)O[C@H]1C[C@@H](C)CC[C@@H]1C(C)C,-4.066886929121177,-3.5042747411663893,0.5626121879547874,0.5626121879547874
Nc1c(S(=O)(=O)[O-])cc(Nc2ccccc2)c2c1C(=O)c1ccccc1C2=O,-2.1738959963198106,-2.230166393904967,-0.056270397585156395,0.056270397585156395
C[C@@H]1O[C@@H](O[C@H]2[C@@H](OS(=O)(=O)O)[C@H](OS(=O)(=O)O)[C@H](O)O[C@H]2C)[C@@H](OS(=O)(=O)O)[C@H](O[C@@H]2O[C@@H](C)[C@@H](O[C@@H]3O[C@@H](C)[C@@H](O)[C@@H](O[C@@H]4O[C@@H](C)[C@@H](O)[C@@H](OS(=O)(=O)O)[C@@H]4OS(=O)(=O)O)[C@@H]3OS(=O)(=O)O)[C@@H](OS(=O)(=O)O)[C@@H]2OS(=O)(=O)O)[C@@H]1O,-0.589205839910877,0.8589848098654063,1.4481906497762833,1.4481906497762833
Cc1ccccc1OCC1CO1,-2.2911044475883022,-2.185894123711072,0.1052103238772304,0.1052103238772304
O=S(=O)(c1ccc(Cl)cc1)c1ccc(Cl)cc1,-5.523635799576748,-4.823944944064688,0.6996908555120607,0.6996908555120607
CCCCC(O)CC,-1.463099771486188,-1.4380012337808732,0.025098537705314783,0.025098537705314783
CC12CCC(C(O)C1=O)C2(C)C,-0.9248998514280351,-1.4175457833833216,-0.4926459319552865,0.4926459319552865
NC(=O)OCC(Cl)(Cl)Cl,-1.284299847130843,-1.0398962833976708,0.2444035637331723,0.2444035637331723
CCCCCCOC(=O)CCCCCCCCC(=O)OCCCCCC,-4.5700001319817884,-6.394630613883048,-1.8246304819012593,1.8246304819012593
CCCCCCCCCO,-3.0130118733805378,-2.977418364493906,0.03559350888663193,0.03559350888663193
CCOc1ccc(C(=O)O)c2ccccc12,-4.112199784208,-3.2595576147948684,0.8526421694131319,0.8526421694131319
O=C1CCCCCCCCCN1,-1.8861998084038272,-2.177814925431427,-0.2916151170276,0.2916151170276
CCNc1cc(C#N)c(N)c2c1C(=O)c1ccccc1C2=O,-7.638280148294324,-5.627824310221142,2.0104558380731827,2.0104558380731827
O=c1ccnc[nH]1,0.5860001513989999,0.3368635068111496,-0.24913664458785023,0.24913664458785023
O=CNc1ccccc1,-0.6784997284063348,-1.213282378166155,-0.5347826497598203,0.5347826497598203
O=C1CCN(c2ccccc2)N1,-1.1448230999967373,-2.0047884597833203,-0.8599653597865831,0.8599653597865831
CCO[Si](CCCSSCCC[Si](OCC)(OCC)OCC)(OCC)OCC,-5.676542013184178,-4.503823542890399,1.1727184702937787,1.1727184702937787
CCOc1ccc(N(C)C(N)=O)cc1,-1.6599998550051098,-1.630231452771017,0.029768402234092717,0.029768402234092717
CC(=O)Nc1ccc(N)cc1,-0.9799999188225639,-1.3775933414682422,-0.3975934226456783,0.3975934226456783
CCC1(C)C(=O)NC(=O)NC1=O,-1.2299999217477626,-1.3446180219503843,-0.11461810020262164,0.11461810020262164
CC(=O)Nc1ccc(Br)cc1C,-1.7559999190686582,-2.5268943728368396,-0.7708944537681814,0.7708944537681814
CCCCCCCCN(CCO)CCO,-2.1910375585764514,-1.4814343003470978,0.7096032582293537,0.7096032582293537
C/C(Cl)=C\C(=O)O,-0.6049998454213097,-0.595962671355835,0.009037174065474662,0.009037174065474662
Cc1ccc([N+](=O)[O-])cc1N/N=C1\C(=O)C(C(=O)Nc2ccccc2)=Cc2ccccc21,-7.557967809018624,-7.718330236436376,-0.16036242741775197,0.16036242741775197
CCC(=O)/C=C/C1=C(C)CCCC1(C)C,-4.187455645573161,-4.178578444699211,0.008877200873950386,0.008877200873950386
O=C(NO)c1ccccc1N=Cc1ccccn1,-3.209999983562872,-3.3639201773758565,-0.1539201938129846,0.1539201938129846
O=C(CC(C(=O)OC1CCCCC1)S(=O)(=O)[O-])OC1CCCCC1,-0.7147014270026126,-1.0273401131993911,-0.3126386861967785,0.3126386861967785
O=[N+]([O-])c1cc(Cl)c(Cl)cc1Cl,-3.886599971824597,-4.493021280668568,-0.6064213088439709,0.6064213088439709
CCc1nc2ncnc(O)c2nc1CC,-1.9121998688877817,-2.6767686182720296,-0.7645687493842479,0.7645687493842479
CC(=O)OCCN(CCOC(C)=O)c1ccc(N=Nc2ccc([N+](=O)[O-])cc2C#N)cc1,-7.300465077213611,-6.895206191958344,0.4052588852552663,0.4052588852552663
CCC(C)CCCC(C)(C)O,-2.7493445145984143,-2.7021325817299777,0.04721193286843661,0.04721193286843661
OC[C@H]1O[C@@](CO)(O[C@H]2O[C@H](CO)[C@@H](O)[C@H](O)[C@H]2O)[C@@H](O)[C@@H]1O,0.7878001903097465,0.3130207379552661,-0.4747794523544804,0.4747794523544804
CCN(CC)C(=O)C(Cl)=CCOP(=O)(OC)OC,0.5230002516975496,0.04716986243170718,-0.4758303892658424,0.4758303892658424
CC(C)=NNC(=N)N1Cc2cccc3cccc(c23)C1,-2.479999936373756,-1.6060518982487662,0.87394803812499,0.87394803812499
CN(C)N,1.2211003470436723,1.0631914860215579,-0.15790886102211443,0.15790886102211443
CC(C)(CO)CO,0.9014231164736342,0.41649233681641684,-0.4849307796572173,0.4849307796572173
CNC(=O)Oc1cc(C)c(N(C)C)c(C)c1,-3.3468999407752555,-2.233707060263026,1.1131928805122295,1.1131928805122295
CCN(CC)C(=O)Nc1ccc(OCC(O)CNC(C)(C)C)c(C(C)=O)c1,-1.8999998771370683,-2.1779434284869144,-0.27794355134984605,0.27794355134984605
C=CC(O)CC,0.019300296432130715,-0.17206877265126375,-0.19136906908339446,0.19136906908339446
O=C(OCC1CO1)c1ccc(C(=O)OCC2CO2)cc1,-3.557960032708349,-2.9841529994860063,0.5738070332223426,0.5738070332223426
CC(C)CCCCCCCCCCOC(=O)c1ccccc1C(=O)OCCCCCCCCCCC(C)C,-5.724959093531907,-7.254716609191108,-1.5297575156592016,1.5297575156592016
CC(C)COC(=O)Cc1ccccc1,-3.271047078507039,-3.1164150799065715,0.1546319986004674,0.1546319986004674
Clc1ccc(Cl)c(-c2c(Cl)ccc(Cl)c2Cl)c1,-7.189500273329605,-7.45224195462341,-0.2627416812938055,0.2627416812938055
Cc1cc(Cc2c(Cl)cccc2Cl)c(Cl)cc1Cl,-8.360000237059642,-7.540115960270539,0.8198842767891037,0.8198842767891037
CC(C)(C)C(=O)OCn1cc(F)c(=O)[nH]c1=O,-2.02999983448956,-2.0713930703302044,-0.04139323584064458,0.04139323584064458
Cc1ccc(C(=O)COc2c(C(=O)c3ccc(Cl)c(C)c3Cl)c(C)nn2C)cc1,-6.520899841819043,-5.865581187985487,0.6553186538335556,0.6553186538335556
CCCCCOC(=O)C(C)O,-1.204699864750277,-1.238715631134151,-0.034015766383874046,0.034015766383874046
O=C(OCCCc1ccccc1)c1ccccc1,-4.800973953187812,-5.03024203780983,-0.2292680846220181,0.2292680846220181
CCN(CC)c1ccc(N=Nc2c(C#N)cc([N+](=O)[O-])cc2C#N)c(NC(C)=O)c1,-8.102752855042652,-7.22438298675055,0.8783698682921024,0.8783698682921024
CCN1CC(=O)N=C1N,-0.16499986235726594,-0.4844076643942099,-0.31940780203694397,0.31940780203694397
CC(=O)OCc1ccccc1,-1.6852999120025955,-1.8217121856265803,-0.13641227362398478,0.13641227362398478
O=C(O)C1(O)CC(O)C(O)C(O)C1,0.17900019467014205,0.46808320798892433,0.2890830133187823,0.2890830133187823
Nc1ccncc1,-0.05289992514530484,0.4152108949612705,0.46811082010657534,0.46811082010657534
CC1(C)CC(N=C=O)CC(C)(CN=C=O)C1,-4.170824506838745,-3.3890980460490994,0.7817264607896455,0.7817264607896455
CCCCCCCCCC(=O)Oc1ccc(NC(C)=O)cc1,-4.530000208808827,-5.097805107236738,-0.5678048984279105,0.5678048984279105
O=C1CCO1,0.7104896603259183,0.5881622049555504,-0.12232745537036793,0.12232745537036793
CCS(=O)(=O)NS(=O)(=O)CC,0.5413004118572604,-0.10253854366817894,-0.6438389555254393,0.6438389555254393
CCCOC(C)OCCc1ccccc1,-3.384192914648058,-2.7396576823627856,0.6445352322852722,0.6445352322852722
C[Si](Cn1cncn1)(c1ccc(F)cc1)c1ccc(F)cc1,-3.766499994767279,-4.5238938982022265,-0.7573939034349477,0.7573939034349477
O=C1NC(=O)C(c2ccc(O)cc2)N1,-2.173104895071128,-2.2359110740009602,-0.06280617892983242,0.06280617892983242
Clc1cc(Cl)c(-c2c(Cl)c(Cl)cc(Cl)c2Cl)c(Cl)c1,-8.490100539977481,-8.937770954619962,-0.4476704146424808,0.4476704146424808
O=C(CCCN1CCC(O)(c2ccc(F)cc2)CC1)c1ccc(F)cc1,-2.829999855064882,-3.404578833988465,-0.5745789789235829,0.5745789789235829
CC1=CCCC2(C)C(OC=O)C(C)CCC12C,-5.0311422493328015,-3.6895525445766397,1.3415897047561618,1.3415897047561618
O=C1CCC/C=C\CCCCCCCCCC1,-5.560732464673324,-4.634677610777104,0.9260548538962192,0.9260548538962192
NS(=O)(=O)c1cc2c(cc1C(F)(F)F)NC=NS2(=O)=O,-0.8185998050770458,-2.401105789116709,-1.5825059840396634,1.5825059840396634
CCCCCCCc1ccc(O)cc1,-3.659701809289273,-3.954571255845063,-0.29486944655578995,0.29486944655578995
CCCCC(=O)O,-0.49065200191325653,-0.7110060324757019,-0.2203540305624454,0.2203540305624454
CCCCCCc1ccc(O)cc1O,-2.589499860635976,-2.5688403374483735,0.020659523187602336,0.020659523187602336
COC(Cc1ccccc1)OC,-1.6296184752528453,-1.8452005013713029,-0.21558202611845756,0.21558202611845756
O=C1OCc2ccc(Br)cc21,-2.6472000272470657,-2.6091376396041985,0.03806238764286718,0.03806238764286718
NC(=S)SCC(=O)O,-0.7481997304917276,-0.9245626516809302,-0.1763629211892026,0.1763629211892026
BrC1CC(Br)CC(Br)CC(Br)CC(Br)CC(Br)C1,-6.99042847437026,-7.407710055807204,-0.41728158143694394,0.41728158143694394
CCCCCCCCCCCCC(O)CCC,-6.770800327340368,-6.2508120921910475,0.5199882351493201,0.5199882351493201
CCCCOC(=O)C(C)OC(C)=O,-0.7535997573873439,-1.5979375721199038,-0.84433781473256,0.84433781473256
COC(=O)C1(S(=O)(=O)c2ccc(Br)cc2)CCC1,-3.5499999516541445,-3.629573915961715,-0.07957396430757058,0.07957396430757058
CC12CCC3C(CC=C4CC(O)CCC43C)C1CCC2=O,-4.01000024137195,-4.4737247042279105,-0.4637244628559607,0.4637244628559607
Clc1ccc(-c2c(Cl)c(Cl)cc(Cl)c2Cl)cc1Cl,-8.4799997305247,-8.434980872761386,0.04501885776331349,0.04501885776331349
C[C@@H]1O[C@@H](O[C@H]2[C@H](Oc3cc(O)c4c(c3)O[C@H](c3ccc(O)cc3)CC4=O)O[C@H](CO)[C@@H](O)[C@@H]2O)[C@H](O)[C@H](O)[C@H]1O,-2.722438738768355,-3.3675409683565904,-0.6451022295882356,0.6451022295882356
CC(CCC(=O)O)CC(=O)O,0.09000016547128098,-0.787579636773982,-0.877579802245263,0.877579802245263
CC(C)(C)c1cc(CCC(=O)OCCCCCCOC(=O)CCc2cc(C(C)(C)C)c(O)c(C(C)(C)C)c2)cc(C(C)(C)C)c1O,-8.106483998539888,-7.581138662864722,0.5253453356751656,0.5253453356751656
O=C(OCN1C(=O)NC(c2ccccc2)(c2ccccc2)C1=O)C(CO)CO,-2.209999971862077,-2.3841115705891043,-0.17411159872702742,0.17411159872702742
FC(F)Cl,-1.4597341232531102,-1.294888995799858,0.1648451274532523,0.1648451274532523
CC1CC2C3CCC4=CC(=O)C=CC4(C)C3(F)C(O)CC2(C)C1(O)C(=O)CO,-3.769999943186167,-4.0475736514241145,-0.2775737082379477,0.2775737082379477
CCCCCCCCCCSC(=N)N,-2.7099999604591103,-2.645429849348313,0.06457011111079725,0.06457011111079725
COc1cc(O)c(CC=C(C)C)c2c1C(=O)CC(c1ccc(O)cc1)O2,-5.44000004830318,-4.337671300576285,1.1023287477268946,1.1023287477268946
Cn1nc(S(N)(=O)=O)sc1=NS(=O)(=O)c1cccc([N+](=O)[O-])c1,-2.6700000027794215,-2.5783761682417867,0.09162383453763479,0.09162383453763479
N[C@@H](CS/C(Cl)=C/Cl)C(=O)O,-1.4894999029758667,-1.7227751849200108,-0.23327528194414415,0.23327528194414415
CCC(C)(C)C(=O)OC1CC(C)C=C2C=CC(C)C(CCC3CC(O)CC(=O)O3)C21,-5.47999997147614,-5.051615505202058,0.4283844662740819,0.4283844662740819
CC(C)C[C@H](N)C(=O)N[C@@H](CCC(=O)O)C(=O)O,-0.8968997119692852,-0.7216196119082201,0.1752801000610651,0.1752801000610651
O=C(OCC(=O)N1CCCC1)c1ccccc1,-1.5699999588524918,-1.6515368728954096,-0.08153691404291785,0.08153691404291785
CC1(N)CN(c2c(F)c(N)c3c(=O)c(C(=O)O)cn(C4CC4)c3c2F)C1,-4.3800001518429434,-4.649943939401258,-0.26994378755831416,0.26994378755831416
CCCCOP(=O)(CCCC)OCCCC,-2.699500011682263,-2.3441552639204764,0.3553447477617868,0.3553447477617868
Clc1ccc(Oc2cccc(Cl)c2)cc1,-5.387355479681061,-5.460394076724693,-0.0730385970436318,0.0730385970436318
Cn1c(=O)c2[nH]c(/C=C/c3ccccc3)nc2n(C)c1=O,-6.660000051535996,-4.809305395649951,1.8506946558860449,1.8506946558860449
CCN(CC)c1ccc([C+](c2ccc(N(CC)Cc3cccc(S(=O)(=O)[O-])c3)cc2)c2ccc(N(CC)Cc3cccc(S(=O)(=O)[O-])c3)cc2)c(C)c1,-0.6229778507673718,-0.734069639410829,-0.11109178864345726,0.11109178864345726
CC1=NN(c2cc(S(=O)(=O)[O-])ccc2Cl)C(=O)C1N=Nc1cc(Cl)ccc1Oc1ccccc1Cl,-2.3162214118864286,-3.0505712046876323,-0.7343497928012037,0.7343497928012037
CCOC(C)C,-0.5606998318180132,-0.6572662203033266,-0.0965663884853134,0.0965663884853134
O=C1C=CC(=NNc2ccc([N+](=O)[O-])cc2)C=C1,-4.796000015370916,-4.229364756999072,0.5666352583718446,0.5666352583718446
Nc1ncnc2c1ncn2C1OC(COP(=O)(O)OP(=O)(O)OP(=O)(O)O)C(O)C1O,0.2948003573509492,-0.28711282390569304,-0.5819131812566423,0.5819131812566423
O=C(Oc1ccccc1)n1cc(F)c(=O)[nH]c1=O,-2.439999978694067,-2.65595026061493,-0.21595028192086296,0.21595028192086296
CCCCC(CC)CCl,-4.680881981691416,-4.724495863512944,-0.043613881821528366,0.043613881821528366
Cc1ccc(OCC(=O)O)cc1,-2.1413999752554207,-1.8768412386727225,0.26455873658269824,0.26455873658269824
CC(C)(C)[C@@H](O)[C@H](Oc1ccc(Cl)cc1)n1cncn1,-3.678600040060611,-3.9190888154895402,-0.2404887754289291,0.2404887754289291
C[C@]12CC[C@H]3[C@@H](CCC4=CC(=O)CC[C@@H]43)[C@@H]1CCC2=O,-3.1565005280051563,-4.150336482089855,-0.993835954084699,0.993835954084699
Clc1cc2c(oc3cc(Cl)c(Cl)c(Cl)c32)c(Cl)c1Cl,-10.300000513728703,-10.491697258702244,-0.19169674497354094,0.19169674497354094
CC1(C)C2CCC1(C)C(N)(C(=O)O)C2,-1.5960998818076009,-1.6089402494186065,-0.012840367611005599,0.012840367611005599
Clc1ccc(Cl)c(Cl)c1,-3.7024521257330845,-4.528814833684743,-0.8263627079516587,0.8263627079516587
Clc1ccc(-c2ccc(Cl)c(Cl)c2Cl)c(Cl)c1,-7.620000416117655,-7.791411621822865,-0.17141120570521018,0.17141120570521018
CCc1cccc2ccccc12,-4.164400044198956,-4.400108740609519,-0.2357086964105628,0.2357086964105628
OCC1OC(n2c(-c3ccco3)nc3ccccc32)C(O)C1O,-2.920000014331302,-2.5062860921404826,0.41371392219081926,0.41371392219081926
CCOP(=S)(Oc1ccc([N+](=O)[O-])cc1)c1ccccc1,-5.0169000803989965,-5.343699775705062,-0.32679969530606545,0.32679969530606545
CNC(=O)Oc1ccccc1OC(CCl)OC,-2.300499801491574,-2.2820109585425494,0.01848884294902442,0.01848884294902442
CC(C)=CC=O,0.1165038171452939,-0.4918009379324553,-0.6083047550777492,0.6083047550777492
CSc1ncc2nccnc2n1,-1.756099919566725,-1.7176392035079033,0.03846071605882173,0.03846071605882173
[NH3+][C@@H]1CCCC[C@@H]1[NH3+],0.8890067675376621,0.22798070087447453,-0.6610260666631875,0.6610260666631875
CC1(C)OC(=O)c2cc(C#N)ccc21,-2.9100000222155415,-3.199444962047959,-0.28944493983241726,0.28944493983241726
CCC(C)C(=O)OC1CCC=C2C=CC(C)C(CCC3CC(O)CC(=O)O3)C21,-5.420000224743612,-4.483186449076069,0.9368137756675434,0.9368137756675434
NNP(=S)(NN)c1ccccc1,-1.4249997887630432,-1.4111088983214128,0.013890890441630388,0.013890890441630388
O=[N+]([O-])c1ccc(-c2nc3ccccc3[nH]2)o1,-3.89000005777233,-4.338152324366159,-0.4481522665938287,0.4481522665938287
CCOP(=O)(SC(C)CC)N1CCSC1=O,-1.458899888594288,-2.87041534707783,-1.4115154584835419,1.4115154584835419
Clc1ccc(-c2c(Cl)c(Cl)c(Cl)c(Cl)c2Cl)c(Cl)c1Cl,-9.290000728275036,-9.73728080280912,-0.4472800745340848,0.4472800745340848
COc1cc2nccnc2c(N)c1OC,-1.710199828980901,-2.1734485130696615,-0.4632486840887604,0.4632486840887604
CCCCOCCOCCCC,-1.9401998703196193,-1.7429910205975563,0.19720884972206298,0.19720884972206298
C=CC(=O)OCCC(F)(F)C(F)(F)C(F)(F)C(F)(F)C(F)(F)C(F)(F)C(F)(F)C(F)(F)C(F)(F)C(F)(F)C(F)(F)C(F)(F)F,-6.481477423247755,-6.678825266070651,-0.19734784282289564,0.19734784282289564
O=C(O)C=Cc1ccccc1,-2.479999936373756,-2.181994587380654,0.29800534899310227,0.29800534899310227
CC(CCC(=O)O)C1CCC2C3C(O)C(O)C4CC(O)CCC4(C)C3CCC12C,-4.349999864395942,-4.404712352220322,-0.05471248782438032,0.05471248782438032
CCC[C@H]1CCCCN1,-0.8493000269970601,-0.4914699493964103,0.3578300776006498,0.3578300776006498
Clc1cc(Cl)cc(-c2ccccc2Cl)c1,-6.299900259387089,-6.4874219663129695,-0.18752170692588077,0.18752170692588077
CCCCC(Cc1cc(C(C)(C)C)c(O)c(C(C)(C)C)c1)(C(=O)OC1CC(C)(C)N(C)C(C)(C)C1)C(=O)OC1CC(C)(C)N(C)C(C)(C)C1,-5.835720721800794,-5.97382161667164,-0.13810089487084642,0.13810089487084642
Cc1ncoc1C#N,-0.32455538444485876,-0.3129175072950807,0.011637877149778042,0.011637877149778042
Nc1nc2c(ncn2COCCOC(=O)c2ccc(CN3CCOCC3)cc2)c(=O)[nH]1,-2.749999935392163,-3.0327830984930495,-0.28278316310088636,0.28278316310088636
O=[N+]([O-])c1ccc(/C=N/O)o1,-2.1933998201695046,-2.37380378978111,-0.18040396961160532,0.18040396961160532
Cc1c2ccccc2c(C)c2c1ccc1ccccc12,-6.780000373162528,-7.479188948740198,-0.6991885755776703,0.6991885755776703
CCCCCCCCOc1ccc(C(=O)c2ccccc2)c(O)c1,-5.513798345472912,-6.1552141005234535,-0.6414157550505415,0.6414157550505415
c1ccc2cnccc2c1,-1.4559998051368899,-1.7408908030977814,-0.28489099796089157,0.28489099796089157
CCc1ccc2c(c1)C(=O)c1ccccc1C2=O,-5.984242648561295,-6.097807603421956,-0.11356495486066098,0.11356495486066098
CC(=O)OCCN(CCC#N)c1ccc(N=Nc2nc3ccc([N+](=O)[O-])cc3s2)cc1,-4.340908997861526,-5.969260379322957,-1.6283513814614317,1.6283513814614317
COc1cccc(Nc2ccccc2C(=O)O)c1,-4.800000173320507,-3.785538391868206,1.014461781452301,1.014461781452301
O=C(O)c1ccc(N=C=S)cc1,-3.9800000229384045,-3.1566677648629486,0.8233322580754558,0.8233322580754558
CC1(C)SC2C(NC(=O)C(N)c3ccc(O)cc3)C(=O)N2C1C(=O)O,-2.16999997967566,-1.6087875916534413,0.5612123880222186,0.5612123880222186
CC1(C)CCC[C@]2(C)[C@H]3CCO[C@]3(C)CC[C@@H]12,-5.0994877933263645,-4.659790779335139,0.43969701399122574,0.43969701399122574
CCCC(=O)OC,-0.8330999463102118,-0.6742363531347095,0.15886359317550225,0.15886359317550225
C1CCOCOC1,0.41078989295563195,0.3808631738529642,-0.029926719102667754,0.029926719102667754
NS(=O)(=O)c1cc2c(s1)S(=O)(=O)CCC2,-2.6799999835726616,-2.383926683539883,0.29607330003277843,0.29607330003277843
c1cc2c3c(c4ccc5ccccc5c4cc3c1)CC2,-7.86130016867066,-7.036769353900981,0.8245308147696786,0.8245308147696786
COP(=S)(OC)Oc1ccc([N+](=O)[O-])cc1,-3.6800000470335483,-3.8629902614103786,-0.18299021437683027,0.18299021437683027
Cc1ccc(CO)cc1,-1.1998998408430626,-1.179521823543393,0.020378017299669482,0.020378017299669482
CCOC(=O)c1nn(-c2ccc(OC)cc2)c2c1CCN(c1ccc(N3CCCCC3=O)cc1)C2=O,-4.628205804906347,-4.914882457033549,-0.28667665212720195,0.28667665212720195
CCCCC(CC)COCCCNC(=O)Nc1cccc2c(NC(=O)NCCCOCC(CC)CCCC)cccc12,-8.068071660913878,-5.344644984001491,2.7234266769123874,2.7234266769123874
CCCCOc1ccc(C(=O)OCC)c(N(CC)CC)c1,-3.8399998777523043,-4.1013434154364905,-0.26134353768418617,0.26134353768418617
C=C/C=C/CC/C=C/CC,-3.3419065066569766,-3.5432402216440253,-0.20133371498704866,0.20133371498704866
Cc1nc2c(=O)n(C)c(=O)n(C)c2nc1C,-1.3428998629442592,-1.2660535174669862,0.07684634547727298,0.07684634547727298
O=C1NC(c2ccccc2)(c2ccccc2)C(=O)N1CO,-3.299999914222218,-3.2768364448159364,0.023163469406281667,0.023163469406281667
NC(Cc1cc(I)c(Oc2ccc(O)c(I)c2)c(I)c1)C(=O)O,-5.219999780717332,-3.2169494315641476,2.0030503491531846,2.0030503491531846
Cc1nn(-c2ccccc2)c([O-])c1N=Nc1c([O-])cc(S(=O)(=O)[O-])c2ccccc12,-1.2121028001723935,-2.36077128870798,-1.1486684885355865,1.1486684885355865
CCC1C(N)CN1c1c(F)cc2c(=O)c(C(=O)O)cn(C3CC3)c2c1F,-3.8099999353725837,-4.407040176098721,-0.597040240726137,0.597040240726137
CC(c1ccccc1)c1ccccc1,-4.692503985746262,-5.1405393435452496,-0.44803535779898773,0.44803535779898773
O=C(O)[C@H](O)[C@H](O)[C@H](O)[C@@H](O)C(=O)O,0.1999002297526813,0.04927698127710434,-0.15062324847557695,0.15062324847557695
N=C(N)c1ccc(CCc2ccc(C(=N)N)o2)o1,-1.0199998419955247,-1.2439577552419292,-0.22395791324640446,0.22395791324640446
CCCCC(CC)COC(=O)OOC(=O)OCC(CC)CCCC,-2.595175423755562,-4.592212250894038,-1.997036827138476,1.997036827138476
O=S(=O)(C1CCCCC1)C1CCCCC1,-2.0599998458827367,-3.2551970685768814,-1.1951972226941447,1.1951972226941447
CC(=O)[O-],0.0015207737861655524,0.4647250132091183,0.46320423942295275,0.46320423942295275
OCc1ccc(Cl)cc1Cl,-2.247999816060242,-2.1864440229302557,0.06155579312998638,0.06155579312998638
OC(=S)CCCCCCC(O)=S,-2.2399999142417975,-2.231307048309419,0.008692865932378613,0.008692865932378613
NC(=O)N=NC(N)=O,-3.5462434112050207,-1.888767868123337,1.6574755430816837,1.6574755430816837
O=C(O)CC(=O)O,0.8652001617328398,0.7069048253558767,-0.15829533637696303,0.15829533637696303
O=C(O)CN(CCN(CC(=O)O)CC(=O)O)CC(=O)O,-2.7667755365438182,-0.881839733579239,1.8849358029645793,1.8849358029645793
O=C([O-])/C=C\C(=O)[O-],-2.084067736632819,-1.1826756004658667,0.9013921361669521,0.9013921361669521
O=C(O)c1ccnc(C(=O)O)c1,-1.8267998576193316,-1.9392380987936972,-0.11243824117436563,0.11243824117436563
Nc1ncn[nH]1,0.8326931675289102,0.1812323658982149,-0.6514608016306953,0.6514608016306953
O=C(O)c1cc(C(=O)O)cc(S(=O)(=O)[O-])c1,0.10939625931581132,-1.3921562849465712,-1.5015525442623825,1.5015525442623825
CSSC,-1.4968998018059096,-1.0924035152419056,0.40449628656400405,0.40449628656400405
C1=CCC=CC1,-2.0586999774347783,-2.8418132032404477,-0.7831132258056694,0.7831132258056694
c1ccc2c(c1)Nc1ccccc1S2,-5.590000243295976,-5.46485676285789,0.1251434804380862,0.1251434804380862
CNC(=O)/C=C(\C)OP(=O)(OC)OC,0.651400339107882,0.2684645464024702,-0.3829357927054118,0.3829357927054118
CCCCN(CCCC)CCCC,-3.1156999452198257,-2.8452196039194253,0.27048034130040044,0.27048034130040044
Cc1ccccc1NC(=O)C1=Cc2ccccc2/C(=N/Nc2ccc(Cl)cc2[N+](=O)[O-])C1=O,-7.5632144880145145,-7.833341989393293,-0.27012750137877894,0.27012750137877894
CCCCOC(=O)CCC(C)(OOC(C)(C)C)OOC(C)(C)C,-5.189881342233278,-5.3291936993146605,-0.13931235708138257,0.13931235708138257
CCCCN(C)N=Nc1ccc(C(=O)O)cc1,-1.809999842957538,-2.421404337421538,-0.6114044944640002,0.6114044944640002
OCCOCCOCCOCCO,0.7116907705180218,0.742739648418874,0.0310488779008522,0.0310488779008522
Clc1ccc(Oc2ccc(Cl)c(Cl)c2)cc1,-5.660299834289034,-6.4658643710195385,-0.8055645367305049,0.8055645367305049
O=C1C(O)=C(O)OC1C(O)CO,0.27700013066811735,0.3768896550974752,0.09988952442935783,0.09988952442935783
NC(Cc1c[nH]c2ccccc12)C(=O)O,-1.7699998507711208,-1.9358603041923241,-0.16586045342120337,0.16586045342120337
CNC(=S)NN,-0.46557251192185944,-0.22085852566259634,0.2447139862592631,0.2447139862592631
CCCCOC(C)=O,-1.2199584638673324,-0.982185022873493,0.23777344099383946,0.23777344099383946
Brc1c(Br)c(Br)c(CCc2c(Br)c(Br)c(Br)c(Br)c2Br)c(Br)c1Br,-9.129988337107248,-9.651251388819917,-0.5212630517126691,0.5212630517126691
CCN(CC)c1cc(NC(C)=O)c(N=Nc2c(Cl)cc([N+](=O)[O-])cc2[N+](=O)[O-])cc1OC,-4.667327876916152,-6.342317861958449,-1.6749899850422967,1.6749899850422967
O=C(O)c1ccc(Cl)c([N+](=O)[O-])c1,-2.7599999161854036,-2.3933002291909884,0.36669968699441524,0.36669968699441524
CCOP(=O)([O-])C(N)=O,0.7693001671808144,0.15872100463978356,-0.6105791625410308,0.6105791625410308
CCN(CC)C(=O)/C(C#N)=C\c1cc(OC(=O)NC(C)(C)C)c(O)c([N+](=O)[O-])c1,-3.529999921054208,-4.768183589732631,-1.238183668678423,1.238183668678423
O=C1CCC(=O)N1,0.39000027940304927,0.22628573038964062,-0.16371454901340865,0.16371454901340865
CCC(=O)C(C)=O,-0.17639978110998733,0.0595704762996605,0.23597025740964783,0.23597025740964783
CC(C)CC(NC(=O)CC(O)C(CC1CCCCC1)NC(=O)C(Cc1c[nH]cn1)NC(=O)C(Cc1ccccc1)NC(=O)OC(C)(C)C)C(=O)NCc1cccc(CN)c1,-4.699999813280455,-3.527038277593859,1.1729615356865954,1.1729615356865954
COCCOCCOCCOCCOC,0.6530977940771403,0.9746604722711876,0.32156267819404727,0.32156267819404727
O=CNC(Nc1ccc(Cl)c(Cl)c1)C(Cl)(Cl)Cl,-3.3227998897545734,-4.136690727444729,-0.8138908376901557,0.8138908376901557
Cc1cc(S(=O)(=O)[O-])ccc1N/N=C1/C(=O)C=Cc2ccccc21,-0.43660038694566605,-1.8464168635372311,-1.409816476591565,1.409816476591565
O=c1nccc[nH]1,0.6749002491132501,0.28225674760170216,-0.3926435015115479,0.3926435015115479
Cc1c[nH]c(=S)[nH]c1=O,-2.4460999055559673,-1.7809488356008818,0.6651510699550855,0.6651510699550855
CCCCCCCCCCCC[n+]1ccccc1,-0.4539103420354911,-1.6297496008196688,-1.1758392587841777,1.1758392587841777
C1=Cc2cccc3cccc1c23,-3.975600001023458,-5.040319382687496,-1.0647193816640383,1.0647193816640383
CCN(CC)C(=O)COC(=O)c1ccccc1O,-2.5599998517331337,-1.9400944177585107,0.619905433974623,0.619905433974623
O=C1CC2CCC1C2,-1.7564998525455369,-1.7778462666629258,-0.021346414117388912,0.021346414117388912
CC1(C)C(C=C(Cl)Cl)C1C(=O)OC(C#N)c1ccc(F)c(Oc2ccccc2)c1,-7.337000248830359,-7.573363882940477,-0.23636363411011807,0.23636363411011807
O=c1ccc2ccccc2[nH]1,-2.139399896280625,-2.7262359453965583,-0.5868360491159335,0.5868360491159335
Nc1nccs1,-0.3599995913456344,-0.17281190954787196,0.18718768179776246,0.18718768179776246
COC(C)(C)CC(C)=O,0.3326001315395244,-0.15222133080303601,-0.4848214623425604,0.4848214623425604
Cc1c[nH]c(=O)[nH]c1=O,-1.5186999103845078,-1.243697298458144,0.27500261192636377,0.27500261192636377
O=C(O)C1CCNCC1C(=O)O,-0.5394997262278167,-0.2091803446543845,0.3303193815734322,0.3303193815734322
CC1(C(=O)O)CCCC=C1C(=O)O,-1.9641999208422345,-1.5033278531454217,0.46087206769681277,0.46087206769681277
CCC1(CC)C(=O)N(c2ccccc2)N=C1OC(C)=O,-3.539999901847448,-3.3600445197012916,0.17995538214615658,0.17995538214615658
C[C@@H](CCl)[N+](=O)[O-],-1.1886997850595624,-1.1285632536568,0.06013653140276243,0.06013653140276243
O=C([O-])CC(O)(CC(=O)[O-])C(=O)[O-],-0.9241153064576935,-0.13366609690912545,0.790449209548568,0.790449209548568
Clc1ccc(C(c2ccccc2Cl)C(Cl)(Cl)Cl)cc1,-7.130000460073955,-6.736628728572342,0.3933717315016132,0.3933717315016132
CC1=C(C(=O)O)N2C(=O)C(NC(=O)C(N)C3=CCC=CC3)C2SC1,-1.219999871941066,-1.8914506972205456,-0.6714508252794795,0.6714508252794795
Nc1ccc(N/N=C2\C=Cc3c(cccc3S(=O)(=O)[O-])C2=O)cc1,-1.2915599246985783,-1.564509938409961,-0.2729500137113827,0.2729500137113827
O=C(O)COc1cc(Cl)cc(Cl)c1Cl,-2.999999938317362,-3.0522323930856454,-0.05223245476828353,0.05223245476828353
Cn1c(=O)c2[nH]c(-c3ccccc3)nc2n(C)c1=O,-5.000000065239136,-3.295226011908184,1.7047740533309517,1.7047740533309517
Clc1ccc(Cl)c(Oc2ccc(Cl)c(Cl)c2)c1,-7.070000161233775,-7.13012661667193,-0.06012645543815509,0.06012645543815509
COCCN(C(=O)CCl)c1c(C)cccc1C,-2.0899997882624572,-2.521253005884812,-0.4312532176223547,0.4312532176223547
Oc1ccc(O)cc1,-0.9636180566920245,-0.3435053753083639,0.6201126813836606,0.6201126813836606
CNC(=O)Oc1c(C(C)(C)C)cc(C)cc1C(C)(C)C,-4.598000133413626,-4.646310380931122,-0.04831024751749613,0.04831024751749613
CC(C)(C)c1ccc(OC(=O)c2cc(C(C)(C)C)c(O)c(C(C)(C)C)c2)c(C2C(=O)Oc3ccc(C(C)(C)C)cc32)c1,-8.848513367202477,-7.641856701649619,1.2066566655528579,1.2066566655528579
CC(C)(SC(=O)N1CCCCC1)c1ccccc1,-4.119599821064956,-4.773083269070631,-0.6534834480056757,0.6534834480056757
O=[N+]([O-])c1c(O)cccc1O,-2.0733999126237097,-1.6652528832389712,0.40814702938473846,0.40814702938473846
CC(C)CC(=O)O,-0.327924897431485,-0.4166439038366061,-0.08871900640512109,0.08871900640512109
Clc1ccc(C(c2ccccc2Cl)C(Cl)Cl)cc1,-6.50520010868981,-6.497161973416619,0.008038135273191749,0.008038135273191749
O=c1cccc2n1C[C@@H]1CNC[C@@H]2C1,0.36300028295188147,-0.18881281740006095,-0.5518131003519424,0.5518131003519424
COC(=O)C1CC1S(=O)(=O)c1ccc([N+](=O)[O-])cc1,-3.3800000711286926,-3.348426380399993,0.03157369072869942,0.03157369072869942
Cc1cc(O)ccc1O,-0.20741718887480198,-0.07663696538625464,0.13078022348854734,0.13078022348854734
Nc1ccccc1C(F)(F)F,-1.6756866136045723,-2.088639325999935,-0.4129527123953629,0.4129527123953629
O=[N+]([O-])c1c(Cl)c(Cl)c(Cl)c(Cl)c1Cl,-5.826899973934034,-6.538491371810256,-0.711591397876222,0.711591397876222
CC(C)COC(=O)C1CCCCC1C(=O)OCC(C)C,-4.19123509848975,-3.56719789790452,0.6240372005852306,0.6240372005852306
COc1ccccc1[N+](=O)[O-],-1.9571999549910033,-2.228613315086127,-0.27141336009512385,0.27141336009512385
Cc1nc(C)c(C(=O)Nc2ccccc2)s1,-1.72999992759816,-3.0068489717398337,-1.2768490441416738,1.2768490441416738
Nc1nc(N)c2nc[nH]c2n1,-1.7999998621642976,-3.0346099364393613,-1.2346100742750636,1.2346100742750636
COC=O,0.6985942249575166,0.6229204181014705,-0.07567380685604608,0.07567380685604608
O=C(O)c1nc(Cl)ccc1Cl,-1.3883998825243593,-2.2675553309886474,-0.8791554484642881,0.8791554484642881
CC(CCO)CCO,0.9274710032827511,-0.031731289691145914,-0.959202292973897,0.959202292973897
CC1OC(n2ccc(NC(=O)c3ccc(NC(=O)C(C)(N)CO)cc3)nc2=O)CCC1OC1OC(C)C(N(C)C)C(O)C1O,-2.49039998817272,-2.1968348269260867,0.29356516124663345,0.29356516124663345
CN1C(=O)C23CC4=CC=CC(O)C4N2C(=O)C1(CO)SS3,-3.6700000662403083,-3.122716353527002,0.5472837127133063,0.5472837127133063
CN(C)Cc1ccccc1Cl,-1.8493553184762892,-1.6192217360997798,0.23013358237650938,0.23013358237650938
O=C1NC(=O)C2C3C(C(O)(c4ccccc4)c4ccccn4)=CC(C3=C(c3ccccc3)c3ccccn3)C12,-3.9309999859259603,-4.335799103535871,-0.40479911760991083,0.40479911760991083
C[Si](C)(C)CCN,-1.8069998970289851,-1.5283319804426236,0.2786679165863615,0.2786679165863615
CN(C)C(=O)CCC(=O)N(C)C,0.5035000855610354,0.8730726647110969,0.3695725791500615,0.3695725791500615
CC(=O)N(C)C,1.0598724908848864,1.1473553282621434,0.08748283737725693,0.08748283737725693
CCn1cc(C(=O)O)c(=O)c2cnc(N3CCNCC3)nc21,-2.9739999209668175,-2.584300559377784,0.3896993615890336,0.3896993615890336
Cn1nc(S(N)(=O)=O)sc1=NS(=O)(=O)C(F)(F)F,-1.1599998491547125,-2.0135747009219687,-0.8535748517672561,0.8535748517672561
CC12CCC(CC1=O)C2(C)C,-1.978399853540831,-2.5650892145555626,-0.5866893610147317,0.5866893610147317
CCNC(=S)NCC,-1.4599999630864808,-0.7847074347528982,0.6752925283335827,0.6752925283335827
CCN(CC[N+](C)(C)CC(C)O)c1ccc(N=Nc2ccc([N+](=O)[O-])cc2Cl)cc1,-0.5625201307393479,-2.2550094437953447,-1.6924893130559968,1.6924893130559968
CCC(C)(C)c1ccccc1O,-2.4912242158803903,-3.0850827637410116,-0.5938585478606213,0.5938585478606213
Nc1ncnc2c1ccn2C1OC(CO)C(O)C1O,-1.951499926601186,-1.4228740362844658,0.5286258903167202,0.5286258903167202
CC(C)(C)NCC(O)COc1cccc2c1C[C@H](O)[C@H](O)C2,-1.5698998893409686,-1.5504356102016903,0.019464279139278284,0.019464279139278284
O=C1c2ccccc2C(=O)C1C(=O)C(c1ccccc1)c1ccc(Cl)cc1,-3.573800070194082,-5.395463732625776,-1.8216636624316944,1.8216636624316944
CSc1nnc(C(C)(C)C)c(=O)n1N,-2.244999801118233,-2.7112902532900174,-0.46629045217178433,0.46629045217178433
CCCCCCCCCCCCCCCC(=O)N1C(=O)CC[C@H]1C(=O)[O-],-4.022319281334648,-4.938710871090539,-0.9163915897558912,0.9163915897558912
CCC(NC=O)C(=O)O,-0.5917997796764705,-0.583420717929537,0.00837906174693348,0.00837906174693348
CC(C)(N)C(=O)O,0.24530031784817075,0.40892708174526415,0.1636267638970934,0.1636267638970934
CC1=CCC2C(=O)OC(=O)C2C1,-1.099994305291861,-1.5666924199495535,-0.4666981146576925,0.4666981146576925
C1CCCCCCCCCCC1,-7.022026423328823,-4.556075148892784,2.465951274436039,2.465951274436039
Cc1[nH]c(=O)n(C(C)C)c(=O)c1Br,-2.0603999168884606,-1.8817269772925658,0.1786729395958948,0.1786729395958948
CCCCCCCCC(=O)NNC(=O)c1ccncc1,-3.519999940260968,-2.708534994570503,0.811464945690465,0.811464945690465
C=COC1CCCCC1,-2.582541854966128,-2.4212344262923176,0.16130742867381054,0.16130742867381054
C[C@H]1CCC2(O)C(C)(C)C3CC[C@@]2(C)C1C3,-3.725903726319096,-4.117252535391903,-0.3913488090728068,0.3913488090728068
CC(=O)N[C@@H](CSc1ccc(Cl)c(Cl)c1)C(=O)O,-2.886799985921647,-2.6787795668661802,0.20802041905546664,0.20802041905546664
CCC(O)(CC)CC,-0.8499999614700724,-0.9832735031050404,-0.13327354163496796,0.13327354163496796
CC(C)Cc1ccc(C(C)C(=O)OCC(=O)N(C)CC(N)=O)cc1,-3.4100000480151413,-2.236801347586235,1.1731987004289062,1.1731987004289062
CC1(C)COC(=O)C1O,0.6515309125670559,-0.23829187681214758,-0.8898227893792034,0.8898227893792034
O=NN([O-])c1ccccc1,-6.194649217570687,-2.1982954277135875,3.9963537898570993,3.9963537898570993
CC[P+](c1ccccc1)(c1ccccc1)c1ccccc1,-1.3321732394704482,-0.5022763524256151,0.8298968870448331,0.8298968870448331
CCN(Cc1cccc(S(=O)(=O)[O-])c1)c1ccc(N=Nc2ccc(N=Nc3cccc(S(=O)(=O)[O-])c3)c3ccccc23)cc1,0.17154398085982114,-0.6899665902115926,-0.8615105710714137,0.8615105710714137
CN1[C@@H]2CC[C@H]1C[C@@H](OC(=O)C(CO)c1ccccc1)C2,-1.9999998921098392,-2.095499125521578,-0.0954992334117386,0.0954992334117386
O=C1CCCCCCCCCCCCCCN1,-2.874000007357561,-3.6964613436522002,-0.8224613362946394,0.8224613362946394
FCCCl,-0.5290996744288523,-1.0575301876510057,-0.5284305132221534,0.5284305132221534
NC(=S)NS(=O)(=O)c1ccc(N)cc1,-2.2399999142417975,-2.248940676508929,-0.008940762267131586,0.008940762267131586
COC(C)(C)CCO,-0.07252900841804344,0.21965132881602178,0.2921803372340652,0.2921803372340652
CC1CCC(C(C)C)C(=O)C1,-2.489999917166996,-2.0262085802719554,0.4637913368950408,0.4637913368950408
COC(=O)C(=O)OC,-0.2918995972293126,-0.343711863569383,-0.05181226634007041,0.05181226634007041
CC1(O)CCC(C(C)(C)O)CC1,-1.6556999026016865,-0.17737425111185434,1.4783256514898322,1.4783256514898322
O=C(O)CC(Cl)C(=O)O,0.0767001682418309,0.17495379770488162,0.09825362946305072,0.09825362946305072
CCN(CC)C(C#N)c1ccccc1,-0.9737997499154996,-1.8365461449474965,-0.8627463950319969,0.8627463950319969
CCC(CO[N+](=O)O)O[N+](=O)O,-1.889999896343828,-1.9790641080569764,-0.08906421171314838,0.08906421171314838
CC(C)CNC(=O)c1cc(N2CC2)c([N+](=O)[O-])cc1[N+](=O)[O-],-3.8499998585455444,-3.960100613957641,-0.11010075541209652,0.11010075541209652
C=C1CC23CC1(O)CCC2C12C=CC(O)C(C)(C(=O)O1)C2C3C(=O)O,-1.8399999233641708,-3.2533880878623673,-1.4133881644981965,1.4133881644981965
COc1cc(CC(C(C)=O)C(C)=O)ccc1O,-1.7863658398067288,-2.0516837244078783,-0.26531788460114947,0.26531788460114947
CCCCCCCCCCc1ccccc1,-7.959000034160978,-6.631443939673915,1.327556094487063,1.327556094487063
CCCC(Br)(CCC)C(N)=O,-1.828099864094202,-2.389602212152741,-0.561502348058539,0.561502348058539
CC(=O)COc1c(C)cccc1C,-1.9185446899990892,-2.1646168610768184,-0.24607217107772916,0.24607217107772916
CN1CCCC1c1cccnc1,0.7900003392941324,0.29684343170897165,-0.49315690758516073,0.49315690758516073
CC(=O)Oc1ccccc1C(=O)OCC(N)=O,-1.789999812357601,-1.8060586915130175,-0.016058879155416372,0.016058879155416372
Nc1cccc(Nc2ccccc2C(=O)O)c1,-4.090000087717872,-3.332503630286977,0.7574964574308951,0.7574964574308951
CS(=O)(=O)c1ccc(C(=O)C2C(=O)CCCC2=O)c(Cl)c1,-3.2994000492607287,-3.0004801253190787,0.29891992394165,0.29891992394165
O=C1c2ccccc2C(=O)c2c(NCCCOCCOCCO)ccc(NCCCOCCOCCO)c21,0.057188959952321206,-0.9776269601437961,-1.0348159200961173,1.0348159200961173
CCCNC(=O)c1cc(N2CC2)c([N+](=O)[O-])cc1[N+](=O)[O-],-3.89000005777233,-3.8260827621973093,0.0639172955750209,0.0639172955750209
N=C(N)NC(=N)Nc1cccc2ccccc12,-2.3150998742093503,-1.790871038228959,0.5242288359803913,0.5242288359803913
S=C(Nc1ccccc1)Nc1ccccc1,-3.9716885253651135,-4.000807096895412,-0.029118571530298176,0.029118571530298176
CCOC(=O)N(C)C(=O)CSP(=S)(OCC)OCC,-2.517699882597905,-2.109120242362833,0.4085796402350721,0.4085796402350721
CC(C)C(O)C(C)(C)CO,-0.6667257567208851,-0.5988858053076114,0.0678399514132737,0.0678399514132737
Oc1cccc(Br)c1,-0.8763998169059262,-1.4508926713494836,-0.5744928544435575,0.5744928544435575
CC(C)CC(NC(=O)CC(O)C(CC(C)C)NC(=O)C(Cc1c[nH]cn1)NC(=O)C(Cc1ccccc1)NC(=O)OC(C)(C)C)C(=O)NC(Cc1cccc(CN)c1)C(=O)O,-2.819999861331619,-2.6315305047582953,0.18846935657332375,0.18846935657332375
CC(=O)C(N=Nc1ccccc1C(=O)O)C(=O)Nc1ccc2[nH]c(=O)[nH]c2c1,-7.3309016677308545,-6.2799523339466,1.0509493337842546,1.0509493337842546
Cc1ccc(C2(O)CCN(CCCC(=O)c3ccccc3)CC2)cc1,-1.619999931832149,-3.1350028881518193,-1.5150029563196703,1.5150029563196703
CC(C)N(C(=O)SCC(Cl)=CCl)C(C)C,-4.079999899884263,-3.98223854340445,0.09776135647981299,0.09776135647981299
NCCCCC(=O)O,0.9313001458878221,0.41130859809260345,-0.5199915477952186,0.5199915477952186
Oc1c(Cl)cc(Cl)c(Cl)c1Cc1c(O)c(Cl)cc(Cl)c1Cl,-3.4633998653954348,-5.830118485478445,-2.36671862008301,2.36671862008301
O=S(=O)([O-])CCN1CCOCC1,0.1885298487592233,-0.05218052887763758,-0.24071037763686087,0.24071037763686087
COc1cc(NS(=O)(=O)c2ccc(C)cc2)c2c(c1N)C(=O)c1ccccc1C2=O,-5.112570398168712,-5.34594464540908,-0.23337424724036815,0.23337424724036815
CCC(C)Cl,-2.001263735533649,-1.9412566733747605,0.0600070621588884,0.0600070621588884
OCCCCCCCl,-1.0824419749437815,-1.6379161011214356,-0.5554741261776541,0.5554741261776541
OCC(O)CCl,0.9565002714006972,0.7263961577699947,-0.2301041136307025,0.2301041136307025
CC(C)(C)CC(C)(C)c1ccc([O-])c(Sc2cc(C(C)(C)CC(C)(C)C)ccc2[O-])c1,-6.446040669800251,-6.862198988223711,-0.4161583184234603,0.4161583184234603
CCCC(=O)n1c(=O)[nH]cc(F)c1=O,-1.2799997567005073,-1.5327057772442054,-0.2527060205436982,0.2527060205436982
O=C(NCCCCCCNC(=O)OCCO)OCCO,-0.9199998960362101,-0.6245469407080555,0.29545295532815463,0.29545295532815463
COc1ccc2nccc(C(O)C3CC4CCN3CC4C(=O)O)c2c1,-2.02999983448956,-2.1496569521982956,-0.11965711770873577,0.11965711770873577
CCCCCCCC[Si](OCC)(OCC)OCC,-6.327740839735052,-5.36430857400234,0.9634322657327115,0.9634322657327115
Cc1cc(Cc2ccc(Cl)cc2Cl)c(Cl)cc1Cl,-7.490000044684427,-7.795073199756226,-0.3050731550717991,0.3050731550717991
NN=c1nc[nH]c2nccnc12,-1.863199831875338,-2.2348320486129154,-0.3716322167375774,0.3716322167375774
Cc1cc(C)c(S(=O)(=O)[O-])c(C)c1Nc1ccc(Nc2c(C)cc(C)c(S(=O)(=O)[O-])c2C)c2c1C(=O)c1ccccc1C2=O,-1.792260969237288,-1.0388195354536813,0.7534414337836066,0.7534414337836066
Nc1cnn(-c2ccccc2)c(=O)c1Cl,-2.7435998172490574,-2.977639069526907,-0.23403925227784939,0.23403925227784939
NNP(=O)(Oc1ccccc1)Oc1ccccc1,-2.2372998317805335,-2.6037523470814863,-0.3664525153009528,0.3664525153009528
C#CC1(O)CCC2C3CCc4cc(O)ccc4C3CCC21C,-4.469999771941737,-4.802001149470233,-0.33200137752849646,0.33200137752849646
N#CCO/N=C(\C#N)c1ccccc1,-3.289900036451095,-3.3504542717976467,-0.0605542353465518,0.0605542353465518
Brc1cccc(Nc2ncnc3cc4[nH]ncc4cc23)c1,-3.960000061351924,-3.9464633479676294,0.013536713384294519,0.013536713384294519
CCC(C)(O)C(O)c1ccccc1,-1.7243998997064098,-1.0960315526355426,0.6283683470708672,0.6283683470708672
Nc1cccc2cc(S(=O)(=O)O)ccc12,-2.2399999142417975,-2.2231409620883893,0.016858952153408158,0.016858952153408158
Clc1cc(Cl)c(-c2ccc(Cl)c(Cl)c2Cl)cc1Cl,-8.381300550188275,-8.425855085418121,-0.04455453522984598,0.04455453522984598
O=C1C=CC=C2C(=O)C(NNc3cc(S(=O)(=O)[O-])ccc3O)=CC=C12,-0.9011957996191597,-1.5736500805521203,-0.6724542809329606,0.6724542809329606
COC(C)(C)CCOC(C)=O,-0.4390291084970621,-0.8876131232730211,-0.448584014775959,0.448584014775959
COc1ccc2c(c1)C13CCCCC1C(C2)N(C)CC3,-3.479999982581279,-3.2518589567128364,0.22814102586844243,0.22814102586844243
Nc1ccc(O)cc1,-0.7999998504635029,-0.546943793669842,0.25305605679366083,0.25305605679366083
CCCCO[P+](=O)OCCCC,-1.4248998572784326,-2.0148731891008023,-0.5899733318223697,0.5899733318223697
CCC(CC)CO[Si](OCC(CC)CC)(OCC(CC)CC)OCC(CC)CC,-8.190645632349874,-8.38904938105298,-0.19840374870310562,0.19840374870310562
ClC1(Cl)C2(Cl)C3(Cl)C4(Cl)C(Cl)(Cl)C5(Cl)C3(Cl)C1(Cl)C5(Cl)C24Cl,-6.807400371605964,-6.793539985111984,0.013860386493980137,0.013860386493980137
NC(Cc1ccc(O)c(O)c1)C(=O)O,-1.5958998808114668,-1.2611075991133167,0.3347922816981501,0.3347922816981501
CCCC(=O)OCSc1ncnc2c1ncn2COC(=O)CCC,-3.7099999894132694,-3.519713603431099,0.19028638598217018,0.19028638598217018
CCCCC(O)CN(/N=C\c1ccc([N+](=O)[O-])o1)C(N)=O,-3.5715999212096965,-2.755428947939393,0.8161709732703035,0.8161709732703035
Cc1ccc(OP(=O)(Oc2cccc(C)c2)Oc2ccccc2C)cc1,-6.010000402800452,-6.11482687383417,-0.1048264710337179,0.1048264710337179
O=S(=O)(O)c1cccc(Nc2nc(NCCO)nc(Nc3ccc(/C=C/c4ccc(Nc5nc(NCCO)nc(Nc6cccc(S(=O)(=O)O)c6)n5)cc4S(=O)(=O)O)c(S(=O)(=O)O)c3)n2)c1,-0.8876901422901655,-0.6594148852493698,0.22827525704079576,0.22827525704079576
O=C(O)CCCCc1ccccc1,-2.465699830643452,-2.437522568149306,0.028177262494146316,0.028177262494146316
CC(C)(C)c1cc(CCC(=O)OCCSCCOC(=O)CCc2cc(C(C)(C)C)c(O)c(C(C)(C)C)c2)cc(C(C)(C)C)c1O,-5.808172758507216,-7.233336240453259,-1.4251634819460426,1.4251634819460426
Oc1ccc(Br)cc1Br,-2.122499812107308,-2.3945624162918486,-0.27206260418454065,0.27206260418454065
O=C(O)C(I)=C(Br)I,-1.2890998710380572,-1.366811231175628,-0.07771136013757074,0.07771136013757074
Nc1c(Cl)c(Cl)nc(C(=O)O)c1Cl,-2.7493998288835773,-3.069265845763113,-0.31986601687953575,0.31986601687953575
O=S(=O)([O-])c1ccc(O)cc1,-8.36319031506009,-1.8999606084804774,6.463229706579612,6.463229706579612
CNc1ccc(O)cc1,-0.8380789911228681,-0.8966686549178511,-0.05858966379498298,0.05858966379498298
C[C@@H]1C[C@H]2[C@@H]3C[C@H](F)C4=CC(=O)C=C[C@]4(C)[C@@]3(F)[C@@H](O)C[C@]2(C)[C@@]1(O)C(=O)CO,-5.613300014278298,-4.2696958067349895,1.3436042075433088,1.3436042075433088
Cc1cc(Cl)c(Cl)c(Cl)c1Cc1ccccc1Cl,-7.24000017978614,-7.673236292032691,-0.4332361122465507,0.4332361122465507
Clc1ccc(Oc2c(Cl)ccc(Cl)c2Cl)c(Cl)c1,-7.24000017978614,-7.738518052650695,-0.4985178728645554,0.4985178728645554
CCNC(=O)[C@H](C)OC(=O)Nc1ccccc1,-1.829299939084462,-1.6295131607186493,0.1997867783658127,0.1997867783658127
CCC(=O)Oc1ccc([N+](=O)[O-])cc1,-3.892499932197092,-3.0474501056366803,0.8450498265604116,0.8450498265604116
CO[P+](=O)OC,-0.03758970396299466,0.00850245107149794,0.0460921550344926,0.0460921550344926
CCC(C)c1cc(C(C)CC)c(O)c(C(C)CC)c1,-5.549793279754347,-5.935155585580555,-0.3853623058262077,0.3853623058262077
COc1ccccc1CC(C)NC(C)Cc1ccccc1OC,-1.9999998921098392,-2.22514387061489,-0.22514397850505086,0.22514397850505086
Clc1cc2c(oc3c(Cl)c(Cl)c(Cl)c(Cl)c32)c(Cl)c1Cl,-11.481700809296065,-11.01790829917227,0.4637925101237954,0.4637925101237954
NC(=O)NN=C[C@H](O)[C@@H](O)[C@H](O)[C@H](O)CO,-1.0040998318163337,-0.5955044220065151,0.40859540980981857,0.40859540980981857
O=[N+]([O-])c1ccc(N=Nc2ccc(Nc3ccccc3)cc2)cc1,-7.522900139535002,-6.206711389449323,1.3161887500856793,1.3161887500856793
CCOP(=O)(OCC)SCCSCC,-3.0231499069662697,-1.9850648280755565,1.0380850788907132,1.0380850788907132
CC1=C(C(=O)O)N2C(=O)C(N)C2SC1,-3.045355262559809,-2.2030605308119533,0.8422947317478555,0.8422947317478555
O=C1OC(C(O)CO)C(O)=C1O,0.28000028363703855,0.22342802119436334,-0.056572262442675214,0.056572262442675214
O=C1C(=C2Nc3ccccc3C=C2O)C(=O)c2ccccc21,-7.0463602919391874,-6.423261260277851,0.6230990316613365,0.6230990316613365
OCC1=C[C@H](N[C@H]2C[C@H](CO)[C@@H](O[C@@H]3O[C@H](CO)[C@@H](O)[C@H](O)[C@H]3O)[C@H](O)[C@H]2O)[C@H](O)[C@@H](O)[C@@H]1O,0.3032001231347494,0.1283473543946161,-0.17485276874013334,0.17485276874013334
CN(/C(N)=N/[N+](=O)[O-])[N+](=O)[O-],-0.6103997342900134,-1.7986430576149557,-1.1882433233249423,1.1882433233249423
C=CC(C)(CCC=C(C)C)OC(C)=O,-3.8157767757391765,-3.3105820235186982,0.5051947522204783,0.5051947522204783
C=C(C)C(=O)OCCOc1ccc(C(C)(C)c2ccc(OCCOC(=O)C(=C)C)cc2)cc1,-5.379201953909064,-6.738449855655151,-1.3592479017460875,1.3592479017460875
CC12C=CC(=O)C=C1CCC1C3CC(O)C(O)(C(=O)CO)C3(C)CC(O)C12F,-3.6800000470335483,-3.5180162864887534,0.1619837605447949,0.1619837605447949
C=C[C@H]1CN2CCC1C[C@H]2[C@H](O)c1ccnc2ccc(OC)cc12,-2.8121430157812424,-2.7124296654522575,0.09971335032898487,0.09971335032898487
O=C(O)CCCOc1ccc(Cl)cc1,-3.2899999334289776,-2.434461441791812,0.8555384916371658,0.8555384916371658
CCOC(=O)CCl,-0.8004997839403813,-0.8188880052702325,-0.018388221329851184,0.018388221329851184
Cc1cnc2c(ccc3c(C)c(C)cnc32)c1C,-5.193900133816049,-4.929873559994285,0.26402657382176375,0.26402657382176375
Cc1c2ccccc2c(CN2CCOCC2)c2ccccc12,-4.400000113429424,-4.2487741014271965,0.15122601200222796,0.15122601200222796
Cc1cc(N)ccc1S(=O)(=O)Nc1ccccc1[N+](=O)[O-],-4.510000247222347,-4.130973790758137,0.37902645646421007,0.37902645646421007
CCN(C(=O)Oc1cccc(NC(=O)OC(C)C)c1)c1ccccc1,-5.05740021310266,-4.450073240672678,0.6073269724299823,0.6073269724299823
CC(=O)OC(C)(C)C,-1.1442998399716553,-0.5468005217347236,0.5974993182369317,0.5974993182369317
CN1C[C@@H]2C[C@@H](C1)c1cccc(=O)n1C2,0.6484001861389608,-0.023199570179047946,-0.6715997563180087,0.6715997563180087
Clc1ccc(-c2ccccc2)c(Cl)c1Cl,-6.179900213814381,-6.575747043909971,-0.3958468300955893,0.3958468300955893
C/C=C/C(C)O,0.015200068971016556,0.10181582128428923,0.08661575231327268,0.08661575231327268
CCCCC(=O)CC,-1.42419992280542,-1.5236317499931078,-0.09943182718768773,0.09943182718768773
CC(C)CCC(C)O,-1.374999815783386,-0.9158648857931597,0.4591349299902263,0.4591349299902263
CCN(CC)CCCNc1nc(Nc2ccc(N=Nc3c(S(=O)(=O)O)cc4cc(S(=O)(=O)O)cc(Nc5nc(NCC(C)N)nc(NCC(C)N)n5)c4c3O)cc2)nc(Nc2ccc(N=Nc3c(S(=O)(=O)O)cc4cc(S(=O)(=O)O)cc(Nc5nc(NCC(C)N)nc(NCC(C)N)n5)c4c3O)cc2)n1,-0.7942188692895362,-0.9170143739200081,-0.12279550463047184,0.12279550463047184
O=C(c1ccccc1)C(O)c1ccccc1,-2.8497223178572315,-2.404193209601025,0.44552910825620673,0.44552910825620673
c1ccc(C[P+](c2ccccc2)(c2ccccc2)c2ccccc2)cc1,-0.7188244289042807,-1.0410452194168693,-0.3222207905125887,0.3222207905125887
CO/C=C(/C(=O)OC)c1ccccc1Oc1cc(Oc2ccccc2C#N)ncn1,-4.827600034733164,-4.941626275535219,-0.1140262408020547,0.1140262408020547
CCNc1cc2[o+]c3cc(NCC)c(C)cc3c(-c3ccccc3C(=O)OC)c2cc1C,-1.3909845744868188,-2.585801222476623,-1.1948166479898041,1.1948166479898041
CC(C)(C)c1cc(CCC(=O)NNC(=O)CCc2cc(C(C)(C)C)c(O)c(C(C)(C)C)c2)cc(C(C)(C)C)c1O,-7.043598649474973,-6.320850260211933,0.7227483892630397,0.7227483892630397
CCC(C)(C)c1cc(O)c(C(C)(C)CC)cc1O,-6.4955131039205405,-5.770613151146296,0.7248999527742441,0.7248999527742441
O=S(=O)(O)c1cc(I)c(O)c2ncccc12,-2.1999999220553805,-2.2898769742559217,-0.08987705220054121,0.08987705220054121
CC/C=C/CCCCCCCCCCCCCCOCC,-4.799984024171751,-6.416804361313637,-1.6168203371418857,1.6168203371418857
CCOC(=O)Cc1sc(NS(=O)(=O)c2ccc(N)cc2)nc1C,-2.8800000501816014,-3.2090632984282865,-0.3290632482466851,0.3290632482466851
N#CCCCC#N,1.0263002049707008,0.6794496161474628,-0.34685058882323805,0.34685058882323805
CNC(=O)ON=C(CSC)C(C)(C)C,-1.619999931832149,-2.0865537393528797,-0.4665538075207307,0.4665538075207307
C=CC1CN2CCC1CC2C(=O)c1ccnc2ccccc12,-3.1900000047230272,-3.2107056116460226,-0.02070560692299539,0.02070560692299539
Cc1ccccc1[N+](=O)[O-],-2.3242999545382395,-2.5348367519395225,-0.21053679740128306,0.21053679740128306
OC1(c2ccc(Cl)cc2)CCNCC1,-1.7207773833892706,-1.3612504029270127,0.35952698046225784,0.35952698046225784
CC(=O)O[C@]1(C(C)=O)CC[C@H]2[C@@H]3C=C(C)C4=CC(=O)CC[C@]4(C)[C@H]3CC[C@@]21C,-5.28400009948019,-4.942228348927307,0.34177175055288345,0.34177175055288345
CCN(CC)c1ccc(N=Nc2c(C#N)cc([N+](=O)[O-])cc2[N+](=O)[O-])c(NC(C)=O)c1,-6.327772861978739,-6.825207775688243,-0.49743491370950466,0.49743491370950466
CC(C)CC(C)OP(=S)([S-])OC(C)C,-2.318974910762809,-1.7624898064649461,0.5564851042978629,0.5564851042978629
CNC(=O)N(c1ccccc1)c1ccccc1,-2.9839460281307937,-2.937501136694864,0.04644489143592967,0.04644489143592967
Cc1ccc(NO)cc1,-0.7893996596414921,-1.1933298978375562,-0.4039302381960641,0.4039302381960641
Cc1ccc(Nc2nc(Nc3ccc(C)cc3)c(N=Nc3ccccc3C(F)(F)F)c(C)c2C#N)cc1,-7.717157559788236,-8.145314833764433,-0.42815727397619696,0.42815727397619696
Cc1cccc(CC(C)(C)CO)c1,-2.826535392502516,-2.713712108002519,0.11282328449999701,0.11282328449999701
C=CC(O)C(C)C,-0.5149999492686916,-0.647195224663633,-0.13219527539494136,0.13219527539494136
CC(C)c1nn(C(=O)NC(C)(C)C)c(=O)n1N,-1.7188472150456289,-2.529695870572023,-0.8108486555263943,0.8108486555263943
CCC(C(=O)O)C(CC)C(=O)O,-0.8607998772343923,-0.6137052027892644,0.2470946744451279,0.2470946744451279
CC(=O)C(C)=O,0.3661003674054135,0.6480854847785844,0.2819851173731709,0.2819851173731709
S=c1ncc2[nH]cnc2[nH]1,-2.580300021854184,-2.7774233035172124,-0.1971232816630284,0.1971232816630284
CCO/N=C(\OC(=O)c1ccccc1)c1c(OC)ccc(Cl)c1OC,-4.079999899884263,-4.796829971195452,-0.7168300713111888,0.7168300713111888
O=c1[nH]c(=O)n(Cc2ccc(Cl)cc2)cc1F,-3.489999997881247,-3.1351018189413145,0.3548981789399326,0.3548981789399326
Cc1cnc2nc[nH]c(=O)c2n1,-1.6499998051984135,-1.5658258869932191,0.08417391820519438,0.08417391820519438
O=C(/C=C/C=C/c1ccc2c(c1)OCO2)N1CCCCC1,-3.8529999425010093,-3.6805261366103355,0.17247380589067385,0.17247380589067385
O=CC(=O)c1ccccc1,-0.7399998276771491,-1.4992406002140775,-0.7592407725369283,0.7592407725369283
Nc1cc(Cl)c(Cl)cc1Cl,-3.4359504878240714,-3.5816351678790666,-0.14568468005499513,0.14568468005499513
CC12CCc3c(ccc4cc(O)ccc34)C1CCC2O,-4.639999928521014,-4.523967328519648,0.1160326000013665,0.1160326000013665
CC(C)(C)C(O)C(Oc1ccc(Cl)cc1)n1cncn1,-3.3917998883534977,-3.9190889535164524,-0.5272890651629547,0.5272890651629547
C/C=C/c1ccc(OC)c(OC)c1,-2.7782267840546053,-2.6637551304060887,0.11447165364851664,0.11447165364851664
CCC(C)C(O)C(C)CC,-2.510799813724556,-2.3924633720208295,0.1183364417037267,0.1183364417037267
FC(F)(Cl)C(F)(Cl)Cl,-3.0422999333326373,-3.2620557983899525,-0.21975586505731526,0.21975586505731526
CN1CCCCC1,0.23000031065738114,0.37312096828005537,0.14312065762267423,0.14312065762267423
CC(C)(C)CCCO,-1.5401998104285364,-1.3924625666652883,0.14773724376324804,0.14773724376324804
Cc1cccc(N(c2ccccc2)c2ccc(-c3ccc(N(c4ccccc4)c4cccc(C)c4)cc3)cc2)c1,-6.412198679299147,-7.000406991978615,-0.5882083126794679,0.5882083126794679
CCCCCCCCCCC(C)(C)C(=O)NO,-4.800000173320507,-4.378124228075893,0.42187594524461414,0.42187594524461414
CC(=O)CCc1ccc(O)cc1,-1.5520408631934346,-1.9050546987246575,-0.3530138355312229,0.3530138355312229
CN(C)C(=O)N(C(=O)c1ccccc1)c1ccc(Cl)c(Cl)c1,-4.3238001479831345,-3.887125371266822,0.4366747767163126,0.4366747767163126
CC(=O)OCn1c(=O)[nH]cc(F)c1=O,-1.1999999103545858,-1.1858587771206912,0.014141133233894543,0.014141133233894543
CCCCCCCCC(C)=O,-3.3084999910646378,-3.551569800742847,-0.24306980967820913,0.24306980967820913
[O-]c1ccccc1N=Cc1c([O-])ccc2ccccc12,-7.432469875469378,-4.5753887026436715,2.8570811728257066,2.8570811728257066
CC(=O)OCC(S)CS,-1.2207998759256018,-1.651683457476427,-0.4308835815508252,0.4308835815508252
CCCCCCOC(=O)c1cccnc1,-2.6537999393459373,-2.573594881487937,0.08020505785800047,0.08020505785800047
CCC(C)OC(C)=O,-1.272699789355075,-1.024387165434526,0.2483126239205491,0.2483126239205491
O=C(O)CN1CCCCS1(=O)=O,-0.5899997707112647,-0.6591955604854935,-0.0691957897742288,0.0691957897742288
Nc1c(N=Nc2ccc(S(=O)(=O)CCOS(=O)(=O)[O-])cc2S(=O)(=O)[O-])cc(S(=O)(=O)[O-])c(N)c1N=Nc1ccc(S(=O)(=O)CCOS(=O)(=O)[O-])cc1,-0.2891445800568948,-0.12916614350956834,0.15997843654732646,0.15997843654732646
O=C(O)C1C(C(=O)O)C2(Cl)C(Cl)=C(Cl)C1(Cl)C2(Cl)Cl,-2.045699981699529,-2.70704975597913,-0.6613497742796008,0.6613497742796008
COP(=O)(OC)OC1=C(Cl)C2C=CCC12,-2.001099966602032,-2.2197062313856324,-0.21860626478360023,0.21860626478360023
CCOP(=S)(OCC)SCSP(=S)(OCC)OCC,-5.283800236510968,-4.538270229294929,0.7455300072160398,0.7455300072160398
O=S1OCCO1,0.22140012979670987,0.0700326402092255,-0.15136748958748436,0.15136748958748436
CC(O)C(Cl)(Cl)Cl,-0.7573999143408008,-0.2970107337971797,0.4603891805436211,0.4603891805436211
CC(NC(N)=O)NC(N)=O,-0.5915997786803362,-0.8156278095982632,-0.224028030917927,0.224028030917927
ON=C1C=CC(=NO)c2ncccc21,-3.799799884569753,-2.714447239338205,1.085352645231548,1.085352645231548
OC1CCCCCCCCCCC1,-3.9891175976803788,-3.8658889645986525,0.12322863308172627,0.12322863308172627
c1ccc2nc(-c3ccc4ccccc4n3)ccc2c1,-5.40019998809944,-4.193210401633762,1.2069895864656779,1.2069895864656779
NCCc1ccccc1,-0.28238098529322686,-0.6523847605177693,-0.3700037752245424,0.3700037752245424
CCOC,-0.07989992159647263,-0.03275186068177005,0.04714806091470258,0.04714806091470258
CCCCNP(N)(N)=S,-0.773033670605884,-0.7680390287521215,0.004994641853762527,0.004994641853762527
OC(C(F)(F)F)C(F)(F)F,0.020110514408187452,-0.5024604803268176,-0.522570994735005,0.522570994735005
CC(=O)[C@@]1(O)CC[C@H]2[C@@H]3C[C@H](C)C4=CC(=O)C=C[C@]4(C)[C@@]3(F)[C@@H](O)C[C@@]21C,-4.098599854497806,-4.649853945854343,-0.5512540913565367,0.5512540913565367
CC1(C)C2CCC1(C)[C@@H](O)C2,-2.318999893633962,-2.3336504496949657,-0.014650556061003517,0.014650556061003517
CN1CCC23c4c5ccc(O)c4OC2C(=O)CCC3C1C5,-2.0999997690556973,-2.5587859740516294,-0.45878620499593215,0.45878620499593215
C=COCCCl,-2.395100031115825,-1.4903204729703567,0.9047795581454681,0.9047795581454681
Oc1ccc(Sc2ccccc2)cc1,-2.7744998244981547,-3.0779515342960444,-0.3034517097978897,0.3034517097978897
CO[Si](CC(C)C)(OC)C(C)C,-4.024301071743544,-4.421115746549203,-0.39681467480565935,0.39681467480565935
FC(F)(F)Br,-2.6677707818766017,-2.6978029535403785,-0.030032171663776808,0.030032171663776808
Nc1ccc(C(=O)O)c(O)c1,-1.9571999549910033,-1.845441496360433,0.11175845863057021,0.11175845863057021
OC(CI)CI,-1.3970998568427289,-1.642112947421262,-0.24501309057853304,0.24501309057853304
c1ccc2ccccc2c1,-4.311225482178587,-4.300226117525783,0.010999364652803933,0.010999364652803933
C[C@@H](Cl)[C@@H](C)Cl,-2.354099895921826,-2.4316249197275948,-0.07752502380576898,0.07752502380576898
Cn1cncc1CC(N)C(=O)O,0.08000011566458465,-0.46449093303593436,-0.544491048700519,0.544491048700519
O=C(O)c1cccc(F)c1,-1.97039988270893,-1.766565465135645,0.2038344175732849,0.2038344175732849
C[C@H](N)[C@@H](O)c1ccccc1,-0.878599689836487,-0.8317725414932209,0.04682714834326607,0.04682714834326607
O=C1CCC(N2C(=O)c3ccccc3C2=O)C(=O)N1,-2.6758000144139413,-2.683602123666851,-0.007802109252909695,0.007802109252909695
C[C@]12CC[C@H](O)CC1=CC[C@@H]1[C@@H]2CC[C@]2(C)C(=O)CC[C@@H]12,-4.1220002470993,-4.4737247042279105,-0.35172445712861045,0.35172445712861045
CCCOCCC(=O)OC,-0.6333998488454151,-0.6435918940873235,-0.01019204524190842,0.01019204524190842
CC(C)CCCCCCCCCCO,-5.0007939960395245,-4.8518063664764295,0.14898762956309497,0.14898762956309497
C=C(C)C(=O)OCCCCCCOC(=O)C(=C)C,-4.043663003927244,-4.0284819069215265,0.015181097005717348,0.015181097005717348
CCCOC(N)=O,-0.13019968902996215,-0.36422790778149805,-0.2340282187515359,0.2340282187515359
Clc1cccc(-c2cc(Cl)c(Cl)cc2Cl)c1,-7.129900252535519,-7.045074433222842,0.08482581931267674,0.08482581931267674
CCCCCCCCCCCCCCCCOC(=O)OOC(=O)OCCCCCCCCCCCCCCCC,-5.756557042490469,-6.385750514443936,-0.6291934719534673,0.6291934719534673
CONC(=O)c1ccc([N+](=O)[O-])cc1,-2.2799999064282144,-2.27389621833295,0.0061036880952642925,0.0061036880952642925
Nc1cccc2cccc(N)c12,-2.3071228848583716,-1.5439110780503784,0.7632118068079932,0.7632118068079932
CCOC(=O)C(Cl)C(=O)OCC,-1.7209721393627315,-0.9339589717725887,0.7870131675901428,0.7870131675901428
O=C[O-],0.20945942160102593,0.5003403734813268,0.29088095188030083,0.29088095188030083
CCC(O)CC,-0.23339992698124457,-0.4064053435252033,-0.17300541654395873,0.17300541654395873
O=C(Nc1cc(Cl)c(NC(=O)C2=Cc3ccccc3/C(=N\Nc3cc(Cl)ccc3Cl)C2=O)cc1Cl)C1=Cc2ccccc2/C(=N/Nc2cc(Cl)ccc2Cl)C1=O,-8.15086903672125,-9.148332113771293,-0.9974630770500426,0.9974630770500426
CCN(CC)c1ccc2cc(-c3n(C)c4ccccc4[n+]3C)c(=O)oc2c1,-1.4505612687327014,-1.747809126030301,-0.2972478572975996,0.2972478572975996
C=C(C)C(=O)OC1CC2CCC1(C)C2(C)C,-4.544220431463554,-5.163126895659351,-0.6189064641957973,0.6189064641957973
CC(C)c1cccc(C(C)CC=O)c1,-3.6773468937225156,-3.19309230790937,0.4842545858131455,0.4842545858131455
OCc1ccccc1OC1OC(CO)C(O)C(O)C1O,-0.8499999614700724,-0.8519315100828386,-0.0019315486127662318,0.0019315486127662318
CC(C)OC(=O)C1(S(=O)(=O)c2ccc([N+](=O)[O-])cc2)CCCCCC1,-5.070600140820588,-4.335709109988956,0.7348910308316317,0.7348910308316317
O=C([O-])c1ccccc1-c1c2cc(Br)c(=O)c(Br)c-2oc2c(Br)c([O-])c(Br)cc12,-3.991790074759154,-4.714119414316008,-0.7223293395568544,0.7223293395568544
CC(=O)OCSc1ncnc2c1ncn2COC(C)=O,-2.5399998901466536,-2.702176922875601,-0.16217703272894735,0.16217703272894735
O=C1c2cc(CCCCO)ccc2OCc2ccsc21,-3.920000069165507,-3.677806178273679,0.2421938908918282,0.2421938908918282
CCn1nc2cc(-c3cc4c5c(n(CC)nc5c3)-c3ccccc3C4=O)cc3c2c1-c1ccccc1C3=O,-4.393183654358289,-6.004348476789622,-1.6111648224313333,1.6111648224313333
CC(=O)C1(O)CCC2C3CCC4=CC(=O)CCC4(C)C3CCC21C,-4.710000001114064,-4.599349760563521,0.11065024055054362,0.11065024055054362
CCCn1c(=O)c2[nH]c(C34CC5CC(CC3C5)C4)nc2n(CCC)c1=O,-5.849999881947134,-5.179034497318726,0.670965384628408,0.670965384628408
COc1cc(/C=C/C(=O)O)cc(OC)c1OC,-2.8304700178620825,-2.5473692505223178,0.28310076733976475,0.28310076733976475
CC12CC1(C)C(=O)N(c1cc(Cl)cc(Cl)c1)C2=O,-4.800300105801251,-5.131774220524205,-0.33147411472295385,0.33147411472295385
Nc1ccc(N=Nc2ccc(S(=O)(=O)[O-])cc2)cc1S(=O)(=O)[O-],-0.5243233911505789,-0.1883968042859494,0.3359265868646295,0.3359265868646295
COc1ccc(CC(C)C=O)cc1,-2.246661783170993,-2.441643465140559,-0.194981681969566,0.194981681969566
CCOC(=O)Nc1ccc2c(c1)N(C(=O)CCN1CCOCC1)c1ccccc1S2,-3.9000001075790265,-4.442869064004483,-0.5428689564254561,0.5428689564254561
Cc1cccc(C)c1,-2.8328689859871643,-2.8677455787772117,-0.0348765927900474,0.0348765927900474
Cc1c(NC(=O)Nc2ccccc2)c(=O)n(-c2ccccc2)n1C,-2.299999868014695,-3.5578840488930474,-1.2578841808783525,1.2578841808783525
CCCCC(CC)COC(=O)c1ccccc1,-5.767784703656458,-5.598018226639951,0.16976647701650727,0.16976647701650727
CCCC1C[C@@](C)(OC(C)=O)CCO1,-2.2047229959589063,-0.9470744270200988,1.2576485689388075,1.2576485689388075
Cc1ccc(N)cc1,-1.0477450457469872,-1.172835523850695,-0.12509047810370766,0.12509047810370766
CC/C(CC(C)CC)=N\O,-2.1307281484658507,-2.0759404359741866,0.05478771249166403,0.05478771249166403
CCCCCCCCCCCCCCCCCC(=O)OC,-8.399099948709631,-7.03275967209443,1.366340276615201,1.366340276615201
CCC(C)CC,-3.6825999909698335,-3.6630584167595854,0.019541574210248047,0.019541574210248047
Clc1ccc(Cl)c(Oc2ccc(Cl)c(Cl)c2Cl)c1,-7.700000262463577,-7.976666374738738,-0.27666611227516036,0.27666611227516036
CCN(CC)c1c([N+](=O)[O-])cc(C(F)(F)F)c(N)c1[N+](=O)[O-],-5.466800181785127,-4.545949494595762,0.9208506871893647,0.9208506871893647
CC(=O)CC(=O)Nc1ccc(C)cc1C,-1.990078586656693,-2.2796745769955797,-0.2895959903388867,0.2895959903388867
Cc1ccc2ccccc2c1,-3.7620000413677217,-4.902073007450932,-1.1400729660832103,1.1400729660832103
C=Cc1ccncc1,-0.5578998178721379,-0.4499854087531827,0.10791440911895522,0.10791440911895522
Clc1cccc(Cl)c1,-3.072159718009451,-3.4291330280578216,-0.3569733100483705,0.3569733100483705
CCCCCCCCl,-3.995699894094549,-4.275310051398722,-0.2796101573041727,0.2796101573041727
CCC(C)(O)C(C)(C)C,-1.270799848905259,-1.4370064738228765,-0.1662066249176175,0.1662066249176175
Oc1ccccc1Oc1ccccc1,-3.228599972683143,-2.911502974080956,0.317096998602187,0.317096998602187
O=C(c1ccccc1)c1ccc2n1CCC2C(=O)O,-3.259999956542529,-3.850390888788503,-0.5903909322459744,0.5903909322459744
CC1(c2ccccc2)C(=O)NC(=O)NC1=O,-2.4580999998307314,-2.3105785956518203,0.14752140417891102,0.14752140417891102
OC(c1ccc(Cl)cc1)(c1cncnc1)c1ccccc1Cl,-4.374000121958925,-4.067099904647081,0.3069002173118447,0.3069002173118447
Nc1ccc(S(=O)(=O)Nc2ccc(Cl)cc2)c(Cl)c1,-4.590000231595181,-4.663616333240486,-0.07361610164530497,0.07361610164530497
C=C(C)C(=O)OCCCCCC,-3.7554209195725377,-3.7952302965928673,-0.039809377020329606,0.039809377020329606
CCCCCCCCCC(=O)OC,-4.626748516764745,-4.455467746491796,0.17128077027294886,0.17128077027294886
COC1=CC2OC3C=CC(O)=CC3C(=O)C2C(O)=C1,-2.9430000167398376,-2.2652718827626006,0.677728133977237,0.677728133977237
CCCCCCC1(CC)C(=O)NC(=O)NC1=O,-3.0499998940436552,-2.9121584897682067,0.13784140427544855,0.13784140427544855
CCCCNC(=O)n1cc(F)c(=O)[nH]c1=O,-2.4463998380367125,-2.120340726129375,0.3260591119073375,0.3260591119073375
CCCOC(=O)CC,-0.8199998120499834,-1.0526053874149404,-0.23260557536495696,0.23260557536495696
CN1CC(O)C2=CC(=NNC(N)=O)C(=O)C=C21,-2.7199999585057144,-2.218247631988362,0.5017523265173525,0.5017523265173525
COc1ccc2c(c1)c(CC(=O)O)c(C)n2C(=O)C=Cc1ccccc1,-5.5399999942624945,-4.445703584678469,1.0942964095840253,1.0942964095840253
COc1ccc(C(=O)Nc2ccccc2)cc1[N+](=O)[O-],-4.9878259535345055,-4.807590825343549,0.18023512819095622,0.18023512819095622
CCC(C)C(C)(COC(N)=O)COC(N)=O,-2.36599985167161,-2.428607064807152,-0.06260721313554196,0.06260721313554196
Cc1cccc([N+](=O)[O-])c1,-2.4599999402805475,-2.560658861226606,-0.10065892094605866,0.10065892094605866
CNC(=O)Oc1cc(C)cc(C(C)C)c1,-3.357500028077082,-3.13688885337675,0.22061117470033187,0.22061117470033187
COCCOCCOCCO,0.784600174371604,0.719736635298311,-0.06486353907329301,0.06486353907329301
C=CCCBr,-2.2472998125737735,-1.9298575137700573,0.3174422988037162,0.3174422988037162
CCC(=O)OCc1ccc(Cl)cc1Cl,-3.066499889957884,-3.776916333741912,-0.7104164437840277,0.7104164437840277
COc1cncnc1N1CCN(CCc2c[nH]c3ccc(CS(=O)(=O)N(C)C)cc23)CC1,-3.7599999623929263,-3.67916208564809,0.08083787674483611,0.08083787674483611
NC(=O)OC(CCl)CCl,-1.3604998125771326,-1.3789295800076298,-0.01842976743049718,0.01842976743049718
CCCC(C)O,-0.25414067900682147,-0.23843183610136753,0.015708842905453935,0.015708842905453935
BrC1CCC(Br)C(Br)CCC(Br)C(Br)CCC1Br,-7.872800571015642,-8.481035484475694,-0.608234913460052,0.608234913460052
CCN(CC)C(=S)SSC(=S)N(CC)CC,-4.860377285631662,-4.724371087184093,0.13600619844756867,0.13600619844756867
O=S(=O)(Nc1ncccc1Cl)c1ccccc1,-3.1700000258831826,-3.525677125196775,-0.3556770993135925,0.3556770993135925
COC(=O)c1ccc(NC(=O)c2cc(Cl)ccc2Cl)cc1N,-5.790065007863454,-5.2620356008488685,0.5280294070145857,0.5280294070145857
CN(C)C(=O)c1ccc([N+](=O)[O-])cc1,-1.2699998449207233,-1.6591151024963324,-0.38911525757560916,0.38911525757560916
C[C@]12CCC(=O)C[C@@H]1CC[C@@H]1[C@@H]2CC[C@]2(C)[C@@H](O)CC[C@@H]12,-4.918998695616508,-5.03710335562751,-0.11810466001100206,0.11810466001100206
COc1ccc(OC)c(N)c1,-1.8588689614435268,-1.5203239350363447,0.3385450264071821,0.3385450264071821
CCC1(C2=CCCCCC2)C(=O)NC(=O)NC1=O,-2.999999938317362,-3.064799588183557,-0.06479964986619491,0.06479964986619491
CC1(C)C(C=C(Cl)Cl)C1C(=O)OCc1c(F)c(F)cc(F)c1F,-6.809999970474967,-7.313981500641777,-0.5039815301668096,0.5039815301668096
c1ccc(COc2ccc3ccccc3c2)cc1,-6.477674229702224,-6.347329067041706,0.1303451626605181,0.1303451626605181
CCC(C)(S(=O)(=O)CC)S(=O)(=O)CC,-1.9099998579303086,-1.7006883944442626,0.209311463486046,0.209311463486046
CC(=O)c1cccc(N)c1,-1.2799997567005073,-1.2897775831781662,-0.009777826477658902,0.009777826477658902
NNC(=O)C(O)C(O)C(O)C(O)CO,-0.49849993610109866,-0.2238100931583369,0.2746898429427618,0.2746898429427618
CC(C)(C)C(O)C(Cc1ccc(Cl)cc1)n1cncn1,-4.050000164544911,-3.398013721924894,0.651986442620017,0.651986442620017
CC1=CC(C)(C)Nc2ccccc21,-5.2386958020619385,-4.069835598051756,1.1688602040101825,1.1688602040101825
CCOC(=O)[C@@H](N)CC(C)C,-0.5605999003334023,-0.904741158892242,-0.3441412585588397,0.3441412585588397
O=Cc1c(O)ccc2ccccc12,-3.89356757036486,-3.2692588018293915,0.6243087685354682,0.6243087685354682
Cc1ccc(C)c(O)c1,-1.537582682141652,-1.147198543159929,0.3903841389817231,0.3903841389817231
OCCOCCO,-0.2155207489044937,0.5123705231162758,0.7278912720207695,0.7278912720207695
CN1C(=O)NC(=O)C(C)(C2=CCCCC2)C1=O,-2.9100000222155415,-2.5079435193051314,0.4020565029104102,0.4020565029104102
O=[N+]([O-])c1ccc(Cl)c(Cl)c1,-3.2005180867854968,-3.719322879187507,-0.51880479240201,0.51880479240201
CCOC(=O)C(O)(c1ccc(Cl)cc1)c1ccc(Cl)cc1,-4.512000119156774,-4.937632190769775,-0.4256320716130011,0.4256320716130011
O=c1[nH]c2nc[nH]c(=O)c2[nH]1,-2.959999976324332,-3.1421282859597355,-0.1821283096354036,0.1821283096354036
CCCCCCCCCCCCCCCCCCOC(=O)/C=C/C(=O)OCCCCCCCCCCCCCCCCCC,-7.094152938535013,-7.500596646806713,-0.4064437082717003,0.4064437082717003
CC(=O)Nc1cc(NS(=O)(=O)C(F)(F)F)c(C)cc1C,-3.236499977523705,-3.5780456399940017,-0.34154566247029683,0.34154566247029683
CCCCC(CC)COC(=O)CC(C)CC(C)(C)C,-5.954977078369243,-6.808525843050047,-0.853548764680804,0.853548764680804
CC(OP(C)(=O)F)C(C)(C)C,-0.9382999181690084,-1.2056942106275361,-0.26739429245852775,0.26739429245852775
O=C(O)COc1cc(Cl)cc(Cl)c1,-2.361699968281643,-2.713925118035151,-0.35222514975350805,0.35222514975350805
CCCCCCC(=O)NNC(=O)c1ccncc1,-2.0999997690556973,-2.0880918422517194,0.011907926803977897,0.011907926803977897
Cc1cc(N)ccc1N,-1.0742660888119684,-0.7093938781383353,0.36487221067363307,0.36487221067363307
COCCC(=O)OC,0.8026938462702957,0.24219885312551392,-0.5604949931447818,0.5604949931447818
NC(Cc1cc(Cl)c(O)c(Cl)c1)C(=O)O,-1.7545999120957207,-2.063642514129093,-0.3090426020333721,0.3090426020333721
CC(C)(C)CO,-0.40119979654922355,-0.5666877153337357,-0.1654879187845122,0.1654879187845122
O=C(O)c1ccccc1C(c1ccc(O)cc1)c1ccc(O)cc1,-3.262599900478814,-3.50842783293497,-0.24582793245615608,0.24582793245615608
CNC(=O)N(C)c1nnc(C(F)(F)F)s1,-2.058399837913665,-2.1605603881469495,-0.1021605502332843,0.1021605502332843
CCC(C)OC(=O)c1cccc([N+](=O)[O-])c1C(=O)[O-],-2.719299955019246,-2.5052132434567698,0.21408671156247605,0.21408671156247605
O=C1NCN(c2ccccc2)C12CCN(CCCC(c1ccc(F)cc1)c1ccc(F)cc1)CC2,-4.6771998377481,-4.803797293681891,-0.12659745593379057,0.12659745593379057
COP(=S)(OC)Oc1ccc([N+](=O)[O-])cc1Cl,-4.6799998516939745,-4.360318894397301,0.3196809572966739,0.3196809572966739
CCCCC(=O)OC1(C(=O)CO)C(C)CC2C3CCC4=CC(=O)C=CC4(C)C3(F)C(O)CC21C,-4.710000001114064,-4.778870461455658,-0.06887046034159372,0.06887046034159372
O=C1c2ccc3c4ccc5c6c(ccc(c7ccc(c2c37)C(=O)N1c1ccc(N=Nc2ccccc2)cc1)c64)C(=O)N(c1ccc(N=Nc2ccccc2)cc1)C5=O,-7.8755097632531275,-7.809583140900177,0.06592662235295066,0.06592662235295066
CCC(C)C(N)C(=O)O,-0.5032996839544879,-0.7984608503897324,-0.2951611664352445,0.2951611664352445
CC(O)CC=O,1.0550004169293756,1.1782250472306415,0.12322463030126585,0.12322463030126585
C=Cc1ccccc1,-2.758271620827896,-2.5306672349683605,0.22760438585953535,0.22760438585953535
CNC(=O)Oc1ccccc1C(C)C,-2.6840998314597666,-2.3010193347900194,0.3830804966697472,0.3830804966697472
NC(=O)NCCCCCC(=O)O,-2.1599999988824194,-1.2571665166822525,0.9028334822001669,0.9028334822001669
Nc1ccc([N+](=O)[O-])c(N)c1,-2.1850914282017437,-2.2069893288478095,-0.021897900646065782,0.021897900646065782
C=C1CC2C(CCC3(C)C2CCC3(OC(C)=O)C(C)=O)C2(C)CCC(=O)C=C12,-6.107793298429758,-4.824603746517791,1.283189551911967,1.283189551911967
Nc1ccc(S(=O)(=O)Nc2cc[nH]c(=O)n2)cc1,-3.5499999516541445,-2.899736645635783,0.6502633060183616,0.6502633060183616
Oc1c(Cl)cc(Cl)c(Cl)c1Cl,-3.099999849769948,-3.3904598540740176,-0.2904600043040695,0.2904600043040695
CCN(c1ccccc1)c1nc(Cl)nc(Nc2cc(S(=O)(=O)[O-])cc3c2C(=O)/C(=N/Nc2ccccc2S(=O)(=O)[O-])C(S(=O)(=O)[O-])=C3)n1,-0.2667450205975448,-0.8025787452956399,-0.5358337246980951,0.5358337246980951
O=C(C1CCCCC1)N1CC(=O)N2CCc3ccccc3C2C1,-2.892699892377379,-3.440244332536619,-0.54754444015924,0.54754444015924
O=[N+]([O-])c1cc([N+](=O)[O-])c(O)c([N+](=O)[O-])c1,-1.9699999497301184,-2.6139285192284634,-0.643928569498345,0.643928569498345
Cc1ccc2c(c1N)C(=O)c1ccccc1C2=O,-5.854100385462074,-6.101911419582795,-0.24781103412072092,0.24781103412072092
CCCCCCCOC(N)=O,-2.619999805506031,-2.3146270630207675,0.3053727424852637,0.3053727424852637
C#CCOC(=O)C(C)Oc1ccc(Oc2ncc(Cl)cc2F)cc1,-5.15000012220502,-5.201032122409035,-0.05103200020401477,0.05103200020401477
OCCSCCO,0.9129682395382486,0.3844662283754485,-0.5285020111628,0.5285020111628
COc1cc(S(=O)(=O)CCOS(=O)(=O)[O-])c(C)cc1N=NC1C(=O)N(c2ccc(S(=O)(=O)[O-])cc2)N=C1C,-0.23900381962654293,-0.5324515199706856,-0.2934477003441427,0.2934477003441427
Cc1nc2c(c(=O)n(C)c(=O)n2C)n1C,-1.449299978806772,-0.7695453164476422,0.6797546623591297,0.6797546623591297
CC(C)OC(=O)Nc1cccc(Cl)c1,-3.38039990058732,-3.5179491363958486,-0.13754923580852862,0.13754923580852862
CCCc1c(O)n2c(N(C)C)nc3ccc(C)cc3n2c1=O,-3.6300000740538914,-3.797449424277714,-0.1674493502238228,0.1674493502238228
Clc1cc(Cl)cc(Oc2ccc(Cl)c(Cl)c2Cl)c1,-7.85999995515542,-8.26946617675586,-0.40946622160043944,0.40946622160043944
CCN(CC)C(=O)N(CC)CC,-0.6340997833184274,-0.20808827572311328,0.42601150759531414,0.42601150759531414
CCCCC(CC)CCCCCc1ccc(S(=O)(=O)[O-])cc1,-0.0969053893174423,-1.3973154548799693,-1.300410065562527,1.300410065562527
Clc1ccc(Oc2c(Cl)c(Cl)cc(Cl)c2Cl)c(Cl)c1,-8.42000053589982,-8.635520173853854,-0.21551963795403317,0.21551963795403317
CC(C)OC(=O)C(C(=O)OC(C)C)=C1SCCS1,-3.730600092015064,-3.256507323550001,0.4740927684650629,0.4740927684650629
COP(=S)(OC)SCSc1ccc(Cl)cc1,-5.293899941748451,-4.8723588497934305,0.4215410919550209,0.4215410919550209
O=[N+]([O-])c1ccc(OP(=S)(Oc2ccc([N+](=O)[O-])cc2)Oc2ccc([N+](=O)[O-])cc2)cc1,-5.678834088092252,-6.385670734888543,-0.7068366467962912,0.7068366467962912
CNC(=O)N(C)c1nc2ccccc2s1,-3.574100002674827,-3.0945413684769116,0.47955863419791545,0.47955863419791545
CC[NH+](CCO)CCO,0.8755002820471933,0.32663902524481614,-0.5488612568023772,0.5488612568023772
CCN(CC)CC(OC(=O)c1ccc([N+](=O)[O-])cc1)c1ccccc1,-2.8399998487981453,-3.8957265183158807,-1.0557266695177354,1.0557266695177354
Cc1cc(O)c(Cc2ccccc2)c(C)c1Cl,-4.300899964912343,-5.381556693035389,-1.0806567281230457,1.0806567281230457
CC1CCCC(=NO)C1=NO,-1.5915997903811312,-1.6257970621548716,-0.034197271773740434,0.034197271773740434
Cc1nc2ncncc2[nH]1,-0.4099998403791165,-0.8903565461847931,-0.4803567058056766,0.4803567058056766
C=COC(=O)CCCCCC(C)(C)C,-4.581332693601237,-5.00399083735868,-0.4226581437574435,0.4226581437574435
OCC(CBr)(CBr)CBr,-2.2261094378809045,-2.066953434691386,0.15915600318951872,0.15915600318951872
O=C(O)c1ccc([N+](=O)[O-])cc1[N+](=O)[O-],-1.066499728529382,-2.0782997990020786,-1.0118000704726966,1.0118000704726966
O=Cc1cc(Br)ccc1Br,-3.800299887060088,-3.091354810162732,0.708945076897356,0.708945076897356
CCCCCCCCCCCCCCCCCc1ncc[nH]1,-7.214642979646902,-5.7288870634062885,1.4857559162406133,1.4857559162406133
Cn1ccc(=O)c2ccccc21,-0.9817999277877691,-1.5490017866352035,-0.5672018588474343,0.5672018588474343
O=C(Nc1ccc2[nH]c(=O)[nH]c2c1)C1=Cc2ccccc2/C(=N/Nc2cc(Cl)ccc2Cl)C1=O,-7.4618000422564545,-7.895546854079056,-0.43374681182260133,0.43374681182260133
N#CCc1ccccc1,-3.0687460364108423,-1.607136513726765,1.4616095226840773,1.4616095226840773
Clc1cc(-c2cc(Cl)c(Cl)c(Cl)c2Cl)c(Cl)c(Cl)c1Cl,-9.160000356841808,-9.918896614205272,-0.7588962573634639,0.7588962573634639
N#CCCC#N,0.17524116973659387,1.0333693913185233,0.8581282215819295,0.8581282215819295
NC(N)=N[N+](=O)[O-],-1.485842327822966,-1.8321294217761441,-0.34628709395317814,0.34628709395317814
CN(C)c1ccc(C(O)(c2ccc(N(C)C)cc2)c2ccc(Nc3ccccc3)c3ccccc23)cc1,-6.989135990362119,-6.689944162029633,0.2991918283324857,0.2991918283324857
COC1=CCC2=C(CC[C@@H]3[C@@H]2CC[C@]2(C)[C@@H](O)CC[C@@H]32)C1,-4.7610721671495995,-4.70499459316113,0.056077573988469354,0.056077573988469354
Cc1ccc(S(C)(=O)=O)cc1,-1.9872998978687908,-2.2575397531543007,-0.27023985528550987,0.27023985528550987
C=CC(=O)OC(C)COCC(C)OCC(C)OC(=O)C=C,-1.8755689756072536,-1.3202085145919986,0.5553604610152549,0.5553604610152549
CC12CCC(O)CC1CCC1C2CCC2(C)C(C3=CC(=O)OC3)CCC12O,-4.5700001319817884,-4.875914423058034,-0.30591429107624535,0.30591429107624535
Nc1ccccc1O,-0.7368998812505296,-0.661339670543426,0.07556021070710361,0.07556021070710361
CC(Oc1ccc(Cl)cc1Cl)C(=O)O,-2.8270999743345118,-2.8129933219486825,0.01410665238582931,0.01410665238582931
CCN(CC)CCC(C)(O)c1ccc(OC)c2ccccc12,-1.6799998165915901,-2.5264730111798706,-0.8464731945882804,0.8464731945882804
CCN(CC)C(=O)SCc1ccc(Cl)cc1,-3.964099874732301,-4.083723727955137,-0.1196238532228362,0.1196238532228362
COc1cc2ncnc(N3CCN(C(=O)Nc4ccc([N+](=O)[O-])cc4)CC3)c2cc1OC,-6.950000115661068,-4.328762905620122,2.6212372100409453,2.6212372100409453
N#CCCN(CCC#N)c1ccc(N=Nc2c(Cl)cc([N+](=O)[O-])cc2Cl)cc1,-7.115252836586773,-6.420750826794286,0.6945020097924868,0.6945020097924868
CCC(CC)CC1(C#N)CCCCC1,-6.587338544017166,-4.945214285124246,1.6421242588929204,1.6421242588929204
CC[C@H]1[C@@H]2C[C@H]3[C@@H]4N(C)c5ccccc5[C@]45C[C@@H](C2C5O)N3[C@@H]1O,-2.8266000063509047,-2.675937454712009,0.15066255163889553,0.15066255163889553
CS(=O)(=O)F,-0.514499739737988,-0.2923639197627801,0.22213581997520793,0.22213581997520793
Clc1c(Cl)c(Cl)c(Cl)c(Cl)c1Cl,-7.560000117277477,-8.927806515756677,-1.3678063984791997,1.3678063984791997
COCCO,1.11860045764614,1.0142250585622943,-0.10437539908384563,0.10437539908384563
Clc1ccc(Oc2ccccc2Cl)cc1,-5.520000170702926,-5.422724047833817,0.09727612286910947,0.09727612286910947
O=c1ccc(Br)ccc1O,-3.5629000159047832,-1.4956436188757405,2.067256397029043,2.067256397029043
CCN(CC[n+]1ccccc1)c1ccc(N=Nc2ccc([N+](=O)[O-])cc2Cl)cc1,-1.521889850358042,-2.6003765883770718,-1.0784867380190297,1.0784867380190297
Clc1ccc(Cl)c(-c2c(Cl)c(Cl)cc(Cl)c2Cl)c1,-7.425400137013904,-8.335308326638392,-0.9099081896244883,0.9099081896244883
O=C(O)CCSSCCC(=O)O,-0.930099739300605,-1.2785951948394592,-0.3484954555388542,0.3484954555388542
Nc1c([N+](=O)[O-])ccc(Oc2ccccc2)c1Cl,-5.024799912705918,-5.006717835067872,0.018082077638045924,0.018082077638045924
Nc1ccc(C#Cc2ccc(N)cc2)cc1,-2.4325999418371116,-2.525345020744636,-0.09274507890752437,0.09274507890752437
C[Si](C)(C)O[Si](C)(C)O[Si](C)(C)O[Si](C)(C)C,-7.663700288705638,-7.106756175910435,0.5569441127952022,0.5569441127952022
CC(C)(C1CCC(O)CC1)C1CCC(O)CC1,-3.097609706740581,-3.232712864113474,-0.1351031573728929,0.1351031573728929
N#Cc1c(Cl)c(Cl)c(Cl)c(C#N)c1Cl,-5.646599835067316,-6.677487785289051,-1.030887950221735,1.030887950221735
O=C(O)CSC(=S)OCc1ccccc1,-2.6799999835726616,-2.486812151117333,0.19318783245532867,0.19318783245532867
CC(C)CCCCCOP(=S)([S-])OCCCCCC(C)C,-4.370701278751472,-3.986901230533781,0.3838000482176911,0.3838000482176911
O=c1c2ccccc2c(=O)c2c1ccc1c2[nH]c2c3c(=O)c4ccccc4c(=O)c3c3[nH]c4c(ccc5c(=O)c6ccccc6c(=O)c54)c3c12,-4.509615014109711,-6.527902775248892,-2.018287761139181,2.018287761139181
NC(CCC(=O)O)C(=O)[O-],0.3919619178827287,0.04047334874748776,-0.35148856913524096,0.35148856913524096
O=[N+]([O-])c1ccc(Oc2c(Cl)cc(Cl)cc2Cl)cc1,-5.620100048146851,-6.509791711959231,-0.8896916638123802,0.8896916638123802
NC(=O)CCC(N)C(=O)O,-0.5399996597046952,-0.16547025807488103,0.3745294016298142,0.3745294016298142
Clc1cc(Cl)c(Cl)c(-c2c(Cl)c(Cl)cc(Cl)c2Cl)c1,-8.590100485936796,-9.087679775796719,-0.4975792898599227,0.4975792898599227
O=S(=O)(Nc1cccnc1Cl)c1ccccc1,-3.7599999623929263,-3.488814070649513,0.27118589174341334,0.27118589174341334
CC(=O)OC1CCCCC1C,-2.5502979055505923,-2.30650935523255,0.24378855031804214,0.24378855031804214
CCC(C)C1(CC)C(=O)[N-]C(=O)NC1=O,0.15280020220350954,-1.5554139648797844,-1.708214167083294,1.708214167083294
CCCCC(CC)C(=O)OCC(C)(C)COC(=O)C(CC)CCCC,-5.020637987214941,-6.441949000007709,-1.421311012792768,1.421311012792768
Clc1ccc(Cl)c(-c2cc(Cl)ccc2Cl)c1,-7.04000028786751,-6.872252316418612,0.16774797144889853,0.16774797144889853
CC(O)C(NC(=O)c1ccccc1)C(=O)O,-1.2299999217477626,-1.231916701480897,-0.0019167797331343106,0.0019167797331343106
COc1ccc2cc(C(C)C(=O)OC(C)OC(=O)CN)ccc2c1,-2.439999978694067,-3.3480118165684623,-0.9080118378743953,0.9080118378743953
Cc1ccc(Nc2ccc(O)c3c2C(=O)c2ccccc2C3=O)c(S(=O)(=O)[O-])c1,-2.402393235142547,-2.2769769790187397,0.12541625612380747,0.12541625612380747
CC(=O)OC(C)(C)C1CC=C(C)CC1,-3.4762646637699435,-3.3767993995627155,0.09946526420722801,0.09946526420722801
c1ccc2c(c1)[nH]c1cnccc12,-3.7300000200132057,-3.1276875653123772,0.6023124547008285,0.6023124547008285
C=COCC(C)C,-1.5235998657763328,-2.229983646272889,-0.706383780496556,0.706383780496556
C1CN(SSN2CCOCC2)CCO1,-3.259634219731276,-2.903294599864626,0.3563396198666502,0.3563396198666502
CC(CCN)CC(C)(C)CN,0.4781566881130419,-0.958263992758253,-1.436420680871295,1.436420680871295
CC1=CC[C@H](C(C)(C)O)CC1,-2.336999810752375,-2.27199324129106,0.06500656946131489,0.06500656946131489
CCCCCCOC1O[C@H](CO)[C@@H](O)[C@H](O)[C@H]1O,-0.6586986636006888,-1.1917428643982546,-0.5330442007975658,0.5330442007975658
Clc1ccc(Cl)c(Oc2cc(Cl)c(Cl)cc2Cl)c1,-7.560000117277477,-7.87193873097433,-0.31193861369685294,0.31193861369685294
CC(=O)OCCC(C)CCC=C(C)C,-4.095938695625851,-4.2625026722197905,-0.16656397659393996,0.16656397659393996
CC(=O)/C=C/C=C(\C)CCC=C(C)C,-3.297212081151366,-3.0937622410628833,0.20344984008848277,0.20344984008848277
Nc1nc(=O)c2nccnc2[nH]1,-3.9700000421451644,-2.873814121769895,1.0961859203752695,1.0961859203752695
FC1(F)C(F)(F)C(F)(F)C1(F)F,-3.637999975872336,-4.874276871768776,-1.2362768958964403,1.2362768958964403
CC1=C(CCC(=O)O)C(=O)NC1=O,-0.6607998472888506,-1.3125855642714432,-0.6517857169825927,0.6517857169825927
C/C=C\C=O,0.41201667615345006,0.2342708633284536,-0.17774581282499646,0.17774581282499646
COCCOCCO,0.9203002291273683,0.5814841868775988,-0.33881604224976947,0.33881604224976947
NS(=O)(=O)c1ccc(CNC(=S)NC(C(=O)O)C(O)c2ccccc2)cc1,-1.2899998065072038,-2.0799305869726252,-0.7899307804654214,0.7899307804654214
O=c1c2cnn(CO)c2ncn1CO,-1.7199998777914636,-1.5842353644675868,0.13576451332387673,0.13576451332387673
NS(=O)(=O)c1ccc(Nc2ccnc(NC(=O)NS(=O)(=O)c3ccc(Cl)cc3)n2)cc1,-3.9999999845248846,-3.4103416991301727,0.5896582853947119,0.5896582853947119
CNCl,0.2806004246523526,0.2495689381424686,-0.031031486509883965,0.031031486509883965
CC(=O)OC1N=C(c2ccccc2Cl)c2cc(Cl)ccc2NC1=O,-5.028667012711912,-4.928260025387795,0.10040698732411713,0.10040698732411713
CC(C)CCOC(=O)c1ccccc1O,-3.1572000483974314,-3.260112621009813,-0.1029125726123814,0.1029125726123814
CNC(=O)O/N=C1/C2CC(C[C@@H]2C#N)[C@@H]1Cl,-2.0821999564536027,-1.8353493135896792,0.24685064286392344,0.24685064286392344
CO[Si](CCCN=C=O)(OC)OC,-3.2569808593798744,-2.016938692832097,1.2400421665477772,1.2400421665477772
Cc1cc(N/N=C2\C=CC(=O)C(C(=O)[O-])=C2)c(OCCCS(=O)(=O)[O-])cc1N=Nc1ccc([N+](=O)[O-])cc1S(=O)(=O)[O-],0.16145090091413605,-1.5900979195468086,-1.7515488204609446,1.7515488204609446
O=P(Oc1ccccc1)(Oc1ccccc1)N1CCOCC1,-2.142499842707245,-3.290333475462903,-1.147833632755658,1.147833632755658
Clc1ccc2ccccc2c1Cl,-6.1611001201777915,-6.457186619034072,-0.2960864988562806,0.2960864988562806
Nc1ccc(S(=O)(=O)CCOS(=O)(=O)O)cc1,-1.9051186051851199,-1.4014345920280886,0.5036840131570313,0.5036840131570313
N#CCCN(CCC#N)CC(=O)O,0.45780020301171387,-0.5306858797066791,-0.988486082718393,0.988486082718393
O=c1c2ccc3c(=O)n4c5ccccc5nc4c4ccc(c2c34)c2nc3ccccc3n12,-5.633055806256662,-7.324915164484256,-1.6918593582275943,1.6918593582275943
CCCCCCCC/C=C/CCCCCCCC(=O)N(CCO)CCO,-5.567720491196629,-4.723720152264999,0.8440003389316297,0.8440003389316297
CC1(C)OC2CC3C4CCC5=CC(=O)C=CC5(C)C4(F)C(O)CC3(C)C2(C(=O)CO)O1,-4.309999941222981,-4.571240441817026,-0.26124050059404524,0.26124050059404524
CCCCC(CC)CN,-1.7134803146089999,-1.7779631754577674,-0.06448286084876753,0.06448286084876753
CCCCOC(=O)Oc1ccc(NC(C)=O)cc1,-3.3699998487883556,-3.2839406899995205,0.08605915878883508,0.08605915878883508
OCC(Cl)(Cl)Cl,-0.2536998210484698,-0.3431269055144379,-0.08942708446596814,0.08942708446596814
Oc1cccc2nccnc12,-1.3467998133554147,-1.557345651519463,-0.21054583816404837,0.21054583816404837
NC(=O)[C@@H]1CCC[NH2+]1,0.7853598744977055,0.012530628484315187,-0.7728292460133903,0.7728292460133903
Nc1ccc(N=Nc2ccccc2)c(N)c1,-3.5461828173904566,-4.057326287990252,-0.5111434705997953,0.5111434705997953
CNc1ccccc1C(=O)O,-2.8784000228024955,-1.744637543636122,1.1337624791663736,1.1337624791663736
CCCCNC(=O)NS(=O)(=O)c1ccc(C)cc1,-3.1700000258831826,-2.9652542985604975,0.20474572732268514,0.20474572732268514
O=C1OCc2ccc(Cl)cc21,-2.48169984132071,-2.4503111411614165,0.0313887001592934,0.0313887001592934
O=C(O)c1cc(Br)co1,-1.1840999001753947,-1.884907324395685,-0.7008074242202904,0.7008074242202904
Clc1cc2c(Cl)ccc(Cl)c2cc1Cl,-7.51630052074332,-7.963827111343031,-0.4475265905997112,0.4475265905997112
Nc1ccc(N=Nc2cccc(N=Nc3ccc(N)cc3N)c2)c(N)c1,-4.197152588280126,-3.94740048168968,0.24975210659044578,0.24975210659044578
CC1CCCC1,-3.301899854672034,-4.569646783085927,-1.2677469284138931,1.2677469284138931
CC1=CCC(C)C(C)C1=O,-1.8852668845026062,-2.01148442135989,-0.12621753685728376,0.12621753685728376
Nc1cccnc1N,-1.7499998891846404,-0.61140070545907,1.1385991837255705,1.1385991837255705
O=C([O-])c1cc2ccccc2c(Cc2c(O)c(C(=O)O)cc3ccccc23)c1O,-0.9807587907871906,-3.824859084605021,-2.8441002938178306,2.8441002938178306
NS(=O)(=O)c1cc(C(=O)c2ccc(O)cc2)cs1,-2.861200027715139,-2.676765409146315,0.1844346185688237,0.1844346185688237
COCc1ccc([N+](=O)[O-])o1,-1.1547999612821427,-1.856860117759791,-0.7020601564776483,0.7020601564776483
C=CCOc1ccccc1C(N)=O,-2.227299850987293,-2.0092369981579914,0.2180628528293016,0.2180628528293016
CC(C)CNCc1ccc(C(=O)c2csc(S(N)(=O)=O)c2)cc1,-2.049999865089496,-2.555971777840501,-0.5059719127510047,0.5059719127510047
Nc1ccc(-c2ccc(N)c3c2C(=O)c2ccccc2C3=O)c2c1C(=O)c1ccccc1C2=O,-6.293710856579195,-6.47306385477271,-0.17935299819351513,0.17935299819351513
CCCCC(=O)OC1CCC2C3CCC4=CC(=O)CCC4(C)C3CCC12C,-6.1900001951056876,-5.433230380355364,0.7567698147503235,0.7567698147503235
CC12C=CC(=O)C=C1CCC1C2C(=O)CC2(C)C1CCC2(O)C(=O)CO,-3.479999982581279,-3.4416918552741658,0.03830812730711308,0.03830812730711308
CCOC(=O)CN(C)C(=O)COC(=O)c1ccccc1OC(C)=O,-2.5499998709398937,-1.4894384809998282,1.0605613899400654,1.0605613899400654
CCCCCC(C)=O,-1.4333382705977176,-1.6341213272175639,-0.2007830566198463,0.2007830566198463
Cc1ccnc(NS(=O)(=O)c2ccc(N)cc2)n1,-2.6300000450997323,-2.801726547406379,-0.17172650230664654,0.17172650230664654
Clc1cc(Oc2c(Cl)c(Cl)cc(Cl)c2Cl)c(Cl)c(Cl)c1Cl,-10.100001173917724,-9.977528238181637,0.12247293573608609,0.12247293573608609
CC1(C)[C@H]2C[C@@H]3O[C@]3(C)[C@@H]1C2,-2.5936884253210555,-3.402748597129434,-0.8090601718083783,0.8090601718083783
Sc1ccccc1,-2.120399870661358,-1.6514851128032424,0.46891475785811565,0.46891475785811565
Cc1cc(C2(c3ccc(O)c(C)c3)CCCCC2)ccc1O,-5.371522412554406,-3.868621897465079,1.5029005150893275,1.5029005150893275
c1ccc2c(c1)CCN2,-1.0426998860432692,-1.4383447827659508,-0.39564489672268155,0.39564489672268155
Cc1ccc(Cl)c(Cl)c1,-3.7755457955147818,-3.8037862398280997,-0.02824044431331796,0.02824044431331796
CC1CCCCC1,-3.845934827947104,-4.599971709831001,-0.7540368818838972,0.7540368818838972
O=[N+]([O-])c1c2ccccc2cc2ccccc12,-6.2918000120032955,-5.056088543353688,1.2357114686496073,1.2357114686496073
Cc1cc(C(C)(C)c2cc(C)c(O)c(C)c2)cc(C)c1O,-4.952868981634664,-5.34035703993945,-0.38748805830478616,0.38748805830478616
C=CCCCCCCCCC(=O)NCCC[N+](C)(C)C,0.09406340171985983,-1.3849007622669465,-1.4789641639868063,1.4789641639868063
Cc1c(CNC(=O)CCl)c(C)c(Nc2cc(S(=O)(=O)[O-])c(N)c3c2C(=O)c2ccccc2C3=O)c(C)c1CNC(=O)CCl,-1.0175517966763863,-2.3309106154829173,-1.313358818806531,1.313358818806531
CC(=O)Nc1nnc(S(N)(=O)=O)s1,-2.439999978694067,-1.7175076638603426,0.7224923148337243,0.7224923148337243
CCCCc1c(C)[nH]c(N(C)C)nc1=O,-2.241599922210869,-2.0879483632762317,0.15365155893463722,0.15365155893463722
CNCC(=O)Nc1cc(Cl)c(S(N)(=O)=O)cc1S(N)(=O)=O,-1.2699998449207233,-1.9106268451800936,-0.6406270002593704,0.6406270002593704
ClCc1ccccc1,-2.3821998978517303,-2.593798260236634,-0.21159836238490382,0.21159836238490382
O=C1CCCCCCCCCCCCCCO1,-5.903789521834902,-4.93025810297236,0.9735314188625424,0.9735314188625424
CCC(=C(CC)c1ccc(O)cc1)c1ccc(O)cc1,-4.349999864395942,-3.9955533785269877,0.3544464858689542,0.3544464858689542
O=S(=O)(c1ccc(O)cc1)c1ccc(O)cc1,-2.3570245826763676,-2.736437583508882,-0.3794130008325145,0.3794130008325145
Cc1cc(=O)c2ccccc2[nH]1,-1.2018998508044019,-2.103483016218179,-0.9015831654137771,0.9015831654137771
O=S(=O)(O)c1ccc2oc3ccccc3c2c1,-0.4699998631654698,-1.91866325511688,-1.4486633919514103,1.4486633919514103
C=CC(=O)OCCCOCC(COCCCOC(=O)C=C)OCCCOC(=O)C=C,-2.5527471586052144,-1.823746702316031,0.7290004562891834,0.7290004562891834
CC1=CCCC(C)(C)C1C(C)CCC=O,-4.653202064669539,-4.120558141918067,0.5326439227514728,0.5326439227514728
COc1cc(OC)cc(C(=O)N(O)c2cccc(C)c2)c1,-3.6099998364135857,-3.6937763061243927,-0.08377646971080699,0.08377646971080699
Cc1ccc(C(C)C)cc1,-3.769999943186167,-4.219718608195886,-0.44971866500971913,0.44971866500971913
S=C1NCCN1,-0.7082997388033778,-0.6849769173266775,0.023322821476700284,0.023322821476700284
CC(C)C(C)C,-3.5831999789854643,-3.6300270583152745,-0.04682707932981023,0.04682707932981023
Nc1cccc(N)n1,-0.07999985308108348,-0.8294048278371258,-0.7494049747560423,0.7494049747560423
O=C(O)C(Oc1ccccc1Cl)Oc1ccccc1Cl,-2.829999855064882,-4.140400476770534,-1.3104006217056519,1.3104006217056519
CC[C@H](C)[C@@H](NC(C)=O)C(=O)O,-0.5911999147149811,-0.9114394669263233,-0.32023955221134215,0.32023955221134215
CC1(C)CC/C(=C\c2ccc(Cl)cc2)C1=O,-5.671591263888573,-4.806595651304816,0.8649956125837566,0.8649956125837566
OCC1OC(OC2(CO)OC(CO)C(O)C2O)C(O)C(O)C1O,0.7900003392941324,0.3130207379552661,-0.4769796013388663,0.4769796013388663
CC(=O)n1ncc2c(=O)[nH]cnc21,-2.38000002492117,-2.441218342250226,-0.06121831732905614,0.06121831732905614
O=C(Nc1ccc(Cl)cc1)c1cc2ccccc2cc1O,-5.473839002212211,-5.857017998337351,-0.3831789961251406,0.3831789961251406
CC(C)CC(=O)Oc1ccc([N+](=O)[O-])cc1,-4.39449974096846,-3.8980010638060745,0.49649867716238516,0.49649867716238516
NC(=O)CCNCCO,-0.1211097886839334,0.3959442703606144,0.5170540590445478,0.5170540590445478
C=CCC1(C(C)CCC)C(=O)NC(=S)NC1=O,-3.458499875496882,-3.1142207970659648,0.3442790784309171,0.3442790784309171
CCCCCCC(CO)CCCC,-5.270303688958196,-4.639330774049476,0.6309729149087193,0.6309729149087193
O=[N+]([O-])OCCO[N+](=O)[O-],-1.3494997577897665,-1.5890519516042947,-0.2395521938145282,0.2395521938145282
CC(CCl)OP(=O)(OC(C)CCl)OC(C)CCl,-2.4360999247627273,-2.619712122913766,-0.1836121981510388,0.1836121981510388
OCCBr,0.9032000749444613,0.4964281386749638,-0.4067719362694975,0.4067719362694975
CC(C)(C)c1nnc(NS(=O)(=O)c2ccc(N)cc2)s1,-3.740000000806446,-3.434038055938679,0.3059619448677666,0.3059619448677666
CCCC(Br)C(=O)NC(N)=O,-1.4277999407358308,-1.8345729122071717,-0.40677297147134084,0.40677297147134084
CC(C)(O)c1ccccc1,-1.7593060777024718,-1.1669656533451134,0.5923404243573585,0.5923404243573585
ClC=CCl,-1.2999998563139001,-1.403636535362336,-0.10363667904843576,0.10363667904843576
N#CI,-0.6332999173608043,-0.6110081569200743,0.022291760440730002,0.022291760440730002
CSc1ccccc1,-2.39000000571441,-2.496735561480894,-0.10673555576648397,0.10673555576648397
O=[p+]1oc2ccccc2c2ccccc21,-1.779623018093384,-1.4332819556174397,0.34634106247594443,0.34634106247594443
O=C(O[C@@H]1Cc2c(O)cc(O)cc2O[C@@H]1c1cc(O)c(O)c(O)c1)c1cc(O)c(O)c(O)c1,-1.05916083759464,-3.0077924288198106,-1.9486315912251706,1.9486315912251706
O=C1NC2C(O)C(O)C(O)C(O)C2c2cc3c(c(O)c21)OCO3,-3.7999999545793433,-2.8915464219584397,0.9084535326209036,0.9084535326209036
CC(=O)OC1CC2CCC1(C)C2(C)C,-3.930000049958747,-4.087827544115975,-0.1578274941572282,0.1578274941572282
CCCCCCCCCCCC1=NCCN1CCO,-3.8986556564383483,-2.89136328612567,1.0072923703126784,1.0072923703126784
COc1ccc(C(c2ccc(OC)cc2)C(C)[N+](=O)[O-])cc1,-4.5446000054727795,-5.185759858627646,-0.6411598531548668,0.6411598531548668
COc1c(Cl)cccc1NS(=O)(=O)c1ccc(N)cc1,-4.150000110504225,-4.176987546506361,-0.026987436002135823,0.026987436002135823
CS(=O)(=O)N(SC(Cl)(Cl)C(F)(Cl)Cl)c1ccccc1,-5.148500045720559,-4.975978137450898,0.17252190826966096,0.17252190826966096
C=CCOCC1CO1,0.04975703887859062,0.313510457440624,0.2637534185620334,0.2637534185620334
COc1cc2c3c(ccc4c5ccc6c7c(cc(OC)c(c1c34)c75)-c1ccccc1C6=O)C(=O)c1ccccc1-2,-5.599170751358873,-6.276064943984477,-0.6768941926256042,0.6768941926256042
CC(C)(C)[C@H](O)[C@H](Oc1ccc(Cl)cc1)n1cncn1,-3.9523999544853785,-3.9190888154895402,0.03331113899583826,0.03331113899583826
[NH3+][C@H](CC(=O)[O-])c1cccc2ccccc12,-1.5901997834081936,-1.9487402855272018,-0.35854050211900823,0.35854050211900823
CN(C=O)c1ccc(S(=O)(=O)N(C)C)cc1,-2.369999802580833,-2.2681260032581543,0.1018737993226786,0.1018737993226786
Clc1cc(Cl)c(Cl)c(Oc2ccccc2)c1Cl,-7.0199999122002925,-7.619273842450541,-0.5992739302502486,0.5992739302502486
O=[N+]([O-])c1ccc(F)cc1O,-2.049999865089496,-2.3665423319442502,-0.31654246685475407,0.31654246685475407
CCCCOC(=O)c1ccc(O)c(Br)c1,-3.6700000662403083,-3.607398029113983,0.06260203712632517,0.06260203712632517
O=C(Cl)Cl,-1.16084567807418,-1.352813921984502,-0.19196824391032186,0.19196824391032186
CCCCCCCCCCCC(=O)OCC(O)CO,-4.6602345358586525,-3.9784613679319154,0.6817731679267371,0.6817731679267371
CCO[Si](OCC)(OCC)OCC,-2.1455654204326655,-2.643443573064762,-0.49787815263209634,0.49787815263209634
CCCCCCOc1ccc(C(=NO)c2ccccc2)c(O)c1,-3.470000001788039,-5.2461147486058985,-1.7761147468178597,1.7761147468178597
NS(=O)(=O)c1nnc(NS(=O)(=O)Cc2ccccc2)s1,-2.6999999796658702,-2.039819069040952,0.6601809106249181,0.6601809106249181
Cc1cccc(C)c1NC(=O)c1cc(S(N)(=O)=O)c(Cl)cc1O,-3.9000001075790265,-3.2024686831121802,0.6975314244668462,0.6975314244668462
N#CCCOCCN(CCC#N)c1ccc(N=Nc2ccc([N+](=O)[O-])cc2)cc1,-4.593750008725596,-4.929622351013634,-0.3358723422880381,0.3358723422880381
c1ccc2c(c1)[nH]c1ccccc12,-5.210427752366131,-4.678201499051719,0.5322262533144126,0.5322262533144126
CCCC1C(=O)N2C(N(C)C)=Nc3ccc(C)cc3N2C1=O,-3.5380000989264775,-4.028221036057005,-0.4902209371305273,0.4902209371305273
CCCCCCC(O)CC,-2.6607999051971682,-2.935628439306892,-0.27482853410972385,0.27482853410972385
O=S(=O)([O-])c1ccc(Nc2nc(Nc3ccc(/C=C/c4ccc(Nc5nc(Nc6ccc(S(=O)(=O)[O-])cc6)nc(N(CCO)CCO)n5)c(S(=O)(=O)[O-])c4)cc3S(=O)(=O)[O-])nc(N(CCO)CCO)n2)cc1,-0.46428665320551454,0.10915526432668088,0.5734419175321954,0.5734419175321954
CCCCCCCCCCCC,-6.409999910583885,-7.054048667016243,-0.6440487564323583,0.6440487564323583
COc1cc(OC)nc(NC(=O)NS(=O)(=O)c2ncccc2C(=O)N(C)C)n1,-3.9700000421451644,-3.4388490184787046,0.5311510236664598,0.5311510236664598
Nc1c(Oc2ccccc2)cc(O)c2c1C(=O)c1ccccc1C2=O,-4.219226818306842,-6.39125364744315,-2.172026829136308,2.172026829136308
CCC[N+](=O)[O-],-0.7999998504635029,-1.1121052006705907,-0.31210535020708785,0.31210535020708785
O=S(=O)([O-])c1ccccc1/C=C\c1ccc(-c2ccc(/C=C\c3ccccc3S(=O)(=O)[O-])cc2)cc1,-1.504668370519095,-1.2621844850842188,0.2424838854348763,0.2424838854348763
O=CC(O)CO,-0.4889998197712808,0.5400584456990734,1.0290582654703542,1.0290582654703542
CCCC(CCC)CCCC1COCCN1CCO,0.964258488095449,-1.9999279800884548,-2.964186468183904,2.964186468183904
CCCCC(C)(C)O,-1.0783998568128068,-0.946153373433348,0.13224648337945877,0.13224648337945877
CCCCCCCCP(=O)(O)O,-3.0148095531415953,-2.1406389638736507,0.8741705892679446,0.8741705892679446
O=C(O)c1ccc(C(=O)O)o1,-2.2396237218919266,-1.696762356946655,0.5428613649452716,0.5428613649452716
COP(=O)(OC)OC(=CCl)c1cc(Cl)c(Cl)cc1Cl,-4.520000020975219,-4.045556457112175,0.4744435638630442,0.4744435638630442
CC(C)(C)CC(C)(C)c1cc(Cc2cc(C(C)(C)CC(C)(C)C)cc(-n3nc4ccccc4n3)c2O)c(O)c(-n2nc3ccccc3n2)c1,-7.973715359350646,-7.961929517350727,0.01178584199991839,0.01178584199991839
CCc1c2ccccc2cc2c1ccc1ccccc12,-6.796000176799418,-7.043384707760682,-0.24738453096126367,0.24738453096126367
OCC(O)C(O)C(O)C(O)CO,1.090000177172076,0.3248402585218231,-0.7651599186502529,0.7651599186502529
CC1CCC(O)CC1,-0.8814997732938852,-0.861155020480115,0.02034475281377013,0.02034475281377013
Clc1cc(Cl)c(Cl)c(-c2cc(Cl)cc(Cl)c2Cl)c1,-8.56000068108592,-8.606256259984749,-0.04625557889882792,0.04625557889882792
CCC1(c2ccccc2)C(=O)NCNC1=O,-2.640000025892973,-1.9986784224500833,0.6413216034428895,0.6413216034428895
COCC(=O)c1ccccc1,-0.7615997972327011,-1.386275372287994,-0.6246755750552928,0.6246755750552928
CC1=NN(c2ccc(C)cc2)C(=O)C1N=Nc1ccc(-c2ccc(N=NC3C(=O)N(c4ccc(C)cc4)N=C3C)c(Cl)c2)cc1Cl,-8.269885778569694,-8.08392487996975,0.18596089859994436,0.18596089859994436
NC(=O)NS(=O)(=O)c1ccc(N)cc1,-1.9699999497301184,-2.349166814071014,-0.37916686434089564,0.37916686434089564
O=C1OC(=O)c2ccccc21,-1.3644247458594405,-1.799075081850911,-0.4346503359914704,0.4346503359914704
OCc1ccc(Br)cc1,-1.9294998860399102,-1.7303216683310711,0.19917821770883903,0.19917821770883903
C=C(Br)C(=O)Nc1ccc(Nc2cc(S(=O)(=O)[O-])c(N)c3c2C(=O)c2ccccc2C3=O)c(S(=O)(=O)[O-])c1,-1.0618037769141517,-1.1828352976035663,-0.12103152068941458,0.12103152068941458
CC(=O)c1cccc2ccccc12,-2.884634668244284,-3.1877753732150467,-0.3031407049707626,0.3031407049707626
CC12CCC(=O)CC1CCC1C2CCC2(C)C(OC=O)CCC12,-5.320000278784297,-5.0583040133253565,0.26169626545894076,0.26169626545894076
Nc1cccc(S(=O)(=O)c2cccc(N)c2)c1,-3.5118956210832577,-3.0532889545936897,0.45860666648956805,0.45860666648956805
COc1ccc(CC2NCC(O)C2OC(C)=O)cc1,-1.6099998820254526,-1.4817604579412071,0.1282394240842455,0.1282394240842455
CC(C)CCCCCCCOC(=O)CCCCC(=O)OCCCCCCCC(C)C,-6.630104802569366,-6.739533919025501,-0.10942911645613496,0.10942911645613496
CCC(=O)CC(C)CC,-1.6308173770143493,-1.9865911296733816,-0.3557737526590323,0.3557737526590323
CC(=O)CC(C)(C)C1CCCCC1,-3.5481536346598137,-4.023022666480472,-0.4748690318206581,0.4748690318206581
CC(C)(C)OOC(C)(C)C#CC(C)(C)OOC(C)(C)C,-5.114568751807102,-4.867241363987591,0.24732738781951102,0.24732738781951102
CCOC(=O)CC(C)CC(C)(C)C,-3.823043064517972,-4.1405986834168065,-0.31755561889883444,0.31755561889883444
NCCNCCN(CCN)CCN,0.42180333635350564,0.3375133375149444,-0.08428999883856125,0.08428999883856125
COc1cc(/C=C/CO)ccc1OC1OC(CO)C(O)C(O)C1O,-1.8699998657438914,-1.483746113103652,0.3862537526402394,0.3862537526402394
CC/C(C)=C/CCC(C)=O,-2.192585875466812,-2.0368516974637365,0.15573417800307565,0.15573417800307565
NC(=O)c1c(Cl)cccc1Cl,-1.8426998677985227,-2.4282835987378357,-0.585583730939313,0.585583730939313
CCCCC(C)C(C)O,-2.057799972952176,-1.993623048754844,0.06417692419733179,0.06417692419733179
CCCN,1.2283001068506691,0.6299388105455135,-0.5983612963051557,0.5983612963051557
NS(=O)(=O)c1cc2c(s1)S(=O)(=O)CCC2O,-1.6499998051984135,-2.197446838255871,-0.5474470330574577,0.5474470330574577
CC(C(=O)O)c1cccc(C(=O)c2ccccc2)c1,-3.470000001788039,-3.206982094135701,0.2630179076523378,0.2630179076523378
Cc1ccccc1N(O)C(=O)CCc1ccccc1,-2.7899998930718524,-2.9095318721310917,-0.11953197905923929,0.11953197905923929
CCC(C)(C)c1cc(-n2nc3ccccc3n2)c(O)c(C(C)(C)CC)c1,-8.545918071262903,-7.647050930418779,0.8988671408441249,0.8988671408441249
NC(N)=O,0.9578405127205456,0.3631648110315169,-0.5946757016890287,0.5946757016890287
CCCCC(=O)OCC1OC(n2cc(I)c(=O)[nH]c2=O)CC1O,-3.4000000672219013,-2.9156136484540056,0.4843864187678957,0.4843864187678957
C=C(C)c1ccccc1,-3.008082328469357,-3.2176524716426904,-0.20957014317333345,0.20957014317333345
CCCCC(CC)C(=O)OOC(C)(C)CC,-4.116871857167378,-4.840284431933106,-0.7234125747657281,0.7234125747657281
CCC(C)C(=O)OC1CC(O)C=C2C=CC(C)C(CCC3CC(O)CC(=O)O3)C21,-3.349999852695147,-3.5386342635757098,-0.18863441088056287,0.18863441088056287
O=C(O)c1cc(Cl)ccc1N=Nc1ccc(O)cc1,-3.8599999083522407,-4.063008096827625,-0.20300818847538427,0.20300818847538427
CCCC(C)C1(CC)C(=O)NC(=O)NC1=O,-2.39000000571441,-2.688633135612043,-0.29863312989763324,0.29863312989763324
C[C@H](CCC(=O)O)[C@H]1CC[C@H]2[C@@H]3[C@H](O)[C@H](O)[C@@H]4C[C@H](O)CC[C@]4(C)[C@H]3CC[C@]12C,-4.346499915977054,-4.404712352220322,-0.05821243624326833,0.05821243624326833
COc1cc(Cl)c(Cl)c(Cl)c1OC,-4.370100033520858,-4.856083268385474,-0.4859832348646158,0.4859832348646158
CC=CCC1(CC=CC)C(=O)NC(=O)NC1=O,-2.1999999220553805,-2.333800139881513,-0.1338002178261326,0.1338002178261326
CCCCCCCCCNC(=O)OCC1OC(O)C(O)C(O)C1O,-2.959999976324332,-2.794006408886098,0.165993567438234,0.165993567438234
O=Cc1ccc(Br)o1,-1.543999829355081,-1.800535406584587,-0.25653557722950615,0.25653557722950615
Cc1ccc(C(=O)N(O)c2ccc(Cl)cc2)cc1,-4.4200000750159045,-4.11186907172578,0.3081310032901241,0.3081310032901241
c1cc2ccc3cccc4ccc(c1)c2c34,-6.178796826676289,-7.148256451621682,-0.9694596249453928,0.9694596249453928
Clc1ccc(-c2cc(Cl)cc(Cl)c2Cl)c(Cl)c1,-7.820000308036285,-7.843178891389478,-0.023178583353193005,0.023178583353193005
CCOC(=O)Oc1ccc(NC(C)=O)cc1,-2.6700000027794215,-2.6186651197694086,0.05133488301001288,0.05133488301001288
CC(C)CCOC(=O)CC(C)C,-3.554059461176087,-3.306138385099419,0.24792107607666836,0.24792107607666836
Nc1nc(C(F)(F)F)c2[nH]cnc2n1,-3.1345998668208415,-3.5078013977928353,-0.3732015309719938,0.3732015309719938
CCCC(=O)OCn1cnc2c1c(=O)n(C)c(=O)n2C,-1.8599998849506514,-2.026269312113431,-0.16626942716277981,0.16626942716277981
Fc1ccc(CCl)cc1,-2.544199876558738,-3.2106389791540395,-0.6664391025953016,0.6664391025953016
O=C(Nc1ccc(Cl)cc1C(O)c1ccccc1)c1ccncc1,-5.529900012971186,-3.8844367450392907,1.6454632679318957,1.6454632679318957
O=C(O)CCCCCCCCCCCC(=O)O,-3.789999973786103,-3.0176200743861803,0.7723798993999229,0.7723798993999229
O=C(O)c1cc(-c2ccccc2)nc2ccccc12,-3.192599965912676,-3.8150809130600813,-0.6224809471474053,0.6224809471474053
C[Si]1(C)O[Si](C)(C)O[Si](C)(C)O[Si](C)(C)O1,-6.953687090546319,-5.988057160313648,0.9656299302326712,0.9656299302326712
c1cc[nH]c1,-0.17339962814106613,0.526278390868137,0.6996780190092031,0.6996780190092031
C=CC1(C(C)CCC)C(=O)NC(=O)NC1=O,-2.3599997872808642,-2.6002971883956874,-0.24029740111482312,0.24029740111482312
Cn1c(=O)c2c(ncn2C)n(C)c1=O,-0.9099999842564261,-0.8363858149878958,0.07361416926853037,0.07361416926853037
CC(C)C(C)C(C)C,-4.6961002769500375,-4.585534508869911,0.11056576808012686,0.11056576808012686
Cc1ccc2c(c1)C(=O)c1ccccc1C2=O,-6.117146002017084,-5.714427088004644,0.4027189140124401,0.4027189140124401
O=C1C=Cc2ccccc2C1=NO,-2.9399999974844877,-3.3912158274734834,-0.4512158299889957,0.4512158299889957
CCN(CCCl)CCCl,-3.026499932278195,-1.7603666764977053,1.2661332557804896,1.2661332557804896
C=CC(=O)NC(C)(C)CC(C)(C)C,-2.2588292695838255,-2.427643153864087,-0.16881388428026156,0.16881388428026156
ClCc1ccc(Cl)cc1Cl,-3.512942072119966,-4.382061445753409,-0.8691193736334428,0.8691193736334428
COc1ccc(C(=O)c2coc(S(N)(=O)=O)c2)cc1,-4.148099894000584,-2.7789531938147616,1.3691467001858224,1.3691467001858224
O=C1NC(=O)C2(CCCC2)C(=O)N1,-2.3489998705204105,-1.8378395261305696,0.5111603443898409,0.5111603443898409
O=C1CCCCCCCN1,0.6329003159789499,-1.3572832334094962,-1.990183549388446,1.990183549388446
ClC1=C(Cl)C2(Cl)C3CC=CC3C1(Cl)C2(Cl)Cl,-5.639999940221808,-6.876433979758069,-1.2364340395362605,1.2364340395362605
Cc1ccc(NS(=O)(=O)c2cc(NNC3=C4C(=O)C=C(S(=O)(=O)[O-])C=C4C=CC3=N)ccc2Cl)c(C)c1,-0.6308710577824961,-2.101034487804847,-1.470163430022351,1.470163430022351
COc1cc(NC(=O)C(N=Nc2ccc(-c3ccc(N=NC(C(C)=O)C(=O)Nc4cc(OC)c(Cl)cc4OC)c(Cl)c3)cc2Cl)C(C)=O)c(OC)cc1Cl,-8.52843723885547,-8.699935125461698,-0.1714978866062271,0.1714978866062271
CCC1C(N)CN1c1cc2c(cc1F)c(=O)c(C(=O)O)cn2C1CC1,-3.910000088372267,-4.3896900551773745,-0.47968996680510756,0.47968996680510756
Brc1cc(Br)c(OCCOc2c(Br)cc(Br)cc2Br)c(Br)c1,-6.536300332602092,-6.845042519060526,-0.3087421864584341,0.3087421864584341
CC1CC1(C(=O)O)C(=O)O,0.8412003182505932,-0.8878679209533957,-1.7290682392039889,1.7290682392039889
CC(CN)CCCN,-1.3272485772612954,0.5994155391272544,1.9266641163885498,1.9266641163885498
CC(=O)CC(C)=Nc1ccc(O)cc1,-3.5899998748271056,-2.2838086210502433,1.3061912537768623,1.3061912537768623
O=C(Nc1ccc([N+](=O)[O-])cc1Cl)c1cc(Cl)ccc1O,-4.449850051155252,-4.9500884294834435,-0.5002383783281914,0.5002383783281914
CCCCCC(=O)N(C)c1ccc(S(=O)(=O)N(C)C)cc1,-2.94999998690441,-3.1230374731388073,-0.17303748623439752,0.17303748623439752
CC(C)CCC(C)Nc1ccc(Nc2ccccc2)cc1,-5.624837407835815,-5.6014893274341375,0.023348080401677684,0.023348080401677684
CC(O)C1C(=O)N2C(C(=O)O)=C(SCC(=N)N(C)C)C(C)C12,-0.2799997449997127,-0.7844258598515088,-0.5044261148517961,0.5044261148517961
CCC1CCCCN1C(=O)COC(=O)c1ccccc1,-2.7199999585057144,-2.61675317097821,0.10324678752750449,0.10324678752750449
CCN1C(=O)C(C(N)=O)=C(C)/C(=N/Nc2cc(Nc3nc(Cl)nc(Nc4ccc(S(=O)(=O)[O-])c(Nc5nc(N)nc(Cl)n5)c4)n3)c(S(=O)(=O)[O-])cc2S(=O)(=O)[O-])C1=O,-0.7590010265251719,-1.1149365467255907,-0.35593552020041885,0.35593552020041885
CCC(C)OC(=S)S,0.46887713878931203,-0.9889926482222311,-1.4578697870115431,1.4578697870115431
C=CC1CN2CCC1CC2C(O)c1ccnc2ccc(OC)cc12,-2.1912029838310176,-2.712429527425345,-0.5212265435943273,0.5212265435943273
COc1cc(OC)c(NC(=O)c2cc3ccccc3cc2O)cc1Cl,-5.377540661990867,-5.65398455093699,-0.2764438889461225,0.2764438889461225
CCOc1ccc(NC(C)=O)c2cccnc12,-1.5170999024154364,-2.6786478201782504,-1.161547917762814,1.161547917762814
C[C@H]1CCCC[C@@H]1C,-4.334099716189838,-4.38093224758269,-0.046832531392851706,0.046832531392851706
CCOP(=O)(OCC)OP(=O)(OCC)OCC,0.5373001158807571,0.18992640505934943,-0.34737371082140767,0.34737371082140767
CC(C)N(C(=O)CCl)c1ccccc1,-2.480600042882342,-2.559130040637629,-0.0785299977552869,0.0785299977552869
CCN(CC)CCOC(=O)c1ccc(NC(C)=O)cc1,-1.6499998051984135,-1.9438171416140857,-0.2938173364156722,0.2938173364156722
C=C(C)C(=O)OCC[N+](C)(C)CCCS(=O)(=O)[O-],0.9627401920585457,0.4347256919505038,-0.5280145001080419,0.5280145001080419
Clc1cccc(-c2c(Cl)cc(Cl)cc2Cl)c1,-7.1546998239484765,-6.948805354706938,0.20589446924153876,0.20589446924153876
CN1C2CCC1[C@@H](C(=O)O)[C@@H](O)C2,-0.017299747833465773,-0.33566682695056826,-0.3183670791171025,0.3183670791171025
CCc1cccc(C)c1N,-1.7061270688753636,-1.8593436359954278,-0.15321656712006426,0.15321656712006426
COC(=O)c1ccc(C(=O)OC)c(N=NC(C(C)=O)C(=O)Nc2ccc3[nH]c(=O)[nH]c3c2)c1,-6.314069274057297,-7.167351094689431,-0.8532818206321346,0.8532818206321346
CCCOC(=O)c1ccc(O)c(I)c1,-3.6865000794079013,-3.34680466769894,0.33969541170896145,0.33969541170896145
Nc1ccc2c(c1)C(=O)c1ccccc1C2=O,-6.136600067164842,-5.2055765204743984,0.9310235466904437,0.9310235466904437
CCCC1(CCC)C(=O)NC(=O)NC1=O,-2.529999874846685,-2.2777271552878826,0.25227271955880237,0.25227271955880237
CC(C)CC1NC(=O)CNC1=O,-1.249999883334243,-1.3811538837016935,-0.1311540003674505,0.1311540003674505
O=c1ccc2nc3ccc(O)cc3oc-2c1,-1.0276998113332247,-2.5675290472734105,-1.5398292359401857,1.5398292359401857
NCC(=O)NCC(=O)NCC(=O)O,-0.5299998859518236,0.12588440216893382,0.6558842881207574,0.6558842881207574
C=C[C@H]1CN2CC[C@H]1C[C@@H]2[C@@H](O)c1ccnc2ccccc12,-3.088723603130778,-2.586105433791653,0.502618169339125,0.502618169339125
CCn1cc(C(=O)O)c(=O)c2cc(F)c(N3CCN(C)CC3)cc21,-1.4699998748662648,-3.311783927365548,-1.8417840524992832,1.8417840524992832
Clc1cc(Cl)c(Cl)c(-c2cccc(Cl)c2Cl)c1,-6.96000044152159,-7.806409074021573,-0.8464086324999833,0.8464086324999833
O=C1Nc2ccc(Cl)cc2C(c2ccccc2Cl)=NC1O,-3.6036000115776687,-4.556056377232691,-0.9524563656550225,0.9524563656550225
Clc1cc(Cl)c2cc(Cl)ccc2c1,-6.555700015146346,-7.491722896605575,-0.9360228814592286,0.9360228814592286
COC(=O)C(C)N(C(=O)c1ccccc1)c1ccc(F)c(Cl)c1,-3.9820001019132,-4.144309122877173,-0.16230902096397326,0.16230902096397326
CC(=O)C(N=Nc1ccc(-c2ccc(N=NC(C(C)=O)C(=O)NN)c(Cl)c2)c(Cl)c1)C(=O)NN,-8.70529774706404,-6.5190433798466465,2.186254367217394,2.186254367217394
Clc1cc(Cl)cc(-c2c(Cl)c(Cl)c(Cl)c(Cl)c2Cl)c1,-9.10000061010928,-9.396740804422903,-0.29674019431362275,0.29674019431362275
O[Si](O)(c1ccccc1)c1ccccc1,-2.733020468490826,-2.3881405761633965,0.34487989232742944,0.34487989232742944
Cc1cccc(C(=O)O)c1O,-2.039999884296256,-1.5968639987949005,0.44313588550135563,0.44313588550135563
N#Cc1ccc2c(c1)C(=O)OC2,-2.7020999728719124,-2.5639787880449365,0.13812118482697588,0.13812118482697588
CCCC[NH+](C)C,-0.6670323144934271,-0.2311608544075492,0.43587146008587796,0.43587146008587796
Nc1ccc(N)cc1,-0.46579998027356995,-0.5255639770396412,-0.05976399676607125,0.05976399676607125
CCCCCCCCCCCCCC(=O)[O-],-6.70703134168277,-5.283814867363688,1.4232164743190818,1.4232164743190818
O=c1[nH]c2ccccc2[nH]1,-2.3927518482678414,-2.505108653563864,-0.11235680529602243,0.11235680529602243
COC(=O)c1ccc(NC(C)=O)cc1,-1.8999998771370683,-2.218743700711692,-0.31874382357462383,0.31874382357462383
CCCC(C)C(=O)OCC,-2.489690460829293,-1.9574455048682444,0.5322449559610485,0.5322449559610485
O=C(O)CNC(Cc1ccc(O)cc1)C(=O)O,-2.5899998286195824,-1.5499115220151336,1.0400883066044488,1.0400883066044488
COc1ccc2c3c1OC1C(OC(C)=O)CCC4C(C2)N(C)CCC341,-1.7499998891846404,-2.167712045574959,-0.41771215639031833,0.41771215639031833
O=C(O)C1=CC(O)C(O)C(O)C1,0.010000319125359258,-0.6993241247408539,-0.7093244438662132,0.7093244438662132
c1cnoc1,0.38270031205761734,0.7445751303005776,0.3618748182429603,0.3618748182429603
CCONC(=O)c1cn(C)c(=O)c(F)c1Nc1ccc(Br)cc1F,-4.190000033677186,-3.878837131228278,0.311162902448908,0.311162902448908
CCOC(=O)c1ccc(O)c(OC)c1,-1.7199998777914636,-2.364084969808522,-0.6440850920170584,0.6440850920170584
CC=CCCCC,-3.819999916165824,-3.8418290103960357,-0.021829094230211954,0.021829094230211954
CC(=O)CC(=O)N(C)C,0.8888753659170137,0.7590643674076607,-0.12981099850935296,0.12981099850935296
FC(F)(F)C(Cl)(Cl)Cl,-4.33319232726742,-3.027926759605557,1.3052655676618627,1.3052655676618627
CCCCCCOC(=O)c1ccc(O)cc1,-3.9489998685376455,-3.705666496470122,0.2433333720675237,0.2433333720675237
OC(Cn1cncn1)(c1ccc(F)cc1)c1ccccc1F,-3.3650998588898022,-3.987315518311487,-0.6222156594216846,0.6222156594216846
NC(Cc1ccc(O)cc1)C(=O)O,-2.6560999508014773,-1.4402434809735547,1.2158564698279226,1.2158564698279226
O=C([O-])CNS(=O)(=O)c1ccc2ccccc2c1,-2.849699905737323,-2.6194151235049112,0.2302847822324119,0.2302847822324119
CCOP(=O)(OCC)OP(=O)(OCC)OP(=O)(OCC)OP(=O)(OCC)OCC,0.29560008528166026,-0.04703102082811039,-0.34263110610977066,0.34263110610977066
CCCCCCCC(=O)OC1C(O)C(O)OC(CO)C1O,-2.6300000450997323,-1.7000807999756764,0.9299192451240559,0.9299192451240559
CCN(CC)c1ccc(N=Nc2c(C#N)cc(C)cc2C#N)c(NS(C)(=O)=O)c1,-7.233105183401824,-6.728672857338967,0.5044323260628563,0.5044323260628563
ClCCCCCl,-0.9199998960362101,-1.620313528977226,-0.7003136329410158,0.7003136329410158
COC1=CC(=O)CC(C)C12Oc1c(Cl)c(OC)cc(OC)c1C2=O,-3.9700000421451644,-4.143842039805457,-0.1738419976602925,0.1738419976602925
Cc1ccc(OCCCS(=O)(=O)[O-])c([N+](=O)[O-])c1,0.17031057237020564,-1.5233192570633305,-1.6936298294335361,1.6936298294335361
CN1CCN(C2=Nc3cc(Cl)ccc3Nc3ccccc32)CC1,-4.639999928521014,-3.5588761173262515,1.0811238111947628,1.0811238111947628
Cc1cc(N=Nc2ccc(Nc3nc(N)nc(Cl)n3)c3c(S(=O)(=O)[O-])cccc23)c(C)cc1N=Nc1cc(S(=O)(=O)[O-])ccc1S(=O)(=O)[O-],-0.38694548124712336,-0.5523370572467483,-0.16539157599962495,0.16539157599962495
CCOCC,-0.0888998283955873,-0.16379792400368798,-0.07489809560810068,0.07489809560810068
CCC(Br)(CC)C(=O)NC(N)=O,-2.6799999835726616,-2.069123217755034,0.6108767658176277,0.6108767658176277
O=C(O)C(F)(F)Cl,0.8845001888463075,0.1935631381484706,-0.690937050697837,0.690937050697837
CCC(C)Nc1c([N+](=O)[O-])cc(C(C)(C)C)cc1[N+](=O)[O-],-5.470300268230925,-5.266840593724931,0.20345967450599467,0.20345967450599467
COC(=O)c1ccc(O)c(I)c1,-3.313800051968915,-3.026326234035564,0.28747381793335114,0.28747381793335114
C=CCNC(=O)CN(CC=C)C(=O)C(Cl)Cl,-1.0396998711012604,-1.5023851293334172,-0.4626852582321568,0.4626852582321568
C=CCNC(N)=S,-0.29399981472908765,-0.4893777374575574,-0.19537792272846977,0.19537792272846977
COc1ccc2cc(C(C)C(=O)OC(C)C)ccc2c1,-5.47999997147614,-5.569846657755944,-0.08984668627980419,0.08984668627980419
CCCCOC(=O)C(C)O,-0.5628999808023987,-0.8034986946670908,-0.24059871386469212,0.24059871386469212
CC(C)C1C(C)CCCC1O,-0.28999979480640903,-1.8331754587321143,-1.5431756639257053,1.5431756639257053
CCOC(=O)c1ccc(NS(=O)(=O)c2ccccc2)nc1,-4.239999730603018,-3.6656377256724597,0.5743620049305584,0.5743620049305584
Clc1ccc(Cl)c(-c2ccc(Cl)c(Cl)c2Cl)c1,-7.9100004802427275,-7.732281996746394,0.17771848349633323,0.17771848349633323
OCC(CO)(CO)CO,-0.3416160629308065,-0.029627207437822545,0.31198885549298394,0.31198885549298394
O=C(O)c1cc2ccccc2cc1O,-3.4172455982503416,-3.253573527019238,0.16367207123110372,0.16367207123110372
CC(=O)Nc1cc(N(CCOC(C)=O)CCOC(C)=O)ccc1N=Nc1ccc([N+](=O)[O-])cc1Cl,-6.96371502178933,-6.471225612352757,0.4924894094365726,0.4924894094365726
O=C1/C(=N\Nc2ccc(N=Nc3ccc(S(=O)(=O)[O-])cc3)cc2)C(S(=O)(=O)[O-])=Cc2cc(Nc3nc(NCCO)nc(NCCO)n3)ccc21,-0.28369776203795993,-0.19998830439314563,0.0837094576448143,0.0837094576448143
NNC(=O)c1ccc([N+](=O)[O-])cc1,-2.1599999988824194,-2.148714918520853,0.01128508036156628,0.01128508036156628
C[n+]1ccc(-c2cc[n+](C)cc2)cc1,0.4349001579678351,0.24305047917530453,-0.19184967879253056,0.19184967879253056
Cc1ccc(S(N)(=O)=O)cc1,-1.7421952954473063,-1.453685369868999,0.28850992557830724,0.28850992557830724
CC(=O)C(N=Nc1ccc(C(=O)Nc2ccc(C(N)=O)cc2)cc1)C(=O)Nc1ccc2[nH]c(=O)[nH]c2c1,-6.672808672957139,-7.027996639399753,-0.35518796644261386,0.35518796644261386
O=C(O)COc1ccccc1,-1.1030997727949785,-1.315126915783395,-0.2120271429884164,0.2120271429884164
CCC(=O)OC/C=C(C)/C=C/C=C(C)/C=C/C1=C(C)CCCC1(C)C,-7.534690398396119,-6.36753013383962,1.1671602645564993,1.1671602645564993
Nc1nc(=O)c(O[C@@H]2O[C@H](CO)[C@@H](O)[C@H](O)[C@H]2O)c(N)[nH]1,-1.4831998025841917,-1.6530586196051242,-0.16985881702093253,0.16985881702093253
C=CC(=O)OC(C)COCC(C)OC(=O)C=C,-1.66829803298135,-1.2524883705387277,0.4158096624426222,0.4158096624426222
NC(=O)C(Br)(Br)Br,-1.266799967009493,-1.2765253432604222,-0.009725376250929285,0.009725376250929285
CCOc1nsc(N)n1,-0.6513999384974687,-1.2966778245851553,-0.6452778860876867,0.6452778860876867
C=CC(=O)OCC(C)CC,-2.653206268342144,-2.239030275181866,0.4141759931602782,0.4141759931602782
Nc1ccc2c(c1)C=C(S(=O)(=O)O)/C(=N/Nc1ccc(N=Nc3ccc(S(=O)(=O)O)cc3)cc1)C2=O,-0.6359043471717434,-1.5832666915960423,-0.9473623444242989,0.9473623444242989
CCC(=O)OOC(=O)CC,-0.9633998361434477,-1.144403774236727,-0.1810039380932793,0.1810039380932793
O=C(O)c1ccccc1C(=O)O,-1.4245731475766734,-1.4601032072169902,-0.03553005964031675,0.03553005964031675
CC(CC(=O)O)CC(C)(C)C(=O)O,-0.2790371453123157,-1.0096302941442108,-0.7305931488318951,0.7305931488318951
CC1(C)CC(N(C=O)CCCCCCN(C=O)C2CC(C)(C)NC(C)(C)C2)CC(C)(C)N1,-1.5399556408204198,-2.199549609253526,-0.6595939684331062,0.6595939684331062
CCN(CC)C(=O)C(C)OC(=O)c1ccccc1OC(C)=O,-1.599999832218756,-1.896143957310983,-0.296144125092227,0.296144125092227
CC(=O)Oc1ccc(NC(=O)Nc2ccccc2)cc1,-4.440000036602385,-4.84718494939392,-0.4071849127915357,0.4071849127915357
CCCCCCCCCCCCCCC(C)c1cc(C)cc(C)c1O,-7.335707212714565,-7.33096129535703,0.00474591735753549,0.00474591735753549
Clc1cccc2c(Cl)cccc12,-5.699999963008162,-5.979074644905501,-0.2790746818973391,0.2790746818973391
OCc1ccc(I)cc1,-2.745999984482941,-2.493345137417032,0.2526548470659087,0.2526548470659087
O=C(O)c1ccccc1C(=O)c1ccc(O)cc1,-2.729999939298955,-2.9317757544865675,-0.20177581518761256,0.20177581518761256
NNC(=O)c1ccc([N+](=O)[O-])s1,-1.9699999497301184,-2.4843299786440927,-0.5143300289139743,0.5143300289139743
C=CC(=O)CCC,-0.8299997238297672,-1.1540678665385304,-0.3240681427087633,0.3240681427087633
CCOC(=O)C(=Cc1ccoc1)NC=O,-2.747699906683259,-2.683113266849696,0.06458663983356283,0.06458663983356283
O=C(NC(CO)C(=O)O)c1ccccc1,-0.9099999842564261,-1.1086374125223029,-0.19863742826587671,0.19863742826587671
CC(C)=CCCC(C)=CC=O,-2.0599998458827367,-2.2980176635250613,-0.23801781764232466,0.23801781764232466
Nc1ccc(N=Nc2ccccc2)cc1,-3.7597031355177117,-4.805369834295385,-1.0456666987776728,1.0456666987776728
Clc1ccc(Oc2c(Cl)c(Cl)c(Cl)c(Cl)c2Cl)c(Cl)c1,-9.640001091240288,-9.482638816791457,0.15736227444883077,0.15736227444883077
COc1c(Cl)c(Cl)cc(Cl)c1Cl,-5.130700095091552,-5.749246309045866,-0.6185462139543141,0.6185462139543141
CCN(CC)c1ccc(C(c2ccc(N(CC)CC)cc2)c2c(S(=O)(=O)O)ccc3ccc(S(=O)(=O)O)cc23)cc1,-0.6984759493638744,-1.73862205473791,-1.0401461053740357,1.0401461053740357
CC(C)[C@H]1CC[C@@H](C)CC1O,-2.8302606871093356,-2.201106966906652,0.6291537202026838,0.6291537202026838
ClCc1ccccc1Cl,-3.206909353952842,-2.9757868260020226,0.23112252795081956,0.23112252795081956
O=[N+]([O-])c1cc(C2CCCCC2)c(O)c([N+](=O)[O-])c1,-4.249199914452092,-4.238271633659197,0.01092828079289454,0.01092828079289454
CCCC(Cn1cncn1)c1ccc(Cl)cc1Cl,-3.590300083361675,-3.8419770442596337,-0.25167696089795877,0.25167696089795877
CCCCOCCOCCOC(=O)CCCCC(=O)OCCOCCOCCCC,-2.8821849169987748,-2.1028582373989932,0.7793266795997815,0.7793266795997815
CC1=NN(c2ccccc2)C(=O)C1N=Nc1ccccc1,-7.541447091814165,-6.402776410147948,1.138670681666217,1.138670681666217
O=S1(=O)OC(c2ccc(O)cc2)(c2ccc(O)cc2)c2ccccc21,-3.0699998728834994,-3.62352212598553,-0.5535222531020305,0.5535222531020305
CC(=O)N[C@@H](Cc1c[nH]c2ccccc12)C(=O)[O-],-2.312199997792321,-2.0925320299981873,0.21966796779413356,0.21966796779413356
COc1cccc(C(N)=O)c1,-1.7199998777914636,-1.4091694821746374,0.3108303956168261,0.3108303956168261
OCC(O)C(O)C(O)C(O)C(O)CO,0.3722003287740421,0.21821502076511123,-0.15398530800893084,0.15398530800893084
CCCOP(=O)(OCC)OCC,0.406300429601421,-0.1784279485614655,-0.5847283781628865,0.5847283781628865
C=CCn1c(=O)n(CC=C)c(=O)n(CC=C)c1=O,-1.8526019184973825,-1.762777454550483,0.08982446394689947,0.08982446394689947
Cn1cnc2nc(Cl)nc(Cl)c21,-1.1521998103054891,-2.4142069585787813,-1.2620071482732922,1.2620071482732922
CCCC(C)C(O)CC,-1.9635999178538328,-1.9555988428066322,0.008001075047200601,0.008001075047200601
C[C@H](CCC(=O)O)[C@H]1CC[C@H]2[C@@H]3[C@H](O)C[C@@H]4C[C@H](O)CC[C@]4(C)[C@H]3CC[C@]12C,-3.640199848802897,-4.689483680848124,-1.049283832045227,1.049283832045227
COc1ccc2c(c1)c(CC(=O)O)c(C)n2C(=O)c1ccc(Cl)cc1,-4.770000023900417,-4.178355117154873,0.591644906745544,0.591644906745544
O=S(=O)(O)c1ccc(O)cc1,0.7590094326965073,-1.1656624032378005,-1.9246718359343078,1.9246718359343078
CN/C(=C\[N+](=O)[O-])NCCSCc1ccc(CN(C)C)o1,-2.4999999324669644,-2.236721982111579,0.2632779503553855,0.2632779503553855
CC(Cl)C(C)Cl,-2.354099895921826,-2.4316249197275948,-0.07752502380576898,0.07752502380576898
C=CC(=O)NCOCCCC,-0.6536627517001046,-0.787434432462089,-0.13377168076198442,0.13377168076198442
NC(=O)CBr,0.06430038253535253,-0.19049122465540158,-0.2547916071907541,0.2547916071907541
NC1=CC(=O)C(=O)c2ccccc21,-3.8399998777523043,-2.9255751413053788,0.9144247364469256,0.9144247364469256
CCc1cccnc1,0.538000188380682,-0.36724766057198677,-0.9052478489526687,0.9052478489526687
c1ccccc1,-1.64230866958311,-2.4905322524615716,-0.8482235828784617,0.8482235828784617
C/C=C/CC(C)C(O)C1C(=O)NC(CC)C(=O)N(C)CC(=O)N(C)C(CC(C)C)C(=O)NC(C(C)C)C(=O)N(C)C(CC(C)C)C(=O)NC(C)C(=O)NC(C)C(=O)N(C)C(CC(C)C)C(=O)N(C)C(CC(C)C)C(=O)N(C)C(C(C)C)C(=O)N1C,-4.639999928521014,-1.6532757359384014,2.9867241925826127,2.9867241925826127
CC(Cl)(Cl)Cl,-2.139999968282483,-2.3387919521835707,-0.19879198390108765,0.19879198390108765
CCCCCCCCCCCCCC[N+](C)(C)C,-2.898070986729393,-2.3365169926126397,0.5615539941167533,0.5615539941167533
O=C1C=Cc2ccccc2/C1=N/Nc1ccc(N=Nc2ccc(S(=O)(=O)O)cc2)cc1,-4.6584415662659815,-3.621317008032296,1.0371245582336854,1.0371245582336854
C=CC(=O)OCCOCCOCC,-0.18125087497480674,-0.3194682645597573,-0.13821738958495056,0.13821738958495056
S=C=Nc1ccccc1,-3.177200027237276,-3.214422331330906,-0.03722230409363014,0.03722230409363014
CCCCS(=O)(=O)C(S(=O)(=O)CCCC)S(=O)(=O)CCCC,-2.969999970057595,-2.3527054100253864,0.6172945600322088,0.6172945600322088
Cc1ncc[nH]1,0.5121364294727675,0.7760977165649439,0.26396128709217637,0.26396128709217637
CCOc1ccc(NC(C)=O)c(C)c1,-1.838999849370045,-2.2416085488928967,-0.4026086995228517,0.4026086995228517
CCCSP(=O)(OCC)Oc1ccc(Br)cc1Cl,-4.365622992588767,-4.446875847245871,-0.0812528546571043,0.0812528546571043
CCCCCN1C(=O)CCC(N2C(=O)c3ccccc3C2=O)C1=O,-4.699999813280455,-3.6517878292238253,1.0482119840566293,1.0482119840566293
COC1=CC(=O)C2(Oc3c(Cl)c(OC)cc(OC)c3C2=O)C(C)C1,-4.400000113429424,-4.1042074738697405,0.29579263955968393,0.29579263955968393
CC(C(=O)O)N(CCC#N)CCC#N,-0.16999974923370154,-0.6219558995076233,-0.4519561502739218,0.4519561502739218
N=C1C=CC2=CC(S(=O)(=O)[O-])=CC(=O)C2=C1NNc1ccccc1S(=O)(=O)c1ccccc1,-2.088831528475516,-1.9073871465046226,0.18144438197089352,0.18144438197089352
ClC(Cl)=C(c1ccc(Cl)cc1)c1ccccc1Cl,-6.356299988189207,-6.664605733550487,-0.3083057453612801,0.3083057453612801
Clc1cccc(-c2ccccc2Cl)c1,-5.585100287904151,-5.302100948778329,0.28299933912582187,0.28299933912582187
S=c1[nH]c2ccccc2[nH]1,-2.176687107529833,-2.733280839007791,-0.5565937314779581,0.5565937314779581
FC(F)(F)C(F)(F)C(F)(F)C(F)(F)C(F)(F)C(F)(F)C(F)(F)C(F)(F)F,-7.641525437059748,-7.289530033102007,0.35199540395774065,0.35199540395774065
NC(=O)CNC(=O)OCc1ccccc1,-1.8799998465371317,-1.457289804660608,0.4227100418765237,0.4227100418765237
CC(=O)OC1(C(C)=O)CCC2C3C=C(C)C4=CC(=O)CCC4(C)C3CCC21C,-5.349999876096737,-4.942228348927307,0.4077715271694302,0.4077715271694302
CCOC(=O)CNc1nc(Cl)nc(NC(C)C)n1,-2.5622000007175196,-3.2067279865898883,-0.6445279858723687,0.6445279858723687
C#CC1CN2CCC1CC2C(O)c1ccnc2ccc(OC)cc12,-2.119999799655634,-2.661605154204377,-0.5416053545487429,0.5416053545487429
CCC(C)(C)CC,-4.2286000879041215,-4.5106542187335155,-0.282054130829394,0.282054130829394
O=C(O)CCNC(=O)Nc1ccc([N+](=O)[O-])cc1,-2.6999999796658702,-2.1221335576951335,0.5778664219707368,0.5778664219707368
c1ccc2c(c1)ccc1ccccc12,-5.190299977858725,-5.912216064839717,-0.7219160869809915,0.7219160869809915
OCC(O)C(O)C(O)CO,0.6252746051201457,0.5176445314408289,-0.10763007367931676,0.10763007367931676
O=C([O-])CN(CCN(CC(=O)[O-])CC(=O)[O-])CCN(CC(=O)[O-])CC(=O)[O-],0.20129871842958202,-0.14412108341924323,-0.34541980184882526,0.34541980184882526
Nc1c(N=Nc2cc(Nc3nc(Cl)nc(Nc4cccc(S(=O)(=O)[O-])c4)n3)ccc2S(=O)(=O)[O-])c(S(=O)(=O)[O-])cc2c1C(=O)/C(=N\Nc1cc(Nc3nc(Cl)nc(Nc4cccc(S(=O)(=O)[O-])c4)n3)ccc1S(=O)(=O)[O-])C(S(=O)(=O)[O-])=C2,-0.9572053263397937,-0.16803010519310035,0.7891752211466934,0.7891752211466934
CC(=O)Nc1ccc(C)cc1F,-1.7402999098856011,-2.158072729103939,-0.4177728192183381,0.4177728192183381
CCC(C)C(=O)O,-0.355953194380374,-0.39793711639283025,-0.041983922012456265,0.041983922012456265
CCOP(=O)(Sc1ccccc1)Sc1ccccc1,-3.3304998590922734,-4.594740213795482,-1.2642403547032082,1.2642403547032082
CCOC(=O)CC(NC1CCC(CC2CCC(NC(CC(=O)OCC)C(=O)OCC)CC2)CC1)C(=O)OCC,-3.7440776608673754,-3.131526611348416,0.6125510495189594,0.6125510495189594
N#Cc1cc(Br)c(O)c(Br)c1,-3.328399848632867,-3.533021882275296,-0.20462203364242892,0.20462203364242892
O=Cc1cc(O)cc(Br)c1,-3.2501999767454226,-2.139329916636015,1.1108700601094075,1.1108700601094075
O=c1cc(Br)c2ccccc2o1,-1.6532998906480794,-3.2151138116555313,-1.561813921007452,1.561813921007452
CCN(CC)C(=O)C(C)OC(=O)c1ccccc1,-2.2799999064282144,-1.9520021375221202,0.3279977689060942,0.3279977689060942
c1ccc2c(c1)Cc1cc3ccccc3cc1-2,-7.733000288798763,-6.595607736341793,1.1373925524569701,1.1373925524569701
ClCCOCCCl,-1.1199997879548391,-1.180815411766835,-0.0608156238119959,0.0608156238119959
C=CC(C)(CCC=C(C)C)OC(C)OCC,-3.9764017993578555,-3.7150477716283237,0.26135402772953187,0.26135402772953187
C=CC(=O)OCCCCCCCCCCCCCC,-4.428848704318979,-6.421561320824168,-1.9927126165051892,1.9927126165051892
O=C(O)CSC(SCC(=O)O)SCC(=O)O,-1.4242998542900307,-1.553820720229423,-0.12952086593939227,0.12952086593939227
BrCCc1ccccc1,-3.675699956603213,-3.40148848043226,0.2742114761709531,0.2742114761709531
O=C(O)Cc1cc(O)ccc1O,0.7037003925565357,-0.7229673066813405,-1.4266676992378762,1.4266676992378762
CCOc1ccccc1C(=O)N(O)c1ccccc1,-3.3699998487883556,-2.812719821621671,0.5572800271666845,0.5572800271666845
CCCCC(CC)COC(=O)C1CCC(C(=O)OCC(CC)CCCC)CC1,-6.926268044388966,-6.056175650036237,0.8700923943527288,0.8700923943527288
CCC1(CCO)C(=O)NC(=S)NC1=O,-1.4699998748662648,-2.047795161217,-0.5777952863507352,0.5777952863507352
Cn1nc(S(N)(=O)=O)sc1=NS(=O)(=O)c1ccc([N+](=O)[O-])cc1[N+](=O)[O-],-2.739999937345559,-2.7121263858188858,0.027873551526673257,0.027873551526673257
O=C(OCCOC(=O)c1ccccc1)c1ccccc1,-5.070092753890437,-4.4336070440986335,0.6364857097918035,0.6364857097918035
O=C([O-])c1cc(S(=O)(=O)[O-])ccc1NN/C(=N\Nc1cc(S(=O)(=O)[O-])cc([N-]c2nc(Cl)nc(N=C3C=C(S(=O)(=O)[O-])C(=Nc4nc(Cl)nc(Nc5cccc(S(=O)(=O)[O-])c5)n4)C=C3S(=O)(=O)[O-])n2)c1[O-])c1ccccc1,-0.8254111571524199,-0.7934446763376282,0.0319664808147917,0.0319664808147917
CCCN(CCC)C(=O)COC(=O)c1ccccc1,-2.379099985931839,-2.6988610333444596,-0.3197610474126207,0.3197610474126207
Cc1cccc(Cl)c1,-3.522799954206843,-3.043011919280443,0.4797880349264001,0.4797880349264001
CC(C)COC(=O)[C@H](C)Cl,-2.5175441882406657,-2.0386363164282044,0.4789078718124613,0.4789078718124613
O=C(NCCc1c[nH]cn1)c1ccccc1,-0.6339998518338166,-1.6916456993022901,-1.0576458474684736,1.0576458474684736
O=C1c2ccccc2C(=O)c2ccccc21,-6.03976066144671,-5.167624640628309,0.8721360208184015,0.8721360208184015
O=C1/C(=N/Nc2ccccc2)C(S(=O)(=O)[O-])=Cc2cc(S(=O)(=O)[O-])cc(Nc3nc(Nc4ccc(/C=C/c5ccc(Nc6nc(Nc7cc(S(=O)(=O)[O-])cc8c7C(=O)/C(=N/Nc7ccccc7)C(S(=O)(=O)[O-])=C8)nc(N7CCOCC7)n6)cc5S(=O)(=O)[O-])c(S(=O)(=O)[O-])c4)nc(N4CCOCC4)n3)c21,-1.1447960467218978,-0.8119698203646255,0.3328262263572723,0.3328262263572723
NC(=O)c1ccccc1O,-1.7599998699778805,-1.2349425274555332,0.5250573425223473,0.5250573425223473
CCOC(=O)/C=C/c1ccccc1,-3.01304668204252,-2.922442788747721,0.09060389329479879,0.09060389329479879
O=[N+]([O-])c1cc([N+](=O)[O-])cc([N+](=O)[O-])c1,-2.884599859582302,-2.56919485957299,0.3154050000093118,0.3154050000093118
Cc1cc(=O)oc2c3c4c(cc12)CCCN4CCC3,-3.89000005777233,-3.66007862276025,0.22992143501208018,0.22992143501208018
c1ccc(CNc2ncnc3[nH]cnc23)cc1,-3.5999998556203456,-3.732066904013625,-0.13206704839327932,0.13206704839327932
Cc1cc([N+](=O)[O-])ccc1N/N=C1\C(=O)C(C(=O)Nc2ccccc2C)=Cc2ccccc21,-7.981148384639676,-7.673642643262932,0.3075057413767439,0.3075057413767439
Oc1ccc(Cl)cc1Cc1ccccc1,-3.1665999399354496,-3.6120282109054327,-0.44542827096998305,0.44542827096998305
CN[C@@H](CC(C)C)C(=O)O,-0.5145999472764236,-0.6442798202189532,-0.1296798729425297,0.1296798729425297
O=C([O-])c1ccccc1-c1c2cc(I)c(=O)c(I)c-2oc2c(I)c([O-])c(I)cc12,-1.0993149368288029,-2.766751028140177,-1.6674360913113742,1.6674360913113742
Cc1ccc(C=O)cc1,-1.7237013455025219,-1.9268888309371737,-0.20318748543465182,0.20318748543465182
CCC(CC)(Cc1ccc(C)cc1)C(=O)NO,-3.349999852695147,-3.2865580598335016,0.06344179286164531,0.06344179286164531
Cc1cccc(C)c1OCC(=O)NC(Cc1ccccc1)C(O)C(=O)N1CSC(C)(C)C1C(=O)NC(C)(C)C,-5.010000253072745,-3.791335108110191,1.2186651449625536,1.2186651449625536
COC(=O)C1CCC(C(=O)OC)CC1,-1.3871944934979703,-1.127148201750406,0.26004629174756433,0.26004629174756433
CCC1(CC=C2CCCc3cc(OC)ccc32)C(=O)CCC1O,-4.12276891897471,-3.7386401596650303,0.38412875930968005,0.38412875930968005
NCc1ccccn1,0.966000387730515,0.5581501852209909,-0.4078502025095241,0.4078502025095241
CN1CC[C@]23c4c5ccc(OCCN6CCOCC6)c4O[C@H]2[C@@H](O)C=CC3[C@H]1C5,-1.2993998533254985,-1.8786487010912,-0.5792488477657016,0.5792488477657016
O=C(c1ccccc1)C1CCCCC1,-4.014709926664969,-3.793948371643527,0.22076155502144168,0.22076155502144168
C=CC=C(C)C=CC=CC,-2.0899997882624572,-2.69168070082539,-0.6016809125629328,0.6016809125629328
C/C=C\CC,-2.538399847670854,-2.7232597055902183,-0.18485985791936432,0.18485985791936432
O=[N+]([O-])C(Cl)(Cl)Cl,-2.0062998544746016,-1.8798778307465296,0.12642202372807199,0.12642202372807199
O=c1c2cc(Cl)ccc2[nH]c2cc3c(=O)c4cc(Cl)ccc4[nH]c3cc12,-7.419805906252478,-7.618467765281856,-0.19866185902937872,0.19866185902937872
Nc1ccccn1,0.9757003670295541,-0.0888142517098709,-1.064514618739425,1.064514618739425
Oc1ccccc1,-2.037378201121261,-0.5499563690608835,1.4874218320603774,1.4874218320603774
Clc1ncnc2nc[nH]c12,-1.4900999059642683,-1.5759479525905176,-0.08584804662624923,0.08584804662624923
C=C(C)C(=O)OC,-0.7999998504635029,-0.6050431858718177,0.19495666459168515,0.19495666459168515
CC1=CCC2CC1C2(C)C,-3.772570349363188,-4.6422903471061385,-0.8697199977429504,0.8697199977429504
Clc1cc(Cl)c(Cl)nc1Cl,-3.861424691155962,-4.651722278141209,-0.7902975869852469,0.7902975869852469
CCCCCCCCCCCCCCO,-5.787142702073153,-5.493346345748172,0.2937963563249806,0.2937963563249806
Cc1oc([C@H](O)[C@H](O)[C@H](O)CO)cc1C(=O)[O-],-1.2773998817776788,-0.7868867416735044,0.49051314010417446,0.49051314010417446
CC(=O)OCC1OC(OC(C)=O)C(OC(C)=O)C(OC(C)=O)C1OC(C)=O,-2.4153527199789937,-1.79599087049231,0.6193618494866837,0.6193618494866837
C[C@]12CCC(=O)C=C1CC[C@@H]1[C@@H]2CC[C@]2(C)C(=O)CC(O)[C@@H]12,-2.2130967436697104,-3.87234779593964,-1.6592510522699295,1.6592510522699295
O=C1Nc2ccc(Cl)cc2C(=O)N2CCCC12,-4.699999813280455,-4.196771495974863,0.5032283173055916,0.5032283173055916
Ic1ccc(I)cc1,-5.372300332232951,-5.5005400323710205,-0.12823970013806996,0.12823970013806996
O=C1C(=O)c2ccccc2-c2ccccc21,-4.443500123048185,-4.518739421183851,-0.07523929813566621,0.07523929813566621
COC(=O)[C@@H]1C2C=CC(C2)[C@@H]1C(=O)OC,-1.201999920315925,-1.7946918992192828,-0.5926919789033578,0.5926919789033578
CCC(C)C(NC(C)=O)C(=O)O,-0.6899998546974917,-0.9114394669263233,-0.22143961222883157,0.22143961222883157
Clc1ccc(Oc2ccc(Cl)c(Cl)c2Cl)c(Cl)c1Cl,-8.14000079763527,-8.779582727127057,-0.6395819294917864,0.6395819294917864
O=C(O)c1ccccc1-c1c2ccc(=O)cc-2oc2cc(O)ccc12,-3.819999916165824,-3.5487811740172486,0.2712187421485752,0.2712187421485752
CN(C)c1ccc(C=O)cc1,-2.2827688643187893,-1.8832329889342616,0.39953587538452773,0.39953587538452773
COc1ccc(S(=O)(=O)CCOS(=O)(=O)[O-])cc1N/N=C1/C(=O)c2c(cc(S(=O)(=O)[O-])c(N=Nc3ccc(S(=O)(=O)CCOS(=O)(=O)[O-])cc3)c2N)C=C1S(=O)(=O)[O-],-0.4161044946627679,-0.12011185410695058,0.2959926405558173,0.2959926405558173
CN=C(NC#N)NCCSCc1nc[nH]c1C,-1.4297999506971701,-1.7522875472315167,-0.32248759653434655,0.32248759653434655
CCN(CC)c1cccc(O)c1,-2.0112787612603453,-2.1552934882083874,-0.14401472694804207,0.14401472694804207
O=[N+]([O-])CCl,-0.2809996119534697,-0.5815107015151124,-0.30051108956164274,0.30051108956164274
Cc1cnc2c(=O)[nH]cnc2n1,-1.5599997710188829,-1.6330189062678595,-0.07301913524897663,0.07301913524897663
CC(SC(=S)SC(C)C(=O)O)C(=O)O,-1.409999852079911,-1.1135257736534825,0.2964740784264286,0.2964740784264286
O=C(O)CC(C(=O)O)C(CC(=O)O)C(=O)O,-0.17999979904039787,-0.17882684633843393,0.0011729527019639363,0.0011729527019639363
CC(C)OC=O,-0.6300999014226614,-0.3233827077967195,0.30671719362594185,0.30671719362594185
CCCCCCCCCCCCCCCCCCCCCC(=O)[O-],-6.829833609631951,-6.998014157424455,-0.16818054779250424,0.16818054779250424
O=C(O)c1ccc(Cl)c(N=Nc2ccc(O)cc2)c1,-4.079999899884263,-3.8641405776987017,0.21585932218556136,0.21585932218556136
Clc1cc(-c2c(Cl)cc(Cl)c(Cl)c2Cl)c(Cl)c(Cl)c1Cl,-9.420000547600615,-9.70620100687988,-0.2862004592792644,0.2862004592792644
Cn1c(C(N)=O)c(C(N)=O)c2ccccc21,-1.8183998847951628,-2.117081220591968,-0.2986813357968052,0.2986813357968052
Clc1ccccc1I,-3.539999901847448,-3.707709501814688,-0.16770959996723978,0.16770959996723978
CC1C(=O)CCC2C(O)CCC(O)C12,-0.29999984461310536,-0.7014014297731626,-0.4014015851600572,0.4014015851600572
CC(=O)NNC(C)=O,0.32866829691159394,-0.08234631059266162,-0.41101460750425556,0.41101460750425556
Cc1cc(C(O)(c2ccc(N)cc2)c2ccc(N)cc2)ccc1N,-3.027199927137982,-4.171343902110278,-1.1441439749722964,1.1441439749722964
CC(C)NCC(O)COc1cccc2ccccc12,-3.6201998872164163,-2.209051312892837,1.4111485743235792,1.4111485743235792
CCCCCc1c2ccccc2cc2c1ccc1ccccc12,-8.569999902731142,-7.4061371011129715,1.163862801618171,1.163862801618171
CN(CCO)S(=O)(=O)C(F)(F)C(F)(F)C(F)(F)C(F)(F)F,-3.403685040716922,-3.408227713445881,-0.00454267272895903,0.00454267272895903
CCS(=O)(=O)CCSP(=S)(OC)OC,-2.5415000011378424,-2.120030441630197,0.4214695595076452,0.4214695595076452
O=Cc1ccc(B(O)O)cc1,-2.267384660711408,-2.2280205585106287,0.03936410220077935,0.03936410220077935
N=C(c1ccccc1)c1ccccc1,-2.7811278595804367,-2.9131489450118715,-0.13202108543143476,0.13202108543143476
CCCCCOC(C)=O,-1.8840998669578772,-1.6623022819316178,0.22179758502625946,0.22179758502625946
CC(=O)Nc1ccc2c(c1)C(=O)OC2,-2.599999809412823,-2.198061748150817,0.40193806126200604,0.40193806126200604
CC(C)CCCCCCCOC(=O)CC(C(=O)OCCCCCCCC(C)C)S(=O)(=O)[O-],-0.4691060008804713,-2.3732280105158425,-1.9041220096353713,1.9041220096353713
CC(C)CCCC(C)CC#N,-3.587759214943917,-3.457081510944589,0.1306777039993281,0.1306777039993281
CC1c2nc3ccccc3c(=O)n2CN1Cc1ccccc1,-3.9999999845248846,-3.3214376331421898,0.6785623513826948,0.6785623513826948
Cc1c[nH]c2ccccc12,-2.420599847562348,-2.5645577419291903,-0.14395789436684225,0.14395789436684225
CC(CCCCO[N+](=O)O)O[N+](=O)O,-2.8399998487981453,-2.8921037142441213,-0.052103865445976005,0.052103865445976005
Cc1ccc(Cl)cc1,-3.1023857139650297,-2.960599103704508,0.14178661026052186,0.14178661026052186
C=Cc1ccc(S(=O)(=O)[O-])cc1,-0.03325096599717403,-0.4512279270190196,-0.41797696102184556,0.41797696102184556
NC(=NO)N1Cc2cccc3c(Cl)ccc(c23)C1,-1.9999998921098392,-2.105761909556115,-0.10576201744627589,0.10576201744627589
C=CC(=O)OCCCS(=O)(=O)[O-],1.1562685541602415,0.5019718515864358,-0.6542967025738058,0.6542967025738058
Clc1cc2c(c(Cl)c1Cl)Oc1c(Cl)c(Cl)c(Cl)c(Cl)c1O2,-11.47950066031168,-10.938607421110973,0.5408932392007078,0.5408932392007078
CC(=O)OCC(=O)C1(O)CCC2C3CCC4=CC(=O)CCC4(C)C3C(O)CC21C,-4.610000193181662,-4.408461301189263,0.20153889199239927,0.20153889199239927
CCCOP(=O)(OCCC)Oc1ccc(SC)cc1,-3.3864998274492204,-3.4046771436568544,-0.018177316207633964,0.018177316207633964
CCc1c[nH]c(=O)nc1N,-1.01969990951478,-1.7744588101776815,-0.7547589006629014,0.7547589006629014
CC(C)(CO)COC(=O)C(C)(C)CO,0.06820212729636932,-0.8830608576736467,-0.951262984970016,0.951262984970016
CSC,-0.9312187234798028,-1.087847108835158,-0.15662838535535517,0.15662838535535517
CCSS(=O)(=O)CC,-1.1089998711943856,-1.3110980482360153,-0.2020981770416297,0.2020981770416297
COc1ccc(C(=O)Nc2ccc(C(N)=O)cc2)cc1[N+](=O)[O-],-4.6536055173346185,-4.309129957593836,0.3444755597407827,0.3444755597407827
NS(=O)(=O)c1ccc(CCCO)cc1,-1.031999763736648,-1.5526650208915145,-0.5206652571548664,0.5206652571548664
CC1NC(=O)c2ccccc2NC1=O,-2.38000002492117,-1.8065983767406804,0.5734016481804896,0.5734016481804896
CO[Si](CCC(F)(F)C(F)(F)C(F)(F)C(F)(F)C(F)(F)C(F)(F)F)(OC)OC,-2.8923560932185226,-5.630978225170528,-2.7386221319520057,2.7386221319520057
C=CC1CC=CCC1,-3.335192877635614,-3.471712984784947,-0.13652010714933294,0.13652010714933294
O=C(O)c1cccc([N+](=O)[O-])c1O,-2.148999806068141,-1.850994733128864,0.2980050729392769,0.2980050729392769
COc1cc(Oc2ccc(Cl)cc2Cl)ccc1[N+](=O)[O-],-5.909999904733487,-5.8764877985531285,0.033512106180358714,0.033512106180358714
CC12CCC3C(CCC4CCCCC43C)C1CCC2=O,-6.699999974708957,-5.5765075604967524,1.1234924142122047,1.1234924142122047
COc1ccc2ccc(=O)oc2c1,-3.122100063362932,-2.9531802520540498,0.16891981130888212,0.16891981130888212
CC(=O)CC(=O)Nc1ccc(S(=O)(=O)[O-])cc1,0.4217475734808773,-0.5648668643047512,-0.9866144377856285,0.9866144377856285
O=C1CC(C(=O)O)Cc2ccccc21,-2.103099991536142,-1.9416696498967982,0.16143034163934367,0.16143034163934367
Clc1ccc(Oc2c(Cl)ccc(Cl)c2Cl)cc1,-6.639999951922603,-7.186996189084013,-0.5469962371614097,0.5469962371614097
S=c1ncc2nccnc2[nH]1,-2.6799999835726616,-2.4298364015028504,0.25016358206981115,0.25016358206981115
Clc1ccc(Cl)c(-c2cc(Cl)c(Cl)c(Cl)c2)c1,-7.314899931717191,-7.797950784826897,-0.48305085310970597,0.48305085310970597
NC(=O)C1CCCN1C(=O)COC(=O)c1ccccc1,-2.269999856621518,-1.65850433340876,0.6114955232127581,0.6114955232127581
CC12CCC3c4ccc(O)cc4CCC3C1CCC2=O,-5.11000019903206,-4.499852094538596,0.6101481044934634,0.6101481044934634
Cc1c(Cl)cccc1Nc1ccccc1C(=O)O,-5.059999949998577,-4.262909023450031,0.7970909265485462,0.7970909265485462
Nc1nc(Cl)nc(Nc2cc(S(=O)(=O)[O-])cc3cc(S(=O)(=O)[O-])c(N=Nc4cc(S(=O)(=O)[O-])c5cccc(S(=O)(=O)[O-])c5c4[O-])c([O-])c23)n1,-0.590781279089533,-0.49054765356744756,0.10023362552208548,0.10023362552208548
Clc1ccccc1,-2.449320245956968,-2.7227157760349976,-0.27339553007802975,0.27339553007802975
CCCCC(CC)CO[N+](=O)[O-],-4.146693675816587,-4.244108377705792,-0.09741470188920509,0.09741470188920509
O=C1c2ccccc2Cc2ccccc2N1CCF,-3.535000083984469,-3.8276644816004817,-0.2926643976160128,0.2926643976160128
O=C(O)CN(CP(=O)(O)O)CP(=O)(O)O,-0.025599858186479807,-0.19973985595074328,-0.17413999776426348,0.17413999776426348
CCn1c(O)c(N=Nc2ccc(S(=O)(=O)c3ccc(N=Nc4c(C)c(CS(=O)(=O)[O-])c(=O)n(CC)c4O)cc3)cc2)c(C)c(CS(=O)(=O)[O-])c1=O,-2.102187288577594,-1.7924834686201505,0.30970381995744356,0.30970381995744356
CCOP(=S)(OCC)SC[S+]([O-])C(C)(C)C,-2.4420999546467455,-2.8080718343585156,-0.36597187971177014,0.36597187971177014
CC1(C)[C@H]2CC[C@@]1(C)C(=O)C2,-3.1824998293410927,-2.565089111035378,0.6174107183057145,0.6174107183057145
O=C(O)c1cc(Cl)cc(Cl)c1,-3.1136998662450304,-2.7737358800444953,0.33996398620053503,0.33996398620053503
CN(C)c1ccc(N=Nc2ccc(S(=O)(=O)O)cc2)cc1,-3.8599999083522407,-1.543173738284093,2.316826170068148,2.316826170068148
CCCC(=O)NNC(=O)CCC,-0.9999998804090442,-1.336306455363637,-0.3363065749545928,0.3363065749545928
Nc1ncc2ncn(COCCO)c2n1,-1.0774997833167481,-1.2836290363363565,-0.20612925301960838,0.20612925301960838
CCCCCCCCCCCCCCCCCCCCCCOC(=O)CCCCCCCCC(=O)OCCCCCCCCCCCCCCCCCCCCCC,-6.4056603444565905,-7.644175001671059,-1.238514657214468,1.238514657214468
Cc1cc(N)ccc1S(=O)(=O)Nc1ccccc1Cl,-5.050000176245705,-4.210862387412628,0.8391377888330771,0.8391377888330771
CCCn1c(=O)c2[nH]c(C(C3CC3)C3CC3)nc2n(CCC)c1=O,-4.590000231595181,-6.063104048933365,-1.4731038173381839,1.4731038173381839
CC(=O)OC(C)C#N,0.24750019077873153,-0.23579165732010487,-0.4832918480988364,0.4832918480988364
C=CCOCC=C,-0.020599971310044207,-0.407033089923007,-0.3864331186129628,0.3864331186129628
CCN(CCC#N)c1ccc(N=Nc2ccc([N+](=O)[O-])cc2)cc1,-7.208650955323806,-5.74066848854501,1.4679824667787962,1.4679824667787962
CCOc1ccc(NS(=O)(=O)c2ccc([N+](=O)[O-])cc2)cc1,-4.719999774866936,-4.808253492550202,-0.08825371768326651,0.08825371768326651
CCN(CC)CCSCCN(CC)CC,-2.3663000256994517,-1.0968808322278216,1.2694191934716301,1.2694191934716301
O=C1CCCCCO1,0.9425471308215534,-0.9822848163311912,-1.9248319471527446,1.9248319471527446
Cc1cccc2n[nH]nc12,-1.5169633937990274,-1.8545907482788138,-0.3376273544797863,0.3376273544797863
NCc1ccc(CN)cc1,1.1750722364965545,0.050453246624967196,-1.1246189898715873,1.1246189898715873
O=C1OCc2ccc(I)cc21,-3.2109000225522024,-3.2399058606017603,-0.02900583804955792,0.02900583804955792
N[C@H](Cc1ccc(O)cc1)C(=O)O,-2.604899799311376,-1.4402434809735547,1.1646563183378211,1.1646563183378211
CCCCCCCCCCCC(=O)OCCC(C)C,-6.733128090018893,-6.59931872790981,0.13380936210908256,0.13380936210908256
CCCC(C(=O)O)C(=O)O,0.6803001379819538,-0.20975398450250893,-0.8900541224844627,0.8900541224844627
Cc1cc(N(CCO)CCO)ccc1N=Nc1ccccc1,-4.125400126006665,-3.903793915294511,0.22160621071215347,0.22160621071215347
CC(C)(C)C(=O)C(Oc1ccc(Cl)cc1)n1cncn1,-3.6136998548420634,-4.331648358224801,-0.717948503382738,0.717948503382738
CC1=C(/C=C/C(C)=C/C=C/C(C)=C/CO)C(C)(C)CCC1,-3.8099999353725837,-4.841388371178847,-1.0313884358062633,1.0313884358062633
CCCC(C(C)=O)C(C)=O,-0.8799996968094246,-0.9902238482812473,-0.11022415147182274,0.11022415147182274
O=C(O)CC(O)(CC(=O)O)C(=O)[O-],0.42524848808815197,-0.07145709141598955,-0.4967055795041415,0.4967055795041415
Clc1ccc(Oc2c(Cl)ccc(Cl)c2Cl)c(Cl)c1Cl,-7.960000453222385,-8.501755532464403,-0.5417550792420176,0.5417550792420176
C=C(C)C(=O)NCNC(=O)C(=C)C,-1.189236571722064,-0.6824887061760179,0.5067478655460462,0.5067478655460462
COC(C)=O,0.46000035199609934,0.8404359252094684,0.38043557321336907,0.38043557321336907
Clc1ccc(CSC(Cn2cncn2)=Nc2ccc(Cl)cc2Cl)cc1,-5.384200184462551,-5.793416301297638,-0.4092161168350872,0.4092161168350872
CC(C)(C)c1cc(-c2cc(C(C)(C)C)cc(C(C)(C)C)c2O)c(O)c(C(C)(C)C)c1,-6.889187390414234,-7.135050864800345,-0.24586347438611078,0.24586347438611078
Cc1ccc(N(SC(F)(Cl)Cl)S(=O)(=O)N(C)C)cc1,-5.586400225365566,-5.190330895887113,0.3960693294784523,0.3960693294784523
O=CC1CC=CCC1,-0.9775499411266513,-1.5983705625442461,-0.6208206214175949,0.6208206214175949
CC[C@H]1OC[C@@H](COc2ccc(Oc3ccccc3)cc2)O1,-4.787399834510245,-3.666155326594131,1.1212445079161135,1.1212445079161135
O=C1C=Cc2cc(S(=O)(=O)[O-])cc(S(=O)(=O)[O-])c2/C1=N/Nc1ccc(S(=O)(=O)[O-])c2ccccc12,-0.8782997573557423,-0.37817193858442,0.5001278187713223,0.5001278187713223
NC(=O)NN=Cc1ccc([N+](=O)[O-])o1,-2.920000014331302,-2.690226138715308,0.22977387561599372,0.22977387561599372
c1ccc2sc(SNC3CCCCC3)nc2c1,-5.917143073506381,-5.711029141474054,0.20611393203232709,0.20611393203232709
O=C(O)CCCCCCCCCCBr,-3.6989998656124468,-4.222057474227279,-0.5230576086148324,0.5230576086148324
O=C(O)c1cc(/N=N/c2ccc(S(=O)(=O)Nc3ccccn3)cc2)ccc1O,-6.139999946072206,-4.077001679292115,2.062998266780091,2.062998266780091
Cc1c([N+](=O)[O-])cccc1[N+](=O)[O-],-3.0002998707981066,-2.640712917642391,0.3595869531557154,0.3595869531557154
O=C([O-])C(F)(F)F,0.6610694003785333,-0.17151307630175694,-0.8325824766802903,0.8325824766802903
Cc1ccccc1N=C(N)N=C(N)N,-1.8422414114088341,-1.8601922944666007,-0.017950883057766598,0.017950883057766598
Cc1ccc(N)cc1C,-1.5035999041898525,-1.3781112184437387,0.12548868574611372,0.12548868574611372
CCCCCCCCCCCCC(CCCCCCCCCC)C(=O)O,-5.867639721357705,-6.8294882662970124,-0.9618485449393077,0.9618485449393077
O=C1CC=NC=N1,0.5860001513989999,1.004680221512844,0.4186800701138442,0.4186800701138442
FC(F)(F)C(Cl)Cl,-1.8622998964061914,-2.2291055190559086,-0.36680562264971717,0.36680562264971717
C[C@H]1CC(=O)C[C@@H]2CC[C@H]3[C@@H]4CC[C@H](O)[C@@]4(C)CC[C@@H]3[C@]21C,-5.006429220793947,-5.081224072271539,-0.07479485147759135,0.07479485147759135
O=C(OCc1ccccc1)n1cc(F)c(=O)[nH]c1=O,-2.819999861331619,-2.694016288717613,0.12598357261400617,0.12598357261400617
O=C1C=Cc2cc(S(=O)(=O)[O-])ccc2/C1=N\Nc1ccc(N=Nc2ccc(Nc3ccccc3)c(S(=O)(=O)[O-])c2)c2ccccc12,-1.0156299099474915,-1.684704049821567,-0.6690741398740756,0.6690741398740756
O=C(O)COc1ccc2ccccc2c1,-3.3599998679951155,-3.1389307199992884,0.2210691479958271,0.2210691479958271
CCOC(=O)CN(C)C(=O)COC(=O)c1ccccc1,-1.6699997667848938,-1.3363419282801354,0.3336578385047584,0.3336578385047584
CCCCCCCCCNC(=O)c1cccnc1,-3.139800013493872,-3.200280749509546,-0.060480736015674275,0.060480736015674275
O=c1[nH]c2nc[nH]c(=O)c2[nH]c1=O,-3.690000027826789,-3.013836178728346,0.676163849098443,0.676163849098443
Cc1cc(NS(=O)(=O)c2ccc(N)cc2)sn1,-1.0761998458553337,-2.6945405494378103,-1.6183407035824766,1.6183407035824766
CCOP(=O)(N=C1SCCS1)OCC,-2.5940999180537845,-2.059989148797022,0.5341107692567624,0.5341107692567624
CCCCCOC(=O)c1ccc(O)c(Cl)c1,-3.9500000115452276,-3.8565318441501284,0.09346816739509922,0.09346816739509922
CCCCCCNCCCCCC,-3.157399842353197,-3.7301690339674956,-0.5727691916142987,0.5727691916142987
CC1(C)CC(=O)CC(C)(C)N1[O],0.10341279266128689,-0.2576678187274606,-0.3610806113887475,0.3610806113887475
C[C@]12CC[C@@H]3C4=C(CC[C@H]3[C@@H]1CCC2=O)CC(=O)CC4,-4.054976931913512,-4.109542766143419,-0.05456583422990757,0.05456583422990757
C=C[C@@H](COC(C)=O)OC(C)=O,-0.8176813740016313,-0.7307233149454935,0.08695805905613785,0.08695805905613785
CCCCC/C(C=O)=C/c1ccccc1,-3.0466584522803477,-3.9923570893154814,-0.9456986370351337,0.9456986370351337
CCOP(=S)(OCC)SCSc1ccc(Cl)cc1,-6.0500003259734125,-5.159651930111616,0.8903483958617961,0.8903483958617961
C=CCc1ccccc1OCC(O)CNC(C)C,-2.8800000501816014,-1.6772978017535518,1.2027022484280496,1.2027022484280496
c1ccc2c(c1)ccc1ccc3ccccc3c12,-7.820700380536209,-7.122282271183812,0.6984181093523976,0.6984181093523976
Nc1ccc2cccc(S(=O)(=O)O)c2c1,-2.5399998901466536,-2.213323659913771,0.3266762302328825,0.3266762302328825
C=C(C)C(=O)OC(C)(C)C,-2.4863754684730828,-1.5869106020846109,0.8994648663884719,0.8994648663884719
CS(=O)(=O)NS(C)(=O)=O,0.04020033151466995,0.283119691858313,0.24291936034364303,0.24291936034364303
CN(C)CCCNC=O,0.8854194480831965,0.30852961827810566,-0.5768898298050908,0.5768898298050908
Nc1ccc(-c2ccc(N)cc2S(=O)(=O)O)c(S(=O)(=O)O)c1,-2.691927113370834,-1.8066664240085162,0.8852606893623176,0.8852606893623176
C=CC(=O)OCCOC(=O)NCCCC,-1.6348404474314064,-1.6598038567894369,-0.02496340935803043,0.02496340935803043
CC(C)CN(C)Cc1cc(C(=O)c2csc(S(N)(=O)=O)c2)ccc1O,-1.419999763859695,-2.5340373000626366,-1.1140375362029415,1.1140375362029415
C=C(C)C(=O)OCCCCCCCCCCCCCCCCCC,-8.529656844653841,-7.524873648329152,1.0047831963246896,1.0047831963246896
O=C([O-])C(F)(F)C(F)F,-0.8828997802668228,-0.36876319607064145,0.5141365841961814,0.5141365841961814
OC(c1ccccc1)(c1ccccc1)C1CCNCC1,-1.3899998904934308,-2.319240543555811,-0.9292406530623805,0.9292406530623805
CC(N)CC(=O)O,0.9867002837900078,0.6879967946737549,-0.298703489116253,0.298703489116253
CC(O)CC(C)(C)O,0.9275002649881898,0.8419763055523632,-0.08552395943582658,0.08552395943582658
O=C1OC(c2ccc(O)cc2)(c2ccc(O)cc2)c2ccccc21,-2.900799925846416,-3.615918775486542,-0.7151188496401257,0.7151188496401257
COC(OC(C)=O)C(OC(C)=O)C(OC(C)=O)C(COC(C)=O)OC(C)=O,-1.8199999617776905,-1.9991379140416152,-0.1791379522639247,0.1791379522639247
Cc1ccc(S(=O)(=O)NC(=O)NN2CCCCCC2)cc1,-3.677799898049163,-3.294109719253779,0.3836901787953839,0.3836901787953839
CCCC(=O)O,-0.1668996647801695,-0.24401971762482244,-0.07712005284465295,0.07712005284465295
N=c1nc(N2CCCCC2)cc(N)n1O,-1.978199852544697,-1.8470198341042505,0.13118001844044658,0.13118001844044658
Cc1ccccc1OCC(=O)O,-2.4423998871274897,-1.6684638033031973,0.7739360838242924,0.7739360838242924
NCC(F)F,0.522530684141409,0.491547507050881,-0.030983177090528002,0.030983177090528002
C=C1C=CC(=O)O1,-0.9826998632569157,-0.5056787158174032,0.4770211474395125,0.4770211474395125
Nc1ccc(S(=O)(=O)Nc2ccn(Cc3ccccc3)c(=O)n2)cc1,-4.800000173320507,-4.005602427887602,0.7943977454329048,0.7943977454329048
CC(C)c1ncc([N+](=O)[O-])n1C,-1.259999795114027,-1.8408125568111953,-0.5808127616971683,0.5808127616971683
c1cc2ccc3ccc4ccc5cccc6c(c1)c2c3c4c56,-9.026500175016604,-8.750019018804121,0.27648115621248337,0.27648115621248337
Nc1ccc(S(=O)(=O)Nc2ccc([N+](=O)[O-])cc2)cc1,-3.940000030751987,-4.221304537419888,-0.28130450666790097,0.28130450666790097
Cc1cc(N/N=C2\C(=O)C=Cc3ccccc32)c(S(=O)(=O)[O-])cc1Cl,-6.889673245146042,-2.6222794234852578,4.267393821660784,4.267393821660784
CN1CCCC1=O,1.003781942366647,1.063245040463587,0.05946309809693995,0.05946309809693995
CCN(CCC#N)c1ccc(N=Nc2ccc([N+](=O)[O-])cc2Cl)cc1,-4.252611663673926,-6.374706153017676,-2.1220944893437492,2.1220944893437492
CCCC(C)O[N+](=O)[O-],-2.4808999753630867,-2.123891951546236,0.3570080238168507,0.3570080238168507
CCCCCC=O,-3.356110994243684,-1.933346074968668,1.422764919275016,1.422764919275016
CC(C)OC(=O)C1(S(=O)(=O)c2ccc(Cl)cc2)CC1,-3.540100040372428,-3.957275272073332,-0.4171752317009041,0.4171752317009041
O=C(O)COc1ccc(Cl)cc1Cl,-1.0319612542280756,-2.5028063991709963,-1.4708451449429207,1.4708451449429207
CCCCCCCC(=O)NCC(=O)O,-2.1115375766939524,-1.8587319697329243,0.25280560696102805,0.25280560696102805
CC(=O)c1cccc(Nc2ccccc2C(=O)O)c1,-4.860000196106861,-3.46129781903907,1.3987023770677909,1.3987023770677909
Nc1cccc(C(=O)O)c1,-1.3662998414650165,-1.7443708756412768,-0.3780710341762603,0.3780710341762603
COC(=O)c1ccccc1OC(C)=O,-1.8399999233641708,-2.0685090670081063,-0.2285091436439355,0.2285091436439355
CC(SSC(C)C(=O)O)C(=O)O,-0.6199999201313542,-1.0380511396320957,-0.41805121950074153,0.41805121950074153
CN1C(CCl)Nc2cc(Cl)c(S(N)(=O)=O)cc2S1(=O)=O,-3.779999923979407,-2.8453293094347734,0.9346706145446335,0.9346706145446335
Clc1ccc(Oc2ccc(Cl)c(Cl)c2Cl)cc1,-7.0100006905550725,-7.43762987356425,-0.4276291830091772,0.4276291830091772
CCOC1CC1,-0.6406999542177596,-0.5437951237431293,0.09690483047463028,0.09690483047463028
NS(=O)(=O)c1ccc(SCCCO)cc1,-2.2471998810891627,-1.9057640880411726,0.3414357930479901,0.3414357930479901
C/C=C/CC1(C/C=C/C)C(=O)NC(=O)NC1=O,-2.197299839594116,-2.333800139881513,-0.13650030028739701,0.13650030028739701
C=C(C)C(=O)[O-],-3.2935843198115538,-1.1046674824665375,2.1889168373450163,2.1889168373450163
OC[C@@H](O)[C@@H](O)C(O)[C@H](O)[C@@H](O)CO,-0.516999683176206,0.21821502076511123,0.7352147039413173,0.7352147039413173
C=CC(=O)NCNC(=O)C=C,-0.6552424697130466,-0.4747684169366466,0.18047405277639994,0.18047405277639994
COc1ccc2cc(C(C)C(=O)OCCOC(=O)CN)ccc2c1,-1.9799999305233587,-3.4578852761624885,-1.4778853456391299,1.4778853456391299
c1ccc2c(c1)ccc1c3ccccc3ccc21,-8.057500455743481,-7.071815767240087,0.9856846885033939,0.9856846885033939
Nc1ccn([C@H]2CC[C@@H](CO)O2)c(=O)n1,-0.44159999776827696,-1.1221477627663203,-0.6805477649980434,0.6805477649980434
O=c1cc(O)nc[nH]1,-1.5871609829037874,-1.1505604646663707,0.43660051823741663,0.43660051823741663
CN[C@@H](Cc1ccc(O)cc1)C(=O)O,-2.1324998619140043,-1.6105383250109035,0.5219615369031008,0.5219615369031008
Fc1ccc(F)cc1,-1.970899954212721,-2.232274478938751,-0.2613745247260302,0.2613745247260302
CN(C)CCNC(=O)NC1CCCCC1,-0.6599998433043148,-0.7245185911503187,-0.06451874784600387,0.06451874784600387
C=C(C)C(=O)NC(C)C,-0.6201427779857358,-0.8978097234030402,-0.2776669454173044,0.2776669454173044
OCC1=C[C@@H](O)[C@@H]2C=CO[C@@H](O[C@@H]3O[C@H](CO)[C@@H](O)[C@H](O)[C@H]3O)[C@H]12,0.011900121548263254,-0.3085467470855727,-0.320446868633836,0.320446868633836
CCCC(CCC)C(=O)O,-1.857977307589127,-1.968949564926406,-0.11097225733727889,0.11097225733727889
Nc1ccc(S(=O)(=O)Nc2ccc(I)cc2)cc1,-4.520000020975219,-4.455209636165522,0.06479038480969734,0.06479038480969734
OCC1OC(Oc2ccccc2)C(O)C(O)C1O,-1.4599999630864808,-1.0548966341615402,0.4051033289249406,0.4051033289249406
C[C@H](O)C(=O)Nc1c(I)c(C(=O)NC(CO)CO)c(I)c(C(=O)NC(CO)CO)c1I,-0.744299918107485,-0.5533460339767271,0.19095388413075787,0.19095388413075787
OCCCBr,0.009300246625434383,0.10427270032582392,0.09497245370038954,0.09497245370038954
CCCCCCCCCCCCCCNC(=O)C(C)O,-3.978400014969333,-4.307458589711029,-0.32905857474169586,0.32905857474169586
CCCCCCCCCCCC(=O)OC(C)C(=O)[O-],-4.085731467423574,-4.187541084231965,-0.10180961680839129,0.10180961680839129
CC1CCCCCCCCCCCCC(=O)C1,-5.743865191837255,-4.632630947719359,1.1112342441178962,1.1112342441178962
CC(=O)/C=C/[C@H]1C(C)=CC[C@@H](C)C1(C)C,-3.8026769175327733,-3.8574208754931916,-0.05474395796041831,0.05474395796041831
N[C@@H](CCC(=O)[O-])C(=O)[O-],0.37196568302288435,0.12952003104275533,-0.24244565198012902,0.24244565198012902
CCCC(=O)NCCNC(=O)CCC,-0.622199793061915,-0.8252524262031073,-0.20305263314119237,0.20305263314119237
CCCCC(CC)CNS(=O)(=O)c1ccc(N)cc1,-5.453967543681218,-3.677703003156626,1.776264540524592,1.776264540524592
O=C(Nc1cccc2c(=O)c3c(ccc4c5cc(NC(=O)c6ccccc6)c6c(=O)c7ccccc7c(=O)c6c5[nH]c43)c(=O)c12)c1ccccc1,-5.647162156708619,-6.718368320163416,-1.0712061634547965,1.0712061634547965
CN(C)C(=S)SC(=S)N(C)C,-2.8302990715310186,-2.451869119935648,0.37842995159537063,0.37842995159537063
O=C(O)C=Cc1ccc2c(c1)OCO2,-3.1900000047230272,-2.7515723034720176,0.4384277012510096,0.4384277012510096
Nc1nc(Cl)nc(Nc2cc(S(=O)(=O)[O-])cc3cc(S(=O)(=O)[O-])c(N=Nc4cc([N+](=O)[O-])ccc4[O-])c([O-])c23)n1,-0.4949750048110584,-1.536419391323559,-1.0414443865125007,1.0414443865125007
CCC(C)c1cc([N+](=O)[O-])cc([N+](=O)[O-])c1OC(=O)C=C(C)C,-5.508299905388723,-4.915530631414395,0.5927692739743282,0.5927692739743282
O=C(OCC1CCC2OC2C1)C1CCC2OC2C1,-1.2604845456305365,-2.001148207007932,-0.7406636613773954,0.7406636613773954
Clc1cccc(Cl)c1-c1c(Cl)cccc1Cl,-7.389800511809716,-6.522042980707918,0.8677575311017973,0.8677575311017973
CCN(C(=O)SCc1ccccc1)C(C)C(C)C,-4.733699774088653,-4.180767965611338,0.5529318084773154,0.5529318084773154
C[C@]12C[C@H](O)[C@H]3[C@@H](CCC4=CC(=O)CC[C@@]43C)[C@@H]1CC[C@@H]2C(=O)CO,-3.240799860913672,-3.923577312655364,-0.6827774517416922,0.6827774517416922
CCOC(=O)C1C(C=C(C)C)C1(C)C,-4.765268323314864,-4.468513084067784,0.29675523924708,0.29675523924708
NNc1ccc(S(N)(=O)=O)cc1,-0.19127411330279376,-1.294600381525934,-1.1033262682231402,1.1033262682231402
CCOc1nc(OCC)nc(OCC)n1,-1.483799943599506,-2.3828272991822526,-0.8990273555827466,0.8990273555827466
O=c1oc(=O)c2cc3c(=O)oc(=O)c3cc12,-1.4062216414055329,-1.3255189620214374,0.08070267938409548,0.08070267938409548
CC(C)N(CCC(C(N)=O)(c1ccccc1)c1ccccn1)C(C)C,-1.699999916204983,-2.57821495280805,-0.8782150366030668,0.8782150366030668
CCC(O)CCC(C)C,-1.9271998745843701,-1.6094205830739177,0.3177792915104525,0.3177792915104525
CCOC(=O)C1(S(=O)(=O)c2ccc(C)cc2)CCC1,-2.959399878442428,-3.6810327643924676,-0.7216328859500396,0.7216328859500396
CC(C)=CC1C(C(=O)OCc2cccc(Oc3ccccc3)c2)C1(C)C,-5.239999880330726,-6.491673471270124,-1.2516735909393981,1.2516735909393981
CCCCC(CC)CN(CCC(=O)[O-])CCC(=O)O,0.41046939446493313,-1.518640558812156,-1.9291099532770892,1.9291099532770892
CCCCCCC(O)CCCCCCCCCCC(=O)OCC(O)CO,-3.397432525103313,-4.644126657149318,-1.246694132046005,1.246694132046005
NS(=O)(=O)c1ccc(Nc2ccnc(NS(=O)(=O)c3ccc(Br)cc3)n2)cc1,-2.619999805506031,-2.882904332676477,-0.26290452717044577,0.26290452717044577
CCCCCC1(C)CCC(C)(C)C1=O,-4.016533814286027,-3.346285375947591,0.6702484383384362,0.6702484383384362
S=c1[nH]cnc2[nH]cnc12,-2.94999998690441,-2.782360215614845,0.16763977128956498,0.16763977128956498
O=C1CCCC1,0.553677837203923,-0.2227412127483568,-0.7764190499522798,0.7764190499522798
CCO[Si](CCCCl)(OCC)OCC,-3.32858342442642,-3.6960864625579974,-0.3675030381315776,0.3675030381315776
c1ccc(-c2cccnc2)nc1,-0.5915997786803362,-0.35653760032766924,0.23506217835266696,0.23506217835266696
CCCCCCCCCCCCCCCCCOS(=O)(=O)[O-],-2.3669926102393766,-1.6406334369467555,0.7263591732926211,0.7263591732926211
C#CC1(O)CCC2C3CCC4=Cc5oncc5CC4(C)C3CCC21C,-5.510000396950055,-5.647679205522642,-0.13767880857258685,0.13767880857258685
c1ccc2c(c1)ccc1cc3c(ccc4ccccc43)cc12,-8.667900735405983,-7.945362975211335,0.7225377601946477,0.7225377601946477
CC(O)CN(CC(C)O)c1nc(Nc2ccc(S(=O)(=O)[O-])cc2)nc(Nc2ccc(/C=C/c3ccc(Nc4nc(Nc5ccc(S(=O)(=O)[O-])cc5)nc(N(CC(C)O)CC(C)O)n4)cc3S(=O)(=O)[O-])c(S(=O)(=O)[O-])c2)n1,-0.08677393789009713,-0.22657477221462585,-0.13980083432452872,0.13980083432452872
CCCCCCC1(CC)C(=O)NC(=S)NC1=O,-4.079999899884263,-3.3137248963150885,0.7662750035691746,0.7662750035691746
Clc1c(Cl)c(Cl)c2ccccc2c1Cl,-7.795400047484899,-8.370657018915756,-0.5752569714308571,0.5752569714308571
O=C(O)c1ccccc1Cl,-1.889999896343828,-1.7238963775298077,0.1661035188140203,0.1661035188140203
O=c1ccc2cc3ccoc3c(O)c2o1,-3.219999964356112,-3.572621527402164,-0.3526215630460521,0.3526215630460521
CCC1OC(=O)C(C)C(OC2CC(C)(OC)C(O)C(C)O2)C(C)C(OC2OC(C)CC(N(C)C)C2O)C(C)(O)CC(C)C(=O)C(C)C(O)C1(C)O,-1.2699998449207233,-1.5202097867797522,-0.2502099418590289,0.2502099418590289
CCCC(CO[N+](=O)O)O[N+](=O)O,-2.4999999324669644,-2.617527294916662,-0.11752736244969775,0.11752736244969775
c1ccncc1,0.5795438045424364,0.26535121136534334,-0.314192593177093,0.314192593177093
CCN(CC)c1ccc2cc(-c3nc4cc(S(N)(=O)=O)ccc4o3)c(=O)oc2c1,-7.831098776012224,-3.9996577467954753,3.831441029216749,3.831441029216749
OC[C@H]1O[C@@H](O[C@H]2[C@H](O)[C@@H](O)[C@H](O)O[C@@H]2CO)[C@H](O)[C@@H](O)[C@H]1O,-0.8166998646272297,0.30926309329084267,1.1259629579180723,1.1259629579180723
O=C1Nc2ccccc2C(=O)N2CC(O)CC12,-2.369999802580833,-2.2417830149102285,0.1282167876706044,0.1282167876706044
O=S(=O)(c1cccc(O)c1)c1cccc(O)c1,-2.3299998449011436,-2.4154925757480292,-0.08549273084688558,0.08549273084688558
CC(=O)CC(N)=O,0.9952275864409077,0.21837319960677393,-0.7768543868341338,0.7768543868341338
CCCCCCCCCCCCCCCCCCNC(=O)Nc1ccc(Cc2ccc(NC(=O)NCCCCCCCCCCCCCCCCCC)cc2)cc1,-5.942994686046001,-6.942412500230098,-0.9994178141840973,0.9994178141840973
O=S(=O)([O-])C(F)(F)C(F)(F)C(F)(F)C(F)(F)F,-0.8645161138250823,-1.2035818467594661,-0.3390657329343838,0.3390657329343838
COc1cc2c(c(OC)c1OC)-c1ccc(OC)c(=O)cc1C(NC(C)=O)CC2,-0.9399998576226907,-2.788287988410197,-1.8482881307875065,1.8482881307875065
O=C/C=C/c1ccccc1,-1.9688181633057575,-1.8526967429862329,0.11612142031952466,0.11612142031952466
CSc1nc(N(C)C)nc(N(C)C)n1,-2.6760000499168033,-3.0898294057398377,-0.4138293558230344,0.4138293558230344
ICCI,-3.219599927857116,-2.9947195721281545,0.2248803557289616,0.2248803557289616
C#CC1(OC(=O)c2ccc(-c3ccccc3)cc2)CCC2C3CCC4=CC(=O)CCC4C3CCC21C,-8.109999820053707,-6.552433470236404,1.5575663498173027,1.5575663498173027
Cc1ccc2nc3ccccc3c(N)c2c1,-2.39000000571441,-1.7369774640761189,0.6530225416382911,0.6530225416382911
CN(C)CCOCCO,-0.1244746087555364,0.364740526263998,0.4892151350195344,0.4892151350195344
Cc1ccc(C(=O)OC(C)C)cc1N=Nc1c(O)c(C(=O)Nc2cc(Cl)c(NC(=O)c3cc4ccccc4c(N=Nc4cc(C(=O)OC(C)C)ccc4C)c3O)cc2Cl)cc2ccccc12,-7.007487772587083,-7.609437492562005,-0.6019497199749217,0.6019497199749217
COC(=O)[C@@H]1CCCN1C(=O)COC(=O)c1ccccc1,-2.084099896903419,-2.058038552470338,0.026061344433080613,0.026061344433080613
CCOP(=S)(OCC)SCCl,-3.592400024807625,-3.571958377101318,0.020441647706306743,0.020441647706306743
COc1c2ccoc2cc2oc(=O)ccc12,-3.5999998556203456,-3.5717256637269346,0.02827419189341107,0.02827419189341107
Fc1cc(F)c(F)cc1F,-2.375699899984106,-1.846631081305347,0.5290688186787589,0.5290688186787589
CC(C)(NC(=O)c1ccccc1)C(=O)O,-0.7599997892636297,-1.2824933509007528,-0.5224935616371231,0.5224935616371231
Clc1ccc(-c2c(Cl)cccc2Cl)c(Cl)c1,-6.650000277783125,-6.747714498072337,-0.0977142202892125,0.0977142202892125
CCCCC(=O)N(Cc1ccc(-c2ccccc2-c2nn[nH]n2)cc1)[C@H](C(=O)O)C(C)C,-2.735926073024722,-3.390919138625181,-0.654993065600459,0.654993065600459
CC(C)(C)OOC(C)(C)c1ccc(C(C)(C)OOC(C)(C)C)cc1,-5.737151838869718,-6.616857255566645,-0.8797054166969271,0.8797054166969271
CC(C)=CCC/C(C)=C\CCC=O,-3.53830355109349,-3.2544108672835903,0.2838926838098996,0.2838926838098996
NS(=O)(=O)c1cc2c(cc1Cl)NCNS2(=O)=O,-2.6300000450997323,-2.4679812429725403,0.162018802127192,0.162018802127192
CCCl,-1.05074864938872,-1.1047329072230367,-0.05398425783431682,0.05398425783431682
CCC(CC)(C(=O)NC(N)=O)C(=O)OCc1ccccc1,-3.6600000854470682,-2.9401172944800202,0.719882790967048,0.719882790967048
O=C(O)c1c(Cl)ccc2cc(Cl)cnc12,-3.569999913240625,-3.7747327479870196,-0.2047328347463946,0.2047328347463946
CCCCNc1ccc(C(=O)OCCN(C)C)cc1,-3.009999936363966,-2.9562341233719587,0.053765812992007334,0.053765812992007334
COc1c(O)c(Cl)c(Cl)c(Cl)c1Cl,-4.019999946111366,-4.248680657207471,-0.22868071109610533,0.22868071109610533
Clc1cccc(Oc2ccc(Cl)c(Cl)c2)c1,-5.436999895334258,-6.308457651904901,-0.871457756570643,0.871457756570643
CCOC(=O)n1c(-c2cscn2)nc2ccccc21,-2.920000014331302,-3.6696859169875817,-0.7496859026562799,0.7496859026562799
Fc1cccc2ccccc12,-3.4526998466089975,-4.135030953822568,-0.6823311072135705,0.6823311072135705
CC(C)c1ccc(-c2ccccc2)cc1,-5.609857623081901,-5.767820038546043,-0.15796241546414258,0.15796241546414258
CCOC(=O)CCCCC(=O)O,-0.3601997303686808,-1.128817499229525,-0.7686177688608442,0.7686177688608442
CCN(CCO)C(=O)COC(=O)c1ccccc1,-1.3699999289069502,-1.3042013955287497,0.06579853337820052,0.06579853337820052
CCn1cc(C(=O)OC)c(=O)c2ccc(C)nc21,-2.6999999796658702,-2.8196213742843286,-0.11962139461845833,0.11962139461845833
Cc1ccc(NC(=O)NC(C)(C)c2ccccc2)cc1,-5.349500218673683,-5.257027156303861,0.09247306236982133,0.09247306236982133
CC(C)CC(N)C(=O)O,-1.0455998314737551,-0.6001548247406379,0.44544500673311727,0.44544500673311727
c1cn[nH]c1,1.2878899136532342,0.8886528665341511,-0.39923704711908314,0.39923704711908314
O=C(O)c1cccc2ncccc12,-2.677400039636377,-2.436299787731949,0.24110025190442785,0.24110025190442785
C=CC(O)C(=O)OCC,0.36270021244422423,-0.11496151789594888,-0.4776617303401731,0.4776617303401731
Cn1c(=O)c2c(ncn2COC(=O)C(C)(C)C)n(C)c1=O,-2.16999997967566,-2.4877070831109034,-0.31770710343524344,0.31770710343524344
CC(C)(C)NC(=O)C1N(C(=O)C(O)C(Cc2ccccc2)NC(=O)COc2ccccc2)CSC1(C)C,-3.8299998969590643,-3.607000442592683,0.22299945436638113,0.22299945436638113
CCCCC(C)O,-0.8725999360062939,-0.7128315764197097,0.1597683595865842,0.1597683595865842
Nc1cccc2c(S(=O)(=O)O)cccc12,-2.349999806487624,-2.2330971193369282,0.11690268715069596,0.11690268715069596
CC(=O)C(N=Nc1ccc(-c2ccc(N=NC(C(C)=O)C(=O)Nc3ccccc3)c(Cl)c2)cc1Cl)C(=O)Nc1ccccc1,-9.196939119150546,-9.070552292285148,0.1263868268653976,0.1263868268653976
CC(C)OC(=O)c1ccccc1C(=O)OC(C)C,-2.8772999590936554,-2.982371304966746,-0.10507134587309075,0.10507134587309075
O=[N+]([O-])c1cc(O)ccc1NCCCO,-2.1105896078592745,-2.238821233422967,-0.1282316255636924,0.1282316255636924
O=C(O)c1ccccc1Nc1cccc([N+](=O)[O-])c1,-6.430000010197277,-3.776559327132871,2.6534406830644066,2.6534406830644066
CCCCCCCC(C)O,-2.7439998882547814,-2.5743899510103527,0.16960993724442863,0.16960993724442863
CCCN(CCC)c1c([N+](=O)[O-])cc(C(F)(F)F)cc1[N+](=O)[O-],-6.0500003259734125,-5.615838881305825,0.43416144466758766,0.43416144466758766
O=C(NC(CO)C(=O)O)C(Cl)Cl,-0.029999880101426513,-0.22234811210171124,-0.19234823200028472,0.19234823200028472
N#CC(C#N)=NNc1ccc(Cl)cc1,-4.360000190256463,-3.819547532960283,0.5404526572961803,0.5404526572961803
CC(=O)/C=C/C1C(C)=CCCC1(C)C,-3.2586779002683954,-3.931081283777391,-0.6724033835089958,0.6724033835089958
COC(=O)C(F)(F)F,-0.6479836343875234,-0.6295310925164723,0.018452541871051054,0.018452541871051054
CC(C)=CCCC(C)CCCC(C)C=O,-5.496890600805955,-4.4441270412845135,1.0527635595214413,1.0527635595214413
NS(=O)(=O)c1nnc(NS(=O)(=O)c2ccc(Cl)c([N+](=O)[O-])c2)s1,-1.9899999113165987,-2.4106734696201695,-0.4206735583035708,0.4206735583035708
C=CCC1=C(C)C(OC(=O)C2C(C=C(C)C)C2(C)C)CC1=O,-4.817900193461037,-5.149253534635601,-0.33135334117456416,0.33135334117456416
CC(C)c1ccc(N)cc1,-1.7858311235479138,-2.344309647022047,-0.5584785234741332,0.5584785234741332
N#CCCN(CCC#N)c1ccc(N=Nc2ccc([N+](=O)[O-])cc2Cl)cc1,-4.281954252883124,-6.075921504076904,-1.7939672511937799,1.7939672511937799
CNC(=S)N(C)c1ccc(Cl)cc1C,-3.6600000854470682,-2.808359223643592,0.8516408618034763,0.8516408618034763
Clc1cc(Cl)cc(-c2cc(Cl)c(Cl)cc2Cl)c1,-7.469999669017209,-7.951433950928349,-0.4814342819111399,0.4814342819111399
CC(C)COC(=O)c1ccccc1C(=O)OCC(C)C,-4.383890164316403,-4.0942580799399115,0.2896320843764917,0.2896320843764917
CCCCCCCCCCCCCCCCCCCN,-5.857124279059935,-5.6405909714609015,0.21653330759903344,0.21653330759903344
COCOC(=O)c1ccccc1O,-2.299999868014695,-2.0553126589764465,0.24468720903824837,0.24468720903824837
O=C(Oc1ccccc1)Oc1ccccc1,-4.216916523846324,-4.45743476802106,-0.24051824417473622,0.24051824417473622
NC(=O)c1cccnc1,0.6121584597380734,-0.11943138142859278,-0.7315898411666661,0.7315898411666661
CCCCCNCCOC(=O)c1ccc(N)cc1,-3.2699999373357693,-2.943326584101343,0.32667335323442614,0.32667335323442614
CCN(CC)N=O,0.01610000444016313,-0.25667568128080065,-0.2727756857209638,0.2727756857209638
Cn1ccc(NS(=O)(=O)c2ccc(N)cc2)nc1=O,-2.3599997872808642,-2.869275658861765,-0.5092758715809009,0.5092758715809009
N#CC(C#N)=NNc1ccccc1,-3.3599998679951155,-3.3056896941137857,0.05431017388132986,0.05431017388132986
CCOP(=S)(Oc1cnc(C(C)(C)C)nc1)OC(C)C,-4.762599987043462,-4.328083123076327,0.4345168639671346,0.4345168639671346
Oc1ccc(C(c2ccc(O)cc2)c2ccccn2)cc1,-4.523907700893471,-3.6275088953246137,0.896398805568857,0.896398805568857
Nc1cccc([N+](=O)[O-])c1,-2.061099920374929,-2.1835890742732276,-0.1224891538982984,0.1224891538982984
COC1CCC=CO1,-0.8533330353518132,-0.5339551851548698,0.3193778501969433,0.3193778501969433
CCCCCCN1CC(C(=O)OC)CC1=O,-1.2459998634115643,-1.9195947987489768,-0.6735949353374124,0.6735949353374124
CC(C)(C)C1CCC(CC2=C(O)C(=O)c3ccccc3C2=O)CC1,-7.04000028786751,-5.776908834676773,1.2630914531907376,1.2630914531907376
COC(=O)CCc1cc(C(C)(C)C)c(O)c(C(C)(C)C)c1,-5.123582875378198,-5.524294187949114,-0.4007113125709161,0.4007113125709161
c1cc2cccc3c4cccc5cccc(c(c1)c23)c54,-8.700000274164372,-7.3947556779665184,1.3052445961978538,1.3052445961978538
CCCCC(C)(O)CC,-1.7355998174629974,-1.4099904662498648,0.3256093512131326,0.3256093512131326
N#CCCN(CCC#N)C(CC(=O)O)C(=O)O,-1.53369984706764,-0.5991143778746215,0.9345854691930184,0.9345854691930184
CC(COC(=O)c1ccccc1)OC(=O)c1ccccc1,-4.567302672031861,-4.494851379500686,0.07245129253117533,0.07245129253117533
Cc1cc(Cc2ccc(N)c(C)c2)ccc1N,-4.150608533134286,-3.6538376669005577,0.49677086623372846,0.49677086623372846
CCC1(C2=CCCCC2)C(=O)NC(=O)NC1=O,-2.1692999761891913,-2.7337422629760972,-0.5644422867869059,0.5644422867869059
CO[Si](CCCCCC[Si](OC)(OC)OC)(OC)OC,-2.792947940881325,-2.773650372372235,0.019297568509089924,0.019297568509089924
O=P1(N(CCCl)CCCl)NCCCO1,-0.814699716638978,-1.1048198641778777,-0.2901201475388997,0.2901201475388997
Cc1ccc(N)c(C)c1,-1.3352535860755006,-1.5540745517214107,-0.21882096564591014,0.21882096564591014
O=C(O)c1cccc2cccc(-c3cccc4cccc(C(=O)O)c34)c12,-2.2334403232547246,-3.434394441426614,-1.2009541181718895,1.2009541181718895
CCCCCCCCCCCCN1CC(C(=O)O)CC1=O,-3.223000013804849,-3.5235591022252946,-0.30055908842044543,0.30055908842044543
CCOC(=O)c1[nH]c(C)cc1C,-2.6212000012698393,-1.9657568644146228,0.6554431368552165,0.6554431368552165
CC(C)=CCC1(C(C)(C)C)C(=O)NC(=O)NC1=O,-3.5499999516541445,-3.0960390294904045,0.45396092216373995,0.45396092216373995
O=C(O)C=CCCC(=O)O,-1.2044998637541429,-0.894617713025819,0.3098821507283238,0.3098821507283238
CC(C)C(O)C(C)C,-1.2200999414525893,-1.2928493721146468,-0.07274943066205752,0.07274943066205752
NC(CSCCCCCCSCC(N)C(=O)O)C(=O)O,-2.7699999142320078,-2.214164795918216,0.5558351183137917,0.5558351183137917
Clc1c(Cl)c(Cl)c(-c2ccccc2)c(Cl)c1Cl,-7.910700000635002,-8.120239208526584,-0.20953920789158254,0.20953920789158254
c1ccc2c(c1)sc1ccccc12,-5.098100208775547,-5.560534534080877,-0.46243432530533024,0.46243432530533024
Cn1nc(S(N)(=O)=O)sc1=NS(C)(=O)=O,-2.049999865089496,-1.9920217985435609,0.05797806654593529,0.05797806654593529
C[C@@H](CCO)CCC=O,-1.0731998309133248,-1.2149084732216788,-0.141708642308354,0.141708642308354
CC(O)C(=O)NCCO,1.3070325900865138,0.8727195918690605,-0.4343129982174534,0.4343129982174534
C[C@@H]1C[C@H]2[C@@H]3C[C@H](F)C4=CC(=O)C=C[C@]4(C)[C@H]3[C@@H](O)C[C@]2(C)[C@H]1C(=O)CO,-3.203737219451013,-4.157863641733174,-0.9541264222821608,0.9541264222821608
COc1ccc(O)c(C(=O)C=Cc2ccccc2)c1,-6.00000007693993,-4.973593446484572,1.0264066304553578,1.0264066304553578
CC(C)CCCCCCCOC(=O)c1ccccc1C(=O)OCCCCCCCC(C)C,-9.419540089820696,-6.946094506146503,2.4734455836741933,2.4734455836741933
CC1(C)CO1,-0.09454926992199253,-0.3966457365999876,-0.30209646667799506,0.30209646667799506
CC1(C#N)CCCC1=O,0.9095001753361363,-0.11598236494039771,-1.025482540276534,1.025482540276534
CCOC(=O)N[C@@H](C=O)[C@@H](O)[C@H](O)[C@H](O)CO,0.11390007746891673,-0.21649853155225918,-0.3303986090211759,0.3303986090211759
CC(C)C[C@H](N)C(=O)N[C@H](CCC(N)=O)C(=O)O,-1.568699883364165,-0.8381224696002887,0.7305774137638763,0.7305774137638763
O=C(Nc1cccc2c(NC(=O)C3=Cc4ccccc4/C(=N\Nc4cccc(Cl)c4Cl)C3=O)cccc12)C1=Cc2ccccc2/C(=N/Nc2cccc(Cl)c2Cl)C1=O,-9.22765231560033,-9.098768305834964,0.12888400976536651,0.12888400976536651
Brc1ccc2c(c1)Sc1ccccc1N2,-6.111899875128845,-5.91852002998494,0.19337984514390527,0.19337984514390527
O=C(O)c1ccccc1C(=O)Nc1ccccc1,-4.0813999068572,-3.091369717069276,0.990030189787924,0.990030189787924
Clc1ccc(-c2cc(Cl)c(Cl)c(Cl)c2Cl)cc1Cl,-7.83060022280447,-8.711292531925386,-0.8806923091209153,0.8806923091209153
C=CC(O)CCCCC,-1.8219315794039128,-1.9896637467713372,-0.16773216736742436,0.16773216736742436
CCC(CC)C(=O)OCCOCCOCCOC(=O)C(CC)CC,-3.238599953476383,-3.091158415119686,0.14744153835669715,0.14744153835669715
O=[N+]([O-])c1ccccc1O,-1.8029141623936777,-1.7515267428901156,0.05138741950356218,0.05138741950356218
CCN(CC)C(=O)c1cc(N2CC2)c([N+](=O)[O-])cc1[N+](=O)[O-],-2.5899998286195824,-3.6890479181847375,-1.099048089565155,1.099048089565155
Clc1cc(-c2c(Cl)cccc2Cl)c(Cl)c(Cl)c1Cl,-8.130000471774748,-8.425800978868443,-0.2958005070936949,0.2958005070936949
NC(Cc1cnc[nH]1)C(=O)O,-0.5313997548978486,-0.4054507493987285,0.12594900549912014,0.12594900549912014
COc1cc(Nc2c(C#N)cnc3cc(OCCCN4CCN(C)CC4)c(OC)cc23)c(Cl)cc1Cl,-4.87955143220098,-4.550649310964541,0.3289021212364389,0.3289021212364389
CCCCCCCCOC(=O)c1ccc(O)cc1,-4.2224001950508825,-4.515625672065987,-0.2932254770151044,0.2932254770151044
CC(C)C(C)CO,-0.39000001681954855,-0.7110768402817866,-0.3210768234622381,0.3210768234622381
O=C(O)CN(C(=S)SCc1ccccc1)c1ccccc1,-3.920000069165507,-3.766008895012797,0.15399117415271002,0.15399117415271002
CN(C)CCOC(C)(c1ccccc1)c1ccccn1,-2.819999861331619,-3.1337728268148304,-0.3137729654832113,0.3137729654832113
CCCCOCCOC(=O)CCCCC(=O)OCCOCCCC,-4.9587330550099225,-2.90990788332064,2.0488251716892822,2.0488251716892822
CC1OC(OC2C(O)CC(OC3C(O)CC(OC4CCC5(C)C(CCC6C5CC(O)C5(C)C(C7=CC(=O)OC7)CCC65O)C4)OC3C)OC2C)CC(O)C1O,-4.159999884257097,-3.8896821817929674,0.27031770246412945,0.27031770246412945
I/C=C\I,-2.7812999963936207,-3.145990589530521,-0.36469059313690044,0.36469059313690044
CCCCC(C)CCC,-6.04740017499676,-5.868791693968976,0.17860848102778348,0.17860848102778348
CCOC(=S)[S-],0.5443383842001919,-1.7310921345563433,-2.275430518756535,2.275430518756535
CCOP(=O)([O-])Cc1cc(C(C)(C)C)c(O)c(C(C)(C)C)c1,-2.4616734130737683,-2.8324599216654263,-0.37078650859165796,0.37078650859165796
CC(F)(F)Cl,-1.7233906469226064,-2.1733524463385994,-0.449961799415993,0.449961799415993
N#CC1([NH+]2CCCCC2)CC[NH+](Cc2ccccc2)CC1,-2.245992076591806,-1.1967416470593908,1.0492504295324152,1.0492504295324152
Oc1ccc(I)cc1,-1.7099999660116796,-1.8384779006006313,-0.12847793458895174,0.12847793458895174
O=C(O)/C=C\C(=O)Nc1ccccc1,-2.2814999829126754,-2.297844853830679,-0.01634487091800363,0.01634487091800363
Cc1cc(Cl)ccc1OCCCC(=O)O,-3.677999968058753,-2.7090079437859984,0.9689920242727545,0.9689920242727545
Nc1cc([N+](=O)[O-])cc([N+](=O)[O-])c1O,-2.486200001760636,-2.5576626765314177,-0.07146267477078183,0.07146267477078183
COc1ccc(N2CCN(c3ccc([N+](=O)[O-])cc3)CC2)cc1,-6.929013675731337,-4.561788220825827,2.36722545490551,2.36722545490551
N=C(N)NN=Cc1c(O)ccc2ccccc12,-2.4599999402805475,-2.863872051893108,-0.4038721116125603,0.4038721116125603
CC(NC(=O)C(Br)C(C)C)C(=O)O,-0.4824998564103842,-0.8904894661014784,-0.4079896096910942,0.4079896096910942
O=C(O)CCCCC1CCSS1,-2.37504734324879,-2.4550509508280762,-0.08000360757928604,0.08000360757928604
O=C1CCCCCCCCCCOCCCCO1,-4.017959080183942,-3.0115061981794407,1.0064528820045018,1.0064528820045018
CCN(CC)C(=O)CC(C)C,-0.5945997936223453,-1.028330318269277,-0.4337305246469316,0.4337305246469316
C=CC(=O)OC1CC(C)CC(C)(C)C1,-4.0304469960740175,-3.660226725637304,0.3702202704367137,0.3702202704367137
NNCc1ccccc1,-1.6467888851341874,-1.1327482296421558,0.5140406554920316,0.5140406554920316
O=C(OCc1ccccc1)c1ccc(O)cc1,-3.324981163558682,-3.5540134292007868,-0.22903226564210488,0.22903226564210488
Cc1ccc2ccccc2c1NS(=O)(=O)c1ccc(N)cc1,-4.500000059388738,-4.824438804357419,-0.3244387449686803,0.3244387449686803
CSC1=CC(=O)c2ccccc2C1=O,-4.465099816549912,-4.163807494663826,0.3012923218860859,0.3012923218860859
Cc1ccc(NC(=O)N(C)C)cc1Cl,-3.4825999610242917,-2.6959321022623604,0.7866678587619313,0.7866678587619313
COC(=O)c1ccc([N+](=O)[O-])cc1,-3.0399999046237327,-2.844850399181997,0.19514950544173582,0.19514950544173582
CN1CC2CC1CN2c1cc2c(cc1F)c(=O)c(C(=O)O)cn2C1CC1,-2.9000000314477004,-4.3724565669970445,-1.4724565355493442,1.4724565355493442
C/C=C/C(=O)Oc1c([N+](=O)[O-])cc([N+](=O)[O-])cc1C(C)(C)CC(C)(C)C,-4.959499932535472,-5.784080160939806,-0.8245802284043338,0.8245802284043338
COC(=O)c1ccc([O-])cc1,0.38030057615783486,-1.2409541516001967,-1.6212547277580316,1.6212547277580316
CN(C)C1CCC=CCCC1,-1.600399834211024,-1.7753823482488562,-0.17498251403783227,0.17498251403783227
OCCOCC#CCOCCO,0.758962227492451,0.3573544301251994,-0.4016077973672516,0.4016077973672516
O=C1c2ccccc2C(=O)N1SC(Cl)(Cl)Cl,-5.568999724621176,-5.234068587849106,0.3349311367720702,0.3349311367720702
CC(=O)CC1CCCCN1,-0.4508999750750484,0.28394730122533796,0.7348472763003864,0.7348472763003864
Cc1ccc(NCCO)c([N+](=O)[O-])c1,-2.7474049776780904,-2.208494236274206,0.5389107414038845,0.5389107414038845
NC(=O)C[C@H](NC(=O)CCl)C(=O)O,-0.31929987172657315,-0.7706575373081299,-0.45135766558155677,0.45135766558155677
Clc1ccc(Oc2cc(Cl)cc(Cl)c2Cl)cc1,-7.139999681719177,-7.545234550291678,-0.40523486857250113,0.40523486857250113
COc1ccc(C=CC(=O)c2ccccc2O)cc1,-5.699999963008162,-5.112305386496816,0.5876945765113462,0.5876945765113462
CCCCCCCCOS(=O)(=O)[O-],0.28720666873583234,-0.039863007210976686,-0.327069675946809,0.327069675946809
Oc1cc(Cl)cc(Cl)c1,-1.5589999040651257,-1.989964369386644,-0.43096446532151833,0.43096446532151833
CN(C)CCCN1CN(CCCN(C)C)CN(CCCN(C)C)C1,0.16421337153982618,-0.1514936529206219,-0.31570702446044807,0.31570702446044807
Nc1ccc(S(=O)(=O)Nc2nnc(S(N)(=O)=O)s2)cc1,-1.4999998862594417,-2.101838632596756,-0.6018387463373145,0.6018387463373145
Fc1cc(Br)cc(F)c1F,-3.2102977766264735,-3.276829198403033,-0.06653142177655935,0.06653142177655935
C=CC(=O)OCCOCC(CC)(COCCOC(=O)C=C)COCCOC(=O)C=C,-2.6874458108578207,-2.931121498294892,-0.24367568743707135,0.24367568743707135
Brc1cc(Br)c(-c2ccccc2)c(Br)c1,-7.300000478626318,-6.627403615892802,0.6725968627335162,0.6725968627335162
CC(=O)c1ccc(O)c(O)c1O,-2.021599930678847,-1.3048089899973359,0.7167909406815112,0.7167909406815112
Nc1ccc2[nH]c(=O)[nH]c2c1,-2.334782753471215,-2.2643965850973258,0.07038616837388911,0.07038616837388911
COCCCn1c(=O)c2c(N)c3c(=O)c4ccccc4c(=O)c3c(N)c2c1=O,-7.323792729632247,-6.1293003758732345,1.1944923537590126,1.1944923537590126
CCC(c1ccc(O)cc1)C(CC)c1ccc(O)cc1,-4.353000155391776,-4.210836024272351,0.14216413111942483,0.14216413111942483
CCCC(C)C(CCC)C(C)Cc1ccc(OP(=S)([S-])Oc2ccc(CC(C)C(CCC)C(C)CCC)cc2)cc1,-5.415414970712163,-6.088396376423754,-0.6729814057115906,0.6729814057115906
O=C(O)[C@H](O)c1ccccc1Cl,-0.4390277282279378,-1.3102081887314774,-0.8711804605035396,0.8711804605035396
CCC(N)=O,-4.229999956850147,-0.07960813270356226,4.150391824146585,4.150391824146585
S=C(N=Nc1ccccc1)NNc1ccccc1,-6.610000354610164,-4.939076780435432,1.670923574174732,1.670923574174732
Brc1ccccc1,-2.5685614885785046,-2.804729409153457,-0.23616792057495228,0.23616792057495228
CCCCCCCC(=O)N(C)c1ccc(S(=O)(=O)N(C)C)cc1,-3.5899998748271056,-3.59877686816262,-0.008776993335514405,0.008776993335514405
Cc1ccc(C(=O)O)o1,-0.8242999024803188,-1.084587879351576,-0.26028797687125715,0.26028797687125715
CCCCOC(=O)CCC(=O)OCCCC,-3.000600044825948,-2.7233049784175005,0.2772950664084477,0.2772950664084477
CCCCCCCCCCCCCCCCCCC(=O)O,-3.775990242172857,-6.240733367044257,-2.4647431248714,2.4647431248714
CCCCOC(=O)C(C)c1ccc2cc(OC)ccc2c1,-7.530000243911212,-6.258509300990498,1.271490942920714,1.271490942920714
CN(C)C(=O)c1cc(N2CC2)c([N+](=O)[O-])cc1[N+](=O)[O-],-2.479999936373756,-3.143086089211925,-0.6630861528381686,0.6630861528381686
COc1ccc(CCC#N)cc1OC,-1.9013446733450274,-2.3383446759737905,-0.43700000262876304,0.43700000262876304
BrCC(Br)Br,-2.727199959859808,-2.3341522465351625,0.3930477133246453,0.3930477133246453
COC(=O)C(C)O,0.9825004008981075,0.892133077104559,-0.0903673237935485,0.0903673237935485
CC(C)(CO)C(O)C(=O)NCCCO,0.43767670733859454,0.27550695552927884,-0.1621697518093157,0.1621697518093157
Fc1ccc(Oc2ccnc3cc(Cl)cc(Cl)c23)cc1,-6.424300326874742,-5.937882997370483,0.48641732950425887,0.48641732950425887
CC12CCC3C(CCC4CC(=O)CCC43C)C1CCC2O,-4.739999736453416,-5.037103493654422,-0.2971037572010067,0.2971037572010067
CCCC(=O)OC1CCC2C3CCC4=CC(=O)CCC4C3CCC12C,-5.909999904733487,-5.087611543698792,0.8223883610346956,0.8223883610346956
O=[N+]([O-])OCCOCCO[N+](=O)[O-],-1.6904506622943345,-1.6628289926295108,0.02762166966482371,0.02762166966482371
CCCCCCCC/C=C/CCCCCCCCNCCCNCCCNCCCN,-3.836075772631471,-3.520142591074981,0.3159331815564901,0.3159331815564901
O=C(O)c1cccc(Cl)c1C(=O)O,-0.9759998988998853,-1.6485196045893449,-0.6725197056894596,0.6725197056894596
CCOC(=O)C(Cl)C(C)=O,-0.9859491548028017,-0.6028151554511179,0.3831339993516838,0.3831339993516838
ClC(Cl)=C(Cl)Cl,-2.739999937345559,-3.1527025277222065,-0.41270259037664747,0.41270259037664747
CC(C#N)NC=O,1.0083092250948686,0.2440299181460195,-0.7642793069488492,0.7642793069488492
CCOC(=O)C(C)CC,-2.336416405500195,-1.3076131447505843,1.0288032607496107,1.0288032607496107
CCCCCCCCCCCCCC(=O)OCC(O)CO,-7.397875362241619,-4.687702857623749,2.71017250461787,2.71017250461787
CC(=O)Oc1ccc(CC(NC(=O)c2ccccc2)C(N)=O)cc1,-3.89000005777233,-3.003654200824364,0.8863458569479663,0.8863458569479663
CCCCCCCC/C=C\CCCCCCCCNCCCNCCCN,-3.718391404568866,-3.9808566869704993,-0.26246528240163336,0.26246528240163336
NCCNc1ccc(S(=O)(=O)c2ccc(N)cc2)cc1,-2.349999806487624,-2.3269657373117605,0.023034069175863703,0.023034069175863703
CCCCCCCCCCCCCCCCCC(=O)OC1CC(C)(C)NC(C)(C)C1,-6.214524816909053,-6.485162465756233,-0.27063764884717934,0.27063764884717934
NC(=S)Nc1cccc2ccccc12,-2.527800001916124,-2.5426630159021104,-0.014863013985986218,0.014863013985986218
CCCCNC(=O)n1c(NC(=O)OC)nc2ccccc21,-4.860000196106861,-4.507435845216017,0.3525643508908436,0.3525643508908436
Cc1ccccc1O,-0.6190128896804543,-0.8813063975895488,-0.26229350790909445,0.26229350790909445
ClC1=C(Cl)C(Cl)(Cl)C(Cl)=C1Cl,-5.180500067075076,-5.6873423430292345,-0.5068422759541589,0.5068422759541589
O=C(O)CC1(CC(=O)O)CCCCC1,-1.4722338404441997,-1.4820355455777114,-0.009801705133511751,0.009801705133511751
Clc1ccc(-c2c(Cl)cccc2Cl)cc1Cl,-7.019899704661858,-6.817979306283458,0.20192039837839992,0.20192039837839992
Nc1ccccc1N,-0.43960964969080907,-0.8452372048292185,-0.4056275551384094,0.4056275551384094
CC(=O)N(C)c1ccccc1,-0.9509997743831442,-1.1453448417257823,-0.19434506734263812,0.19434506734263812
CN(C)C(=O)c1ccc(C(=O)N(C)C)cc1,0.2656002119153955,-0.9310962936084635,-1.196696505523859,1.196696505523859
CC(C)CCl,-1.9999998921098392,-2.1240034082780364,-0.12400351616819716,0.12400351616819716
Oc1ccc(Cl)cc1Cc1cc(Cl)ccc1O,-3.9528000254911024,-3.514612611841297,0.4381874136498056,0.4381874136498056
OC/C=C\CO,0.8466855077511881,0.7317005320152856,-0.1149849757359025,0.1149849757359025
CCCCCCCC/C=C\CCCCCCCC(=O)OCC(C)OC(=O)CCCCCCC/C=C\CCCCCCCC,-4.781755914060337,-7.486994094585182,-2.7052381805248444,2.7052381805248444
CCOC(=O)c1ccc(O)c(I)c1,-3.492399871807942,-3.0776400765681107,0.4147597952398314,0.4147597952398314
CC(=O)OCCOCn1cnc2c(=O)[nH]c(N)nc21,-2.6999999796658702,-2.519363969561079,0.18063601010479102,0.18063601010479102
O=Cc1ccccc1O[C@@H]1O[C@H](CO)[C@@H](O)[C@H](O)[C@H]1O,-1.198499833870125,-1.2426877696205156,-0.044187935750390706,0.044187935750390706
O=C(c1ccco1)N(O)c1ccccc1,-3.1939999728856137,-2.2347305298188114,0.9592694430668023,0.9592694430668023
CCOP(=O)(OCC)SC[S+]([O-])CC,-1.5123999480197452,-0.591930629189469,0.9204693188302762,0.9204693188302762
OCC1C(CO)C2(Cl)C(Cl)=C(Cl)C1(Cl)C2(Cl)Cl,-3.080199906432966,-3.5900737882387204,-0.5098738818057544,0.5098738818057544
N[C@@H](CC(=O)O)C(=O)[O-],0.6099276687791249,-0.18531107463131136,-0.7952387434104362,0.7952387434104362
CCN(CCC(=O)OC)c1ccc(N=Nc2snc3ccc([N+](=O)[O-])cc23)cc1,-7.315402349678493,-6.073129495691951,1.2422728539865417,1.2422728539865417
CCCCCC/C=C/C1CC(=O)OC1=O,-4.021753301980164,-3.284813261633275,0.7369400403468891,0.7369400403468891
CC(CCC(=O)NCC(=O)O)C1CCC2C3C(O)CC4CC(O)CCC4(C)C3CC(O)C12C,-5.15000012220502,-3.6575147728615693,1.4924853493434505,1.4924853493434505
C=CC1=C(C)/C(=C/c2[nH]c(Cc3[nH]c(/C=C4\NC(=O)C(C)=C4C=C)c(C)c3CCC(=O)O)c(CCC(=O)O)c2C)NC1=O,-4.81269989150773,-5.398525169543824,-0.5858252780360935,0.5858252780360935
CC(=O)Nc1ccc2c(c1)Cc1ccccc1-2,-4.239999730603018,-3.81447359464532,0.42552613595769806,0.42552613595769806
CC(C)CC1CC(C)CCO1,-3.0799295289648487,-2.3689412396825578,0.710988289282291,0.710988289282291
CCN(CC)c1ccc2cc(-c3nc4cc(Cl)ccc4o3)c(=O)oc2c1,-7.487633159189807,-6.2457719014561786,1.2418612577336283,1.2418612577336283
c1cc(N(CC2CO2)CC2CO2)ccc1Cc1ccc(N(CC2CO2)CC2CO2)cc1,-4.66206463469077,-3.589586553237787,1.0724780814529833,1.0724780814529833
CC(C)CCCCCCCCCCCCCCC(=O)OC(CO)CO,-6.855595780732306,-5.519791197957483,1.3358045827748226,1.3358045827748226
CC(=O)OC/C=C(/C)CCC=C(C)C,-3.754953146366259,-3.559539336640553,0.19541380972570588,0.19541380972570588
CC(=O)c1ccc(N)cc1,-1.6057998611066402,-1.5136837363324034,0.09211612477423681,0.09211612477423681
O=C(O)CNCP(=O)(O)O,-0.27199998120818014,0.09694264311347878,0.3689426243216589,0.3689426243216589
O=C(O)COc1c(Cl)c(Cl)c(Cl)c(Cl)c1Cl,-3.7499999815996863,-4.31468112395858,-0.5646811423588933,0.5646811423588933
CCOP(=S)(OCC)Oc1ccc(Cl)cc1Cl,-6.109399931690627,-5.307648802497175,0.8017511291934518,0.8017511291934518
CC(CCC(C)O[N+](=O)O)O[N+](=O)O,-2.6799999835726616,-2.5424655338971287,0.13753444967553285,0.13753444967553285
CC(Cl)(Cl)C(=O)O,0.5455002947491603,0.17432246260735473,-0.37117783214180555,0.37117783214180555
CN1CCN(c2cc3c(cc2F)c(=O)c(C(=O)O)cn3-c2ccc(F)cc2)CC1,-3.819999916165824,-3.9661858064466378,-0.14618589028081397,0.14618589028081397
CCCCCCCCOC(=O)[C@@H](C)Oc1ccc(Cl)cc1C,-6.514367304106809,-6.538024564792365,-0.023657260685555848,0.023657260685555848
O=C(O)c1ccccc1C(=O)OCCOC(=O)c1ccccc1C(=O)O,-2.829999855064882,-2.6991550651746974,0.13084478989018455,0.13084478989018455
CC(C)CC(NC(=O)CC(O)C(CC(C)C)NC(=O)C(Cc1c[nH]cn1)NC(=O)C(Cc1ccccc1)NC(=O)OC(C)(C)C)C(=O)NC(C(=O)O)c1ccccc1,-3.130000068203494,-3.1846331905532184,-0.054633122349724506,0.054633122349724506
O=c1[nH]c(=O)n(Cc2ccccc2)cc1F,-2.650000023939577,-2.4267177869363223,0.22328223700325456,0.22328223700325456
C=CCCC=C,-2.6867000341965124,-2.2829691413687483,0.4037308928277641,0.4037308928277641
CCCCCCO,-1.382910000108741,-1.2539237124012514,0.12898628770748966,0.12898628770748966
O=C(O)C(Br)=C(Br)Br,-1.359299806600329,-1.11369775518639,0.24560205141393898,0.24560205141393898
Nc1cccc(Cl)c1Cl,-2.130384599480773,-2.566827836051458,-0.43644323657068496,0.43644323657068496
O=C(OCn1c(=O)[nH]cc(F)c1=O)Oc1ccccc1,-2.4499999594873074,-2.3790869078818844,0.07091305160542305,0.07091305160542305
O=C(O)c1ccc(C(=O)O)c(Br)c1,-2.1338997998734857,-2.518105336653214,-0.38420553677972835,0.38420553677972835
COC(=O)C1(S(=O)(=O)c2ccccc2)CCC1,-3.0004999063009685,-2.966143985531395,0.03435592076957361,0.03435592076957361
COc1ccc(/C=C/C(=O)O)cc1,-2.3983999785385786,-2.368754558283475,0.029645420255103527,0.029645420255103527
CCCCCCOC(=O)C(C)O,-1.139999887568232,-1.710376641455744,-0.570376753887512,0.570376753887512
Cc1cc(C)c(N)c(C)c1N,-0.8207161717255769,-1.1113054727398797,-0.2905893010143028,0.2905893010143028
OCCOc1ccc(OCCO)cc1,-1.2299999217477626,-0.7487880011925716,0.481211920555191,0.481211920555191
CC(=O)CC(C)=Nc1ccccc1O,-3.5499999516541445,-2.369951044574011,1.1800489070801334,1.1800489070801334
COc1cc(-c2cc(OC)cc(C(C)(C)C)c2O)c(O)c(C(C)(C)C)c1,-6.776311465900503,-5.847741485605696,0.9285699802948066,0.9285699802948066
OC(c1ccccc1)c1ccc(Cl)cc1,-3.48859999090831,-3.719083540521326,-0.23048354961301598,0.23048354961301598
CCCCCOC(=O)c1cccnc1,-2.37759987494065,-2.058343798987212,0.31925607595343797,0.31925607595343797
CCN(CC)CCCNc1nc(NCCCN(CC)CC)nc(Nc2ccc3c(O)c(N=Nc4ccc5[nH]c(=O)[nH]c5c4)c(S(=O)(=O)O)cc3c2)n1,-0.6404338383305643,-2.4114126037363164,-1.770978765405752,1.770978765405752
CCC(O)c1ccccc1,-2.340367460375683,-1.4645560934394035,0.8758113669362795,0.8758113669362795
OCC(O)COc1ccc(Cl)cc1,-1.3066998206709306,-1.6160823139762006,-0.30938249330527,0.30938249330527
CC(C)CC(Br)C(=O)NC(C)C(=O)NC(C)C(=O)O,-1.4299998136663916,-0.898845753407858,0.5311540602585336,0.5311540602585336
OCCNc1ccccc1,-0.4744998165650274,-0.7524288750890662,-0.2779290585240388,0.2779290585240388
Cc1cc(N)c(S(=O)(=O)O)cc1Cl,-2.3456970590392237,-1.9621909391315864,0.3835061199076373,0.3835061199076373
Cc1ccccc1N(O)C(=O)c1cccc(F)c1,-2.529999874846685,-3.0332547105728302,-0.5032548357261453,0.5032548357261453
COc1ccccc1OC,-1.3149749481527921,-1.5229645278983448,-0.20798957974555266,0.20798957974555266
O=C(NO)c1ccc([N+](=O)[O-])cc1,-1.9399999383369417,-2.2276557533810344,-0.28765581504409266,0.28765581504409266
O=C1c2cccc(O)c2C(=O)c2c(O)cccc21,-5.190000045377981,-4.834234988414432,0.35576505696354843,0.35576505696354843
O=C(O)C1=C/C(=N/Nc2ccccc2)C=CC1=O,-3.0559000442031543,-3.4408745634188467,-0.38497451921569237,0.38497451921569237
Cc1ccccc1C(=O)O,-2.062099856342143,-1.7416583707578923,0.32044148558425056,0.32044148558425056
COC(=O)n1cnc2c1c(=O)n(C)c(=O)n2C,-1.2399998335275466,-1.675278744078295,-0.4352789105507484,0.4352789105507484
CN(C)CCCOC1(Cc2ccccc2)CCCCCC1,-1.619999931832149,-3.3083685204305335,-1.6883685885983846,1.6883685885983846
CC1(C)O[C@@H]2C[C@H]3[C@@H]4CCC5=CC(=O)C=C[C@]5(C)[C@@]4(F)[C@@H](O)C[C@]3(C)[C@]2(C(=O)CO)O1,-4.31580024616469,-4.571240441817026,-0.2554401956523362,0.2554401956523362
CC(=O)[C@H]1CC[C@H]2[C@@H]3CC=C4C[C@@H](O)CC[C@]4(C)[C@H]3CC[C@]12C,-4.65199998828905,-5.090784782415921,-0.438784794126871,0.438784794126871
CNC(CC(=O)O)C(=O)O,-0.7543998993987922,-0.12555535947998697,0.6288445399188052,0.6288445399188052
CCOC(=O)N1CCN(CN2CCN(C(=O)OCC)CC2)CC1,-0.8442998640667994,-0.6321715473515601,0.21212831671523924,0.21212831671523924
N/C(N=O)=C(\N)NO,-0.7772999444426705,-0.9116839125882648,-0.13438396814559428,0.13438396814559428
O=S(=O)(c1ccccc1)N1CCCCC1,-2.536499907221038,-2.675726239029239,-0.1392263318082012,0.1392263318082012
O=CCCCCCCCC(=O)O,-0.9573999442863423,-2.1328160125569617,-1.1754160682706194,1.1754160682706194
O=C1NC(=O)c2ccc3c4ccc5c6c(ccc(c7ccc1c2c73)c64)C(=O)NC5=O,-7.591458659054467,-7.14322067774801,0.4482379813064572,0.4482379813064572
CCOCCOC(=O)CCCCC(=O)OCCOCC,-2.0649999397995407,-1.5937053909304915,0.4712945488690492,0.4712945488690492
ClCBr,-0.8891639936612616,-1.2853920540890265,-0.3962280604277648,0.3962280604277648
CCCCn1c(O)c(C#N)c(C)cc1=O,-2.272990623760393,-2.971976524070501,-0.6989859003101078,0.6989859003101078
Cc1ccccc1Cc1ccccc1,-4.692503985746262,-4.767070126629931,-0.07456614088366909,0.07456614088366909
CCC1NC(=O)c2cc(S(N)(=O)=O)c(Cl)cc2N1,-3.2859000855418725,-2.755261210734043,0.5306388748078295,0.5306388748078295
c1ccc(CN(CC2=NCCN2)c2ccccc2)cc1,-2.599999809412823,-3.344301135560998,-0.7443013261481752,0.7443013261481752
COc1ccc(C)cc1,-2.3395420594392577,-2.518121727349067,-0.17857966790980928,0.17857966790980928
Clc1ccc(-c2ccc(Cl)c(Cl)c2Cl)cc1,-6.87540015818385,-7.43484200598667,-0.5594418478028205,0.5594418478028205
Nc1ccc(Nc2ccc([N+](=O)[O-])cc2S(=O)(=O)O)cc1,-1.598289402719728,-2.4943503529136466,-0.8960609501939185,0.8960609501939185
CCOC(=O)C1(S(=O)(=O)c2ccc(C)cc2)CC1,-3.0103999987430083,-3.66793297519952,-0.6575329764565119,0.6575329764565119
CC(C)(O)C(=O)c1ccccc1,-1.0915320133167228,-1.103885836061357,-0.012353822744634257,0.012353822744634257
CCOc1ccc(NC(=O)c2cc3ccccc3cc2O)cc1,-5.311540609320495,-5.700763251833987,-0.3892226425134915,0.3892226425134915
CC(C)OC(=O)C(C)N(C(=O)c1ccccc1)c1ccc(F)c(Cl)c1,-4.305600195361859,-4.429679764358815,-0.12407956899695538,0.12407956899695538
O=COCc1ccccc1,-1.6731195890869057,-1.7103306784938996,-0.037211089406993914,0.037211089406993914
CSc1ncccn1,-0.4019998005337593,-0.174748151075661,0.22725164945809828,0.22725164945809828
N#CC(c1ccccc1)c1ccccc1,-2.943700011599624,-3.982683749210544,-1.0389837376109199,1.0389837376109199
CC1(C(=O)O)CCC(C(=O)O)C1(C)C,-1.419999763859695,-1.0913603078376404,0.3286394560220547,0.3286394560220547
CC(=O)c1ccccc1,-1.2803866461360929,-1.3880904261866558,-0.10770378005056291,0.10770378005056291
C/C=C(/CCCC)C(=O)NC(N)=O,-2.788299970871534,-2.099914261383437,0.688385709488097,0.688385709488097
CC(C)CC1(C)OCC(CO)O1,-0.705980058512814,-0.7491864848888028,-0.043206426375988816,0.043206426375988816
O=C(Oc1ccccc1)c1ccccc1C(=O)Oc1ccccc1,-6.5891000434738,-5.756142409645481,0.8329576338283191,0.8329576338283191
NS(=O)(=O)c1cc2c(cc1Cl)N=CNS2(=O)=O,-2.920000014331302,-2.5416451709430072,0.3783548433882946,0.3783548433882946
CN(C)[C@@H]1C(=O)/C(=C(\N)O)C(=O)[C@@]2(O)C(=O)C3=C(O)c4c(O)ccc(Cl)c4[C@@H](O)[C@H]3C[C@@H]12,-1.0469015632850311,-2.440144837938679,-1.3932432746536478,1.3932432746536478
CC(=O)OCC(C)C,-1.2656998925173002,-0.910794743218289,0.3549051492990112,0.3549051492990112
CCCCCCC(=O)OCC,-2.7369000254256672,-2.7973806147877474,-0.06048058936208012,0.06048058936208012
CC1=C(C(=O)O)N2C(=O)C(NC(=O)C(N)c3ccccc3)C2SC1,-1.5799998706322758,-1.6921196837196288,-0.11211981308735308,0.11211981308735308
CSCCC(C(=O)O)N(CCC#N)CCC#N,-1.327899926261127,-1.3263218645711345,0.001578061689992527,0.001578061689992527
CN(C)C(=O)c1cccc(C(=O)N(C)C)c1,0.4870003484472676,-0.7929886354189071,-1.2799889838661747,1.2799889838661747
Cc1cc(Cl)cc(C)c1O,-1.6762998671765688,-2.2185537756801663,-0.5422539085035976,0.5422539085035976
Clc1ccc(Oc2c(Cl)cccc2Cl)c(Cl)c1Cl,-7.229999853925619,-7.831004365604111,-0.6010045116784912,0.6010045116784912
Clc1cc(-c2c(Cl)c(Cl)c(Cl)c(Cl)c2Cl)c(Cl)c(Cl)c1Cl,-9.620000439519245,-10.349943619620433,-0.7299431801011877,0.7299431801011877
CCOC(=O)CNC(=O)COC(=O)c1ccccc1OC(C)=O,-1.8699998657438914,-1.8657986715963233,0.004201194147568144,0.004201194147568144
COc1cnc(NS(=O)(=O)c2ccc(N)cc2)nc1,-2.5842999727634064,-2.892790648307318,-0.3084906755439114,0.3084906755439114
O=S(=O)([O-])c1cccc(N=Nc2ccc(N=Nc3ccc(Nc4ccccc4)c4c(S(=O)(=O)[O-])cccc34)c3ccccc23)c1,-0.5325393050870009,-1.360340805573995,-0.8278015004869941,0.8278015004869941
CCCCCCOC(=O)n1cnc2c1c(=O)n(C)c(=O)n2C,-2.999999938317362,-3.4320596816958657,-0.43205974337850384,0.43205974337850384
Clc1ccc2cc(Cl)c(Cl)cc2c1,-7.1419005883573785,-7.527558271776222,-0.38565768341884343,0.38565768341884343
Cn1c(=O)[nH]c2[nH]c(=O)[nH]c2c1=O,-1.5613999160187328,-2.8767326663268324,-1.3153327503080996,1.3153327503080996
Nc1ccc(N=Nc2ccc(NC(=O)c3ccc(N=Nc4c(S(=O)(=O)[O-])cc5c(c4N)C(=O)/C(=N/Nc4ccccc4)C(S(=O)(=O)[O-])=C5)cc3)cc2)c(N)c1,-1.3406825986227302,-2.1458126266328557,-0.8051300280101255,0.8051300280101255
O=S(=O)(O)CS(=O)(=O)O,0.7540001599900252,0.7481213177351349,-0.005878842254890326,0.005878842254890326
O=C([O-])CCCCCCCCC(=O)[O-],-1.5442061795891875,-1.8423394795301267,-0.2981332999409392,0.2981332999409392
CC(C)(OO)c1ccccc1,-1.0393796486643863,-1.3018709491390152,-0.262491300474629,0.262491300474629
CCOC(=O)C(O)c1ccccc1,-1.259999795114027,-1.2992694178932371,-0.0392696227792102,0.0392696227792102
O=c1c2ccccc2c2cc3ccc4c(=O)c5c(Br)c(Br)ccc5c5cc6ccc1c2c6c3c45,-4.450427555756926,-7.552423543999502,-3.1019959882425763,3.1019959882425763
CCONC(=O)c1cn(C)c(=O)c(C)c1Nc1ccc(Br)cc1F,-3.819999916165824,-3.803689620989388,0.016310295176436007,0.016310295176436007
O=S(=O)([O-])c1cc(N=Nc2ccc3c(S(=O)(=O)[O-])cccc3c2S(=O)(=O)[O-])c2c(O)c(Nc3nc(Cl)nc(Nc4ccc(Nc5nc(Cl)nc(Nc6c(S(=O)(=O)[O-])cc7cc(S(=O)(=O)[O-])cc(N=Nc8ccc9c(S(=O)(=O)[O-])cccc9c8S(=O)(=O)[O-])c7c6O)n5)cc4)n3)c(S(=O)(=O)[O-])cc2c1,-0.634868179140013,-0.06645554821660449,0.5684126309234085,0.5684126309234085
Oc1c(Cl)cccc1Cl,-1.789999812357601,-1.808740002314189,-0.018740189956587994,0.018740189956587994
CC(C)=CCC/C(C)=C/CO,-2.351909305301127,-2.0349532062965014,0.3169560990046256,0.3169560990046256
CCC(C)C(C)O,-0.72159987405974,-0.6616874983627894,0.059912375696950626,0.059912375696950626
CCCCCC#CC(=O)OC,-3.0091327995398895,-2.947706678380805,0.061426121159084524,0.061426121159084524
C=C(C)C(=O)OCCOCC,-0.9674737004642848,-0.8796024553554056,0.08787124510887923,0.08787124510887923
CN1CCN(CCCN2c3ccccc3Sc3ccc(C(F)(F)F)cc32)CC1,-4.523799901874851,-4.411990097232851,0.1118098046419993,0.1118098046419993
CC(C(=O)O)c1ccc(N2Cc3ccccc3C2=O)cc1,-4.719999774866936,-4.013888873576285,0.7061109012906508,0.7061109012906508
CC(C)=C1OC(=O)N(c2cc(OC3CCCC3)c(Cl)cc2F)C1=O,-6.210000018665256,-5.809796231051403,0.40020378761385267,0.40020378761385267
N#CCCNCC(=O)O,0.3237001562250206,0.20033970744190865,-0.12336044878311192,0.12336044878311192
CC(=O)c1ccc(S(=O)(=O)NC(=O)NC2CCCCC2)cc1,-2.0599998458827367,-3.671224502980615,-1.6112246570978783,1.6112246570978783
COc1ccc(NC(=O)C2=Cc3ccccc3/C(=N/Nc3cc(C(=O)Nc4cccc(S(=O)(=O)[O-])c4)ccc3C)C2=O)cc1,-7.050931467225567,-4.3368265758721165,2.7141048913534505,2.7141048913534505
Nc1ncnc2c1ncn2C1OC(CO)C(O)C1O,-1.72999992759816,-1.2501405327580253,0.4798593948401346,0.4798593948401346
COc1cc(S(=O)(=O)Nc2ccccc2)c(OC)cc1N,-4.05769302549662,-4.171658603470654,-0.1139655779740334,0.1139655779740334
CCNc1nc(OC)nc(N(CC)CC)n1,-2.998699845575671,-3.0788704829723805,-0.08017063739670949,0.08017063739670949
CCCC(C)(C)C,-4.357500108791333,-4.781710227152317,-0.42421011836098366,0.42421011836098366
CCc1cc(Cc2cc(CC)cc(C(C)(C)C)c2O)c(O)c(C(C)(C)C)c1,-5.566509443066829,-6.488340121334559,-0.9218306782677299,0.9218306782677299
CC(C)(C)C(=O)OCn1cnc2c(cnn2COC(=O)C(C)(C)C)c1=O,-4.2600002442971485,-4.051520945066239,0.2084792992309099,0.2084792992309099
ClCC(Cl)Cl,-1.5811039479049296,-1.7642613818861876,-0.18315743398125806,0.18315743398125806
NS(=O)(=O)c1cc(S(=O)(=O)c2ccc(O)cc2)co1,-2.400000021014378,-2.4371223591166693,-0.03712233810229115,0.03712233810229115
O=C(O)CNC(=O)c1ccccc1,-1.6899998663982867,-1.3278679040174397,0.362131962380847,0.362131962380847
C=C(C)C(=O)OCCOc1ccccc1,-2.952647148984774,-3.495692296763967,-0.5430451477791931,0.5430451477791931
CC(C)(C(=O)O)C(=O)O,-0.16699987231860502,0.4251074245836324,0.5921072969022374,0.5921072969022374
CC(C)C1NC(=O)CNC1=O,-0.8925998975927745,-1.3910702891994478,-0.4984703916066733,0.4984703916066733
Cn1c(=O)c2nccnc2n(C)c1=O,-1.4597998240634344,-1.1321871502430638,0.3276126738203706,0.3276126738203706
CC(=O)Oc1ccc2ccccc2c1,-3.44000002490159,-4.026002184425982,-0.586002159524392,0.586002159524392
CCC(Cc1ccc(C)cc1)(C(=O)c1ccc(N2CCOCC2)cc1)N(C)C,-5.1332331649887575,-4.601775997630493,0.5314571673582646,0.5314571673582646
CCOC(=O)NC,0.8255003090675359,0.3246845641645839,-0.500815744902952,0.500815744902952
CC12CCC(c3cnc(NS(=O)(=O)c4ccc(N)cc4)nc31)C2(C)C,-4.079999899884263,-4.521310862562716,-0.44131096267845304,0.44131096267845304
O=C(Cc1ccccc1)NNC(=O)c1ccncc1,-2.4699999555805157,-2.065302494791622,0.4046974607888938,0.4046974607888938
CC(C)C(=O)c1ccccc1,-2.3566152293607816,-2.342081478574435,0.014533750786346555,0.014533750786346555
CC(=N/O)/C(C)=N/O,-2.1599999988824194,-0.7573448416027349,1.4026551572796846,1.4026551572796846
O=Cc1ccc(O)c(C(=O)O)c1,-2.635399985728528,-2.2116548455288454,0.4237451401996828,0.4237451401996828
CC(O)COCc1c(Cl)ccc(Cl)c1Cl,-3.5673000378197295,-2.9369052702004947,0.6303947676192347,0.6303947676192347
CC(C)CCCCCCCCCCCCCCC(=O)OCC(COC(=O)CCCCCCCCCCCCCCC(C)C)OC(=O)CCCCCCCCCCCCCCC(C)C,-8.458760701345193,-7.731436719934576,0.7273239814106169,0.7273239814106169
CCC(=O)OCC(C)C,-1.8840998669578772,-1.7312980707097125,0.1528017962481647,0.1528017962481647
Cc1ccc(O)cc1C,-1.3799998406867342,-1.1790910415496498,0.20090879913708437,0.20090879913708437
CC(C)c1ccc(C(=O)O)cc1,-3.0364000247202347,-3.0069043981718626,0.029495626548372122,0.029495626548372122
CC(CN1CC(=O)NC(=O)C1)N1CC(=O)NC(=O)C1,-1.2699998449207233,-0.826657540171805,0.4433423047489182,0.4433423047489182
CCCO[N+](=O)[O-],-1.5043999081743882,-1.3903579323043151,0.11404197587007303,0.11404197587007303
CCC(CC)(CC(=O)O)C(=O)O,-0.7961998315369581,-1.1191611364348186,-0.32296130489786057,0.32296130489786057
CCC(=O)OCc1ccccc1,-2.344979664161787,-2.367927155956819,-0.022947491795032082,0.022947491795032082
Nc1ccc(S(=O)(=O)NC(=O)c2ccccc2)cc1,-2.9500998838822925,-3.395447629088886,-0.4453477452065937,0.4453477452065937
Cc1ccccn1,1.0309152728152378,0.32700452050897244,-0.7039107523062653,0.7039107523062653
c1ccc2n[nH]nc2c1,-0.7793998858886204,-1.246788687216192,-0.46738880132757155,0.46738880132757155
Cc1cccc(NC(=O)c2ccccc2C(=O)O)c1,-2.4069999868656096,-3.3989502345258384,-0.9919502476602289,0.9919502476602289
CCCCCCCCOC(=O)c1ccc(O)c(I)c1,-4.670000077941103,-4.861594682999434,-0.1915946050583308,0.1915946050583308
CCCCCCCCSC(=N)N,0.16000023806433106,-2.39378677405736,-2.553787012121691,2.553787012121691
CC(C)C1(O)CCN2CC3c4ccccc4CCc4cccc(c43)C2C1,-3.8099999353725837,-4.197254314114598,-0.3872543787420146,0.3872543787420146
Cc1ccccc1NC(=O)C(=O)C(=O)Nc1ccccc1C,-2.1999999220553805,-3.6754985753379543,-1.4754986532825738,1.4754986532825738
NC(CSCC(N)C(=O)O)C(=O)O,-2.5599998517331337,-1.3464260364765115,1.2135738152566222,1.2135738152566222
C=COC(=O)c1ccccc1,-2.6229590507487766,-2.4784354703346394,0.14452358041413715,0.14452358041413715
CCC(CC)C(=O)Oc1ccccc1C(=O)O,-1.8399999233641708,-2.6998682502313045,-0.8598683268671337,0.8598683268671337
Cn1c(=O)cc2c3c(c(Br)ccc31)C(=O)c1ccccc1-2,-6.680445425968939,-5.572671516546059,1.10777390942288,1.10777390942288
NCCNCCO,0.9823284193652002,0.7160035594243022,-0.26632485994089805,0.26632485994089805
Cc1cc(O)c([N+](=O)[O-])cc1Cl,-4.390099995107338,-3.185648102440432,1.2044518926669059,1.2044518926669059
O=C1C(Br)=CC(=CNOc2ccc([N+](=O)[O-])cc2[N+](=O)[O-])C=C1Br,-6.663700277004843,-6.230446773367324,0.4332535036375189,0.4332535036375189
Nc1cccc(O)c1,-0.6229625297800903,-0.521828692735034,0.1011338370450563,0.1011338370450563
O=C(O)c1cc(O)c(O)c(OC(=O)c2cc(O)c(O)c(O)c2)c1,-2.8091999800740273,-2.406703539564404,0.4024964405096232,0.4024964405096232
CC(C)C(C)(C)C,-4.360000190256463,-4.071649685762031,0.28835050449443234,0.28835050449443234
O=C1OC(=O)c2c(Cl)c(Cl)c(Cl)c(Cl)c21,-4.553119716643495,-5.891929697409912,-1.3388099807664169,1.3388099807664169
COC1CCCCCCCCCCC1,-4.6835904837943385,-4.184674817368116,0.49891566642622287,0.49891566642622287
O=CC=O,1.2363004227498506,1.219320628034597,-0.016979794715253682,0.016979794715253682
Cc1ccc(Cn2cc(F)c(=O)[nH]c2=O)cc1,-2.920000014331302,-2.8250080643295297,0.09499195000177219,0.09499195000177219
Cc1cc(C)cc(N)c1,-1.4022003653383377,-1.3180340386133278,0.0841663267250099,0.0841663267250099
CC1=CC(C)C(CO)C(C)C1,-2.3711973585799404,-2.5148300960477883,-0.14363273746784788,0.14363273746784788
CCCCC(CC)(CO)CO,-1.2603342343228832,-1.9690182333153479,-0.7086839989924647,0.7086839989924647
C=C(C)C(=O)OCCN1CCNC1=O,0.7028484904529204,-0.6283343991855674,-1.3311828896384879,1.3311828896384879
CC(=O)/C=C/C1=C(C)CCCC1(C)C,-3.07986372463434,-3.669589919269976,-0.5897261946356358,0.5897261946356358
O=C(O)CCn1ccccc1=O,-0.5999999585448736,-0.5362972258052499,0.06370273273962379,0.06370273273962379
CCCCCCCCCCCCCCCc1cccc(O)c1,-6.597038799370031,-6.346832170156901,0.25020662921312997,0.25020662921312997
CCCC[N+](CCCC)(CCCC)CCCC,1.3320251231230702,0.17850081330091294,-1.1535243098221573,1.1535243098221573
Clc1ccc(-c2c(Cl)ccc(Cl)c2Cl)cc1Cl,-7.649899805891659,-7.562627597582795,0.08727220830886395,0.08727220830886395
O=[N+]([O-])c1cc([N+](=O)[O-])c2ccc(S(=O)(=O)O)cc2c1O,-2.5399998901466536,-2.3463648677483646,0.193635022398289,0.193635022398289
NC(N)=S,0.1885165981756285,0.20407278331591705,0.015556185140288559,0.015556185140288559
CN(C)C(=O)Nc1ccccc1,-1.6100999515369758,-1.4666899895058152,0.14340996203116063,0.14340996203116063
CCOC(C)CCO,-0.3735999351365664,0.3223541177748497,0.6959540529114161,0.6959540529114161
Oc1cc(O)cc(O)c1,-1.0499998533887016,0.25626904052641164,1.3062688939151132,1.3062688939151132
C[C@]12CCC(=O)C=C1CC[C@@H]1[C@@H]2CC[C@]2(C)C(=O)CC[C@@H]12,-3.6948999832186136,-4.3573068711139085,-0.6624068878952949,0.6624068878952949
C[N+](C)(C)CCCl,0.7990002460932466,0.4601723335290071,-0.3388279125642395,0.3388279125642395
CC1C(C)(C)C2=C(C(=O)CCC2)C1(C)C,-3.265342184668558,-3.373869088211492,-0.1085269035429337,0.1085269035429337
CCn1cc(C(=O)O)c(=O)c2ccc(C)nc21,-3.6099998364135857,-2.6681477678812193,0.9418520685323664,0.9418520685323664
O=C1C=C(O)C(N=Nc2ccc(N=Nc3ccc(Nc4ccc([N+](=O)[O-])cc4S(=O)(=O)[O-])cc3)c3c(S(=O)(=O)[O-])cccc23)=C/C1=N/Nc1ccc(Nc2ccc([N+](=O)[O-])cc2S(=O)(=O)[O-])cc1,-0.3225769066818609,-1.3431467930906247,-1.0205698864087638,1.0205698864087638
O=C(O)CCCCCCCCCCCCC(=O)O,-3.111200043580361,-3.338821708683998,-0.22762166510363713,0.22762166510363713
CC1CN1,1.2434002510722366,0.619296659542119,-0.6241035915301176,0.6241035915301176
Brc1ccc(-c2ccc(Br)c(Br)c2Br)c(Br)c1Br,-7.75630033583491,-8.048349271448325,-0.2920489356134155,0.2920489356134155
CC1=Nc2ccc(Cl)cc2S(=O)(=O)N1,-3.3599998679951155,-2.904866079396231,0.4551337885988844,0.4551337885988844
CCOC(=O)COC(=O)c1ccccc1OC(C)=O,-2.5799998478263424,-2.2020846805409615,0.3779151672853809,0.3779151672853809
CCCCCCCCCCC(=O)O,-3.552499964105819,-3.721921787921948,-0.16942182381612936,0.16942182381612936
CCCCCCCOCC(COCCCCCCC)(COCCCCCCC)COCCCCCCC,-7.94522494829889,-7.207181796867733,0.7380431514311567,0.7380431514311567
COC/C(=N/OCC(=O)OC)c1cc(Oc2ccc(C(F)(F)F)cc2Cl)ccc1[N+](=O)[O-],-5.678299923941087,-5.891809061888434,-0.21350913794734705,0.21350913794734705
CCNc1nc(Cl)nc(NC(C)(C)C)n1,-4.429999848768776,-3.5846759697737034,0.8453238789950723,0.8453238789950723
C/C=C(\C)C(=O)OC1C(OC(C)=O)C2(CO)C(O)CC3(C)C(=CCC4C5(C)CCC(OC6OC(C(=O)O)C(OC7OC(CO)C(O)C(O)C7O)C(O)C6OC6OC(CO)C(O)C(O)C6O)C(C)(CO)C5CCC43C)C2CC1(C)C,-1.1031034995216145,-2.759467813811243,-1.6563643142896287,1.6563643142896287
O=C(O)CN(CC(=O)O)Cc1cc2c(c(O)c1O)C(=O)c1ccccc1C2=O,-1.807699900515454,-2.668552669828879,-0.8608527693134251,0.8608527693134251
Cc1ccccc1Nc1nc(Cl)nc(Nc2cc(S(=O)(=O)[O-])cc3c2C(=O)/C(=N\Nc2ccccc2S(=O)(=O)[O-])C(S(=O)(=O)[O-])=C3)n1,-0.4572401032713329,-0.8128852148479657,-0.3556451115766328,0.3556451115766328
CCC(C)C(=O)N(C)c1ccccc1,-1.5805794456376356,-1.9635382888374258,-0.3829588431997901,0.3829588431997901
CN1[C@@H]2CC[C@H]1CC(OC(=O)[C@H](CO)c1ccccc1)C2,-1.9099998579303086,-2.0954989874946657,-0.1854991295643571,0.1854991295643571
BrCCBr,-1.6799998165915901,-1.7307670811775335,-0.050767264585943384,0.050767264585943384
O=S(=O)([O-])c1cccc(N=Nc2ccc(Nc3ccccc3)cc2)c1,-1.2046859240321197,-1.3989778510134663,-0.19429192698134656,0.19429192698134656
CN(C)c1ccc(C(=O)O)cc1,-3.3979000567624946,-2.1068053930142048,1.2910946637482899,1.2910946637482899
Cc1ccc(OP(=O)(Oc2ccc(C)cc2)Oc2ccc(C)cc2)cc1,-6.089200245161837,-6.28622620922491,-0.19702596406307293,0.19702596406307293
CC(C)OC(=O)C1(S(=O)(=O)c2ccc(Cl)cc2)CCCCCC1,-5.520000170702926,-4.369462349185358,1.1505378215175677,1.1505378215175677
CCC(CC)COC(=O)NS(N)(=O)=O,-1.7486998827097697,-1.693061303316334,0.05563857939343575,0.05563857939343575
CNC(=O)ON=C1C(Cl)C2CC(C#N)C1C2,-2.0799998074692168,-1.8353494516165916,0.24465035585262518,0.24465035585262518
CCCCCCCCCCCCCCCCCCOCCCN(C)C,-6.852054286212772,-5.536495214901671,1.3155590713111005,1.3155590713111005
CCOC(=O)c1nc(C(Cl)(Cl)Cl)n(-c2ccc(Cl)cc2Cl)n1,-5.651599997997577,-6.3213416360202395,-0.6697416380226624,0.6697416380226624
NC(=O)OCc1ccccc1,-0.3499998175927628,-1.422421031957819,-1.0724212143650562,1.0724212143650562
CCC(C)c1ccccc1OC(=O)NC,-2.529999874846685,-2.5831487938068802,-0.053148918960195246,0.053148918960195246
C=CC(=O)OC1C[C@@H]2CC[C@@]1(C)C2(C)C,-4.583092674761833,-4.628678547081474,-0.045585872319641396,0.045585872319641396
O=C1CCCCO1,0.9994923419816573,0.21582770728744904,-0.7836646346942082,0.7836646346942082
Clc1ccc(C2(Cn3cncn3)OCCO2)c(Cl)c1,-3.0030998588639357,-3.542885906559777,-0.5397860476958414,0.5397860476958414
C=CCOC(=O)C(=C)C,-1.7584816429544332,-1.311488112290587,0.4469935306638462,0.4469935306638462
CC(=O)O[C@@H](C(=O)O)c1ccccc1,-1.2312998592091768,-1.5899489885082796,-0.35864912929910275,0.35864912929910275
CCCCOC(=O)CC(O)(CC(=O)OCCCC)C(=O)OCCCC,-3.5452708735799274,-3.6689467828714344,-0.12367590929150696,0.12367590929150696
Cc1cc(C)c([PH](=O)O)c(C)c1,-2.789599822066128,-2.5685242903256005,0.22107553174052752,0.22107553174052752
CN1CCC23c4c5ccc(OCc6ccccc6)c4OC2C(O)C=CC3C1C5,-2.219999952655317,-2.747327492820116,-0.5273275401647992,0.5273275401647992
N=C(N)S(=O)O,-0.5567925659804982,-0.5897851388624118,-0.032992572881913595,0.032992572881913595
CC1c2nc3ccccc3c(=O)n2CN1C,0.030000142684927233,-1.6302598863149809,-1.660260028999908,1.660260028999908
CCCc1cc(=O)[nH]c(=S)[nH]1,-2.1503998130410786,-2.4572382978163323,-0.30683848477525366,0.30683848477525366
COC(=O)c1ccccc1C,-1.75664761035531,-2.243495445799487,-0.486847835444177,0.486847835444177
O=c1oc2ccccc2c(O)c1C(CC(O)c1ccc(-c2ccc(Br)cc2)cc1)c1ccccc1,-4.449999810355257,-6.208648459138587,-1.7586486487833302,1.7586486487833302
CCCCCCCCCCCC(=O)OC(C)C,-5.384538350398043,-5.941296402915268,-0.5567580525172247,0.5567580525172247
Cc1nc2c([nH]1)c(=O)n(C)c(=O)n2C,-0.727599627889933,-1.1108901497603305,-0.38329052187039747,0.38329052187039747
CCN(C(N)=O)c1ccccc1C,-0.20959967041439453,-1.4850609574716105,-1.275461287057216,1.275461287057216
C=CCOC(=O)CCCCC,-2.6105517598289336,-2.871206715753656,-0.2606549559247222,0.2606549559247222
OCC1CO1,1.1303004469065185,1.069603112158489,-0.06069733474802952,0.06069733474802952
CCN(CC)c1ccc2cc3c(oc2c1)c(C#N)c(=O)n1c2ccccc2nc31,-7.202332911433514,-7.184356838464225,0.01797607296928838,0.01797607296928838
O=C1/C(=N/Nc2cc(Cl)ccc2O)C(S(=O)(=O)[O-])=Cc2cc(S(=O)(=O)[O-])cc(O)c21,-1.2898085012065539,-1.7947330312391918,-0.5049245300326379,0.5049245300326379
CNc1ccccc1,-1.2802998272081645,-0.9826587312370068,0.29764109597115773,0.29764109597115773
CC(C)C(=O)OCC1OC(n2cc(I)c(=O)[nH]c2=O)CC1O,-2.7599999161854036,-2.485682676892789,0.27431723929261453,0.27431723929261453
CCc1c(C(=O)O)c(=O)cnn1-c1ccc(Cl)cc1,0.40000032920974604,-2.9516134783774906,-3.3516138075872366,3.3516138075872366
CC(C)CCCCCCCCCCCCCCCOC(=O)CCCCCCCCCCCCCCC(C)C,-7.0864976899169445,-7.386090348403172,-0.29959265848622785,0.29959265848622785
COC(=O)c1cc(CCc2cc(OC)ccc2OC)ccc1O,-6.390000087024317,-4.317487901223164,2.072512185801153,2.072512185801153
CCOC(=O)n1c(=O)[nH]cc(F)c1=O,-0.44999976355207716,-1.3331702078590442,-0.883170444306967,0.883170444306967
CN(C)C(=O)Nc1ccc(-n2nc(C(C)(C)C)oc2=O)c(Cl)c1,-4.325799881890649,-4.211100345809684,0.11469953608096528,0.11469953608096528
CC/C=C\CCOC(C)=O,-2.111500654494873,-1.9992321864228155,0.11226846807205737,0.11226846807205737
CCCCCCCCCCCCC(CO)CCCCCCCCCC,-5.549815640114163,-6.876145227457233,-1.3263295873430696,1.3263295873430696
CC(C)CN,1.135900474798269,0.09264752165199086,-1.0432529531462782,1.0432529531462782
O=[N+]([O-])c1ccccc1CO,-1.48609988604159,-1.4141864843882164,0.07191340165337357,0.07191340165337357
CCCCC(C#N)c1ccccc1,-3.6623544104926555,-3.57166417273744,0.09069023775521545,0.09069023775521545
CCNc1nc(=O)nc(NC(C)C)[nH]1,-4.524099834355596,-2.6912139283142262,1.8328859060413696,1.8328859060413696
Cc1c(Cl)cc(N=Nc2c(O)c(C(=O)[O-])cc3ccccc23)cc1S(=O)(=O)[O-],-5.306582958679268,-2.656965931650162,2.649617027029106,2.649617027029106
O=C(O)c1c(Cl)ccc2ccccc12,-2.31520001273433,-3.531367353675808,-1.2161673409414782,1.2161673409414782
Nc1c2ccccc2nc2cccc(Cl)c12,-1.5799998706322758,-2.0699768451950544,-0.48997697456277867,0.48997697456277867
CC(C)C(=O)Oc1ccc([N+](=O)[O-])cc1,-3.9588000553751206,-3.522456888315959,0.43634316705916154,0.43634316705916154
Clc1ccc(Sc2cc(Cl)c(Cl)cc2Cl)cc1,-7.03350004845279,-7.523808908726544,-0.4903088602737533,0.4903088602737533
CNCCC(=O)O,-0.0542997940913299,0.5225166053963397,0.5768163994876696,0.5768163994876696
NCC1(CC(=O)O)CCCCC1,0.019021206015165326,-0.9627744362031561,-0.9817956422183214,0.9817956422183214
CC(O)C(C)C=O,-0.49059955168652714,0.38497968848974695,0.8755792401762741,0.8755792401762741
Oc1ccc(N=Nc2ccccc2)cc1,-3.9500000115452276,-4.221332280829289,-0.2713322692840614,0.2713322692840614
CC(=O)Oc1ccc(Br)cc1,-2.416603968447043,-2.817589083278841,-0.4009851148317982,0.4009851148317982
Cn1ccc2cc3c(Nc4cccc(Br)c4)ncnc3cc21,-3.309999895015458,-4.15450613708793,-0.8445062420724718,0.8445062420724718
O=C(O)CCc1nc(-c2ccccc2)c(-c2ccccc2)o1,-2.2399999142417975,-3.526974095079572,-1.2869741808377744,1.2869741808377744
O=C1CCN(Cc2ccccc2)CC1,-1.0169827117163726,-1.2959316510964733,-0.2789489393801008,0.2789489393801008
O=[N+]([O-])c1ccccc1-c1ccc(Cl)cc1,-4.9372096903907785,-4.398574709504596,0.5386349808861821,0.5386349808861821
OCC(F)(F)F,0.9998310600247993,0.05985287936252437,-0.9399781806622749,0.9399781806622749
O=C(c1cc(N2CC2)c([N+](=O)[O-])cc1[N+](=O)[O-])N1CCCCC1,-3.1700000258831826,-4.057642093565928,-0.8876420676827452,0.8876420676827452
C=CC(=O)OCCO,0.9351083084022007,0.2734862415310726,-0.6616220668711281,0.6616220668711281
CC1CC=CC=CC=CC=CC(OC2OC(C)C(O)C(N)C2O)CC2OC(O)(CC(O)CC3OC3C=CC(=O)O1)CC(O)C2C(=O)O,-3.209999983562872,-1.775343286632634,1.434656696930238,1.434656696930238
Oc1ccc(C2CCCCC2)cc1,-3.4679998883065153,-3.5259292313523574,-0.057929343045842074,0.057929343045842074
CC1=C/C(=N\Nc2ccccc2[N+](=O)[O-])C(=O)C=C1,-5.7475957832268385,-5.775378944379224,-0.027783161152385105,0.027783161152385105
C/C=C1\CC2C=CC1C2,-3.1767963847851926,-3.394194103176782,-0.2173977183915894,0.2173977183915894
Cc1ccc(-c2ccccc2)cc1,-4.61850030453081,-4.912197833586479,-0.2936975290556685,0.2936975290556685
NC(=O)c1ncn([C@@H]2O[C@H](CO)[C@@H](O)[C@H]2O)n1,-0.2354998684271945,-1.0828290024062794,-0.8473291339790849,0.8473291339790849
CCOC(=O)C=Cc1ccccc1,-2.999999938317362,-2.9224428534478366,0.07755708486952528,0.07755708486952528
CSC(=O)c1cccc2nnsc12,-4.436299811133538,-3.8324224072993998,0.6038774038341383,0.6038774038341383
CC(=O)OCCBr,-0.6736999805529456,-0.7956093524055152,-0.12190937185256967,0.12190937185256967
C=CC,-1.0799998647818783,-1.3211695959833585,-0.24116973120148022,0.24116973120148022
COc1ccc2c(c1)Sc1ccc(Cl)cc1N2,-4.978700166191241,-5.807000633966727,-0.8283004677754855,0.8283004677754855
Cc1ccccc1-n1c(C)nc2ccccc2c1=O,-2.920000014331302,-2.8026682705232684,0.11733174380803346,0.11733174380803346
ClC(Cl)C(Cl)Cl,-1.753599907115051,-1.8061493751944941,-0.05254946807944316,0.05254946807944316
CN1C(=O)CN=C(c2ccccc2)c2cc([N+](=O)[O-])ccc21,-3.7999999545793433,-3.762737312120551,0.03726264245879207,0.03726264245879207
CCOP(=S)(OCC)SCC[S+]([O-])CC,-1.86089995844671,-2.159466593879273,-0.2985666354325629,0.2985666354325629
CC(=O)NC(CSc1c(Cl)cccc1Cl)C(=O)O,-2.3099998488079354,-2.3271356484409815,-0.017135799633046123,0.017135799633046123
Cc1cc2cccc(O)c2nc1C,-3.319999875808698,-2.597100519610171,0.7228993561985271,0.7228993561985271
CCCCCCCCCCCC(=O)[O-],-5.297808587855091,-4.449213056954315,0.8485955309007753,0.8485955309007753
CC(C)(C)CC(C)(C)c1ccc(O)c(-n2nc3ccccc3n2)c1,-5.509793908689035,-6.920015425255173,-1.4102215165661374,1.4102215165661374
CCCCCCCCCC,-6.437200322111924,-6.278132863186739,0.15906745892518437,0.15906745892518437
C=C(C)[C@H]1Cc2c(ccc3c2O[C@@H]2COc4cc(OC)c(OC)cc4[C@@H]2C3=O)O1,-6.294900096456828,-5.036377334068044,1.2585227623887834,1.2585227623887834
Nc1nc2cncnc2[nH]1,-2.4299999633940987,-2.5115722123266027,-0.08157224893250392,0.08157224893250392
CNC(=O)OCc1ccc(Cl)c(Cl)c1,-3.1388999917579055,-2.9412292220333196,0.19767076972458586,0.19767076972458586
CC(=O)C(N=Nc1ccccc1C(F)(F)F)C(=O)Nc1ccc2[nH]c(=O)[nH]c2c1,-7.455526719085794,-7.563093576439211,-0.10756685735341698,0.10756685735341698
NC(N)=NS(=O)(=O)c1ccc(N)cc1,-1.9884999038455944,-2.511091844164563,-0.5225919403189687,0.5225919403189687
CC1=CC(=O)[C@@H](C(C)C)CC1,-1.788243557923641,-2.352341157003442,-0.5640975990798007,0.5640975990798007
CCN(CC)CC(=O)Nc1c(C)cccc1C,-1.779999831564361,-1.91085548676056,-0.13085565519619902,0.13085565519619902
C=C(C)OC(C)=O,-0.527751151494257,-0.061916119120087654,0.46583503237416934,0.46583503237416934
CCC(C)c1cc([N+](=O)[O-])cc([N+](=O)[O-])c1OC(C)=O,-2.249999895035038,-3.869631633343076,-1.6196317383080379,1.6196317383080379
COC(=O)C1C(C)=CCCC1(C)C,-2.908515866811931,-3.0143281152709847,-0.10581224845905357,0.10581224845905357
CCC(CC)(S(=O)(=O)CC)S(=O)(=O)CC,-2.062499927347867,-1.9515625908194365,0.1109373365284303,0.1109373365284303
CCN(CC)c1ccc(N=Nc2ccccc2)cc1,-5.982115377786682,-5.925459471035064,0.05665590675161791,0.05665590675161791
CCNP(=S)(OC)O/C(C)=C\C(=O)OC(C)C,-3.4077999335374836,-2.2751196888848693,1.1326802446526143,1.1326802446526143
CC12CCC(=O)C=C1CCC1C2CCC2(C)C1CCC2(C)O,-3.9700000421451644,-4.779741549300103,-0.8097415071549383,0.8097415071549383
O=[N+]([O-])c1ccc(Cl)cc1O,-2.637376945195489,-2.6177975171045027,0.01957942809098645,0.01957942809098645
CCCCOCCOCCOCOCCOCCOCCCC,-1.3016356132532951,-0.42576223772659905,0.8758733755266961,0.8758733755266961
CC(=O)NC(=O)NC(C)=O,-0.3136998438348235,-0.5129960745538038,-0.19929623071898028,0.19929623071898028
CCN(CC)C(=O)CCC(=O)OCn1ncc2c(=O)[nH]cnc21,-0.9899998306023479,-2.105114839390569,-1.1151150087882211,1.1151150087882211
O=C(O)c1ccc(Cl)cc1Cl,-2.600299983440664,-2.46700646241012,0.13329352103054415,0.13329352103054415
O=C1CC(=O)CC(c2ccccc2)C1,-2.509999913260205,-1.795130686773948,0.7148692264862568,0.7148692264862568
CC(C)C(=O)O,0.2777002031680422,-0.055205250636974235,-0.33290545380501646,0.33290545380501646
O=C(O)C1=CC(=O)C(=O)C(=C(O)O)O1,-1.3769998257447253,-0.8556563043421006,0.5213435214026247,0.5213435214026247
c1ccc2[nH]cnc2c1,-1.7691970862483362,-1.4585746971885658,0.31062238905977035,0.31062238905977035
CCCCCCCCCCCC(=O)O,-4.619583677766597,-4.143159082642676,0.47642459512392143,0.47642459512392143
CCCc1ccccc1,-3.362199982472773,-3.3913105829488774,-0.029110600476104587,0.029110600476104587
CC1OC(=O)c2cc([N+](=O)[O-])ccc21,-2.615699922116064,-3.1879078445442666,-0.5722079224282024,0.5722079224282024
NS(=O)(=O)c1cc2c(s1)C(=O)CCS2(=O)=O,-3.6700000662403083,-2.5624386492491382,1.10756141699117,1.10756141699117
NNc1cccc(S(=O)(=O)O)c1,-0.8274999184184617,-0.7426097785645864,0.08489013985387528,0.08489013985387528
NCC[C@H](O)C(=O)N[C@@H]1C[C@H](N)[C@@H](O[C@H]2O[C@H](CN)[C@@H](O)[C@H](O)[C@H]2O)[C@H](O)[C@H]1O[C@H]1O[C@H](CO)[C@@H](O)[C@H](N)[C@H]1O,-0.5004000145778273,-0.014226716654772709,0.48617329792305464,0.48617329792305464
COP(C)(=O)OC,-0.09368742988068135,0.6573294231589029,0.7510168530395842,0.7510168530395842
CCOP(=S)(OCC)Oc1cc(C)nc(C(C)C)n1,-3.881299945427048,-3.8864134284524265,-0.005113483025378507,0.005113483025378507
COCC(C)O,1.0451693120635128,1.0356421424588556,-0.00952716960465727,0.00952716960465727
COC(=O)c1sc(N)c(C#N)c1C,-4.991737912287045,-3.595070638523082,1.3966672737639625,1.3966672737639625
Nc1cc(Cl)ccc1Cl,-2.075000196646606,-2.6199753057290724,-0.5449751090824666,0.5449751090824666
C=CCN(CC=C)c1c(C)cc(OC(=O)NC)cc1C,-3.5931999597787048,-2.9862518712233848,0.60694808855532,0.60694808855532
CC(=O)OCC(COC(C)=O)OC(C)=O,-0.5754366892060236,-0.5778927400860838,-0.002456050880060179,0.002456050880060179
C=CC(=O)OCCOCCOC[C@@H](CC)CCCC,-3.9942741451024406,-2.9025560264828103,1.0917181186196303,1.0917181186196303
O=C(O)CSCC(=O)O,0.42550024917645324,0.07864772797644104,-0.3468525212000122,0.3468525212000122
c1ccc2sc(SSc3nc4ccccc4s3)nc2c1,-4.521800029940424,-5.598308359209913,-1.0765083292694886,1.0765083292694886
CCCCSc1cc(O)cc(O)c1,-2.5190998550641144,-2.2805395916558777,0.23856026340823666,0.23856026340823666
CC(=O)OCC1CCC(C)=CC1C,-3.250398597472432,-3.576922307967062,-0.3265237104946297,0.3265237104946297
C1CNCCN1,0.7380000802993107,0.5273403699324946,-0.2106597103668162,0.2106597103668162
COc1cc2ncnc(N3CCN(C(=S)NCc4ccco4)CC3)c2cc1OC,-5.630000166468937,-4.1792487033860475,1.4507514630828897,1.4507514630828897
C=CC1CN2CCC1CC2C(=O)c1ccnc2ccc(OC)cc12,-5.0313001521206395,-3.225980601458931,1.8053195506617086,1.8053195506617086
CC1C/C=C/C=C/C=C/C=C/C(OC2OC(C)C(O)C([NH3+])C2O)CC2OC(O)(CC(O)CC3OC3/C=C/C(=O)O1)CC(O)C2C(=O)[O-],-2.209999971862077,-1.7711387108257108,0.438861261036366,0.438861261036366
CCC1(CC)C(=O)N=C([O-])NC1=O,-0.06999980327438715,-1.065374257085299,-0.9953744538109119,0.9953744538109119
C=C(C)C(=O)OCC(CC)(COC(=O)C(=C)C)COC(=O)C(=C)C,-4.2262344446517135,-4.66401785352879,-0.4377834088770767,0.4377834088770767
O=S(=O)([O-])CCC[NH+]1CCOCC1,0.4557825256055814,-0.297658908178025,-0.7534414337836064,0.7534414337836064
CS(=O)(=O)Nc1nnc(S(N)(=O)=O)s1,-1.6799998165915901,-1.5410166536963905,0.13898316289519963,0.13898316289519963
CC(C)(C)NC(=O)c1cc(N2CC2)c([N+](=O)[O-])cc1[N+](=O)[O-],-3.1700000258831826,-4.0598257483342755,-0.8898257224510928,0.8898257224510928
CCCCOC(=O)c1ccc(NC(C)=O)cc1,-3.4599999864880706,-3.2997662346594474,0.1602337518286232,0.1602337518286232
Cc1ccc(S(N)(=O)=O)cc1N,-1.9168998922969291,-1.8013220219586157,0.11557787033831346,0.11557787033831346
CC(O)C(C)Cc1ccccc1,-1.6969728479881347,-2.0457175801308662,-0.3487447321427315,0.3487447321427315
CCOC(=O)CCCCCCCCC(=O)OCC,-3.5090999549851247,-3.5867963392026954,-0.07769638421757064,0.07769638421757064
COc1cccc(Cl)c1Cl,-3.308999959048245,-3.320344736049444,-0.01134477700119918,0.01134477700119918
CC(=O)CCC(C)C,-1.3251998437998627,-1.2980510543370782,0.02714878946278443,0.02714878946278443
Nc1ncnc2nccnc12,-2.3099998488079354,-1.6738068250839733,0.6361930237239621,0.6361930237239621
C=CCc1cc(C(C)(C)c2ccc(O)c(CC=C)c2)ccc1O,-3.9963836794188055,-4.561327072911346,-0.5649433934925403,0.5649433934925403
CC(C)CCO[N+](=O)[O-],-2.4808999753630867,-2.214443748308269,0.26645622705481786,0.26645622705481786
CCC(C)(O)CC,-0.3799996909590271,-0.4260700377413529,-0.0460703467823258,0.0460703467823258
[O-][n+]1nc(-n2ccnc2)nc2ccc(Cl)cc21,-3.6300000740538914,-2.276255581360842,1.3537444926930493,1.3537444926930493
CCCCCCCCCOC(=O)c1cccnc1,-3.095799863357864,-3.915844561925958,-0.8200446985680943,0.8200446985680943
NC(=O)C(F)(F)F,-1.4850225859899506,-0.5044778816791253,0.9805447043108253,0.9805447043108253
CC1CC(=O)CC(C)(C)C1,-1.6471412678416615,-2.2196470178401935,-0.572505749998532,0.572505749998532
CC12CCC(=O)C=C1CCC1C2CCC2(C)C(OC(=O)c3ccccc3)CCC12,-4.480000097802258,-5.784981752731902,-1.3049816549296436,1.3049816549296436
CC(=O)C(=Cc1ccccc1)CC(=O)O,-1.611099818490733,-2.038793736121849,-0.42769391763111586,0.42769391763111586
Cc1ccccc1C(=O)Nc1cccc(OC(C)C)c1,-4.326499954390574,-4.5944217857084695,-0.2679218313178957,0.2679218313178957
C=C(CC(=O)c1ccc(-c2ccccc2Cl)cc1)C(=O)O,-3.2000000027696314,-4.412004037951008,-1.2120040351813768,1.2120040351813768
O=[N+]([O-])N1CN([N+](=O)[O-])CN([N+](=O)[O-])CN([N+](=O)[O-])C1,-4.8251166545244395,-3.31359770451527,1.5115189500091697,1.5115189500091697
OCc1ccccc1,-0.43189974241541274,-0.7013656808028395,-0.2694659383874267,0.2694659383874267
COc1ncnc2nc[nH]c12,-1.5299998976526186,-1.2194317531694394,0.31056814448317915,0.31056814448317915
C=CC(C)(O)CC/C=C(\C)CC,-2.409128568895892,-2.422952067697521,-0.013823498801628809,0.013823498801628809
c1ccc(CNCCNCc2ccccc2)cc1,-1.7864998639387137,-2.169096524520246,-0.3825966605815323,0.3825966605815323
C#C[C@]1(O)CC[C@H]2[C@@H]3CCc4cc(O)ccc4[C@H]3CC[C@@]21C,-4.419199933004457,-4.802001149470233,-0.3828012164657766,0.3828012164657766
CCCCCCCCCCCCCCCCCCN,-3.6312455598983457,-5.472889101000758,-1.8416435411024126,1.8416435411024126
CCSC(C(=O)O)c1ccccc1,-1.5685999518795544,-1.9099357444294776,-0.3413357925499232,0.3413357925499232
CCC#CCCOC(=O)C(C)c1ccc2cc(OC)ccc2c1,-7.330000351992583,-6.220838167884324,1.1091621841082588,1.1091621841082588
CC(O)C(=O)O,1.0454000930611222,0.553333874138108,-0.4920662189230143,0.4920662189230143
C#CCCCCCC#C,-2.9829999830462084,-3.007144185425509,-0.024144202379300594,0.024144202379300594
NC(=S)c1ccccc1,-1.9199998387235486,-1.7682884550837057,0.15171138363984293,0.15171138363984293
Nc1ccc(Cc2ccc(N)cc2)cc1,-2.292933373191665,-2.9509854214191344,-0.6580520482274697,0.6580520482274697
CCC(C)(C)C,-3.5499999516541445,-4.21238233977248,-0.6623823881183357,0.6623823881183357
CCCCCCCCOC(=O)c1cc(O)c(O)c(O)c1,-3.8945000111718873,-3.4768592492020316,0.41764076196985567,0.41764076196985567
O=C(O)Cc1c(Cl)ccc(Cl)c1Cl,-3.079999870930104,-2.683417547178183,0.3965823237519208,0.3965823237519208
ClCC(Cl)(Cl)CCl,-2.5784999438755225,-2.356574442408154,0.22192550146736867,0.22192550146736867
FC(F)(F)Cl,-3.0646998292325867,-2.6563539203203774,0.40834590891220923,0.40834590891220923
CC12CCC3C(CCC4CC5SC5CC43C)C1CCC2O,-5.407000021967994,-5.365601886171957,0.041398135796036684,0.041398135796036684
CCOCCCNS(=O)(=O)c1ccc(Oc2cc(O)c3c(c2N)C(=O)c2ccccc2C3=O)cc1,-4.787469952181767,-4.896123357389957,-0.10865340520819,0.10865340520819
[O-]c1ccc(N=Nc2ccccc2)cc1N=Nc1c([O-])ccc2ccccc12,-2.691606683893591,-5.917424096300121,-3.2258174124065304,3.2258174124065304
CCCCCCCC(=O)Oc1ccc(NC(C)=O)cc1,-4.440000036602385,-4.368931083599355,0.07106895300302973,0.07106895300302973
Clc1cc(Cl)c(Oc2cccc(Cl)c2Cl)cc1Cl,-7.47999999487773,-7.864504049362351,-0.384504054484621,0.384504054484621
Br/C=C/Br,-1.7414999158624047,-1.5257359702733435,0.2157639455890612,0.2157639455890612
Cc1cnc(NS(=O)(=O)c2ccc(N)cc2)nc1C,-3.1435000319223496,-2.993871362244447,0.14962866967790278,0.14962866967790278
CCc1nc2nc(N)[nH]c(=O)c2nc1CC,-4.2800002058836295,-3.0741895072771506,1.205810698606479,1.205810698606479
Cc1cccc(N(O)C(=O)CCc2ccccc2)c1,-3.4100000480151413,-3.124835998314704,0.2851640497004375,0.2851640497004375
CC(=O)OCn1cnc2c1c(=O)n(C)c(=O)n2C,-1.8299999425709306,-1.5051608505427017,0.3248390920282289,0.3248390920282289
CC(=O)CC1=NCCS1,-1.155999829232034,-0.7151420089071396,0.4408578203248943,0.4408578203248943
CCCCC(O)C(C)C,-1.812199853915011,-1.770746714394365,0.04145313952064611,0.04145313952064611
c1ccc2c(c1)ccc1nccnc12,-2.6799999835726616,-3.378092539198692,-0.6980925556260305,0.6980925556260305
COc1ccc(-c2cc(=O)c3c(O)cc(O)cc3o2)cc1O,-6.198752481623875,-3.933786197180591,2.264966284443284,2.264966284443284
O=C(OCC(=O)N1CCC(O)CC1)c1ccccc1,-1.34859982232062,-1.3581454875315448,-0.009545665210924925,0.009545665210924925
C=CS(=O)(=O)Nc1ccccc1,-1.4995998842671738,-1.9580314291115766,-0.45843154484440274,0.45843154484440274
O=C(Nc1ccc(Cl)cc1)Nc1ccc(Cl)c(Cl)c1,-6.45772658031556,-6.162036494751824,0.2956900855637361,0.2956900855637361
S=c1[nH]c2ccccc2o1,-2.1795000269920215,-2.844626881850655,-0.6651268548586335,0.6651268548586335
c1ccc2c(c1)CCc1ccccc1-2,-4.634699833110009,-4.628914711128669,0.005785121981340069,0.005785121981340069
CCCCCCCCCC=O,-3.725525601592451,-3.777481346908009,-0.05195574531555769,0.05195574531555769
O=c1ccc2cc3ccoc3cc2o1,-3.740000000806446,-3.688459647483894,0.0515403533225518,0.0515403533225518
CCC1(c2ccccc2)C(=O)NC(=O)N(CC(O)CO)C1=O,-1.7871998674251823,-1.7062155441262412,0.08098432329894112,0.08098432329894112
CC(C)c1cc(Oc2ccccc2)cc(C(C)C)c1NC(=S)NC(C)(C)C,-6.8067999545368245,-5.902222364270993,0.9045775902658315,0.9045775902658315
O=C1NC(=O)C(=c2[nH]c(=C3C(=O)NC(=O)NC3=O)c3ccccc23)C(=O)N1,-7.564994483077415,-5.846315115492482,1.718679367584933,1.718679367584933
CCN1CCCC1CNC(=O)c1cc(S(N)(=O)=O)ccc1OC,-2.8800000501816014,-1.659729598310541,1.2202704518710605,1.2202704518710605
C1COCCO1,1.0549946197990527,0.8113155593293087,-0.24367906046974408,0.24367906046974408
CC(=O)Nc1c(I)cc(I)c(C(=O)O)c1I,-2.640000025892973,-2.543800909768313,0.09619911612465959,0.09619911612465959
C[C@H](CCC(=O)O)[C@H]1CC[C@H]2[C@@H]3[C@H](O)C[C@@H]4C[C@H](O)CC[C@]4(C)[C@H]3C[C@H](O)[C@]12C,-3.3682000123567906,-4.232086233631765,-0.8638862212749747,0.8638862212749747
CCCN(CCC)C(=O)SCc1ccccc1,-4.27979992883367,-4.470948706964801,-0.19114877813113118,0.19114877813113118
O=C1C2(Cl)C3(Cl)C4(Cl)C(Cl)(Cl)C5(Cl)C3(Cl)C1(Cl)C5(Cl)C24Cl,-5.259399838928804,-6.121325180872118,-0.8619253419433139,0.8619253419433139
CC1=Nn2c(nc3ccccc3c2=O)/C1=N/Nc1ccc(Cl)cc1[N+](=O)[O-],-7.582934669049466,-7.739361121031914,-0.15642645198244765,0.15642645198244765
Oc1ccc(C(c2ccc(O)cc2)(C(F)(F)F)C(F)(F)F)cc1,-3.1795029200046137,-3.9257285310992875,-0.7462256110946739,0.7462256110946739
O=c1oc(-c2ccc(-c3nc4ccccc4c(=O)o3)cc2)nc2ccccc12,-6.517040333293234,-5.641366130601197,0.8756742026920366,0.8756742026920366
COc1nc(NC(C)C)nc(NC(C)C)n1,-2.5599998517331337,-3.080095575340521,-0.5200957236073873,0.5200957236073873
Cc1nc(Br)[nH]c1[N+](=O)[O-],-1.7913998193305387,-2.1576027474670614,-0.36620292813652267,0.36620292813652267
CC(C)[C@@H](O)C#N,0.30480013110382087,-0.37148011781522383,-0.6762802489190447,0.6762802489190447
C/C=C\COCN(C(=O)CCl)c1c(CC)cccc1CC,-4.028699851416278,-3.4168671974698714,0.611832653946407,0.611832653946407
CNCC(O)c1cccc(O)c1,-0.3089246647718493,-1.0476027400002557,-0.7386780752284063,0.7386780752284063
CCCOP(=S)(OCCC)OP(=S)(OCCC)OCCC,-4.100900211020627,-4.742754615598921,-0.6418544045782939,0.6418544045782939
O=C(OC1CCCCC1)c1ccccc1C(=O)OC1CCCCC1,-5.5126057929493815,-5.514642242015606,-0.002036449066224577,0.002036449066224577
Oc1ccc(Cl)c(Cl)c1,-1.2457998624154305,-1.6956646289119737,-0.44986476649654317,0.44986476649654317
CS(=O)(=O)OCCCCOS(C)(=O)=O,-2.269999856621518,-1.2213134740668126,1.0486863825547055,1.0486863825547055
CC1=CCCN1C,0.12650000219844193,0.41961781822183886,0.2931178160233969,0.2931178160233969
C=C(C)C(=O)OCCOC(=O)CCC(=O)O,-0.7067087025836152,-0.8894675148417299,-0.18275881225811474,0.18275881225811474
CCOC(=O)C(CCc1ccccc1)NC(C)C(=O)N1CCCC1C(=O)O,-1.1799998107411929,-2.1215227886075607,-0.9415229778663678,0.9415229778663678
CCOc1ccc(C(C)(C)COCc2cccc(Oc3ccccc3)c2)cc1,-8.575800345699765,-6.770528138269025,1.8052722074307397,1.8052722074307397
O=C1CCCCCN1C(=O)c1ccccc1,-2.1666997561990815,-2.1874880584959957,-0.020788302296914196,0.020788302296914196
CCNC(=O)Oc1cc(/C=C(/C#N)C(=O)N(CC)CC)cc([N+](=O)[O-])c1O,-3.180000023929787,-3.782112632914758,-0.6021126089849709,0.6021126089849709
COc1cc([C@@H]2c3cc4c(c(O)c3C[C@H]3COC(=O)[C@@H]32)OCO4)cc(OC)c1OC,-4.5035000078076255,-4.051678640813708,0.45182136699391773,0.45182136699391773
C=CC(=O)OCCCCCCOC(=O)C=C,-2.8193365816305427,-2.8351314756892245,-0.01579489405868184,0.01579489405868184
C=COCCCC,-2.3379408437347022,-2.278375674736009,0.05956516899869335,0.05956516899869335
c1ccc2[nH]c(-c3cscn3)nc2c1,-3.6047999485410163,-3.3077233136283057,0.2970766349127105,0.2970766349127105
c1ccoc1,-0.8199998120499834,-0.5231810804231776,0.29681873162680583,0.29681873162680583
C/C(=C\CO)CCC[C@H](C)CCC[C@H](C)CCCC(C)C,-4.861741129553539,-5.289782046842543,-0.42804091728900406,0.42804091728900406
Cn1c(=O)c2[nH]cnc2n(C)c1=O,-1.3525852113905792,-1.3369578043634687,0.015627407027110518,0.015627407027110518
O=C1c2ccccc2C(=O)N1SC1CCCCC1,-4.323794350852812,-5.136222413831595,-0.8124280629787828,0.8124280629787828
N#Cc1ccc(O)c(O)c1,-1.0235159395631683,-1.1275280518134567,-0.10401211225028839,0.10401211225028839
c1ccc2c(c1)ccc1nc3c(ccc4ccccc43)cc12,-6.244699984454124,-6.518418117933267,-0.273718133479143,0.273718133479143
c1ccc2c(c1)Nc1ccc3ccccc3c1S2,-6.572700237844643,-6.688917793908686,-0.11621755606404349,0.11621755606404349
O=C1NC(=S)SC1=Cc1ccc(O)c(O)c1,-3.339999871901907,-3.013182673058007,0.3268171988438997,0.3268171988438997
C=CCN=C=S,-1.6952998237823795,-1.4031189344406643,0.29218088934171527,0.29218088934171527
CC(S(C)(=O)=O)S(C)(=O)=O,-1.418799895909804,-0.28228491856216475,1.1365149773476393,1.1365149773476393
CC1(C)[C@@H]2CC[C@@](C)(C2)[C@@H]1O,-2.270199926631108,-2.3059244661910614,-0.03572453955995325,0.03572453955995325
COc1ccc2cc(C(C)C(=O)OCC(C)=O)ccc2c1,-4.650000116354622,-4.599491238148778,0.05050887820584471,0.05050887820584471
CCOC(=O)OCn1c(=O)[nH]cc(F)c1=O,-1.4599999630864808,-1.3699786727624337,0.09002129032404715,0.09002129032404715
CCCCNCCCC,-1.5039653994540088,-1.3523233743376697,0.15164202511633906,0.15164202511633906
Clc1cccc(Cl)c1Cl,-4.0034818514182415,-4.386168988640883,-0.382687137222641,0.382687137222641
CCC(C)(C)OO,-0.2165943222294966,0.16261253540927978,0.3792068576387764,0.3792068576387764
N#Cc1ccccc1-c1ccc(CBr)cc1,-6.656649310209462,-5.238275648140453,1.4183736620690093,1.4183736620690093
CCCCCCN(C)N=Nc1ccc(C(=O)O)cc1,-2.519999894053445,-2.811096935691862,-0.2910970416384169,0.2910970416384169
C=CCOC(=O)C(C)(C)OC(=O)c1cc(-n2c(=O)cc(C(F)(F)F)n(C)c2=O)ccc1Cl,-4.676528060765226,-4.305639533031907,0.37088852773331915,0.37088852773331915
O=C(O)C1=CCC(C(=O)O)CC1,-2.9300000037512244,-1.5328208916891852,1.3971791120620392,1.3971791120620392
O=C(O)c1cc(Br)cc(C(=O)O)c1C(=O)O,-1.4480998348030558,-1.5207752830400425,-0.07267544823698668,0.07267544823698668
CCCCCCCCCCC=O,-3.1520232627793323,-4.251396750790579,-1.0993734880112465,1.0993734880112465
CN(C)[C@@H]1C(O)=C(C(N)=O)C(=O)[C@@]2(O)C(O)=C3C(=O)c4c(O)cccc4[C@@](C)(O)[C@H]3C[C@@H]12,-2.9300000037512244,-2.4975243162720653,0.4324756874791591,0.4324756874791591
CCOC(=O)CC(SP(=O)(OC)OC)C(=O)OCC,-1.622299874274233,-0.8233839558893288,0.7989159183849042,0.7989159183849042
Cc1c([N+](=O)[O-])cc([N+](=O)[O-])cc1[N+](=O)[O-],-3.2422999719048606,-3.0316435137971687,0.21065645810769196,0.21065645810769196
CC(=O)CC(=O)Nc1ccccc1C,-1.8501921756464481,-1.8429517669137363,0.007240408732711812,0.007240408732711812
Cc1cccc(Oc2ccc([N+](=O)[O-])cc2)c1,-4.661300241649646,-5.036022328849235,-0.3747220871995891,0.3747220871995891
CC(=O)Oc1ccc(C(C)=O)cc1,-1.519999847845922,-2.096308722376529,-0.5763088745306069,0.5763088745306069
CN(C)CCO,1.049900322514504,0.8678707064348408,-0.18202961607966328,0.18202961607966328
O=c1[nH]sc2ccccc12,-1.9472894846504842,-2.365564411269572,-0.41827492661908794,0.41827492661908794
Clc1cc(Cl)c(Cl)c(-c2c(Cl)ccc(Cl)c2Cl)c1,-7.821800731082227,-8.296664103799474,-0.47486337271724643,0.47486337271724643
Cc1cn(C2CC(N=[N+]=[N-])C(COC(=O)c3ccncc3)O2)c(=O)[nH]c1=O,-2.7199999585057144,-2.006087362042891,0.7139125964628232,0.7139125964628232
CCN(CC)C(=O)C(C)Oc1cccc2ccccc12,-3.570199914236759,-3.2885818104237816,0.28161810381297725,0.28161810381297725
Cc1cc(O)ccc1C(C)C,-2.8545111960912655,-2.3565366230341436,0.4979745730571219,0.4979745730571219
CC(C)(C)C(=O)O,-0.5635616818206639,-0.32108897656569546,0.24247270525496845,0.24247270525496845
C=CS(=O)(=O)CS(=O)(=O)C=C,-3.919895375752417,-1.4492513933335909,2.470643982418826,2.470643982418826
C=CCN1CC[C@]23c4c5ccc(O)c4O[C@H]2C(=O)CC[C@@]3(O)[C@H]1C5,-2.9000000314477004,-3.218763243220598,-0.31876321177289757,0.31876321177289757
CCCCOC(=O)COc1ccc(Cl)cc1Cl,-3.779999923979407,-4.653117454172211,-0.873117530192804,0.873117530192804
CCN(CC)CCO,0.9311002829186004,0.4786085882243891,-0.45249169469421124,0.45249169469421124
Cc1cc(N)ccc1S(=O)(=O)Nc1ccc(Cl)cc1,-4.4200000750159045,-4.48104482350256,-0.06104474848665564,0.06104474848665564
O=C1c2ccccc2C2=Nc3cccc4cccc(c34)N12,-7.255740492827632,-6.679993801911417,0.5757466909162154,0.5757466909162154
Clc1ccc2ccccc2c1,-4.143000075639538,-5.562659320371067,-1.4196592447315286,1.4196592447315286
COc1cc(S(=O)(=O)[O-])c(C)cc1N/N=C1/C(=O)C=Cc2cc(S(=O)(=O)[O-])ccc21,-0.4405854999618004,-0.6493183546308736,-0.2087328546690732,0.2087328546690732
CC(C=O)(CO)CO,0.9289335364470266,0.25343451985242504,-0.6754990165946015,0.6754990165946015
CCCn1cnc2c1c(=O)n(CCCCC(C)=O)c(=O)n2C,-0.9810998552878443,-2.2826168966881863,-1.301517041400342,1.301517041400342
Oc1ccc2c(c1)CCC2,-1.3284999292495288,-1.6993583671159351,-0.3708584378664064,0.3708584378664064
Clc1ncc2nccnc2n1,-0.7099998162839722,-1.277895122339534,-0.5678953060555618,0.5678953060555618
c1nc[nH]n1,1.0058277772629185,1.2843707794935164,0.2785430022305979,0.2785430022305979
CC1(C)C(C(=O)OC(C#N)c2cccc(Oc3ccccc3)c2)C1(C)C,-6.024799924406713,-6.565182464031371,-0.540382539624658,0.540382539624658
O=C(O)C(Br)Br,0.9861001427746934,0.15951631570929647,-0.8265838270653969,0.8265838270653969
CC(=O)Nc1ccc(Cl)cc1C,-2.3096999163271903,-2.640148801651225,-0.3304488853240346,0.3304488853240346
CC(=O)Nc1ccc(F)cc1,-1.779999831564361,-1.9410926283893186,-0.16109279682495758,0.16109279682495758
CCCCCCCCCCCCCCCCCC[N+](C)(C)C,-3.7337920333788284,-2.878683564587387,0.8551084687914412,0.8551084687914412
CC1(C)OC(=O)C[C@@H]1C(=O)[O-],-1.2448997889193716,-0.3253228140780573,0.9195769748413143,0.9195769748413143
O=c1cccc2[nH]cccc1-2,-2.5416997950936073,-1.8047339092073629,0.7369658858862445,0.7369658858862445
CC1=C2CC(C=O)C(C1)C(C(C)C)C2,-3.850854383160496,-3.5440627240152898,0.30679165914520645,0.30679165914520645
CCCCCCOC(=O)C(C)OC(=O)C(C)O,-2.4883999091979248,-1.878185758826857,0.6102141503710679,0.6102141503710679
CCCc1nc(N)c(CC)c(CCC)n1,-2.513199963705076,-2.5829354732136953,-0.0697355095086194,0.0697355095086194
CC(=O)OCn1cc(F)c(=O)n(COC(C)=O)c1=O,-1.809999842957538,-1.266195547159893,0.543804295797645,0.543804295797645
CCOC(=O)OCCOc1cc(O)c2c(c1N)C(=O)c1ccccc1C2=O,-9.219529707856722,-5.700360213249645,3.519169494607077,3.519169494607077
O=C(O)COc1c(Cl)ccc(Cl)c1Cl,-2.619800011550266,-2.8129844537195576,-0.19318444216929143,0.19318444216929143
Nc1ccc2c(c1)C=C(S(=O)(=O)[O-])/C(=N\Nc1ccc3c(c1)C=C(S(=O)(=O)[O-])/C(=N/Nc1ccccc1)C3=O)C2=O,-2.210130338280882,-1.8329383284965326,0.3771920097843493,0.3771920097843493
Cc1c(Cc2c(C)n(C)n(-c3ccccc3)c2=O)c(=O)n(-c2ccccc2)n1C,-2.95489996386294,-2.678094366766071,0.2768055970968688,0.2768055970968688
C[C@H](CCC(=O)NCC(=O)O)[C@H]1CC[C@H]2[C@@H]3[C@H](O)C[C@@H]4C[C@H](O)CC[C@]4(C)[C@H]3C[C@H](O)[C@]12C,-5.149499912674317,-3.6575148418750256,1.4919850707992914,1.4919850707992914
O=C(NNC(=O)c1ccncc1)c1ccccc1,-2.5399998901466536,-2.3228238257230878,0.21717606442356585,0.21717606442356585
Cc1cccc2ccc3cc4ccccc4cc3c12,-6.644000247899107,-7.08129131477949,-0.4372910668803831,0.4372910668803831
CC(F)(F)F,-2.0431012109920004,-2.388790199826823,-0.34568898883482246,0.34568898883482246
CCOc1ccc(NC(=O)Nc2ccc(OCC)cc2)cc1,-4.440000036602385,-5.0865893163852185,-0.6465892797828339,0.6465892797828339
CCOC(F)(C(F)(F)C(F)(F)C(F)(F)F)C(F)(C(F)(F)F)C(F)(F)F,-7.28873389387102,-6.535090940795243,0.7536429530757776,0.7536429530757776
O=c1[n-]c(=O)n(Cl)c(=O)n1Cl,-0.8951597447109938,-1.003608594034939,-0.10844884932394527,0.10844884932394527
Clc1ccc(-c2cc(Cl)cc(Cl)c2Cl)cc1,-6.770000047302007,-7.448643593015948,-0.6786435457139408,0.6786435457139408
CCOP(=S)(OCC)Oc1ccc(S(C)(=O)=O)cc1,-3.5799998940338655,-3.9871389818904683,-0.4071390878566028,0.4071390878566028
CC(=O)[CH-]C(C)=O,-3.591679800378483,-1.750062001295241,1.841617799083242,1.841617799083242
O=C(O)CC1NC(=O)NC1=O,-1.1516998768286106,-0.657794863377994,0.49390501345061666,0.49390501345061666
O=C([O-])C(O)[C@H](O)[C@@H](O)[C@H](O)[C@H](O)CO,0.7066665909049954,-0.06595313025530203,-0.7726197211602974,0.7726197211602974
O=S(=O)([O-])CCBr,0.332748924551141,0.14586241747633544,-0.18688650707480559,0.18688650707480559
CCCCP(=O)(CCCC)CCCC,-0.5931997866494076,-1.6414490379723976,-1.04824925132299,1.04824925132299
CCCCCCCC=O,-2.3597999933250993,-2.877654548075058,-0.5178545547499587,0.5178545547499587
CCN1c2ncccc2C(=O)Nc2c(C)cc(C)nc21,-4.553999914264162,-3.1487210724192516,1.4052788418449107,1.4052788418449107
Cc1c2cc(Cl)ccc2cc2c1ccc1ccccc12,-7.44000007170477,-8.09608836360212,-0.6560882918973512,0.6560882918973512
O=P(O)(O)OCC(O)CO,0.7643002803043788,0.7426267424044934,-0.021673537899885353,0.021673537899885353
CCCCCCCCCCCCN,-3.3758999816944906,-3.4597554373059447,-0.08385545561145413,0.08385545561145413
CCCCCCCCN(C)C,-5.465370222972188,-2.447771825546423,3.017598397425765,3.017598397425765
COS(=O)(=O)OC,-0.6536998809395524,-0.48921514175469616,0.1644847391848563,0.1644847391848563
Cc1cc(O)ccc1Cl,-1.570399822817847,-1.4196760907500097,0.1507237320678374,0.1507237320678374
CCCCCCCCn1sccc1=O,-2.630099942077615,-3.039646064006996,-0.409546121929381,0.409546121929381
CC1(C)C2CCC3(C2)C1C(=O)CCC3(C)C,-4.097612409966168,-4.008607066731178,0.08900534323498999,0.08900534323498999
OCCCl,1.094128838177154,0.5379394565392057,-0.5561893816379482,0.5561893816379482
CC(C)(C)N(Sc1nc2ccccc2s1)Sc1nc2ccccc2s1,-8.362938553971787,-7.29172548917137,1.0712130648004177,1.0712130648004177
O=Cc1cc(O)ccc1O,-1.0003997443743997,-0.6886876328408698,0.31171211153352996,0.31171211153352996
CCCCCCCC(=O)OCn1c(=O)[nH]cc(F)c1=O,-3.2899999334289776,-2.952814907756829,0.3371850256721487,0.3371850256721487
CC(=O)OCC(=O)[C@@]1(O)CC[C@H]2[C@@H]3CCC4=CC(=O)CC[C@]4(C)[C@H]3[C@@H](O)C[C@@]21C,-4.457699779692956,-4.40846116316235,0.049238616530606016,0.049238616530606016
CCCCNC1CC(C)(C)NC(C)(C)C1,0.5746151395528227,-0.6826979549752856,-1.2573130945281084,1.2573130945281084
O=C([O-])c1cccc(Cl)c1[N+](=O)[O-],-2.632299815008176,-1.9106276043281119,0.7216722106800639,0.7216722106800639
O=C(Nc1ccccc1)c1ccccc1I,-4.20839971124077,-4.851727139028686,-0.6433274277879155,0.6433274277879155
Clc1ccc(Oc2cc(Cl)cc(Cl)c2)cc1,-5.520100102187537,-6.752622182971259,-1.2325220807837223,1.2325220807837223
O=[N+]([O-])c1ccc(OP(=O)(Oc2ccccc2)Oc2ccccc2)cc1,-4.960000142066175,-5.478199824484022,-0.5181996824178476,0.5181996824178476
Cc1ccccc1N1C(=O)c2cc(S(N)(=O)=O)c(Cl)cc2NC1C,-3.7829999389214155,-3.2821837109242704,0.5008162279971451,0.5008162279971451
C=CCN(CC=C)c1cc(NC(C)=O)c(N=Nc2c(Br)cc([N+](=O)[O-])cc2[N+](=O)[O-])cc1OC,-7.009332916352658,-6.517265041106695,0.4920678752459633,0.4920678752459633
CCCCOC(=O)/C=C/c1ccccc1,-1.6111998880022562,-4.224977571586982,-2.613777683584726,2.613777683584726
COC(=O)OC,0.1852605433110326,0.11192242786739381,-0.07333811544363877,0.07333811544363877
CC(C)COC(=O)C(C)(C)O,-0.727599627889933,-0.6431499319136722,0.08444969597626084,0.08444969597626084
CCCOCC(C)O,0.9275002649881898,0.10320492413114346,-0.8242953408570464,0.8242953408570464
CCCn1cnc2c1c(=O)n(C)c(=O)n2C,0.020000092878230902,-1.5114391426822102,-1.5314392355604411,1.5314392355604411
OCc1nc2ncncc2[nH]1,-1.519999847845922,-1.2600285047118156,0.2599713431341064,0.2599713431341064
CNC(=O)Oc1ccccc1,-1.8029998771063065,-1.4891925170418499,0.31380736006445664,0.31380736006445664
CCCC(=O)OCCC(C)CCC=C(C)C,-5.142612093689447,-5.293975856550296,-0.15136376286084907,0.15136376286084907
CCCCCCCCCCCCCCC(CO)CCCCCCCCCCCC,-5.61359980873213,-6.929633692622044,-1.3160338838899142,1.3160338838899142
CCOC(=O)c1cccnc1,-0.4312996014000987,-0.7745257415294229,-0.3432261401293242,0.3432261401293242
ClC(Br)CBr,-2.5545999283577023,-2.2991568686469326,0.25544305971076975,0.25544305971076975
Oc1c(I)cc(Cl)c2cccnc12,-1.822256080675073,-3.7204248170430176,-1.8981687363679447,1.8981687363679447
O=C(O)CCSCCC(=O)O,-0.799142841364127,-0.6149742222222909,0.18416861914183613,0.18416861914183613
c1ccc(Cn2ccnc2)cc1,-2.259999875828278,-1.594690212950792,0.6653096628774859,0.6653096628774859
CC(=O)OCCCOC(C)=O,-0.20459978353795893,-0.1562829107286654,0.04831687280929353,0.04831687280929353
Brc1ccc(-c2ccc(Br)cc2)cc1,-7.740000461690363,-6.263982620176623,1.4760178415137393,1.4760178415137393
O=S(=O)([O-])c1cccc2c(N=Nc3ccc(N=Nc4ccc(Nc5ccccc5)c5c(S(=O)(=O)[O-])cccc45)c4ccccc34)cccc12,-1.4631184051193682,-1.8853015982710863,-0.42218319315171815,0.42218319315171815
CCCC(=O)OCCOC(=O)CCC,-2.6068999127928993,-2.0313776881430496,0.5755222246498497,0.5755222246498497
CCC1(CC)C(=O)N(C)N(c2ccccc2)C1=O,-2.6899999816192657,-2.7866463308202953,-0.09664634920102966,0.09664634920102966
COP(=O)(Oc1ccccc1)Oc1ccccc1,-2.1208998041382365,-3.3163774975184714,-1.195477693380235,1.195477693380235
COc1ccc2cc(C(C)C(=O)OC(C)OC(=O)C(N)Cc3ccccc3)ccc2c1,-3.4999999786744875,-4.450904162685601,-0.9509041840111139,0.9509041840111139
CC(=O)NCC(=O)Nc1ccccc1,-1.5677999478950186,-1.2978006735179017,0.2699992743771169,0.2699992743771169
CCN(c1cccc(S(=O)(=O)CCOS(=O)(=O)[O-])c1)c1nc(Cl)nc(Nc2ccc3c(c2)C=C(S(=O)(=O)[O-])/C(=N/Nc2ccc(OC)cc2S(=O)(=O)[O-])C3=O)n1,-1.1616709409836934,-0.6951267263333776,0.4665442146503158,0.4665442146503158
COC(=O)CCN(CCC(=O)OC)c1ccc(N=Nc2c(Cl)cc([N+](=O)[O-])cc2Br)cc1,-7.1002219818752526,-7.141241923931188,-0.04101994205593584,0.04101994205593584
C=C(C)C(=O)Oc1ccccc1,-2.494851252578912,-2.77100631158406,-0.27615505900514803,0.27615505900514803
CC(=O)CC(=O)Nc1ccc(-c2ccc(NC(=O)CC(C)=O)c(C)c2)cc1C,-5.325018385213175,-3.445221065398492,1.8797973198146831,1.8797973198146831
COC(=O)C1CCCN1C(=O)COC(=O)c1ccccc1,-2.0799998074692168,-2.058038414443426,0.0219613930257907,0.0219613930257907
Nc1cccc(C(F)(F)F)c1,-1.5081955102397344,-2.154551110459798,-0.6463556002200634,0.6463556002200634
CCC(CC)(CC)NC(N)=O,-1.8190998882816316,-2.0243323804510798,-0.20523249216944817,0.20523249216944817
Clc1cc(Cl)c(Cl)c(Oc2ccc(Cl)c(Cl)c2Cl)c1,-8.55000090733305,-8.79645292847383,-0.24645202114077946,0.24645202114077946
CCCCCCCCS(=O)(=O)NS(=O)(=O)CCCCCCCC,-3.914499972758368,-3.5651907795571893,0.3493091932011785,0.3493091932011785
CN1CCC23C=CC=CC2C1Cc1ccc(O)c(O)c13,-1.7199998777914636,-3.064592254507699,-1.3445923767162355,1.3445923767162355
Brc1cc(Br)c(Br)cc1Br,-6.979999989027332,-6.411987222069279,0.568012766958053,0.568012766958053
CCCCCC(=O)OCn1c(=O)[nH]cc(F)c1=O,-2.1099998188623936,-2.2720739870348408,-0.16207416817244713,0.16207416817244713
CC(=O)OCC(=O)[C@@]1(O)CC[C@H]2[C@@H]3CCC4=CC(=O)CC[C@]4(C)[C@H]3C(=O)C[C@@]21C,-4.303699978858218,-4.226838174366751,0.07686180449146729,0.07686180449146729
O=[N+]([O-])c1cc2c(cc1CO)OCO2,-3.0599998920902594,-2.5677832583394076,0.4922166337508518,0.4922166337508518
CC(=O)OCCOCn1cnc2cnc(N)nc21,-0.9699998690158673,-1.736842887836484,-0.7668430188206168,0.7668430188206168
O=C1C(S(=O)(=O)[O-])=Cc2cc(Nc3ccccc3)ccc2/C1=N/Nc1ccc(N=Nc2ccc(N=Nc3cc(S(=O)(=O)[O-])ccc3S(=O)(=O)[O-])c3ccc(S(=O)(=O)[O-])cc23)c2ccccc12,-2.0236333431529983,-0.6638967571233967,1.3597365860296016,1.3597365860296016
CC(C(C)(C)C)C(C)(C)SSSC(C)(C)C(C)C(C)(C)C,-9.129966252801257,-9.268132848482427,-0.13816659568117018,0.13816659568117018
Clc1cc(Cl)c(-c2ccccc2Cl)c(Cl)c1,-6.650000277783125,-6.952951683156808,-0.30295140537368326,0.30295140537368326
COC(=O)Cc1ccccc1,-2.211401635157964,-1.7705410542948206,0.4408605808631434,0.4408605808631434
Nc1nc(=O)c2nc(CNc3ccc(C(=O)NC(CCC(=O)O)C(=O)O)cc3)cnc2[nH]1,-5.44000004830318,-3.0834079106786665,2.356592137624513,2.356592137624513
CC(C)C(=O)C(C)C,-1.3017998652791056,-1.4494897658113848,-0.14768990053227915,0.14768990053227915
CN1CCCN(C)C1=O,0.8921968455381091,0.9349131383480027,0.04271629280989364,0.04271629280989364
O=[N+]([O-])CCO,1.0406003452077326,0.4819789293724903,-0.5586214158352423,0.5586214158352423
NC(N)=Nc1nc(CSCC/C(N)=N\S(N)(=O)=O)cs1,-2.650000023939577,-2.425522094300533,0.22447792963904378,0.22447792963904378
OCCN(CCO)c1ccccc1,-0.5833806901249279,-0.9984256834726002,-0.4150449933476723,0.4150449933476723
C=C(C)C(=O)OCCOCCOCCOC(=O)C(=C)C,-1.9005551594058376,-1.4478283358662751,0.4527268235395625,0.4527268235395625
COc1c(C(=O)O)cccc1C(=O)O,-2.2925998311577396,-1.8622082465363274,0.43039158462141214,0.43039158462141214
CC1CCC(N=O)=C(NO)C1,-1.662199865962583,-1.6701383458049894,-0.007938479842406476,0.007938479842406476
CC(C)=CCC1(C)C(=O)NC(=O)NC1=O,-2.599999809412823,-1.9638376692105206,0.6361621402023023,0.6361621402023023
CCC(Cc1ccccc1)(C(=O)c1ccc(N2CCOCC2)cc1)N(C)C,-4.793227744834443,-4.370576916503358,0.4226508283310846,0.4226508283310846
C=COC(=O)CCCCC(C)(C)C,-7.122460878008516,-4.561414581973836,2.5610462960346796,2.5610462960346796
CC(C)CCOCC(O)CO,-1.210099891645893,-0.30344554845540195,0.906654343190491,0.906654343190491
CCOC(=O)CC1(C)OCC(C)O1,-2.179887192481432,-1.0937826801510637,1.0861045123303683,1.0861045123303683
COc1c(Cl)cc(Cl)c(OC)c1O,-2.959999976324332,-2.882475914393609,0.0775240619307227,0.0775240619307227
CC(C)=CCCC(C)C=O,-2.447858471940711,-2.3581872178666266,0.0896712540740845,0.0896712540740845
O=C(O)c1c(O)cccc1O,-1.2073998091846285,-1.0198285505971794,0.18757125858744916,0.18757125858744916
CNC(C)=O,1.1361127601896102,1.0943731458121828,-0.04173961437742735,0.04173961437742735
CCCOC(=O)CCC,-1.9049998330269604,-1.5387560489243537,0.3662437841026067,0.3662437841026067
Clc1ccc(Oc2ccccc2)c(Cl)c1,-4.63040015676041,-5.646088583383617,-1.015688426623207,1.015688426623207
CCCC(=O)OCn1c(=O)[nH]cc(F)c1=O,-1.1299998377615357,-1.6397490985187155,-0.5097492607571799,0.5097492607571799
CS(=O)(=O)c1ccc(C2=C(c3ccccc3)C(=O)OC2)cc1,-4.520000020975219,-4.125183285727212,0.394816735248007,0.394816735248007
CC(=O)c1ccc(O[C@@H]2O[C@H](CO)[C@@H](O)[C@H](O)[C@H]2O)cc1,-1.1739999188840875,-1.445279392874139,-0.2712794739900515,0.2712794739900515
COC(=O)C(N)Cc1ccc(O)c(O)c1,0.4800001755556673,-1.3006807430729952,-1.7806809186286625,1.7806809186286625
Clc1ccc(I)cc1,-4.03000020295843,-4.3399421193398435,-0.30994191638141366,0.30994191638141366
NC(=O)c1ccccn1,0.1685002113865668,-0.46422481714873864,-0.6327250285353054,0.6327250285353054
CN1C(=O)OC(C)(C)C1=O,-0.4567997974206306,-0.2250479185091505,0.23175187891148008,0.23175187891148008
O=C(O)c1cc(O)ccc1O,-0.8499999614700724,-1.0723995508749642,-0.2223995894048918,0.2223995894048918
O=C1C(S(=O)(=O)[O-])=Cc2cc(S(=O)(=O)[O-])ccc2/C1=N\Nc1ccc(S(=O)(=O)[O-])c2ccccc12,-1.0824138174536426,-0.49074696442901944,0.5916668530246232,0.5916668530246232
OCC(O)C(O)C(O)C=NN(c1ccccc1)c1ccccc1,-3.099999849769948,-3.022815510890824,0.07718433887912424,0.07718433887912424
CN(C)Cc1ccc(C(=O)OCCOCn2cnc3c(=O)[nH]c(N)nc32)cc1,-2.4699999555805157,-2.852572763386241,-0.38257280780572556,0.38257280780572556
CC1CC(OC(=O)c2ccccc2)CC(C)(C)N1,-1.9219999176983442,-2.152539782291638,-0.2305398645932939,0.2305398645932939
COc1ccc2cc(C(C)C(=O)OCC(=O)N(C)CC(N)=O)ccc2c1,-3.779999923979407,-2.5757700130944414,1.2042299108849654,1.2042299108849654
CC(C)(C)c1cc(C(C)(CC(=O)OCCOC(=O)CC(C)(c2ccc(O)c(C(C)(C)C)c2)c2ccc(O)c(C(C)(C)C)c2)c2ccc(O)c(C(C)(C)C)c2)ccc1O,-6.20143572480182,-7.080808496639754,-0.879372771837934,0.879372771837934
CC(N)CN,1.1300241170278018,1.5353020499969863,0.40527793296918446,0.40527793296918446
CCCCCCCCCCN(C)C,-4.045287580686731,-3.2203565568844157,0.8249310238023151,0.8249310238023151
O=c1oc2ccccc2c(O)c1C1CCCc2ccccc21,-4.860000196106861,-5.0503009368879255,-0.19030074078106463,0.19030074078106463
COc1ccc2cc(C(C)C(=O)O)ccc2c1,-3.2899999334289776,-4.001297782569156,-0.7112978491401787,0.7112978491401787
CC1=CC(=O)CC(=O)O1,-1.1184998494972909,-0.3811850660831113,0.7373147834141796,0.7373147834141796
C=C(C)C1Cc2c(ccc3c2OC2COc4cc(OC)c(OC)cc4C2C3=O)O1,-4.469999771941737,-5.03637705801422,-0.5663772860724832,0.5663772860724832
CC(C)OC(C)(C)C,-2.3661998871744725,-1.1833439267759291,1.1828559603985433,1.1828559603985433
CC1=CCCCC1,-3.2671000609187395,-4.297646256505259,-1.0305461955865196,1.0305461955865196
C=COCCOCCOC=C,-1.0530699860022328,-0.7073096717604042,0.3457603142418286,0.3457603142418286
O=C(O)Cc1ccccc1,-0.8899998846430335,-1.184027574073273,-0.2940276894302396,0.2940276894302396
CCCCN1CCCCC1C(=O)Nc1c(C)cccc1C,-3.219999964356112,-2.9319463816303966,0.28805358272571535,0.28805358272571535
CCC(O)CN(CC(O)CC)CC(O)CC,-0.5228997815756129,-0.6052844569147728,-0.08238467533915994,0.08238467533915994
CC1NC(=O)c2ccccc2N(CC(O)C(O)C(O)CO)C1=O,-1.5099997980392257,-1.4620685724233056,0.047931225615920114,0.047931225615920114
CCOC(=O)c1ccccc1S(=O)(=O)NN(C=O)c1nc(Cl)cc(OC)n1,-4.576000299892719,-4.23904099566917,0.3369593042235488,0.3369593042235488
CC(C)[N+](=O)[O-],-0.614999895228006,-0.8206524032920268,-0.2056525080640208,0.2056525080640208
CCN(Cc1cccc(S(=O)(=O)[O-])c1)c1ccc([C+](c2ccc(N(CC)Cc3cccc(S(=O)(=O)[O-])c3)cc2)c2ccccc2S(=O)(=O)[O-])cc1,-0.11315778220410744,-0.24386098667550993,-0.1307032044714025,0.1307032044714025
CCCN(CCCl)c1c([N+](=O)[O-])cc(C(F)(F)F)cc1[N+](=O)[O-],-5.596800001110704,-5.444655420006151,0.15214458110455364,0.15214458110455364
O=S(=O)([O-])c1ccc2c(N=Nc3ccc(-c4ccc(N=Nc5c([O-])c(S(=O)(=O)[O-])cc6cc(S(=O)(=O)[O-])ccc56)c([O-])c4)cc3[O-])c([O-])c(S(=O)(=O)[O-])cc2c1,-1.6074287167004127,-0.9441425973728381,0.6632861193275745,0.6632861193275745
CCCCC(O)(Cn1cncn1)c1ccc(Cl)cc1Cl,-4.266799864084965,-3.8682122335889395,0.39858763049602564,0.39858763049602564
O=S(=O)([O-])CCNC1CCCCC1,-0.07841834071827991,0.4552988793043715,0.5337172200226514,0.5337172200226514
CN(Cc1ccc(OCCN2CCOCC2)cc1)C(=O)c1ccc([N+](=O)[O-])o1,-2.289999887221455,-3.066835467888768,-0.7768355806673131,0.7768355806673131
Cn1cnc([N+](=O)[O-])c1Sc1ncnc2nc[nH]c12,-3.209999983562872,-3.065495157555463,0.14450482600740866,0.14450482600740866
COc1cc(NC(=O)C2=Cc3ccccc3/C(=N/Nc3cc(C(=O)Nc4ccccc4)ccc3OC)C2=O)c(OC)cc1Cl,-7.84656110285205,-8.12908066043021,-0.2825195575781603,0.2825195575781603
CCCCCCC(CCCC)C(=O)O,-4.959305866696573,-3.7771335190886455,1.1821723476079273,1.1821723476079273
OC(c1ccccc1)(c1ccccc1)C1CCCCN1,-1.8999998771370683,-2.878779838358818,-0.9787799612217498,0.9787799612217498
C=CCc1ccc(OC)c(OC)c1,-2.5520130624713717,-2.6345545708897977,-0.082541508418426,0.082541508418426
O=C(O)c1c([N+](=O)[O-])cc([N+](=O)[O-])cc1[N+](=O)[O-],-1.0976998839262748,-2.2596894533021876,-1.1619895693759128,1.1619895693759128
ClCCl,-0.6299996938842258,-0.9985548766626495,-0.3685551827784237,0.3685551827784237
O=C1C[C@@H](c2ccc(O)c(O)c2)Oc2cc(O)cc(O)c21,-3.6147000668631017,-2.821836757989175,0.7928633088739265,0.7928633088739265
COC(=O)C1CC(=O)N(C)C1,0.8040004090235073,-0.08682583600917715,-0.8908262450326845,0.8908262450326845
CCC1CN2CCC1CC2C(O)c1ccnc2ccc(OC)cc12,-3.051399883763229,-2.9957742961529266,0.05562558761030223,0.05562558761030223
CCN(Cc1c(F)cccc1Cl)c1c([N+](=O)[O-])cc(C(F)(F)F)cc1[N+](=O)[O-],-6.625000015239471,-6.1236556272618525,0.5013443879776185,0.5013443879776185
CCc1cc(C)cc(CC)c1Nc1ccc(Nc2c(CC)cc(C)cc2CC)c2c1C(=O)c1ccccc1C2=O,-7.423829390750273,-7.52315797380745,-0.09932858305717751,0.09932858305717751
O=C1c2ccccc2C(=O)c2c1ccc(O)c2O,-2.778500008327792,-4.116749703349862,-1.3382496950220704,1.3382496950220704
COc1ccc(NS(=O)(=O)c2ccc(N)cc2)nn1,-2.6799999835726616,-2.9795662702919308,-0.2995662867192692,0.2995662867192692
CC(O)C(F)(F)F,0.3094002920418135,0.11686627581737641,-0.1925340162244371,0.1925340162244371
Nc1nc2[nH]cc(CCc3ccc(C(=O)O)cc3)c2c(=O)[nH]1,-3.574289030531421,-3.812321410013009,-0.23803237948158795,0.23803237948158795
CCCCC(=O)NNC(=O)CCCC,-2.1599999988824194,-1.8158911766480046,0.34410882223441486,0.34410882223441486
C=CC(=O)NC(C)(C)CS(=O)(=O)[O-],0.33869319156253086,0.054309994612526946,-0.2843831969500039,0.2843831969500039
NC(=O)CC(N)C(=O)O,-0.7399998276771491,-0.32364385471506685,0.41635597296208227,0.41635597296208227
CC(O)(P(=O)([O-])[O-])P(=O)([O-])[O-],0.4204603344954081,0.6707318363573878,0.25027150186197966,0.25027150186197966
NC(=O)NN=C1CCCCC1,-1.4126999345411755,-1.815296832763013,-0.40259689822183753,0.40259689822183753
O=C(O)C1CCCN1,1.1291360518731257,0.33484224070529356,-0.7942938111678322,0.7942938111678322
FC(F)(Cl)C(F)(F)Cl,-2.739999937345559,-3.1368523452584083,-0.39685240791284926,0.39685240791284926
Clc1ccc(Cl)c(-c2ccccc2)c1,-5.2993003827248035,-5.496444221771105,-0.1971438390463014,0.1971438390463014
CC1OC(O[C@@H]2C=C3CC[C@@H]4[C@H](CC[C@]5(C)[C@@H](c6ccc(=O)oc6)CC[C@]45O)[C@@]3(C)CC2)C(O)C(O)C1O,-3.954999898421663,-4.3334192435114804,-0.3784193450898172,0.3784193450898172
CCCCCCOC(=O)c1ccc(N)cc1,-3.9500000115452276,-4.193568167390822,-0.24356815584559444,0.24356815584559444
CCC(Cl)(CC)C(N)=O,-1.0288998173100283,-1.2908682718403126,-0.2619684545302843,0.2619684545302843
Nc1ccc(-c2ccc(Cl)cc2)cc1,-4.638299989067331,-4.3249928385335785,0.3133071505337526,0.3133071505337526
CCc1cccc(C)c1Nc1ccc(Nc2c(C)cccc2CC)c2c1C(=O)c1ccccc1C2=O,-7.3753018888725865,-7.157926617107632,0.2173752717649542,0.2173752717649542
CC(C)C(C)C(C)C(O)C#CC(C)C(C)O,-2.275599884513268,-1.998390360283809,0.2772095242294592,0.2772095242294592
CC(C)C1CCC(=NO)C(=NO)C1,-2.3902999381951546,-1.9790106916418597,0.4112892465532949,0.4112892465532949
Cc1ccc(C(C)(C)C)cc1,-4.472021590155243,-4.854671529124979,-0.3826499389697364,0.3826499389697364
CC1=CCC(/C=C\C(C)C(C)O)C1(C)C,-3.786028594447757,-3.6087228804330937,0.17730571401466344,0.17730571401466344
CCOC(=O)COc1cc(-c2nn(C)c(OC(F)F)c2Cl)c(F)cc1Cl,-5.616100028224173,-5.315448151211836,0.30065187701233675,0.30065187701233675
Cc1ncc2n1-c1ccc(Cl)cc1C(c1ccccc1F)=NC2,-4.130000148917745,-4.183356384300433,-0.05335623538268841,0.05335623538268841
Cc1ccc([N+](=O)[O-])cc1C,-3.1794511771658103,-3.162128834160594,0.01732234300521629,0.01732234300521629
O=C(O)c1ccc([N+](=O)[O-])c2cccnc12,-3.1656000039682364,-2.694949868246668,0.4706501357215682,0.4706501357215682
CC(C)c1ccc2ccccc2c1C(C)C,-6.230113576400679,-5.884088388513867,0.3460251878868128,0.3460251878868128
OCc1ccccc1Br,-2.157999919907624,-1.4623370347680127,0.6956628851396114,0.6956628851396114
O=c1[nH]c(=O)c2[nH]c(=O)c(=O)[nH]c2[nH]1,-4.059999938297782,-3.3793526904025937,0.6806472478951884,0.6806472478951884
CC=Cc1ccc(OC)cc1,-3.130000068203494,-3.166482582553143,-0.036482514349649,0.036482514349649
CCC(O)(COC(N)=O)c1ccccc1,-0.9226997024436496,-1.9527926176496972,-1.0300929152060476,1.0300929152060476
C=C(CC(C)(C)c1ccccc1)c1ccccc1,-6.011842233920128,-5.8342424535685,0.1775997803516285,0.1775997803516285
Clc1cc(Cl)c(Oc2ccc(Cl)c(Cl)c2Cl)cc1Cl,-8.310000816187635,-8.678586778967533,-0.36858596277989797,0.36858596277989797
O=c1c2ccccc2c(=O)c2c1ccc1c3ccc4c(=O)c5c(ccc6c7ccc8c(=O)c9ccccc9c(=O)c8c7[nH]c65)c(=O)c4c3[nH]c12,-8.810645407719154,-7.045424193418981,1.7652212143001726,1.7652212143001726
CCCCCCCCCCCC[N+](C)(C)CC(O)CS(=O)(=O)[O-],0.2865181904965528,-0.7687138423270685,-1.0552320328236213,1.0552320328236213
COc1ccc(C(N)=O)cc1,-1.7199998777914636,-1.681258345979271,0.03874153181219264,0.03874153181219264
CNC1=Nc2ccc(Cl)cc2C(c2ccccc2)=[N+](O)C1,-3.3900000519219327,-3.0757286626311973,0.3142713892907354,0.3142713892907354
COP1(=S)OCc2ccccc2O1,-3.5713999202135627,-3.5227620658193763,0.04863785439418633,0.04863785439418633
CCOC1CC(C)CC(C)(C)C1,-4.134294442217758,-3.029012893379593,1.1052815488381653,1.1052815488381653
CC(=O)Nc1ccc(N)c(S(=O)(=O)O)c1,-1.2318563837201582,-1.5324772046771953,-0.3006208209570371,0.3006208209570371
CCCCCCCCCCCCCCCCCC(=O)OCCCCCCCCCCCCCC,-8.983050959301623,-7.709010659308037,1.2740402999935867,1.2740402999935867
CC(O)C(C)(C)C,-0.6237998010309864,-0.4673505746079858,0.15644922642300063,0.15644922642300063
CCCCOC(=O)c1ccc(C(=O)OCCCC)cc1,-6.403195459854134,-5.401964524148147,1.001230935705987,1.001230935705987
Brc1ccc2ccccc2c1,-4.400100182940947,-5.608037324160565,-1.2079371412196185,1.2079371412196185
CN1C(C)(C)CC(OC(=O)CC(C(=O)OC2CC(C)(C)N(C)C(C)(C)C2)C(CC(=O)OC2CC(C)(C)N(C)C(C)(C)C2)C(=O)OC2CC(C)(C)N(C)C(C)(C)C2)CC1(C)C,-4.6727319065922295,-4.046960397852118,0.6257715087401117,0.6257715087401117
CC(=O)OCCOC(C)=O,0.06847514452918713,-0.03894816483528585,-0.10742330936447297,0.10742330936447297
Cc1cc(C)c[n+]([O-])c1,0.9095001753361363,0.19582374292050764,-0.7136764324156286,0.7136764324156286
COc1ccc(OC)c(C=O)c1,-2.3201998996107656,-2.1374373606260146,0.18276253898475092,0.18276253898475092
CCOC(=O)[C@H](CCc1ccccc1)N[C@@H](C)C(=O)N1CCC[C@H]1C(=O)O,-1.3608999525963128,-2.1215227886075607,-0.7606228360112479,0.7606228360112479
COc1ccc2cc(CCC(C)=O)ccc2c1,-1.4599999630864808,-3.9686154941864205,-2.50861553109994,2.50861553109994
Clc1ccc(C(Cn2ccnc2)OCc2cc(Cl)ccc2Cl)c(Cl)c1,-3.539999901847448,-5.395925294620994,-1.8559253927735462,1.8559253927735462
CCOP(=S)(OCC)SCS(=O)(=O)CC,-2.530899913836016,-2.7275618664242405,-0.1966619525882245,0.1966619525882245
CC(=O)Oc1ccccc1C(=O)OCC(=O)N1CCOCC1,-1.7999998621642976,-1.786442720796961,0.013557141367336545,0.013557141367336545
Nc1cc(Cl)c(Cl)cc1S(=O)(=O)O,-2.1052106990812627,-2.0189309042728834,0.08627979480837933,0.08627979480837933
CC(=O)S[C@@H]1CC2=CC(=O)CC[C@]2(C)[C@H]2CC[C@@]3(C)[C@@H](CC[C@@]34CCC(=O)O4)[C@H]12,-4.27729984736854,-5.1708312818582485,-0.8935314344897085,0.8935314344897085
Nc1ccc(S(=O)(=O)Nc2nc(-c3ccc(-c4ccccc4)cc3)cs2)cc1,-5.61000034290937,-4.652363551176432,0.9576367917329378,0.9576367917329378
CC(=O)Oc1ccc(/C=N/NC(N)=O)cc1,-2.8399998487981453,-2.365988015863868,0.47401183293427707,0.47401183293427707
CC(C)CCCCCOC(=O)CCCCC(=O)OCCCCCC(C)C,-6.869905030745559,-6.256426198827867,0.6134788319176918,0.6134788319176918
Nc1ccc2cc3ccc(N)cc3nc2c1,0.37830029014267064,-1.6220759946222458,-2.0003762847649167,2.0003762847649167
CC(C)Oc1ccc(C(=O)NS(=O)(=O)c2ccc(N)cc2)cc1,-4.30000016747011,-4.152627176728806,0.14737299074130394,0.14737299074130394
CCOP(=S)(OCC)SCSCC,-3.7165998842587764,-3.7365937726611094,-0.01999388840233296,0.01999388840233296
C[S+](C)[O-],1.1072002628395938,0.775629529277928,-0.3315707335616658,0.3315707335616658
CNC(=O)C(C)(C(C)C)C(C)C,-1.3948675475877435,-1.7961265509472442,-0.4012590033595007,0.4012590033595007
CC[N+](=O)[O-],-0.21999972221335895,-0.30336052387733536,-0.08336080166397641,0.08336080166397641
CC(C)CC(NC(=O)CC(O)C(CC(C)C)NC(=O)C(Cc1c[nH]cn1)NC(=O)C(Cc1ccccc1)NC(=O)OC(C)(C)C)C(=O)NCc1ccncc1,-3.3599998679951155,-2.8691741141876155,0.49082575380750004,0.49082575380750004
O=[N+]([O-])c1cc([N+](=O)[O-])c(Cl)c([N+](=O)[O-])c1,-2.6689998425184753,-2.9215137037200027,-0.2525138612015274,0.2525138612015274
COCc1ccc(O)c(OC)c1,-1.8934475325628988,-1.6008198501055966,0.2926276824573022,0.2926276824573022
Oc1ccc(-c2ccc(O)cc2)cc1,-3.7423729594852135,-2.840300712960549,0.9020722465246647,0.9020722465246647
O=C(O)CCc1ccccc1,-1.40575138371483,-1.6165288310379626,-0.21077744732313253,0.21077744732313253
O=C(O)C(O)C(O)c1ccccc1,-0.3062996689509556,-0.7553976959488624,-0.4490980269979068,0.4490980269979068
CC(=O)[C@H]1CC[C@H]2[C@@H]3CCC4=CC(=O)CC[C@]4(C)[C@H]3CC[C@]12C,-4.552599907291224,-5.000457210373156,-0.44785730308193195,0.44785730308193195
CCCCC(CC)COC(=O)CSCC(=O)OCC(CC)CCCC,-6.654998508336611,-6.100650957818339,0.5543475505182718,0.5543475505182718
Nc1nc(=O)c2[nH]c(=O)cnc2[nH]1,-3.8599999083522407,-3.3516147675707626,0.5083851407814781,0.5083851407814781
COP(=S)(OC)Oc1cc(Cl)c(Cl)cc1Cl,-5.50719983089653,-5.603644203591241,-0.09644437269471062,0.09644437269471062
CC(CCN(CCC(C)CC(C)(C)C)C(=S)[S-])CC(C)(C)C,-6.102527295666127,-7.106503034553009,-1.003975738886882,1.003975738886882
CC(C)C(N)C(=O)NCC(=O)O,0.4579004105501494,-0.4123385683835976,-0.870238978933747,0.870238978933747
CCN(CC)CN(CC)CC,-0.19949996517691249,-0.1471458051785799,0.052354159998332594,0.052354159998332594
CC(C)CCCC(C)C1CCC2C3CC=C4CC(O)CCC4(C)C3CCC12C,-7.00000036469455,-5.936219497021687,1.0637808676728628,1.0637808676728628
CC12CCC(C1)C(C)(C)C2=O,-1.8499999041574111,-2.5820228392686038,-0.7320229351111927,0.7320229351111927
CNC(=O)n1cc(F)c(=O)[nH]c1=O,-2.2799999064282144,-1.9630891492643272,0.31691075716388717,0.31691075716388717
CCC(CO)NCCNC(CC)CO,0.5700000717082854,0.01735963804314311,-0.5526404336651423,0.5526404336651423
CCCCCCCCN=c1ccn(CCCCCCCCCCn2ccc(=NCCCCCCCC)cc2)cc1,-1.64278610467326,-4.10252009486509,-2.4597339901918303,2.4597339901918303
CC1=NN(c2cccc(S(=O)(=O)O)c2)C(=O)C1,-1.7718213919346677,-1.980229745332581,-0.2084083533979133,0.2084083533979133
CC(=O)OCC(C)OC(C)=O,-0.20459978353795893,-0.5558589519447148,-0.35125916840675586,0.35125916840675586
Nc1c[nH]c(=O)[nH]c1=O,-2.410000001807618,-1.9325010742106752,0.477498927596943,0.477498927596943
COC(=O)c1ccc(O)c(Br)c1,-3.1700000258831826,-2.7835374471510947,0.3864625787320879,0.3864625787320879
CCOP(=O)(Cc1cc(C(C)(C)C)c(O)c(C(C)(C)C)c1)OCC,-4.472808895663833,-4.131434248538056,0.34137464712577703,0.34137464712577703
O=C(O)c1c(Cl)c(Cl)c(Cl)c(Cl)c1C(=O)O,-1.9263998015863781,-2.4874146040834306,-0.5610148024970525,0.5610148024970525
CC[C@H](C)[C@@H](N)C(=O)O,-0.7874999952455011,-0.7984608503897324,-0.010960855144231285,0.010960855144231285
Br/C=C\Br,-1.319499884423502,-1.5257359702733435,-0.20623608584984154,0.20623608584984154
O=CNC(N1CCN(C(NC=O)C(Cl)(Cl)Cl)CC1)C(Cl)(Cl)Cl,-4.159999884257097,-3.000213353804049,1.1597865304530477,1.1597865304530477
O=[N+]([O-])c1ccccc1NS(=O)(=O)c1ccccc1,-4.01000024137195,-3.9064409954213963,0.10355924595055344,0.10355924595055344
CC1CN(N=O)CC(C)O1,-0.06549984987483004,-0.33164886352927203,-0.266149013654442,0.266149013654442
CC(=O)OC(c1ccc(Cl)c(Cl)c1)C(Cl)(Cl)Cl,-3.8278998864996576,-5.258395279060024,-1.4304953925603665,1.4304953925603665
CCCCC=O,-0.8499999614700724,-1.2655334320608904,-0.415533470590818,0.415533470590818
CCC1CCCCC1,-4.250699990936552,-4.69917841512449,-0.4484784241879378,0.4484784241879378
O=C(Nc1ccccc1)c1ccccc1O,-3.5885000053830134,-3.4561671171563635,0.1323328882266499,0.1323328882266499
CC12CCC(=O)C=C1CCC1C2C(O)CC2(C)C(C(=O)CO)CCC12,-3.2399999604493206,-3.923577312655364,-0.6835773522060435,0.6835773522060435
CC(C)c1ccccc1,-3.2923998418624003,-3.244897017275984,0.04750282458641619,0.04750282458641619
Cc1ccc(C(C)C)cc1O,-2.079799806473083,-2.6937917189310636,-0.6139919124579807,0.6139919124579807
CC12CCC(=O)C=C1CCC1C2C(=O)CC2(C)C1CCC2(O)C(=O)CO,-3.1099998478165527,-3.2896948939524724,-0.1796950461359197,0.1796950461359197
COc1cc(N)c2c(c1OC)C(=O)OC2,-2.0799998074692168,-2.733343123652032,-0.653343316182815,0.653343316182815
O[C@@H]1CO[C@H]2[C@@H]1OC[C@@H]2O,1.177450164144171,0.7726056356800659,-0.4048445284641051,0.4048445284641051
Cc1c(N(C)C)c(=O)n(-c2ccccc2)n1C,-0.6285996869112882,-1.0985208680015022,-0.46992118109021397,0.46992118109021397
CCCCC1OC(C)CC(C)(C)O1,-2.453297284398724,-2.2363495855018005,0.21694769889692367,0.21694769889692367
CC(=O)CO,1.1303004469065185,1.2623085578081832,0.13200811090166464,0.13200811090166464
NS(=O)(=O)c1ccccc1,-1.5629997859608917,-0.8101359948058708,0.7528637911550209,0.7528637911550209
C#CC(C)(O)CC(C)C,-1.036597854270954,-0.6502861993409437,0.3863116549300103,0.3863116549300103
CC/C=C\CCOC(=O)c1ccccc1,-3.704897410513974,-4.272889473435161,-0.5679920629211868,0.5679920629211868
O=C(O)C(=O)[C@@H](O)[C@H](O)[C@@H](O)CO,0.23732098203968022,0.4580113841877558,0.22069040214807556,0.22069040214807556
CCOC(=O)C(C)(C)c1ccccc1,-3.0458382963665946,-3.293382179398277,-0.2475438830316823,0.2475438830316823
Cc1ccc2cc3ccc4ccccc4c3cc2c1,-6.644000247899107,-7.351325786019281,-0.7073255381201742,0.7073255381201742
Clc1cc(Oc2ccccc2)c(Cl)c(Cl)c1Cl,-7.51999991805069,-7.909394818150915,-0.3893949001002248,0.3893949001002248
CCCC(C)CO,-1.1099998761750551,-1.1209033121237093,-0.010903435948654172,0.010903435948654172
CCCCCCC(C(C)O)n1cnc2c(N)ncnc21,-2.249999895035038,-2.5710473877783815,-0.32104749274334354,0.32104749274334354
CC(=O)OCn1ncc2c(=O)[nH]cnc21,-2.5599998517331337,-2.1577126859028244,0.4022871658303093,0.4022871658303093
CCC(C)(CCC(C)C)C(=O)[O-],-2.7160174162408244,-2.5667314587598424,0.14928595748098195,0.14928595748098195
CC(=O)Nc1cccc(N=C=S)c1,-3.529999921054208,-3.4153948298880845,0.11460509116612361,0.11460509116612361
CCc1ccccc1C,-3.2072000041237247,-3.198878982693475,0.008321021430249598,0.008321021430249598
Nc1c(S(=O)(=O)[O-])cc(Nc2cccc(S(=O)(=O)CCOS(=O)(=O)[O-])c2)c2c1C(=O)c1ccccc1C2=O,-0.4545356039488704,-0.8978029600843302,-0.44326735613545987,0.44326735613545987
CCCCOC(=O)n1cc(F)c(=O)[nH]c1=O,-1.589999920438972,-2.222501483403028,-0.632501562964056,0.632501562964056
CC(C)CCCCCCCCCCCCCCC(=O)OCC(COC(=O)CCCCCCCCCCCCCCC(C)C)(COC(=O)CCCCCCCCCCCCCCC(C)C)COC(=O)CCCCCCCCCCCCCCC(C)C,-7.380942772730419,-7.6988662333509215,-0.31792346062050214,0.31792346062050214
CCCOP(=O)(OCCC)OCCC,-1.5411999534361185,-1.215559408140773,0.3256405452953455,0.3256405452953455
Nc1ccc(S(=O)(=O)c2ccc(NCCO)cc2)cc1,-2.596999794470814,-2.6650307751309126,-0.06803098066009872,0.06803098066009872
CC(=O)OCC(=O)[C@@]1(O)CC[C@H]2[C@@H]3CCC4=CC(=O)C=C[C@]4(C)[C@H]3[C@@H](O)C[C@@]21C,-4.369200236078624,-4.6655743830204415,-0.2963741469418171,0.2963741469418171
CP(=O)(O)CCC(N)C(=O)[O-],0.8397002417661326,0.14712287924078993,-0.6925773625253426,0.6925773625253426
O=C(O)C1OC(c2ccccc2)OC1C1COC(c2ccccc2)O1,-2.4499999594873074,-2.623596096709806,-0.17359613722249856,0.17359613722249856
O=C(O)c1ccccc1C(=O)c1ccccc1O,-2.342799805133531,-2.8571101220790713,-0.5143103169455405,0.5143103169455405
O=C(O)CN1C(=O)N(c2ccccc2)C(=O)C1Cc1ccccc1,-2.9100000222155415,-2.5550443405090495,0.35495568170649205,0.35495568170649205
Cc1cc(C)c(CC(C)(C)C(=O)NO)c(C)c1,-3.519999940260968,-3.1566101041202743,0.36338983614069376,0.36338983614069376
Cc1cc(C(C)(C)C)c(OP2OCC3(CO2)COP(Oc2c(C(C)(C)C)cc(C)cc2C(C)(C)C)OC3)c(C(C)(C)C)c1,-7.8012385858813555,-7.395068170896296,0.4061704149850591,0.4061704149850591
COC(=O)c1ccc(C(=O)OC)cc1,-3.796856115594566,-2.834887323334472,0.9619687922600941,0.9619687922600941
FC(Cl)(Cl)CCl,-3.0399999046237327,-2.546047056221272,0.4939528484024609,0.4939528484024609
O=C(O)Cc1c[nH]c2ccccc12,-2.067399882739692,-2.640416711888282,-0.5730168291485902,0.5730168291485902
Nc1ccc(/C=C/c2ccc(N)cc2S(=O)(=O)[O-])c(S(=O)(=O)[O-])c1,-0.617390245297742,-1.2804397864973844,-0.6630495411996424,0.6630495411996424
Clc1cc(Cl)c(Oc2ccccc2)c(Cl)c1,-6.110000348759766,-6.75170458005732,-0.6417042312975534,0.6417042312975534
CC1(C)SC2C(NC(=O)C3(N)CCCCC3)C(=O)N2C1C(=O)O,-1.039999803582005,-2.0280691830517243,-0.9880693794697193,0.9880693794697193
COc1cc(S(=O)(=O)[O-])c(C)cc1NC(=O)CC(C)=O,-0.20187596044775402,-1.0068295900637736,-0.8049536296160196,0.8049536296160196
BrCBr,-1.2858946100772415,-1.5644445136534617,-0.2785499035762202,0.2785499035762202
CCCCOCCO,-0.41999989018581285,-0.26186963399613505,0.1581302561896778,0.1581302561896778
COc1nc(Nc2ccccc2)nc(Nc2ccc(/C=C/c3ccc(Nc4nc(Nc5ccccc5)nc(OC)n4)cc3S(=O)(=O)[O-])c(S(=O)(=O)[O-])c2)n1,-1.7615100224269498,-1.6447350446769942,0.1167749777499556,0.1167749777499556
Nc1nc(=O)[nH]cc1F,-0.9719998789772066,-1.6487869627187524,-0.6767870837415457,0.6767870837415457
CC(C)COC(=O)n1c(-c2cscn2)nc2ccccc21,-4.170000072090706,-3.9439763100457252,0.22602376204498054,0.22602376204498054
CC(=O)Nc1ccc(S(=O)(=O)Cl)cc1,-2.8772522751087464,-3.151046791387235,-0.2737945162784885,0.2737945162784885
COC(=O)CC(C)=O,0.6341003219557533,0.06634897796987271,-0.5677513439858806,0.5677513439858806
O=C(C(Cl)(Cl)Cl)C(Cl)(Cl)Cl,-1.1797977393413723,-2.3486960732861175,-1.1688983339447452,1.1688983339447452
CC(=O)OOC(=O)c1ccccc1,-2.4501999949901694,-2.2988027606030528,0.1513972343871166,0.1513972343871166
CCOP(=O)(C(=O)c1c(C)cc(C)cc1C)c1ccccc1,-3.9560818223748697,-3.917391498547194,0.03869032382767568,0.03869032382767568
CC1CN(C(=N)N)C(C)CN1C(=N)N,0.020000092878230902,-0.11913931648185727,-0.13913940936008817,0.13913940936008817
O=c1[nH]c(=O)n(C2CCCO2)cc1F,-1.0099997921888282,-1.4515645863592697,-0.4415647941704415,0.4415647941704415
CC1=Nc2ccccc2/C1=N/Nc1cc(Cl)c(S(=O)(=O)NCCS(=O)(=O)[O-])cc1Cl,-3.7561795844967962,-2.671628910133286,1.08455067436351,1.08455067436351
CCC(C#N)CC#N,-0.6915998626665631,-0.255737374329994,0.43586248833656915,0.43586248833656915
Nc1cc([N+](=O)[O-])cc(S(=O)(=O)[O-])c1O,-0.9940565795860417,-1.7704140695353705,-0.7763574899493288,0.7763574899493288
CC(=O)Oc1ccc(NC(=O)c2ccccc2)cc1,-4.139999922670617,-4.449251428435975,-0.3092515057653582,0.3092515057653582
Nc1nc2[nH]c(=O)cnc2c(=O)[nH]1,-4.550000170395308,-3.378197474158879,1.1718026962364294,1.1718026962364294
O=C(O)c1ccsc1,-1.4742998272696881,-1.249462958644829,0.2248368686248592,0.2248368686248592
O=C1CCCCCCCCCCCC(=O)OCCO1,-4.261695352808895,-3.337349755182948,0.9243455976259476,0.9243455976259476
CN(C)c1nc(N(C)C)nc(N(C)C)n1,-3.3638000249485724,-2.396846382118817,0.9669536428297554,0.9669536428297554
CCCCC(C)=O,-0.7999998504635029,-0.8970485049809018,-0.09704865451739897,0.09704865451739897
Cc1ccccc1N(O)C(=O)c1ccc(Cl)cc1Cl,-4.170000072090706,-3.9088004964762004,0.26119957561450535,0.26119957561450535
NCCC(=O)O,0.7865482862138635,0.5567922764563495,-0.22975600975751398,0.22975600975751398
CC(=O)CC(C)=O,0.18644867897336592,0.4493256266413681,0.2628769476680022,0.2628769476680022
C=CC(C)C,-2.7320000355271143,-2.680876092146047,0.051123943381067516,0.051123943381067516
O=C(O)CNC(=O)c1ccco1,-0.7271999019514901,-0.7019088167033134,0.025291085248176692,0.025291085248176692
CN(C)C(=O)NC[C@@]1(C)C[C@H](NC(=O)N(C)C)CC(C)(C)C1,-1.8938186179170091,-1.1909798516262542,0.7028387662907549,0.7028387662907549
Cc1ccccc1,-2.206298228097194,-2.8446315575123142,-0.6383333294151203,0.6383333294151203
C/C=C/C=O,0.3200002068099992,0.2342708633284536,-0.0857293434815456,0.0857293434815456
Clc1ccc(-c2ccccc2Cl)cc1,-5.280300150065168,-5.6609888646359625,-0.3806887145707947,0.3806887145707947
CC1=NN(c2ccccc2)C(=O)/C1=C/C1C(=O)N(c2ccccc2)N=C1C,-7.88227142564002,-5.927484877948293,1.954786547691727,1.954786547691727
O=C(O)CNc1c([N+](=O)[O-])cc([N+](=O)[O-])cc1[N+](=O)[O-],-2.392199913151699,-2.473993936825775,-0.08179402367407596,0.08179402367407596
C=CC(=O)OCC,-0.7399998276771491,-0.2836778861625677,0.4563219415145814,0.4563219415145814
CC(C)(C)c1cccc(C(C)(C)C)c1O,-4.7135873205685295,-4.80250770823891,-0.08892038767038013,0.08892038767038013
CCCN(CCC)S(=O)(=O)c1ccc(C(=O)O)cc1,-4.019999946111366,-2.9583968109896386,1.061603135121727,1.061603135121727
CC1C(N)CN1c1c(F)cc2c(=O)c(C(=O)O)cn(C3CC3)c2c1F,-4.170000072090706,-4.438209551494138,-0.2682094794034322,0.2682094794034322
CCN1CC(C)n2c(nc3ccccc3c2=O)C1C,-2.4599999402805475,-1.7471759965829123,0.7128239436976351,0.7128239436976351
CCCCC(C#N)(Cn1cncn1)c1ccc(Cl)cc1,-3.309999895015458,-4.2170923701327805,-0.9070924751173224,0.9070924751173224
CN(C)c1ccc(N=Nc2ccc(N)cc2)cc1,-4.5939998374371225,-4.623616962175175,-0.02961712473805278,0.02961712473805278
CN(C)CCCN1c2ccccc2Sc2ccccc21,-4.301700106923792,-4.4975520140696,-0.19585190714580847,0.19585190714580847
CCCCOCN(C(=O)CCl)c1c(CC)cccc1CC,-4.19299977256537,-3.746968289481271,0.44603148308409946,0.44603148308409946
O=C([O-])c1cc(Br)ccc1Cl,-1.951999929091521,-2.4529939702586248,-0.5009940411671037,0.5009940411671037
NC1CC1,1.2433950060495635,1.4561513452164312,0.21275633916686765,0.21275633916686765
CCn1ccc(NS(=O)(=O)c2ccc(N)cc2)nc1=O,-2.2299999334485574,-2.9740582804707363,-0.7440583470221789,0.7440583470221789
CCC1(C2=CCC3CCC2C3)C(=O)NC(=O)NC1=O,-2.696000028756648,-3.4644141216548143,-0.7684140928981664,0.7684140928981664
CC(C)=O,1.2360000761883687,0.6428062314313583,-0.5931938447570104,0.5931938447570104
CC(c1ccc(OC#N)cc1)c1ccc(OC#N)cc1,-5.217950909228987,-5.058837211288134,0.15911369794085317,0.15911369794085317
CCCN1CC(C)n2c(nc3ccccc3c2=O)C1C,-2.2399999142417975,-2.070169185697548,0.16983072854424952,0.16983072854424952
C=C(C)C(=O)OCCOC(=O)C(=C)C,-2.2613131328867433,-2.0385051218479244,0.22280801103881887,0.22280801103881887
COC(=O)C1C2C=CC(C2)C1C(=O)OC,-1.1999999103545858,-1.7946917611923705,-0.5946918508377848,0.5946918508377848
COC(=O)c1c(C)cc(O)c(C)c1O,-4.037430743763036,-2.7696421398482665,1.2677886039147692,1.2677886039147692
C=C(C)C(=O)OC(C)CO,-0.04493135543598559,-0.347265228403387,-0.30233387296740144,0.30233387296740144
[O-][S+](CCCl)CCCl,-1.1640999385889141,-1.275329478090992,-0.11122953950207792,0.11122953950207792
CN1CCC23c4c5ccc(O)c4OC2C(O)C=CC3C1C5,-3.1500000470433385,-2.0662467368996635,1.083753310143675,1.083753310143675
CC1=NN(c2ccccc2)C(=N)/C1=N/Nc1cc(Cl)c(S(=O)(=O)[O-])cc1Cl,-1.2370684179610232,-2.53628810492389,-1.2992196869628667,1.2992196869628667
COP(=S)(OC)Oc1ccc([N+](=O)[O-])c(Cl)c1,-3.871700035639532,-4.530969709841846,-0.6592696742023145,0.6592696742023145
O=C1CC(c2ccc(O)c(O)c2)Oc2cc(O)cc(O)c21,-3.6199998862202825,-2.8218368097492674,0.798163076471015,0.798163076471015
CC(=O)Nc1ccc(S(=O)(=O)Nc2nnc(S(N)(=O)=O)s2)cc1,-1.619999931832149,-2.097594028985224,-0.477594097153075,0.477594097153075
OCc1cc(Br)ccc1O,-0.2071999345146125,-1.144630414426963,-0.9374304799123505,0.9374304799123505
Cc1ccc2cccc(O)c2n1,-1.7306184261928295,-2.0586382794049154,-0.32801985321208593,0.32801985321208593
CCNc1ccccc1,-1.6520778003652845,-1.3623786349093443,0.2896991654559402,0.2896991654559402
Cc1cc(C)cc(OCC(=O)O)c1,-2.352699888948888,-2.3926450154376084,-0.039945126488720284,0.039945126488720284
O=C(Cc1ccccc1)NC(CSSCC(NC(=O)Cc1ccccc1)C(=O)O)C(=O)O,-1.832999819486027,-2.5245943613812996,-0.6915945418952725,0.6915945418952725
c1ccc2c3c(ccc2c1)Sc1ccc2ccccc2c1N3,-7.908100677819823,-6.867143112227518,1.0409575655923042,1.0409575655923042
CCCCCCCOC(=O)c1ccc(O)cc1,-4.072500207596521,-4.097607717051146,-0.025107509454624477,0.025107509454624477
CC1(C)C(=O)C(=O)C2CCC1C2,-1.519999847845922,-1.9884931405268844,-0.4684932926809624,0.4684932926809624
O=[N+]([O-])c1cc(Cl)c(Cl)c(Cl)c1Cl,-4.553100116821928,-5.612546111282519,-1.0594459944605914,1.0594459944605914
CCc1onc(C)c1N=C1C=C(O)C(=O)c2ccccc21,-2.7199999585057144,-4.043449200239865,-1.323449241734151,1.323449241734151
CCC1C2CC3C4N(C)c5ccccc5C45CC(C2C5O)N3C1O,-2.819999861331619,-2.6759376962591057,0.14406216507251335,0.14406216507251335
C=CCOc1ccc([N+](=O)[O-])cc1N,-2.7999998824917744,-3.297130058658645,-0.4971301761668707,0.4971301761668707
CCCCCCOC(=O)c1ccc(O)c(Cl)c1,-4.090000087717872,-4.29371221344673,-0.20371212572885788,0.20371212572885788
CC(=O)N(c1onc(C)c1C)S(=O)(=O)c1ccc(N)cc1,-3.5899998748271056,-3.142212689416696,0.4477871854104096,0.4477871854104096
C=C(C)[C@H]1CC=C(C)CC1,-4.3468379438856335,-4.307321252933146,0.03951669095248711,0.03951669095248711
CCCOC,-0.3856999263892127,-0.4901346770454098,-0.10443475065619712,0.10443475065619712
NC(Cc1c[nH]c2ccc(O)cc12)C(=O)O,-1.3429999324557824,-2.194111141862794,-0.8511112094070115,0.8511112094070115
CC(C)(C)[C@H](O)/C(=C\c1ccc(Cl)cc1)n1cncn1,-4.540299915042444,-4.563206309324295,-0.022906394281851483,0.022906394281851483
C[C@]12CCC(=O)C=C1CC[C@H]1[C@@H]3CC[C@](O)(C(=O)CO)[C@@]3(C)C[C@H](O)[C@@]12F,-3.434199996013706,-3.500338006583067,-0.06613801056936097,0.06613801056936097
C=CCCCCC,-3.732000098988001,-3.9755456874334105,-0.2435455884454094,0.2435455884454094
CCOP(=S)(OCC)Oc1cc(Cl)c(Br)cc1Cl,-5.952099769352399,-5.925605779562257,0.026493989790141725,0.026493989790141725
Nc1ccc(C(F)(F)F)cc1,-2.847330026784039,-2.5041158604893696,0.3432141662946693,0.3432141662946693
CCCCCC(O)C=CC1C(O)CC(=O)C1CC=CCCCC(=O)O,-2.4699999555805157,-2.640486380972339,-0.17048642539182346,0.17048642539182346
O=C(CCCN1CCC(O)(c2ccc(Br)cc2)CC1)c1ccc(F)cc1,-3.6693000627538397,-3.738232290138753,-0.06893222738491334,0.06893222738491334
CC(=O)OCCc1ccccc1,-2.231757292097817,-2.2315709557660153,0.0001863363318017619,0.0001863363318017619
S=C=Nc1ccc2ccccc2c1,-4.440000036602385,-5.040084184828689,-0.600084148226304,0.600084148226304
O=Nc1ccc(O)cc1,-1.5461998403125543,-1.3586756489022491,0.18752419141030519,0.18752419141030519
CCC[NH2+]CC,1.0546597665094595,0.5014302339819987,-0.5532295325274608,0.5532295325274608
Cn1c(=O)[nH]n(-c2ccccc2)c1=O,-2.9804000218565596,-2.3816754645978926,0.598724557258667,0.598724557258667
CCOC(=O)Nc1cccc(OC(=O)Nc2ccccc2)c1,-4.520000020975219,-4.129537206653402,0.3904628143218174,0.3904628143218174
O=C(O)C(Cl)(Cl)CCCl,-0.583099943385013,-0.6140579995774762,-0.030958056192463168,0.030958056192463168
Brc1cccc(Br)c1Br,-5.0402002654620555,-5.105261873154708,-0.06506160769265268,0.06506160769265268
CN(C)N=Nc1ccc(C(=O)O)cc1,-0.7999998504635029,-2.1912859380053975,-1.3912860875418946,1.3912860875418946
NCCc1ccc(O)cc1,-1.1161077050776933,-0.7681998301051207,0.3479078749725726,0.3479078749725726
CC[Si](CC)(CC)CC,-5.647500046590287,-6.205175425967626,-0.557675379377339,0.557675379377339
NCc1ccc(S(N)(=O)=O)cc1,0.3210003498175813,-1.0046741617990205,-1.3256745116166018,1.3256745116166018
CCCCCCCCCCCCCC(=O)NCC(=O)[O-],-0.3429714872110239,-3.7142838616813925,-3.3713123744703686,3.3713123744703686
COc1ccc(NS(=O)(=O)c2ccc([N+](=O)[O-])cc2)cc1,-4.639999928521014,-4.781828930297021,-0.14182900177600644,0.14182900177600644
NC(=O)NC1(O)NC(=O)NC1(O)C(=O)O,-0.36999991720615544,-1.0205306935007912,-0.6505307762946357,0.6505307762946357
C/C=C(\C)C(=O)OCCC(C)CCC=C(C)C,-5.791792828753451,-5.458057281096986,0.33373554765646496,0.33373554765646496
COc1ccc(C(=O)NN)cc1,-1.149999799348016,-1.7166536913530406,-0.5666538920050246,0.5666538920050246
O=C(O)c1ccc([N+](=O)[O-])c([N+](=O)[O-])c1,-1.5004998197363202,-2.16765793902528,-0.6671581192889597,0.6671581192889597
c1ccc2c(c1)-c1nc3nc(nc4[n-]c(nc5[n-]c(nc-2n1)c1ccccc51)c1ccccc41)-c1ccccc1-3,-6.98372119458687,-7.848042407676418,-0.8643212130895481,0.8643212130895481
CCCCC(CC)CO,-1.6991303466565748,-2.3503005671298434,-0.6511702204732686,0.6511702204732686
NNC(=O)CC(=O)NN,-0.12099991926162668,-0.17928150698803025,-0.05828158772640357,0.05828158772640357
CCCCCCN,-1.0999998263683588,-0.8093616638270498,0.29063816254130903,0.29063816254130903
CC(C)(CO)[N+](=O)[O-],1.4681000589730373,0.10233783906715921,-1.365762219905878,1.365762219905878
O=C(O)C(CO)c1ccccc1,-0.9304998793197852,-0.9749862292548834,-0.04448634993509826,0.04448634993509826
COc1ccccc1C(=O)O,-1.599999832218756,-1.7912170716984606,-0.19121723947970448,0.19121723947970448
C=NO,0.5768003816306639,0.7280759452944596,0.1512755636637957,0.1512755636637957
c1ccc(Nc2ccc3ccccc3c2)cc1,-5.495915026588788,-6.200225780887321,-0.7043107542985325,0.7043107542985325
CC(C)COC(N)=O,-0.29999984461310536,-0.7239064417936216,-0.42390659718051626,0.42390659718051626
CN(C)c1ncnc2[nH]cnc12,-1.2999998563139001,-1.5095189122762644,-0.2095190559623643,0.2095190559623643
CCCCCCCCCCCCCCCCCCN(CCO)CCO,-5.775274319979591,-4.573950324189074,1.201323995790517,1.201323995790517
CCC1(C)OC(=O)NC1=O,0.020300163385888137,-0.5811410654435827,-0.6014412288294708,0.6014412288294708
COc1c(C(=O)O)oc2ccccc12,-2.885699923291142,-2.691070725392564,0.1946291978985779,0.1946291978985779
CCCCCOC=O,-1.6020598838870093,-1.7290852232493819,-0.1270253393623726,0.1270253393623726
FC(F)(F)c1ccc(Cl)cc1,-3.72769517761573,-4.166311578909417,-0.43861640129368684,0.43861640129368684
CC(C)N1C(=O)c2ccccc2NS1(=O)=O,-2.681699923026344,-2.7451344867284497,-0.06343456370210587,0.06343456370210587
CC(C)OC(=O)C(O)(c1ccc(Cl)cc1)c1ccc(Cl)cc1,-5.354400174065508,-5.2920732935891435,0.062326880476364366,0.062326880476364366
O=Nc1ccc(NNC(=O)c2ccccc2)cc1,-4.6834998001128625,-4.1853476985662885,0.49815210154657397,0.49815210154657397
CCSC(=S)NC(C)C(=O)O,-1.2342998741511857,-1.3622965088964392,-0.12799663474525347,0.12799663474525347
O=C(O)C(=O)c1ccc2c(c1)OCO2,-1.1911998665246928,-2.2189675113502227,-1.02776764482553,1.02776764482553
CN(C)CCCN,0.9906301860411637,0.9176959373433413,-0.07293424869782239,0.07293424869782239
C=CC(=O)OCCCCCCCC(C)C,-5.199912586122187,-4.974057907044952,0.22585467907723444,0.22585467907723444
c1cc2c3c(c1)ccc1cccc(c13)C2,-5.237899938884776,-6.352145930232238,-1.1142459913474623,1.1142459913474623
NCCc1ccc(O)c(O)c1,0.12000003883754529,-0.6294888562812639,-0.7494888951188092,0.7494888951188092
Cc1ccc(N/N=C2\C(=O)C=Cc3ccccc32)c([N+](=O)[O-])c1,-7.969061091862974,-6.938861343826694,1.0301997480362797,1.0301997480362797
COC(=O)CCC(=O)OC,-0.07522301769516027,-0.30921893814918366,-0.2339959204540234,0.2339959204540234
O=C1NC(=O)C2CCCC12,0.1553575648373049,-0.8085848483638052,-0.9639424132011101,0.9639424132011101
O=C(O)c1ccccc1O,-1.8199999617776905,-1.0665753672774023,0.7534245945002882,0.7534245945002882
CCOC(=O)c1ccccc1,-2.3999022634536384,-2.042319909654101,0.3575823537995375,0.3575823537995375
OC1CCOC1,1.0550004169293756,1.062858013001089,0.007857596071713324,0.007857596071713324
Clc1cccc2ccccc12,-3.970599907106654,-4.990585387568122,-1.019985480461468,1.019985480461468
COc1ccc2[nH]c(=S)[nH]c2c1,-2.7506818055930093,-3.556092390556045,-0.8054105849630355,0.8054105849630355
NCCOCCN,0.9823284193652002,0.5711697117643513,-0.41115870760084894,0.41115870760084894
CCC1(C/C=C2/CCCc3cc(OC)ccc32)C(=O)CCC1=O,-4.8388172058538075,-3.4673831495549794,1.371434056298828,1.371434056298828
C[Si]1(C)O[Si](C)(C)O[Si](C)(C)O[Si](C)(C)O[Si](C)(C)O[Si](C)(C)O1,-7.940699874001266,-5.988056884259823,1.9526429897414435,1.9526429897414435
CC(O[N+](=O)O)C(C)O[N+](=O)O,-1.889999896343828,-1.8659146832162339,0.02408521312759415,0.02408521312759415
O=C1c2c(O)ccc(O)c2C(=O)c2c(NCCNCCO)ccc(NCCNCCO)c21,-1.838799848373911,-2.936710527167057,-1.0979106787931459,1.0979106787931459
Oc1cc(Cl)c(Cl)cc1Cl,-2.2162999342268392,-2.323960132279798,-0.10766019805295857,0.10766019805295857
C=C1C2CCC(C2)C1(C)C,-4.471540428338456,-5.182002766070873,-0.7104623377324168,0.7104623377324168
CC(C)CC(N)C(=O)NC(Cc1ccc(O)cc1)C(=O)O,-1.5799998706322758,-1.688542578256684,-0.10854270762440832,0.10854270762440832
OC1C=CC2C1C1(Cl)C(Cl)=C(Cl)C2(Cl)C1(Cl)Cl,-5.460000147916572,-5.567587157199206,-0.10758700928263387,0.10758700928263387
O=C(O)c1ccc([N+](=O)[O-])cc1,-2.7999998824917744,-2.2734256845884224,0.526574197903352,0.526574197903352
CCN(CC)C(=O)COC(=O)C(C)c1ccc2cc(OC)ccc2c1,-4.459999998188865,-4.180361476354185,0.27963852183467974,0.27963852183467974
C=C(c1ccccc1)c1ccccc1,-4.436299811133538,-4.373202602458814,0.06309720867472368,0.06309720867472368
O=C1C=CC(=C(c2ccc(O)cc2)c2ccc(O)cc2)C=C1,-2.3836998018025506,-3.2710326201879605,-0.8873328183854099,0.8873328183854099
CCCCCCCCCCCCCCCC(=O)OCC(O)[C@H]1OC[C@@H](O)[C@@H]1O,-6.905873739913629,-5.629801683768839,1.2760720561447894,1.2760720561447894
NC(=O)NN=CC(O)C(O)C(O)CO,0.020000092878230902,-0.612123138318811,-0.632123231197042,0.632123231197042
CCOP(=O)(OCC)SCc1ccccc1,-2.4154998221609327,-2.3337910301052918,0.08170879205564097,0.08170879205564097
CCC(C)OC,-0.7305999188857668,-0.9577653015235863,-0.2271653826378195,0.2271653826378195
Cn1cc(-c2ccccc2)c(=O)c(-c2cccc(C(F)(F)F)c2)c1,-4.438399752579489,-4.239195447784197,0.19920430479529205,0.19920430479529205
NC(=S)Nc1cccc([N+](=O)[O-])c1,-1.4498998437682613,-2.5576913516224784,-1.107791507854217,1.107791507854217
CCOc1ccccc1,-2.3318416070073638,-2.3581767968347367,-0.02633518982737293,0.02633518982737293
CCCOC1=CC(=O)CC(C)C12Oc1c(Cl)c(OC)cc(OC)c1C2=O,-4.520000020975219,-4.448014431246636,0.07198558972858304,0.07198558972858304
CCOc1ccccc1NC(=O)C1=Cc2ccccc2/C(=N\Nc2ccc(C(N)=O)cc2)C1=O,-7.581973449631194,-7.067667506413441,0.514305943217753,0.514305943217753
O=[N+]([O-])c1cc([N+](=O)[O-])c([O-])c([N+](=O)[O-])c1[O-],-2.8083912631406434,-2.38442427055925,0.42396699258139314,0.42396699258139314
O=C1NC(=O)C([N+](=O)[O-])C(=O)N1,-2.283999857337437,-1.8072901676258586,0.47670968971157857,0.47670968971157857
Cc1ncc2nccnc2n1,-0.11909984078489799,-0.41191151311649055,-0.29281167233159255,0.29281167233159255
CC(CCCO[N+](=O)O)O[N+](=O)O,-2.439999978694067,-2.425314432810758,0.014685545883308837,0.014685545883308837
C#CC(O)CCC,-0.41209978182506646,-0.5262405849644507,-0.11414080313938424,0.11414080313938424
CC(C)=CCC/C(C)=C/COC=O,-3.7461506870653984,-3.180331064225924,0.5658196228394745,0.5658196228394745
Cc1cc(Cl)ccc1N=CN(C)C,-2.8800000501816014,-3.1165737073356996,-0.23657365715409817,0.23657365715409817
COc1cc(Cl)c(OC)cc1N,-3.0061213369908297,-2.5933268638239038,0.41279447316692597,0.41279447316692597
CCC(C)n1ncn(-c2ccc(N3CCN(c4ccc(O)cc4)CC3)cc2)c1=O,-4.828521778454477,-3.8225391282606322,1.005982650193845,1.005982650193845
CC1COC2CC3(C)C(CC4C5C=C6CC(O)CCC6(C)CC5CCC43C)OC2C1,-7.320000026132062,-5.27572566213289,2.044274363999172,2.044274363999172
CC(C)OC(=O)C1(S(=O)(=O)c2ccc(Cl)cc2)CCCC1,-4.649799839304664,-4.099346856147962,0.5504529831567018,0.5504529831567018
O=C(NCNC(=O)NC1C(=O)NC(=O)N1CO)NC1C(=O)NC(=O)N1CO,0.41083626999821377,-0.48035767872922586,-0.8911939487274396,0.8911939487274396
C/C=C/OC1CCC(O/C=C/C)CC1,-3.9037320792377352,-2.7561330232197787,1.1475990560179565,1.1475990560179565
C=CCC1(c2ccccc2)C(=O)NC(=O)NC1=O,-2.1799999604689,-2.6942495887063744,-0.5142496282374744,0.5142496282374744
Cc1ccnc(C)c1,0.44710008070509266,0.010190796264534452,-0.4369092844405582,0.4369092844405582
O=C(O)/C=C/c1ccco1,-1.8391999193796351,-1.7969687911669883,0.04223112821264685,0.04223112821264685
NCCCCCCN,0.4951342743976972,0.5776130840911446,0.08247880969344745,0.08247880969344745
CC(Oc1ccccc1Cl)C(=O)O,-2.22319996859346,-1.9913488483319313,0.23185112026152854,0.23185112026152854
O=C(O)C(c1ccccc1)c1ccccc1,-3.2230398345690894,-2.83125781940489,0.3917820151641993,0.3917820151641993
O=Cc1ccc(C=O)cc1,-2.8264998678259254,-2.0000879532799796,0.8264119145459459,0.8264119145459459
Nc1cnc2ncncc2n1,-2.3399998256943837,-1.7969378731386005,0.5430619525557832,0.5430619525557832
Cc1onc(NS(=O)(=O)c2ccc(N)cc2)c1C,-2.1899999412621405,-3.31079065119686,-1.1207907099347194,1.1207907099347194
COC(=O)c1cc(O)c(O)c(O)c1,-1.2398999020429358,-1.7692206888503643,-0.5293207868074286,0.5293207868074286
CCCCC(CCC(=O)O)CC(=O)O,-1.397399927350386,-1.768833247307129,-0.371433319956743,0.371433319956743
Fc1ccc(C(c2ccc(F)cc2)[NH+]2CC[NH2+]CC2)cc1,-2.8786010093970513,-1.8314806262741927,1.0471203831228586,1.0471203831228586
CCOS(C)(=O)=O,0.40200006311726044,-0.20200901839135144,-0.6040090815086119,0.6040090815086119
CC(C)CC(C)CO,-1.6006999047186812,-1.1179100605004102,0.482789844218271,0.482789844218271
O=c1[nH]c(=O)c2nc[nH]c2[nH]1,-3.869999889145481,-3.074298997125448,0.795700892020033,0.795700892020033
Oc1c(Cl)cc(Cl)cc1Cc1ccccc1,-4.639900273090228,-4.524933240852944,0.114967032237284,0.114967032237284
O=P(O)(O)CCCl,0.8401002437584002,0.1789060603158541,-0.6611941834425461,0.6611941834425461
CCOC(=O)C(C)O,0.9276004725266254,0.48880877705413184,-0.4387916954724935,0.4387916954724935
CCOP(=S)(OCC)Oc1nc(Cl)n(C(C)C)n1,-3.6577000049780715,-4.298581802917816,-0.6408817979397448,0.6408817979397448
O=C1NC2C=CC1C2,0.9361611776903374,0.6646028893371452,-0.2715582883531922,0.2715582883531922
COC(=O)C1=CO[C@@H](O[C@@H]2O[C@H](CO)[C@@H](O)[C@H](O)[C@H]2O)[C@@H]2[C@@H](C)[C@@H](O)C[C@H]12,-0.5910998452034577,-1.1836397184493004,-0.5925398732458427,0.5925398732458427
CCCCCCCC/C=C\CCCCCCCC(=O)N(C)CC(=O)O,0.7757808067739687,-3.750925797114916,-4.526706603888885,4.526706603888885
CC(C)CCCCCC(=O)NCCCCCC(=O)O,-2.7708534467785264,-2.889689373371666,-0.1188359265931398,0.1188359265931398
Cc1ccc(O)c([N+](=O)[O-])c1,-2.3836998018025506,-2.288261300232288,0.09543850157026279,0.09543850157026279
CCCCCCCCCCCCCCCCOC(=O)C(CC)CCCC,-6.867639733058499,-7.6039340835089675,-0.7362943504504686,0.7362943504504686
O=CC1CCC2C3CCC(C3)C12,-2.4199675462764336,-2.7242840723209345,-0.3043165260445009,0.3043165260445009
CCN(CC)C(=O)/C(Cl)=C(/C)OP(=O)(OC)OC,0.5233000461513821,0.33106195962722884,-0.1922380865241533,0.1922380865241533
O=c1cc/c(=N\Nc2ccc(S(=O)(=O)[O-])c3ccccc23)c(=O)/c1=N/Nc1ccc(S(=O)(=O)[O-])c2ccccc12,-2.6038409948660046,-1.652868142465949,0.9509728524000556,0.9509728524000556
O=C1NC(=O)C2(CCCCCCCCCCC2)C(=O)N1,-5.800000185021302,-4.178230892933672,1.62176929208763,1.62176929208763
CCCCCCCCCCCCCCCCCCCCCC(=O)OCC(O)CO,-6.918733983400026,-6.3562941910588835,0.5624397923411424,0.5624397923411424
CCCCCCCCCCCC(=O)OOC(=O)CCCCCCCCCCC,-6.600567871467444,-6.5842795915835435,0.01628827988390036,0.01628827988390036
Cc1cnc(C2=NC(C)(C(C)C)C(=O)N2)c(C(=O)O)c1,-2.0910998627546498,-2.7900008161268293,-0.6989009533721795,0.6989009533721795
CC[C@]12CC[C@@H]3C4=C(CC[C@H]3[C@@H]1CC[C@@H]2O)CC(OC)=CC4,-4.70251369743683,-4.670652393129322,0.03186130430750822,0.03186130430750822
CC(=O)C(N=Nc1cc(Cl)c(-c2cc(Cl)c(N=NC(C(C)=O)C(=O)Nc3ccc(C)cc3C)cc2Cl)cc1Cl)C(=O)Nc1ccc(C)cc1C,-8.4626878430581,-9.173496076233107,-0.7108082331750065,0.7108082331750065
OC[C@H]1NC[C@H](O)[C@@H](O)[C@@H]1O,0.40435231775916103,0.10695207875022161,-0.2974002390089394,0.2974002390089394
CC1CCC(C(C)C)C(O)C1,-2.4880091205020625,-2.2011068288797393,0.28690229162232317,0.28690229162232317
C=C1CC/C=C(\C)CC[C@@H]2[C@@H]1CC2(C)C,-6.337261660101736,-4.961963160814979,1.3752984992867567,1.3752984992867567
O=C(O)c1ccccc1Nc1cccc(O)c1,-3.539999901847448,-3.2042565802158185,0.3357433216316297,0.3357433216316297
CC(CC=O)CCCC(C)(C)O,-2.8072935868660545,-1.9782025440694897,0.8290910427965648,0.8290910427965648
NNC(=O)Nc1ccccc1,-2.3299998449011436,-1.5176898294392296,0.8123100154619141,0.8123100154619141
Cc1cc(O)c(C(C)C)cc1C(=O)CCl,-2.5799998478263424,-3.5801123859675084,-1.000112538141166,1.000112538141166
NS(=O)(=O)c1cc2c(s1)S(=O)(=O)CC(O)C2,-1.5399998094324026,-2.208635782872919,-0.6686359734405165,0.6686359734405165
O=C1C(O)=C(O)O[C@@H]1[C@H](O)C[O-],-0.13254449021859127,0.25530947743108845,0.3878539676496797,0.3878539676496797
CSc1nc2ccccc2s1,-3.161400034809516,-3.9981116383357143,-0.8367116035261981,0.8367116035261981
O=[N+](O)OCCCCCCCCO[N+](=O)O,-4.139999922670617,-4.096855194324491,0.04314472834612548,0.04314472834612548
C#CC1(OC(=O)c2ccccc2)CCC2C3CCC4=CC(=O)CCC4C3CCC21C,-7.750000235443235,-5.992101072794483,1.7578991626487515,1.7578991626487515
O=S(=O)(c1ccc(Cl)cc1)c1cc(Cl)c(Cl)cc1Cl,-6.659400186574507,-5.9339856694706645,0.7254145171038422,0.7254145171038422
CC1C(N)CN1c1cc2c(cc1F)c(=O)c(C(=O)O)cn2C1CC1,-4.630000154768142,-4.401330692865401,0.22866946190274096,0.22866946190274096
CCCC(C)C,-3.740000000806446,-3.876227525408122,-0.1362275246016762,0.1362275246016762
CC(C)C1(Br)C(=O)NC(=O)NC1=O,-2.2087999658852735,-1.8528427754596004,0.3559571904256731,0.3559571904256731
Cc1ccc(C)c(C)c1,-3.309999895015458,-3.345577573940569,-0.03557767892511077,0.03557767892511077
Nc1ccc(OP(=S)(Oc2ccc(N)cc2)Oc2ccc(N)cc2)cc1,-5.309407265361734,-5.159053307392338,0.15035395796939532,0.15035395796939532
CC(C)C1(C)N=C(c2nc3ccccc3cc2C(=O)O)NC1=O,-3.7200000392199657,-3.565902170263935,0.15409786895603084,0.15409786895603084
O=Cc1ccccc1,-1.2095722147596126,-1.2491326602433461,-0.0395604454837335,0.0395604454837335
CCCCC(=O)CCCC,-2.5799998478263424,-2.5654405965679214,0.014559251258420947,0.014559251258420947
CCCC(O)C(CC)CO,-0.541799806696813,-0.7744815729174404,-0.2326817662206273,0.2326817662206273
CCCCCCCCOCCO,-2.124999893572438,-2.068641572844054,0.056358320728384204,0.056358320728384204
CCCCCC(O)/C=C/C1C(O)CC(O)C1C/C=C/CCCC(=O)O,-2.3299998449011436,-2.7560406487086246,-0.426040803807481,0.426040803807481
COC(=O)Nc1nc2cc(C(=O)c3ccccc3)ccc2[nH]1,-3.8800000769790897,-5.269367314384164,-1.3893672374050743,1.3893672374050743
CCS(=O)(=O)c1cccnc1S(=O)(=O)NC(=O)Nc1nc(OC)cc(OC)n1,-4.634900110159967,-3.550337220414706,1.0845628897452615,1.0845628897452615
OCCc1ccccc1,-0.7859237279053701,-0.9587537122436105,-0.17282998433824037,0.17282998433824037
CC1CCc2c(N3CCC(O)CC3)c(F)cc3c(=O)c(C(=O)O)cn1c23,-3.779999923979407,-4.077572696628904,-0.297572772649497,0.297572772649497
CCCCC(CC)COC(=O)CCCCCCCCC(=O)OCC(CC)CCCC,-3.3290743516472614,-6.919474083704561,-3.5903997320572993,3.5903997320572993
CC(C)CCCCCCCCCCCCCCC(=O)O,-6.655742197340869,-5.863662613902491,0.7920795834383778,0.7920795834383778
O=C1Cc2cccc(F)c2N1,-2.2251369002558117,-2.067156058198856,0.1579808420569555,0.1579808420569555
OC[C@H]1O[C@H](O)[C@H](O)[C@@H](O)[C@@H]1O,0.4433001998054604,0.38205075740764727,-0.06124944239781316,0.06124944239781316
NCC(=O)Nc1ccc(S(=O)(=O)Nc2nnc(S(N)(=O)=O)s2)cc1,-1.1899998605478892,-1.8159873814059793,-0.6259875208580901,0.6259875208580901
CC(C)C(C(=O)OC(C#N)c1cccc(Oc2ccccc2)c1)c1ccc(OC(F)F)cc1,-6.876500232676043,-6.937792463416715,-0.061292230740671805,0.061292230740671805
CC(=O)Nc1ccc(OP(=O)(O)O)cc1,0.13000008864424206,-1.241469820145094,-1.371469908789336,1.371469908789336
CC(C)OP(=S)(S)OC(C)C,-0.5528546581684202,-1.1578671953305129,-0.6050125371620927,0.6050125371620927
O=c1n(CC2CO2)c(=O)n(CC2CO2)c(=O)n1CC1CO1,-1.4954229138427397,-1.2174195968398047,0.278003317002935,0.278003317002935
CN1CC2c3ccccc3Oc3ccc(Cl)cc3C2C1,-2.129999987489243,-3.3127513925016085,-1.1827514050123655,1.1827514050123655
OCc1ccc(Cl)c(Cl)c1,-2.0438999037208676,-2.2573346451624063,-0.21343474144153873,0.21343474144153873
COC(=O)c1c(C(=O)O)cccc1[N+](=O)[O-],-2.085299833866766,-1.8509570517817664,0.23434278208499948,0.23434278208499948
CCCc1ccc(O)cc1,-2.027599960562865,-2.3095543669480163,-0.2819544063851511,0.2819544063851511
Cc1cccc(C)c1O,-1.2923960917341748,-1.2346003587395802,0.05779573299459462,0.05779573299459462
N#CSCSc1nc2ccccc2s1,-3.280299850609754,-3.8204306291461108,-0.5401307785363567,0.5401307785363567
CCOc1ccc(NC(=O)CO)cc1,-2.105799797943581,-1.7158917827963398,0.3899080151472414,0.3899080151472414
CC(C)C1=CC2=CCC3C(C)(C(=O)O)CCCC3(C)C2CC1,-3.7999999545793433,-4.197498897803452,-0.39749894322410917,0.39749894322410917
CCCCOc1ccccc1,-3.6132495420402093,-3.632989322896729,-0.01973978085651984,0.01973978085651984
CCN(CC)c1ccc(C=CC2=[N+](C)c3ccccc3C2(C)C)cc1,-0.9804540273645104,-1.6443818338080454,-0.663927806443535,0.663927806443535
CCSCCSP(=S)(OC)OC,-3.0905000612540476,-3.1225281538318823,-0.03202809257783468,0.03202809257783468
CCC(=O)OC1C=CC2C3CCC(C3)C12,-3.558592748075,-3.7512157226445084,-0.19262297456950828,0.19262297456950828
CN(C)CC/C=C1/c2ccccc2Sc2ccc(Cl)cc21,-5.869999981560527,-5.743399765088487,0.12660021647204012,0.12660021647204012
Cc1csc(=S)n1CC(=O)O,-1.9631998468481087,-1.8149033180356302,0.14829652881247846,0.14829652881247846
CC(=O)O[C@@H]1[C@H]2OC(C)(C)O[C@H]2O[C@@H]1[C@H]1COC(C)(C)O1,-1.522899793276408,-1.8130373322062758,-0.29013753892986793,0.29013753892986793
CC(=O)Nc1ccc2nc(S(N)(=O)=O)sc2c1,-3.1600000278365785,-2.979974950726319,0.1800250771102596,0.1800250771102596
COCCO[Si](CCCl)(OCCOC)OCCOC,-1.102899909825757,-1.1134683544579052,-0.010568444632148122,0.010568444632148122
Clc1ccccc1-c1c(Cl)c(Cl)cc(Cl)c1Cl,-7.3998999409933734,-7.755586460643739,-0.3556865196503658,0.3556865196503658
Cc1c(C(N)=O)cc([N+](=O)[O-])cc1[N+](=O)[O-],-2.352499853446026,-2.5680654198551744,-0.21556556640914826,0.21556556640914826
CN1C(C(=O)Nc2ccccn2)=C(O)c2ccccc2S1(=O)=O,-4.500000059388738,-3.656507935548734,0.8434921238400044,0.8434921238400044
CCCC(C)(O)CC,-1.000999885389714,-0.9842178832399944,0.016782002149719588,0.016782002149719588
COc1ccc(-c2ccccc2)cc1NNC(=O)OC(C)C,-4.902500200744951,-4.847674392825453,0.05482580791949854,0.05482580791949854
OC(=S)CCCCCCCCC(O)=S,-3.0699998728834994,-2.6319137019739727,0.43808617090952673,0.43808617090952673
O=C1OCc2ccc([N+](=O)[O-])cc21,-2.651099839631309,-2.7538072697450673,-0.10270743011375849,0.10270743011375849
CCCCCCCCCCCCCCCCCCP(=O)(OC)OC,-5.529966541942986,-5.793730450550365,-0.26376390860737864,0.26376390860737864
CCN(CC)CCNC(=O)c1cc(Cl)c(N)cc1OC,-3.2028245509991935,-2.481637591183197,0.7211869598159963,0.7211869598159963
O=C(O)CCC(=O)c1ccc(-c2ccccc2)cc1,-5.060900299548461,-3.4675628260882556,1.5933374734602053,1.5933374734602053
NS(=O)(=O)c1nnc(NC(=O)c2c(F)c(F)c(F)c(F)c2F)s1,-1.3699999289069502,-2.160452106034136,-0.7904521771271857,0.7904521771271857
FC(F)(F)C(F)(Cl)Cl,-3.0961000373857055,-3.07521418456842,0.0208858528172855,0.0208858528172855
CCCCC[C@H]1CCC(=O)O1,-1.8552938573708126,-2.0750595482189578,-0.21976569084814512,0.21976569084814512
CCCCN(C)C(=O)Nc1ccc(Cl)c(Cl)c1,-4.758399966124649,-3.705998037113816,1.0524019290108333,1.0524019290108333
NS(=O)(=O)c1nnc(NS(=O)(=O)c2ccc(Br)cc2)s1,-2.129999987489243,-1.6647243781912162,0.4652756092980268,0.4652756092980268
Cc1ccc(S(=O)(=O)C2(C(=O)OC(C)C)CC2)cc1,-3.230699983142549,-3.8629425040986725,-0.6322425209561233,0.6322425209561233
CC(=O)Nc1nc2c(ncn2COCCO)c(=O)[nH]1,-1.9199998387235486,-1.9455097656414084,-0.025509926917859804,0.025509926917859804
CCCC[C@@H](CC)COC(=O)/C=C/c1ccc(OC)cc1,-6.4216085260282245,-6.028515332835928,0.3930931931922963,0.3930931931922963
O=C(Nc1cccc([N+](=O)[O-])c1)c1cc2ccccc2cc1O,-6.6438658096863845,-5.29331415553203,1.350551654154354,1.350551654154354
C#CC(C)(O)CC/C=C(\C)CC,-2.3027679287303386,-2.170840977653192,0.1319269510771468,0.1319269510771468
CCCCOc1ccc([N+](=O)[O-])cc1N,-3.819999916165824,-3.751199090401559,0.06880082576426494,0.06880082576426494
Clc1cc(-c2cc(Cl)c(Cl)c(Cl)c2Cl)cc(Cl)c1Cl,-8.720200236746987,-9.306653951315445,-0.5864537145684583,0.5864537145684583
CC(C)Cc1nnc(NS(=O)(=O)c2ccc(N)cc2)s1,-3.8225998601021085,-3.0085347979417185,0.81406506216039,0.81406506216039
COC(=O)c1ccc(N)cc1,-1.597399819269015,-1.9527529349123691,-0.35535311564335403,0.35535311564335403
O=C(O)c1ccccc1N=Nc1ccc(O)cc1,-3.329999891108667,-3.555178376341829,-0.2251784852331622,0.2251784852331622
CCCCNC(=O)OCC#CI,-3.2033373899923863,-2.725245809340129,0.47809158065225743,0.47809158065225743
Cc1ccc2nc(-c3ccc(N=Nc4ccc(-c5nc6ccc(C)c(S(=O)(=O)[O-])c6s5)cc4)cc3)sc2c1S(=O)(=O)[O-],-1.2223094762670212,-1.2508697289364763,-0.028560252669455055,0.028560252669455055
COC(CC(=O)O)c1ccccc1,-1.695199892297769,-1.3999843432590209,0.295215549038748,0.295215549038748
Cc1cc(O)c(C(C)C)cc1Cl,-2.26639997671802,-3.6426817797290405,-1.3762818030110204,1.3762818030110204
[NH-]S(=O)(=O)c1ccc(O)c(N=Nc2c(O)ccc3ccccc23)c1,-2.2022036597394896,-2.9031079702256353,-0.7009043104861457,0.7009043104861457
COc1c(C(=O)O)cc(C(=O)O)cc1C(=O)O,-1.5353999245482346,-1.515068284291147,0.02033164025708767,0.02033164025708767
Cn1c(=O)c2c(n(C)c1=O)n(C)c(=O)n2C,-0.9526998518637388,-0.7491512880261291,0.20354856383760978,0.20354856383760978
C[C@@H]1CN(c2c(F)c(N)c3c(=O)c(C(=O)O)cn(C4CC4)c3c2F)C[C@H](C)N1,-3.3699998487883556,-3.97855812479754,-0.6085582760091843,0.6085582760091843
CC(=O)NS(=O)(=O)c1ccc(N)cc1,-1.409999852079911,-2.166678569068021,-0.7566787169881097,0.7566787169881097
CC1CC(OC(=O)c2ccccc2O)CC(C)(C)C1,-5.816819316410469,-4.0793776745629575,1.7374416418475116,1.7374416418475116
O=c1ncc2[nH]cnc2[nH]1,-1.7135999839420903,-2.189391449618623,-0.4757914656765325,0.4757914656765325
Nc1cc([N+](=O)[O-])ccc1I,-4.421599944958063,-3.3672572885447862,1.0543426564132772,1.0543426564132772
CN(N=O)C(N)=O,-0.8547998473503742,-0.6984948590508795,0.15630498829949468,0.15630498829949468
CCCCC(NC(N)=O)C(=O)O,-2.1599999988824194,-1.68063694881944,0.4793630500629795,0.4793630500629795
CC1CCC(C(C)C)c2nc(NS(=O)(=O)c3ccc(N)cc3)ncc21,-4.179999845843577,-4.1428677078305025,0.03713213801307447,0.03713213801307447
CC(=O)Oc1c(C)c(C)c2c(c1C)CC[C@@](C)(CCC[C@H](C)CCC[C@H](C)CCCC(C)C)O2,-5.771545384912955,-6.598234388485636,-0.8266890035726808,0.8266890035726808
O=C(O)c1cn(C2CC2)c2cc(N3CC4CC3CN4)c(F)cc2c1=O,-3.650000035640372,-4.529349549943558,-0.8793495143031862,0.8793495143031862
CCC=C(C)C1(CC)C(=O)NC(=O)NC1=O,-2.3099998488079354,-2.344520483130808,-0.034520634322872557,0.034520634322872557
CC(Oc1ccc(Oc2ncc(Cl)cc2Cl)cc1)C(=O)N1CCCO1,-4.592199828471918,-5.096571836774034,-0.5043720083021164,0.5043720083021164
CN(C)C=O,1.1361127601896102,1.024143672490648,-0.11196908769896208,0.11196908769896208
Cn1nnnc1SCC1=C(C(=O)O)N2C(=O)C(NC(=O)C(O)c3ccccc3)C2SC1,-0.13999987586743723,-1.9593878885936373,-1.8193880127262,1.8193880127262
COc1cc([C@@H]2c3cc4c(c(O)c3C[C@H]3COC(=O)[C@@H]32)OCO4)cc(OC)c1O,-4.125400126006665,-3.949867988803473,0.1755321372031915,0.1755321372031915
CCN(CC)c1ccc(N=Nc2c(Cl)cc([N+](=O)[O-])cc2[N+](=O)[O-])c(NC(C)=O)c1,-7.115885275899599,-6.563899641907099,0.5519856339924996,0.5519856339924996
CCSCc1ccccc1OC(=O)NC,-2.092699870723721,-2.3891001392587197,-0.29640026853499846,0.29640026853499846
CC(=O)CC(=O)Nc1ccc(NC(=O)CC(C)=O)cc1,-3.127500952926751,-2.2116331062901353,0.9158678466366155,0.9158678466366155
CCCCOCc1ccc(O)c(OC)c1,-2.094896707062208,-2.282209579269559,-0.1873128722073507,0.1873128722073507
COC1=CC=C2C3Cc4ccc(OC)c5c4C2(CCN3C)C1O5,-2.660000004732817,-2.3665126561580747,0.29348734857474224,0.29348734857474224
CC(=O)Oc1ccc2c(c1)CC(=O)N2,-1.5399998094324026,-2.78274382691126,-1.2427440174788573,1.2427440174788573
O=c1cnc2nc[nH]c(=O)c2[nH]1,-2.959999976324332,-2.597972677163188,0.36202729916114373,0.36202729916114373
CCCCC(CO[N+](=O)O)O[N+](=O)O,-3.099999849769948,-3.1849110387279715,-0.08491118895802341,0.08491118895802341
COC(=O)C(C)N(C(=O)Cc1ccccc1)c1c(C)cccc1C,-3.9442000516707996,-3.2525100296588434,0.6916900220119562,0.6916900220119562
OC1CC(O)C(O)C(O)C1O,-0.16999974923370154,-0.12155368323435889,0.04844606599934265,0.04844606599934265
Clc1cc(Cl)c(-c2c(Cl)cccc2Cl)c(Cl)c1,-7.316000282263207,-7.451161756006609,-0.13516147374340193,0.13516147374340193
Cc1ccc(S(=O)(=O)[O-])cc1,0.3082502518073156,-0.6033852065995191,-0.9116354584068347,0.9116354584068347
CCCS,-1.6020999116916186,-1.6112809097998617,-0.009180998108243132,0.009180998108243132
COc1ccc(OC)c([N+](=O)[O-])c1,-3.017325102247602,-3.1058401825162663,-0.08851508026866428,0.08851508026866428
CC1=CC(=O)c2ccccc2C1=O,-3.031899872906991,-3.448620185157838,-0.41672031225084716,0.41672031225084716
CC(C)(O)c1cccc(C(C)(C)O)c1,-1.8635328908150697,-1.9968074676518808,-0.1332745768368111,0.1332745768368111
COCC(C)OC(C)=O,0.08302345715479698,-0.11732343442172066,-0.20034689157651764,0.20034689157651764
Fc1ccccc1CCl,-2.5409997916071387,-2.4338399756185245,0.10715981598861424,0.10715981598861424
CCCc1nnc(NS(=O)(=O)c2ccc(N)cc2)s1,-3.3074998480570557,-3.0378013515755224,0.2696984964815332,0.2696984964815332
Clc1ccc(Cl)c(-c2cc(Cl)c(Cl)cc2Cl)c1,-7.326300126523737,-7.659195090283408,-0.33289496375967076,0.33289496375967076
O=C(OCC(=O)N(C1CCCCC1)C1CCCCC1)c1ccccc1,-5.059999949998577,-4.835079022984038,0.22492092701453892,0.22492092701453892
O=C(O)c1ccc(O)c(O)c1,-0.927799796858521,-1.4006717172830008,-0.4728719204244798,0.4728719204244798
CC(CCC(=O)O)=NNC(=O)c1ccncc1,-1.589999920438972,-1.247222781855834,0.3427771385831382,0.3427771385831382
C=CCOC(Cn1ccnc1)c1ccc(Cl)cc1Cl,-3.217799849878454,-3.264779794013798,-0.04697994413534401,0.04697994413534401
O=C(O)c1ccc(N=Nc2ccc(O)cc2)cc1Cl,-2.619999805506031,-3.8124577806025055,-1.1924579750964743,1.1924579750964743
CCOc1nc2cccc(C(=O)O)c2n1Cc1ccc(-c2ccccc2-c2nn[nH]n2)cc1,-6.497781438199675,-4.366742942956352,2.131038495243323,2.131038495243323
Clc1ccc(-c2ccc(Cl)cc2)cc1,-6.556100017138614,-6.257747944541448,0.298352072597166,0.298352072597166
CCCN(CCC)c1c([N+](=O)[O-])cc(S(N)(=O)=O)cc1[N+](=O)[O-],-5.13000016061854,-3.1492368789910614,1.9807632816274783,1.9807632816274783
O=C1OC(=O)c2cccc3cccc1c23,-6.297053316290982,-3.422203904519403,2.874849411771579,2.874849411771579
NCCNCCNCCN,0.8350004253973538,0.5755575873110024,-0.2594428380863514,0.2594428380863514
CCCCC(CC)COP(=S)([S-])OCC(CC)CCCC,-4.928855887568822,-4.612348997150752,0.31650689041807034,0.31650689041807034
COP(=O)(OC)O/C(=C\Cl)c1cc(Cl)c(Cl)cc1Cl,-4.520000020975219,-4.045556526125631,0.4744434948495879,0.4744434948495879
Clc1ccc(Oc2c(Cl)c(Cl)c(Cl)c(Cl)c2Cl)cc1Cl,-9.4600007468274,-9.533897043104972,-0.07389629627757088,0.07389629627757088
CNC(=O)Oc1cccc2c1OC(C)(C)C2,-2.4199999826008587,-2.5276929275387947,-0.10769294493793602,0.10769294493793602
CCOC(C)C(=O)C(O)O,-0.1706998217336264,0.3354291311370128,0.5061289528706392,0.5061289528706392
CC1(C)Nc2cccc3cccc(c23)N1,-2.9298989141345513,-2.920378613525459,0.00952030060909248,0.00952030060909248
O=c1c(C2CCCc3ccccc32)c(O)oc2ccccc12,-4.863800077006493,-5.11726565964938,-0.2534655826428871,0.2534655826428871
CCCCCCCC/C=C\CCCCCCCC(=O)OC(C)C,-6.33518904798445,-6.995134363923187,-0.659945315938737,0.659945315938737
CCCCCCCCCCCCCCCCCCCCCC(N)=O,-6.832008085610622,-6.375005395363858,0.4570026902467639,0.4570026902467639
CC(CCO)CCc1ccccc1,-2.6600257640053524,-2.9283688793400784,-0.268343115334726,0.268343115334726
CCCCOCCOC(=O)COc1ccc(Cl)cc1Cl,-4.427599974842082,-4.301142064116774,0.12645791072530788,0.12645791072530788
CCCCc1ccc(C(=O)O)cc1,-3.079999870930104,-3.36473922907431,-0.2847393581442059,0.2847393581442059
OC1COC(O)C(O)C1O,0.5778811323551145,0.13819198589789883,-0.4396891464572157,0.4396891464572157
CC/C=C\CC1=C(C)CCC1=O,-2.0452381436504856,-2.5938946030215213,-0.5486564593710357,0.5486564593710357
CCNC(C)CC,-0.2099999484604873,-0.22447179417660212,-0.014471845716114817,0.014471845716114817
CCCCOC(=O)CC(CC(=O)OCCCC)(OC(C)=O)C(=O)OCCCC,-4.90579987211388,-4.343261666584164,0.5625382055297159,0.5625382055297159
NS(=O)(=O)c1ccc(Cl)s1,-3.29593629839963,-1.8231577414806248,1.4727785569190053,1.4727785569190053
OCCOc1cccc(OCCO)c1,-1.0199998419955247,-0.9522109605398559,0.06778888145566886,0.06778888145566886
COc1cc(/C=C/C(=O)O)ccc1O,-3.0499998940436552,-2.5149595652916625,0.5350403287519927,0.5350403287519927
Cc1cccc(C(=O)O)c1S(=O)(=O)NC(=O)Nc1nc(OCC(F)(F)F)nc(N(C)C)n1,-5.679800000425548,-4.01154766108738,1.668252339338168,1.668252339338168
c1ccc2c(c1)-c1cccc3cc4c(ccc5ccccc54)c-2c13,-8.480600975755314,-8.080257228852242,0.4003437469030722,0.4003437469030722
C/C=C(/C(=C/C)c1ccc(O)cc1)c1ccc(O)cc1,-4.947999944271227,-4.26714838203889,0.6808515622323368,0.6808515622323368
Cc1ccc(S(=O)(=O)N(Cl)Cl)cc1,-3.5099999594677276,-3.2457477116441154,0.26425224782361223,0.26425224782361223
CCOC(=O)C1=C(C)C=CCC1(C)C,-3.4116196212990517,-3.5375481988151303,-0.12592857751607855,0.12592857751607855
CN(C)Cc1c[nH]c2ccc(Br)cc12,-4.059999938297782,-3.047418704514099,1.012581233783683,1.012581233783683
NNC(=O)c1ccncc1,-0.03999965385429771,-0.3055145718729637,-0.265514918018666,0.265514918018666
CCCOC(=O)Oc1ccc(NC(C)=O)cc1,-2.5699998670331023,-2.9637219022118195,-0.3937220351787172,0.3937220351787172
CC(=O)Nc1ccccc1,-1.329999867707077,-1.4270182943306504,-0.0970184266235734,0.0970184266235734
O=C(O)CCCCCCCCC(=O)O,-2.305900035427558,-2.123836119660152,0.18206391576740621,0.18206391576740621
CC(=O)[C@@]1(O)CC[C@H]2[C@@H]3CCC4=CC(=O)CC[C@]4(C)[C@H]3CC[C@@]21C,-4.707600127187369,-4.599349622536608,0.10825050465076114,0.10825050465076114
O=C(O)CCCC1CCCC2NC(=O)NC12,-0.959999819209171,-1.3017202237506245,-0.34172040454145347,0.34172040454145347
CCC1(CCC(C)C)C(=O)NC(=O)NC1=O,-2.5742999574634378,-2.4873192965003867,0.08698066096305102,0.08698066096305102
C=C1CCC2CC1C2(C)C,-4.2923135867429165,-4.859299295445461,-0.5669857087025445,0.5669857087025445
CC(=O)Nc1ccc(S(=O)(=O)[O-])c2c1C(=O)/C(=N\Nc1ccc(N=Nc3ccc(S(=O)(=O)[O-])cc3)c3ccc(S(=O)(=O)[O-])cc13)C(S(=O)(=O)[O-])=C2,-1.4612446897829168,0.05994535739386331,1.52119004717678,1.52119004717678
Cc1nc2ccccc2[nH]1,-1.959799898927288,-1.1049937780875594,0.8548061208397286,0.8548061208397286
Cc1cc(N)n(-c2ccccc2)n1,-0.9375998456690835,-1.525849980503024,-0.5882501348339404,0.5882501348339404
CC1CNCCN1,0.6378002713707751,0.599724719411133,-0.03807555195964207,0.03807555195964207
CC(=O)Nc1ccc(F)cc1C,-1.359299806600329,-2.1005442162118397,-0.7412444096115107,0.7412444096115107
N=C(NN)N[N+](=O)[O-],-1.6457999223065134,-1.4867655898403158,0.15903433246619758,0.15903433246619758
CCCCC(CC)COC(=O)CC(C(=O)OCC(CC)CCCC)S(=O)(=O)[O-],-1.7357141037465027,-1.6641610903615252,0.07155301338497755,0.07155301338497755
C#CCN1CC(=O)N(COC(=O)C2C(C=C(C)C)C2(C)C)C1=O,-3.5320999315136143,-4.497080652163598,-0.9649807206499839,0.9649807206499839
CCS(=O)(=O)c1nnc(N(C)C(=O)NC)s1,-1.94499996324029,-2.175983032249447,-0.23098306900915722,0.23098306900915722
CCN1C(=O)c2ccccc2Oc2ccccc21,-3.6800000470335483,-4.438990369737844,-0.758990322704296,0.758990322704296
CCCCCCCC/C=C\CCCCCCCCOC(=O)CCCCCC/C=C\CCCCCCCCC,-7.027706506829791,-7.646846650588358,-0.6191401437585675,0.6191401437585675
CCC(CCC(=O)O)C(C)=O,-0.45099990655965927,-1.002871392295566,-0.5518714857359068,0.5518714857359068
O=c1[nH]c(=O)c2cc([N+](=O)[O-])cc([N+](=O)[O-])c2[nH]1,-3.205699858625808,-3.0580748997558342,0.14762495886997362,0.14762495886997362
CCCCCCNC(=O)c1cccnc1,-2.522099904512851,-1.959476984965621,0.5626229195472301,0.5626229195472301
O=C(O)COc1ccccc1Cl,-2.163700017310897,-1.8108483634017982,0.3528516539090989,0.3528516539090989
Clc1cc(Cl)c(Oc2c(Cl)ccc(Cl)c2Cl)cc1Cl,-7.880000606876463,-8.406734493290832,-0.5267338864143696,0.5267338864143696
O=S(=O)([O-])CCN1CCN(CCO)CC1,0.4318668785399269,-0.44830506912106793,-0.8801719476609948,0.8801719476609948
Nc1ccc(C(=O)O)cc1,-1.351099765758838,-1.990394461245825,-0.6392946954869871,0.6392946954869871
Cc1cccc(C)c1N,-1.1675143103220853,-1.5412236940650592,-0.3737093837429739,0.3737093837429739
CC1(C)SC2C(NC(=O)C(N)c3ccc(N)cc3)C(=O)N2C1c1nnn[nH]1,-1.5699999588524918,-1.698095006786319,-0.1280950479338272,0.1280950479338272
CNC(=N)NS(=O)(=O)c1ccc2ccccc2c1,-3.099999849769948,-2.9120503543089877,0.1879494954609604,0.1879494954609604
CCCCC(CC)C(=O)OCC(COC(=O)C(CC)CCCC)OC(=O)C(CC)CCCC,-6.973765865499807,-6.834694641434467,0.13907122406534,0.13907122406534
CCC(C)(C)C(=O)O[C@H]1C[C@@H](C)C=C2C=C[C@H](C)[C@H](CC[C@@H]3C[C@@H](O)CC(=O)O3)[C@H]21,-7.1447003262494295,-5.051615505202058,2.0930848210473716,2.0930848210473716
COc1ccc2ccc(=O)oc2c1CC=C(C)C,-4.30870014178848,-3.9299329688792985,0.37876717290918105,0.37876717290918105
CCC(C)c1ccc(O)c([N+](=O)[O-])c1,-3.8403000862868737,-3.7742996885492213,0.06600039773765243,0.06600039773765243
CC(=O)Oc1c(C(C)(C)C)cc([N+](=O)[O-])c(C)c1[N+](=O)[O-],-4.469999771941737,-4.569176111314487,-0.09917633937275028,0.09917633937275028
CC(C)(C)OO,0.8846473255349747,0.6295487464909417,-0.255098579044033,0.255098579044033
CCC(=O)OCC1OC(n2cc(I)c(=O)[nH]c2=O)CC1O,-2.4599999402805475,-2.4592245395931553,0.0007754006873921249,0.0007754006873921249
C=CC(C)(C#N)Cc1ccccc1,-3.00061672882899,-3.1328459070843007,-0.13222917825531066,0.13222917825531066
CC(=O)OCSc1ncnc2[nH]cnc12,-2.1500000180891794,-2.384214607679245,-0.2342145895900658,0.2342145895900658
COc1ccccc1OCC(O)COC(N)=O,-1.525099804233881,-1.1829684935740765,0.3421313106598045,0.3421313106598045
Cc1cc(NS(=O)(=O)c2ccc(N)cc2)no1,-2.6182998833057134,-3.060724050286406,-0.44242416698069276,0.44242416698069276
Cc1cc(CCC(=O)OCC(C)(C)C2OCC3(CO2)COC(C(C)(C)COC(=O)CCc2cc(C)c(O)c(C(C)(C)C)c2)OC3)cc(C(C)(C)C)c1O,-8.267743600888537,-6.443709119195217,1.8240344816933192,1.8240344816933192
O=C(O)/C=C(\Cl)c1ccccc1,-2.7699999142320078,-2.1927256277156633,0.5772742865163445,0.5772742865163445
C[N+](C)(C)CC1CO1,0.7496346448031903,0.39395254201402174,-0.35568210278916856,0.35568210278916856
O=C([O-])CC(O)(CC(=O)O)C(=O)[O-],-0.9545738432540152,-0.16103793786242226,0.7935359053915929,0.7935359053915929
CC(C)(O)CCc1ccccc1,-1.5556395008547208,-1.969117336638484,-0.4134778357837632,0.4134778357837632
Cc1cc(Cl)ccc1OCC(=O)O,-2.5029999474089735,-2.4260063962295773,0.07699355117939621,0.07699355117939621
O=C1OC(=O)C2CC=CCC12,-0.7139215749472942,-1.2411887973513545,-0.5272672224040602,0.5272672224040602
CC1=C(C)S(=O)(=O)CCS1(=O)=O,-1.6599998550051098,-1.4024721403289435,0.2575277146761663,0.2575277146761663
CCOC(C)(C)CC,-1.471934874151842,-1.266046616121364,0.20588825803047817,0.20588825803047817
CCN(CC)S(=O)(=O)c1ccc(OC)c(N/N=C2/C(=O)C(C(=O)Nc3cc(Cl)c(OC)cc3OC)=Cc3ccccc32)c1,-7.905255667100491,-6.962377541007731,0.9428781260927597,0.9428781260927597
CC1=CCC(=C(C)C)CC1,-4.287343099598832,-3.7615169471741616,0.5258261524246706,0.5258261524246706
CCOC1=CC(=O)C2(Oc3c(Cl)c(OC)cc(OC)c3C2=O)C(C)C1,-4.599999867321141,-4.091218037193293,0.5087818301278473,0.5087818301278473
CC(C)=CCCC(C)CC#N,-3.104156909812262,-3.0528145560956133,0.05134235371664886,0.05134235371664886
CCC(=O)OC,-0.14979978665108717,-0.09279991683365507,0.0569998698174321,0.0569998698174321
CCCCC(CCCC)(CCCC)C(=O)NO,-4.159999884257097,-3.8275365306526443,0.33246335360445256,0.33246335360445256
CCC(=O)Nc1nc(C)c(Cl)s1,-3.0599998920902594,-2.7482115551943314,0.311788336895928,0.311788336895928
CNC(=O)Sc1ccc(OS(C)(=O)=O)cc1,-2.7358998479113574,-2.5682651447974836,0.16763470311387385,0.16763470311387385
COc1cc(N=Nc2cc(S(=O)(=O)[O-])cc3cc(S(=O)(=O)[O-])cc(O)c23)c(C)cc1N=Nc1c(S(=O)(=O)[O-])cc2cc(S(=O)(=O)[O-])cc(Nc3nc(Nc4ccccc4)nc(Nc4ccc(N=Nc5ccc(O)c(C(=O)[O-])c5)cc4)n3)c2c1O,-2.483387875953194,-1.2448719074830574,1.2385159684701366,1.2385159684701366
Cc1ccc([N+](=O)[O-])cc1,-2.5149437612101875,-2.7196225239136314,-0.20467876270344387,0.20467876270344387
Clc1ccc2c(c1)Oc1c(Cl)c(Cl)c(Cl)c(Cl)c1O2,-9.472800810579972,-9.716926250084567,-0.24412543950459487,0.24412543950459487
O=C(O)CCCOc1ccc(Cl)cc1Cl,-3.569999913240625,-2.8469146434177155,0.7230852698229095,0.7230852698229095
NC(=O)N1c2ccccc2C(O)C(O)c2ccccc21,-2.02999983448956,-2.58501322683347,-0.55501339234391,0.55501339234391
CC1OC(C)OC(C)OC(C)O1,-2.8996998624071595,-1.1770116661136543,1.7226881962935052,1.7226881962935052
CC(C)(C)C(O)/C(=C\c1ccc(Cl)cc1)n1cncn1,-4.540299915042444,-4.563206309324295,-0.022906394281851483,0.022906394281851483
C=C[NH+]1C=CN(C)C1,0.6585804990933113,0.3139703631128934,-0.3446101359804179,0.3446101359804179
CCSC(=O)COc1ccc(Cl)cc1C,-5.027000061690304,-4.15613540676244,0.870864654927864,0.870864654927864
O=C(CO)[C@@H](O)[C@H](O)[C@H](O)CO,0.635300051878732,0.5431568738296559,-0.09214317804907601,0.09214317804907601
C#CC1(OC(N)=O)CCCCC1,-1.825299850148327,-1.5355814299381008,0.2897184202102263,0.2897184202102263
O=C(C(=O)c1ccccc1)c1ccccc1,-2.7999998824917744,-3.457946111524149,-0.6579462290323748,0.6579462290323748
CCCCCCCCC,-5.765699945170876,-5.794553090948542,-0.02885314577766529,0.02885314577766529
COC(=O)COc1ccc(Cl)cc1Cl,-2.9595999096319487,-3.641190398940064,-0.6815904893081153,0.6815904893081153
O=[N+]([O-])c1cc(O)cc([N+](=O)[O-])c1,-1.6629998699471187,-2.23615938441645,-0.5731595144693313,0.5731595144693313
Clc1cc2oc3c(Cl)c(Cl)c(Cl)c(Cl)c3c2cc1Cl,-10.660000650446825,-10.488650728690741,0.1713499217560841,0.1713499217560841
O=C(O)c1cccc([N+](=O)[O-])c1C(=O)O,-1.0213998489684621,-1.5495017201120822,-0.5281018711436201,0.5281018711436201
CSc1ccc2oc3ccc(C(=O)O)cc3c(=O)c2c1,-5.320000278784297,-4.78875291233295,0.5312473664513471,0.5312473664513471
Cc1ccc(Oc2ccc(C)cc2)cc1,-4.850000008273252,-5.14006591123556,-0.29006590296230783,0.29006590296230783
CCCCOC(=O)c1ccc(O)c(Cl)c1,-3.5099999594677276,-3.4548685944708017,0.055131364996925836,0.055131364996925836
COc1cnc2ncncc2n1,-1.139999887568232,-0.8218594486413653,0.3181404389268667,0.3181404389268667
CCCC(CCC)(C(=O)NO)c1ccccc1,-2.890000040679859,-3.2705754750539398,-0.3805754343740806,0.3805754343740806
O=C([O-])[C@H](O)[C@@H](O)C(=O)[O-],0.3984003212406746,-0.4026681268438215,-0.8010684480844961,0.8010684480844961
CCCCC(C)CC,-5.159100098515657,-5.025789841721979,0.13331025679367858,0.13331025679367858
COc1ccc(CCNC(=O)CNc2cccc(C(N)=O)c2)cc1OC,-2.6899999816192657,-2.476560133181967,0.2134398484372988,0.2134398484372988
CCCOC(=O)N1C2CN3C4=C(C(=O)C(N)=C(C)C4=O)C(COC(N)=O)C3(OC)C21,-3.479999982581279,-2.9865187031251885,0.4934812794560903,0.4934812794560903
CC12CC(O)C3C(CCC4CC(O)CCC43C)C1CCC2=O,-3.5899998748271056,-4.1073405467553465,-0.517340671928241,0.517340671928241
C=C(C)C(=O)C(=CC(=O)O)OC,-0.9298997383044709,-0.9671565146194845,-0.03725677631501356,0.03725677631501356
CC(C)n1ccc(NS(=O)(=O)c2ccc(N)cc2)nc1=O,-3.1700000258831826,-3.305327407975344,-0.13532738209216122,0.13532738209216122
O=C(O)c1ccc2c(c1)C(=O)OC2=O,-0.8961961887965493,-2.1000803077591095,-1.2038841189625602,1.2038841189625602
CCCN(C)N=Nc1ccc(C(=O)O)cc1,-1.4299998136663916,-2.3599605876377296,-0.929960773971338,0.929960773971338
CC1=CC2OC3CC(O)C(C)(C2(CO)CC1)C31CO1,-2.609999824712791,-2.923361642530555,-0.31336181781776373,0.31336181781776373
CCCCCCC1CCCC1=O,-3.4515154031665722,-3.4990574619028516,-0.04754205873627937,0.04754205873627937
O=[N+]([O-])c1c(Cl)cc(Cl)cc1Cl,-4.559100146705946,-4.5410050945381295,0.018095052167816483,0.018095052167816483
CC(C)CC(N)C(=O)NCC(=O)NCC(=O)O,0.31000015700330286,-0.49628018729514567,-0.8062803442984485,0.8062803442984485
O=NN1CCCCC1,-0.1737999061871589,0.2183259944027176,0.3921259005898765,0.3921259005898765
CC(CC(C)(C)C)CP(=O)(O)CC(C)CC(C)(C)C,-4.3661284471421435,-3.7926456046304073,0.5734828425117362,0.5734828425117362
COc1ccc(NCC(O)CO)cc1,-0.29499995773666976,-0.9384215198788732,-0.6434215621422035,0.6434215621422035
CC1CC(C)C(=O)C(C(O)CC2CC(=O)NC(=O)C2)C1,-1.1299998377615357,-1.4980476336098085,-0.36804779584827285,0.36804779584827285
c1ccc2c(c1)cnc1ccccc12,-2.776299885223452,-3.957806882726617,-1.1815069975031647,1.1815069975031647
CCC(=O)Oc1ccc(NC(C)=O)cc1,-2.7199999585057144,-2.4590124957489103,0.26098746275680407,0.26098746275680407
Cc1cccc(C)c1OP(=O)(Oc1cccc(OP(=O)(Oc2c(C)cccc2C)Oc2c(C)cccc2C)c1)Oc1c(C)cccc1C,-6.836753450860508,-6.45873279650729,0.3780206543532181,0.3780206543532181
C=C(C)C(=O)OCCCCCCCCCCCC,-8.405541940767302,-6.708700915215713,1.6968410255515884,1.6968410255515884
O=[N+]([O-])c1cccc(Cl)c1Cl,-3.488099988417975,-3.5157153088448263,-0.02761532042685122,0.02761532042685122
CCN(O)CC,0.7036322072617875,0.49964223335817604,-0.2039899739036115,0.2039899739036115
CC1=NN(c2ccc(S(=O)(=O)[O-])cc2)C(=O)C1N/N=C1\C=C([N+](=O)[O-])C=C(Cl)C1=O,-0.8385768541960603,-1.9610211610486084,-1.122444306852548,1.122444306852548
NC(=O)c1ccc(N)cc1,-1.2255452411754877,-1.2070733755366945,0.018471865638793217,0.018471865638793217
CCSC(=S)NCC(=O)O,-1.088199767596457,-1.434281546517372,-0.34608177892091496,0.34608177892091496
CC12CCC(=O)C=C1CCC1C2C2CC3(C(O)O2)C(C(=O)CO)CCC13,-3.8499998585455444,-3.6664709941428946,0.18352886440264982,0.18352886440264982
CC1(C)CC(N)CC(C)(CN)C1,0.1572982232262925,-0.09582104989326812,-0.2531192731195606,0.2531192731195606
ClC(Cl)Br,-1.5399998094324026,-1.478441462804536,0.061558346627866634,0.061558346627866634
O=[N+]([O-])c1ccc(F)c([N+](=O)[O-])c1,-2.667699974070517,-2.7992223768939675,-0.1315224028234505,0.1315224028234505
Clc1c(Cl)c(Cl)c(-c2c(Cl)c(Cl)c(Cl)c(Cl)c2Cl)c(Cl)c1Cl,-11.600000915415091,-10.732850150620406,0.867150764794685,0.867150764794685
CCOc1nc(C(Cl)(Cl)Cl)ns1,-3.325400075237955,-3.2333692165888817,0.09203085864907345,0.09203085864907345
C=C(Br)C(=O)Nc1ccc(NNC2=C3C(=O)C=C(S(=O)(=O)[O-])C=C3C=CC2=N)c(S(=O)(=O)[O-])c1,-1.678533004593029,-0.8044368635909849,0.874096141002044,0.874096141002044
Clc1ccc(Br)cc1,-3.6298000730577575,-3.697293783961161,-0.0674937109034035,0.0674937109034035
S=C=Nc1ccc(-c2ccccc2)cc1,-4.850000008273252,-5.086191246769725,-0.23619123849647305,0.23619123849647305
CC(=O)OC(C)C1CCCCC1,-3.597623791336048,-3.5130457993446687,0.08457799199137916,0.08457799199137916
CCc1cc(CC)cc(CC)c1,-7.0640997867805435,-5.285837237684843,1.7782625490957003,1.7782625490957003
C[C@]12CC[C@H]3[C@@H](CCC4=CC(=O)CC[C@@]43C)[C@@H]1CC[C@@H]2O,-4.090799815648582,-4.594277271531139,-0.5034774558825568,0.5034774558825568
CCCC(C)CC(C)O,-1.8778999050911818,-1.7776464036937043,0.10025350139747746,0.10025350139747746
C/C(=C\N=O)NO,-0.3461996606393054,-0.5712655159119122,-0.2250658552726068,0.2250658552726068
Cc1ccc(S(=O)(=O)NN)cc1,-1.4799999246729612,-1.8046886363800807,-0.32468871170711955,0.32468871170711955
O=C(c1ccccc1)C1(O)CCCCC1,-2.6647800664978187,-2.410793449513813,0.25398661698400593,0.25398661698400593
Nc1nc(=O)c2[nH]c(=O)c(=O)[nH]c2[nH]1,-5.165500268418856,-3.4203291194743803,1.7451711489444754,1.7451711489444754
BrC(Br)C(Br)Br,-2.7199999585057144,-2.2754238311864436,0.44457612731927076,0.44457612731927076
COc1ccc2c3c1O[C@H]1[C@@H](O)C=C[C@H]4[C@@H](C2)N(C)CC[C@@]341,-1.5219998578072613,-1.3967920568279748,0.12520780097928652,0.12520780097928652
CCc1ccccc1O,-1.3593998761118522,-1.2319204282075331,0.1274794479043191,0.1274794479043191
CC(C)(C)C(C)(C)O,-0.7229998810326776,-0.916810922251063,-0.19381104121838533,0.19381104121838533
CCCC1COC(Cn2cncn2)(c2ccc(Cl)cc2Cl)O1,-3.492899874298277,-3.7849803490611875,-0.29208047476291066,0.29208047476291066
O=C1c2ccccc2C(=O)C1c1nc2ccccc2c(Br)c1O,-4.86709740191791,-5.239056604411071,-0.3719592024931613,0.3719592024931613
CCN(CC[N+](C)(C)C)c1ccc(N=Nc2ccc([N+](=O)[O-])cc2Cl)cc1,-3.0386995703349453,-2.7673183532570573,0.271381217077888,0.271381217077888
CCCNC(=O)n1cc(F)c(=O)[nH]c1=O,-1.8299999425709306,-2.009416226103802,-0.17941628353287165,0.17941628353287165
NC(=O)c1cc(N2CC2)c([N+](=O)[O-])cc1[N+](=O)[O-],-2.299999868014695,-3.219866733878874,-0.9198668658641789,0.9198668658641789
Fc1ccc(C(c2ccccc2)(c2ccccc2F)n2ccnc2)cc1,-8.399999884178778,-5.166446028822934,3.2335538553558436,3.2335538553558436
Cc1c(C)c2c3ccccc3ccc2c2ccccc12,-7.010899797862743,-7.529327776793776,-0.5184279789310331,0.5184279789310331
CC(C1CC1)C(O)(Cn1cncn1)c1ccc(Cl)cc1,-3.3189000773703303,-4.281385029896198,-0.9624849525258674,0.9624849525258674
CC(O)CN(CC(C)O)C(=O)COC(=O)c1ccccc1,-1.1799998107411929,-1.0088988895351607,0.17110092120603215,0.17110092120603215
O=[N+]([O-])c1ccc(Nc2ccccc2)c([N+](=O)[O-])c1,-3.8340001239221113,-4.6247716953246965,-0.7907715714025851,0.7907715714025851
CCNc1nc(Cl)nc(N(CC)CC)n1,-4.0601000078093055,-3.439676524325545,0.6204234834837603,0.6204234834837603
OCCF,1.1934002780925792,1.0625612551393302,-0.130839022953249,0.130839022953249
CC(Oc1cccc(Cl)c1)C(=O)O,-2.22319996859346,-2.246517338007118,-0.023317369413658362,0.023317369413658362
COc1ccccc1NC(=O)C1=Cc2ccccc2/C(=N/Nc2ccc(C(N)=O)cc2)C1=O,-8.166784643941549,-7.118570175400494,1.0482144685410546,1.0482144685410546
CCCCCC,-3.944170237857712,-3.7601072093038965,0.1840630285538154,0.1840630285538154
CCC1COC(Cn2cncn2)(c2ccc(Cl)cc2Cl)O1,-3.612999920369051,-3.6339474367094717,-0.02094751634042069,0.02094751634042069
FC(F)(F)c1cccc(C(c2ccccc2)(c2ccccc2)n2cncn2)c1,-8.403000589255349,-5.487403182952082,2.9155974063032666,2.9155974063032666
N=C(N)NCC(=O)O,-1.5099997980392257,-0.8971344957473555,0.6128653022918702,0.6128653022918702
O=C(O)c1cc(O)cc(C(=O)O)c1,-2.0051113737449873,-1.9851828410856975,0.019928532659289733,0.019928532659289733
CCOc1ccccc1OCC,-2.410450625170026,-2.231752806223162,0.17869781894686376,0.17869781894686376
Clc1cc(Cl)c(Oc2ccccc2)cc1Cl,-6.57999992913625,-6.757110818163996,-0.1771108890277464,0.1771108890277464
C=C(C)C,-2.3290690604170656,-2.3663420548942913,-0.03727299447722565,0.03727299447722565
O=C1C=CN(C2OC(CO)C(O)C2O)C(=O)C1,-0.769999839070326,-1.2690827941144336,-0.4990829550441076,0.4990829550441076
O=C(CCCCC(=O)NCCO)NCCO,0.4121003204623923,0.07191311886438667,-0.34018720159800564,0.34018720159800564
Cc1nc2cncnc2nc1C,-0.4599998133587735,-0.6810911836875042,-0.22109137032873072,0.22109137032873072
CCCc1ccn(CCC(=O)O)c(=O)c1,-2.1099998188623936,-1.8539207656458019,0.25607905321659175,0.25607905321659175
Clc1c(Cl)c(Cl)c2c(Cl)c(Cl)c(Cl)c(Cl)c2c1Cl,-9.703000438834088,-10.936320039117922,-1.2333196002838331,1.2333196002838331
CNC(=O)Nc1nc2ccccc2s1,-4.237299924195579,-3.311615776079461,0.925684148116118,0.925684148116118
C/C(N=O)=C(\C)NO,-2.2867998022698557,-0.9685050375540796,1.3182947647157761,1.3182947647157761
O=C(Nc1ccc2c(c1)C=C(S(=O)(=O)[O-])/C(=N/Nc1ccc(N=Nc3ccc(S(=O)(=O)[O-])cc3)cc1S(=O)(=O)[O-])C2=O)Nc1ccc2c(c1)C=C(S(=O)(=O)[O-])/C(=N/Nc1ccc(N=Nc3ccc(S(=O)(=O)[O-])cc3)cc1S(=O)(=O)[O-])C2=O,-0.5694982193249567,0.014324426238460752,0.5838226455634175,0.5838226455634175
ClC(Cl)=C(c1ccc(Cl)cc1)c1ccc(Cl)cc1,-6.900400420727504,-6.897243469186044,0.003156951541459563,0.003156951541459563
CC(C)C(Nc1ccc(C(F)(F)F)cc1Cl)C(=O)OC(C#N)c1cccc(Oc2ccccc2)c1,-8.002500043779738,-7.343730717135038,0.6587693266447001,0.6587693266447001
CC1=C/C(=C(\c2ccc(N)c(S(=O)(=O)[O-])c2)c2ccc(N)c(S(=O)(=O)O)c2)C=C(S(=O)(=O)[O-])C1=N,-1.767563123658803,-0.955670191019572,0.811892932639231,0.811892932639231
O=c1cnc2[nH]c(=O)[nH]c(=O)c2[nH]1,-3.130000068203494,-3.2552125275910755,-0.12521245938758163,0.12521245938758163
Cc1cc(Cc2ccc(Cl)cc2)c(Cl)c(Cl)c1Cl,-8.180000996862056,-8.270908834044743,-0.09090783718268725,0.09090783718268725
O=C([O-])CN(CCO)CCN(CC(=O)[O-])CC(=O)[O-],0.14442169256422632,-0.09992707448470517,-0.2443487670489315,0.2443487670489315
CCCCCCCCCCCCCCOC(=O)CCCCCCCCCCCCC,-7.327107860015369,-7.67237224356078,-0.3452643835454108,0.3452643835454108
c1ccc2sc(SN3CCOCC3)nc2c1,-3.810962673086893,-3.8566384009265366,-0.0456757278396438,0.0456757278396438
N#Cc1ccncc1,-0.41539972924781976,0.11365300929563871,0.5290527385434585,0.5290527385434585
O=[N+]([O-])c1cc([N+](=O)[O-])c(-c2ccccc2)cc1O,-4.461100072681058,-3.717006442529385,0.7440936301516725,0.7440936301516725
O=C(O)/C=C/c1ccccc1,-2.4334999808264426,-2.1819945183671976,0.251505462459245,0.251505462459245
CCCCNCCO,0.9311022152953745,0.027975563933172687,-0.9031266513622018,0.9031266513622018
O=C([O-])c1ccc[n+](-c2nc(NCCNc3ccc4c(c3S(=O)(=O)[O-])Oc3c(Cl)c5c(c(Cl)c3=N4)Oc3c(ccc(NCCNc4nc(Nc6cc(S(=O)(=O)[O-])ccc6S(=O)(=O)[O-])nc(-[n+]6cccc(C(=O)[O-])c6)n4)c3S(=O)(=O)[O-])N=5)nc(Nc3cc(S(=O)(=O)[O-])ccc3S(=O)(=O)[O-])n2)c1,-0.9522046113018834,-0.24882940341590798,0.7033752078859754,0.7033752078859754
OC(c1ccccc1)C(O)c1ccccc1,-1.9329998344587977,-2.0370966262198715,-0.10409679176107378,0.10409679176107378
Cc1ccc(C(C)C)c(O)c1C(=O)O,-3.2882999939752957,-2.8225764442129724,0.46572354976232333,0.46572354976232333
Clc1ccc(Cl)c2ccccc12,-5.357600190003651,-5.890110778757702,-0.5325105887540511,0.5325105887540511
CCCCCCC(=O)OCC(COC(=O)CCCCCC)OC(=O)CCCCCC,-6.93309237099411,-6.5771491212865945,0.3559432497075159,0.3559432497075159
CC(=O)OCCOc1ccc(C(C)(C)c2ccc(OCCOC(C)=O)cc2)cc1,-8.058503635343136,-5.851149646127807,2.2073539892153295,2.2073539892153295
CC(CCOC(=O)CC(C)CC(C)(C)C)CC(C)(C)C,-8.277966978239569,-7.245487853771159,1.0324791244684093,1.0324791244684093
COc1cc(C=O)cc(Cl)c1O,-2.874700004374018,-2.3268188766769184,0.5478811276970994,0.5478811276970994
COc1cc(C=O)ccc1OC(=O)C(C)C,-2.588667558353928,-2.8555623918030886,-0.26689483344916054,0.26689483344916054
CNC(=O)CSP(=O)(OC)OC,0.6712002996982287,0.38936149085225047,-0.28183880884597823,0.28183880884597823
N#CC(CCc1ccc(Cl)cc1)(Cn1cncn1)c1ccccc1,-6.226400100348238,-4.800247241493785,1.4261528588544534,1.4261528588544534
C=CC(=O)NCO,0.8101003703921359,0.3162483592758982,-0.49385201111623767,0.49385201111623767
CC1N(c2c(F)cc3c(=O)c(C(=O)O)cn(C4CC4)c3c2F)CC1(C)N,-5.039999988412097,-4.7496271135965085,0.2903728748155885,0.2903728748155885
O=C([O-])CN(CCN(CC(=O)[O-])CC(=O)[O-])CC(=O)[O-],-0.08363023693223237,-0.13582235333535353,-0.05219211640312116,0.05219211640312116
C#CC(C)(O)CCC=C(C)C,-1.772080330422416,-1.7509467538040184,0.021133576618397543,0.021133576618397543
CC(=O)C(C)(C)C,-0.7218998065404847,-0.8954386971010466,-0.17353889056056193,0.17353889056056193
C=C(C)CO,0.42980033960678865,0.020730531298894128,-0.4090698083078945,0.4090698083078945
Cc1cc(O)ccc1[N+](=O)[O-],-2.110299958383507,-2.1599975834114518,-0.049697625027944614,0.049697625027944614
CC(C)C(C(=O)O)N1CCCNC1=O,-1.1028616763710095,-1.2501239695285318,-0.14726229315752226,0.14726229315752226
CN(C)CCCN1c2ccccc2CCc2ccccc21,-4.186999742681352,-3.4673871523354403,0.7196125903459119,0.7196125903459119
CCN(CC)C(=O)COC(=O)c1cn(CC)c2nc(C)ccc2c1=O,-1.4299998136663916,-2.5053912981738247,-1.075391484507433,1.075391484507433
CCOP(=S)(Oc1ccc(C#N)cc1)c1ccccc1,-5.703700188477009,-5.211037693292228,0.49266249518478045,0.49266249518478045
CCCCCCCC/C=C\CCCCCCCC(=O)OCC(COC(=O)CCCCCCC/C=C\CCCCCCCC)OC(=O)CCCCCCC/C=C\CCCCCCCC,-7.248195941793345,-7.777547646629161,-0.5293517048358165,0.5293517048358165
Clc1ccc(Cl)c(-c2ccc(Cl)c(Cl)c2)c1,-6.852600320678407,-7.041700779428844,-0.18910045875043657,0.18910045875043657
COc1ccc(C)cc1NC(C)=O,-1.9311646286309188,-2.112765257066701,-0.18160062843578206,0.18160062843578206
O=c1[nH]c2ccccc2[nH]c1=O,-2.8119999681398564,-2.5612163864327027,0.25078358170715376,0.25078358170715376
NC(=O)C[C@H](NC(N)=O)C(=O)O,-0.5109996532921879,-0.9838822017889262,-0.4728825484967383,0.4728825484967383
N[C@@H](Cc1cc(Br)c(O)c(Br)c1)C(=O)O,-1.928099879066973,-2.310563274664539,-0.3824633955975658,0.3824633955975658
CCCC=C(C=O)CC,-2.4599999402805475,-2.3432836929818377,0.11671624729870977,0.11671624729870977
CCC(NC=NN)C(=O)O,-0.8607998772343923,-1.2846606494799764,-0.42386077224558405,0.42386077224558405
C=CCNCC=C,-0.0790066114191239,-0.06356830126206381,0.015438310157060098,0.015438310157060098
Clc1cc(Cl)c2c(c1Cl)C1=NC2N=C2[N-]C(N=C3N=C(N=c4[n-]c(c5c(Cl)c(Cl)c(Cl)c(Cl)c45)=N1)c1c(Cl)c(Cl)c(Cl)c(Cl)c13)c1c(Cl)c(Cl)c(Cl)c(Cl)c12,-9.039324531505766,-9.392147268776707,-0.35282273727094093,0.35282273727094093
NC(=O)SCC(=O)Nc1ccccc1,-1.3227998318462557,-1.7970477425609073,-0.47424791071465155,0.47424791071465155
Cn1ccnc1,1.0856252761551946,0.8345399676174345,-0.25108530853776,0.25108530853776
CCOC(=O)CC(SP(=S)(OC)OC)C(=O)OCC,-3.363699886423593,-2.700528260419892,0.663171626003701,0.663171626003701
OCCOCC(COCCO)OCCO,0.649262026180272,0.46131105555668483,-0.18795097062358712,0.18795097062358712
C[Si](C)(C)CCCN,-1.9508998545993284,-1.629986869082163,0.3209129855171653,0.3209129855171653
O=[N+]([O-])c1ccc2ccccc2c1,-3.819999916165824,-4.654236990459058,-0.8342370742932341,0.8342370742932341
O=C(O)c1ccc(C(=O)O)cc1,-4.0444002056666175,-2.4398592602568288,1.6045409454097888,1.6045409454097888
O=C(CCCN1CCC(O)(c2ccccc2)CC1)c1ccccc1,-2.6799999835726616,-2.771959128614037,-0.09195914504137548,0.09195914504137548
Fc1cccc(F)c1,-2.0003577268803547,-2.17768642237594,-0.17732869549558528,0.17732869549558528
CC(=O)C1C(=O)C=C(C)OC1=O,-1.2259997637981714,-0.6583063911155178,0.5676933726826536,0.5676933726826536
CCOc1ccc(Nc2ccc(S(=O)(=O)N(C)C)cc2[N+](=O)[O-])cc1,-4.261751667789174,-5.287596804764702,-1.0258451369755281,1.0258451369755281
CC(=O)C1(C)CCC2C3C=C(C)C4=CC(=O)CCC4(C)C3CCC21C,-5.272099971196765,-5.0851278874362436,0.1869720837605211,0.1869720837605211
CCCCCCl,-2.7323998649857417,-2.5145765061028973,0.21782335888284443,0.21782335888284443
CC1(CCN2CCCCC2)NC(=O)NC1=O,-0.8212998875383102,-0.8908481980469252,-0.06954831050861499,0.06954831050861499
O=C[C@H](O)[C@H]1OC(=O)[C@@H](O)[C@H]1O,0.16410018947162053,0.15263677833917377,-0.011463411132446755,0.011463411132446755
O=C(O)C(=O)c1ccccc1,-0.36999991720615544,-1.1724784482281976,-0.8024785310220421,0.8024785310220421
Cc1cccc(C)c1N(Cn1cccn1)C(=O)CCl,-2.8101999074145585,-2.47454856346671,0.33565134394784835,0.33565134394784835
Cc1ccccc1Cl,-2.5294999413698065,-2.9738283017545553,-0.44432836038474877,0.44432836038474877
ClC(Cl)Cl,-1.17383414856224,-1.1690043108419375,0.004829837720302654,0.004829837720302654
Nc1ccc(N=Nc2ccc(N=Nc3ccc(N/N=C4/C(=O)c5ccc(NC(=O)c6ccccc6)cc5C=C4S(=O)(=O)[O-])c4ccc(S(=O)(=O)[O-])cc34)c3ccc(S(=O)(=O)[O-])cc23)cc1S(=O)(=O)[O-],-2.3935953652365254,-0.7798793913824573,1.613715973854068,1.613715973854068
O=C(O)CNC(=O)CNS(=O)(=O)c1ccc2ccccc2c1,-2.6953999222480616,-2.3808406778314204,0.3145592444166412,0.3145592444166412
CC(=O)NC(N)=O,-0.8999996583959047,-0.33877602118032213,0.5612236372155825,0.5612236372155825
ClC1CCCCC1,-2.3751999320004993,-3.419932947728933,-1.0447330157284336,1.0447330157284336
CC12CC(=O)C3C(CCC4=CC(=O)CCC43C)C1CCC2=O,-3.479999982581279,-3.6739418388059346,-0.19394185622465576,0.19394185622465576
CCNc1nc(N(CC)CC)nc(=O)[nH]1,-3.6400000548471314,-2.9251237070348606,0.7148763478122708,0.7148763478122708
ClCCCN1CCOCC1,0.7860894847568938,-0.3569994383767128,-1.1430889231336065,1.1430889231336065
CCc1ccc(CC(C)(C)C#N)cc1,-3.351339300360249,-4.266155140376931,-0.9148158400166819,0.9148158400166819
C[N+](C)(C)CCO,0.6032057581430155,0.7820651720976248,0.17885941395460936,0.17885941395460936
O=C(O)c1cc(O)c(O)c(O)c1,-1.1551998252474982,-1.0978259024973378,0.0573739227501604,0.0573739227501604
CCOc1ccc(C(=O)O)cc1,-2.4548997078387638,-2.3632266494534777,0.09167305838528605,0.09167305838528605
Cc1ccc(S(=O)(=O)Oc2c(C(=O)c3ccc(Cl)cc3Cl)c(C)nn2C)cc1,-6.894599977758882,-5.118239577543598,1.7763604002152844,1.7763604002152844
CCCSP(=S)(OCC)Oc1ccc(Cl)cc1Cl,-6.693000077871182,-5.667412637141189,1.0255874407299927,1.0255874407299927
CCCCCCCC(=O)NCCCC[C@H](N)C(=O)O,0.05757101844597079,-1.8528333896295541,-1.910404408075525,1.910404408075525
CSC(=O)C1(OC(C)=O)C(C)CC2C3CCC4=CC(=O)C=CC4(C)C3(F)C(O)CC21C,-6.219999792418127,-5.331711310197671,0.8882884822204558,0.8882884822204558
CCCCc1c(C)[nH]c(NCC)nc1=O,-3.0199999257838885,-2.562861494695416,0.4571384310884725,0.4571384310884725
Clc1cc(Cl)c(-c2cc(Cl)ccc2Cl)c(Cl)c1,-7.469999669017209,-7.606493654573361,-0.136493985556152,0.136493985556152
C/C=C/C(=O)C1C(C)=CCCC1(C)C,-3.1378557146450685,-3.63386834728864,-0.49601263264357165,0.49601263264357165
NC(Cc1ccc(N(CCCl)CCCl)cc1)C(=O)O,-3.489999997881247,-2.5645281351564706,0.9254718627247764,0.9254718627247764
COC(=O)c1ccccc1CS(=O)(=O)NC(=O)Nc1nc(OC)cc(OC)n1,-3.5339998719634305,-3.837026018910204,-0.30302614694677343,0.30302614694677343
CCC(=O)CCC1C(C)=CCCC1(C)C,-4.321905590582904,-4.238114973113571,0.08379061746933214,0.08379061746933214
O=C(O)C1C2CCC(O2)C1C(=O)O,-0.2699996951930159,-0.7596939216256495,-0.4896942264326336,0.4896942264326336
CCCCCCCCOC(=O)c1ccc(O)c(Cl)c1,-4.3800001518429434,-5.079316402314626,-0.699316250471683,0.699316250471683
COC(=O)c1cc(O)c(OC)c(O)c1,-1.599999832218756,-2.4464141238221506,-0.8464142916033945,0.8464142916033945
CNC(=O)O/N=C(\C)SC,-0.446599884644713,-1.0187371718004707,-0.5721372871557577,0.5721372871557577
COc1cc(C(=O)O)ccc1C(=O)O,-1.9915999192856702,-2.324909205329775,-0.3333092860441047,0.3333092860441047
O=C(Nc1ccccc1)C(O)(O)C(=O)Nc1ccccc1,-2.4567998898356764,-1.8007935169108609,0.6560063729248156,0.6560063729248156
CC[C@]12CCC3=C(CCc4cc(OC)ccc43)[C@@H]1CCC2=O,-4.772923019825281,-3.9158229607141606,0.8571000591111209,0.8571000591111209
CC(C)CC(C)(O)C#CC(C)(O)CC(C)C,-2.12435068398975,-2.453993216091276,-0.32964253210152616,0.32964253210152616
NC(=O)c1cnc2n1CCc1ccccc1C21CCNCC1,-2.4299999633940987,-1.9544813769234712,0.4755185864706275,0.4755185864706275
NC(=O)N/N=C/C(O)C(O)C(O)C(O)CO,-0.4256998495621733,-0.5955044220065151,-0.16980457244434177,0.16980457244434177
O=C(O)c1ccccc1-c1ccccc1C(=O)O,-2.2838999258528263,-2.498734984827855,-0.21483505897502875,0.21483505897502875
ClC/C=C\CCl,-2.333300033870994,-2.21780056281895,0.11549947105204383,0.11549947105204383
c1ccsc1,-1.4450109305294319,-1.549325183691064,-0.10431425316163212,0.10431425316163212
N#Cc1cccnc1,0.11280000297672421,-0.15674778536978273,-0.26954778834650694,0.26954778834650694
CN/C(=C/[N+](=O)[O-])NCCSCc1ccc(CN(C)C)o1,-2.4999999324669644,-2.2367221201384915,0.2632778123284729,0.2632778123284729
CNC(=O)c1ccc(N)cc1,-1.2399998335275466,-1.322950419207734,-0.08295058568018732,0.08295058568018732
NC(=O)c1ccccc1C(N)=O,-2.4370998607299406,-1.4329531755119937,1.0041466852179468,1.0041466852179468
CC(C)=CCC[C@@H](C)CCO,-2.7067343472308276,-2.6543455942375633,0.05238875299326429,0.05238875299326429
CCCCOC(=O)CCCCC(=O)OCCCC,-3.868153779191519,-3.639850916768234,0.228302862423285,0.228302862423285
CCCCCCC(O)CCCCCCCCCCC(=O)NCCNC(=O)CCCCCCCCCCC(O)CCCCCC,-6.735207327427975,-6.010616554937609,0.724590772490366,0.724590772490366
CNS(=O)(=O)c1cc(OC)c(N)cc1OC,-3.6510805793244536,-2.759298748096861,0.8917818312275925,0.8917818312275925
Clc1ccc(Oc2ccc(Cl)c(Cl)c2)c(Cl)c1,-7.00000036469455,-7.134889925420433,-0.13488956072588287,0.13488956072588287
COC(=O)c1cc2cc3c(C)coc3c(C)c2oc1=O,-4.900000119279821,-5.075247921043374,-0.17524780176355303,0.17524780176355303
O=C(O)[C@H](O)c1ccccc1,-0.14166641280830738,-0.8376194995313364,-0.695953086723029,0.695953086723029
O=S(=O)(O)c1ccccc1,0.8489074649877404,0.12533560716504955,-0.7235718578226908,0.7235718578226908
O=C1c2cccc(Sc3ccccc3)c2C(=O)c2c(Sc3ccccc3)cccc21,-5.517334871023598,-6.580231538295333,-1.062896667271735,1.062896667271735
CC(C)(C)CC(C)(C)C1CCC(=N/O)/C(=N\O)C1,-6.409999910583885,-3.9881014435509528,2.421898467032932,2.421898467032932
CCn1cnc2c1c(=O)n(C)c(=O)n2C,-0.7543998993987922,-1.2018715552873505,-0.4474716558885583,0.4474716558885583
CC(=O)N[C@@H](CC(C)C)C(=O)O,-1.3300999372186002,-0.830577504485265,0.4995224327333352,0.4995224327333352
C=C(C)C(=O)OCC(C)C,-2.0389999483290424,-1.9858580687413823,0.053141879587660146,0.053141879587660146
N[C@@H](CSSC[C@H](N)C(=O)O)C(=O)O,-3.159921835590678,-1.9022519932539899,1.2576698423366883,1.2576698423366883
CCCCOCCOC(C)=O,-1.2503997472995985,-0.9311635127148246,0.3192362345847739,0.3192362345847739
COCC1(C)OC(=O)N(c2cc(Cl)cc(Cl)c2)C1=O,-4.659999890107494,-3.421978644598292,1.2380212455092026,1.2380212455092026
CN1C(=O)[C@]23CC4=CC=C[C@H](O)[C@H]4N2C(=O)[C@@]1(CO)SS3,-3.668699921738525,-3.122716284513546,0.5459836372249791,0.5459836372249791
C[N+](C)(C)C(Cc1cnc(S)[nH]1)C(=O)[O-],-0.4599998133587735,-0.9358437292620359,-0.47584391590326236,0.47584391590326236
O=C(O)c1cc(N=Nc2ccccc2)ccc1O,-3.0499998940436552,-3.9156400060417136,-0.8656401119980583,0.8656401119980583
CC(=O)CCC1=C(C)CCCC1(C)C,-3.6550445052095273,-3.2866416696357157,0.3684028355738116,0.3684028355738116
OC[C@@H]1CO[C@@](Cn2cncn2)(c2ccc(Cl)cc2Cl)O1,-2.905955012528585,-2.6032750500182487,0.30267996251033624,0.30267996251033624
CC1C(N)CN1c1c(F)c(N)c2c(=O)c(C(=O)O)cn(C3CC3)c2c1F,-3.9800000229384045,-4.411533366179568,-0.43153334324116344,0.43153334324116344
Cc1ccc2c(c1)OCC(=O)CO2,-1.1141553144011478,-1.2229902249992037,-0.10883491059805595,0.10883491059805595
Clc1cccc(I)c1,-3.5499999516541445,-4.119936468704411,-0.5699365170502668,0.5699365170502668
N[C@H](C(=O)O)[C@@H](O)C(=O)O,-0.8270999164261941,-0.5392860605673504,0.28781385585884367,0.28781385585884367
CCOc1ccc(NC(=O)NN)cc1,-1.6470998597679276,-2.097770565406242,-0.45067070563831435,0.45067070563831435
COC(=O)CCCCCCCCC(=O)OC,-3.2830998300489007,-3.384685325658208,-0.10158549560930741,0.10158549560930741
O=c1cnc2c(=O)[nH]cnc2[nH]1,-2.819999861331619,-2.6521726710616575,0.1678271902699615,0.1678271902699615
NNC(=O)NN,0.41455885582687646,0.0036439037534066188,-0.41091495207346984,0.41091495207346984
NS(=O)(=O)c1cc2c(s1)[S+]([O-])CCC2O,-1.3499998292935576,-2.0612889482315238,-0.7112891189379662,0.7112891189379662
CC(C)COC(=O)c1cc(N)c(Cl)c(N)c1,-2.7382847459180515,-3.84541653689087,-1.1071317909728187,1.1071317909728187
Cc1ccc([N+](=O)[O-])cc1S(=O)(=O)O,0.49244026512058037,-1.3586454210084236,-1.851085686129004,1.851085686129004
CC1=CCC(C(C)C)=CC1,-4.195799786511245,-4.12832602049669,0.06747376601455457,0.06747376601455457
O=C([O-])c1ccccc1,-0.06944935194755342,-1.2266429692101688,-1.1571936172626154,1.1571936172626154
C=CC(=O)OCCOC,0.04394196505725034,-0.18217372291141887,-0.2261156879686692,0.2261156879686692
C=CC(=O)OCC1CCCO1,-0.2954515817941923,-0.17369472967987498,0.1217568521143173,0.1217568521143173
O=c1c2ccccc2nc2n1CCC2O,-2.0999997690556973,-2.2005244243226745,-0.10052465526697718,0.10052465526697718
OC(Cc1ccccc1)c1ccccc1,-2.519999894053445,-2.691619209835895,-0.17161931578245015,0.17161931578245015
CC(CCC(=O)O)C1CCC2C3CCC4CC(O)CCC4(C)C3CC(O)C12C,-3.9500000115452276,-4.854436607319997,-0.9044365957747691,0.9044365957747691
OC1[C@@H](O)[C@H](O)C[C@@H](O)[C@@H]1O,-0.17389956161794462,-0.12155368323435889,0.05234587838358573,0.05234587838358573
COC(=O)C1(S(=O)(=O)c2ccccc2)CCCC1,-2.550100009464873,-3.133093044271035,-0.582993034806162,0.582993034806162
c1ccc2cc3c(cc2c1)-c1cccc2cccc-3c12,-8.498901135915025,-7.923750169152925,0.5751509667621004,0.5751509667621004
NC(=O)Nc1cc(Nc2nc(Cl)nc(Nc3ccc(-c4ccc(Nc5nc(Cl)nc(Nc6ccc(N=Nc7cc8c(S(=O)(=O)[O-])cc(S(=O)(=O)[O-])cc8cc7S(=O)(=O)[O-])c(NC(N)=O)c6)n5)cc4S(=O)(=O)[O-])c(S(=O)(=O)[O-])c3)n2)ccc1N=Nc1cc2c(S(=O)(=O)[O-])cc(S(=O)(=O)[O-])cc2cc1S(=O)(=O)[O-],-1.4981681311043737,-0.11258000154860914,1.3855881295557646,1.3855881295557646
CCOC(=O)CNC(C)=CC(C)=O,-0.5899997707112647,-0.9423886893963895,-0.3523889186851248,0.3523889186851248
CCOc1cc(N=Nc2cc([N+](=O)[O-])cc([N+](=O)[O-])c2Br)c(NC(C)=O)cc1N(CCOC(C)=O)CCOC(C)=O,-8.833600387474187,-6.504583956552652,2.329016430921534,2.329016430921534
Nc1cccc2c(N)cccc12,-2.7678536647569323,-1.7397320671677992,1.0281215975891331,1.0281215975891331
O=C1c2c(Cl)c(Cl)c(Cl)c(Cl)c2C(=O)C1c1ccc2cccc(N3C(=O)c4c(Cl)c(Cl)c(Cl)c(Cl)c4C3=O)c2n1,-7.727396396153464,-8.40541716443845,-0.6780207682849859,0.6780207682849859
CCC(=O)OC(C)C,-1.2905998094956055,-1.112022936630773,0.17857687286483248,0.17857687286483248
CC(=O)c1cccs1,-0.954899862821212,-1.1762336084081975,-0.2213337455869855,0.2213337455869855
COc1cc(C=O)cc([N+](=O)[O-])c1O,-2.4496897785083136,-2.6141109217932605,-0.16442114328494695,0.16442114328494695
Nc1ccc2c(O)cc(S(=O)(=O)O)cc2c1,-2.679885559262244,-2.447398945842451,0.23248661341979293,0.23248661341979293
Nc1ccc(S(=O)(=O)c2ccc(N)cc2)cc1,-3.0940000441796633,-3.445503468461356,-0.35150342428169257,0.35150342428169257
CCCCCCCC/C=C\CCCCCCCC(=O)O,-4.609611095315477,-5.853682716025013,-1.2440716207095353,1.2440716207095353
BrC=CBr,-1.319999955927293,-1.5257359702733435,-0.2057360143460505,0.2057360143460505
CC1(C)CCC(Cc2ccc(Cl)cc2)C1(O)Cn1cncn1,-4.328800172886483,-3.8098292650953445,0.5189709077911386,0.5189709077911386
COC(=O)CC(C(C)=O)C(=O)OC,-0.524834642834278,-0.22010876347419117,0.3047258793600869,0.3047258793600869
C=C(C)C(=O)OCC1CO1,-0.45378887835253856,-0.7894280931854558,-0.33563921483291725,0.33563921483291725
NC(CO)C(=O)O,-0.019999830294729737,-0.05180923648315838,-0.031809406188428646,0.031809406188428646
Cc1cc(C)c(S(=O)(=O)N=c2sc(S(N)(=O)=O)nn2C)c(C)c1,-2.999999938317362,-2.7968347010956602,0.20316523722170166,0.20316523722170166
CCCCN(CCCC)c1ccc2c(c1)Oc1cc(C)c(Nc3ccccc3)cc1C21OC(=O)c2ccccc21,-7.404250549273664,-7.328117112799173,0.07613343647449078,0.07613343647449078
O=C(O)C(SCCSC(C(=O)O)c1ccccc1)c1ccccc1,-3.4100000480151413,-3.1423360854764226,0.2676639625387187,0.2676639625387187
CC(C)c1ccc(C(C)CC=O)cc1,-3.459862925764012,-3.644382823398022,-0.1845198976340101,0.1845198976340101
CC(=O)OC[C@@H](OC(C)=O)[C@@H](OC(C)=O)[C@H](OC(C)=O)[C@H](C=O)OC(C)=O,-2.41539992518305,-1.712300736615238,0.703099188567812,0.703099188567812
CCCCCC1C(=O)CCC1CC(=O)OC,-2.907599862530005,-2.916976224253624,-0.009376361723619109,0.009376361723619109
O=C(O)Cn1ccc2cc3c(Nc4cccc(Br)c4)ncnc3cc21,-1.959999899923422,-4.053338690489693,-2.0933387905662713,2.0933387905662713
Cc1cn(C2CC(O)C(CO)O2)c(=O)[nH]c1=O,-0.7420619497490892,-1.0393251280339701,-0.2972631782848809,0.2972631782848809
COc1ccc2[nH]c([S+]([O-])Cc3ncc(C)c(OC)c3C)nc2c1,-4.2800002058836295,-3.5598567985391787,0.7201434073444508,0.7201434073444508
Nc1cc([N+](=O)[O-])ccc1O,-2.2056018133104485,-2.198422205432669,0.0071796078777794925,0.0071796078777794925
NCCCCCCNC(=O)O,-0.09529848000274832,-0.7929353570307032,-0.6976368770279548,0.6976368770279548
Cc1cccc(CO)c1,-0.3879997308043843,-1.0826764826680269,-0.6946767518636425,0.6946767518636425
CCN1c2ncccc2C(=O)N(C)c2ccc(Cl)nc21,-4.113999793173206,-3.7450846362071233,0.3689151569660827,0.3689151569660827
COC(=O)Oc1ccc(NC(C)=O)cc1,-1.6899998663982867,-2.543355565935307,-0.8533556995370204,0.8533556995370204
COCC(=O)N(c1c(C)cccc1C)N1CCOC1=O,-1.9129998728723174,-2.1416014945475914,-0.22860162167527398,0.22860162167527398
C=CCOCC(CC)(CO)COCC=C,-1.7182483162725266,-2.463461172150494,-0.7452128558779674,0.7452128558779674
Nc1nc(-c2ccc3ccccc3c2)cs1,-4.849542173004669,-3.7413744037871246,1.1081677692175442,1.1081677692175442
CCCCCC(=O)NNC(=O)c1ccncc1,-1.2399998335275466,-1.7273507770675882,-0.4873509435400416,0.4873509435400416
CCN(CC)c1nc(Cl)nc(N(CC)CC)n1,-4.411200031186011,-4.273279537489731,0.13792049369627968,0.13792049369627968
N#CCC(N)=O,0.18930031498449562,0.23677467152021991,0.047474356535724294,0.047474356535724294
CN(C)S(=O)(=O)N=c1sc(S(N)(=O)=O)nn1C,-2.6999999796658702,-2.0336986796892815,0.6663012999765887,0.6663012999765887
CC(=O)C1(C)CO1,0.3797001590886957,0.022925159206781842,-0.35677499988191386,0.35677499988191386
O=C(CO)C(O)C(O)C(O)CO,0.3200002068099992,0.5431568738296559,0.22315666701965675,0.22315666701965675
O=S(=O)(Cl)c1ccc(I)cc1,-4.2686000110770825,-4.21491789415411,0.05368211692297287,0.05368211692297287
COP(=S)(OC)SCn1nnc2ccccc2c1=O,-4.039999976711302,-4.043427806068436,-0.003427829357134371,0.003427829357134371
CC(C)CC(NC(=O)CC(O)C(CC(C)C)NC(=O)C(Cc1c[nH]cn1)NC(=O)C(Cc1ccccc1)NC(=O)OC(C)(C)C)C(=O)NCc1cccc(CN)c1,-2.849999838218068,-2.9896692105351734,-0.13966937231710563,0.13966937231710563
NCCNCCNCCNCCNCCN,0.33277901441805424,0.6085446391164182,0.27576562469836396,0.27576562469836396
Oc1cccc2cccnc12,-2.34960522205167,-1.8109986747094518,0.5386065473422181,0.5386065473422181
O=[N+]([O-])OC1CCCC(O[N+](=O)[O-])C1,-2.3299998449011436,-2.254887773072024,0.07511207182911983,0.07511207182911983
CCCCC(CC)COCOCC(CC)CCCC,-5.435323420455692,-6.136963906106049,-0.7016404856503566,0.7016404856503566
CCCCNC(=O)COC(=O)c1ccccc1,-2.758799961968692,-2.3786620610453766,0.38013790092331545,0.38013790092331545
O=C(O)c1ccnc(C(=O)O)c1C(=O)O,-1.2449998584308948,-1.2742952424360359,-0.02929538400514109,0.02929538400514109
CCC[C@@H](N)C(=O)O,-0.06869986581297294,-0.42648329031721577,-0.35778342450424283,0.35778342450424283
O=c1c2ccccc2[nH]c2cc3c(=O)c4ccccc4[nH]c3cc12,-7.481773916756483,-6.968428088741703,0.5133458280147796,0.5133458280147796
Cc1c(Nc2ccc(Br)cc2F)c(C(=O)NOCCO)cn(C)c1=O,-2.959999976324332,-2.9682243271557778,-0.008224350831445904,0.008224350831445904
CCCCOC(=O)CCO,-1.2898997369956806,-0.6848818167840025,0.6050179202116781,0.6050179202116781
CC(C)=C[C@@H]1[C@@H](C(=O)OCN2C(=O)C3=C(CCCC3)C2=O)C1(C)C,-4.857999772064784,-5.6452444107870985,-0.7872446387223144,0.7872446387223144
Cc1ncnc2nccnc12,-0.46579998027356995,-0.3088258375025381,0.15697414277103183,0.15697414277103183
COc1ccc2cc(C(C)C(=O)OC3CCCCC3=O)ccc2c1,-5.590000243295976,-5.249580328323587,0.3404199149723892,0.3404199149723892
CCOc1ccc(N=C=S)cc1,-4.2600002442971485,-4.24353887866504,0.016461365632108205,0.016461365632108205
COC(C)(C)C,-0.32352653183948776,-0.28749433029169325,0.03603220154779452,0.03603220154779452
CC1(C)NC(=O)N(Cc2ccccc2)C1=O,-1.7999998621642976,-2.3563284784501755,-0.5563286162858778,0.5563286162858778
Clc1cc(Cl)c(-c2c(Cl)cc(Cl)c(Cl)c2Cl)cc1Cl,-7.920000253995598,-8.954284494424975,-1.0342842404293773,1.0342842404293773
c1cc(N(CC2CO2)CC2CO2)ccc1OCC1CO1,-1.9192346175209494,-2.326367942753958,-0.4071333252330085,0.4071333252330085
CC1CCOC1,0.09013156709192938,-0.2498894501034914,-0.34002101719542077,0.34002101719542077
C/C=C(\Cl)C(=O)O,0.9189003601813432,-0.32338491622731835,-1.2422852764086616,1.2422852764086616
COP(=O)(OC)C(O)C(Cl)(Cl)Cl,-0.3314997944638307,0.09001728080842453,0.42151707527225524,0.42151707527225524
CC(=O)OC[C@H]1O[C@H](O[C@]2(COC(C)=O)O[C@H](COC(=O)C(C)C)[C@@H](OC(=O)C(C)C)[C@@H]2OC(=O)C(C)C)[C@H](OC(=O)C(C)C)[C@@H](OC(=O)C(C)C)[C@@H]1OC(=O)C(C)C,-6.073535018760717,-4.673909138128479,1.3996258806322377,1.3996258806322377
CC(=O)Nc1cccc(C)c1,-2.091000000283495,-1.7107414465853383,0.38025855369815686,0.38025855369815686
O=C(CO)CO,1.013864532266986,0.952854980643004,-0.06100955162398192,0.06100955162398192
CC(C)OC(=O)CCC(=O)OC(C)C,-1.7293166943815534,-1.7807874821402327,-0.051470787758679304,0.051470787758679304
CC(C)(Sc1c(C(C)(C)C)cc(O)cc1C(C)(C)C)Sc1c(C(C)(C)C)cc(O)cc1C(C)(C)C,-8.170000671001535,-7.5048710642313345,0.6651296067702006,0.6651296067702006
C=CCCCN=C=S,-2.900399859423617,-2.408861969914503,0.49153788950911403,0.49153788950911403
Clc1ccc(Oc2cc(Cl)c(Cl)c(Cl)c2)c(Cl)c1,-7.889999828521685,-8.047687846483885,-0.1576880179622009,0.1576880179622009
CCCCCCCCCCCCCCCCOP(=O)([O-])O,-3.2602593436177427,-3.54930919597081,-0.2890498523530671,0.2890498523530671
O=[N+](O)OCCCCO[N+](=O)O,-1.6799998165915901,-2.0827025124418177,-0.40270269585022755,0.40270269585022755
Clc1ccccc1-c1cccc(Cl)c1Cl,-5.94399979802243,-6.1073557531173055,-0.16335595509487533,0.16335595509487533
CCN(CC)c1ccc2c(C#N)c(-c3nc4ccccc4s3)c(=O)oc2c1,-8.097434402052293,-6.422844971109914,1.6745894309423797,1.6745894309423797
COC(=O)c1cc(C)ccc1C1=NC(C)(C(C)C)C(=O)N1,-2.3261999294947833,-3.4106729637200424,-1.084473034225259,1.084473034225259
COC(=O)/C(=C/c1ccccc1)S(=O)(=O)c1ccc([N+](=O)[O-])cc1,-4.5700001319817884,-5.32405081655693,-0.7540506845751418,0.7540506845751418
CC[N+](CC)(CC)Cc1ccccc1,-0.007265467352482791,-0.2837474517264402,-0.27648198437395743,0.27648198437395743
c1ccc(-c2ncc[nH]2)cc1,-1.8893829850586517,-1.523767154394217,0.3656158306644346,0.3656158306644346
CCOc1ccc(NS(=O)(=O)c2ccc(N)cc2)nn1,-2.4269999484520897,-3.043507185722344,-0.6165072372702545,0.6165072372702545
COc1ccc(Oc2ccc(NC(=O)N(C)C)cc2)cc1,-4.155799863338284,-3.959588258058642,0.19621160527964232,0.19621160527964232
CCCCCCCCCC(=O)O,-6.279989325159136,-3.297575816572389,2.9824135085867467,2.9824135085867467
Clc1cccc(-c2cccc(Cl)c2)c1,-5.798299969513795,-5.476236529681394,0.3220634398324007,0.3220634398324007
CC1(C)C(C=C(Br)Br)C1C(=O)OC(C#N)c1cccc(Oc2ccccc2)c1,-8.402000722301592,-7.888218177135835,0.5137825451657569,0.5137825451657569
CCCCn1ccc(NS(=O)(=O)c2ccc(N)cc2)nc1=O,-3.089999851723344,-3.3521296769676416,-0.2621298252442976,0.2621298252442976
Nc1ccc2c(O)cccc2c1S(=O)(=O)O,-2.0599998458827367,-2.395443683621087,-0.3354438377383504,0.3354438377383504
CCCCCCCCCOC(=O)c1ccc(C(=O)OCCCCCCCCC)c(C(=O)OCCCCCCCCC)c1,-6.757182316104643,-7.582883875145686,-0.8257015590410433,0.8257015590410433
CC(C)CC(=O)CC(C)C,-2.4540578471930288,-2.292804939149634,0.16125290804339487,0.16125290804339487
CCc1cccc(C)n1,-0.8233998289842601,-0.4505736794540267,0.3728261495302334,0.3728261495302334
Nc1nc(=O)nc(N)[nH]1,-3.2290999406667495,-2.5963363681161433,0.6327635725506062,0.6327635725506062
O=[N+]([O-])c1cc([N+](=O)[O-])c2ccccc2c1Cl,-5.4000001251302185,-4.559353564117196,0.8406465610130223,0.8406465610130223
O=[N+]([O-])c1cc(N(CCO)CCO)ccc1NCCO,-1.7953854844543229,-1.8173308663582703,-0.02194538190394746,0.02194538190394746
O=c1ncnc2[nH][nH]cc1-2,-2.3787998119039973,-1.884003455159534,0.4947963567444633,0.4947963567444633
C[C@]12CCC(=O)C=C1CC[C@@H]1[C@@H]2CC[C@@]2(C)[C@H]1CC[C@]2(C)O,-3.9505000140355624,-4.779741549300103,-0.8292415352645404,0.8292415352645404
Cc1ncc(CN)c(N)n1,0.4903069211618183,0.022622604214700637,-0.46768431694711765,0.46768431694711765
CC(C)OC(=O)[C@H](C)N(C(=O)c1ccccc1)c1ccc(F)c(Cl)c1,-4.560999949128849,-4.429679764358815,0.1313201847700345,0.1313201847700345
CCCCC(CC)COC(=O)CS,-4.6354818935959266,-4.1277146993014675,0.507767194294459,0.507767194294459
c1ccc(C2CO2)cc1,-1.9065409725178735,-2.1195380306200464,-0.21299705810217295,0.21299705810217295
Clc1cc(Cl)c(-c2c(Cl)c(Cl)cc(Cl)c2Cl)c(Cl)c1Cl,-9.199900072476334,-9.50834384475006,-0.3084437722737263,0.3084437722737263
CC(C)(NC(=O)c1ccccc1)C(N)=O,-1.6153997708941563,-1.4502319365196057,0.16516783437455063,0.16516783437455063
COc1ccc(O)c([N+](=O)[O-])c1,-2.8408998791607942,-2.66651007856505,0.17438980059574405,0.17438980059574405
CC(C)OC(=O)c1cc(-c2nn(C)c(C(F)(F)F)c2Br)c(F)cc1Cl,-6.922700324756068,-5.998304830401272,0.9243954943547958,0.9243954943547958
NC(N)=NCCS(=O)(=O)O,-0.6320996353301758,-0.6167409667015971,0.015358668628578709,0.015358668628578709
CCCC(C)(O)CCC,-1.5866998349893062,-1.4624043919012863,0.12429544308801987,0.12429544308801987
CC(=O)Oc1ccc(-c2ccccc2)cc1,-4.400000113429424,-4.233660154514384,0.1663399589150405,0.1663399589150405
N[C@@H](Cc1cc(Cl)c(O)c(Cl)c1)C(=O)O,-0.7959998305408242,-2.063642583142549,-1.2676427526017249,1.2676427526017249
FC(F)(F)CCl,-1.1097998751789213,-2.067887600834819,-0.9580877256558977,0.9580877256558977
COC(=O)c1c(Cl)nn(C)c1S(=O)(=O)NC(=O)Nc1nc(OC)cc(OC)n1,-4.464200019107677,-4.165353810163956,0.29884620894372116,0.29884620894372116
N#CC(=C1CCCCC1)c1ccccc1,-4.420023953671757,-4.917579088822003,-0.49755513515024585,0.49755513515024585
O=C(O)c1cccc2cccc([N+](=O)[O-])c12,-2.750099832370046,-2.789270601999899,-0.03917076962985311,0.03917076962985311
CCc1cnc(C2=NC(C)(C(C)C)C(=O)N2)c(C(=O)O)c1,-2.3152998752054845,-3.0259580299932507,-0.7106581547877662,0.7106581547877662
COc1ccc2c(c1OC)C(=O)OC2C1c2cc3c(cc2CCN1C)OCO3,-4.106500100885464,-3.243622131699179,0.8628779691862851,0.8628779691862851
Nc1ccc(CC(=O)c2ccccc2)cc1,-1.8049998180541895,-3.3987960584646366,-1.593796240410447,1.593796240410447
CNc1ccc(S(=O)(=O)N(C)C)cc1,-3.079999870930104,-2.3316739043087424,0.7483259666213615,0.7483259666213615
Clc1ccc(Oc2cc(Cl)cc(Cl)c2Cl)c(Cl)c1,-7.6399999636233975,-8.058127097925984,-0.41812713430258697,0.41812713430258697
COc1ccc(S(=O)(=O)O)cc1N,-0.8997240186517508,-1.3628622812105544,-0.46313826255880364,0.46313826255880364
COc1cc(O)c2c(=O)c3cc(O)ccc3oc2c1,-2.9300000037512244,-4.643120993065238,-1.7131209893140134,1.7131209893140134
O=C(O)COc1cccc(Cl)c1,-2.1953998991443,-2.003753603007258,0.19164629613704198,0.19164629613704198
CC=CCC,-2.5399998901466536,-2.7232597055902183,-0.18325981544356473,0.18325981544356473
CC(C)(C)C(C)(C)C,-4.869999969859732,-4.871158981843539,-0.00115901198380719,0.00115901198380719
CC(C)(C)c1ccccc1,-3.6579999374588166,-4.096362852327797,-0.43836291486898027,0.43836291486898027
CCN(CC)C(=O)CCC(=O)O,-0.7936997500718279,-0.21806127225497063,0.5756384778168573,0.5756384778168573
O=C(Nc1ccccc1)N(Cc1ccc(Cl)cc1)C1CCCC1,-5.915000067663748,-6.174051185372578,-0.2590511177088297,0.2590511177088297
C[Si](C)(C)N[Si](C)(C)C,-2.210072159937286,-2.806898139761897,-0.5968259798246112,0.5968259798246112
NS(=O)(=O)c1ccc(CCCCCO)cc1,-1.9711998866934657,-1.9438978873578665,0.02730199933559918,0.02730199933559918
CN(C)c1ccccc1,-1.9220736240695904,-1.3272695573519873,0.5948040667176031,0.5948040667176031
Nc1c(S(=O)(=O)O)cc(S(=O)(=O)O)c2ccc(S(=O)(=O)O)cc12,-0.31879966219586997,-0.17305262848317726,0.1457470337126927,0.1457470337126927
COCCCCC(=O)c1ccc(C(F)(F)F)cc1,-3.5440597564366723,-4.223032634363709,-0.6789728779270368,0.6789728779270368
O=C1COc2ccccc2N1,-2.571599875002174,-1.92193421688802,0.6496656581141538,0.6496656581141538
c1ccc2c(c1)ccc1ncccc12,-3.3573998895521022,-3.8752049530272674,-0.5178050634751652,0.5178050634751652
COC1=CCC2=C(CCC3C2CCC2(C)C(=O)CCC32)C1,-4.979874637189242,-4.397453930975537,0.5824207062137052,0.5824207062137052
CCCCCC1CCCC(=O)O1,-1.6290321369287757,-2.1741530024307845,-0.5451208655020088,0.5451208655020088
CC(=O)CCC1C(=O)N(c2ccccc2)N(c2ccccc2)C1=O,-3.267600028902346,-3.215451149429549,0.052148879472797116,0.052148879472797116
CCCC(=O)OCC,-1.3599998791002539,-0.9186974740903717,0.44130240500988216,0.44130240500988216
CCn1cc(C(=O)OCOC(C)=O)c(=O)c2ccc(C)nc21,-2.489999917166996,-2.9055600830253496,-0.4155601658583534,0.4155601658583534
CCOc1ccc(N(C(C)=O)C(C)=O)cc1,-1.9469999041881727,-2.101098946372959,-0.15409904218478632,0.15409904218478632
O=C(OCC([N+](=O)[O-])([N+](=O)[O-])[N+](=O)[O-])c1ccccc1C(=O)OCC([N+](=O)[O-])([N+](=O)[O-])[N+](=O)[O-],-3.5782000921090287,-3.8786085586612677,-0.3004084665522391,0.3004084665522391
Oc1ccc2c(c1)Sc1ccccc1N2,-2.574799925447045,-4.142401867000998,-1.5676019415539528,1.5676019415539528
C=CC(=O)OCCCCO,0.8411255076640476,-0.3767980186979347,-1.2179235263619823,1.2179235263619823
NS(=O)(=O)c1cc2c(s1)S(=O)(=O)CCC2=O,-3.0199999257838885,-2.5321754550406554,0.4878244707432331,0.4878244707432331
SC1CCCCC1,-3.36721391358755,-3.67920411484293,-0.31199020125538013,0.31199020125538013
CN(C)c1cnc2cncnc2n1,-0.08999962683395513,-1.1683695250715993,-1.0783698982376442,1.0783698982376442
CC(C)CC1(CCO)C(=O)NC(=S)NC1=O,-2.619999805506031,-2.2731801347111813,0.3468196707948499,0.3468196707948499
OC(Cn1cncn1)(Cn1cncn1)c1ccc(F)cc1F,-1.7999998621642976,-2.5938875291422585,-0.7938876669779609,0.7938876669779609
O=c1[nH]c(CN2CCCC2)c(Cl)c(=O)[nH]1,-1.5399998094324026,-2.1234886369080694,-0.5834888274756669,0.5834888274756669
Cc1ccc(N=CN(C)C=Nc2ccc(C)cc2C)c(C)c1,-5.467500254285051,-5.244296658115163,0.22320359616988839,0.22320359616988839
COCC(C)N(C(=O)CCl)c1c(C)csc1C,-2.361399794253802,-2.24579449106664,0.115605303187162,0.115605303187162
CCCCCCCCC(CO)CCCCCC,-5.384617025738137,-6.059686226527383,-0.6750692007892454,0.6750692007892454
Cc1c(NC(N)=O)c(=O)n(-c2ccccc2)n1C,-1.519999847845922,-1.4083944610612544,0.11160538678466758,0.11160538678466758
CCN1CCn2c(nc3ccccc3c2=O)C1C,-2.4999999324669644,-1.7811009412583971,0.7188989912085673,0.7188989912085673
CCCCOP(=O)(OCCCC)OCCCC,-2.849999838218068,-2.529515296863816,0.32048454135425164,0.32048454135425164
Nc1ccc(N=Nc2ccccc2)c(N)n1,-4.239999730603018,-3.754757424204411,0.4852423063986073,0.4852423063986073
N#CC(C#N)=NNc1cccc(O)c1,-2.94999998690441,-3.111637381852445,-0.16163739494803542,0.16163739494803542
CC1OCC(c2ccccc2)O1,-1.805450406909869,-1.8272782588978687,-0.021827851987999747,0.021827851987999747
COc1c2occc2cc2ccc(=O)oc12,-3.519999940260968,-3.5358902195428317,-0.015890279281863595,0.015890279281863595
CO[C@H]1C[C@H](OC2/C(C)=C/C[C@@H]3C[C@@H](C[C@]4(C=C[C@H](C)[C@@H](C5CCCCC5)O4)O3)OC(=O)[C@@H]3C=C(C)[C@@H](O)[C@H]4OC/C(=C\C=C\[C@@H]2C)[C@]43O)O[C@@H](C)C1O[C@H]1C[C@H](OC)[C@@H](O)[C@H](C)O1,-7.555881946317744,-4.1533755586480865,3.402506387669657,3.402506387669657
CC(C)[C@@H]1CC[C@@H](C)C[C@H]1OC(=O)[C@H](C)O,-2.979987088467932,-2.56958240463641,0.41040468383152184,0.41040468383152184
CCOP(=O)(OCC)O/C(=C\Cl)c1ccc(Cl)cc1Cl,-3.462399929428221,-3.9262271533204984,-0.4638272238922774,0.4638272238922774
CC(C)(C)OOC(=O)c1ccccc1,-2.776432917287004,-3.237269788121143,-0.46083687083413905,0.46083687083413905
CCCCCCBr,-3.807800062442023,-4.08157823762808,-0.2737781751860573,0.2737781751860573
CCCCCCCCCCCC(=O)OCCS(=O)(=O)[O-],-2.4084791177661065,-1.5872161936687659,0.8212629240973406,0.8212629240973406
CCCC(=O)OCC1OC(n2cc(I)c(=O)[nH]c2=O)CC1O,-2.8399998487981453,-2.688183685478392,0.15181616331975345,0.15181616331975345
Cc1ccc([N+](=O)[O-])cc1O,-2.1850999858703153,-2.230010975601553,-0.04491098973123764,0.04491098973123764
O=c1n(CCO)c(=O)n(CCO)c(=O)n1CCO,0.3403666298490231,-0.30509635032825333,-0.6454629801772764,0.6454629801772764
NS(=O)(=O)c1cc(C(=O)c2ccc(CNCc3ccccc3)cc2)cs1,-3.3699998487883556,-3.0662606893186153,0.3037391594697403,0.3037391594697403
CC(=O)CSC#N,-0.21619984131372671,-0.3066284490564013,-0.09042860774267458,0.09042860774267458
O=C(Cc1ccccc1)c1ccc(O)cc1,-1.5007998902439774,-3.213293064146731,-1.7124931739027538,1.7124931739027538
O=C(/C=C/c1ccccc1)OCCc1ccccc1,-5.401939403250082,-5.232359814673027,0.16957958857705524,0.16957958857705524
C=CC(=O)OCCOc1ccccc1-c1ccccc1,-3.9515187906763245,-3.852471368439798,0.0990474222365263,0.0990474222365263
Cc1cc(Cc2cc(C)c(O)c(C)c2)cc(C)c1O,-3.408824886882578,-4.455149732485521,-1.0463248456029426,1.0463248456029426
O=C(O)/C=C/C(=O)O,-1.2196292696811493,-1.067540451449223,0.15208881823192621,0.15208881823192621
CC(=O)Nc1cccc(Nc2cc(S(=O)(=O)[O-])c(N)c3c2C(=O)c2ccccc2C3=O)c1,-4.307910903903114,-2.1221828333028765,2.1857280706002373,2.1857280706002373
CCCCCN,1.0597002332981544,-0.09382021177045408,-1.1535204450686085,1.1535204450686085
CCOC(=O)[C@H](Cc1ccc(O)cc1)NC(C)=O,-1.8585998779777138,-1.8746057547987507,-0.016005876821036935,0.016005876821036935
O=c1[nH]ccc2cccnc12,-1.1427997634871945,-1.4221765862958775,-0.27937682280868303,0.27937682280868303
O=C1CCCCCN1,0.8601213234624852,-0.390683250036155,-1.2508045734986402,1.2508045734986402
C=CC(=O)[O-],0.7150843001874136,-0.146468645146121,-0.8615529453335347,0.8615529453335347
FC(F)C(F)(F)F,-1.4164956746334343,-1.6677083820113816,-0.2512127073779473,0.2512127073779473
CC1CCC(C)CC1,-4.465700233619051,-4.548067655594155,-0.08236742197510338,0.08236742197510338
CCCCOC(=O)CCC(C)=O,-1.306674561745953,-1.0823682685725353,0.22430629317341766,0.22430629317341766
Cc1cc(C)cc(O)c1,-1.684146697149111,-1.3702362309810574,0.3139104661680536,0.3139104661680536
CCOP(=S)(OCC)OP(=S)(OCC)OCC,-4.0311999328814085,-3.7251630739069124,0.3060368589744962,0.3060368589744962
CN(C)C(=O)CCOC(=O)c1ccccc1,-1.099399823379957,-1.3066000272132323,-0.20720020383327542,0.20720020383327542
O=C(O)C1=CC(Nc2nc(NC3(S(=O)(=O)[O-])C=C(C(=O)O)C(O)=CC3)nc(NC3(S(=O)(=O)[O-])C=C(C(=O)O)C(O)=CC3)n2)(S(=O)(=O)[O-])CC=C1O,-0.6896458156670686,-1.1921787533877584,-0.5025329377206897,0.5025329377206897
CC(C)(C)C(O)/C(=C\c1ccc(Cl)cc1Cl)n1cncn1,-4.911499969517154,-4.943533945492131,-0.03203397597497748,0.03203397597497748
CCOC(=O)CCN(Cc1ccccc1)SN(C)C(=O)O/N=C(/C)SC,-4.3004999629200755,-4.237390055769406,0.06310990715066911,0.06310990715066911
C[C@]12C=CC(=O)C=C1CC[C@H]1[C@@H]3C[C@@H](O)[C@](O)(C(=O)CO)[C@@]3(C)C[C@H](O)[C@@]12F,-3.692899904243818,-3.518016424515666,0.1748834797281522,0.1748834797281522
O=C(O)c1cccc(N=C=S)c1,-3.2499999412425606,-2.884527736207208,0.3654722050353527,0.3654722050353527
COc1cccc(OCC(O)CO)c1OC,-2.999999938317362,-1.2674688454272052,1.7325310928901567,1.7325310928901567
Cc1cc(C)nc(NC(=O)NS(=O)(=O)c2ccccc2C(=O)OC2COC2)n1,-3.8929998656739704,-3.321369896434907,0.5716299692390634,0.5716299692390634
CCCCCBr,-3.0752999165344126,-3.0741616603475648,0.0011382561868478192,0.0011382561868478192
COP(=S)(OC)Oc1ccc([N+](=O)[O-])c(C)c1,-4.039999976711302,-4.16487209623952,-0.1248721195282183,0.1248721195282183
CCOC(=O)c1ccnc(C(=O)OCC)c1,-1.2184147708785389,-2.0194480221003612,-0.8010332512218223,0.8010332512218223
CCC1(CC(C)=O)C(=O)NC(=O)NC1=O,-0.7660997506322582,-1.2458687378447408,-0.4797689872124826,0.4797689872124826
N#CCCNC(Cc1ccccc1)C(=O)O,-1.4899998364527451,-1.331937903584728,0.15806193286801706,0.15806193286801706
CC(N)C(=O)O,0.2678989121152675,0.3924552260678098,0.1245563139525423,0.1245563139525423
CC(=O)OC/C=C(C)/C=C/C=C(C)/C=C/C1=C(C)CCCC1(C)C,-7.516530473579454,-6.2257861566416794,1.2907443169377748,1.2907443169377748
Clc1cc(-c2cc(Cl)c(Cl)c(Cl)c2)cc(Cl)c1Cl,-8.849800330134121,-8.662042321134134,0.18775800899998707,0.18775800899998707
Cc1ccc(C)c(C)n1,-0.5892996982113399,-0.5228462271335839,0.06645347107775601,0.06645347107775601
O=P(O)(O)c1cccc2ccccc12,-1.6193999288437473,-2.3289488389763253,-0.709548910132578,0.709548910132578
CCCCCCCC(=O)OCC(C)(C)COC(=O)CCCCCCC,-6.853146631197868,-6.40319187115441,0.44995476004345836,0.44995476004345836
CNC,1.5618595321668534,1.0674159377038732,-0.49444359446298014,0.49444359446298014
CCCC(=O)CCC,-1.4799999246729612,-1.5009822237953183,-0.020982299122357162,0.020982299122357162
NC(=CC(=O)[C@@H](Cc1ccccc1)N(Cc1ccccc1)Cc1ccccc1)Cc1ccccc1,-7.6633436271638775,-6.3978389114359375,1.26550471572794,1.26550471572794
Nc1ccc(S(=O)(=O)Nc2ccnn2-c2ccccc2)cc1,-2.3212999050895022,-4.023573807941867,-1.7022739028523648,1.7022739028523648
CCCCCCCC(=O)SCCC[Si](OCC)(OCC)OCC,-5.832680264973439,-5.391213607937745,0.44146665703569354,0.44146665703569354
Cn1c([N+](=O)[O-])cnc1COC(N)=O,-1.8432998707869244,-1.71423090495888,0.1290689658280444,0.1290689658280444
Cc1ccc(C)c2c(C)cccc12,-4.920000080866302,-4.9815047350252275,-0.061504654158925476,0.061504654158925476
CN(C)Cc1cc(C(=O)c2csc(S(N)(=O)=O)c2)ccc1O,-1.5399998094324026,-2.4940676047835013,-0.9540677953510988,0.9540677953510988
Nc1ccc2c(c1)C(=O)OC2,-2.0413998222557375,-1.7311309201187406,0.31026890213699687,0.31026890213699687
Clc1ccc(Cl)c(-c2c(Cl)cc(Cl)c(Cl)c2Cl)c1,-8.010000426202042,-8.323597019171194,-0.31359659296915154,0.31359659296915154
CCC1OC(=O)c2ccccc21,-1.7469998742426314,-2.641976933599841,-0.8949770593572097,0.8949770593572097
Clc1ccccc1-c1cc(Cl)c(Cl)c(Cl)c1Cl,-7.522600621134995,-8.014153932051359,-0.49155331091636434,0.49155331091636434
CC1OC1C,0.3972952777796337,0.4626198267404953,0.0653245489608616,0.0653245489608616
COc1cc2c(N)nc(N3CCN(C(=O)OCC(C)(C)O)CC3)nc2c(OC)c1OC,-3.6400000548471314,-3.408345933496391,0.23165412135074037,0.23165412135074037
CCCCCC(=O)NCCNC(=O)CCCCC,-3.1078998546105105,-2.136417824837234,0.9714820297732767,0.9714820297732767
Nc1c(Cl)cc(Cl)cc1Cl,-3.691199964790136,-3.6245809304309016,0.06661903435923433,0.06661903435923433
CCCN(CCC)c1c([N+](=O)[O-])cc(S(C)(=O)=O)cc1[N+](=O)[O-],-5.760099917279127,-4.430793641542252,1.329306275736875,1.329306275736875
CC(Cl)[N+](=O)[O-],-1.437399850523347,-0.9347552490304885,0.5026446014928585,0.5026446014928585
CC[C@@H](C)[C@H](N)C(=O)O,-0.3894998072888449,-0.7984608503897324,-0.40896104310088743,0.40896104310088743
CCCCCCCCCc1cc2ccccc2c(S(=O)(=O)[O-])c1CCCCCCCCC,-4.731448693173575,-3.6415302211985052,1.0899184719750696,1.0899184719750696
O=C([O-])C(O)C(O)C(O)C(O)CO,0.432100420075785,-0.04762232812102818,-0.47972274819681315,0.47972274819681315
NC(=O)c1nc(-c2ccccc2)n(-c2ccc(Cl)c(COCC(F)(F)C(F)(F)F)c2)n1,-5.6634998502271765,-5.934298714508092,-0.2707988642809154,0.2707988642809154
C=COCC,-0.8579998632885171,-0.8808939731751608,-0.022894109886643754,0.022894109886643754
CCOP(=O)(Cc1ccc(-c2nc3ccccc3s2)cc1)N1CCCC1=O,-3.7300000200132057,-4.162594100076515,-0.4325940800633097,0.4325940800633097
CCCCNCC,-0.44049992327608445,-0.45619882824384206,-0.01569890496775761,0.01569890496775761
Nc1ccc(S(=O)(=O)O)cc1,-1.1412729097817194,-1.0918770805978373,0.04939582918388208,0.04939582918388208
CCN(CC)CCCC(C)Nc1ccnc2cc(Cl)ccc12,-2.829999855064882,-2.7129697647606577,0.11703009030422429,0.11703009030422429
C=CCc1ccc2cncnc2c1O,-3.6199998862202825,-2.9450040208549555,0.674995865365327,0.674995865365327
COc1ccc(C(c2ccc(OC)cc2)C(Cl)(Cl)Cl)cc1,-6.538600137017264,-6.668341293908919,-0.12974115689165533,0.12974115689165533
O=C(O)CCCc1c[nH]c2ccccc12,-2.910099919732592,-2.9880371716957326,-0.0779372519631405,0.0779372519631405
C=CCN(CC=C)C(=O)COC(=O)c1ccccc1,-2.562599830176147,-2.331584876950215,0.23101495322593202,0.23101495322593202
CC(C)(C)CC(C)(C)c1ccc(Nc2ccc(C(C)(C)CC(C)(C)C)cc2)cc1,-6.59511994923321,-8.190826171551354,-1.5957062223181442,1.5957062223181442
CC(Cc1ccc(C(C)(C)C)cc1)CN1CC(C)OC(C)C1,-2.4820999123264342,-3.3991632790651987,-0.9170633667387644,0.9170633667387644
CC12CCC(C(CO)C1=O)C2(C)C,-0.2149998353369229,-1.6012248210667124,-1.3862249857297895,1.3862249857297895
OCc1cc(O)ccc1O,0.8534002409878503,0.16680744933233171,-0.6865927916555186,0.6865927916555186
CC(C)(C)c1ccc(C(O)CCCN2CCC(C(O)(c3ccccc3)c3ccccc3)CC2)cc1,-6.690000200956085,-5.028395375748218,1.661604825207867,1.661604825207867
CCCCCCCC(=O)OCC,-3.3907000554084012,-3.441695823547899,-0.05099576813949769,0.05099576813949769
Cc1ccc(OP(=O)(Oc2ccccc2)Oc2ccccc2)cc1,-6.15170021138641,-5.82987611022019,0.32182410116621973,0.32182410116621973
O=C1CCCCCN1C(=O)Nc1ccc(Cc2ccc(NC(=O)N3CCCCCC3=O)cc2)cc1,-7.763261309083374,-5.3026941884480205,2.4605671206353534,2.4605671206353534
OC1CSC(O)CS1,-1.4690381033403426,-1.0466141912533191,0.42242391208702346,0.42242391208702346
COc1cc(S(=O)(=O)CCOS(=O)(=O)[O-])c(OC)cc1N=NC1C(=O)N(c2ccc(S(=O)(=O)[O-])cc2)N=C1C,-0.08984282826141676,-0.5092127568836649,-0.4193699286222481,0.4193699286222481
CC(=O)Nc1ccccc1[N+](=O)[O-],-1.9092998544438398,-2.1335724690506206,-0.22427261460678083,0.22427261460678083
O=C1CCCCCNC(=O)CCCCCNC(=O)CCCCCNC(=O)CCCCCN1,-2.8125998331013458,-0.3906829739823299,2.421916859119016,2.421916859119016
COC(=O)/C=C/c1ccccc1,-2.7343475109871718,-2.727310553923405,0.0070369570637667245,0.0070369570637667245
Oc1cc(Cl)ccc1Cl,-1.9111654952059132,-1.8590243797469408,0.052141115458972376,0.052141115458972376
CC(=O)C(=O)Nc1ccccc1,-1.3675997789264307,-1.6873661748819089,-0.3197663959554782,0.3197663959554782
CN(C)P(=O)(N(C)C)n1nc(-c2ccccc2)nc1N,-3.0708999118728304,-2.5135872672213986,0.5573126446514318,0.5573126446514318
N#C/C(=N\OCC1OCCO1)c1ccccc1,-4.064899893689607,-2.971727687427407,1.0931722062622002,1.0931722062622002
O=C(O)c1ccc2ccccc2c1,-3.5638999518719965,-3.432681216882609,0.13121873498938763,0.13121873498938763
NCC(=O)NCC(=O)Nc1c(S(N)(=O)=O)cc(S(N)(=O)=O)c(Cl)c1Cl,-1.2299999217477626,-1.6668856035862922,-0.4368856818385296,0.4368856818385296
NC(=O)NO,1.1189002520999725,-0.10023183790738521,-1.2191320900073577,1.2191320900073577
CCOP(=S)(OCC)SCn1nnc2ccccc2c1=O,-4.517099937517821,-4.382590226854989,0.13450971066283213,0.13450971066283213
NC(CO)CO,0.9744272067891542,1.0365873507552843,0.06216014396613012,0.06216014396613012
CC(=O)OC1c2ccccc2N(C(N)=O)c2ccccc2C1OC(C)=O,-3.5499999516541445,-3.213056520525527,0.33694343112861747,0.33694343112861747
COC(=O)c1ccc(C(F)(F)F)nc1S(=O)(=O)NC(=O)Nc1nc(OC)cc(OC)n1,-3.89000005777233,-4.753126923988484,-0.8631268662161538,0.8631268662161538
COc1ccc([N+](=O)[O-])cc1OC(C)=O,-2.9466039511838886,-2.913381257245541,0.033222693938347536,0.033222693938347536
COc1ccc(C(=O)Nc2ccccc2)cc1N/N=C1\C(=O)C(C(=O)Nc2ccc3[nH]c(=O)[nH]c3c2)=Cc2ccccc21,-8.47908378393371,-7.823236763079313,0.655847020854397,0.655847020854397
BrC(Br)Br,-1.911299864405179,-1.836741107961326,0.07455875644385301,0.07455875644385301
CCCCCCCCCCCCCCCCCCOCCCCCCCCCCCCCCCCCC,-7.019521234867931,-7.330653495342277,-0.3111322604743467,0.3111322604743467
Cc1cc(C(C)(C)C)cc(C)c1CC#N,-4.701811830587043,-4.67451245376278,0.027299376824262644,0.027299376824262644
CCCCCCCCCCNCC(O)CO,-3.1099998478165527,-2.3833638097909295,0.7266360380256232,0.7266360380256232
CCCC(=O)N(C)c1ccc(S(=O)(=O)N(C)C)cc1,-2.1599999988824194,-2.6635641011592637,-0.5035641022768442,0.5035641022768442
CCOC(=O)C(C)Oc1ccc(Oc2nc3ccc(Cl)cc3o2)cc1,-5.604199899940747,-6.1318604990452785,-0.5276605991045313,0.5276605991045313
COC(=O)C1(S(=O)(=O)c2ccc(C)cc2)CC1,-2.8802999805056757,-3.5049977951472364,-0.6246978146415607,0.6246978146415607
Nc1nc(N)nc(Nc2nc(N)nc(N)n2)n1,-4.225336993666991,-3.2131637674364977,1.0121732262304932,1.0121732262304932
Clc1ccc(-c2ccc(Cl)cc2Cl)c(Cl)c1,-6.51000040865085,-7.008493712724988,-0.49849330407413817,0.49849330407413817
Clc1c(Cl)c(Cl)c2nccnc2c1Cl,-5.427999988535143,-5.130525491047308,0.29747449748783517,0.29747449748783517
CC(C)(C)c1cc([N+](=O)[O-])cc([N+](=O)[O-])c1O,-4.727399811723891,-4.1224484204840115,0.6049513912398794,0.6049513912398794
C=COC(=O)CCCCCCCCCCCCCCCCC,-6.150000271932727,-6.961651795502091,-0.8116515235693633,0.8116515235693633
CCN1c2cc(N(C)C)cc(C)c2NC(=O)c2cccnc21,-4.870999836813489,-3.893139134828628,0.9778607019848611,0.9778607019848611
CCOP(=S)([S-])OCC,0.681477783598941,-0.5651285633307483,-1.2466063469296893,1.2466063469296893
CC(=O)OC/C=C(\C)CCC=C(C)C,-3.8305001064897675,-3.5595394056540095,0.27096070083575796,0.27096070083575796
Cc1ccc(N=c2sccn2C)c(C)c1,-3.1630000600319517,-3.3081661384701597,-0.14516607843820806,0.14516607843820806
Clc1ccccc1-c1c(Cl)ccc(Cl)c1Cl,-6.300099846302485,-6.788516909714257,-0.48841706341177193,0.48841706341177193
Cc1ccc2c3c1CCCC3CN(C(N)=NO)C2,-1.1999999103545858,-1.7518850607548246,-0.5518851504002389,0.5518851504002389
CN(C)c1nc2ncncc2[nH]1,-1.38849981400897,-1.8229926612933398,-0.4344928472843699,0.4344928472843699
O=C([O-])c1ccc[n+](Cc2ccccc2)c1,0.5192205227271347,-0.8006949539945798,-1.3199154767217145,1.3199154767217145
Cn1c(=O)c2ncnnc2n(C)c1=O,-1.9848998859151836,-1.1787676444937893,0.8061322414213943,0.8061322414213943
CCC(CC)Nc1c([N+](=O)[O-])cc(C)c(C)c1[N+](=O)[O-],-5.972099868965792,-5.371462508874405,0.6006373600913868,0.6006373600913868
COC(=O)C1(S(=O)(=O)c2ccc(Cl)cc2)CCC1,-2.99959987593832,-3.5969783774934516,-0.5973785015551316,0.5973785015551316
O=C(O)c1cccc(C(=O)O)c1C(=O)O,-0.836999896721367,-1.3353546217754109,-0.4983547250540439,0.4983547250540439
CCCCCCCCCCCC(=O)N(C)CC(=O)O,-2.7346414738039533,-2.59715096844667,0.13749050535728324,0.13749050535728324
Cc1c(COC(=O)C2C(/C=C(\Cl)C(F)(F)F)C2(C)C)cccc1-c1ccccc1,-6.626200297270099,-7.076554783252,-0.45035448598190086,0.45035448598190086
NC(=O)Nc1cc(Nc2nc(Cl)nc(Nc3cccc(S(=O)(=O)CCOS(=O)(=O)[O-])c3)n2)ccc1N=Nc1cc2c(S(=O)(=O)[O-])cc(S(=O)(=O)[O-])cc2cc1S(=O)(=O)[O-],-0.4261362906593269,-0.28897784354666056,0.13715844711266634,0.13715844711266634
O=[N+]([O-])c1ccc(Cl)c(Cl)c1Cl,-3.940000030751987,-4.6044519253820795,-0.6644518946300924,0.6644518946300924
CC1(C)CCCC2(C)C1CCC1(C)OCCC12,-5.0994877933263645,-4.659790779335139,0.43969701399122574,0.43969701399122574
Cc1ccc([N+](=O)[O-])cc1Cl,-3.5442781150121614,-3.5797747721396664,-0.03549665712750505,0.03549665712750505
C=CCOC1=NS(=O)(=O)c2ccccc21,-3.172699884050714,-3.318379198309488,-0.145679314258774,0.145679314258774
CCCCCCC(CC=CCCCCCCCC(=O)O)OS(=O)(=O)O,-0.5780997804547523,-1.7783646957460721,-1.2002649152913198,1.2002649152913198
Cc1cc(O)c(Cl)c(C)c1Cl,-2.9800998564554,-3.5956048026742473,-0.6155049462188473,0.6155049462188473
C[Si](C)(O)O[Si](C)(C)O,-0.17959979704813023,0.01381869563125937,0.1934184926793896,0.1934184926793896
NS(=O)(=O)c1ccc(Nc2ccnc(NS(=O)(=O)c3cccc(C(F)(F)F)c3)n2)cc1,-1.8199999617776905,-3.2502701979371293,-1.4302702361594388,1.4302702361594388
Nc1ccc(N)c(S(=O)(=O)c2ccccc2C(=O)O)c1,-1.8394998518603798,-2.9640563673007216,-1.1245565154403419,1.1245565154403419
O=C(CC(Cl)Cl)NC1=C(Cl)C(=O)c2ccccc2C1=O,-5.030000214659225,-4.627774884885691,0.4022253297735334,0.4022253297735334
O=C(OCCc1ccccc1)c1ccccc1O,-4.4891051811086555,-3.9843953519383275,0.504709829170328,0.504709829170328
CC(=O)Nc1ccc(Br)cc1,-3.079999870930104,-2.504061788446419,0.575938082483685,0.575938082483685
CC(C)CCCCCCCOCCCNCCCN,-3.204880910447539,-1.6420070807794158,1.562873829668123,1.562873829668123
C/C=C/c1ccc(O)c(OC)c1,-2.3647374230236533,-2.4245202259565453,-0.059782802932891954,0.059782802932891954
O=C(O)CCCc1ccc(N(CCCl)CCCl)cc1,-3.4000000672219013,-3.907179439402981,-0.5071793721810796,0.5071793721810796
CCCCCCCCCCCCCCCCCC(=O)NCCCN(C)C,-4.5666141937925815,-4.980169186620401,-0.4135549928278195,0.4135549928278195
CC(N)=S,0.3363398327053302,0.2211701769605754,-0.1151696557447548,0.1151696557447548
CCOC(=S)SC(CC(N)=O)C(=O)O,-1.699999916204983,-1.5809209242190263,0.11907899198595673,0.11907899198595673
Nc1cccc2ccccc12,-1.9254999351306878,-2.707354001800889,-0.781854066670201,0.781854066670201
CCOC(=O)C(Cc1ccccc1)NC(C)=O,-1.8599998849506514,-1.8836964833062544,-0.023696598355603005,0.023696598355603005
CCCCC1C(=O)N(c2ccccc2)N(c2ccc(O)cc2)C1=O,-3.732899896430235,-3.4923728185331027,0.24052707789713246,0.24052707789713246
CC1(O)CC(c2ccccc2)c2c(c3ccccc3oc2=O)O1,-4.739999736453416,-4.024963255856003,0.715036480597413,0.715036480597413
CS(=O)(=O)c1ccc(C(=N)N)cc1,-1.3799998406867342,-2.176707880580156,-0.7967080398934216,0.7967080398934216
C=COC,-0.5310301188263189,-0.28411625963649545,0.24691385918982345,0.24691385918982345
FC(Cl)C(F)(F)F,-1.9589998949427523,-2.0362057315134905,-0.0772058365707382,0.0772058365707382
Cc1ccc(C(=O)O)c(C)c1,-2.969999970057595,-2.5434686444833283,0.4265313255742669,0.4265313255742669
CC1(C)C(O)C(C)(C)C1O,-0.37367723020753596,0.22142000567210207,0.595097235879638,0.595097235879638
O=C1CC[C@@H](C(=O)[O-])N1,0.6082048168579766,0.10701198243022292,-0.5011928344277536,0.5011928344277536
CCCCOC(=O)c1ccccc1,-3.4800998795591616,-3.2827495177451134,0.1973503618140482,0.1973503618140482
CCCCN(CCOC(C)=O)c1ccc(N=Nc2c(C#N)cc([N+](=O)[O-])cc2C#N)c(C)c1,-8.880901106154054,-7.858780349357049,1.0221207567970048,1.0221207567970048
c1ccc2scnc2c1,-1.6538263252921477,-1.6034661020710068,0.050360223221140865,0.050360223221140865
Cc1ccccc1NC(=O)CC(=O)CN=Nc1ccc(S(=O)(=O)[O-])cc1[N+](=O)[O-],-7.739803911367039,-2.2410645158174916,5.498739395549547,5.498739395549547
CCCCCCCCCCCC=O,-5.061459584597691,-4.702997757818777,0.3584618267789139,0.3584618267789139
CC(=O)Oc1ccccc1C(=O)Oc1ccccc1,-4.107699830808443,-4.013294322650925,0.09440550815751791,0.09440550815751791
C1CCCCC1,-3.099999849769948,-4.556075010865872,-1.4560751610959235,1.4560751610959235
COc1c(Cl)cc(Cl)c(Cl)c1Cl,-5.13000016061854,-5.782557724095529,-0.6525575634769893,0.6525575634769893
CC(=O)CC(C)(C)c1ccccc1,-2.337666170178935,-3.0964871338616597,-0.7588209636827248,0.7588209636827248
Oc1ccc2c(c1)CCCC2,-1.9947998662103568,-1.9929939911013728,0.0018058751089840008,0.0018058751089840008
C=Cc1ccc(C)cc1,-3.123199879054664,-3.3421444305473047,-0.21894455149264092,0.21894455149264092
C=C(C)CN(CC)c1c([N+](=O)[O-])cc(C(F)(F)F)cc1[N+](=O)[O-],-6.1240001424353165,-5.349029546902242,0.7749705955330741,0.7749705955330741
CCCCOCCOC(N)=O,-0.5083997783693595,-0.7580599590361166,-0.2496601806667571,0.2496601806667571
S=C=Nc1cccc(N=C=S)c1,-4.699999813280455,-4.121245239888221,0.5787545733922332,0.5787545733922332
CC(C)(C)C(=O)Oc1ccc2nc(S(N)(=O)=O)sc2c1,-3.7300000200132057,-3.3045687430510853,0.42543127696212046,0.42543127696212046
CCCCOP(=S)([S-])OCCCC,-2.5083838941692895,-1.9125349982312,0.5958488959380894,0.5958488959380894
CC(C)(C)C(O)C(Oc1ccc(-c2ccccc2)cc1)n1cncn1,-4.8291997666484106,-4.664316681794236,0.1648830848541749,0.1648830848541749
CCC(=O)OCCC(C)C,-2.8700734910791006,-2.22408485912915,0.6459886319499506,0.6459886319499506
Nc1ccc(Cl)cc1O,-2.3906597053424443,-1.3284527240454724,1.0622069812969719,1.0622069812969719
O=C(c1ccccc1)n1ncc2c(=O)[nH]cnc21,-4.229999956850147,-3.867884833752618,0.3621151230975288,0.3621151230975288
O=C(O)/C=C\c1ccc2c(c1)OCO2,-3.8522999390145407,-2.7515723724854735,1.1007275665290672,1.1007275665290672
CNC(=O)O/N=C/C1(C)SCC(C)S1,-2.3698000086250675,-2.3947896776031907,-0.02498966897812327,0.02498966897812327
O=C(O)C(=O)O,-0.11416593077261128,-0.022136762953215428,0.09202916781939585,0.09202916781939585
OCCOCCOCCO,0.823405612644259,0.5969219449270091,-0.22648366771724993,0.22648366771724993
O=C(O)c1cccc(Cl)c1,-2.5415000011378424,-2.0523307945734244,0.489169206564418,0.489169206564418
C[Si]([O-])(O)O,0.8786635828266256,0.24641612740838204,-0.6322474554182436,0.6322474554182436
NC(CCCCNC(=O)OCC1c2ccccc2-c2ccccc21)C(=O)O,-2.999999938317362,-3.0124422363128738,-0.012442297995511886,0.012442297995511886
COC(=O)c1ccccc1N,-1.7338468756749361,-1.9585623496302993,-0.22471547395536318,0.22471547395536318
C=C(Br)C(=O)Nc1ccc(NNC2=C3C(=O)C=C(S(=O)(=O)[O-])C=C3C=CC2=NC)c(S(=O)(=O)[O-])c1,-1.9476530475378664,-0.8093520019431786,1.1383010455946878,1.1383010455946878
CCCCOC,-0.9906999031022727,-0.7731551342888365,0.2175447688134362,0.2175447688134362
Cc1ccc(Cl)cc1NC(=O)c1cc2ccccc2cc1O,-5.238559431472442,-5.638432506604074,-0.39987307513163195,0.39987307513163195
O=[N+]([O-])c1cccc(N=C=S)c1,-3.5499999516541445,-3.7213128131842375,-0.17131286153009295,0.17131286153009295
CCCCOP(=O)(O)OCCCC,-1.0872509706003046,-0.6734977711262125,0.41375319947409217,0.41375319947409217
CC(NC(=O)C(N)c1ccccc1)c1ccccc1,-1.6599998550051098,-1.9535716415435411,-0.2935717865384313,0.2935717865384313
N=C(N)NN=C1C=CC(=NNC(=N)N)c2ccccc21,-3.2899999334289776,-2.1000509080267586,1.189949025402219,1.189949025402219
CC(C)(C)Br,-2.3585998148146547,-2.4718943059403777,-0.11329449112572298,0.11329449112572298
CCCCO[N+](=O)[O-],-2.026799818551417,-1.8787909378244754,0.14800888072694152,0.14800888072694152
O=C(O)c1ccco1,-0.48019977594138785,-0.45396224015457065,0.0262375357868172,0.0262375357868172
c1ccc2sccc2c1,-3.0137998517703264,-3.28801835006045,-0.2742184982901237,0.2742184982901237
CNc1nc(Cl)nc(NC(C)C)n1,-2.889599973987476,-2.81374258378953,0.07585739019794602,0.07585739019794602
CN(C)c1ncc2nccnc2n1,0.3586002610369352,-1.330237964131046,-1.6888382251679812,1.6888382251679812
CC(C)(c1ccc(O)cc1)c1ccc(O)cc1,-4.238636990896441,-3.7159790392065952,0.5226579516898457,0.5226579516898457
Cc1ccc2nc(-c3ccc(N)cc3)sc2c1S(=O)(=O)O,-4.332499570193854,-2.8227014103288277,1.5097981598650265,1.5097981598650265
CCOC(=O)c1ccc(O)c(O)c1,-1.8556549357737706,-2.13069453891267,-0.2750396031388995,0.2750396031388995
COC(C)(C)C1CC=C(C)CC1,-3.2966136654724574,-3.688944259973491,-0.3923305945010336,0.3923305945010336
CN(C)c1nc(=O)n(C2CCCCC2)c(=O)n1C,-0.8833998517706139,-1.8153706771611715,-0.9319708253905576,0.9319708253905576
NC(=O)N1c2ccccc2C=Cc2ccccc21,-3.2899999334289776,-3.2858610929391068,0.0041388404898707876,0.0041388404898707876
Cc1cc(C)c(C)c(C)n1,-1.3068998216670644,-1.0377064864317185,0.26919333523534594,0.26919333523534594
O=C1NC(=O)C2(CCC2)C(=O)N1,-1.6599998550051098,-1.5324509795638306,0.12754887544127924,0.12754887544127924
CC(=O)Oc1ccc(Br)cc1C(=O)O,-2.589499860635976,-2.5290122922881357,0.06048756834784008,0.06048756834784008
CCCCCCCC/C=C\CCCCCCCC(=O)NC(CO)C(O)CCCCCCCCCCCCCCC,-6.451761885321129,-6.827154231207554,-0.375392345886425,0.375392345886425
CN(C)CCCN1c2ccccc2Sc2ccc(C(F)(F)F)cc21,-5.300000179170905,-5.327003488267971,-0.02700330909706672,0.02700330909706672
COCC(C)OCC(C)OCC(C)O,0.6855001638814358,0.17332646040714605,-0.5121737034742897,0.5121737034742897
CCCCCCCCCCCC(=O)OCC(COC(C)=O)OC(C)=O,-6.378367454897212,-5.177380106746151,1.2009873481510613,1.2009873481510613
CCC(=O)OC1CCC2(C)C(=CCC3C4CCC(=O)C4(C)CCC32)C1,-4.690000039527583,-4.894039565092763,-0.20403952556517968,0.20403952556517968
C#CCOC(=O)[C@@H](C)Oc1ccc(Oc2ncc(Cl)cc2F)cc1,-4.941699981906464,-5.201031984382122,-0.2593320024756576,0.2593320024756576
c1c[nH]cn1,0.9683907378002505,0.9265420821619914,-0.041848655638259125,0.041848655638259125
CCCC(CC)(CC)CO,-2.4189998050865484,-2.7906687801162464,-0.371668975029698,0.371668975029698
O=C1c2ccccc2C(=O)c2cc(O)ccc21,-5.3092998804238505,-4.577763317645388,0.7315365627784622,0.7315365627784622
CCOc1ccccc1/C=C\C(=O)O,-2.523399980001178,-2.4892316938790513,0.034168286122126634,0.034168286122126634
C[C@]12CCC(=O)C=C1CC[C@@H]1[C@@H]2CC[C@@]2(C)[C@H]1CCC2(O)C#CCO,-3.526033855751991,-4.649348767354791,-1.1233149116028,1.1233149116028
CC(CCO[N+](=O)O)O[N+](=O)O,-1.6599998550051098,-1.9954788205926777,-0.33547896558756785,0.33547896558756785
Cc1nn(C)c(OCC(=O)c2ccccc2)c1C(=O)c1ccc(Cl)cc1Cl,-2.6514000136591505,-5.092865124040303,-2.4414651103811527,2.4414651103811527
Clc1cc(-c2c(Cl)c(Cl)c(Cl)c(Cl)c2Cl)cc(Cl)c1Cl,-9.699701043518983,-9.798695049340393,-0.09899400582141027,0.09899400582141027
CN(C/C=C/C#CC(C)(C)C)Cc1cccc2ccccc12,-3.092203089059896,-3.2987834485361054,-0.20658035947620945,0.20658035947620945
CC(C)(C)c1ccc(CSc2cnn(C(C)(C)C)c(=O)c2Cl)cc1,-7.483000147846651,-6.767548137229321,0.7154520106173301,0.7154520106173301
CCC(C)(C)OOC1(OOC(C)(C)CC)CCCCC1,-5.460037415182933,-5.739522589117886,-0.27948517393495287,0.27948517393495287
CCCCCCCCOC(=O)CCCCC(=O)OCCCCCCCC,-5.676799847456627,-6.407574501678388,-0.7307746542217615,0.7307746542217615
Nc1ccc(S(=O)(=O)O)c2cc(S(=O)(=O)O)ccc12,-0.259199917455609,-1.007760443561308,-0.7485605261056989,0.7485605261056989
NNc1ccccc1,0.07000006585788832,-0.8100770573142566,-0.8800771231721449,0.8800771231721449
CCCCCCCCCCCCOP(=O)([O-])O,-3.784486005674263,-2.5227341036688116,1.2617519020054515,1.2617519020054515
CN1C(C(=O)Nc2ccccn2)=C(O)c2sccc2S1(=O)=O,-3.8800000769790897,-3.5914395645373713,0.2885605124417183,0.2885605124417183
COc1ncc2nccnc2n1,-1.1129998911170642,-0.9622819561795495,0.15071793493751473,0.15071793493751473
CC1C(N)CN1c1c(F)cc2c(=O)c(C(=O)O)cn(C3CC3)c2c1Cl,-4.480000097802258,-4.489104767027919,-0.009104669225660444,0.009104669225660444
O=c1c(O)c(-c2ccc(O)c(O)c2)oc2cc(O)cc(O)c12,-1.9899999113165987,-3.0440544279234634,-1.0540545166068647,1.0540545166068647
S=C=Nc1ccc(Br)cc1,-4.27000001805002,-4.2534895148370815,0.016510503212938232,0.016510503212938232
C=C(C)C(=O)OCCCCCCCCCCCCOC(=O)C(=C)C,-7.484220857860322,-6.459489183987493,1.0247316738728287,1.0247316738728287
CCOCOC1CCCCCCCCCCC1,-5.335320161850479,-4.145954127619702,1.189366034230777,1.189366034230777
C[C@]1(Cn2ccnn2)[C@H](C(=O)O)N2C(=O)C[C@H]2S1(=O)=O,-1.8384615444115064,-2.160040578794679,-0.32157903438317237,0.32157903438317237
Clc1ccccc1-c1cc(Cl)c(Cl)c(Cl)c1,-6.90689983198075,-7.211788307043697,-0.30488847506294725,0.30488847506294725
O=C(S)CCCCC(=O)S,-1.7325998025209886,-1.9393319570941603,-0.20673215457317173,0.20673215457317173
O=C([O-])COc1ccccc1,0.10859570322362577,-1.1123903642717037,-1.2209860674953295,1.2209860674953295
CC1(C(=O)O)NCCc2cc(O)c(O)cc21,-0.7499998774838454,-1.7858467205890203,-1.0358468431051748,1.0358468431051748
CNc1nc(NC(C)C)nc(OC)n1,-1.750899893667243,-2.6063917667147303,-0.8554918730474872,0.8554918730474872
CCC(Cl)(Cl)[N+](=O)[O-],-1.4995998842671738,-1.7577259456087926,-0.25812606134161875,0.25812606134161875
Cn1nc(S(N)(=O)=O)sc1=NS(=O)(=O)c1ccc(I)cc1,-2.7699999142320078,-2.3638445269270414,0.40615538730496636,0.40615538730496636
Cc1cc(Cl)cc2c1C(=O)/C(=C1/Sc3cc(Cl)cc(C)c3C1=O)S2,-7.931984302641791,-7.584815147704628,0.3471691549371627,0.3471691549371627
CC1=C(/C=C/C(C)=C/C=C/C(C)=C/C=C/C=C(C)/C=C/C=C(C)/C=C/C2=C(C)CCCC2(C)C)C(C)(C)CCC1,-7.553792218863315,-7.323890176632434,0.22990204223088107,0.22990204223088107
CCCCCCCCCCCCC,-7.593599732520326,-7.290963028507019,0.3026367040133078,0.3026367040133078
O=[N+]([O-])c1cc(-c2ccccc2)ccc1O,-4.410099956693818,-3.8215146235030035,0.5885853331908146,0.5885853331908146
CC1(C)CN=C(NN=C(/C=C/c2ccc(C(F)(F)F)cc2)/C=C/c2ccc(C(F)(F)F)cc2)NC1,-7.915999681965269,-7.13498571609767,0.781013965867599,0.781013965867599
CC(O)CN(CC(C)O)CC(C)O,0.41732132645256614,0.16466168295144978,-0.25265964350111636,0.25265964350111636
CCCCCCCCC(C)C(CC)CCCCCCC,-6.752134395862676,-7.259007313791399,-0.5068729179287228,0.5068729179287228
O=C1C[C@@H]2OCC=C3CN4CC[C@]56c7ccccc7N1[C@H]5[C@H]2[C@H]3C[C@H]46,-3.32019991131156,-3.0984836586434596,0.22171625266810047,0.22171625266810047
CC1=CC(=O)CC(C)(C)C1,-1.0613580880138644,-2.4126356602074983,-1.3512775721936339,1.3512775721936339
Clc1ccc(Oc2ccc(Cl)c(Cl)c2)cc1Cl,-6.979999989027332,-7.140968906698371,-0.16096891767103827,0.16096891767103827
NCCCCCC(=O)O,0.5854000103836858,-0.39093114637090753,-0.9763311567545934,0.9763311567545934
CCCCCCC(CO[N+](=O)O)O[N+](=O)O,-4.329999902809462,-4.121727229866482,0.20827267294297958,0.20827267294297958
CC(=O)C(N=Nc1ccc([N+](=O)[O-])cc1)C(=O)Nc1ccc2[nH]c(=O)[nH]c2c1,-7.525540870423914,-7.145287768788798,0.38025310163511605,0.38025310163511605
CCCC(=O)OCSc1ncnc2[nH]cnc12,-2.6899999816192657,-2.83221222374436,-0.14221224212509442,0.14221224212509442
CCc1c(C)c(CN)nc2ccccc12,-1.4799999246729612,-2.2748245873460604,-0.7948246626730993,0.7948246626730993
O=c1[nH]c2cncnc2[nH]1,-1.5140998874734275,-2.40004512130802,-0.8859452338345926,0.8859452338345926
Clc1c(Cl)c(Cl)c(Oc2ccccc2)c(Cl)c1Cl,-7.939999801501342,-8.600354229208568,-0.660354427707226,0.660354427707226
CC12CCC(C(=NO)C1=NO)C2(C)C,-2.519999894053445,-2.961837990137211,-0.441838096083766,0.441838096083766
NCCc1ccc(O)c([N+](=O)[O-])c1,-1.3398998480022504,-2.109055852808177,-0.7691560048059267,0.7691560048059267
C1CCNC1,1.1500001999584293,1.1230719775017337,-0.026928222456695572,0.026928222456695572
O=C(O)CCC(=O)c1ccc2ccccc2c1,-3.853300082022123,-3.362028449527331,0.4912716324947919,0.4912716324947919
CCCCCCCCCC(C)(C)SSc1n[nH]c(=S)s1,-3.9885639717345587,-4.789906817320997,-0.8013428455864382,0.8013428455864382
O=C(O)c1cccc(O)c1,-1.2399998335275466,-1.2800621448649327,-0.040062311337386136,0.040062311337386136
CCC(C)OP(=S)([S-])OC(C)CC,-2.422143126470404,-1.7959414568576544,0.6262016696127497,0.6262016696127497
CN(C)C(=O)Nc1cc(C(C)(C)C)on1,-2.427199983954952,-2.472149483194762,-0.04494949923980984,0.04494949923980984
OCC1(O)OCC(O)C(O)C1O,0.6400004203551606,0.5307206490182916,-0.10927977133686895,0.10927977133686895
CCS(=O)(=O)CC,0.04330013991437731,-0.6870970107018448,-0.7303971506162221,0.7303971506162221
C1CCSC1,-1.1819172806088896,-0.7703679568458188,0.41154932376307074,0.41154932376307074
CCCN1C(=O)CCC(N2C(=O)c3ccccc3C2=O)C1=O,-3.7200000392199657,-2.918431045164167,0.8015689940557986,0.8015689940557986
COC(OC)C(C)(C)CC=C(C)C,-3.339761464917385,-3.302442024384121,0.03731944053326375,0.03731944053326375
C[C@]12C=CC(=O)C=C1CC[C@@H]1[C@@H]2[C@@H](O)C[C@@]2(C)[C@H]1CC[C@]2(O)C(=O)CO,-3.178447203911408,-3.7427020156444843,-0.5642548117330763,0.5642548117330763
Cc1cc(Nc2nc(NCCO)nc(Nc3ccc(N=Nc4cc(S(=O)(=O)[O-])c5cccc(S(=O)(=O)[O-])c5c4)c(C)c3)n2)ccc1N=Nc1cc(S(=O)(=O)[O-])c2cccc(S(=O)(=O)[O-])c2c1,-1.1748733531860442,-0.19628034941720207,0.9785930037688422,0.9785930037688422
CC(O)C(=O)NCCCCCCNC(=O)C(C)O,-0.6999999045041885,-0.5282229274809969,0.1717769770231916,0.1717769770231916
COc1cc(OC)nc(NC(=O)NS(=O)(=O)c2c(-c3nnn(C)n3)cnn2C)n1,-2.606599980312155,-2.9474496852098544,-0.3408497048976993,0.3408497048976993
COc1ccc(CC2NC(=O)N(C(C)C(=O)O)C2=O)cc1,-0.859999735222944,-1.661670946834091,-0.8016712116111469,0.8016712116111469
Clc1ccc(Oc2c(Cl)cccc2Cl)cc1,-5.909999904733487,-6.309250754543815,-0.3992508498103273,0.3992508498103273
[S-]c1nc2ccccc2s1,-4.285895887421837,-3.736853470296876,0.5490424171249613,0.5490424171249613
Cc1ccc(C(=O)O)c(O)c1,-1.1822689731818015,-1.8965554845504402,-0.7142865113686387,0.7142865113686387
O=C([O-])[C@H](O)[C@H](O)[C@@H](O)[C@H](O)[C@H](O)CO,0.31707044756642544,-0.06595313025530203,-0.38302357782172747,0.38302357782172747
CC(=O)OC/C=C/c1ccccc1,-2.792724544323532,-3.0157629222792224,-0.2230383779556906,0.2230383779556906
CNc1nc(NC(C)C)nc(SC)n1,-2.5655998451181556,-3.1214327032412563,-0.5558328581231007,0.5558328581231007
CC(=O)CC(C)(C)O,0.9349004398720577,0.6252740530124958,-0.3096263868595619,0.3096263868595619
CCN(CC)c1ccc(N=Nc2c(Br)cc([N+](=O)[O-])cc2[N+](=O)[O-])c(NC(C)=O)c1,-7.379569404951585,-6.762889728934276,0.6166796760173092,0.6166796760173092
CC(CCC(=O)O)NC(=O)c1ccccc1,-1.6916998058519688,-1.482664258163902,0.20903554768806676,0.20903554768806676
Nc1c2ccccc2nc2cc(F)ccc12,-2.119999799655634,-1.7206470859839218,0.3993527136717123,0.3993527136717123
O=C(C=CC=Cc1ccc2c(c1)OCO2)N1CCCCC1,-3.4599999864880706,-3.6805261366103355,-0.22052615012226484,0.22052615012226484
CCCS[S+]([O-])CCC,-0.9198998265246869,-1.3035479761252313,-0.3836481496005444,0.3836481496005444
CC(C)C(N)C(=O)O,-0.19709967716948018,-0.37520242759006184,-0.17810275042058166,0.17810275042058166
Clc1cccc(-c2cc(Cl)ccc2Cl)c1,-6.00770004627763,-6.132675133882533,-0.12497508760490295,0.12497508760490295
CC1(C)NC(=O)NC1=O,0.03847416694762318,-0.8110520794237734,-0.8495262463713966,0.8495262463713966
COc1ccc(C(CN(C)C)C2(O)CCCCC2)cc1,0.2567190082609847,-2.5145694322236345,-2.771288440484619,2.771288440484619
CCN1CCCCC1,-1.2757102943424299,0.2346921214652382,1.510402415807668,1.510402415807668
CCCCCc1ccccc1,-4.643400221509116,-4.7614169583768895,-0.11801673686777381,0.11801673686777381
CC(C)N(CCO)C(C)C,-1.0828999482392765,-0.4132895738103488,0.6696103744289277,0.6696103744289277
O=C(O)c1cccc(C(=O)O)c1[N+](=O)[O-],-1.9900999118146658,-1.6922044322438705,0.2978954795707953,0.2978954795707953
CC1=CCC(=O)O1,-0.29299967172150554,-0.04413328382822401,0.24886638789328153,0.24886638789328153
CC(=O)C(O)c1ccccc1,-1.1766032444797272,-1.0543399716236466,0.12226327285608063,0.12226327285608063
CCN(c1ccccc1)c1nc(Cl)nc(Nc2cc(S(=O)(=O)[O-])cc3c2C(=O)/C(=N/Nc2ccc(C)cc2S(=O)(=O)[O-])C(S(=O)(=O)[O-])=C3)n1,-0.8004342211569697,-0.821485395708637,-0.021051174551667273,0.021051174551667273
CN(C)C(N)=O,0.21243196918745788,0.4386329577880188,0.22620098860056093,0.22620098860056093
C[C@H]1O[C@@H](O[C@H]2[C@@H](O)C[C@H](O[C@H]3[C@@H](O)C[C@H](O[C@H]4CC[C@@]5(C)[C@H](CC[C@@H]6[C@@H]5CC[C@]5(C)[C@@H](C7=CC(=O)OC7)CC[C@]65O)C4)O[C@@H]3C)O[C@@H]2C)C[C@H](O)[C@@H]1O,-5.292600280340862,-4.246090444168513,1.0465098361723486,1.0465098361723486
C[N+](C)=CCC(O)CC(N)=O,0.5931295174806492,0.2172535252930139,-0.37587599218763534,0.37587599218763534
OC(CCl)CCl,-0.11499988937760852,-0.5719862924487042,-0.4569864030710957,0.4569864030710957
Nc1ncccc1O,-0.3461058023388426,-0.6433528314749672,-0.29724702913612466,0.29724702913612466
Cc1ccc(C(=O)c2cc(O)c(O)c([N+](=O)[O-])c2)cc1,-4.170000072090706,-3.9115411588497238,0.258458913240982,0.258458913240982
Fc1cccc(Cl)c1,-2.345699923097657,-2.646899973992773,-0.3012000508951158,0.3012000508951158
CC(C)C1(NC(=O)C2CC3c4cccc5[nH]cc(c45)CC3N(C)C2)OC2(O)C3CCCN3C(=O)C(Cc3ccccc3)N2C1=O,-5.270000029750815,-3.6463299690518944,1.6236700606989203,1.6236700606989203
Nc1ccc(S(=O)(=O)Nc2cnccn2)cc1,-3.700000008620029,-2.621622208341647,1.078377800278382,1.078377800278382
C[Si](C)(C)O[Si](C)(C)O[Si](C)(C)O[Si](C)(C)O[Si](C)(C)O[Si](C)(C)C,-5.661813713464738,-6.965787633906617,-1.3039739204418783,1.3039739204418783
CC(C[N+](C)(C)C)OC(N)=O,0.5021002166150104,0.018096977809428427,-0.48400323880558194,0.48400323880558194
CSC(=O)c1c(C(F)F)nc(C(F)(F)F)c(C(=O)SC)c1CC(C)C,-5.45749992842453,-5.152496062862777,0.3050038655617522,0.3050038655617522
CCN(CC)C(=O)/C(C#N)=C\c1cc(O)c(O)c([N+](=O)[O-])c1,-4.2600002442971485,-3.5898443875102353,0.6701558567869133,0.6701558567869133
CCCCC(CC)COC(=O)c1ccc(N)cc1,-5.054393848922679,-5.0011249845755685,0.05326886434711042,0.05326886434711042
Cc1ccc(N2C(=O)c3cccc4c(N)ccc(c34)C2=O)c(C)c1,-4.891655426234087,-5.968435530494181,-1.0767801042600942,1.0767801042600942
CCCCCCCCN(CCCCCCCC)CCCCCCCC,-6.849599891655661,-6.462188714341107,0.38741117731455343,0.38741117731455343
Cn1cc(C(N)=O)c(Nc2ccc(Br)cc2F)c(F)c1=O,-4.139999922670617,-3.7864386724046337,0.35356125026598306,0.35356125026598306
CC(C)(C)C(=O)OCn1ncc2c(=O)[nH]cnc21,-2.6799999835726616,-3.1593717465844895,-0.47937176301182793,0.47937176301182793
CNC(=O)O/N=C(\C)C(C)S(C)(=O)=O,-0.026699932678672766,-0.903177175947319,-0.8764772432686463,0.8764772432686463
CCCCCCOC(=O)c1ccc(O)c(I)c1,-4.429999848768776,-4.205549593525677,0.2244502552430987,0.2244502552430987
CC(Cl)Cl,-1.2912998819955306,-1.2874751562516582,0.0038247257438723814,0.0038247257438723814
N=C(N)NCCCC(N)C(=O)O,2.6931866292656537e-07,-0.6268740744518912,-0.6268743437705542,0.6268743437705542
Clc1cc(Cl)c2c(Cl)ccc(Cl)c2c1,-7.510000696405468,-7.920352498676159,-0.4103518022706911,0.4103518022706911
O=C(CCl)NC(=O)CCl,-2.2304000044542813,-1.099334812704195,1.1310651917500862,1.1310651917500862
CC(Oc1ccc(Oc2cnc3cc(Cl)ccc3n2)cc1)C(=O)OCC1CCCO1,-5.03030014713997,-5.205850227841779,-0.1755500807018091,0.1755500807018091
Cc1ccc2nc3sc(=O)sc3nc2c1,-5.369800112740908,-4.511631587300544,0.8581685254403641,0.8581685254403641
COc1cc(C(=O)O)ccc1O,-2.0495997940837722,-2.0561594540843013,-0.0065596600005290995,0.0065596600005290995
O=[N+]([O-])c1cccc(O)c1,-1.0699999530020943,-1.6968940346211283,-0.626894081619034,0.626894081619034
Nc1ccc(S(=O)(=O)c2ccc(Cl)cc2)cc1,-4.126699925441166,-4.144564334638286,-0.017864409197120068,0.017864409197120068
CCCCCCC(=O)N(C)c1ccc(S(=O)(=O)N(C)C)cc1,-3.6800000470335483,-3.372873086011283,0.3071269610222651,0.3071269610222651
CC(=O)OC1C2(C)CCC(C2)C1(C)C,-3.8745968064510317,-3.9662427425480216,-0.0916459360969899,0.0916459360969899
O=C(O)COc1ccc([N+](=O)[O-])cc1[N+](=O)[O-],-1.9368999228968657,-2.362900560872825,-0.4260006379759591,0.4260006379759591
CC(C)I,-2.084299966913009,-2.1001277200035346,-0.015827753090525754,0.015827753090525754
NC(CSSCC(N)C(=O)O)C(=O)O,-3.309999895015458,-1.902251717200165,1.4077481778152932,1.4077481778152932
O=C(O)C1=CC(=NNc2ccccc2[N+](=O)[O-])C=CC1=O,-2.0099998729030792,-3.7850614398722495,-1.7750615669691703,1.7750615669691703
Cc1ccc(S(C)(=O)=O)cc1[N+](=O)[O-],-2.7647010610632146,-3.0211297968358055,-0.25642873577259095,0.25642873577259095
COc1cc(Cl)c(Cl)cc1OC,-3.458800049524723,-3.9883165584939997,-0.5295165089692766,0.5295165089692766
C1CN2CCN1CC2,0.6033001685511286,0.6280290701849136,0.02472890163378505,0.02472890163378505
CN(C)c1ccc([C+](c2ccc(N(C)C)cc2)c2ccc(N(C)C)cc2)cc1,-2.008588409696409,-0.9583897352754911,1.0501986744209177,1.0501986744209177
NC(=O)C[NH+](CC(=O)[O-])CC(=O)[O-],-1.7635817373693046,-0.7320792913333607,1.0315024460359439,1.0315024460359439
ONc1ccccc1,-0.43589976233809136,-0.7660801508106907,-0.33018038847259934,0.33018038847259934
NC(=Nc1ccccc1)Nc1ccccc1,-2.1575164116333267,-2.698362652670346,-0.5408462410370194,0.5408462410370194
C=CCCCCCCCCC=O,-3.8931860639788596,-3.7942757714798483,0.09891029249901129,0.09891029249901129
Nc1ccc(S(=O)(=O)Nc2ccccc2C(=O)O)cc1,-0.7999998504635029,-3.1084643846824136,-2.3084645342189107,2.3084645342189107
CC(C(=O)O)C(=O)O,0.7597003954202108,0.415234635590211,-0.34446575982999983,0.34446575982999983
CCOC(=O)C(=O)C(=O)OCC,0.5117002644294391,-0.3857647990380624,-0.8974650634675014,0.8974650634675014
O=C(Oc1cc([N+](=O)[O-])c(Cl)cc1Cl)Oc1cc([N+](=O)[O-])c(Cl)cc1Cl,-6.812907921466376,-6.381653323574897,0.43125459789147946,0.43125459789147946
COP(=S)(OC)Oc1nc(Cl)c(Cl)cc1Cl,-4.830999913640529,-5.589431848470524,-0.7584319348299955,0.7584319348299955
O=C([O-])CO,1.700916401433299,0.6180693242366515,-1.0828470771966474,1.0828470771966474
CCCCC1(CCO)C(=O)NC(=S)NC1=O,-2.16999997967566,-2.470355754454073,-0.30035577477841313,0.30035577477841313
OCCN(CCO)CCO,0.5390166185639327,0.39024983206075126,-0.14876678650318143,0.14876678650318143
CCC1(c2ccccc2)CCC(=O)NC1=O,-2.337399881758099,-2.258888828196546,0.07851105356155319,0.07851105356155319
NS(=O)(=O)c1ccccc1-c1nc2ccccc2c(=O)[nH]1,-3.079999870930104,-2.8179902239931365,0.2620096469369675,0.2620096469369675
CCCCCCCCCCCCOC(=O)C(C)O,-4.634144826895064,-4.592145997976063,0.04199882891900053,0.04199882891900053
O=C1OC(=O)c2ccc3c4ccc5c6c(ccc(c7ccc1c2c73)c64)C(=O)OC5=O,-5.59364277351542,-5.598177785750739,-0.004535012235319158,0.004535012235319158
ClCc1ccc(-c2ccc(CCl)cc2)cc1,-10.098913521847651,-7.3628998947355075,2.7360136271121434,2.7360136271121434
CCCCCCCCCCCCN=C(N)N,-2.659199879974733,-2.587001539013979,0.07219834096075406,0.07219834096075406
Cc1ncc2nc(C)c(C)nc2n1,-1.144199770460132,-0.7681275040029991,0.376072266457133,0.376072266457133
CCCOP(=O)(OC)OCCC,-0.6591998393197795,-0.274340089481786,0.38485974983799354,0.38485974983799354
Cc1ccc(Cl)cc1Cl,-3.8089694954577196,-3.8789149093934414,-0.06994541393572185,0.06994541393572185
C=CC(=O)OCCCCCCCCCCCC,-4.380910853411261,-5.867878507916235,-1.4869676545049746,1.4869676545049746
FC(F)(F)c1ccc(Cl)c(Cl)c1,-3.2679824324632776,-5.094211576571212,-1.8262291441079341,1.8262291441079341
Cc1c(C(C)C)c(=O)n(-c2ccccc2)n1C,-1.9099998579303086,-2.0441616027468648,-0.13416174481655618,0.13416174481655618
COc1ccc(CO)cc1,-0.744726973374592,-1.1247945668393806,-0.3800675934647886,0.3800675934647886
CCCCC(CC)COC(=O)c1ccc(Nc2nc(Nc3ccc(C(=O)OCC(CC)CCCC)cc3)nc(Nc3ccc(C(=O)OCC(CC)CCCC)cc3)n2)cc1,-8.216478749283226,-7.653315695920867,0.5631630533623593,0.5631630533623593
CC1=NN(c2ccc(S(=O)(=O)[O-])cc2)C(=O)C1N=Nc1ccc(C)c(S(=O)(=O)Nc2ccccc2)c1,-0.8725521786945878,-2.173186468976383,-1.3006342902817951,1.3006342902817951
CSc1cc(O)cc(O)c1,-1.795699840747418,-1.0341509131671154,0.7615489275803027,0.7615489275803027
CCCC(N)=O,0.27210017527629216,-0.5980869055383753,-0.8701870808146674,0.8701870808146674
O=C(O)c1cccc([N+](=O)[O-])c1,-1.745907046163342,-1.9700662716615485,-0.22415922549820655,0.22415922549820655
C#CC1(O)CCC2C3CCC4=CC(=O)CCC4C3CCC21C,-4.630000154768142,-5.145623288811365,-0.5156231340432225,0.5156231340432225
CC1CC(NC(N)=O)NC(=O)N1,-1.5314233692006718,-0.6338057859949182,0.8976175832057536,0.8976175832057536
COc1ccc(N=NC(C(C)=O)C(=O)Nc2ccccc2OC)c([N+](=O)[O-])c1,-8.308243457538374,-7.268276925177432,1.0399665323609426,1.0399665323609426
NS(=O)(=O)c1ccc(S(N)(=O)=O)cc1,-2.5282999698997313,-1.3145581068772059,1.2137418630225254,1.2137418630225254
O=[N+]([O-])c1cc(CCO)ccc1O,-1.155599827239766,-2.2239347548618653,-1.0683349276220993,1.0683349276220993
O=S(=O)(O)c1cc(Nc2nc(Nc3ccccc3)nc(N(CCO)CCO)n2)ccc1/C=C/c1ccc(Nc2nc(Nc3ccccc3)nc(N(CCO)CCO)n2)cc1S(=O)(=O)O,-1.0592791266586061,-2.2855033154812525,-1.2262241888226464,1.2262241888226464
Clc1cc(Cl)c(-c2cccc(Cl)c2Cl)c(Cl)c1,-7.3998999409933734,-7.618720630585457,-0.2188206895920839,0.2188206895920839
COC(=O)c1ccc(-c2cc(C(=O)OC)ccc2C(=O)OC)cc1,-6.7316782553305625,-3.989607179138824,2.7420710761917384,2.7420710761917384
COC(=O)c1cccc(C)c1S(=O)(=O)NC(=O)Nc1nc(OCC(F)(F)F)nc(N(C)C)n1,-5.69000018925529,-4.734681145436143,0.9553190438191468,0.9553190438191468
c1ccc2c(NCCCN3CCOCC3)cccc2c1,-2.7028033062576435,-3.1123830722469337,-0.40957976598929013,0.40957976598929013
CC(=O)OCC(=O)C1(O)C(OC(C)=O)CC2C3CCC4=CC(=O)C=CC4(C)C3(F)C(O)CC21C,-4.130000148917745,-4.599857009466759,-0.4698568605490143,0.4698568605490143
O=P(OC(CCl)CCl)(OC(CCl)CCl)OC(CCl)CCl,-4.376705173389038,-4.197933958631482,0.17877121475755597,0.17877121475755597
O=C(O)c1c[nH]c(=O)[nH]c1=O,-1.938099859860213,-1.988516191021263,-0.05041633116104993,0.05041633116104993
N#Cc1ccc(C(=O)O)cc1,-2.088499918818365,-2.2806098473543126,-0.19210992853594755,0.19210992853594755
O=C(O)O,-2.217340864187049,-1.1373031177528665,1.0800377464341826,1.0800377464341826
Clc1ccc(-c2cc(Cl)c(Cl)c(Cl)c2Cl)c(Cl)c1Cl,-8.056599968166685,-9.247809765893912,-1.1912097977272271,1.1912097977272271
O=C(O)CSC(CC(=O)O)c1ccccc1,-1.5499998592390989,-1.6274597343421935,-0.0774598751030946,0.0774598751030946
CC(=O)n1c(=O)[nH]cc(F)c1=O,-0.5999999585448736,-1.1757215285630236,-0.5757215700181499,0.5757215700181499
O=C(Nc1ccc(Cc2ccc(NC(=O)NC3CCCCC3)cc2)cc1)NC1CCCCC1,-5.1426673044544255,-5.279577993259252,-0.13691068880482682,0.13691068880482682
CC(=O)c1cc(Nc2nc(Nc3cc(C(C)=O)c(N)c4c3C(=O)c3ccccc3C4=O)nc(-c3ccccc3)n2)c2c(c1N)C(=O)c1ccccc1C2=O,-4.950431840441609,-6.6648867563442264,-1.7144549159026177,1.7144549159026177
CCc1ccc(C(c2ccc(CC)cc2)C(Cl)Cl)cc1,-7.04000028786751,-7.350535167864791,-0.3105348799972809,0.3105348799972809
C/C=C\C(=O)O[C@@H]1C[C@H]2O[C@@H]3C=C(C)C(=O)C[C@]3(C)[C@]1(C)[C@@]21CO1,-2.919599947638919,-3.8891274516318477,-0.9695275039929285,0.9695275039929285
Cc1cc(=O)[nH]c(=O)[nH]1,-1.2556998427106036,-1.5060144089692664,-0.2503145662586628,0.2503145662586628
N#Cc1cccc(N)c1,-1.169299826461484,-1.2425944634277022,-0.07329463696621819,0.07329463696621819
O=C(O)c1ccc2ncccc2c1,-0.04559968174604778,-2.6226709713291383,-2.5770712895830905,2.5770712895830905
CCOC(=O)C(C)(C(=O)NC(=O)NC)C1=CCCCC1,-2.999999938317362,-2.5036875974867785,0.4963123408305834,0.4963123408305834
CC(Br)C(=O)NCC(=O)NCC(=O)O,-0.9641998401279834,-0.4911856139567723,0.47301422617121114,0.47301422617121114
CCCCCCCCCCCCCCCCOc1ccccc1C(=O)CC(=O)Nc1nc(-c2ccccc2)cs1,-4.847279635855858,-6.593217110218232,-1.745937474362374,1.745937474362374
O=C(CBr)Nc1ccc(Cl)cc1C(=O)c1ccccc1Cl,-6.888808368512658,-5.663853751230688,1.2249546172819699,1.2249546172819699
CCOC(=O)N(CC)CC,-1.065099859583357,-0.4060354313998489,0.6590644281835081,0.6590644281835081
CC(C)c1ccc(NC(=O)N(C)C)cc1,-3.4999999786744875,-2.76796758009311,0.7320323985813775,0.7320323985813775
CCCCCCCCCc1ccccc1O,-1.4630692675385375,-4.582216065840889,-3.1191467983023515,3.1191467983023515
O=C1C(Cl)=C(Cl)C(=O)N1c1ccc(F)cc1,-4.644199811412914,-5.462992295324572,-0.8187924839116576,0.8187924839116576
CC(=O)N[C@H](CC(C)C)C(=O)O,-1.3300999372186002,-0.8305776425121776,0.4995222947064226,0.4995222947064226
NCCCCCCCCCCC(=O)O,-2.4007753526883144,-2.1749196039025085,0.22585574878580594,0.22585574878580594
C[C@@H](Oc1ccc(Cl)cc1Cl)C(=O)O,-2.600299983440664,-2.8129933737087747,-0.21269339026811052,0.21269339026811052
ClC(Cl)C(Cl)C(Cl)Cl,-2.722299987214619,-2.4615899067917386,0.26071008042288035,0.26071008042288035
NC(Cc1cc(I)c(O)c(I)c1)C(=O)O,-2.85999982763799,-2.643894645014635,0.21610518262335487,0.21610518262335487
CCCCC(=O)OCC(CO)(CO)COCC(CO)(CO)CO,-6.830456939168556,-2.077062111678177,4.753394827490379,4.753394827490379
Nc1nc2[nH]cnc2c(=S)[nH]1,-3.309999895015458,-3.271842562110192,0.03815733290526602,0.03815733290526602
O=C1c2ccccc2C(=O)C1c1ccc2ccccc2n1,-4.701186154592927,-5.570252732932359,-0.8690665783394325,0.8690665783394325
O=c1[nH]c2cc(N=Cc3c([O-])ccc4ccccc34)c(N=Cc3c([O-])ccc4ccccc34)cc2[nH]1,-7.626694169263626,-6.744227386156307,0.8824667831073185,0.8824667831073185
COc1ccccc1C(N)=O,-1.7814998390353654,-1.3775392349185636,0.4039606041168018,0.4039606041168018
O=c1cc[nH]c(=O)[nH]1,-1.4799999246729612,-0.86051926852139,0.6194806561515711,0.6194806561515711
CCOC(=O)CC#N,-0.3276121284478828,-0.34678296237130146,-0.019170833923418673,0.019170833923418673
CCCOCCC,-1.3191999519427573,-1.3063960234366374,0.012803928506119888,0.012803928506119888
CC(C)OC(=O)C1(S(=O)(=O)c2ccc([N+](=O)[O-])cc2)CCCCC1,-4.879600017674161,-4.206406050517403,0.6731939671567577,0.6731939671567577
CC(C)C(=O)OC(=O)C(C)C,0.5917903803761,-1.0117127061722804,-1.6035030865483804,1.6035030865483804
O=C(O)C1CCC(C(=O)O)CC1,-0.8723705352778093,-0.9584136139313442,-0.08604307865353489,0.08604307865353489
CC12C(=O)OC(=O)C1(C)C1CCC2O1,-3.819999916165824,-3.5910507427250113,0.22894917344081245,0.22894917344081245
CNC(=O)Oc1ccc(N(C)C)c(C)c1,-2.3571998078417176,-1.998009820086196,0.3591899877555216,0.3591899877555216
CCCCCCCCCCCCCCCC(=O)O[C@@H]1C[C@@H](C(=O)O)N(C(=O)CCCCCCCCCCCCCCC)C1,-5.783876157163212,-6.483778331878225,-0.6999021747150138,0.6999021747150138
CCCCC1C(=O)N(c2ccccc2)N(c2ccccc2)C1=O,-3.812400085353103,-4.194291704465862,-0.38189161911275926,0.38189161911275926
C1CCCC1,-2.640000025892973,-4.556075148892784,-1.9160751229998114,1.9160751229998114
S=P(N1CC1)(N1CC1)N1CC1,0.0018001402569560732,-0.2790070554454025,-0.28080719570235857,0.28080719570235857
CCCCCC(=O)OC,-1.8699998657438914,-1.9074093688375262,-0.03740950309363478,0.03740950309363478
CC1C(C=O)CC2CC1C2(C)C,-3.5580403643713923,-3.7449917440950475,-0.18695137972365528,0.18695137972365528
O=C(O)COc1cc(Cl)c(Cl)cc1Cl,-2.9799999594775173,-2.975932711821796,0.004067247655721307,0.004067247655721307
CCCC(CC)CCCCCCCN,-3.697625876712505,-3.5427940496495443,0.15483182706296095,0.15483182706296095
c1ccc2c(c1)C1=NC2=Nc2[n-]c(c3ccccc23)N=C2N=C(N=c3[n-]c(c4ccccc34)=N1)c1ccccc12,-8.158424629908533,-7.922868453236221,0.23555617667231132,0.23555617667231132
O=[N+]([O-])OCC(CO[N+](=O)[O-])(CO[N+](=O)[O-])CO[N+](=O)[O-],-3.866400009241983,-3.3794728428298777,0.4869271664121051,0.4869271664121051
Clc1cc(Oc2c(Cl)c(Cl)c(Cl)c(Cl)c2Cl)c(Cl)c(Cl)c1Cl,-10.550000930734639,-10.672722314913127,-0.12272138417848844,0.12272138417848844
CCCCOC(=O)[C@@H](C)Oc1ccc(Oc2ccc(C(F)(F)F)cn2)cc1,-5.2825999544803395,-5.773118615661012,-0.49051866118067267,0.49051866118067267
CN1C2CCC1CC(OC(=O)C(COS(=O)(=O)O)c1ccccc1)C2,-1.5674998773873614,-0.9482940328184697,0.6192058445688917,0.6192058445688917
CC(C)(COCc1cccc(Oc2ccccc2)c1)c1ccc(OC(F)(F)Br)cc1,-9.979900644752757,-7.760553221061189,2.219347423691568,2.219347423691568
Clc1ccc(-c2c(Cl)c(Cl)cc(Cl)c2Cl)cc1,-7.880000606876463,-7.9491410478588005,-0.06914044098233774,0.06914044098233774
COP(=S)(OC)Oc1ccc(Sc2ccc(OP(=S)(OC)OC)cc2)cc1,-6.237500224647127,-5.350113610272592,0.8873866143745355,0.8873866143745355
COc1ccc([C@@H]2Sc3ccccc3N(CCN(C)C)C(=O)[C@@H]2OC(C)=O)cc1,-3.1600000278365785,-3.6123931540619396,-0.4523931262253611,0.4523931262253611
CCC1(CC)C(=O)NC(=O)N=C1N,-1.3966998548504612,-1.8273704608753825,-0.43067060602492124,0.43067060602492124
NC(=O)NC1NC(=O)NC1=O,-1.5087824006714539,-0.9652547798198066,0.5435276208516473,0.5435276208516473
CC(=O)NS(=O)(=O)c1ccc(NC(=O)c2ccccc2C(=O)O)cc1,-2.519999894053445,-2.9530090469225247,-0.4330091528690798,0.4330091528690798
CC(N)=O,1.5808001372003129,0.6017341152025186,-0.9790660219977942,0.9790660219977942
O=C1CN(/N=C/c2ccc([N+](=O)[O-])o2)C(=O)N1CO,-2.9100000222155415,-3.0068214008640726,-0.09682137864853102,0.09682137864853102
C[NH+](C)C(CSC(N)=O)CSC(N)=O,-0.1363998579370267,-0.8741341051381286,-0.7377342472011019,0.7377342472011019
CN(C)CC/C=C1\c2ccccc2COc2ccccc21,-3.9468998580782393,-3.958183144089944,-0.011283286011704696,0.011283286011704696
C=CCBr,-1.499499952782563,-1.5097089753347024,-0.010209022552139402,0.010209022552139402
ClCCCBr,-1.9401513538598945,-1.5796285782377966,0.3605227756220979,0.3605227756220979
Cc1cc(C)nc(Nc2ccccc2)n1,-3.216599878408379,-2.865867688126659,0.35073219028172,0.35073219028172
COc1cc2c(c3c1c(=O)c1ccccc1n3C)C=CC(C)(C)O2,-5.2100001449913735,-5.337970002515613,-0.1279698575242394,0.1279698575242394
COc1ccccc1,-1.8499999041574111,-2.108082694061978,-0.258082789904567,0.258082789904567
CC(=O)OC1=CCC2C3CCC(C3)C12,-3.0097264619170008,-3.580150343368431,-0.5704238814514304,0.5704238814514304
Nc1c(S(=O)(=O)[O-])cc(Br)c2c1C(=O)c1ccccc1C2=O,-1.3055372199873998,-1.4475271611433183,-0.14198994115591845,0.14198994115591845
